cinema_id,title,source,movie_id,movie_code,genre,duration,age_rating,format,show_date,id,created_at
79426251-d44c-41d0-bb70-a4233902536f,SALMOKJI: WHISPERING WATER,21cineplex,,26SWWR,Horror,95 menit,D17+,2D,2026-05-17,fa859882-4926-47f4-b33c-d98b7d47eaf4,2026-05-17T14:27:06.467977
79426251-d44c-41d0-bb70-a4233902536f,GHOST IN THE CELL,21cineplex,,16GITC,"Comedy, Horror",106 menit,D17+,2D,2026-05-17,759fd748-c15b-4669-8a6b-df2fee2982e0,2026-05-17T14:27:06.468193
79426251-d44c-41d0-bb70-a4233902536f,SEMUA AKAN BAIK-BAIK SAJA,21cineplex,,16SABB,Drama,113 menit,13+,2D,2026-05-17,e9a91988-436f-44ee-a398-36b3550604a6,2026-05-17T14:27:06.468365
79426251-d44c-41d0-bb70-a4233902536f,CHILDREN OF HEAVEN,21cineplex,,16COHN,"Drama, Family",97 menit,SU,2D,2026-05-27,3325facf-35d1-475c-a689-95bb024ebbe8,2026-05-17T14:27:06.468565
d2013ccf-bd08-444f-8d9d-2915a982b7e9,IN THE GREY,21cineplex,,26ITGY,"Action, Thriller",97 menit,13+,2D,2026-05-17,2ead74fb-a255-4c5a-ac6b-49eeb688fc1f,2026-05-17T14:27:06.468935
d2013ccf-bd08-444f-8d9d-2915a982b7e9,SALMOKJI: WHISPERING WATER,21cineplex,,26SWWR,Horror,95 menit,D17+,2D,2026-05-17,a9e9083f-b041-4816-adac-2e2a37db690b,2026-05-17T14:27:06.469027
d2013ccf-bd08-444f-8d9d-2915a982b7e9,THE SHEEP DETECTIVES,21cineplex,,26SDES,"Comedy, Mystery",109 menit,SU,2D,2026-05-17,0d5cdb13-5b26-4a20-a941-c5422aac0d79,2026-05-17T14:27:06.469112
d2013ccf-bd08-444f-8d9d-2915a982b7e9,GOHAN,21cineplex,,26GOHN,Drama,140 menit,SU,2D,2026-05-17,b48ce8b9-a5a5-4302-b00a-461962314161,2026-05-17T14:27:06.469237
d2013ccf-bd08-444f-8d9d-2915a982b7e9,THE DRAMA,21cineplex,,26DRAA,Drama,106 menit,D17+,2D,2026-05-17,fa1e1ceb-30b6-4c5e-ac2e-5d627c39ba6f,2026-05-17T14:27:06.469346
d2013ccf-bd08-444f-8d9d-2915a982b7e9,MICHAEL,21cineplex,,26MICL,Biography,127 menit,SU,2D,2026-05-17,e7aa3f60-a9f3-4840-9a81-c1fe59143b4d,2026-05-17T14:27:06.469425
d2013ccf-bd08-444f-8d9d-2915a982b7e9,THE DEVIL WEARS PRADA 2,21cineplex,,26DWP2,"Comedy, Drama",119 menit,13+,2D,2026-05-17,1dc87470-ead4-42e8-8e99-cd7611f02832,2026-05-17T14:27:06.469555
d2013ccf-bd08-444f-8d9d-2915a982b7e9,SEMUA AKAN BAIK-BAIK SAJA,21cineplex,,16SABB,Drama,113 menit,13+,2D,2026-05-17,c13653f5-1e81-428f-b641-fc0e20dcbe59,2026-05-17T14:27:06.469659
d2013ccf-bd08-444f-8d9d-2915a982b7e9,STAR WARS: THE MANDALORIAN AND GROGU,21cineplex,,26SWMG,"Fantasy, Sci-Fi",132 menit,13+,2D,2026-05-20,70ff1a13-52ea-4baf-9b95-70b2cdc9fa02,2026-05-17T14:27:06.469794
3b44560b-7a62-4108-b1bb-9070081b2f04,SEMUA AKAN BAIK-BAIK SAJA,21cineplex,,16SABB,Drama,113 menit,13+,2D,2026-05-17,fcb5d4a8-f624-49d8-ab69-dddc91d0d7e1,2026-05-17T14:27:06.470616
3b44560b-7a62-4108-b1bb-9070081b2f04,GHOST IN THE CELL,21cineplex,,16GITC,"Comedy, Horror",106 menit,D17+,2D,2026-05-17,420b33bc-2ba4-4931-b008-25e61b67395e,2026-05-17T14:27:06.470842
3b44560b-7a62-4108-b1bb-9070081b2f04,DILAN ITB 1997,21cineplex,,16DI97,"Drama, Romance",110 menit,13+,2D,2026-05-17,f709b732-786e-4944-8491-1b582be1a2ec,2026-05-17T14:27:06.471009
3b44560b-7a62-4108-b1bb-9070081b2f04,KELUARGA SUAMI ADALAH HAMA,21cineplex,,16KSAH,Drama,117 menit,13+,2D,2026-05-21,d4312c7c-6483-4f3e-958b-c0811b416809,2026-05-17T14:27:06.471172
3b44560b-7a62-4108-b1bb-9070081b2f04,CHILDREN OF HEAVEN,21cineplex,,16COHN,"Drama, Family",97 menit,SU,2D,2026-05-27,15a2b5ec-1263-4120-bdb3-bccbf6192972,2026-05-17T14:27:06.471299
3b44560b-7a62-4108-b1bb-9070081b2f04,SUAMIKU LUKAKU,21cineplex,,16SLUU,Drama,92 menit,D17+,2D,2026-05-27,86ae5f97-718e-4d5d-82dc-f0f39d903dcd,2026-05-17T14:27:06.471445
92975946-e715-4e4b-bdeb-59502815e182,SEMUA AKAN BAIK-BAIK SAJA,21cineplex,,16SABB,Drama,113 menit,13+,2D,2026-05-17,fead691e-7224-4170-8606-ad4a06554ad6,2026-05-17T14:27:08.029035
92975946-e715-4e4b-bdeb-59502815e182,MORTAL KOMBAT II,21cineplex,,25MKT2,"Action, Adventure",116 menit,D17+,2D,2026-05-17,f354970e-6b90-4b35-b0c9-a3d32149dcc7,2026-05-17T14:27:08.029151
92975946-e715-4e4b-bdeb-59502815e182,GOHAN,21cineplex,,26GOHN,Drama,140 menit,SU,2D,2026-05-17,3f316df2-8fdc-4c57-bedb-08d28567587d,2026-05-17T14:27:08.029232
92975946-e715-4e4b-bdeb-59502815e182,GHOST IN THE CELL,21cineplex,,16GITC,"Comedy, Horror",106 menit,D17+,2D,2026-05-17,8d5a3a93-9ffe-4f07-8091-b0d04b6a99af,2026-05-17T14:27:08.029288
92975946-e715-4e4b-bdeb-59502815e182,FUZE,21cineplex,,26FUZE,"Action, Crime",96 menit,D17+,2D,2026-05-17,39fd6efa-4422-44ab-a2c3-57d67bf9c05d,2026-05-17T14:27:08.029335
92975946-e715-4e4b-bdeb-59502815e182,THE SHEEP DETECTIVES,21cineplex,,26SDES,"Comedy, Mystery",109 menit,SU,2D,2026-05-17,d63026ea-1529-4eaf-b6cd-6356f5e9e2e7,2026-05-17T14:27:08.029407
92975946-e715-4e4b-bdeb-59502815e182,THE DEVIL WEARS PRADA 2,21cineplex,,26DWP2,"Comedy, Drama",119 menit,13+,2D,2026-05-17,9321403f-84bf-40f9-935d-7494732fd283,2026-05-17T14:27:08.029479
92975946-e715-4e4b-bdeb-59502815e182,IN THE GREY,21cineplex,,26ITGY,"Action, Thriller",97 menit,13+,2D,2026-05-17,b0d65a3a-e394-49f6-9878-96e3839881f3,2026-05-17T14:27:08.029530
92975946-e715-4e4b-bdeb-59502815e182,STAR WARS: THE MANDALORIAN AND GROGU,21cineplex,,26SWMG,"Fantasy, Sci-Fi",132 menit,13+,2D,2026-05-20,a71edaca-6efe-47b2-999b-7b508157fe0b,2026-05-17T14:27:08.029569
92975946-e715-4e4b-bdeb-59502815e182,SEKAWAN LIMO 2: GUNUNG KLAWIH,21cineplex,,16SK2G,"Comedy, Horror",122 menit,13+,2D,2026-05-27,6dd3bc77-0f75-4af6-8baa-8a6e1b9d6524,2026-05-17T14:27:08.029632
92975946-e715-4e4b-bdeb-59502815e182,SUAMIKU LUKAKU,21cineplex,,16SLUU,Drama,92 menit,D17+,2D,2026-05-27,4be1d7be-94ff-4995-bfbb-25ff3379983f,2026-05-17T14:27:08.029706
3fd30513-28a1-4b96-abad-036ef8893825,TUMBAL PROYEK,21cineplex,,16TPRK,Horror,106 menit,D17+,2D,2026-05-17,8c59f185-ee76-491a-908a-7f512f4f8fce,2026-05-17T14:27:09.826400
3fd30513-28a1-4b96-abad-036ef8893825,SEMUA AKAN BAIK-BAIK SAJA,21cineplex,,16SABB,Drama,113 menit,13+,2D,2026-05-17,f7367037-bfd1-4948-98ce-51a3b247fa07,2026-05-17T14:27:09.826664
3fd30513-28a1-4b96-abad-036ef8893825,IN THE GREY,21cineplex,,26ITGY,"Action, Thriller",97 menit,13+,2D,2026-05-17,ff9f0f18-0fba-4889-a5e2-5f076b3bc511,2026-05-17T14:27:09.826936
3fd30513-28a1-4b96-abad-036ef8893825,GHOST IN THE CELL,21cineplex,,16GITC,"Comedy, Horror",106 menit,D17+,2D,2026-05-17,bfa86ecd-d1e8-4123-9aba-80057edb63b4,2026-05-17T14:27:09.827079
3fd30513-28a1-4b96-abad-036ef8893825,GOHAN,21cineplex,,26GOHN,Drama,140 menit,SU,2D,2026-05-17,7df41d5c-7a61-4860-9be1-4d907a076084,2026-05-17T14:27:09.827285
3fd30513-28a1-4b96-abad-036ef8893825,THE SHEEP DETECTIVES,21cineplex,,26SDES,"Comedy, Mystery",109 menit,SU,2D,2026-05-17,9541f7de-311e-4370-9db3-9773b56fc22c,2026-05-17T14:27:09.827407
3fd30513-28a1-4b96-abad-036ef8893825,YANG LAIN BOLEH HILANG ASAL KAU JANGAN,21cineplex,,16YLBH,Drama,113 menit,13+,2D,2026-05-17,28346013-4514-4a87-a018-6cef9dd3bf2e,2026-05-17T14:27:09.827548
3fd30513-28a1-4b96-abad-036ef8893825,KELUARGA SUAMI ADALAH HAMA,21cineplex,,16KSAH,Drama,117 menit,13+,2D,2026-05-21,d834a77f-b6b1-44cb-a0c3-f4e582ed6beb,2026-05-17T14:27:09.827668
94e9118a-4ea5-43f1-8a5b-a0849f585a91,SALMOKJI: WHISPERING WATER,21cineplex,,26SWWR,Horror,95 menit,D17+,2D,2026-05-17,ca3269a5-5dfd-4eea-aacd-9860cb3c2edc,2026-05-17T14:27:11.048553
94e9118a-4ea5-43f1-8a5b-a0849f585a91,THE SHEEP DETECTIVES,21cineplex,,26SDES,"Comedy, Mystery",109 menit,SU,2D,2026-05-17,d56678ff-dab3-4fdc-ac6d-f2b8ae604a9c,2026-05-17T14:27:11.048744
94e9118a-4ea5-43f1-8a5b-a0849f585a91,IN THE GREY,21cineplex,,26ITGY,"Action, Thriller",97 menit,13+,2D,2026-05-17,c6bbec2c-3e71-457e-800d-4f513e4be181,2026-05-17T14:27:11.048884
94e9118a-4ea5-43f1-8a5b-a0849f585a91,SEMUA AKAN BAIK-BAIK SAJA,21cineplex,,16SABB,Drama,113 menit,13+,2D,2026-05-17,54fb9c9e-efb8-4c73-a010-691710d1612e,2026-05-17T14:27:11.049042
94e9118a-4ea5-43f1-8a5b-a0849f585a91,FUZE,21cineplex,,26FUZE,"Action, Crime",96 menit,D17+,2D,2026-05-17,118c8836-7a07-43b6-a0c3-cc2b45dfef14,2026-05-17T14:27:11.049254
94e9118a-4ea5-43f1-8a5b-a0849f585a91,MORTAL KOMBAT II,21cineplex,,25MKT2,"Action, Adventure",116 menit,D17+,2D,2026-05-17,47027c61-5fe6-4c2a-8c43-3eb8ebd30eaa,2026-05-17T14:27:11.049335
94e9118a-4ea5-43f1-8a5b-a0849f585a91,GOHAN,21cineplex,,26GOHN,Drama,140 menit,SU,2D,2026-05-17,e208c3e5-c061-420b-9020-bdd17fc3c9e2,2026-05-17T14:27:11.049615
94e9118a-4ea5-43f1-8a5b-a0849f585a91,MICHAEL,21cineplex,,26MICL,Biography,127 menit,SU,2D,2026-05-17,06a8cdb2-a131-4686-96ef-68a345941d4d,2026-05-17T14:27:11.049764
94e9118a-4ea5-43f1-8a5b-a0849f585a91,STAR WARS: THE MANDALORIAN AND GROGU,21cineplex,,26SWMG,"Fantasy, Sci-Fi",132 menit,13+,2D,2026-05-20,b2812b54-5fc1-4554-9200-7d2a52089fb3,2026-05-17T14:27:11.049965
911f6e83-d5aa-4a83-9c9d-7d69ace71228,THE BELL: PANGGILAN UNTUK MATI,21cineplex,,16TBPU,Horror,91 menit,D17+,2D,2026-05-17,ae49e9b8-a937-4790-b707-f9c4182fb036,2026-05-17T14:27:14.041040
911f6e83-d5aa-4a83-9c9d-7d69ace71228,YANG LAIN BOLEH HILANG ASAL KAU JANGAN,21cineplex,,16YLBH,Drama,113 menit,13+,2D,2026-05-17,251fcc5f-4449-4e27-b92c-8803b32528b9,2026-05-17T14:27:14.041393
911f6e83-d5aa-4a83-9c9d-7d69ace71228,SEMUA AKAN BAIK-BAIK SAJA,21cineplex,,16SABB,Drama,113 menit,13+,2D,2026-05-17,78c4ad54-8dcc-4a29-a7dc-0bcff277b6fa,2026-05-17T14:27:14.042752
911f6e83-d5aa-4a83-9c9d-7d69ace71228,SALMOKJI: WHISPERING WATER,21cineplex,,26SWWR,Horror,95 menit,D17+,2D,2026-05-17,40d00807-45f1-46fd-9adf-27708135a5f8,2026-05-17T14:27:14.046780
911f6e83-d5aa-4a83-9c9d-7d69ace71228,TIBA TIBA SETAN,21cineplex,,16TTSN,"Comedy, Horror",113 menit,13+,2D,2026-05-17,9574c535-74fe-4ca2-a61f-4e5b6e6469c3,2026-05-17T14:27:14.047207
911f6e83-d5aa-4a83-9c9d-7d69ace71228,GHOST IN THE CELL,21cineplex,,16GITC,"Comedy, Horror",106 menit,D17+,2D,2026-05-17,ff53fd42-7e3c-44fd-9441-ef60f3d868f7,2026-05-17T14:27:14.047363
911f6e83-d5aa-4a83-9c9d-7d69ace71228,TUMBAL PROYEK,21cineplex,,16TPRK,Horror,106 menit,D17+,2D,2026-05-17,1142f4fa-8e93-4b69-a283-3e3ed97d34d1,2026-05-17T14:27:14.047552
911f6e83-d5aa-4a83-9c9d-7d69ace71228,"AYAH, INI ARAHNYA KEMANA, YA?",21cineplex,,16AIAK,Drama,103 menit,13+,2D,2026-05-17,99fa3fd3-7504-44d6-9b26-574b8b8824f8,2026-05-17T14:27:14.047702
911f6e83-d5aa-4a83-9c9d-7d69ace71228,KAMU HARUS MATI,21cineplex,,16KHMI,"Horror, Mystery, Thriller",90 menit,13+,2D,2026-05-21,a726a8f7-0f8b-46a9-a9eb-f70d52997ed8,2026-05-17T14:27:14.047896
911f6e83-d5aa-4a83-9c9d-7d69ace71228,GUDANG MERICA,21cineplex,,16GMEA,"Comedy, Horror",98 menit,D17+,2D,2026-05-21,e9030d5c-876b-42b4-a35c-2b95df411eb8,2026-05-17T14:27:14.048133
911f6e83-d5aa-4a83-9c9d-7d69ace71228,CHILDREN OF HEAVEN,21cineplex,,16COHN,"Drama, Family",97 menit,SU,2D,2026-05-27,195d01d8-873e-4d41-9812-feab5f35d7a7,2026-05-17T14:27:14.048285
911f6e83-d5aa-4a83-9c9d-7d69ace71228,SUAMIKU LUKAKU,21cineplex,,16SLUU,Drama,92 menit,D17+,2D,2026-05-27,6253d91b-9c31-41cf-9373-a173d4864641,2026-05-17T14:27:14.048421
4a16bb43-4235-4472-9445-19cb27af0175,SEMUA AKAN BAIK-BAIK SAJA,21cineplex,,16SABB,Drama,113 menit,13+,2D,2026-05-17,2013798f-6975-4225-afe9-7b81574b83dc,2026-05-17T14:27:15.739246
4a16bb43-4235-4472-9445-19cb27af0175,THE SHEEP DETECTIVES,21cineplex,,26SDES,"Comedy, Mystery",109 menit,SU,2D,2026-05-17,e8d99d0b-0015-4816-ab60-86e4b38100c4,2026-05-17T14:27:15.739495
4a16bb43-4235-4472-9445-19cb27af0175,DILAN ITB 1997,21cineplex,,16DI97,"Drama, Romance",110 menit,13+,2D,2026-05-17,c6e804fb-1161-413c-a7a1-c3dae20f8148,2026-05-17T14:27:15.739636
4a16bb43-4235-4472-9445-19cb27af0175,IN THE GREY,21cineplex,,26ITGY,"Action, Thriller",97 menit,13+,2D,2026-05-17,b8db9185-ebf5-4b34-aa0a-7c404439251f,2026-05-17T14:27:15.739813
4a16bb43-4235-4472-9445-19cb27af0175,GHOST IN THE CELL,21cineplex,,16GITC,"Comedy, Horror",106 menit,D17+,2D,2026-05-17,56a6a507-cf6c-4a8f-8806-0f7f701aad6a,2026-05-17T14:27:15.739934
4a16bb43-4235-4472-9445-19cb27af0175,GOHAN,21cineplex,,26GOHN,Drama,140 menit,SU,2D,2026-05-17,691ed029-8390-4050-b855-691ac0b95847,2026-05-17T14:27:15.740116
4a16bb43-4235-4472-9445-19cb27af0175,SALMOKJI: WHISPERING WATER,21cineplex,,26SWWR,Horror,95 menit,D17+,2D,2026-05-17,c2e35560-4c0d-4782-9cfd-41147c6d87ed,2026-05-17T14:27:15.740266
4a16bb43-4235-4472-9445-19cb27af0175,BADUT GENDONG,21cineplex,,16BGEG,"Action, Horror",101 menit,D17+,2D,2026-05-20,31bdc3a8-9f46-4b8d-bc7c-05203c077a29,2026-05-17T14:27:15.740409
4a16bb43-4235-4472-9445-19cb27af0175,STAR WARS: THE MANDALORIAN AND GROGU,21cineplex,,26SWMG,"Fantasy, Sci-Fi",132 menit,13+,2D,2026-05-20,7be167fc-bf78-490b-8bad-9ef57eb95de2,2026-05-17T14:27:15.740493
4a16bb43-4235-4472-9445-19cb27af0175,KELUARGA SUAMI ADALAH HAMA,21cineplex,,16KSAH,Drama,117 menit,13+,2D,2026-05-21,9cd35263-aaa2-43af-9ea4-4328ab379e14,2026-05-17T14:27:15.740642
4a16bb43-4235-4472-9445-19cb27af0175,MONSTER PABRIK RAMBUT,21cineplex,,16MPRT,"Fantasy, Horror",96 menit,D17+,2D,2026-05-23,2f55a9d2-1b58-4ee8-9274-f540a765fe25,2026-05-17T14:27:15.740942
4a16bb43-4235-4472-9445-19cb27af0175,CHILDREN OF HEAVEN,21cineplex,,16COHN,"Drama, Family",97 menit,SU,2D,2026-05-27,a8704d88-3c22-46c8-876a-38f9e78a71bc,2026-05-17T14:27:15.741107
4a16bb43-4235-4472-9445-19cb27af0175,SEKAWAN LIMO 2: GUNUNG KLAWIH,21cineplex,,16SK2G,"Comedy, Horror",122 menit,13+,2D,2026-05-27,c28c35e9-d140-4ea6-bc08-f1e6e6abde1a,2026-05-17T14:27:15.741286
bd91102a-0b3a-4079-8722-3663c5fd1481,GOHAN,21cineplex,,26GOHN,Drama,140 menit,SU,2D,2026-05-17,bf84b6e3-d02e-4852-80d6-498a997e17f1,2026-05-17T14:27:17.044655
bd91102a-0b3a-4079-8722-3663c5fd1481,TUMBAL PROYEK,21cineplex,,16TPRK,Horror,106 menit,D17+,2D,2026-05-17,9143f697-9e95-4ca3-af7e-e6418fef217c,2026-05-17T14:27:17.044747
bd91102a-0b3a-4079-8722-3663c5fd1481,SEMUA AKAN BAIK-BAIK SAJA,21cineplex,,16SABB,Drama,113 menit,13+,2D,2026-05-17,b0efa3c1-bd20-4e08-9966-5c0cb37438e2,2026-05-17T14:27:17.044806
bd91102a-0b3a-4079-8722-3663c5fd1481,THE BELL: PANGGILAN UNTUK MATI,21cineplex,,16TBPU,Horror,91 menit,D17+,2D,2026-05-17,d78c33ea-6959-4f67-85f9-e2633d951a9c,2026-05-17T14:27:17.044897
bd91102a-0b3a-4079-8722-3663c5fd1481,GHOST IN THE CELL,21cineplex,,16GITC,"Comedy, Horror",106 menit,D17+,2D,2026-05-17,32ccdad0-90af-49a2-b61b-3e1a46e3e75b,2026-05-17T14:27:17.044928
bd91102a-0b3a-4079-8722-3663c5fd1481,KELUARGA SUAMI ADALAH HAMA,21cineplex,,16KSAH,Drama,117 menit,13+,2D,2026-05-21,8a642858-7995-4754-9cc1-922db8c9966a,2026-05-17T14:27:17.044965
bd91102a-0b3a-4079-8722-3663c5fd1481,KAMU HARUS MATI,21cineplex,,16KHMI,"Horror, Mystery, Thriller",90 menit,13+,2D,2026-05-21,0e4a9c4f-a9bb-459b-85f0-07175d2cc3b2,2026-05-17T14:27:17.045033
08562e3a-65db-4459-873f-a25c3d170cb8,SEMUA AKAN BAIK-BAIK SAJA,21cineplex,,16SABB,Drama,113 menit,13+,2D,2026-05-17,cc99392c-ca7f-46bd-8314-4879b8fe101c,2026-05-17T14:27:18.844092
08562e3a-65db-4459-873f-a25c3d170cb8,IN THE GREY,21cineplex,,26ITGY,"Action, Thriller",97 menit,13+,2D,2026-05-17,67b1a622-d808-42bd-9a54-b5754d029650,2026-05-17T14:27:18.844385
08562e3a-65db-4459-873f-a25c3d170cb8,YANG LAIN BOLEH HILANG ASAL KAU JANGAN,21cineplex,,16YLBH,Drama,113 menit,13+,2D,2026-05-17,521ce309-5171-4ddb-a9db-7eff5aec7f62,2026-05-17T14:27:18.844488
08562e3a-65db-4459-873f-a25c3d170cb8,MORTAL KOMBAT II,21cineplex,,25MKT2,"Action, Adventure",116 menit,D17+,2D,2026-05-17,3dfed5cc-a2ad-4f5b-8c52-a7cb4cf26c59,2026-05-17T14:27:18.844625
08562e3a-65db-4459-873f-a25c3d170cb8,TUMBAL PROYEK,21cineplex,,16TPRK,Horror,106 menit,D17+,2D,2026-05-17,4f63be32-3def-4e72-ac22-f5b10104eb0b,2026-05-17T14:27:18.844801
08562e3a-65db-4459-873f-a25c3d170cb8,GOHAN,21cineplex,,26GOHN,Drama,140 menit,SU,2D,2026-05-17,61f82b65-48f8-48b7-9067-746c368af773,2026-05-17T14:27:18.844976
08562e3a-65db-4459-873f-a25c3d170cb8,KAMU HARUS MATI,21cineplex,,16KHMI,"Horror, Mystery, Thriller",90 menit,13+,2D,2026-05-21,75019d2b-eb42-4582-b5d3-7e6599dec158,2026-05-17T14:27:18.845132
08562e3a-65db-4459-873f-a25c3d170cb8,SEKAWAN LIMO 2: GUNUNG KLAWIH,21cineplex,,16SK2G,"Comedy, Horror",122 menit,13+,2D,2026-05-27,b723e5dd-1ae0-47a7-8eac-fff30bb0bdc6,2026-05-17T14:27:18.845332
6a825845-ef0c-469a-9b47-8cb455571529,SEMUA AKAN BAIK-BAIK SAJA,21cineplex,,16SABB,Drama,113 menit,13+,2D,2026-05-17,58ea7e6c-25fd-470a-ae82-6b130a8d51b4,2026-05-17T14:27:20.046847
6a825845-ef0c-469a-9b47-8cb455571529,GOHAN,21cineplex,,26GOHN,Drama,140 menit,SU,2D,2026-05-17,2a968df8-ff02-4e96-86ca-e5c45f4b30f0,2026-05-17T14:27:20.047123
6a825845-ef0c-469a-9b47-8cb455571529,TUMBAL PROYEK,21cineplex,,16TPRK,Horror,106 menit,D17+,2D,2026-05-17,eca49f4e-248d-43c5-b4ea-33462c90a58a,2026-05-17T14:27:20.047226
6a825845-ef0c-469a-9b47-8cb455571529,IN THE GREY,21cineplex,,26ITGY,"Action, Thriller",97 menit,13+,2D,2026-05-17,b9fed709-9e66-494a-9dc0-c36564186777,2026-05-17T14:27:20.047388
6a825845-ef0c-469a-9b47-8cb455571529,CHILDREN OF HEAVEN,21cineplex,,16COHN,"Drama, Family",97 menit,SU,2D,2026-05-27,3cf43747-7197-4c67-9c56-59537fe2413a,2026-05-17T14:27:20.047507
db9fb5e8-e8e9-4cb5-ba40-9b7b0ab33aa6,YANG LAIN BOLEH HILANG ASAL KAU JANGAN,21cineplex,,16YLBH,Drama,113 menit,13+,2D,2026-05-17,4ac64a62-21e0-4178-9d70-0d686815c12e,2026-05-17T14:27:21.800812
db9fb5e8-e8e9-4cb5-ba40-9b7b0ab33aa6,SEMUA AKAN BAIK-BAIK SAJA,21cineplex,,16SABB,Drama,113 menit,13+,2D,2026-05-17,926be2c7-916f-4955-bd8b-7557f6636173,2026-05-17T14:27:21.801159
db9fb5e8-e8e9-4cb5-ba40-9b7b0ab33aa6,GHOST IN THE CELL,21cineplex,,16GITC,"Comedy, Horror",106 menit,D17+,2D,2026-05-17,20914a67-fc2d-4ca1-9aba-e82425d71173,2026-05-17T14:27:21.801424
db9fb5e8-e8e9-4cb5-ba40-9b7b0ab33aa6,TUMBAL PROYEK,21cineplex,,16TPRK,Horror,106 menit,D17+,2D,2026-05-17,61a20b60-13e9-461f-9179-59ff21941894,2026-05-17T14:27:21.801662
db9fb5e8-e8e9-4cb5-ba40-9b7b0ab33aa6,KELUARGA SUAMI ADALAH HAMA,21cineplex,,16KSAH,Drama,117 menit,13+,2D,2026-05-21,0539c202-189b-4275-9607-23ca60d5c513,2026-05-17T14:27:21.801942
db9fb5e8-e8e9-4cb5-ba40-9b7b0ab33aa6,CHILDREN OF HEAVEN,21cineplex,,16COHN,"Drama, Family",97 menit,SU,2D,2026-05-27,af8316ae-e632-40a3-bd5a-77d6f831a3d0,2026-05-17T14:27:21.802083
db9fb5e8-e8e9-4cb5-ba40-9b7b0ab33aa6,SEKAWAN LIMO 2: GUNUNG KLAWIH,21cineplex,,16SK2G,"Comedy, Horror",122 menit,13+,2D,2026-05-27,ddd912da-48a8-4b6e-a106-869f084fef57,2026-05-17T14:27:21.802178
6619befd-7606-4512-84c1-fad7946d41cc,IN THE GREY,21cineplex,,26ITGY,"Action, Thriller",97 menit,13+,2D,2026-05-17,11945464-51c3-47bb-ad20-17b4501907ab,2026-05-17T14:27:23.074064
6619befd-7606-4512-84c1-fad7946d41cc,GOHAN,21cineplex,,26GOHN,Drama,140 menit,SU,2D,2026-05-17,f361deab-96ea-4218-b0da-f50c9f7a7a7b,2026-05-17T14:27:23.074128
6619befd-7606-4512-84c1-fad7946d41cc,MORTAL KOMBAT II,21cineplex,,25MKT2,"Action, Adventure",116 menit,D17+,2D,2026-05-17,ef775222-af34-45fe-aaf1-3707c93b2aa4,2026-05-17T14:27:23.074194
6619befd-7606-4512-84c1-fad7946d41cc,SEMUA AKAN BAIK-BAIK SAJA,21cineplex,,16SABB,Drama,113 menit,13+,2D,2026-05-17,4f183b96-da32-4594-8813-f7fbae01d8e5,2026-05-17T14:27:23.074248
6619befd-7606-4512-84c1-fad7946d41cc,TUMBAL PROYEK,21cineplex,,16TPRK,Horror,106 menit,D17+,2D,2026-05-17,bfc4ac28-dbfb-47ff-a69a-8b9bdc4928ee,2026-05-17T14:27:23.074330
6619befd-7606-4512-84c1-fad7946d41cc,STAR WARS: THE MANDALORIAN AND GROGU,21cineplex,,26SWMG,"Fantasy, Sci-Fi",132 menit,13+,2D,2026-05-20,bf1f4797-4093-4c70-9db5-fe2e7eaddb1f,2026-05-17T14:27:23.074416
6619befd-7606-4512-84c1-fad7946d41cc,KELUARGA SUAMI ADALAH HAMA,21cineplex,,16KSAH,Drama,117 menit,13+,2D,2026-05-21,de4321f9-7bc1-4270-af4f-2ec8f72c4217,2026-05-17T14:27:23.074475
6619befd-7606-4512-84c1-fad7946d41cc,KAMU HARUS MATI,21cineplex,,16KHMI,"Horror, Mystery, Thriller",90 menit,13+,2D,2026-05-21,6dffe376-39d3-41cd-a3bd-d429b68cfc05,2026-05-17T14:27:23.074555
6619befd-7606-4512-84c1-fad7946d41cc,SEKAWAN LIMO 2: GUNUNG KLAWIH,21cineplex,,16SK2G,"Comedy, Horror",122 menit,13+,2D,2026-05-27,e1bdce10-feba-4e3e-84ad-685802cf2092,2026-05-17T14:27:23.074648
c64f7c7a-62c5-42d3-ba53-dddd3e1e6b6f,GOHAN,21cineplex,,26GOHN,Drama,140 menit,SU,2D,2026-05-17,f3654d8a-913e-464c-9dac-14c5115648cd,2026-05-17T14:27:24.551249
c64f7c7a-62c5-42d3-ba53-dddd3e1e6b6f,GHOST IN THE CELL,21cineplex,,16GITC,"Comedy, Horror",106 menit,D17+,2D,2026-05-17,bd86a583-6f8b-4753-b402-203caa1a9dad,2026-05-17T14:27:24.551532
c64f7c7a-62c5-42d3-ba53-dddd3e1e6b6f,SALMOKJI: WHISPERING WATER,21cineplex,,26SWWR,Horror,95 menit,D17+,2D,2026-05-17,3e26b284-f2b7-4e85-a953-8f4942019f10,2026-05-17T14:27:24.551752
c64f7c7a-62c5-42d3-ba53-dddd3e1e6b6f,SEMUA AKAN BAIK-BAIK SAJA,21cineplex,,16SABB,Drama,113 menit,13+,2D,2026-05-17,2ca6c798-e29d-4664-bccb-353f8184539b,2026-05-17T14:27:24.551940
c64f7c7a-62c5-42d3-ba53-dddd3e1e6b6f,YANG LAIN BOLEH HILANG ASAL KAU JANGAN,21cineplex,,16YLBH,Drama,113 menit,13+,2D,2026-05-17,dfa459a0-70c7-4fcb-aaa6-589fe85322f5,2026-05-17T14:27:24.552161
c64f7c7a-62c5-42d3-ba53-dddd3e1e6b6f,STAR WARS: THE MANDALORIAN AND GROGU,21cineplex,,26SWMG,"Fantasy, Sci-Fi",132 menit,13+,2D,2026-05-20,0c54f038-66c6-4f1f-8999-9c8457c787b0,2026-05-17T14:27:24.552329
c64f7c7a-62c5-42d3-ba53-dddd3e1e6b6f,KELUARGA SUAMI ADALAH HAMA,21cineplex,,16KSAH,Drama,117 menit,13+,2D,2026-05-21,99dc9b96-9dcb-4c5f-b7a7-4d2d6d4df9ff,2026-05-17T14:27:24.552459
c64f7c7a-62c5-42d3-ba53-dddd3e1e6b6f,CHILDREN OF HEAVEN,21cineplex,,16COHN,"Drama, Family",97 menit,SU,2D,2026-05-27,c315f416-ee6f-4a7f-b7d3-f9a050a0c280,2026-05-17T14:27:24.552622
c64f7c7a-62c5-42d3-ba53-dddd3e1e6b6f,SEKAWAN LIMO 2: GUNUNG KLAWIH,21cineplex,,16SK2G,"Comedy, Horror",122 menit,13+,2D,2026-05-27,a940e1d4-3d04-406d-9e31-5846821401d4,2026-05-17T14:27:24.552770
72d9d99c-e3db-4c4f-a5ea-57a50014cfa8,GHOST IN THE CELL,21cineplex,,16GITC,"Comedy, Horror",106 menit,D17+,2D,2026-05-17,5a869e77-89b2-4ba4-b550-6b7ff8f9b78c,2026-05-17T14:27:26.185245
72d9d99c-e3db-4c4f-a5ea-57a50014cfa8,SEMUA AKAN BAIK-BAIK SAJA,21cineplex,,16SABB,Drama,113 menit,13+,2D,2026-05-17,14a0f2f3-81db-45c7-92f8-11bcffb8f217,2026-05-17T14:27:26.185520
72d9d99c-e3db-4c4f-a5ea-57a50014cfa8,TUMBAL PROYEK,21cineplex,,16TPRK,Horror,106 menit,D17+,2D,2026-05-17,522c9d04-2e3d-428a-90c2-ecf0b3b104b7,2026-05-17T14:27:26.185773
72d9d99c-e3db-4c4f-a5ea-57a50014cfa8,YANG LAIN BOLEH HILANG ASAL KAU JANGAN,21cineplex,,16YLBH,Drama,113 menit,13+,2D,2026-05-17,776b1ce3-f873-4804-8fa3-163f0a6ba6b7,2026-05-17T14:27:26.185930
72d9d99c-e3db-4c4f-a5ea-57a50014cfa8,GOHAN,21cineplex,,26GOHN,Drama,140 menit,SU,2D,2026-05-17,cc281b48-5de9-4f32-8f7e-90f4696395d5,2026-05-17T14:27:26.185993
72d9d99c-e3db-4c4f-a5ea-57a50014cfa8,KAMU HARUS MATI,21cineplex,,16KHMI,"Horror, Mystery, Thriller",90 menit,13+,2D,2026-05-21,fa33a183-bd2a-4880-9f8e-68bc5a605f64,2026-05-17T14:27:26.186045
72d9d99c-e3db-4c4f-a5ea-57a50014cfa8,SUAMIKU LUKAKU,21cineplex,,16SLUU,Drama,92 menit,D17+,2D,2026-05-27,cc760048-3b8f-4806-b3d0-26f481d7b2aa,2026-05-17T14:27:26.186125
893b03ff-78f1-42b2-ab9c-120137e042da,YANG LAIN BOLEH HILANG ASAL KAU JANGAN,21cineplex,,16YLBH,Drama,113 menit,13+,2D,2026-05-17,049297b2-7051-417e-8fe4-9762ad9fa2dd,2026-05-17T14:27:27.759067
893b03ff-78f1-42b2-ab9c-120137e042da,TUMBAL PROYEK,21cineplex,,16TPRK,Horror,106 menit,D17+,2D,2026-05-17,c2b82e5a-1eb3-4c49-9573-91d2c609b258,2026-05-17T14:27:27.759221
893b03ff-78f1-42b2-ab9c-120137e042da,IN THE GREY,21cineplex,,26ITGY,"Action, Thriller",97 menit,13+,2D,2026-05-17,2ac67c1e-280a-4853-be37-a5802022f755,2026-05-17T14:27:27.759336
893b03ff-78f1-42b2-ab9c-120137e042da,GHOST IN THE CELL,21cineplex,,16GITC,"Comedy, Horror",106 menit,D17+,2D,2026-05-17,e69ce532-df28-4f01-a97a-e9789bb542ec,2026-05-17T14:27:27.759405
893b03ff-78f1-42b2-ab9c-120137e042da,THE BELL: PANGGILAN UNTUK MATI,21cineplex,,16TBPU,Horror,91 menit,D17+,2D,2026-05-17,8c708eba-7d66-40d9-bc1c-a68a15a603a6,2026-05-17T14:27:27.759479
893b03ff-78f1-42b2-ab9c-120137e042da,SEMUA AKAN BAIK-BAIK SAJA,21cineplex,,16SABB,Drama,113 menit,13+,2D,2026-05-17,5d0d3e29-1367-4456-902b-d2667193cb6c,2026-05-17T14:27:27.759582
893b03ff-78f1-42b2-ab9c-120137e042da,SUAMIKU LUKAKU,21cineplex,,16SLUU,Drama,92 menit,D17+,2D,2026-05-27,19683860-63d6-4554-be99-4ce48eea03cf,2026-05-17T14:27:27.759741
893b03ff-78f1-42b2-ab9c-120137e042da,CHILDREN OF HEAVEN,21cineplex,,16COHN,"Drama, Family",97 menit,SU,2D,2026-05-27,0540dff0-9cd6-4110-9852-115a8332ace6,2026-05-17T14:27:27.759933
a6675a07-7084-49d1-bf87-658f161b0ea7,IN THE GREY,21cineplex,,26ITGY,"Action, Thriller",97 menit,13+,2D,2026-05-17,ada77920-2c6a-403f-8ab6-fce2d540f097,2026-05-17T14:27:29.071388
a6675a07-7084-49d1-bf87-658f161b0ea7,GOHAN,21cineplex,,26GOHN,Drama,140 menit,SU,2D,2026-05-17,e0c6915d-5458-431d-bd08-fedaf3a174be,2026-05-17T14:27:29.071523
a6675a07-7084-49d1-bf87-658f161b0ea7,MORTAL KOMBAT II,21cineplex,,25MKT2,"Action, Adventure",116 menit,D17+,2D,2026-05-17,00227169-9760-4974-8f29-475b1b3250ae,2026-05-17T14:27:29.071672
a6675a07-7084-49d1-bf87-658f161b0ea7,GHOST IN THE CELL,21cineplex,,16GITC,"Comedy, Horror",106 menit,D17+,2D,2026-05-17,8cfbe96d-818b-4f1e-aaad-7140b5b76aaa,2026-05-17T14:27:29.071753
a6675a07-7084-49d1-bf87-658f161b0ea7,STAR WARS: THE MANDALORIAN AND GROGU,21cineplex,,26SWMG,"Fantasy, Sci-Fi",132 menit,13+,2D,2026-05-20,5cfc2459-735b-44ed-9780-ab4254bb8181,2026-05-17T14:27:29.072345
bcf0bd99-03bb-4c1c-aa4c-c161ff38f681,FUZE,21cineplex,,26FUZE,"Action, Crime",96 menit,D17+,2D,2026-05-17,3800916e-aabc-41df-9fdd-0bc737c56efe,2026-05-17T14:27:30.813284
bcf0bd99-03bb-4c1c-aa4c-c161ff38f681,IN THE GREY,21cineplex,,26ITGY,"Action, Thriller",97 menit,13+,2D,2026-05-17,228a6df9-1187-4538-84d9-bb20b3fc55f7,2026-05-17T14:27:30.813451
bcf0bd99-03bb-4c1c-aa4c-c161ff38f681,MORTAL KOMBAT II,21cineplex,,25MKT2,"Action, Adventure",116 menit,D17+,2D,2026-05-17,fe2ac89d-7071-4c01-af0d-b739073f4c6a,2026-05-17T14:27:30.813627
bcf0bd99-03bb-4c1c-aa4c-c161ff38f681,MICHAEL,21cineplex,,26MICL,Biography,127 menit,SU,2D,2026-05-17,96b145be-dbce-46fe-9353-6c720eefec84,2026-05-17T14:27:30.814307
bcf0bd99-03bb-4c1c-aa4c-c161ff38f681,GOHAN,21cineplex,,26GOHN,Drama,140 menit,SU,2D,2026-05-17,9c5a94d6-6656-4f0a-a3b7-13c4282ee793,2026-05-17T14:27:30.814422
bcf0bd99-03bb-4c1c-aa4c-c161ff38f681,THE SHEEP DETECTIVES,21cineplex,,26SDES,"Comedy, Mystery",109 menit,SU,2D,2026-05-17,0d0456d8-0b30-41b2-bdf2-06503d20d7e8,2026-05-17T14:27:30.815333
bcf0bd99-03bb-4c1c-aa4c-c161ff38f681,STAR WARS: THE MANDALORIAN AND GROGU,21cineplex,,26SWMG,"Fantasy, Sci-Fi",132 menit,13+,2D,2026-05-20,327761f4-9920-4814-be4e-1507eea91352,2026-05-17T14:27:30.815753
0e12a498-9fdf-48bd-b5df-9550059992d2,MORTAL KOMBAT II,21cineplex,,25MKT2,"Action, Adventure",116 menit,D17+,2D,2026-05-17,6abccb64-ebd5-41aa-8e28-f277603f3b5f,2026-05-17T14:27:33.750251
0e12a498-9fdf-48bd-b5df-9550059992d2,SEMUA AKAN BAIK-BAIK SAJA,21cineplex,,16SABB,Drama,113 menit,13+,2D,2026-05-17,0550aba6-0f32-4cf3-91e0-b842e355f668,2026-05-17T14:27:33.750398
01128f1d-22ea-41a8-9a60-771f34b53d83,SEMUA AKAN BAIK-BAIK SAJA,21cineplex,,16SABB,Drama,113 menit,13+,2D,2026-05-17,91c85cea-bfdf-4476-ad8d-9450dbb569e5,2026-05-17T14:27:35.097360
01128f1d-22ea-41a8-9a60-771f34b53d83,GHOST IN THE CELL,21cineplex,,16GITC,"Comedy, Horror",106 menit,D17+,2D,2026-05-17,4c38218a-6f96-4e6b-9025-5daf5cb8ec55,2026-05-17T14:27:35.098270
01128f1d-22ea-41a8-9a60-771f34b53d83,IN THE GREY,21cineplex,,26ITGY,"Action, Thriller",97 menit,13+,2D,2026-05-17,048faeda-0464-4123-9c18-e6a8b440df07,2026-05-17T14:27:35.098341
01128f1d-22ea-41a8-9a60-771f34b53d83,THE DEVIL WEARS PRADA 2,21cineplex,,26DWP2,"Comedy, Drama",119 menit,13+,2D,2026-05-17,a8ceb7ab-59b7-445c-a0ba-511adef2ab0e,2026-05-17T14:27:35.098418
01128f1d-22ea-41a8-9a60-771f34b53d83,GOHAN,21cineplex,,26GOHN,Drama,140 menit,SU,2D,2026-05-17,5fa82e39-62fb-4fa6-b0bd-867f3fb02a98,2026-05-17T14:27:35.099860
01128f1d-22ea-41a8-9a60-771f34b53d83,STAR WARS: THE MANDALORIAN AND GROGU,21cineplex,,26SWMG,"Fantasy, Sci-Fi",132 menit,13+,2D,2026-05-20,e4e2d11d-58e3-409e-8774-9671f0276e9f,2026-05-17T14:27:35.100409
01128f1d-22ea-41a8-9a60-771f34b53d83,KELUARGA SUAMI ADALAH HAMA,21cineplex,,16KSAH,Drama,117 menit,13+,2D,2026-05-21,8c0eed21-5dfd-4aeb-a6b5-feb258bfb150,2026-05-17T14:27:35.100682
01128f1d-22ea-41a8-9a60-771f34b53d83,SEKAWAN LIMO 2: GUNUNG KLAWIH,21cineplex,,16SK2G,"Comedy, Horror",122 menit,13+,2D,2026-05-27,a6c62229-f7f6-45ee-899b-c41e61b2f985,2026-05-17T14:27:35.100857
884f6e88-e336-48ef-9355-982c66f10647,TUMBAL PROYEK,21cineplex,,16TPRK,Horror,106 menit,D17+,2D,2026-05-17,aac0ad0b-4711-4989-be9c-adbce518edc1,2026-05-17T14:27:39.945581
884f6e88-e336-48ef-9355-982c66f10647,TOP GUN: MAVERICK (RE-RELEASE),21cineplex,,26TGMK,Action,130 menit,SU,2D,2026-05-17,dc386526-f93d-4f50-a87b-255a89a370d8,2026-05-17T14:27:39.945677
884f6e88-e336-48ef-9355-982c66f10647,TOP GUN (RE-RELEASE),21cineplex,,26TGUN,Action,109 menit,D17+,2D,2026-05-17,33d33346-b6f8-4972-889a-a952c51ca8f8,2026-05-17T14:27:39.945705
884f6e88-e336-48ef-9355-982c66f10647,SEMUA AKAN BAIK-BAIK SAJA,21cineplex,,16SABB,Drama,113 menit,13+,2D,2026-05-17,44b42b2a-5773-4cd2-bd59-754229f52b2f,2026-05-17T14:27:39.945733
884f6e88-e336-48ef-9355-982c66f10647,GHOST IN THE CELL,21cineplex,,16GITC,"Comedy, Horror",106 menit,D17+,2D,2026-05-17,4f4b2883-ae49-4bbe-abde-81f5653e1440,2026-05-17T14:27:39.945825
884f6e88-e336-48ef-9355-982c66f10647,GOHAN,21cineplex,,26GOHN,Drama,140 menit,SU,2D,2026-05-17,b63f0590-d75e-4f7d-b39a-2b5ea6c550e5,2026-05-17T14:27:39.945885
884f6e88-e336-48ef-9355-982c66f10647,IN THE GREY,21cineplex,,26ITGY,"Action, Thriller",97 menit,13+,2D,2026-05-17,beb88ed6-11ca-4afd-97b4-af0ec3b07024,2026-05-17T14:27:39.946311
884f6e88-e336-48ef-9355-982c66f10647,MORTAL KOMBAT II,21cineplex,,25MKT2,"Action, Adventure",116 menit,D17+,2D,2026-05-17,2d213ce2-79c5-40c7-bcfa-375dbbea91be,2026-05-17T14:27:39.946358
884f6e88-e336-48ef-9355-982c66f10647,YANG LAIN BOLEH HILANG ASAL KAU JANGAN,21cineplex,,16YLBH,Drama,113 menit,13+,2D,2026-05-17,8a253ba4-d2dc-4379-a393-a485ab36bd7b,2026-05-17T14:27:39.946405
884f6e88-e336-48ef-9355-982c66f10647,KELUARGA SUAMI ADALAH HAMA,21cineplex,,16KSAH,Drama,117 menit,13+,2D,2026-05-21,f3880ef4-92b6-417b-ab3a-208aec90b5bc,2026-05-17T14:27:39.946453
884f6e88-e336-48ef-9355-982c66f10647,CHILDREN OF HEAVEN,21cineplex,,16COHN,"Drama, Family",97 menit,SU,2D,2026-05-27,534b2342-9bd5-4c16-8b04-44a4e712ada7,2026-05-17T14:27:39.946521
884f6e88-e336-48ef-9355-982c66f10647,SEKAWAN LIMO 2: GUNUNG KLAWIH,21cineplex,,16SK2G,"Comedy, Horror",122 menit,13+,2D,2026-05-27,e55686ae-4f93-4202-ba02-dcf750a37929,2026-05-17T14:27:39.946588
a6c6bdd7-a9dc-4b21-bfa4-3d8703697e3b,GOHAN,21cineplex,,26GOHN,Drama,140 menit,SU,2D,2026-05-17,09f106c9-c380-490f-ab9e-f8456060733a,2026-05-17T14:27:41.096109
a6c6bdd7-a9dc-4b21-bfa4-3d8703697e3b,TUMBAL PROYEK,21cineplex,,16TPRK,Horror,106 menit,D17+,2D,2026-05-17,48fdd41c-cf56-4354-b7d4-f2565d24d7e8,2026-05-17T14:27:41.096304
a6c6bdd7-a9dc-4b21-bfa4-3d8703697e3b,GHOST IN THE CELL,21cineplex,,16GITC,"Comedy, Horror",106 menit,D17+,2D,2026-05-17,2d216b91-ff24-40c2-8d5e-1f90d0de09b3,2026-05-17T14:27:41.096525
a6c6bdd7-a9dc-4b21-bfa4-3d8703697e3b,SEMUA AKAN BAIK-BAIK SAJA,21cineplex,,16SABB,Drama,113 menit,13+,2D,2026-05-17,2d7c3b6e-881c-49ea-a148-de100219badc,2026-05-17T14:27:41.096583
a6c6bdd7-a9dc-4b21-bfa4-3d8703697e3b,MORTAL KOMBAT II,21cineplex,,25MKT2,"Action, Adventure",116 menit,D17+,2D,2026-05-17,ac5f7ce8-4f99-48e8-831d-2fe2d48f1889,2026-05-17T14:27:41.096682
a6c6bdd7-a9dc-4b21-bfa4-3d8703697e3b,STAR WARS: THE MANDALORIAN AND GROGU,21cineplex,,26SWMG,"Fantasy, Sci-Fi",132 menit,13+,2D,2026-05-20,54786aec-df32-4143-90fb-c6bfa1fd779a,2026-05-17T14:27:41.096759
a6c6bdd7-a9dc-4b21-bfa4-3d8703697e3b,KELUARGA SUAMI ADALAH HAMA,21cineplex,,16KSAH,Drama,117 menit,13+,2D,2026-05-21,96884ecd-b966-49f8-93eb-38e36c348cb3,2026-05-17T14:27:41.096813
a6c6bdd7-a9dc-4b21-bfa4-3d8703697e3b,SEKAWAN LIMO 2: GUNUNG KLAWIH,21cineplex,,16SK2G,"Comedy, Horror",122 menit,13+,2D,2026-05-27,e6bd9c27-d4bb-4e56-a779-689f8592cc21,2026-05-17T14:27:41.096883
a462f920-968c-4233-a692-77ff1fa82b77,CHILDREN OF HEAVEN,21cineplex,,16COHN,"Drama, Family",97 menit,SU,2D,2026-05-17,5b1a9623-e9c5-4dad-8d87-4af04937b51d,2026-05-17T14:27:43.023588
a462f920-968c-4233-a692-77ff1fa82b77,GOHAN,21cineplex,,26GOHN,Drama,140 menit,SU,2D,2026-05-17,09a95548-1f10-447a-adcd-923157267122,2026-05-17T14:27:43.023654
a462f920-968c-4233-a692-77ff1fa82b77,GHOST IN THE CELL,21cineplex,,16GITC,"Comedy, Horror",106 menit,D17+,2D,2026-05-17,95ebad62-6c97-4bd1-8f07-c16635340585,2026-05-17T14:27:43.023713
a462f920-968c-4233-a692-77ff1fa82b77,TUMBAL PROYEK,21cineplex,,16TPRK,Horror,106 menit,D17+,2D,2026-05-17,3c3a62bc-66fb-4267-a00d-d4ef07a77543,2026-05-17T14:27:43.023770
a462f920-968c-4233-a692-77ff1fa82b77,SEMUA AKAN BAIK-BAIK SAJA,21cineplex,,16SABB,Drama,113 menit,13+,2D,2026-05-17,265b7606-e593-49bb-82a0-8ae07281c5dc,2026-05-17T14:27:43.023807
a462f920-968c-4233-a692-77ff1fa82b77,CROCODILE TEARS,21cineplex,,16CTES,Drama,98 menit,D17+,2D,2026-05-17,a739acc7-222f-42e4-84ac-8c345723cc56,2026-05-17T14:27:43.023885
a462f920-968c-4233-a692-77ff1fa82b77,SALMOKJI: WHISPERING WATER,21cineplex,,26SWWR,Horror,95 menit,D17+,2D,2026-05-17,9e60dcc3-b8f8-44b6-92cb-4a4af13abe4f,2026-05-17T14:27:43.023925
a462f920-968c-4233-a692-77ff1fa82b77,YANG LAIN BOLEH HILANG ASAL KAU JANGAN,21cineplex,,16YLBH,Drama,113 menit,13+,2D,2026-05-17,d325a276-39a8-4fb1-851b-03ab88a5f1bd,2026-05-17T14:27:43.023969
a462f920-968c-4233-a692-77ff1fa82b77,STAR WARS: THE MANDALORIAN AND GROGU,21cineplex,,26SWMG,"Fantasy, Sci-Fi",132 menit,13+,2D,2026-05-20,de8afae7-d177-43d1-8bed-309203b574a4,2026-05-17T14:27:43.024033
a462f920-968c-4233-a692-77ff1fa82b77,KELUARGA SUAMI ADALAH HAMA,21cineplex,,16KSAH,Drama,117 menit,13+,2D,2026-05-21,cfb5c5bb-da58-4e4f-a85d-ba92388b5d0f,2026-05-17T14:27:43.024084
a462f920-968c-4233-a692-77ff1fa82b77,SUAMIKU LUKAKU,21cineplex,,16SLUU,Drama,92 menit,D17+,2D,2026-05-27,4f8bab91-78a3-4938-b782-67a8626d969e,2026-05-17T14:27:43.024147
a462f920-968c-4233-a692-77ff1fa82b77,CHILDREN OF HEAVEN,21cineplex,,16COHN,"Drama, Family",97 menit,SU,2D,2026-05-27,7f84b9b4-2051-4c0e-8a2f-6ac489bcbf4d,2026-05-17T14:27:43.024208
a462f920-968c-4233-a692-77ff1fa82b77,SEKAWAN LIMO 2: GUNUNG KLAWIH,21cineplex,,16SK2G,"Comedy, Horror",122 menit,13+,2D,2026-05-27,e76c88e3-8d53-406d-b82d-7064ca0883a2,2026-05-17T14:27:43.024275
149e5ed0-fe57-4ad5-b0a4-63f2f2a1f960,IN THE GREY,21cineplex,,26ITGY,"Action, Thriller",97 menit,13+,2D,2026-05-17,30e49eb8-e22d-454f-b0b0-529d1ece9573,2026-05-17T14:27:44.079289
149e5ed0-fe57-4ad5-b0a4-63f2f2a1f960,YANG LAIN BOLEH HILANG ASAL KAU JANGAN,21cineplex,,16YLBH,Drama,113 menit,13+,2D,2026-05-17,4ea6cf1d-4c96-45ca-8269-ea2491e3ccc3,2026-05-17T14:27:44.079364
149e5ed0-fe57-4ad5-b0a4-63f2f2a1f960,GHOST IN THE CELL,21cineplex,,16GITC,"Comedy, Horror",106 menit,D17+,2D,2026-05-17,a24bf3b7-addc-4750-8a16-45c86d6aed02,2026-05-17T14:27:44.079491
149e5ed0-fe57-4ad5-b0a4-63f2f2a1f960,GOHAN,21cineplex,,26GOHN,Drama,140 menit,SU,2D,2026-05-17,c967edeb-7f66-47b1-9168-539b3eb3f302,2026-05-17T14:27:44.079605
149e5ed0-fe57-4ad5-b0a4-63f2f2a1f960,TUMBAL PROYEK,21cineplex,,16TPRK,Horror,106 menit,D17+,2D,2026-05-17,9ca9905f-ea1b-434f-8e4e-5d785a0c5d85,2026-05-17T14:27:44.079637
149e5ed0-fe57-4ad5-b0a4-63f2f2a1f960,SEMUA AKAN BAIK-BAIK SAJA,21cineplex,,16SABB,Drama,113 menit,13+,2D,2026-05-17,97a5d4d7-5cf3-4e76-8179-01215102597b,2026-05-17T14:27:44.079791
149e5ed0-fe57-4ad5-b0a4-63f2f2a1f960,KELUARGA SUAMI ADALAH HAMA,21cineplex,,16KSAH,Drama,117 menit,13+,2D,2026-05-21,b7040c99-57a1-4fd2-b8a6-09bd78ede0bf,2026-05-17T14:27:44.079874
149e5ed0-fe57-4ad5-b0a4-63f2f2a1f960,SEKAWAN LIMO 2: GUNUNG KLAWIH,21cineplex,,16SK2G,"Comedy, Horror",122 menit,13+,2D,2026-05-27,e3dc9e21-6191-4a89-8bee-95964c14e81c,2026-05-17T14:27:44.079937
242cc0c8-cef6-43bc-8982-cbd13a9224f5,SALMOKJI: WHISPERING WATER,21cineplex,,26SWWR,Horror,95 menit,D17+,2D,2026-05-17,7cac2aee-91bb-4dc4-a39c-ca48dff85427,2026-05-17T14:27:45.828573
242cc0c8-cef6-43bc-8982-cbd13a9224f5,MICHAEL,21cineplex,,26MICL,Biography,127 menit,SU,2D,2026-05-17,f33a893b-d0ee-48ac-9ce4-d0c9d86b1a37,2026-05-17T14:27:45.828678
242cc0c8-cef6-43bc-8982-cbd13a9224f5,SEMUA AKAN BAIK-BAIK SAJA,21cineplex,,16SABB,Drama,113 menit,13+,2D,2026-05-17,e1efcbb5-35bc-40e2-9832-9d850438e263,2026-05-17T14:27:45.828775
242cc0c8-cef6-43bc-8982-cbd13a9224f5,MORTAL KOMBAT II,21cineplex,,25MKT2,"Action, Adventure",116 menit,D17+,2D,2026-05-17,0f5d7f55-daf7-4de6-ae9d-c04226cb00f7,2026-05-17T14:27:45.828904
242cc0c8-cef6-43bc-8982-cbd13a9224f5,GOHAN,21cineplex,,26GOHN,Drama,140 menit,SU,2D,2026-05-17,1f6d0bda-2219-46a4-a1b2-a7df1c46f9af,2026-05-17T14:27:45.828977
242cc0c8-cef6-43bc-8982-cbd13a9224f5,TUMBAL PROYEK,21cineplex,,16TPRK,Horror,106 menit,D17+,2D,2026-05-17,bb5d1c75-8a4f-4002-87a3-e15d2caeb3cb,2026-05-17T14:27:45.829061
242cc0c8-cef6-43bc-8982-cbd13a9224f5,PATI PATNI AUR WOH DO,21cineplex,,26PPAW,"Comedy, Romance",115 menit,D17+,2D,2026-05-17,d53ab36f-d047-4254-8a9d-d5e820564096,2026-05-17T14:27:45.829151
242cc0c8-cef6-43bc-8982-cbd13a9224f5,IN THE GREY,21cineplex,,26ITGY,"Action, Thriller",97 menit,13+,2D,2026-05-17,f107336f-d4f6-46d7-9701-e1e87694f5d2,2026-05-17T14:27:45.829219
242cc0c8-cef6-43bc-8982-cbd13a9224f5,FUZE,21cineplex,,26FUZE,"Action, Crime",96 menit,D17+,2D,2026-05-17,6dec3bc5-87f1-49e0-8bfb-796f93bd9d0f,2026-05-17T14:27:45.829309
242cc0c8-cef6-43bc-8982-cbd13a9224f5,THE DEVIL WEARS PRADA 2,21cineplex,,26DWP2,"Comedy, Drama",119 menit,13+,2D,2026-05-17,2c7afc8d-282e-4178-9d36-a04b5f717739,2026-05-17T14:27:45.829397
242cc0c8-cef6-43bc-8982-cbd13a9224f5,THE SHEEP DETECTIVES,21cineplex,,26SDES,"Comedy, Mystery",109 menit,SU,2D,2026-05-17,d8b34d0b-c3e8-4e6f-b268-51dc0ead5251,2026-05-17T14:27:45.829485
242cc0c8-cef6-43bc-8982-cbd13a9224f5,GHOST IN THE CELL,21cineplex,,16GITC,"Comedy, Horror",106 menit,D17+,2D,2026-05-17,8e1e465b-2eeb-4e3e-858d-71b9c189834a,2026-05-17T14:27:45.829568
242cc0c8-cef6-43bc-8982-cbd13a9224f5,STAR WARS: THE MANDALORIAN AND GROGU,21cineplex,,26SWMG,"Fantasy, Sci-Fi",132 menit,13+,2D,2026-05-20,382c1b94-6c04-4469-94ee-659b6404b50c,2026-05-17T14:27:45.829660
242cc0c8-cef6-43bc-8982-cbd13a9224f5,KELUARGA SUAMI ADALAH HAMA,21cineplex,,16KSAH,Drama,117 menit,13+,2D,2026-05-21,fa812e2d-b0e1-48c5-bb5b-1549aa547e10,2026-05-17T14:27:45.829753
242cc0c8-cef6-43bc-8982-cbd13a9224f5,KAMU HARUS MATI,21cineplex,,16KHMI,"Horror, Mystery, Thriller",90 menit,13+,2D,2026-05-21,783103f3-12ac-48d6-a27e-c9d10f5a06c1,2026-05-17T14:27:45.829855
242cc0c8-cef6-43bc-8982-cbd13a9224f5,SEKAWAN LIMO 2: GUNUNG KLAWIH,21cineplex,,16SK2G,"Comedy, Horror",122 menit,13+,2D,2026-05-27,2625b4da-050f-4246-bd09-b8cb80b13eb0,2026-05-17T14:27:45.829964
e148cd48-4c70-42ae-80bd-e26288924a8f,IN THE GREY,21cineplex,,26ITGY,"Action, Thriller",97 menit,13+,2D,2026-05-17,ccd5f58b-e4fc-46e7-846e-959f88f69d8d,2026-05-17T14:27:50.092080
e148cd48-4c70-42ae-80bd-e26288924a8f,MICHAEL,21cineplex,,26MICL,Biography,127 menit,SU,2D,2026-05-17,5c9d5932-a2f7-4169-a284-7ee9538ead89,2026-05-17T14:27:50.092187
e148cd48-4c70-42ae-80bd-e26288924a8f,THE SHEEP DETECTIVES,21cineplex,,26SDES,"Comedy, Mystery",109 menit,SU,2D,2026-05-17,fe2049d3-2f79-4e70-ab4f-4fc980bdad60,2026-05-17T14:27:50.092274
e148cd48-4c70-42ae-80bd-e26288924a8f,THE DEVIL WEARS PRADA 2,21cineplex,,26DWP2,"Comedy, Drama",119 menit,13+,2D,2026-05-17,55c780cd-eb23-4277-a9f7-24f1a97ba654,2026-05-17T14:27:50.092318
e148cd48-4c70-42ae-80bd-e26288924a8f,TUMBAL PROYEK,21cineplex,,16TPRK,Horror,106 menit,D17+,2D,2026-05-17,14be7bb6-e3d2-4cb2-9238-53aca3d63a09,2026-05-17T14:27:50.092375
e148cd48-4c70-42ae-80bd-e26288924a8f,SALMOKJI: WHISPERING WATER,21cineplex,,26SWWR,Horror,95 menit,D17+,2D,2026-05-17,a84bf986-ebda-493e-99bc-27bd407e78e7,2026-05-17T14:27:50.092423
e148cd48-4c70-42ae-80bd-e26288924a8f,GOHAN,21cineplex,,26GOHN,Drama,140 menit,SU,2D,2026-05-17,2373f167-f481-4386-ba45-926df6b66a63,2026-05-17T14:27:50.092489
e148cd48-4c70-42ae-80bd-e26288924a8f,SEMUA AKAN BAIK-BAIK SAJA,21cineplex,,16SABB,Drama,113 menit,13+,2D,2026-05-17,884bbd57-6928-42d7-9f95-f851756c2d51,2026-05-17T14:27:50.092544
e148cd48-4c70-42ae-80bd-e26288924a8f,STAR WARS: THE MANDALORIAN AND GROGU,21cineplex,,26SWMG,"Fantasy, Sci-Fi",132 menit,13+,2D,2026-05-20,b3e17b15-2059-41e3-89ba-71ec9549ee9e,2026-05-17T14:27:50.092633
e148cd48-4c70-42ae-80bd-e26288924a8f,SEKAWAN LIMO 2: GUNUNG KLAWIH,21cineplex,,16SK2G,"Comedy, Horror",122 menit,13+,2D,2026-05-27,56eecc18-1a1d-4de7-bf1d-606a2fd1019c,2026-05-17T14:27:50.092994
9011f2af-481b-41c9-a8ed-1604980e25cd,DILAN ITB 1997,21cineplex,,16DI97,"Drama, Romance",110 menit,13+,2D,2026-05-17,4e51ea3b-8794-4bca-8616-a723a9e76b9b,2026-05-17T14:27:53.115313
9011f2af-481b-41c9-a8ed-1604980e25cd,GHOST IN THE CELL,21cineplex,,16GITC,"Comedy, Horror",106 menit,D17+,2D,2026-05-17,cad515d3-0806-458c-8149-a63362513d0f,2026-05-17T14:27:53.115429
9011f2af-481b-41c9-a8ed-1604980e25cd,MORTAL KOMBAT II,21cineplex,,25MKT2,"Action, Adventure",116 menit,D17+,2D,2026-05-17,e6d37595-8379-4dc0-a432-a5e5f39052a5,2026-05-17T14:27:53.115486
9011f2af-481b-41c9-a8ed-1604980e25cd,THE DEVIL WEARS PRADA 2,21cineplex,,26DWP2,"Comedy, Drama",119 menit,13+,2D,2026-05-17,371157f7-82cc-466b-b2dc-13ab352279a6,2026-05-17T14:27:53.115546
9011f2af-481b-41c9-a8ed-1604980e25cd,SEMUA AKAN BAIK-BAIK SAJA,21cineplex,,16SABB,Drama,113 menit,13+,2D,2026-05-17,67c2e6f1-a95b-430d-9292-cb483cf7b0c8,2026-05-17T14:27:53.115591
9011f2af-481b-41c9-a8ed-1604980e25cd,TUMBAL PROYEK,21cineplex,,16TPRK,Horror,106 menit,D17+,2D,2026-05-17,6b4396a3-14f5-4109-8ae1-06e504a25031,2026-05-17T14:27:53.115666
9011f2af-481b-41c9-a8ed-1604980e25cd,IN THE GREY,21cineplex,,26ITGY,"Action, Thriller",97 menit,13+,2D,2026-05-17,36c11b40-dae4-4c8a-b1be-1be0316b4f8b,2026-05-17T14:27:53.115728
9011f2af-481b-41c9-a8ed-1604980e25cd,GOHAN,21cineplex,,26GOHN,Drama,140 menit,SU,2D,2026-05-17,6e82bf6d-2110-4d8c-80be-83bf69b8a7aa,2026-05-17T14:27:53.115760
9011f2af-481b-41c9-a8ed-1604980e25cd,STAR WARS: THE MANDALORIAN AND GROGU,21cineplex,,26SWMG,"Fantasy, Sci-Fi",132 menit,13+,2D,2026-05-20,ec6e0717-f914-47fc-a23a-22b866f93d78,2026-05-17T14:27:53.115816
9011f2af-481b-41c9-a8ed-1604980e25cd,KELUARGA SUAMI ADALAH HAMA,21cineplex,,16KSAH,Drama,117 menit,13+,2D,2026-05-21,ca22d163-3ac5-42a1-b089-a2e980a8a249,2026-05-17T14:27:53.115870
9011f2af-481b-41c9-a8ed-1604980e25cd,KAMU HARUS MATI,21cineplex,,16KHMI,"Horror, Mystery, Thriller",90 menit,13+,2D,2026-05-21,840a0bc6-c838-421c-8179-06eddb93f722,2026-05-17T14:27:53.115933
9011f2af-481b-41c9-a8ed-1604980e25cd,CHILDREN OF HEAVEN,21cineplex,,16COHN,"Drama, Family",97 menit,SU,2D,2026-05-27,4bf3acf9-f50d-41c6-bf87-98fe4116adbe,2026-05-17T14:27:53.116002
9011f2af-481b-41c9-a8ed-1604980e25cd,SEKAWAN LIMO 2: GUNUNG KLAWIH,21cineplex,,16SK2G,"Comedy, Horror",122 menit,13+,2D,2026-05-27,252b7aa8-a6ec-462f-867e-452d355f8059,2026-05-17T14:27:53.116067
9f7fb3db-3613-4cc8-8742-cdbf01a095e4,YANG LAIN BOLEH HILANG ASAL KAU JANGAN,21cineplex,,16YLBH,Drama,113 menit,13+,2D,2026-05-17,cada5c44-95ba-461f-be96-fe546031610f,2026-05-17T14:27:56.095436
9f7fb3db-3613-4cc8-8742-cdbf01a095e4,SEMUA AKAN BAIK-BAIK SAJA,21cineplex,,16SABB,Drama,113 menit,13+,2D,2026-05-17,26d06a50-a30c-4f78-a4bd-a3d69c6ff967,2026-05-17T14:27:56.095647
9f7fb3db-3613-4cc8-8742-cdbf01a095e4,DILAN ITB 1997,21cineplex,,16DI97,"Drama, Romance",110 menit,13+,2D,2026-05-17,fa2d6d09-5821-4622-8c67-3dc6f9db566c,2026-05-17T14:27:56.095849
9f7fb3db-3613-4cc8-8742-cdbf01a095e4,TUMBAL PROYEK,21cineplex,,16TPRK,Horror,106 menit,D17+,2D,2026-05-17,4cb88e6a-a33f-432c-93e4-cb131335cee6,2026-05-17T14:27:56.095966
9f7fb3db-3613-4cc8-8742-cdbf01a095e4,GHOST IN THE CELL,21cineplex,,16GITC,"Comedy, Horror",106 menit,D17+,2D,2026-05-17,5d7c00d3-8314-4550-9ba8-8ddb88c93b52,2026-05-17T14:27:56.096077
9f7fb3db-3613-4cc8-8742-cdbf01a095e4,SUAMIKU LUKAKU,21cineplex,,16SLUU,Drama,92 menit,D17+,2D,2026-05-27,679d4213-34cc-4803-bb3d-ab8547a01413,2026-05-17T14:27:56.096236
9f7fb3db-3613-4cc8-8742-cdbf01a095e4,CHILDREN OF HEAVEN,21cineplex,,16COHN,"Drama, Family",97 menit,SU,2D,2026-05-27,c145131c-dd4a-4f87-81a8-afc117dc0eed,2026-05-17T14:27:56.096370
13cb4626-71b6-45fe-be23-3e0b03cfb4b2,IN THE GREY,21cineplex,,26ITGY,"Action, Thriller",97 menit,13+,2D,2026-05-17,76dcad89-80fd-4fe4-b57e-e6dcd05e96f9,2026-05-17T14:27:57.803733
13cb4626-71b6-45fe-be23-3e0b03cfb4b2,DILAN ITB 1997,21cineplex,,16DI97,"Drama, Romance",110 menit,13+,2D,2026-05-17,ab5b119c-1639-4f87-b951-d468cffe1498,2026-05-17T14:27:57.803827
13cb4626-71b6-45fe-be23-3e0b03cfb4b2,GHOST IN THE CELL,21cineplex,,16GITC,"Comedy, Horror",106 menit,D17+,2D,2026-05-17,0ba289b4-0480-4ee3-a9da-c53088076f26,2026-05-17T14:27:57.803908
13cb4626-71b6-45fe-be23-3e0b03cfb4b2,SALMOKJI: WHISPERING WATER,21cineplex,,26SWWR,Horror,95 menit,D17+,2D,2026-05-17,10be2bfd-b48c-429b-9eb5-6a5854c56b37,2026-05-17T14:27:57.803980
13cb4626-71b6-45fe-be23-3e0b03cfb4b2,MORTAL KOMBAT II,21cineplex,,25MKT2,"Action, Adventure",116 menit,D17+,2D,2026-05-17,e14bf6f5-12d6-4281-99aa-7f9858e6642d,2026-05-17T14:27:57.804058
13cb4626-71b6-45fe-be23-3e0b03cfb4b2,SEMUA AKAN BAIK-BAIK SAJA,21cineplex,,16SABB,Drama,113 menit,13+,2D,2026-05-17,2103007d-edf4-407e-82ba-3fb34547525d,2026-05-17T14:27:57.804130
13cb4626-71b6-45fe-be23-3e0b03cfb4b2,GOHAN,21cineplex,,26GOHN,Drama,140 menit,SU,2D,2026-05-17,3cb91cb8-7d3e-423c-9cec-411666e81841,2026-05-17T14:27:57.804250
13cb4626-71b6-45fe-be23-3e0b03cfb4b2,KELUARGA SUAMI ADALAH HAMA,21cineplex,,16KSAH,Drama,117 menit,13+,2D,2026-05-21,f763240b-aa51-4df2-8786-4a53468f1a2f,2026-05-17T14:27:57.804335
13cb4626-71b6-45fe-be23-3e0b03cfb4b2,SEKAWAN LIMO 2: GUNUNG KLAWIH,21cineplex,,16SK2G,"Comedy, Horror",122 menit,13+,2D,2026-05-27,f7535cb7-9044-4b4f-b4f4-08cf0db89485,2026-05-17T14:27:57.804442
5aee9f4f-84ed-4275-ba2d-e6cc68ce8760,THE DEVIL WEARS PRADA 2,21cineplex,,26DWP2,"Comedy, Drama",119 menit,13+,2D,2026-05-17,01af6f2b-c356-468c-8d21-fd0589a88f78,2026-05-17T14:27:59.129062
5aee9f4f-84ed-4275-ba2d-e6cc68ce8760,THE SHEEP DETECTIVES,21cineplex,,26SDES,"Comedy, Mystery",109 menit,SU,2D,2026-05-17,8ea495e0-7615-4858-a9c1-6674c8be5c9d,2026-05-17T14:27:59.129144
5aee9f4f-84ed-4275-ba2d-e6cc68ce8760,MICHAEL,21cineplex,,26MICL,Biography,127 menit,SU,2D,2026-05-17,020493bf-ea51-4b25-843a-4614766c06e6,2026-05-17T14:27:59.129180
5aee9f4f-84ed-4275-ba2d-e6cc68ce8760,GHOST IN THE CELL,21cineplex,,16GITC,"Comedy, Horror",106 menit,D17+,2D,2026-05-17,2e704eae-e1d5-426b-a98e-5e866c972e2b,2026-05-17T14:27:59.129222
5aee9f4f-84ed-4275-ba2d-e6cc68ce8760,GOHAN,21cineplex,,26GOHN,Drama,140 menit,SU,2D,2026-05-17,c7ab71e5-573d-4ff2-9e11-4aaeee50df26,2026-05-17T14:27:59.129282
5aee9f4f-84ed-4275-ba2d-e6cc68ce8760,SALMOKJI: WHISPERING WATER,21cineplex,,26SWWR,Horror,95 menit,D17+,2D,2026-05-17,94f43c1f-ce4f-4c7c-a9aa-b8ad4571bcd2,2026-05-17T14:27:59.129329
5aee9f4f-84ed-4275-ba2d-e6cc68ce8760,MORTAL KOMBAT II,21cineplex,,25MKT2,"Action, Adventure",116 menit,D17+,2D,2026-05-17,31388827-5c62-4bc3-b638-7ff569710cfa,2026-05-17T14:27:59.129379
5aee9f4f-84ed-4275-ba2d-e6cc68ce8760,SEMUA AKAN BAIK-BAIK SAJA,21cineplex,,16SABB,Drama,113 menit,13+,2D,2026-05-17,9a23968c-7a0e-4bb1-a517-924ac7f4fe2b,2026-05-17T14:27:59.129438
5aee9f4f-84ed-4275-ba2d-e6cc68ce8760,IN THE GREY,21cineplex,,26ITGY,"Action, Thriller",97 menit,13+,2D,2026-05-17,6effac38-05ad-40a7-b5f0-83802a43b3e2,2026-05-17T14:27:59.129515
5aee9f4f-84ed-4275-ba2d-e6cc68ce8760,STAR WARS: THE MANDALORIAN AND GROGU,21cineplex,,26SWMG,"Fantasy, Sci-Fi",132 menit,13+,2D,2026-05-20,46fdab16-9e6a-4a8c-b6b3-764cf4e9c411,2026-05-17T14:27:59.129567
5aee9f4f-84ed-4275-ba2d-e6cc68ce8760,KELUARGA SUAMI ADALAH HAMA,21cineplex,,16KSAH,Drama,117 menit,13+,2D,2026-05-21,c7c69bda-f331-4a60-ac3e-5fcb137595c7,2026-05-17T14:27:59.129613
5aee9f4f-84ed-4275-ba2d-e6cc68ce8760,SEKAWAN LIMO 2: GUNUNG KLAWIH,21cineplex,,16SK2G,"Comedy, Horror",122 menit,13+,2D,2026-05-27,44f861e5-c39c-46f3-8276-73eb1b171253,2026-05-17T14:27:59.129673
f31c640f-4521-4479-aede-e355d97143c3,GOHAN,21cineplex,,26GOHN,Drama,140 menit,SU,2D,2026-05-17,c5ef5f75-72e6-4181-9a68-7c282e9b5876,2026-05-17T14:28:02.168179
f31c640f-4521-4479-aede-e355d97143c3,TUMBAL PROYEK,21cineplex,,16TPRK,Horror,106 menit,D17+,2D,2026-05-17,4dc75662-8bf6-44e9-8d94-60d75d132ae4,2026-05-17T14:28:02.168326
f31c640f-4521-4479-aede-e355d97143c3,THE SHEEP DETECTIVES,21cineplex,,26SDES,"Comedy, Mystery",109 menit,SU,2D,2026-05-17,dacddb2d-ba16-4b25-8cb6-aae855cbf3fe,2026-05-17T14:28:02.168430
f31c640f-4521-4479-aede-e355d97143c3,IN THE GREY,21cineplex,,26ITGY,"Action, Thriller",97 menit,13+,2D,2026-05-17,016ffc75-0651-44b7-9395-bac5802fb1df,2026-05-17T14:28:02.168556
f31c640f-4521-4479-aede-e355d97143c3,TOP GUN (RE-RELEASE),21cineplex,,26TGUN,Action,109 menit,D17+,2D,2026-05-17,35a8e0a8-d868-460c-aa84-7820c4c12dcb,2026-05-17T14:28:02.168723
f31c640f-4521-4479-aede-e355d97143c3,SALMOKJI: WHISPERING WATER,21cineplex,,26SWWR,Horror,95 menit,D17+,2D,2026-05-17,6ff6ba89-176b-45a4-9869-714a776a5bae,2026-05-17T14:28:02.168795
f31c640f-4521-4479-aede-e355d97143c3,MICHAEL,21cineplex,,26MICL,Biography,127 menit,SU,2D,2026-05-17,37b9a8bc-5985-410b-872d-7edf8ab1187f,2026-05-17T14:28:02.168934
f31c640f-4521-4479-aede-e355d97143c3,THE DEVIL WEARS PRADA 2,21cineplex,,26DWP2,"Comedy, Drama",119 menit,13+,2D,2026-05-17,ae104201-a988-4d49-ad8a-e802075c399c,2026-05-17T14:28:02.169087
f31c640f-4521-4479-aede-e355d97143c3,LEE CRONIN'S THE MUMMY,21cineplex,,26LCTM,Horror,134 menit,D17+,2D,2026-05-17,aa8c3bcd-3f32-44db-8c1f-5f98144b96ac,2026-05-17T14:28:02.169255
f31c640f-4521-4479-aede-e355d97143c3,STAR WARS: THE MANDALORIAN AND GROGU,21cineplex,,26SWMG,"Fantasy, Sci-Fi",132 menit,13+,2D,2026-05-20,92d80ae4-a988-4a69-b8c7-7d751a2b540e,2026-05-17T14:28:02.169429
c28749dc-cb1a-43a4-822e-e7f64e03a679,YANG LAIN BOLEH HILANG ASAL KAU JANGAN,21cineplex,,16YLBH,Drama,113 menit,13+,2D,2026-05-17,f8b678e6-a84f-4bee-a668-05d9463777bf,2026-05-17T14:28:05.251772
c28749dc-cb1a-43a4-822e-e7f64e03a679,TUMBAL PROYEK,21cineplex,,16TPRK,Horror,106 menit,D17+,2D,2026-05-17,a32e72de-969b-4f26-8c01-63d6bfead00f,2026-05-17T14:28:05.251948
c28749dc-cb1a-43a4-822e-e7f64e03a679,GOHAN,21cineplex,,26GOHN,Drama,140 menit,SU,2D,2026-05-17,aa59b70b-31d3-4d77-a5e1-dae2e761a7df,2026-05-17T14:28:05.252064
c28749dc-cb1a-43a4-822e-e7f64e03a679,IN THE GREY,21cineplex,,26ITGY,"Action, Thriller",97 menit,13+,2D,2026-05-17,e9fbb506-eb36-4b18-b753-f1b1caec98c8,2026-05-17T14:28:05.252139
c28749dc-cb1a-43a4-822e-e7f64e03a679,SEMUA AKAN BAIK-BAIK SAJA,21cineplex,,16SABB,Drama,113 menit,13+,2D,2026-05-17,8446a413-00f1-4b4c-98ef-727dcc9079ec,2026-05-17T14:28:05.252200
c28749dc-cb1a-43a4-822e-e7f64e03a679,GHOST IN THE CELL,21cineplex,,16GITC,"Comedy, Horror",106 menit,D17+,2D,2026-05-17,e817085a-ef8a-4370-906a-5059d0de9dc5,2026-05-17T14:28:05.252355
77c51c5b-b8f2-4054-90e7-9b4f6da75f2b,GOHAN,21cineplex,,26GOHN,Drama,140 menit,SU,2D,2026-05-17,5cab7613-3ec3-4fcb-a309-9f8c3ed368ab,2026-05-17T14:28:06.771093
77c51c5b-b8f2-4054-90e7-9b4f6da75f2b,IN THE GREY,21cineplex,,26ITGY,"Action, Thriller",97 menit,13+,2D,2026-05-17,edb4793a-7ccd-4b05-b43d-33e1df4116c5,2026-05-17T14:28:06.771165
77c51c5b-b8f2-4054-90e7-9b4f6da75f2b,TUMBAL PROYEK,21cineplex,,16TPRK,Horror,106 menit,D17+,2D,2026-05-17,417db20f-8f57-4214-8da7-ad93627fbecb,2026-05-17T14:28:06.771215
77c51c5b-b8f2-4054-90e7-9b4f6da75f2b,YANG LAIN BOLEH HILANG ASAL KAU JANGAN,21cineplex,,16YLBH,Drama,113 menit,13+,2D,2026-05-17,f62fb841-348f-48f9-aa23-1c52717cc81b,2026-05-17T14:28:06.771279
77c51c5b-b8f2-4054-90e7-9b4f6da75f2b,THE BELL: PANGGILAN UNTUK MATI,21cineplex,,16TBPU,Horror,91 menit,D17+,2D,2026-05-17,cddefc7b-62e6-45cc-8bee-234ed2682a53,2026-05-17T14:28:06.771359
77c51c5b-b8f2-4054-90e7-9b4f6da75f2b,SEMUA AKAN BAIK-BAIK SAJA,21cineplex,,16SABB,Drama,113 menit,13+,2D,2026-05-17,2318af61-65c4-48ba-8f2e-391f0893333e,2026-05-17T14:28:06.771434
77c51c5b-b8f2-4054-90e7-9b4f6da75f2b,KELUARGA SUAMI ADALAH HAMA,21cineplex,,16KSAH,Drama,117 menit,13+,2D,2026-05-21,4d82748d-7ec0-4288-8f50-6e0a5524aad5,2026-05-17T14:28:06.771511
77c51c5b-b8f2-4054-90e7-9b4f6da75f2b,KAMU HARUS MATI,21cineplex,,16KHMI,"Horror, Mystery, Thriller",90 menit,13+,2D,2026-05-21,1c3c226e-6187-4b29-ad40-9bbc5d6bc405,2026-05-17T14:28:06.771586
77c51c5b-b8f2-4054-90e7-9b4f6da75f2b,SEKAWAN LIMO 2: GUNUNG KLAWIH,21cineplex,,16SK2G,"Comedy, Horror",122 menit,13+,2D,2026-05-27,c8fa1546-866f-4651-8396-136afe9c82ef,2026-05-17T14:28:06.771665
77c51c5b-b8f2-4054-90e7-9b4f6da75f2b,SUAMIKU LUKAKU,21cineplex,,16SLUU,Drama,92 menit,D17+,2D,2026-05-27,83bd3e4e-3439-4cc3-8041-bef0f89bc4ab,2026-05-17T14:28:06.771726
77c51c5b-b8f2-4054-90e7-9b4f6da75f2b,CHILDREN OF HEAVEN,21cineplex,,16COHN,"Drama, Family",97 menit,SU,2D,2026-05-27,7dba3051-b62b-41ea-9c6f-0a94a230b63e,2026-05-17T14:28:06.771791
5a36cf7f-e3e1-484b-8b82-a17a161fc75b,SALMOKJI: WHISPERING WATER,21cineplex,,26SWWR,Horror,95 menit,D17+,2D,2026-05-17,978b3949-b1fc-45f3-acdf-cb174743409d,2026-05-17T14:28:08.228906
5a36cf7f-e3e1-484b-8b82-a17a161fc75b,MORTAL KOMBAT II,21cineplex,,25MKT2,"Action, Adventure",116 menit,D17+,2D,2026-05-17,ca53e1b1-99ca-4fb6-8cc1-a88394ba70e4,2026-05-17T14:28:08.229043
5a36cf7f-e3e1-484b-8b82-a17a161fc75b,SEMUA AKAN BAIK-BAIK SAJA,21cineplex,,16SABB,Drama,113 menit,13+,2D,2026-05-17,c0bb7fbe-8265-4f12-8774-0d51e39b9a0b,2026-05-17T14:28:08.229182
5a36cf7f-e3e1-484b-8b82-a17a161fc75b,IN THE GREY,21cineplex,,26ITGY,"Action, Thriller",97 menit,13+,2D,2026-05-17,f3943f47-984c-4ee4-85e2-14acc39e8717,2026-05-17T14:28:08.229318
5a36cf7f-e3e1-484b-8b82-a17a161fc75b,MICHAEL,21cineplex,,26MICL,Biography,127 menit,SU,2D,2026-05-17,2a124f8e-ee87-45f3-b6b7-4cc08917c3b9,2026-05-17T14:28:08.229471
5a36cf7f-e3e1-484b-8b82-a17a161fc75b,GHOST IN THE CELL,21cineplex,,16GITC,"Comedy, Horror",106 menit,D17+,2D,2026-05-17,f75212d7-4f2e-4beb-a516-19eed6053771,2026-05-17T14:28:08.229620
5a36cf7f-e3e1-484b-8b82-a17a161fc75b,GOHAN,21cineplex,,26GOHN,Drama,140 menit,SU,2D,2026-05-17,91774ac5-f5d2-4e9b-a5c8-1a7069765262,2026-05-17T14:28:08.229716
5a36cf7f-e3e1-484b-8b82-a17a161fc75b,STAR WARS: THE MANDALORIAN AND GROGU,21cineplex,,26SWMG,"Fantasy, Sci-Fi",132 menit,13+,2D,2026-05-20,df3ac2df-afe3-4cf4-ac02-9b9d132e5c80,2026-05-17T14:28:08.229821
e83bd607-9767-4866-ac1b-b02e7e38528c,GOHAN,21cineplex,,26GOHN,Drama,140 menit,SU,2D,2026-05-17,a885b78b-ff31-443e-bbb9-c4788c343363,2026-05-17T14:28:11.243188
e83bd607-9767-4866-ac1b-b02e7e38528c,TUMBAL PROYEK,21cineplex,,16TPRK,Horror,106 menit,D17+,2D,2026-05-17,93fca837-0244-4fa8-92cb-c1a6a452ada8,2026-05-17T14:28:11.243345
e83bd607-9767-4866-ac1b-b02e7e38528c,MICHAEL,21cineplex,,26MICL,Biography,127 menit,SU,2D,2026-05-17,60e37672-d716-4fb5-a8ee-b60b876d5b4f,2026-05-17T14:28:11.243471
e83bd607-9767-4866-ac1b-b02e7e38528c,SEMUA AKAN BAIK-BAIK SAJA,21cineplex,,16SABB,Drama,113 menit,13+,2D,2026-05-17,4c64d25f-d569-4f32-8c42-a2ee5bd6b39d,2026-05-17T14:28:11.243603
e83bd607-9767-4866-ac1b-b02e7e38528c,GHOST IN THE CELL,21cineplex,,16GITC,"Comedy, Horror",106 menit,D17+,2D,2026-05-17,7fbca1c5-00e7-4b92-9305-d9b696c598e9,2026-05-17T14:28:11.244003
e83bd607-9767-4866-ac1b-b02e7e38528c,IN THE GREY,21cineplex,,26ITGY,"Action, Thriller",97 menit,13+,2D,2026-05-17,a646e104-239e-4065-9fe0-4514a9e58d1a,2026-05-17T14:28:11.244124
e83bd607-9767-4866-ac1b-b02e7e38528c,THE DEVIL WEARS PRADA 2,21cineplex,,26DWP2,"Comedy, Drama",119 menit,13+,2D,2026-05-17,4591230e-c9b7-410c-82f4-99873374cea5,2026-05-17T14:28:11.244368
e83bd607-9767-4866-ac1b-b02e7e38528c,STAR WARS: THE MANDALORIAN AND GROGU,21cineplex,,26SWMG,"Fantasy, Sci-Fi",132 menit,13+,2D,2026-05-20,58ca97d0-0f8f-4235-b8b6-a89369fc8f06,2026-05-17T14:28:11.244662
e83bd607-9767-4866-ac1b-b02e7e38528c,KELUARGA SUAMI ADALAH HAMA,21cineplex,,16KSAH,Drama,117 menit,13+,2D,2026-05-21,5ebd8fbb-d9c9-4e57-a512-6c8c049225b9,2026-05-17T14:28:11.244906
2a9e9f12-6050-4ee3-b790-6dc151e2d2b7,IN THE GREY,21cineplex,,26ITGY,"Action, Thriller",97 menit,13+,2D,2026-05-17,76a09a58-9d51-40b9-89c6-8241d8435628,2026-05-17T14:28:14.181509
2a9e9f12-6050-4ee3-b790-6dc151e2d2b7,GOHAN,21cineplex,,26GOHN,Drama,140 menit,SU,2D,2026-05-17,7ffdf201-ceeb-42f1-8c6a-8c3d57a222f6,2026-05-17T14:28:14.181710
2a9e9f12-6050-4ee3-b790-6dc151e2d2b7,YANG LAIN BOLEH HILANG ASAL KAU JANGAN,21cineplex,,16YLBH,Drama,113 menit,13+,2D,2026-05-17,d8715b67-8be4-457d-9f77-f55545165473,2026-05-17T14:28:14.181829
2a9e9f12-6050-4ee3-b790-6dc151e2d2b7,SEMUA AKAN BAIK-BAIK SAJA,21cineplex,,16SABB,Drama,113 menit,13+,2D,2026-05-17,3987b56d-c8c3-455b-b3f2-403c15f397c5,2026-05-17T14:28:14.181966
2a9e9f12-6050-4ee3-b790-6dc151e2d2b7,TUMBAL PROYEK,21cineplex,,16TPRK,Horror,106 menit,D17+,2D,2026-05-17,9bdb9ff8-bac9-41d0-ab56-71679a29786a,2026-05-17T14:28:14.182137
2a9e9f12-6050-4ee3-b790-6dc151e2d2b7,GHOST IN THE CELL,21cineplex,,16GITC,"Comedy, Horror",106 menit,D17+,2D,2026-05-17,a6ad9082-b023-45e7-96af-b2e11c379c9c,2026-05-17T14:28:14.182263
2a9e9f12-6050-4ee3-b790-6dc151e2d2b7,KAMU HARUS MATI,21cineplex,,16KHMI,"Horror, Mystery, Thriller",90 menit,13+,2D,2026-05-21,b7651d29-3ea5-4dff-90f3-fe4e17caa86f,2026-05-17T14:28:14.182390
2a9e9f12-6050-4ee3-b790-6dc151e2d2b7,SEKAWAN LIMO 2: GUNUNG KLAWIH,21cineplex,,16SK2G,"Comedy, Horror",122 menit,13+,2D,2026-05-27,55b27815-fe3c-46c8-a0b2-df29ae1e46f2,2026-05-17T14:28:14.182564
e2772186-0285-4da2-bb92-349f858c5c28,THE DEVIL WEARS PRADA 2,21cineplex,,26DWP2,"Comedy, Drama",119 menit,13+,2D,2026-05-17,f3293f7c-fd42-48b3-ba1c-233666e40de4,2026-05-17T14:28:15.890602
e2772186-0285-4da2-bb92-349f858c5c28,GOHAN,21cineplex,,26GOHN,Drama,140 menit,SU,2D,2026-05-17,e380b1e7-b02e-4916-b2c4-e21909e8439c,2026-05-17T14:28:15.890825
e2772186-0285-4da2-bb92-349f858c5c28,IN THE GREY,21cineplex,,26ITGY,"Action, Thriller",97 menit,13+,2D,2026-05-17,00623435-6bd4-4aa3-b17a-4d9ed2ad79c2,2026-05-17T14:28:15.890964
e2772186-0285-4da2-bb92-349f858c5c28,MICHAEL,21cineplex,,26MICL,Biography,127 menit,SU,2D,2026-05-17,f4a7d577-6cfd-40cf-9754-4ef8d644a78f,2026-05-17T14:28:15.891057
e2772186-0285-4da2-bb92-349f858c5c28,SEMUA AKAN BAIK-BAIK SAJA,21cineplex,,16SABB,Drama,113 menit,13+,2D,2026-05-17,bec92454-11b2-4d0a-b9e4-260dda19d7e9,2026-05-17T14:28:15.891145
dd5c8355-1ce0-47c6-b2d2-0711aa24f211,PROJECT HAIL MARY,21cineplex,,26PHMY,Sci-Fi,157 menit,13+,2D,2026-05-17,1af83977-d273-439a-8db3-04ebcb0a5526,2026-05-17T14:28:18.988284
dd5c8355-1ce0-47c6-b2d2-0711aa24f211,GOHAN,21cineplex,,26GOHN,Drama,140 menit,SU,2D,2026-05-17,0c9d274d-9bf2-4165-8db7-2fa92cec12b9,2026-05-17T14:28:18.988452
dd5c8355-1ce0-47c6-b2d2-0711aa24f211,MICHAEL,21cineplex,,26MICL,Biography,127 menit,SU,2D,2026-05-17,380f232a-2191-486e-8222-2764f76ff89b,2026-05-17T14:28:18.988566
dd5c8355-1ce0-47c6-b2d2-0711aa24f211,IN THE GREY,21cineplex,,26ITGY,"Action, Thriller",97 menit,13+,2D,2026-05-17,60c4c7f7-954e-487e-8dc0-ae7e8296a9c4,2026-05-17T14:28:18.988679
dd5c8355-1ce0-47c6-b2d2-0711aa24f211,THE SHEEP DETECTIVES,21cineplex,,26SDES,"Comedy, Mystery",109 menit,SU,2D,2026-05-17,8b665e65-d17e-4efa-a8cf-e4b98cd01449,2026-05-17T14:28:18.988747
dd5c8355-1ce0-47c6-b2d2-0711aa24f211,GHOST IN THE CELL,21cineplex,,16GITC,"Comedy, Horror",106 menit,D17+,2D,2026-05-17,01521239-cdfa-41e2-b12a-e3692bf3f811,2026-05-17T14:28:18.988874
dd5c8355-1ce0-47c6-b2d2-0711aa24f211,TOP GUN: MAVERICK (RE-RELEASE),21cineplex,,26TGMK,Action,130 menit,SU,2D,2026-05-17,a15f1aab-8ec6-4b5b-84ac-e19e9d716858,2026-05-17T14:28:18.988955
dd5c8355-1ce0-47c6-b2d2-0711aa24f211,FUZE,21cineplex,,26FUZE,"Action, Crime",96 menit,D17+,2D,2026-05-17,0e05398b-7bb3-4438-aaa7-bf21e8b6ae77,2026-05-17T14:28:18.988999
dd5c8355-1ce0-47c6-b2d2-0711aa24f211,PATI PATNI AUR WOH DO,21cineplex,,26PPAW,"Comedy, Romance",115 menit,D17+,2D,2026-05-17,0d6d1e8d-43e2-4bb2-b91b-c76941f75ec7,2026-05-17T14:28:18.989057
dd5c8355-1ce0-47c6-b2d2-0711aa24f211,SEMUA AKAN BAIK-BAIK SAJA,21cineplex,,16SABB,Drama,113 menit,13+,2D,2026-05-17,6e78c02f-8054-4e07-ac83-2f0daa064f8e,2026-05-17T14:28:18.989144
dd5c8355-1ce0-47c6-b2d2-0711aa24f211,MORTAL KOMBAT II,21cineplex,,25MKT2,"Action, Adventure",116 menit,D17+,2D,2026-05-17,79d6a10f-0414-439f-ba7d-dc7709f7346e,2026-05-17T14:28:18.989346
dd5c8355-1ce0-47c6-b2d2-0711aa24f211,THE DEVIL WEARS PRADA 2,21cineplex,,26DWP2,"Comedy, Drama",119 menit,13+,2D,2026-05-17,43e7307c-d2f7-4bd1-9f28-474308b29485,2026-05-17T14:28:18.989443
dd5c8355-1ce0-47c6-b2d2-0711aa24f211,STAR WARS: THE MANDALORIAN AND GROGU,21cineplex,,26SWMG,"Fantasy, Sci-Fi",132 menit,13+,2D,2026-05-20,e3d76d22-c282-48c1-a02e-e968b0637855,2026-05-17T14:28:18.989588
dd5c8355-1ce0-47c6-b2d2-0711aa24f211,KELUARGA SUAMI ADALAH HAMA,21cineplex,,16KSAH,Drama,117 menit,13+,2D,2026-05-21,2fb75f35-bbac-4655-b886-3d90034e0069,2026-05-17T14:28:18.989738
dd5c8355-1ce0-47c6-b2d2-0711aa24f211,SEKAWAN LIMO 2: GUNUNG KLAWIH,21cineplex,,16SK2G,"Comedy, Horror",122 menit,13+,2D,2026-05-27,99ac7783-ba8b-4def-9d4e-8dd299b96962,2026-05-17T14:28:18.989914
01ee5593-4420-4a13-a92e-2955619ef70f,MICHAEL,21cineplex,,26MICL,Biography,127 menit,SU,2D,2026-05-17,5b54dd05-5835-41a0-bdd4-bdb47edec6db,2026-05-17T14:28:21.892455
01ee5593-4420-4a13-a92e-2955619ef70f,GOHAN,21cineplex,,26GOHN,Drama,140 menit,SU,2D,2026-05-17,c33867cd-ed50-4571-abd1-84f4757d5717,2026-05-17T14:28:21.892753
01ee5593-4420-4a13-a92e-2955619ef70f,IN THE GREY,21cineplex,,26ITGY,"Action, Thriller",97 menit,13+,2D,2026-05-17,d405edaa-f81c-4a58-a325-14f4c47e23dd,2026-05-17T14:28:21.892900
01ee5593-4420-4a13-a92e-2955619ef70f,THE DEVIL WEARS PRADA 2,21cineplex,,26DWP2,"Comedy, Drama",119 menit,13+,2D,2026-05-17,35086e59-d188-4a02-b278-b768fe27a134,2026-05-17T14:28:21.893043
01ee5593-4420-4a13-a92e-2955619ef70f,STAR WARS: THE MANDALORIAN AND GROGU,21cineplex,,26SWMG,"Fantasy, Sci-Fi",132 menit,13+,2D,2026-05-20,20ddabde-0dcc-4d66-a958-91e0eb52f7f1,2026-05-17T14:28:21.893250
9f41bfe4-cb7d-43b0-9156-c927b3c8ec91,IN THE GREY,21cineplex,,26ITGY,"Action, Thriller",97 menit,13+,2D,2026-05-17,84aac026-2b9f-44d8-9aba-e8f645ccf334,2026-05-17T14:28:24.692582
9f41bfe4-cb7d-43b0-9156-c927b3c8ec91,THE DEVIL WEARS PRADA 2,21cineplex,,26DWP2,"Comedy, Drama",119 menit,13+,2D,2026-05-17,a36db12b-261d-4776-b964-6369a1fceafa,2026-05-17T14:28:24.692950
9f41bfe4-cb7d-43b0-9156-c927b3c8ec91,SALMOKJI: WHISPERING WATER,21cineplex,,26SWWR,Horror,95 menit,D17+,2D,2026-05-17,da9f4440-a01f-4c3e-b5e6-b89d95f2e7aa,2026-05-17T14:28:24.693079
9f41bfe4-cb7d-43b0-9156-c927b3c8ec91,GOHAN,21cineplex,,26GOHN,Drama,140 menit,SU,2D,2026-05-17,eec10dba-4ecb-4d25-a652-f1904c65b418,2026-05-17T14:28:24.693191
9f41bfe4-cb7d-43b0-9156-c927b3c8ec91,MICHAEL,21cineplex,,26MICL,Biography,127 menit,SU,2D,2026-05-17,e6adbfc5-2d59-4f6a-b675-d4a0026365ae,2026-05-17T14:28:24.693421
9f41bfe4-cb7d-43b0-9156-c927b3c8ec91,THE SHEEP DETECTIVES,21cineplex,,26SDES,"Comedy, Mystery",109 menit,SU,2D,2026-05-17,38d9811c-dbc0-4515-9a00-068a2cc8985a,2026-05-17T14:28:24.693595
9f41bfe4-cb7d-43b0-9156-c927b3c8ec91,YANG LAIN BOLEH HILANG ASAL KAU JANGAN,21cineplex,,16YLBH,Drama,113 menit,13+,2D,2026-05-17,9027b1b3-05a4-49cc-b51d-48d130824742,2026-05-17T14:28:24.693741
9f41bfe4-cb7d-43b0-9156-c927b3c8ec91,TUMBAL PROYEK,21cineplex,,16TPRK,Horror,106 menit,D17+,2D,2026-05-17,babadec4-f0a9-46e4-8e9f-0d05f641aaab,2026-05-17T14:28:24.694027
9f41bfe4-cb7d-43b0-9156-c927b3c8ec91,MORTAL KOMBAT II,21cineplex,,25MKT2,"Action, Adventure",116 menit,D17+,2D,2026-05-17,b33a302e-c240-4c7d-9e0b-afc47d0095d8,2026-05-17T14:28:24.694333
9f41bfe4-cb7d-43b0-9156-c927b3c8ec91,DILAN ITB 1997,21cineplex,,16DI97,"Drama, Romance",110 menit,13+,2D,2026-05-17,bf4186ca-8e1b-4394-88e4-dd842027db7e,2026-05-17T14:28:24.694636
9f41bfe4-cb7d-43b0-9156-c927b3c8ec91,STAR WARS: THE MANDALORIAN AND GROGU,21cineplex,,26SWMG,"Fantasy, Sci-Fi",132 menit,13+,2D,2026-05-20,4db5ce56-71b2-4d2f-a7d6-1cbe477e9e8d,2026-05-17T14:28:24.694789
9f41bfe4-cb7d-43b0-9156-c927b3c8ec91,CHILDREN OF HEAVEN,21cineplex,,16COHN,"Drama, Family",97 menit,SU,2D,2026-05-27,7d97d96e-2bc7-440b-87d0-b08529074698,2026-05-17T14:28:24.694968
25f09b29-a17c-4d16-ac62-4a79e409828f,TUMBAL PROYEK,21cineplex,,16TPRK,Horror,106 menit,D17+,2D,2026-05-17,046d44e6-a2c3-4b08-a2a3-85fe5a62e38f,2026-05-17T14:28:28.028835
25f09b29-a17c-4d16-ac62-4a79e409828f,THE BELL: PANGGILAN UNTUK MATI,21cineplex,,16TBPU,Horror,91 menit,D17+,2D,2026-05-17,bafb565c-1207-45f6-9228-fb9a1e7c8e5d,2026-05-17T14:28:28.028921
25f09b29-a17c-4d16-ac62-4a79e409828f,GOHAN,21cineplex,,26GOHN,Drama,140 menit,SU,2D,2026-05-17,562cda41-f2b5-49f0-96e1-9a45a2bef6b1,2026-05-17T14:28:28.029002
25f09b29-a17c-4d16-ac62-4a79e409828f,SEMUA AKAN BAIK-BAIK SAJA,21cineplex,,16SABB,Drama,113 menit,13+,2D,2026-05-17,43404410-e99f-419e-b8f4-ce19548e79c5,2026-05-17T14:28:28.029052
25f09b29-a17c-4d16-ac62-4a79e409828f,KAMU HARUS MATI,21cineplex,,16KHMI,"Horror, Mystery, Thriller",90 menit,13+,2D,2026-05-21,65c2d572-3bf6-4f1a-ac38-770b74d88b59,2026-05-17T14:28:28.029133
25f09b29-a17c-4d16-ac62-4a79e409828f,KELUARGA SUAMI ADALAH HAMA,21cineplex,,16KSAH,Drama,117 menit,13+,2D,2026-05-21,428724f5-0a9e-4654-a3d6-d36c093bf987,2026-05-17T14:28:28.029205
25f09b29-a17c-4d16-ac62-4a79e409828f,CHILDREN OF HEAVEN,21cineplex,,16COHN,"Drama, Family",97 menit,SU,2D,2026-05-27,efa9989c-2ce1-459c-a061-56837246a82f,2026-05-17T14:28:28.029267
25f09b29-a17c-4d16-ac62-4a79e409828f,SEKAWAN LIMO 2: GUNUNG KLAWIH,21cineplex,,16SK2G,"Comedy, Horror",122 menit,13+,2D,2026-05-27,5876fe97-9505-41fc-952a-0712f6292689,2026-05-17T14:28:28.029329
7b9c2570-6522-41e1-adda-cc276462b0da,GOHAN,21cineplex,,26GOHN,Drama,140 menit,SU,2D,2026-05-17,4377bcfa-3f8d-4f57-900e-cb7b6eeda0f1,2026-05-17T14:28:29.180322
7b9c2570-6522-41e1-adda-cc276462b0da,THE SHEEP DETECTIVES,21cineplex,,26SDES,"Comedy, Mystery",109 menit,SU,2D,2026-05-17,f534b81b-50bd-4658-abce-57f8097ad656,2026-05-17T14:28:29.180426
7b9c2570-6522-41e1-adda-cc276462b0da,IN THE GREY,21cineplex,,26ITGY,"Action, Thriller",97 menit,13+,2D,2026-05-17,2449270e-0f7d-45a6-9c77-207ba29e7c40,2026-05-17T14:28:29.180514
7b9c2570-6522-41e1-adda-cc276462b0da,SALMOKJI: WHISPERING WATER,21cineplex,,26SWWR,Horror,95 menit,D17+,2D,2026-05-17,76c67052-cf34-4dd3-a846-12efb514e9df,2026-05-17T14:28:29.180594
7b9c2570-6522-41e1-adda-cc276462b0da,PROJECT HAIL MARY,21cineplex,,26PHMY,Sci-Fi,157 menit,13+,2D,2026-05-17,1d7cb603-6c98-4ebb-b22c-f07f7bcd53d8,2026-05-17T14:28:29.180672
7b9c2570-6522-41e1-adda-cc276462b0da,MICHAEL,21cineplex,,26MICL,Biography,127 menit,SU,2D,2026-05-17,44c36aa8-060c-4589-b386-bfbb09a85665,2026-05-17T14:28:29.180716
7b9c2570-6522-41e1-adda-cc276462b0da,THE DEVIL WEARS PRADA 2,21cineplex,,26DWP2,"Comedy, Drama",119 menit,13+,2D,2026-05-17,a1395ad8-747b-43d9-8ca2-d9040910b2da,2026-05-17T14:28:29.180766
7b9c2570-6522-41e1-adda-cc276462b0da,STAR WARS: THE MANDALORIAN AND GROGU,21cineplex,,26SWMG,"Fantasy, Sci-Fi",132 menit,13+,2D,2026-05-20,e81bb3ed-ae38-4847-9b6b-1e23b36e873c,2026-05-17T14:28:29.180846
9b3c02c0-b61b-4987-8bf5-ecebfb810862,YANG LAIN BOLEH HILANG ASAL KAU JANGAN,21cineplex,,16YLBH,Drama,113 menit,13+,2D,2026-05-17,ee5aca38-56f2-4cb7-a8c1-eed61a385fdf,2026-05-17T14:28:32.211830
9b3c02c0-b61b-4987-8bf5-ecebfb810862,GOHAN,21cineplex,,26GOHN,Drama,140 menit,SU,2D,2026-05-17,5d77c578-99db-4d4a-80d9-d1153fafff5f,2026-05-17T14:28:32.212063
9b3c02c0-b61b-4987-8bf5-ecebfb810862,SALMOKJI: WHISPERING WATER,21cineplex,,26SWWR,Horror,95 menit,D17+,2D,2026-05-17,906a4efa-f37c-4b1e-9fbb-89ae30e9a316,2026-05-17T14:28:32.212198
9b3c02c0-b61b-4987-8bf5-ecebfb810862,IN THE GREY,21cineplex,,26ITGY,"Action, Thriller",97 menit,13+,2D,2026-05-17,db4f5ed5-5eec-49b8-acbb-1ce63146441d,2026-05-17T14:28:32.212254
9b3c02c0-b61b-4987-8bf5-ecebfb810862,SEMUA AKAN BAIK-BAIK SAJA,21cineplex,,16SABB,Drama,113 menit,13+,2D,2026-05-17,55917b95-a8de-47e8-a809-33bbb68255f7,2026-05-17T14:28:32.212364
9b3c02c0-b61b-4987-8bf5-ecebfb810862,GHOST IN THE CELL,21cineplex,,16GITC,"Comedy, Horror",106 menit,D17+,2D,2026-05-17,75deea2b-54a3-460c-993f-50c117b2bf2b,2026-05-17T14:28:32.212504
9b3c02c0-b61b-4987-8bf5-ecebfb810862,THE DEVIL WEARS PRADA 2,21cineplex,,26DWP2,"Comedy, Drama",119 menit,13+,2D,2026-05-17,f2b52f3d-026a-47e9-bec8-b89ab46ab83a,2026-05-17T14:28:32.212581
9b3c02c0-b61b-4987-8bf5-ecebfb810862,MORTAL KOMBAT II,21cineplex,,25MKT2,"Action, Adventure",116 menit,D17+,2D,2026-05-17,648cf009-cb13-405a-8710-c71da5083d85,2026-05-17T14:28:32.212705
05cc9c6c-7fe3-46bb-b06e-41e150ace5e0,SALMOKJI: WHISPERING WATER,21cineplex,,26SWWR,Horror,95 menit,D17+,2D,2026-05-17,a6613372-5521-474f-b213-29b3151c1e64,2026-05-17T14:28:33.657193
05cc9c6c-7fe3-46bb-b06e-41e150ace5e0,THE DEVIL WEARS PRADA 2,21cineplex,,26DWP2,"Comedy, Drama",119 menit,13+,2D,2026-05-17,9e90f011-aa01-4e51-a4e6-3bafb1fba147,2026-05-17T14:28:33.657242
05cc9c6c-7fe3-46bb-b06e-41e150ace5e0,IN THE GREY,21cineplex,,26ITGY,"Action, Thriller",97 menit,13+,2D,2026-05-17,3e5973a5-cd4b-427e-a4d7-d4bda4130bcb,2026-05-17T14:28:33.657292
05cc9c6c-7fe3-46bb-b06e-41e150ace5e0,MORTAL KOMBAT II,21cineplex,,25MKT2,"Action, Adventure",116 menit,D17+,2D,2026-05-17,4bccf16e-0110-40f9-aa27-7a98a9c1be6a,2026-05-17T14:28:33.657346
05cc9c6c-7fe3-46bb-b06e-41e150ace5e0,THE SHEEP DETECTIVES,21cineplex,,26SDES,"Comedy, Mystery",109 menit,SU,2D,2026-05-17,5a623fe0-626a-4993-ba63-0327657af301,2026-05-17T14:28:33.657418
05cc9c6c-7fe3-46bb-b06e-41e150ace5e0,GOHAN,21cineplex,,26GOHN,Drama,140 menit,SU,2D,2026-05-17,1e23c97d-c88d-4cd4-9f9a-4b2d66304b1d,2026-05-17T14:28:33.657456
05cc9c6c-7fe3-46bb-b06e-41e150ace5e0,STAR WARS: THE MANDALORIAN AND GROGU,21cineplex,,26SWMG,"Fantasy, Sci-Fi",132 menit,13+,2D,2026-05-20,7f2c28b4-55a9-47c2-b47e-11925727d7a9,2026-05-17T14:28:33.657518
4fa91ef0-7f6e-4c3a-bb7c-b01d462dc207,MOBILE SUIT GUNDAM HATHAWAY,21cineplex,,26MSGH,Animation,96 menit,13+,2D,2026-05-17,72debddd-52c1-4ce7-9bac-5a83b87153f3,2026-05-17T14:28:42.928137
4fa91ef0-7f6e-4c3a-bb7c-b01d462dc207,SEMUA AKAN BAIK-BAIK SAJA,21cineplex,,16SABB,Drama,113 menit,13+,2D,2026-05-17,53aa0126-c9b0-43c4-833a-c374c73a26e3,2026-05-17T14:28:42.928391
4fa91ef0-7f6e-4c3a-bb7c-b01d462dc207,GHOST IN THE CELL,21cineplex,,16GITC,"Comedy, Horror",106 menit,D17+,2D,2026-05-17,4af9781d-c8e3-47d4-a149-edca7adb898a,2026-05-17T14:28:42.928616
4fa91ef0-7f6e-4c3a-bb7c-b01d462dc207,THE SHEEP DETECTIVES,21cineplex,,26SDES,"Comedy, Mystery",109 menit,SU,2D,2026-05-17,6957f81a-d013-4a7e-8e3a-57ab1a25fe0e,2026-05-17T14:28:42.928815
4fa91ef0-7f6e-4c3a-bb7c-b01d462dc207,SALMOKJI: WHISPERING WATER,21cineplex,,26SWWR,Horror,95 menit,D17+,2D,2026-05-17,97fdc5b9-e521-4a4c-8772-9f3a43b4a181,2026-05-17T14:28:42.928973
4fa91ef0-7f6e-4c3a-bb7c-b01d462dc207,MORTAL KOMBAT II,21cineplex,,25MKT2,"Action, Adventure",116 menit,D17+,2D,2026-05-17,b72f6295-c9fb-4a4d-99ae-091df3f7b19b,2026-05-17T14:28:42.929135
4fa91ef0-7f6e-4c3a-bb7c-b01d462dc207,GOHAN,21cineplex,,26GOHN,Drama,140 menit,SU,2D,2026-05-17,4dcf0529-3c11-4586-9145-78901cf78207,2026-05-17T14:28:42.929329
4fa91ef0-7f6e-4c3a-bb7c-b01d462dc207,THE DEVIL WEARS PRADA 2,21cineplex,,26DWP2,"Comedy, Drama",119 menit,13+,2D,2026-05-17,8f1e870f-f85b-4797-b38d-9fe56910d8b9,2026-05-17T14:28:42.929510
4fa91ef0-7f6e-4c3a-bb7c-b01d462dc207,TUMBAL PROYEK,21cineplex,,16TPRK,Horror,106 menit,D17+,2D,2026-05-17,78a00663-6ab2-4c8a-941a-df2b95d7af1e,2026-05-17T14:28:42.929639
4fa91ef0-7f6e-4c3a-bb7c-b01d462dc207,STAR WARS: THE MANDALORIAN AND GROGU,21cineplex,,26SWMG,"Fantasy, Sci-Fi",132 menit,13+,2D,2026-05-20,a9da740f-e55d-404b-ad7e-e2638381d454,2026-05-17T14:28:42.929846
4fa91ef0-7f6e-4c3a-bb7c-b01d462dc207,KELUARGA SUAMI ADALAH HAMA,21cineplex,,16KSAH,Drama,117 menit,13+,2D,2026-05-21,07a4d93e-37e1-4996-8908-e7f9f567e434,2026-05-17T14:28:42.929988
4fa91ef0-7f6e-4c3a-bb7c-b01d462dc207,SEKAWAN LIMO 2: GUNUNG KLAWIH,21cineplex,,16SK2G,"Comedy, Horror",122 menit,13+,2D,2026-05-27,318e69eb-a605-4bea-858b-11cddf370f7f,2026-05-17T14:28:42.930168
563c4d88-ab72-49b2-a77d-e6458a97ca2b,SEMUA AKAN BAIK-BAIK SAJA,21cineplex,,16SABB,Drama,113 menit,13+,2D,2026-05-17,84c65dba-9e62-4d93-be07-05f45aa61a35,2026-05-17T14:28:44.345574
563c4d88-ab72-49b2-a77d-e6458a97ca2b,MICHAEL,21cineplex,,26MICL,Biography,127 menit,SU,2D,2026-05-17,77941273-f18b-471f-9c41-57cb6afe6dac,2026-05-17T14:28:44.346011
563c4d88-ab72-49b2-a77d-e6458a97ca2b,GHOST IN THE CELL,21cineplex,,16GITC,"Comedy, Horror",106 menit,D17+,2D,2026-05-17,561fd084-5f1b-42e8-a9c8-a2a7cceeaa33,2026-05-17T14:28:44.346371
563c4d88-ab72-49b2-a77d-e6458a97ca2b,GOHAN,21cineplex,,26GOHN,Drama,140 menit,SU,2D,2026-05-17,61ec8c31-8481-4202-a918-7b5e2d202447,2026-05-17T14:28:44.346462
563c4d88-ab72-49b2-a77d-e6458a97ca2b,SALMOKJI: WHISPERING WATER,21cineplex,,26SWWR,Horror,95 menit,D17+,2D,2026-05-17,b42a342a-05e9-455d-9d26-dc46853fb209,2026-05-17T14:28:44.346537
563c4d88-ab72-49b2-a77d-e6458a97ca2b,THE SHEEP DETECTIVES,21cineplex,,26SDES,"Comedy, Mystery",109 menit,SU,2D,2026-05-17,f39803e1-560d-4476-97a7-68190c9925a2,2026-05-17T14:28:44.346583
563c4d88-ab72-49b2-a77d-e6458a97ca2b,STAR WARS: THE MANDALORIAN AND GROGU,21cineplex,,26SWMG,"Fantasy, Sci-Fi",132 menit,13+,2D,2026-05-20,95763308-c48c-4670-abd9-ff35e0593f1e,2026-05-17T14:28:44.346625
563c4d88-ab72-49b2-a77d-e6458a97ca2b,KELUARGA SUAMI ADALAH HAMA,21cineplex,,16KSAH,Drama,117 menit,13+,2D,2026-05-21,6bdf67b7-9ba9-43ea-9f7a-49c9c95cb121,2026-05-17T14:28:44.346675
563c4d88-ab72-49b2-a77d-e6458a97ca2b,SEKAWAN LIMO 2: GUNUNG KLAWIH,21cineplex,,16SK2G,"Comedy, Horror",122 menit,13+,2D,2026-05-27,073e52ae-ca14-4f81-a02f-a642fbc9847b,2026-05-17T14:28:44.348219
6e2589e3-bcbb-4e49-8f19-d90bd2804fc2,SALMOKJI: WHISPERING WATER,21cineplex,,26SWWR,Horror,95 menit,D17+,2D,2026-05-17,24f71378-a33e-4d07-a72e-061d9f3ba5b6,2026-05-17T14:28:45.844097
6e2589e3-bcbb-4e49-8f19-d90bd2804fc2,MORTAL KOMBAT II,21cineplex,,25MKT2,"Action, Adventure",116 menit,D17+,2D,2026-05-17,6275e176-6cc7-46ab-b5bd-70d5a7452bf1,2026-05-17T14:28:45.844189
6e2589e3-bcbb-4e49-8f19-d90bd2804fc2,GOHAN,21cineplex,,26GOHN,Drama,140 menit,SU,2D,2026-05-17,fac7fca5-9791-4d20-98a1-3af293ae802e,2026-05-17T14:28:45.844265
6e2589e3-bcbb-4e49-8f19-d90bd2804fc2,THE SHEEP DETECTIVES,21cineplex,,26SDES,"Comedy, Mystery",109 menit,SU,2D,2026-05-17,f2df9399-dd4c-4787-b01c-df61c2ec21e0,2026-05-17T14:28:45.844325
6e2589e3-bcbb-4e49-8f19-d90bd2804fc2,SEMUA AKAN BAIK-BAIK SAJA,21cineplex,,16SABB,Drama,113 menit,13+,2D,2026-05-17,1f95a909-e923-41ac-a269-474ebef228cb,2026-05-17T14:28:45.844386
6e2589e3-bcbb-4e49-8f19-d90bd2804fc2,GHOST IN THE CELL,21cineplex,,16GITC,"Comedy, Horror",106 menit,D17+,2D,2026-05-17,ba31267d-8cb1-41ae-b0f2-787758d1aa5c,2026-05-17T14:28:45.844450
6e2589e3-bcbb-4e49-8f19-d90bd2804fc2,THE DEVIL WEARS PRADA 2,21cineplex,,26DWP2,"Comedy, Drama",119 menit,13+,2D,2026-05-17,b9a71a62-f032-47b1-a0aa-c4d98b9b9c5c,2026-05-17T14:28:45.844509
6e2589e3-bcbb-4e49-8f19-d90bd2804fc2,TUMBAL PROYEK,21cineplex,,16TPRK,Horror,106 menit,D17+,2D,2026-05-17,3f377aaf-4657-4dfc-8e12-a822fab1e905,2026-05-17T14:28:45.844561
439f8942-8b9f-4958-bb5f-0c9819eb4a8f,MORTAL KOMBAT II,21cineplex,,25MKT2,"Action, Adventure",116 menit,D17+,2D,2026-05-17,735aa182-75a6-4853-bddd-bb725ba3fc47,2026-05-17T14:28:50.701297
439f8942-8b9f-4958-bb5f-0c9819eb4a8f,GOHAN,21cineplex,,26GOHN,Drama,140 menit,SU,2D,2026-05-17,a886126b-e43f-4b4b-bfd7-5d8781456ffe,2026-05-17T14:28:50.701399
439f8942-8b9f-4958-bb5f-0c9819eb4a8f,YANG LAIN BOLEH HILANG ASAL KAU JANGAN,21cineplex,,16YLBH,Drama,113 menit,13+,2D,2026-05-17,a45295bf-af53-4d4a-97af-4250a72ee32f,2026-05-17T14:28:50.701459
439f8942-8b9f-4958-bb5f-0c9819eb4a8f,SEMUA AKAN BAIK-BAIK SAJA,21cineplex,,16SABB,Drama,113 menit,13+,2D,2026-05-17,a1fad52d-6477-4c61-bbea-187f5b123de6,2026-05-17T14:28:50.701547
439f8942-8b9f-4958-bb5f-0c9819eb4a8f,GHOST IN THE CELL,21cineplex,,16GITC,"Comedy, Horror",106 menit,D17+,2D,2026-05-17,741f56e0-5d24-4c65-9ea6-9ac45079b35b,2026-05-17T14:28:50.701633
439f8942-8b9f-4958-bb5f-0c9819eb4a8f,THE BELL: PANGGILAN UNTUK MATI,21cineplex,,16TBPU,Horror,91 menit,D17+,2D,2026-05-17,2064f057-86a4-489e-8583-4bdf89c5f0bd,2026-05-17T14:28:50.701698
439f8942-8b9f-4958-bb5f-0c9819eb4a8f,LEE CRONIN'S THE MUMMY,21cineplex,,26LCTM,Horror,134 menit,D17+,2D,2026-05-17,dab70bdf-f72e-4886-a0a3-26f1815c69a7,2026-05-17T14:28:50.701776
439f8942-8b9f-4958-bb5f-0c9819eb4a8f,TUMBAL PROYEK,21cineplex,,16TPRK,Horror,106 menit,D17+,2D,2026-05-17,bbda7cbf-2389-4cfd-8ba4-a5f2cb46a0cd,2026-05-17T14:28:50.701824
439f8942-8b9f-4958-bb5f-0c9819eb4a8f,KELUARGA SUAMI ADALAH HAMA,21cineplex,,16KSAH,Drama,117 menit,13+,2D,2026-05-21,88068160-f5c0-4b1c-8dc4-35b4da7d5a7f,2026-05-17T14:28:50.701937
439f8942-8b9f-4958-bb5f-0c9819eb4a8f,SEKAWAN LIMO 2: GUNUNG KLAWIH,21cineplex,,16SK2G,"Comedy, Horror",122 menit,13+,2D,2026-05-27,098d5517-583a-4da2-9ed3-8fe8e2c7d16a,2026-05-17T14:28:50.702016
439f8942-8b9f-4958-bb5f-0c9819eb4a8f,CHILDREN OF HEAVEN,21cineplex,,16COHN,"Drama, Family",97 menit,SU,2D,2026-05-27,2b08507d-dd9b-4bbf-967a-b11c2ac3d302,2026-05-17T14:28:50.702077
ade08258-67d2-4ef8-9c0a-dc0272a8ddf3,SALMOKJI: WHISPERING WATER,21cineplex,,26SWWR,Horror,95 menit,D17+,2D,2026-05-17,282ec054-b62b-482f-a6d6-861d9768a328,2026-05-17T14:28:52.138973
ade08258-67d2-4ef8-9c0a-dc0272a8ddf3,TUMBAL PROYEK,21cineplex,,16TPRK,Horror,106 menit,D17+,2D,2026-05-17,2343250d-feed-47d9-843b-3dc98fa3eca2,2026-05-17T14:28:52.139347
ade08258-67d2-4ef8-9c0a-dc0272a8ddf3,MORTAL KOMBAT II,21cineplex,,25MKT2,"Action, Adventure",116 menit,D17+,2D,2026-05-17,5f67a04b-a0df-4c85-9a82-73ae42f52912,2026-05-17T14:28:52.139599
ade08258-67d2-4ef8-9c0a-dc0272a8ddf3,SEMUA AKAN BAIK-BAIK SAJA,21cineplex,,16SABB,Drama,113 menit,13+,2D,2026-05-17,7f007bd9-23e9-4b33-9685-bbe2c5ceb003,2026-05-17T14:28:52.139851
ee62c834-d471-48f6-868e-584d224f49d9,SALMOKJI: WHISPERING WATER,21cineplex,,26SWWR,Horror,95 menit,D17+,2D,2026-05-17,4c5c074d-dbc0-4800-8bbd-fb45514cca8c,2026-05-17T14:28:53.316918
ee62c834-d471-48f6-868e-584d224f49d9,IN THE GREY,21cineplex,,26ITGY,"Action, Thriller",97 menit,13+,2D,2026-05-17,f0d14ef1-8124-47e0-ac0f-b49ccc0fa27a,2026-05-17T14:28:53.317094
ee62c834-d471-48f6-868e-584d224f49d9,THE DEVIL WEARS PRADA 2,21cineplex,,26DWP2,"Comedy, Drama",119 menit,13+,2D,2026-05-17,4e4252bc-c8cf-4726-8986-022a014eb2d5,2026-05-17T14:28:53.317262
f7636975-175a-422f-ae2b-e729d4e018d1,GOHAN,21cineplex,,26GOHN,Drama,140 menit,SU,2D,2026-05-17,6232fc05-d80d-4ef1-8d86-82f89f5796f3,2026-05-17T14:28:58.143168
f7636975-175a-422f-ae2b-e729d4e018d1,SALMOKJI: WHISPERING WATER,21cineplex,,26SWWR,Horror,95 menit,D17+,2D,2026-05-17,66d5c19b-3c3d-4a38-9b19-f55f44ed15e0,2026-05-17T14:28:58.143361
f7636975-175a-422f-ae2b-e729d4e018d1,GHOST IN THE CELL,21cineplex,,16GITC,"Comedy, Horror",106 menit,D17+,2D,2026-05-17,de337eab-73a0-4cd5-9fbe-94cb1a335053,2026-05-17T14:28:58.143544
f7636975-175a-422f-ae2b-e729d4e018d1,TOP GUN (RE-RELEASE),21cineplex,,26TGUN,Action,109 menit,D17+,2D,2026-05-17,3570f0ea-3451-4777-a3ce-744efbbc115b,2026-05-17T14:28:58.143749
f7636975-175a-422f-ae2b-e729d4e018d1,TUMBAL PROYEK,21cineplex,,16TPRK,Horror,106 menit,D17+,2D,2026-05-17,c16ca461-5615-449b-b4f3-ee83204e76b1,2026-05-17T14:28:58.143855
f7636975-175a-422f-ae2b-e729d4e018d1,MICHAEL,21cineplex,,26MICL,Biography,127 menit,SU,2D,2026-05-17,3e9f8cf3-16be-4c54-adbb-ddeae9302912,2026-05-17T14:28:58.144040
f7636975-175a-422f-ae2b-e729d4e018d1,SEMUA AKAN BAIK-BAIK SAJA,21cineplex,,16SABB,Drama,113 menit,13+,2D,2026-05-17,3c6f1838-9fd5-41b0-a754-a1aad44c6a20,2026-05-17T14:28:58.144178
f7636975-175a-422f-ae2b-e729d4e018d1,TOP GUN: MAVERICK (RE-RELEASE),21cineplex,,26TGMK,Action,130 menit,SU,2D,2026-05-17,37e15c33-98f5-4601-ad71-16dd24461cdc,2026-05-17T14:28:58.144398
f7636975-175a-422f-ae2b-e729d4e018d1,STAR WARS: THE MANDALORIAN AND GROGU,21cineplex,,26SWMG,"Fantasy, Sci-Fi",132 menit,13+,2D,2026-05-20,7407a362-479b-4e93-bdce-5454caedc1db,2026-05-17T14:28:58.144473
f7636975-175a-422f-ae2b-e729d4e018d1,KELUARGA SUAMI ADALAH HAMA,21cineplex,,16KSAH,Drama,117 menit,13+,2D,2026-05-21,41e4a483-55d6-4e3e-9758-f81ab35ac555,2026-05-17T14:28:58.144612
f7636975-175a-422f-ae2b-e729d4e018d1,SEKAWAN LIMO 2: GUNUNG KLAWIH,21cineplex,,16SK2G,"Comedy, Horror",122 menit,13+,2D,2026-05-27,ee536334-f3ae-4243-86bf-f9c20be448be,2026-05-17T14:28:58.144791
f7636975-175a-422f-ae2b-e729d4e018d1,SUAMIKU LUKAKU,21cineplex,,16SLUU,Drama,92 menit,D17+,2D,2026-05-27,ec6bcf78-00e7-4560-b5e3-cff4fdaeb26c,2026-05-17T14:28:58.144953
695a9edb-6fc4-4afd-b0e8-6bcff58c336f,TUMBAL PROYEK,21cineplex,,16TPRK,Horror,106 menit,D17+,2D,2026-05-17,e62cc7ca-4ef6-4b62-8886-35815d90c787,2026-05-17T14:28:59.348395
695a9edb-6fc4-4afd-b0e8-6bcff58c336f,YANG LAIN BOLEH HILANG ASAL KAU JANGAN,21cineplex,,16YLBH,Drama,113 menit,13+,2D,2026-05-17,63593e0d-f826-4f35-94c2-b72574ac70ec,2026-05-17T14:28:59.348745
695a9edb-6fc4-4afd-b0e8-6bcff58c336f,THE SHEEP DETECTIVES,21cineplex,,26SDES,"Comedy, Mystery",109 menit,SU,2D,2026-05-17,f199c9ce-7587-42fd-bda8-f9130bd84c2d,2026-05-17T14:28:59.348872
695a9edb-6fc4-4afd-b0e8-6bcff58c336f,SALMOKJI: WHISPERING WATER,21cineplex,,26SWWR,Horror,95 menit,D17+,2D,2026-05-17,6ea5a378-b380-4d55-8f63-10db6c82c7d7,2026-05-17T14:28:59.349171
695a9edb-6fc4-4afd-b0e8-6bcff58c336f,SEMUA AKAN BAIK-BAIK SAJA,21cineplex,,16SABB,Drama,113 menit,13+,2D,2026-05-17,f38866be-18c8-49f3-85ca-508cecd1ccf4,2026-05-17T14:28:59.349441
695a9edb-6fc4-4afd-b0e8-6bcff58c336f,MORTAL KOMBAT II,21cineplex,,25MKT2,"Action, Adventure",116 menit,D17+,2D,2026-05-17,6cee220d-5b7a-4ee1-b6e3-a6cdda57e541,2026-05-17T14:28:59.349651
695a9edb-6fc4-4afd-b0e8-6bcff58c336f,KAMU HARUS MATI,21cineplex,,16KHMI,"Horror, Mystery, Thriller",90 menit,13+,2D,2026-05-21,77fa6c6d-215c-4064-92fb-0fa6cfd31308,2026-05-17T14:28:59.349839
695a9edb-6fc4-4afd-b0e8-6bcff58c336f,KELUARGA SUAMI ADALAH HAMA,21cineplex,,16KSAH,Drama,117 menit,13+,2D,2026-05-21,b2515220-a23f-4767-972a-dc4802631aa5,2026-05-17T14:28:59.350051
3bb4d13f-b228-4d5d-bb1d-7837288c0c67,GHOST IN THE CELL,21cineplex,,16GITC,"Comedy, Horror",106 menit,D17+,2D,2026-05-17,8de438e8-5329-4ca7-a9c7-41bda8509973,2026-05-17T14:29:01.082383
3bb4d13f-b228-4d5d-bb1d-7837288c0c67,MORTAL KOMBAT II,21cineplex,,25MKT2,"Action, Adventure",116 menit,D17+,2D,2026-05-17,4cfce0c6-328a-4b13-b5ad-da253f0494e5,2026-05-17T14:29:01.082543
3bb4d13f-b228-4d5d-bb1d-7837288c0c67,DILAN ITB 1997,21cineplex,,16DI97,"Drama, Romance",110 menit,13+,2D,2026-05-17,b94f4887-d0c6-421e-a177-476df27f8374,2026-05-17T14:29:01.082617
3bb4d13f-b228-4d5d-bb1d-7837288c0c67,YANG LAIN BOLEH HILANG ASAL KAU JANGAN,21cineplex,,16YLBH,Drama,113 menit,13+,2D,2026-05-17,8e096323-2bb2-4def-aae3-9c35f7dbd9a1,2026-05-17T14:29:01.082672
3bb4d13f-b228-4d5d-bb1d-7837288c0c67,TUMBAL PROYEK,21cineplex,,16TPRK,Horror,106 menit,D17+,2D,2026-05-17,b24de0a4-b924-41fb-83dc-b288ed669185,2026-05-17T14:29:01.082848
3bb4d13f-b228-4d5d-bb1d-7837288c0c67,SEMUA AKAN BAIK-BAIK SAJA,21cineplex,,16SABB,Drama,113 menit,13+,2D,2026-05-17,624abf80-6148-4b7f-a753-c111cfdeb664,2026-05-17T14:29:01.083012
3bb4d13f-b228-4d5d-bb1d-7837288c0c67,KELUARGA SUAMI ADALAH HAMA,21cineplex,,16KSAH,Drama,117 menit,13+,2D,2026-05-21,e7bfb60b-0c92-453d-82ec-fbaffd5d27a2,2026-05-17T14:29:01.083234
3bb4d13f-b228-4d5d-bb1d-7837288c0c67,SEKAWAN LIMO 2: GUNUNG KLAWIH,21cineplex,,16SK2G,"Comedy, Horror",122 menit,13+,2D,2026-05-27,7df2f34b-4a83-4f53-8211-ac5e2900becf,2026-05-17T14:29:01.083317
2cd970bf-952f-4ebd-b4c7-0af3bc1c8038,GOHAN,21cineplex,,26GOHN,Drama,140 menit,SU,2D,2026-05-17,fe1ecb22-761b-4d3e-aec6-dc73b79dfd54,2026-05-17T14:29:02.398557
2cd970bf-952f-4ebd-b4c7-0af3bc1c8038,THE SHEEP DETECTIVES,21cineplex,,26SDES,"Comedy, Mystery",109 menit,SU,2D,2026-05-17,ed25acff-7463-4a62-93be-643245b6f69d,2026-05-17T14:29:02.398675
2cd970bf-952f-4ebd-b4c7-0af3bc1c8038,SALMOKJI: WHISPERING WATER,21cineplex,,26SWWR,Horror,95 menit,D17+,2D,2026-05-17,e9030e53-d7dc-427d-9095-2661d03d6e3e,2026-05-17T14:29:02.398774
2cd970bf-952f-4ebd-b4c7-0af3bc1c8038,SEMUA AKAN BAIK-BAIK SAJA,21cineplex,,16SABB,Drama,113 menit,13+,2D,2026-05-17,03c5077a-5dc5-4b6f-9cac-86eb797fade9,2026-05-17T14:29:02.398859
2cd970bf-952f-4ebd-b4c7-0af3bc1c8038,GHOST IN THE CELL,21cineplex,,16GITC,"Comedy, Horror",106 menit,D17+,2D,2026-05-17,0a7c85fc-90eb-46aa-b7d3-bd805523a7d1,2026-05-17T14:29:02.399018
2cd970bf-952f-4ebd-b4c7-0af3bc1c8038,TUMBAL PROYEK,21cineplex,,16TPRK,Horror,106 menit,D17+,2D,2026-05-17,fce96c19-e052-42be-ad22-2a03cc6179e3,2026-05-17T14:29:02.399096
2cd970bf-952f-4ebd-b4c7-0af3bc1c8038,IN THE GREY,21cineplex,,26ITGY,"Action, Thriller",97 menit,13+,2D,2026-05-17,8d9840fb-573f-4eca-90d6-b99c1e2f51cf,2026-05-17T14:29:02.399220
2cd970bf-952f-4ebd-b4c7-0af3bc1c8038,MORTAL KOMBAT II,21cineplex,,25MKT2,"Action, Adventure",116 menit,D17+,2D,2026-05-17,43feb460-6605-42f4-b20a-2620b152343f,2026-05-17T14:29:02.399289
2cd970bf-952f-4ebd-b4c7-0af3bc1c8038,THE DEVIL WEARS PRADA 2,21cineplex,,26DWP2,"Comedy, Drama",119 menit,13+,2D,2026-05-17,e14beaf2-3a79-4500-a308-c89fd72fb415,2026-05-17T14:29:02.399415
2cd970bf-952f-4ebd-b4c7-0af3bc1c8038,STAR WARS: THE MANDALORIAN AND GROGU,21cineplex,,26SWMG,"Fantasy, Sci-Fi",132 menit,13+,2D,2026-05-20,c70d4765-c128-493a-a481-4fd12dd20045,2026-05-17T14:29:02.399516
2cd970bf-952f-4ebd-b4c7-0af3bc1c8038,KELUARGA SUAMI ADALAH HAMA,21cineplex,,16KSAH,Drama,117 menit,13+,2D,2026-05-21,7c336c8a-d705-41ec-bc30-b6e3ffc2e631,2026-05-17T14:29:02.399622
2cd970bf-952f-4ebd-b4c7-0af3bc1c8038,SEKAWAN LIMO 2: GUNUNG KLAWIH,21cineplex,,16SK2G,"Comedy, Horror",122 menit,13+,2D,2026-05-27,57cf7353-b1fd-4450-b082-ffc7896b28ff,2026-05-17T14:29:02.399756
2cd970bf-952f-4ebd-b4c7-0af3bc1c8038,SUAMIKU LUKAKU,21cineplex,,16SLUU,Drama,92 menit,D17+,2D,2026-05-27,9d4d87d8-7514-4af6-b1a5-e3359bbe67fe,2026-05-17T14:29:02.399861
8406bbe0-bad6-415f-a6bb-26ef8d58faaf,"AYAH, INI ARAHNYA KEMANA, YA?",21cineplex,,16AIAK,Drama,103 menit,13+,2D,2026-05-17,f1deb08d-b6bc-4671-806a-d29bbd1ddd13,2026-05-17T14:29:04.089817
8406bbe0-bad6-415f-a6bb-26ef8d58faaf,DILAN ITB 1997,21cineplex,,16DI97,"Drama, Romance",110 menit,13+,2D,2026-05-17,177ea95e-8fe3-4771-8aeb-5815387698e6,2026-05-17T14:29:04.090107
8406bbe0-bad6-415f-a6bb-26ef8d58faaf,GHOST IN THE CELL,21cineplex,,16GITC,"Comedy, Horror",106 menit,D17+,2D,2026-05-17,465f3d44-96f3-42e6-8c58-3868d36d7e5c,2026-05-17T14:29:04.090243
8406bbe0-bad6-415f-a6bb-26ef8d58faaf,TUMBAL PROYEK,21cineplex,,16TPRK,Horror,106 menit,D17+,2D,2026-05-17,a2d04a65-9340-446e-b58d-ea89a5ac0d2b,2026-05-17T14:29:04.090467
8406bbe0-bad6-415f-a6bb-26ef8d58faaf,SEMUA AKAN BAIK-BAIK SAJA,21cineplex,,16SABB,Drama,113 menit,13+,2D,2026-05-17,35296669-9567-47bc-998a-5fd11d16fe97,2026-05-17T14:29:04.090660
8406bbe0-bad6-415f-a6bb-26ef8d58faaf,KELUARGA SUAMI ADALAH HAMA,21cineplex,,16KSAH,Drama,117 menit,13+,2D,2026-05-21,a19c0c9b-96f0-442b-8042-cf225ec3255a,2026-05-17T14:29:04.090907
0b437dad-f286-4f77-8ff0-b46ff966303b,MORTAL KOMBAT II,21cineplex,,25MKT2,"Action, Adventure",116 menit,D17+,2D,2026-05-17,7f3e6139-f1c4-427e-a3ce-3c34f4a8ddb0,2026-05-17T14:29:05.362805
0b437dad-f286-4f77-8ff0-b46ff966303b,SEMUA AKAN BAIK-BAIK SAJA,21cineplex,,16SABB,Drama,113 menit,13+,2D,2026-05-17,df0d951a-8276-4bbc-9c49-141cd29edfb4,2026-05-17T14:29:05.362911
0b437dad-f286-4f77-8ff0-b46ff966303b,TUMBAL PROYEK,21cineplex,,16TPRK,Horror,106 menit,D17+,2D,2026-05-17,b9f1cd98-3f60-4daf-87ac-17de9a40b391,2026-05-17T14:29:05.363017
0b437dad-f286-4f77-8ff0-b46ff966303b,IN THE GREY,21cineplex,,26ITGY,"Action, Thriller",97 menit,13+,2D,2026-05-17,00f03244-8cc0-4a48-b4d0-ab02ab15e9de,2026-05-17T14:29:05.363102
0b437dad-f286-4f77-8ff0-b46ff966303b,THE SHEEP DETECTIVES,21cineplex,,26SDES,"Comedy, Mystery",109 menit,SU,2D,2026-05-17,d71d83a5-e206-4cb9-a4b7-9e4a4209a93e,2026-05-17T14:29:05.363167
0b437dad-f286-4f77-8ff0-b46ff966303b,GHOST IN THE CELL,21cineplex,,16GITC,"Comedy, Horror",106 menit,D17+,2D,2026-05-17,454cb9eb-41ad-4fbb-85cd-d504ca443a64,2026-05-17T14:29:05.363208
0b437dad-f286-4f77-8ff0-b46ff966303b,GOHAN,21cineplex,,26GOHN,Drama,140 menit,SU,2D,2026-05-17,0d706481-f4fa-4278-8b7b-5f3329086ce0,2026-05-17T14:29:05.363276
0b437dad-f286-4f77-8ff0-b46ff966303b,KELUARGA SUAMI ADALAH HAMA,21cineplex,,16KSAH,Drama,117 menit,13+,2D,2026-05-21,5c51c75d-166e-4e6e-9ed0-0e4cc6b51bc8,2026-05-17T14:29:05.363335
0b437dad-f286-4f77-8ff0-b46ff966303b,SEKAWAN LIMO 2: GUNUNG KLAWIH,21cineplex,,16SK2G,"Comedy, Horror",122 menit,13+,2D,2026-05-27,02d6febf-ecdc-4f2b-a078-5374703e3285,2026-05-17T14:29:05.363431
e0e2d964-9f02-44e8-994a-4ee3ae826a08,"AYAH, INI ARAHNYA KEMANA, YA?",21cineplex,,16AIAK,Drama,103 menit,13+,2D,2026-05-17,a9cdca7b-1ae4-45a5-97ea-ab4f6522f86e,2026-05-17T14:29:07.114989
e0e2d964-9f02-44e8-994a-4ee3ae826a08,THE BELL: PANGGILAN UNTUK MATI,21cineplex,,16TBPU,Horror,91 menit,D17+,2D,2026-05-17,f7738ed0-bff5-4d4c-a872-6535ba5f8bd3,2026-05-17T14:29:07.115091
e0e2d964-9f02-44e8-994a-4ee3ae826a08,THE SHEEP DETECTIVES,21cineplex,,26SDES,"Comedy, Mystery",109 menit,SU,2D,2026-05-17,0cfa8760-19c9-4ca6-a67e-7a483addb5a6,2026-05-17T14:29:07.115156
e0e2d964-9f02-44e8-994a-4ee3ae826a08,GHOST IN THE CELL,21cineplex,,16GITC,"Comedy, Horror",106 menit,D17+,2D,2026-05-17,2607a669-df30-4878-bbb2-2f62bb03e924,2026-05-17T14:29:07.115200
e0e2d964-9f02-44e8-994a-4ee3ae826a08,TUMBAL PROYEK,21cineplex,,16TPRK,Horror,106 menit,D17+,2D,2026-05-17,c0ec9025-a484-47b0-a9d8-a5cf1390d945,2026-05-17T14:29:07.115260
e0e2d964-9f02-44e8-994a-4ee3ae826a08,GOHAN,21cineplex,,26GOHN,Drama,140 menit,SU,2D,2026-05-17,fe3e8f3a-952c-4656-b78b-187718ecb407,2026-05-17T14:29:07.115315
e0e2d964-9f02-44e8-994a-4ee3ae826a08,YANG LAIN BOLEH HILANG ASAL KAU JANGAN,21cineplex,,16YLBH,Drama,113 menit,13+,2D,2026-05-17,4aabcf49-0d1e-4db9-9128-d832db1e6e17,2026-05-17T14:29:07.115351
e0e2d964-9f02-44e8-994a-4ee3ae826a08,SEMUA AKAN BAIK-BAIK SAJA,21cineplex,,16SABB,Drama,113 menit,13+,2D,2026-05-17,36a6cda4-13ee-4a10-b3ed-e9afcb106e7d,2026-05-17T14:29:07.115415
e0e2d964-9f02-44e8-994a-4ee3ae826a08,KELUARGA SUAMI ADALAH HAMA,21cineplex,,16KSAH,Drama,117 menit,13+,2D,2026-05-21,bd87b375-7551-4724-9509-668f41dc09a1,2026-05-17T14:29:07.115483
e0e2d964-9f02-44e8-994a-4ee3ae826a08,CHILDREN OF HEAVEN,21cineplex,,16COHN,"Drama, Family",97 menit,SU,2D,2026-05-27,bd9d89d4-c135-4c24-814f-a2e1f15bc45c,2026-05-17T14:29:07.115550
e0e2d964-9f02-44e8-994a-4ee3ae826a08,SEKAWAN LIMO 2: GUNUNG KLAWIH,21cineplex,,16SK2G,"Comedy, Horror",122 menit,13+,2D,2026-05-27,23dddf4f-3b88-416e-bfd7-92db1c0657b6,2026-05-17T14:29:07.115606
e0e2d964-9f02-44e8-994a-4ee3ae826a08,SUAMIKU LUKAKU,21cineplex,,16SLUU,Drama,92 menit,D17+,2D,2026-05-27,5b8ea282-28a3-477f-b450-78e919f8b428,2026-05-17T14:29:07.115662
db9bf57d-72e3-4676-819e-ba4617dc0b5a,MORTAL KOMBAT II,21cineplex,,25MKT2,"Action, Adventure",116 menit,D17+,2D,2026-05-17,74bee9cb-0a24-46c2-9be1-f0676626ac37,2026-05-17T14:29:08.395727
db9bf57d-72e3-4676-819e-ba4617dc0b5a,TUMBAL PROYEK,21cineplex,,16TPRK,Horror,106 menit,D17+,2D,2026-05-17,bfebf101-cccb-491f-9788-f27554b34443,2026-05-17T14:29:08.395871
db9bf57d-72e3-4676-819e-ba4617dc0b5a,GOHAN,21cineplex,,26GOHN,Drama,140 menit,SU,2D,2026-05-17,b39ae3a4-9d47-47b4-a136-c6ab0e627bd2,2026-05-17T14:29:08.395956
db9bf57d-72e3-4676-819e-ba4617dc0b5a,YANG LAIN BOLEH HILANG ASAL KAU JANGAN,21cineplex,,16YLBH,Drama,113 menit,13+,2D,2026-05-17,574d49dc-8784-4898-b210-75bde2872c43,2026-05-17T14:29:08.396026
db9bf57d-72e3-4676-819e-ba4617dc0b5a,SEMUA AKAN BAIK-BAIK SAJA,21cineplex,,16SABB,Drama,113 menit,13+,2D,2026-05-17,86c2a3bf-3664-4e40-9f0c-15cd20699b2f,2026-05-17T14:29:08.396125
db9bf57d-72e3-4676-819e-ba4617dc0b5a,THE SHEEP DETECTIVES,21cineplex,,26SDES,"Comedy, Mystery",109 menit,SU,2D,2026-05-17,6230d879-e7d3-46b9-9dd2-3a25563dc7b4,2026-05-17T14:29:08.396230
db9bf57d-72e3-4676-819e-ba4617dc0b5a,GHOST IN THE CELL,21cineplex,,16GITC,"Comedy, Horror",106 menit,D17+,2D,2026-05-17,2c1ad791-2458-450e-8699-8895966e17b2,2026-05-17T14:29:08.396300
db9bf57d-72e3-4676-819e-ba4617dc0b5a,DILAN ITB 1997,21cineplex,,16DI97,"Drama, Romance",110 menit,13+,2D,2026-05-17,71cff784-14dc-43e4-8e8d-6ebbd7d5a7fa,2026-05-17T14:29:08.396398
db9bf57d-72e3-4676-819e-ba4617dc0b5a,KELUARGA SUAMI ADALAH HAMA,21cineplex,,16KSAH,Drama,117 menit,13+,2D,2026-05-21,b68e4e63-d8d4-48bf-ad21-e747919e67d1,2026-05-17T14:29:08.396485
db9bf57d-72e3-4676-819e-ba4617dc0b5a,SUAMIKU LUKAKU,21cineplex,,16SLUU,Drama,92 menit,D17+,2D,2026-05-27,761d5148-d215-4274-8c2f-b6d611cff94e,2026-05-17T14:29:08.396593
db9bf57d-72e3-4676-819e-ba4617dc0b5a,CHILDREN OF HEAVEN,21cineplex,,16COHN,"Drama, Family",97 menit,SU,2D,2026-05-27,ff54cd70-54f7-4b5f-b7e9-0bb1e5a46359,2026-05-17T14:29:08.396690
db9bf57d-72e3-4676-819e-ba4617dc0b5a,SEKAWAN LIMO 2: GUNUNG KLAWIH,21cineplex,,16SK2G,"Comedy, Horror",122 menit,13+,2D,2026-05-27,6ee3cf7f-b8aa-4d1e-ab27-05bd05cd2f82,2026-05-17T14:29:08.396773
ee2c053f-6c47-4764-b6d4-db2b665bd83d,"AYAH, INI ARAHNYA KEMANA, YA?",21cineplex,,16AIAK,Drama,103 menit,13+,2D,2026-05-17,00a7fed6-d511-4127-9834-a5cb208cb7b2,2026-05-17T14:29:11.340903
ee2c053f-6c47-4764-b6d4-db2b665bd83d,SEMUA AKAN BAIK-BAIK SAJA,21cineplex,,16SABB,Drama,113 menit,13+,2D,2026-05-17,7dfb49c0-3d4a-4f45-9ccd-ef5bfba1ff34,2026-05-17T14:29:11.341028
ee2c053f-6c47-4764-b6d4-db2b665bd83d,TUMBAL PROYEK,21cineplex,,16TPRK,Horror,106 menit,D17+,2D,2026-05-17,9fe34110-6954-4916-9e13-f0a3bdabefad,2026-05-17T14:29:11.341102
ee2c053f-6c47-4764-b6d4-db2b665bd83d,GHOST IN THE CELL,21cineplex,,16GITC,"Comedy, Horror",106 menit,D17+,2D,2026-05-17,1987695d-bc08-4e64-8bfa-1d134ce89c03,2026-05-17T14:29:11.341165
ee2c053f-6c47-4764-b6d4-db2b665bd83d,DILAN ITB 1997,21cineplex,,16DI97,"Drama, Romance",110 menit,13+,2D,2026-05-17,101905e8-47b3-4965-ac02-f88d77f77377,2026-05-17T14:29:11.341201
ee2c053f-6c47-4764-b6d4-db2b665bd83d,YANG LAIN BOLEH HILANG ASAL KAU JANGAN,21cineplex,,16YLBH,Drama,113 menit,13+,2D,2026-05-17,67a1f8b0-b7bd-4a31-ae6d-76852f9e550b,2026-05-17T14:29:11.341227
e06de13c-d5e4-4e92-a57a-1b12dc19ebf9,DILAN ITB 1997,21cineplex,,16DI97,"Drama, Romance",110 menit,13+,2D,2026-05-17,2c77f4ca-2635-4e3d-8601-9718c54500e2,2026-05-17T14:29:13.105500
e06de13c-d5e4-4e92-a57a-1b12dc19ebf9,SEMUA AKAN BAIK-BAIK SAJA,21cineplex,,16SABB,Drama,113 menit,13+,2D,2026-05-17,e5c293d1-2c82-42e8-a0a8-2854d472dd53,2026-05-17T14:29:13.105591
e06de13c-d5e4-4e92-a57a-1b12dc19ebf9,SALMOKJI: WHISPERING WATER,21cineplex,,26SWWR,Horror,95 menit,D17+,2D,2026-05-17,7e053880-64fa-421b-bd7f-ee9ed5338fab,2026-05-17T14:29:13.105727
e06de13c-d5e4-4e92-a57a-1b12dc19ebf9,MORTAL KOMBAT II,21cineplex,,25MKT2,"Action, Adventure",116 menit,D17+,2D,2026-05-17,bd058dc1-1c80-4a0f-aec1-a615c919f346,2026-05-17T14:29:13.105780
e06de13c-d5e4-4e92-a57a-1b12dc19ebf9,YANG LAIN BOLEH HILANG ASAL KAU JANGAN,21cineplex,,16YLBH,Drama,113 menit,13+,2D,2026-05-17,9da50030-3005-4d2a-af16-ca0ab30057dc,2026-05-17T14:29:13.105852
e06de13c-d5e4-4e92-a57a-1b12dc19ebf9,TUMBAL PROYEK,21cineplex,,16TPRK,Horror,106 menit,D17+,2D,2026-05-17,4304d63d-431a-46b3-84d8-6879ea9e6a3c,2026-05-17T14:29:13.105913
e06de13c-d5e4-4e92-a57a-1b12dc19ebf9,GHOST IN THE CELL,21cineplex,,16GITC,"Comedy, Horror",106 menit,D17+,2D,2026-05-17,fecd1ee3-de42-489f-be53-16005c7bac65,2026-05-17T14:29:13.106017
e06de13c-d5e4-4e92-a57a-1b12dc19ebf9,CHILDREN OF HEAVEN,21cineplex,,16COHN,"Drama, Family",97 menit,SU,2D,2026-05-27,7b1273c4-3bbd-44be-abde-1701b99f14a0,2026-05-17T14:29:13.106081
8d34cf7e-928b-4052-bf47-962489b05b7e,THE SHEEP DETECTIVES,21cineplex,,26SDES,"Comedy, Mystery",109 menit,SU,2D,2026-05-17,422224c6-0fc8-4348-8573-fcb01065075c,2026-05-17T14:29:14.412301
8d34cf7e-928b-4052-bf47-962489b05b7e,MICHAEL,21cineplex,,26MICL,Biography,127 menit,SU,2D,2026-05-17,f63418fe-78b0-476a-bbd6-ec404e013845,2026-05-17T14:29:14.412583
8d34cf7e-928b-4052-bf47-962489b05b7e,THE DEVIL WEARS PRADA 2,21cineplex,,26DWP2,"Comedy, Drama",119 menit,13+,2D,2026-05-17,b9b68659-041d-452c-8183-81ab8752c7bb,2026-05-17T14:29:14.412768
8d34cf7e-928b-4052-bf47-962489b05b7e,MORTAL KOMBAT II,21cineplex,,25MKT2,"Action, Adventure",116 menit,D17+,2D,2026-05-17,1bc2dad6-d616-49f6-9c1b-2fa2cd4a47f6,2026-05-17T14:29:14.412898
8d34cf7e-928b-4052-bf47-962489b05b7e,SEMUA AKAN BAIK-BAIK SAJA,21cineplex,,16SABB,Drama,113 menit,13+,2D,2026-05-17,e3cc5986-7c5a-4342-9933-1b38f3a074d1,2026-05-17T14:29:14.413096
8d34cf7e-928b-4052-bf47-962489b05b7e,GOHAN,21cineplex,,26GOHN,Drama,140 menit,SU,2D,2026-05-17,9a8ffcc8-55f0-4bd1-a44a-34bffe792c48,2026-05-17T14:29:14.413349
8d34cf7e-928b-4052-bf47-962489b05b7e,TUMBAL PROYEK,21cineplex,,16TPRK,Horror,106 menit,D17+,2D,2026-05-17,2dbf8f5a-0248-4e12-a6e2-292ee1bdf199,2026-05-17T14:29:14.413465
8d34cf7e-928b-4052-bf47-962489b05b7e,STAR WARS: THE MANDALORIAN AND GROGU,21cineplex,,26SWMG,"Fantasy, Sci-Fi",132 menit,13+,2D,2026-05-20,8270475b-0e58-4bcd-b599-d57817a95b26,2026-05-17T14:29:14.413691
8d34cf7e-928b-4052-bf47-962489b05b7e,KAMU HARUS MATI,21cineplex,,16KHMI,"Horror, Mystery, Thriller",90 menit,13+,2D,2026-05-21,3de88700-972c-4c27-a48f-5a7b71d0911f,2026-05-17T14:29:14.413884
8d34cf7e-928b-4052-bf47-962489b05b7e,KELUARGA SUAMI ADALAH HAMA,21cineplex,,16KSAH,Drama,117 menit,13+,2D,2026-05-21,15cb6ce9-9b61-449a-ac59-e1b0b0ebcd3d,2026-05-17T14:29:14.414101
8d34cf7e-928b-4052-bf47-962489b05b7e,SEKAWAN LIMO 2: GUNUNG KLAWIH,21cineplex,,16SK2G,"Comedy, Horror",122 menit,13+,2D,2026-05-27,843d9610-e9da-45a4-a90d-eed22fa51bbd,2026-05-17T14:29:14.414355
e175eb71-74ee-4c1a-b936-0d4a4d30b5d9,TUMBAL PROYEK,21cineplex,,16TPRK,Horror,106 menit,D17+,2D,2026-05-17,d1120bd9-f282-4c0c-8db9-e75e3bc02f78,2026-05-17T14:29:23.743178
e175eb71-74ee-4c1a-b936-0d4a4d30b5d9,SALMOKJI: WHISPERING WATER,21cineplex,,26SWWR,Horror,95 menit,D17+,2D,2026-05-17,7216e5c7-49ea-46c3-bafd-0937cb6c2d53,2026-05-17T14:29:23.743433
e175eb71-74ee-4c1a-b936-0d4a4d30b5d9,TIBA TIBA SETAN,21cineplex,,16TTSN,"Comedy, Horror",113 menit,13+,2D,2026-05-17,74560575-e6dc-48de-b131-2c8bbb47cab5,2026-05-17T14:29:23.743551
e175eb71-74ee-4c1a-b936-0d4a4d30b5d9,GHOST IN THE CELL,21cineplex,,16GITC,"Comedy, Horror",106 menit,D17+,2D,2026-05-17,242291ee-7eba-491b-9b58-ea0760aeff41,2026-05-17T14:29:23.743690
e175eb71-74ee-4c1a-b936-0d4a4d30b5d9,SEMUA AKAN BAIK-BAIK SAJA,21cineplex,,16SABB,Drama,113 menit,13+,2D,2026-05-17,3e7862ce-961e-40fc-8e02-6132267f8908,2026-05-17T14:29:23.743792
e175eb71-74ee-4c1a-b936-0d4a4d30b5d9,KAMU HARUS MATI,21cineplex,,16KHMI,"Horror, Mystery, Thriller",90 menit,13+,2D,2026-05-21,8714a36d-19de-4f53-8d51-27086d8c7139,2026-05-17T14:29:23.743987
a7067cea-9c9f-4d8d-837e-9a241a58b786,DILAN ITB 1997,21cineplex,,16DI97,"Drama, Romance",110 menit,13+,2D,2026-05-17,5a8ab54f-8b36-47f0-8ad4-072c867c2fab,2026-05-17T14:29:23.744501
a7067cea-9c9f-4d8d-837e-9a241a58b786,SALMOKJI: WHISPERING WATER,21cineplex,,26SWWR,Horror,95 menit,D17+,2D,2026-05-17,fc7e9516-6180-4ef7-aa45-33598280892c,2026-05-17T14:29:23.744716
a7067cea-9c9f-4d8d-837e-9a241a58b786,TUMBAL PROYEK,21cineplex,,16TPRK,Horror,106 menit,D17+,2D,2026-05-17,776752b9-0eb2-4775-a009-9fb7d73baffc,2026-05-17T14:29:23.744853
a7067cea-9c9f-4d8d-837e-9a241a58b786,SEMUA AKAN BAIK-BAIK SAJA,21cineplex,,16SABB,Drama,113 menit,13+,2D,2026-05-17,6f57353c-f2c0-4a49-8560-b6c11ef0cc3b,2026-05-17T14:29:23.745046
a7067cea-9c9f-4d8d-837e-9a241a58b786,GHOST IN THE CELL,21cineplex,,16GITC,"Comedy, Horror",106 menit,D17+,2D,2026-05-17,c7414489-d8aa-4bf5-904f-a9c1419a99e1,2026-05-17T14:29:23.745242
a7067cea-9c9f-4d8d-837e-9a241a58b786,KAMU HARUS MATI,21cineplex,,16KHMI,"Horror, Mystery, Thriller",90 menit,13+,2D,2026-05-21,009a5fad-427c-4662-b3b5-0746797dcbca,2026-05-17T14:29:23.745425
2d2f6f7e-2a91-4f76-b930-e9a9667e4646,DILAN ITB 1997,21cineplex,,16DI97,"Drama, Romance",110 menit,13+,2D,2026-05-17,4d1f854d-b6de-4b9f-a923-1890e873921c,2026-05-17T14:29:23.745966
2d2f6f7e-2a91-4f76-b930-e9a9667e4646,THE BELL: PANGGILAN UNTUK MATI,21cineplex,,16TBPU,Horror,91 menit,D17+,2D,2026-05-17,cd9d65df-4bca-4697-bc8e-11897d3c01a1,2026-05-17T14:29:23.746140
2d2f6f7e-2a91-4f76-b930-e9a9667e4646,TUMBAL PROYEK,21cineplex,,16TPRK,Horror,106 menit,D17+,2D,2026-05-17,e0c80528-1223-4da7-bffa-c6eea2955025,2026-05-17T14:29:23.746281
2d2f6f7e-2a91-4f76-b930-e9a9667e4646,SEMUA AKAN BAIK-BAIK SAJA,21cineplex,,16SABB,Drama,113 menit,13+,2D,2026-05-17,6cee4e99-2868-4f09-ae9b-cf65e2ce7129,2026-05-17T14:29:23.746461
2d2f6f7e-2a91-4f76-b930-e9a9667e4646,TIBA TIBA SETAN,21cineplex,,16TTSN,"Comedy, Horror",113 menit,13+,2D,2026-05-17,b3bcc116-fdc6-4857-a547-5c96799fed7a,2026-05-17T14:29:23.746667
2d2f6f7e-2a91-4f76-b930-e9a9667e4646,"AYAH, INI ARAHNYA KEMANA, YA?",21cineplex,,16AIAK,Drama,103 menit,13+,2D,2026-05-17,04b0317f-10e1-4e2a-a589-a5237b1057a2,2026-05-17T14:29:23.746830
2d2f6f7e-2a91-4f76-b930-e9a9667e4646,YANG LAIN BOLEH HILANG ASAL KAU JANGAN,21cineplex,,16YLBH,Drama,113 menit,13+,2D,2026-05-17,1555cbde-4e7a-45f9-b2ff-92c1742abed5,2026-05-17T14:29:23.746963
2d2f6f7e-2a91-4f76-b930-e9a9667e4646,GHOST IN THE CELL,21cineplex,,16GITC,"Comedy, Horror",106 menit,D17+,2D,2026-05-17,f6c38fa1-f487-427c-82a8-61b35777f7a8,2026-05-17T14:29:23.747153
2d2f6f7e-2a91-4f76-b930-e9a9667e4646,THE SHEEP DETECTIVES,21cineplex,,26SDES,"Comedy, Mystery",109 menit,SU,2D,2026-05-17,bd96a3d1-62f4-484d-91af-eec7a1e03a09,2026-05-17T14:29:23.747257
2d2f6f7e-2a91-4f76-b930-e9a9667e4646,KAMU HARUS MATI,21cineplex,,16KHMI,"Horror, Mystery, Thriller",90 menit,13+,2D,2026-05-21,93f259b7-95b3-4985-8f82-b11ddf831687,2026-05-17T14:29:23.747389
2d2f6f7e-2a91-4f76-b930-e9a9667e4646,SEKAWAN LIMO 2: GUNUNG KLAWIH,21cineplex,,16SK2G,"Comedy, Horror",122 menit,13+,2D,2026-05-27,ccb72d29-363e-47e8-b722-6b7684c1b38a,2026-05-17T14:29:23.747569
2d2f6f7e-2a91-4f76-b930-e9a9667e4646,CHILDREN OF HEAVEN,21cineplex,,16COHN,"Drama, Family",97 menit,SU,2D,2026-05-27,be455a43-ba09-4835-b78f-47df5974fc17,2026-05-17T14:29:23.747742
2d2f6f7e-2a91-4f76-b930-e9a9667e4646,SUAMIKU LUKAKU,21cineplex,,16SLUU,Drama,92 menit,D17+,2D,2026-05-27,110e5f15-47d8-49e4-bfee-2644136ad6aa,2026-05-17T14:29:23.747926
5fb3dd3c-3b97-46d1-b05c-f09064ddb3a9,TUMBAL PROYEK,21cineplex,,16TPRK,Horror,106 menit,D17+,2D,2026-05-17,8ae4fdee-11a6-4d8d-9f30-9ce31bf911af,2026-05-17T14:29:23.748353
5fb3dd3c-3b97-46d1-b05c-f09064ddb3a9,SALMOKJI: WHISPERING WATER,21cineplex,,26SWWR,Horror,95 menit,D17+,2D,2026-05-17,1a7312a9-097b-496a-bef3-207d73bff368,2026-05-17T14:29:23.748657
5fb3dd3c-3b97-46d1-b05c-f09064ddb3a9,SEMUA AKAN BAIK-BAIK SAJA,21cineplex,,16SABB,Drama,113 menit,13+,2D,2026-05-17,424ca51e-3361-4142-9af8-00c1eb979a4c,2026-05-17T14:29:23.748772
5fb3dd3c-3b97-46d1-b05c-f09064ddb3a9,GHOST IN THE CELL,21cineplex,,16GITC,"Comedy, Horror",106 menit,D17+,2D,2026-05-17,2dfc1ab0-cb53-49d6-a9b1-2ee52e5cc850,2026-05-17T14:29:23.748956
5fb3dd3c-3b97-46d1-b05c-f09064ddb3a9,MORTAL KOMBAT II,21cineplex,,25MKT2,"Action, Adventure",116 menit,D17+,2D,2026-05-17,c8b97f60-f4c5-44f0-a779-915ec4c71e29,2026-05-17T14:29:23.749090
5fb3dd3c-3b97-46d1-b05c-f09064ddb3a9,KELUARGA SUAMI ADALAH HAMA,21cineplex,,16KSAH,Drama,117 menit,13+,2D,2026-05-21,6660bca7-b3e3-4a1e-b0cc-e28a92252268,2026-05-17T14:29:23.749178
5fb3dd3c-3b97-46d1-b05c-f09064ddb3a9,SEKAWAN LIMO 2: GUNUNG KLAWIH,21cineplex,,16SK2G,"Comedy, Horror",122 menit,13+,2D,2026-05-27,903f48d3-80b6-493c-b55f-2049f61ee9f1,2026-05-17T14:29:23.749325
85fc8309-310d-4d6d-bcc8-a215e05e23a4,THE SHEEP DETECTIVES,21cineplex,,26SDES,"Comedy, Mystery",109 menit,SU,2D,2026-05-17,b0676567-f9b9-4ed3-938d-a0cbd2c52ee3,2026-05-17T14:29:23.749673
85fc8309-310d-4d6d-bcc8-a215e05e23a4,SEMUA AKAN BAIK-BAIK SAJA,21cineplex,,16SABB,Drama,113 menit,13+,2D,2026-05-17,34655ba2-23d3-4866-99be-03fbd49f6a7a,2026-05-17T14:29:23.749809
85fc8309-310d-4d6d-bcc8-a215e05e23a4,MORTAL KOMBAT II,21cineplex,,25MKT2,"Action, Adventure",116 menit,D17+,2D,2026-05-17,d5557feb-0798-43e0-83f5-826cee0cfc98,2026-05-17T14:29:23.749956
85fc8309-310d-4d6d-bcc8-a215e05e23a4,TUMBAL PROYEK,21cineplex,,16TPRK,Horror,106 menit,D17+,2D,2026-05-17,42cfadb8-66d7-4b54-b98b-a79daef0fc98,2026-05-17T14:29:23.750033
85fc8309-310d-4d6d-bcc8-a215e05e23a4,IN THE GREY,21cineplex,,26ITGY,"Action, Thriller",97 menit,13+,2D,2026-05-17,7cb00357-d039-488e-8496-eecd5ff49567,2026-05-17T14:29:23.750105
85fc8309-310d-4d6d-bcc8-a215e05e23a4,MICHAEL,21cineplex,,26MICL,Biography,127 menit,SU,2D,2026-05-17,339cedab-3af1-4339-b836-df3a42f7b070,2026-05-17T14:29:23.750194
85fc8309-310d-4d6d-bcc8-a215e05e23a4,GOHAN,21cineplex,,26GOHN,Drama,140 menit,SU,2D,2026-05-17,af40b33b-72d8-4768-9276-049654c9a566,2026-05-17T14:29:23.750315
85fc8309-310d-4d6d-bcc8-a215e05e23a4,STAR WARS: THE MANDALORIAN AND GROGU,21cineplex,,26SWMG,"Fantasy, Sci-Fi",132 menit,13+,2D,2026-05-20,a11850bf-fd98-4196-8136-594a7f3b387f,2026-05-17T14:29:23.750398
85fc8309-310d-4d6d-bcc8-a215e05e23a4,KELUARGA SUAMI ADALAH HAMA,21cineplex,,16KSAH,Drama,117 menit,13+,2D,2026-05-21,9d4dabed-7ae1-4291-8a70-2a7200a7188d,2026-05-17T14:29:23.750562
c5004af7-bdc4-45b6-ba90-dcd49c84e49f,SEMUA AKAN BAIK-BAIK SAJA,21cineplex,,16SABB,Drama,113 menit,13+,2D,2026-05-17,5cc01ccc-85ed-47b2-8050-066d4a215ec1,2026-05-17T14:29:27.054912
c5004af7-bdc4-45b6-ba90-dcd49c84e49f,YANG LAIN BOLEH HILANG ASAL KAU JANGAN,21cineplex,,16YLBH,Drama,113 menit,13+,2D,2026-05-17,4d9bec29-ac2a-4121-9371-c60da162473c,2026-05-17T14:29:27.055097
c5004af7-bdc4-45b6-ba90-dcd49c84e49f,GHOST IN THE CELL,21cineplex,,16GITC,"Comedy, Horror",106 menit,D17+,2D,2026-05-17,cba17171-9901-42ac-bf8c-45547ced79ab,2026-05-17T14:29:27.055164
c5004af7-bdc4-45b6-ba90-dcd49c84e49f,TUMBAL PROYEK,21cineplex,,16TPRK,Horror,106 menit,D17+,2D,2026-05-17,fd8eeae8-e753-4407-8b5a-66efb4762240,2026-05-17T14:29:27.055208
c5004af7-bdc4-45b6-ba90-dcd49c84e49f,SALMOKJI: WHISPERING WATER,21cineplex,,26SWWR,Horror,95 menit,D17+,2D,2026-05-17,5b18f5ca-545b-4dbe-bff5-b5d6014d3990,2026-05-17T14:29:27.055272
c5004af7-bdc4-45b6-ba90-dcd49c84e49f,MORTAL KOMBAT II,21cineplex,,25MKT2,"Action, Adventure",116 menit,D17+,2D,2026-05-17,b8c78813-4154-4d1e-968a-74f7205fb4fd,2026-05-17T14:29:27.055310
b5f9566c-8bb5-4d6c-8095-d0a317c0c2d7,MORTAL KOMBAT II,21cineplex,,25MKT2,"Action, Adventure",116 menit,D17+,2D,2026-05-17,f8ed6df1-a54c-4a8e-9a4c-7305c66cac7f,2026-05-17T14:29:28.354591
b5f9566c-8bb5-4d6c-8095-d0a317c0c2d7,SEMUA AKAN BAIK-BAIK SAJA,21cineplex,,16SABB,Drama,113 menit,13+,2D,2026-05-17,e12d6cf6-62d5-4d12-9d62-2f6226a0a00c,2026-05-17T14:29:28.354875
b5f9566c-8bb5-4d6c-8095-d0a317c0c2d7,DILAN ITB 1997,21cineplex,,16DI97,"Drama, Romance",110 menit,13+,2D,2026-05-17,12d7c419-cce3-43e3-9135-24f5babe40b0,2026-05-17T14:29:28.355125
b5f9566c-8bb5-4d6c-8095-d0a317c0c2d7,GOHAN,21cineplex,,26GOHN,Drama,140 menit,SU,2D,2026-05-17,209cc6e8-08d6-4944-9e17-b7ebcd4f63bf,2026-05-17T14:29:28.355274
b5f9566c-8bb5-4d6c-8095-d0a317c0c2d7,TUMBAL PROYEK,21cineplex,,16TPRK,Horror,106 menit,D17+,2D,2026-05-17,0a69f29a-7f49-4d65-aea9-d4a57c5a7d33,2026-05-17T14:29:28.355396
b5f9566c-8bb5-4d6c-8095-d0a317c0c2d7,KELUARGA SUAMI ADALAH HAMA,21cineplex,,16KSAH,Drama,117 menit,13+,2D,2026-05-21,69b2194c-7104-4db9-b8f5-624d4598817f,2026-05-17T14:29:28.355616
a9117a97-bc12-495e-b1c7-1f465212af68,GOHAN,21cineplex,,26GOHN,Drama,140 menit,SU,2D,2026-05-17,48f96ea5-bc19-43a8-ae82-e0794a996ff9,2026-05-17T14:29:30.116426
a9117a97-bc12-495e-b1c7-1f465212af68,THE DEVIL WEARS PRADA 2,21cineplex,,26DWP2,"Comedy, Drama",119 menit,13+,2D,2026-05-17,2b43f0f3-56d5-49e8-a1d6-d9c8690bc9f2,2026-05-17T14:29:30.116482
a9117a97-bc12-495e-b1c7-1f465212af68,SALMOKJI: WHISPERING WATER,21cineplex,,26SWWR,Horror,95 menit,D17+,2D,2026-05-17,ca764cb9-4fad-49af-982e-3de8510663ff,2026-05-17T14:29:30.116527
a9117a97-bc12-495e-b1c7-1f465212af68,DILAN ITB 1997,21cineplex,,16DI97,"Drama, Romance",110 menit,13+,2D,2026-05-17,86100bd3-22f8-4275-99b1-c4e7716e6b61,2026-05-17T14:29:30.116566
a9117a97-bc12-495e-b1c7-1f465212af68,SEMUA AKAN BAIK-BAIK SAJA,21cineplex,,16SABB,Drama,113 menit,13+,2D,2026-05-17,07406ecb-9606-41fc-b645-5732dba53df0,2026-05-17T14:29:30.116611
a9117a97-bc12-495e-b1c7-1f465212af68,THE SHEEP DETECTIVES,21cineplex,,26SDES,"Comedy, Mystery",109 menit,SU,2D,2026-05-17,72fc02b7-1909-4f76-8ce0-cecfce25c5ce,2026-05-17T14:29:30.116696
a9117a97-bc12-495e-b1c7-1f465212af68,MORTAL KOMBAT II,21cineplex,,25MKT2,"Action, Adventure",116 menit,D17+,2D,2026-05-17,8963c7a4-7153-432b-b50a-d74b568346a3,2026-05-17T14:29:30.116729
a9117a97-bc12-495e-b1c7-1f465212af68,SUAMIKU LUKAKU,21cineplex,,16SLUU,Drama,92 menit,D17+,2D,2026-05-27,4a0f5252-9084-43c3-a2a9-9a1b879d94e9,2026-05-17T14:29:30.116791
a4f447ee-17a3-45a5-8d8c-b0e6366533d0,MICHAEL,21cineplex,,26MICL,Biography,127 menit,SU,2D,2026-05-17,67741a1c-5553-4f31-8fe4-8cc429c4bae5,2026-05-17T14:29:31.345025
a4f447ee-17a3-45a5-8d8c-b0e6366533d0,GOHAN,21cineplex,,26GOHN,Drama,140 menit,SU,2D,2026-05-17,576ae081-e622-45a2-8ec2-98825cb9d8dc,2026-05-17T14:29:31.345120
a4f447ee-17a3-45a5-8d8c-b0e6366533d0,MORTAL KOMBAT II,21cineplex,,25MKT2,"Action, Adventure",116 menit,D17+,2D,2026-05-17,368d2b25-dba5-40fe-b23c-ad9a763d92a9,2026-05-17T14:29:31.345184
a4f447ee-17a3-45a5-8d8c-b0e6366533d0,THE DEVIL WEARS PRADA 2,21cineplex,,26DWP2,"Comedy, Drama",119 menit,13+,2D,2026-05-17,b8ee7d75-2334-4216-aca4-d7d0e707b2f4,2026-05-17T14:29:31.345235
a4f447ee-17a3-45a5-8d8c-b0e6366533d0,THE SHEEP DETECTIVES,21cineplex,,26SDES,"Comedy, Mystery",109 menit,SU,2D,2026-05-17,88cb127c-e2be-4eec-868a-838953da9751,2026-05-17T14:29:31.345270
a4f447ee-17a3-45a5-8d8c-b0e6366533d0,IN THE GREY,21cineplex,,26ITGY,"Action, Thriller",97 menit,13+,2D,2026-05-17,4dfa45df-0893-4670-8cd2-4a1ffc88f2ad,2026-05-17T14:29:31.345319
2d5b7c2e-5659-4cef-b5c7-be872575dae6,GHOST IN THE CELL,21cineplex,,16GITC,"Comedy, Horror",106 menit,D17+,2D,2026-05-17,793687ba-23b8-4b4b-9aa2-c23b57f08dc3,2026-05-17T14:29:34.346243
2d5b7c2e-5659-4cef-b5c7-be872575dae6,YANG LAIN BOLEH HILANG ASAL KAU JANGAN,21cineplex,,16YLBH,Drama,113 menit,13+,2D,2026-05-17,7ea34e29-e786-4949-bccb-ec2582e50cca,2026-05-17T14:29:34.346508
2d5b7c2e-5659-4cef-b5c7-be872575dae6,SEMUA AKAN BAIK-BAIK SAJA,21cineplex,,16SABB,Drama,113 menit,13+,2D,2026-05-17,143d674f-6dbe-4714-9cfa-0ad03eab754e,2026-05-17T14:29:34.346685
7132d4da-1abb-42a8-8805-0e067cb4e916,MORTAL KOMBAT II,21cineplex,,25MKT2,"Action, Adventure",116 menit,D17+,2D,2026-05-17,263ab7f1-cf4d-481f-acb7-b44085d22069,2026-05-17T14:29:37.519005
7132d4da-1abb-42a8-8805-0e067cb4e916,TUMBAL PROYEK,21cineplex,,16TPRK,Horror,106 menit,D17+,2D,2026-05-17,1a735c65-f6bf-4506-9da7-1d092ce19b4a,2026-05-17T14:29:37.519127
7132d4da-1abb-42a8-8805-0e067cb4e916,THE SHEEP DETECTIVES,21cineplex,,26SDES,"Comedy, Mystery",109 menit,SU,2D,2026-05-17,0708bab5-9921-4d2e-aef7-046b347a52fa,2026-05-17T14:29:37.519365
7132d4da-1abb-42a8-8805-0e067cb4e916,SALMOKJI: WHISPERING WATER,21cineplex,,26SWWR,Horror,95 menit,D17+,2D,2026-05-17,3ab979ce-a981-41fb-a535-e41336c350a6,2026-05-17T14:29:37.519420
7132d4da-1abb-42a8-8805-0e067cb4e916,YANG LAIN BOLEH HILANG ASAL KAU JANGAN,21cineplex,,16YLBH,Drama,113 menit,13+,2D,2026-05-17,18f0411d-ab5f-4296-8356-7a1ee6297f02,2026-05-17T14:29:37.519453
7132d4da-1abb-42a8-8805-0e067cb4e916,SEMUA AKAN BAIK-BAIK SAJA,21cineplex,,16SABB,Drama,113 menit,13+,2D,2026-05-17,fa437306-6c7d-4a96-858e-ff36aa0bf9f7,2026-05-17T14:29:37.519534
7132d4da-1abb-42a8-8805-0e067cb4e916,GHOST IN THE CELL,21cineplex,,16GITC,"Comedy, Horror",106 menit,D17+,2D,2026-05-17,fdc5dcfa-cc39-44d7-9910-0c3914049742,2026-05-17T14:29:37.519616
7132d4da-1abb-42a8-8805-0e067cb4e916,KELUARGA SUAMI ADALAH HAMA,21cineplex,,16KSAH,Drama,117 menit,13+,2D,2026-05-21,5019b9d1-6faf-4a82-be78-2c4e60e642a0,2026-05-17T14:29:37.519682
7132d4da-1abb-42a8-8805-0e067cb4e916,CHILDREN OF HEAVEN,21cineplex,,16COHN,"Drama, Family",97 menit,SU,2D,2026-05-27,992f0ef7-a135-4bc2-b77b-6fb8dde24825,2026-05-17T14:29:37.519749
7132d4da-1abb-42a8-8805-0e067cb4e916,SEKAWAN LIMO 2: GUNUNG KLAWIH,21cineplex,,16SK2G,"Comedy, Horror",122 menit,13+,2D,2026-05-27,984c26a7-6d57-4ec0-9355-af6ad43dabaf,2026-05-17T14:29:37.519811
8e68ffd5-ea11-49af-ab21-99ddccc2676e,DILAN ITB 1997,21cineplex,,16DI97,"Drama, Romance",110 menit,13+,2D,2026-05-17,b9fe7cb5-076a-4e94-83cd-ae9b7efd0285,2026-05-17T14:29:37.660358
8e68ffd5-ea11-49af-ab21-99ddccc2676e,YANG LAIN BOLEH HILANG ASAL KAU JANGAN,21cineplex,,16YLBH,Drama,113 menit,13+,2D,2026-05-17,076d34f3-58d6-4050-b4b8-4d5b9be27eb7,2026-05-17T14:29:37.660531
8e68ffd5-ea11-49af-ab21-99ddccc2676e,TUMBAL PROYEK,21cineplex,,16TPRK,Horror,106 menit,D17+,2D,2026-05-17,46150f63-293a-4345-a316-55f3be276be0,2026-05-17T14:29:37.660829
8e68ffd5-ea11-49af-ab21-99ddccc2676e,SEMUA AKAN BAIK-BAIK SAJA,21cineplex,,16SABB,Drama,113 menit,13+,2D,2026-05-17,e68b91a0-d86e-4f86-a099-95ffc865a11a,2026-05-17T14:29:37.661140
8e68ffd5-ea11-49af-ab21-99ddccc2676e,GOHAN,21cineplex,,26GOHN,Drama,140 menit,SU,2D,2026-05-17,c7ae07d6-ed08-4f9d-8477-bcb788bbec3e,2026-05-17T14:29:37.661250
8e68ffd5-ea11-49af-ab21-99ddccc2676e,KELUARGA SUAMI ADALAH HAMA,21cineplex,,16KSAH,Drama,117 menit,13+,2D,2026-05-17,15e155a1-1f1f-42fc-b586-8f5b3f61f925,2026-05-17T14:29:37.661292
8e68ffd5-ea11-49af-ab21-99ddccc2676e,SEKAWAN LIMO 2: GUNUNG KLAWIH,21cineplex,,16SK2G,"Comedy, Horror",122 menit,13+,2D,2026-05-27,e6332647-5874-4842-a205-9c0881350b61,2026-05-17T14:29:37.661339
8e68ffd5-ea11-49af-ab21-99ddccc2676e,CHILDREN OF HEAVEN,21cineplex,,16COHN,"Drama, Family",97 menit,SU,2D,2026-05-27,811591c4-77fb-497d-92ab-ad36f4455665,2026-05-17T14:29:37.661471
c22d1b31-3e61-491c-8de7-85cd91cfe91a,YANG LAIN BOLEH HILANG ASAL KAU JANGAN,21cineplex,,16YLBH,Drama,113 menit,13+,2D,2026-05-17,72c71f60-9931-4095-acbc-f6bdd04d36b1,2026-05-17T14:29:39.320738
c22d1b31-3e61-491c-8de7-85cd91cfe91a,SALMOKJI: WHISPERING WATER,21cineplex,,26SWWR,Horror,95 menit,D17+,2D,2026-05-17,77cf1d57-7e58-4723-a5d8-00e847ddf2aa,2026-05-17T14:29:39.320858
c22d1b31-3e61-491c-8de7-85cd91cfe91a,GOHAN,21cineplex,,26GOHN,Drama,140 menit,SU,2D,2026-05-17,2c8b0978-b624-4983-8ff1-79d202cba5ec,2026-05-17T14:29:39.320903
c22d1b31-3e61-491c-8de7-85cd91cfe91a,TUMBAL PROYEK,21cineplex,,16TPRK,Horror,106 menit,D17+,2D,2026-05-17,8fd2017a-1c07-4e1e-adb4-6a7f310e901f,2026-05-17T14:29:39.320930
c22d1b31-3e61-491c-8de7-85cd91cfe91a,SEMUA AKAN BAIK-BAIK SAJA,21cineplex,,16SABB,Drama,113 menit,13+,2D,2026-05-17,64709521-9713-42d4-9670-29516632f01a,2026-05-17T14:29:39.320987
c22d1b31-3e61-491c-8de7-85cd91cfe91a,THE SHEEP DETECTIVES,21cineplex,,26SDES,"Comedy, Mystery",109 menit,SU,2D,2026-05-17,f09c655b-3507-4029-890f-decf8e0596c7,2026-05-17T14:29:39.321072
c22d1b31-3e61-491c-8de7-85cd91cfe91a,MORTAL KOMBAT II,21cineplex,,25MKT2,"Action, Adventure",116 menit,D17+,2D,2026-05-17,b74239df-6421-4690-a212-1f6e08c7f00a,2026-05-17T14:29:39.321107
c22d1b31-3e61-491c-8de7-85cd91cfe91a,GHOST IN THE CELL,21cineplex,,16GITC,"Comedy, Horror",106 menit,D17+,2D,2026-05-17,1f238b9d-3ab5-405e-8008-63c9ad382f67,2026-05-17T14:29:39.321147
c22d1b31-3e61-491c-8de7-85cd91cfe91a,STAR WARS: THE MANDALORIAN AND GROGU,21cineplex,,26SWMG,"Fantasy, Sci-Fi",132 menit,13+,2D,2026-05-20,ef7da188-af8a-482c-9a55-c88cd369da51,2026-05-17T14:29:39.321195
c22d1b31-3e61-491c-8de7-85cd91cfe91a,CHILDREN OF HEAVEN,21cineplex,,16COHN,"Drama, Family",97 menit,SU,2D,2026-05-27,875a07b2-a8c8-4956-bdaa-e7a34abebb84,2026-05-17T14:29:39.321245
5df5be97-a0c1-4e33-aade-18d27a848adc,GHOST IN THE CELL,21cineplex,,16GITC,"Comedy, Horror",106 menit,D17+,2D,2026-05-17,48ed363d-5dda-4a61-88e2-3734db724927,2026-05-17T14:29:40.370745
5df5be97-a0c1-4e33-aade-18d27a848adc,IN THE GREY,21cineplex,,26ITGY,"Action, Thriller",97 menit,13+,2D,2026-05-17,22bc8514-3773-4a7f-bb1b-9fca537497ce,2026-05-17T14:29:40.370917
5df5be97-a0c1-4e33-aade-18d27a848adc,SALMOKJI: WHISPERING WATER,21cineplex,,26SWWR,Horror,95 menit,D17+,2D,2026-05-17,e817df7a-b9f2-4865-9bc6-3afa3c991688,2026-05-17T14:29:40.371053
5df5be97-a0c1-4e33-aade-18d27a848adc,GOHAN,21cineplex,,26GOHN,Drama,140 menit,SU,2D,2026-05-17,bdd2ce4e-6a12-45ec-9796-aa45d25318b2,2026-05-17T14:29:40.371142
7e9e2c2c-5a56-442c-8005-7561d08015a6,MICHAEL,21cineplex,,26MICL,Biography,127 menit,SU,2D,2026-05-17,ae2d2cd6-b6e7-4125-a38a-eec5b6133220,2026-05-17T14:29:44.973035
7e9e2c2c-5a56-442c-8005-7561d08015a6,IN THE GREY,21cineplex,,26ITGY,"Action, Thriller",97 menit,13+,2D,2026-05-17,39daa999-2ecf-46ef-bfbb-90b6b308b87c,2026-05-17T14:29:44.973287
7e9e2c2c-5a56-442c-8005-7561d08015a6,MORTAL KOMBAT II,21cineplex,,25MKT2,"Action, Adventure",116 menit,D17+,2D,2026-05-17,10f2573e-8571-46c5-8d8e-84fdc1f4e145,2026-05-17T14:29:44.973419
7e9e2c2c-5a56-442c-8005-7561d08015a6,SEMUA AKAN BAIK-BAIK SAJA,21cineplex,,16SABB,Drama,113 menit,13+,2D,2026-05-17,d24348de-f388-4509-ab69-2f616424d486,2026-05-17T14:29:44.973623
7e9e2c2c-5a56-442c-8005-7561d08015a6,PROJECT HAIL MARY,21cineplex,,26PHMY,Sci-Fi,157 menit,13+,2D,2026-05-17,c6b51aac-e6fb-4c33-b4bd-9f05552c8751,2026-05-17T14:29:44.973881
7e9e2c2c-5a56-442c-8005-7561d08015a6,GOHAN,21cineplex,,26GOHN,Drama,140 menit,SU,2D,2026-05-17,e238c036-0d39-464f-a55d-30398e5020fc,2026-05-17T14:29:44.974042
7e9e2c2c-5a56-442c-8005-7561d08015a6,STAR WARS: THE MANDALORIAN AND GROGU,21cineplex,,26SWMG,"Fantasy, Sci-Fi",132 menit,13+,2D,2026-05-20,8eb0a741-c6f2-40d6-8102-98002a144830,2026-05-17T14:29:44.974208
7e9e2c2c-5a56-442c-8005-7561d08015a6,KELUARGA SUAMI ADALAH HAMA,21cineplex,,16KSAH,Drama,117 menit,13+,2D,2026-05-21,f4c48476-061c-4ef3-aee1-0152e403fcf9,2026-05-17T14:29:44.974377
7e9e2c2c-5a56-442c-8005-7561d08015a6,SEKAWAN LIMO 2: GUNUNG KLAWIH,21cineplex,,16SK2G,"Comedy, Horror",122 menit,13+,2D,2026-05-27,fd7e2c50-2807-47d3-b770-ad1d6572c0e1,2026-05-17T14:29:44.974566
677afb4e-b66c-4812-9a46-f39ae5184443,GHOST IN THE CELL,21cineplex,,16GITC,"Comedy, Horror",106 menit,D17+,2D,2026-05-17,4c782dcd-1c96-4dce-8e7d-7a718d4f5cd7,2026-05-17T14:29:48.173468
677afb4e-b66c-4812-9a46-f39ae5184443,MORTAL KOMBAT II,21cineplex,,25MKT2,"Action, Adventure",116 menit,D17+,2D,2026-05-17,da2aaceb-e074-4459-a728-7548a40c4e89,2026-05-17T14:29:48.173569
677afb4e-b66c-4812-9a46-f39ae5184443,GOHAN,21cineplex,,26GOHN,Drama,140 menit,SU,2D,2026-05-17,cb658dc3-a13a-48e6-9298-5fc57611d717,2026-05-17T14:29:48.173643
677afb4e-b66c-4812-9a46-f39ae5184443,SEMUA AKAN BAIK-BAIK SAJA,21cineplex,,16SABB,Drama,113 menit,13+,2D,2026-05-17,47e0146a-3652-49a0-92a7-f2d378e53174,2026-05-17T14:29:48.173687
677afb4e-b66c-4812-9a46-f39ae5184443,DILAN ITB 1997,21cineplex,,16DI97,"Drama, Romance",110 menit,13+,2D,2026-05-17,b3a5fe7b-a5b5-47ff-8e6d-47ade2f3db16,2026-05-17T14:29:48.173776
677afb4e-b66c-4812-9a46-f39ae5184443,THE SHEEP DETECTIVES,21cineplex,,26SDES,"Comedy, Mystery",109 menit,SU,2D,2026-05-17,0f601fc3-dfd0-4a7e-a5c9-5f6858a6adcc,2026-05-17T14:29:48.173824
677afb4e-b66c-4812-9a46-f39ae5184443,KELUARGA SUAMI ADALAH HAMA,21cineplex,,16KSAH,Drama,117 menit,13+,2D,2026-05-21,e2577aed-397f-43e8-b690-d19c494d1389,2026-05-17T14:29:48.173885
677afb4e-b66c-4812-9a46-f39ae5184443,SEKAWAN LIMO 2: GUNUNG KLAWIH,21cineplex,,16SK2G,"Comedy, Horror",122 menit,13+,2D,2026-05-27,98f72798-5e72-4a35-a5bc-e1f0e2f9114e,2026-05-17T14:29:48.173958
677afb4e-b66c-4812-9a46-f39ae5184443,CHILDREN OF HEAVEN,21cineplex,,16COHN,"Drama, Family",97 menit,SU,2D,2026-05-27,f2c7d64a-eb31-434b-85e8-cb6832332d13,2026-05-17T14:29:48.174023
b9efd23d-7f3d-4e08-bfc0-36d6dd8554e4,YANG LAIN BOLEH HILANG ASAL KAU JANGAN,21cineplex,,16YLBH,Drama,113 menit,13+,2D,2026-05-17,f9b5b1ab-8b6a-4950-8d0a-b99bb797ebcc,2026-05-17T14:29:49.432661
b9efd23d-7f3d-4e08-bfc0-36d6dd8554e4,GHOST IN THE CELL,21cineplex,,16GITC,"Comedy, Horror",106 menit,D17+,2D,2026-05-17,c63e1303-4a1a-4cc6-bc3b-a2a7ad23b223,2026-05-17T14:29:49.432778
b9efd23d-7f3d-4e08-bfc0-36d6dd8554e4,TUMBAL PROYEK,21cineplex,,16TPRK,Horror,106 menit,D17+,2D,2026-05-17,62f97b3d-76d6-4010-8f1e-95499c4d2c7c,2026-05-17T14:29:49.432868
b9efd23d-7f3d-4e08-bfc0-36d6dd8554e4,SEMUA AKAN BAIK-BAIK SAJA,21cineplex,,16SABB,Drama,113 menit,13+,2D,2026-05-17,c02bf9a0-6a65-415d-b07b-731a317bd668,2026-05-17T14:29:49.432989
b9efd23d-7f3d-4e08-bfc0-36d6dd8554e4,"AYAH, INI ARAHNYA KEMANA, YA?",21cineplex,,16AIAK,Drama,103 menit,13+,2D,2026-05-17,2c2a7bf8-1289-4936-a7dc-bfc1274b41a3,2026-05-17T14:29:49.433091
b9efd23d-7f3d-4e08-bfc0-36d6dd8554e4,KAMU HARUS MATI,21cineplex,,16KHMI,"Horror, Mystery, Thriller",90 menit,13+,2D,2026-05-21,f474e3fb-5245-4436-b5d8-ccce9f0f3136,2026-05-17T14:29:49.433201
b9efd23d-7f3d-4e08-bfc0-36d6dd8554e4,CHILDREN OF HEAVEN,21cineplex,,16COHN,"Drama, Family",97 menit,SU,2D,2026-05-27,ae8e3ab1-97a7-472c-b7de-808ab0b88087,2026-05-17T14:29:49.433291
b9efd23d-7f3d-4e08-bfc0-36d6dd8554e4,SUAMIKU LUKAKU,21cineplex,,16SLUU,Drama,92 menit,D17+,2D,2026-05-27,f08fb8f7-8e60-4100-a0e1-fb3d90814b6d,2026-05-17T14:29:49.433361
3a900ab6-8fa8-4900-b6e0-460d740a4d4b,MICHAEL,21cineplex,,26MICL,Biography,127 menit,SU,2D,2026-05-17,c7894089-8833-4722-bc09-41f9b966a7f3,2026-05-17T14:29:51.130553
3a900ab6-8fa8-4900-b6e0-460d740a4d4b,THE DEVIL WEARS PRADA 2,21cineplex,,26DWP2,"Comedy, Drama",119 menit,13+,2D,2026-05-17,9e4053dc-83a9-435d-8bc3-bf0016d83779,2026-05-17T14:29:51.130840
3a900ab6-8fa8-4900-b6e0-460d740a4d4b,SALMOKJI: WHISPERING WATER,21cineplex,,26SWWR,Horror,95 menit,D17+,2D,2026-05-17,7382691a-e47c-42db-8f0e-e048eccfd85f,2026-05-17T14:29:51.131081
3a900ab6-8fa8-4900-b6e0-460d740a4d4b,LEE CRONIN'S THE MUMMY,21cineplex,,26LCTM,Horror,134 menit,D17+,2D,2026-05-17,dab222ef-5197-4d93-9b3f-2cc81d667daa,2026-05-17T14:29:51.131215
3a900ab6-8fa8-4900-b6e0-460d740a4d4b,GOHAN,21cineplex,,26GOHN,Drama,140 menit,SU,2D,2026-05-17,d1323be9-8804-4113-b670-e75ba8113220,2026-05-17T14:29:51.131315
3a900ab6-8fa8-4900-b6e0-460d740a4d4b,THE SHEEP DETECTIVES,21cineplex,,26SDES,"Comedy, Mystery",109 menit,SU,2D,2026-05-17,4a72b4b1-d805-4929-ba76-12d234582053,2026-05-17T14:29:51.131530
3a900ab6-8fa8-4900-b6e0-460d740a4d4b,GHOST IN THE CELL,21cineplex,,16GITC,"Comedy, Horror",106 menit,D17+,2D,2026-05-17,ca4fe2ac-70f3-43e4-bb8c-2853aa8f1a84,2026-05-17T14:29:51.131732
3a900ab6-8fa8-4900-b6e0-460d740a4d4b,STAR WARS: THE MANDALORIAN AND GROGU,21cineplex,,26SWMG,"Fantasy, Sci-Fi",132 menit,13+,2D,2026-05-20,3290aa4e-ce6c-49ec-abed-d8c3f991ad10,2026-05-17T14:29:51.131974
a3274030-95d5-4b35-94a4-ecc780fae147,SALMOKJI: WHISPERING WATER,21cineplex,,26SWWR,Horror,95 menit,D17+,2D,2026-05-17,c86ab511-426b-4c26-8d37-917fa0a2d5eb,2026-05-17T14:29:55.518796
a3274030-95d5-4b35-94a4-ecc780fae147,IN THE GREY,21cineplex,,26ITGY,"Action, Thriller",97 menit,13+,2D,2026-05-17,709cb08b-00b4-42b8-ae45-a2f9be2d257a,2026-05-17T14:29:55.518877
a3274030-95d5-4b35-94a4-ecc780fae147,THE SHEEP DETECTIVES,21cineplex,,26SDES,"Comedy, Mystery",109 menit,SU,2D,2026-05-17,15338b83-2e6c-4064-9f11-dcdbf75887fb,2026-05-17T14:29:55.518954
a3274030-95d5-4b35-94a4-ecc780fae147,FUZE,21cineplex,,26FUZE,"Action, Crime",96 menit,D17+,2D,2026-05-17,629c9f31-6445-4417-aef6-585074503aa6,2026-05-17T14:29:55.519008
a3274030-95d5-4b35-94a4-ecc780fae147,SEMUA AKAN BAIK-BAIK SAJA,21cineplex,,16SABB,Drama,113 menit,13+,2D,2026-05-17,821ca930-f709-4d95-a23c-70957dd89db8,2026-05-17T14:29:55.519050
a3274030-95d5-4b35-94a4-ecc780fae147,TIBA TIBA SETAN,21cineplex,,16TTSN,"Comedy, Horror",113 menit,13+,2D,2026-05-17,ede3adf8-a9c1-4c71-9ffd-129aa6cf716a,2026-05-17T14:29:55.519159
a3274030-95d5-4b35-94a4-ecc780fae147,GHOST IN THE CELL,21cineplex,,16GITC,"Comedy, Horror",106 menit,D17+,2D,2026-05-17,58c06e27-fdad-4801-952b-7f6b9ed6884c,2026-05-17T14:29:55.519231
a3274030-95d5-4b35-94a4-ecc780fae147,TUMBAL PROYEK,21cineplex,,16TPRK,Horror,106 menit,D17+,2D,2026-05-17,06b1bfca-97c0-41dd-aa41-e87fc11b1d37,2026-05-17T14:29:55.519310
a3274030-95d5-4b35-94a4-ecc780fae147,MORTAL KOMBAT II,21cineplex,,25MKT2,"Action, Adventure",116 menit,D17+,2D,2026-05-17,9830b258-7538-4191-b1bb-93f71cb5ee58,2026-05-17T14:29:55.519380
a3274030-95d5-4b35-94a4-ecc780fae147,YANG LAIN BOLEH HILANG ASAL KAU JANGAN,21cineplex,,16YLBH,Drama,113 menit,13+,2D,2026-05-17,99f17fe2-b6e0-4bea-a346-a93088462bc4,2026-05-17T14:29:55.519453
a3274030-95d5-4b35-94a4-ecc780fae147,TOP GUN: MAVERICK (RE-RELEASE),21cineplex,,26TGMK,Action,130 menit,SU,2D,2026-05-17,5d49f0eb-71f2-4931-a49f-12be92a5ef5c,2026-05-17T14:29:55.519535
a3274030-95d5-4b35-94a4-ecc780fae147,GOHAN,21cineplex,,26GOHN,Drama,140 menit,SU,2D,2026-05-17,1d3058d7-07af-4b5f-87c7-acaca937f385,2026-05-17T14:29:55.519576
a3274030-95d5-4b35-94a4-ecc780fae147,STAR WARS: THE MANDALORIAN AND GROGU,21cineplex,,26SWMG,"Fantasy, Sci-Fi",132 menit,13+,2D,2026-05-20,49bac9cb-b582-4b1e-8c79-6b3b9f17d69a,2026-05-17T14:29:55.519642
a3274030-95d5-4b35-94a4-ecc780fae147,KELUARGA SUAMI ADALAH HAMA,21cineplex,,16KSAH,Drama,117 menit,13+,2D,2026-05-21,2cf5d14e-2945-42ed-bf3d-7ea06965c154,2026-05-17T14:29:55.519704
a3274030-95d5-4b35-94a4-ecc780fae147,KAMU HARUS MATI,21cineplex,,16KHMI,"Horror, Mystery, Thriller",90 menit,13+,2D,2026-05-21,24e0d258-a0e1-46da-996b-beb6c5220071,2026-05-17T14:29:55.519781
a3274030-95d5-4b35-94a4-ecc780fae147,SEKAWAN LIMO 2: GUNUNG KLAWIH,21cineplex,,16SK2G,"Comedy, Horror",122 menit,13+,2D,2026-05-27,69a4894a-b44b-4708-804f-373c348b627c,2026-05-17T14:29:55.519862
a3274030-95d5-4b35-94a4-ecc780fae147,SUAMIKU LUKAKU,21cineplex,,16SLUU,Drama,92 menit,D17+,2D,2026-05-27,a3f7c7f1-c551-4faa-be4a-f528753cd184,2026-05-17T14:29:55.519925
a3274030-95d5-4b35-94a4-ecc780fae147,CHILDREN OF HEAVEN,21cineplex,,16COHN,"Drama, Family",97 menit,SU,2D,2026-05-27,606ee27b-5f25-4bd9-91a8-914f510427fa,2026-05-17T14:29:55.520000
c378d7ff-e519-44f3-b01c-eb65059c0f25,MORTAL KOMBAT II,21cineplex,,25MKT2,"Action, Adventure",116 menit,D17+,2D,2026-05-17,d2bb26ca-5fdb-435d-a0de-b22f832ef60a,2026-05-17T14:29:57.162092
c378d7ff-e519-44f3-b01c-eb65059c0f25,YANG LAIN BOLEH HILANG ASAL KAU JANGAN,21cineplex,,16YLBH,Drama,113 menit,13+,2D,2026-05-17,f962e3aa-8d75-4541-96c3-f81c1ec5dac7,2026-05-17T14:29:57.164185
c378d7ff-e519-44f3-b01c-eb65059c0f25,THE SHEEP DETECTIVES,21cineplex,,26SDES,"Comedy, Mystery",109 menit,SU,2D,2026-05-17,84a4f990-412c-41ca-8519-7a327e0eb826,2026-05-17T14:29:57.164933
c378d7ff-e519-44f3-b01c-eb65059c0f25,SEMUA AKAN BAIK-BAIK SAJA,21cineplex,,16SABB,Drama,113 menit,13+,2D,2026-05-17,bc40119c-8b4b-4ede-9806-62b1e4136741,2026-05-17T14:29:57.165421
c378d7ff-e519-44f3-b01c-eb65059c0f25,TIBA TIBA SETAN,21cineplex,,16TTSN,"Comedy, Horror",113 menit,13+,2D,2026-05-17,8cc2e8c2-3a09-4422-af42-be423eef4eb4,2026-05-17T14:29:57.165818
c378d7ff-e519-44f3-b01c-eb65059c0f25,DILAN ITB 1997,21cineplex,,16DI97,"Drama, Romance",110 menit,13+,2D,2026-05-17,dc87f916-7c8c-40bf-a248-be53356ac204,2026-05-17T14:29:57.166447
c378d7ff-e519-44f3-b01c-eb65059c0f25,TUMBAL PROYEK,21cineplex,,16TPRK,Horror,106 menit,D17+,2D,2026-05-17,7efa0ae9-1bbf-4511-a17c-ab69e8cd8ffb,2026-05-17T14:29:57.166565
c378d7ff-e519-44f3-b01c-eb65059c0f25,KELUARGA SUAMI ADALAH HAMA,21cineplex,,16KSAH,Drama,117 menit,13+,2D,2026-05-21,ee43bf49-f514-47b4-925e-23f07167c528,2026-05-17T14:29:57.169067
c378d7ff-e519-44f3-b01c-eb65059c0f25,SEKAWAN LIMO 2: GUNUNG KLAWIH,21cineplex,,16SK2G,"Comedy, Horror",122 menit,13+,2D,2026-05-27,7ee5cd9d-702b-4266-87c8-8eb473e6a85b,2026-05-17T14:29:57.169157
c378d7ff-e519-44f3-b01c-eb65059c0f25,CHILDREN OF HEAVEN,21cineplex,,16COHN,"Drama, Family",97 menit,SU,2D,2026-05-27,68dfca98-f917-4d4e-9e32-a89d0fa75a63,2026-05-17T14:29:57.169222
76688d9a-4e46-4e31-af7b-390f01785e54,TUMBAL PROYEK,21cineplex,,16TPRK,Horror,106 menit,D17+,2D,2026-05-17,118be67e-240d-46e5-adea-f0f36195d2b2,2026-05-17T14:29:58.374054
76688d9a-4e46-4e31-af7b-390f01785e54,SEMUA AKAN BAIK-BAIK SAJA,21cineplex,,16SABB,Drama,113 menit,13+,2D,2026-05-17,ea6922d0-efe5-4176-b5f0-2e06a549a9fd,2026-05-17T14:29:58.374300
76688d9a-4e46-4e31-af7b-390f01785e54,GHOST IN THE CELL,21cineplex,,16GITC,"Comedy, Horror",106 menit,D17+,2D,2026-05-17,9c9a7d43-d200-446a-88b5-3eee76d3383e,2026-05-17T14:29:58.374536
76688d9a-4e46-4e31-af7b-390f01785e54,DILAN ITB 1997,21cineplex,,16DI97,"Drama, Romance",110 menit,13+,2D,2026-05-17,da177b05-20c3-482b-be8a-6fe06645b13c,2026-05-17T14:29:58.374727
76688d9a-4e46-4e31-af7b-390f01785e54,SEKAWAN LIMO 2: GUNUNG KLAWIH,21cineplex,,16SK2G,"Comedy, Horror",122 menit,13+,2D,2026-05-27,f8a5c5af-62ca-486c-a555-103ea73eda42,2026-05-17T14:29:58.374923
07c849bc-250d-452e-a4f1-94bff1fa4aa5,GOHAN,21cineplex,,26GOHN,Drama,140 menit,SU,2D,2026-05-17,1e9b2a9e-6347-470f-8de4-5797f2640e74,2026-05-17T14:30:00.129797
07c849bc-250d-452e-a4f1-94bff1fa4aa5,SALMOKJI: WHISPERING WATER,21cineplex,,26SWWR,Horror,95 menit,D17+,2D,2026-05-17,dc755fbe-3bc3-4d96-8613-7b4e0c627d32,2026-05-17T14:30:00.129937
07c849bc-250d-452e-a4f1-94bff1fa4aa5,THE DEVIL WEARS PRADA 2,21cineplex,,26DWP2,"Comedy, Drama",119 menit,13+,2D,2026-05-17,f65b094a-97f8-4a9c-9850-97218e066ec5,2026-05-17T14:30:00.130045
07c849bc-250d-452e-a4f1-94bff1fa4aa5,GHOST IN THE CELL,21cineplex,,16GITC,"Comedy, Horror",106 menit,D17+,2D,2026-05-17,fad9d8ec-1de4-4379-b6fe-a65a9152ab6e,2026-05-17T14:30:00.130090
07c849bc-250d-452e-a4f1-94bff1fa4aa5,SEMUA AKAN BAIK-BAIK SAJA,21cineplex,,16SABB,Drama,113 menit,13+,2D,2026-05-17,c5fdc57b-f72a-42de-b002-52d93aa61773,2026-05-17T14:30:00.130193
07c849bc-250d-452e-a4f1-94bff1fa4aa5,STAR WARS: THE MANDALORIAN AND GROGU,21cineplex,,26SWMG,"Fantasy, Sci-Fi",132 menit,13+,2D,2026-05-20,d0e3bbec-fdfc-4863-8f71-78ba9f945589,2026-05-17T14:30:00.130348
13f95113-3913-4260-958e-b7609379c4e5,SEMUA AKAN BAIK-BAIK SAJA,21cineplex,,16SABB,Drama,113 menit,13+,2D,2026-05-17,a6c58ab8-c725-473b-9f01-abcb8e89eb24,2026-05-17T14:30:02.920191
13f95113-3913-4260-958e-b7609379c4e5,TUMBAL PROYEK,21cineplex,,16TPRK,Horror,106 menit,D17+,2D,2026-05-17,7f766cc3-d820-4dd6-aeec-ed65ab84496a,2026-05-17T14:30:02.920366
13f95113-3913-4260-958e-b7609379c4e5,THE SHEEP DETECTIVES,21cineplex,,26SDES,"Comedy, Mystery",109 menit,SU,2D,2026-05-17,23f27c43-d496-4bf8-85de-32371891c60e,2026-05-17T14:30:02.920442
13f95113-3913-4260-958e-b7609379c4e5,YANG LAIN BOLEH HILANG ASAL KAU JANGAN,21cineplex,,16YLBH,Drama,113 menit,13+,2D,2026-05-17,3bcf5f8f-d9ea-4c68-a53b-2c36b8271f2a,2026-05-17T14:30:02.920546
13f95113-3913-4260-958e-b7609379c4e5,GHOST IN THE CELL,21cineplex,,16GITC,"Comedy, Horror",106 menit,D17+,2D,2026-05-17,503df4b7-39e4-4997-8fec-40682fceab0e,2026-05-17T14:30:02.920628
13f95113-3913-4260-958e-b7609379c4e5,GOHAN,21cineplex,,26GOHN,Drama,140 menit,SU,2D,2026-05-17,d77941c0-ccd1-42d7-8749-55e5c23330c4,2026-05-17T14:30:02.920676
13f95113-3913-4260-958e-b7609379c4e5,STAR WARS: THE MANDALORIAN AND GROGU,21cineplex,,26SWMG,"Fantasy, Sci-Fi",132 menit,13+,2D,2026-05-20,05af82fb-ed20-47fd-bf2a-511d3dd0b11d,2026-05-17T14:30:02.920732
13f95113-3913-4260-958e-b7609379c4e5,KELUARGA SUAMI ADALAH HAMA,21cineplex,,16KSAH,Drama,117 menit,13+,2D,2026-05-21,2f5bef55-7d1a-4b39-9420-c2351a50d815,2026-05-17T14:30:02.920803
a0ab0136-4be0-47ce-a81a-0b16f03f32bd,MORTAL KOMBAT II,21cineplex,,25MKT2,"Action, Adventure",116 menit,D17+,2D,2026-05-17,ff0c0280-b12a-4a17-a516-634460979df7,2026-05-17T14:30:06.197421
a0ab0136-4be0-47ce-a81a-0b16f03f32bd,SEMUA AKAN BAIK-BAIK SAJA,21cineplex,,16SABB,Drama,113 menit,13+,2D,2026-05-17,66ff1a8f-bef0-4d2e-b239-2664248b6c41,2026-05-17T14:30:06.197570
a0ab0136-4be0-47ce-a81a-0b16f03f32bd,TUMBAL PROYEK,21cineplex,,16TPRK,Horror,106 menit,D17+,2D,2026-05-17,eec68729-bf20-454b-86d9-67ac164dde48,2026-05-17T14:30:06.197749
a0ab0136-4be0-47ce-a81a-0b16f03f32bd,THE SHEEP DETECTIVES,21cineplex,,26SDES,"Comedy, Mystery",109 menit,SU,2D,2026-05-17,0faab866-d3c0-432d-a59a-b1a41633f108,2026-05-17T14:30:06.197863
a0ab0136-4be0-47ce-a81a-0b16f03f32bd,GHOST IN THE CELL,21cineplex,,16GITC,"Comedy, Horror",106 menit,D17+,2D,2026-05-17,b9a3acd4-fb5e-4d2e-876e-c4b33807d5e9,2026-05-17T14:30:06.197940
a0ab0136-4be0-47ce-a81a-0b16f03f32bd,YANG LAIN BOLEH HILANG ASAL KAU JANGAN,21cineplex,,16YLBH,Drama,113 menit,13+,2D,2026-05-17,5404ae1c-dec7-4ada-bac4-606364812352,2026-05-17T14:30:06.198083
a0ab0136-4be0-47ce-a81a-0b16f03f32bd,TIBA TIBA SETAN,21cineplex,,16TTSN,"Comedy, Horror",113 menit,13+,2D,2026-05-17,8b7a6ba0-3d34-4a9e-a59d-1a4f08767abf,2026-05-17T14:30:06.198226
a0ab0136-4be0-47ce-a81a-0b16f03f32bd,SEKAWAN LIMO 2: GUNUNG KLAWIH,21cineplex,,16SK2G,"Comedy, Horror",122 menit,13+,2D,2026-05-27,fde28c88-030b-4134-99d3-f6fba084acd8,2026-05-17T14:30:06.198338
a0ab0136-4be0-47ce-a81a-0b16f03f32bd,CHILDREN OF HEAVEN,21cineplex,,16COHN,"Drama, Family",97 menit,SU,2D,2026-05-27,50a407f9-253f-4294-9f51-f7be038c6f47,2026-05-17T14:30:06.198457
36b9c0c1-8d89-436b-bc7a-1113b6818a2c,YANG LAIN BOLEH HILANG ASAL KAU JANGAN,21cineplex,,16YLBH,Drama,113 menit,13+,2D,2026-05-17,73f99159-a7ef-426e-ac70-9ef21b344ba6,2026-05-17T14:30:07.384118
36b9c0c1-8d89-436b-bc7a-1113b6818a2c,MORTAL KOMBAT II,21cineplex,,25MKT2,"Action, Adventure",116 menit,D17+,2D,2026-05-17,2d065954-a9cc-473a-b9d6-3dc2b4e7367b,2026-05-17T14:30:07.384374
36b9c0c1-8d89-436b-bc7a-1113b6818a2c,SEMUA AKAN BAIK-BAIK SAJA,21cineplex,,16SABB,Drama,113 menit,13+,2D,2026-05-17,67c47df4-198c-414d-b912-ca552848eb50,2026-05-17T14:30:07.384650
36b9c0c1-8d89-436b-bc7a-1113b6818a2c,TUMBAL PROYEK,21cineplex,,16TPRK,Horror,106 menit,D17+,2D,2026-05-17,f801e61d-fd9f-4ab9-9395-7b32d44fa2a7,2026-05-17T14:30:07.384929
36b9c0c1-8d89-436b-bc7a-1113b6818a2c,GHOST IN THE CELL,21cineplex,,16GITC,"Comedy, Horror",106 menit,D17+,2D,2026-05-17,ec00aa80-03b8-4eff-9bba-543483e8f9eb,2026-05-17T14:30:07.385160
74c777a6-15c4-49da-82c2-1c7d0c58c45d,GHOST IN THE CELL,21cineplex,,16GITC,"Comedy, Horror",106 menit,D17+,2D,2026-05-17,2fdceb11-c225-4713-a10e-c1885c88f15e,2026-05-17T14:30:09.159016
74c777a6-15c4-49da-82c2-1c7d0c58c45d,YANG LAIN BOLEH HILANG ASAL KAU JANGAN,21cineplex,,16YLBH,Drama,113 menit,13+,2D,2026-05-17,a28b150c-56a5-4045-bdef-a6265463d3ab,2026-05-17T14:30:09.159221
74c777a6-15c4-49da-82c2-1c7d0c58c45d,SEMUA AKAN BAIK-BAIK SAJA,21cineplex,,16SABB,Drama,113 menit,13+,2D,2026-05-17,bab14381-2f51-4e6c-94ea-78c9e0e239d3,2026-05-17T14:30:09.159610
74c777a6-15c4-49da-82c2-1c7d0c58c45d,SALMOKJI: WHISPERING WATER,21cineplex,,26SWWR,Horror,95 menit,D17+,2D,2026-05-17,cde80eed-10a6-4c86-b115-fe51d01aa552,2026-05-17T14:30:09.160161
74c777a6-15c4-49da-82c2-1c7d0c58c45d,THE SHEEP DETECTIVES,21cineplex,,26SDES,"Comedy, Mystery",109 menit,SU,2D,2026-05-17,0b3acea4-b3db-481c-8688-5bde72267e95,2026-05-17T14:30:09.160326
74c777a6-15c4-49da-82c2-1c7d0c58c45d,TUMBAL PROYEK,21cineplex,,16TPRK,Horror,106 menit,D17+,2D,2026-05-17,b1827748-24b7-4ac7-b448-cb09d6cd9591,2026-05-17T14:30:09.160427
74c777a6-15c4-49da-82c2-1c7d0c58c45d,KAMU HARUS MATI,21cineplex,,16KHMI,"Horror, Mystery, Thriller",90 menit,13+,2D,2026-05-21,4bc93b41-5a8b-495a-991c-5f94642f8372,2026-05-17T14:30:09.160621
74c777a6-15c4-49da-82c2-1c7d0c58c45d,SEKAWAN LIMO 2: GUNUNG KLAWIH,21cineplex,,16SK2G,"Comedy, Horror",122 menit,13+,2D,2026-05-27,2259400a-783d-454b-b0b3-138c77ce27bd,2026-05-17T14:30:09.160819
097bc9e4-887b-4df2-b7af-7150f914d7e8,GHOST IN THE CELL,21cineplex,,16GITC,"Comedy, Horror",106 menit,D17+,2D,2026-05-17,3067a9dc-a09d-4ba5-8372-43b04f907cdd,2026-05-17T14:30:10.404364
097bc9e4-887b-4df2-b7af-7150f914d7e8,SEMUA AKAN BAIK-BAIK SAJA,21cineplex,,16SABB,Drama,113 menit,13+,2D,2026-05-17,818bc61c-978e-4fd0-bdc3-0d37e907d08c,2026-05-17T14:30:10.404431
097bc9e4-887b-4df2-b7af-7150f914d7e8,MORTAL KOMBAT II,21cineplex,,25MKT2,"Action, Adventure",116 menit,D17+,2D,2026-05-17,fd6d0fb3-ee8a-478b-98a3-c3a9152e4333,2026-05-17T14:30:10.404514
097bc9e4-887b-4df2-b7af-7150f914d7e8,GOHAN,21cineplex,,26GOHN,Drama,140 menit,SU,2D,2026-05-17,369b5b6d-be93-41c7-bfcf-95458a15a509,2026-05-17T14:30:10.404562
097bc9e4-887b-4df2-b7af-7150f914d7e8,TUMBAL PROYEK,21cineplex,,16TPRK,Horror,106 menit,D17+,2D,2026-05-17,1d27a939-c977-4b27-a47c-ef3cbfdfe1e0,2026-05-17T14:30:10.404604
a1685e94-c025-49ae-9ffe-fca7173bed04,GOHAN,21cineplex,,26GOHN,Drama,140 menit,SU,2D,2026-05-17,f37b4757-37f3-4269-b079-b5e2b396ddeb,2026-05-17T14:30:12.115398
a1685e94-c025-49ae-9ffe-fca7173bed04,THE DEVIL WEARS PRADA 2,21cineplex,,26DWP2,"Comedy, Drama",119 menit,13+,2D,2026-05-17,1fcca2cb-98d9-485d-b54c-447a9b19b262,2026-05-17T14:30:12.115607
a1685e94-c025-49ae-9ffe-fca7173bed04,MICHAEL,21cineplex,,26MICL,Biography,127 menit,SU,2D,2026-05-17,0c68b79b-2b14-4afc-9202-d334bd33fe36,2026-05-17T14:30:12.115699
a1685e94-c025-49ae-9ffe-fca7173bed04,MORTAL KOMBAT II,21cineplex,,25MKT2,"Action, Adventure",116 menit,D17+,2D,2026-05-17,f04ef6d5-da40-4f94-bffe-22a6fad820b0,2026-05-17T14:30:12.115842
febc79c3-f8b0-4d53-8af3-2aec1f486f2f,THE SHEEP DETECTIVES,21cineplex,,26SDES,"Comedy, Mystery",109 menit,SU,2D,2026-05-17,e625c97b-3d0c-41ab-ae52-0a93c13bdedb,2026-05-17T14:30:13.419145
febc79c3-f8b0-4d53-8af3-2aec1f486f2f,SEMUA AKAN BAIK-BAIK SAJA,21cineplex,,16SABB,Drama,113 menit,13+,2D,2026-05-17,a9f70312-369c-4846-9c57-c6966567f20d,2026-05-17T14:30:13.419348
febc79c3-f8b0-4d53-8af3-2aec1f486f2f,GHOST IN THE CELL,21cineplex,,16GITC,"Comedy, Horror",106 menit,D17+,2D,2026-05-17,987234a3-e1eb-41e2-940a-9bfe8ef8ef88,2026-05-17T14:30:13.419516
febc79c3-f8b0-4d53-8af3-2aec1f486f2f,SALMOKJI: WHISPERING WATER,21cineplex,,26SWWR,Horror,95 menit,D17+,2D,2026-05-17,1c061711-436e-4c4b-a087-c337f8154156,2026-05-17T14:30:13.419646
febc79c3-f8b0-4d53-8af3-2aec1f486f2f,TUMBAL PROYEK,21cineplex,,16TPRK,Horror,106 menit,D17+,2D,2026-05-17,5b21ac8c-006c-40a6-a426-bd8f45004f66,2026-05-17T14:30:13.419739
febc79c3-f8b0-4d53-8af3-2aec1f486f2f,YANG LAIN BOLEH HILANG ASAL KAU JANGAN,21cineplex,,16YLBH,Drama,113 menit,13+,2D,2026-05-17,11d4c9f0-b6a6-4fa5-ba8d-6305c7e3a098,2026-05-17T14:30:13.419911
febc79c3-f8b0-4d53-8af3-2aec1f486f2f,SEKAWAN LIMO 2: GUNUNG KLAWIH,21cineplex,,16SK2G,"Comedy, Horror",122 menit,13+,2D,2026-05-27,55aceba7-421a-4e12-a9ef-9e2aafec1741,2026-05-17T14:30:13.420115
2a81fa84-bb1a-4eb6-9b44-dffddd3f5743,MORTAL KOMBAT II,21cineplex,,25MKT2,"Action, Adventure",116 menit,D17+,2D,2026-05-17,8e9f76ba-aa09-4522-a2b8-9385424f5694,2026-05-17T14:30:14.970951
2a81fa84-bb1a-4eb6-9b44-dffddd3f5743,SEMUA AKAN BAIK-BAIK SAJA,21cineplex,,16SABB,Drama,113 menit,13+,2D,2026-05-17,395017dd-3cef-40c8-a563-adb6617c6aa5,2026-05-17T14:30:14.971029
2a81fa84-bb1a-4eb6-9b44-dffddd3f5743,GHOST IN THE CELL,21cineplex,,16GITC,"Comedy, Horror",106 menit,D17+,2D,2026-05-17,7f5d77ba-1b2d-4b02-abb3-fe4ba7ed6955,2026-05-17T14:30:14.971107
2a81fa84-bb1a-4eb6-9b44-dffddd3f5743,TUMBAL PROYEK,21cineplex,,16TPRK,Horror,106 menit,D17+,2D,2026-05-17,be38306a-f0df-4b40-b3ac-2d3d80600caa,2026-05-17T14:30:14.971148
2a81fa84-bb1a-4eb6-9b44-dffddd3f5743,GOHAN,21cineplex,,26GOHN,Drama,140 menit,SU,2D,2026-05-17,ed282194-d35d-4c2c-ac9e-f047e304e4c2,2026-05-17T14:30:14.971207
2a81fa84-bb1a-4eb6-9b44-dffddd3f5743,THE SHEEP DETECTIVES,21cineplex,,26SDES,"Comedy, Mystery",109 menit,SU,2D,2026-05-17,a342fd53-622a-410d-94c7-12245c5261fd,2026-05-17T14:30:14.971242
2a81fa84-bb1a-4eb6-9b44-dffddd3f5743,KELUARGA SUAMI ADALAH HAMA,21cineplex,,16KSAH,Drama,117 menit,13+,2D,2026-05-21,6744f163-91dc-43fc-b472-cb642d8d3f87,2026-05-17T14:30:14.971295
2a81fa84-bb1a-4eb6-9b44-dffddd3f5743,SEKAWAN LIMO 2: GUNUNG KLAWIH,21cineplex,,16SK2G,"Comedy, Horror",122 menit,13+,2D,2026-05-27,618d732a-759d-4292-82e3-406c37a4d065,2026-05-17T14:30:14.971359
e8541de7-8680-4dee-aed6-5ba69edea0ce,GOHAN,21cineplex,,26GOHN,Drama,140 menit,SU,2D,2026-05-17,a836362d-db34-4343-841e-41d25d563af7,2026-05-17T14:30:16.457831
e8541de7-8680-4dee-aed6-5ba69edea0ce,SEMUA AKAN BAIK-BAIK SAJA,21cineplex,,16SABB,Drama,113 menit,13+,2D,2026-05-17,adaff1c1-22b6-4e50-bf5c-44207b125418,2026-05-17T14:30:16.457989
e8541de7-8680-4dee-aed6-5ba69edea0ce,GHOST IN THE CELL,21cineplex,,16GITC,"Comedy, Horror",106 menit,D17+,2D,2026-05-17,4ccc5a3b-d342-42e2-8764-7ef96510a119,2026-05-17T14:30:16.458145
e8541de7-8680-4dee-aed6-5ba69edea0ce,SALMOKJI: WHISPERING WATER,21cineplex,,26SWWR,Horror,95 menit,D17+,2D,2026-05-17,f76bf41d-79e0-4a38-b180-d0cd7902da79,2026-05-17T14:30:16.458235
e8541de7-8680-4dee-aed6-5ba69edea0ce,THE SHEEP DETECTIVES,21cineplex,,26SDES,"Comedy, Mystery",109 menit,SU,2D,2026-05-17,63dbc234-6825-4e87-a2de-ce16cb1ecf26,2026-05-17T14:30:16.458303
e8541de7-8680-4dee-aed6-5ba69edea0ce,THE DEVIL WEARS PRADA 2,21cineplex,,26DWP2,"Comedy, Drama",119 menit,13+,2D,2026-05-17,e6f050c5-e908-4d78-8e88-710783091111,2026-05-17T14:30:16.458420
e8541de7-8680-4dee-aed6-5ba69edea0ce,IN THE GREY,21cineplex,,26ITGY,"Action, Thriller",97 menit,13+,2D,2026-05-17,9aa29e53-9194-454d-8056-3edf6a162fa7,2026-05-17T14:30:16.458458
e8541de7-8680-4dee-aed6-5ba69edea0ce,DILAN ITB 1997,21cineplex,,16DI97,"Drama, Romance",110 menit,13+,2D,2026-05-17,17cbc5a2-abfc-410c-a21f-d1049ab60e2f,2026-05-17T14:30:16.458496
e8541de7-8680-4dee-aed6-5ba69edea0ce,TOP GUN: MAVERICK (RE-RELEASE),21cineplex,,26TGMK,Action,130 menit,SU,2D,2026-05-17,6dede680-825e-406c-8904-30e2e1403912,2026-05-17T14:30:16.458565
e8541de7-8680-4dee-aed6-5ba69edea0ce,STAR WARS: THE MANDALORIAN AND GROGU,21cineplex,,26SWMG,"Fantasy, Sci-Fi",132 menit,13+,2D,2026-05-20,ba308f48-2881-455e-aaf2-3e0373cf5726,2026-05-17T14:30:16.458612
e8541de7-8680-4dee-aed6-5ba69edea0ce,CHILDREN OF HEAVEN,21cineplex,,16COHN,"Drama, Family",97 menit,SU,2D,2026-05-27,812ad327-06fb-4b1d-804a-bb53fd7ac785,2026-05-17T14:30:16.458688
f7dacb93-1f67-4a66-a625-ca43dee0cba7,GHOST IN THE CELL,21cineplex,,16GITC,"Comedy, Horror",106 menit,D17+,2D,2026-05-17,ae378a4c-fb19-40ca-87f6-cf088b8000c8,2026-05-17T14:30:21.712889
f7dacb93-1f67-4a66-a625-ca43dee0cba7,IN THE GREY,21cineplex,,26ITGY,"Action, Thriller",97 menit,13+,2D,2026-05-17,1d88e9a8-6d33-4373-be9e-9d984e04d6e6,2026-05-17T14:30:21.713246
f7dacb93-1f67-4a66-a625-ca43dee0cba7,THE SHEEP DETECTIVES,21cineplex,,26SDES,"Comedy, Mystery",109 menit,SU,2D,2026-05-17,cecc65e7-47dd-4c42-b9c5-335bf2148e15,2026-05-17T14:30:21.713742
f7dacb93-1f67-4a66-a625-ca43dee0cba7,FUZE,21cineplex,,26FUZE,"Action, Crime",96 menit,D17+,2D,2026-05-17,85703268-dbdb-44e7-ab32-0ae0889d5155,2026-05-17T14:30:21.713922
f7dacb93-1f67-4a66-a625-ca43dee0cba7,SALMOKJI: WHISPERING WATER,21cineplex,,26SWWR,Horror,95 menit,D17+,2D,2026-05-17,f675e587-d9b3-4099-907d-40398af7ea9f,2026-05-17T14:30:21.714122
f7dacb93-1f67-4a66-a625-ca43dee0cba7,GOHAN,21cineplex,,26GOHN,Drama,140 menit,SU,2D,2026-05-17,7cced7c7-ab78-494b-a3b0-0af33ef3cd8e,2026-05-17T14:30:21.714473
f7dacb93-1f67-4a66-a625-ca43dee0cba7,MORTAL KOMBAT II,21cineplex,,25MKT2,"Action, Adventure",116 menit,D17+,2D,2026-05-17,fcb6579b-7b21-4625-a43e-11703895fcb6,2026-05-17T14:30:21.714578
f7dacb93-1f67-4a66-a625-ca43dee0cba7,MICHAEL,21cineplex,,26MICL,Biography,127 menit,SU,2D,2026-05-17,65be0437-8354-4d85-a5a5-c4e7fd1057ef,2026-05-17T14:30:21.714631
f7dacb93-1f67-4a66-a625-ca43dee0cba7,STAR WARS: THE MANDALORIAN AND GROGU,21cineplex,,26SWMG,"Fantasy, Sci-Fi",132 menit,13+,2D,2026-05-20,45bafb9e-0ba3-48e5-b3b2-649206ee2d46,2026-05-17T14:30:21.714695
cc62a8ea-569c-4624-a4ca-884d34c9423a,SALMOKJI: WHISPERING WATER,21cineplex,,26SWWR,Horror,95 menit,D17+,2D,2026-05-17,010593d3-7225-428c-b36f-8a300cfff9d0,2026-05-17T14:30:25.475992
cc62a8ea-569c-4624-a4ca-884d34c9423a,GOHAN,21cineplex,,26GOHN,Drama,140 menit,SU,2D,2026-05-17,9844ba27-83b7-467f-a9c9-e6b9179b1c3d,2026-05-17T14:30:25.476129
cc62a8ea-569c-4624-a4ca-884d34c9423a,DILAN ITB 1997,21cineplex,,16DI97,"Drama, Romance",110 menit,13+,2D,2026-05-17,4e65fcc3-0e08-477f-9e1b-1538436840b9,2026-05-17T14:30:25.476366
cc62a8ea-569c-4624-a4ca-884d34c9423a,LEE CRONIN'S THE MUMMY,21cineplex,,26LCTM,Horror,134 menit,D17+,2D,2026-05-17,a95f00f9-81f1-4230-8df0-36fa28a4f0cc,2026-05-17T14:30:25.476480
cc62a8ea-569c-4624-a4ca-884d34c9423a,MORTAL KOMBAT II,21cineplex,,25MKT2,"Action, Adventure",116 menit,D17+,2D,2026-05-17,f2b78beb-23cb-4cf6-886f-a96008b69df5,2026-05-17T14:30:25.476704
cc62a8ea-569c-4624-a4ca-884d34c9423a,SEMUA AKAN BAIK-BAIK SAJA,21cineplex,,16SABB,Drama,113 menit,13+,2D,2026-05-17,048b072f-0ca6-42c7-8160-de799ad9eead,2026-05-17T14:30:25.476870
cc62a8ea-569c-4624-a4ca-884d34c9423a,GHOST IN THE CELL,21cineplex,,16GITC,"Comedy, Horror",106 menit,D17+,2D,2026-05-17,5e5601b0-25f2-4578-bb30-2ebccddcb960,2026-05-17T14:30:25.476964
cc62a8ea-569c-4624-a4ca-884d34c9423a,THE SHEEP DETECTIVES,21cineplex,,26SDES,"Comedy, Mystery",109 menit,SU,2D,2026-05-17,4b12caeb-e8a3-4793-a0eb-4cd4938fab75,2026-05-17T14:30:25.477029
cc62a8ea-569c-4624-a4ca-884d34c9423a,STAR WARS: THE MANDALORIAN AND GROGU,21cineplex,,26SWMG,"Fantasy, Sci-Fi",132 menit,13+,2D,2026-05-20,a407a852-579b-4198-8599-42919c1487e4,2026-05-17T14:30:25.477091
cc62a8ea-569c-4624-a4ca-884d34c9423a,KELUARGA SUAMI ADALAH HAMA,21cineplex,,16KSAH,Drama,117 menit,13+,2D,2026-05-21,4fad1ffa-d388-457a-869b-012308f577b6,2026-05-17T14:30:25.477170
cc62a8ea-569c-4624-a4ca-884d34c9423a,CHILDREN OF HEAVEN,21cineplex,,16COHN,"Drama, Family",97 menit,SU,2D,2026-05-27,2c196b7a-8e16-4cbd-b50b-947bf32f30ad,2026-05-17T14:30:25.477236
cc62a8ea-569c-4624-a4ca-884d34c9423a,SEKAWAN LIMO 2: GUNUNG KLAWIH,21cineplex,,16SK2G,"Comedy, Horror",122 menit,13+,2D,2026-05-27,127efca9-9622-4d63-80b5-40e3383395cc,2026-05-17T14:30:25.477308
2e33ac7a-f886-4992-b1da-69b4763a4ce4,YANG LAIN BOLEH HILANG ASAL KAU JANGAN,21cineplex,,16YLBH,Drama,113 menit,13+,2D,2026-05-17,78857e62-0f35-4bea-920f-7aaa3fddefe6,2026-05-17T14:30:28.467222
2e33ac7a-f886-4992-b1da-69b4763a4ce4,GOHAN,21cineplex,,26GOHN,Drama,140 menit,SU,2D,2026-05-17,9fc1efe6-677a-41c0-b9e5-887617e7243d,2026-05-17T14:30:28.467434
2e33ac7a-f886-4992-b1da-69b4763a4ce4,TUMBAL PROYEK,21cineplex,,16TPRK,Horror,106 menit,D17+,2D,2026-05-17,73635f8f-c4ff-44d4-90a2-8ee783aac05b,2026-05-17T14:30:28.467547
2e33ac7a-f886-4992-b1da-69b4763a4ce4,SALMOKJI: WHISPERING WATER,21cineplex,,26SWWR,Horror,95 menit,D17+,2D,2026-05-17,aa510f69-bf05-4811-b88b-c3979cd56bfc,2026-05-17T14:30:28.467845
2e33ac7a-f886-4992-b1da-69b4763a4ce4,DILAN ITB 1997,21cineplex,,16DI97,"Drama, Romance",110 menit,13+,2D,2026-05-17,90cc1b76-d080-44d0-84c9-1ca20e18404e,2026-05-17T14:30:28.467962
2e33ac7a-f886-4992-b1da-69b4763a4ce4,SEMUA AKAN BAIK-BAIK SAJA,21cineplex,,16SABB,Drama,113 menit,13+,2D,2026-05-17,be264b94-6e92-4841-97c6-5a7997c5fcd0,2026-05-17T14:30:28.468085
2e33ac7a-f886-4992-b1da-69b4763a4ce4,GHOST IN THE CELL,21cineplex,,16GITC,"Comedy, Horror",106 menit,D17+,2D,2026-05-17,eefe1c33-db82-45dd-9192-6fd80191fe7d,2026-05-17T14:30:28.468274
2e33ac7a-f886-4992-b1da-69b4763a4ce4,STAR WARS: THE MANDALORIAN AND GROGU,21cineplex,,26SWMG,"Fantasy, Sci-Fi",132 menit,13+,2D,2026-05-20,0b1ebd72-c563-44e2-b083-96a93fec62cd,2026-05-17T14:30:28.468471
2e33ac7a-f886-4992-b1da-69b4763a4ce4,GUDANG MERICA,21cineplex,,16GMEA,"Comedy, Horror",98 menit,D17+,2D,2026-05-21,d24aeac4-0e53-400a-991a-fd11e180430c,2026-05-17T14:30:28.468616
2e33ac7a-f886-4992-b1da-69b4763a4ce4,KAMU HARUS MATI,21cineplex,,16KHMI,"Horror, Mystery, Thriller",90 menit,13+,2D,2026-05-21,45973f9c-67cc-4dca-803e-b1255a23cfeb,2026-05-17T14:30:28.468781
2e33ac7a-f886-4992-b1da-69b4763a4ce4,CHILDREN OF HEAVEN,21cineplex,,16COHN,"Drama, Family",97 menit,SU,2D,2026-05-27,eb5ab3dd-cc6f-421f-a2d5-311472a63107,2026-05-17T14:30:28.468959
2e33ac7a-f886-4992-b1da-69b4763a4ce4,SUAMIKU LUKAKU,21cineplex,,16SLUU,Drama,92 menit,D17+,2D,2026-05-27,e8ac1c90-14ba-424c-8dbc-36f1e4cbb55f,2026-05-17T14:30:28.469118
f1d5dcdc-1488-4a1e-930a-fdb9f4068601,THE DEVIL WEARS PRADA 2,21cineplex,,26DWP2,"Comedy, Drama",119 menit,13+,2D,2026-05-17,df58d622-2583-4f24-8243-09053ad349de,2026-05-17T14:30:30.096149
f1d5dcdc-1488-4a1e-930a-fdb9f4068601,GOHAN,21cineplex,,26GOHN,Drama,140 menit,SU,2D,2026-05-17,fa06b2ad-b5f4-4c13-94da-858c40a105eb,2026-05-17T14:30:30.096316
56bba459-4078-41d7-b5f3-708703d4d79b,DILAN ITB 1997,21cineplex,,16DI97,"Drama, Romance",110 menit,13+,2D,2026-05-17,eab0b426-08f0-4c68-818b-d8f432f0fd4d,2026-05-17T14:30:34.489058
56bba459-4078-41d7-b5f3-708703d4d79b,SEMUA AKAN BAIK-BAIK SAJA,21cineplex,,16SABB,Drama,113 menit,13+,2D,2026-05-17,5509e442-a4cb-4aa2-81e8-eb070424a334,2026-05-17T14:30:34.489302
56bba459-4078-41d7-b5f3-708703d4d79b,GOHAN,21cineplex,,26GOHN,Drama,140 menit,SU,2D,2026-05-17,2da5fbc3-fb02-4d27-8bec-a778355a3f07,2026-05-17T14:30:34.489588
56bba459-4078-41d7-b5f3-708703d4d79b,GHOST IN THE CELL,21cineplex,,16GITC,"Comedy, Horror",106 menit,D17+,2D,2026-05-17,eaa31d62-17d6-4e3c-b529-318e4a141374,2026-05-17T14:30:34.489749
56bba459-4078-41d7-b5f3-708703d4d79b,MORTAL KOMBAT II,21cineplex,,25MKT2,"Action, Adventure",116 menit,D17+,2D,2026-05-17,979cf826-8b61-4955-b341-ce75f65c38b3,2026-05-17T14:30:34.489946
56bba459-4078-41d7-b5f3-708703d4d79b,TUMBAL PROYEK,21cineplex,,16TPRK,Horror,106 menit,D17+,2D,2026-05-17,4e62b2b1-47d6-4dae-aa2a-bbd56b66476e,2026-05-17T14:30:34.490099
56bba459-4078-41d7-b5f3-708703d4d79b,YANG LAIN BOLEH HILANG ASAL KAU JANGAN,21cineplex,,16YLBH,Drama,113 menit,13+,2D,2026-05-17,4941ab2d-5c85-4e3b-8bf0-2bc0a5d2f6db,2026-05-17T14:30:34.490298
56bba459-4078-41d7-b5f3-708703d4d79b,CHILDREN OF HEAVEN,21cineplex,,16COHN,"Drama, Family",97 menit,SU,2D,2026-05-27,f4bb67c9-12be-48b3-9e4c-c113e33d7ed0,2026-05-17T14:30:34.490557
351ff8c8-b1df-4997-8fc0-93a242b43fcc,SEMUA AKAN BAIK-BAIK SAJA,21cineplex,,16SABB,Drama,113 menit,13+,2D,2026-05-17,1c99e6c0-858f-4a11-9537-6e7f7a88d424,2026-05-17T14:30:36.224463
351ff8c8-b1df-4997-8fc0-93a242b43fcc,GHOST IN THE CELL,21cineplex,,16GITC,"Comedy, Horror",106 menit,D17+,2D,2026-05-17,72359c52-1d24-4d0d-898e-5a77986108b2,2026-05-17T14:30:36.225009
351ff8c8-b1df-4997-8fc0-93a242b43fcc,GOHAN,21cineplex,,26GOHN,Drama,140 menit,SU,2D,2026-05-17,3d90873a-4a07-46e1-be26-3e46a7afd3d2,2026-05-17T14:30:36.225169
351ff8c8-b1df-4997-8fc0-93a242b43fcc,THE SHEEP DETECTIVES,21cineplex,,26SDES,"Comedy, Mystery",109 menit,SU,2D,2026-05-17,dc01c811-fb54-41af-8f8e-2818071d3d7c,2026-05-17T14:30:36.225315
351ff8c8-b1df-4997-8fc0-93a242b43fcc,YANG LAIN BOLEH HILANG ASAL KAU JANGAN,21cineplex,,16YLBH,Drama,113 menit,13+,2D,2026-05-17,ec369b80-cb0c-47a3-85dc-989962cfc956,2026-05-17T14:30:36.225431
351ff8c8-b1df-4997-8fc0-93a242b43fcc,TUMBAL PROYEK,21cineplex,,16TPRK,Horror,106 menit,D17+,2D,2026-05-17,0a0a99e3-eaac-4ba9-a1ca-c281580f7a0d,2026-05-17T14:30:36.225586
351ff8c8-b1df-4997-8fc0-93a242b43fcc,KAMU HARUS MATI,21cineplex,,16KHMI,"Horror, Mystery, Thriller",90 menit,13+,2D,2026-05-21,a1b0f358-becd-44cc-ac17-a0dc9366c9bb,2026-05-17T14:30:36.225802
61665ec7-3f8d-4879-bb85-ec3294792071,GHOST IN THE CELL,21cineplex,,16GITC,"Comedy, Horror",106 menit,D17+,2D,2026-05-17,953f0dc8-7a5b-4c18-b6f5-96daedbda90e,2026-05-17T14:30:37.481708
61665ec7-3f8d-4879-bb85-ec3294792071,GOHAN,21cineplex,,26GOHN,Drama,140 menit,SU,2D,2026-05-17,300907bc-574a-4c36-9e5b-c6fd1e93e872,2026-05-17T14:30:37.481825
61665ec7-3f8d-4879-bb85-ec3294792071,YANG LAIN BOLEH HILANG ASAL KAU JANGAN,21cineplex,,16YLBH,Drama,113 menit,13+,2D,2026-05-17,61e646fc-eb61-4a09-aefc-92589f38eb2c,2026-05-17T14:30:37.481883
61665ec7-3f8d-4879-bb85-ec3294792071,SEMUA AKAN BAIK-BAIK SAJA,21cineplex,,16SABB,Drama,113 menit,13+,2D,2026-05-17,50642da1-3dab-4ddb-a4de-c798aeb2354c,2026-05-17T14:30:37.481959
61665ec7-3f8d-4879-bb85-ec3294792071,TUMBAL PROYEK,21cineplex,,16TPRK,Horror,106 menit,D17+,2D,2026-05-17,3b95cee4-5b3e-4c89-b302-f86771c600ab,2026-05-17T14:30:37.482054
61665ec7-3f8d-4879-bb85-ec3294792071,KELUARGA SUAMI ADALAH HAMA,21cineplex,,16KSAH,Drama,117 menit,13+,2D,2026-05-21,5445b214-5da2-4e46-9555-ee9b9f37b2db,2026-05-17T14:30:37.482151
61665ec7-3f8d-4879-bb85-ec3294792071,KAMU HARUS MATI,21cineplex,,16KHMI,"Horror, Mystery, Thriller",90 menit,13+,2D,2026-05-21,6dfabc84-5730-46ae-a0bd-34ed5fcefa47,2026-05-17T14:30:37.482244
61665ec7-3f8d-4879-bb85-ec3294792071,CHILDREN OF HEAVEN,21cineplex,,16COHN,"Drama, Family",97 menit,SU,2D,2026-05-27,109327b2-6ee4-4e8c-bb86-e9f57d999a7f,2026-05-17T14:30:37.482329
2fe788ec-6075-4c7c-b6e0-3c1296937cea,GOHAN,21cineplex,,26GOHN,Drama,140 menit,SU,2D,2026-05-17,55a15589-6003-4b1a-8d1e-5c9e0c42668d,2026-05-17T14:30:39.330284
2fe788ec-6075-4c7c-b6e0-3c1296937cea,MORTAL KOMBAT II,21cineplex,,25MKT2,"Action, Adventure",116 menit,D17+,2D,2026-05-17,cbf08194-8a5e-4168-981d-e89a4e60631c,2026-05-17T14:30:39.330441
2fe788ec-6075-4c7c-b6e0-3c1296937cea,TUMBAL PROYEK,21cineplex,,16TPRK,Horror,106 menit,D17+,2D,2026-05-17,9925d4da-d2f4-4cfc-be09-51cd57aaaba9,2026-05-17T14:30:39.330506
2fe788ec-6075-4c7c-b6e0-3c1296937cea,SEMUA AKAN BAIK-BAIK SAJA,21cineplex,,16SABB,Drama,113 menit,13+,2D,2026-05-17,66fa4298-218d-437d-8660-c576bf0cf9e7,2026-05-17T14:30:39.330593
2fe788ec-6075-4c7c-b6e0-3c1296937cea,GHOST IN THE CELL,21cineplex,,16GITC,"Comedy, Horror",106 menit,D17+,2D,2026-05-17,f39e7a53-0e24-4351-bd68-0ed84f821d63,2026-05-17T14:30:39.330701
2fe788ec-6075-4c7c-b6e0-3c1296937cea,THE DEVIL WEARS PRADA 2,21cineplex,,26DWP2,"Comedy, Drama",119 menit,13+,2D,2026-05-17,fff0b76a-f90b-4f8d-b233-7f768cfc2cd0,2026-05-17T14:30:39.330774
2fe788ec-6075-4c7c-b6e0-3c1296937cea,DILAN ITB 1997,21cineplex,,16DI97,"Drama, Romance",110 menit,13+,2D,2026-05-17,c352a01c-af35-412c-8271-3382999d5d55,2026-05-17T14:30:39.330836
2fe788ec-6075-4c7c-b6e0-3c1296937cea,STAR WARS: THE MANDALORIAN AND GROGU,21cineplex,,26SWMG,"Fantasy, Sci-Fi",132 menit,13+,2D,2026-05-20,eff14922-8c56-4348-a7d4-fabafa9ede99,2026-05-17T14:30:39.330898
2fe788ec-6075-4c7c-b6e0-3c1296937cea,KELUARGA SUAMI ADALAH HAMA,21cineplex,,16KSAH,Drama,117 menit,13+,2D,2026-05-21,cfbf2c33-31e7-4daf-ad51-abe0944cca12,2026-05-17T14:30:39.331035
2fe788ec-6075-4c7c-b6e0-3c1296937cea,SEKAWAN LIMO 2: GUNUNG KLAWIH,21cineplex,,16SK2G,"Comedy, Horror",122 menit,13+,2D,2026-05-27,156b900d-33d1-4dae-911a-d3e6e90eec2f,2026-05-17T14:30:39.331437
