cinema_id,title,source,movie_id,movie_code,genre,duration,age_rating,format,show_date,id,created_at
438a6670-c713-4358-9883-fe3a8e2963ef,SEMUA AKAN BAIK-BAIK SAJA,21cineplex,,16SABB,Drama,113 menit,13+,2D,2026-05-26,84b5ea1c-3ebe-4014-ae20-ef0a9d97fc75,2026-05-26T16:29:12.534065
438a6670-c713-4358-9883-fe3a8e2963ef,SALMOKJI: WHISPERING WATER,21cineplex,,26SWWR,Horror,95 menit,D17+,2D,2026-05-26,67eba270-0ade-45bb-a247-ba0dadeafbc2,2026-05-26T16:29:12.534494
438a6670-c713-4358-9883-fe3a8e2963ef,TUMBAL PROYEK,21cineplex,,16TPRK,Horror,106 menit,D17+,2D,2026-05-26,6375e17d-72d2-4adf-8855-067a91544d32,2026-05-26T16:29:12.534607
438a6670-c713-4358-9883-fe3a8e2963ef,STAR WARS: THE MANDALORIAN AND GROGU,21cineplex,,26SWMG,"Fantasy, Sci-Fi",132 menit,13+,2D,2026-05-26,df3e8c21-bb50-4648-9468-ff02d2f4536f,2026-05-26T16:29:12.534757
438a6670-c713-4358-9883-fe3a8e2963ef,TUMBAL PROYEK,21cineplex,,16TPRK,Horror,106 menit,D17+,2D,2026-05-27,890effd5-d62c-495d-9cbd-cd9f0b2f42ea,2026-05-26T16:29:12.534846
438a6670-c713-4358-9883-fe3a8e2963ef,SEMUA AKAN BAIK-BAIK SAJA,21cineplex,,16SABB,Drama,113 menit,13+,2D,2026-05-27,70a80c31-67ec-4906-86c9-09d8a634d7fa,2026-05-26T16:29:12.534920
438a6670-c713-4358-9883-fe3a8e2963ef,SUAMIKU LUKAKU,21cineplex,,16SLUU,Drama,92 menit,D17+,2D,2026-05-27,320b5512-9d41-41f2-83ab-1fcc7d0ad146,2026-05-26T16:29:12.535041
438a6670-c713-4358-9883-fe3a8e2963ef,SEKAWAN LIMO 2: GUNUNG KLAWIH,21cineplex,,16SK2G,"Comedy, Horror",122 menit,13+,2D,2026-05-27,12611626-0088-4a4c-8dac-b94abf2da364,2026-05-26T16:29:12.535141
438a6670-c713-4358-9883-fe3a8e2963ef,CHILDREN OF HEAVEN,21cineplex,,16COHN,"Drama, Family",97 menit,SU,2D,2026-05-27,be16c436-8442-4a45-9404-6bd94878be95,2026-05-26T16:29:12.535217
a418a9fb-c59e-41cf-beb6-26f7b60f4748,THE SHEEP DETECTIVES,21cineplex,,26SDES,"Comedy, Mystery",109 menit,SU,2D,2026-05-26,e2f2b794-c1ec-438e-85b4-081de0916dc9,2026-05-26T16:29:12.535553
a418a9fb-c59e-41cf-beb6-26f7b60f4748,HOKUM,21cineplex,,26HOKM,Horror,107 menit,13+,2D,2026-05-26,08677897-844a-453b-9248-0fb35a7eadd1,2026-05-26T16:29:12.535683
a418a9fb-c59e-41cf-beb6-26f7b60f4748,SALMOKJI: WHISPERING WATER,21cineplex,,26SWWR,Horror,95 menit,D17+,2D,2026-05-26,339625f1-4041-410c-b45b-85735f2d5a05,2026-05-26T16:29:12.535803
a418a9fb-c59e-41cf-beb6-26f7b60f4748,MICHAEL,21cineplex,,26MICL,Biography,127 menit,SU,2D,2026-05-26,611b7224-4451-42d5-bdfb-895758acccfe,2026-05-26T16:29:12.535888
a418a9fb-c59e-41cf-beb6-26f7b60f4748,THE DEVIL WEARS PRADA 2,21cineplex,,26DWP2,"Comedy, Drama",119 menit,13+,2D,2026-05-26,0313805b-d869-4a47-9f4c-30a90ac2655c,2026-05-26T16:29:12.535966
a418a9fb-c59e-41cf-beb6-26f7b60f4748,IN THE GREY,21cineplex,,26ITGY,"Action, Thriller",97 menit,13+,2D,2026-05-26,664a7eb5-d795-4496-a888-8f4a36697a04,2026-05-26T16:29:12.536036
a418a9fb-c59e-41cf-beb6-26f7b60f4748,GOHAN,21cineplex,,26GOHN,Drama,140 menit,SU,2D,2026-05-26,b18bf0be-600f-41e3-b255-8f8dd6db0d62,2026-05-26T16:29:12.536103
a418a9fb-c59e-41cf-beb6-26f7b60f4748,SEKAWAN LIMO 2: GUNUNG KLAWIH,21cineplex,,16SK2G,"Comedy, Horror",122 menit,13+,2D,2026-05-27,bdc7ec67-1fe4-4121-b4f7-cd22cf91b17e,2026-05-26T16:29:12.536220
a418a9fb-c59e-41cf-beb6-26f7b60f4748,BADUT GENDONG,21cineplex,,16BGEG,"Action, Horror",101 menit,D17+,2D,2026-05-27,fa0d5c22-c784-473c-9bc0-a383c9be3886,2026-05-26T16:29:12.536342
a418a9fb-c59e-41cf-beb6-26f7b60f4748,HOKUM,21cineplex,,26HOKM,Horror,107 menit,13+,2D,2026-05-27,df1e4f5c-9831-4747-92ea-70027d72b2e7,2026-05-26T16:29:12.536472
a418a9fb-c59e-41cf-beb6-26f7b60f4748,GOHAN,21cineplex,,26GOHN,Drama,140 menit,SU,2D,2026-05-27,015fa186-b982-4975-8b8f-299648bc0c9f,2026-05-26T16:29:12.536554
a418a9fb-c59e-41cf-beb6-26f7b60f4748,PASSENGER,21cineplex,,26PASR,Horror,94 menit,D17+,2D,2026-05-27,0af76a1c-5a0a-49a7-bc9f-4aa1a3cb9d97,2026-05-26T16:29:12.536633
a418a9fb-c59e-41cf-beb6-26f7b60f4748,CHILDREN OF HEAVEN,21cineplex,,16COHN,"Drama, Family",97 menit,SU,2D,2026-05-27,b9ad9d82-b5ed-472f-9d93-89b89cc28f29,2026-05-26T16:29:12.536758
a418a9fb-c59e-41cf-beb6-26f7b60f4748,COLONY,21cineplex,,26COLY,"Horror, Thriller",122 menit,13+,2D,2026-06-03,a44732a9-e10d-4130-9510-d8759662b267,2026-05-26T16:29:12.536883
01a24605-39b6-44ba-a34e-b6640f4cf571,KELUARGA SUAMI ADALAH HAMA,21cineplex,,16KSAH,Drama,117 menit,13+,2D,2026-05-26,ac9b5b73-5cb3-4256-adc0-c39d041c5e80,2026-05-26T16:29:12.537466
01a24605-39b6-44ba-a34e-b6640f4cf571,SEMUA AKAN BAIK-BAIK SAJA,21cineplex,,16SABB,Drama,113 menit,13+,2D,2026-05-26,f4dcb799-e0d7-419f-bb0f-1405adf3d0da,2026-05-26T16:29:12.537563
01a24605-39b6-44ba-a34e-b6640f4cf571,TUMBAL PROYEK,21cineplex,,16TPRK,Horror,106 menit,D17+,2D,2026-05-26,e0926db7-3f03-479b-8467-6ea403bd642b,2026-05-26T16:29:12.537772
01a24605-39b6-44ba-a34e-b6640f4cf571,GHOST IN THE CELL,21cineplex,,16GITC,"Comedy, Horror",106 menit,D17+,2D,2026-05-26,c0897146-e26a-437f-a1e0-4f5fa69369c3,2026-05-26T16:29:12.537892
01a24605-39b6-44ba-a34e-b6640f4cf571,TUMBAL PROYEK,21cineplex,,16TPRK,Horror,106 menit,D17+,2D,2026-05-27,082b0580-e9b0-4de7-92a4-6e5e0185b698,2026-05-26T16:29:12.537993
01a24605-39b6-44ba-a34e-b6640f4cf571,SUAMIKU LUKAKU,21cineplex,,16SLUU,Drama,92 menit,D17+,2D,2026-05-27,290f8f74-64d9-43f3-8b3c-5d2a3f091eb3,2026-05-26T16:29:12.538113
01a24605-39b6-44ba-a34e-b6640f4cf571,CHILDREN OF HEAVEN,21cineplex,,16COHN,"Drama, Family",97 menit,SU,2D,2026-05-27,749cd9e9-5394-48dc-8a81-c2fe7c542e4e,2026-05-26T16:29:12.538245
b520c100-5e46-413f-b0f1-370b1a3e71bb,IN THE GREY,21cineplex,,26ITGY,"Action, Thriller",97 menit,13+,2D,2026-05-26,057ea345-ddc7-418d-881e-113c8bad0d77,2026-05-26T16:29:14.279950
b520c100-5e46-413f-b0f1-370b1a3e71bb,HOKUM,21cineplex,,26HOKM,Horror,107 menit,13+,2D,2026-05-26,192612ca-2a47-4d74-8d1e-6924d2260927,2026-05-26T16:29:14.280213
b520c100-5e46-413f-b0f1-370b1a3e71bb,SEMUA AKAN BAIK-BAIK SAJA,21cineplex,,16SABB,Drama,113 menit,13+,2D,2026-05-26,d5a6d0bb-0698-4c00-990a-c4092721da05,2026-05-26T16:29:14.280360
b520c100-5e46-413f-b0f1-370b1a3e71bb,GOHAN,21cineplex,,26GOHN,Drama,140 menit,SU,2D,2026-05-26,80689933-fb58-4d5d-b246-f6478e6a80c5,2026-05-26T16:29:14.280653
b520c100-5e46-413f-b0f1-370b1a3e71bb,MORTAL KOMBAT II,21cineplex,,25MKT2,"Action, Adventure",116 menit,D17+,2D,2026-05-26,28afed29-5596-4e08-af24-7a355d230ab8,2026-05-26T16:29:14.280917
b520c100-5e46-413f-b0f1-370b1a3e71bb,GUDANG MERICA,21cineplex,,16GMEA,"Comedy, Horror",98 menit,D17+,2D,2026-05-26,6544272c-0aaa-4f1c-ba9d-5306136cee66,2026-05-26T16:29:14.281053
b520c100-5e46-413f-b0f1-370b1a3e71bb,TUMBAL PROYEK,21cineplex,,16TPRK,Horror,106 menit,D17+,2D,2026-05-26,5d7a2a1c-41d8-4aa8-905d-7ef5379ddc2d,2026-05-26T16:29:14.281182
b520c100-5e46-413f-b0f1-370b1a3e71bb,STAR WARS: THE MANDALORIAN AND GROGU,21cineplex,,26SWMG,"Fantasy, Sci-Fi",132 menit,13+,2D,2026-05-26,a74e1603-25ed-4aea-ae57-97524f221741,2026-05-26T16:29:14.281363
b520c100-5e46-413f-b0f1-370b1a3e71bb,SEMUA AKAN BAIK-BAIK SAJA,21cineplex,,16SABB,Drama,113 menit,13+,2D,2026-05-27,efea7403-7f67-4fd0-a5d3-733cec90ce6e,2026-05-26T16:29:14.281545
b520c100-5e46-413f-b0f1-370b1a3e71bb,BADUT GENDONG,21cineplex,,16BGEG,"Action, Horror",101 menit,D17+,2D,2026-05-27,2ed1b7f9-d88c-4d84-b7bc-13615e6e7233,2026-05-26T16:29:14.281688
b520c100-5e46-413f-b0f1-370b1a3e71bb,SEKAWAN LIMO 2: GUNUNG KLAWIH,21cineplex,,16SK2G,"Comedy, Horror",122 menit,13+,2D,2026-05-27,d22052d8-3060-4ae8-a761-98e4ba8222a1,2026-05-26T16:29:14.281851
b520c100-5e46-413f-b0f1-370b1a3e71bb,PASSENGER,21cineplex,,26PASR,Horror,94 menit,D17+,2D,2026-05-27,b27b96ee-03db-4138-b0db-a33415a930c3,2026-05-26T16:29:14.282168
b520c100-5e46-413f-b0f1-370b1a3e71bb,SUAMIKU LUKAKU,21cineplex,,16SLUU,Drama,92 menit,D17+,2D,2026-05-27,48c31010-2407-4ac4-b5cc-232fb4440e50,2026-05-26T16:29:14.282379
b520c100-5e46-413f-b0f1-370b1a3e71bb,HOKUM,21cineplex,,26HOKM,Horror,107 menit,13+,2D,2026-05-27,7ba2d677-83d0-4195-9449-c106bb5df343,2026-05-26T16:29:14.282638
b520c100-5e46-413f-b0f1-370b1a3e71bb,GUDANG MERICA,21cineplex,,16GMEA,"Comedy, Horror",98 menit,D17+,2D,2026-05-27,0742c822-143a-4d27-99fe-2804b3975720,2026-05-26T16:29:14.282768
b520c100-5e46-413f-b0f1-370b1a3e71bb,STAR WARS: THE MANDALORIAN AND GROGU,21cineplex,,26SWMG,"Fantasy, Sci-Fi",132 menit,13+,2D,2026-05-27,4f4dfb32-b1c2-493f-80ab-0983aef307c7,2026-05-26T16:29:14.282928
b520c100-5e46-413f-b0f1-370b1a3e71bb,COLONY,21cineplex,,26COLY,"Horror, Thriller",122 menit,13+,2D,2026-06-03,bf1a9067-746c-4f5f-8950-2929dab7ebbf,2026-05-26T16:29:14.283046
6caeba1f-7455-4744-a91a-a8e8d19d68ba,HOKUM,21cineplex,,26HOKM,Horror,107 menit,13+,2D,2026-05-26,bc6590b9-cd59-4693-834d-106d3b7664cb,2026-05-26T16:29:15.836859
6caeba1f-7455-4744-a91a-a8e8d19d68ba,GOHAN,21cineplex,,26GOHN,Drama,140 menit,SU,2D,2026-05-26,3b2134b9-cb9e-4bd1-abe1-2ac81368a700,2026-05-26T16:29:15.837033
6caeba1f-7455-4744-a91a-a8e8d19d68ba,THE SHEEP DETECTIVES,21cineplex,,26SDES,"Comedy, Mystery",109 menit,SU,2D,2026-05-26,b86b0288-39b7-4530-bc35-35dc756f2486,2026-05-26T16:29:15.837173
6caeba1f-7455-4744-a91a-a8e8d19d68ba,SEMUA AKAN BAIK-BAIK SAJA,21cineplex,,16SABB,Drama,113 menit,13+,2D,2026-05-26,81b40e72-3baa-4ebd-a850-8a28a608fa1d,2026-05-26T16:29:15.837324
6caeba1f-7455-4744-a91a-a8e8d19d68ba,STAR WARS: THE MANDALORIAN AND GROGU,21cineplex,,26SWMG,"Fantasy, Sci-Fi",132 menit,13+,2D,2026-05-26,a259c96b-f049-4d57-a36c-a9033fba314d,2026-05-26T16:29:15.837565
6caeba1f-7455-4744-a91a-a8e8d19d68ba,GUDANG MERICA,21cineplex,,16GMEA,"Comedy, Horror",98 menit,D17+,2D,2026-05-26,0edbdead-e905-45d9-8aa7-6734cb7bfabd,2026-05-26T16:29:15.837733
6caeba1f-7455-4744-a91a-a8e8d19d68ba,TUMBAL PROYEK,21cineplex,,16TPRK,Horror,106 menit,D17+,2D,2026-05-26,f66c9ab6-ebcf-4a0c-b3d5-bc47dae84a6e,2026-05-26T16:29:15.837953
6caeba1f-7455-4744-a91a-a8e8d19d68ba,SEKAWAN LIMO 2: GUNUNG KLAWIH,21cineplex,,16SK2G,"Comedy, Horror",122 menit,13+,2D,2026-05-27,2b3acc95-0be0-46a1-8f15-6d39d643212f,2026-05-26T16:29:15.838082
6caeba1f-7455-4744-a91a-a8e8d19d68ba,BADUT GENDONG,21cineplex,,16BGEG,"Action, Horror",101 menit,D17+,2D,2026-05-27,5a683d5f-c4d7-4c22-ab02-70c118ed3d94,2026-05-26T16:29:15.838233
6caeba1f-7455-4744-a91a-a8e8d19d68ba,CHILDREN OF HEAVEN,21cineplex,,16COHN,"Drama, Family",97 menit,SU,2D,2026-05-27,f73d4cb0-fb88-4a60-b90d-fd55cfc80900,2026-05-26T16:29:15.838405
6caeba1f-7455-4744-a91a-a8e8d19d68ba,SUAMIKU LUKAKU,21cineplex,,16SLUU,Drama,92 menit,D17+,2D,2026-05-27,96085446-0431-42e7-8653-e92eda4b15db,2026-05-26T16:29:15.838552
6caeba1f-7455-4744-a91a-a8e8d19d68ba,PASSENGER,21cineplex,,26PASR,Horror,94 menit,D17+,2D,2026-05-27,49a40535-10f3-4f5f-985d-1c4061142c1a,2026-05-26T16:29:15.838708
71664a1c-d79c-4b9c-9b0c-bb0c5df0daa6,GOHAN,21cineplex,,26GOHN,Drama,140 menit,SU,2D,2026-05-26,6babd9db-9b48-42a6-b942-7e78d53d223f,2026-05-26T16:29:17.127364
71664a1c-d79c-4b9c-9b0c-bb0c5df0daa6,IN THE GREY,21cineplex,,26ITGY,"Action, Thriller",97 menit,13+,2D,2026-05-26,9d062e67-64b5-44cc-91d1-6bf254d531e0,2026-05-26T16:29:17.127645
71664a1c-d79c-4b9c-9b0c-bb0c5df0daa6,THE SHEEP DETECTIVES,21cineplex,,26SDES,"Comedy, Mystery",109 menit,SU,2D,2026-05-26,dc90f195-3af9-48b7-9239-0e2b9876a389,2026-05-26T16:29:17.127769
71664a1c-d79c-4b9c-9b0c-bb0c5df0daa6,STAR WARS: THE MANDALORIAN AND GROGU,21cineplex,,26SWMG,"Fantasy, Sci-Fi",132 menit,13+,2D,2026-05-26,59c2e98e-5e95-40ef-9926-c503a802c1dc,2026-05-26T16:29:17.127982
71664a1c-d79c-4b9c-9b0c-bb0c5df0daa6,HOKUM,21cineplex,,26HOKM,Horror,107 menit,13+,2D,2026-05-26,169bc539-7935-4440-93f3-3c4b9889ba2c,2026-05-26T16:29:17.128218
71664a1c-d79c-4b9c-9b0c-bb0c5df0daa6,SEMUA AKAN BAIK-BAIK SAJA,21cineplex,,16SABB,Drama,113 menit,13+,2D,2026-05-26,b704c14a-8952-43b9-90c4-06e8f0ab5ffd,2026-05-26T16:29:17.128424
71664a1c-d79c-4b9c-9b0c-bb0c5df0daa6,PEGASUS 3,21cineplex,,26PES3,"Action, Comedy",126 menit,13+,2D,2026-05-26,8cdd4e49-fc40-4dff-a11a-223a0706bec6,2026-05-26T16:29:17.128566
71664a1c-d79c-4b9c-9b0c-bb0c5df0daa6,BADUT GENDONG,21cineplex,,16BGEG,"Action, Horror",101 menit,D17+,2D,2026-05-27,5745c5ec-318e-472f-bb13-90fb0eb8ea23,2026-05-26T16:29:17.128772
71664a1c-d79c-4b9c-9b0c-bb0c5df0daa6,CHILDREN OF HEAVEN,21cineplex,,16COHN,"Drama, Family",97 menit,SU,2D,2026-05-27,c3737d9e-923b-4a94-9c25-f90364bbef2c,2026-05-26T16:29:17.128989
71664a1c-d79c-4b9c-9b0c-bb0c5df0daa6,GOHAN,21cineplex,,26GOHN,Drama,140 menit,SU,2D,2026-05-27,182531ef-776a-4032-97e4-c6df4d83c92e,2026-05-26T16:29:17.129185
71664a1c-d79c-4b9c-9b0c-bb0c5df0daa6,PASSENGER,21cineplex,,26PASR,Horror,94 menit,D17+,2D,2026-05-27,186ab4b0-9b0f-4f42-bca3-b2642fb793ff,2026-05-26T16:29:17.129328
71664a1c-d79c-4b9c-9b0c-bb0c5df0daa6,HOKUM,21cineplex,,26HOKM,Horror,107 menit,13+,2D,2026-05-27,d7752237-abb5-4708-8509-fb3f3f9fc976,2026-05-26T16:29:17.129509
71664a1c-d79c-4b9c-9b0c-bb0c5df0daa6,STAR WARS: THE MANDALORIAN AND GROGU,21cineplex,,26SWMG,"Fantasy, Sci-Fi",132 menit,13+,2D,2026-05-27,ff4ad957-21a3-4f48-8def-11d31ea6672a,2026-05-26T16:29:17.129696
71664a1c-d79c-4b9c-9b0c-bb0c5df0daa6,COLONY,21cineplex,,26COLY,"Horror, Thriller",122 menit,13+,2D,2026-06-03,c38236a1-dfbc-4424-845b-c1d281825c54,2026-05-26T16:29:17.129791
3b6dc426-ae61-4c09-a04d-e9f1a8e805fd,GUDANG MERICA,21cineplex,,16GMEA,"Comedy, Horror",98 menit,D17+,2D,2026-05-26,0e24072b-7bb6-4fe4-b284-697a758eae78,2026-05-26T16:29:20.127462
3b6dc426-ae61-4c09-a04d-e9f1a8e805fd,GHOST IN THE CELL,21cineplex,,16GITC,"Comedy, Horror",106 menit,D17+,2D,2026-05-26,20d00a3f-08b8-4ee1-bcb0-0bf86289cd90,2026-05-26T16:29:20.127677
3b6dc426-ae61-4c09-a04d-e9f1a8e805fd,HOKUM,21cineplex,,26HOKM,Horror,107 menit,13+,2D,2026-05-26,7d82b0e3-2b68-4d41-991f-5a509f24a291,2026-05-26T16:29:20.127822
3b6dc426-ae61-4c09-a04d-e9f1a8e805fd,SEMUA AKAN BAIK-BAIK SAJA,21cineplex,,16SABB,Drama,113 menit,13+,2D,2026-05-26,5058bf18-2678-400c-9f3b-2b88a9748d15,2026-05-26T16:29:20.127911
3b6dc426-ae61-4c09-a04d-e9f1a8e805fd,TUMBAL PROYEK,21cineplex,,16TPRK,Horror,106 menit,D17+,2D,2026-05-26,45fb3fc9-3f64-4def-b3da-405a75ae400f,2026-05-26T16:29:20.128057
3b6dc426-ae61-4c09-a04d-e9f1a8e805fd,YANG LAIN BOLEH HILANG ASAL KAU JANGAN,21cineplex,,16YLBH,Drama,113 menit,13+,2D,2026-05-26,9ed0b416-af20-4212-ad3b-a2d0b95c4e96,2026-05-26T16:29:20.128181
3b6dc426-ae61-4c09-a04d-e9f1a8e805fd,BADUT GENDONG,21cineplex,,16BGEG,"Action, Horror",101 menit,D17+,2D,2026-05-27,084e2f5c-ee91-47fc-88ea-9a25d594b436,2026-05-26T16:29:20.128330
3b6dc426-ae61-4c09-a04d-e9f1a8e805fd,SUAMIKU LUKAKU,21cineplex,,16SLUU,Drama,92 menit,D17+,2D,2026-05-27,4bb79d30-d023-4f3f-8922-332b8546f0c4,2026-05-26T16:29:20.128477
3b6dc426-ae61-4c09-a04d-e9f1a8e805fd,TUMBAL PROYEK,21cineplex,,16TPRK,Horror,106 menit,D17+,2D,2026-05-27,67dd5c62-c5bb-4320-88d7-3abb560741ff,2026-05-26T16:29:20.128611
3b6dc426-ae61-4c09-a04d-e9f1a8e805fd,YANG LAIN BOLEH HILANG ASAL KAU JANGAN,21cineplex,,16YLBH,Drama,113 menit,13+,2D,2026-05-27,a0bf87ba-64cf-4f21-8ab9-e8c3018b7b23,2026-05-26T16:29:20.128742
3b6dc426-ae61-4c09-a04d-e9f1a8e805fd,CHILDREN OF HEAVEN,21cineplex,,16COHN,"Drama, Family",97 menit,SU,2D,2026-05-27,33ef3280-a4f5-4992-8b69-ae3e5ecb026a,2026-05-26T16:29:20.128853
3b6dc426-ae61-4c09-a04d-e9f1a8e805fd,GUDANG MERICA,21cineplex,,16GMEA,"Comedy, Horror",98 menit,D17+,2D,2026-05-27,54c60d01-211b-4a9e-800b-512c984ae56c,2026-05-26T16:29:20.128973
3b6dc426-ae61-4c09-a04d-e9f1a8e805fd,SEMUA AKAN BAIK-BAIK SAJA,21cineplex,,16SABB,Drama,113 menit,13+,2D,2026-05-27,afd592bf-0384-4607-a370-dd48e3f295fb,2026-05-26T16:29:20.129099
7d8e4f37-ef6e-4492-a9cb-16f55a6696de,SEMUA AKAN BAIK-BAIK SAJA,21cineplex,,16SABB,Drama,113 menit,13+,2D,2026-05-26,b61cd416-d1d4-43fe-9246-3ef24efbd6d8,2026-05-26T16:29:21.882350
7d8e4f37-ef6e-4492-a9cb-16f55a6696de,HOKUM,21cineplex,,26HOKM,Horror,107 menit,13+,2D,2026-05-26,87d43496-d291-4696-8f19-0d4ba2f22505,2026-05-26T16:29:21.882653
7d8e4f37-ef6e-4492-a9cb-16f55a6696de,STAR WARS: THE MANDALORIAN AND GROGU,21cineplex,,26SWMG,"Fantasy, Sci-Fi",132 menit,13+,2D,2026-05-26,428e2b5e-dc2d-4d3d-a7f1-a30ab64be05f,2026-05-26T16:29:21.882852
7d8e4f37-ef6e-4492-a9cb-16f55a6696de,DILAN ITB 1997,21cineplex,,16DI97,"Drama, Romance",110 menit,13+,2D,2026-05-26,be07ca36-bad3-41a7-9100-169949f7060b,2026-05-26T16:29:21.882984
7d8e4f37-ef6e-4492-a9cb-16f55a6696de,KELUARGA SUAMI ADALAH HAMA,21cineplex,,16KSAH,Drama,117 menit,13+,2D,2026-05-26,3fee59c2-181d-4595-aa30-52206d9b96f7,2026-05-26T16:29:21.883114
7d8e4f37-ef6e-4492-a9cb-16f55a6696de,TUMBAL PROYEK,21cineplex,,16TPRK,Horror,106 menit,D17+,2D,2026-05-26,534ae0ae-ab72-45ab-92b6-f6ee8976801c,2026-05-26T16:29:21.883218
7d8e4f37-ef6e-4492-a9cb-16f55a6696de,GHOST IN THE CELL,21cineplex,,16GITC,"Comedy, Horror",106 menit,D17+,2D,2026-05-26,a15e911b-82a5-452e-b02c-16c7e7b875df,2026-05-26T16:29:21.883364
7d8e4f37-ef6e-4492-a9cb-16f55a6696de,SUAMIKU LUKAKU,21cineplex,,16SLUU,Drama,92 menit,D17+,2D,2026-05-27,b41ebbde-021c-4c60-b082-7d0e7721b855,2026-05-26T16:29:21.883528
7d8e4f37-ef6e-4492-a9cb-16f55a6696de,HOKUM,21cineplex,,26HOKM,Horror,107 menit,13+,2D,2026-05-27,cdaaf2fc-4ce9-4228-9344-7aabf1b0b60f,2026-05-26T16:29:21.883643
7d8e4f37-ef6e-4492-a9cb-16f55a6696de,SEMUA AKAN BAIK-BAIK SAJA,21cineplex,,16SABB,Drama,113 menit,13+,2D,2026-05-27,16b266c8-ea73-430a-8380-4eeba81cfedd,2026-05-26T16:29:21.883728
7d8e4f37-ef6e-4492-a9cb-16f55a6696de,PASSENGER,21cineplex,,26PASR,Horror,94 menit,D17+,2D,2026-05-27,3be5e528-cc6d-4cc2-a9e1-efc1b8733978,2026-05-26T16:29:21.883858
7d8e4f37-ef6e-4492-a9cb-16f55a6696de,GHOST IN THE CELL,21cineplex,,16GITC,"Comedy, Horror",106 menit,D17+,2D,2026-05-27,d29c40e0-027d-4525-a7c1-9382ed2dc89d,2026-05-26T16:29:21.884022
7d8e4f37-ef6e-4492-a9cb-16f55a6696de,CHILDREN OF HEAVEN,21cineplex,,16COHN,"Drama, Family",97 menit,SU,2D,2026-05-27,b52d4432-2f3c-4306-b468-dffa936b7842,2026-05-26T16:29:21.884141
7d8e4f37-ef6e-4492-a9cb-16f55a6696de,SEKAWAN LIMO 2: GUNUNG KLAWIH,21cineplex,,16SK2G,"Comedy, Horror",122 menit,13+,2D,2026-05-27,fbe97fe7-2906-40c0-8011-b0568e30c367,2026-05-26T16:29:21.884377
7d8e4f37-ef6e-4492-a9cb-16f55a6696de,TUMBAL PROYEK,21cineplex,,16TPRK,Horror,106 menit,D17+,2D,2026-05-27,7edee21b-443e-4e2a-9df6-a6df0e57ade4,2026-05-26T16:29:21.884513
7d8e4f37-ef6e-4492-a9cb-16f55a6696de,COLONY,21cineplex,,26COLY,"Horror, Thriller",122 menit,13+,2D,2026-06-03,e3f6efb2-916d-418a-b92d-919a411726e8,2026-05-26T16:29:21.884621
d9cc6e80-702f-4a52-9d95-e4589d038261,IN THE GREY,21cineplex,,26ITGY,"Action, Thriller",97 menit,13+,2D,2026-05-26,68c229ea-0585-4d6e-a303-fbfa467362a7,2026-05-26T16:29:23.123504
d9cc6e80-702f-4a52-9d95-e4589d038261,TUMBAL PROYEK,21cineplex,,16TPRK,Horror,106 menit,D17+,2D,2026-05-26,636a782b-c867-4a86-ae6b-38cde3624140,2026-05-26T16:29:23.123655
d9cc6e80-702f-4a52-9d95-e4589d038261,STAR WARS: THE MANDALORIAN AND GROGU,21cineplex,,26SWMG,"Fantasy, Sci-Fi",132 menit,13+,2D,2026-05-26,0f201287-df4c-484e-8e9d-bb4683f4b4b4,2026-05-26T16:29:23.123888
d9cc6e80-702f-4a52-9d95-e4589d038261,HOKUM,21cineplex,,26HOKM,Horror,107 menit,13+,2D,2026-05-26,47184d44-66bc-439d-8f9b-fc673bb981ff,2026-05-26T16:29:23.124062
d9cc6e80-702f-4a52-9d95-e4589d038261,SEMUA AKAN BAIK-BAIK SAJA,21cineplex,,16SABB,Drama,113 menit,13+,2D,2026-05-26,721f4ab3-caf7-41e7-bb9c-b47c761c91ac,2026-05-26T16:29:23.124169
d9cc6e80-702f-4a52-9d95-e4589d038261,GUDANG MERICA,21cineplex,,16GMEA,"Comedy, Horror",98 menit,D17+,2D,2026-05-26,69b18af6-1bb0-4eba-a065-e0ac6c78cd9d,2026-05-26T16:29:23.124431
d9cc6e80-702f-4a52-9d95-e4589d038261,SEKAWAN LIMO 2: GUNUNG KLAWIH,21cineplex,,16SK2G,"Comedy, Horror",122 menit,13+,2D,2026-05-27,c2cbb92f-7928-42da-9b4b-7535613ce82e,2026-05-26T16:29:23.124604
d9cc6e80-702f-4a52-9d95-e4589d038261,GUDANG MERICA,21cineplex,,16GMEA,"Comedy, Horror",98 menit,D17+,2D,2026-05-27,b254da64-89d0-4635-b0b7-014d627b75b0,2026-05-26T16:29:23.124743
d9cc6e80-702f-4a52-9d95-e4589d038261,CHILDREN OF HEAVEN,21cineplex,,16COHN,"Drama, Family",97 menit,SU,2D,2026-05-27,06248173-ba10-43f1-99d5-4bc13aa749e6,2026-05-26T16:29:23.124893
d9cc6e80-702f-4a52-9d95-e4589d038261,TUMBAL PROYEK,21cineplex,,16TPRK,Horror,106 menit,D17+,2D,2026-05-27,f8aebbcc-cb2d-429d-9c89-9505d1f36447,2026-05-26T16:29:23.125080
d9cc6e80-702f-4a52-9d95-e4589d038261,SUAMIKU LUKAKU,21cineplex,,16SLUU,Drama,92 menit,D17+,2D,2026-05-27,9bfb365d-e4d1-4d90-a817-c06a07f2176c,2026-05-26T16:29:23.125188
d9cc6e80-702f-4a52-9d95-e4589d038261,BADUT GENDONG,21cineplex,,16BGEG,"Action, Horror",101 menit,D17+,2D,2026-05-27,2bfca1e5-55f1-4598-a2a5-ffeefb29a41a,2026-05-26T16:29:23.125323
c67b4593-ed8f-487c-a911-88ba953973ab,GOHAN,21cineplex,,26GOHN,Drama,140 menit,SU,2D,2026-05-26,aa77dfb9-4909-4ef7-a4c8-55f5efb51a40,2026-05-26T16:29:24.838809
c67b4593-ed8f-487c-a911-88ba953973ab,YANG LAIN BOLEH HILANG ASAL KAU JANGAN,21cineplex,,16YLBH,Drama,113 menit,13+,2D,2026-05-26,73107e1d-b5ba-48a1-a995-4f72d839eebc,2026-05-26T16:29:24.838962
c67b4593-ed8f-487c-a911-88ba953973ab,TUMBAL PROYEK,21cineplex,,16TPRK,Horror,106 menit,D17+,2D,2026-05-26,2267e15e-146d-4e24-ac15-1737eefc68f8,2026-05-26T16:29:24.839145
c67b4593-ed8f-487c-a911-88ba953973ab,SEMUA AKAN BAIK-BAIK SAJA,21cineplex,,16SABB,Drama,113 menit,13+,2D,2026-05-26,889233b5-5b83-43ca-baf6-313468be466e,2026-05-26T16:29:24.839315
c67b4593-ed8f-487c-a911-88ba953973ab,STAR WARS: THE MANDALORIAN AND GROGU,21cineplex,,26SWMG,"Fantasy, Sci-Fi",132 menit,13+,2D,2026-05-26,c0e89ab6-520f-4773-be4f-d518e8ec946e,2026-05-26T16:29:24.839508
c67b4593-ed8f-487c-a911-88ba953973ab,GUDANG MERICA,21cineplex,,16GMEA,"Comedy, Horror",98 menit,D17+,2D,2026-05-26,6f15b43c-e0a6-4c69-a7f4-4d62c589bd36,2026-05-26T16:29:24.839636
c67b4593-ed8f-487c-a911-88ba953973ab,TUMBAL PROYEK,21cineplex,,16TPRK,Horror,106 menit,D17+,2D,2026-05-27,ce0bbdb7-163c-4e61-80e4-b05f0c952db6,2026-05-26T16:29:24.839760
c67b4593-ed8f-487c-a911-88ba953973ab,BADUT GENDONG,21cineplex,,16BGEG,"Action, Horror",101 menit,D17+,2D,2026-05-27,e7b654ed-b801-4647-af0d-9d1c621609c7,2026-05-26T16:29:24.839866
c67b4593-ed8f-487c-a911-88ba953973ab,SEMUA AKAN BAIK-BAIK SAJA,21cineplex,,16SABB,Drama,113 menit,13+,2D,2026-05-27,a0e84be9-58a4-43cd-a126-7e6d0012a550,2026-05-26T16:29:24.840024
c67b4593-ed8f-487c-a911-88ba953973ab,GOHAN,21cineplex,,26GOHN,Drama,140 menit,SU,2D,2026-05-27,f6bcb298-d6e0-47cf-8361-96a4c336aba5,2026-05-26T16:29:24.840126
c67b4593-ed8f-487c-a911-88ba953973ab,STAR WARS: THE MANDALORIAN AND GROGU,21cineplex,,26SWMG,"Fantasy, Sci-Fi",132 menit,13+,2D,2026-05-27,1fa302dc-383f-4214-8ae3-7850187cece7,2026-05-26T16:29:24.840199
c67b4593-ed8f-487c-a911-88ba953973ab,SEKAWAN LIMO 2: GUNUNG KLAWIH,21cineplex,,16SK2G,"Comedy, Horror",122 menit,13+,2D,2026-05-27,0a699182-dd42-4ce4-9c44-72f9f5c425f3,2026-05-26T16:29:24.840266
c67b4593-ed8f-487c-a911-88ba953973ab,CHILDREN OF HEAVEN,21cineplex,,16COHN,"Drama, Family",97 menit,SU,2D,2026-05-27,ef67609a-e9ff-4035-9873-efc5fe666962,2026-05-26T16:29:24.840548
7fa07801-b2d1-4417-9e68-807b0daaef93,GUDANG MERICA,21cineplex,,16GMEA,"Comedy, Horror",98 menit,D17+,2D,2026-05-26,e4bb4667-c54a-4319-8efe-2c8540cfb4f0,2026-05-26T16:29:26.123645
7fa07801-b2d1-4417-9e68-807b0daaef93,STAR WARS: THE MANDALORIAN AND GROGU,21cineplex,,26SWMG,"Fantasy, Sci-Fi",132 menit,13+,2D,2026-05-26,ff68d04a-f92d-48e6-bd7c-2fa1063a3dde,2026-05-26T16:29:26.123864
7fa07801-b2d1-4417-9e68-807b0daaef93,TUMBAL PROYEK,21cineplex,,16TPRK,Horror,106 menit,D17+,2D,2026-05-26,7a872b11-91d4-4955-831b-dcb605422ef5,2026-05-26T16:29:26.123998
7fa07801-b2d1-4417-9e68-807b0daaef93,SEMUA AKAN BAIK-BAIK SAJA,21cineplex,,16SABB,Drama,113 menit,13+,2D,2026-05-26,5d6fe457-3e91-42eb-99ec-e7a13472eb94,2026-05-26T16:29:26.124203
7fa07801-b2d1-4417-9e68-807b0daaef93,SEKAWAN LIMO 2: GUNUNG KLAWIH,21cineplex,,16SK2G,"Comedy, Horror",122 menit,13+,2D,2026-05-27,5670207c-ae93-4319-adb1-9f284ead06af,2026-05-26T16:29:26.124465
7fa07801-b2d1-4417-9e68-807b0daaef93,BADUT GENDONG,21cineplex,,16BGEG,"Action, Horror",101 menit,D17+,2D,2026-05-27,1ed97b3b-45b3-4789-b347-d10cecfaf0e0,2026-05-26T16:29:26.124592
7fa07801-b2d1-4417-9e68-807b0daaef93,GUDANG MERICA,21cineplex,,16GMEA,"Comedy, Horror",98 menit,D17+,2D,2026-05-27,32c42ff5-08f2-4c3e-9206-f8bbe16e4e9f,2026-05-26T16:29:26.124804
7fa07801-b2d1-4417-9e68-807b0daaef93,CHILDREN OF HEAVEN,21cineplex,,16COHN,"Drama, Family",97 menit,SU,2D,2026-05-27,f5e1a68a-1dbd-4d86-bd04-a63120568fc9,2026-05-26T16:29:26.124979
1b09bfd0-5c65-4aa7-9866-17a3571dc654,KELUARGA SUAMI ADALAH HAMA,21cineplex,,16KSAH,Drama,117 menit,13+,2D,2026-05-26,b2c2b1b6-1f12-4989-85ae-57c16dd8c0ad,2026-05-26T16:29:27.843394
1b09bfd0-5c65-4aa7-9866-17a3571dc654,TUMBAL PROYEK,21cineplex,,16TPRK,Horror,106 menit,D17+,2D,2026-05-26,34025e6e-738f-4a03-9633-d6e85265a139,2026-05-26T16:29:27.843595
1b09bfd0-5c65-4aa7-9866-17a3571dc654,YANG LAIN BOLEH HILANG ASAL KAU JANGAN,21cineplex,,16YLBH,Drama,113 menit,13+,2D,2026-05-26,6bb924a4-0109-4d61-89b2-7f8f170eff5c,2026-05-26T16:29:27.843867
1b09bfd0-5c65-4aa7-9866-17a3571dc654,SEMUA AKAN BAIK-BAIK SAJA,21cineplex,,16SABB,Drama,113 menit,13+,2D,2026-05-26,cc10ba9b-7ef3-493a-8d39-e50ef9882d92,2026-05-26T16:29:27.844101
1b09bfd0-5c65-4aa7-9866-17a3571dc654,BADUT GENDONG,21cineplex,,16BGEG,"Action, Horror",101 menit,D17+,2D,2026-05-27,9cc43889-ee52-41fb-a05d-aec266d6b67d,2026-05-26T16:29:27.844365
1b09bfd0-5c65-4aa7-9866-17a3571dc654,SEKAWAN LIMO 2: GUNUNG KLAWIH,21cineplex,,16SK2G,"Comedy, Horror",122 menit,13+,2D,2026-05-27,c0dc7b83-6ad6-4daa-a620-e2add1882385,2026-05-26T16:29:27.844510
1b09bfd0-5c65-4aa7-9866-17a3571dc654,CHILDREN OF HEAVEN,21cineplex,,16COHN,"Drama, Family",97 menit,SU,2D,2026-05-27,d1a4cbb3-f73e-4035-b4bb-b1112db133b4,2026-05-26T16:29:27.844691
1b09bfd0-5c65-4aa7-9866-17a3571dc654,TUMBAL PROYEK,21cineplex,,16TPRK,Horror,106 menit,D17+,2D,2026-05-27,27c4085e-3350-48fa-85ae-30c6ccbb3b14,2026-05-26T16:29:27.845142
1b09bfd0-5c65-4aa7-9866-17a3571dc654,SUAMIKU LUKAKU,21cineplex,,16SLUU,Drama,92 menit,D17+,2D,2026-05-27,b28ec62e-7e70-4209-b2ef-874aab0649ae,2026-05-26T16:29:27.845374
85035ea0-b41f-44a1-ab42-007fcd7437f3,HOKUM,21cineplex,,26HOKM,Horror,107 menit,13+,2D,2026-05-26,6566e4dd-b8ca-4df6-b520-7815338135b9,2026-05-26T16:29:29.285341
85035ea0-b41f-44a1-ab42-007fcd7437f3,SEMUA AKAN BAIK-BAIK SAJA,21cineplex,,16SABB,Drama,113 menit,13+,2D,2026-05-26,3f6472be-f20c-47aa-ba54-d872fccb88bf,2026-05-26T16:29:29.285614
85035ea0-b41f-44a1-ab42-007fcd7437f3,KELUARGA SUAMI ADALAH HAMA,21cineplex,,16KSAH,Drama,117 menit,13+,2D,2026-05-26,eeeae1e9-7d1a-4f7c-9945-da3eca0513a2,2026-05-26T16:29:29.285883
85035ea0-b41f-44a1-ab42-007fcd7437f3,TUMBAL PROYEK,21cineplex,,16TPRK,Horror,106 menit,D17+,2D,2026-05-26,a70ea589-ad6f-4b64-acb0-7a77e6350dbb,2026-05-26T16:29:29.285987
85035ea0-b41f-44a1-ab42-007fcd7437f3,STAR WARS: THE MANDALORIAN AND GROGU,21cineplex,,26SWMG,"Fantasy, Sci-Fi",132 menit,13+,2D,2026-05-26,90e5e4fb-5956-432d-a139-30b99fe7ba35,2026-05-26T16:29:29.286202
85035ea0-b41f-44a1-ab42-007fcd7437f3,SEKAWAN LIMO 2: GUNUNG KLAWIH,21cineplex,,16SK2G,"Comedy, Horror",122 menit,13+,2D,2026-05-27,6ace07a4-8f13-404e-a5fa-92f70f51fd74,2026-05-26T16:29:29.286647
85035ea0-b41f-44a1-ab42-007fcd7437f3,PASSENGER,21cineplex,,26PASR,Horror,94 menit,D17+,2D,2026-05-27,d7282fc5-0800-4072-a1ec-336989a69b6a,2026-05-26T16:29:29.286910
85035ea0-b41f-44a1-ab42-007fcd7437f3,SUAMIKU LUKAKU,21cineplex,,16SLUU,Drama,92 menit,D17+,2D,2026-05-27,91135be6-373c-4f49-bcf4-899e4fa9eb2d,2026-05-26T16:29:29.287146
85035ea0-b41f-44a1-ab42-007fcd7437f3,BADUT GENDONG,21cineplex,,16BGEG,"Action, Horror",101 menit,D17+,2D,2026-05-27,db79b43a-f14d-4167-bf8e-2b223c6a7ea0,2026-05-26T16:29:29.287369
85035ea0-b41f-44a1-ab42-007fcd7437f3,TUMBAL PROYEK,21cineplex,,16TPRK,Horror,106 menit,D17+,2D,2026-05-27,42a31f46-7e62-4008-abdc-2d80169e9619,2026-05-26T16:29:29.287526
8ca5a016-aab8-47db-8c0a-d19f77470626,GUDANG MERICA,21cineplex,,16GMEA,"Comedy, Horror",98 menit,D17+,2D,2026-05-26,47ec5381-a01e-4dff-b629-09e92675faaf,2026-05-26T16:29:31.044502
8ca5a016-aab8-47db-8c0a-d19f77470626,TUMBAL PROYEK,21cineplex,,16TPRK,Horror,106 menit,D17+,2D,2026-05-26,dd2d9c30-2915-4841-876c-5bb4c03917c0,2026-05-26T16:29:31.045058
8ca5a016-aab8-47db-8c0a-d19f77470626,KELUARGA SUAMI ADALAH HAMA,21cineplex,,16KSAH,Drama,117 menit,13+,2D,2026-05-26,db77d0a3-43bc-4cb7-9239-2c4c2180c0d3,2026-05-26T16:29:31.045272
8ca5a016-aab8-47db-8c0a-d19f77470626,SEMUA AKAN BAIK-BAIK SAJA,21cineplex,,16SABB,Drama,113 menit,13+,2D,2026-05-26,d3a83e16-2007-4d18-bed4-88faa6aca567,2026-05-26T16:29:31.045462
8ca5a016-aab8-47db-8c0a-d19f77470626,GOHAN,21cineplex,,26GOHN,Drama,140 menit,SU,2D,2026-05-26,ba0832e5-aa50-4aa1-965c-71aae13ec1ec,2026-05-26T16:29:31.045697
8ca5a016-aab8-47db-8c0a-d19f77470626,STAR WARS: THE MANDALORIAN AND GROGU,21cineplex,,26SWMG,"Fantasy, Sci-Fi",132 menit,13+,2D,2026-05-26,8ca7b1f3-deca-4f1d-93c4-853ca167e5e8,2026-05-26T16:29:31.045821
8ca5a016-aab8-47db-8c0a-d19f77470626,SALMOKJI: WHISPERING WATER,21cineplex,,26SWWR,Horror,95 menit,D17+,2D,2026-05-26,afebbcc5-6700-49e2-8997-fa1b0a3c1a28,2026-05-26T16:29:31.045936
8ca5a016-aab8-47db-8c0a-d19f77470626,PASSENGER,21cineplex,,26PASR,Horror,94 menit,D17+,2D,2026-05-27,ad0f419c-ea75-44dc-a892-1fb69c149c88,2026-05-26T16:29:31.046050
8ca5a016-aab8-47db-8c0a-d19f77470626,SEKAWAN LIMO 2: GUNUNG KLAWIH,21cineplex,,16SK2G,"Comedy, Horror",122 menit,13+,2D,2026-05-27,ae8b1cc7-8583-47c2-bad5-23d268c18053,2026-05-26T16:29:31.046263
8ca5a016-aab8-47db-8c0a-d19f77470626,TUMBAL PROYEK,21cineplex,,16TPRK,Horror,106 menit,D17+,2D,2026-05-27,dda4bad0-0896-4cdd-9bea-2d6171a8fd52,2026-05-26T16:29:31.046460
8ca5a016-aab8-47db-8c0a-d19f77470626,BADUT GENDONG,21cineplex,,16BGEG,"Action, Horror",101 menit,D17+,2D,2026-05-27,a8b8d53b-36e2-42c9-a1a9-12be45f68215,2026-05-26T16:29:31.046567
8ca5a016-aab8-47db-8c0a-d19f77470626,GUDANG MERICA,21cineplex,,16GMEA,"Comedy, Horror",98 menit,D17+,2D,2026-05-27,6bc25c6e-9d14-435c-bb5c-9c4c737fa9b0,2026-05-26T16:29:31.046788
8ca5a016-aab8-47db-8c0a-d19f77470626,CHILDREN OF HEAVEN,21cineplex,,16COHN,"Drama, Family",97 menit,SU,2D,2026-05-27,ff61939a-7328-4193-91c0-889e0d4c7c2a,2026-05-26T16:29:31.046942
8ca5a016-aab8-47db-8c0a-d19f77470626,COLONY,21cineplex,,26COLY,"Horror, Thriller",122 menit,13+,2D,2026-06-03,50e483c7-82cd-4603-9cbe-9f3ec3be2e74,2026-05-26T16:29:31.047139
6882b1f7-01fe-409e-a5e3-57d5641d5ae4,GUDANG MERICA,21cineplex,,16GMEA,"Comedy, Horror",98 menit,D17+,2D,2026-05-26,fd84cb87-6843-40c1-965a-014631b60673,2026-05-26T16:29:32.286140
6882b1f7-01fe-409e-a5e3-57d5641d5ae4,SEMUA AKAN BAIK-BAIK SAJA,21cineplex,,16SABB,Drama,113 menit,13+,2D,2026-05-26,8d242b2c-a138-459d-869d-0bb7481835e5,2026-05-26T16:29:32.286675
6882b1f7-01fe-409e-a5e3-57d5641d5ae4,IN THE GREY,21cineplex,,26ITGY,"Action, Thriller",97 menit,13+,2D,2026-05-26,186b63c2-6870-4685-8c90-fde528bd0293,2026-05-26T16:29:32.286930
6882b1f7-01fe-409e-a5e3-57d5641d5ae4,TUMBAL PROYEK,21cineplex,,16TPRK,Horror,106 menit,D17+,2D,2026-05-26,c09fa3f1-de9a-4da7-96b5-35bc8c0d5a05,2026-05-26T16:29:32.287049
6882b1f7-01fe-409e-a5e3-57d5641d5ae4,GHOST IN THE CELL,21cineplex,,16GITC,"Comedy, Horror",106 menit,D17+,2D,2026-05-26,c1a2e9d8-30f5-44f5-9221-569df0582cee,2026-05-26T16:29:32.287250
6882b1f7-01fe-409e-a5e3-57d5641d5ae4,SEKAWAN LIMO 2: GUNUNG KLAWIH,21cineplex,,16SK2G,"Comedy, Horror",122 menit,13+,2D,2026-05-27,0b348c0c-9a2d-4ec4-afa3-b39ef00a39bd,2026-05-26T16:29:32.287430
6882b1f7-01fe-409e-a5e3-57d5641d5ae4,BADUT GENDONG,21cineplex,,16BGEG,"Action, Horror",101 menit,D17+,2D,2026-05-27,f93fe67b-a530-41fd-ad03-8f7da33f5b67,2026-05-26T16:29:32.287574
6882b1f7-01fe-409e-a5e3-57d5641d5ae4,TUMBAL PROYEK,21cineplex,,16TPRK,Horror,106 menit,D17+,2D,2026-05-27,959b0be1-7ae2-4dc5-aec6-94ff347f184c,2026-05-26T16:29:32.287773
6882b1f7-01fe-409e-a5e3-57d5641d5ae4,CHILDREN OF HEAVEN,21cineplex,,16COHN,"Drama, Family",97 menit,SU,2D,2026-05-27,c773fe87-22e6-4f38-9102-829db6cb4e52,2026-05-26T16:29:32.287881
6882b1f7-01fe-409e-a5e3-57d5641d5ae4,SUAMIKU LUKAKU,21cineplex,,16SLUU,Drama,92 menit,D17+,2D,2026-05-27,28c9d636-ad9d-403b-ba1f-9b0af3b8a0dd,2026-05-26T16:29:32.288088
7962c6ec-23f9-4fa2-9316-b40c258a999d,GHOST IN THE CELL,21cineplex,,16GITC,"Comedy, Horror",106 menit,D17+,2D,2026-05-26,cede9a5a-3bdf-4bc1-a93f-b327e991c0bb,2026-05-26T16:29:33.924259
7962c6ec-23f9-4fa2-9316-b40c258a999d,GUDANG MERICA,21cineplex,,16GMEA,"Comedy, Horror",98 menit,D17+,2D,2026-05-26,2d776a66-679d-4da3-ba6c-ccf55645c117,2026-05-26T16:29:33.924573
7962c6ec-23f9-4fa2-9316-b40c258a999d,YANG LAIN BOLEH HILANG ASAL KAU JANGAN,21cineplex,,16YLBH,Drama,113 menit,13+,2D,2026-05-26,7824e8f1-9ca1-4de2-9fec-a01ceb2626a8,2026-05-26T16:29:33.924838
7962c6ec-23f9-4fa2-9316-b40c258a999d,SEMUA AKAN BAIK-BAIK SAJA,21cineplex,,16SABB,Drama,113 menit,13+,2D,2026-05-26,6e3005c5-727d-403d-bdc5-f87626449fb9,2026-05-26T16:29:33.924950
7962c6ec-23f9-4fa2-9316-b40c258a999d,TUMBAL PROYEK,21cineplex,,16TPRK,Horror,106 menit,D17+,2D,2026-05-26,7226699f-00a0-453c-aace-3ead71e041e9,2026-05-26T16:29:33.925213
7962c6ec-23f9-4fa2-9316-b40c258a999d,GUDANG MERICA,21cineplex,,16GMEA,"Comedy, Horror",98 menit,D17+,2D,2026-05-27,f2db7a53-85a4-4e24-9c3d-6e4ab225f0ba,2026-05-26T16:29:33.925459
7962c6ec-23f9-4fa2-9316-b40c258a999d,SUAMIKU LUKAKU,21cineplex,,16SLUU,Drama,92 menit,D17+,2D,2026-05-27,4f218037-1d1c-42f6-a710-f8d35e17e7fc,2026-05-26T16:29:33.925614
7962c6ec-23f9-4fa2-9316-b40c258a999d,SEMUA AKAN BAIK-BAIK SAJA,21cineplex,,16SABB,Drama,113 menit,13+,2D,2026-05-27,b8daa831-9080-4442-a6b8-3f3b2dce3ab8,2026-05-26T16:29:33.925838
7962c6ec-23f9-4fa2-9316-b40c258a999d,CHILDREN OF HEAVEN,21cineplex,,16COHN,"Drama, Family",97 menit,SU,2D,2026-05-27,cff980c6-158d-43b7-b238-1a40fb0329f4,2026-05-26T16:29:33.926010
7962c6ec-23f9-4fa2-9316-b40c258a999d,BADUT GENDONG,21cineplex,,16BGEG,"Action, Horror",101 menit,D17+,2D,2026-05-27,c810b271-8a7e-4087-b3b2-6fd049a30612,2026-05-26T16:29:33.926251
e0eaf5e8-ff2a-4554-87ba-c370ef4130c8,SEMUA AKAN BAIK-BAIK SAJA,21cineplex,,16SABB,Drama,113 menit,13+,2D,2026-05-26,2b8c2ef0-d497-44a5-bc85-9227f43c6b45,2026-05-26T16:29:35.204569
e0eaf5e8-ff2a-4554-87ba-c370ef4130c8,STAR WARS: THE MANDALORIAN AND GROGU,21cineplex,,26SWMG,"Fantasy, Sci-Fi",132 menit,13+,2D,2026-05-26,2315752b-5f22-43d4-90e0-1ce1bcdce371,2026-05-26T16:29:35.204759
e0eaf5e8-ff2a-4554-87ba-c370ef4130c8,THE SHEEP DETECTIVES,21cineplex,,26SDES,"Comedy, Mystery",109 menit,SU,2D,2026-05-26,b3d590ba-1a9a-4db9-a43d-4c942b680eec,2026-05-26T16:29:35.204972
e0eaf5e8-ff2a-4554-87ba-c370ef4130c8,SEKAWAN LIMO 2: GUNUNG KLAWIH,21cineplex,,16SK2G,"Comedy, Horror",122 menit,13+,2D,2026-05-27,b4a73a29-91c5-4837-ac77-840ece140e37,2026-05-26T16:29:35.205379
e0eaf5e8-ff2a-4554-87ba-c370ef4130c8,CHILDREN OF HEAVEN,21cineplex,,16COHN,"Drama, Family",97 menit,SU,2D,2026-05-27,dab7c321-2104-40cb-b24c-5b01ef84b0b4,2026-05-26T16:29:35.205598
e0eaf5e8-ff2a-4554-87ba-c370ef4130c8,PASSENGER,21cineplex,,26PASR,Horror,94 menit,D17+,2D,2026-05-27,606a91a3-cb95-4738-bf26-5a3e74b37c40,2026-05-26T16:29:35.205764
e0eaf5e8-ff2a-4554-87ba-c370ef4130c8,COLONY,21cineplex,,26COLY,"Horror, Thriller",122 menit,13+,2D,2026-06-03,274cdfc0-f2ea-458b-a2a1-0ea43de6949d,2026-05-26T16:29:35.205975
646f4b13-49e0-49ad-a862-dc81cdea9199,MORTAL KOMBAT II,21cineplex,,25MKT2,"Action, Adventure",116 menit,D17+,2D,2026-05-26,65fcd780-b8a6-4265-be96-0bf1fbb085be,2026-05-26T16:29:36.930472
646f4b13-49e0-49ad-a862-dc81cdea9199,HOKUM,21cineplex,,26HOKM,Horror,107 menit,13+,2D,2026-05-26,2f89ce3f-741d-4707-b1a3-e81e5dbb594c,2026-05-26T16:29:36.930707
646f4b13-49e0-49ad-a862-dc81cdea9199,GOHAN,21cineplex,,26GOHN,Drama,140 menit,SU,2D,2026-05-26,3e03b035-6a10-49e7-8fc5-38309bd2d486,2026-05-26T16:29:36.930936
646f4b13-49e0-49ad-a862-dc81cdea9199,STAR WARS: THE MANDALORIAN AND GROGU,21cineplex,,26SWMG,"Fantasy, Sci-Fi",132 menit,13+,2D,2026-05-26,57cfd94f-2f04-49b0-93e8-241cafe9aaaf,2026-05-26T16:29:36.931150
646f4b13-49e0-49ad-a862-dc81cdea9199,FUZE,21cineplex,,26FUZE,"Action, Crime",96 menit,D17+,2D,2026-05-26,8cea43f5-669e-409c-aeec-d4999b9ca70e,2026-05-26T16:29:36.931346
646f4b13-49e0-49ad-a862-dc81cdea9199,MORTAL KOMBAT II,21cineplex,,25MKT2,"Action, Adventure",116 menit,D17+,2D,2026-05-27,1a857cc2-4f07-48b9-96db-c8ba8843ac21,2026-05-26T16:29:36.931462
646f4b13-49e0-49ad-a862-dc81cdea9199,GOHAN,21cineplex,,26GOHN,Drama,140 menit,SU,2D,2026-05-27,e28bed52-c3d7-4acc-ba19-1d094c7ff38d,2026-05-26T16:29:36.931601
646f4b13-49e0-49ad-a862-dc81cdea9199,CHILDREN OF HEAVEN,21cineplex,,16COHN,"Drama, Family",97 menit,SU,2D,2026-05-27,c7623ecd-1a62-411b-8152-d751d31704e6,2026-05-26T16:29:36.931700
646f4b13-49e0-49ad-a862-dc81cdea9199,PASSENGER,21cineplex,,26PASR,Horror,94 menit,D17+,2D,2026-05-27,a5ab1015-9da0-4d20-af11-44a306d65626,2026-05-26T16:29:36.931865
646f4b13-49e0-49ad-a862-dc81cdea9199,HOKUM,21cineplex,,26HOKM,Horror,107 menit,13+,2D,2026-05-27,870a587f-65b5-41f8-9e9b-064ed4135d22,2026-05-26T16:29:36.932049
646f4b13-49e0-49ad-a862-dc81cdea9199,STAR WARS: THE MANDALORIAN AND GROGU,21cineplex,,26SWMG,"Fantasy, Sci-Fi",132 menit,13+,2D,2026-05-27,af7e139f-2800-4585-8821-2a68f4dec973,2026-05-26T16:29:36.932163
646f4b13-49e0-49ad-a862-dc81cdea9199,COLONY,21cineplex,,26COLY,"Horror, Thriller",122 menit,13+,2D,2026-06-03,1899d695-16ae-4061-84c4-ad5fbeee12be,2026-05-26T16:29:36.932272
1645ffbf-fe0c-4b2e-927d-70c55f46b5c2,HOKUM,21cineplex,,26HOKM,Horror,107 menit,13+,2D,2026-05-26,e9e21ed4-537c-411a-bb72-98847d0430b4,2026-05-26T16:29:39.906493
1645ffbf-fe0c-4b2e-927d-70c55f46b5c2,STAR WARS: THE MANDALORIAN AND GROGU,21cineplex,,26SWMG,"Fantasy, Sci-Fi",132 menit,13+,2D,2026-05-26,6b615bbf-4ed7-45fd-b0dc-ca4a751cabf8,2026-05-26T16:29:39.906688
1645ffbf-fe0c-4b2e-927d-70c55f46b5c2,MORTAL KOMBAT II,21cineplex,,25MKT2,"Action, Adventure",116 menit,D17+,2D,2026-05-26,22a9e562-1de9-4c8d-8e83-96b692e89ed2,2026-05-26T16:29:39.906868
1645ffbf-fe0c-4b2e-927d-70c55f46b5c2,PASSENGER,21cineplex,,26PASR,Horror,94 menit,D17+,2D,2026-05-27,ada72be7-2abd-4ab3-a8b0-1f927efdd514,2026-05-26T16:29:39.907001
1645ffbf-fe0c-4b2e-927d-70c55f46b5c2,HOKUM,21cineplex,,26HOKM,Horror,107 menit,13+,2D,2026-05-27,e3281bd4-fc94-465e-a05a-fdbf8725bf2b,2026-05-26T16:29:39.907114
1645ffbf-fe0c-4b2e-927d-70c55f46b5c2,SEKAWAN LIMO 2: GUNUNG KLAWIH,21cineplex,,16SK2G,"Comedy, Horror",122 menit,13+,2D,2026-05-27,91998d16-aeca-4ed4-99c3-068f1c87e744,2026-05-26T16:29:39.907279
1645ffbf-fe0c-4b2e-927d-70c55f46b5c2,CHILDREN OF HEAVEN,21cineplex,,16COHN,"Drama, Family",97 menit,SU,2D,2026-05-27,710b5f89-4ebd-4bfe-a95e-55be5826ee2e,2026-05-26T16:29:39.907402
1c82ba10-a6b3-42d1-8deb-a3e28038e98b,STAR WARS: THE MANDALORIAN AND GROGU,21cineplex,,26SWMG,"Fantasy, Sci-Fi",132 menit,13+,2D,2026-05-26,6e5e9e0b-64dc-411b-bbe1-9a9bdb885ec5,2026-05-26T16:29:41.229327
1c82ba10-a6b3-42d1-8deb-a3e28038e98b,IN THE GREY,21cineplex,,26ITGY,"Action, Thriller",97 menit,13+,2D,2026-05-26,4ba6c1e3-101f-49e3-9be6-23266ec7ab06,2026-05-26T16:29:41.229576
1c82ba10-a6b3-42d1-8deb-a3e28038e98b,MICHAEL,21cineplex,,26MICL,Biography,127 menit,SU,2D,2026-05-26,617c45fd-72ff-442d-9b24-0255e229a16e,2026-05-26T16:29:41.229745
1c82ba10-a6b3-42d1-8deb-a3e28038e98b,GOHAN,21cineplex,,26GOHN,Drama,140 menit,SU,2D,2026-05-26,6c613660-58c3-40c0-9634-efd7ce050d3f,2026-05-26T16:29:41.229945
1c82ba10-a6b3-42d1-8deb-a3e28038e98b,SEMUA AKAN BAIK-BAIK SAJA,21cineplex,,16SABB,Drama,113 menit,13+,2D,2026-05-26,1c8dfe66-f8c9-4e67-945c-7cf9b2eca574,2026-05-26T16:29:41.230139
1c82ba10-a6b3-42d1-8deb-a3e28038e98b,HOKUM,21cineplex,,26HOKM,Horror,107 menit,13+,2D,2026-05-26,e46c8e86-9ecb-4f1b-abe3-3bed355fbac9,2026-05-26T16:29:41.230343
1c82ba10-a6b3-42d1-8deb-a3e28038e98b,SEKAWAN LIMO 2: GUNUNG KLAWIH,21cineplex,,16SK2G,"Comedy, Horror",122 menit,13+,2D,2026-05-27,084236ee-bbdc-4b07-a3c6-6939fa8e70cc,2026-05-26T16:29:41.230508
1c82ba10-a6b3-42d1-8deb-a3e28038e98b,GOHAN,21cineplex,,26GOHN,Drama,140 menit,SU,2D,2026-05-27,f3e43aec-8bb0-44af-8ced-9ca65b6b0a6b,2026-05-26T16:29:41.230701
1c82ba10-a6b3-42d1-8deb-a3e28038e98b,PASSENGER,21cineplex,,26PASR,Horror,94 menit,D17+,2D,2026-05-27,09434e9d-f98a-4c4a-b5cd-d2dfcb098598,2026-05-26T16:29:41.230819
1c82ba10-a6b3-42d1-8deb-a3e28038e98b,SUAMIKU LUKAKU,21cineplex,,16SLUU,Drama,92 menit,D17+,2D,2026-05-27,142dcd75-dbc0-4e36-9bef-0a03773997f4,2026-05-26T16:29:41.231008
1c82ba10-a6b3-42d1-8deb-a3e28038e98b,MICHAEL,21cineplex,,26MICL,Biography,127 menit,SU,2D,2026-05-27,32a6e2cd-4e48-4e08-a9fc-ea4d7242c53d,2026-05-26T16:29:41.231234
1c82ba10-a6b3-42d1-8deb-a3e28038e98b,HOKUM,21cineplex,,26HOKM,Horror,107 menit,13+,2D,2026-05-27,54bcbc60-98c4-41d7-8568-06a463ea43c3,2026-05-26T16:29:41.231357
1c82ba10-a6b3-42d1-8deb-a3e28038e98b,COLONY,21cineplex,,26COLY,"Horror, Thriller",122 menit,13+,2D,2026-06-03,ed80c3ad-eae1-4b02-9829-841dd7726a42,2026-05-26T16:29:41.231566
31010c5c-5da5-4c88-aab6-d69c81eb8d9c,GUDANG MERICA,21cineplex,,16GMEA,"Comedy, Horror",98 menit,D17+,2D,2026-05-26,e394c38d-706e-4553-9e34-1842d59b96eb,2026-05-26T16:29:45.802797
31010c5c-5da5-4c88-aab6-d69c81eb8d9c,GOHAN,21cineplex,,26GOHN,Drama,140 menit,SU,2D,2026-05-26,147186ae-2d97-45e2-8165-6f883af7fe63,2026-05-26T16:29:45.803108
31010c5c-5da5-4c88-aab6-d69c81eb8d9c,STAR WARS: THE MANDALORIAN AND GROGU,21cineplex,,26SWMG,"Fantasy, Sci-Fi",132 menit,13+,2D,2026-05-26,8dcc1250-9e88-4dd7-b83d-e1c00b2efe27,2026-05-26T16:29:45.803314
31010c5c-5da5-4c88-aab6-d69c81eb8d9c,PEGASUS 3,21cineplex,,26PES3,"Action, Comedy",126 menit,13+,2D,2026-05-26,6d8312cc-40ec-441b-8c1b-ae1ec9664e80,2026-05-26T16:29:45.803494
31010c5c-5da5-4c88-aab6-d69c81eb8d9c,IN THE GREY,21cineplex,,26ITGY,"Action, Thriller",97 menit,13+,2D,2026-05-26,5e3a3a8b-0546-43e0-a253-689e6613f254,2026-05-26T16:29:45.803656
31010c5c-5da5-4c88-aab6-d69c81eb8d9c,SEMUA AKAN BAIK-BAIK SAJA,21cineplex,,16SABB,Drama,113 menit,13+,2D,2026-05-26,df219cce-80f5-4731-b1f4-6353586013fc,2026-05-26T16:29:45.803775
31010c5c-5da5-4c88-aab6-d69c81eb8d9c,KELUARGA SUAMI ADALAH HAMA,21cineplex,,16KSAH,Drama,117 menit,13+,2D,2026-05-26,be7df1ae-f0d8-45bb-ba07-591135a968cd,2026-05-26T16:29:45.804028
31010c5c-5da5-4c88-aab6-d69c81eb8d9c,HOKUM,21cineplex,,26HOKM,Horror,107 menit,13+,2D,2026-05-26,e6e164fa-4597-4a25-a3cf-2351e2c6e99d,2026-05-26T16:29:45.804355
31010c5c-5da5-4c88-aab6-d69c81eb8d9c,TUMBAL PROYEK,21cineplex,,16TPRK,Horror,106 menit,D17+,2D,2026-05-26,ad2ee102-4371-4020-b9b9-9160853fa9cb,2026-05-26T16:29:45.804561
31010c5c-5da5-4c88-aab6-d69c81eb8d9c,BADUT GENDONG,21cineplex,,16BGEG,"Action, Horror",101 menit,D17+,2D,2026-05-27,916faf63-006d-4c95-858f-3c9e77ea6c79,2026-05-26T16:29:45.804770
31010c5c-5da5-4c88-aab6-d69c81eb8d9c,HOKUM,21cineplex,,26HOKM,Horror,107 menit,13+,2D,2026-05-27,ca5cfa7a-69e7-48e9-8551-6a016f9b0b01,2026-05-26T16:29:45.804927
31010c5c-5da5-4c88-aab6-d69c81eb8d9c,CHILDREN OF HEAVEN,21cineplex,,16COHN,"Drama, Family",97 menit,SU,2D,2026-05-27,ade31aad-07b2-429e-b4cd-6e19ffbe49b3,2026-05-26T16:29:45.805138
31010c5c-5da5-4c88-aab6-d69c81eb8d9c,SEKAWAN LIMO 2: GUNUNG KLAWIH,21cineplex,,16SK2G,"Comedy, Horror",122 menit,13+,2D,2026-05-27,85f4e1ca-b70c-4737-8f5d-d2c2fe72ca37,2026-05-26T16:29:45.805337
31010c5c-5da5-4c88-aab6-d69c81eb8d9c,GOHAN,21cineplex,,26GOHN,Drama,140 menit,SU,2D,2026-05-27,88c0efc6-df11-4a5e-ad43-f496dcea5ed5,2026-05-26T16:29:45.805566
31010c5c-5da5-4c88-aab6-d69c81eb8d9c,TUMBAL PROYEK,21cineplex,,16TPRK,Horror,106 menit,D17+,2D,2026-05-27,04ecc5f2-d0c9-4631-af88-559102a50989,2026-05-26T16:29:45.805687
31010c5c-5da5-4c88-aab6-d69c81eb8d9c,STAR WARS: THE MANDALORIAN AND GROGU,21cineplex,,26SWMG,"Fantasy, Sci-Fi",132 menit,13+,2D,2026-05-27,4202c488-37d5-40e2-873c-3203c025db33,2026-05-26T16:29:45.805824
31010c5c-5da5-4c88-aab6-d69c81eb8d9c,PASSENGER,21cineplex,,26PASR,Horror,94 menit,D17+,2D,2026-05-27,b09c072b-671b-4d4c-89ed-c45ea3cbd55c,2026-05-26T16:29:45.805944
31010c5c-5da5-4c88-aab6-d69c81eb8d9c,SUAMIKU LUKAKU,21cineplex,,16SLUU,Drama,92 menit,D17+,2D,2026-05-27,bf15d324-c2ed-4fd6-9877-f45679dffd09,2026-05-26T16:29:45.806134
31010c5c-5da5-4c88-aab6-d69c81eb8d9c,COLONY,21cineplex,,26COLY,"Horror, Thriller",122 menit,13+,2D,2026-06-03,c803f8b7-549d-4372-81c8-b658c8f988a6,2026-05-26T16:29:45.806310
08a35075-8b5e-4ac9-bbbd-05218759eecf,STAR WARS: THE MANDALORIAN AND GROGU,21cineplex,,26SWMG,"Fantasy, Sci-Fi",132 menit,13+,2D,2026-05-26,273b4a80-0cab-4f05-b20a-884763b9f88f,2026-05-26T16:29:47.187537
08a35075-8b5e-4ac9-bbbd-05218759eecf,GOHAN,21cineplex,,26GOHN,Drama,140 menit,SU,2D,2026-05-26,b45b09ca-0931-484f-b340-9b9ccd698e06,2026-05-26T16:29:47.187801
08a35075-8b5e-4ac9-bbbd-05218759eecf,MORTAL KOMBAT II,21cineplex,,25MKT2,"Action, Adventure",116 menit,D17+,2D,2026-05-26,a1b9c5fa-816a-44e8-8fab-3b4786c9ae96,2026-05-26T16:29:47.187993
08a35075-8b5e-4ac9-bbbd-05218759eecf,TUMBAL PROYEK,21cineplex,,16TPRK,Horror,106 menit,D17+,2D,2026-05-26,a7d80f09-b416-445f-93cf-215f489fd82f,2026-05-26T16:29:47.188161
08a35075-8b5e-4ac9-bbbd-05218759eecf,HOKUM,21cineplex,,26HOKM,Horror,107 menit,13+,2D,2026-05-26,fc13dff8-8166-4f6a-9d26-d0346e6620c5,2026-05-26T16:29:47.188368
08a35075-8b5e-4ac9-bbbd-05218759eecf,CHILDREN OF HEAVEN,21cineplex,,16COHN,"Drama, Family",97 menit,SU,2D,2026-05-27,55029770-eb59-4926-9975-a3bccdbbff2a,2026-05-26T16:29:47.188504
08a35075-8b5e-4ac9-bbbd-05218759eecf,GOHAN,21cineplex,,26GOHN,Drama,140 menit,SU,2D,2026-05-27,52d33396-7fe5-48c9-b77e-c395771e3076,2026-05-26T16:29:47.188656
08a35075-8b5e-4ac9-bbbd-05218759eecf,SUAMIKU LUKAKU,21cineplex,,16SLUU,Drama,92 menit,D17+,2D,2026-05-27,946c8f9d-69a8-401e-8774-dd3f6861c46e,2026-05-26T16:29:47.188781
08a35075-8b5e-4ac9-bbbd-05218759eecf,SEKAWAN LIMO 2: GUNUNG KLAWIH,21cineplex,,16SK2G,"Comedy, Horror",122 menit,13+,2D,2026-05-27,a896ab58-200e-40e3-bc4c-bfaee18545d4,2026-05-26T16:29:47.189018
08a35075-8b5e-4ac9-bbbd-05218759eecf,PASSENGER,21cineplex,,26PASR,Horror,94 menit,D17+,2D,2026-05-27,843329a1-2409-4809-8e79-a96b47d6678b,2026-05-26T16:29:47.189242
02e53c17-6c9e-4a9f-9c99-ad397d18988a,GUDANG MERICA,21cineplex,,16GMEA,"Comedy, Horror",98 menit,D17+,2D,2026-05-26,9b291443-ee37-409f-a98f-ce5c20887c35,2026-05-26T16:29:49.051747
02e53c17-6c9e-4a9f-9c99-ad397d18988a,GOHAN,21cineplex,,26GOHN,Drama,140 menit,SU,2D,2026-05-26,ac7ae4a7-3723-49d4-8453-0cde834a0cb1,2026-05-26T16:29:49.051999
02e53c17-6c9e-4a9f-9c99-ad397d18988a,TUMBAL PROYEK,21cineplex,,16TPRK,Horror,106 menit,D17+,2D,2026-05-26,a120c256-4c65-477a-9d59-e643c0cac02b,2026-05-26T16:29:49.052105
02e53c17-6c9e-4a9f-9c99-ad397d18988a,SEMUA AKAN BAIK-BAIK SAJA,21cineplex,,16SABB,Drama,113 menit,13+,2D,2026-05-26,fb019f31-eb11-4353-96e5-bd63a920b083,2026-05-26T16:29:49.052278
02e53c17-6c9e-4a9f-9c99-ad397d18988a,KELUARGA SUAMI ADALAH HAMA,21cineplex,,16KSAH,Drama,117 menit,13+,2D,2026-05-26,eb78abb8-acba-46c3-8f51-e04c1479a869,2026-05-26T16:29:49.052450
02e53c17-6c9e-4a9f-9c99-ad397d18988a,STAR WARS: THE MANDALORIAN AND GROGU,21cineplex,,26SWMG,"Fantasy, Sci-Fi",132 menit,13+,2D,2026-05-26,4c9f8c60-a950-45f0-aac5-f6e10622b8d3,2026-05-26T16:29:49.052539
02e53c17-6c9e-4a9f-9c99-ad397d18988a,GHOST IN THE CELL,21cineplex,,16GITC,"Comedy, Horror",106 menit,D17+,2D,2026-05-26,131666a4-f0af-4b10-b0df-f3f7eb221713,2026-05-26T16:29:49.052636
02e53c17-6c9e-4a9f-9c99-ad397d18988a,HOKUM,21cineplex,,26HOKM,Horror,107 menit,13+,2D,2026-05-26,39be5ed3-72b6-4d9f-99ff-9e61505e65f4,2026-05-26T16:29:49.052792
02e53c17-6c9e-4a9f-9c99-ad397d18988a,CHILDREN OF HEAVEN,21cineplex,,16COHN,"Drama, Family",97 menit,SU,2D,2026-05-27,d8296ed5-b667-41cf-9928-7166e28c82ec,2026-05-26T16:29:49.052891
02e53c17-6c9e-4a9f-9c99-ad397d18988a,SUAMIKU LUKAKU,21cineplex,,16SLUU,Drama,92 menit,D17+,2D,2026-05-27,3850f654-50bc-4c92-b52e-a2347a2dda2b,2026-05-26T16:29:49.053106
02e53c17-6c9e-4a9f-9c99-ad397d18988a,PASSENGER,21cineplex,,26PASR,Horror,94 menit,D17+,2D,2026-05-27,57e392c4-f8a7-4a40-aac1-9c1a1ded26e7,2026-05-26T16:29:49.053283
02e53c17-6c9e-4a9f-9c99-ad397d18988a,GUDANG MERICA,21cineplex,,16GMEA,"Comedy, Horror",98 menit,D17+,2D,2026-05-27,5520f1a8-0e38-46c6-9819-8768014836e2,2026-05-26T16:29:49.053449
02e53c17-6c9e-4a9f-9c99-ad397d18988a,SEKAWAN LIMO 2: GUNUNG KLAWIH,21cineplex,,16SK2G,"Comedy, Horror",122 menit,13+,2D,2026-05-27,91ff75c5-5b6d-484a-b0d8-e7202b732578,2026-05-26T16:29:49.053553
02e53c17-6c9e-4a9f-9c99-ad397d18988a,TUMBAL PROYEK,21cineplex,,16TPRK,Horror,106 menit,D17+,2D,2026-05-27,09fa3ff4-57cb-4923-abbd-a9e0bb7aca62,2026-05-26T16:29:49.053833
02e53c17-6c9e-4a9f-9c99-ad397d18988a,COLONY,21cineplex,,26COLY,"Horror, Thriller",122 menit,13+,2D,2026-06-03,45ae80fa-09c8-47b2-afc4-37a94b8a7225,2026-05-26T16:29:49.053947
118b4691-b62e-480d-8270-28a441d4b7f7,TUMBAL PROYEK,21cineplex,,16TPRK,Horror,106 menit,D17+,2D,2026-05-26,6d9a0172-be7e-4e42-821d-830c80bd648f,2026-05-26T16:29:50.219346
118b4691-b62e-480d-8270-28a441d4b7f7,HOKUM,21cineplex,,26HOKM,Horror,107 menit,13+,2D,2026-05-26,d8fb4d3f-a11e-4ca1-acb1-a43062a62192,2026-05-26T16:29:50.219601
118b4691-b62e-480d-8270-28a441d4b7f7,SEMUA AKAN BAIK-BAIK SAJA,21cineplex,,16SABB,Drama,113 menit,13+,2D,2026-05-26,952ce84d-8ef6-4d57-9463-3a99408e52b3,2026-05-26T16:29:50.219718
118b4691-b62e-480d-8270-28a441d4b7f7,GUDANG MERICA,21cineplex,,16GMEA,"Comedy, Horror",98 menit,D17+,2D,2026-05-26,f7374288-e28f-41d4-a9cc-e350efd395df,2026-05-26T16:29:50.219932
118b4691-b62e-480d-8270-28a441d4b7f7,STAR WARS: THE MANDALORIAN AND GROGU,21cineplex,,26SWMG,"Fantasy, Sci-Fi",132 menit,13+,2D,2026-05-26,971742f1-ca11-46f5-845e-4bde37bfea38,2026-05-26T16:29:50.220131
118b4691-b62e-480d-8270-28a441d4b7f7,CHILDREN OF HEAVEN,21cineplex,,16COHN,"Drama, Family",97 menit,SU,2D,2026-05-27,a663662c-ecc0-4dd0-ba39-40364dc00f88,2026-05-26T16:29:50.220249
118b4691-b62e-480d-8270-28a441d4b7f7,SUAMIKU LUKAKU,21cineplex,,16SLUU,Drama,92 menit,D17+,2D,2026-05-27,6826f90e-900b-4b90-ae15-c1e12b1d5d5e,2026-05-26T16:29:50.220493
118b4691-b62e-480d-8270-28a441d4b7f7,SEMUA AKAN BAIK-BAIK SAJA,21cineplex,,16SABB,Drama,113 menit,13+,2D,2026-05-27,3c1e9bc3-c6ab-44dc-a561-8d070e0ab12c,2026-05-26T16:29:50.220714
118b4691-b62e-480d-8270-28a441d4b7f7,SEKAWAN LIMO 2: GUNUNG KLAWIH,21cineplex,,16SK2G,"Comedy, Horror",122 menit,13+,2D,2026-05-27,1ffa637d-4c62-4ab2-8125-57e87e8fe928,2026-05-26T16:29:50.220851
118b4691-b62e-480d-8270-28a441d4b7f7,GUDANG MERICA,21cineplex,,16GMEA,"Comedy, Horror",98 menit,D17+,2D,2026-05-27,e46fbe3d-6036-4384-a792-6632af85d691,2026-05-26T16:29:50.221041
664ce147-9c85-453c-9b0f-9ae56699de2b,THE DEVIL WEARS PRADA 2,21cineplex,,26DWP2,"Comedy, Drama",119 menit,13+,2D,2026-05-26,9733d608-2c8e-41cc-b556-59cc6fa3ba21,2026-05-26T16:29:52.018861
664ce147-9c85-453c-9b0f-9ae56699de2b,MICHAEL,21cineplex,,26MICL,Biography,127 menit,SU,2D,2026-05-26,ae054b2d-4d56-4c7a-9852-910e1a8125b5,2026-05-26T16:29:52.019044
664ce147-9c85-453c-9b0f-9ae56699de2b,GOHAN,21cineplex,,26GOHN,Drama,140 menit,SU,2D,2026-05-26,238e897d-a3e6-4586-aa95-7e2493abf183,2026-05-26T16:29:52.019214
664ce147-9c85-453c-9b0f-9ae56699de2b,SEMUA AKAN BAIK-BAIK SAJA,21cineplex,,16SABB,Drama,113 menit,13+,2D,2026-05-26,db084e64-4ce0-4c63-934a-1dca0d99332b,2026-05-26T16:29:52.019367
664ce147-9c85-453c-9b0f-9ae56699de2b,SUNSHINE WOMEN'S CHOIR,21cineplex,,26SWCR,Drama,134 menit,13+,2D,2026-05-26,e5377cf4-407d-4ca0-b4de-7e586af8c2d4,2026-05-26T16:29:52.019602
664ce147-9c85-453c-9b0f-9ae56699de2b,CHAND MERA DIL,21cineplex,,26CMDL,"Drama, Romance",142 menit,D17+,2D,2026-05-26,6dbc6f75-71bb-49b0-8b8f-e6746fe90275,2026-05-26T16:29:52.019675
664ce147-9c85-453c-9b0f-9ae56699de2b,MORTAL KOMBAT II,21cineplex,,25MKT2,"Action, Adventure",116 menit,D17+,2D,2026-05-26,eea90edf-67cb-48d2-8b93-571248d5b754,2026-05-26T16:29:52.019829
664ce147-9c85-453c-9b0f-9ae56699de2b,HOKUM,21cineplex,,26HOKM,Horror,107 menit,13+,2D,2026-05-26,3111a972-d598-4e1a-82f1-2c6478535557,2026-05-26T16:29:52.019982
664ce147-9c85-453c-9b0f-9ae56699de2b,GHOST IN THE CELL,21cineplex,,16GITC,"Comedy, Horror",106 menit,D17+,2D,2026-05-26,6bbeae68-0f55-4f3d-ad8d-935c85286fcb,2026-05-26T16:29:52.020152
664ce147-9c85-453c-9b0f-9ae56699de2b,STAR WARS: THE MANDALORIAN AND GROGU,21cineplex,,26SWMG,"Fantasy, Sci-Fi",132 menit,13+,2D,2026-05-26,512f0b42-a1bb-42ba-9f86-f0d8a7d0ecd5,2026-05-26T16:29:52.020283
664ce147-9c85-453c-9b0f-9ae56699de2b,GUDANG MERICA,21cineplex,,16GMEA,"Comedy, Horror",98 menit,D17+,2D,2026-05-26,116b50b3-e506-468d-a0ba-8cf54e4370cc,2026-05-26T16:29:52.020438
664ce147-9c85-453c-9b0f-9ae56699de2b,TUMBAL PROYEK,21cineplex,,16TPRK,Horror,106 menit,D17+,2D,2026-05-26,a064c911-0e60-4a1f-8b8c-195fb4507d94,2026-05-26T16:29:52.020557
664ce147-9c85-453c-9b0f-9ae56699de2b,PASSENGER,21cineplex,,26PASR,Horror,94 menit,D17+,2D,2026-05-27,2b53bd6e-3e3b-40f6-81da-de4c5b468a2b,2026-05-26T16:29:52.020733
664ce147-9c85-453c-9b0f-9ae56699de2b,TUMBAL PROYEK,21cineplex,,16TPRK,Horror,106 menit,D17+,2D,2026-05-27,641647aa-876f-4d01-ae0b-ec591a22f4be,2026-05-26T16:29:52.020906
664ce147-9c85-453c-9b0f-9ae56699de2b,GOHAN,21cineplex,,26GOHN,Drama,140 menit,SU,2D,2026-05-27,33511d98-e41a-47b7-a7dd-c1a8148d92d3,2026-05-26T16:29:52.021022
664ce147-9c85-453c-9b0f-9ae56699de2b,CHILDREN OF HEAVEN,21cineplex,,16COHN,"Drama, Family",97 menit,SU,2D,2026-05-27,795b26c6-469b-4fd9-960e-c90f334a1ea7,2026-05-26T16:29:52.021147
664ce147-9c85-453c-9b0f-9ae56699de2b,BADUT GENDONG,21cineplex,,16BGEG,"Action, Horror",101 menit,D17+,2D,2026-05-27,dd24f1ad-c90c-4297-bf4e-fb1130536d22,2026-05-26T16:29:52.021320
664ce147-9c85-453c-9b0f-9ae56699de2b,HOKUM,21cineplex,,26HOKM,Horror,107 menit,13+,2D,2026-05-27,184d5f9b-8d06-47de-a94c-6d539766655e,2026-05-26T16:29:52.021613
664ce147-9c85-453c-9b0f-9ae56699de2b,STAR WARS: THE MANDALORIAN AND GROGU,21cineplex,,26SWMG,"Fantasy, Sci-Fi",132 menit,13+,2D,2026-05-27,6f1f22e9-7a69-4f1b-a79d-ec6b17a5f3e5,2026-05-26T16:29:52.021707
664ce147-9c85-453c-9b0f-9ae56699de2b,SEKAWAN LIMO 2: GUNUNG KLAWIH,21cineplex,,16SK2G,"Comedy, Horror",122 menit,13+,2D,2026-05-27,14757bb0-790e-4d0f-a0e2-aac39f283273,2026-05-26T16:29:52.021792
664ce147-9c85-453c-9b0f-9ae56699de2b,SEMUA AKAN BAIK-BAIK SAJA,21cineplex,,16SABB,Drama,113 menit,13+,2D,2026-05-27,48018a33-67a0-4c42-a60f-18955a3cbb7d,2026-05-26T16:29:52.021866
664ce147-9c85-453c-9b0f-9ae56699de2b,MICHAEL,21cineplex,,26MICL,Biography,127 menit,SU,2D,2026-05-27,effa232e-110f-49fd-be08-98b93397ba74,2026-05-26T16:29:52.021973
664ce147-9c85-453c-9b0f-9ae56699de2b,SUAMIKU LUKAKU,21cineplex,,16SLUU,Drama,92 menit,D17+,2D,2026-05-27,c52232b8-8261-429b-a77f-20de0d3057ac,2026-05-26T16:29:52.022023
664ce147-9c85-453c-9b0f-9ae56699de2b,CHAND MERA DIL,21cineplex,,26CMDL,"Drama, Romance",142 menit,D17+,2D,2026-05-27,a1f2c8d7-9d8e-4ece-8607-dae5d63dde45,2026-05-26T16:29:52.022110
664ce147-9c85-453c-9b0f-9ae56699de2b,COLONY,21cineplex,,26COLY,"Horror, Thriller",122 menit,13+,2D,2026-06-03,474cfa24-dc8d-4059-a54f-6e65513ef538,2026-05-26T16:29:52.022165
b76394c0-82b7-46f3-9ac9-b7d60633bc00,HOKUM,21cineplex,,26HOKM,Horror,107 menit,13+,2D,2026-05-26,d206cd6c-c347-4dad-b82a-7d97aaae9e46,2026-05-26T16:29:56.209437
b76394c0-82b7-46f3-9ac9-b7d60633bc00,THE DEVIL WEARS PRADA 2,21cineplex,,26DWP2,"Comedy, Drama",119 menit,13+,2D,2026-05-26,4397528d-68ee-4e93-a068-64acab1b3b27,2026-05-26T16:29:56.209635
b76394c0-82b7-46f3-9ac9-b7d60633bc00,SEMUA AKAN BAIK-BAIK SAJA,21cineplex,,16SABB,Drama,113 menit,13+,2D,2026-05-26,326fb209-c6e8-43ab-9117-fe52601b1435,2026-05-26T16:29:56.209788
b76394c0-82b7-46f3-9ac9-b7d60633bc00,STAR WARS: THE MANDALORIAN AND GROGU,21cineplex,,26SWMG,"Fantasy, Sci-Fi",132 menit,13+,2D,2026-05-26,55bebff4-9c6f-4fc2-8ac5-556126c3fc10,2026-05-26T16:29:56.210014
b76394c0-82b7-46f3-9ac9-b7d60633bc00,MICHAEL,21cineplex,,26MICL,Biography,127 menit,SU,2D,2026-05-26,5d7e8177-1524-4f16-b31f-8a8b695d4fd3,2026-05-26T16:29:56.210149
b76394c0-82b7-46f3-9ac9-b7d60633bc00,THE SHEEP DETECTIVES,21cineplex,,26SDES,"Comedy, Mystery",109 menit,SU,2D,2026-05-26,8785132c-6438-4591-b110-157fca1ef111,2026-05-26T16:29:56.210284
b76394c0-82b7-46f3-9ac9-b7d60633bc00,BADUT GENDONG,21cineplex,,16BGEG,"Action, Horror",101 menit,D17+,2D,2026-05-27,9fc511b2-ffab-442a-abe5-4d520fd91103,2026-05-26T16:29:56.210479
b76394c0-82b7-46f3-9ac9-b7d60633bc00,GOHAN,21cineplex,,26GOHN,Drama,140 menit,SU,2D,2026-05-27,db9e8fc3-5f0f-4733-9158-c771b7590eec,2026-05-26T16:29:56.210644
b76394c0-82b7-46f3-9ac9-b7d60633bc00,MICHAEL,21cineplex,,26MICL,Biography,127 menit,SU,2D,2026-05-27,5933bd05-3e0f-4bb9-b876-d8cdd315416b,2026-05-26T16:29:56.210735
b76394c0-82b7-46f3-9ac9-b7d60633bc00,SEKAWAN LIMO 2: GUNUNG KLAWIH,21cineplex,,16SK2G,"Comedy, Horror",122 menit,13+,2D,2026-05-27,8e3b1e85-026b-4579-b8c1-b6b0f15ed500,2026-05-26T16:29:56.210841
b76394c0-82b7-46f3-9ac9-b7d60633bc00,STAR WARS: THE MANDALORIAN AND GROGU,21cineplex,,26SWMG,"Fantasy, Sci-Fi",132 menit,13+,2D,2026-05-27,0b5bcc5f-f8ec-43b8-9df0-d4ee554b1d83,2026-05-26T16:29:56.210998
b76394c0-82b7-46f3-9ac9-b7d60633bc00,PASSENGER,21cineplex,,26PASR,Horror,94 menit,D17+,2D,2026-05-27,09a2f3f0-1570-4e4e-aaf3-17a340e6a0c5,2026-05-26T16:29:56.211239
b76394c0-82b7-46f3-9ac9-b7d60633bc00,SUAMIKU LUKAKU,21cineplex,,16SLUU,Drama,92 menit,D17+,2D,2026-05-27,a2051c12-ef70-4e2c-beeb-8e881ec96a78,2026-05-26T16:29:56.211587
b76394c0-82b7-46f3-9ac9-b7d60633bc00,CHILDREN OF HEAVEN,21cineplex,,16COHN,"Drama, Family",97 menit,SU,2D,2026-05-27,5c7e96ad-799e-4a9a-84df-b90a8eaf1482,2026-05-26T16:29:56.211730
b76394c0-82b7-46f3-9ac9-b7d60633bc00,HOKUM,21cineplex,,26HOKM,Horror,107 menit,13+,2D,2026-05-27,30ace98f-f6d8-4ce3-9d9b-e190607c51f8,2026-05-26T16:29:56.212032
b76394c0-82b7-46f3-9ac9-b7d60633bc00,COLONY,21cineplex,,26COLY,"Horror, Thriller",122 menit,13+,2D,2026-06-03,3e603697-f13c-44f8-9e47-6b4bdf7a2078,2026-05-26T16:29:56.212140
6288c809-10b2-46ec-8eba-d04d7ebc196c,TUMBAL PROYEK,21cineplex,,16TPRK,Horror,106 menit,D17+,2D,2026-05-26,a8b80924-77ab-4c53-885a-fda942751fe1,2026-05-26T16:29:59.206682
6288c809-10b2-46ec-8eba-d04d7ebc196c,STAR WARS: THE MANDALORIAN AND GROGU,21cineplex,,26SWMG,"Fantasy, Sci-Fi",132 menit,13+,2D,2026-05-26,4b6e2fec-7a42-4e45-966e-3a7f2a4299fc,2026-05-26T16:29:59.206921
6288c809-10b2-46ec-8eba-d04d7ebc196c,MORTAL KOMBAT II,21cineplex,,25MKT2,"Action, Adventure",116 menit,D17+,2D,2026-05-26,4c285c89-d0b3-48d7-8a12-363f31d7e917,2026-05-26T16:29:59.207099
6288c809-10b2-46ec-8eba-d04d7ebc196c,KELUARGA SUAMI ADALAH HAMA,21cineplex,,16KSAH,Drama,117 menit,13+,2D,2026-05-26,dd4fb89c-e3ad-4212-82f0-32924902aa7f,2026-05-26T16:29:59.207265
6288c809-10b2-46ec-8eba-d04d7ebc196c,HOKUM,21cineplex,,26HOKM,Horror,107 menit,13+,2D,2026-05-26,9116019d-9cba-4eea-bfd1-274bc8d92aab,2026-05-26T16:29:59.207378
6288c809-10b2-46ec-8eba-d04d7ebc196c,THE DEVIL WEARS PRADA 2,21cineplex,,26DWP2,"Comedy, Drama",119 menit,13+,2D,2026-05-26,d44260a6-eabb-4328-bc62-5b44a85e103a,2026-05-26T16:29:59.207560
6288c809-10b2-46ec-8eba-d04d7ebc196c,GHOST IN THE CELL,21cineplex,,16GITC,"Comedy, Horror",106 menit,D17+,2D,2026-05-26,67958942-7616-44ad-bbfc-769a891d0ec5,2026-05-26T16:29:59.207643
6288c809-10b2-46ec-8eba-d04d7ebc196c,SEMUA AKAN BAIK-BAIK SAJA,21cineplex,,16SABB,Drama,113 menit,13+,2D,2026-05-26,d8c657f0-eaca-4dbc-a161-228ed217716d,2026-05-26T16:29:59.207804
6288c809-10b2-46ec-8eba-d04d7ebc196c,BADUT GENDONG,21cineplex,,16BGEG,"Action, Horror",101 menit,D17+,2D,2026-05-27,8411bf23-9df8-4d00-8a14-505c05b8ff50,2026-05-26T16:29:59.208002
6288c809-10b2-46ec-8eba-d04d7ebc196c,CHILDREN OF HEAVEN,21cineplex,,16COHN,"Drama, Family",97 menit,SU,2D,2026-05-27,732519df-13af-419d-ad2d-7c8a429d4f55,2026-05-26T16:29:59.208102
6288c809-10b2-46ec-8eba-d04d7ebc196c,TUMBAL PROYEK,21cineplex,,16TPRK,Horror,106 menit,D17+,2D,2026-05-27,35964f21-0f1f-41ce-9988-d44bc952fbf7,2026-05-26T16:29:59.208245
6288c809-10b2-46ec-8eba-d04d7ebc196c,SEKAWAN LIMO 2: GUNUNG KLAWIH,21cineplex,,16SK2G,"Comedy, Horror",122 menit,13+,2D,2026-05-27,2ad184ee-1b6a-4523-9aa9-beac7bc3fd69,2026-05-26T16:29:59.208329
6288c809-10b2-46ec-8eba-d04d7ebc196c,STAR WARS: THE MANDALORIAN AND GROGU,21cineplex,,26SWMG,"Fantasy, Sci-Fi",132 menit,13+,2D,2026-05-27,a4ee3edf-ba66-4a37-9752-9b147361ec45,2026-05-26T16:29:59.208475
6288c809-10b2-46ec-8eba-d04d7ebc196c,HOKUM,21cineplex,,26HOKM,Horror,107 menit,13+,2D,2026-05-27,cb0ac457-a55d-44ab-aef4-adea663ab0bb,2026-05-26T16:29:59.208568
6288c809-10b2-46ec-8eba-d04d7ebc196c,GOHAN,21cineplex,,26GOHN,Drama,140 menit,SU,2D,2026-05-27,17e11bad-f46f-4bd4-9dc1-e4660662fa1a,2026-05-26T16:29:59.208668
6288c809-10b2-46ec-8eba-d04d7ebc196c,SEMUA AKAN BAIK-BAIK SAJA,21cineplex,,16SABB,Drama,113 menit,13+,2D,2026-05-27,48ac2c9a-4b6e-4293-8103-27f3bedd8b85,2026-05-26T16:29:59.208762
6288c809-10b2-46ec-8eba-d04d7ebc196c,PASSENGER,21cineplex,,26PASR,Horror,94 menit,D17+,2D,2026-05-27,0c4e742e-6ea0-421b-817f-4f7d6a618f39,2026-05-26T16:29:59.208926
6288c809-10b2-46ec-8eba-d04d7ebc196c,COLONY,21cineplex,,26COLY,"Horror, Thriller",122 menit,13+,2D,2026-06-03,4f255171-bbc4-4b49-8b5e-b09818fba1cd,2026-05-26T16:29:59.209085
a5b5efd1-3f41-403c-be2f-261d7940e5f8,SEMUA AKAN BAIK-BAIK SAJA,21cineplex,,16SABB,Drama,113 menit,13+,2D,2026-05-26,6eb27b19-6a72-44af-b15b-bfc037e39d5e,2026-05-26T16:30:02.230598
a5b5efd1-3f41-403c-be2f-261d7940e5f8,HOKUM,21cineplex,,26HOKM,Horror,107 menit,13+,2D,2026-05-26,50566d5d-6260-4131-bd94-6118dd8e2291,2026-05-26T16:30:02.230693
a5b5efd1-3f41-403c-be2f-261d7940e5f8,TUMBAL PROYEK,21cineplex,,16TPRK,Horror,106 menit,D17+,2D,2026-05-26,b84afa65-d51f-4941-99fd-11f3f5dbc9e1,2026-05-26T16:30:02.230727
a5b5efd1-3f41-403c-be2f-261d7940e5f8,STAR WARS: THE MANDALORIAN AND GROGU,21cineplex,,26SWMG,"Fantasy, Sci-Fi",132 menit,13+,2D,2026-05-26,327f6911-c56c-4217-9294-34261a2863b2,2026-05-26T16:30:02.230786
a5b5efd1-3f41-403c-be2f-261d7940e5f8,GUDANG MERICA,21cineplex,,16GMEA,"Comedy, Horror",98 menit,D17+,2D,2026-05-26,60caa5f3-1f37-41d8-8bc5-3089fb777850,2026-05-26T16:30:02.230840
a5b5efd1-3f41-403c-be2f-261d7940e5f8,SUAMIKU LUKAKU,21cineplex,,16SLUU,Drama,92 menit,D17+,2D,2026-05-27,00518528-b4c2-47ca-90d4-62acf3170c66,2026-05-26T16:30:02.230892
a5b5efd1-3f41-403c-be2f-261d7940e5f8,TUMBAL PROYEK,21cineplex,,16TPRK,Horror,106 menit,D17+,2D,2026-05-27,4364d870-908a-4ee5-b0d9-2a48f87ee2b8,2026-05-26T16:30:02.230956
a5b5efd1-3f41-403c-be2f-261d7940e5f8,SEMUA AKAN BAIK-BAIK SAJA,21cineplex,,16SABB,Drama,113 menit,13+,2D,2026-05-27,57d0ae71-8378-4531-a978-0456a8e097e3,2026-05-26T16:30:02.231121
a5b5efd1-3f41-403c-be2f-261d7940e5f8,BADUT GENDONG,21cineplex,,16BGEG,"Action, Horror",101 menit,D17+,2D,2026-05-27,ce9aab13-0338-4d03-b3d9-4d2390f0e48e,2026-05-26T16:30:02.231158
a5b5efd1-3f41-403c-be2f-261d7940e5f8,CHILDREN OF HEAVEN,21cineplex,,16COHN,"Drama, Family",97 menit,SU,2D,2026-05-27,f8bad4f3-d817-4d4a-9774-a734f6fe6074,2026-05-26T16:30:02.231199
a5b5efd1-3f41-403c-be2f-261d7940e5f8,SEKAWAN LIMO 2: GUNUNG KLAWIH,21cineplex,,16SK2G,"Comedy, Horror",122 menit,13+,2D,2026-05-27,530fe428-cedb-43f3-a0ad-6da72bc0abed,2026-05-26T16:30:02.231261
7f2364c3-dcdf-412a-a8ca-6390898f6763,GOHAN,21cineplex,,26GOHN,Drama,140 menit,SU,2D,2026-05-26,f4b1704f-b004-4945-8df3-23027d0f7c07,2026-05-26T16:30:03.957703
7f2364c3-dcdf-412a-a8ca-6390898f6763,SEMUA AKAN BAIK-BAIK SAJA,21cineplex,,16SABB,Drama,113 menit,13+,2D,2026-05-26,f4144bfa-7d98-48ad-bb28-c0595f78685b,2026-05-26T16:30:03.957914
7f2364c3-dcdf-412a-a8ca-6390898f6763,HOKUM,21cineplex,,26HOKM,Horror,107 menit,13+,2D,2026-05-26,1107691c-65b6-4ed4-902d-0aa19c72ee40,2026-05-26T16:30:03.958160
7f2364c3-dcdf-412a-a8ca-6390898f6763,STAR WARS: THE MANDALORIAN AND GROGU,21cineplex,,26SWMG,"Fantasy, Sci-Fi",132 menit,13+,2D,2026-05-26,54aaaba6-ca2b-4833-887b-3963d16d94b5,2026-05-26T16:30:03.958330
7f2364c3-dcdf-412a-a8ca-6390898f6763,KELUARGA SUAMI ADALAH HAMA,21cineplex,,16KSAH,Drama,117 menit,13+,2D,2026-05-26,637e45ec-6b86-4bc2-98dd-dcefdd421931,2026-05-26T16:30:03.958483
7f2364c3-dcdf-412a-a8ca-6390898f6763,TUMBAL PROYEK,21cineplex,,16TPRK,Horror,106 menit,D17+,2D,2026-05-26,7e5c75f7-1d5b-4a93-a840-1461e83e0ee8,2026-05-26T16:30:03.958567
7f2364c3-dcdf-412a-a8ca-6390898f6763,TUMBAL PROYEK,21cineplex,,16TPRK,Horror,106 menit,D17+,2D,2026-05-27,da7089e7-4b8b-4dfe-8077-691b50fb22a6,2026-05-26T16:30:03.958716
7f2364c3-dcdf-412a-a8ca-6390898f6763,CHILDREN OF HEAVEN,21cineplex,,16COHN,"Drama, Family",97 menit,SU,2D,2026-05-27,03a97659-3ea2-44e6-b44e-e6fdafa878a9,2026-05-26T16:30:03.958845
7f2364c3-dcdf-412a-a8ca-6390898f6763,SEMUA AKAN BAIK-BAIK SAJA,21cineplex,,16SABB,Drama,113 menit,13+,2D,2026-05-27,2d4de8bc-9f71-47b9-bda5-c8c015e82ea6,2026-05-26T16:30:03.958976
7f2364c3-dcdf-412a-a8ca-6390898f6763,HOKUM,21cineplex,,26HOKM,Horror,107 menit,13+,2D,2026-05-27,f383bfa9-7726-47e2-85f7-b242574e0b83,2026-05-26T16:30:03.959104
7f2364c3-dcdf-412a-a8ca-6390898f6763,SUAMIKU LUKAKU,21cineplex,,16SLUU,Drama,92 menit,D17+,2D,2026-05-27,38c89b97-d602-4b7d-bee8-7e9e72070273,2026-05-26T16:30:03.959267
7f2364c3-dcdf-412a-a8ca-6390898f6763,STAR WARS: THE MANDALORIAN AND GROGU,21cineplex,,26SWMG,"Fantasy, Sci-Fi",132 menit,13+,2D,2026-05-27,66d5dcf2-1ace-47c6-ae40-07a80ebc6f50,2026-05-26T16:30:03.959450
7f2364c3-dcdf-412a-a8ca-6390898f6763,GOHAN,21cineplex,,26GOHN,Drama,140 menit,SU,2D,2026-05-27,79d988f7-2dbb-4530-ae29-74a793458d8b,2026-05-26T16:30:03.959589
7f2364c3-dcdf-412a-a8ca-6390898f6763,SEKAWAN LIMO 2: GUNUNG KLAWIH,21cineplex,,16SK2G,"Comedy, Horror",122 menit,13+,2D,2026-05-27,06ff0652-7b1a-487d-b68d-5daa72c8496e,2026-05-26T16:30:03.959852
94c21eb8-31dc-436b-b682-71c31b61593a,GOHAN,21cineplex,,26GOHN,Drama,140 menit,SU,2D,2026-05-26,6f78f433-91fc-485c-b46a-d91f87b39e15,2026-05-26T16:30:05.264573
94c21eb8-31dc-436b-b682-71c31b61593a,MICHAEL,21cineplex,,26MICL,Biography,127 menit,SU,2D,2026-05-26,8e473efa-1176-4ef6-baa8-b433aa7bdf12,2026-05-26T16:30:05.264825
94c21eb8-31dc-436b-b682-71c31b61593a,SALMOKJI: WHISPERING WATER,21cineplex,,26SWWR,Horror,95 menit,D17+,2D,2026-05-26,633b7f54-22e8-49d1-92da-d450178e43f0,2026-05-26T16:30:05.264972
94c21eb8-31dc-436b-b682-71c31b61593a,KELUARGA SUAMI ADALAH HAMA,21cineplex,,16KSAH,Drama,117 menit,13+,2D,2026-05-26,ebaa1063-61b7-4feb-a6a2-3bf8916875a5,2026-05-26T16:30:05.265067
94c21eb8-31dc-436b-b682-71c31b61593a,MORTAL KOMBAT II,21cineplex,,25MKT2,"Action, Adventure",116 menit,D17+,2D,2026-05-26,310f13bc-fade-407c-8674-706d9119e095,2026-05-26T16:30:05.265159
94c21eb8-31dc-436b-b682-71c31b61593a,STAR WARS: THE MANDALORIAN AND GROGU,21cineplex,,26SWMG,"Fantasy, Sci-Fi",132 menit,13+,2D,2026-05-26,d3e0d2a8-8a3e-48d8-ae89-8f645c93663a,2026-05-26T16:30:05.265275
94c21eb8-31dc-436b-b682-71c31b61593a,THE DEVIL WEARS PRADA 2,21cineplex,,26DWP2,"Comedy, Drama",119 menit,13+,2D,2026-05-26,99fecb29-aa61-40e0-8604-e10dff6d458c,2026-05-26T16:30:05.265403
94c21eb8-31dc-436b-b682-71c31b61593a,HOKUM,21cineplex,,26HOKM,Horror,107 menit,13+,2D,2026-05-26,2f19556a-7e7f-43ec-b120-b5823fa94678,2026-05-26T16:30:05.265558
94c21eb8-31dc-436b-b682-71c31b61593a,SEMUA AKAN BAIK-BAIK SAJA,21cineplex,,16SABB,Drama,113 menit,13+,2D,2026-05-26,e7687f82-59e9-4cc0-9fb5-1803910b292c,2026-05-26T16:30:05.265706
94c21eb8-31dc-436b-b682-71c31b61593a,THE SHEEP DETECTIVES,21cineplex,,26SDES,"Comedy, Mystery",109 menit,SU,2D,2026-05-26,c50d35d2-dc9f-4be1-aeff-425f0256f30b,2026-05-26T16:30:05.265926
94c21eb8-31dc-436b-b682-71c31b61593a,MICHAEL,21cineplex,,26MICL,Biography,127 menit,SU,2D,2026-05-27,c431e68b-91f5-4133-aa44-3f4f0e3575a7,2026-05-26T16:30:05.266057
94c21eb8-31dc-436b-b682-71c31b61593a,CHILDREN OF HEAVEN,21cineplex,,16COHN,"Drama, Family",97 menit,SU,2D,2026-05-27,f35ad1ba-7316-4116-b179-1866909b468f,2026-05-26T16:30:05.266152
94c21eb8-31dc-436b-b682-71c31b61593a,PASSENGER,21cineplex,,26PASR,Horror,94 menit,D17+,2D,2026-05-27,8900256d-dd34-4c79-814f-3cdda16427c9,2026-05-26T16:30:05.266302
94c21eb8-31dc-436b-b682-71c31b61593a,GOHAN,21cineplex,,26GOHN,Drama,140 menit,SU,2D,2026-05-27,acd1fd44-14b4-48a9-a19f-3422b33a930a,2026-05-26T16:30:05.266463
94c21eb8-31dc-436b-b682-71c31b61593a,SUAMIKU LUKAKU,21cineplex,,16SLUU,Drama,92 menit,D17+,2D,2026-05-27,b5a41658-ae73-407a-bcf3-85b148d5616c,2026-05-26T16:30:05.266609
94c21eb8-31dc-436b-b682-71c31b61593a,SEKAWAN LIMO 2: GUNUNG KLAWIH,21cineplex,,16SK2G,"Comedy, Horror",122 menit,13+,2D,2026-05-27,2a184306-e904-4114-b8e8-73e750e1370c,2026-05-26T16:30:05.266783
94c21eb8-31dc-436b-b682-71c31b61593a,HOKUM,21cineplex,,26HOKM,Horror,107 menit,13+,2D,2026-05-27,b0bcd576-6baa-4197-a4f1-21ba19866fef,2026-05-26T16:30:05.266927
94c21eb8-31dc-436b-b682-71c31b61593a,SEMUA AKAN BAIK-BAIK SAJA,21cineplex,,16SABB,Drama,113 menit,13+,2D,2026-05-27,66cfa146-f0e6-4255-91db-7e38750a7989,2026-05-26T16:30:05.267029
94c21eb8-31dc-436b-b682-71c31b61593a,STAR WARS: THE MANDALORIAN AND GROGU,21cineplex,,26SWMG,"Fantasy, Sci-Fi",132 menit,13+,2D,2026-05-27,dc639dbe-2413-4ce1-8019-6a271bf8e25b,2026-05-26T16:30:05.267206
94c21eb8-31dc-436b-b682-71c31b61593a,COLONY,21cineplex,,26COLY,"Horror, Thriller",122 menit,13+,2D,2026-06-03,fab6660f-5c63-4028-aa4c-095678fa1d3f,2026-05-26T16:30:05.267332
ab1f2141-f9b2-4043-b231-d1b4e1b52ec5,MICHAEL,21cineplex,,26MICL,Biography,127 menit,SU,2D,2026-05-26,21645443-6018-458c-a5ca-e06743e5e658,2026-05-26T16:30:08.226563
ab1f2141-f9b2-4043-b231-d1b4e1b52ec5,THE SHEEP DETECTIVES,21cineplex,,26SDES,"Comedy, Mystery",109 menit,SU,2D,2026-05-26,57a1a132-f906-4e29-9c62-eed556b4711b,2026-05-26T16:30:08.226950
ab1f2141-f9b2-4043-b231-d1b4e1b52ec5,HOKUM,21cineplex,,26HOKM,Horror,107 menit,13+,2D,2026-05-26,d64620ef-5d4b-4194-af2d-09b8f14ed4e9,2026-05-26T16:30:08.227076
ab1f2141-f9b2-4043-b231-d1b4e1b52ec5,STAR WARS: THE MANDALORIAN AND GROGU,21cineplex,,26SWMG,"Fantasy, Sci-Fi",132 menit,13+,2D,2026-05-26,f798945e-9002-49ee-82ac-876fc785ab36,2026-05-26T16:30:08.227448
ab1f2141-f9b2-4043-b231-d1b4e1b52ec5,SALMOKJI: WHISPERING WATER,21cineplex,,26SWWR,Horror,95 menit,D17+,2D,2026-05-26,5b54d83c-680f-4c54-b0ef-bcb00a167a3d,2026-05-26T16:30:08.227525
ab1f2141-f9b2-4043-b231-d1b4e1b52ec5,THE DEVIL WEARS PRADA 2,21cineplex,,26DWP2,"Comedy, Drama",119 menit,13+,2D,2026-05-26,4159829f-3174-4ca7-a727-c7d44444077b,2026-05-26T16:30:08.227593
ab1f2141-f9b2-4043-b231-d1b4e1b52ec5,BADUT GENDONG,21cineplex,,16BGEG,"Action, Horror",101 menit,D17+,2D,2026-05-27,aacb1ca4-eeec-4b5c-993a-96140bcf8981,2026-05-26T16:30:08.227703
ab1f2141-f9b2-4043-b231-d1b4e1b52ec5,CHILDREN OF HEAVEN,21cineplex,,16COHN,"Drama, Family",97 menit,SU,2D,2026-05-27,be66ae91-93fc-412b-a91b-bfa2f180b0ac,2026-05-26T16:30:08.227950
ab1f2141-f9b2-4043-b231-d1b4e1b52ec5,STAR WARS: THE MANDALORIAN AND GROGU,21cineplex,,26SWMG,"Fantasy, Sci-Fi",132 menit,13+,2D,2026-05-27,427969d5-1690-4361-956c-93365aa4d541,2026-05-26T16:30:08.228007
ab1f2141-f9b2-4043-b231-d1b4e1b52ec5,PASSENGER,21cineplex,,26PASR,Horror,94 menit,D17+,2D,2026-05-27,b5f67a45-112d-4644-acc4-342566a1b737,2026-05-26T16:30:08.228204
ab1f2141-f9b2-4043-b231-d1b4e1b52ec5,THE DEVIL WEARS PRADA 2,21cineplex,,26DWP2,"Comedy, Drama",119 menit,13+,2D,2026-05-27,6d0890f6-51a7-49a4-9275-adc3141a81ae,2026-05-26T16:30:08.228291
ab1f2141-f9b2-4043-b231-d1b4e1b52ec5,MICHAEL,21cineplex,,26MICL,Biography,127 menit,SU,2D,2026-05-27,c1492142-a6db-4112-a72a-4401c33cf156,2026-05-26T16:30:08.228326
ab1f2141-f9b2-4043-b231-d1b4e1b52ec5,HOKUM,21cineplex,,26HOKM,Horror,107 menit,13+,2D,2026-05-27,5bfd7214-f3de-4f78-809d-12b5ef1d34b6,2026-05-26T16:30:08.228361
ab1f2141-f9b2-4043-b231-d1b4e1b52ec5,SUAMIKU LUKAKU,21cineplex,,16SLUU,Drama,92 menit,D17+,2D,2026-05-27,83a6559c-0776-4652-b77f-c4cbb2ecefc3,2026-05-26T16:30:08.228412
ab1f2141-f9b2-4043-b231-d1b4e1b52ec5,COLONY,21cineplex,,26COLY,"Horror, Thriller",122 menit,13+,2D,2026-06-03,d63691f4-bed6-45b4-afd4-7233a623bd7b,2026-05-26T16:30:08.228505
9c2c6c38-35f0-4188-8443-08297f96b7bf,TUMBAL PROYEK,21cineplex,,16TPRK,Horror,106 menit,D17+,2D,2026-05-26,40fbe599-0b3c-4897-8154-91fdafc826f3,2026-05-26T16:30:11.227791
9c2c6c38-35f0-4188-8443-08297f96b7bf,GHOST IN THE CELL,21cineplex,,16GITC,"Comedy, Horror",106 menit,D17+,2D,2026-05-26,77cfd08a-8ae7-4490-b9c5-99d4dd083c23,2026-05-26T16:30:11.228017
9c2c6c38-35f0-4188-8443-08297f96b7bf,YANG LAIN BOLEH HILANG ASAL KAU JANGAN,21cineplex,,16YLBH,Drama,113 menit,13+,2D,2026-05-26,2c64ca3c-8a90-4877-9738-f28b459c5f01,2026-05-26T16:30:11.228147
9c2c6c38-35f0-4188-8443-08297f96b7bf,KELUARGA SUAMI ADALAH HAMA,21cineplex,,16KSAH,Drama,117 menit,13+,2D,2026-05-26,c16d9cb0-01ce-4932-aaec-01a0a2fcc573,2026-05-26T16:30:11.228260
9c2c6c38-35f0-4188-8443-08297f96b7bf,GUDANG MERICA,21cineplex,,16GMEA,"Comedy, Horror",98 menit,D17+,2D,2026-05-26,807b8782-5f46-403a-872a-ac01013af34a,2026-05-26T16:30:11.228345
9c2c6c38-35f0-4188-8443-08297f96b7bf,SEMUA AKAN BAIK-BAIK SAJA,21cineplex,,16SABB,Drama,113 menit,13+,2D,2026-05-26,58778ee8-9008-4c83-8311-f0aee925f41d,2026-05-26T16:30:11.228540
9c2c6c38-35f0-4188-8443-08297f96b7bf,CHILDREN OF HEAVEN,21cineplex,,16COHN,"Drama, Family",97 menit,SU,2D,2026-05-27,84135383-06ef-4c7c-9384-2e028156093f,2026-05-26T16:30:11.228771
9c2c6c38-35f0-4188-8443-08297f96b7bf,SUAMIKU LUKAKU,21cineplex,,16SLUU,Drama,92 menit,D17+,2D,2026-05-27,120b0d3f-4b04-4128-80e1-fcbe2cff4cbe,2026-05-26T16:30:11.228962
9c2c6c38-35f0-4188-8443-08297f96b7bf,GUDANG MERICA,21cineplex,,16GMEA,"Comedy, Horror",98 menit,D17+,2D,2026-05-27,8012d324-2ad1-4576-8ec1-de247d92779a,2026-05-26T16:30:11.229089
9c2c6c38-35f0-4188-8443-08297f96b7bf,TUMBAL PROYEK,21cineplex,,16TPRK,Horror,106 menit,D17+,2D,2026-05-27,1a8fc648-2c7c-4850-a104-29deff9b8d94,2026-05-26T16:30:11.229219
9c2c6c38-35f0-4188-8443-08297f96b7bf,BADUT GENDONG,21cineplex,,16BGEG,"Action, Horror",101 menit,D17+,2D,2026-05-27,6c828dd7-5085-4122-b911-5431dc209a2e,2026-05-26T16:30:11.229311
9c2c6c38-35f0-4188-8443-08297f96b7bf,SEKAWAN LIMO 2: GUNUNG KLAWIH,21cineplex,,16SK2G,"Comedy, Horror",122 menit,13+,2D,2026-05-27,1787d578-038c-4dd7-8f0e-614b974b7d05,2026-05-26T16:30:11.229494
529970b1-96a1-44b3-b463-88b689f2cc29,KELUARGA SUAMI ADALAH HAMA,21cineplex,,16KSAH,Drama,117 menit,13+,2D,2026-05-26,e5736be6-4c5d-4d86-b73e-f35411972c98,2026-05-26T16:30:13.011609
529970b1-96a1-44b3-b463-88b689f2cc29,TUMBAL PROYEK,21cineplex,,16TPRK,Horror,106 menit,D17+,2D,2026-05-26,1b1d0bb1-67ac-40c6-8ccb-92694b53cc58,2026-05-26T16:30:13.011787
529970b1-96a1-44b3-b463-88b689f2cc29,HOKUM,21cineplex,,26HOKM,Horror,107 menit,13+,2D,2026-05-26,74a6b81a-4b6e-4649-b08c-aa5502c941b8,2026-05-26T16:30:13.012054
529970b1-96a1-44b3-b463-88b689f2cc29,GUDANG MERICA,21cineplex,,16GMEA,"Comedy, Horror",98 menit,D17+,2D,2026-05-26,5b91cbe0-2ed1-4454-9e03-6a3121040771,2026-05-26T16:30:13.012119
529970b1-96a1-44b3-b463-88b689f2cc29,YANG LAIN BOLEH HILANG ASAL KAU JANGAN,21cineplex,,16YLBH,Drama,113 menit,13+,2D,2026-05-26,43ad511d-9d05-477c-9af7-3197caf73bdd,2026-05-26T16:30:13.012286
529970b1-96a1-44b3-b463-88b689f2cc29,SEMUA AKAN BAIK-BAIK SAJA,21cineplex,,16SABB,Drama,113 menit,13+,2D,2026-05-26,f52faf2c-e4c4-4c5e-9000-66d7188ae3ee,2026-05-26T16:30:13.012393
529970b1-96a1-44b3-b463-88b689f2cc29,SEKAWAN LIMO 2: GUNUNG KLAWIH,21cineplex,,16SK2G,"Comedy, Horror",122 menit,13+,2D,2026-05-27,96570755-d824-409b-bb38-28eef246c8a7,2026-05-26T16:30:13.012594
529970b1-96a1-44b3-b463-88b689f2cc29,SUAMIKU LUKAKU,21cineplex,,16SLUU,Drama,92 menit,D17+,2D,2026-05-27,73c86566-4f89-4e71-bb5a-8a14d45f87ec,2026-05-26T16:30:13.012733
529970b1-96a1-44b3-b463-88b689f2cc29,SEMUA AKAN BAIK-BAIK SAJA,21cineplex,,16SABB,Drama,113 menit,13+,2D,2026-05-27,87d73b8d-ba3a-4a82-aaa0-0b22aa0ffe7c,2026-05-26T16:30:13.012929
529970b1-96a1-44b3-b463-88b689f2cc29,GUDANG MERICA,21cineplex,,16GMEA,"Comedy, Horror",98 menit,D17+,2D,2026-05-27,8d991f7c-08d5-41dc-b411-9b5c78bb55dd,2026-05-26T16:30:13.013039
529970b1-96a1-44b3-b463-88b689f2cc29,CHILDREN OF HEAVEN,21cineplex,,16COHN,"Drama, Family",97 menit,SU,2D,2026-05-27,5d1549a8-c1a4-4d86-bbcf-36a38abc1dcd,2026-05-26T16:30:13.013194
529970b1-96a1-44b3-b463-88b689f2cc29,TUMBAL PROYEK,21cineplex,,16TPRK,Horror,106 menit,D17+,2D,2026-05-27,7d70af3f-bf28-4ec4-b785-bdb4f2f85523,2026-05-26T16:30:13.013339
23fb4d03-b88e-46bc-b766-2986cdb397ca,HOKUM,21cineplex,,26HOKM,Horror,107 menit,13+,2D,2026-05-26,d9c508f8-9119-4f5c-85dc-b08e434b6eb8,2026-05-26T16:30:14.252043
23fb4d03-b88e-46bc-b766-2986cdb397ca,MICHAEL,21cineplex,,26MICL,Biography,127 menit,SU,2D,2026-05-26,7ab8f42d-1bb1-46bc-8cf4-a8cdc4d07306,2026-05-26T16:30:14.252140
23fb4d03-b88e-46bc-b766-2986cdb397ca,GUDANG MERICA,21cineplex,,16GMEA,"Comedy, Horror",98 menit,D17+,2D,2026-05-26,9096b185-776e-4eeb-b617-6c5d1be1924e,2026-05-26T16:30:14.252221
23fb4d03-b88e-46bc-b766-2986cdb397ca,SEMUA AKAN BAIK-BAIK SAJA,21cineplex,,16SABB,Drama,113 menit,13+,2D,2026-05-26,803debf7-45c9-4bfa-ad9c-58b82d245441,2026-05-26T16:30:14.252268
23fb4d03-b88e-46bc-b766-2986cdb397ca,STAR WARS: THE MANDALORIAN AND GROGU,21cineplex,,26SWMG,"Fantasy, Sci-Fi",132 menit,13+,2D,2026-05-26,87931f42-e603-428a-8c9d-1a98d3e75797,2026-05-26T16:30:14.252366
23fb4d03-b88e-46bc-b766-2986cdb397ca,STAR WARS: THE MANDALORIAN AND GROGU,21cineplex,,26SWMG,"Fantasy, Sci-Fi",132 menit,13+,2D,2026-05-27,37a2f8c8-51e2-42d2-8433-d9cc735cf4a2,2026-05-26T16:30:14.252439
23fb4d03-b88e-46bc-b766-2986cdb397ca,HOKUM,21cineplex,,26HOKM,Horror,107 menit,13+,2D,2026-05-27,4e4feee3-f172-4f79-a12b-171877d17f53,2026-05-26T16:30:14.252485
23fb4d03-b88e-46bc-b766-2986cdb397ca,CHILDREN OF HEAVEN,21cineplex,,16COHN,"Drama, Family",97 menit,SU,2D,2026-05-27,a2185d4b-0834-4ad7-b2ee-6c77f41974eb,2026-05-26T16:30:14.252540
23fb4d03-b88e-46bc-b766-2986cdb397ca,PASSENGER,21cineplex,,26PASR,Horror,94 menit,D17+,2D,2026-05-27,6744fbc9-41d1-4d30-b835-f6c2c0398da6,2026-05-26T16:30:14.252619
23fb4d03-b88e-46bc-b766-2986cdb397ca,BADUT GENDONG,21cineplex,,16BGEG,"Action, Horror",101 menit,D17+,2D,2026-05-27,a516fe3f-83a7-4d5f-ad8d-ff3abcf0746c,2026-05-26T16:30:14.252698
23fb4d03-b88e-46bc-b766-2986cdb397ca,COLONY,21cineplex,,26COLY,"Horror, Thriller",122 menit,13+,2D,2026-06-03,88b4f8b0-94b4-4d1f-8813-2b8acc1a30f8,2026-05-26T16:30:14.252785
96c0e98a-f0fd-4243-af88-e47fc80f3a0f,HOKUM,21cineplex,,26HOKM,Horror,107 menit,13+,2D,2026-05-26,8b3d24ed-d3dc-4028-89f2-399e8378b77b,2026-05-26T16:30:17.271718
96c0e98a-f0fd-4243-af88-e47fc80f3a0f,SEMUA AKAN BAIK-BAIK SAJA,21cineplex,,16SABB,Drama,113 menit,13+,2D,2026-05-26,891002ce-1700-41f0-bbc9-799a2389e1fd,2026-05-26T16:30:17.271910
96c0e98a-f0fd-4243-af88-e47fc80f3a0f,STAR WARS: THE MANDALORIAN AND GROGU,21cineplex,,26SWMG,"Fantasy, Sci-Fi",132 menit,13+,2D,2026-05-26,ca621e5c-eb6c-48e0-bd49-dde52044cacd,2026-05-26T16:30:17.272161
96c0e98a-f0fd-4243-af88-e47fc80f3a0f,GOHAN,21cineplex,,26GOHN,Drama,140 menit,SU,2D,2026-05-26,10e2aa6a-bd6a-4e5f-a062-4304f3487aae,2026-05-26T16:30:17.272333
96c0e98a-f0fd-4243-af88-e47fc80f3a0f,TUMBAL PROYEK,21cineplex,,16TPRK,Horror,106 menit,D17+,2D,2026-05-26,31e3c0d8-9b19-4afb-a3b0-07550e0ba33e,2026-05-26T16:30:17.272454
96c0e98a-f0fd-4243-af88-e47fc80f3a0f,MICHAEL,21cineplex,,26MICL,Biography,127 menit,SU,2D,2026-05-26,26b58df2-a52e-402c-ab84-7bbaa4ae7b64,2026-05-26T16:30:17.272601
96c0e98a-f0fd-4243-af88-e47fc80f3a0f,KELUARGA SUAMI ADALAH HAMA,21cineplex,,16KSAH,Drama,117 menit,13+,2D,2026-05-26,ad1fe44c-3808-454e-a8b9-a9be3497519c,2026-05-26T16:30:17.273000
96c0e98a-f0fd-4243-af88-e47fc80f3a0f,BADUT GENDONG,21cineplex,,16BGEG,"Action, Horror",101 menit,D17+,2D,2026-05-27,6e16fc3e-8c53-450d-bcf1-3700f145b91c,2026-05-26T16:30:17.273180
96c0e98a-f0fd-4243-af88-e47fc80f3a0f,SEKAWAN LIMO 2: GUNUNG KLAWIH,21cineplex,,16SK2G,"Comedy, Horror",122 menit,13+,2D,2026-05-27,8331e517-94d6-4a98-9b2a-08d57b48fee1,2026-05-26T16:30:17.273401
96c0e98a-f0fd-4243-af88-e47fc80f3a0f,PASSENGER,21cineplex,,26PASR,Horror,94 menit,D17+,2D,2026-05-27,2103b932-de88-4c27-a9ab-0b4450f2ff9c,2026-05-26T16:30:17.273615
96c0e98a-f0fd-4243-af88-e47fc80f3a0f,STAR WARS: THE MANDALORIAN AND GROGU,21cineplex,,26SWMG,"Fantasy, Sci-Fi",132 menit,13+,2D,2026-05-27,0b3cc117-1679-4e77-9d35-ebcafd1c14d7,2026-05-26T16:30:17.273816
96c0e98a-f0fd-4243-af88-e47fc80f3a0f,SUAMIKU LUKAKU,21cineplex,,16SLUU,Drama,92 menit,D17+,2D,2026-05-27,4b6c02dc-026f-4f6b-8a23-05ebe6ac81b3,2026-05-26T16:30:17.273938
96c0e98a-f0fd-4243-af88-e47fc80f3a0f,GOHAN,21cineplex,,26GOHN,Drama,140 menit,SU,2D,2026-05-27,a23ea796-8506-4480-913f-447a4a7fb3a5,2026-05-26T16:30:17.274150
96c0e98a-f0fd-4243-af88-e47fc80f3a0f,COLONY,21cineplex,,26COLY,"Horror, Thriller",122 menit,13+,2D,2026-06-03,79b76774-eeee-4f4e-b002-0409956b4b0d,2026-05-26T16:30:17.274280
2bd89d26-eb5f-41c8-8d33-1db91aa99b2a,STAR WARS: THE MANDALORIAN AND GROGU,21cineplex,,26SWMG,"Fantasy, Sci-Fi",132 menit,13+,2D,2026-05-26,27f7b126-0921-4487-b55a-b77778dc805a,2026-05-26T16:30:20.198273
2bd89d26-eb5f-41c8-8d33-1db91aa99b2a,TUMBAL PROYEK,21cineplex,,16TPRK,Horror,106 menit,D17+,2D,2026-05-26,3e3242b5-aaf4-4d04-bd1a-b8d41013a5f4,2026-05-26T16:30:20.198472
2bd89d26-eb5f-41c8-8d33-1db91aa99b2a,HOKUM,21cineplex,,26HOKM,Horror,107 menit,13+,2D,2026-05-26,7280efaa-20b9-4999-8675-939c98e55efe,2026-05-26T16:30:20.198633
2bd89d26-eb5f-41c8-8d33-1db91aa99b2a,SEMUA AKAN BAIK-BAIK SAJA,21cineplex,,16SABB,Drama,113 menit,13+,2D,2026-05-26,19fb2a6c-03e8-45f6-a155-aaeebcece7b0,2026-05-26T16:30:20.198701
2bd89d26-eb5f-41c8-8d33-1db91aa99b2a,GUDANG MERICA,21cineplex,,16GMEA,"Comedy, Horror",98 menit,D17+,2D,2026-05-26,cf82ebd6-6e50-4b4d-b4db-2b317829dbdb,2026-05-26T16:30:20.198863
2bd89d26-eb5f-41c8-8d33-1db91aa99b2a,SUAMIKU LUKAKU,21cineplex,,16SLUU,Drama,92 menit,D17+,2D,2026-05-27,d5b8149e-5cc1-4699-af4d-e5965a33b936,2026-05-26T16:30:20.199035
2bd89d26-eb5f-41c8-8d33-1db91aa99b2a,GUDANG MERICA,21cineplex,,16GMEA,"Comedy, Horror",98 menit,D17+,2D,2026-05-27,2e323e74-f898-4fea-a9cf-d33c502806a8,2026-05-26T16:30:20.199214
2bd89d26-eb5f-41c8-8d33-1db91aa99b2a,SEKAWAN LIMO 2: GUNUNG KLAWIH,21cineplex,,16SK2G,"Comedy, Horror",122 menit,13+,2D,2026-05-27,72a2e001-c8cd-4211-9f7c-f02d135b11aa,2026-05-26T16:30:20.199351
2bd89d26-eb5f-41c8-8d33-1db91aa99b2a,BADUT GENDONG,21cineplex,,16BGEG,"Action, Horror",101 menit,D17+,2D,2026-05-27,0d9dd5cc-bec3-459f-a257-4c5095d548ce,2026-05-26T16:30:20.199511
2bd89d26-eb5f-41c8-8d33-1db91aa99b2a,TUMBAL PROYEK,21cineplex,,16TPRK,Horror,106 menit,D17+,2D,2026-05-27,d17c2302-16cc-47c4-a55a-650f810fd857,2026-05-26T16:30:20.199678
2184e556-f5bc-4b14-bbb1-7a0944622260,STAR WARS: THE MANDALORIAN AND GROGU,21cineplex,,26SWMG,"Fantasy, Sci-Fi",132 menit,13+,2D,2026-05-26,49aba457-617a-44a9-af90-49bb0ba36f2c,2026-05-26T16:30:22.008083
2184e556-f5bc-4b14-bbb1-7a0944622260,MICHAEL,21cineplex,,26MICL,Biography,127 menit,SU,2D,2026-05-26,633b57fa-95ae-416c-9421-34437f3f1b2b,2026-05-26T16:30:22.008364
2184e556-f5bc-4b14-bbb1-7a0944622260,HOKUM,21cineplex,,26HOKM,Horror,107 menit,13+,2D,2026-05-26,329b23c9-eaf2-4785-81b8-fb62edfd9d53,2026-05-26T16:30:22.008540
2184e556-f5bc-4b14-bbb1-7a0944622260,THE DEVIL WEARS PRADA 2,21cineplex,,26DWP2,"Comedy, Drama",119 menit,13+,2D,2026-05-26,f4bfd08d-81c2-44a0-9eaa-1d30ce10e9de,2026-05-26T16:30:22.008701
2184e556-f5bc-4b14-bbb1-7a0944622260,MICHAEL,21cineplex,,26MICL,Biography,127 menit,SU,2D,2026-05-27,8edee36d-dca0-43b4-ab47-522fcb514554,2026-05-26T16:30:22.008892
2184e556-f5bc-4b14-bbb1-7a0944622260,STAR WARS: THE MANDALORIAN AND GROGU,21cineplex,,26SWMG,"Fantasy, Sci-Fi",132 menit,13+,2D,2026-05-27,bba87ed0-8d15-4595-82e4-e04ba644c14f,2026-05-26T16:30:22.008965
2184e556-f5bc-4b14-bbb1-7a0944622260,THE DEVIL WEARS PRADA 2,21cineplex,,26DWP2,"Comedy, Drama",119 menit,13+,2D,2026-05-27,841a41bd-e118-4006-806f-5947afdc3b2e,2026-05-26T16:30:22.009038
2184e556-f5bc-4b14-bbb1-7a0944622260,HOKUM,21cineplex,,26HOKM,Horror,107 menit,13+,2D,2026-05-27,84037ac5-30c0-46a7-9378-2053cdd49aa8,2026-05-26T16:30:22.009196
2184e556-f5bc-4b14-bbb1-7a0944622260,PASSENGER,21cineplex,,26PASR,Horror,94 menit,D17+,2D,2026-05-27,ce278cb6-64d4-484c-be32-8cb4df8f1034,2026-05-26T16:30:22.009299
2184e556-f5bc-4b14-bbb1-7a0944622260,CHILDREN OF HEAVEN,21cineplex,,16COHN,"Drama, Family",97 menit,SU,2D,2026-05-27,24ac2299-8ca4-4e1c-8c50-27f198b60ab3,2026-05-26T16:30:22.009467
2184e556-f5bc-4b14-bbb1-7a0944622260,COLONY,21cineplex,,26COLY,"Horror, Thriller",122 menit,13+,2D,2026-06-03,a201ced4-a8cb-49ae-923c-0f6a7777f7bf,2026-05-26T16:30:22.009626
2e4ace37-85c2-4ff0-80af-30eae9124779,GUDANG MERICA,21cineplex,,16GMEA,"Comedy, Horror",98 menit,D17+,2D,2026-05-26,e22f2b1b-2d2a-4981-939e-f980dffbe848,2026-05-26T16:30:25.049457
2e4ace37-85c2-4ff0-80af-30eae9124779,FUZE,21cineplex,,26FUZE,"Action, Crime",96 menit,D17+,2D,2026-05-26,e6ba3020-07c5-4242-b405-599544ba263b,2026-05-26T16:30:25.049531
2e4ace37-85c2-4ff0-80af-30eae9124779,THE DEVIL WEARS PRADA 2,21cineplex,,26DWP2,"Comedy, Drama",119 menit,13+,2D,2026-05-26,d30c916c-17a3-49b2-831a-4eaacce12f34,2026-05-26T16:30:25.049589
2e4ace37-85c2-4ff0-80af-30eae9124779,SEMUA AKAN BAIK-BAIK SAJA,21cineplex,,16SABB,Drama,113 menit,13+,2D,2026-05-26,84c8e3cb-fb29-4f7c-a107-1928b8dd710e,2026-05-26T16:30:25.049670
2e4ace37-85c2-4ff0-80af-30eae9124779,STAR WARS: THE MANDALORIAN AND GROGU,21cineplex,,26SWMG,"Fantasy, Sci-Fi",132 menit,13+,2D,2026-05-26,4cb21f7e-4e86-4cad-b691-b247654016a7,2026-05-26T16:30:25.049769
2e4ace37-85c2-4ff0-80af-30eae9124779,MICHAEL,21cineplex,,26MICL,Biography,127 menit,SU,2D,2026-05-26,79caad60-41dd-4163-99e1-2add53782068,2026-05-26T16:30:25.049839
2e4ace37-85c2-4ff0-80af-30eae9124779,PROJECT HAIL MARY,21cineplex,,26PHMY,Sci-Fi,157 menit,13+,2D,2026-05-26,72fd2f5a-ed75-41b4-ab38-40b24a59294a,2026-05-26T16:30:25.049922
2e4ace37-85c2-4ff0-80af-30eae9124779,CHAND MERA DIL,21cineplex,,26CMDL,"Drama, Romance",142 menit,D17+,2D,2026-05-26,7fa0db35-da92-4fb0-a655-0b16c8b3fa3a,2026-05-26T16:30:25.049995
2e4ace37-85c2-4ff0-80af-30eae9124779,MORTAL KOMBAT II,21cineplex,,25MKT2,"Action, Adventure",116 menit,D17+,2D,2026-05-26,1ef31de1-eabf-4ad9-a30c-00b23898801a,2026-05-26T16:30:25.050077
2e4ace37-85c2-4ff0-80af-30eae9124779,HOKUM,21cineplex,,26HOKM,Horror,107 menit,13+,2D,2026-05-26,d5c7d19b-2ab3-4ce5-a308-1b9c4e49bbbc,2026-05-26T16:30:25.050152
2e4ace37-85c2-4ff0-80af-30eae9124779,THE DEVIL WEARS PRADA 2,21cineplex,,26DWP2,"Comedy, Drama",119 menit,13+,2D,2026-05-27,82621442-b0dd-485b-9b96-6e002e416b50,2026-05-26T16:30:25.050232
2e4ace37-85c2-4ff0-80af-30eae9124779,SEKAWAN LIMO 2: GUNUNG KLAWIH,21cineplex,,16SK2G,"Comedy, Horror",122 menit,13+,2D,2026-05-27,cc44386d-c731-4b59-8384-a42790bf8605,2026-05-26T16:30:25.050294
2e4ace37-85c2-4ff0-80af-30eae9124779,CHILDREN OF HEAVEN,21cineplex,,16COHN,"Drama, Family",97 menit,SU,2D,2026-05-27,6b268995-beec-4875-b84c-1274e4a59190,2026-05-26T16:30:25.050369
2e4ace37-85c2-4ff0-80af-30eae9124779,PASSENGER,21cineplex,,26PASR,Horror,94 menit,D17+,2D,2026-05-27,515aec72-5b7e-4364-9685-f5d25bb91b6a,2026-05-26T16:30:25.050436
2e4ace37-85c2-4ff0-80af-30eae9124779,STAR WARS: THE MANDALORIAN AND GROGU,21cineplex,,26SWMG,"Fantasy, Sci-Fi",132 menit,13+,2D,2026-05-27,6ab14f9b-debe-4a62-b9fd-a910dd5f89ae,2026-05-26T16:30:25.050525
2e4ace37-85c2-4ff0-80af-30eae9124779,HOKUM,21cineplex,,26HOKM,Horror,107 menit,13+,2D,2026-05-27,b0a6852e-1584-4732-9374-780693628e41,2026-05-26T16:30:25.050572
2e4ace37-85c2-4ff0-80af-30eae9124779,CHAND MERA DIL,21cineplex,,26CMDL,"Drama, Romance",142 menit,D17+,2D,2026-05-27,bc33186c-9e89-42be-89bf-ab4dcccf133a,2026-05-26T16:30:25.050631
2e4ace37-85c2-4ff0-80af-30eae9124779,SEMUA AKAN BAIK-BAIK SAJA,21cineplex,,16SABB,Drama,113 menit,13+,2D,2026-05-27,fcb39397-146a-4d34-902b-93b060679414,2026-05-26T16:30:25.050675
2e4ace37-85c2-4ff0-80af-30eae9124779,MICHAEL,21cineplex,,26MICL,Biography,127 menit,SU,2D,2026-05-27,a1a0cf91-65e1-452d-ac46-3986c0783e80,2026-05-26T16:30:25.050753
2e4ace37-85c2-4ff0-80af-30eae9124779,BADUT GENDONG,21cineplex,,16BGEG,"Action, Horror",101 menit,D17+,2D,2026-05-27,7a874132-3067-4228-ade2-032b531e1ebf,2026-05-26T16:30:25.050800
2e4ace37-85c2-4ff0-80af-30eae9124779,PROJECT HAIL MARY,21cineplex,,26PHMY,Sci-Fi,157 menit,13+,2D,2026-05-27,19ea9797-c07f-48a9-9af6-1b028e5c2338,2026-05-26T16:30:25.050886
2e4ace37-85c2-4ff0-80af-30eae9124779,SUAMIKU LUKAKU,21cineplex,,16SLUU,Drama,92 menit,D17+,2D,2026-05-27,66dd4514-6bb9-4c4b-b400-83d81d7b609e,2026-05-26T16:30:25.050930
2e4ace37-85c2-4ff0-80af-30eae9124779,COLONY,21cineplex,,26COLY,"Horror, Thriller",122 menit,13+,2D,2026-06-03,579d8ec1-5b5d-4942-8c7d-a1af81d0ef85,2026-05-26T16:30:25.051027
f443679c-d758-442d-8a91-91d68e251654,STAR WARS: THE MANDALORIAN AND GROGU,21cineplex,,26SWMG,"Fantasy, Sci-Fi",132 menit,13+,2D,2026-05-26,a1e45c5d-5909-4db3-8c7c-764e96d97150,2026-05-26T16:30:27.741054
f443679c-d758-442d-8a91-91d68e251654,HOKUM,21cineplex,,26HOKM,Horror,107 menit,13+,2D,2026-05-26,3315e2a1-f389-49e7-834f-66defa52d5a8,2026-05-26T16:30:27.741222
f443679c-d758-442d-8a91-91d68e251654,THE DEVIL WEARS PRADA 2,21cineplex,,26DWP2,"Comedy, Drama",119 menit,13+,2D,2026-05-26,f25d9d5b-d4b0-436d-8bc7-f10d020cf083,2026-05-26T16:30:27.741321
f443679c-d758-442d-8a91-91d68e251654,MICHAEL,21cineplex,,26MICL,Biography,127 menit,SU,2D,2026-05-26,0af3f4bc-e6be-4117-bda0-00d4fd02b7ae,2026-05-26T16:30:27.741425
f443679c-d758-442d-8a91-91d68e251654,STAR WARS: THE MANDALORIAN AND GROGU,21cineplex,,26SWMG,"Fantasy, Sci-Fi",132 menit,13+,2D,2026-05-27,89ca949f-7a0f-4a0d-94f2-4cb6d2710a23,2026-05-26T16:30:27.741599
f443679c-d758-442d-8a91-91d68e251654,MICHAEL,21cineplex,,26MICL,Biography,127 menit,SU,2D,2026-05-27,831e2b65-397a-4839-bd14-e91858b12523,2026-05-26T16:30:27.741692
f443679c-d758-442d-8a91-91d68e251654,CHILDREN OF HEAVEN,21cineplex,,16COHN,"Drama, Family",97 menit,SU,2D,2026-05-27,93b78142-c0f4-46c1-8d28-7f6ffca8a536,2026-05-26T16:30:27.741788
f443679c-d758-442d-8a91-91d68e251654,PASSENGER,21cineplex,,26PASR,Horror,94 menit,D17+,2D,2026-05-27,5cee6c99-bed5-4c6c-998e-854cda21d37f,2026-05-26T16:30:27.741961
f443679c-d758-442d-8a91-91d68e251654,COLONY,21cineplex,,26COLY,"Horror, Thriller",122 menit,13+,2D,2026-06-03,912b4db3-d621-489a-a545-6e160a1be4f4,2026-05-26T16:30:27.742134
402d97bb-aa6e-4a80-9b4a-187c3196e655,MICHAEL,21cineplex,,26MICL,Biography,127 menit,SU,2D,2026-05-26,58d9d6ba-8031-4150-a627-c764a793534a,2026-05-26T16:30:31.028531
402d97bb-aa6e-4a80-9b4a-187c3196e655,MORTAL KOMBAT II,21cineplex,,25MKT2,"Action, Adventure",116 menit,D17+,2D,2026-05-26,2313d8d8-e858-4331-8d65-1ecb8b325794,2026-05-26T16:30:31.028622
402d97bb-aa6e-4a80-9b4a-187c3196e655,GOHAN,21cineplex,,26GOHN,Drama,140 menit,SU,2D,2026-05-26,5b46d907-3524-4376-9c45-617a45a10dfa,2026-05-26T16:30:31.028704
402d97bb-aa6e-4a80-9b4a-187c3196e655,GUDANG MERICA,21cineplex,,16GMEA,"Comedy, Horror",98 menit,D17+,2D,2026-05-26,4e67be98-1a89-407d-8496-c58338ce9ed6,2026-05-26T16:30:31.028770
402d97bb-aa6e-4a80-9b4a-187c3196e655,IN THE GREY,21cineplex,,26ITGY,"Action, Thriller",97 menit,13+,2D,2026-05-26,1f4d04ee-a9d4-4c06-b091-5de9e9ef029a,2026-05-26T16:30:31.028845
402d97bb-aa6e-4a80-9b4a-187c3196e655,TUMBAL PROYEK,21cineplex,,16TPRK,Horror,106 menit,D17+,2D,2026-05-26,a0bc581a-d10d-45ad-96f9-d521964e9ec8,2026-05-26T16:30:31.028886
402d97bb-aa6e-4a80-9b4a-187c3196e655,HOKUM,21cineplex,,26HOKM,Horror,107 menit,13+,2D,2026-05-26,e7492fb9-8923-49e7-8d4f-56958a56f7a3,2026-05-26T16:30:31.028963
402d97bb-aa6e-4a80-9b4a-187c3196e655,STAR WARS: THE MANDALORIAN AND GROGU,21cineplex,,26SWMG,"Fantasy, Sci-Fi",132 menit,13+,2D,2026-05-26,3fedb7b8-29a1-4bb3-9b20-0ca7115b6fda,2026-05-26T16:30:31.029033
402d97bb-aa6e-4a80-9b4a-187c3196e655,CHILDREN OF HEAVEN,21cineplex,,16COHN,"Drama, Family",97 menit,SU,2D,2026-05-27,4b1b54ec-f778-4a7b-a96b-97f690f2c280,2026-05-26T16:30:31.029098
402d97bb-aa6e-4a80-9b4a-187c3196e655,SEKAWAN LIMO 2: GUNUNG KLAWIH,21cineplex,,16SK2G,"Comedy, Horror",122 menit,13+,2D,2026-05-27,d47a5e65-98e9-48f2-ac63-5e088d2c2b74,2026-05-26T16:30:31.029170
402d97bb-aa6e-4a80-9b4a-187c3196e655,MICHAEL,21cineplex,,26MICL,Biography,127 menit,SU,2D,2026-05-27,8fdbd984-52fb-4c30-8789-26740881b848,2026-05-26T16:30:31.029233
402d97bb-aa6e-4a80-9b4a-187c3196e655,PASSENGER,21cineplex,,26PASR,Horror,94 menit,D17+,2D,2026-05-27,425791d5-21fc-4367-9804-9b6f08471e46,2026-05-26T16:30:31.029276
402d97bb-aa6e-4a80-9b4a-187c3196e655,BADUT GENDONG,21cineplex,,16BGEG,"Action, Horror",101 menit,D17+,2D,2026-05-27,7474df21-abd2-41f5-a7cc-0819c7a3450f,2026-05-26T16:30:31.029348
402d97bb-aa6e-4a80-9b4a-187c3196e655,TUMBAL PROYEK,21cineplex,,16TPRK,Horror,106 menit,D17+,2D,2026-05-27,ee5c344f-dcac-4be2-803f-292d35755320,2026-05-26T16:30:31.029425
402d97bb-aa6e-4a80-9b4a-187c3196e655,HOKUM,21cineplex,,26HOKM,Horror,107 menit,13+,2D,2026-05-27,c12ed136-38ad-46a5-95cb-285c414bd543,2026-05-26T16:30:31.029493
402d97bb-aa6e-4a80-9b4a-187c3196e655,GOHAN,21cineplex,,26GOHN,Drama,140 menit,SU,2D,2026-05-27,91d6a970-f561-4906-9630-43a1be7d3307,2026-05-26T16:30:31.029541
402d97bb-aa6e-4a80-9b4a-187c3196e655,STAR WARS: THE MANDALORIAN AND GROGU,21cineplex,,26SWMG,"Fantasy, Sci-Fi",132 menit,13+,2D,2026-05-27,b2e30467-5f67-40af-a2d4-90b82bcb07c0,2026-05-26T16:30:31.029584
402d97bb-aa6e-4a80-9b4a-187c3196e655,NOBODY LOVES KAY,21cineplex,,16NLKY,Drama,117 menit,D17+,2D,2026-05-31,620de6c1-c8db-4f0c-be55-77bc56f078e1,2026-05-26T16:30:31.029627
402d97bb-aa6e-4a80-9b4a-187c3196e655,COLONY,21cineplex,,26COLY,"Horror, Thriller",122 menit,13+,2D,2026-06-03,2bf02e1f-2de3-4d2d-993b-68de832bfdcd,2026-05-26T16:30:31.029676
551d219a-8fe5-4d0d-932f-1e30fae892e7,HOKUM,21cineplex,,26HOKM,Horror,107 menit,13+,2D,2026-05-26,646f8d10-eb37-46d2-810d-62ea88263d50,2026-05-26T16:30:33.991092
551d219a-8fe5-4d0d-932f-1e30fae892e7,TUMBAL PROYEK,21cineplex,,16TPRK,Horror,106 menit,D17+,2D,2026-05-26,1dd3f498-2a51-4e24-a1f1-d3cdeb01de0e,2026-05-26T16:30:33.991266
551d219a-8fe5-4d0d-932f-1e30fae892e7,KELUARGA SUAMI ADALAH HAMA,21cineplex,,16KSAH,Drama,117 menit,13+,2D,2026-05-26,45f4f82a-3011-48d3-9b8b-ed8d89b948c8,2026-05-26T16:30:33.991697
551d219a-8fe5-4d0d-932f-1e30fae892e7,SEMUA AKAN BAIK-BAIK SAJA,21cineplex,,16SABB,Drama,113 menit,13+,2D,2026-05-26,d964d8c4-8ba4-428e-a8d1-5364a0c0d284,2026-05-26T16:30:33.991839
551d219a-8fe5-4d0d-932f-1e30fae892e7,KAMU HARUS MATI,21cineplex,,16KHMI,"Horror, Mystery, Thriller",90 menit,13+,2D,2026-05-26,db553386-f4ea-41f5-a62a-ba920d60ecd5,2026-05-26T16:30:33.992153
551d219a-8fe5-4d0d-932f-1e30fae892e7,GUDANG MERICA,21cineplex,,16GMEA,"Comedy, Horror",98 menit,D17+,2D,2026-05-26,07e47d79-6591-4104-88a8-93e9e66bdb27,2026-05-26T16:30:33.992307
551d219a-8fe5-4d0d-932f-1e30fae892e7,SEKAWAN LIMO 2: GUNUNG KLAWIH,21cineplex,,16SK2G,"Comedy, Horror",122 menit,13+,2D,2026-05-27,6431aa61-c940-4437-ae02-3987f35ab30d,2026-05-26T16:30:33.992538
551d219a-8fe5-4d0d-932f-1e30fae892e7,CHILDREN OF HEAVEN,21cineplex,,16COHN,"Drama, Family",97 menit,SU,2D,2026-05-27,b33de619-d1be-4e8c-8a9a-11febcaaea54,2026-05-26T16:30:33.992769
551d219a-8fe5-4d0d-932f-1e30fae892e7,SUAMIKU LUKAKU,21cineplex,,16SLUU,Drama,92 menit,D17+,2D,2026-05-27,cd1e3d66-abe0-46f9-ab19-27e656a129f3,2026-05-26T16:30:33.992978
551d219a-8fe5-4d0d-932f-1e30fae892e7,TUMBAL PROYEK,21cineplex,,16TPRK,Horror,106 menit,D17+,2D,2026-05-27,08e46f4e-23cc-4f90-983a-a1ddee6910cc,2026-05-26T16:30:33.993131
551d219a-8fe5-4d0d-932f-1e30fae892e7,BADUT GENDONG,21cineplex,,16BGEG,"Action, Horror",101 menit,D17+,2D,2026-05-27,0908eaa5-f82c-40bf-b36c-65e3405f7ff3,2026-05-26T16:30:33.993297
20980e4f-885e-483e-b6d7-644f31d71b88,MICHAEL,21cineplex,,26MICL,Biography,127 menit,SU,2D,2026-05-26,0fd2318b-ed91-4870-8d28-42328a2227cf,2026-05-26T16:30:35.322385
20980e4f-885e-483e-b6d7-644f31d71b88,THE DEVIL WEARS PRADA 2,21cineplex,,26DWP2,"Comedy, Drama",119 menit,13+,2D,2026-05-26,f88f72f9-684b-4cbe-81e4-f95d7c446fa9,2026-05-26T16:30:35.322570
20980e4f-885e-483e-b6d7-644f31d71b88,PROJECT HAIL MARY,21cineplex,,26PHMY,Sci-Fi,157 menit,13+,2D,2026-05-26,7f8a45aa-c951-4373-aa77-4aa8a9e8ace5,2026-05-26T16:30:35.322697
20980e4f-885e-483e-b6d7-644f31d71b88,SALMOKJI: WHISPERING WATER,21cineplex,,26SWWR,Horror,95 menit,D17+,2D,2026-05-26,385cf5a9-55b7-49ee-a1b1-cb59a3340197,2026-05-26T16:30:35.322811
20980e4f-885e-483e-b6d7-644f31d71b88,STAR WARS: THE MANDALORIAN AND GROGU,21cineplex,,26SWMG,"Fantasy, Sci-Fi",132 menit,13+,2D,2026-05-26,5d1cbb90-3fd2-48a1-ba2e-bc08c8d4078f,2026-05-26T16:30:35.322999
20980e4f-885e-483e-b6d7-644f31d71b88,GOHAN,21cineplex,,26GOHN,Drama,140 menit,SU,2D,2026-05-26,e87256c2-721c-4400-8292-7f4d4877914c,2026-05-26T16:30:35.323170
20980e4f-885e-483e-b6d7-644f31d71b88,THE SHEEP DETECTIVES,21cineplex,,26SDES,"Comedy, Mystery",109 menit,SU,2D,2026-05-26,f583b2fb-d2fc-423a-9632-28daf6969800,2026-05-26T16:30:35.323338
20980e4f-885e-483e-b6d7-644f31d71b88,IN THE GREY,21cineplex,,26ITGY,"Action, Thriller",97 menit,13+,2D,2026-05-26,4ce86f09-fc74-4b56-b708-a9669843b617,2026-05-26T16:30:35.323449
20980e4f-885e-483e-b6d7-644f31d71b88,HOKUM,21cineplex,,26HOKM,Horror,107 menit,13+,2D,2026-05-26,b429fc32-ff4b-4d05-8269-c09300a7a0dd,2026-05-26T16:30:35.323554
20980e4f-885e-483e-b6d7-644f31d71b88,IN THE GREY,21cineplex,,26ITGY,"Action, Thriller",97 menit,13+,2D,2026-05-27,27b9fdbf-3f52-48d6-8c11-3b7ac04fb4ba,2026-05-26T16:30:35.323668
20980e4f-885e-483e-b6d7-644f31d71b88,SUAMIKU LUKAKU,21cineplex,,16SLUU,Drama,92 menit,D17+,2D,2026-05-27,64f2fc78-9f4f-426a-91bc-954de03380e8,2026-05-26T16:30:35.323750
20980e4f-885e-483e-b6d7-644f31d71b88,PASSENGER,21cineplex,,26PASR,Horror,94 menit,D17+,2D,2026-05-27,870f9678-ed95-4a30-b98c-c43a5948768f,2026-05-26T16:30:35.323913
20980e4f-885e-483e-b6d7-644f31d71b88,SALMOKJI: WHISPERING WATER,21cineplex,,26SWWR,Horror,95 menit,D17+,2D,2026-05-27,2288f50b-d963-4efb-92c3-5f707001ff08,2026-05-26T16:30:35.324056
20980e4f-885e-483e-b6d7-644f31d71b88,CHILDREN OF HEAVEN,21cineplex,,16COHN,"Drama, Family",97 menit,SU,2D,2026-05-27,006ef03e-42c1-47a2-8d21-2786e5fdda47,2026-05-26T16:30:35.324159
20980e4f-885e-483e-b6d7-644f31d71b88,HOKUM,21cineplex,,26HOKM,Horror,107 menit,13+,2D,2026-05-27,114b8135-c85a-41f2-90c1-afdbb1c570e8,2026-05-26T16:30:35.324303
20980e4f-885e-483e-b6d7-644f31d71b88,STAR WARS: THE MANDALORIAN AND GROGU,21cineplex,,26SWMG,"Fantasy, Sci-Fi",132 menit,13+,2D,2026-05-27,7a5ca5dc-1cd3-4e41-985c-8e38f89b1918,2026-05-26T16:30:35.324405
20980e4f-885e-483e-b6d7-644f31d71b88,GOHAN,21cineplex,,26GOHN,Drama,140 menit,SU,2D,2026-05-27,0eb5737f-ed4b-4db9-a7fe-13b475c188f8,2026-05-26T16:30:35.324528
20980e4f-885e-483e-b6d7-644f31d71b88,NOBODY LOVES KAY,21cineplex,,16NLKY,Drama,117 menit,D17+,2D,2026-05-28,79666d46-212d-4372-813a-9fdf9ced8ab4,2026-05-26T16:30:35.324640
20980e4f-885e-483e-b6d7-644f31d71b88,COLONY,21cineplex,,26COLY,"Horror, Thriller",122 menit,13+,2D,2026-06-03,18eab349-8329-458e-b370-a3c1c3d40de0,2026-05-26T16:30:35.324862
a4baa65e-fb39-47d7-88f2-5d9d3843f151,TUMBAL PROYEK,21cineplex,,16TPRK,Horror,106 menit,D17+,2D,2026-05-26,f2d9edaa-e593-454b-a42b-ef38bc596382,2026-05-26T16:30:38.333706
a4baa65e-fb39-47d7-88f2-5d9d3843f151,GOHAN,21cineplex,,26GOHN,Drama,140 menit,SU,2D,2026-05-26,8cc61e24-5991-4c9e-8503-bf2fd305e2f4,2026-05-26T16:30:38.333810
a4baa65e-fb39-47d7-88f2-5d9d3843f151,GUDANG MERICA,21cineplex,,16GMEA,"Comedy, Horror",98 menit,D17+,2D,2026-05-26,0cbcbb30-fec6-42d2-9d38-ff8c46423fdf,2026-05-26T16:30:38.333875
a4baa65e-fb39-47d7-88f2-5d9d3843f151,STAR WARS: THE MANDALORIAN AND GROGU,21cineplex,,26SWMG,"Fantasy, Sci-Fi",132 menit,13+,2D,2026-05-26,29c317f1-a680-454a-88a5-2b7c92bb585e,2026-05-26T16:30:38.333982
a4baa65e-fb39-47d7-88f2-5d9d3843f151,THE DEVIL WEARS PRADA 2,21cineplex,,26DWP2,"Comedy, Drama",119 menit,13+,2D,2026-05-26,f0923acd-4355-4e03-aa9d-dc9510a9c0b3,2026-05-26T16:30:38.334073
a4baa65e-fb39-47d7-88f2-5d9d3843f151,MORTAL KOMBAT II,21cineplex,,25MKT2,"Action, Adventure",116 menit,D17+,2D,2026-05-26,7db3941b-3bc2-428e-b89a-773f39ded0dd,2026-05-26T16:30:38.334125
a4baa65e-fb39-47d7-88f2-5d9d3843f151,CHILDREN OF HEAVEN,21cineplex,,16COHN,"Drama, Family",97 menit,SU,2D,2026-05-27,89a4f80a-1314-4a4c-ab67-67ece9ebf841,2026-05-26T16:30:38.334187
a4baa65e-fb39-47d7-88f2-5d9d3843f151,GUDANG MERICA,21cineplex,,16GMEA,"Comedy, Horror",98 menit,D17+,2D,2026-05-27,ac6d5493-4820-4da4-b6cc-7a65e9fc1b56,2026-05-26T16:30:38.334276
a4baa65e-fb39-47d7-88f2-5d9d3843f151,BADUT GENDONG,21cineplex,,16BGEG,"Action, Horror",101 menit,D17+,2D,2026-05-27,7b938d7c-a631-4668-9027-a72a1d2b5189,2026-05-26T16:30:38.334353
a4baa65e-fb39-47d7-88f2-5d9d3843f151,GOHAN,21cineplex,,26GOHN,Drama,140 menit,SU,2D,2026-05-27,a1a702ae-570d-4833-b1f5-48b5b8a2c17a,2026-05-26T16:30:38.334453
a4baa65e-fb39-47d7-88f2-5d9d3843f151,STAR WARS: THE MANDALORIAN AND GROGU,21cineplex,,26SWMG,"Fantasy, Sci-Fi",132 menit,13+,2D,2026-05-27,5093bb84-af50-4518-b0e1-26b50fcf42ac,2026-05-26T16:30:38.334510
a4baa65e-fb39-47d7-88f2-5d9d3843f151,SEKAWAN LIMO 2: GUNUNG KLAWIH,21cineplex,,16SK2G,"Comedy, Horror",122 menit,13+,2D,2026-05-27,e6e795c9-0253-4c37-acff-8696d71790f0,2026-05-26T16:30:38.334563
a4baa65e-fb39-47d7-88f2-5d9d3843f151,TUMBAL PROYEK,21cineplex,,16TPRK,Horror,106 menit,D17+,2D,2026-05-27,e771e6ad-48d3-4929-b5af-211317c21326,2026-05-26T16:30:38.334614
042234bb-84f4-428b-bf39-00a87f60dd17,HOKUM,21cineplex,,26HOKM,Horror,107 menit,13+,2D,2026-05-26,a09c81d0-6509-447f-b679-de68270788e9,2026-05-26T16:30:39.975656
042234bb-84f4-428b-bf39-00a87f60dd17,STAR WARS: THE MANDALORIAN AND GROGU,21cineplex,,26SWMG,"Fantasy, Sci-Fi",132 menit,13+,2D,2026-05-26,e3276732-af7c-4db3-b366-da396640dc05,2026-05-26T16:30:39.975829
042234bb-84f4-428b-bf39-00a87f60dd17,MORTAL KOMBAT II,21cineplex,,25MKT2,"Action, Adventure",116 menit,D17+,2D,2026-05-26,9b260b87-0eea-4e24-90a5-5e7bccbab5bf,2026-05-26T16:30:39.975943
042234bb-84f4-428b-bf39-00a87f60dd17,THE SHEEP DETECTIVES,21cineplex,,26SDES,"Comedy, Mystery",109 menit,SU,2D,2026-05-26,62479fe3-be6a-446c-bb5d-ee340b4d867f,2026-05-26T16:30:39.976033
042234bb-84f4-428b-bf39-00a87f60dd17,GOHAN,21cineplex,,26GOHN,Drama,140 menit,SU,2D,2026-05-26,9ef50745-91b8-4fb0-883b-ec2e9d00b58b,2026-05-26T16:30:39.976143
042234bb-84f4-428b-bf39-00a87f60dd17,HOKUM,21cineplex,,26HOKM,Horror,107 menit,13+,2D,2026-05-27,2bf5f2ae-1b44-4284-82ac-687152c16304,2026-05-26T16:30:39.976274
042234bb-84f4-428b-bf39-00a87f60dd17,GOHAN,21cineplex,,26GOHN,Drama,140 menit,SU,2D,2026-05-27,107f6ead-d53f-4156-91a8-3bac6e2f1311,2026-05-26T16:30:39.976358
042234bb-84f4-428b-bf39-00a87f60dd17,STAR WARS: THE MANDALORIAN AND GROGU,21cineplex,,26SWMG,"Fantasy, Sci-Fi",132 menit,13+,2D,2026-05-27,15de320e-0e91-4e19-9539-02070265d5b1,2026-05-26T16:30:39.976466
042234bb-84f4-428b-bf39-00a87f60dd17,THE SHEEP DETECTIVES,21cineplex,,26SDES,"Comedy, Mystery",109 menit,SU,2D,2026-05-27,cd20f068-6867-41b9-949d-fc9c204994ec,2026-05-26T16:30:39.976570
042234bb-84f4-428b-bf39-00a87f60dd17,PASSENGER,21cineplex,,26PASR,Horror,94 menit,D17+,2D,2026-05-27,78ef8da7-fa1b-42b9-8037-155b18b5cb35,2026-05-26T16:30:39.976641
042234bb-84f4-428b-bf39-00a87f60dd17,COLONY,21cineplex,,26COLY,"Horror, Thriller",122 menit,13+,2D,2026-06-03,d52d60a6-a6f6-4bf7-ae3f-e7bc3afcc684,2026-05-26T16:30:39.976773
3677b827-62c3-4984-b283-7ba1f18fc9d6,SALMOKJI: WHISPERING WATER,21cineplex,,26SWWR,Horror,95 menit,D17+,2D,2026-05-26,e833049c-e11b-4752-aa78-1740f95f9628,2026-05-26T16:30:47.393941
3677b827-62c3-4984-b283-7ba1f18fc9d6,MORTAL KOMBAT II,21cineplex,,25MKT2,"Action, Adventure",116 menit,D17+,2D,2026-05-26,7f9cfd95-6e6e-44b1-adca-84f3b568c521,2026-05-26T16:30:47.394140
3677b827-62c3-4984-b283-7ba1f18fc9d6,STAR WARS: THE MANDALORIAN AND GROGU,21cineplex,,26SWMG,"Fantasy, Sci-Fi",132 menit,13+,2D,2026-05-26,dd648fe6-3adb-42cc-8ff8-7aec94113d58,2026-05-26T16:30:47.394391
3677b827-62c3-4984-b283-7ba1f18fc9d6,HOKUM,21cineplex,,26HOKM,Horror,107 menit,13+,2D,2026-05-26,3bdb5b67-3ec9-4a92-aa89-c0edb5cc6c0c,2026-05-26T16:30:47.394561
3677b827-62c3-4984-b283-7ba1f18fc9d6,IN THE GREY,21cineplex,,26ITGY,"Action, Thriller",97 menit,13+,2D,2026-05-26,88f7a90e-d6c9-4345-b43d-27d63b4f62b2,2026-05-26T16:30:47.394762
3677b827-62c3-4984-b283-7ba1f18fc9d6,SEMUA AKAN BAIK-BAIK SAJA,21cineplex,,16SABB,Drama,113 menit,13+,2D,2026-05-26,b6e1061d-808b-4304-b919-916380bf26dc,2026-05-26T16:30:47.394874
3677b827-62c3-4984-b283-7ba1f18fc9d6,GOHAN,21cineplex,,26GOHN,Drama,140 menit,SU,2D,2026-05-26,ff1aaba8-d4de-46b9-bdbb-4ea5e740f0b3,2026-05-26T16:30:47.395142
3677b827-62c3-4984-b283-7ba1f18fc9d6,TUMBAL PROYEK,21cineplex,,16TPRK,Horror,106 menit,D17+,2D,2026-05-26,13515a58-0164-4931-9393-2a8f54d18203,2026-05-26T16:30:47.395260
3677b827-62c3-4984-b283-7ba1f18fc9d6,THE SHEEP DETECTIVES,21cineplex,,26SDES,"Comedy, Mystery",109 menit,SU,2D,2026-05-26,100bcb84-4979-4448-906e-03e4fa8cfc4d,2026-05-26T16:30:47.395459
3677b827-62c3-4984-b283-7ba1f18fc9d6,KELUARGA SUAMI ADALAH HAMA,21cineplex,,16KSAH,Drama,117 menit,13+,2D,2026-05-26,791df12f-fdc4-40d7-b475-b23cc8d8c64b,2026-05-26T16:30:47.395594
3677b827-62c3-4984-b283-7ba1f18fc9d6,THE DEVIL WEARS PRADA 2,21cineplex,,26DWP2,"Comedy, Drama",119 menit,13+,2D,2026-05-26,77468c78-9f96-4af3-9913-01ecef66038c,2026-05-26T16:30:47.395704
3677b827-62c3-4984-b283-7ba1f18fc9d6,CHILDREN OF HEAVEN,21cineplex,,16COHN,"Drama, Family",97 menit,SU,2D,2026-05-27,abdaf155-b8e3-42c8-802f-9d15fa801606,2026-05-26T16:30:47.395812
3677b827-62c3-4984-b283-7ba1f18fc9d6,BADUT GENDONG,21cineplex,,16BGEG,"Action, Horror",101 menit,D17+,2D,2026-05-27,2fc9504b-cf9e-41ad-9e7c-d7514afb6883,2026-05-26T16:30:47.395977
3677b827-62c3-4984-b283-7ba1f18fc9d6,THE SHEEP DETECTIVES,21cineplex,,26SDES,"Comedy, Mystery",109 menit,SU,2D,2026-05-27,227f0a4b-7c0f-46bb-a35a-4a792426b1f3,2026-05-26T16:30:47.396148
3677b827-62c3-4984-b283-7ba1f18fc9d6,STAR WARS: THE MANDALORIAN AND GROGU,21cineplex,,26SWMG,"Fantasy, Sci-Fi",132 menit,13+,2D,2026-05-27,0253a597-9a79-4eb3-9089-d8b51ade8756,2026-05-26T16:30:47.396261
3677b827-62c3-4984-b283-7ba1f18fc9d6,HOKUM,21cineplex,,26HOKM,Horror,107 menit,13+,2D,2026-05-27,b72a2d03-9567-4269-be28-9333dbed9f5c,2026-05-26T16:30:47.396337
3677b827-62c3-4984-b283-7ba1f18fc9d6,SEMUA AKAN BAIK-BAIK SAJA,21cineplex,,16SABB,Drama,113 menit,13+,2D,2026-05-27,df0c0dfc-8fb6-4b52-a49e-d1ba3b46dcac,2026-05-26T16:30:47.396477
3677b827-62c3-4984-b283-7ba1f18fc9d6,SUAMIKU LUKAKU,21cineplex,,16SLUU,Drama,92 menit,D17+,2D,2026-05-27,6bdf972b-1d26-474a-918b-5b18213c8ce7,2026-05-26T16:30:47.396589
3677b827-62c3-4984-b283-7ba1f18fc9d6,PASSENGER,21cineplex,,26PASR,Horror,94 menit,D17+,2D,2026-05-27,aec8019c-aab0-459d-b624-b80d5171d1ec,2026-05-26T16:30:47.396752
3677b827-62c3-4984-b283-7ba1f18fc9d6,TUMBAL PROYEK,21cineplex,,16TPRK,Horror,106 menit,D17+,2D,2026-05-27,896917cb-f2c9-438d-83e6-72973a38cfd3,2026-05-26T16:30:47.396908
3677b827-62c3-4984-b283-7ba1f18fc9d6,SEKAWAN LIMO 2: GUNUNG KLAWIH,21cineplex,,16SK2G,"Comedy, Horror",122 menit,13+,2D,2026-05-27,9274af0e-f523-4daf-ae0b-b4ec210ae1c7,2026-05-26T16:30:47.397042
3677b827-62c3-4984-b283-7ba1f18fc9d6,COLONY,21cineplex,,26COLY,"Horror, Thriller",122 menit,13+,2D,2026-06-03,ccc98298-1483-4c5e-9927-bc63e9b84d11,2026-05-26T16:30:47.397194
1dc75f72-efa3-429c-8619-147c039c06fc,MICHAEL,21cineplex,,26MICL,Biography,127 menit,SU,2D,2026-05-26,5d93cb9b-1126-42a2-bb1d-cbb57af1bb31,2026-05-26T16:30:50.232588
1dc75f72-efa3-429c-8619-147c039c06fc,KELUARGA SUAMI ADALAH HAMA,21cineplex,,16KSAH,Drama,117 menit,13+,2D,2026-05-26,dcf8455f-b4f3-4368-a8cb-5df67346f228,2026-05-26T16:30:50.232792
1dc75f72-efa3-429c-8619-147c039c06fc,SALMOKJI: WHISPERING WATER,21cineplex,,26SWWR,Horror,95 menit,D17+,2D,2026-05-26,8681b297-487a-45ac-ac76-2844ab3f1b52,2026-05-26T16:30:50.232909
1dc75f72-efa3-429c-8619-147c039c06fc,HOKUM,21cineplex,,26HOKM,Horror,107 menit,13+,2D,2026-05-26,dcbd3e49-a911-42a6-ab44-6a76de0770ef,2026-05-26T16:30:50.232996
1dc75f72-efa3-429c-8619-147c039c06fc,GOHAN,21cineplex,,26GOHN,Drama,140 menit,SU,2D,2026-05-26,36e94a1e-5bdd-4be6-bfa9-5706ef7c1de0,2026-05-26T16:30:50.233152
1dc75f72-efa3-429c-8619-147c039c06fc,GHOST IN THE CELL,21cineplex,,16GITC,"Comedy, Horror",106 menit,D17+,2D,2026-05-26,0bdfb53b-349e-42a6-9693-21482faf8ed0,2026-05-26T16:30:50.233253
1dc75f72-efa3-429c-8619-147c039c06fc,SEMUA AKAN BAIK-BAIK SAJA,21cineplex,,16SABB,Drama,113 menit,13+,2D,2026-05-26,13f62db3-e5e6-414d-a496-c648a3958490,2026-05-26T16:30:50.233402
1dc75f72-efa3-429c-8619-147c039c06fc,BADUT GENDONG,21cineplex,,16BGEG,"Action, Horror",101 menit,D17+,2D,2026-05-27,4b34bb1d-591c-4a41-9623-1bdac763d4b4,2026-05-26T16:30:50.233613
1dc75f72-efa3-429c-8619-147c039c06fc,PASSENGER,21cineplex,,26PASR,Horror,94 menit,D17+,2D,2026-05-27,af03d8a6-b10f-4277-a618-c226ba938017,2026-05-26T16:30:50.233773
1dc75f72-efa3-429c-8619-147c039c06fc,GHOST IN THE CELL,21cineplex,,16GITC,"Comedy, Horror",106 menit,D17+,2D,2026-05-27,fd8595da-cdda-45cc-9b2d-f7fd66031ef1,2026-05-26T16:30:50.233918
1dc75f72-efa3-429c-8619-147c039c06fc,HOKUM,21cineplex,,26HOKM,Horror,107 menit,13+,2D,2026-05-27,a3944078-b6a5-4a2c-bd9d-62ae2f740452,2026-05-26T16:30:50.233990
1dc75f72-efa3-429c-8619-147c039c06fc,GOHAN,21cineplex,,26GOHN,Drama,140 menit,SU,2D,2026-05-27,dea036a9-fa4a-4e62-a187-17ac8cf07790,2026-05-26T16:30:50.234048
1dc75f72-efa3-429c-8619-147c039c06fc,SEMUA AKAN BAIK-BAIK SAJA,21cineplex,,16SABB,Drama,113 menit,13+,2D,2026-05-27,a843d48f-4f9f-494e-9081-6a62461a72f4,2026-05-26T16:30:50.234118
1dc75f72-efa3-429c-8619-147c039c06fc,SEKAWAN LIMO 2: GUNUNG KLAWIH,21cineplex,,16SK2G,"Comedy, Horror",122 menit,13+,2D,2026-05-27,566dc9d5-0add-4866-b25a-53e7df413f25,2026-05-26T16:30:50.234231
1dc75f72-efa3-429c-8619-147c039c06fc,SUAMIKU LUKAKU,21cineplex,,16SLUU,Drama,92 menit,D17+,2D,2026-05-27,4aea7a20-3446-40fd-9f92-9ae5c76a7878,2026-05-26T16:30:50.234380
1dc75f72-efa3-429c-8619-147c039c06fc,COLONY,21cineplex,,26COLY,"Horror, Thriller",122 menit,13+,2D,2026-06-03,71aa005b-358c-4484-9850-057d0a6a069f,2026-05-26T16:30:50.234539
07210449-a423-4c5f-9f93-28714b00dd41,GUDANG MERICA,21cineplex,,16GMEA,"Comedy, Horror",98 menit,D17+,2D,2026-05-26,3ef114b7-9b2c-4ed4-9338-0c65b9601b33,2026-05-26T16:30:51.767474
07210449-a423-4c5f-9f93-28714b00dd41,HOKUM,21cineplex,,26HOKM,Horror,107 menit,13+,2D,2026-05-26,d1d6b652-8b6b-4a7b-a216-6cc533b38ff2,2026-05-26T16:30:51.767634
07210449-a423-4c5f-9f93-28714b00dd41,THE SHEEP DETECTIVES,21cineplex,,26SDES,"Comedy, Mystery",109 menit,SU,2D,2026-05-26,a9355bfd-fe76-4647-8eed-501c1b4959e5,2026-05-26T16:30:51.767812
07210449-a423-4c5f-9f93-28714b00dd41,GHOST IN THE CELL,21cineplex,,16GITC,"Comedy, Horror",106 menit,D17+,2D,2026-05-26,3280c5d3-441c-454c-8135-78d0ab79252a,2026-05-26T16:30:51.767962
07210449-a423-4c5f-9f93-28714b00dd41,SALMOKJI: WHISPERING WATER,21cineplex,,26SWWR,Horror,95 menit,D17+,2D,2026-05-26,5f15b844-9697-4cdc-a3c9-26c49c8c38f9,2026-05-26T16:30:51.768087
07210449-a423-4c5f-9f93-28714b00dd41,GOHAN,21cineplex,,26GOHN,Drama,140 menit,SU,2D,2026-05-26,c132ee28-2f9b-48a4-a6f9-3c95c8472630,2026-05-26T16:30:51.768270
07210449-a423-4c5f-9f93-28714b00dd41,SEMUA AKAN BAIK-BAIK SAJA,21cineplex,,16SABB,Drama,113 menit,13+,2D,2026-05-26,ca1dc84c-c8f4-4a78-b436-3df0e00244bb,2026-05-26T16:30:51.768460
07210449-a423-4c5f-9f93-28714b00dd41,STAR WARS: THE MANDALORIAN AND GROGU,21cineplex,,26SWMG,"Fantasy, Sci-Fi",132 menit,13+,2D,2026-05-26,7b8b90d2-77a7-4cee-84c0-492a913d1c4c,2026-05-26T16:30:51.768699
07210449-a423-4c5f-9f93-28714b00dd41,TUMBAL PROYEK,21cineplex,,16TPRK,Horror,106 menit,D17+,2D,2026-05-26,42af6c3f-a05c-4078-9787-b62de0e02237,2026-05-26T16:30:51.768823
07210449-a423-4c5f-9f93-28714b00dd41,BADUT GENDONG,21cineplex,,16BGEG,"Action, Horror",101 menit,D17+,2D,2026-05-27,3cee1fd1-8032-401b-b3d7-e340a20618de,2026-05-26T16:30:51.768981
07210449-a423-4c5f-9f93-28714b00dd41,TUMBAL PROYEK,21cineplex,,16TPRK,Horror,106 menit,D17+,2D,2026-05-27,dbcd4030-89ef-4261-a045-a5d79251fe7d,2026-05-26T16:30:51.769152
07210449-a423-4c5f-9f93-28714b00dd41,SEMUA AKAN BAIK-BAIK SAJA,21cineplex,,16SABB,Drama,113 menit,13+,2D,2026-05-27,d2b2b2be-98a7-45f3-8487-f7decefb1b0c,2026-05-26T16:30:51.769304
07210449-a423-4c5f-9f93-28714b00dd41,PASSENGER,21cineplex,,26PASR,Horror,94 menit,D17+,2D,2026-05-27,dc2ed647-e871-4e1f-ad78-9571e11f5325,2026-05-26T16:30:51.769471
07210449-a423-4c5f-9f93-28714b00dd41,GOHAN,21cineplex,,26GOHN,Drama,140 menit,SU,2D,2026-05-27,0822bf81-38ff-47d7-93a2-f2267fa57c2b,2026-05-26T16:30:51.769576
07210449-a423-4c5f-9f93-28714b00dd41,CHILDREN OF HEAVEN,21cineplex,,16COHN,"Drama, Family",97 menit,SU,2D,2026-05-27,b729f427-572e-4b41-9c36-fbaaf450d1d2,2026-05-26T16:30:51.769666
07210449-a423-4c5f-9f93-28714b00dd41,HOKUM,21cineplex,,26HOKM,Horror,107 menit,13+,2D,2026-05-27,36e5c7de-6752-4eb1-a58b-d75c2125d0a9,2026-05-26T16:30:51.769811
07210449-a423-4c5f-9f93-28714b00dd41,SUAMIKU LUKAKU,21cineplex,,16SLUU,Drama,92 menit,D17+,2D,2026-05-27,eb14fbad-c0cf-42a7-8235-960201fb1b04,2026-05-26T16:30:51.769948
07210449-a423-4c5f-9f93-28714b00dd41,COLONY,21cineplex,,26COLY,"Horror, Thriller",122 menit,13+,2D,2026-06-03,204d131b-7d7f-4d41-8507-e1921966e629,2026-05-26T16:30:51.770110
52a6b64e-baf1-4c0a-96bc-15df7249f1d6,STAR WARS: THE MANDALORIAN AND GROGU,21cineplex,,26SWMG,"Fantasy, Sci-Fi",132 menit,13+,2D,2026-05-26,96f86870-2cb9-4dcd-bb9a-fdb4d69210ac,2026-05-26T16:30:56.349360
52a6b64e-baf1-4c0a-96bc-15df7249f1d6,GOHAN,21cineplex,,26GOHN,Drama,140 menit,SU,2D,2026-05-26,e526d521-5c78-47fa-a8f1-f3423fab3ac9,2026-05-26T16:30:56.349601
52a6b64e-baf1-4c0a-96bc-15df7249f1d6,GUDANG MERICA,21cineplex,,16GMEA,"Comedy, Horror",98 menit,D17+,2D,2026-05-26,e6ffd206-e231-4fa6-8608-6b581e656b17,2026-05-26T16:30:56.349745
52a6b64e-baf1-4c0a-96bc-15df7249f1d6,YANG LAIN BOLEH HILANG ASAL KAU JANGAN,21cineplex,,16YLBH,Drama,113 menit,13+,2D,2026-05-26,7a848fb4-0539-4dd3-a0da-a39c44aed425,2026-05-26T16:30:56.349998
52a6b64e-baf1-4c0a-96bc-15df7249f1d6,SEMUA AKAN BAIK-BAIK SAJA,21cineplex,,16SABB,Drama,113 menit,13+,2D,2026-05-26,d69b42cc-62a6-4b22-b8eb-3ff26d3895e0,2026-05-26T16:30:56.350244
52a6b64e-baf1-4c0a-96bc-15df7249f1d6,GHOST IN THE CELL,21cineplex,,16GITC,"Comedy, Horror",106 menit,D17+,2D,2026-05-26,abd77534-f15b-41e4-b51c-5bd7116b6c9a,2026-05-26T16:30:56.350490
52a6b64e-baf1-4c0a-96bc-15df7249f1d6,KELUARGA SUAMI ADALAH HAMA,21cineplex,,16KSAH,Drama,117 menit,13+,2D,2026-05-26,d9e4ae61-79e0-4764-bec6-314b03d0812f,2026-05-26T16:30:56.350707
52a6b64e-baf1-4c0a-96bc-15df7249f1d6,MORTAL KOMBAT II,21cineplex,,25MKT2,"Action, Adventure",116 menit,D17+,2D,2026-05-26,124e45d0-a970-4c11-8885-3c6d823ad31c,2026-05-26T16:30:56.350849
52a6b64e-baf1-4c0a-96bc-15df7249f1d6,TUMBAL PROYEK,21cineplex,,16TPRK,Horror,106 menit,D17+,2D,2026-05-26,4cebd152-4526-4e05-8a36-5d0900871a91,2026-05-26T16:30:56.350950
52a6b64e-baf1-4c0a-96bc-15df7249f1d6,SUAMIKU LUKAKU,21cineplex,,16SLUU,Drama,92 menit,D17+,2D,2026-05-27,3a5b469b-f875-42fb-9711-9368beb62750,2026-05-26T16:30:56.351211
52a6b64e-baf1-4c0a-96bc-15df7249f1d6,TUMBAL PROYEK,21cineplex,,16TPRK,Horror,106 menit,D17+,2D,2026-05-27,8ae95d06-bd71-415f-baa5-8ffee954dfda,2026-05-26T16:30:56.351389
52a6b64e-baf1-4c0a-96bc-15df7249f1d6,SEMUA AKAN BAIK-BAIK SAJA,21cineplex,,16SABB,Drama,113 menit,13+,2D,2026-05-27,674ff8b2-498d-4e88-8f42-b07a43005501,2026-05-26T16:30:56.351549
52a6b64e-baf1-4c0a-96bc-15df7249f1d6,GOHAN,21cineplex,,26GOHN,Drama,140 menit,SU,2D,2026-05-27,4a81e773-7e42-4adc-a3f4-77ee16a5fc7a,2026-05-26T16:30:56.351663
52a6b64e-baf1-4c0a-96bc-15df7249f1d6,CHILDREN OF HEAVEN,21cineplex,,16COHN,"Drama, Family",97 menit,SU,2D,2026-05-27,c036be57-1829-400a-88f2-1b04dc10e2b6,2026-05-26T16:30:56.351737
52a6b64e-baf1-4c0a-96bc-15df7249f1d6,SEKAWAN LIMO 2: GUNUNG KLAWIH,21cineplex,,16SK2G,"Comedy, Horror",122 menit,13+,2D,2026-05-27,3163ed0e-fa31-4cb5-891f-3f6041a5172b,2026-05-26T16:30:56.351918
52a6b64e-baf1-4c0a-96bc-15df7249f1d6,PASSENGER,21cineplex,,26PASR,Horror,94 menit,D17+,2D,2026-05-27,41dbfbb3-8ee5-49fd-878d-dd150d91ca64,2026-05-26T16:30:56.352067
52a6b64e-baf1-4c0a-96bc-15df7249f1d6,MORTAL KOMBAT II,21cineplex,,25MKT2,"Action, Adventure",116 menit,D17+,2D,2026-05-27,0f66cdb7-4d92-4a6a-b582-e1bf4a2eaea2,2026-05-26T16:30:56.352211
52a6b64e-baf1-4c0a-96bc-15df7249f1d6,GUDANG MERICA,21cineplex,,16GMEA,"Comedy, Horror",98 menit,D17+,2D,2026-05-27,24d974d0-1572-4499-b328-69a37aa8ec72,2026-05-26T16:30:56.352280
52a6b64e-baf1-4c0a-96bc-15df7249f1d6,BADUT GENDONG,21cineplex,,16BGEG,"Action, Horror",101 menit,D17+,2D,2026-05-27,ae1e7043-6c8a-4d08-9435-fb332a1ab6ad,2026-05-26T16:30:56.352432
d5dc0a48-8187-4c32-be42-f3ea2e93009e,GUDANG MERICA,21cineplex,,16GMEA,"Comedy, Horror",98 menit,D17+,2D,2026-05-26,1db35055-89c4-4ecb-80ee-3ae3e6fff99e,2026-05-26T16:30:57.741707
d5dc0a48-8187-4c32-be42-f3ea2e93009e,TUMBAL PROYEK,21cineplex,,16TPRK,Horror,106 menit,D17+,2D,2026-05-26,a775574f-d4f4-43ac-8795-b354012d731e,2026-05-26T16:30:57.741960
d5dc0a48-8187-4c32-be42-f3ea2e93009e,SEMUA AKAN BAIK-BAIK SAJA,21cineplex,,16SABB,Drama,113 menit,13+,2D,2026-05-26,f6b250f4-b3f9-4091-be2f-1e7d36622533,2026-05-26T16:30:57.742165
d5dc0a48-8187-4c32-be42-f3ea2e93009e,STAR WARS: THE MANDALORIAN AND GROGU,21cineplex,,26SWMG,"Fantasy, Sci-Fi",132 menit,13+,2D,2026-05-26,9dbc44ab-519c-43e4-81d1-38ed507433cc,2026-05-26T16:30:57.742309
d5dc0a48-8187-4c32-be42-f3ea2e93009e,SUAMIKU LUKAKU,21cineplex,,16SLUU,Drama,92 menit,D17+,2D,2026-05-27,03d7ae24-1ed6-4055-ad27-39a50c99b639,2026-05-26T16:30:57.742418
d5dc0a48-8187-4c32-be42-f3ea2e93009e,CHILDREN OF HEAVEN,21cineplex,,16COHN,"Drama, Family",97 menit,SU,2D,2026-05-27,161495c3-ece5-4888-a230-d4f402259ab3,2026-05-26T16:30:57.742609
d5dc0a48-8187-4c32-be42-f3ea2e93009e,SEKAWAN LIMO 2: GUNUNG KLAWIH,21cineplex,,16SK2G,"Comedy, Horror",122 menit,13+,2D,2026-05-27,530c007b-ebef-49b2-b08b-2a3726e46cb3,2026-05-26T16:30:57.742799
d5dc0a48-8187-4c32-be42-f3ea2e93009e,BADUT GENDONG,21cineplex,,16BGEG,"Action, Horror",101 menit,D17+,2D,2026-05-27,db9fd18e-6c94-4066-928a-3e10e77b48c8,2026-05-26T16:30:57.742958
bdae136d-b8ef-4bed-be4b-a7a5d4686e8f,THE DEVIL WEARS PRADA 2,21cineplex,,26DWP2,"Comedy, Drama",119 menit,13+,2D,2026-05-26,179e133c-75ef-4775-b9f1-1ba96d24c68d,2026-05-26T16:30:59.305363
bdae136d-b8ef-4bed-be4b-a7a5d4686e8f,MICHAEL,21cineplex,,26MICL,Biography,127 menit,SU,2D,2026-05-26,a01fa2e1-48d7-47e6-98cd-29173d1b50c6,2026-05-26T16:30:59.305521
bdae136d-b8ef-4bed-be4b-a7a5d4686e8f,HOKUM,21cineplex,,26HOKM,Horror,107 menit,13+,2D,2026-05-26,eacf448b-d87b-47c7-891e-0721b392503c,2026-05-26T16:30:59.305667
bdae136d-b8ef-4bed-be4b-a7a5d4686e8f,CHILDREN OF HEAVEN,21cineplex,,16COHN,"Drama, Family",97 menit,SU,2D,2026-05-27,78d4843b-40fe-4cfc-81af-d407d98f3a3d,2026-05-26T16:30:59.305768
bdae136d-b8ef-4bed-be4b-a7a5d4686e8f,MICHAEL,21cineplex,,26MICL,Biography,127 menit,SU,2D,2026-05-27,292e2993-bd0c-4227-8907-bc21cd0471b0,2026-05-26T16:30:59.305883
bdae136d-b8ef-4bed-be4b-a7a5d4686e8f,GOHAN,21cineplex,,26GOHN,Drama,140 menit,SU,2D,2026-05-27,b6d63937-9372-4c00-b934-2e781ff43d86,2026-05-26T16:30:59.305976
bdae136d-b8ef-4bed-be4b-a7a5d4686e8f,SUAMIKU LUKAKU,21cineplex,,16SLUU,Drama,92 menit,D17+,2D,2026-05-27,f473003a-4f59-40e5-bbde-5a230cd25ffa,2026-05-26T16:30:59.306070
27b7435f-0342-452e-8bc8-9adb27b03440,STAR WARS: THE MANDALORIAN AND GROGU,21cineplex,,26SWMG,"Fantasy, Sci-Fi",132 menit,13+,2D,2026-05-26,1ddbfcfe-8fbb-4fc5-a08d-cab4c52ef884,2026-05-26T16:31:03.991659
27b7435f-0342-452e-8bc8-9adb27b03440,SEMUA AKAN BAIK-BAIK SAJA,21cineplex,,16SABB,Drama,113 menit,13+,2D,2026-05-26,b7bf42a9-f0d4-4620-b6c6-6da62766bff6,2026-05-26T16:31:03.991842
27b7435f-0342-452e-8bc8-9adb27b03440,GHOST IN THE CELL,21cineplex,,16GITC,"Comedy, Horror",106 menit,D17+,2D,2026-05-26,08910192-547e-467a-bd04-a443411c75a4,2026-05-26T16:31:03.992055
27b7435f-0342-452e-8bc8-9adb27b03440,TUMBAL PROYEK,21cineplex,,16TPRK,Horror,106 menit,D17+,2D,2026-05-26,8afa73a4-1e74-4486-84d6-0d21307aa9ff,2026-05-26T16:31:03.992174
27b7435f-0342-452e-8bc8-9adb27b03440,GOHAN,21cineplex,,26GOHN,Drama,140 menit,SU,2D,2026-05-26,71afa417-1776-4031-823e-71376abeaf41,2026-05-26T16:31:03.992322
27b7435f-0342-452e-8bc8-9adb27b03440,HOKUM,21cineplex,,26HOKM,Horror,107 menit,13+,2D,2026-05-26,e6866d18-97e0-4bef-98fa-3502b8846856,2026-05-26T16:31:03.992457
27b7435f-0342-452e-8bc8-9adb27b03440,SALMOKJI: WHISPERING WATER,21cineplex,,26SWWR,Horror,95 menit,D17+,2D,2026-05-26,125f51af-dce2-4845-938c-84148aff7547,2026-05-26T16:31:03.992600
27b7435f-0342-452e-8bc8-9adb27b03440,HOKUM,21cineplex,,26HOKM,Horror,107 menit,13+,2D,2026-05-27,48d4bb43-b8d1-4b79-9a19-40ee6794a7f8,2026-05-26T16:31:03.992705
27b7435f-0342-452e-8bc8-9adb27b03440,PASSENGER,21cineplex,,26PASR,Horror,94 menit,D17+,2D,2026-05-27,73ab9185-4359-4f2d-8caf-2ecc05c0c799,2026-05-26T16:31:03.992782
27b7435f-0342-452e-8bc8-9adb27b03440,SEKAWAN LIMO 2: GUNUNG KLAWIH,21cineplex,,16SK2G,"Comedy, Horror",122 menit,13+,2D,2026-05-27,5d5ee0f8-ee94-4e74-8920-0935acdff03e,2026-05-26T16:31:03.992951
27b7435f-0342-452e-8bc8-9adb27b03440,TUMBAL PROYEK,21cineplex,,16TPRK,Horror,106 menit,D17+,2D,2026-05-27,b9cc5790-9efd-4550-9d75-2c637686388e,2026-05-26T16:31:03.993103
27b7435f-0342-452e-8bc8-9adb27b03440,SEMUA AKAN BAIK-BAIK SAJA,21cineplex,,16SABB,Drama,113 menit,13+,2D,2026-05-27,dd622f7c-6536-44b1-a679-1dec45825a57,2026-05-26T16:31:03.993215
27b7435f-0342-452e-8bc8-9adb27b03440,SUAMIKU LUKAKU,21cineplex,,16SLUU,Drama,92 menit,D17+,2D,2026-05-27,18d05351-7d40-41d6-a035-80c73436a476,2026-05-26T16:31:03.993363
27b7435f-0342-452e-8bc8-9adb27b03440,CHILDREN OF HEAVEN,21cineplex,,16COHN,"Drama, Family",97 menit,SU,2D,2026-05-27,41479ab3-8c52-4dba-87da-e4034ab19797,2026-05-26T16:31:03.993528
27b7435f-0342-452e-8bc8-9adb27b03440,GOHAN,21cineplex,,26GOHN,Drama,140 menit,SU,2D,2026-05-27,ce6ad289-9828-4258-b084-f8dee11ec2b5,2026-05-26T16:31:03.993678
27b7435f-0342-452e-8bc8-9adb27b03440,COLONY,21cineplex,,26COLY,"Horror, Thriller",122 menit,13+,2D,2026-06-03,23fb32e7-dea1-46bd-817c-eaa7c98a37a2,2026-05-26T16:31:03.993775
1ec9defb-2e56-4b2a-b96b-5440c9121bae,SEMUA AKAN BAIK-BAIK SAJA,21cineplex,,16SABB,Drama,113 menit,13+,2D,2026-05-26,3480918f-ae79-4c12-b6cf-fe45f391e854,2026-05-26T16:31:05.222769
1ec9defb-2e56-4b2a-b96b-5440c9121bae,GUDANG MERICA,21cineplex,,16GMEA,"Comedy, Horror",98 menit,D17+,2D,2026-05-26,da69b280-b044-428b-9478-60cc28dfec50,2026-05-26T16:31:05.222882
1ec9defb-2e56-4b2a-b96b-5440c9121bae,TUMBAL PROYEK,21cineplex,,16TPRK,Horror,106 menit,D17+,2D,2026-05-26,7ed00b11-88fa-448b-850d-814adea8a4f5,2026-05-26T16:31:05.222958
1ec9defb-2e56-4b2a-b96b-5440c9121bae,STAR WARS: THE MANDALORIAN AND GROGU,21cineplex,,26SWMG,"Fantasy, Sci-Fi",132 menit,13+,2D,2026-05-26,bbc81843-7e08-4bed-bf25-b406f3bc57a6,2026-05-26T16:31:05.223027
1ec9defb-2e56-4b2a-b96b-5440c9121bae,BADUT GENDONG,21cineplex,,16BGEG,"Action, Horror",101 menit,D17+,2D,2026-05-27,88244f54-6365-483e-846b-0a286e8f98da,2026-05-26T16:31:05.223087
1ec9defb-2e56-4b2a-b96b-5440c9121bae,SEKAWAN LIMO 2: GUNUNG KLAWIH,21cineplex,,16SK2G,"Comedy, Horror",122 menit,13+,2D,2026-05-27,2ad1be9a-8360-4f05-883a-a5bf625e5799,2026-05-26T16:31:05.223160
1ec9defb-2e56-4b2a-b96b-5440c9121bae,CHILDREN OF HEAVEN,21cineplex,,16COHN,"Drama, Family",97 menit,SU,2D,2026-05-27,e297a810-b6c0-4fe9-9c1f-6fe3a426fc8c,2026-05-26T16:31:05.223228
1ec9defb-2e56-4b2a-b96b-5440c9121bae,SUAMIKU LUKAKU,21cineplex,,16SLUU,Drama,92 menit,D17+,2D,2026-05-27,b2f351bf-b610-4a38-959d-78193569ff54,2026-05-26T16:31:05.223299
3840f0a5-afce-4495-a194-29b8a9dd606a,GUDANG MERICA,21cineplex,,16GMEA,"Comedy, Horror",98 menit,D17+,2D,2026-05-26,e5e22be4-2d04-4c21-ba62-361b718c6341,2026-05-26T16:31:06.749919
3840f0a5-afce-4495-a194-29b8a9dd606a,KELUARGA SUAMI ADALAH HAMA,21cineplex,,16KSAH,Drama,117 menit,13+,2D,2026-05-26,0ec8fabc-3cd3-42fb-8876-d3d50854e582,2026-05-26T16:31:06.750126
3840f0a5-afce-4495-a194-29b8a9dd606a,YANG LAIN BOLEH HILANG ASAL KAU JANGAN,21cineplex,,16YLBH,Drama,113 menit,13+,2D,2026-05-26,2fcfa4a6-d629-45bc-94fe-b4226103e9c1,2026-05-26T16:31:06.750260
3840f0a5-afce-4495-a194-29b8a9dd606a,MORTAL KOMBAT II,21cineplex,,25MKT2,"Action, Adventure",116 menit,D17+,2D,2026-05-26,449f416c-c30f-4fd9-a678-ea296b2df3ae,2026-05-26T16:31:06.750466
3840f0a5-afce-4495-a194-29b8a9dd606a,TUMBAL PROYEK,21cineplex,,16TPRK,Horror,106 menit,D17+,2D,2026-05-26,98699b0b-a28a-428f-b488-9c874f39dd30,2026-05-26T16:31:06.750638
3840f0a5-afce-4495-a194-29b8a9dd606a,SEMUA AKAN BAIK-BAIK SAJA,21cineplex,,16SABB,Drama,113 menit,13+,2D,2026-05-26,f3d5ff70-fc5c-487c-8c66-f26c0aa60da3,2026-05-26T16:31:06.750805
3840f0a5-afce-4495-a194-29b8a9dd606a,PASSENGER,21cineplex,,26PASR,Horror,94 menit,D17+,2D,2026-05-27,436d92c1-663b-45b2-865a-7f19cf6f83df,2026-05-26T16:31:06.750995
3840f0a5-afce-4495-a194-29b8a9dd606a,TUMBAL PROYEK,21cineplex,,16TPRK,Horror,106 menit,D17+,2D,2026-05-27,1c01692d-01eb-4ae6-bdc0-90221c36cbab,2026-05-26T16:31:06.751157
3840f0a5-afce-4495-a194-29b8a9dd606a,CHILDREN OF HEAVEN,21cineplex,,16COHN,"Drama, Family",97 menit,SU,2D,2026-05-27,a1eb504a-d6b2-4a4f-8800-00b377e4ad3c,2026-05-26T16:31:06.751318
3840f0a5-afce-4495-a194-29b8a9dd606a,SEKAWAN LIMO 2: GUNUNG KLAWIH,21cineplex,,16SK2G,"Comedy, Horror",122 menit,13+,2D,2026-05-27,03394787-3f32-472f-ae4d-2e04e81d2174,2026-05-26T16:31:06.751486
3840f0a5-afce-4495-a194-29b8a9dd606a,BADUT GENDONG,21cineplex,,16BGEG,"Action, Horror",101 menit,D17+,2D,2026-05-27,f1776b55-27e9-4ea4-969f-3e2ffebb2d9a,2026-05-26T16:31:06.751636
0b096536-4112-45fd-a642-66609e72ad3a,HOKUM,21cineplex,,26HOKM,Horror,107 menit,13+,2D,2026-05-26,a20156f6-03b2-4f46-80c2-75ca32aad271,2026-05-26T16:31:08.278603
0b096536-4112-45fd-a642-66609e72ad3a,SALMOKJI: WHISPERING WATER,21cineplex,,26SWWR,Horror,95 menit,D17+,2D,2026-05-26,43de3c43-3684-4cdf-b491-aeeff62bc90a,2026-05-26T16:31:08.278815
0b096536-4112-45fd-a642-66609e72ad3a,TUMBAL PROYEK,21cineplex,,16TPRK,Horror,106 menit,D17+,2D,2026-05-26,dd511696-6ad5-4b02-9374-8e95bcfa394f,2026-05-26T16:31:08.278926
0b096536-4112-45fd-a642-66609e72ad3a,SEMUA AKAN BAIK-BAIK SAJA,21cineplex,,16SABB,Drama,113 menit,13+,2D,2026-05-26,62db4160-6788-470a-8500-40dabb1a70cc,2026-05-26T16:31:08.279095
0b096536-4112-45fd-a642-66609e72ad3a,GOHAN,21cineplex,,26GOHN,Drama,140 menit,SU,2D,2026-05-26,b65c9ec7-dfa1-4cc5-a6be-29644de7cc94,2026-05-26T16:31:08.279280
0b096536-4112-45fd-a642-66609e72ad3a,STAR WARS: THE MANDALORIAN AND GROGU,21cineplex,,26SWMG,"Fantasy, Sci-Fi",132 menit,13+,2D,2026-05-26,751eb44d-d3e7-444e-b2f2-fdb972d0b9d2,2026-05-26T16:31:08.279402
0b096536-4112-45fd-a642-66609e72ad3a,KELUARGA SUAMI ADALAH HAMA,21cineplex,,16KSAH,Drama,117 menit,13+,2D,2026-05-26,90f2e1ce-e0ee-4a7b-8fb6-7f376f41a05b,2026-05-26T16:31:08.279526
0b096536-4112-45fd-a642-66609e72ad3a,SUAMIKU LUKAKU,21cineplex,,16SLUU,Drama,92 menit,D17+,2D,2026-05-27,6d71c8b5-a46f-4862-89c9-5986b8e1d478,2026-05-26T16:31:08.279622
0b096536-4112-45fd-a642-66609e72ad3a,STAR WARS: THE MANDALORIAN AND GROGU,21cineplex,,26SWMG,"Fantasy, Sci-Fi",132 menit,13+,2D,2026-05-27,c82e1602-5919-4f43-8512-aa6ed1aeb9bb,2026-05-26T16:31:08.279790
0b096536-4112-45fd-a642-66609e72ad3a,CHILDREN OF HEAVEN,21cineplex,,16COHN,"Drama, Family",97 menit,SU,2D,2026-05-27,946ec385-0b2f-4e36-bb5b-a8e81268297f,2026-05-26T16:31:08.279843
0b096536-4112-45fd-a642-66609e72ad3a,TUMBAL PROYEK,21cineplex,,16TPRK,Horror,106 menit,D17+,2D,2026-05-27,0104f324-6e23-4d7f-92bb-ea1bb7dde7c4,2026-05-26T16:31:08.280141
0b096536-4112-45fd-a642-66609e72ad3a,PASSENGER,21cineplex,,26PASR,Horror,94 menit,D17+,2D,2026-05-27,010a6c26-50a1-4f1e-8a46-d36fe8eabc19,2026-05-26T16:31:08.280263
0b096536-4112-45fd-a642-66609e72ad3a,HOKUM,21cineplex,,26HOKM,Horror,107 menit,13+,2D,2026-05-27,6205a96f-cd29-4e10-b985-b4cb3b779895,2026-05-26T16:31:08.280509
0b096536-4112-45fd-a642-66609e72ad3a,SEMUA AKAN BAIK-BAIK SAJA,21cineplex,,16SABB,Drama,113 menit,13+,2D,2026-05-27,ac27fabe-8df3-4271-b788-567dbb28ed7c,2026-05-26T16:31:08.280608
0b096536-4112-45fd-a642-66609e72ad3a,SEKAWAN LIMO 2: GUNUNG KLAWIH,21cineplex,,16SK2G,"Comedy, Horror",122 menit,13+,2D,2026-05-27,d8760e34-280e-4c58-af76-da4635dfb7de,2026-05-26T16:31:08.280696
0b096536-4112-45fd-a642-66609e72ad3a,COLONY,21cineplex,,26COLY,"Horror, Thriller",122 menit,13+,2D,2026-06-03,158c1bd9-03c4-4114-9474-715a0228350a,2026-05-26T16:31:08.280854
3855f7bb-e7bb-4701-9b6f-a5d95209c2c7,GUDANG MERICA,21cineplex,,16GMEA,"Comedy, Horror",98 menit,D17+,2D,2026-05-26,ac64f440-d0b7-4a2d-ad3e-1e360ccc25dd,2026-05-26T16:31:09.968290
3855f7bb-e7bb-4701-9b6f-a5d95209c2c7,GHOST IN THE CELL,21cineplex,,16GITC,"Comedy, Horror",106 menit,D17+,2D,2026-05-26,90623631-178c-4873-ad46-6ecfe9f64adc,2026-05-26T16:31:09.968511
3855f7bb-e7bb-4701-9b6f-a5d95209c2c7,TUMBAL PROYEK,21cineplex,,16TPRK,Horror,106 menit,D17+,2D,2026-05-26,05683467-20a8-4507-8b86-228c0c636d49,2026-05-26T16:31:09.968658
3855f7bb-e7bb-4701-9b6f-a5d95209c2c7,KELUARGA SUAMI ADALAH HAMA,21cineplex,,16KSAH,Drama,117 menit,13+,2D,2026-05-26,a8b84a4b-4f8e-4f5a-a9c0-f3b81b4fa5d4,2026-05-26T16:31:09.968970
3855f7bb-e7bb-4701-9b6f-a5d95209c2c7,SEMUA AKAN BAIK-BAIK SAJA,21cineplex,,16SABB,Drama,113 menit,13+,2D,2026-05-26,d86dc2c3-052c-4a49-9edf-c245fddd7bde,2026-05-26T16:31:09.969141
3855f7bb-e7bb-4701-9b6f-a5d95209c2c7,HOKUM,21cineplex,,26HOKM,Horror,107 menit,13+,2D,2026-05-26,f1ffb26e-0f7c-4ed5-8bc9-da39f036242b,2026-05-26T16:31:09.969374
3855f7bb-e7bb-4701-9b6f-a5d95209c2c7,SEMUA AKAN BAIK-BAIK SAJA,21cineplex,,16SABB,Drama,113 menit,13+,2D,2026-05-27,05e9a1ff-5e8d-49e3-9bfd-0d0b9790c09f,2026-05-26T16:31:09.969575
3855f7bb-e7bb-4701-9b6f-a5d95209c2c7,TUMBAL PROYEK,21cineplex,,16TPRK,Horror,106 menit,D17+,2D,2026-05-27,01008484-2151-4877-9ce9-97dcae1180a0,2026-05-26T16:31:09.969726
3855f7bb-e7bb-4701-9b6f-a5d95209c2c7,SUAMIKU LUKAKU,21cineplex,,16SLUU,Drama,92 menit,D17+,2D,2026-05-27,17e01da4-a283-4abe-aec9-c5047d35bb1a,2026-05-26T16:31:09.969872
3855f7bb-e7bb-4701-9b6f-a5d95209c2c7,HOKUM,21cineplex,,26HOKM,Horror,107 menit,13+,2D,2026-05-27,847794f0-138c-47df-afe7-c0ec17feec45,2026-05-26T16:31:09.970048
3855f7bb-e7bb-4701-9b6f-a5d95209c2c7,CHILDREN OF HEAVEN,21cineplex,,16COHN,"Drama, Family",97 menit,SU,2D,2026-05-27,f86748d5-b20b-4b0a-9850-3e4d88b8d32f,2026-05-26T16:31:09.970157
3855f7bb-e7bb-4701-9b6f-a5d95209c2c7,BADUT GENDONG,21cineplex,,16BGEG,"Action, Horror",101 menit,D17+,2D,2026-05-27,9a5234db-7dc1-4063-89ee-4e9980db3f8d,2026-05-26T16:31:09.970379
a2d5efa6-e2c5-41ed-bc33-1461ce944a79,STAR WARS: THE MANDALORIAN AND GROGU,21cineplex,,26SWMG,"Fantasy, Sci-Fi",132 menit,13+,2D,2026-05-26,97517a2e-9a5b-41e9-93b1-5f23e895f466,2026-05-26T16:31:11.278244
a2d5efa6-e2c5-41ed-bc33-1461ce944a79,SEMUA AKAN BAIK-BAIK SAJA,21cineplex,,16SABB,Drama,113 menit,13+,2D,2026-05-26,fd9daa77-14a1-4f32-bb1a-c868f7832d31,2026-05-26T16:31:11.278437
a2d5efa6-e2c5-41ed-bc33-1461ce944a79,GHOST IN THE CELL,21cineplex,,16GITC,"Comedy, Horror",106 menit,D17+,2D,2026-05-26,ad49d66d-2269-4cbd-b349-d30800e0795b,2026-05-26T16:31:11.278641
a2d5efa6-e2c5-41ed-bc33-1461ce944a79,TUMBAL PROYEK,21cineplex,,16TPRK,Horror,106 menit,D17+,2D,2026-05-26,604fb44d-b429-484b-ae97-9faf58cdf14e,2026-05-26T16:31:11.278751
a2d5efa6-e2c5-41ed-bc33-1461ce944a79,THE SHEEP DETECTIVES,21cineplex,,26SDES,"Comedy, Mystery",109 menit,SU,2D,2026-05-26,956e1788-0ea1-463d-b44a-3c5cfd711da0,2026-05-26T16:31:11.278898
a2d5efa6-e2c5-41ed-bc33-1461ce944a79,HOKUM,21cineplex,,26HOKM,Horror,107 menit,13+,2D,2026-05-26,4d15bd44-7d58-4164-a040-5ec1567efc49,2026-05-26T16:31:11.278962
a2d5efa6-e2c5-41ed-bc33-1461ce944a79,STAR WARS: THE MANDALORIAN AND GROGU,21cineplex,,26SWMG,"Fantasy, Sci-Fi",132 menit,13+,2D,2026-05-27,876c832e-b1a7-4e77-acfa-384a470f5f1c,2026-05-26T16:31:11.279062
a2d5efa6-e2c5-41ed-bc33-1461ce944a79,HOKUM,21cineplex,,26HOKM,Horror,107 menit,13+,2D,2026-05-27,b6437cc7-d9d6-4d2a-9dd5-acfce0d6f04a,2026-05-26T16:31:11.279126
a2d5efa6-e2c5-41ed-bc33-1461ce944a79,SEMUA AKAN BAIK-BAIK SAJA,21cineplex,,16SABB,Drama,113 menit,13+,2D,2026-05-27,daf381de-11bb-4bc2-94c8-18122f8d37ab,2026-05-26T16:31:11.279176
a2d5efa6-e2c5-41ed-bc33-1461ce944a79,TUMBAL PROYEK,21cineplex,,16TPRK,Horror,106 menit,D17+,2D,2026-05-27,3f28ca8f-81e5-45d1-8f4f-cd0e35aa360a,2026-05-26T16:31:11.279257
a2d5efa6-e2c5-41ed-bc33-1461ce944a79,SEKAWAN LIMO 2: GUNUNG KLAWIH,21cineplex,,16SK2G,"Comedy, Horror",122 menit,13+,2D,2026-05-27,843df134-d7d3-461e-bdf7-02cfc4cb9b73,2026-05-26T16:31:11.279327
a2d5efa6-e2c5-41ed-bc33-1461ce944a79,CHILDREN OF HEAVEN,21cineplex,,16COHN,"Drama, Family",97 menit,SU,2D,2026-05-27,3f6fd2b9-8dc8-4934-b260-214a0409cd50,2026-05-26T16:31:11.279421
85364188-8890-47fa-a862-8b6bf22d76f6,HOKUM,21cineplex,,26HOKM,Horror,107 menit,13+,2D,2026-05-26,45b7c268-4378-4cf1-8886-166314ec894b,2026-05-26T16:31:12.767005
85364188-8890-47fa-a862-8b6bf22d76f6,SEMUA AKAN BAIK-BAIK SAJA,21cineplex,,16SABB,Drama,113 menit,13+,2D,2026-05-26,df99e299-5524-4e88-a79e-ef6e82802885,2026-05-26T16:31:12.767105
85364188-8890-47fa-a862-8b6bf22d76f6,TUMBAL PROYEK,21cineplex,,16TPRK,Horror,106 menit,D17+,2D,2026-05-26,a21e10b5-f890-47e7-aa0b-145d8cff700e,2026-05-26T16:31:12.767232
85364188-8890-47fa-a862-8b6bf22d76f6,STAR WARS: THE MANDALORIAN AND GROGU,21cineplex,,26SWMG,"Fantasy, Sci-Fi",132 menit,13+,2D,2026-05-26,ba507464-2e52-4078-9ec6-9bed719eab01,2026-05-26T16:31:12.767411
85364188-8890-47fa-a862-8b6bf22d76f6,GHOST IN THE CELL,21cineplex,,16GITC,"Comedy, Horror",106 menit,D17+,2D,2026-05-26,6dc25cae-3495-46aa-92d6-cd4cbff1fe12,2026-05-26T16:31:12.767490
85364188-8890-47fa-a862-8b6bf22d76f6,GUDANG MERICA,21cineplex,,16GMEA,"Comedy, Horror",98 menit,D17+,2D,2026-05-26,19a82896-fdd0-4da9-9158-582b5157badf,2026-05-26T16:31:12.767591
85364188-8890-47fa-a862-8b6bf22d76f6,KELUARGA SUAMI ADALAH HAMA,21cineplex,,16KSAH,Drama,117 menit,13+,2D,2026-05-26,c8d271d0-887d-48e7-9c74-5d4af6a57b53,2026-05-26T16:31:12.767701
85364188-8890-47fa-a862-8b6bf22d76f6,SEKAWAN LIMO 2: GUNUNG KLAWIH,21cineplex,,16SK2G,"Comedy, Horror",122 menit,13+,2D,2026-05-27,09e0b067-1a88-4b19-bfcd-399256ba3f4a,2026-05-26T16:31:12.767781
85364188-8890-47fa-a862-8b6bf22d76f6,GUDANG MERICA,21cineplex,,16GMEA,"Comedy, Horror",98 menit,D17+,2D,2026-05-27,fc92fbc3-8562-4f87-9416-b012eb0842b2,2026-05-26T16:31:12.767884
85364188-8890-47fa-a862-8b6bf22d76f6,CHILDREN OF HEAVEN,21cineplex,,16COHN,"Drama, Family",97 menit,SU,2D,2026-05-27,c5aa0a49-f19a-46fc-9ad7-ff1ab748946a,2026-05-26T16:31:12.767982
85364188-8890-47fa-a862-8b6bf22d76f6,BADUT GENDONG,21cineplex,,16BGEG,"Action, Horror",101 menit,D17+,2D,2026-05-27,7dce4f51-5d11-4ec1-80b7-9a57f4406adf,2026-05-26T16:31:12.768080
85364188-8890-47fa-a862-8b6bf22d76f6,SEMUA AKAN BAIK-BAIK SAJA,21cineplex,,16SABB,Drama,113 menit,13+,2D,2026-05-27,f95a36a6-f25d-4d86-a43b-c45fcffe2323,2026-05-26T16:31:12.768180
85364188-8890-47fa-a862-8b6bf22d76f6,SUAMIKU LUKAKU,21cineplex,,16SLUU,Drama,92 menit,D17+,2D,2026-05-27,e5827501-39c8-41ce-926e-67f364ce2fea,2026-05-26T16:31:12.768275
85364188-8890-47fa-a862-8b6bf22d76f6,STAR WARS: THE MANDALORIAN AND GROGU,21cineplex,,26SWMG,"Fantasy, Sci-Fi",132 menit,13+,2D,2026-05-27,4268d612-da67-462c-b51d-6dfa9cd8aa7b,2026-05-26T16:31:12.768381
85364188-8890-47fa-a862-8b6bf22d76f6,TUMBAL PROYEK,21cineplex,,16TPRK,Horror,106 menit,D17+,2D,2026-05-27,9b1b05fa-10c0-4754-985e-1f0069bad410,2026-05-26T16:31:12.768432
85364188-8890-47fa-a862-8b6bf22d76f6,COLONY,21cineplex,,26COLY,"Horror, Thriller",122 menit,13+,2D,2026-06-03,5e030ec2-bd5f-4983-b19c-fd7dcd1afe75,2026-05-26T16:31:12.768524
4f0eb754-933f-4553-9fe1-a650b596bf90,TUMBAL PROYEK,21cineplex,,16TPRK,Horror,106 menit,D17+,2D,2026-05-26,27c4c819-bbac-4d52-9ade-21914ca1e4a9,2026-05-26T16:31:14.298213
4f0eb754-933f-4553-9fe1-a650b596bf90,SEMUA AKAN BAIK-BAIK SAJA,21cineplex,,16SABB,Drama,113 menit,13+,2D,2026-05-26,58c0c1eb-d02a-472f-9f4f-348b5745560f,2026-05-26T16:31:14.298316
4f0eb754-933f-4553-9fe1-a650b596bf90,HOKUM,21cineplex,,26HOKM,Horror,107 menit,13+,2D,2026-05-26,6ddea8f2-2b92-4da3-9296-fa967381fd5d,2026-05-26T16:31:14.300486
4f0eb754-933f-4553-9fe1-a650b596bf90,GHOST IN THE CELL,21cineplex,,16GITC,"Comedy, Horror",106 menit,D17+,2D,2026-05-26,6eecfb8f-36de-4a5d-97c1-e99328502183,2026-05-26T16:31:14.301280
4f0eb754-933f-4553-9fe1-a650b596bf90,GUDANG MERICA,21cineplex,,16GMEA,"Comedy, Horror",98 menit,D17+,2D,2026-05-26,caa4c807-761f-4919-a9df-d75eb3628ef5,2026-05-26T16:31:14.301615
4f0eb754-933f-4553-9fe1-a650b596bf90,KELUARGA SUAMI ADALAH HAMA,21cineplex,,16KSAH,Drama,117 menit,13+,2D,2026-05-26,6e1e98ba-5768-4797-9632-a3f5b2cef652,2026-05-26T16:31:14.301701
4f0eb754-933f-4553-9fe1-a650b596bf90,STAR WARS: THE MANDALORIAN AND GROGU,21cineplex,,26SWMG,"Fantasy, Sci-Fi",132 menit,13+,2D,2026-05-26,cbf3fc30-33df-4080-a9f7-74199edbe0a4,2026-05-26T16:31:14.302460
4f0eb754-933f-4553-9fe1-a650b596bf90,YANG LAIN BOLEH HILANG ASAL KAU JANGAN,21cineplex,,16YLBH,Drama,113 menit,13+,2D,2026-05-26,7c9481b0-acfc-43a8-bfd2-f2a3674a2e3e,2026-05-26T16:31:14.303506
4f0eb754-933f-4553-9fe1-a650b596bf90,HOKUM,21cineplex,,26HOKM,Horror,107 menit,13+,2D,2026-05-27,4201588f-c430-48db-8e94-4e686b7905a6,2026-05-26T16:31:14.311523
4f0eb754-933f-4553-9fe1-a650b596bf90,YANG LAIN BOLEH HILANG ASAL KAU JANGAN,21cineplex,,16YLBH,Drama,113 menit,13+,2D,2026-05-27,ba341caf-e80a-4deb-a9ee-bbc9bce86e67,2026-05-26T16:31:14.314109
4f0eb754-933f-4553-9fe1-a650b596bf90,CHILDREN OF HEAVEN,21cineplex,,16COHN,"Drama, Family",97 menit,SU,2D,2026-05-27,99b945d5-cb81-41e4-bcbc-2b3b987580ea,2026-05-26T16:31:14.320318
4f0eb754-933f-4553-9fe1-a650b596bf90,BADUT GENDONG,21cineplex,,16BGEG,"Action, Horror",101 menit,D17+,2D,2026-05-27,67707ac6-9280-4b19-b3cf-22e5d0df4094,2026-05-26T16:31:14.320411
4f0eb754-933f-4553-9fe1-a650b596bf90,SUAMIKU LUKAKU,21cineplex,,16SLUU,Drama,92 menit,D17+,2D,2026-05-27,e0ee2e8c-936a-4821-9fe6-d4c9211a1e95,2026-05-26T16:31:14.320490
4f0eb754-933f-4553-9fe1-a650b596bf90,TUMBAL PROYEK,21cineplex,,16TPRK,Horror,106 menit,D17+,2D,2026-05-27,dc640405-79cc-4381-bd13-472e71aee711,2026-05-26T16:31:14.320617
4f0eb754-933f-4553-9fe1-a650b596bf90,GUDANG MERICA,21cineplex,,16GMEA,"Comedy, Horror",98 menit,D17+,2D,2026-05-27,3d501eb9-6f3d-43ad-a7d4-018511b43175,2026-05-26T16:31:14.320680
4f0eb754-933f-4553-9fe1-a650b596bf90,SEKAWAN LIMO 2: GUNUNG KLAWIH,21cineplex,,16SK2G,"Comedy, Horror",122 menit,13+,2D,2026-05-27,8cc55aca-aaa5-4e6a-91c4-21257352bb65,2026-05-26T16:31:14.320816
4f0eb754-933f-4553-9fe1-a650b596bf90,SEMUA AKAN BAIK-BAIK SAJA,21cineplex,,16SABB,Drama,113 menit,13+,2D,2026-05-27,e5b34aee-4928-488d-b58b-c0891ad156ef,2026-05-26T16:31:14.320887
4f0eb754-933f-4553-9fe1-a650b596bf90,COLONY,21cineplex,,26COLY,"Horror, Thriller",122 menit,13+,2D,2026-06-03,57483a4c-ad29-4962-a789-5726cf395d3b,2026-05-26T16:31:14.320975
470b2fc1-03cb-4cbc-9974-a1c299be2748,TUMBAL PROYEK,21cineplex,,16TPRK,Horror,106 menit,D17+,2D,2026-05-26,4453e4d9-5227-4444-8b8e-9de983c0e2de,2026-05-26T16:31:17.288927
470b2fc1-03cb-4cbc-9974-a1c299be2748,KELUARGA SUAMI ADALAH HAMA,21cineplex,,16KSAH,Drama,117 menit,13+,2D,2026-05-26,3b33d0e9-73e8-4fcd-ac5f-c0f1692a2cf0,2026-05-26T16:31:17.289232
470b2fc1-03cb-4cbc-9974-a1c299be2748,GHOST IN THE CELL,21cineplex,,16GITC,"Comedy, Horror",106 menit,D17+,2D,2026-05-26,f4cc51ec-0d84-4caa-a1c8-9eebf396756b,2026-05-26T16:31:17.289414
470b2fc1-03cb-4cbc-9974-a1c299be2748,GUDANG MERICA,21cineplex,,16GMEA,"Comedy, Horror",98 menit,D17+,2D,2026-05-26,184ec49e-c13e-4118-be35-11a45f10ee1e,2026-05-26T16:31:17.289672
470b2fc1-03cb-4cbc-9974-a1c299be2748,SEMUA AKAN BAIK-BAIK SAJA,21cineplex,,16SABB,Drama,113 menit,13+,2D,2026-05-26,723f8a7e-3e0d-49dc-82a0-9777bc2ade6a,2026-05-26T16:31:17.289830
470b2fc1-03cb-4cbc-9974-a1c299be2748,BADUT GENDONG,21cineplex,,16BGEG,"Action, Horror",101 menit,D17+,2D,2026-05-27,586973c0-f3f6-44f3-954b-5c3df95d7ffb,2026-05-26T16:31:17.290087
470b2fc1-03cb-4cbc-9974-a1c299be2748,SUAMIKU LUKAKU,21cineplex,,16SLUU,Drama,92 menit,D17+,2D,2026-05-27,582653bb-6914-4e02-a526-043a4a4f71f9,2026-05-26T16:31:17.290241
470b2fc1-03cb-4cbc-9974-a1c299be2748,TUMBAL PROYEK,21cineplex,,16TPRK,Horror,106 menit,D17+,2D,2026-05-27,6af6a6c4-f4b1-4658-ba5d-9286183471b9,2026-05-26T16:31:17.290582
470b2fc1-03cb-4cbc-9974-a1c299be2748,SEKAWAN LIMO 2: GUNUNG KLAWIH,21cineplex,,16SK2G,"Comedy, Horror",122 menit,13+,2D,2026-05-27,e4200cbc-860e-4e2b-a06f-07effa84f505,2026-05-26T16:31:17.290754
470b2fc1-03cb-4cbc-9974-a1c299be2748,CHILDREN OF HEAVEN,21cineplex,,16COHN,"Drama, Family",97 menit,SU,2D,2026-05-27,25ea546d-dd81-4b9d-bdd3-5e59f93301f3,2026-05-26T16:31:17.290927
f70b98a0-fc12-4f6d-8c62-4d6c3d882857,STAR WARS: THE MANDALORIAN AND GROGU,21cineplex,,26SWMG,"Fantasy, Sci-Fi",132 menit,13+,2D,2026-05-26,d1cdee92-4061-49ec-810a-4746cdd02d64,2026-05-26T16:31:18.980999
f70b98a0-fc12-4f6d-8c62-4d6c3d882857,YANG LAIN BOLEH HILANG ASAL KAU JANGAN,21cineplex,,16YLBH,Drama,113 menit,13+,2D,2026-05-26,2147f510-3af6-4a9e-b10b-cc822c49a393,2026-05-26T16:31:18.981136
f70b98a0-fc12-4f6d-8c62-4d6c3d882857,SEMUA AKAN BAIK-BAIK SAJA,21cineplex,,16SABB,Drama,113 menit,13+,2D,2026-05-26,efb23342-0efd-40d5-9f77-f9c33e36dc0a,2026-05-26T16:31:18.981268
f70b98a0-fc12-4f6d-8c62-4d6c3d882857,GUDANG MERICA,21cineplex,,16GMEA,"Comedy, Horror",98 menit,D17+,2D,2026-05-26,8cc6ae8a-ae91-42ae-b888-9345be182b72,2026-05-26T16:31:18.981457
f70b98a0-fc12-4f6d-8c62-4d6c3d882857,TUMBAL PROYEK,21cineplex,,16TPRK,Horror,106 menit,D17+,2D,2026-05-26,fa387f80-30c4-4878-8374-16fd570b3aa3,2026-05-26T16:31:18.981610
f70b98a0-fc12-4f6d-8c62-4d6c3d882857,GHOST IN THE CELL,21cineplex,,16GITC,"Comedy, Horror",106 menit,D17+,2D,2026-05-26,675d3e18-11d0-4a5e-8120-99b6c419cbfd,2026-05-26T16:31:18.981792
f70b98a0-fc12-4f6d-8c62-4d6c3d882857,SEMUA AKAN BAIK-BAIK SAJA,21cineplex,,16SABB,Drama,113 menit,13+,2D,2026-05-27,d525f66c-7d37-436b-9ad4-b76e9555e112,2026-05-26T16:31:18.981915
f70b98a0-fc12-4f6d-8c62-4d6c3d882857,CHILDREN OF HEAVEN,21cineplex,,16COHN,"Drama, Family",97 menit,SU,2D,2026-05-27,2b8e6ccc-5f02-4cfc-b53b-0d3c6fc60456,2026-05-26T16:31:18.982034
f70b98a0-fc12-4f6d-8c62-4d6c3d882857,SUAMIKU LUKAKU,21cineplex,,16SLUU,Drama,92 menit,D17+,2D,2026-05-27,76637601-3166-4f8d-af8a-873cd193d928,2026-05-26T16:31:18.982210
f70b98a0-fc12-4f6d-8c62-4d6c3d882857,SEKAWAN LIMO 2: GUNUNG KLAWIH,21cineplex,,16SK2G,"Comedy, Horror",122 menit,13+,2D,2026-05-27,92946442-8dcd-4d6d-bd98-0ee6cd89afcf,2026-05-26T16:31:18.982391
f70b98a0-fc12-4f6d-8c62-4d6c3d882857,TUMBAL PROYEK,21cineplex,,16TPRK,Horror,106 menit,D17+,2D,2026-05-27,e7926b57-8151-448a-9c53-a25e472fd5ef,2026-05-26T16:31:18.982513
410d2063-443c-4860-85cb-fc16108c4e3a,THE SHEEP DETECTIVES,21cineplex,,26SDES,"Comedy, Mystery",109 menit,SU,2D,2026-05-26,7d052990-b53e-4054-8120-d3d92d1fae07,2026-05-26T16:31:20.296253
410d2063-443c-4860-85cb-fc16108c4e3a,HOKUM,21cineplex,,26HOKM,Horror,107 menit,13+,2D,2026-05-26,578919fe-55d0-41ee-b906-f9ab47faba11,2026-05-26T16:31:20.296397
410d2063-443c-4860-85cb-fc16108c4e3a,MORTAL KOMBAT II,21cineplex,,25MKT2,"Action, Adventure",116 menit,D17+,2D,2026-05-26,7991ed29-c626-4954-a19a-ec179dbfb123,2026-05-26T16:31:20.296530
410d2063-443c-4860-85cb-fc16108c4e3a,MICHAEL,21cineplex,,26MICL,Biography,127 menit,SU,2D,2026-05-26,96d6d028-082d-4f1b-87ac-11e2657ebd6f,2026-05-26T16:31:20.296653
410d2063-443c-4860-85cb-fc16108c4e3a,STAR WARS: THE MANDALORIAN AND GROGU,21cineplex,,26SWMG,"Fantasy, Sci-Fi",132 menit,13+,2D,2026-05-26,1b310195-bd65-4384-910e-fcc89dfedf5d,2026-05-26T16:31:20.296752
410d2063-443c-4860-85cb-fc16108c4e3a,THE DEVIL WEARS PRADA 2,21cineplex,,26DWP2,"Comedy, Drama",119 menit,13+,2D,2026-05-26,b2fc6af5-a84b-44c2-83e7-6d322551d265,2026-05-26T16:31:20.296845
410d2063-443c-4860-85cb-fc16108c4e3a,HOKUM,21cineplex,,26HOKM,Horror,107 menit,13+,2D,2026-05-27,da84d7c3-9119-4526-9aec-7c337ed5183d,2026-05-26T16:31:20.296947
410d2063-443c-4860-85cb-fc16108c4e3a,SUAMIKU LUKAKU,21cineplex,,16SLUU,Drama,92 menit,D17+,2D,2026-05-27,e584508e-57a2-4bca-b869-30c15716efa8,2026-05-26T16:31:20.297017
410d2063-443c-4860-85cb-fc16108c4e3a,SEKAWAN LIMO 2: GUNUNG KLAWIH,21cineplex,,16SK2G,"Comedy, Horror",122 menit,13+,2D,2026-05-27,46a3a04a-d590-4d52-b176-125b41b0bcbc,2026-05-26T16:31:20.297144
410d2063-443c-4860-85cb-fc16108c4e3a,BADUT GENDONG,21cineplex,,16BGEG,"Action, Horror",101 menit,D17+,2D,2026-05-27,69b45273-ae66-4cdf-8b03-19caa2763cc6,2026-05-26T16:31:20.297254
410d2063-443c-4860-85cb-fc16108c4e3a,PASSENGER,21cineplex,,26PASR,Horror,94 menit,D17+,2D,2026-05-27,019f8b22-1748-4ff8-8f43-3d56dfb5e68f,2026-05-26T16:31:20.297375
410d2063-443c-4860-85cb-fc16108c4e3a,CHILDREN OF HEAVEN,21cineplex,,16COHN,"Drama, Family",97 menit,SU,2D,2026-05-27,b80bd93c-401a-45e3-89a0-6039e8f9996d,2026-05-26T16:31:20.297494
410d2063-443c-4860-85cb-fc16108c4e3a,GOHAN,21cineplex,,26GOHN,Drama,140 menit,SU,2D,2026-05-27,b4de68a6-d3fa-4299-af9e-789f5c7cf9da,2026-05-26T16:31:20.297614
410d2063-443c-4860-85cb-fc16108c4e3a,COLONY,21cineplex,,26COLY,"Horror, Thriller",122 menit,13+,2D,2026-06-03,5263b98f-0905-4f2f-8e23-4424b4812a4d,2026-05-26T16:31:20.297684
b29b5eb8-abff-4cd1-a28c-14daa3480d67,THE SHEEP DETECTIVES,21cineplex,,26SDES,"Comedy, Mystery",109 menit,SU,2D,2026-05-26,2ebd1732-91df-45ae-b0cb-be1a71339f46,2026-05-26T16:31:29.602546
b29b5eb8-abff-4cd1-a28c-14daa3480d67,TUMBAL PROYEK,21cineplex,,16TPRK,Horror,106 menit,D17+,2D,2026-05-26,a888e343-3829-4228-90a6-86157f795ad2,2026-05-26T16:31:29.602651
b29b5eb8-abff-4cd1-a28c-14daa3480d67,SEMUA AKAN BAIK-BAIK SAJA,21cineplex,,16SABB,Drama,113 menit,13+,2D,2026-05-26,e783efe3-4664-4e19-a156-4d63a1000982,2026-05-26T16:31:29.602789
b29b5eb8-abff-4cd1-a28c-14daa3480d67,GUDANG MERICA,21cineplex,,16GMEA,"Comedy, Horror",98 menit,D17+,2D,2026-05-26,3d9a1b73-22f4-4705-9830-3e85c1db1bad,2026-05-26T16:31:29.602923
b29b5eb8-abff-4cd1-a28c-14daa3480d67,BADUT GENDONG,21cineplex,,16BGEG,"Action, Horror",101 menit,D17+,2D,2026-05-27,1e21f8b7-f090-4e6a-92f5-8f2dfd9130d9,2026-05-26T16:31:29.603014
b29b5eb8-abff-4cd1-a28c-14daa3480d67,CHILDREN OF HEAVEN,21cineplex,,16COHN,"Drama, Family",97 menit,SU,2D,2026-05-27,5c380d7a-271e-4aad-8057-27eba006c99b,2026-05-26T16:31:29.603146
b29b5eb8-abff-4cd1-a28c-14daa3480d67,TUMBAL PROYEK,21cineplex,,16TPRK,Horror,106 menit,D17+,2D,2026-05-27,8c8934fa-11f1-46e1-9617-105af070a3f8,2026-05-26T16:31:29.603283
f707336a-43fc-46af-9a0b-0666a5d65ecf,TUMBAL PROYEK,21cineplex,,16TPRK,Horror,106 menit,D17+,2D,2026-05-26,376173b3-48c2-423e-8c51-9bde3012e570,2026-05-26T16:31:29.603657
f707336a-43fc-46af-9a0b-0666a5d65ecf,YANG LAIN BOLEH HILANG ASAL KAU JANGAN,21cineplex,,16YLBH,Drama,113 menit,13+,2D,2026-05-26,3b2a3dda-8492-4ce3-84e4-bf7e33fa873d,2026-05-26T16:31:29.603821
f707336a-43fc-46af-9a0b-0666a5d65ecf,SEMUA AKAN BAIK-BAIK SAJA,21cineplex,,16SABB,Drama,113 menit,13+,2D,2026-05-26,ef5a479d-4eff-4ae7-8647-ae11d7e228f5,2026-05-26T16:31:29.603920
f707336a-43fc-46af-9a0b-0666a5d65ecf,GHOST IN THE CELL,21cineplex,,16GITC,"Comedy, Horror",106 menit,D17+,2D,2026-05-26,c78fcf70-76d3-4b93-93fd-e1579e8988c9,2026-05-26T16:31:29.604061
f707336a-43fc-46af-9a0b-0666a5d65ecf,GUDANG MERICA,21cineplex,,16GMEA,"Comedy, Horror",98 menit,D17+,2D,2026-05-26,137b24f6-d693-43a6-94e0-84dc37b27e09,2026-05-26T16:31:29.604157
f707336a-43fc-46af-9a0b-0666a5d65ecf,GUDANG MERICA,21cineplex,,16GMEA,"Comedy, Horror",98 menit,D17+,2D,2026-05-27,66a582c7-a90b-4391-9889-e0f904ae0027,2026-05-26T16:31:29.604284
f707336a-43fc-46af-9a0b-0666a5d65ecf,SUAMIKU LUKAKU,21cineplex,,16SLUU,Drama,92 menit,D17+,2D,2026-05-27,2a09d8e6-e0d8-45fc-a98e-a85c5de9605a,2026-05-26T16:31:29.604394
f707336a-43fc-46af-9a0b-0666a5d65ecf,SEKAWAN LIMO 2: GUNUNG KLAWIH,21cineplex,,16SK2G,"Comedy, Horror",122 menit,13+,2D,2026-05-27,cffc4c47-974b-492a-88be-b3d0348510d4,2026-05-26T16:31:29.604486
f707336a-43fc-46af-9a0b-0666a5d65ecf,CHILDREN OF HEAVEN,21cineplex,,16COHN,"Drama, Family",97 menit,SU,2D,2026-05-27,19cda1fa-7542-4326-a501-6b1f0241541f,2026-05-26T16:31:29.604568
f707336a-43fc-46af-9a0b-0666a5d65ecf,BADUT GENDONG,21cineplex,,16BGEG,"Action, Horror",101 menit,D17+,2D,2026-05-27,ab34691e-2ed0-4c91-afda-49cda90828f2,2026-05-26T16:31:29.604693
c853b4e5-18cc-4340-bb46-396dda265ae7,GHOST IN THE CELL,21cineplex,,16GITC,"Comedy, Horror",106 menit,D17+,2D,2026-05-26,6343f2e9-3d1d-4375-9769-cfa8b38c8126,2026-05-26T16:31:29.605054
c853b4e5-18cc-4340-bb46-396dda265ae7,KAMU HARUS MATI,21cineplex,,16KHMI,"Horror, Mystery, Thriller",90 menit,13+,2D,2026-05-26,d53d1fb1-8e17-4923-ac0a-ee3655a676d6,2026-05-26T16:31:29.605208
c853b4e5-18cc-4340-bb46-396dda265ae7,STAR WARS: THE MANDALORIAN AND GROGU,21cineplex,,26SWMG,"Fantasy, Sci-Fi",132 menit,13+,2D,2026-05-26,29fa0f1a-7210-4298-9421-46f2130dc3d8,2026-05-26T16:31:29.605317
c853b4e5-18cc-4340-bb46-396dda265ae7,GUDANG MERICA,21cineplex,,16GMEA,"Comedy, Horror",98 menit,D17+,2D,2026-05-26,1cc275b9-f02b-49b2-a797-9ada924ef3c7,2026-05-26T16:31:29.605426
c853b4e5-18cc-4340-bb46-396dda265ae7,SEMUA AKAN BAIK-BAIK SAJA,21cineplex,,16SABB,Drama,113 menit,13+,2D,2026-05-26,a9c93798-1aaf-4a2d-9402-bcdfcfaff03c,2026-05-26T16:31:29.605544
c853b4e5-18cc-4340-bb46-396dda265ae7,YANG LAIN BOLEH HILANG ASAL KAU JANGAN,21cineplex,,16YLBH,Drama,113 menit,13+,2D,2026-05-26,c9551d6b-2580-4a45-9bc4-2fe53ebf622e,2026-05-26T16:31:29.605696
c853b4e5-18cc-4340-bb46-396dda265ae7,KELUARGA SUAMI ADALAH HAMA,21cineplex,,16KSAH,Drama,117 menit,13+,2D,2026-05-26,c3af16d4-9f78-40ad-a364-b92dba6778f2,2026-05-26T16:31:29.605790
c853b4e5-18cc-4340-bb46-396dda265ae7,TUMBAL PROYEK,21cineplex,,16TPRK,Horror,106 menit,D17+,2D,2026-05-26,dc48efbe-4171-4b69-8d5f-ae48fef4012c,2026-05-26T16:31:29.605873
c853b4e5-18cc-4340-bb46-396dda265ae7,STAR WARS: THE MANDALORIAN AND GROGU,21cineplex,,26SWMG,"Fantasy, Sci-Fi",132 menit,13+,2D,2026-05-27,5299d945-1613-454c-a9dc-a42554eef070,2026-05-26T16:31:29.605996
c853b4e5-18cc-4340-bb46-396dda265ae7,TUMBAL PROYEK,21cineplex,,16TPRK,Horror,106 menit,D17+,2D,2026-05-27,56508c71-6201-476e-b976-08151044d098,2026-05-26T16:31:29.606044
c853b4e5-18cc-4340-bb46-396dda265ae7,BADUT GENDONG,21cineplex,,16BGEG,"Action, Horror",101 menit,D17+,2D,2026-05-27,1303e43f-0954-466b-b302-b83733bb05a8,2026-05-26T16:31:29.606142
c853b4e5-18cc-4340-bb46-396dda265ae7,SEKAWAN LIMO 2: GUNUNG KLAWIH,21cineplex,,16SK2G,"Comedy, Horror",122 menit,13+,2D,2026-05-27,0e46a10e-e7cc-4a00-894b-31979b2b77c4,2026-05-26T16:31:29.606264
c853b4e5-18cc-4340-bb46-396dda265ae7,SUAMIKU LUKAKU,21cineplex,,16SLUU,Drama,92 menit,D17+,2D,2026-05-27,83addd34-f5f9-4912-8d7f-19005fd7275b,2026-05-26T16:31:29.606381
c853b4e5-18cc-4340-bb46-396dda265ae7,GUDANG MERICA,21cineplex,,16GMEA,"Comedy, Horror",98 menit,D17+,2D,2026-05-27,ee7a838a-91f7-4634-9dd5-94f4b63885df,2026-05-26T16:31:29.606493
c853b4e5-18cc-4340-bb46-396dda265ae7,SEMUA AKAN BAIK-BAIK SAJA,21cineplex,,16SABB,Drama,113 menit,13+,2D,2026-05-27,dedf0780-8071-46b6-87ce-6f5b8fb8c6dc,2026-05-26T16:31:29.606602
c853b4e5-18cc-4340-bb46-396dda265ae7,CHILDREN OF HEAVEN,21cineplex,,16COHN,"Drama, Family",97 menit,SU,2D,2026-05-27,da22b01e-d5f0-4c40-8c65-028eacaaaea5,2026-05-26T16:31:29.606709
315d6232-ef4c-40f8-8920-13471cf94665,SEMUA AKAN BAIK-BAIK SAJA,21cineplex,,16SABB,Drama,113 menit,13+,2D,2026-05-26,f85b9b26-5122-4fc4-a621-5d6e203b6af3,2026-05-26T16:31:29.606975
315d6232-ef4c-40f8-8920-13471cf94665,KELUARGA SUAMI ADALAH HAMA,21cineplex,,16KSAH,Drama,117 menit,13+,2D,2026-05-26,02c34286-79e3-45a4-91f3-902c07ec9e2b,2026-05-26T16:31:29.607224
315d6232-ef4c-40f8-8920-13471cf94665,TUMBAL PROYEK,21cineplex,,16TPRK,Horror,106 menit,D17+,2D,2026-05-26,9109f1ad-5145-4728-a16e-67e118520727,2026-05-26T16:31:29.607314
315d6232-ef4c-40f8-8920-13471cf94665,GUDANG MERICA,21cineplex,,16GMEA,"Comedy, Horror",98 menit,D17+,2D,2026-05-26,9db3c97b-3104-49b9-9968-09e27174bf55,2026-05-26T16:31:29.607495
315d6232-ef4c-40f8-8920-13471cf94665,SEKAWAN LIMO 2: GUNUNG KLAWIH,21cineplex,,16SK2G,"Comedy, Horror",122 menit,13+,2D,2026-05-27,b9b9f596-b932-430e-a845-4b1c1306db8c,2026-05-26T16:31:29.607589
315d6232-ef4c-40f8-8920-13471cf94665,TUMBAL PROYEK,21cineplex,,16TPRK,Horror,106 menit,D17+,2D,2026-05-27,c40745fa-5240-478d-81d0-62a6eb3689c2,2026-05-26T16:31:29.607700
315d6232-ef4c-40f8-8920-13471cf94665,SEMUA AKAN BAIK-BAIK SAJA,21cineplex,,16SABB,Drama,113 menit,13+,2D,2026-05-27,2a2c4597-b260-4c62-8a9b-e69b09f61b3c,2026-05-26T16:31:29.607803
315d6232-ef4c-40f8-8920-13471cf94665,SUAMIKU LUKAKU,21cineplex,,16SLUU,Drama,92 menit,D17+,2D,2026-05-27,66db576c-6db0-4eac-8b2b-3dbd170bddc4,2026-05-26T16:31:29.607883
315d6232-ef4c-40f8-8920-13471cf94665,CHILDREN OF HEAVEN,21cineplex,,16COHN,"Drama, Family",97 menit,SU,2D,2026-05-27,053e690f-ee42-4a04-8aa8-06914dda6435,2026-05-26T16:31:29.607968
ba7f7d19-f9fe-4232-b92f-8961b5242c2b,THE SHEEP DETECTIVES,21cineplex,,26SDES,"Comedy, Mystery",109 menit,SU,2D,2026-05-26,90b52fcb-7ca2-4fb1-af8b-a6da68b355a2,2026-05-26T16:31:29.608310
ba7f7d19-f9fe-4232-b92f-8961b5242c2b,IN THE GREY,21cineplex,,26ITGY,"Action, Thriller",97 menit,13+,2D,2026-05-26,62a3cabc-2524-423c-bca4-a73b44d19262,2026-05-26T16:31:29.608424
ba7f7d19-f9fe-4232-b92f-8961b5242c2b,HOKUM,21cineplex,,26HOKM,Horror,107 menit,13+,2D,2026-05-26,9a28c097-d273-4499-93a7-9c8c69ddb57d,2026-05-26T16:31:29.608484
ba7f7d19-f9fe-4232-b92f-8961b5242c2b,SEMUA AKAN BAIK-BAIK SAJA,21cineplex,,16SABB,Drama,113 menit,13+,2D,2026-05-26,41c3ffb1-8254-4073-a56d-0378c41ff5b2,2026-05-26T16:31:29.608555
ba7f7d19-f9fe-4232-b92f-8961b5242c2b,STAR WARS: THE MANDALORIAN AND GROGU,21cineplex,,26SWMG,"Fantasy, Sci-Fi",132 menit,13+,2D,2026-05-26,f9ef16a7-bec2-4fdd-bf5a-4e1cdbd97b7d,2026-05-26T16:31:29.608690
ba7f7d19-f9fe-4232-b92f-8961b5242c2b,MICHAEL,21cineplex,,26MICL,Biography,127 menit,SU,2D,2026-05-26,4f95c10c-5008-4abe-918b-505a0f309a24,2026-05-26T16:31:29.608788
ba7f7d19-f9fe-4232-b92f-8961b5242c2b,SEKAWAN LIMO 2: GUNUNG KLAWIH,21cineplex,,16SK2G,"Comedy, Horror",122 menit,13+,2D,2026-05-27,1211f62e-e5b3-400e-968f-0dd20a3a1716,2026-05-26T16:31:29.608887
ba7f7d19-f9fe-4232-b92f-8961b5242c2b,BADUT GENDONG,21cineplex,,16BGEG,"Action, Horror",101 menit,D17+,2D,2026-05-27,f586d330-5d81-4c86-8a81-e6c267ae9ebd,2026-05-26T16:31:29.608992
ba7f7d19-f9fe-4232-b92f-8961b5242c2b,SUAMIKU LUKAKU,21cineplex,,16SLUU,Drama,92 menit,D17+,2D,2026-05-27,85b28f0b-9394-4822-b44e-b305ed2026f3,2026-05-26T16:31:29.609102
ba7f7d19-f9fe-4232-b92f-8961b5242c2b,PASSENGER,21cineplex,,26PASR,Horror,94 menit,D17+,2D,2026-05-27,73e3aeb2-3958-4b9c-ba73-6dc62aff0555,2026-05-26T16:31:29.609221
ba7f7d19-f9fe-4232-b92f-8961b5242c2b,CHILDREN OF HEAVEN,21cineplex,,16COHN,"Drama, Family",97 menit,SU,2D,2026-05-27,4c2a9361-c491-47e0-afcd-a6d9401180f6,2026-05-26T16:31:29.609326
ba7f7d19-f9fe-4232-b92f-8961b5242c2b,COLONY,21cineplex,,26COLY,"Horror, Thriller",122 menit,13+,2D,2026-06-03,4e63dd53-bdc6-4634-bea5-913e750974ce,2026-05-26T16:31:29.609436
277d411f-d6a4-42c8-b3e4-1dc7261cc93e,HOKUM,21cineplex,,26HOKM,Horror,107 menit,13+,2D,2026-05-26,108dc050-3457-4585-80e4-6334b566dc30,2026-05-26T16:31:32.733439
277d411f-d6a4-42c8-b3e4-1dc7261cc93e,TUMBAL PROYEK,21cineplex,,16TPRK,Horror,106 menit,D17+,2D,2026-05-26,aa2f4678-2755-4466-a804-648156395e80,2026-05-26T16:31:32.733557
277d411f-d6a4-42c8-b3e4-1dc7261cc93e,GUDANG MERICA,21cineplex,,16GMEA,"Comedy, Horror",98 menit,D17+,2D,2026-05-26,044b52fa-7faa-472e-90be-a9c88d3ab3d2,2026-05-26T16:31:32.733694
277d411f-d6a4-42c8-b3e4-1dc7261cc93e,MORTAL KOMBAT II,21cineplex,,25MKT2,"Action, Adventure",116 menit,D17+,2D,2026-05-26,7afff89f-18b7-414b-a235-0af8d5ad4b1a,2026-05-26T16:31:32.733834
277d411f-d6a4-42c8-b3e4-1dc7261cc93e,SEMUA AKAN BAIK-BAIK SAJA,21cineplex,,16SABB,Drama,113 menit,13+,2D,2026-05-26,8b59e965-f65e-4a56-a323-38a1da28ee8f,2026-05-26T16:31:32.733942
277d411f-d6a4-42c8-b3e4-1dc7261cc93e,BADUT GENDONG,21cineplex,,16BGEG,"Action, Horror",101 menit,D17+,2D,2026-05-27,08e3f8ec-40b9-48cf-9cd4-79da9b968131,2026-05-26T16:31:32.734094
277d411f-d6a4-42c8-b3e4-1dc7261cc93e,SEKAWAN LIMO 2: GUNUNG KLAWIH,21cineplex,,16SK2G,"Comedy, Horror",122 menit,13+,2D,2026-05-27,67bfd68e-e3da-46df-af25-4ac209957272,2026-05-26T16:31:32.734229
277d411f-d6a4-42c8-b3e4-1dc7261cc93e,TUMBAL PROYEK,21cineplex,,16TPRK,Horror,106 menit,D17+,2D,2026-05-27,b7e4e48b-511a-4758-84a7-6b9b39283c8e,2026-05-26T16:31:32.734304
277d411f-d6a4-42c8-b3e4-1dc7261cc93e,SUAMIKU LUKAKU,21cineplex,,16SLUU,Drama,92 menit,D17+,2D,2026-05-27,f8d546b0-6eaf-4930-8536-83d23360eb51,2026-05-26T16:31:32.734423
277d411f-d6a4-42c8-b3e4-1dc7261cc93e,CHILDREN OF HEAVEN,21cineplex,,16COHN,"Drama, Family",97 menit,SU,2D,2026-05-27,7458be02-c039-484d-8e5e-f06b3cbfcb8f,2026-05-26T16:31:32.734550
cb51df65-883c-4d96-93b5-79cdbe734284,MORTAL KOMBAT II,21cineplex,,25MKT2,"Action, Adventure",116 menit,D17+,2D,2026-05-26,6d2547a6-a997-4a36-8437-42a53fdfc078,2026-05-26T16:31:34.237501
cb51df65-883c-4d96-93b5-79cdbe734284,HOKUM,21cineplex,,26HOKM,Horror,107 menit,13+,2D,2026-05-26,813da7bd-36d1-41d7-a442-82349010d96e,2026-05-26T16:31:34.237668
cb51df65-883c-4d96-93b5-79cdbe734284,GOHAN,21cineplex,,26GOHN,Drama,140 menit,SU,2D,2026-05-26,2c76b0c2-7bc1-4b96-acd2-8deb237c8cf6,2026-05-26T16:31:34.237793
cb51df65-883c-4d96-93b5-79cdbe734284,STAR WARS: THE MANDALORIAN AND GROGU,21cineplex,,26SWMG,"Fantasy, Sci-Fi",132 menit,13+,2D,2026-05-26,7da27983-a761-4a4b-bd7b-9b0f60ececdc,2026-05-26T16:31:34.237911
cb51df65-883c-4d96-93b5-79cdbe734284,TUMBAL PROYEK,21cineplex,,16TPRK,Horror,106 menit,D17+,2D,2026-05-26,decd1aff-2efe-40a5-91d6-bf06a8623641,2026-05-26T16:31:34.238003
cb51df65-883c-4d96-93b5-79cdbe734284,SEMUA AKAN BAIK-BAIK SAJA,21cineplex,,16SABB,Drama,113 menit,13+,2D,2026-05-26,ff5cf470-112d-4e75-b8e5-de0a92bda8d3,2026-05-26T16:31:34.238161
cb51df65-883c-4d96-93b5-79cdbe734284,SUAMIKU LUKAKU,21cineplex,,16SLUU,Drama,92 menit,D17+,2D,2026-05-27,5bca9a9c-4f7c-4bb7-aa79-0797ef5fcf2e,2026-05-26T16:31:34.238349
cb51df65-883c-4d96-93b5-79cdbe734284,SEKAWAN LIMO 2: GUNUNG KLAWIH,21cineplex,,16SK2G,"Comedy, Horror",122 menit,13+,2D,2026-05-27,626832aa-88c7-4377-9a2f-51d2e18443d7,2026-05-26T16:31:34.238527
cb51df65-883c-4d96-93b5-79cdbe734284,BADUT GENDONG,21cineplex,,16BGEG,"Action, Horror",101 menit,D17+,2D,2026-05-27,6ff7d022-5b7a-4315-baca-220db9101b9a,2026-05-26T16:31:34.238671
cb51df65-883c-4d96-93b5-79cdbe734284,GOHAN,21cineplex,,26GOHN,Drama,140 menit,SU,2D,2026-05-27,170805d3-ea71-47db-b517-5620c1a049a0,2026-05-26T16:31:34.238819
cb51df65-883c-4d96-93b5-79cdbe734284,CHILDREN OF HEAVEN,21cineplex,,16COHN,"Drama, Family",97 menit,SU,2D,2026-05-27,bb1b1f97-6eff-495f-b12b-5aef27270eb0,2026-05-26T16:31:34.238905
13696fc9-f9d1-4581-88e2-22c0c5b9ffca,MORTAL KOMBAT II,21cineplex,,25MKT2,"Action, Adventure",116 menit,D17+,2D,2026-05-26,719785e5-beb4-4b01-afbd-cb4f23a082b4,2026-05-26T16:31:35.936312
13696fc9-f9d1-4581-88e2-22c0c5b9ffca,STAR WARS: THE MANDALORIAN AND GROGU,21cineplex,,26SWMG,"Fantasy, Sci-Fi",132 menit,13+,2D,2026-05-26,fdc127f4-83ff-4245-9caf-46302d870502,2026-05-26T16:31:35.936489
13696fc9-f9d1-4581-88e2-22c0c5b9ffca,HOKUM,21cineplex,,26HOKM,Horror,107 menit,13+,2D,2026-05-26,4ad62b7c-c928-4a1f-9069-4fb8693c5143,2026-05-26T16:31:35.936599
13696fc9-f9d1-4581-88e2-22c0c5b9ffca,GUDANG MERICA,21cineplex,,16GMEA,"Comedy, Horror",98 menit,D17+,2D,2026-05-26,263d0298-69b5-4088-9a5e-c2b9e1e9c306,2026-05-26T16:31:35.936696
13696fc9-f9d1-4581-88e2-22c0c5b9ffca,THE DEVIL WEARS PRADA 2,21cineplex,,26DWP2,"Comedy, Drama",119 menit,13+,2D,2026-05-26,0b9392db-15f9-4070-b986-5995061a3ff1,2026-05-26T16:31:35.936790
13696fc9-f9d1-4581-88e2-22c0c5b9ffca,SEMUA AKAN BAIK-BAIK SAJA,21cineplex,,16SABB,Drama,113 menit,13+,2D,2026-05-26,ab44ddf2-1768-49b5-8cc9-e225f6658c24,2026-05-26T16:31:35.936853
13696fc9-f9d1-4581-88e2-22c0c5b9ffca,SUAMIKU LUKAKU,21cineplex,,16SLUU,Drama,92 menit,D17+,2D,2026-05-27,9bc644de-8819-42e8-ace1-2f63f13af970,2026-05-26T16:31:35.936994
13696fc9-f9d1-4581-88e2-22c0c5b9ffca,CHILDREN OF HEAVEN,21cineplex,,16COHN,"Drama, Family",97 menit,SU,2D,2026-05-27,3086b37c-62d5-423c-9bfd-337af253e413,2026-05-26T16:31:35.937111
13696fc9-f9d1-4581-88e2-22c0c5b9ffca,SEKAWAN LIMO 2: GUNUNG KLAWIH,21cineplex,,16SK2G,"Comedy, Horror",122 menit,13+,2D,2026-05-27,45e3f115-a4d3-45d1-9bb7-7ea8e1687d1b,2026-05-26T16:31:35.937225
13696fc9-f9d1-4581-88e2-22c0c5b9ffca,SEMUA AKAN BAIK-BAIK SAJA,21cineplex,,16SABB,Drama,113 menit,13+,2D,2026-05-27,616ac547-1fec-4fed-b8fd-00df446d79b8,2026-05-26T16:31:35.937342
9aed6cdd-4c71-4efc-a131-392579f1209d,GOHAN,21cineplex,,26GOHN,Drama,140 menit,SU,2D,2026-05-26,099b1d38-d60a-4be5-825a-17491cc5e33d,2026-05-26T16:31:37.201916
9aed6cdd-4c71-4efc-a131-392579f1209d,HOKUM,21cineplex,,26HOKM,Horror,107 menit,13+,2D,2026-05-26,4bc2309e-2869-46bd-b0b2-1e67ceb10649,2026-05-26T16:31:37.202033
9aed6cdd-4c71-4efc-a131-392579f1209d,STAR WARS: THE MANDALORIAN AND GROGU,21cineplex,,26SWMG,"Fantasy, Sci-Fi",132 menit,13+,2D,2026-05-26,92bb8360-9b1c-4af6-bdd4-f61c5510afbb,2026-05-26T16:31:37.202091
9aed6cdd-4c71-4efc-a131-392579f1209d,MORTAL KOMBAT II,21cineplex,,25MKT2,"Action, Adventure",116 menit,D17+,2D,2026-05-26,05c28749-4902-4506-8b40-49f23a646109,2026-05-26T16:31:37.202219
9aed6cdd-4c71-4efc-a131-392579f1209d,MICHAEL,21cineplex,,26MICL,Biography,127 menit,SU,2D,2026-05-26,aafc4f76-62ec-4ffa-92e0-b0056e14da7c,2026-05-26T16:31:37.202391
9aed6cdd-4c71-4efc-a131-392579f1209d,PASSENGER,21cineplex,,26PASR,Horror,94 menit,D17+,2D,2026-05-27,a681a3cd-b5ff-4c5f-ab61-8d031f88078a,2026-05-26T16:31:37.202503
9aed6cdd-4c71-4efc-a131-392579f1209d,BADUT GENDONG,21cineplex,,16BGEG,"Action, Horror",101 menit,D17+,2D,2026-05-27,1508ba9b-6d6f-4482-983c-69802dd9295b,2026-05-26T16:31:37.202615
9aed6cdd-4c71-4efc-a131-392579f1209d,SEKAWAN LIMO 2: GUNUNG KLAWIH,21cineplex,,16SK2G,"Comedy, Horror",122 menit,13+,2D,2026-05-27,5a1123a1-dda4-4bcc-ae34-cbcee61ef195,2026-05-26T16:31:37.202692
9aed6cdd-4c71-4efc-a131-392579f1209d,SUAMIKU LUKAKU,21cineplex,,16SLUU,Drama,92 menit,D17+,2D,2026-05-27,f5da631f-dd8b-48e5-9c63-9d971da0cae8,2026-05-26T16:31:37.202777
9aed6cdd-4c71-4efc-a131-392579f1209d,CHILDREN OF HEAVEN,21cineplex,,16COHN,"Drama, Family",97 menit,SU,2D,2026-05-27,bfea65a7-a627-4b9f-b906-58ca5ae11c01,2026-05-26T16:31:37.202909
34905b7c-9c98-4ac6-aec1-1901a4762742,SEMUA AKAN BAIK-BAIK SAJA,21cineplex,,16SABB,Drama,113 menit,13+,2D,2026-05-26,02dac86d-9bd7-4128-9499-d3c02a9c12d3,2026-05-26T16:31:40.404475
34905b7c-9c98-4ac6-aec1-1901a4762742,GUDANG MERICA,21cineplex,,16GMEA,"Comedy, Horror",98 menit,D17+,2D,2026-05-26,d86cac8a-9e77-492d-8ed9-fdaeecb1ee2a,2026-05-26T16:31:40.404556
34905b7c-9c98-4ac6-aec1-1901a4762742,GHOST IN THE CELL,21cineplex,,16GITC,"Comedy, Horror",106 menit,D17+,2D,2026-05-26,89062a55-f928-485e-be1c-69f9a8475886,2026-05-26T16:31:40.404613
34905b7c-9c98-4ac6-aec1-1901a4762742,STAR WARS: THE MANDALORIAN AND GROGU,21cineplex,,26SWMG,"Fantasy, Sci-Fi",132 menit,13+,2D,2026-05-26,eba453ef-4732-4834-b4c3-78e13ec02a84,2026-05-26T16:31:40.404668
34905b7c-9c98-4ac6-aec1-1901a4762742,SEKAWAN LIMO 2: GUNUNG KLAWIH,21cineplex,,16SK2G,"Comedy, Horror",122 menit,13+,2D,2026-05-27,0d440d27-7b73-4630-925d-bfe2851605fb,2026-05-26T16:31:40.404712
34905b7c-9c98-4ac6-aec1-1901a4762742,BADUT GENDONG,21cineplex,,16BGEG,"Action, Horror",101 menit,D17+,2D,2026-05-27,bbd28a5c-e0c6-488c-a386-7ad02b7e3716,2026-05-26T16:31:40.404753
34905b7c-9c98-4ac6-aec1-1901a4762742,CHILDREN OF HEAVEN,21cineplex,,16COHN,"Drama, Family",97 menit,SU,2D,2026-05-27,0d691748-45b6-4379-8b85-d4bae2920377,2026-05-26T16:31:40.404798
34905b7c-9c98-4ac6-aec1-1901a4762742,SUAMIKU LUKAKU,21cineplex,,16SLUU,Drama,92 menit,D17+,2D,2026-05-27,f0abe9a6-f020-4be6-b2da-efdfabd7d284,2026-05-26T16:31:40.404847
7513f74a-08c0-4e35-b10d-0ec1f80e6611,GOHAN,21cineplex,,26GOHN,Drama,140 menit,SU,2D,2026-05-26,12789ef5-a38a-4a98-b770-01280b6bfc5d,2026-05-26T16:31:41.732230
7513f74a-08c0-4e35-b10d-0ec1f80e6611,TUMBAL PROYEK,21cineplex,,16TPRK,Horror,106 menit,D17+,2D,2026-05-26,2c19deb4-5d0a-4eac-9e33-879c2d04184c,2026-05-26T16:31:41.732345
7513f74a-08c0-4e35-b10d-0ec1f80e6611,STAR WARS: THE MANDALORIAN AND GROGU,21cineplex,,26SWMG,"Fantasy, Sci-Fi",132 menit,13+,2D,2026-05-26,743cbb71-bab6-4311-8b59-23c02892123f,2026-05-26T16:31:41.732481
7513f74a-08c0-4e35-b10d-0ec1f80e6611,GHOST IN THE CELL,21cineplex,,16GITC,"Comedy, Horror",106 menit,D17+,2D,2026-05-26,52308c36-2c81-40d3-ab7a-b3a7698ef626,2026-05-26T16:31:41.732564
7513f74a-08c0-4e35-b10d-0ec1f80e6611,SEMUA AKAN BAIK-BAIK SAJA,21cineplex,,16SABB,Drama,113 menit,13+,2D,2026-05-26,a9d1d8b0-50dc-47c5-888a-e0c0498b4ed5,2026-05-26T16:31:41.732702
7513f74a-08c0-4e35-b10d-0ec1f80e6611,YANG LAIN BOLEH HILANG ASAL KAU JANGAN,21cineplex,,16YLBH,Drama,113 menit,13+,2D,2026-05-26,15195da4-e874-4c14-a4a4-d9a17f268b1a,2026-05-26T16:31:41.732855
7513f74a-08c0-4e35-b10d-0ec1f80e6611,GUDANG MERICA,21cineplex,,16GMEA,"Comedy, Horror",98 menit,D17+,2D,2026-05-26,6e0135ae-5ed5-4f71-823c-53e44ddfeaf8,2026-05-26T16:31:41.732990
7513f74a-08c0-4e35-b10d-0ec1f80e6611,GOHAN,21cineplex,,26GOHN,Drama,140 menit,SU,2D,2026-05-27,badd7618-ac4d-4bcd-a939-e47b5ba90261,2026-05-26T16:31:41.733123
7513f74a-08c0-4e35-b10d-0ec1f80e6611,CHILDREN OF HEAVEN,21cineplex,,16COHN,"Drama, Family",97 menit,SU,2D,2026-05-27,dcbb2c36-0268-4f05-837d-25691bc3d408,2026-05-26T16:31:41.733181
7513f74a-08c0-4e35-b10d-0ec1f80e6611,SUAMIKU LUKAKU,21cineplex,,16SLUU,Drama,92 menit,D17+,2D,2026-05-27,972be1cc-f82c-4b16-a7ff-12da3f1fb22a,2026-05-26T16:31:41.733310
7513f74a-08c0-4e35-b10d-0ec1f80e6611,BADUT GENDONG,21cineplex,,16BGEG,"Action, Horror",101 menit,D17+,2D,2026-05-27,ee9db094-2f46-43f6-b099-6c747e363b0f,2026-05-26T16:31:41.733452
7513f74a-08c0-4e35-b10d-0ec1f80e6611,TUMBAL PROYEK,21cineplex,,16TPRK,Horror,106 menit,D17+,2D,2026-05-27,85c16645-c2ac-4290-8877-7fc2eef37fe6,2026-05-26T16:31:41.733600
7513f74a-08c0-4e35-b10d-0ec1f80e6611,SEKAWAN LIMO 2: GUNUNG KLAWIH,21cineplex,,16SK2G,"Comedy, Horror",122 menit,13+,2D,2026-05-27,172b7e67-5e78-4c63-bb44-4ce2d717568d,2026-05-26T16:31:41.733719
7513f74a-08c0-4e35-b10d-0ec1f80e6611,SEMUA AKAN BAIK-BAIK SAJA,21cineplex,,16SABB,Drama,113 menit,13+,2D,2026-05-27,326ef1ea-1cf8-4b8f-b258-b330b5c463d3,2026-05-26T16:31:41.733845
7513f74a-08c0-4e35-b10d-0ec1f80e6611,GUDANG MERICA,21cineplex,,16GMEA,"Comedy, Horror",98 menit,D17+,2D,2026-05-27,4e973923-42f9-4f9b-9977-5fcfdb71c61b,2026-05-26T16:31:41.733935
39680e61-eb9f-4943-a74d-6fa7d7a9dce4,STAR WARS: THE MANDALORIAN AND GROGU,21cineplex,,26SWMG,"Fantasy, Sci-Fi",132 menit,13+,2D,2026-05-26,d9b8fb9e-b27a-4ea7-b1e9-dd016ba9e254,2026-05-26T16:31:43.396632
39680e61-eb9f-4943-a74d-6fa7d7a9dce4,GUDANG MERICA,21cineplex,,16GMEA,"Comedy, Horror",98 menit,D17+,2D,2026-05-26,f4104288-1a21-4924-a62e-dadc8396de59,2026-05-26T16:31:43.396876
39680e61-eb9f-4943-a74d-6fa7d7a9dce4,GOHAN,21cineplex,,26GOHN,Drama,140 menit,SU,2D,2026-05-26,561ca049-d268-4d14-bb23-4f7675bfc8dd,2026-05-26T16:31:43.397117
39680e61-eb9f-4943-a74d-6fa7d7a9dce4,TUMBAL PROYEK,21cineplex,,16TPRK,Horror,106 menit,D17+,2D,2026-05-26,f05f8dfa-ce68-4cf0-9204-1f09de089421,2026-05-26T16:31:43.397219
39680e61-eb9f-4943-a74d-6fa7d7a9dce4,SEMUA AKAN BAIK-BAIK SAJA,21cineplex,,16SABB,Drama,113 menit,13+,2D,2026-05-26,4c642591-57d4-4fd9-85d0-acfdf45c0ed8,2026-05-26T16:31:43.397434
39680e61-eb9f-4943-a74d-6fa7d7a9dce4,TUMBAL PROYEK,21cineplex,,16TPRK,Horror,106 menit,D17+,2D,2026-05-27,253e358d-093e-4904-830d-26e6cfc91a2d,2026-05-26T16:31:43.397677
39680e61-eb9f-4943-a74d-6fa7d7a9dce4,GUDANG MERICA,21cineplex,,16GMEA,"Comedy, Horror",98 menit,D17+,2D,2026-05-27,2f453c78-ba6a-4985-afb1-6fbce8f9c055,2026-05-26T16:31:43.397784
39680e61-eb9f-4943-a74d-6fa7d7a9dce4,SUAMIKU LUKAKU,21cineplex,,16SLUU,Drama,92 menit,D17+,2D,2026-05-27,ff8b4b1f-a40f-45be-bcb6-c85fed53be10,2026-05-26T16:31:43.397940
39680e61-eb9f-4943-a74d-6fa7d7a9dce4,CHILDREN OF HEAVEN,21cineplex,,16COHN,"Drama, Family",97 menit,SU,2D,2026-05-27,883e7769-84ae-412c-88c2-ef84b67fadea,2026-05-26T16:31:43.398106
39680e61-eb9f-4943-a74d-6fa7d7a9dce4,BADUT GENDONG,21cineplex,,16BGEG,"Action, Horror",101 menit,D17+,2D,2026-05-27,27bf1b50-7362-4141-bf6e-3050ea1c38cd,2026-05-26T16:31:43.398300
39680e61-eb9f-4943-a74d-6fa7d7a9dce4,SEKAWAN LIMO 2: GUNUNG KLAWIH,21cineplex,,16SK2G,"Comedy, Horror",122 menit,13+,2D,2026-05-27,f6e366de-6a4f-4900-afb0-0574cc9eb02d,2026-05-26T16:31:43.398436
2515b528-b6b4-4d30-9d1e-c4a420b1479a,SEMUA AKAN BAIK-BAIK SAJA,21cineplex,,16SABB,Drama,113 menit,13+,2D,2026-05-26,acdade40-68b1-4a2c-8243-f56f41899092,2026-05-26T16:31:45.014618
2515b528-b6b4-4d30-9d1e-c4a420b1479a,TUMBAL PROYEK,21cineplex,,16TPRK,Horror,106 menit,D17+,2D,2026-05-26,efd4182c-0a29-4346-ba89-d8a30aaf9456,2026-05-26T16:31:45.014801
2515b528-b6b4-4d30-9d1e-c4a420b1479a,STAR WARS: THE MANDALORIAN AND GROGU,21cineplex,,26SWMG,"Fantasy, Sci-Fi",132 menit,13+,2D,2026-05-26,3ec7c616-ef7b-4f0f-bf12-1ef2b5a9b052,2026-05-26T16:31:45.014858
2515b528-b6b4-4d30-9d1e-c4a420b1479a,HOKUM,21cineplex,,26HOKM,Horror,107 menit,13+,2D,2026-05-26,1390a8d3-0371-4df4-baae-2fe9b02a0122,2026-05-26T16:31:45.014913
2515b528-b6b4-4d30-9d1e-c4a420b1479a,YANG LAIN BOLEH HILANG ASAL KAU JANGAN,21cineplex,,16YLBH,Drama,113 menit,13+,2D,2026-05-26,6fd91e67-8d32-4dc0-813b-2e79258c331e,2026-05-26T16:31:45.014974
2515b528-b6b4-4d30-9d1e-c4a420b1479a,GUDANG MERICA,21cineplex,,16GMEA,"Comedy, Horror",98 menit,D17+,2D,2026-05-26,c86aaedf-d8dc-49e4-8389-e8ae0d51f6c2,2026-05-26T16:31:45.015012
2515b528-b6b4-4d30-9d1e-c4a420b1479a,BADUT GENDONG,21cineplex,,16BGEG,"Action, Horror",101 menit,D17+,2D,2026-05-27,4e163625-498a-481d-aec2-29f01be2796a,2026-05-26T16:31:45.015072
2515b528-b6b4-4d30-9d1e-c4a420b1479a,STAR WARS: THE MANDALORIAN AND GROGU,21cineplex,,26SWMG,"Fantasy, Sci-Fi",132 menit,13+,2D,2026-05-27,8e34bd0c-7069-4f45-a488-915356a5c4a6,2026-05-26T16:31:45.015134
2515b528-b6b4-4d30-9d1e-c4a420b1479a,PASSENGER,21cineplex,,26PASR,Horror,94 menit,D17+,2D,2026-05-27,3e6a4701-0679-4a5b-b66c-b111e79aa9f9,2026-05-26T16:31:45.015323
2515b528-b6b4-4d30-9d1e-c4a420b1479a,CHILDREN OF HEAVEN,21cineplex,,16COHN,"Drama, Family",97 menit,SU,2D,2026-05-27,f1d5bd69-e796-49d1-9fb2-6da40067265a,2026-05-26T16:31:45.015415
2515b528-b6b4-4d30-9d1e-c4a420b1479a,TUMBAL PROYEK,21cineplex,,16TPRK,Horror,106 menit,D17+,2D,2026-05-27,9416f0a7-0ad7-4374-a155-998069726303,2026-05-26T16:31:45.015482
2515b528-b6b4-4d30-9d1e-c4a420b1479a,SEMUA AKAN BAIK-BAIK SAJA,21cineplex,,16SABB,Drama,113 menit,13+,2D,2026-05-27,fe1a4c6c-fc6c-4412-8fab-a25d6dfb1d82,2026-05-26T16:31:45.015554
2515b528-b6b4-4d30-9d1e-c4a420b1479a,HOKUM,21cineplex,,26HOKM,Horror,107 menit,13+,2D,2026-05-27,119200d9-5825-4108-8aea-c41f9026e6d3,2026-05-26T16:31:45.015644
2515b528-b6b4-4d30-9d1e-c4a420b1479a,COLONY,21cineplex,,26COLY,"Horror, Thriller",122 menit,13+,2D,2026-06-03,c5a27267-d930-4c18-99b6-01d2e4533676,2026-05-26T16:31:45.015781
40eceb49-7f2d-47f6-94d9-6e58459e8b57,HOKUM,21cineplex,,26HOKM,Horror,107 menit,13+,2D,2026-05-26,001ebde3-a68c-4b6a-b000-dc9615ad48bb,2026-05-26T16:31:46.268068
40eceb49-7f2d-47f6-94d9-6e58459e8b57,GHOST IN THE CELL,21cineplex,,16GITC,"Comedy, Horror",106 menit,D17+,2D,2026-05-26,ce2f52e2-b67f-491a-b8ff-3f69b738361d,2026-05-26T16:31:46.268275
40eceb49-7f2d-47f6-94d9-6e58459e8b57,GUDANG MERICA,21cineplex,,16GMEA,"Comedy, Horror",98 menit,D17+,2D,2026-05-26,2f125192-c8cb-46d0-a935-496922dd8af5,2026-05-26T16:31:46.268556
40eceb49-7f2d-47f6-94d9-6e58459e8b57,GOHAN,21cineplex,,26GOHN,Drama,140 menit,SU,2D,2026-05-26,8390f4b0-140e-4eee-9d7d-2c37fd5876f0,2026-05-26T16:31:46.269097
40eceb49-7f2d-47f6-94d9-6e58459e8b57,SALMOKJI: WHISPERING WATER,21cineplex,,26SWWR,Horror,95 menit,D17+,2D,2026-05-26,3cc60270-1e68-402e-8caa-80a6140c8b13,2026-05-26T16:31:46.269308
40eceb49-7f2d-47f6-94d9-6e58459e8b57,SUAMIKU LUKAKU,21cineplex,,16SLUU,Drama,92 menit,D17+,2D,2026-05-27,059c9449-7488-4ea6-9890-41b65bea6ec8,2026-05-26T16:31:46.269410
40eceb49-7f2d-47f6-94d9-6e58459e8b57,CHILDREN OF HEAVEN,21cineplex,,16COHN,"Drama, Family",97 menit,SU,2D,2026-05-27,4767bc87-e117-40c6-878b-70d28b336abe,2026-05-26T16:31:46.269525
40eceb49-7f2d-47f6-94d9-6e58459e8b57,GOHAN,21cineplex,,26GOHN,Drama,140 menit,SU,2D,2026-05-27,b1a046e6-dfc5-4ca3-971c-9ee3c605775e,2026-05-26T16:31:46.269683
40eceb49-7f2d-47f6-94d9-6e58459e8b57,GUDANG MERICA,21cineplex,,16GMEA,"Comedy, Horror",98 menit,D17+,2D,2026-05-27,b08418cf-6cc2-40d3-9c6f-af30cb35f778,2026-05-26T16:31:46.269757
40eceb49-7f2d-47f6-94d9-6e58459e8b57,HOKUM,21cineplex,,26HOKM,Horror,107 menit,13+,2D,2026-05-27,338aaaf1-3d0c-4ffb-bec2-e73900b52cfc,2026-05-26T16:31:46.269839
40eceb49-7f2d-47f6-94d9-6e58459e8b57,PASSENGER,21cineplex,,26PASR,Horror,94 menit,D17+,2D,2026-05-27,4cba32c4-2702-4a4d-a425-b2c41e019110,2026-05-26T16:31:46.269902
7ec07175-5a66-404a-b59a-ff90b90ea17c,STAR WARS: THE MANDALORIAN AND GROGU,21cineplex,,26SWMG,"Fantasy, Sci-Fi",132 menit,13+,2D,2026-05-26,bce316ea-6887-4c62-93e5-a68be4b9d8ce,2026-05-26T16:31:51.102731
7ec07175-5a66-404a-b59a-ff90b90ea17c,SEMUA AKAN BAIK-BAIK SAJA,21cineplex,,16SABB,Drama,113 menit,13+,2D,2026-05-26,51cc5382-06d5-4350-812c-cb51700b6241,2026-05-26T16:31:51.102842
7ec07175-5a66-404a-b59a-ff90b90ea17c,GOHAN,21cineplex,,26GOHN,Drama,140 menit,SU,2D,2026-05-26,b922f07f-0372-4f34-8b8f-4938c0caaa0d,2026-05-26T16:31:51.102897
7ec07175-5a66-404a-b59a-ff90b90ea17c,MORTAL KOMBAT II,21cineplex,,25MKT2,"Action, Adventure",116 menit,D17+,2D,2026-05-26,02ee4900-fe9b-4acf-91eb-2e2e09bff70e,2026-05-26T16:31:51.102963
7ec07175-5a66-404a-b59a-ff90b90ea17c,MICHAEL,21cineplex,,26MICL,Biography,127 menit,SU,2D,2026-05-26,e1d2548c-66f1-473a-ae51-0e3fa0af31de,2026-05-26T16:31:51.103015
7ec07175-5a66-404a-b59a-ff90b90ea17c,HOKUM,21cineplex,,26HOKM,Horror,107 menit,13+,2D,2026-05-26,17ff9b6d-4902-400d-aa8a-a309470ab3b8,2026-05-26T16:31:51.103079
7ec07175-5a66-404a-b59a-ff90b90ea17c,TUMBAL PROYEK,21cineplex,,16TPRK,Horror,106 menit,D17+,2D,2026-05-26,5e7fbae3-0c9a-4794-b4f1-ce41f299e095,2026-05-26T16:31:51.103142
7ec07175-5a66-404a-b59a-ff90b90ea17c,PASSENGER,21cineplex,,26PASR,Horror,94 menit,D17+,2D,2026-05-27,b470edcc-c44b-49c1-b434-9dcba8c34c73,2026-05-26T16:31:51.103174
7ec07175-5a66-404a-b59a-ff90b90ea17c,GOHAN,21cineplex,,26GOHN,Drama,140 menit,SU,2D,2026-05-27,07c5a22c-d943-4ff4-a553-8bc7ecc5db26,2026-05-26T16:31:51.103245
7ec07175-5a66-404a-b59a-ff90b90ea17c,HOKUM,21cineplex,,26HOKM,Horror,107 menit,13+,2D,2026-05-27,d496c498-d103-427b-8dbf-f03e4004f185,2026-05-26T16:31:51.103285
7ec07175-5a66-404a-b59a-ff90b90ea17c,STAR WARS: THE MANDALORIAN AND GROGU,21cineplex,,26SWMG,"Fantasy, Sci-Fi",132 menit,13+,2D,2026-05-27,893f6001-e0c0-4170-aaaa-ff309f5abd48,2026-05-26T16:31:51.103330
7ec07175-5a66-404a-b59a-ff90b90ea17c,MICHAEL,21cineplex,,26MICL,Biography,127 menit,SU,2D,2026-05-27,60bd1e44-926e-415e-80b2-e071df21dcaf,2026-05-26T16:31:51.103368
7ec07175-5a66-404a-b59a-ff90b90ea17c,CHILDREN OF HEAVEN,21cineplex,,16COHN,"Drama, Family",97 menit,SU,2D,2026-05-27,3a90919a-70a6-4758-9e97-84a51d4a92d7,2026-05-26T16:31:51.103412
7ec07175-5a66-404a-b59a-ff90b90ea17c,SEKAWAN LIMO 2: GUNUNG KLAWIH,21cineplex,,16SK2G,"Comedy, Horror",122 menit,13+,2D,2026-05-27,ab7e5a1f-5d42-48fb-929e-a4f506226252,2026-05-26T16:31:51.103477
7ec07175-5a66-404a-b59a-ff90b90ea17c,COLONY,21cineplex,,26COLY,"Horror, Thriller",122 menit,13+,2D,2026-06-03,9e62c3bd-dd1b-432a-85ad-fcacf20f7bec,2026-05-26T16:31:51.103557
c0bd435a-0b10-4519-9d3c-e3e13c9e48df,STAR WARS: THE MANDALORIAN AND GROGU,21cineplex,,26SWMG,"Fantasy, Sci-Fi",132 menit,13+,2D,2026-05-26,c1ef51d3-42b3-4fd3-851f-cb4a025e4945,2026-05-26T16:31:53.922746
c0bd435a-0b10-4519-9d3c-e3e13c9e48df,GHOST IN THE CELL,21cineplex,,16GITC,"Comedy, Horror",106 menit,D17+,2D,2026-05-26,144394a7-637a-4f94-8bc0-a1fbdff2683c,2026-05-26T16:31:53.922962
c0bd435a-0b10-4519-9d3c-e3e13c9e48df,TUMBAL PROYEK,21cineplex,,16TPRK,Horror,106 menit,D17+,2D,2026-05-26,30d01317-2441-4dbe-ba4f-6ae9e435f8f3,2026-05-26T16:31:53.923104
c0bd435a-0b10-4519-9d3c-e3e13c9e48df,SEMUA AKAN BAIK-BAIK SAJA,21cineplex,,16SABB,Drama,113 menit,13+,2D,2026-05-26,f9445a8a-3bea-4e59-85dc-587a82fbeed5,2026-05-26T16:31:53.923407
c0bd435a-0b10-4519-9d3c-e3e13c9e48df,THE SHEEP DETECTIVES,21cineplex,,26SDES,"Comedy, Mystery",109 menit,SU,2D,2026-05-26,beb43bc5-369e-41a3-a4eb-3fd609e897fb,2026-05-26T16:31:53.923814
c0bd435a-0b10-4519-9d3c-e3e13c9e48df,MORTAL KOMBAT II,21cineplex,,25MKT2,"Action, Adventure",116 menit,D17+,2D,2026-05-26,55e548d3-5545-4668-8b02-13a9f8f13fd5,2026-05-26T16:31:53.924029
c0bd435a-0b10-4519-9d3c-e3e13c9e48df,GOHAN,21cineplex,,26GOHN,Drama,140 menit,SU,2D,2026-05-26,61f582a4-8abf-4c26-9910-4b54e5db8193,2026-05-26T16:31:53.924198
c0bd435a-0b10-4519-9d3c-e3e13c9e48df,STAR WARS: THE MANDALORIAN AND GROGU,21cineplex,,26SWMG,"Fantasy, Sci-Fi",132 menit,13+,2D,2026-05-27,eebac8b0-891e-4a5c-aff5-53ef2aeab7ee,2026-05-26T16:31:53.924309
c0bd435a-0b10-4519-9d3c-e3e13c9e48df,SUAMIKU LUKAKU,21cineplex,,16SLUU,Drama,92 menit,D17+,2D,2026-05-27,58e26241-240b-481c-b7f3-2e56e9e8366c,2026-05-26T16:31:53.924423
c0bd435a-0b10-4519-9d3c-e3e13c9e48df,CHILDREN OF HEAVEN,21cineplex,,16COHN,"Drama, Family",97 menit,SU,2D,2026-05-27,89e7e564-3e76-4fa5-ab79-95da8f04adf7,2026-05-26T16:31:53.924582
c0bd435a-0b10-4519-9d3c-e3e13c9e48df,TUMBAL PROYEK,21cineplex,,16TPRK,Horror,106 menit,D17+,2D,2026-05-27,78c4a7fc-a129-4cce-98b0-c4eda5315fd8,2026-05-26T16:31:53.924770
c0bd435a-0b10-4519-9d3c-e3e13c9e48df,SEMUA AKAN BAIK-BAIK SAJA,21cineplex,,16SABB,Drama,113 menit,13+,2D,2026-05-27,aa78844a-aa5c-4397-8b9c-bb2b0f4f8897,2026-05-26T16:31:53.924979
c0bd435a-0b10-4519-9d3c-e3e13c9e48df,SEKAWAN LIMO 2: GUNUNG KLAWIH,21cineplex,,16SK2G,"Comedy, Horror",122 menit,13+,2D,2026-05-27,01bd4c5a-96fc-413b-a9bf-ef3dc7458cec,2026-05-26T16:31:53.925204
c0bd435a-0b10-4519-9d3c-e3e13c9e48df,COLONY,21cineplex,,26COLY,"Horror, Thriller",122 menit,13+,2D,2026-06-03,8f4834a7-6fa8-42d1-a6c1-d804316b1fd6,2026-05-26T16:31:53.925403
72441211-c7b2-49ec-9948-dfe5e5e3322c,TUMBAL PROYEK,21cineplex,,16TPRK,Horror,106 menit,D17+,2D,2026-05-26,073173b1-b510-476f-a1eb-322b3e124824,2026-05-26T16:31:55.560579
72441211-c7b2-49ec-9948-dfe5e5e3322c,YANG LAIN BOLEH HILANG ASAL KAU JANGAN,21cineplex,,16YLBH,Drama,113 menit,13+,2D,2026-05-26,86b1571a-834c-4f76-a1ca-2165bb75724e,2026-05-26T16:31:55.561092
72441211-c7b2-49ec-9948-dfe5e5e3322c,SEMUA AKAN BAIK-BAIK SAJA,21cineplex,,16SABB,Drama,113 menit,13+,2D,2026-05-26,18ba144d-70af-4ed9-92df-8089f194e617,2026-05-26T16:31:55.561542
72441211-c7b2-49ec-9948-dfe5e5e3322c,GUDANG MERICA,21cineplex,,16GMEA,"Comedy, Horror",98 menit,D17+,2D,2026-05-26,7323f6c6-e83d-4c08-b047-756aaf11a9ae,2026-05-26T16:31:55.561844
72441211-c7b2-49ec-9948-dfe5e5e3322c,KAMU HARUS MATI,21cineplex,,16KHMI,"Horror, Mystery, Thriller",90 menit,13+,2D,2026-05-26,6e646c88-1e6d-4d65-ba19-11bfb608c2ff,2026-05-26T16:31:55.562016
72441211-c7b2-49ec-9948-dfe5e5e3322c,CHILDREN OF HEAVEN,21cineplex,,16COHN,"Drama, Family",97 menit,SU,2D,2026-05-27,ecb27dbe-a721-4660-bb15-e63a3ee3865f,2026-05-26T16:31:55.562237
72441211-c7b2-49ec-9948-dfe5e5e3322c,GUDANG MERICA,21cineplex,,16GMEA,"Comedy, Horror",98 menit,D17+,2D,2026-05-27,f0a7e33e-798f-4dec-b345-5e2634f88959,2026-05-26T16:31:55.562453
72441211-c7b2-49ec-9948-dfe5e5e3322c,TUMBAL PROYEK,21cineplex,,16TPRK,Horror,106 menit,D17+,2D,2026-05-27,0fbaaa90-4268-4d14-a507-aba3fa1ff00f,2026-05-26T16:31:55.562601
72441211-c7b2-49ec-9948-dfe5e5e3322c,BADUT GENDONG,21cineplex,,16BGEG,"Action, Horror",101 menit,D17+,2D,2026-05-27,564740e4-bfc0-4b2f-8f6a-c1b97e81a659,2026-05-26T16:31:55.562744
72441211-c7b2-49ec-9948-dfe5e5e3322c,YANG LAIN BOLEH HILANG ASAL KAU JANGAN,21cineplex,,16YLBH,Drama,113 menit,13+,2D,2026-05-27,2a6bb850-a8ff-48e6-b8fd-cf6ffb8b1e80,2026-05-26T16:31:55.562959
72441211-c7b2-49ec-9948-dfe5e5e3322c,SEMUA AKAN BAIK-BAIK SAJA,21cineplex,,16SABB,Drama,113 menit,13+,2D,2026-05-27,0c3c77d4-e56f-48bb-b0cc-dab2f7880cc6,2026-05-26T16:31:55.563097
72441211-c7b2-49ec-9948-dfe5e5e3322c,SUAMIKU LUKAKU,21cineplex,,16SLUU,Drama,92 menit,D17+,2D,2026-05-27,447f09cf-ca32-4032-bb93-e0b358eb41fc,2026-05-26T16:31:55.563239
9cc782f5-a4a6-4ef5-8f24-da049094f7a9,GHOST IN THE CELL,21cineplex,,16GITC,"Comedy, Horror",106 menit,D17+,2D,2026-05-26,143c534e-b824-4dbf-a913-343d113da3b0,2026-05-26T16:31:56.804667
9cc782f5-a4a6-4ef5-8f24-da049094f7a9,STAR WARS: THE MANDALORIAN AND GROGU,21cineplex,,26SWMG,"Fantasy, Sci-Fi",132 menit,13+,2D,2026-05-26,03963f71-2add-44d4-a7d6-b7a8fa83b3fe,2026-05-26T16:31:56.804900
9cc782f5-a4a6-4ef5-8f24-da049094f7a9,THE SHEEP DETECTIVES,21cineplex,,26SDES,"Comedy, Mystery",109 menit,SU,2D,2026-05-26,1c8c706e-a77c-4d29-ad41-a48e007924f3,2026-05-26T16:31:56.805005
9cc782f5-a4a6-4ef5-8f24-da049094f7a9,LEE CRONIN'S THE MUMMY,21cineplex,,26LCTM,Horror,134 menit,D17+,2D,2026-05-26,3d3f63f8-b835-4cc8-b7cc-5f0428df0c3a,2026-05-26T16:31:56.805086
9cc782f5-a4a6-4ef5-8f24-da049094f7a9,THE DEVIL WEARS PRADA 2,21cineplex,,26DWP2,"Comedy, Drama",119 menit,13+,2D,2026-05-26,3857b793-d507-4216-a367-15f5089bb1b8,2026-05-26T16:31:56.805174
9cc782f5-a4a6-4ef5-8f24-da049094f7a9,MICHAEL,21cineplex,,26MICL,Biography,127 menit,SU,2D,2026-05-26,53d9a188-a6e3-4edb-9400-b2815eb8ccb9,2026-05-26T16:31:56.805281
9cc782f5-a4a6-4ef5-8f24-da049094f7a9,HOKUM,21cineplex,,26HOKM,Horror,107 menit,13+,2D,2026-05-26,d353746c-021c-40b6-a67a-e9b1830bc51d,2026-05-26T16:31:56.805384
9cc782f5-a4a6-4ef5-8f24-da049094f7a9,SALMOKJI: WHISPERING WATER,21cineplex,,26SWWR,Horror,95 menit,D17+,2D,2026-05-26,fcf2d89f-8c00-4e49-ac31-3a19b3206c87,2026-05-26T16:31:56.805544
9cc782f5-a4a6-4ef5-8f24-da049094f7a9,GOHAN,21cineplex,,26GOHN,Drama,140 menit,SU,2D,2026-05-26,a7f28710-24ce-489f-928b-fdc8dcfc96ce,2026-05-26T16:31:56.805667
9cc782f5-a4a6-4ef5-8f24-da049094f7a9,HOKUM,21cineplex,,26HOKM,Horror,107 menit,13+,2D,2026-05-27,5dd77618-2f9f-49c4-9e0f-5f605562fe36,2026-05-26T16:31:56.805828
9cc782f5-a4a6-4ef5-8f24-da049094f7a9,GHOST IN THE CELL,21cineplex,,16GITC,"Comedy, Horror",106 menit,D17+,2D,2026-05-27,453f75e9-f396-4014-9e26-0fdb75f38903,2026-05-26T16:31:56.805969
9cc782f5-a4a6-4ef5-8f24-da049094f7a9,GOHAN,21cineplex,,26GOHN,Drama,140 menit,SU,2D,2026-05-27,5796929a-e654-40c7-920d-ce858622a1bb,2026-05-26T16:31:56.806123
9cc782f5-a4a6-4ef5-8f24-da049094f7a9,SUAMIKU LUKAKU,21cineplex,,16SLUU,Drama,92 menit,D17+,2D,2026-05-27,84f85a54-1aa0-450f-9df4-07ef2997e371,2026-05-26T16:31:56.806227
9cc782f5-a4a6-4ef5-8f24-da049094f7a9,BADUT GENDONG,21cineplex,,16BGEG,"Action, Horror",101 menit,D17+,2D,2026-05-27,0fc63e20-f41e-4725-ba0c-d04abaa769d2,2026-05-26T16:31:56.806478
9cc782f5-a4a6-4ef5-8f24-da049094f7a9,CHILDREN OF HEAVEN,21cineplex,,16COHN,"Drama, Family",97 menit,SU,2D,2026-05-27,dfae2503-ce1a-4977-89f2-3d724e281a59,2026-05-26T16:31:56.806809
9cc782f5-a4a6-4ef5-8f24-da049094f7a9,PASSENGER,21cineplex,,26PASR,Horror,94 menit,D17+,2D,2026-05-27,69511e0f-03b4-49e1-b62c-8c618458550a,2026-05-26T16:31:56.807011
9cc782f5-a4a6-4ef5-8f24-da049094f7a9,SEKAWAN LIMO 2: GUNUNG KLAWIH,21cineplex,,16SK2G,"Comedy, Horror",122 menit,13+,2D,2026-05-27,54b1bfa4-0573-4d64-b326-0c496a3e9421,2026-05-26T16:31:56.807210
9cc782f5-a4a6-4ef5-8f24-da049094f7a9,COLONY,21cineplex,,26COLY,"Horror, Thriller",122 menit,13+,2D,2026-06-03,2bee2ce8-bfdb-4dba-9618-34896cebb871,2026-05-26T16:31:56.807347
b4e5f494-5033-4d76-85db-36042fba1537,FUZE,21cineplex,,26FUZE,"Action, Crime",96 menit,D17+,2D,2026-05-26,8e9db5ea-6e2e-4346-b87f-dbdd267bb20f,2026-05-26T16:32:01.612350
b4e5f494-5033-4d76-85db-36042fba1537,HOKUM,21cineplex,,26HOKM,Horror,107 menit,13+,2D,2026-05-26,6c6d7a1c-73f4-495a-b53e-4ae5562ffd15,2026-05-26T16:32:01.612406
b4e5f494-5033-4d76-85db-36042fba1537,TUMBAL PROYEK,21cineplex,,16TPRK,Horror,106 menit,D17+,2D,2026-05-26,92fdadac-77ca-4eeb-8e67-fdaa3d11513f,2026-05-26T16:32:01.612463
b4e5f494-5033-4d76-85db-36042fba1537,GUDANG MERICA,21cineplex,,16GMEA,"Comedy, Horror",98 menit,D17+,2D,2026-05-26,3c2e4d49-daff-413b-9fa8-d2ff0d24aeb2,2026-05-26T16:32:01.612517
b4e5f494-5033-4d76-85db-36042fba1537,IN THE GREY,21cineplex,,26ITGY,"Action, Thriller",97 menit,13+,2D,2026-05-26,c1c34e88-f96a-4a3d-82f9-af226770142c,2026-05-26T16:32:01.612588
b4e5f494-5033-4d76-85db-36042fba1537,THE SHEEP DETECTIVES,21cineplex,,26SDES,"Comedy, Mystery",109 menit,SU,2D,2026-05-26,bf9d6ab4-9264-474f-b61b-44d0277806fc,2026-05-26T16:32:01.612627
b4e5f494-5033-4d76-85db-36042fba1537,STAR WARS: THE MANDALORIAN AND GROGU,21cineplex,,26SWMG,"Fantasy, Sci-Fi",132 menit,13+,2D,2026-05-26,c6561f86-01ee-48e7-9430-643725beb8ff,2026-05-26T16:32:01.612680
b4e5f494-5033-4d76-85db-36042fba1537,MORTAL KOMBAT II,21cineplex,,25MKT2,"Action, Adventure",116 menit,D17+,2D,2026-05-26,8c12bf40-7d0e-4909-9b94-ad78d1fadb7a,2026-05-26T16:32:01.612722
b4e5f494-5033-4d76-85db-36042fba1537,SEMUA AKAN BAIK-BAIK SAJA,21cineplex,,16SABB,Drama,113 menit,13+,2D,2026-05-26,dbea3262-42fd-4f7b-826d-366af1303dcf,2026-05-26T16:32:01.612776
b4e5f494-5033-4d76-85db-36042fba1537,YANG LAIN BOLEH HILANG ASAL KAU JANGAN,21cineplex,,16YLBH,Drama,113 menit,13+,2D,2026-05-26,8046f38f-671f-4f79-82ee-4e3a370d3bed,2026-05-26T16:32:01.612846
b4e5f494-5033-4d76-85db-36042fba1537,GHOST IN THE CELL,21cineplex,,16GITC,"Comedy, Horror",106 menit,D17+,2D,2026-05-26,c875a5aa-8e7b-4af6-b102-4a710a36090e,2026-05-26T16:32:01.612894
b4e5f494-5033-4d76-85db-36042fba1537,GOHAN,21cineplex,,26GOHN,Drama,140 menit,SU,2D,2026-05-26,067870ae-1172-4cd1-a277-fc660f56ad2a,2026-05-26T16:32:01.612952
b4e5f494-5033-4d76-85db-36042fba1537,GUDANG MERICA,21cineplex,,16GMEA,"Comedy, Horror",98 menit,D17+,2D,2026-05-27,3c3a4b7e-f5f6-4a7e-95ba-a98e586bfc4b,2026-05-26T16:32:01.612985
b4e5f494-5033-4d76-85db-36042fba1537,YANG LAIN BOLEH HILANG ASAL KAU JANGAN,21cineplex,,16YLBH,Drama,113 menit,13+,2D,2026-05-27,03e5a789-f898-4be9-b460-8ade5803f8ea,2026-05-26T16:32:01.613038
b4e5f494-5033-4d76-85db-36042fba1537,GOHAN,21cineplex,,26GOHN,Drama,140 menit,SU,2D,2026-05-27,eae6ad77-a46d-4bde-988e-1152ac03cd10,2026-05-26T16:32:01.613072
b4e5f494-5033-4d76-85db-36042fba1537,BADUT GENDONG,21cineplex,,16BGEG,"Action, Horror",101 menit,D17+,2D,2026-05-27,e6368fe4-7ced-4166-8731-e7ce73b7f4d4,2026-05-26T16:32:01.613101
b4e5f494-5033-4d76-85db-36042fba1537,SUAMIKU LUKAKU,21cineplex,,16SLUU,Drama,92 menit,D17+,2D,2026-05-27,4cc0c5a3-9123-4fb1-934d-ad1f75cc4730,2026-05-26T16:32:01.613154
b4e5f494-5033-4d76-85db-36042fba1537,SEKAWAN LIMO 2: GUNUNG KLAWIH,21cineplex,,16SK2G,"Comedy, Horror",122 menit,13+,2D,2026-05-27,1d89a7cb-2fe6-4747-abc0-4748a405d432,2026-05-26T16:32:01.613208
b4e5f494-5033-4d76-85db-36042fba1537,TUMBAL PROYEK,21cineplex,,16TPRK,Horror,106 menit,D17+,2D,2026-05-27,5440d8ce-ff91-4aad-aff6-3295f7bb0523,2026-05-26T16:32:01.613252
b4e5f494-5033-4d76-85db-36042fba1537,SEMUA AKAN BAIK-BAIK SAJA,21cineplex,,16SABB,Drama,113 menit,13+,2D,2026-05-27,5e0c3962-5b97-4e48-9338-94a76d2cf504,2026-05-26T16:32:01.613301
b4e5f494-5033-4d76-85db-36042fba1537,CHILDREN OF HEAVEN,21cineplex,,16COHN,"Drama, Family",97 menit,SU,2D,2026-05-27,baf1ac75-e97f-4b8d-9d92-5276c6e3a1ed,2026-05-26T16:32:01.613347
b4e5f494-5033-4d76-85db-36042fba1537,THE SHEEP DETECTIVES,21cineplex,,26SDES,"Comedy, Mystery",109 menit,SU,2D,2026-05-27,0865de5e-f749-413e-8943-d53da48cea21,2026-05-26T16:32:01.613398
b4e5f494-5033-4d76-85db-36042fba1537,PASSENGER,21cineplex,,26PASR,Horror,94 menit,D17+,2D,2026-05-27,2fc5e607-dab2-4a71-b77e-5c57e00200ef,2026-05-26T16:32:01.613428
b4e5f494-5033-4d76-85db-36042fba1537,STAR WARS: THE MANDALORIAN AND GROGU,21cineplex,,26SWMG,"Fantasy, Sci-Fi",132 menit,13+,2D,2026-05-27,fe7c766d-a7e6-46cd-b58b-59ef559b504e,2026-05-26T16:32:01.613478
b4e5f494-5033-4d76-85db-36042fba1537,COLONY,21cineplex,,26COLY,"Horror, Thriller",122 menit,13+,2D,2026-06-03,cc0f781c-0880-4056-8ead-92c7b44d92f1,2026-05-26T16:32:01.613525
02c47c4f-b753-4712-9153-9acf2740af95,SEMUA AKAN BAIK-BAIK SAJA,21cineplex,,16SABB,Drama,113 menit,13+,2D,2026-05-26,83af133d-e415-4816-870d-c15fc42ffdd9,2026-05-26T16:32:02.808598
02c47c4f-b753-4712-9153-9acf2740af95,GOHAN,21cineplex,,26GOHN,Drama,140 menit,SU,2D,2026-05-26,6e238157-37e0-481a-a26f-f35f68603ee4,2026-05-26T16:32:02.808853
02c47c4f-b753-4712-9153-9acf2740af95,HOKUM,21cineplex,,26HOKM,Horror,107 menit,13+,2D,2026-05-26,3659a739-597c-40ef-8d22-7db94a4d5bd0,2026-05-26T16:32:02.808926
02c47c4f-b753-4712-9153-9acf2740af95,STAR WARS: THE MANDALORIAN AND GROGU,21cineplex,,26SWMG,"Fantasy, Sci-Fi",132 menit,13+,2D,2026-05-26,f809a049-f285-440c-91b2-4faf08b94f66,2026-05-26T16:32:02.809259
02c47c4f-b753-4712-9153-9acf2740af95,GUDANG MERICA,21cineplex,,16GMEA,"Comedy, Horror",98 menit,D17+,2D,2026-05-26,914e4e5d-35a4-4bd3-a22b-598570d20d75,2026-05-26T16:32:02.809470
02c47c4f-b753-4712-9153-9acf2740af95,TUMBAL PROYEK,21cineplex,,16TPRK,Horror,106 menit,D17+,2D,2026-05-26,583a1bb0-6f17-4098-81cd-083871be30d1,2026-05-26T16:32:02.809641
02c47c4f-b753-4712-9153-9acf2740af95,TIBA TIBA SETAN,21cineplex,,16TTSN,"Comedy, Horror",113 menit,13+,2D,2026-05-26,8c89a7f7-b041-47e5-aec4-ba7e4d76ad7f,2026-05-26T16:32:02.809846
02c47c4f-b753-4712-9153-9acf2740af95,MORTAL KOMBAT II,21cineplex,,25MKT2,"Action, Adventure",116 menit,D17+,2D,2026-05-26,c95d69b2-830e-43eb-ade3-3fc274e7e756,2026-05-26T16:32:02.810028
02c47c4f-b753-4712-9153-9acf2740af95,KELUARGA SUAMI ADALAH HAMA,21cineplex,,16KSAH,Drama,117 menit,13+,2D,2026-05-26,d2dd2fd0-00c7-43f6-be48-bb870992ad5b,2026-05-26T16:32:02.810209
02c47c4f-b753-4712-9153-9acf2740af95,SEMUA AKAN BAIK-BAIK SAJA,21cineplex,,16SABB,Drama,113 menit,13+,2D,2026-05-27,f0945af1-2ed3-4f7d-adcf-100c5f284f22,2026-05-26T16:32:02.810374
02c47c4f-b753-4712-9153-9acf2740af95,GUDANG MERICA,21cineplex,,16GMEA,"Comedy, Horror",98 menit,D17+,2D,2026-05-27,f5758499-083e-41ea-9f25-d53bbbde6ea1,2026-05-26T16:32:02.810560
02c47c4f-b753-4712-9153-9acf2740af95,TUMBAL PROYEK,21cineplex,,16TPRK,Horror,106 menit,D17+,2D,2026-05-27,0215dcb2-2a03-4e8e-9eb5-6fcacc2f97a2,2026-05-26T16:32:02.810733
02c47c4f-b753-4712-9153-9acf2740af95,SEKAWAN LIMO 2: GUNUNG KLAWIH,21cineplex,,16SK2G,"Comedy, Horror",122 menit,13+,2D,2026-05-27,f6fd6bd5-84ec-4617-af4f-90e5d3954db5,2026-05-26T16:32:02.810901
02c47c4f-b753-4712-9153-9acf2740af95,SUAMIKU LUKAKU,21cineplex,,16SLUU,Drama,92 menit,D17+,2D,2026-05-27,f93556d8-e217-4f51-b783-142525ce98fa,2026-05-26T16:32:02.811080
02c47c4f-b753-4712-9153-9acf2740af95,CHILDREN OF HEAVEN,21cineplex,,16COHN,"Drama, Family",97 menit,SU,2D,2026-05-27,37b83ccf-e610-469a-a203-168ba772a20c,2026-05-26T16:32:02.811306
02c47c4f-b753-4712-9153-9acf2740af95,BADUT GENDONG,21cineplex,,16BGEG,"Action, Horror",101 menit,D17+,2D,2026-05-27,68e2093f-ed37-419d-a7ed-963160d5dc97,2026-05-26T16:32:02.811495
02c47c4f-b753-4712-9153-9acf2740af95,COLONY,21cineplex,,26COLY,"Horror, Thriller",122 menit,13+,2D,2026-06-03,149cbafe-9a5b-457c-8371-8436a73c7d38,2026-05-26T16:32:02.811778
80dd075c-7b52-47b1-9dbb-8c51f6cd8598,KELUARGA SUAMI ADALAH HAMA,21cineplex,,16KSAH,Drama,117 menit,13+,2D,2026-05-26,feeba8a7-3e86-44de-bae0-96b683e5b0db,2026-05-26T16:32:04.492477
80dd075c-7b52-47b1-9dbb-8c51f6cd8598,DILAN ITB 1997,21cineplex,,16DI97,"Drama, Romance",110 menit,13+,2D,2026-05-26,7dfa49ad-1a1c-42de-b16f-bfa91ea14b7b,2026-05-26T16:32:04.492641
80dd075c-7b52-47b1-9dbb-8c51f6cd8598,TUMBAL PROYEK,21cineplex,,16TPRK,Horror,106 menit,D17+,2D,2026-05-26,04a181a2-d670-4e98-9141-d175466ece75,2026-05-26T16:32:04.492831
80dd075c-7b52-47b1-9dbb-8c51f6cd8598,GUDANG MERICA,21cineplex,,16GMEA,"Comedy, Horror",98 menit,D17+,2D,2026-05-26,a232b0a2-ca79-42de-b235-12da7de1a30e,2026-05-26T16:32:04.493024
80dd075c-7b52-47b1-9dbb-8c51f6cd8598,SEMUA AKAN BAIK-BAIK SAJA,21cineplex,,16SABB,Drama,113 menit,13+,2D,2026-05-26,9fdca845-5047-4128-a081-62d2ea679680,2026-05-26T16:32:04.493231
80dd075c-7b52-47b1-9dbb-8c51f6cd8598,BADUT GENDONG,21cineplex,,16BGEG,"Action, Horror",101 menit,D17+,2D,2026-05-27,93bbb1fb-9bf3-4f9c-9895-1e0adbaab0aa,2026-05-26T16:32:04.493472
80dd075c-7b52-47b1-9dbb-8c51f6cd8598,GUDANG MERICA,21cineplex,,16GMEA,"Comedy, Horror",98 menit,D17+,2D,2026-05-27,94379475-b7b5-4ff2-9b96-abdf65710d99,2026-05-26T16:32:04.493597
80dd075c-7b52-47b1-9dbb-8c51f6cd8598,SEKAWAN LIMO 2: GUNUNG KLAWIH,21cineplex,,16SK2G,"Comedy, Horror",122 menit,13+,2D,2026-05-27,1302f80c-d3d3-4f95-95c5-b460378773a8,2026-05-26T16:32:04.493814
80dd075c-7b52-47b1-9dbb-8c51f6cd8598,CHILDREN OF HEAVEN,21cineplex,,16COHN,"Drama, Family",97 menit,SU,2D,2026-05-27,a96b3019-dcd3-4fc6-aac1-356204886126,2026-05-26T16:32:04.494022
80dd075c-7b52-47b1-9dbb-8c51f6cd8598,SUAMIKU LUKAKU,21cineplex,,16SLUU,Drama,92 menit,D17+,2D,2026-05-27,8d3916e3-f2d1-4ca8-9c92-013b6d1f5c3d,2026-05-26T16:32:04.494157
80fecbe1-03aa-45a6-9718-d4be573c78de,GOHAN,21cineplex,,26GOHN,Drama,140 menit,SU,2D,2026-05-26,b9d6a8d5-70fd-4a38-8300-8d64d8b01535,2026-05-26T16:32:05.763956
80fecbe1-03aa-45a6-9718-d4be573c78de,SALMOKJI: WHISPERING WATER,21cineplex,,26SWWR,Horror,95 menit,D17+,2D,2026-05-26,bcdc2331-c167-448a-a045-b12e8a957a34,2026-05-26T16:32:05.764135
80fecbe1-03aa-45a6-9718-d4be573c78de,GUDANG MERICA,21cineplex,,16GMEA,"Comedy, Horror",98 menit,D17+,2D,2026-05-26,14cb1d8c-dedb-4679-8745-4ad14ec586df,2026-05-26T16:32:05.764343
80fecbe1-03aa-45a6-9718-d4be573c78de,HOKUM,21cineplex,,26HOKM,Horror,107 menit,13+,2D,2026-05-26,3d00106f-8763-4494-865f-0e84490cd31b,2026-05-26T16:32:05.764505
80fecbe1-03aa-45a6-9718-d4be573c78de,SEMUA AKAN BAIK-BAIK SAJA,21cineplex,,16SABB,Drama,113 menit,13+,2D,2026-05-26,701c4879-e8f7-46f1-a99b-e6cc6291da70,2026-05-26T16:32:05.764641
80fecbe1-03aa-45a6-9718-d4be573c78de,STAR WARS: THE MANDALORIAN AND GROGU,21cineplex,,26SWMG,"Fantasy, Sci-Fi",132 menit,13+,2D,2026-05-26,b8968d23-be23-4cdf-a37a-895891a4de04,2026-05-26T16:32:05.764792
80fecbe1-03aa-45a6-9718-d4be573c78de,CHILDREN OF HEAVEN,21cineplex,,16COHN,"Drama, Family",97 menit,SU,2D,2026-05-27,baf6385d-2771-4688-bd82-5e603f9e8de6,2026-05-26T16:32:05.764962
80fecbe1-03aa-45a6-9718-d4be573c78de,SUAMIKU LUKAKU,21cineplex,,16SLUU,Drama,92 menit,D17+,2D,2026-05-27,760c3247-2a64-49b0-b612-b90b127d73b5,2026-05-26T16:32:05.765145
80fecbe1-03aa-45a6-9718-d4be573c78de,PASSENGER,21cineplex,,26PASR,Horror,94 menit,D17+,2D,2026-05-27,b63ba094-5c0e-4ea6-a2bd-67187f364d73,2026-05-26T16:32:05.765269
80fecbe1-03aa-45a6-9718-d4be573c78de,BADUT GENDONG,21cineplex,,16BGEG,"Action, Horror",101 menit,D17+,2D,2026-05-27,b9633761-820d-41d7-81cb-4ac6d27ee0f8,2026-05-26T16:32:05.765452
80fecbe1-03aa-45a6-9718-d4be573c78de,SEKAWAN LIMO 2: GUNUNG KLAWIH,21cineplex,,16SK2G,"Comedy, Horror",122 menit,13+,2D,2026-05-27,60928da0-7271-4ec8-b8cb-a36d81b27485,2026-05-26T16:32:05.765643
80fecbe1-03aa-45a6-9718-d4be573c78de,COLONY,21cineplex,,26COLY,"Horror, Thriller",122 menit,13+,2D,2026-06-03,ce0a6e5c-d7fe-459f-9a07-970199e588b2,2026-05-26T16:32:05.765758
8be4d532-2a6a-4282-861f-f033622a27ad,TUMBAL PROYEK,21cineplex,,16TPRK,Horror,106 menit,D17+,2D,2026-05-26,7cd0c095-0023-42ca-8fe0-6f16fc909f5b,2026-05-26T16:32:08.762858
8be4d532-2a6a-4282-861f-f033622a27ad,STAR WARS: THE MANDALORIAN AND GROGU,21cineplex,,26SWMG,"Fantasy, Sci-Fi",132 menit,13+,2D,2026-05-26,e6c0fe8f-1a04-439e-9a06-39797134b1b3,2026-05-26T16:32:08.763029
8be4d532-2a6a-4282-861f-f033622a27ad,HOKUM,21cineplex,,26HOKM,Horror,107 menit,13+,2D,2026-05-26,43128800-207b-47a3-b585-30da4b2a3541,2026-05-26T16:32:08.763143
8be4d532-2a6a-4282-861f-f033622a27ad,DILAN ITB 1997,21cineplex,,16DI97,"Drama, Romance",110 menit,13+,2D,2026-05-26,6dc7ae99-8a96-4569-8239-57cf09ab515d,2026-05-26T16:32:08.763234
8be4d532-2a6a-4282-861f-f033622a27ad,GOHAN,21cineplex,,26GOHN,Drama,140 menit,SU,2D,2026-05-26,2dff7ff2-669a-462a-bab7-35aba17094a2,2026-05-26T16:32:08.763313
8be4d532-2a6a-4282-861f-f033622a27ad,KELUARGA SUAMI ADALAH HAMA,21cineplex,,16KSAH,Drama,117 menit,13+,2D,2026-05-26,186543d3-d958-4121-9cef-8922c5a53e11,2026-05-26T16:32:08.763390
8be4d532-2a6a-4282-861f-f033622a27ad,SEMUA AKAN BAIK-BAIK SAJA,21cineplex,,16SABB,Drama,113 menit,13+,2D,2026-05-26,39b1010e-0a68-45ca-972d-092a148b4925,2026-05-26T16:32:08.763478
8be4d532-2a6a-4282-861f-f033622a27ad,THE SHEEP DETECTIVES,21cineplex,,26SDES,"Comedy, Mystery",109 menit,SU,2D,2026-05-26,d0788bd3-0c03-4d89-bd74-2b978ac5f7bd,2026-05-26T16:32:08.763620
8be4d532-2a6a-4282-861f-f033622a27ad,HOKUM,21cineplex,,26HOKM,Horror,107 menit,13+,2D,2026-05-27,3cd302d2-8dcd-49ba-88ab-629cd57379f2,2026-05-26T16:32:08.763752
8be4d532-2a6a-4282-861f-f033622a27ad,CHILDREN OF HEAVEN,21cineplex,,16COHN,"Drama, Family",97 menit,SU,2D,2026-05-27,cf80e2cf-24d4-4d36-a7bb-04e1e78b6d6b,2026-05-26T16:32:08.763801
8be4d532-2a6a-4282-861f-f033622a27ad,SUAMIKU LUKAKU,21cineplex,,16SLUU,Drama,92 menit,D17+,2D,2026-05-27,e56a132e-0ea8-4283-aca1-78e927a01d87,2026-05-26T16:32:08.763924
8be4d532-2a6a-4282-861f-f033622a27ad,SEKAWAN LIMO 2: GUNUNG KLAWIH,21cineplex,,16SK2G,"Comedy, Horror",122 menit,13+,2D,2026-05-27,678c353e-1e7a-47b8-9f6e-40216d61b890,2026-05-26T16:32:08.764054
8be4d532-2a6a-4282-861f-f033622a27ad,TUMBAL PROYEK,21cineplex,,16TPRK,Horror,106 menit,D17+,2D,2026-05-27,6ae9ae26-d727-48bb-80ca-6bfc99e89a3b,2026-05-26T16:32:08.764176
8be4d532-2a6a-4282-861f-f033622a27ad,STAR WARS: THE MANDALORIAN AND GROGU,21cineplex,,26SWMG,"Fantasy, Sci-Fi",132 menit,13+,2D,2026-05-27,c3b87061-7034-402e-aae8-c7d885fbc925,2026-05-26T16:32:08.764228
8be4d532-2a6a-4282-861f-f033622a27ad,PASSENGER,21cineplex,,26PASR,Horror,94 menit,D17+,2D,2026-05-27,674a26f3-2938-4b26-a354-399868ad1ad8,2026-05-26T16:32:08.764289
8be4d532-2a6a-4282-861f-f033622a27ad,SEMUA AKAN BAIK-BAIK SAJA,21cineplex,,16SABB,Drama,113 menit,13+,2D,2026-05-27,1617ede0-eb13-477a-af38-265568ebeff6,2026-05-26T16:32:08.764408
8be4d532-2a6a-4282-861f-f033622a27ad,BADUT GENDONG,21cineplex,,16BGEG,"Action, Horror",101 menit,D17+,2D,2026-05-27,d46e3c03-f6d6-49ef-8f7a-f11c2f66c3a3,2026-05-26T16:32:08.764499
dfeb4c09-826b-4b60-b830-077e41db5bc4,YANG LAIN BOLEH HILANG ASAL KAU JANGAN,21cineplex,,16YLBH,Drama,113 menit,13+,2D,2026-05-26,fc9fea94-5fe1-456c-b50d-3cf8c4bb2842,2026-05-26T16:32:11.799516
dfeb4c09-826b-4b60-b830-077e41db5bc4,GHOST IN THE CELL,21cineplex,,16GITC,"Comedy, Horror",106 menit,D17+,2D,2026-05-26,49c84bf9-10e3-4b8e-8188-a8769396b98a,2026-05-26T16:32:11.799652
dfeb4c09-826b-4b60-b830-077e41db5bc4,MORTAL KOMBAT II,21cineplex,,25MKT2,"Action, Adventure",116 menit,D17+,2D,2026-05-26,dfc6a8c7-9edc-4ac0-bd52-8ae0f18785cc,2026-05-26T16:32:11.799744
dfeb4c09-826b-4b60-b830-077e41db5bc4,SEMUA AKAN BAIK-BAIK SAJA,21cineplex,,16SABB,Drama,113 menit,13+,2D,2026-05-26,3ad79d9b-35bb-42f5-a23d-2766aeee2c0b,2026-05-26T16:32:11.799807
dfeb4c09-826b-4b60-b830-077e41db5bc4,TUMBAL PROYEK,21cineplex,,16TPRK,Horror,106 menit,D17+,2D,2026-05-26,c9ca975c-ef4a-43f1-a26d-fcca7e55d0cc,2026-05-26T16:32:11.799906
dfeb4c09-826b-4b60-b830-077e41db5bc4,STAR WARS: THE MANDALORIAN AND GROGU,21cineplex,,26SWMG,"Fantasy, Sci-Fi",132 menit,13+,2D,2026-05-26,5ac6fbb2-8e1e-450c-bb30-9981f2478cab,2026-05-26T16:32:11.799987
dfeb4c09-826b-4b60-b830-077e41db5bc4,GUDANG MERICA,21cineplex,,16GMEA,"Comedy, Horror",98 menit,D17+,2D,2026-05-26,b91d07bb-9644-4c6a-a8c2-48d6048af181,2026-05-26T16:32:11.800023
dfeb4c09-826b-4b60-b830-077e41db5bc4,GUDANG MERICA,21cineplex,,16GMEA,"Comedy, Horror",98 menit,D17+,2D,2026-05-27,5d53842e-73e5-415b-b324-69ccc1832bba,2026-05-26T16:32:11.800113
dfeb4c09-826b-4b60-b830-077e41db5bc4,TUMBAL PROYEK,21cineplex,,16TPRK,Horror,106 menit,D17+,2D,2026-05-27,f4aa4acd-a1d0-4b3d-9237-d9f14a8bdd50,2026-05-26T16:32:11.800194
dfeb4c09-826b-4b60-b830-077e41db5bc4,CHILDREN OF HEAVEN,21cineplex,,16COHN,"Drama, Family",97 menit,SU,2D,2026-05-27,cde02fc5-3695-4e74-85b1-d90d02d07445,2026-05-26T16:32:11.800273
dfeb4c09-826b-4b60-b830-077e41db5bc4,SEKAWAN LIMO 2: GUNUNG KLAWIH,21cineplex,,16SK2G,"Comedy, Horror",122 menit,13+,2D,2026-05-27,69c89d1d-23f5-4b90-b523-25ba90248f89,2026-05-26T16:32:11.800353
dfeb4c09-826b-4b60-b830-077e41db5bc4,BADUT GENDONG,21cineplex,,16BGEG,"Action, Horror",101 menit,D17+,2D,2026-05-27,87867736-33f3-4e5b-8810-d2c7ca05fcde,2026-05-26T16:32:11.800435
dfeb4c09-826b-4b60-b830-077e41db5bc4,SUAMIKU LUKAKU,21cineplex,,16SLUU,Drama,92 menit,D17+,2D,2026-05-27,6c7ff71f-c3e5-4566-93ac-67ce03e108d4,2026-05-26T16:32:11.800520
a96bcc93-f143-4a33-9f30-4f75675813c5,TUMBAL PROYEK,21cineplex,,16TPRK,Horror,106 menit,D17+,2D,2026-05-26,1359a801-8cfd-4047-8ce0-5bb00e9e4873,2026-05-26T16:32:13.227866
a96bcc93-f143-4a33-9f30-4f75675813c5,SEMUA AKAN BAIK-BAIK SAJA,21cineplex,,16SABB,Drama,113 menit,13+,2D,2026-05-26,2e97c585-5dbd-4b92-956f-90074865474b,2026-05-26T16:32:13.228048
a96bcc93-f143-4a33-9f30-4f75675813c5,GHOST IN THE CELL,21cineplex,,16GITC,"Comedy, Horror",106 menit,D17+,2D,2026-05-26,73eeeaea-4b81-49e1-ab54-e403ec92be79,2026-05-26T16:32:13.228223
a96bcc93-f143-4a33-9f30-4f75675813c5,GUDANG MERICA,21cineplex,,16GMEA,"Comedy, Horror",98 menit,D17+,2D,2026-05-26,8f0e2302-b3d9-475f-a31a-13facce5b4f1,2026-05-26T16:32:13.228305
a96bcc93-f143-4a33-9f30-4f75675813c5,THE SHEEP DETECTIVES,21cineplex,,26SDES,"Comedy, Mystery",109 menit,SU,2D,2026-05-26,fd9e2074-cab8-462c-ac6e-307c5670a496,2026-05-26T16:32:13.228436
a96bcc93-f143-4a33-9f30-4f75675813c5,SEMUA AKAN BAIK-BAIK SAJA,21cineplex,,16SABB,Drama,113 menit,13+,2D,2026-05-27,e8841cf5-94c6-462f-8e39-e88ab82e5c7d,2026-05-26T16:32:13.228529
a96bcc93-f143-4a33-9f30-4f75675813c5,GUDANG MERICA,21cineplex,,16GMEA,"Comedy, Horror",98 menit,D17+,2D,2026-05-27,f96565a9-3803-4607-95b5-daf074ae2522,2026-05-26T16:32:13.228647
a96bcc93-f143-4a33-9f30-4f75675813c5,TUMBAL PROYEK,21cineplex,,16TPRK,Horror,106 menit,D17+,2D,2026-05-27,15f1a2a0-bb96-497c-a9fa-08a9c3f9aade,2026-05-26T16:32:13.228776
a96bcc93-f143-4a33-9f30-4f75675813c5,CHILDREN OF HEAVEN,21cineplex,,16COHN,"Drama, Family",97 menit,SU,2D,2026-05-27,2b7df155-d134-4d46-8b75-05664a047c57,2026-05-26T16:32:13.228846
a96bcc93-f143-4a33-9f30-4f75675813c5,BADUT GENDONG,21cineplex,,16BGEG,"Action, Horror",101 menit,D17+,2D,2026-05-27,1086eba0-ae3c-41a7-a1af-09d239861698,2026-05-26T16:32:13.228979
6cc5e93f-cbc5-430c-9db5-98e9f060f849,GUDANG MERICA,21cineplex,,16GMEA,"Comedy, Horror",98 menit,D17+,2D,2026-05-26,bd5f91b7-11b6-4087-89a4-69075f0e0953,2026-05-26T16:32:14.826995
6cc5e93f-cbc5-430c-9db5-98e9f060f849,THE SHEEP DETECTIVES,21cineplex,,26SDES,"Comedy, Mystery",109 menit,SU,2D,2026-05-26,235a0e74-dd64-480c-a7ee-94bd5884992c,2026-05-26T16:32:14.827095
6cc5e93f-cbc5-430c-9db5-98e9f060f849,HOKUM,21cineplex,,26HOKM,Horror,107 menit,13+,2D,2026-05-26,0f3423cc-c6e3-4c52-9422-9ce86a5bb955,2026-05-26T16:32:14.827149
6cc5e93f-cbc5-430c-9db5-98e9f060f849,TUMBAL PROYEK,21cineplex,,16TPRK,Horror,106 menit,D17+,2D,2026-05-26,253522bd-ec4d-4524-be4f-c7908b3083da,2026-05-26T16:32:14.827197
6cc5e93f-cbc5-430c-9db5-98e9f060f849,SEMUA AKAN BAIK-BAIK SAJA,21cineplex,,16SABB,Drama,113 menit,13+,2D,2026-05-26,82d51694-4edd-4d22-a4f3-0e38de65fd75,2026-05-26T16:32:14.827262
6cc5e93f-cbc5-430c-9db5-98e9f060f849,CHILDREN OF HEAVEN,21cineplex,,16COHN,"Drama, Family",97 menit,SU,2D,2026-05-27,3349c610-644d-4b41-91e6-a9cb6c303d5f,2026-05-26T16:32:14.827346
6cc5e93f-cbc5-430c-9db5-98e9f060f849,GUDANG MERICA,21cineplex,,16GMEA,"Comedy, Horror",98 menit,D17+,2D,2026-05-27,afabac1b-a339-4e8e-8f37-b2b7a50157a1,2026-05-26T16:32:14.827411
6cc5e93f-cbc5-430c-9db5-98e9f060f849,BADUT GENDONG,21cineplex,,16BGEG,"Action, Horror",101 menit,D17+,2D,2026-05-27,a5e30ad8-6f45-4f37-a01a-d1d0c3b3e9a9,2026-05-26T16:32:14.827463
6cc5e93f-cbc5-430c-9db5-98e9f060f849,SUAMIKU LUKAKU,21cineplex,,16SLUU,Drama,92 menit,D17+,2D,2026-05-27,5c636ed3-e155-4a14-9209-c9638d525892,2026-05-26T16:32:14.827509
6cc5e93f-cbc5-430c-9db5-98e9f060f849,SEKAWAN LIMO 2: GUNUNG KLAWIH,21cineplex,,16SK2G,"Comedy, Horror",122 menit,13+,2D,2026-05-27,614cd4b8-0176-4ad7-9f2a-85be8bf15ae4,2026-05-26T16:32:14.827580
77a971fe-6c83-43b4-a98a-c1326b295c44,STAR WARS: THE MANDALORIAN AND GROGU,21cineplex,,26SWMG,"Fantasy, Sci-Fi",132 menit,13+,2D,2026-05-26,c8c5a0ab-3fea-4f73-8456-35a870817a1b,2026-05-26T16:32:16.510499
77a971fe-6c83-43b4-a98a-c1326b295c44,GUDANG MERICA,21cineplex,,16GMEA,"Comedy, Horror",98 menit,D17+,2D,2026-05-26,6fc098ac-e8b6-405a-aa66-96e92b468a95,2026-05-26T16:32:16.510684
77a971fe-6c83-43b4-a98a-c1326b295c44,SEMUA AKAN BAIK-BAIK SAJA,21cineplex,,16SABB,Drama,113 menit,13+,2D,2026-05-26,8cbf6272-d294-4c38-85a4-57244ed350b0,2026-05-26T16:32:16.510798
77a971fe-6c83-43b4-a98a-c1326b295c44,HOKUM,21cineplex,,26HOKM,Horror,107 menit,13+,2D,2026-05-26,9ff8b8f4-3d96-4b53-9224-6ae3a0da4464,2026-05-26T16:32:16.510995
77a971fe-6c83-43b4-a98a-c1326b295c44,SUAMIKU LUKAKU,21cineplex,,16SLUU,Drama,92 menit,D17+,2D,2026-05-27,9739d6a0-b2ee-4dbb-a243-c16e74db9a42,2026-05-26T16:32:16.511106
77a971fe-6c83-43b4-a98a-c1326b295c44,SEKAWAN LIMO 2: GUNUNG KLAWIH,21cineplex,,16SK2G,"Comedy, Horror",122 menit,13+,2D,2026-05-27,053d9a7f-d453-40fe-96f4-38fe78c81b54,2026-05-26T16:32:16.511235
77a971fe-6c83-43b4-a98a-c1326b295c44,BADUT GENDONG,21cineplex,,16BGEG,"Action, Horror",101 menit,D17+,2D,2026-05-27,837ca3c8-914f-4f95-a199-39799eebeb63,2026-05-26T16:32:16.511328
77a971fe-6c83-43b4-a98a-c1326b295c44,CHILDREN OF HEAVEN,21cineplex,,16COHN,"Drama, Family",97 menit,SU,2D,2026-05-27,1944c74e-acc7-41a9-a1a0-3d4bbff6ae56,2026-05-26T16:32:16.511487
8da57668-8c28-4e03-a52b-40af0032b60f,GOHAN,21cineplex,,26GOHN,Drama,140 menit,SU,2D,2026-05-26,23e08f42-020d-4069-982f-53af47871395,2026-05-26T16:32:17.732397
8da57668-8c28-4e03-a52b-40af0032b60f,MICHAEL,21cineplex,,26MICL,Biography,127 menit,SU,2D,2026-05-26,e5f47c07-2edc-4c46-944f-f0eb2811dd31,2026-05-26T16:32:17.732691
8da57668-8c28-4e03-a52b-40af0032b60f,STAR WARS: THE MANDALORIAN AND GROGU,21cineplex,,26SWMG,"Fantasy, Sci-Fi",132 menit,13+,2D,2026-05-26,aec4bace-5adb-4882-bb54-703271decad5,2026-05-26T16:32:17.732935
8da57668-8c28-4e03-a52b-40af0032b60f,STAR WARS: THE MANDALORIAN AND GROGU,21cineplex,,26SWMG,"Fantasy, Sci-Fi",132 menit,13+,2D,2026-05-27,ee3f2ca3-8222-4d08-bf27-97d4ad559715,2026-05-26T16:32:17.733230
8da57668-8c28-4e03-a52b-40af0032b60f,SEKAWAN LIMO 2: GUNUNG KLAWIH,21cineplex,,16SK2G,"Comedy, Horror",122 menit,13+,2D,2026-05-27,712e00da-718e-4dcd-9031-58a58e58f5bc,2026-05-26T16:32:17.733411
8da57668-8c28-4e03-a52b-40af0032b60f,SUAMIKU LUKAKU,21cineplex,,16SLUU,Drama,92 menit,D17+,2D,2026-05-27,45413d9d-7248-45a7-8624-0ea9548f97ed,2026-05-26T16:32:17.733609
8da57668-8c28-4e03-a52b-40af0032b60f,GOHAN,21cineplex,,26GOHN,Drama,140 menit,SU,2D,2026-05-27,0490d16e-1611-4ebc-b545-2ebadf4dc8b1,2026-05-26T16:32:17.733881
8da57668-8c28-4e03-a52b-40af0032b60f,CHILDREN OF HEAVEN,21cineplex,,16COHN,"Drama, Family",97 menit,SU,2D,2026-05-27,e4717c14-2207-4572-9289-94b58ae6b14a,2026-05-26T16:32:17.734011
213c7eff-9a78-483c-b5fe-c3c8469cea2a,YANG LAIN BOLEH HILANG ASAL KAU JANGAN,21cineplex,,16YLBH,Drama,113 menit,13+,2D,2026-05-26,64379858-822d-41e1-9bf3-5c477196c03d,2026-05-26T16:32:19.315615
213c7eff-9a78-483c-b5fe-c3c8469cea2a,STAR WARS: THE MANDALORIAN AND GROGU,21cineplex,,26SWMG,"Fantasy, Sci-Fi",132 menit,13+,2D,2026-05-26,a6bd8098-b14e-476d-944b-c77ba36e27af,2026-05-26T16:32:19.315979
213c7eff-9a78-483c-b5fe-c3c8469cea2a,SEMUA AKAN BAIK-BAIK SAJA,21cineplex,,16SABB,Drama,113 menit,13+,2D,2026-05-26,8e2784de-b036-46b6-9615-0aaedef3982d,2026-05-26T16:32:19.316081
213c7eff-9a78-483c-b5fe-c3c8469cea2a,TUMBAL PROYEK,21cineplex,,16TPRK,Horror,106 menit,D17+,2D,2026-05-26,e69e8fad-8cf4-4a55-91d6-10541ac97d54,2026-05-26T16:32:19.316330
213c7eff-9a78-483c-b5fe-c3c8469cea2a,GUDANG MERICA,21cineplex,,16GMEA,"Comedy, Horror",98 menit,D17+,2D,2026-05-26,dd44806d-aa85-48b2-b68f-c4c0e0920a5c,2026-05-26T16:32:19.316545
213c7eff-9a78-483c-b5fe-c3c8469cea2a,YANG LAIN BOLEH HILANG ASAL KAU JANGAN,21cineplex,,16YLBH,Drama,113 menit,13+,2D,2026-05-27,7e3d06c1-52cf-471c-acfe-8f4ac4c05975,2026-05-26T16:32:19.316771
213c7eff-9a78-483c-b5fe-c3c8469cea2a,SEKAWAN LIMO 2: GUNUNG KLAWIH,21cineplex,,16SK2G,"Comedy, Horror",122 menit,13+,2D,2026-05-27,83db3b90-b5c0-45c5-9086-c9837060c0cc,2026-05-26T16:32:19.316900
213c7eff-9a78-483c-b5fe-c3c8469cea2a,TUMBAL PROYEK,21cineplex,,16TPRK,Horror,106 menit,D17+,2D,2026-05-27,2ce56bbd-542e-487f-84de-b7b3ab6c7f3b,2026-05-26T16:32:19.317100
213c7eff-9a78-483c-b5fe-c3c8469cea2a,CHILDREN OF HEAVEN,21cineplex,,16COHN,"Drama, Family",97 menit,SU,2D,2026-05-27,698889b3-579d-4488-88ef-cdf8ea9d3e11,2026-05-26T16:32:19.317234
213c7eff-9a78-483c-b5fe-c3c8469cea2a,SUAMIKU LUKAKU,21cineplex,,16SLUU,Drama,92 menit,D17+,2D,2026-05-27,cb77e2d0-35d4-497b-a25f-a15ea9ddf12a,2026-05-26T16:32:19.317425
8f4d59d8-03f9-40f9-9680-645f60135c59,KELUARGA SUAMI ADALAH HAMA,21cineplex,,16KSAH,Drama,117 menit,13+,2D,2026-05-26,750789a2-5f6c-4412-899f-beb67862ea56,2026-05-26T16:32:20.749051
8f4d59d8-03f9-40f9-9680-645f60135c59,SEMUA AKAN BAIK-BAIK SAJA,21cineplex,,16SABB,Drama,113 menit,13+,2D,2026-05-26,6048c990-3db5-4cb5-ab45-d5c03fec0450,2026-05-26T16:32:20.749350
8f4d59d8-03f9-40f9-9680-645f60135c59,TUMBAL PROYEK,21cineplex,,16TPRK,Horror,106 menit,D17+,2D,2026-05-26,1f8676b3-f3e2-4554-b6c6-099357f0fc32,2026-05-26T16:32:20.749620
8f4d59d8-03f9-40f9-9680-645f60135c59,HOKUM,21cineplex,,26HOKM,Horror,107 menit,13+,2D,2026-05-26,4e6e52f6-ea4c-42d7-9870-d0221c667701,2026-05-26T16:32:20.749894
8f4d59d8-03f9-40f9-9680-645f60135c59,GUDANG MERICA,21cineplex,,16GMEA,"Comedy, Horror",98 menit,D17+,2D,2026-05-26,a96fa005-68ad-4328-833f-3b0e841c3b89,2026-05-26T16:32:20.750135
8f4d59d8-03f9-40f9-9680-645f60135c59,CHILDREN OF HEAVEN,21cineplex,,16COHN,"Drama, Family",97 menit,SU,2D,2026-05-27,f2c0a383-9146-4f32-9e1c-34596c7c9104,2026-05-26T16:32:20.750339
8f4d59d8-03f9-40f9-9680-645f60135c59,SUAMIKU LUKAKU,21cineplex,,16SLUU,Drama,92 menit,D17+,2D,2026-05-27,56764653-5bc7-4dde-b2a6-a4fa4ff9a4c2,2026-05-26T16:32:20.750663
8f4d59d8-03f9-40f9-9680-645f60135c59,BADUT GENDONG,21cineplex,,16BGEG,"Action, Horror",101 menit,D17+,2D,2026-05-27,b5d8e73a-6266-46ba-95fd-40504860d671,2026-05-26T16:32:20.750914
8f4d59d8-03f9-40f9-9680-645f60135c59,SEKAWAN LIMO 2: GUNUNG KLAWIH,21cineplex,,16SK2G,"Comedy, Horror",122 menit,13+,2D,2026-05-27,5ef6ce2b-3413-464d-a95e-48d40819adad,2026-05-26T16:32:20.751084
8f4d59d8-03f9-40f9-9680-645f60135c59,TUMBAL PROYEK,21cineplex,,16TPRK,Horror,106 menit,D17+,2D,2026-05-27,6583a09d-bc86-411c-9528-8bd5b4c98ead,2026-05-26T16:32:20.755581
5230e804-1f2b-4d46-b4db-a27e2767977f,STAR WARS: THE MANDALORIAN AND GROGU,21cineplex,,26SWMG,"Fantasy, Sci-Fi",132 menit,13+,2D,2026-05-26,e3f8c7f5-ee8b-4535-95ea-c2d5d13a448b,2026-05-26T16:32:22.539299
5230e804-1f2b-4d46-b4db-a27e2767977f,HOKUM,21cineplex,,26HOKM,Horror,107 menit,13+,2D,2026-05-26,fb2727f5-0c73-4e92-91fb-474c2a26685d,2026-05-26T16:32:22.539480
5230e804-1f2b-4d46-b4db-a27e2767977f,MORTAL KOMBAT II,21cineplex,,25MKT2,"Action, Adventure",116 menit,D17+,2D,2026-05-26,66b30279-3bd9-43cf-a903-b78c81b38699,2026-05-26T16:32:22.539634
5230e804-1f2b-4d46-b4db-a27e2767977f,SALMOKJI: WHISPERING WATER,21cineplex,,26SWWR,Horror,95 menit,D17+,2D,2026-05-26,ae12364a-5056-48af-9647-f7b011dc5587,2026-05-26T16:32:22.539759
5230e804-1f2b-4d46-b4db-a27e2767977f,SEMUA AKAN BAIK-BAIK SAJA,21cineplex,,16SABB,Drama,113 menit,13+,2D,2026-05-26,bdd35297-dfde-4c07-9717-881be291ba32,2026-05-26T16:32:22.539878
5230e804-1f2b-4d46-b4db-a27e2767977f,GOHAN,21cineplex,,26GOHN,Drama,140 menit,SU,2D,2026-05-26,994099f4-8a77-4da6-b57b-c33ccb577e4c,2026-05-26T16:32:22.540089
5230e804-1f2b-4d46-b4db-a27e2767977f,GHOST IN THE CELL,21cineplex,,16GITC,"Comedy, Horror",106 menit,D17+,2D,2026-05-26,edf2445c-5513-4727-b383-1b1a27c86617,2026-05-26T16:32:22.540188
5230e804-1f2b-4d46-b4db-a27e2767977f,TUMBAL PROYEK,21cineplex,,16TPRK,Horror,106 menit,D17+,2D,2026-05-26,0ed793a1-c9cc-400e-8a30-ea339fa658fb,2026-05-26T16:32:22.540321
5230e804-1f2b-4d46-b4db-a27e2767977f,PASSENGER,21cineplex,,26PASR,Horror,94 menit,D17+,2D,2026-05-27,260dd609-6eee-4481-91e2-15f375f425a7,2026-05-26T16:32:22.540473
5230e804-1f2b-4d46-b4db-a27e2767977f,CHILDREN OF HEAVEN,21cineplex,,16COHN,"Drama, Family",97 menit,SU,2D,2026-05-27,ef3374a9-b1e1-4679-9db1-02e300051cb8,2026-05-26T16:32:22.540648
5230e804-1f2b-4d46-b4db-a27e2767977f,SEMUA AKAN BAIK-BAIK SAJA,21cineplex,,16SABB,Drama,113 menit,13+,2D,2026-05-27,e300dfe2-8c37-4894-8933-938ec84f3940,2026-05-26T16:32:22.540792
5230e804-1f2b-4d46-b4db-a27e2767977f,SUAMIKU LUKAKU,21cineplex,,16SLUU,Drama,92 menit,D17+,2D,2026-05-27,3c85aa25-e37a-42dd-a20e-4e69062b4e00,2026-05-26T16:32:22.540934
5230e804-1f2b-4d46-b4db-a27e2767977f,TUMBAL PROYEK,21cineplex,,16TPRK,Horror,106 menit,D17+,2D,2026-05-27,3b042078-cfcb-4d32-a86a-012397e36efa,2026-05-26T16:32:22.541090
5230e804-1f2b-4d46-b4db-a27e2767977f,HOKUM,21cineplex,,26HOKM,Horror,107 menit,13+,2D,2026-05-27,e19b1130-65ea-4ff7-a6b8-e0f0ea915328,2026-05-26T16:32:22.541239
5230e804-1f2b-4d46-b4db-a27e2767977f,SEKAWAN LIMO 2: GUNUNG KLAWIH,21cineplex,,16SK2G,"Comedy, Horror",122 menit,13+,2D,2026-05-27,f12e37ee-5c4a-4b7b-bffa-5a9ccc3c8cb6,2026-05-26T16:32:22.541321
5230e804-1f2b-4d46-b4db-a27e2767977f,NOBODY LOVES KAY,21cineplex,,16NLKY,Drama,117 menit,D17+,2D,2026-05-31,f9b7fc57-7250-4191-b393-c27023156655,2026-05-26T16:32:22.541457
5230e804-1f2b-4d46-b4db-a27e2767977f,COLONY,21cineplex,,26COLY,"Horror, Thriller",122 menit,13+,2D,2026-06-03,1d8eb6c5-c718-4658-992c-3779ae51a29d,2026-05-26T16:32:22.541564
80e9bc4b-8e0c-4645-841a-4e9178f28f95,MICHAEL,21cineplex,,26MICL,Biography,127 menit,SU,2D,2026-05-26,1ef5f47a-a9c4-49b3-9814-a5007015b2b9,2026-05-26T16:32:26.773206
80e9bc4b-8e0c-4645-841a-4e9178f28f95,GOHAN,21cineplex,,26GOHN,Drama,140 menit,SU,2D,2026-05-26,1fd1b28c-c1b7-4f41-8d31-72988d04dd47,2026-05-26T16:32:26.773429
80e9bc4b-8e0c-4645-841a-4e9178f28f95,IN THE GREY,21cineplex,,26ITGY,"Action, Thriller",97 menit,13+,2D,2026-05-26,afd91032-38dd-44cd-94eb-5c39c25204bf,2026-05-26T16:32:26.773633
80e9bc4b-8e0c-4645-841a-4e9178f28f95,THE SHEEP DETECTIVES,21cineplex,,26SDES,"Comedy, Mystery",109 menit,SU,2D,2026-05-26,c5ec62cf-914e-4c61-a5c8-1fc6babce681,2026-05-26T16:32:26.773817
80e9bc4b-8e0c-4645-841a-4e9178f28f95,HOKUM,21cineplex,,26HOKM,Horror,107 menit,13+,2D,2026-05-26,b0fc1310-0cb8-475e-8c32-7674beba9040,2026-05-26T16:32:26.773995
80e9bc4b-8e0c-4645-841a-4e9178f28f95,SALMOKJI: WHISPERING WATER,21cineplex,,26SWWR,Horror,95 menit,D17+,2D,2026-05-26,cd6b9de0-4b75-411c-bd91-883a2a325f9b,2026-05-26T16:32:26.774173
80e9bc4b-8e0c-4645-841a-4e9178f28f95,STAR WARS: THE MANDALORIAN AND GROGU,21cineplex,,26SWMG,"Fantasy, Sci-Fi",132 menit,13+,2D,2026-05-26,62fc1c20-8a52-49cb-8884-1ac640c16645,2026-05-26T16:32:26.774280
80e9bc4b-8e0c-4645-841a-4e9178f28f95,FUZE,21cineplex,,26FUZE,"Action, Crime",96 menit,D17+,2D,2026-05-26,72801644-e5b0-4f71-ac86-ea3174218eaa,2026-05-26T16:32:26.774439
80e9bc4b-8e0c-4645-841a-4e9178f28f95,GOHAN,21cineplex,,26GOHN,Drama,140 menit,SU,2D,2026-05-27,4599b4d3-0e37-49b6-b28f-a9a62fb14502,2026-05-26T16:32:26.774565
80e9bc4b-8e0c-4645-841a-4e9178f28f95,BADUT GENDONG,21cineplex,,16BGEG,"Action, Horror",101 menit,D17+,2D,2026-05-27,799e13de-fb2d-4f08-b108-df39c9a82168,2026-05-26T16:32:26.774729
80e9bc4b-8e0c-4645-841a-4e9178f28f95,SUAMIKU LUKAKU,21cineplex,,16SLUU,Drama,92 menit,D17+,2D,2026-05-27,924621bd-616d-4cf0-ad4e-8127b5039919,2026-05-26T16:32:26.775182
80e9bc4b-8e0c-4645-841a-4e9178f28f95,HOKUM,21cineplex,,26HOKM,Horror,107 menit,13+,2D,2026-05-27,18f36575-1ef1-4494-a78c-bdadb40ee516,2026-05-26T16:32:26.775410
80e9bc4b-8e0c-4645-841a-4e9178f28f95,CHILDREN OF HEAVEN,21cineplex,,16COHN,"Drama, Family",97 menit,SU,2D,2026-05-27,f22e1211-3262-4e49-b401-b707278f7b24,2026-05-26T16:32:26.775572
80e9bc4b-8e0c-4645-841a-4e9178f28f95,PASSENGER,21cineplex,,26PASR,Horror,94 menit,D17+,2D,2026-05-27,b7b3bf7c-c332-4853-9647-17b68fcb0f1f,2026-05-26T16:32:26.775788
80e9bc4b-8e0c-4645-841a-4e9178f28f95,STAR WARS: THE MANDALORIAN AND GROGU,21cineplex,,26SWMG,"Fantasy, Sci-Fi",132 menit,13+,2D,2026-05-27,1aca4fa8-7698-4261-99ad-a412b0853fb6,2026-05-26T16:32:26.776011
80e9bc4b-8e0c-4645-841a-4e9178f28f95,COLONY,21cineplex,,26COLY,"Horror, Thriller",122 menit,13+,2D,2026-06-03,1231ede5-5800-4aa1-9ad5-b1af8aef3701,2026-05-26T16:32:26.776204
0cb0a992-af36-4f7f-82b2-e1567b9c1722,STAR WARS: THE MANDALORIAN AND GROGU,21cineplex,,26SWMG,"Fantasy, Sci-Fi",132 menit,13+,2D,2026-05-26,6c44a19c-4f04-49b0-95d1-909a5a3541cc,2026-05-26T16:32:31.501778
0cb0a992-af36-4f7f-82b2-e1567b9c1722,SALMOKJI: WHISPERING WATER,21cineplex,,26SWWR,Horror,95 menit,D17+,2D,2026-05-26,5e785bc5-7aa0-4c35-b8d1-d1d3e12a0865,2026-05-26T16:32:31.501977
0cb0a992-af36-4f7f-82b2-e1567b9c1722,KELUARGA SUAMI ADALAH HAMA,21cineplex,,16KSAH,Drama,117 menit,13+,2D,2026-05-26,7f470bb2-607c-46dc-83da-c18eeacb3a16,2026-05-26T16:32:31.502092
0cb0a992-af36-4f7f-82b2-e1567b9c1722,GOHAN,21cineplex,,26GOHN,Drama,140 menit,SU,2D,2026-05-26,8d89ce04-9bb6-485c-9cc3-7d0e1451e3a8,2026-05-26T16:32:31.502205
0cb0a992-af36-4f7f-82b2-e1567b9c1722,MORTAL KOMBAT II,21cineplex,,25MKT2,"Action, Adventure",116 menit,D17+,2D,2026-05-26,bb97ef6e-0cee-4311-a1e2-0ef95aeaec63,2026-05-26T16:32:31.502341
0cb0a992-af36-4f7f-82b2-e1567b9c1722,SEMUA AKAN BAIK-BAIK SAJA,21cineplex,,16SABB,Drama,113 menit,13+,2D,2026-05-26,15970d09-6308-458a-ab4c-137c83a6ff23,2026-05-26T16:32:31.502440
0cb0a992-af36-4f7f-82b2-e1567b9c1722,HOKUM,21cineplex,,26HOKM,Horror,107 menit,13+,2D,2026-05-26,787fb480-3f65-4ea4-863e-2d3eb3d31287,2026-05-26T16:32:31.502628
0cb0a992-af36-4f7f-82b2-e1567b9c1722,THE SHEEP DETECTIVES,21cineplex,,26SDES,"Comedy, Mystery",109 menit,SU,2D,2026-05-26,53fc19b4-212b-4179-b4ed-212e734e4d98,2026-05-26T16:32:31.502778
0cb0a992-af36-4f7f-82b2-e1567b9c1722,GHOST IN THE CELL,21cineplex,,16GITC,"Comedy, Horror",106 menit,D17+,2D,2026-05-26,11f89d9b-7f60-4efb-ad77-636e47033ea3,2026-05-26T16:32:31.502887
0cb0a992-af36-4f7f-82b2-e1567b9c1722,SUAMIKU LUKAKU,21cineplex,,16SLUU,Drama,92 menit,D17+,2D,2026-05-27,fb575322-027e-42c0-9619-ad10d27ffe75,2026-05-26T16:32:31.503061
0cb0a992-af36-4f7f-82b2-e1567b9c1722,BADUT GENDONG,21cineplex,,16BGEG,"Action, Horror",101 menit,D17+,2D,2026-05-27,3eb51c3e-cf0f-42a5-8019-262c42e7f77e,2026-05-26T16:32:31.503226
0cb0a992-af36-4f7f-82b2-e1567b9c1722,SALMOKJI: WHISPERING WATER,21cineplex,,26SWWR,Horror,95 menit,D17+,2D,2026-05-27,5fc7fb98-825e-414a-828e-b5e1c1b2fc7c,2026-05-26T16:32:31.503324
0cb0a992-af36-4f7f-82b2-e1567b9c1722,CHILDREN OF HEAVEN,21cineplex,,16COHN,"Drama, Family",97 menit,SU,2D,2026-05-27,5445a708-e3a5-43c5-a9f6-30ea9f8206ba,2026-05-26T16:32:31.503406
0cb0a992-af36-4f7f-82b2-e1567b9c1722,HOKUM,21cineplex,,26HOKM,Horror,107 menit,13+,2D,2026-05-27,2d78c54d-1737-4a01-a794-126b19599723,2026-05-26T16:32:31.503557
0cb0a992-af36-4f7f-82b2-e1567b9c1722,SEMUA AKAN BAIK-BAIK SAJA,21cineplex,,16SABB,Drama,113 menit,13+,2D,2026-05-27,d591fdb3-b459-4fe0-acdf-29de4cb1485a,2026-05-26T16:32:31.503655
0cb0a992-af36-4f7f-82b2-e1567b9c1722,GOHAN,21cineplex,,26GOHN,Drama,140 menit,SU,2D,2026-05-27,f11efd77-1c67-41b5-9a0c-c24b51e88273,2026-05-26T16:32:31.503794
0cb0a992-af36-4f7f-82b2-e1567b9c1722,PASSENGER,21cineplex,,26PASR,Horror,94 menit,D17+,2D,2026-05-27,4a962c46-a918-4eb2-8ae2-1d48ec30758f,2026-05-26T16:32:31.503881
0cb0a992-af36-4f7f-82b2-e1567b9c1722,SEKAWAN LIMO 2: GUNUNG KLAWIH,21cineplex,,16SK2G,"Comedy, Horror",122 menit,13+,2D,2026-05-27,89274691-ff62-42c1-bbe8-c29c37cd5261,2026-05-26T16:32:31.504032
0cb0a992-af36-4f7f-82b2-e1567b9c1722,STAR WARS: THE MANDALORIAN AND GROGU,21cineplex,,26SWMG,"Fantasy, Sci-Fi",132 menit,13+,2D,2026-05-27,b9b40037-81d7-4e70-81fe-2f752cd6a608,2026-05-26T16:32:31.504184
0cb0a992-af36-4f7f-82b2-e1567b9c1722,COLONY,21cineplex,,26COLY,"Horror, Thriller",122 menit,13+,2D,2026-06-03,9326d2e2-5090-4cd8-a2f3-993a2a9a7e96,2026-05-26T16:32:31.504271
543ffb51-57cd-4caa-9111-96fcc811bc4e,STAR WARS: THE MANDALORIAN AND GROGU,21cineplex,,26SWMG,"Fantasy, Sci-Fi",132 menit,13+,2D,2026-05-26,458b3668-5688-4cc5-84db-8a70b21187b0,2026-05-26T16:32:34.262158
543ffb51-57cd-4caa-9111-96fcc811bc4e,GHOST IN THE CELL,21cineplex,,16GITC,"Comedy, Horror",106 menit,D17+,2D,2026-05-26,0c87659c-c26d-484a-8498-898e94c21e02,2026-05-26T16:32:34.262337
543ffb51-57cd-4caa-9111-96fcc811bc4e,TUMBAL PROYEK,21cineplex,,16TPRK,Horror,106 menit,D17+,2D,2026-05-26,5e7b465f-9d43-498f-9f3e-ca01297e188c,2026-05-26T16:32:34.262448
543ffb51-57cd-4caa-9111-96fcc811bc4e,GUDANG MERICA,21cineplex,,16GMEA,"Comedy, Horror",98 menit,D17+,2D,2026-05-26,425469d7-25af-4359-8783-4c926744fb5a,2026-05-26T16:32:34.262698
543ffb51-57cd-4caa-9111-96fcc811bc4e,GOHAN,21cineplex,,26GOHN,Drama,140 menit,SU,2D,2026-05-26,4e826f8a-5647-4856-b772-1b0ed23c9506,2026-05-26T16:32:34.262861
543ffb51-57cd-4caa-9111-96fcc811bc4e,SEMUA AKAN BAIK-BAIK SAJA,21cineplex,,16SABB,Drama,113 menit,13+,2D,2026-05-26,ac0b746c-4f08-42ef-8ae1-4e17b2e64a85,2026-05-26T16:32:34.262956
543ffb51-57cd-4caa-9111-96fcc811bc4e,CHILDREN OF HEAVEN,21cineplex,,16COHN,"Drama, Family",97 menit,SU,2D,2026-05-27,fcaa763a-e8d8-4a80-b699-6f278661f93a,2026-05-26T16:32:34.263153
543ffb51-57cd-4caa-9111-96fcc811bc4e,SUAMIKU LUKAKU,21cineplex,,16SLUU,Drama,92 menit,D17+,2D,2026-05-27,67cbf6f4-443a-4054-b5ee-37ab9fa2d2c1,2026-05-26T16:32:34.263308
543ffb51-57cd-4caa-9111-96fcc811bc4e,BADUT GENDONG,21cineplex,,16BGEG,"Action, Horror",101 menit,D17+,2D,2026-05-27,4181ae26-0e34-4c9e-843a-b130f8507dca,2026-05-26T16:32:34.263491
543ffb51-57cd-4caa-9111-96fcc811bc4e,SEMUA AKAN BAIK-BAIK SAJA,21cineplex,,16SABB,Drama,113 menit,13+,2D,2026-05-27,eafdb12a-b308-42a9-be4b-668e6d56c645,2026-05-26T16:32:34.263651
543ffb51-57cd-4caa-9111-96fcc811bc4e,GUDANG MERICA,21cineplex,,16GMEA,"Comedy, Horror",98 menit,D17+,2D,2026-05-27,5ee34c69-744a-4845-883d-dffe4f8b8a98,2026-05-26T16:32:34.263787
543ffb51-57cd-4caa-9111-96fcc811bc4e,TUMBAL PROYEK,21cineplex,,16TPRK,Horror,106 menit,D17+,2D,2026-05-27,987150d6-452e-4b95-8d42-b3645f1759e4,2026-05-26T16:32:34.263940
543ffb51-57cd-4caa-9111-96fcc811bc4e,PASSENGER,21cineplex,,26PASR,Horror,94 menit,D17+,2D,2026-05-27,36270f69-f52c-4f14-8996-c20b5d3b85cb,2026-05-26T16:32:34.264049
e4654a11-b521-4fd8-89f3-b6fd3ba5730e,THE DEVIL WEARS PRADA 2,21cineplex,,26DWP2,"Comedy, Drama",119 menit,13+,2D,2026-05-26,6bb32cfa-c303-4d39-a880-07c0e944ab35,2026-05-26T16:32:35.801079
e4654a11-b521-4fd8-89f3-b6fd3ba5730e,GOHAN,21cineplex,,26GOHN,Drama,140 menit,SU,2D,2026-05-26,07f4dbd3-3809-4603-bf6e-102b71545852,2026-05-26T16:32:35.801152
e4654a11-b521-4fd8-89f3-b6fd3ba5730e,GOHAN,21cineplex,,26GOHN,Drama,140 menit,SU,2D,2026-05-27,09da1269-4e28-4943-8073-e8ff5a5a6669,2026-05-26T16:32:35.801205
e4654a11-b521-4fd8-89f3-b6fd3ba5730e,CHILDREN OF HEAVEN,21cineplex,,16COHN,"Drama, Family",97 menit,SU,2D,2026-05-27,12f84562-b508-4b39-b128-a1ab0d07b7ae,2026-05-26T16:32:35.801239
e4654a11-b521-4fd8-89f3-b6fd3ba5730e,SUAMIKU LUKAKU,21cineplex,,16SLUU,Drama,92 menit,D17+,2D,2026-05-27,2f86075a-fac1-47f8-951f-a7b27203b604,2026-05-26T16:32:35.801279
e4654a11-b521-4fd8-89f3-b6fd3ba5730e,PASSENGER,21cineplex,,26PASR,Horror,94 menit,D17+,2D,2026-05-27,69af301d-d899-4313-9bbe-28b91adfa06c,2026-05-26T16:32:35.801317
3c246bf4-c8a1-4b25-9573-091dca9585c3,SEMUA AKAN BAIK-BAIK SAJA,21cineplex,,16SABB,Drama,113 menit,13+,2D,2026-05-26,97667076-4492-4bd9-95e6-36f0b04afcb7,2026-05-26T16:32:40.488515
3c246bf4-c8a1-4b25-9573-091dca9585c3,SALMOKJI: WHISPERING WATER,21cineplex,,26SWWR,Horror,95 menit,D17+,2D,2026-05-26,9223f568-45b4-4eb5-817f-0586db84efea,2026-05-26T16:32:40.488615
3c246bf4-c8a1-4b25-9573-091dca9585c3,GHOST IN THE CELL,21cineplex,,16GITC,"Comedy, Horror",106 menit,D17+,2D,2026-05-26,7478cf47-461d-4471-97b2-51fbead4f2b3,2026-05-26T16:32:40.488652
3c246bf4-c8a1-4b25-9573-091dca9585c3,STAR WARS: THE MANDALORIAN AND GROGU,21cineplex,,26SWMG,"Fantasy, Sci-Fi",132 menit,13+,2D,2026-05-26,12d58e76-0c99-4086-8676-fd064852a03b,2026-05-26T16:32:40.488704
3c246bf4-c8a1-4b25-9573-091dca9585c3,TUMBAL PROYEK,21cineplex,,16TPRK,Horror,106 menit,D17+,2D,2026-05-26,cfb97e5a-100b-4c3c-87e5-ce65b24b1667,2026-05-26T16:32:40.488750
3c246bf4-c8a1-4b25-9573-091dca9585c3,MORTAL KOMBAT II,21cineplex,,25MKT2,"Action, Adventure",116 menit,D17+,2D,2026-05-26,fcb8a71c-0c00-4497-a62a-4c287723e2ad,2026-05-26T16:32:40.488803
3c246bf4-c8a1-4b25-9573-091dca9585c3,GUDANG MERICA,21cineplex,,16GMEA,"Comedy, Horror",98 menit,D17+,2D,2026-05-26,f326a463-f720-49e2-b261-ea9c896ee528,2026-05-26T16:32:40.488847
3c246bf4-c8a1-4b25-9573-091dca9585c3,SEMUA AKAN BAIK-BAIK SAJA,21cineplex,,16SABB,Drama,113 menit,13+,2D,2026-05-27,837cbaa8-f6b9-41b0-a79a-b85b97887f16,2026-05-26T16:32:40.488886
3c246bf4-c8a1-4b25-9573-091dca9585c3,SUAMIKU LUKAKU,21cineplex,,16SLUU,Drama,92 menit,D17+,2D,2026-05-27,8a9deebe-9329-4118-9446-ef62785e8ef7,2026-05-26T16:32:40.488940
3c246bf4-c8a1-4b25-9573-091dca9585c3,SEKAWAN LIMO 2: GUNUNG KLAWIH,21cineplex,,16SK2G,"Comedy, Horror",122 menit,13+,2D,2026-05-27,78f47948-fb29-4c18-8f68-ced5c7de0389,2026-05-26T16:32:40.488985
3c246bf4-c8a1-4b25-9573-091dca9585c3,STAR WARS: THE MANDALORIAN AND GROGU,21cineplex,,26SWMG,"Fantasy, Sci-Fi",132 menit,13+,2D,2026-05-27,b163f7f5-d617-43a3-b81a-e217505acafc,2026-05-26T16:32:40.489016
3c246bf4-c8a1-4b25-9573-091dca9585c3,TUMBAL PROYEK,21cineplex,,16TPRK,Horror,106 menit,D17+,2D,2026-05-27,c97dd619-59af-4adb-aadc-3d406eb256f6,2026-05-26T16:32:40.489037
3c246bf4-c8a1-4b25-9573-091dca9585c3,CHILDREN OF HEAVEN,21cineplex,,16COHN,"Drama, Family",97 menit,SU,2D,2026-05-27,43f6f4cb-8466-4c4b-83d6-5f38116e7b01,2026-05-26T16:32:40.489083
3c246bf4-c8a1-4b25-9573-091dca9585c3,BADUT GENDONG,21cineplex,,16BGEG,"Action, Horror",101 menit,D17+,2D,2026-05-27,f4416caa-e45c-49b1-b763-512ac07bc625,2026-05-26T16:32:40.489138
8e5465ef-cd43-48f7-86e7-192ad2092c5b,STAR WARS: THE MANDALORIAN AND GROGU,21cineplex,,26SWMG,"Fantasy, Sci-Fi",132 menit,13+,2D,2026-05-26,6f72032e-ab55-442b-9c30-f9c861af2701,2026-05-26T16:32:41.816512
8e5465ef-cd43-48f7-86e7-192ad2092c5b,TUMBAL PROYEK,21cineplex,,16TPRK,Horror,106 menit,D17+,2D,2026-05-26,83d0ed2e-8999-4c5f-8ff4-6485f0ac18ce,2026-05-26T16:32:41.816577
8e5465ef-cd43-48f7-86e7-192ad2092c5b,GUDANG MERICA,21cineplex,,16GMEA,"Comedy, Horror",98 menit,D17+,2D,2026-05-26,c18abcbd-9243-4687-a930-8e9b7ca21b74,2026-05-26T16:32:41.816610
8e5465ef-cd43-48f7-86e7-192ad2092c5b,GOHAN,21cineplex,,26GOHN,Drama,140 menit,SU,2D,2026-05-26,d4083ddb-3c60-4530-901d-2895d32cbaae,2026-05-26T16:32:41.816651
8e5465ef-cd43-48f7-86e7-192ad2092c5b,YANG LAIN BOLEH HILANG ASAL KAU JANGAN,21cineplex,,16YLBH,Drama,113 menit,13+,2D,2026-05-26,46cf99ff-c868-4237-a476-7cdcbed77865,2026-05-26T16:32:41.816686
8e5465ef-cd43-48f7-86e7-192ad2092c5b,SEMUA AKAN BAIK-BAIK SAJA,21cineplex,,16SABB,Drama,113 menit,13+,2D,2026-05-26,eb7842f4-b86a-43f1-9594-d65ceefd8d74,2026-05-26T16:32:41.816767
8e5465ef-cd43-48f7-86e7-192ad2092c5b,HOKUM,21cineplex,,26HOKM,Horror,107 menit,13+,2D,2026-05-26,3ccb22da-f9ad-4e8b-a1d0-44730abbafe4,2026-05-26T16:32:41.816846
8e5465ef-cd43-48f7-86e7-192ad2092c5b,SUAMIKU LUKAKU,21cineplex,,16SLUU,Drama,92 menit,D17+,2D,2026-05-27,0abf2675-1a14-454f-900e-3cc6daa79688,2026-05-26T16:32:41.816912
8e5465ef-cd43-48f7-86e7-192ad2092c5b,CHILDREN OF HEAVEN,21cineplex,,16COHN,"Drama, Family",97 menit,SU,2D,2026-05-27,a8efd6d6-4a6d-4621-972d-da0495208be3,2026-05-26T16:32:41.816985
8e5465ef-cd43-48f7-86e7-192ad2092c5b,HOKUM,21cineplex,,26HOKM,Horror,107 menit,13+,2D,2026-05-27,89457fd6-6047-46f5-a217-a506a1911cd8,2026-05-26T16:32:41.817041
8e5465ef-cd43-48f7-86e7-192ad2092c5b,YANG LAIN BOLEH HILANG ASAL KAU JANGAN,21cineplex,,16YLBH,Drama,113 menit,13+,2D,2026-05-27,49eb614c-e920-47a2-98b3-9a729d0552ae,2026-05-26T16:32:41.817068
8e5465ef-cd43-48f7-86e7-192ad2092c5b,SEMUA AKAN BAIK-BAIK SAJA,21cineplex,,16SABB,Drama,113 menit,13+,2D,2026-05-27,f2fc4754-4e50-472e-bfd3-687934d401d5,2026-05-26T16:32:41.817103
8e5465ef-cd43-48f7-86e7-192ad2092c5b,SEKAWAN LIMO 2: GUNUNG KLAWIH,21cineplex,,16SK2G,"Comedy, Horror",122 menit,13+,2D,2026-05-27,49df2f70-d072-4fa5-8075-949a40581677,2026-05-26T16:32:41.817144
8e5465ef-cd43-48f7-86e7-192ad2092c5b,BADUT GENDONG,21cineplex,,16BGEG,"Action, Horror",101 menit,D17+,2D,2026-05-27,4491d795-6402-4460-963c-e492624f5713,2026-05-26T16:32:41.817194
42576a33-e0e5-4863-afc2-d9592121bb83,GUDANG MERICA,21cineplex,,16GMEA,"Comedy, Horror",98 menit,D17+,2D,2026-05-26,6e05ee1d-261c-479d-a728-ef6503512566,2026-05-26T16:32:43.480151
42576a33-e0e5-4863-afc2-d9592121bb83,GHOST IN THE CELL,21cineplex,,16GITC,"Comedy, Horror",106 menit,D17+,2D,2026-05-26,b4648a6c-f129-448d-9fb2-9cac88ecdcb4,2026-05-26T16:32:43.480276
42576a33-e0e5-4863-afc2-d9592121bb83,YANG LAIN BOLEH HILANG ASAL KAU JANGAN,21cineplex,,16YLBH,Drama,113 menit,13+,2D,2026-05-26,95eaa5f3-34ed-4878-985a-f72bfe50cdc5,2026-05-26T16:32:43.480405
42576a33-e0e5-4863-afc2-d9592121bb83,TUMBAL PROYEK,21cineplex,,16TPRK,Horror,106 menit,D17+,2D,2026-05-26,69e00f70-65f2-4d8c-a7fa-f5a25213bdbe,2026-05-26T16:32:43.480486
42576a33-e0e5-4863-afc2-d9592121bb83,SEMUA AKAN BAIK-BAIK SAJA,21cineplex,,16SABB,Drama,113 menit,13+,2D,2026-05-26,b736b143-1f1e-48c8-9777-8082ad276e89,2026-05-26T16:32:43.480594
42576a33-e0e5-4863-afc2-d9592121bb83,BADUT GENDONG,21cineplex,,16BGEG,"Action, Horror",101 menit,D17+,2D,2026-05-27,e6ae3d55-3ea2-4861-87ce-145add06dc78,2026-05-26T16:32:43.480721
42576a33-e0e5-4863-afc2-d9592121bb83,SEKAWAN LIMO 2: GUNUNG KLAWIH,21cineplex,,16SK2G,"Comedy, Horror",122 menit,13+,2D,2026-05-27,e78e89f4-12c7-4ad6-84bd-2cfc75a45764,2026-05-26T16:32:43.480834
42576a33-e0e5-4863-afc2-d9592121bb83,CHILDREN OF HEAVEN,21cineplex,,16COHN,"Drama, Family",97 menit,SU,2D,2026-05-27,f5e2a7a3-9c52-48ba-831b-5d6378f716c4,2026-05-26T16:32:43.480942
42576a33-e0e5-4863-afc2-d9592121bb83,SUAMIKU LUKAKU,21cineplex,,16SLUU,Drama,92 menit,D17+,2D,2026-05-27,49953dd3-b758-4141-a7d4-9291ab0270db,2026-05-26T16:32:43.481046
4a130016-e4cb-4deb-9203-e79316bda843,TUMBAL PROYEK,21cineplex,,16TPRK,Horror,106 menit,D17+,2D,2026-05-26,589067ac-0a02-49b6-b684-1af31e59f5f2,2026-05-26T16:32:44.789645
4a130016-e4cb-4deb-9203-e79316bda843,SEMUA AKAN BAIK-BAIK SAJA,21cineplex,,16SABB,Drama,113 menit,13+,2D,2026-05-26,b5e2a37b-663f-4e55-8009-eda800bced60,2026-05-26T16:32:44.789902
4a130016-e4cb-4deb-9203-e79316bda843,HOKUM,21cineplex,,26HOKM,Horror,107 menit,13+,2D,2026-05-26,09166922-4cb4-4737-b9f5-c753bd947218,2026-05-26T16:32:44.790141
4a130016-e4cb-4deb-9203-e79316bda843,GUDANG MERICA,21cineplex,,16GMEA,"Comedy, Horror",98 menit,D17+,2D,2026-05-26,03f5c5a3-b85f-4110-b528-381bffa45e2a,2026-05-26T16:32:44.790289
4a130016-e4cb-4deb-9203-e79316bda843,STAR WARS: THE MANDALORIAN AND GROGU,21cineplex,,26SWMG,"Fantasy, Sci-Fi",132 menit,13+,3D,2026-05-26,e982e03f-1a60-4527-85e2-786a55f45397,2026-05-26T16:32:44.790419
4a130016-e4cb-4deb-9203-e79316bda843,THE DEVIL WEARS PRADA 2,21cineplex,,26DWP2,"Comedy, Drama",119 menit,13+,2D,2026-05-26,f7c5d37c-ddb6-452e-9fe3-a1ca65ecfa37,2026-05-26T16:32:44.790663
4a130016-e4cb-4deb-9203-e79316bda843,GOHAN,21cineplex,,26GOHN,Drama,140 menit,SU,2D,2026-05-26,d74f3ad2-fe3b-4328-8854-4518983df01d,2026-05-26T16:32:44.790759
4a130016-e4cb-4deb-9203-e79316bda843,SEKAWAN LIMO 2: GUNUNG KLAWIH,21cineplex,,16SK2G,"Comedy, Horror",122 menit,13+,2D,2026-05-27,2e3d4516-837a-4cc9-beb6-08fe78a77784,2026-05-26T16:32:44.790930
4a130016-e4cb-4deb-9203-e79316bda843,CHILDREN OF HEAVEN,21cineplex,,16COHN,"Drama, Family",97 menit,SU,2D,2026-05-27,27f9fdef-187c-4634-af0e-803c481d6b85,2026-05-26T16:32:44.791100
4a130016-e4cb-4deb-9203-e79316bda843,SUAMIKU LUKAKU,21cineplex,,16SLUU,Drama,92 menit,D17+,2D,2026-05-27,3fc1eaf4-6771-48c1-8476-27fa8e3d2f38,2026-05-26T16:32:44.791284
4a130016-e4cb-4deb-9203-e79316bda843,HOKUM,21cineplex,,26HOKM,Horror,107 menit,13+,2D,2026-05-27,61f68134-347a-4ee7-843b-f1b89fe23797,2026-05-26T16:32:44.791462
4a130016-e4cb-4deb-9203-e79316bda843,PASSENGER,21cineplex,,26PASR,Horror,94 menit,D17+,2D,2026-05-27,8302c0b7-78df-4912-b51f-64652da78a8f,2026-05-26T16:32:44.791529
4a130016-e4cb-4deb-9203-e79316bda843,BADUT GENDONG,21cineplex,,16BGEG,"Action, Horror",101 menit,D17+,2D,2026-05-27,8cd76b43-183b-4b71-b401-827981c90f30,2026-05-26T16:32:44.791696
4a130016-e4cb-4deb-9203-e79316bda843,TUMBAL PROYEK,21cineplex,,16TPRK,Horror,106 menit,D17+,2D,2026-05-27,00609900-af4d-4ba7-b94b-a018ab41880b,2026-05-26T16:32:44.791880
4a130016-e4cb-4deb-9203-e79316bda843,SEMUA AKAN BAIK-BAIK SAJA,21cineplex,,16SABB,Drama,113 menit,13+,2D,2026-05-27,e4231042-e8a5-48b4-bc8b-3a51ba36b54a,2026-05-26T16:32:44.792000
4a130016-e4cb-4deb-9203-e79316bda843,COLONY,21cineplex,,26COLY,"Horror, Thriller",122 menit,13+,2D,2026-06-03,1f9d82b1-cb30-4873-9b24-ac873c0b75fe,2026-05-26T16:32:44.792148
