cinema_id,title,source,movie_id,movie_code,genre,duration,age_rating,format,show_date,id,created_at
8b379c88-0f99-493f-9682-73e36bde7aa7,SEMUA AKAN BAIK-BAIK SAJA,21cineplex,,16SABB,Drama,113 menit,13+,2D,2026-05-27,249757de-407b-4c3a-b48e-f6b818eaa4b3,2026-05-27T17:32:27.430411
8b379c88-0f99-493f-9682-73e36bde7aa7,TUMBAL PROYEK,21cineplex,,16TPRK,Horror,106 menit,D17+,2D,2026-05-27,18929d98-e6c5-4a23-a51d-b84444ea5dec,2026-05-27T17:32:27.430597
8b379c88-0f99-493f-9682-73e36bde7aa7,CHILDREN OF HEAVEN,21cineplex,,16COHN,"Drama, Family",97 menit,SU,2D,2026-05-27,bc480f65-fbd5-436d-ac82-33dafa80543e,2026-05-27T17:32:27.430681
8b379c88-0f99-493f-9682-73e36bde7aa7,SEKAWAN LIMO 2: GUNUNG KLAWIH,21cineplex,,16SK2G,"Comedy, Horror",122 menit,13+,2D,2026-05-27,ac8c4001-b1bf-4788-a7dc-07234e97e75d,2026-05-27T17:32:27.430812
8b379c88-0f99-493f-9682-73e36bde7aa7,SUAMIKU LUKAKU,21cineplex,,16SLUU,Drama,92 menit,D17+,2D,2026-05-27,3ce7012c-df1c-4e4c-8b7a-58899b3d1455,2026-05-27T17:32:27.430890
350f74df-1c96-460d-a9ac-91127a76179d,SEKAWAN LIMO 2: GUNUNG KLAWIH,21cineplex,,16SK2G,"Comedy, Horror",122 menit,13+,2D,2026-05-27,5a474e2f-db3e-4c50-b82b-82679f842277,2026-05-27T17:32:27.431244
350f74df-1c96-460d-a9ac-91127a76179d,GOHAN,21cineplex,,26GOHN,Drama,140 menit,SU,2D,2026-05-27,bbd5a81a-9740-429f-8f68-f24275999978,2026-05-27T17:32:27.431381
350f74df-1c96-460d-a9ac-91127a76179d,CHILDREN OF HEAVEN,21cineplex,,16COHN,"Drama, Family",97 menit,SU,2D,2026-05-27,46edeefd-42e3-4d09-a963-060bff18672d,2026-05-27T17:32:27.431468
350f74df-1c96-460d-a9ac-91127a76179d,BADUT GENDONG,21cineplex,,16BGEG,"Action, Horror",101 menit,D17+,2D,2026-05-27,f0ea25d6-111c-4c6c-bb0f-efc65ef3f2f2,2026-05-27T17:32:27.431592
350f74df-1c96-460d-a9ac-91127a76179d,HOKUM,21cineplex,,26HOKM,Horror,107 menit,13+,2D,2026-05-27,ea54f2ba-764d-4048-a7f6-41593ee530ff,2026-05-27T17:32:27.431727
350f74df-1c96-460d-a9ac-91127a76179d,PASSENGER,21cineplex,,26PASR,Horror,94 menit,D17+,2D,2026-05-27,b3e94f14-9348-41f9-bb6b-48b6e62a64c1,2026-05-27T17:32:27.431811
350f74df-1c96-460d-a9ac-91127a76179d,COLONY,21cineplex,,26COLY,"Horror, Thriller",122 menit,13+,2D,2026-06-03,32bf3f07-cd96-42d8-a58b-93cd575935fd,2026-05-27T17:32:27.431944
d6c47d26-965f-4369-8b5c-b2e6718309d5,TUMBAL PROYEK,21cineplex,,16TPRK,Horror,106 menit,D17+,2D,2026-05-27,25241742-b95d-40ef-b151-82bf6d42ab00,2026-05-27T17:32:27.432732
d6c47d26-965f-4369-8b5c-b2e6718309d5,SUAMIKU LUKAKU,21cineplex,,16SLUU,Drama,92 menit,D17+,2D,2026-05-27,2e70b3ea-3aef-4a0b-bf92-66b481da21de,2026-05-27T17:32:27.432864
d6c47d26-965f-4369-8b5c-b2e6718309d5,CHILDREN OF HEAVEN,21cineplex,,16COHN,"Drama, Family",97 menit,SU,2D,2026-05-27,d9da4863-2dce-41bb-827e-9b84552076f9,2026-05-27T17:32:27.433000
8f92c43f-a76e-4d3c-9cdc-55c6c9563928,STAR WARS: THE MANDALORIAN AND GROGU,21cineplex,,26SWMG,"Fantasy, Sci-Fi",132 menit,13+,2D,2026-05-27,6be8fe20-aa58-4d18-bb52-7e2380870763,2026-05-27T17:32:29.078537
8f92c43f-a76e-4d3c-9cdc-55c6c9563928,HOKUM,21cineplex,,26HOKM,Horror,107 menit,13+,2D,2026-05-27,a02ade47-ea4d-442b-8b06-130ac8202ee0,2026-05-27T17:32:29.078611
8f92c43f-a76e-4d3c-9cdc-55c6c9563928,SEKAWAN LIMO 2: GUNUNG KLAWIH,21cineplex,,16SK2G,"Comedy, Horror",122 menit,13+,2D,2026-05-27,2675d3ac-328d-4fcb-bcf3-e69763f33dc5,2026-05-27T17:32:29.078655
8f92c43f-a76e-4d3c-9cdc-55c6c9563928,PASSENGER,21cineplex,,26PASR,Horror,94 menit,D17+,2D,2026-05-27,39d7712f-4bba-4db8-8474-ab0ee0f2a871,2026-05-27T17:32:29.078757
8f92c43f-a76e-4d3c-9cdc-55c6c9563928,BADUT GENDONG,21cineplex,,16BGEG,"Action, Horror",101 menit,D17+,2D,2026-05-27,d907ed67-2622-44fc-bec6-b10c04b4a02e,2026-05-27T17:32:29.078837
8f92c43f-a76e-4d3c-9cdc-55c6c9563928,GUDANG MERICA,21cineplex,,16GMEA,"Comedy, Horror",98 menit,D17+,2D,2026-05-27,7adac49b-934e-4903-97a5-eb28ae46813c,2026-05-27T17:32:29.078914
8f92c43f-a76e-4d3c-9cdc-55c6c9563928,SUAMIKU LUKAKU,21cineplex,,16SLUU,Drama,92 menit,D17+,2D,2026-05-27,e12dc0ef-d0a6-4389-8117-4182fab1b21f,2026-05-27T17:32:29.078968
8f92c43f-a76e-4d3c-9cdc-55c6c9563928,SEMUA AKAN BAIK-BAIK SAJA,21cineplex,,16SABB,Drama,113 menit,13+,2D,2026-05-27,e5fada09-63ea-43da-8afa-bb238327e5ea,2026-05-27T17:32:29.079045
8f92c43f-a76e-4d3c-9cdc-55c6c9563928,COLONY,21cineplex,,26COLY,"Horror, Thriller",122 menit,13+,2D,2026-06-03,4cdd2f6f-248b-4ba5-adea-97c0710735f4,2026-05-27T17:32:29.079113
a4f3643c-83e8-49f2-9350-2333fdb23a8b,SUAMIKU LUKAKU,21cineplex,,16SLUU,Drama,92 menit,D17+,2D,2026-05-27,14fcd632-2fa3-4c54-b73c-49a666648a0c,2026-05-27T17:32:30.499166
a4f3643c-83e8-49f2-9350-2333fdb23a8b,CHILDREN OF HEAVEN,21cineplex,,16COHN,"Drama, Family",97 menit,SU,2D,2026-05-27,40dbd7d8-2e6c-430a-be6d-5122c73bdac0,2026-05-27T17:32:30.499498
a4f3643c-83e8-49f2-9350-2333fdb23a8b,PASSENGER,21cineplex,,26PASR,Horror,94 menit,D17+,2D,2026-05-27,8b1988ca-7d0c-4709-af35-4c8a42a3d9ab,2026-05-27T17:32:30.499776
a4f3643c-83e8-49f2-9350-2333fdb23a8b,SEKAWAN LIMO 2: GUNUNG KLAWIH,21cineplex,,16SK2G,"Comedy, Horror",122 menit,13+,2D,2026-05-27,6ac9fec1-876f-400a-ae68-1ead204bf3ee,2026-05-27T17:32:30.499968
a4f3643c-83e8-49f2-9350-2333fdb23a8b,BADUT GENDONG,21cineplex,,16BGEG,"Action, Horror",101 menit,D17+,2D,2026-05-27,7cb1f98e-d35e-4866-965b-2b2eedd82c38,2026-05-27T17:32:30.500139
a415efd9-9efd-4c4f-8791-cf812e0d321a,BADUT GENDONG,21cineplex,,16BGEG,"Action, Horror",101 menit,D17+,2D,2026-05-27,3b38fed2-aee3-4131-9386-d32dba8efe02,2026-05-27T17:32:32.262999
a415efd9-9efd-4c4f-8791-cf812e0d321a,GOHAN,21cineplex,,26GOHN,Drama,140 menit,SU,2D,2026-05-27,bd189e63-5857-48e2-a539-712b93466ce0,2026-05-27T17:32:32.263146
a415efd9-9efd-4c4f-8791-cf812e0d321a,STAR WARS: THE MANDALORIAN AND GROGU,21cineplex,,26SWMG,"Fantasy, Sci-Fi",132 menit,13+,2D,2026-05-27,9978372b-21d3-49cf-b9b8-13f13c5a09b1,2026-05-27T17:32:32.263209
a415efd9-9efd-4c4f-8791-cf812e0d321a,CHILDREN OF HEAVEN,21cineplex,,16COHN,"Drama, Family",97 menit,SU,2D,2026-05-27,a1c4fbde-5223-44b8-930e-08aee57340eb,2026-05-27T17:32:32.263246
a415efd9-9efd-4c4f-8791-cf812e0d321a,PASSENGER,21cineplex,,26PASR,Horror,94 menit,D17+,2D,2026-05-27,f5c4b1b5-5411-4665-8c97-f624987866bf,2026-05-27T17:32:32.263325
a415efd9-9efd-4c4f-8791-cf812e0d321a,HOKUM,21cineplex,,26HOKM,Horror,107 menit,13+,2D,2026-05-27,3dac046f-5c6c-407b-afad-8995da73eabf,2026-05-27T17:32:32.263394
a415efd9-9efd-4c4f-8791-cf812e0d321a,COLONY,21cineplex,,26COLY,"Horror, Thriller",122 menit,13+,2D,2026-06-03,66581ee9-e31e-4c0c-ac33-655759dc8784,2026-05-27T17:32:32.263466
a4b9d823-9686-4c5f-9b07-805113fb322e,CHILDREN OF HEAVEN,21cineplex,,16COHN,"Drama, Family",97 menit,SU,2D,2026-05-27,26290079-36fe-4236-9ca8-4ec54e8567a3,2026-05-27T17:32:35.267905
a4b9d823-9686-4c5f-9b07-805113fb322e,YANG LAIN BOLEH HILANG ASAL KAU JANGAN,21cineplex,,16YLBH,Drama,113 menit,13+,2D,2026-05-27,70ece859-ad31-450f-9d6d-289f4f08ba50,2026-05-27T17:32:35.268062
a4b9d823-9686-4c5f-9b07-805113fb322e,SUAMIKU LUKAKU,21cineplex,,16SLUU,Drama,92 menit,D17+,2D,2026-05-27,e564bac2-00a1-453a-ba54-0fd1e745d128,2026-05-27T17:32:35.268172
a4b9d823-9686-4c5f-9b07-805113fb322e,TUMBAL PROYEK,21cineplex,,16TPRK,Horror,106 menit,D17+,2D,2026-05-27,f25cd174-a274-4d24-a802-675d2fb7524f,2026-05-27T17:32:35.268289
a4b9d823-9686-4c5f-9b07-805113fb322e,GUDANG MERICA,21cineplex,,16GMEA,"Comedy, Horror",98 menit,D17+,2D,2026-05-27,b310347c-ef99-48d4-a6a8-2a72e0d975a0,2026-05-27T17:32:35.268393
a4b9d823-9686-4c5f-9b07-805113fb322e,BADUT GENDONG,21cineplex,,16BGEG,"Action, Horror",101 menit,D17+,2D,2026-05-27,695cd5f3-db8c-4a67-88de-49343706f1fb,2026-05-27T17:32:35.268510
a4b9d823-9686-4c5f-9b07-805113fb322e,SEMUA AKAN BAIK-BAIK SAJA,21cineplex,,16SABB,Drama,113 menit,13+,2D,2026-05-27,9a8cf743-f1f7-41e5-bb88-6b7498268165,2026-05-27T17:32:35.268623
03738c89-175f-4d68-8ae8-66154126b479,HOKUM,21cineplex,,26HOKM,Horror,107 menit,13+,2D,2026-05-27,d5bc0872-26b8-45de-8d7c-d914cce09e9a,2026-05-27T17:32:36.558601
03738c89-175f-4d68-8ae8-66154126b479,GHOST IN THE CELL,21cineplex,,16GITC,"Comedy, Horror",106 menit,D17+,2D,2026-05-27,3e6aa2f2-fd2f-4bf3-b5c1-3a6007545c02,2026-05-27T17:32:36.558841
03738c89-175f-4d68-8ae8-66154126b479,PASSENGER,21cineplex,,26PASR,Horror,94 menit,D17+,2D,2026-05-27,7973bd1f-e76b-4267-987b-4edfaa2ef9a2,2026-05-27T17:32:36.558967
03738c89-175f-4d68-8ae8-66154126b479,SUAMIKU LUKAKU,21cineplex,,16SLUU,Drama,92 menit,D17+,2D,2026-05-27,93be6d60-a18b-4a83-a59b-355299c727b0,2026-05-27T17:32:36.559267
03738c89-175f-4d68-8ae8-66154126b479,CHILDREN OF HEAVEN,21cineplex,,16COHN,"Drama, Family",97 menit,SU,2D,2026-05-27,dd4a4a7c-a3f3-440d-88a1-f6ae2655dcbd,2026-05-27T17:32:36.559393
03738c89-175f-4d68-8ae8-66154126b479,TUMBAL PROYEK,21cineplex,,16TPRK,Horror,106 menit,D17+,2D,2026-05-27,449b2785-2f05-4a3c-a014-adfc304b2607,2026-05-27T17:32:36.559640
03738c89-175f-4d68-8ae8-66154126b479,SEKAWAN LIMO 2: GUNUNG KLAWIH,21cineplex,,16SK2G,"Comedy, Horror",122 menit,13+,2D,2026-05-27,804f2679-944b-43eb-99c0-6a73876c126f,2026-05-27T17:32:36.559763
03738c89-175f-4d68-8ae8-66154126b479,SEMUA AKAN BAIK-BAIK SAJA,21cineplex,,16SABB,Drama,113 menit,13+,2D,2026-05-27,4e3adfcc-672d-48da-a9fa-a4fc9e59292a,2026-05-27T17:32:36.559938
03738c89-175f-4d68-8ae8-66154126b479,COLONY,21cineplex,,26COLY,"Horror, Thriller",122 menit,13+,2D,2026-06-03,d78eaa16-63a6-44c1-a6a6-9ec3315b1fa0,2026-05-27T17:32:36.560142
bf406043-6aeb-4f6a-ac13-8d72c5ad8ec3,SEKAWAN LIMO 2: GUNUNG KLAWIH,21cineplex,,16SK2G,"Comedy, Horror",122 menit,13+,2D,2026-05-27,35fc5569-e6da-43cd-bcbe-ff1c9f56edf5,2026-05-27T17:32:38.264807
bf406043-6aeb-4f6a-ac13-8d72c5ad8ec3,GUDANG MERICA,21cineplex,,16GMEA,"Comedy, Horror",98 menit,D17+,2D,2026-05-27,05eace91-1818-47a9-9d1f-c04ea0078600,2026-05-27T17:32:38.265698
bf406043-6aeb-4f6a-ac13-8d72c5ad8ec3,TUMBAL PROYEK,21cineplex,,16TPRK,Horror,106 menit,D17+,2D,2026-05-27,a59657c1-c7fd-4585-a42d-49f5a14fbde8,2026-05-27T17:32:38.267313
bf406043-6aeb-4f6a-ac13-8d72c5ad8ec3,SUAMIKU LUKAKU,21cineplex,,16SLUU,Drama,92 menit,D17+,2D,2026-05-27,1111dd64-ac71-42ad-9b32-5dedefc6a9b9,2026-05-27T17:32:38.268540
bf406043-6aeb-4f6a-ac13-8d72c5ad8ec3,CHILDREN OF HEAVEN,21cineplex,,16COHN,"Drama, Family",97 menit,SU,2D,2026-05-27,18eab0f6-6dda-4d0e-9723-877d0fcf1c0e,2026-05-27T17:32:38.268623
bf406043-6aeb-4f6a-ac13-8d72c5ad8ec3,BADUT GENDONG,21cineplex,,16BGEG,"Action, Horror",101 menit,D17+,2D,2026-05-27,cb540db1-1f91-4238-9720-53d30463f65c,2026-05-27T17:32:38.268712
f2f75a7b-66e3-44e7-a96d-d303331979df,SEMUA AKAN BAIK-BAIK SAJA,21cineplex,,16SABB,Drama,113 menit,13+,2D,2026-05-27,1b20b6ad-6cf2-4330-a106-a8fcbface396,2026-05-27T17:32:39.515841
f2f75a7b-66e3-44e7-a96d-d303331979df,BADUT GENDONG,21cineplex,,16BGEG,"Action, Horror",101 menit,D17+,2D,2026-05-27,ada9b948-530d-4ca9-b59e-165bd4771050,2026-05-27T17:32:39.516636
f2f75a7b-66e3-44e7-a96d-d303331979df,CHILDREN OF HEAVEN,21cineplex,,16COHN,"Drama, Family",97 menit,SU,2D,2026-05-27,c5b1a9d3-60b6-4a1c-8881-e9f82bc65a1f,2026-05-27T17:32:39.516960
f2f75a7b-66e3-44e7-a96d-d303331979df,STAR WARS: THE MANDALORIAN AND GROGU,21cineplex,,26SWMG,"Fantasy, Sci-Fi",132 menit,13+,2D,2026-05-27,19779a7d-6590-48c2-84b0-9d0541a31702,2026-05-27T17:32:39.517204
f2f75a7b-66e3-44e7-a96d-d303331979df,SEKAWAN LIMO 2: GUNUNG KLAWIH,21cineplex,,16SK2G,"Comedy, Horror",122 menit,13+,2D,2026-05-27,96fa5b9c-8840-431e-8b16-9eb0ff395541,2026-05-27T17:32:39.517415
f2f75a7b-66e3-44e7-a96d-d303331979df,TUMBAL PROYEK,21cineplex,,16TPRK,Horror,106 menit,D17+,2D,2026-05-27,65601187-a221-4425-9e81-0d3071ecc278,2026-05-27T17:32:39.517620
f2f75a7b-66e3-44e7-a96d-d303331979df,GOHAN,21cineplex,,26GOHN,Drama,140 menit,SU,2D,2026-05-27,b36f879a-22bb-44fd-a09e-df3260140db1,2026-05-27T17:32:39.517712
ffa7d4ea-7573-4ffa-9366-8936bb5cff70,GUDANG MERICA,21cineplex,,16GMEA,"Comedy, Horror",98 menit,D17+,2D,2026-05-27,49194a86-0f85-4503-837b-2008d7d177d2,2026-05-27T17:32:41.276087
ffa7d4ea-7573-4ffa-9366-8936bb5cff70,CHILDREN OF HEAVEN,21cineplex,,16COHN,"Drama, Family",97 menit,SU,2D,2026-05-27,d875f33e-14b1-4726-b380-e9e6a311c360,2026-05-27T17:32:41.276246
ffa7d4ea-7573-4ffa-9366-8936bb5cff70,BADUT GENDONG,21cineplex,,16BGEG,"Action, Horror",101 menit,D17+,2D,2026-05-27,3f24d1e3-ba87-4c8d-89a3-3b67cdc6f4ca,2026-05-27T17:32:41.276323
ffa7d4ea-7573-4ffa-9366-8936bb5cff70,SEKAWAN LIMO 2: GUNUNG KLAWIH,21cineplex,,16SK2G,"Comedy, Horror",122 menit,13+,2D,2026-05-27,fb20e9ca-78eb-4797-80e0-c48b46ca1854,2026-05-27T17:32:41.276398
f729a2a1-fdd7-423d-90c6-8f73c3488123,SUAMIKU LUKAKU,21cineplex,,16SLUU,Drama,92 menit,D17+,2D,2026-05-27,07a2bb74-f285-4238-ac7b-ae377ed26e98,2026-05-27T17:32:42.595477
f729a2a1-fdd7-423d-90c6-8f73c3488123,SEKAWAN LIMO 2: GUNUNG KLAWIH,21cineplex,,16SK2G,"Comedy, Horror",122 menit,13+,2D,2026-05-27,549715fa-cefe-42b6-bf9c-b6ae71d5c552,2026-05-27T17:32:42.595630
f729a2a1-fdd7-423d-90c6-8f73c3488123,CHILDREN OF HEAVEN,21cineplex,,16COHN,"Drama, Family",97 menit,SU,2D,2026-05-27,84dd5167-40f1-4104-baa5-22a209d1ffc9,2026-05-27T17:32:42.595700
f729a2a1-fdd7-423d-90c6-8f73c3488123,TUMBAL PROYEK,21cineplex,,16TPRK,Horror,106 menit,D17+,2D,2026-05-27,e97cd5ca-2fcf-4459-826d-004cf1ce5813,2026-05-27T17:32:42.595803
f729a2a1-fdd7-423d-90c6-8f73c3488123,BADUT GENDONG,21cineplex,,16BGEG,"Action, Horror",101 menit,D17+,2D,2026-05-27,58f57100-2d4f-4431-9066-495125601e0d,2026-05-27T17:32:42.595881
0c159e28-23fb-4e3a-aa73-190f8368faa0,PASSENGER,21cineplex,,26PASR,Horror,94 menit,D17+,2D,2026-05-27,ac28cf05-e4b1-44e6-ad61-dc2cd2395dc2,2026-05-27T17:32:44.254156
0c159e28-23fb-4e3a-aa73-190f8368faa0,BADUT GENDONG,21cineplex,,16BGEG,"Action, Horror",101 menit,D17+,2D,2026-05-27,1711b4df-e856-4ba1-aa34-0ed71a64426f,2026-05-27T17:32:44.254433
0c159e28-23fb-4e3a-aa73-190f8368faa0,SUAMIKU LUKAKU,21cineplex,,16SLUU,Drama,92 menit,D17+,2D,2026-05-27,2f2327a2-c6d4-48f8-bf26-0da25aec4c5c,2026-05-27T17:32:44.254809
0c159e28-23fb-4e3a-aa73-190f8368faa0,TUMBAL PROYEK,21cineplex,,16TPRK,Horror,106 menit,D17+,2D,2026-05-27,9f67e966-63b5-45b1-8279-f0ad2c9664f4,2026-05-27T17:32:44.255058
0c159e28-23fb-4e3a-aa73-190f8368faa0,SEKAWAN LIMO 2: GUNUNG KLAWIH,21cineplex,,16SK2G,"Comedy, Horror",122 menit,13+,2D,2026-05-27,ab221b82-3421-4aab-9cb4-16ac04766869,2026-05-27T17:32:44.255197
e1706a7c-6af4-42c6-b5f8-663cd3fe46a6,SEKAWAN LIMO 2: GUNUNG KLAWIH,21cineplex,,16SK2G,"Comedy, Horror",122 menit,13+,2D,2026-05-27,c875e3b1-3e35-46fc-af13-69f521a887e9,2026-05-27T17:32:45.558740
e1706a7c-6af4-42c6-b5f8-663cd3fe46a6,BADUT GENDONG,21cineplex,,16BGEG,"Action, Horror",101 menit,D17+,2D,2026-05-27,041ccbe6-fd93-4a72-98af-20b718536675,2026-05-27T17:32:45.558972
e1706a7c-6af4-42c6-b5f8-663cd3fe46a6,CHILDREN OF HEAVEN,21cineplex,,16COHN,"Drama, Family",97 menit,SU,2D,2026-05-27,3c49d12b-0163-4c9d-adb9-542a0d96e86b,2026-05-27T17:32:45.559158
e1706a7c-6af4-42c6-b5f8-663cd3fe46a6,GUDANG MERICA,21cineplex,,16GMEA,"Comedy, Horror",98 menit,D17+,2D,2026-05-27,a3b28daf-7529-4264-b9f6-33f61e885fb1,2026-05-27T17:32:45.559326
e1706a7c-6af4-42c6-b5f8-663cd3fe46a6,PASSENGER,21cineplex,,26PASR,Horror,94 menit,D17+,2D,2026-05-27,68ffd639-d601-4f4e-8c92-bc2167b4bfa8,2026-05-27T17:32:45.559466
e1706a7c-6af4-42c6-b5f8-663cd3fe46a6,TUMBAL PROYEK,21cineplex,,16TPRK,Horror,106 menit,D17+,2D,2026-05-27,0d63d22e-ed10-4c67-b036-2bb9b61cef0d,2026-05-27T17:32:45.559618
e1706a7c-6af4-42c6-b5f8-663cd3fe46a6,COLONY,21cineplex,,26COLY,"Horror, Thriller",122 menit,13+,2D,2026-06-03,79a4033b-a418-44a4-99eb-2147c7d4c483,2026-05-27T17:32:45.559722
1141f8d9-10f1-48af-9cc8-9075c4f417e8,TUMBAL PROYEK,21cineplex,,16TPRK,Horror,106 menit,D17+,2D,2026-05-27,602f8ce8-1d6d-46b0-88e9-82de58b73696,2026-05-27T17:32:47.254764
1141f8d9-10f1-48af-9cc8-9075c4f417e8,SUAMIKU LUKAKU,21cineplex,,16SLUU,Drama,92 menit,D17+,2D,2026-05-27,6602f466-0113-41c1-80b9-5cbb8e4d885d,2026-05-27T17:32:47.255046
1141f8d9-10f1-48af-9cc8-9075c4f417e8,BADUT GENDONG,21cineplex,,16BGEG,"Action, Horror",101 menit,D17+,2D,2026-05-27,36e68a9a-38af-4bc5-9621-19a4b3046d28,2026-05-27T17:32:47.255268
1141f8d9-10f1-48af-9cc8-9075c4f417e8,CHILDREN OF HEAVEN,21cineplex,,16COHN,"Drama, Family",97 menit,SU,2D,2026-05-27,eae76e09-70e6-48d0-8dcb-dde1a59b2746,2026-05-27T17:32:47.255584
1141f8d9-10f1-48af-9cc8-9075c4f417e8,SEKAWAN LIMO 2: GUNUNG KLAWIH,21cineplex,,16SK2G,"Comedy, Horror",122 menit,13+,2D,2026-05-27,201a3df7-ec6c-49bb-b024-8e3f0b095577,2026-05-27T17:32:47.255821
48fc1eb8-9faa-4fb6-b616-3e03dbcdcc14,GUDANG MERICA,21cineplex,,16GMEA,"Comedy, Horror",98 menit,D17+,2D,2026-05-27,67c496c6-1a58-4763-b9cc-05564d155798,2026-05-27T17:32:48.534622
48fc1eb8-9faa-4fb6-b616-3e03dbcdcc14,SUAMIKU LUKAKU,21cineplex,,16SLUU,Drama,92 menit,D17+,2D,2026-05-27,634102e8-2e60-4705-bd75-06ac03f8c8c4,2026-05-27T17:32:48.534869
48fc1eb8-9faa-4fb6-b616-3e03dbcdcc14,BADUT GENDONG,21cineplex,,16BGEG,"Action, Horror",101 menit,D17+,2D,2026-05-27,b615f08d-243f-42f0-bbda-6674e2ee4855,2026-05-27T17:32:48.535101
48fc1eb8-9faa-4fb6-b616-3e03dbcdcc14,SEMUA AKAN BAIK-BAIK SAJA,21cineplex,,16SABB,Drama,113 menit,13+,2D,2026-05-27,5e703de8-bac3-4624-bdd2-74ec3a77f5de,2026-05-27T17:32:48.535320
48fc1eb8-9faa-4fb6-b616-3e03dbcdcc14,CHILDREN OF HEAVEN,21cineplex,,16COHN,"Drama, Family",97 menit,SU,2D,2026-05-27,128b9f12-8deb-4cf5-a477-d2be94b649a4,2026-05-27T17:32:48.535544
6f4db200-9206-4003-a085-f5606e3b6c01,SEKAWAN LIMO 2: GUNUNG KLAWIH,21cineplex,,16SK2G,"Comedy, Horror",122 menit,13+,2D,2026-05-27,c614e0d8-8774-46b0-a96a-d6d916d04d16,2026-05-27T17:32:50.293960
6f4db200-9206-4003-a085-f5606e3b6c01,PASSENGER,21cineplex,,26PASR,Horror,94 menit,D17+,2D,2026-05-27,ba2e0901-67fc-4dbb-b850-96c1c3eceb48,2026-05-27T17:32:50.294075
6f4db200-9206-4003-a085-f5606e3b6c01,CHILDREN OF HEAVEN,21cineplex,,16COHN,"Drama, Family",97 menit,SU,2D,2026-05-27,88ff831b-af79-4a0c-953c-46f001693b6b,2026-05-27T17:32:50.294178
6f4db200-9206-4003-a085-f5606e3b6c01,COLONY,21cineplex,,26COLY,"Horror, Thriller",122 menit,13+,2D,2026-06-03,4e79192e-e0e6-4fb2-a5b6-80b5d351de9f,2026-05-27T17:32:50.294266
10e46cdf-43e1-4ba0-8a3e-e227d9e60058,CHILDREN OF HEAVEN,21cineplex,,16COHN,"Drama, Family",97 menit,SU,2D,2026-05-27,38b7ba85-eead-49e1-9d51-706b50b59922,2026-05-27T17:32:51.555211
10e46cdf-43e1-4ba0-8a3e-e227d9e60058,GOHAN,21cineplex,,26GOHN,Drama,140 menit,SU,2D,2026-05-27,8c9d0ead-9e67-4da1-bdfb-0f717b279b0e,2026-05-27T17:32:51.555587
10e46cdf-43e1-4ba0-8a3e-e227d9e60058,HOKUM,21cineplex,,26HOKM,Horror,107 menit,13+,2D,2026-05-27,653a0a80-2b45-4bfc-9179-a89918853fb7,2026-05-27T17:32:51.555752
10e46cdf-43e1-4ba0-8a3e-e227d9e60058,PASSENGER,21cineplex,,26PASR,Horror,94 menit,D17+,2D,2026-05-27,c42bf7c3-06e9-4959-ac16-52e245240696,2026-05-27T17:32:51.555927
10e46cdf-43e1-4ba0-8a3e-e227d9e60058,MORTAL KOMBAT II,21cineplex,,25MKT2,"Action, Adventure",116 menit,D17+,2D,2026-05-27,38714915-f9e3-4e60-970b-84715bb1a730,2026-05-27T17:32:51.556148
10e46cdf-43e1-4ba0-8a3e-e227d9e60058,STAR WARS: THE MANDALORIAN AND GROGU,21cineplex,,26SWMG,"Fantasy, Sci-Fi",132 menit,13+,2D,2026-05-27,2d6098ab-379c-4807-975a-c3702e8ac294,2026-05-27T17:32:51.556313
10e46cdf-43e1-4ba0-8a3e-e227d9e60058,COLONY,21cineplex,,26COLY,"Horror, Thriller",122 menit,13+,2D,2026-06-03,3484583b-d9c4-4207-a2ea-9c85ce6c74c9,2026-05-27T17:32:51.556425
af912cdb-0f96-4e48-b421-480d8d8d0cce,SEKAWAN LIMO 2: GUNUNG KLAWIH,21cineplex,,16SK2G,"Comedy, Horror",122 menit,13+,2D,2026-05-27,012bd037-09af-4db9-80eb-93e4ca1ff2a0,2026-05-27T17:32:54.540779
af912cdb-0f96-4e48-b421-480d8d8d0cce,CHILDREN OF HEAVEN,21cineplex,,16COHN,"Drama, Family",97 menit,SU,2D,2026-05-27,c2be8e00-a9e7-4008-8c5f-feef384f1279,2026-05-27T17:32:54.541026
af912cdb-0f96-4e48-b421-480d8d8d0cce,HOKUM,21cineplex,,26HOKM,Horror,107 menit,13+,2D,2026-05-27,291456c3-7212-48c9-991d-1eba79d00373,2026-05-27T17:32:54.541213
af912cdb-0f96-4e48-b421-480d8d8d0cce,PASSENGER,21cineplex,,26PASR,Horror,94 menit,D17+,2D,2026-05-27,76ea7bfc-c220-4309-a780-b6dc8117c09e,2026-05-27T17:32:54.541344
c6dd20e1-9464-4fb1-a24d-c99a3b213100,PASSENGER,21cineplex,,26PASR,Horror,94 menit,D17+,2D,2026-05-27,370d64c1-71be-4b91-8807-6717afbc9f80,2026-05-27T17:32:56.297127
c6dd20e1-9464-4fb1-a24d-c99a3b213100,GOHAN,21cineplex,,26GOHN,Drama,140 menit,SU,2D,2026-05-27,6eea6846-1fe4-49dc-98f6-219fe4afaf05,2026-05-27T17:32:56.297389
c6dd20e1-9464-4fb1-a24d-c99a3b213100,SEKAWAN LIMO 2: GUNUNG KLAWIH,21cineplex,,16SK2G,"Comedy, Horror",122 menit,13+,2D,2026-05-27,7ee7bb98-a9a5-42f9-8b29-0391b3942761,2026-05-27T17:32:56.298038
c6dd20e1-9464-4fb1-a24d-c99a3b213100,HOKUM,21cineplex,,26HOKM,Horror,107 menit,13+,2D,2026-05-27,8f5db4aa-a3e0-411c-800e-de3b3498c121,2026-05-27T17:32:56.298209
c6dd20e1-9464-4fb1-a24d-c99a3b213100,SUAMIKU LUKAKU,21cineplex,,16SLUU,Drama,92 menit,D17+,2D,2026-05-27,9922c221-a5cb-4e75-b884-0e4081e70dd8,2026-05-27T17:32:56.298376
c6dd20e1-9464-4fb1-a24d-c99a3b213100,MICHAEL,21cineplex,,26MICL,Biography,127 menit,SU,2D,2026-05-27,95f26a2c-0863-44e7-a995-c7cfadda96fb,2026-05-27T17:32:56.298613
c6dd20e1-9464-4fb1-a24d-c99a3b213100,COLONY,21cineplex,,26COLY,"Horror, Thriller",122 menit,13+,2D,2026-06-03,578b1692-48ff-4569-a981-cd6253700e89,2026-05-27T17:32:56.298750
633bfd96-dc67-470c-a678-b0c3ff169ed3,SUAMIKU LUKAKU,21cineplex,,16SLUU,Drama,92 menit,D17+,2D,2026-05-27,66a0e643-c88b-4129-88e4-a027bb57c2a4,2026-05-27T17:33:00.586071
633bfd96-dc67-470c-a678-b0c3ff169ed3,STAR WARS: THE MANDALORIAN AND GROGU,21cineplex,,26SWMG,"Fantasy, Sci-Fi",132 menit,13+,2D,2026-05-27,e2e1c874-04f4-42cb-9545-02d89029aa28,2026-05-27T17:33:00.586455
633bfd96-dc67-470c-a678-b0c3ff169ed3,BADUT GENDONG,21cineplex,,16BGEG,"Action, Horror",101 menit,D17+,2D,2026-05-27,0df96421-5f02-43e3-a289-f1e1892e9cd8,2026-05-27T17:33:00.586593
633bfd96-dc67-470c-a678-b0c3ff169ed3,TUMBAL PROYEK,21cineplex,,16TPRK,Horror,106 menit,D17+,2D,2026-05-27,a58b782b-8e74-43ba-ac78-58689e7b2291,2026-05-27T17:33:00.586724
633bfd96-dc67-470c-a678-b0c3ff169ed3,SEKAWAN LIMO 2: GUNUNG KLAWIH,21cineplex,,16SK2G,"Comedy, Horror",122 menit,13+,2D,2026-05-27,6ff8c90d-77bd-43c5-94fd-cd983aa19393,2026-05-27T17:33:00.586883
633bfd96-dc67-470c-a678-b0c3ff169ed3,CHILDREN OF HEAVEN,21cineplex,,16COHN,"Drama, Family",97 menit,SU,2D,2026-05-27,3604150a-74cb-40e9-a48c-c5ade57adef2,2026-05-27T17:33:00.587088
633bfd96-dc67-470c-a678-b0c3ff169ed3,HOKUM,21cineplex,,26HOKM,Horror,107 menit,13+,2D,2026-05-27,aa78f9f0-9100-4ccc-a219-48704414ea75,2026-05-27T17:33:00.587305
633bfd96-dc67-470c-a678-b0c3ff169ed3,PASSENGER,21cineplex,,26PASR,Horror,94 menit,D17+,2D,2026-05-27,02d715e9-adcb-4660-a425-4b495644e0ab,2026-05-27T17:33:00.587503
633bfd96-dc67-470c-a678-b0c3ff169ed3,GOHAN,21cineplex,,26GOHN,Drama,140 menit,SU,2D,2026-05-27,89711140-90e0-48fa-9021-d992cd0d5cba,2026-05-27T17:33:00.587723
633bfd96-dc67-470c-a678-b0c3ff169ed3,COLONY,21cineplex,,26COLY,"Horror, Thriller",122 menit,13+,2D,2026-06-03,a6b3fc10-d763-46c6-ba7f-d21f812b2350,2026-05-27T17:33:00.587925
c041dbbd-f63b-471d-a552-a5e51eec34cb,SEKAWAN LIMO 2: GUNUNG KLAWIH,21cineplex,,16SK2G,"Comedy, Horror",122 menit,13+,2D,2026-05-27,e97f4d29-6da0-4e44-a726-10b0ec504185,2026-05-27T17:33:02.054132
c041dbbd-f63b-471d-a552-a5e51eec34cb,GOHAN,21cineplex,,26GOHN,Drama,140 menit,SU,2D,2026-05-27,4e74e5f0-7583-4207-a7c6-71443a724d98,2026-05-27T17:33:02.054319
c041dbbd-f63b-471d-a552-a5e51eec34cb,PASSENGER,21cineplex,,26PASR,Horror,94 menit,D17+,2D,2026-05-27,0a874760-7058-4020-afcb-f1a0dab57870,2026-05-27T17:33:02.054415
c041dbbd-f63b-471d-a552-a5e51eec34cb,SUAMIKU LUKAKU,21cineplex,,16SLUU,Drama,92 menit,D17+,2D,2026-05-27,f4118cbe-17b1-43ac-b29b-b1dd538b1676,2026-05-27T17:33:02.054554
c041dbbd-f63b-471d-a552-a5e51eec34cb,CHILDREN OF HEAVEN,21cineplex,,16COHN,"Drama, Family",97 menit,SU,2D,2026-05-27,6ca3435b-f89a-4707-88f4-1f7a392be81f,2026-05-27T17:33:02.054720
ba031eb9-e776-434f-a99c-b860d587915f,SUAMIKU LUKAKU,21cineplex,,16SLUU,Drama,92 menit,D17+,2D,2026-05-27,96ed3f8a-3a9d-455a-aca8-ba5a0c8d64ab,2026-05-27T17:33:03.576606
ba031eb9-e776-434f-a99c-b860d587915f,SEKAWAN LIMO 2: GUNUNG KLAWIH,21cineplex,,16SK2G,"Comedy, Horror",122 menit,13+,2D,2026-05-27,5977d0e6-eb7a-4d82-a093-7a6b108ce9d9,2026-05-27T17:33:03.577018
ba031eb9-e776-434f-a99c-b860d587915f,PASSENGER,21cineplex,,26PASR,Horror,94 menit,D17+,2D,2026-05-27,7b59cef9-2c53-45cf-b921-f3cbfd0f9231,2026-05-27T17:33:03.577250
ba031eb9-e776-434f-a99c-b860d587915f,TUMBAL PROYEK,21cineplex,,16TPRK,Horror,106 menit,D17+,2D,2026-05-27,e24f11da-c24a-46a8-917e-b4ba8f83db6d,2026-05-27T17:33:03.577552
ba031eb9-e776-434f-a99c-b860d587915f,CHILDREN OF HEAVEN,21cineplex,,16COHN,"Drama, Family",97 menit,SU,2D,2026-05-27,1b68dfe3-424d-4485-83cc-b5312342571d,2026-05-27T17:33:03.577737
ba031eb9-e776-434f-a99c-b860d587915f,GUDANG MERICA,21cineplex,,16GMEA,"Comedy, Horror",98 menit,D17+,2D,2026-05-27,1ab1cac4-0d52-45d2-84a3-8fc839692ed0,2026-05-27T17:33:03.578011
ba031eb9-e776-434f-a99c-b860d587915f,COLONY,21cineplex,,26COLY,"Horror, Thriller",122 menit,13+,2D,2026-06-03,ecfe4d5a-6653-448b-a49b-1d2501f32b2f,2026-05-27T17:33:03.578227
0f0eed2d-f5cd-4721-88b1-66873a6ba512,CHILDREN OF HEAVEN,21cineplex,,16COHN,"Drama, Family",97 menit,SU,2D,2026-05-27,d28afb43-ab3f-4b0c-96bc-2048842e8bef,2026-05-27T17:33:05.276402
0f0eed2d-f5cd-4721-88b1-66873a6ba512,SEMUA AKAN BAIK-BAIK SAJA,21cineplex,,16SABB,Drama,113 menit,13+,2D,2026-05-27,4b30ef23-e1b8-4b71-a7dc-11b84c794fb2,2026-05-27T17:33:05.276669
0f0eed2d-f5cd-4721-88b1-66873a6ba512,SEKAWAN LIMO 2: GUNUNG KLAWIH,21cineplex,,16SK2G,"Comedy, Horror",122 menit,13+,2D,2026-05-27,1b29afe4-d2d8-40d1-b5fc-99a7d223008c,2026-05-27T17:33:05.276845
0f0eed2d-f5cd-4721-88b1-66873a6ba512,SUAMIKU LUKAKU,21cineplex,,16SLUU,Drama,92 menit,D17+,2D,2026-05-27,9aa4fd3c-1cd4-45ba-914e-15f6c457876e,2026-05-27T17:33:05.277037
0f0eed2d-f5cd-4721-88b1-66873a6ba512,GUDANG MERICA,21cineplex,,16GMEA,"Comedy, Horror",98 menit,D17+,2D,2026-05-27,ae01b351-980f-425a-84a6-31ecb7332c4c,2026-05-27T17:33:05.277229
3d03f6c1-7361-4ff1-b314-75ffdb3656c4,TUMBAL PROYEK,21cineplex,,16TPRK,Horror,106 menit,D17+,2D,2026-05-27,ef91dd4b-0305-4ac5-b669-b0592588d8a3,2026-05-27T17:33:06.574339
3d03f6c1-7361-4ff1-b314-75ffdb3656c4,SUAMIKU LUKAKU,21cineplex,,16SLUU,Drama,92 menit,D17+,2D,2026-05-27,e9ecfb1b-3d17-4b5d-bb33-c3e7c674ffd6,2026-05-27T17:33:06.574540
3d03f6c1-7361-4ff1-b314-75ffdb3656c4,SEKAWAN LIMO 2: GUNUNG KLAWIH,21cineplex,,16SK2G,"Comedy, Horror",122 menit,13+,2D,2026-05-27,328bbfd1-08b4-478a-b803-6bdbfd443926,2026-05-27T17:33:06.575982
3d03f6c1-7361-4ff1-b314-75ffdb3656c4,STAR WARS: THE MANDALORIAN AND GROGU,21cineplex,,26SWMG,"Fantasy, Sci-Fi",132 menit,13+,2D,2026-05-27,f5f0182f-bb39-4f1b-b400-3cb129e2a522,2026-05-27T17:33:06.576174
3d03f6c1-7361-4ff1-b314-75ffdb3656c4,SEMUA AKAN BAIK-BAIK SAJA,21cineplex,,16SABB,Drama,113 menit,13+,2D,2026-05-27,4238708c-2292-4fea-8ede-6c6e03705ae7,2026-05-27T17:33:06.576379
3d03f6c1-7361-4ff1-b314-75ffdb3656c4,PASSENGER,21cineplex,,26PASR,Horror,94 menit,D17+,2D,2026-05-27,4601a272-0940-4513-941b-60e4f912d07e,2026-05-27T17:33:06.577073
3d03f6c1-7361-4ff1-b314-75ffdb3656c4,BADUT GENDONG,21cineplex,,16BGEG,"Action, Horror",101 menit,D17+,2D,2026-05-27,2fcd3442-6194-4c98-8ec1-5d9a3a63887f,2026-05-27T17:33:06.577294
3d03f6c1-7361-4ff1-b314-75ffdb3656c4,CHILDREN OF HEAVEN,21cineplex,,16COHN,"Drama, Family",97 menit,SU,2D,2026-05-27,165e45cc-98e1-49bc-bc7e-f53680e8c903,2026-05-27T17:33:06.577524
3d03f6c1-7361-4ff1-b314-75ffdb3656c4,CHAND MERA DIL,21cineplex,,26CMDL,"Drama, Romance",142 menit,D17+,2D,2026-05-27,b502551f-6892-4384-b735-9b1e757b2e8c,2026-05-27T17:33:06.577724
3d03f6c1-7361-4ff1-b314-75ffdb3656c4,MICHAEL,21cineplex,,26MICL,Biography,127 menit,SU,2D,2026-05-27,ebd1e880-b917-4b72-8dcb-ef0463ed7b9b,2026-05-27T17:33:06.577818
3d03f6c1-7361-4ff1-b314-75ffdb3656c4,HOKUM,21cineplex,,26HOKM,Horror,107 menit,13+,2D,2026-05-27,e04ed271-eaf8-4d6e-b65c-362641880564,2026-05-27T17:33:06.577937
3d03f6c1-7361-4ff1-b314-75ffdb3656c4,GOHAN,21cineplex,,26GOHN,Drama,140 menit,SU,2D,2026-05-27,23b46493-04f5-462d-8d00-03f3bdf2831e,2026-05-27T17:33:06.578170
3d03f6c1-7361-4ff1-b314-75ffdb3656c4,COLONY,21cineplex,,26COLY,"Horror, Thriller",122 menit,13+,2D,2026-06-03,6f6039e4-8698-4337-a228-f23b15a7f4e0,2026-05-27T17:33:06.578301
7cf4eaaf-a41a-4c6c-b96c-0e437baacc20,GOHAN,21cineplex,,26GOHN,Drama,140 menit,SU,2D,2026-05-27,cc29537d-c401-4b8d-ac64-96f5bdd098e4,2026-05-27T17:33:11.299275
7cf4eaaf-a41a-4c6c-b96c-0e437baacc20,STAR WARS: THE MANDALORIAN AND GROGU,21cineplex,,26SWMG,"Fantasy, Sci-Fi",132 menit,13+,2D,2026-05-27,ca6c14e7-af7a-42a5-8cee-6d56cb7a3499,2026-05-27T17:33:11.299519
7cf4eaaf-a41a-4c6c-b96c-0e437baacc20,HOKUM,21cineplex,,26HOKM,Horror,107 menit,13+,2D,2026-05-27,fb7e3d13-1239-4c52-a658-ad47e7bcbf8b,2026-05-27T17:33:11.299659
7cf4eaaf-a41a-4c6c-b96c-0e437baacc20,SEKAWAN LIMO 2: GUNUNG KLAWIH,21cineplex,,16SK2G,"Comedy, Horror",122 menit,13+,2D,2026-05-27,06fe0520-2856-4b79-b041-510b8aa87be3,2026-05-27T17:33:11.299778
7cf4eaaf-a41a-4c6c-b96c-0e437baacc20,MICHAEL,21cineplex,,26MICL,Biography,127 menit,SU,2D,2026-05-27,079e457c-b853-4b0c-a91d-72bcbebe12da,2026-05-27T17:33:11.299959
7cf4eaaf-a41a-4c6c-b96c-0e437baacc20,SUAMIKU LUKAKU,21cineplex,,16SLUU,Drama,92 menit,D17+,2D,2026-05-27,0a71075c-688e-4f70-84cc-44606b80d931,2026-05-27T17:33:11.300097
7cf4eaaf-a41a-4c6c-b96c-0e437baacc20,CHILDREN OF HEAVEN,21cineplex,,16COHN,"Drama, Family",97 menit,SU,2D,2026-05-27,cb306838-23a4-423e-a073-f996d3aea3cb,2026-05-27T17:33:11.300302
7cf4eaaf-a41a-4c6c-b96c-0e437baacc20,PASSENGER,21cineplex,,26PASR,Horror,94 menit,D17+,2D,2026-05-27,43f34763-5152-43a3-bf71-49a015c96dd3,2026-05-27T17:33:11.300485
7cf4eaaf-a41a-4c6c-b96c-0e437baacc20,BADUT GENDONG,21cineplex,,16BGEG,"Action, Horror",101 menit,D17+,2D,2026-05-27,c224c69f-613a-4aba-949a-10aa1a98546b,2026-05-27T17:33:11.300724
7cf4eaaf-a41a-4c6c-b96c-0e437baacc20,COLONY,21cineplex,,26COLY,"Horror, Thriller",122 menit,13+,2D,2026-06-03,c5b2e1c4-99d5-4561-90d7-233b6611d72a,2026-05-27T17:33:11.301000
2e1ca647-8eb3-489a-98de-f47ce89f566f,PASSENGER,21cineplex,,26PASR,Horror,94 menit,D17+,2D,2026-05-27,46549bb3-889a-4279-b372-2bb56ab1b21a,2026-05-27T17:33:14.171017
2e1ca647-8eb3-489a-98de-f47ce89f566f,BADUT GENDONG,21cineplex,,16BGEG,"Action, Horror",101 menit,D17+,2D,2026-05-27,596c1be6-1906-41ed-af7c-b5a83438a5a4,2026-05-27T17:33:14.171317
2e1ca647-8eb3-489a-98de-f47ce89f566f,SEKAWAN LIMO 2: GUNUNG KLAWIH,21cineplex,,16SK2G,"Comedy, Horror",122 menit,13+,2D,2026-05-27,2cc6893d-8ec6-422b-a3bc-5851e3f245f5,2026-05-27T17:33:14.171491
2e1ca647-8eb3-489a-98de-f47ce89f566f,SEMUA AKAN BAIK-BAIK SAJA,21cineplex,,16SABB,Drama,113 menit,13+,2D,2026-05-27,a2d0eb87-4edc-458f-929c-7a77b63b2139,2026-05-27T17:33:14.171626
2e1ca647-8eb3-489a-98de-f47ce89f566f,GOHAN,21cineplex,,26GOHN,Drama,140 menit,SU,2D,2026-05-27,182ec378-d83b-4263-b410-ce9d03f2b102,2026-05-27T17:33:14.171818
2e1ca647-8eb3-489a-98de-f47ce89f566f,CHILDREN OF HEAVEN,21cineplex,,16COHN,"Drama, Family",97 menit,SU,2D,2026-05-27,75ade850-3979-4557-b9ef-e4cb51caa71a,2026-05-27T17:33:14.171916
2e1ca647-8eb3-489a-98de-f47ce89f566f,STAR WARS: THE MANDALORIAN AND GROGU,21cineplex,,26SWMG,"Fantasy, Sci-Fi",132 menit,13+,2D,2026-05-27,6d3f19e5-d068-4577-94eb-b5b3bf7f7445,2026-05-27T17:33:14.172054
2e1ca647-8eb3-489a-98de-f47ce89f566f,TUMBAL PROYEK,21cineplex,,16TPRK,Horror,106 menit,D17+,2D,2026-05-27,ebf097c9-10c0-4cee-a574-d7e1edc9ad9a,2026-05-27T17:33:14.172131
2e1ca647-8eb3-489a-98de-f47ce89f566f,HOKUM,21cineplex,,26HOKM,Horror,107 menit,13+,2D,2026-05-27,d204c640-a082-40e4-94da-df15505bb51d,2026-05-27T17:33:14.172231
2e1ca647-8eb3-489a-98de-f47ce89f566f,COLONY,21cineplex,,26COLY,"Horror, Thriller",122 menit,13+,2D,2026-06-03,9a0e38b3-975e-4f72-a1dc-d27d7437d27f,2026-05-27T17:33:14.172342
f22f8eee-a35f-473e-b3b3-028a909248a3,SUAMIKU LUKAKU,21cineplex,,16SLUU,Drama,92 menit,D17+,2D,2026-05-27,d78d8275-a831-4e31-ae47-2040cd6458d9,2026-05-27T17:33:17.319930
f22f8eee-a35f-473e-b3b3-028a909248a3,SEKAWAN LIMO 2: GUNUNG KLAWIH,21cineplex,,16SK2G,"Comedy, Horror",122 menit,13+,2D,2026-05-27,a4efec4c-3bd0-4e09-b700-ef0ba7349ead,2026-05-27T17:33:17.320361
f22f8eee-a35f-473e-b3b3-028a909248a3,CHILDREN OF HEAVEN,21cineplex,,16COHN,"Drama, Family",97 menit,SU,2D,2026-05-27,c8d2a46f-7ec3-429b-9c07-43ad27364887,2026-05-27T17:33:17.320525
f22f8eee-a35f-473e-b3b3-028a909248a3,SEMUA AKAN BAIK-BAIK SAJA,21cineplex,,16SABB,Drama,113 menit,13+,2D,2026-05-27,27961702-7938-41a5-b3e8-499e81eeccc3,2026-05-27T17:33:17.320964
f22f8eee-a35f-473e-b3b3-028a909248a3,BADUT GENDONG,21cineplex,,16BGEG,"Action, Horror",101 menit,D17+,2D,2026-05-27,4e555bb1-1e39-4cf5-b1db-adc530270595,2026-05-27T17:33:17.321652
f22f8eee-a35f-473e-b3b3-028a909248a3,TUMBAL PROYEK,21cineplex,,16TPRK,Horror,106 menit,D17+,2D,2026-05-27,5b4b2446-bb9f-41de-9f58-6aaf1b2d091a,2026-05-27T17:33:17.321919
4029e5bf-4be3-400e-a1f8-28b6282ef9fd,SUAMIKU LUKAKU,21cineplex,,16SLUU,Drama,92 menit,D17+,2D,2026-05-27,644801cb-6f37-4bd5-9409-f101ee8e0777,2026-05-27T17:33:18.570747
4029e5bf-4be3-400e-a1f8-28b6282ef9fd,HOKUM,21cineplex,,26HOKM,Horror,107 menit,13+,2D,2026-05-27,3611d0bd-ca14-4b10-b308-ec1563543247,2026-05-27T17:33:18.571784
4029e5bf-4be3-400e-a1f8-28b6282ef9fd,TUMBAL PROYEK,21cineplex,,16TPRK,Horror,106 menit,D17+,2D,2026-05-27,daca8ad2-962e-4a40-86c0-38725878c432,2026-05-27T17:33:18.572264
4029e5bf-4be3-400e-a1f8-28b6282ef9fd,CHILDREN OF HEAVEN,21cineplex,,16COHN,"Drama, Family",97 menit,SU,2D,2026-05-27,c2983786-2748-44b6-b303-41925ffea505,2026-05-27T17:33:18.572431
4029e5bf-4be3-400e-a1f8-28b6282ef9fd,SEMUA AKAN BAIK-BAIK SAJA,21cineplex,,16SABB,Drama,113 menit,13+,2D,2026-05-27,87dc94db-827f-4256-adc2-d9ddc08935d1,2026-05-27T17:33:18.572658
4029e5bf-4be3-400e-a1f8-28b6282ef9fd,GOHAN,21cineplex,,26GOHN,Drama,140 menit,SU,2D,2026-05-27,aaf7ad52-ae29-431a-8e72-2b1552edbb44,2026-05-27T17:33:18.573235
4029e5bf-4be3-400e-a1f8-28b6282ef9fd,SEKAWAN LIMO 2: GUNUNG KLAWIH,21cineplex,,16SK2G,"Comedy, Horror",122 menit,13+,2D,2026-05-27,b39c5af2-db9b-448a-bec9-fe4a4d952110,2026-05-27T17:33:18.573538
4029e5bf-4be3-400e-a1f8-28b6282ef9fd,STAR WARS: THE MANDALORIAN AND GROGU,21cineplex,,26SWMG,"Fantasy, Sci-Fi",132 menit,13+,2D,2026-05-27,8494c276-4d27-4e71-9e70-8f51c3d56bfc,2026-05-27T17:33:18.574747
eb544660-eb3b-4df0-b12c-a4dc9e7f15a2,HOKUM,21cineplex,,26HOKM,Horror,107 menit,13+,2D,2026-05-27,e97d9466-f7f7-4240-acd9-677c2c67603d,2026-05-27T17:33:20.073743
eb544660-eb3b-4df0-b12c-a4dc9e7f15a2,SEKAWAN LIMO 2: GUNUNG KLAWIH,21cineplex,,16SK2G,"Comedy, Horror",122 menit,13+,2D,2026-05-27,4b58bc03-dc9a-48b1-bec7-ab3cd35809b3,2026-05-27T17:33:20.074000
eb544660-eb3b-4df0-b12c-a4dc9e7f15a2,PASSENGER,21cineplex,,26PASR,Horror,94 menit,D17+,2D,2026-05-27,bb62732e-10ec-4fd9-b43a-d8cc38a4c8a1,2026-05-27T17:33:20.074197
eb544660-eb3b-4df0-b12c-a4dc9e7f15a2,SUAMIKU LUKAKU,21cineplex,,16SLUU,Drama,92 menit,D17+,2D,2026-05-27,94fc58eb-82d4-4c9a-a453-1c1283b785c6,2026-05-27T17:33:20.074386
eb544660-eb3b-4df0-b12c-a4dc9e7f15a2,STAR WARS: THE MANDALORIAN AND GROGU,21cineplex,,26SWMG,"Fantasy, Sci-Fi",132 menit,13+,2D,2026-05-27,74c17bee-8ae2-4108-8660-a132f86dc0d8,2026-05-27T17:33:20.074635
eb544660-eb3b-4df0-b12c-a4dc9e7f15a2,GOHAN,21cineplex,,26GOHN,Drama,140 menit,SU,2D,2026-05-27,bb64038b-87a3-4f46-b7e0-0dae7b29a241,2026-05-27T17:33:20.074805
eb544660-eb3b-4df0-b12c-a4dc9e7f15a2,SEMUA AKAN BAIK-BAIK SAJA,21cineplex,,16SABB,Drama,113 menit,13+,2D,2026-05-27,9b62f874-f3f4-431b-8465-53cd8f90ab01,2026-05-27T17:33:20.074997
eb544660-eb3b-4df0-b12c-a4dc9e7f15a2,MICHAEL,21cineplex,,26MICL,Biography,127 menit,SU,2D,2026-05-27,b8973681-445f-4a06-ac6d-95a7f0e3e10a,2026-05-27T17:33:20.076485
eb544660-eb3b-4df0-b12c-a4dc9e7f15a2,CHILDREN OF HEAVEN,21cineplex,,16COHN,"Drama, Family",97 menit,SU,2D,2026-05-27,f127c182-b334-41d5-bc04-e084932533a0,2026-05-27T17:33:20.076611
eb544660-eb3b-4df0-b12c-a4dc9e7f15a2,COLONY,21cineplex,,26COLY,"Horror, Thriller",122 menit,13+,2D,2026-06-03,048747ab-07db-4f02-91cd-8ccf4084f6e2,2026-05-27T17:33:20.076827
835089b6-9d57-4ca4-a4e6-e276f9366cee,BADUT GENDONG,21cineplex,,16BGEG,"Action, Horror",101 menit,D17+,2D,2026-05-27,95c915bf-ce28-4030-8c33-5fbd6dd8c6aa,2026-05-27T17:33:23.336185
835089b6-9d57-4ca4-a4e6-e276f9366cee,CHILDREN OF HEAVEN,21cineplex,,16COHN,"Drama, Family",97 menit,SU,2D,2026-05-27,2d798e89-6913-4ebb-83e0-258113dfdb7d,2026-05-27T17:33:23.336487
835089b6-9d57-4ca4-a4e6-e276f9366cee,SUAMIKU LUKAKU,21cineplex,,16SLUU,Drama,92 menit,D17+,2D,2026-05-27,f2755a48-69ce-4b01-a157-27b9edd84663,2026-05-27T17:33:23.336674
835089b6-9d57-4ca4-a4e6-e276f9366cee,STAR WARS: THE MANDALORIAN AND GROGU,21cineplex,,26SWMG,"Fantasy, Sci-Fi",132 menit,13+,2D,2026-05-27,46ab4c3f-affd-4c63-b5b3-c369868092d2,2026-05-27T17:33:23.336863
835089b6-9d57-4ca4-a4e6-e276f9366cee,THE DEVIL WEARS PRADA 2,21cineplex,,26DWP2,"Comedy, Drama",119 menit,13+,2D,2026-05-27,0f0b7d71-462b-4376-ba8a-9778a9adab0c,2026-05-27T17:33:23.336971
835089b6-9d57-4ca4-a4e6-e276f9366cee,PASSENGER,21cineplex,,26PASR,Horror,94 menit,D17+,2D,2026-05-27,7e5a5216-eafc-41c0-95fa-018a2be7c2fb,2026-05-27T17:33:23.337103
835089b6-9d57-4ca4-a4e6-e276f9366cee,HOKUM,21cineplex,,26HOKM,Horror,107 menit,13+,2D,2026-05-27,434f9262-66c5-47f5-ba3c-86587ac03a9d,2026-05-27T17:33:23.337294
835089b6-9d57-4ca4-a4e6-e276f9366cee,MICHAEL,21cineplex,,26MICL,Biography,127 menit,SU,2D,2026-05-27,42fc4478-5eda-458e-8dd1-6bcdfa404557,2026-05-27T17:33:23.337414
835089b6-9d57-4ca4-a4e6-e276f9366cee,COLONY,21cineplex,,26COLY,"Horror, Thriller",122 menit,13+,2D,2026-06-03,cf6ec674-fb22-4e23-939f-76fb69bfb385,2026-05-27T17:33:23.337541
0c9a4848-0585-46af-9b23-4d773d767acc,CHILDREN OF HEAVEN,21cineplex,,16COHN,"Drama, Family",97 menit,SU,2D,2026-05-27,5de96642-338c-4273-9bd8-f72b1b91381f,2026-05-27T17:33:26.164123
0c9a4848-0585-46af-9b23-4d773d767acc,SEKAWAN LIMO 2: GUNUNG KLAWIH,21cineplex,,16SK2G,"Comedy, Horror",122 menit,13+,2D,2026-05-27,6c0facd0-6f69-4c79-96bf-264387f02edc,2026-05-27T17:33:26.164216
0c9a4848-0585-46af-9b23-4d773d767acc,GUDANG MERICA,21cineplex,,16GMEA,"Comedy, Horror",98 menit,D17+,2D,2026-05-27,b73bf18a-4b59-40f6-a380-dbc6f61d3add,2026-05-27T17:33:26.164257
0c9a4848-0585-46af-9b23-4d773d767acc,TUMBAL PROYEK,21cineplex,,16TPRK,Horror,106 menit,D17+,2D,2026-05-27,b141869f-b9cd-46ce-b9b7-1d801ced38cd,2026-05-27T17:33:26.164305
0c9a4848-0585-46af-9b23-4d773d767acc,BADUT GENDONG,21cineplex,,16BGEG,"Action, Horror",101 menit,D17+,2D,2026-05-27,994611ec-1474-4818-bc53-90ae8ab3e0c8,2026-05-27T17:33:26.164338
0c9a4848-0585-46af-9b23-4d773d767acc,SUAMIKU LUKAKU,21cineplex,,16SLUU,Drama,92 menit,D17+,2D,2026-05-27,cf3a8ad9-8dae-454a-881b-9719cef36ca1,2026-05-27T17:33:26.164398
919c0738-386e-419e-a10c-58cfcaabfbf3,TUMBAL PROYEK,21cineplex,,16TPRK,Horror,106 menit,D17+,2D,2026-05-27,b0b4822a-adca-4acb-8241-d9f15ffd744e,2026-05-27T17:33:27.615104
919c0738-386e-419e-a10c-58cfcaabfbf3,CHILDREN OF HEAVEN,21cineplex,,16COHN,"Drama, Family",97 menit,SU,2D,2026-05-27,26dcd2c4-b32d-48e8-ad75-0aa533339ae0,2026-05-27T17:33:27.615316
919c0738-386e-419e-a10c-58cfcaabfbf3,GUDANG MERICA,21cineplex,,16GMEA,"Comedy, Horror",98 menit,D17+,2D,2026-05-27,714a233c-221b-480b-b0ec-78ea194bc541,2026-05-27T17:33:27.615559
919c0738-386e-419e-a10c-58cfcaabfbf3,SUAMIKU LUKAKU,21cineplex,,16SLUU,Drama,92 menit,D17+,2D,2026-05-27,52bc090b-0225-4a00-87bd-32dfdaa3bf02,2026-05-27T17:33:27.615817
919c0738-386e-419e-a10c-58cfcaabfbf3,SEKAWAN LIMO 2: GUNUNG KLAWIH,21cineplex,,16SK2G,"Comedy, Horror",122 menit,13+,2D,2026-05-27,f69684ab-9537-4437-a41d-487a0f5852ca,2026-05-27T17:33:27.616029
919c0738-386e-419e-a10c-58cfcaabfbf3,SEMUA AKAN BAIK-BAIK SAJA,21cineplex,,16SABB,Drama,113 menit,13+,2D,2026-05-27,bf7aeaab-45b4-4305-ae40-05430cad888e,2026-05-27T17:33:27.616197
e9f44de7-efba-4b65-97b6-c16d7e447486,STAR WARS: THE MANDALORIAN AND GROGU,21cineplex,,26SWMG,"Fantasy, Sci-Fi",132 menit,13+,2D,2026-05-27,9810c266-8436-450e-81a6-137524109613,2026-05-27T17:33:29.361165
e9f44de7-efba-4b65-97b6-c16d7e447486,PASSENGER,21cineplex,,26PASR,Horror,94 menit,D17+,2D,2026-05-27,39ddff7c-4e92-40f5-9fd3-315decddd6fd,2026-05-27T17:33:29.361231
e9f44de7-efba-4b65-97b6-c16d7e447486,HOKUM,21cineplex,,26HOKM,Horror,107 menit,13+,2D,2026-05-27,d61c6624-6600-4801-888f-cc00367d3e3a,2026-05-27T17:33:29.361294
e9f44de7-efba-4b65-97b6-c16d7e447486,CHILDREN OF HEAVEN,21cineplex,,16COHN,"Drama, Family",97 menit,SU,2D,2026-05-27,47c31d26-0093-4626-bc9a-dbd7ff3ce4da,2026-05-27T17:33:29.361333
e9f44de7-efba-4b65-97b6-c16d7e447486,BADUT GENDONG,21cineplex,,16BGEG,"Action, Horror",101 menit,D17+,2D,2026-05-27,a8111b6a-854a-4c6c-b88e-fa20ef9dbf84,2026-05-27T17:33:29.361399
e9f44de7-efba-4b65-97b6-c16d7e447486,COLONY,21cineplex,,26COLY,"Horror, Thriller",122 menit,13+,2D,2026-06-03,d0c815cb-e061-4205-b140-517720713696,2026-05-27T17:33:29.361483
eb836c4a-5de3-4de3-bd4a-028f3b4e349d,GOHAN,21cineplex,,26GOHN,Drama,140 menit,SU,2D,2026-05-27,b847ee85-654b-4527-abf8-80c847f062d8,2026-05-27T17:33:32.324037
eb836c4a-5de3-4de3-bd4a-028f3b4e349d,STAR WARS: THE MANDALORIAN AND GROGU,21cineplex,,26SWMG,"Fantasy, Sci-Fi",132 menit,13+,2D,2026-05-27,3da80281-a043-4493-b416-57b5f8616427,2026-05-27T17:33:32.324316
eb836c4a-5de3-4de3-bd4a-028f3b4e349d,SUAMIKU LUKAKU,21cineplex,,16SLUU,Drama,92 menit,D17+,2D,2026-05-27,5d3b1b51-314c-4511-b04c-67d443954f41,2026-05-27T17:33:32.324421
eb836c4a-5de3-4de3-bd4a-028f3b4e349d,PASSENGER,21cineplex,,26PASR,Horror,94 menit,D17+,2D,2026-05-27,83115b9c-edad-4e25-920d-a13b900644d5,2026-05-27T17:33:32.324614
eb836c4a-5de3-4de3-bd4a-028f3b4e349d,BADUT GENDONG,21cineplex,,16BGEG,"Action, Horror",101 menit,D17+,2D,2026-05-27,50ad0dfc-f294-4de1-ade9-41b2e5ed227c,2026-05-27T17:33:32.324789
eb836c4a-5de3-4de3-bd4a-028f3b4e349d,SEKAWAN LIMO 2: GUNUNG KLAWIH,21cineplex,,16SK2G,"Comedy, Horror",122 menit,13+,2D,2026-05-27,eb399308-1cc8-4cff-b6bd-a0935540a089,2026-05-27T17:33:32.324958
eb836c4a-5de3-4de3-bd4a-028f3b4e349d,COLONY,21cineplex,,26COLY,"Horror, Thriller",122 menit,13+,2D,2026-06-03,59fec80a-ecba-44a7-bd0e-9eba4570a170,2026-05-27T17:33:32.325144
62af358e-decb-4a5d-921e-0c16bcc0dfbf,TUMBAL PROYEK,21cineplex,,16TPRK,Horror,106 menit,D17+,2D,2026-05-27,a530e64e-6b8f-488b-8be0-4356b3098669,2026-05-27T17:33:35.293706
62af358e-decb-4a5d-921e-0c16bcc0dfbf,GUDANG MERICA,21cineplex,,16GMEA,"Comedy, Horror",98 menit,D17+,2D,2026-05-27,f932be2d-4509-435e-b917-ac0b87650646,2026-05-27T17:33:35.293766
62af358e-decb-4a5d-921e-0c16bcc0dfbf,BADUT GENDONG,21cineplex,,16BGEG,"Action, Horror",101 menit,D17+,2D,2026-05-27,5d522852-6596-4841-8b78-7f790ae5d82c,2026-05-27T17:33:35.293843
62af358e-decb-4a5d-921e-0c16bcc0dfbf,SUAMIKU LUKAKU,21cineplex,,16SLUU,Drama,92 menit,D17+,2D,2026-05-27,a521e231-4a18-45a4-b801-df1cedd0df3a,2026-05-27T17:33:35.293915
62af358e-decb-4a5d-921e-0c16bcc0dfbf,SEKAWAN LIMO 2: GUNUNG KLAWIH,21cineplex,,16SK2G,"Comedy, Horror",122 menit,13+,2D,2026-05-27,b042d65a-66c3-4779-ae4b-3190c19e7755,2026-05-27T17:33:35.293986
f7d9d3f1-4c54-4918-983e-66b6b141ed98,HOKUM,21cineplex,,26HOKM,Horror,107 menit,13+,2D,2026-05-27,83efcade-4cea-46dd-95fd-6dc173f15c5e,2026-05-27T17:33:36.616706
f7d9d3f1-4c54-4918-983e-66b6b141ed98,MICHAEL,21cineplex,,26MICL,Biography,127 menit,SU,2D,2026-05-27,7c9d39df-fc9f-4abe-8112-3b65b5a3725a,2026-05-27T17:33:36.616885
f7d9d3f1-4c54-4918-983e-66b6b141ed98,CHILDREN OF HEAVEN,21cineplex,,16COHN,"Drama, Family",97 menit,SU,2D,2026-05-27,734874eb-97fe-4bd6-9aaa-4c9f1ea67652,2026-05-27T17:33:36.616985
f7d9d3f1-4c54-4918-983e-66b6b141ed98,STAR WARS: THE MANDALORIAN AND GROGU,21cineplex,,26SWMG,"Fantasy, Sci-Fi",132 menit,13+,2D,2026-05-27,0a87b164-b9ff-483f-808b-e9549e2e6b04,2026-05-27T17:33:36.617170
f7d9d3f1-4c54-4918-983e-66b6b141ed98,THE DEVIL WEARS PRADA 2,21cineplex,,26DWP2,"Comedy, Drama",119 menit,13+,2D,2026-05-27,8d039257-20e2-4a1d-8c55-18dde6fd6ba3,2026-05-27T17:33:36.617244
f7d9d3f1-4c54-4918-983e-66b6b141ed98,PASSENGER,21cineplex,,26PASR,Horror,94 menit,D17+,2D,2026-05-27,b30734d8-bcea-49f4-9949-5802e5583709,2026-05-27T17:33:36.617403
f7d9d3f1-4c54-4918-983e-66b6b141ed98,COLONY,21cineplex,,26COLY,"Horror, Thriller",122 menit,13+,2D,2026-06-03,f795c95d-9633-4eb0-9f15-339855dfe2d7,2026-05-27T17:33:36.617591
b6e3ef56-ba78-4ac1-b9ee-48e9f5c845cf,SEMUA AKAN BAIK-BAIK SAJA,21cineplex,,16SABB,Drama,113 menit,13+,2D,2026-05-27,b78c5c54-8a5d-4790-a1b5-02397f871795,2026-05-27T17:33:39.607700
b6e3ef56-ba78-4ac1-b9ee-48e9f5c845cf,STAR WARS: THE MANDALORIAN AND GROGU,21cineplex,,26SWMG,"Fantasy, Sci-Fi",132 menit,13+,2D,2026-05-27,eb944c66-964d-4063-bc9a-42fdf4b9ae75,2026-05-27T17:33:39.607842
b6e3ef56-ba78-4ac1-b9ee-48e9f5c845cf,PROJECT HAIL MARY,21cineplex,,26PHMY,Sci-Fi,157 menit,13+,2D,2026-05-27,e8b211d7-9a30-4c6b-9601-e32ba453232f,2026-05-27T17:33:39.607898
b6e3ef56-ba78-4ac1-b9ee-48e9f5c845cf,CHILDREN OF HEAVEN,21cineplex,,16COHN,"Drama, Family",97 menit,SU,2D,2026-05-27,6880b234-7393-4364-9c75-72044bfa7317,2026-05-27T17:33:39.607944
b6e3ef56-ba78-4ac1-b9ee-48e9f5c845cf,SEKAWAN LIMO 2: GUNUNG KLAWIH,21cineplex,,16SK2G,"Comedy, Horror",122 menit,13+,2D,2026-05-27,f5047174-5ef8-4300-a3b8-f9c6e0c2d466,2026-05-27T17:33:39.607996
b6e3ef56-ba78-4ac1-b9ee-48e9f5c845cf,THE DEVIL WEARS PRADA 2,21cineplex,,26DWP2,"Comedy, Drama",119 menit,13+,2D,2026-05-27,91ec0500-ff9a-4ccd-af64-e2c4d2224d99,2026-05-27T17:33:39.608056
b6e3ef56-ba78-4ac1-b9ee-48e9f5c845cf,BADUT GENDONG,21cineplex,,16BGEG,"Action, Horror",101 menit,D17+,2D,2026-05-27,9d841249-2265-40ae-b779-175c4b3d81f2,2026-05-27T17:33:39.608092
b6e3ef56-ba78-4ac1-b9ee-48e9f5c845cf,MICHAEL,21cineplex,,26MICL,Biography,127 menit,SU,2D,2026-05-27,d8fef8f0-10ff-4095-9e10-2d1743be9617,2026-05-27T17:33:39.608158
b6e3ef56-ba78-4ac1-b9ee-48e9f5c845cf,PASSENGER,21cineplex,,26PASR,Horror,94 menit,D17+,2D,2026-05-27,f818dd09-3fab-4150-a80c-e26c3b984fb1,2026-05-27T17:33:39.608190
b6e3ef56-ba78-4ac1-b9ee-48e9f5c845cf,CHAND MERA DIL,21cineplex,,26CMDL,"Drama, Romance",142 menit,D17+,2D,2026-05-27,335758d8-1eec-4bd5-9a6d-ff047eddbaae,2026-05-27T17:33:39.608250
b6e3ef56-ba78-4ac1-b9ee-48e9f5c845cf,HOKUM,21cineplex,,26HOKM,Horror,107 menit,13+,2D,2026-05-27,595db218-203b-4ae4-9fe8-df4d9a6d92bf,2026-05-27T17:33:39.608287
b6e3ef56-ba78-4ac1-b9ee-48e9f5c845cf,SUAMIKU LUKAKU,21cineplex,,16SLUU,Drama,92 menit,D17+,2D,2026-05-27,ffaae0cc-907a-4375-a611-670aa754bdef,2026-05-27T17:33:39.608323
b6e3ef56-ba78-4ac1-b9ee-48e9f5c845cf,COLONY,21cineplex,,26COLY,"Horror, Thriller",122 menit,13+,2D,2026-06-03,f2fbac88-e831-4cf4-b3ad-a7cd13941de6,2026-05-27T17:33:39.608408
54a2e92e-82ae-4daf-ba26-ab458d776a20,MICHAEL,21cineplex,,26MICL,Biography,127 menit,SU,2D,2026-05-27,ba767a41-18d7-4c69-899e-8f661b073034,2026-05-27T17:33:42.593876
54a2e92e-82ae-4daf-ba26-ab458d776a20,STAR WARS: THE MANDALORIAN AND GROGU,21cineplex,,26SWMG,"Fantasy, Sci-Fi",132 menit,13+,2D,2026-05-27,bf1bcddf-6550-4ff2-af45-e412806bbdc7,2026-05-27T17:33:42.594020
54a2e92e-82ae-4daf-ba26-ab458d776a20,CHILDREN OF HEAVEN,21cineplex,,16COHN,"Drama, Family",97 menit,SU,2D,2026-05-27,29948438-8980-48b9-8f7f-cbabe042c0a2,2026-05-27T17:33:42.594100
54a2e92e-82ae-4daf-ba26-ab458d776a20,PASSENGER,21cineplex,,26PASR,Horror,94 menit,D17+,2D,2026-05-27,22cbb43b-f650-46ac-aeed-50bd0a1e40e5,2026-05-27T17:33:42.594220
54a2e92e-82ae-4daf-ba26-ab458d776a20,COLONY,21cineplex,,26COLY,"Horror, Thriller",122 menit,13+,2D,2026-06-03,014e3c89-48a0-46ef-acec-ceb5efbb3b67,2026-05-27T17:33:42.594348
5bf1560e-e9f4-490b-89c0-62955b9afee0,GOHAN,21cineplex,,26GOHN,Drama,140 menit,SU,2D,2026-05-27,2fdde6f3-5d14-4d83-a25d-ba4b16547d01,2026-05-27T17:33:45.609854
5bf1560e-e9f4-490b-89c0-62955b9afee0,STAR WARS: THE MANDALORIAN AND GROGU,21cineplex,,26SWMG,"Fantasy, Sci-Fi",132 menit,13+,2D,2026-05-27,514050f8-efef-4605-8202-5b41b068215b,2026-05-27T17:33:45.609934
5bf1560e-e9f4-490b-89c0-62955b9afee0,CHILDREN OF HEAVEN,21cineplex,,16COHN,"Drama, Family",97 menit,SU,2D,2026-05-27,0a03eff8-e05a-499d-beba-a1cd8e1a6840,2026-05-27T17:33:45.609984
5bf1560e-e9f4-490b-89c0-62955b9afee0,TUMBAL PROYEK,21cineplex,,16TPRK,Horror,106 menit,D17+,2D,2026-05-27,93ec68ec-af97-43a9-b836-54ac8964ae99,2026-05-27T17:33:45.610077
5bf1560e-e9f4-490b-89c0-62955b9afee0,MICHAEL,21cineplex,,26MICL,Biography,127 menit,SU,2D,2026-05-27,53e1d15d-8a20-4eab-9633-02a46beb0af2,2026-05-27T17:33:45.610153
5bf1560e-e9f4-490b-89c0-62955b9afee0,BADUT GENDONG,21cineplex,,16BGEG,"Action, Horror",101 menit,D17+,2D,2026-05-27,5cd97338-0c4f-4575-972c-1449bf28339f,2026-05-27T17:33:45.610212
5bf1560e-e9f4-490b-89c0-62955b9afee0,HOKUM,21cineplex,,26HOKM,Horror,107 menit,13+,2D,2026-05-27,9326284f-9008-47a8-803a-dc12b3f6ed03,2026-05-27T17:33:45.610304
5bf1560e-e9f4-490b-89c0-62955b9afee0,SEKAWAN LIMO 2: GUNUNG KLAWIH,21cineplex,,16SK2G,"Comedy, Horror",122 menit,13+,2D,2026-05-27,b6d8b896-90dc-4024-bb49-0f8e3671a0fb,2026-05-27T17:33:45.610350
5bf1560e-e9f4-490b-89c0-62955b9afee0,PASSENGER,21cineplex,,26PASR,Horror,94 menit,D17+,2D,2026-05-27,868a9e38-959a-4cbf-a80b-a81806db02d8,2026-05-27T17:33:45.610412
5bf1560e-e9f4-490b-89c0-62955b9afee0,NOBODY LOVES KAY,21cineplex,,16NLKY,Drama,117 menit,D17+,2D,2026-05-31,9fc4e588-83be-41f5-9ce7-4adc0308cf0c,2026-05-27T17:33:45.610493
5bf1560e-e9f4-490b-89c0-62955b9afee0,COLONY,21cineplex,,26COLY,"Horror, Thriller",122 menit,13+,2D,2026-06-03,913e3583-ab66-4dfa-888f-f947d14a1739,2026-05-27T17:33:45.610548
255fb85a-d8fc-4d73-a35d-59b211c6c5a3,CHILDREN OF HEAVEN,21cineplex,,16COHN,"Drama, Family",97 menit,SU,2D,2026-05-27,63e327b2-4d1a-4504-bc67-1ae0f11c4456,2026-05-27T17:33:48.710014
255fb85a-d8fc-4d73-a35d-59b211c6c5a3,SUAMIKU LUKAKU,21cineplex,,16SLUU,Drama,92 menit,D17+,2D,2026-05-27,3e98a2ef-f12b-4de4-9814-7bbd1639801e,2026-05-27T17:33:48.710157
255fb85a-d8fc-4d73-a35d-59b211c6c5a3,TUMBAL PROYEK,21cineplex,,16TPRK,Horror,106 menit,D17+,2D,2026-05-27,43451d1b-a8c4-410b-ae46-52a7a8a2625f,2026-05-27T17:33:48.710234
255fb85a-d8fc-4d73-a35d-59b211c6c5a3,SEKAWAN LIMO 2: GUNUNG KLAWIH,21cineplex,,16SK2G,"Comedy, Horror",122 menit,13+,2D,2026-05-27,9817b795-ba09-41fa-9c19-86b477aead6a,2026-05-27T17:33:48.710298
255fb85a-d8fc-4d73-a35d-59b211c6c5a3,BADUT GENDONG,21cineplex,,16BGEG,"Action, Horror",101 menit,D17+,2D,2026-05-27,3d4b6b8f-8952-43cf-a3cd-1bb612f1315f,2026-05-27T17:33:48.710367
3fd7f9a0-256d-4886-b1b0-83720027920d,GOHAN,21cineplex,,26GOHN,Drama,140 menit,SU,2D,2026-05-27,59d0f798-2bff-45b8-93dd-d9007d32a260,2026-05-27T17:33:50.382547
3fd7f9a0-256d-4886-b1b0-83720027920d,SALMOKJI: WHISPERING WATER,21cineplex,,26SWWR,Horror,95 menit,D17+,2D,2026-05-27,4416a19a-9812-4ab0-81d7-5c84cbd025e1,2026-05-27T17:33:50.382672
3fd7f9a0-256d-4886-b1b0-83720027920d,HOKUM,21cineplex,,26HOKM,Horror,107 menit,13+,2D,2026-05-27,f7c7c27e-29c6-4446-848f-76f528b2d778,2026-05-27T17:33:50.382743
3fd7f9a0-256d-4886-b1b0-83720027920d,CHILDREN OF HEAVEN,21cineplex,,16COHN,"Drama, Family",97 menit,SU,2D,2026-05-27,a99cdf21-d57a-451d-b9d7-66e210164278,2026-05-27T17:33:50.382803
3fd7f9a0-256d-4886-b1b0-83720027920d,SUAMIKU LUKAKU,21cineplex,,16SLUU,Drama,92 menit,D17+,2D,2026-05-27,0da9c1b0-1e37-4feb-b9bd-da8a9e48d095,2026-05-27T17:33:50.382883
3fd7f9a0-256d-4886-b1b0-83720027920d,IN THE GREY,21cineplex,,26ITGY,"Action, Thriller",97 menit,13+,2D,2026-05-27,41e8a0fb-93df-407c-9d0a-920f6ef0e85e,2026-05-27T17:33:50.382992
3fd7f9a0-256d-4886-b1b0-83720027920d,PASSENGER,21cineplex,,26PASR,Horror,94 menit,D17+,2D,2026-05-27,86e17ece-cc39-44fb-9e8e-099371209d7c,2026-05-27T17:33:50.383038
3fd7f9a0-256d-4886-b1b0-83720027920d,STAR WARS: THE MANDALORIAN AND GROGU,21cineplex,,26SWMG,"Fantasy, Sci-Fi",132 menit,13+,2D,2026-05-27,a6057bb4-cdc3-41ae-8643-82fe3fc3366a,2026-05-27T17:33:50.383132
3fd7f9a0-256d-4886-b1b0-83720027920d,NOBODY LOVES KAY,21cineplex,,16NLKY,Drama,117 menit,D17+,2D,2026-05-28,6756e2bc-0921-4525-b8de-fa2512b8984b,2026-05-27T17:33:50.383203
3fd7f9a0-256d-4886-b1b0-83720027920d,COLONY,21cineplex,,26COLY,"Horror, Thriller",122 menit,13+,2D,2026-06-03,a220d168-39f0-41c8-9025-7da14303b6ed,2026-05-27T17:33:50.383262
663bf279-26e6-4937-9fe8-3ad428847384,CHILDREN OF HEAVEN,21cineplex,,16COHN,"Drama, Family",97 menit,SU,2D,2026-05-27,95ef22e2-81ff-4e12-bbcf-887820f2a23b,2026-05-27T17:33:53.364641
663bf279-26e6-4937-9fe8-3ad428847384,SEKAWAN LIMO 2: GUNUNG KLAWIH,21cineplex,,16SK2G,"Comedy, Horror",122 menit,13+,2D,2026-05-27,d80b86e5-f4b5-40ac-acfd-7e0690bf3fe3,2026-05-27T17:33:53.364845
663bf279-26e6-4937-9fe8-3ad428847384,GUDANG MERICA,21cineplex,,16GMEA,"Comedy, Horror",98 menit,D17+,2D,2026-05-27,fb8b21d2-1597-49de-9f99-b724faf17af9,2026-05-27T17:33:53.364893
663bf279-26e6-4937-9fe8-3ad428847384,GOHAN,21cineplex,,26GOHN,Drama,140 menit,SU,2D,2026-05-27,37fa5064-1302-40aa-8c8e-efd582483ece,2026-05-27T17:33:53.364976
663bf279-26e6-4937-9fe8-3ad428847384,TUMBAL PROYEK,21cineplex,,16TPRK,Horror,106 menit,D17+,2D,2026-05-27,aa718d1e-1fba-4b4a-9b56-ad631d031dd1,2026-05-27T17:33:53.365029
663bf279-26e6-4937-9fe8-3ad428847384,STAR WARS: THE MANDALORIAN AND GROGU,21cineplex,,26SWMG,"Fantasy, Sci-Fi",132 menit,13+,2D,2026-05-27,88bbca26-d6cd-4dda-9507-c6a2085d5632,2026-05-27T17:33:53.365076
663bf279-26e6-4937-9fe8-3ad428847384,BADUT GENDONG,21cineplex,,16BGEG,"Action, Horror",101 menit,D17+,2D,2026-05-27,aba070c4-d088-4609-b865-0eee6af26bcd,2026-05-27T17:33:53.365114
0a7980ed-97a2-43fd-b137-be0d49ea5784,THE SHEEP DETECTIVES,21cineplex,,26SDES,"Comedy, Mystery",109 menit,SU,2D,2026-05-27,c5b337f6-9ce3-4465-9f0b-226cf2103fa5,2026-05-27T17:33:54.650014
0a7980ed-97a2-43fd-b137-be0d49ea5784,GOHAN,21cineplex,,26GOHN,Drama,140 menit,SU,2D,2026-05-27,51b816d2-3b1a-4816-a83b-1ef79d5aadff,2026-05-27T17:33:54.650117
0a7980ed-97a2-43fd-b137-be0d49ea5784,STAR WARS: THE MANDALORIAN AND GROGU,21cineplex,,26SWMG,"Fantasy, Sci-Fi",132 menit,13+,2D,2026-05-27,f1644607-8587-43d6-9811-83b8e98cb82e,2026-05-27T17:33:54.650186
0a7980ed-97a2-43fd-b137-be0d49ea5784,PASSENGER,21cineplex,,26PASR,Horror,94 menit,D17+,2D,2026-05-27,7dd45b78-bb1f-42fe-be14-bd7f7f7d39d2,2026-05-27T17:33:54.650245
0a7980ed-97a2-43fd-b137-be0d49ea5784,HOKUM,21cineplex,,26HOKM,Horror,107 menit,13+,2D,2026-05-27,473eef86-af91-4f5e-b487-ae3e6bf9cce7,2026-05-27T17:33:54.650316
0a7980ed-97a2-43fd-b137-be0d49ea5784,COLONY,21cineplex,,26COLY,"Horror, Thriller",122 menit,13+,2D,2026-06-03,5f216565-58f4-4143-b2b0-9d55deb2d72d,2026-05-27T17:33:54.650364
bfc1d4f5-00c9-4f79-b0f3-3b82969dcb87,SEKAWAN LIMO 2: GUNUNG KLAWIH,21cineplex,,16SK2G,"Comedy, Horror",122 menit,13+,2D,2026-05-27,fb58ba0f-69e8-43e8-baf6-6c2db23e6f84,2026-05-27T17:34:04.070274
bfc1d4f5-00c9-4f79-b0f3-3b82969dcb87,CHILDREN OF HEAVEN,21cineplex,,16COHN,"Drama, Family",97 menit,SU,2D,2026-05-27,e5844273-39a3-4c2c-be41-b258498efdb3,2026-05-27T17:34:04.070860
bfc1d4f5-00c9-4f79-b0f3-3b82969dcb87,HOKUM,21cineplex,,26HOKM,Horror,107 menit,13+,2D,2026-05-27,5783d7b1-d0dd-4b13-b484-4a8622972404,2026-05-27T17:34:04.071030
bfc1d4f5-00c9-4f79-b0f3-3b82969dcb87,STAR WARS: THE MANDALORIAN AND GROGU,21cineplex,,26SWMG,"Fantasy, Sci-Fi",132 menit,13+,2D,2026-05-27,4fc2b6d9-07f4-4ab1-9eb0-3b1c366a5f43,2026-05-27T17:34:04.074705
bfc1d4f5-00c9-4f79-b0f3-3b82969dcb87,TUMBAL PROYEK,21cineplex,,16TPRK,Horror,106 menit,D17+,2D,2026-05-27,c4dd4772-7b5a-4365-b484-2db7087a2037,2026-05-27T17:34:04.074816
bfc1d4f5-00c9-4f79-b0f3-3b82969dcb87,SUAMIKU LUKAKU,21cineplex,,16SLUU,Drama,92 menit,D17+,2D,2026-05-27,8b753c00-1934-441b-acaa-84eb1ecfc231,2026-05-27T17:34:04.074999
bfc1d4f5-00c9-4f79-b0f3-3b82969dcb87,PASSENGER,21cineplex,,26PASR,Horror,94 menit,D17+,2D,2026-05-27,837e3a2c-8d55-4f87-a99b-32decc123a03,2026-05-27T17:34:04.075234
bfc1d4f5-00c9-4f79-b0f3-3b82969dcb87,BADUT GENDONG,21cineplex,,16BGEG,"Action, Horror",101 menit,D17+,2D,2026-05-27,ad0dd294-095b-4e25-83be-a879bd545070,2026-05-27T17:34:04.075442
bfc1d4f5-00c9-4f79-b0f3-3b82969dcb87,SEMUA AKAN BAIK-BAIK SAJA,21cineplex,,16SABB,Drama,113 menit,13+,2D,2026-05-27,d409e730-98b8-44a9-a6a7-6cdcce490f69,2026-05-27T17:34:04.075657
bfc1d4f5-00c9-4f79-b0f3-3b82969dcb87,THE SHEEP DETECTIVES,21cineplex,,26SDES,"Comedy, Mystery",109 menit,SU,2D,2026-05-27,d9136697-790f-49f3-9263-5cbb9fdd59fd,2026-05-27T17:34:04.075829
bfc1d4f5-00c9-4f79-b0f3-3b82969dcb87,COLONY,21cineplex,,26COLY,"Horror, Thriller",122 menit,13+,2D,2026-06-03,ffc98b52-9afc-41f5-8df0-2ecea751936d,2026-05-27T17:34:04.076000
e7a69e83-39bb-4e72-829c-800696aaa9df,SEKAWAN LIMO 2: GUNUNG KLAWIH,21cineplex,,16SK2G,"Comedy, Horror",122 menit,13+,2D,2026-05-27,0d7c430a-606e-4415-8c6b-56ec67fcb4b0,2026-05-27T17:34:05.163176
e7a69e83-39bb-4e72-829c-800696aaa9df,HOKUM,21cineplex,,26HOKM,Horror,107 menit,13+,2D,2026-05-27,6310d168-2171-40cb-997a-fb0669e3696b,2026-05-27T17:34:05.163466
e7a69e83-39bb-4e72-829c-800696aaa9df,GOHAN,21cineplex,,26GOHN,Drama,140 menit,SU,2D,2026-05-27,6fdec0e1-660b-45d4-a6ae-6426963ec05b,2026-05-27T17:34:05.163532
e7a69e83-39bb-4e72-829c-800696aaa9df,PASSENGER,21cineplex,,26PASR,Horror,94 menit,D17+,2D,2026-05-27,80c3a359-f727-4768-8c8c-7a2709b099a5,2026-05-27T17:34:05.163602
e7a69e83-39bb-4e72-829c-800696aaa9df,GHOST IN THE CELL,21cineplex,,16GITC,"Comedy, Horror",106 menit,D17+,2D,2026-05-27,6dff469f-1876-4ade-9eed-0cd697a48602,2026-05-27T17:34:05.163748
e7a69e83-39bb-4e72-829c-800696aaa9df,SUAMIKU LUKAKU,21cineplex,,16SLUU,Drama,92 menit,D17+,2D,2026-05-27,a017fba0-b094-413a-9d0b-6aabbc57b066,2026-05-27T17:34:05.163821
e7a69e83-39bb-4e72-829c-800696aaa9df,SEMUA AKAN BAIK-BAIK SAJA,21cineplex,,16SABB,Drama,113 menit,13+,2D,2026-05-27,b73fc80d-8db9-49c0-8fd4-b54457a35267,2026-05-27T17:34:05.163980
e7a69e83-39bb-4e72-829c-800696aaa9df,BADUT GENDONG,21cineplex,,16BGEG,"Action, Horror",101 menit,D17+,2D,2026-05-27,03a72067-bba2-40f1-a8ad-d2e2ba221755,2026-05-27T17:34:05.164110
e7a69e83-39bb-4e72-829c-800696aaa9df,COLONY,21cineplex,,26COLY,"Horror, Thriller",122 menit,13+,2D,2026-06-03,08fe0d7d-3f96-4172-a16d-d4d8bcd3c3e3,2026-05-27T17:34:05.164276
027cac88-cd7a-4b63-a285-19bd7ac79e0d,TUMBAL PROYEK,21cineplex,,16TPRK,Horror,106 menit,D17+,2D,2026-05-27,1b84b0c8-3ff6-4dfd-8725-18f3ff5b9146,2026-05-27T17:34:06.646222
027cac88-cd7a-4b63-a285-19bd7ac79e0d,SUAMIKU LUKAKU,21cineplex,,16SLUU,Drama,92 menit,D17+,2D,2026-05-27,160eafb9-bccc-4ad5-ace3-e885c0c8c189,2026-05-27T17:34:06.646517
027cac88-cd7a-4b63-a285-19bd7ac79e0d,CHILDREN OF HEAVEN,21cineplex,,16COHN,"Drama, Family",97 menit,SU,2D,2026-05-27,d884792f-6a09-4eb9-b405-571b48b3f15a,2026-05-27T17:34:06.646767
027cac88-cd7a-4b63-a285-19bd7ac79e0d,PASSENGER,21cineplex,,26PASR,Horror,94 menit,D17+,2D,2026-05-27,5663ad5a-f577-422b-9aca-fcdf319828d4,2026-05-27T17:34:06.646984
027cac88-cd7a-4b63-a285-19bd7ac79e0d,SEMUA AKAN BAIK-BAIK SAJA,21cineplex,,16SABB,Drama,113 menit,13+,2D,2026-05-27,7e614a59-0a51-4154-a622-7d33b9d4e320,2026-05-27T17:34:06.647145
027cac88-cd7a-4b63-a285-19bd7ac79e0d,HOKUM,21cineplex,,26HOKM,Horror,107 menit,13+,2D,2026-05-27,340c59b9-5858-46b7-b807-0ec73f36bc85,2026-05-27T17:34:06.647389
027cac88-cd7a-4b63-a285-19bd7ac79e0d,BADUT GENDONG,21cineplex,,16BGEG,"Action, Horror",101 menit,D17+,2D,2026-05-27,c779a3f9-b1a6-47d9-ada8-edf68167b2df,2026-05-27T17:34:06.647544
027cac88-cd7a-4b63-a285-19bd7ac79e0d,GOHAN,21cineplex,,26GOHN,Drama,140 menit,SU,2D,2026-05-27,57c3b428-1267-48bf-b54f-cd4f4b63ef00,2026-05-27T17:34:06.647731
027cac88-cd7a-4b63-a285-19bd7ac79e0d,COLONY,21cineplex,,26COLY,"Horror, Thriller",122 menit,13+,2D,2026-06-03,9f25f452-9cc0-492f-8dd0-3190867a7535,2026-05-27T17:34:06.647831
3873fd9e-7b29-4d78-9f63-1c1f40bcc2cb,BADUT GENDONG,21cineplex,,16BGEG,"Action, Horror",101 menit,D17+,2D,2026-05-27,161e8e7f-d71a-4cdb-994a-2c2346898f43,2026-05-27T17:34:11.176596
3873fd9e-7b29-4d78-9f63-1c1f40bcc2cb,CHILDREN OF HEAVEN,21cineplex,,16COHN,"Drama, Family",97 menit,SU,2D,2026-05-27,648d61af-3e48-4dc7-86ce-c12abaf27d09,2026-05-27T17:34:11.176812
3873fd9e-7b29-4d78-9f63-1c1f40bcc2cb,TUMBAL PROYEK,21cineplex,,16TPRK,Horror,106 menit,D17+,2D,2026-05-27,6c2403f2-b53d-4508-bc37-89f0021c05f3,2026-05-27T17:34:11.176976
3873fd9e-7b29-4d78-9f63-1c1f40bcc2cb,PASSENGER,21cineplex,,26PASR,Horror,94 menit,D17+,2D,2026-05-27,15659936-7ec5-47cb-9f75-9272c978b1bf,2026-05-27T17:34:11.177103
3873fd9e-7b29-4d78-9f63-1c1f40bcc2cb,SEKAWAN LIMO 2: GUNUNG KLAWIH,21cineplex,,16SK2G,"Comedy, Horror",122 menit,13+,2D,2026-05-27,1aac0667-413d-4cf5-a1be-1601cc4630d4,2026-05-27T17:34:11.177245
3873fd9e-7b29-4d78-9f63-1c1f40bcc2cb,MORTAL KOMBAT II,21cineplex,,25MKT2,"Action, Adventure",116 menit,D17+,2D,2026-05-27,7a8ccd4e-5f14-48aa-b96c-e4bfe6408381,2026-05-27T17:34:11.177684
3873fd9e-7b29-4d78-9f63-1c1f40bcc2cb,GUDANG MERICA,21cineplex,,16GMEA,"Comedy, Horror",98 menit,D17+,2D,2026-05-27,285cd76b-6aad-444f-979e-b96e3020cb0f,2026-05-27T17:34:11.177753
3873fd9e-7b29-4d78-9f63-1c1f40bcc2cb,SUAMIKU LUKAKU,21cineplex,,16SLUU,Drama,92 menit,D17+,2D,2026-05-27,f7310ccb-3996-4684-ab61-edca16923c2f,2026-05-27T17:34:11.177881
3873fd9e-7b29-4d78-9f63-1c1f40bcc2cb,GOHAN,21cineplex,,26GOHN,Drama,140 menit,SU,2D,2026-05-27,c77dc0ea-2b8a-4c41-bd48-2df75a68f56d,2026-05-27T17:34:11.178007
3873fd9e-7b29-4d78-9f63-1c1f40bcc2cb,SEMUA AKAN BAIK-BAIK SAJA,21cineplex,,16SABB,Drama,113 menit,13+,2D,2026-05-27,c35579a9-21c8-48df-a062-25c9eaae6aaf,2026-05-27T17:34:11.178066
1c8f55f8-b3f3-442f-89ba-7276fa57808b,BADUT GENDONG,21cineplex,,16BGEG,"Action, Horror",101 menit,D17+,2D,2026-05-27,98998edc-d8cc-487c-9312-3f95067c5ff5,2026-05-27T17:34:12.692654
1c8f55f8-b3f3-442f-89ba-7276fa57808b,SUAMIKU LUKAKU,21cineplex,,16SLUU,Drama,92 menit,D17+,2D,2026-05-27,f2d468d1-d60a-4b9c-a56e-0aeb7fe92ec9,2026-05-27T17:34:12.692938
1c8f55f8-b3f3-442f-89ba-7276fa57808b,SEKAWAN LIMO 2: GUNUNG KLAWIH,21cineplex,,16SK2G,"Comedy, Horror",122 menit,13+,2D,2026-05-27,46b44dbc-8d5d-437f-bd78-8fd47c199cb5,2026-05-27T17:34:12.693131
1c8f55f8-b3f3-442f-89ba-7276fa57808b,CHILDREN OF HEAVEN,21cineplex,,16COHN,"Drama, Family",97 menit,SU,2D,2026-05-27,39ec27b7-c22a-49f1-8a5a-8705436c56c7,2026-05-27T17:34:12.693198
e9c7b108-6748-49c8-b334-0941e4d15356,GOHAN,21cineplex,,26GOHN,Drama,140 menit,SU,2D,2026-05-27,503ed06a-e508-4e83-a485-0b0e7d339f51,2026-05-27T17:34:14.443176
e9c7b108-6748-49c8-b334-0941e4d15356,MICHAEL,21cineplex,,26MICL,Biography,127 menit,SU,2D,2026-05-27,44fc86f4-891f-4794-a3de-60f8c50defc1,2026-05-27T17:34:14.443252
e9c7b108-6748-49c8-b334-0941e4d15356,SUAMIKU LUKAKU,21cineplex,,16SLUU,Drama,92 menit,D17+,2D,2026-05-27,9003ffec-2d08-4b37-9475-bf0643ac5269,2026-05-27T17:34:14.443297
e9c7b108-6748-49c8-b334-0941e4d15356,CHILDREN OF HEAVEN,21cineplex,,16COHN,"Drama, Family",97 menit,SU,2D,2026-05-27,0bb1ffa3-277c-48bd-8539-5c988aba1712,2026-05-27T17:34:14.443356
4fdca672-bc34-4408-b4d3-1fdcf65ba68f,HOKUM,21cineplex,,26HOKM,Horror,107 menit,13+,2D,2026-05-27,c2ed137f-1a88-4b91-bb48-774d3a3f342d,2026-05-27T17:34:18.750713
4fdca672-bc34-4408-b4d3-1fdcf65ba68f,GOHAN,21cineplex,,26GOHN,Drama,140 menit,SU,2D,2026-05-27,1dc3e731-6d33-4139-be7d-0aaf557f3dec,2026-05-27T17:34:18.750953
4fdca672-bc34-4408-b4d3-1fdcf65ba68f,SUAMIKU LUKAKU,21cineplex,,16SLUU,Drama,92 menit,D17+,2D,2026-05-27,672506dd-6492-45e9-ba24-74fdc6471fb6,2026-05-27T17:34:18.751030
4fdca672-bc34-4408-b4d3-1fdcf65ba68f,CHILDREN OF HEAVEN,21cineplex,,16COHN,"Drama, Family",97 menit,SU,2D,2026-05-27,4b3d8b49-8f3f-4964-ad68-6f2728aeebe6,2026-05-27T17:34:18.751175
4fdca672-bc34-4408-b4d3-1fdcf65ba68f,SEKAWAN LIMO 2: GUNUNG KLAWIH,21cineplex,,16SK2G,"Comedy, Horror",122 menit,13+,2D,2026-05-27,8fa95629-1686-4c71-b6ea-c8a3e455bdef,2026-05-27T17:34:18.751271
4fdca672-bc34-4408-b4d3-1fdcf65ba68f,SEMUA AKAN BAIK-BAIK SAJA,21cineplex,,16SABB,Drama,113 menit,13+,2D,2026-05-27,2fa0b338-5c29-426a-a8a3-b1d9a76b51a3,2026-05-27T17:34:18.751345
4fdca672-bc34-4408-b4d3-1fdcf65ba68f,TUMBAL PROYEK,21cineplex,,16TPRK,Horror,106 menit,D17+,2D,2026-05-27,28fed284-d688-4699-93f1-4071a40017d5,2026-05-27T17:34:18.751433
4fdca672-bc34-4408-b4d3-1fdcf65ba68f,PASSENGER,21cineplex,,26PASR,Horror,94 menit,D17+,2D,2026-05-27,afe81372-ea8a-461e-b538-fb854748b0b9,2026-05-27T17:34:18.751488
4fdca672-bc34-4408-b4d3-1fdcf65ba68f,COLONY,21cineplex,,26COLY,"Horror, Thriller",122 menit,13+,2D,2026-06-03,72845eae-6efe-4917-ac58-fd5b26025661,2026-05-27T17:34:18.751583
fe059608-2fb1-467e-b960-8ed431f93012,SEKAWAN LIMO 2: GUNUNG KLAWIH,21cineplex,,16SK2G,"Comedy, Horror",122 menit,13+,2D,2026-05-27,1e1a6823-32c8-457a-9fac-61e2e59dfc3b,2026-05-27T17:34:20.244143
fe059608-2fb1-467e-b960-8ed431f93012,SUAMIKU LUKAKU,21cineplex,,16SLUU,Drama,92 menit,D17+,2D,2026-05-27,41a6a025-fed0-4cba-97b3-36e7b9a6f5fd,2026-05-27T17:34:20.244242
fe059608-2fb1-467e-b960-8ed431f93012,CHILDREN OF HEAVEN,21cineplex,,16COHN,"Drama, Family",97 menit,SU,2D,2026-05-27,bbe2341b-f575-40af-a57b-b63ceccad21c,2026-05-27T17:34:20.244323
fe059608-2fb1-467e-b960-8ed431f93012,BADUT GENDONG,21cineplex,,16BGEG,"Action, Horror",101 menit,D17+,2D,2026-05-27,ecffba59-5be7-45ac-af38-89121b5681f8,2026-05-27T17:34:20.244384
29be5351-65ab-4911-815d-633b5d0a975b,CHILDREN OF HEAVEN,21cineplex,,16COHN,"Drama, Family",97 menit,SU,2D,2026-05-27,7da85336-5c8d-4461-899b-fe29adea763c,2026-05-27T17:34:21.705722
29be5351-65ab-4911-815d-633b5d0a975b,TUMBAL PROYEK,21cineplex,,16TPRK,Horror,106 menit,D17+,2D,2026-05-27,7744e3e2-5ea2-4a66-a6fb-db2955358a88,2026-05-27T17:34:21.705823
29be5351-65ab-4911-815d-633b5d0a975b,SEKAWAN LIMO 2: GUNUNG KLAWIH,21cineplex,,16SK2G,"Comedy, Horror",122 menit,13+,2D,2026-05-27,2d1268a5-d355-4fa0-8c35-0029cfb4bb40,2026-05-27T17:34:21.705896
29be5351-65ab-4911-815d-633b5d0a975b,BADUT GENDONG,21cineplex,,16BGEG,"Action, Horror",101 menit,D17+,2D,2026-05-27,4cc9bae3-45e4-4283-9ec4-366df507aff4,2026-05-27T17:34:21.705959
29be5351-65ab-4911-815d-633b5d0a975b,PASSENGER,21cineplex,,26PASR,Horror,94 menit,D17+,2D,2026-05-27,08f80ba3-f4cd-4807-b007-c92f02c39734,2026-05-27T17:34:21.706034
1c1bb9a1-917d-4e5a-ae93-a467abf65d28,HOKUM,21cineplex,,26HOKM,Horror,107 menit,13+,2D,2026-05-27,fd06e5b2-0285-4cef-871f-33006286fcec,2026-05-27T17:34:23.451375
1c1bb9a1-917d-4e5a-ae93-a467abf65d28,TUMBAL PROYEK,21cineplex,,16TPRK,Horror,106 menit,D17+,2D,2026-05-27,804d69bc-d33d-4017-9855-ded71f344fb9,2026-05-27T17:34:23.451453
1c1bb9a1-917d-4e5a-ae93-a467abf65d28,SUAMIKU LUKAKU,21cineplex,,16SLUU,Drama,92 menit,D17+,2D,2026-05-27,e848ffe9-93b0-4737-81d5-ee3ca59042d2,2026-05-27T17:34:23.451497
1c1bb9a1-917d-4e5a-ae93-a467abf65d28,SEKAWAN LIMO 2: GUNUNG KLAWIH,21cineplex,,16SK2G,"Comedy, Horror",122 menit,13+,2D,2026-05-27,3234c1d5-6a8c-4a0a-bcb8-72c554ac5029,2026-05-27T17:34:23.451562
1c1bb9a1-917d-4e5a-ae93-a467abf65d28,STAR WARS: THE MANDALORIAN AND GROGU,21cineplex,,26SWMG,"Fantasy, Sci-Fi",132 menit,13+,2D,2026-05-27,034a1415-e230-4241-b7f2-72fdd843e8b8,2026-05-27T17:34:23.451614
1c1bb9a1-917d-4e5a-ae93-a467abf65d28,CHILDREN OF HEAVEN,21cineplex,,16COHN,"Drama, Family",97 menit,SU,2D,2026-05-27,05fb0ba8-643d-467e-a897-1e1892dd5f53,2026-05-27T17:34:23.451640
1c1bb9a1-917d-4e5a-ae93-a467abf65d28,PASSENGER,21cineplex,,26PASR,Horror,94 menit,D17+,2D,2026-05-27,1432d394-ff61-4fd1-99e2-587d211fce8e,2026-05-27T17:34:23.451699
1c1bb9a1-917d-4e5a-ae93-a467abf65d28,SEMUA AKAN BAIK-BAIK SAJA,21cineplex,,16SABB,Drama,113 menit,13+,2D,2026-05-27,afb664b3-56a0-4d6e-812c-9a30d414f612,2026-05-27T17:34:23.451773
1c1bb9a1-917d-4e5a-ae93-a467abf65d28,COLONY,21cineplex,,26COLY,"Horror, Thriller",122 menit,13+,2D,2026-06-03,94605983-2b29-4e19-819e-954667520f61,2026-05-27T17:34:23.451832
cf3a9081-1ca7-4418-9e1b-8f79c7f0ed1b,BADUT GENDONG,21cineplex,,16BGEG,"Action, Horror",101 menit,D17+,2D,2026-05-27,391abd34-915f-4ffa-8551-af5ba9dc38b1,2026-05-27T17:34:24.682080
cf3a9081-1ca7-4418-9e1b-8f79c7f0ed1b,TUMBAL PROYEK,21cineplex,,16TPRK,Horror,106 menit,D17+,2D,2026-05-27,ed68feef-d46c-45f6-8e72-2fb22106a2c9,2026-05-27T17:34:24.682209
cf3a9081-1ca7-4418-9e1b-8f79c7f0ed1b,CHILDREN OF HEAVEN,21cineplex,,16COHN,"Drama, Family",97 menit,SU,2D,2026-05-27,113ba97e-6c5a-4960-9c29-a23a0068d6f6,2026-05-27T17:34:24.682258
cf3a9081-1ca7-4418-9e1b-8f79c7f0ed1b,SEMUA AKAN BAIK-BAIK SAJA,21cineplex,,16SABB,Drama,113 menit,13+,2D,2026-05-27,5f1659a8-c55f-4c52-8609-3188e89f2aa6,2026-05-27T17:34:24.682328
cf3a9081-1ca7-4418-9e1b-8f79c7f0ed1b,HOKUM,21cineplex,,26HOKM,Horror,107 menit,13+,2D,2026-05-27,779f4ec4-f101-4f1a-b168-88f8c9b09ca9,2026-05-27T17:34:24.682385
cf3a9081-1ca7-4418-9e1b-8f79c7f0ed1b,SUAMIKU LUKAKU,21cineplex,,16SLUU,Drama,92 menit,D17+,2D,2026-05-27,7bec8125-c7ed-4927-a6ee-e23443e1ab05,2026-05-27T17:34:24.682418
1e92046d-9e82-4482-9f02-a66a2621dff1,SEKAWAN LIMO 2: GUNUNG KLAWIH,21cineplex,,16SK2G,"Comedy, Horror",122 menit,13+,2D,2026-05-27,264f5e1a-7429-4032-87b7-1b11c0b0ceb2,2026-05-27T17:34:26.195967
1e92046d-9e82-4482-9f02-a66a2621dff1,SEMUA AKAN BAIK-BAIK SAJA,21cineplex,,16SABB,Drama,113 menit,13+,2D,2026-05-27,db6ba620-a86b-46fa-b335-57703bdd2f9e,2026-05-27T17:34:26.196262
1e92046d-9e82-4482-9f02-a66a2621dff1,STAR WARS: THE MANDALORIAN AND GROGU,21cineplex,,26SWMG,"Fantasy, Sci-Fi",132 menit,13+,2D,2026-05-27,eb1cbbf4-3f45-44e9-91e7-b653ee7af94e,2026-05-27T17:34:26.196540
1e92046d-9e82-4482-9f02-a66a2621dff1,HOKUM,21cineplex,,26HOKM,Horror,107 menit,13+,2D,2026-05-27,238d7a08-11b6-4813-8e93-a4f13a4e9f26,2026-05-27T17:34:26.196668
1e92046d-9e82-4482-9f02-a66a2621dff1,CHILDREN OF HEAVEN,21cineplex,,16COHN,"Drama, Family",97 menit,SU,2D,2026-05-27,6c7fe5b6-6724-413a-93e0-26ff63a4c00e,2026-05-27T17:34:26.196826
1e92046d-9e82-4482-9f02-a66a2621dff1,TUMBAL PROYEK,21cineplex,,16TPRK,Horror,106 menit,D17+,2D,2026-05-27,182aba36-bb50-4f70-b3df-7e489a7ec042,2026-05-27T17:34:26.197056
a1014e3b-ac0e-4ffc-be0a-26e18897bbd6,SEMUA AKAN BAIK-BAIK SAJA,21cineplex,,16SABB,Drama,113 menit,13+,2D,2026-05-27,4fd14f8d-dc08-4038-beae-528dd6a52215,2026-05-27T17:34:27.734059
a1014e3b-ac0e-4ffc-be0a-26e18897bbd6,GUDANG MERICA,21cineplex,,16GMEA,"Comedy, Horror",98 menit,D17+,2D,2026-05-27,98acd1d5-2b4c-4789-b58a-06a012111fb3,2026-05-27T17:34:27.734180
a1014e3b-ac0e-4ffc-be0a-26e18897bbd6,CHILDREN OF HEAVEN,21cineplex,,16COHN,"Drama, Family",97 menit,SU,2D,2026-05-27,34fe794d-8e2d-4ea7-a4a9-17125fac1dda,2026-05-27T17:34:27.734258
a1014e3b-ac0e-4ffc-be0a-26e18897bbd6,SUAMIKU LUKAKU,21cineplex,,16SLUU,Drama,92 menit,D17+,2D,2026-05-27,7c8d13e3-60f1-41e1-8d86-d07ea8b1eba3,2026-05-27T17:34:27.734334
a1014e3b-ac0e-4ffc-be0a-26e18897bbd6,BADUT GENDONG,21cineplex,,16BGEG,"Action, Horror",101 menit,D17+,2D,2026-05-27,3e626490-0182-437e-bd81-33191170e306,2026-05-27T17:34:27.734401
a1014e3b-ac0e-4ffc-be0a-26e18897bbd6,SEKAWAN LIMO 2: GUNUNG KLAWIH,21cineplex,,16SK2G,"Comedy, Horror",122 menit,13+,2D,2026-05-27,dd1467c4-2117-44a6-9a7b-f37eea3bb459,2026-05-27T17:34:27.734484
a1014e3b-ac0e-4ffc-be0a-26e18897bbd6,STAR WARS: THE MANDALORIAN AND GROGU,21cineplex,,26SWMG,"Fantasy, Sci-Fi",132 menit,13+,2D,2026-05-27,a7028140-2efd-4df7-b322-7bcaaaba290c,2026-05-27T17:34:27.734551
a1014e3b-ac0e-4ffc-be0a-26e18897bbd6,TUMBAL PROYEK,21cineplex,,16TPRK,Horror,106 menit,D17+,2D,2026-05-27,5a867276-b302-4a41-b810-e42f0aca84ab,2026-05-27T17:34:27.734584
a1014e3b-ac0e-4ffc-be0a-26e18897bbd6,COLONY,21cineplex,,26COLY,"Horror, Thriller",122 menit,13+,2D,2026-06-03,0edff6ca-99eb-41d3-83f6-58517d44e8e3,2026-05-27T17:34:27.734656
45932cf8-c768-476b-9943-d60840279d71,SUAMIKU LUKAKU,21cineplex,,16SLUU,Drama,92 menit,D17+,2D,2026-05-27,b92fe1ed-db4e-439d-83ce-548849e5badc,2026-05-27T17:34:29.571976
45932cf8-c768-476b-9943-d60840279d71,CHILDREN OF HEAVEN,21cineplex,,16COHN,"Drama, Family",97 menit,SU,2D,2026-05-27,336466f3-a2b3-4337-865c-494ccf914c9e,2026-05-27T17:34:29.572328
45932cf8-c768-476b-9943-d60840279d71,SEKAWAN LIMO 2: GUNUNG KLAWIH,21cineplex,,16SK2G,"Comedy, Horror",122 menit,13+,2D,2026-05-27,5df07987-360a-40bd-9c8c-2fe7037069a1,2026-05-27T17:34:29.572548
45932cf8-c768-476b-9943-d60840279d71,TUMBAL PROYEK,21cineplex,,16TPRK,Horror,106 menit,D17+,2D,2026-05-27,39f2d572-c34a-468b-a863-89430bbcb3cd,2026-05-27T17:34:29.572777
45932cf8-c768-476b-9943-d60840279d71,YANG LAIN BOLEH HILANG ASAL KAU JANGAN,21cineplex,,16YLBH,Drama,113 menit,13+,2D,2026-05-27,7fa98907-7880-4aa3-832d-0038fb3df8c3,2026-05-27T17:34:29.572977
45932cf8-c768-476b-9943-d60840279d71,HOKUM,21cineplex,,26HOKM,Horror,107 menit,13+,2D,2026-05-27,8c50a948-39f7-4ae5-9acc-72cfdb57627e,2026-05-27T17:34:29.573113
45932cf8-c768-476b-9943-d60840279d71,GUDANG MERICA,21cineplex,,16GMEA,"Comedy, Horror",98 menit,D17+,2D,2026-05-27,acef41b2-b976-421d-ad95-70b2dfcbbd60,2026-05-27T17:34:29.573198
45932cf8-c768-476b-9943-d60840279d71,SEMUA AKAN BAIK-BAIK SAJA,21cineplex,,16SABB,Drama,113 menit,13+,2D,2026-05-27,7a78ee79-1204-4d53-ae9d-a099a1ca091a,2026-05-27T17:34:29.573387
45932cf8-c768-476b-9943-d60840279d71,BADUT GENDONG,21cineplex,,16BGEG,"Action, Horror",101 menit,D17+,2D,2026-05-27,a173a345-79ab-4253-b6ad-e6a5962611e9,2026-05-27T17:34:29.573522
45932cf8-c768-476b-9943-d60840279d71,COLONY,21cineplex,,26COLY,"Horror, Thriller",122 menit,13+,2D,2026-06-03,95b1f8a4-747d-40ef-911a-9b495c0af7f9,2026-05-27T17:34:29.573702
cca525cc-47e3-4966-b7f8-1c583fe29e85,SEKAWAN LIMO 2: GUNUNG KLAWIH,21cineplex,,16SK2G,"Comedy, Horror",122 menit,13+,2D,2026-05-27,a0cdbe0c-703d-42ce-bf8b-fa7b8f88acd6,2026-05-27T17:34:32.409136
cca525cc-47e3-4966-b7f8-1c583fe29e85,SUAMIKU LUKAKU,21cineplex,,16SLUU,Drama,92 menit,D17+,2D,2026-05-27,6c252a27-2b7c-4ea8-8086-0f0171478270,2026-05-27T17:34:32.409371
cca525cc-47e3-4966-b7f8-1c583fe29e85,BADUT GENDONG,21cineplex,,16BGEG,"Action, Horror",101 menit,D17+,2D,2026-05-27,1caafa29-1afe-47ce-9adc-84150524a91c,2026-05-27T17:34:32.409568
cca525cc-47e3-4966-b7f8-1c583fe29e85,CHILDREN OF HEAVEN,21cineplex,,16COHN,"Drama, Family",97 menit,SU,2D,2026-05-27,6d705769-a52d-49b6-94d4-3377d60c7710,2026-05-27T17:34:32.409712
cca525cc-47e3-4966-b7f8-1c583fe29e85,TUMBAL PROYEK,21cineplex,,16TPRK,Horror,106 menit,D17+,2D,2026-05-27,a5e233e0-78d7-430d-8c1f-8b0112e8a6c4,2026-05-27T17:34:32.409902
9b0825f6-048c-4609-8821-e9894691a614,SEKAWAN LIMO 2: GUNUNG KLAWIH,21cineplex,,16SK2G,"Comedy, Horror",122 menit,13+,2D,2026-05-27,129d395d-a429-493f-bd5e-89df401869c4,2026-05-27T17:34:33.763334
9b0825f6-048c-4609-8821-e9894691a614,SEMUA AKAN BAIK-BAIK SAJA,21cineplex,,16SABB,Drama,113 menit,13+,2D,2026-05-27,eaf97f57-5ef9-485c-b949-12f191e8ffb7,2026-05-27T17:34:33.763542
9b0825f6-048c-4609-8821-e9894691a614,SUAMIKU LUKAKU,21cineplex,,16SLUU,Drama,92 menit,D17+,2D,2026-05-27,6c286f71-e738-4a75-b2a7-d167e55e69f4,2026-05-27T17:34:33.763744
9b0825f6-048c-4609-8821-e9894691a614,CHILDREN OF HEAVEN,21cineplex,,16COHN,"Drama, Family",97 menit,SU,2D,2026-05-27,4de8a821-e79a-447a-85a1-6cd2eed58698,2026-05-27T17:34:33.763950
9b0825f6-048c-4609-8821-e9894691a614,TUMBAL PROYEK,21cineplex,,16TPRK,Horror,106 menit,D17+,2D,2026-05-27,a5f2971b-f252-4992-a6aa-07f98c33e14e,2026-05-27T17:34:33.764200
332d6b14-1e0b-4943-9102-416090a96f75,SUAMIKU LUKAKU,21cineplex,,16SLUU,Drama,92 menit,D17+,2D,2026-05-27,9a9d8481-7c9f-4848-8a33-0e772959e0f2,2026-05-27T17:34:35.442956
332d6b14-1e0b-4943-9102-416090a96f75,HOKUM,21cineplex,,26HOKM,Horror,107 menit,13+,2D,2026-05-27,a86dafd4-b2f9-41df-8b31-b0fc1441e8a7,2026-05-27T17:34:35.443270
332d6b14-1e0b-4943-9102-416090a96f75,PASSENGER,21cineplex,,26PASR,Horror,94 menit,D17+,2D,2026-05-27,d0383724-3ea6-41aa-b980-0dd37dc1309d,2026-05-27T17:34:35.443384
332d6b14-1e0b-4943-9102-416090a96f75,GOHAN,21cineplex,,26GOHN,Drama,140 menit,SU,2D,2026-05-27,75c9f53a-7242-4157-9192-8535e09bd83c,2026-05-27T17:34:35.443538
332d6b14-1e0b-4943-9102-416090a96f75,SEKAWAN LIMO 2: GUNUNG KLAWIH,21cineplex,,16SK2G,"Comedy, Horror",122 menit,13+,2D,2026-05-27,073db656-9205-44bf-a20d-6c0269f8ca13,2026-05-27T17:34:35.443633
332d6b14-1e0b-4943-9102-416090a96f75,CHILDREN OF HEAVEN,21cineplex,,16COHN,"Drama, Family",97 menit,SU,2D,2026-05-27,a74af8eb-d50b-4471-b055-e74081ed2c71,2026-05-27T17:34:35.443774
332d6b14-1e0b-4943-9102-416090a96f75,BADUT GENDONG,21cineplex,,16BGEG,"Action, Horror",101 menit,D17+,2D,2026-05-27,8aaf1421-ae61-4dec-9227-53e0069dac32,2026-05-27T17:34:35.443915
332d6b14-1e0b-4943-9102-416090a96f75,COLONY,21cineplex,,26COLY,"Horror, Thriller",122 menit,13+,2D,2026-06-03,efdfc8d8-51cd-4147-9a0d-0c02a5adbcfa,2026-05-27T17:34:35.444073
c9600db3-067d-4eb2-b24c-ce8ca6bb0f18,TUMBAL PROYEK,21cineplex,,16TPRK,Horror,106 menit,D17+,2D,2026-05-27,0244c6a6-5e6a-41eb-bb08-0f8fffa34042,2026-05-27T17:34:43.088203
c9600db3-067d-4eb2-b24c-ce8ca6bb0f18,BADUT GENDONG,21cineplex,,16BGEG,"Action, Horror",101 menit,D17+,2D,2026-05-27,b2a465b9-d6f5-48b2-841f-5b29dbc66e59,2026-05-27T17:34:43.088479
c9600db3-067d-4eb2-b24c-ce8ca6bb0f18,CHILDREN OF HEAVEN,21cineplex,,16COHN,"Drama, Family",97 menit,SU,2D,2026-05-27,b6a52514-0f9f-4c36-ab71-9584b3f4e60f,2026-05-27T17:34:43.088684
e1156b43-4984-485f-adfb-956bccb3185c,CHILDREN OF HEAVEN,21cineplex,,16COHN,"Drama, Family",97 menit,SU,2D,2026-05-27,34a67196-b315-46f0-9368-6a8ea176a881,2026-05-27T17:34:43.089203
e1156b43-4984-485f-adfb-956bccb3185c,BADUT GENDONG,21cineplex,,16BGEG,"Action, Horror",101 menit,D17+,2D,2026-05-27,c566ded8-4012-4755-800f-5eeb38f6a9c7,2026-05-27T17:34:43.089424
e1156b43-4984-485f-adfb-956bccb3185c,SUAMIKU LUKAKU,21cineplex,,16SLUU,Drama,92 menit,D17+,2D,2026-05-27,ba215076-6cc7-4636-b2c3-e075dbe05955,2026-05-27T17:34:43.089606
e1156b43-4984-485f-adfb-956bccb3185c,GUDANG MERICA,21cineplex,,16GMEA,"Comedy, Horror",98 menit,D17+,2D,2026-05-27,254c9f3d-1db8-496d-aad0-1ec135a4e352,2026-05-27T17:34:43.089726
e1156b43-4984-485f-adfb-956bccb3185c,SEKAWAN LIMO 2: GUNUNG KLAWIH,21cineplex,,16SK2G,"Comedy, Horror",122 menit,13+,2D,2026-05-27,4afc7253-e309-4516-addc-24be1c1a5efe,2026-05-27T17:34:43.089929
a4225112-cdf0-4485-9b5d-e0a6504616d7,STAR WARS: THE MANDALORIAN AND GROGU,21cineplex,,26SWMG,"Fantasy, Sci-Fi",132 menit,13+,2D,2026-05-27,a9006a35-7cfd-4cc1-a1df-82f995bc9aaf,2026-05-27T17:34:43.090383
a4225112-cdf0-4485-9b5d-e0a6504616d7,GUDANG MERICA,21cineplex,,16GMEA,"Comedy, Horror",98 menit,D17+,2D,2026-05-27,89925c7b-2c84-4d14-87b0-882cfea37a6f,2026-05-27T17:34:43.090575
a4225112-cdf0-4485-9b5d-e0a6504616d7,SEKAWAN LIMO 2: GUNUNG KLAWIH,21cineplex,,16SK2G,"Comedy, Horror",122 menit,13+,2D,2026-05-27,05d2a24a-e601-4260-9dcd-a545c59b58a7,2026-05-27T17:34:43.090800
a4225112-cdf0-4485-9b5d-e0a6504616d7,BADUT GENDONG,21cineplex,,16BGEG,"Action, Horror",101 menit,D17+,2D,2026-05-27,7dc9062a-916a-445f-8e19-aaf551879064,2026-05-27T17:34:43.091041
a4225112-cdf0-4485-9b5d-e0a6504616d7,TUMBAL PROYEK,21cineplex,,16TPRK,Horror,106 menit,D17+,2D,2026-05-27,07886fec-de45-4b1c-afc5-2ef301465205,2026-05-27T17:34:43.091219
a4225112-cdf0-4485-9b5d-e0a6504616d7,CHILDREN OF HEAVEN,21cineplex,,16COHN,"Drama, Family",97 menit,SU,2D,2026-05-27,42a6c6f3-ac00-4f60-9467-fe555941b76a,2026-05-27T17:34:43.091402
a4225112-cdf0-4485-9b5d-e0a6504616d7,SUAMIKU LUKAKU,21cineplex,,16SLUU,Drama,92 menit,D17+,2D,2026-05-27,8bad5d18-50b0-4690-bdfb-12c81571e69e,2026-05-27T17:34:43.091557
a4225112-cdf0-4485-9b5d-e0a6504616d7,SEMUA AKAN BAIK-BAIK SAJA,21cineplex,,16SABB,Drama,113 menit,13+,2D,2026-05-27,3de655dd-7c07-4512-af76-b337d2f67308,2026-05-27T17:34:43.091745
e5909b7f-cf87-426c-86eb-5ddb347b01b1,SEKAWAN LIMO 2: GUNUNG KLAWIH,21cineplex,,16SK2G,"Comedy, Horror",122 menit,13+,2D,2026-05-27,a66def55-5c6e-4d72-a168-785a2d51a714,2026-05-27T17:34:43.092269
e5909b7f-cf87-426c-86eb-5ddb347b01b1,SEMUA AKAN BAIK-BAIK SAJA,21cineplex,,16SABB,Drama,113 menit,13+,2D,2026-05-27,4183854d-ee1e-4abc-8d4d-62f1c4dec53a,2026-05-27T17:34:43.092682
e5909b7f-cf87-426c-86eb-5ddb347b01b1,TUMBAL PROYEK,21cineplex,,16TPRK,Horror,106 menit,D17+,2D,2026-05-27,52c59c4f-fb04-43f8-adb1-ae69ecc571f4,2026-05-27T17:34:43.092820
e5909b7f-cf87-426c-86eb-5ddb347b01b1,SUAMIKU LUKAKU,21cineplex,,16SLUU,Drama,92 menit,D17+,2D,2026-05-27,08c0261b-6ee9-4c1f-bd7b-4ce6f51b4864,2026-05-27T17:34:43.092976
e5909b7f-cf87-426c-86eb-5ddb347b01b1,CHILDREN OF HEAVEN,21cineplex,,16COHN,"Drama, Family",97 menit,SU,2D,2026-05-27,db869bde-459c-4006-81a2-2bd3f2f8efd0,2026-05-27T17:34:43.093105
a139980d-322f-44e8-87c5-9925c6306001,CHILDREN OF HEAVEN,21cineplex,,16COHN,"Drama, Family",97 menit,SU,2D,2026-05-27,ab2a030e-f6a7-4ddf-93f2-f2058e11a685,2026-05-27T17:34:44.248056
a139980d-322f-44e8-87c5-9925c6306001,SEKAWAN LIMO 2: GUNUNG KLAWIH,21cineplex,,16SK2G,"Comedy, Horror",122 menit,13+,2D,2026-05-27,9ab0cee5-6ad7-4523-9283-2d1578130e69,2026-05-27T17:34:44.248294
a139980d-322f-44e8-87c5-9925c6306001,SUAMIKU LUKAKU,21cineplex,,16SLUU,Drama,92 menit,D17+,2D,2026-05-27,8d7f0170-0a9e-4430-95fd-5936307b9b7b,2026-05-27T17:34:44.248460
a139980d-322f-44e8-87c5-9925c6306001,BADUT GENDONG,21cineplex,,16BGEG,"Action, Horror",101 menit,D17+,2D,2026-05-27,3d2295cc-39eb-422e-9f3e-3d2d7519b6f0,2026-05-27T17:34:44.248565
a139980d-322f-44e8-87c5-9925c6306001,PASSENGER,21cineplex,,26PASR,Horror,94 menit,D17+,2D,2026-05-27,b155c106-6096-4762-8b72-a250c84f93e4,2026-05-27T17:34:44.248722
a139980d-322f-44e8-87c5-9925c6306001,COLONY,21cineplex,,26COLY,"Horror, Thriller",122 menit,13+,2D,2026-06-03,a180ba18-114e-4c9e-8b00-348504b81d3d,2026-05-27T17:34:44.248799
38659610-422d-4f89-9ad7-5beba2701e9a,SUAMIKU LUKAKU,21cineplex,,16SLUU,Drama,92 menit,D17+,2D,2026-05-27,f998e260-db17-44c1-b9d4-75a7783e2cf4,2026-05-27T17:34:47.488938
38659610-422d-4f89-9ad7-5beba2701e9a,BADUT GENDONG,21cineplex,,16BGEG,"Action, Horror",101 menit,D17+,2D,2026-05-27,cf0bfb1d-b047-458d-addc-9d270c34759c,2026-05-27T17:34:47.489267
38659610-422d-4f89-9ad7-5beba2701e9a,CHILDREN OF HEAVEN,21cineplex,,16COHN,"Drama, Family",97 menit,SU,2D,2026-05-27,4838b657-5da1-430f-bf16-02b99167d9be,2026-05-27T17:34:47.489551
38659610-422d-4f89-9ad7-5beba2701e9a,SEKAWAN LIMO 2: GUNUNG KLAWIH,21cineplex,,16SK2G,"Comedy, Horror",122 menit,13+,2D,2026-05-27,5b26938c-375f-4378-8e1b-c5a879fcfb2d,2026-05-27T17:34:47.489794
38659610-422d-4f89-9ad7-5beba2701e9a,TUMBAL PROYEK,21cineplex,,16TPRK,Horror,106 menit,D17+,2D,2026-05-27,256ed10c-4107-4b86-9ca8-2754b9dfcbbf,2026-05-27T17:34:47.489937
20de7c95-8ceb-465c-a7a4-916a98fda8a9,GOHAN,21cineplex,,26GOHN,Drama,140 menit,SU,2D,2026-05-27,aff661d3-34d0-4c08-87d0-412e3a2a6822,2026-05-27T17:34:48.709799
20de7c95-8ceb-465c-a7a4-916a98fda8a9,CHILDREN OF HEAVEN,21cineplex,,16COHN,"Drama, Family",97 menit,SU,2D,2026-05-27,2c8609c3-d58b-48d5-9422-73070ad4eb93,2026-05-27T17:34:48.710057
20de7c95-8ceb-465c-a7a4-916a98fda8a9,SUAMIKU LUKAKU,21cineplex,,16SLUU,Drama,92 menit,D17+,2D,2026-05-27,47765a87-def4-4597-a4ac-404751695dd3,2026-05-27T17:34:48.710446
20de7c95-8ceb-465c-a7a4-916a98fda8a9,BADUT GENDONG,21cineplex,,16BGEG,"Action, Horror",101 menit,D17+,2D,2026-05-27,0c1afbe7-7fae-4038-94a5-e693742fef70,2026-05-27T17:34:48.710837
20de7c95-8ceb-465c-a7a4-916a98fda8a9,SEKAWAN LIMO 2: GUNUNG KLAWIH,21cineplex,,16SK2G,"Comedy, Horror",122 menit,13+,2D,2026-05-27,c16ed965-96d2-434f-bfac-a7e38b47866c,2026-05-27T17:34:48.711114
d012a7ea-f5b0-4603-b4ee-aec2ecb0883f,SEKAWAN LIMO 2: GUNUNG KLAWIH,21cineplex,,16SK2G,"Comedy, Horror",122 menit,13+,2D,2026-05-27,28bf12f0-b7d7-4d5f-88f1-c069ca5cfb3a,2026-05-27T17:34:50.434013
d012a7ea-f5b0-4603-b4ee-aec2ecb0883f,SUAMIKU LUKAKU,21cineplex,,16SLUU,Drama,92 menit,D17+,2D,2026-05-27,e8d3bf4c-d5fa-4670-9e0a-2e9f1886ecc6,2026-05-27T17:34:50.434229
d012a7ea-f5b0-4603-b4ee-aec2ecb0883f,CHILDREN OF HEAVEN,21cineplex,,16COHN,"Drama, Family",97 menit,SU,2D,2026-05-27,b228aef9-6041-41e4-9411-83e20fe26af8,2026-05-27T17:34:50.434408
d012a7ea-f5b0-4603-b4ee-aec2ecb0883f,SEMUA AKAN BAIK-BAIK SAJA,21cineplex,,16SABB,Drama,113 menit,13+,2D,2026-05-27,76251e40-f5dd-49c7-b7e8-771b874b1275,2026-05-27T17:34:50.434562
047157c8-e68b-4ddc-82e7-e94d3d7c35f6,SUAMIKU LUKAKU,21cineplex,,16SLUU,Drama,92 menit,D17+,2D,2026-05-27,f01f19a4-520e-4acb-87d0-ebccd6fd54a9,2026-05-27T17:34:51.717317
047157c8-e68b-4ddc-82e7-e94d3d7c35f6,CHILDREN OF HEAVEN,21cineplex,,16COHN,"Drama, Family",97 menit,SU,2D,2026-05-27,c73b9f20-77f2-4324-b68b-e81cc3ffec01,2026-05-27T17:34:51.717713
047157c8-e68b-4ddc-82e7-e94d3d7c35f6,PASSENGER,21cineplex,,26PASR,Horror,94 menit,D17+,2D,2026-05-27,3d1e13fe-0be8-42b7-bac9-b1266340d1d3,2026-05-27T17:34:51.717992
047157c8-e68b-4ddc-82e7-e94d3d7c35f6,SEKAWAN LIMO 2: GUNUNG KLAWIH,21cineplex,,16SK2G,"Comedy, Horror",122 menit,13+,2D,2026-05-27,cb7e36c7-b9fc-46b5-a9dc-a89cbb0853af,2026-05-27T17:34:51.718274
047157c8-e68b-4ddc-82e7-e94d3d7c35f6,BADUT GENDONG,21cineplex,,16BGEG,"Action, Horror",101 menit,D17+,2D,2026-05-27,36b35ae3-e40d-490b-8680-f78a97c23099,2026-05-27T17:34:51.718473
14a9aa91-e4a6-496a-b8b0-6685f9227725,SUAMIKU LUKAKU,21cineplex,,16SLUU,Drama,92 menit,D17+,2D,2026-05-27,20e1110b-4a99-4b5a-b2c1-a150549e7883,2026-05-27T17:34:54.738287
14a9aa91-e4a6-496a-b8b0-6685f9227725,SEKAWAN LIMO 2: GUNUNG KLAWIH,21cineplex,,16SK2G,"Comedy, Horror",122 menit,13+,2D,2026-05-27,a9efe3b4-798d-4bd9-9d05-3af5df6263df,2026-05-27T17:34:54.738515
14a9aa91-e4a6-496a-b8b0-6685f9227725,BADUT GENDONG,21cineplex,,16BGEG,"Action, Horror",101 menit,D17+,2D,2026-05-27,cf5953a0-89b7-4f2f-8b8b-36b185eecc5d,2026-05-27T17:34:54.738636
14a9aa91-e4a6-496a-b8b0-6685f9227725,CHILDREN OF HEAVEN,21cineplex,,16COHN,"Drama, Family",97 menit,SU,2D,2026-05-27,5b748960-a38f-4c95-9f95-9c71c306da44,2026-05-27T17:34:54.738747
3f4461e8-b5b9-4532-82a8-c6388a9a88f4,SUAMIKU LUKAKU,21cineplex,,16SLUU,Drama,92 menit,D17+,2D,2026-05-27,89847b07-4c17-4746-8eb3-845133e91b9a,2026-05-27T17:34:56.460788
3f4461e8-b5b9-4532-82a8-c6388a9a88f4,SEKAWAN LIMO 2: GUNUNG KLAWIH,21cineplex,,16SK2G,"Comedy, Horror",122 menit,13+,2D,2026-05-27,76594fa4-6353-4148-b79e-4fe9eabb0221,2026-05-27T17:34:56.461034
3f4461e8-b5b9-4532-82a8-c6388a9a88f4,BADUT GENDONG,21cineplex,,16BGEG,"Action, Horror",101 menit,D17+,2D,2026-05-27,756bc0bb-2d40-4e62-a6dc-fb6e9fd912ea,2026-05-27T17:34:56.461197
3f4461e8-b5b9-4532-82a8-c6388a9a88f4,SEMUA AKAN BAIK-BAIK SAJA,21cineplex,,16SABB,Drama,113 menit,13+,2D,2026-05-27,451c458b-715e-413e-8e66-08d399d125ae,2026-05-27T17:34:56.461405
3f4461e8-b5b9-4532-82a8-c6388a9a88f4,CHILDREN OF HEAVEN,21cineplex,,16COHN,"Drama, Family",97 menit,SU,2D,2026-05-27,3d42c2dd-736a-46b7-915f-dd22f5e09870,2026-05-27T17:34:56.461539
3f4461e8-b5b9-4532-82a8-c6388a9a88f4,GOHAN,21cineplex,,26GOHN,Drama,140 menit,SU,2D,2026-05-27,0ebe3656-f431-46ff-aeb3-41796a6ab01b,2026-05-27T17:34:56.461672
3f4461e8-b5b9-4532-82a8-c6388a9a88f4,GUDANG MERICA,21cineplex,,16GMEA,"Comedy, Horror",98 menit,D17+,2D,2026-05-27,8c2bcb0d-e39d-4cd1-b165-9a6aa0cb7a52,2026-05-27T17:34:56.461744
3f4461e8-b5b9-4532-82a8-c6388a9a88f4,TUMBAL PROYEK,21cineplex,,16TPRK,Horror,106 menit,D17+,2D,2026-05-27,58a0b47c-f687-4319-b7ae-e690b47612bb,2026-05-27T17:34:56.461833
6c0d4e82-b4d9-407e-b193-479c5eaf8df2,CHILDREN OF HEAVEN,21cineplex,,16COHN,"Drama, Family",97 menit,SU,2D,2026-05-27,ade5af71-5851-4dd8-a080-8ac16c6e77df,2026-05-27T17:34:57.707120
6c0d4e82-b4d9-407e-b193-479c5eaf8df2,TUMBAL PROYEK,21cineplex,,16TPRK,Horror,106 menit,D17+,2D,2026-05-27,83832597-0710-4cf4-9c18-19d1a6223098,2026-05-27T17:34:57.707279
6c0d4e82-b4d9-407e-b193-479c5eaf8df2,GUDANG MERICA,21cineplex,,16GMEA,"Comedy, Horror",98 menit,D17+,2D,2026-05-27,b91e7067-67f0-4b82-91cf-f2cf0a699349,2026-05-27T17:34:57.707352
6c0d4e82-b4d9-407e-b193-479c5eaf8df2,BADUT GENDONG,21cineplex,,16BGEG,"Action, Horror",101 menit,D17+,2D,2026-05-27,dd42938d-418d-4b6f-82fc-b608e3411248,2026-05-27T17:34:57.707432
6c0d4e82-b4d9-407e-b193-479c5eaf8df2,SUAMIKU LUKAKU,21cineplex,,16SLUU,Drama,92 menit,D17+,2D,2026-05-27,4607cac2-2c44-4c5e-b6a9-822939064a2a,2026-05-27T17:34:57.707497
6c0d4e82-b4d9-407e-b193-479c5eaf8df2,SEKAWAN LIMO 2: GUNUNG KLAWIH,21cineplex,,16SK2G,"Comedy, Horror",122 menit,13+,2D,2026-05-27,d0a7e5c0-6172-49d2-a851-9612edb3d502,2026-05-27T17:34:57.707587
19bef3e0-8f50-4c16-99bf-d9d6da6b6a82,PASSENGER,21cineplex,,26PASR,Horror,94 menit,D17+,2D,2026-05-27,93d2db62-9e3a-4037-b07b-a7b283cf78eb,2026-05-27T17:34:59.233123
19bef3e0-8f50-4c16-99bf-d9d6da6b6a82,TUMBAL PROYEK,21cineplex,,16TPRK,Horror,106 menit,D17+,2D,2026-05-27,59d4e7e7-a85e-40f6-a49b-3a7306699ac7,2026-05-27T17:34:59.233448
19bef3e0-8f50-4c16-99bf-d9d6da6b6a82,HOKUM,21cineplex,,26HOKM,Horror,107 menit,13+,2D,2026-05-27,3f40a856-91e1-45bf-91c2-1b813d440946,2026-05-27T17:34:59.233654
19bef3e0-8f50-4c16-99bf-d9d6da6b6a82,CHILDREN OF HEAVEN,21cineplex,,16COHN,"Drama, Family",97 menit,SU,2D,2026-05-27,c38a2b8c-69f3-4c49-9310-32e1e5e0578e,2026-05-27T17:34:59.233796
19bef3e0-8f50-4c16-99bf-d9d6da6b6a82,BADUT GENDONG,21cineplex,,16BGEG,"Action, Horror",101 menit,D17+,2D,2026-05-27,a4c4bc83-6500-4d6b-82e6-cda38e4ded5b,2026-05-27T17:34:59.234041
19bef3e0-8f50-4c16-99bf-d9d6da6b6a82,STAR WARS: THE MANDALORIAN AND GROGU,21cineplex,,26SWMG,"Fantasy, Sci-Fi",132 menit,13+,2D,2026-05-27,b98a0bc6-70d4-45cc-89fb-80295c255809,2026-05-27T17:34:59.234309
19bef3e0-8f50-4c16-99bf-d9d6da6b6a82,SEMUA AKAN BAIK-BAIK SAJA,21cineplex,,16SABB,Drama,113 menit,13+,2D,2026-05-27,261c3a3f-623f-443c-bdb6-e7ac2f2b48e5,2026-05-27T17:34:59.234428
19bef3e0-8f50-4c16-99bf-d9d6da6b6a82,COLONY,21cineplex,,26COLY,"Horror, Thriller",122 menit,13+,2D,2026-06-03,5cca56f0-ba4a-4081-94c8-8fd0e21ee0fc,2026-05-27T17:34:59.234646
c267922a-cd6b-432f-9d45-a012b9c1935f,GOHAN,21cineplex,,26GOHN,Drama,140 menit,SU,2D,2026-05-27,be6b70b0-bbeb-477c-bcfb-0fb01c3d87fa,2026-05-27T17:35:00.714079
c267922a-cd6b-432f-9d45-a012b9c1935f,HOKUM,21cineplex,,26HOKM,Horror,107 menit,13+,2D,2026-05-27,3c73a98a-a635-4f49-9dc4-5f64ac744e04,2026-05-27T17:35:00.714210
c267922a-cd6b-432f-9d45-a012b9c1935f,GUDANG MERICA,21cineplex,,16GMEA,"Comedy, Horror",98 menit,D17+,2D,2026-05-27,6dac2351-23f1-44e6-ae78-4e2ad84da3a2,2026-05-27T17:35:00.714259
c267922a-cd6b-432f-9d45-a012b9c1935f,SUAMIKU LUKAKU,21cineplex,,16SLUU,Drama,92 menit,D17+,2D,2026-05-27,f75c6379-0c90-42bc-ab53-ab3e0ae35dce,2026-05-27T17:35:00.714318
c267922a-cd6b-432f-9d45-a012b9c1935f,PASSENGER,21cineplex,,26PASR,Horror,94 menit,D17+,2D,2026-05-27,6fb3a7ef-0b0a-42fe-9933-2dc2570b4133,2026-05-27T17:35:00.714429
c267922a-cd6b-432f-9d45-a012b9c1935f,CHILDREN OF HEAVEN,21cineplex,,16COHN,"Drama, Family",97 menit,SU,2D,2026-05-27,26c2a1ac-4ba7-4464-a30a-b3dd05db4871,2026-05-27T17:35:00.714580
e697140c-bf98-4f6c-b51a-32fb5db4f2bb,STAR WARS: THE MANDALORIAN AND GROGU,21cineplex,,26SWMG,"Fantasy, Sci-Fi",132 menit,13+,2D,2026-05-27,ed5556d2-b5a6-4239-9eb9-1c02bc138cb8,2026-05-27T17:35:05.468352
e697140c-bf98-4f6c-b51a-32fb5db4f2bb,GOHAN,21cineplex,,26GOHN,Drama,140 menit,SU,2D,2026-05-27,09bc3899-c55c-4a0f-857b-ab047ecb20a0,2026-05-27T17:35:05.469921
e697140c-bf98-4f6c-b51a-32fb5db4f2bb,HOKUM,21cineplex,,26HOKM,Horror,107 menit,13+,2D,2026-05-27,9be0ca66-776f-49bc-a352-14731a005247,2026-05-27T17:35:05.470126
e697140c-bf98-4f6c-b51a-32fb5db4f2bb,MICHAEL,21cineplex,,26MICL,Biography,127 menit,SU,2D,2026-05-27,a4c72e5e-33d2-4373-af6c-ed4d49205347,2026-05-27T17:35:05.470203
e697140c-bf98-4f6c-b51a-32fb5db4f2bb,CHILDREN OF HEAVEN,21cineplex,,16COHN,"Drama, Family",97 menit,SU,2D,2026-05-27,793048d5-e6d1-4ae0-a399-6d246bbace89,2026-05-27T17:35:05.470282
e697140c-bf98-4f6c-b51a-32fb5db4f2bb,SEKAWAN LIMO 2: GUNUNG KLAWIH,21cineplex,,16SK2G,"Comedy, Horror",122 menit,13+,2D,2026-05-27,d1bc9fc5-6082-405c-99f2-227fee6890f1,2026-05-27T17:35:05.470389
e697140c-bf98-4f6c-b51a-32fb5db4f2bb,PASSENGER,21cineplex,,26PASR,Horror,94 menit,D17+,2D,2026-05-27,a28d9b32-d242-4739-bf60-1f70e4e6513b,2026-05-27T17:35:05.470454
e697140c-bf98-4f6c-b51a-32fb5db4f2bb,COLONY,21cineplex,,26COLY,"Horror, Thriller",122 menit,13+,2D,2026-06-03,3615d609-fb89-4ab9-9840-e5ebc612d85f,2026-05-27T17:35:05.470526
60b4e8ea-9359-4740-ac31-9b5f6e9f2bc6,CHILDREN OF HEAVEN,21cineplex,,16COHN,"Drama, Family",97 menit,SU,2D,2026-05-27,d3417960-2e71-4409-a428-af83251b6aac,2026-05-27T17:35:08.494030
60b4e8ea-9359-4740-ac31-9b5f6e9f2bc6,SEKAWAN LIMO 2: GUNUNG KLAWIH,21cineplex,,16SK2G,"Comedy, Horror",122 menit,13+,2D,2026-05-27,1a301fc9-4a49-4f04-9b3f-831378c444f9,2026-05-27T17:35:08.494352
60b4e8ea-9359-4740-ac31-9b5f6e9f2bc6,TUMBAL PROYEK,21cineplex,,16TPRK,Horror,106 menit,D17+,2D,2026-05-27,682b8c1c-1d81-403d-87dd-c867c39e4a32,2026-05-27T17:35:08.494520
60b4e8ea-9359-4740-ac31-9b5f6e9f2bc6,SUAMIKU LUKAKU,21cineplex,,16SLUU,Drama,92 menit,D17+,2D,2026-05-27,cca34230-a2c1-4b31-a42b-6385aded763e,2026-05-27T17:35:08.494697
60b4e8ea-9359-4740-ac31-9b5f6e9f2bc6,SEMUA AKAN BAIK-BAIK SAJA,21cineplex,,16SABB,Drama,113 menit,13+,2D,2026-05-27,09a98f13-abbb-488a-8a20-c07653be8e8f,2026-05-27T17:35:08.494838
60b4e8ea-9359-4740-ac31-9b5f6e9f2bc6,STAR WARS: THE MANDALORIAN AND GROGU,21cineplex,,26SWMG,"Fantasy, Sci-Fi",132 menit,13+,2D,2026-05-27,c587b746-c09a-4a9a-8fb1-9ea0f7dd0da6,2026-05-27T17:35:08.495055
60b4e8ea-9359-4740-ac31-9b5f6e9f2bc6,COLONY,21cineplex,,26COLY,"Horror, Thriller",122 menit,13+,2D,2026-06-03,df35c146-e70b-42aa-85f1-5efa5a8e4046,2026-05-27T17:35:08.495164
e2e5d5a7-da45-4644-8129-a27c32f5e187,CHILDREN OF HEAVEN,21cineplex,,16COHN,"Drama, Family",97 menit,SU,2D,2026-05-27,1ebc81db-0dc3-4d8a-8935-88cc90e582a9,2026-05-27T17:35:09.737460
e2e5d5a7-da45-4644-8129-a27c32f5e187,GUDANG MERICA,21cineplex,,16GMEA,"Comedy, Horror",98 menit,D17+,2D,2026-05-27,70551e91-9bcf-40b5-b8f2-72406d780e66,2026-05-27T17:35:09.737843
e2e5d5a7-da45-4644-8129-a27c32f5e187,TUMBAL PROYEK,21cineplex,,16TPRK,Horror,106 menit,D17+,2D,2026-05-27,7ee744b1-d456-4fcc-8fbd-c7bff11c6139,2026-05-27T17:35:09.738095
e2e5d5a7-da45-4644-8129-a27c32f5e187,BADUT GENDONG,21cineplex,,16BGEG,"Action, Horror",101 menit,D17+,2D,2026-05-27,661166dc-1cf0-458d-b315-0b67ef1eb4c7,2026-05-27T17:35:09.738293
e2e5d5a7-da45-4644-8129-a27c32f5e187,SUAMIKU LUKAKU,21cineplex,,16SLUU,Drama,92 menit,D17+,2D,2026-05-27,de8abfa8-09f5-4c65-94ea-82d535c8e4f7,2026-05-27T17:35:09.738558
e2e5d5a7-da45-4644-8129-a27c32f5e187,YANG LAIN BOLEH HILANG ASAL KAU JANGAN,21cineplex,,16YLBH,Drama,113 menit,13+,2D,2026-05-27,126409d0-9130-41f4-b72f-ea1f80586fcf,2026-05-27T17:35:09.738849
e2e5d5a7-da45-4644-8129-a27c32f5e187,SEMUA AKAN BAIK-BAIK SAJA,21cineplex,,16SABB,Drama,113 menit,13+,2D,2026-05-27,f890d10a-dc07-41d3-92e4-49296fa6c32d,2026-05-27T17:35:09.739026
59a16517-ce00-4df4-99d9-0167c0d073d7,GHOST IN THE CELL,21cineplex,,16GITC,"Comedy, Horror",106 menit,D17+,2D,2026-05-27,a83650de-cc48-473c-a717-c7b62d0477dd,2026-05-27T17:35:11.513451
59a16517-ce00-4df4-99d9-0167c0d073d7,CHILDREN OF HEAVEN,21cineplex,,16COHN,"Drama, Family",97 menit,SU,2D,2026-05-27,45652f61-a75d-4155-a1ce-5357995602ae,2026-05-27T17:35:11.513726
59a16517-ce00-4df4-99d9-0167c0d073d7,SEKAWAN LIMO 2: GUNUNG KLAWIH,21cineplex,,16SK2G,"Comedy, Horror",122 menit,13+,2D,2026-05-27,96ba3e7c-4ebe-4052-8a73-15b22bdd108a,2026-05-27T17:35:11.513927
59a16517-ce00-4df4-99d9-0167c0d073d7,HOKUM,21cineplex,,26HOKM,Horror,107 menit,13+,2D,2026-05-27,677f3794-b41d-44db-9d58-a26f9515879d,2026-05-27T17:35:11.514037
59a16517-ce00-4df4-99d9-0167c0d073d7,GOHAN,21cineplex,,26GOHN,Drama,140 menit,SU,2D,2026-05-27,d0818c18-e984-4d0f-84d5-3047ea28b217,2026-05-27T17:35:11.514196
59a16517-ce00-4df4-99d9-0167c0d073d7,PASSENGER,21cineplex,,26PASR,Horror,94 menit,D17+,2D,2026-05-27,9e79ebcc-1194-4f56-b410-69fac2c801c9,2026-05-27T17:35:11.514325
59a16517-ce00-4df4-99d9-0167c0d073d7,SUAMIKU LUKAKU,21cineplex,,16SLUU,Drama,92 menit,D17+,2D,2026-05-27,66e2a797-a51c-4c80-8945-35ad0d730a7c,2026-05-27T17:35:11.514492
59a16517-ce00-4df4-99d9-0167c0d073d7,BADUT GENDONG,21cineplex,,16BGEG,"Action, Horror",101 menit,D17+,2D,2026-05-27,928b2784-83e5-47a5-bfdf-b1b73a56f3cd,2026-05-27T17:35:11.514625
59a16517-ce00-4df4-99d9-0167c0d073d7,COLONY,21cineplex,,26COLY,"Horror, Thriller",122 menit,13+,2D,2026-06-03,283613e5-ece3-4cfe-a1fc-c183ea6800f5,2026-05-27T17:35:11.514805
1a7f1096-f444-4b8f-987a-474b140392dc,YANG LAIN BOLEH HILANG ASAL KAU JANGAN,21cineplex,,16YLBH,Drama,113 menit,13+,2D,2026-05-27,8b32c70a-d44e-43ed-a849-20ff58a47e7e,2026-05-27T17:35:15.864285
1a7f1096-f444-4b8f-987a-474b140392dc,SEKAWAN LIMO 2: GUNUNG KLAWIH,21cineplex,,16SK2G,"Comedy, Horror",122 menit,13+,2D,2026-05-27,58f869f1-827a-4ace-a264-8a15142b861f,2026-05-27T17:35:15.864504
1a7f1096-f444-4b8f-987a-474b140392dc,GUDANG MERICA,21cineplex,,16GMEA,"Comedy, Horror",98 menit,D17+,2D,2026-05-27,c0873856-d94f-4720-b283-c9e4b93e7ff5,2026-05-27T17:35:15.864653
1a7f1096-f444-4b8f-987a-474b140392dc,STAR WARS: THE MANDALORIAN AND GROGU,21cineplex,,26SWMG,"Fantasy, Sci-Fi",132 menit,13+,2D,2026-05-27,ab366748-5c80-45df-9ff9-e26080a7d8dd,2026-05-27T17:35:15.864806
1a7f1096-f444-4b8f-987a-474b140392dc,SEMUA AKAN BAIK-BAIK SAJA,21cineplex,,16SABB,Drama,113 menit,13+,2D,2026-05-27,4c0231ed-e9ee-451e-b4c7-30e20e9f0fb4,2026-05-27T17:35:15.864943
1a7f1096-f444-4b8f-987a-474b140392dc,TUMBAL PROYEK,21cineplex,,16TPRK,Horror,106 menit,D17+,2D,2026-05-27,d1cd07f6-d9c2-45dc-8148-7d5bc9cb99f1,2026-05-27T17:35:15.865082
1a7f1096-f444-4b8f-987a-474b140392dc,CHILDREN OF HEAVEN,21cineplex,,16COHN,"Drama, Family",97 menit,SU,2D,2026-05-27,0e585954-ddf1-47f7-b9ed-4d4b26d6c8a9,2026-05-27T17:35:15.865232
1a7f1096-f444-4b8f-987a-474b140392dc,SUAMIKU LUKAKU,21cineplex,,16SLUU,Drama,92 menit,D17+,2D,2026-05-27,f54b2f57-e785-4268-932b-61bdaf22524e,2026-05-27T17:35:15.865378
1a7f1096-f444-4b8f-987a-474b140392dc,PASSENGER,21cineplex,,26PASR,Horror,94 menit,D17+,2D,2026-05-27,4024cb7c-d309-4f81-8756-df8db7098f77,2026-05-27T17:35:15.865525
1a7f1096-f444-4b8f-987a-474b140392dc,THE SHEEP DETECTIVES,21cineplex,,26SDES,"Comedy, Mystery",109 menit,SU,2D,2026-05-27,5e68a557-a016-4575-af8b-679706881b09,2026-05-27T17:35:15.865656
1a7f1096-f444-4b8f-987a-474b140392dc,GOHAN,21cineplex,,26GOHN,Drama,140 menit,SU,2D,2026-05-27,7dbb5d64-e1db-481c-82f5-784469e4084d,2026-05-27T17:35:15.865738
1a7f1096-f444-4b8f-987a-474b140392dc,BADUT GENDONG,21cineplex,,16BGEG,"Action, Horror",101 menit,D17+,2D,2026-05-27,f15b0736-eaa0-4ae6-838e-ab1135c0611a,2026-05-27T17:35:15.865813
1a7f1096-f444-4b8f-987a-474b140392dc,COLONY,21cineplex,,26COLY,"Horror, Thriller",122 menit,13+,2D,2026-06-03,719919d6-9d4c-498d-8cf9-2799c748ae48,2026-05-27T17:35:15.865951
301b1b60-51a4-4e27-bf4f-8a10597812a1,TUMBAL PROYEK,21cineplex,,16TPRK,Horror,106 menit,D17+,2D,2026-05-27,d58339e2-76d7-4e32-a97f-78e2a7a83548,2026-05-27T17:35:17.260522
301b1b60-51a4-4e27-bf4f-8a10597812a1,SUAMIKU LUKAKU,21cineplex,,16SLUU,Drama,92 menit,D17+,2D,2026-05-27,cbb95760-8486-4fc9-96e8-b3c0dd4a1914,2026-05-27T17:35:17.260776
301b1b60-51a4-4e27-bf4f-8a10597812a1,GUDANG MERICA,21cineplex,,16GMEA,"Comedy, Horror",98 menit,D17+,2D,2026-05-27,1fdde985-4c00-47e5-af16-998bd91356cf,2026-05-27T17:35:17.261011
301b1b60-51a4-4e27-bf4f-8a10597812a1,BADUT GENDONG,21cineplex,,16BGEG,"Action, Horror",101 menit,D17+,2D,2026-05-27,33fed1f4-c4db-49a9-80d3-a73b0cc01ffd,2026-05-27T17:35:17.261205
301b1b60-51a4-4e27-bf4f-8a10597812a1,CHILDREN OF HEAVEN,21cineplex,,16COHN,"Drama, Family",97 menit,SU,2D,2026-05-27,729a05bf-ce7a-4566-95bd-64e82a52fa30,2026-05-27T17:35:17.261390
301b1b60-51a4-4e27-bf4f-8a10597812a1,SEKAWAN LIMO 2: GUNUNG KLAWIH,21cineplex,,16SK2G,"Comedy, Horror",122 menit,13+,2D,2026-05-27,bdda76df-72a4-439e-b65f-c24bffc6f3cb,2026-05-27T17:35:17.261611
301b1b60-51a4-4e27-bf4f-8a10597812a1,SEMUA AKAN BAIK-BAIK SAJA,21cineplex,,16SABB,Drama,113 menit,13+,2D,2026-05-27,2f70df81-ef7c-445e-8130-439a2cb9a72d,2026-05-27T17:35:17.261880
301b1b60-51a4-4e27-bf4f-8a10597812a1,COLONY,21cineplex,,26COLY,"Horror, Thriller",122 menit,13+,2D,2026-06-03,0dde6514-3a8d-4bc0-bc6d-f437d97375f7,2026-05-27T17:35:17.262122
b47b4aad-7d6b-4571-a8e3-43cf0d47c64e,GUDANG MERICA,21cineplex,,16GMEA,"Comedy, Horror",98 menit,D17+,2D,2026-05-27,7cc8d03d-97e1-4c10-8e08-8cbc6f7c5c7a,2026-05-27T17:35:18.850794
b47b4aad-7d6b-4571-a8e3-43cf0d47c64e,SEKAWAN LIMO 2: GUNUNG KLAWIH,21cineplex,,16SK2G,"Comedy, Horror",122 menit,13+,2D,2026-05-27,e6036042-1e55-4222-bcc1-fd7e8b64d5df,2026-05-27T17:35:18.851182
b47b4aad-7d6b-4571-a8e3-43cf0d47c64e,CHILDREN OF HEAVEN,21cineplex,,16COHN,"Drama, Family",97 menit,SU,2D,2026-05-27,6c66d9e4-d8e8-4775-a1c2-07de12aa26cd,2026-05-27T17:35:18.851395
b47b4aad-7d6b-4571-a8e3-43cf0d47c64e,SUAMIKU LUKAKU,21cineplex,,16SLUU,Drama,92 menit,D17+,2D,2026-05-27,d8f5dcf0-3e9b-4692-b6cb-65642faa5278,2026-05-27T17:35:18.851549
b47b4aad-7d6b-4571-a8e3-43cf0d47c64e,BADUT GENDONG,21cineplex,,16BGEG,"Action, Horror",101 menit,D17+,2D,2026-05-27,864883b3-2076-4c95-9a89-8ffed5083624,2026-05-27T17:35:18.851749
45f0c2d9-488f-4f6b-b2fa-a53cb376b89f,CHILDREN OF HEAVEN,21cineplex,,16COHN,"Drama, Family",97 menit,SU,2D,2026-05-27,f0e9b856-2f59-44cc-9798-9656ba61d8bb,2026-05-27T17:35:20.451379
45f0c2d9-488f-4f6b-b2fa-a53cb376b89f,SUAMIKU LUKAKU,21cineplex,,16SLUU,Drama,92 menit,D17+,2D,2026-05-27,18782245-7af0-4a7f-98cf-f0552c4be778,2026-05-27T17:35:20.451575
45f0c2d9-488f-4f6b-b2fa-a53cb376b89f,BADUT GENDONG,21cineplex,,16BGEG,"Action, Horror",101 menit,D17+,2D,2026-05-27,81259149-cb9d-44c4-8bdd-0120a94da37c,2026-05-27T17:35:20.451679
45f0c2d9-488f-4f6b-b2fa-a53cb376b89f,PASSENGER,21cineplex,,26PASR,Horror,94 menit,D17+,2D,2026-05-27,a939bbb0-1a6a-4af5-9fa0-278bc7e76817,2026-05-27T17:35:20.451817
45f0c2d9-488f-4f6b-b2fa-a53cb376b89f,SEKAWAN LIMO 2: GUNUNG KLAWIH,21cineplex,,16SK2G,"Comedy, Horror",122 menit,13+,2D,2026-05-27,a31a2b62-15eb-4364-b1dd-60258eeb866f,2026-05-27T17:35:20.451946
45f0c2d9-488f-4f6b-b2fa-a53cb376b89f,COLONY,21cineplex,,26COLY,"Horror, Thriller",122 menit,13+,2D,2026-06-03,b67a6eaf-8ef0-49c1-ae54-21b9d3ff25c0,2026-05-27T17:35:20.452056
8248d254-be65-40ab-9fac-b72187eac171,SEMUA AKAN BAIK-BAIK SAJA,21cineplex,,16SABB,Drama,113 menit,13+,2D,2026-05-27,f82c3a3a-a65a-4d80-ac17-04d05c8f000a,2026-05-27T17:35:23.491703
8248d254-be65-40ab-9fac-b72187eac171,CHILDREN OF HEAVEN,21cineplex,,16COHN,"Drama, Family",97 menit,SU,2D,2026-05-27,12bd55f3-c2a5-45ba-9350-16cf0422fa30,2026-05-27T17:35:23.492001
8248d254-be65-40ab-9fac-b72187eac171,HOKUM,21cineplex,,26HOKM,Horror,107 menit,13+,2D,2026-05-27,e51a8ce6-bfb2-49ee-a9ef-d739e5a1c928,2026-05-27T17:35:23.492226
8248d254-be65-40ab-9fac-b72187eac171,SEKAWAN LIMO 2: GUNUNG KLAWIH,21cineplex,,16SK2G,"Comedy, Horror",122 menit,13+,2D,2026-05-27,c4408e12-da51-4275-a6fc-c22ceb5fc0ac,2026-05-27T17:35:23.492317
8248d254-be65-40ab-9fac-b72187eac171,STAR WARS: THE MANDALORIAN AND GROGU,21cineplex,,26SWMG,"Fantasy, Sci-Fi",132 menit,13+,2D,2026-05-27,c7db3b3a-30c6-4832-8c24-51ff3049d118,2026-05-27T17:35:23.492538
8248d254-be65-40ab-9fac-b72187eac171,TUMBAL PROYEK,21cineplex,,16TPRK,Horror,106 menit,D17+,2D,2026-05-27,bafa16f5-2059-4464-bd69-793d67ba6f22,2026-05-27T17:35:23.492628
8248d254-be65-40ab-9fac-b72187eac171,BADUT GENDONG,21cineplex,,16BGEG,"Action, Horror",101 menit,D17+,2D,2026-05-27,e1e617a8-508c-4802-960b-b1cfa61417db,2026-05-27T17:35:23.492721
8248d254-be65-40ab-9fac-b72187eac171,PASSENGER,21cineplex,,26PASR,Horror,94 menit,D17+,2D,2026-05-27,54b6ad5b-47dd-4dfe-9291-2fa22d17c8e1,2026-05-27T17:35:23.492922
8248d254-be65-40ab-9fac-b72187eac171,SUAMIKU LUKAKU,21cineplex,,16SLUU,Drama,92 menit,D17+,2D,2026-05-27,d10065dc-dd67-4d99-b812-323e8d6b841d,2026-05-27T17:35:23.493109
7ac9ec9a-8a57-4cb4-ad92-e4474e3891b3,GUDANG MERICA,21cineplex,,16GMEA,"Comedy, Horror",98 menit,D17+,2D,2026-05-27,1eb59fdb-e793-4f0a-a15e-722c78a81310,2026-05-27T17:35:26.451926
7ac9ec9a-8a57-4cb4-ad92-e4474e3891b3,CHILDREN OF HEAVEN,21cineplex,,16COHN,"Drama, Family",97 menit,SU,2D,2026-05-27,919748d0-e1aa-460f-b186-3d6d93ce4227,2026-05-27T17:35:26.452064
7ac9ec9a-8a57-4cb4-ad92-e4474e3891b3,SUAMIKU LUKAKU,21cineplex,,16SLUU,Drama,92 menit,D17+,2D,2026-05-27,8b1beee0-2cef-4ce1-8791-ed0716c18972,2026-05-27T17:35:26.452154
7ac9ec9a-8a57-4cb4-ad92-e4474e3891b3,SEKAWAN LIMO 2: GUNUNG KLAWIH,21cineplex,,16SK2G,"Comedy, Horror",122 menit,13+,2D,2026-05-27,d5e50570-73ce-4341-ad39-b5f7a760e63a,2026-05-27T17:35:26.452249
7ac9ec9a-8a57-4cb4-ad92-e4474e3891b3,BADUT GENDONG,21cineplex,,16BGEG,"Action, Horror",101 menit,D17+,2D,2026-05-27,c075dd38-fc41-4ff8-9654-a9351349a1db,2026-05-27T17:35:26.452336
7ac9ec9a-8a57-4cb4-ad92-e4474e3891b3,TUMBAL PROYEK,21cineplex,,16TPRK,Horror,106 menit,D17+,2D,2026-05-27,32b0d882-2120-40eb-bbc6-760d4bc977c3,2026-05-27T17:35:26.452528
d24e1a45-f91f-4f7b-9a39-397b49809845,TUMBAL PROYEK,21cineplex,,16TPRK,Horror,106 menit,D17+,2D,2026-05-27,0dce9513-27b9-4203-a18c-76f4e4c9f939,2026-05-27T17:35:27.725344
d24e1a45-f91f-4f7b-9a39-397b49809845,CHILDREN OF HEAVEN,21cineplex,,16COHN,"Drama, Family",97 menit,SU,2D,2026-05-27,09195ed2-44de-4512-acd0-77e1bd828ba2,2026-05-27T17:35:27.725461
d24e1a45-f91f-4f7b-9a39-397b49809845,SEMUA AKAN BAIK-BAIK SAJA,21cineplex,,16SABB,Drama,113 menit,13+,2D,2026-05-27,1252b5b1-dd76-4a1a-83f8-d9ccab464738,2026-05-27T17:35:27.725590
d24e1a45-f91f-4f7b-9a39-397b49809845,BADUT GENDONG,21cineplex,,16BGEG,"Action, Horror",101 menit,D17+,2D,2026-05-27,d873920f-d7e2-403f-aed5-6dd15f31f18b,2026-05-27T17:35:27.725727
d24e1a45-f91f-4f7b-9a39-397b49809845,GUDANG MERICA,21cineplex,,16GMEA,"Comedy, Horror",98 menit,D17+,2D,2026-05-27,766e4754-9547-40bc-b09f-9396303acc54,2026-05-27T17:35:27.725835
a6713c1f-1866-41df-8024-94c122e94f17,SUAMIKU LUKAKU,21cineplex,,16SLUU,Drama,92 menit,D17+,2D,2026-05-27,a1156358-439a-447a-9355-5d86540c0031,2026-05-27T17:35:29.339265
a6713c1f-1866-41df-8024-94c122e94f17,BADUT GENDONG,21cineplex,,16BGEG,"Action, Horror",101 menit,D17+,2D,2026-05-27,c762e14e-5fe7-4f00-8e86-a0842ec29822,2026-05-27T17:35:29.339601
a6713c1f-1866-41df-8024-94c122e94f17,GUDANG MERICA,21cineplex,,16GMEA,"Comedy, Horror",98 menit,D17+,2D,2026-05-27,7420bd95-54df-463d-908c-907b9152aa2d,2026-05-27T17:35:29.339776
a6713c1f-1866-41df-8024-94c122e94f17,CHILDREN OF HEAVEN,21cineplex,,16COHN,"Drama, Family",97 menit,SU,2D,2026-05-27,599756c5-ed64-4799-aa84-a7372bf9956f,2026-05-27T17:35:29.340249
a6713c1f-1866-41df-8024-94c122e94f17,SEKAWAN LIMO 2: GUNUNG KLAWIH,21cineplex,,16SK2G,"Comedy, Horror",122 menit,13+,2D,2026-05-27,8e2a9055-ff4a-4e04-bab6-24e5882c496b,2026-05-27T17:35:29.340493
b8df41b0-12ef-4efa-83fe-96b399b96bdd,SUAMIKU LUKAKU,21cineplex,,16SLUU,Drama,92 menit,D17+,2D,2026-05-27,f653acdc-1e5c-467e-935b-79ff5c566e0f,2026-05-27T17:35:30.746241
b8df41b0-12ef-4efa-83fe-96b399b96bdd,CHILDREN OF HEAVEN,21cineplex,,16COHN,"Drama, Family",97 menit,SU,2D,2026-05-27,3a723f54-42d2-4ae4-b9a9-33059ad75122,2026-05-27T17:35:30.746567
b8df41b0-12ef-4efa-83fe-96b399b96bdd,BADUT GENDONG,21cineplex,,16BGEG,"Action, Horror",101 menit,D17+,2D,2026-05-27,4d2edffd-6ca3-4110-b020-a38b4184287a,2026-05-27T17:35:30.746788
b8df41b0-12ef-4efa-83fe-96b399b96bdd,SEKAWAN LIMO 2: GUNUNG KLAWIH,21cineplex,,16SK2G,"Comedy, Horror",122 menit,13+,2D,2026-05-27,1e00578a-9037-40cb-aa99-d222b249db41,2026-05-27T17:35:30.746988
523b87a9-8b83-43de-b381-890e2415b7d8,SEKAWAN LIMO 2: GUNUNG KLAWIH,21cineplex,,16SK2G,"Comedy, Horror",122 menit,13+,2D,2026-05-27,54407002-2320-4474-9040-4c8fbd47dd68,2026-05-27T17:35:32.513722
523b87a9-8b83-43de-b381-890e2415b7d8,CHILDREN OF HEAVEN,21cineplex,,16COHN,"Drama, Family",97 menit,SU,2D,2026-05-27,b7a0727e-67da-4ce1-928e-63f63c034a94,2026-05-27T17:35:32.513916
523b87a9-8b83-43de-b381-890e2415b7d8,GOHAN,21cineplex,,26GOHN,Drama,140 menit,SU,2D,2026-05-27,0fe77446-8155-4f73-b7c1-d435fd5cfed9,2026-05-27T17:35:32.514247
523b87a9-8b83-43de-b381-890e2415b7d8,STAR WARS: THE MANDALORIAN AND GROGU,21cineplex,,26SWMG,"Fantasy, Sci-Fi",132 menit,13+,2D,2026-05-27,54518ced-8d49-453c-808e-52c557a4b91b,2026-05-27T17:35:32.514545
523b87a9-8b83-43de-b381-890e2415b7d8,SUAMIKU LUKAKU,21cineplex,,16SLUU,Drama,92 menit,D17+,2D,2026-05-27,0748cc85-ff3d-4fcc-957b-8028c34e466b,2026-05-27T17:35:32.514664
a294027f-ea96-49c3-83e3-3725aa606d12,CHILDREN OF HEAVEN,21cineplex,,16COHN,"Drama, Family",97 menit,SU,2D,2026-05-27,3162b0e0-4703-4d44-a703-8a11976f325a,2026-05-27T17:35:33.735281
a294027f-ea96-49c3-83e3-3725aa606d12,YANG LAIN BOLEH HILANG ASAL KAU JANGAN,21cineplex,,16YLBH,Drama,113 menit,13+,2D,2026-05-27,5638d646-10ce-485e-b3b4-8c0f49399568,2026-05-27T17:35:33.735826
a294027f-ea96-49c3-83e3-3725aa606d12,TUMBAL PROYEK,21cineplex,,16TPRK,Horror,106 menit,D17+,2D,2026-05-27,080b6847-514f-41d4-8b10-a1b4560d1900,2026-05-27T17:35:33.736071
a294027f-ea96-49c3-83e3-3725aa606d12,SEKAWAN LIMO 2: GUNUNG KLAWIH,21cineplex,,16SK2G,"Comedy, Horror",122 menit,13+,2D,2026-05-27,fb214278-288f-42c1-9531-70c570edb86c,2026-05-27T17:35:33.736236
a294027f-ea96-49c3-83e3-3725aa606d12,SUAMIKU LUKAKU,21cineplex,,16SLUU,Drama,92 menit,D17+,2D,2026-05-27,9b05c068-587e-4679-a812-3e8c8f6ecc74,2026-05-27T17:35:33.736466
6eb7858d-9109-45f7-9805-3a7ed53801da,SEKAWAN LIMO 2: GUNUNG KLAWIH,21cineplex,,16SK2G,"Comedy, Horror",122 menit,13+,2D,2026-05-27,90c14c12-adbf-480c-afb8-81cfa878ed14,2026-05-27T17:35:35.447833
6eb7858d-9109-45f7-9805-3a7ed53801da,CHILDREN OF HEAVEN,21cineplex,,16COHN,"Drama, Family",97 menit,SU,2D,2026-05-27,5d1aa6f4-9e7c-4cae-a92c-c15c60bf9f24,2026-05-27T17:35:35.447967
6eb7858d-9109-45f7-9805-3a7ed53801da,TUMBAL PROYEK,21cineplex,,16TPRK,Horror,106 menit,D17+,2D,2026-05-27,e75a5731-ce01-4668-9090-9f1e9c3b9d74,2026-05-27T17:35:35.448066
6eb7858d-9109-45f7-9805-3a7ed53801da,BADUT GENDONG,21cineplex,,16BGEG,"Action, Horror",101 menit,D17+,2D,2026-05-27,765b3353-0ead-4c18-b7eb-bfc66d7a2cc5,2026-05-27T17:35:35.448137
6eb7858d-9109-45f7-9805-3a7ed53801da,SUAMIKU LUKAKU,21cineplex,,16SLUU,Drama,92 menit,D17+,2D,2026-05-27,9fb81eae-26d7-4a9e-a2bd-758df371c9b3,2026-05-27T17:35:35.448194
833ef442-42c3-4acc-abe4-601cceef4411,TUMBAL PROYEK,21cineplex,,16TPRK,Horror,106 menit,D17+,2D,2026-05-27,36b5f7e4-75e4-40c6-8142-cae432e51e3d,2026-05-27T17:35:36.799820
833ef442-42c3-4acc-abe4-601cceef4411,HOKUM,21cineplex,,26HOKM,Horror,107 menit,13+,2D,2026-05-27,b1b457f8-ce3e-4325-aae6-ce69c18b8dc0,2026-05-27T17:35:36.799932
833ef442-42c3-4acc-abe4-601cceef4411,CHILDREN OF HEAVEN,21cineplex,,16COHN,"Drama, Family",97 menit,SU,2D,2026-05-27,939b70b2-0274-440d-a713-965c520d6285,2026-05-27T17:35:36.799975
833ef442-42c3-4acc-abe4-601cceef4411,SUAMIKU LUKAKU,21cineplex,,16SLUU,Drama,92 menit,D17+,2D,2026-05-27,9090eab6-6035-4793-9353-3138c79cc885,2026-05-27T17:35:36.800066
833ef442-42c3-4acc-abe4-601cceef4411,SEMUA AKAN BAIK-BAIK SAJA,21cineplex,,16SABB,Drama,113 menit,13+,2D,2026-05-27,182b6052-0923-4510-81d8-786ebbe8a712,2026-05-27T17:35:36.800135
833ef442-42c3-4acc-abe4-601cceef4411,SEKAWAN LIMO 2: GUNUNG KLAWIH,21cineplex,,16SK2G,"Comedy, Horror",122 menit,13+,2D,2026-05-27,070f5df1-0789-47fc-b2cf-95e347f67457,2026-05-27T17:35:36.800202
833ef442-42c3-4acc-abe4-601cceef4411,PASSENGER,21cineplex,,26PASR,Horror,94 menit,D17+,2D,2026-05-27,5a8ad72c-5116-4c0d-89c3-019ac8ec2bf2,2026-05-27T17:35:36.800253
833ef442-42c3-4acc-abe4-601cceef4411,NOBODY LOVES KAY,21cineplex,,16NLKY,Drama,117 menit,D17+,2D,2026-05-31,832f2c2e-641f-45ba-b333-ca86e60c3971,2026-05-27T17:35:36.800313
833ef442-42c3-4acc-abe4-601cceef4411,COLONY,21cineplex,,26COLY,"Horror, Thriller",122 menit,13+,2D,2026-06-03,bdea4f26-6380-4b02-aaf1-c19033a1ca77,2026-05-27T17:35:36.800388
100afb58-05d7-4679-a57e-045d569dbfeb,SUAMIKU LUKAKU,21cineplex,,16SLUU,Drama,92 menit,D17+,2D,2026-05-27,d0155007-f873-4558-a6c6-36b8ab931393,2026-05-27T17:35:41.254547
100afb58-05d7-4679-a57e-045d569dbfeb,PASSENGER,21cineplex,,26PASR,Horror,94 menit,D17+,2D,2026-05-27,54a57933-95bb-4426-85c8-ff5e5ca6b70a,2026-05-27T17:35:41.254647
100afb58-05d7-4679-a57e-045d569dbfeb,HOKUM,21cineplex,,26HOKM,Horror,107 menit,13+,2D,2026-05-27,aa7a9b83-1ab1-4ae2-a04a-142212f3eed4,2026-05-27T17:35:41.254741
100afb58-05d7-4679-a57e-045d569dbfeb,STAR WARS: THE MANDALORIAN AND GROGU,21cineplex,,26SWMG,"Fantasy, Sci-Fi",132 menit,13+,2D,2026-05-27,09cd7ff9-0360-4c01-b076-0a02ecc0f403,2026-05-27T17:35:41.254801
100afb58-05d7-4679-a57e-045d569dbfeb,CHILDREN OF HEAVEN,21cineplex,,16COHN,"Drama, Family",97 menit,SU,2D,2026-05-27,31d586b2-8783-4724-96aa-f09a180f0fde,2026-05-27T17:35:41.254873
100afb58-05d7-4679-a57e-045d569dbfeb,GOHAN,21cineplex,,26GOHN,Drama,140 menit,SU,2D,2026-05-27,d1a37945-dba3-4862-abab-fe3746bc1e37,2026-05-27T17:35:41.254948
100afb58-05d7-4679-a57e-045d569dbfeb,BADUT GENDONG,21cineplex,,16BGEG,"Action, Horror",101 menit,D17+,2D,2026-05-27,d6fde9e5-e263-494d-974b-7bba7c033582,2026-05-27T17:35:41.255018
100afb58-05d7-4679-a57e-045d569dbfeb,COLONY,21cineplex,,26COLY,"Horror, Thriller",122 menit,13+,2D,2026-06-03,caff86e8-d026-452f-841e-edffd1df9572,2026-05-27T17:35:41.255109
ec4bf165-69e6-40ae-b6c2-3eae233dcc29,SALMOKJI: WHISPERING WATER,21cineplex,,26SWWR,Horror,95 menit,D17+,2D,2026-05-27,e777200c-9ac9-43e2-90b3-6007765b236f,2026-05-27T17:35:45.791323
ec4bf165-69e6-40ae-b6c2-3eae233dcc29,GOHAN,21cineplex,,26GOHN,Drama,140 menit,SU,2D,2026-05-27,b2ab22fa-1935-4d54-94c2-2f2f6f440dd7,2026-05-27T17:35:45.791613
ec4bf165-69e6-40ae-b6c2-3eae233dcc29,CHILDREN OF HEAVEN,21cineplex,,16COHN,"Drama, Family",97 menit,SU,2D,2026-05-27,267e599b-3f46-44d3-8221-cb105a14665d,2026-05-27T17:35:45.791741
ec4bf165-69e6-40ae-b6c2-3eae233dcc29,SEKAWAN LIMO 2: GUNUNG KLAWIH,21cineplex,,16SK2G,"Comedy, Horror",122 menit,13+,2D,2026-05-27,6b22dd12-8f29-4963-9dec-295f1d1eb786,2026-05-27T17:35:45.791873
ec4bf165-69e6-40ae-b6c2-3eae233dcc29,PASSENGER,21cineplex,,26PASR,Horror,94 menit,D17+,2D,2026-05-27,516c6cb5-361f-4a7e-94cc-f31c925b84bf,2026-05-27T17:35:45.791974
ec4bf165-69e6-40ae-b6c2-3eae233dcc29,HOKUM,21cineplex,,26HOKM,Horror,107 menit,13+,2D,2026-05-27,8a55e580-e739-468a-b1b2-5976d371a59f,2026-05-27T17:35:45.792293
ec4bf165-69e6-40ae-b6c2-3eae233dcc29,SUAMIKU LUKAKU,21cineplex,,16SLUU,Drama,92 menit,D17+,2D,2026-05-27,295b0125-15e7-431a-abe7-65673416389c,2026-05-27T17:35:45.792396
ec4bf165-69e6-40ae-b6c2-3eae233dcc29,STAR WARS: THE MANDALORIAN AND GROGU,21cineplex,,26SWMG,"Fantasy, Sci-Fi",132 menit,13+,2D,2026-05-27,ec468cee-bd96-43dd-9971-0bfbfb6d425c,2026-05-27T17:35:45.792543
ec4bf165-69e6-40ae-b6c2-3eae233dcc29,BADUT GENDONG,21cineplex,,16BGEG,"Action, Horror",101 menit,D17+,2D,2026-05-27,80e902bf-9f8c-44bf-9b38-023687963c4e,2026-05-27T17:35:45.792642
ec4bf165-69e6-40ae-b6c2-3eae233dcc29,SEMUA AKAN BAIK-BAIK SAJA,21cineplex,,16SABB,Drama,113 menit,13+,2D,2026-05-27,182c70d3-2743-4b6c-bf78-50390cfde301,2026-05-27T17:35:45.792731
ec4bf165-69e6-40ae-b6c2-3eae233dcc29,COLONY,21cineplex,,26COLY,"Horror, Thriller",122 menit,13+,2D,2026-06-03,351dd324-e787-46c7-a215-5e062bd7f7e4,2026-05-27T17:35:45.793004
0b453606-d26a-4399-b64b-16d785d52fd6,TUMBAL PROYEK,21cineplex,,16TPRK,Horror,106 menit,D17+,2D,2026-05-27,f98bec78-4d9f-4b2a-a8b5-86ae4d061411,2026-05-27T17:35:48.758690
0b453606-d26a-4399-b64b-16d785d52fd6,PASSENGER,21cineplex,,26PASR,Horror,94 menit,D17+,2D,2026-05-27,6ea7583e-84dc-426c-af8c-a0849b0b3921,2026-05-27T17:35:48.758822
0b453606-d26a-4399-b64b-16d785d52fd6,CHILDREN OF HEAVEN,21cineplex,,16COHN,"Drama, Family",97 menit,SU,2D,2026-05-27,9a1ce745-0f1b-4b77-aabe-64428d5efb6c,2026-05-27T17:35:48.758913
0b453606-d26a-4399-b64b-16d785d52fd6,SEMUA AKAN BAIK-BAIK SAJA,21cineplex,,16SABB,Drama,113 menit,13+,2D,2026-05-27,f8373360-3f59-407d-baa6-310acde67ee7,2026-05-27T17:35:48.758986
0b453606-d26a-4399-b64b-16d785d52fd6,BADUT GENDONG,21cineplex,,16BGEG,"Action, Horror",101 menit,D17+,2D,2026-05-27,e0143f55-87d2-4ae5-b385-9e2bb1ee7010,2026-05-27T17:35:48.759056
0b453606-d26a-4399-b64b-16d785d52fd6,SUAMIKU LUKAKU,21cineplex,,16SLUU,Drama,92 menit,D17+,2D,2026-05-27,df4ddf52-59ce-472b-a733-fb11f5ae3162,2026-05-27T17:35:48.759140
0b453606-d26a-4399-b64b-16d785d52fd6,GUDANG MERICA,21cineplex,,16GMEA,"Comedy, Horror",98 menit,D17+,2D,2026-05-27,21c07da4-397f-4e17-b43b-da0844cc52fc,2026-05-27T17:35:48.759212
726d49a0-fd58-43af-905f-5e50c470ea95,CHILDREN OF HEAVEN,21cineplex,,16COHN,"Drama, Family",97 menit,SU,2D,2026-05-27,ad87dd07-e338-4d06-b059-8475f665c9a1,2026-05-27T17:35:50.550923
726d49a0-fd58-43af-905f-5e50c470ea95,GOHAN,21cineplex,,26GOHN,Drama,140 menit,SU,2D,2026-05-27,987847f5-2f36-4fd6-8ea0-e6a02319ba4a,2026-05-27T17:35:50.551104
726d49a0-fd58-43af-905f-5e50c470ea95,PASSENGER,21cineplex,,26PASR,Horror,94 menit,D17+,2D,2026-05-27,508accc8-8d27-49b3-a719-b5aef042243d,2026-05-27T17:35:50.551233
726d49a0-fd58-43af-905f-5e50c470ea95,SUAMIKU LUKAKU,21cineplex,,16SLUU,Drama,92 menit,D17+,2D,2026-05-27,9b5355f4-a171-4d2a-92a3-e83d9756a4b4,2026-05-27T17:35:50.551350
a0436150-eaeb-458d-9918-808b239e54bc,SEMUA AKAN BAIK-BAIK SAJA,21cineplex,,16SABB,Drama,113 menit,13+,2D,2026-05-27,73e462d3-33e2-4630-b13a-c74fa76ae058,2026-05-27T17:35:54.793960
a0436150-eaeb-458d-9918-808b239e54bc,STAR WARS: THE MANDALORIAN AND GROGU,21cineplex,,26SWMG,"Fantasy, Sci-Fi",132 menit,13+,2D,2026-05-27,7fa5fcb5-2e8f-475d-99d7-377d92f5470a,2026-05-27T17:35:54.794305
a0436150-eaeb-458d-9918-808b239e54bc,TUMBAL PROYEK,21cineplex,,16TPRK,Horror,106 menit,D17+,2D,2026-05-27,7a3439c3-0b85-4a4e-ae9f-ebf93b9a2b03,2026-05-27T17:35:54.794388
a0436150-eaeb-458d-9918-808b239e54bc,BADUT GENDONG,21cineplex,,16BGEG,"Action, Horror",101 menit,D17+,2D,2026-05-27,9aa39047-a613-478f-9454-df9ecb3fb7bc,2026-05-27T17:35:54.794553
a0436150-eaeb-458d-9918-808b239e54bc,SEKAWAN LIMO 2: GUNUNG KLAWIH,21cineplex,,16SK2G,"Comedy, Horror",122 menit,13+,2D,2026-05-27,ddd750d6-9a34-4a85-86c5-5b56e3588aab,2026-05-27T17:35:54.794725
a0436150-eaeb-458d-9918-808b239e54bc,CHILDREN OF HEAVEN,21cineplex,,16COHN,"Drama, Family",97 menit,SU,2D,2026-05-27,fc104015-e632-4748-b66c-e3e577a6da38,2026-05-27T17:35:54.794832
a0436150-eaeb-458d-9918-808b239e54bc,SUAMIKU LUKAKU,21cineplex,,16SLUU,Drama,92 menit,D17+,2D,2026-05-27,fa1713e5-e3f9-4c32-a9af-8f4d8f17f9fe,2026-05-27T17:35:54.794996
f05ee07b-5e90-4b2c-8252-1924bcd72d8d,SEMUA AKAN BAIK-BAIK SAJA,21cineplex,,16SABB,Drama,113 menit,13+,2D,2026-05-27,d200df29-2326-47bd-a28f-4a49f24b7aa5,2026-05-27T17:35:56.479458
f05ee07b-5e90-4b2c-8252-1924bcd72d8d,SUAMIKU LUKAKU,21cineplex,,16SLUU,Drama,92 menit,D17+,2D,2026-05-27,c184c32a-9f2f-46ec-90cf-f7dff316fde5,2026-05-27T17:35:56.479584
f05ee07b-5e90-4b2c-8252-1924bcd72d8d,HOKUM,21cineplex,,26HOKM,Horror,107 menit,13+,2D,2026-05-27,1c20c25c-5621-432b-8be1-9a4ffa3450cd,2026-05-27T17:35:56.479683
f05ee07b-5e90-4b2c-8252-1924bcd72d8d,YANG LAIN BOLEH HILANG ASAL KAU JANGAN,21cineplex,,16YLBH,Drama,113 menit,13+,2D,2026-05-27,c856aa0a-0d25-41dd-99f4-6be27e0501b3,2026-05-27T17:35:56.479713
f05ee07b-5e90-4b2c-8252-1924bcd72d8d,CHILDREN OF HEAVEN,21cineplex,,16COHN,"Drama, Family",97 menit,SU,2D,2026-05-27,bb6d6fc6-7630-47a5-ad0b-de0148002e30,2026-05-27T17:35:56.479769
f05ee07b-5e90-4b2c-8252-1924bcd72d8d,SEKAWAN LIMO 2: GUNUNG KLAWIH,21cineplex,,16SK2G,"Comedy, Horror",122 menit,13+,2D,2026-05-27,89ba2e75-0a91-4df3-9f32-a376c350798b,2026-05-27T17:35:56.479832
f05ee07b-5e90-4b2c-8252-1924bcd72d8d,BADUT GENDONG,21cineplex,,16BGEG,"Action, Horror",101 menit,D17+,2D,2026-05-27,c66f312b-c52a-4c0e-aa87-197c1f5e8b41,2026-05-27T17:35:56.479887
daa274db-d113-49a9-8ed1-13ecfd691182,BADUT GENDONG,21cineplex,,16BGEG,"Action, Horror",101 menit,D17+,2D,2026-05-27,44cf56d5-e81a-4a10-a04c-78a001f6fca2,2026-05-27T17:35:57.754693
daa274db-d113-49a9-8ed1-13ecfd691182,SEKAWAN LIMO 2: GUNUNG KLAWIH,21cineplex,,16SK2G,"Comedy, Horror",122 menit,13+,2D,2026-05-27,9fc15759-c9de-427e-9c5d-d7d906908589,2026-05-27T17:35:57.755022
daa274db-d113-49a9-8ed1-13ecfd691182,SUAMIKU LUKAKU,21cineplex,,16SLUU,Drama,92 menit,D17+,2D,2026-05-27,47e8e120-865c-4e00-ad7b-35694eb9f6f5,2026-05-27T17:35:57.755213
daa274db-d113-49a9-8ed1-13ecfd691182,CHILDREN OF HEAVEN,21cineplex,,16COHN,"Drama, Family",97 menit,SU,2D,2026-05-27,673a0fd9-bc91-4368-8daa-40210db2957b,2026-05-27T17:35:57.755439
d9aa4472-bef9-4468-8cb1-ad778b75f68f,SEKAWAN LIMO 2: GUNUNG KLAWIH,21cineplex,,16SK2G,"Comedy, Horror",122 menit,13+,2D,2026-05-27,50f2e354-72d6-42b8-88c8-0288ac9918d0,2026-05-27T17:35:59.293451
d9aa4472-bef9-4468-8cb1-ad778b75f68f,CHILDREN OF HEAVEN,21cineplex,,16COHN,"Drama, Family",97 menit,SU,2D,2026-05-27,94aa7e0e-4f12-480d-a72e-e039a78f9cf0,2026-05-27T17:35:59.293607
d9aa4472-bef9-4468-8cb1-ad778b75f68f,SUAMIKU LUKAKU,21cineplex,,16SLUU,Drama,92 menit,D17+,2D,2026-05-27,41f57f84-0206-47e1-b209-1a0191775793,2026-05-27T17:35:59.293707
d9aa4472-bef9-4468-8cb1-ad778b75f68f,BADUT GENDONG,21cineplex,,16BGEG,"Action, Horror",101 menit,D17+,2D,2026-05-27,5464b525-0a68-4a01-852c-066993ccc19f,2026-05-27T17:35:59.293802
d9aa4472-bef9-4468-8cb1-ad778b75f68f,PASSENGER,21cineplex,,26PASR,Horror,94 menit,D17+,2D,2026-05-27,0e3d3ee1-8563-456f-8754-44056d97abf2,2026-05-27T17:35:59.293893
d9aa4472-bef9-4468-8cb1-ad778b75f68f,TUMBAL PROYEK,21cineplex,,16TPRK,Horror,106 menit,D17+,2D,2026-05-27,43c101c5-cb48-4c4e-8452-fdfd4a7a6f84,2026-05-27T17:35:59.293982
d9aa4472-bef9-4468-8cb1-ad778b75f68f,SEMUA AKAN BAIK-BAIK SAJA,21cineplex,,16SABB,Drama,113 menit,13+,2D,2026-05-27,044bb689-c7bb-43ca-8fef-326b3fdffb2b,2026-05-27T17:35:59.294042
d9aa4472-bef9-4468-8cb1-ad778b75f68f,HOKUM,21cineplex,,26HOKM,Horror,107 menit,13+,2D,2026-05-27,0adde043-1fee-4984-94cc-1b83ddc99399,2026-05-27T17:35:59.294114
d9aa4472-bef9-4468-8cb1-ad778b75f68f,COLONY,21cineplex,,26COLY,"Horror, Thriller",122 menit,13+,2D,2026-06-03,0a5b57c6-9be3-4ce9-953a-c154c84a3598,2026-05-27T17:35:59.294155
