cinema_id,title,source,movie_id,movie_code,genre,duration,age_rating,format,show_date,id,created_at
dd0008fc-117c-483d-b20d-ae60861f7d70,SALMOKJI: WHISPERING WATER,21cineplex,,26SWWR,Horror,95 menit,D17+,2D,2026-05-17,3b9d1c27-3a41-4556-ba09-d2f815f050ed,2026-05-17T06:21:11.049238
dd0008fc-117c-483d-b20d-ae60861f7d70,GHOST IN THE CELL,21cineplex,,16GITC,"Comedy, Horror",106 menit,D17+,2D,2026-05-17,cadcee2b-39ab-45dd-aa59-e11bfa53c946,2026-05-17T06:21:11.049355
dd0008fc-117c-483d-b20d-ae60861f7d70,SEMUA AKAN BAIK-BAIK SAJA,21cineplex,,16SABB,Drama,113 menit,13+,2D,2026-05-17,6e5fb1ba-2de2-452a-b11c-98cba0778f8a,2026-05-17T06:21:11.049452
dd0008fc-117c-483d-b20d-ae60861f7d70,CHILDREN OF HEAVEN,21cineplex,,16COHN,"Drama, Family",97 menit,SU,2D,2026-05-27,38789b1e-5cb2-4b52-aac3-80ee78412b0d,2026-05-17T06:21:11.049567
5f318e51-4754-4aa5-bcfa-dbee7f589528,GOHAN,21cineplex,,26GOHN,Drama,140 menit,SU,2D,2026-05-17,0f20ff8e-c38f-47ed-bfb5-2071c4fedd42,2026-05-17T06:21:11.049791
5f318e51-4754-4aa5-bcfa-dbee7f589528,MICHAEL,21cineplex,,26MICL,Biography,127 menit,SU,2D,2026-05-17,848d4dcb-2b76-4919-a9f1-861e8654960f,2026-05-17T06:21:11.049856
5f318e51-4754-4aa5-bcfa-dbee7f589528,THE DRAMA,21cineplex,,26DRAA,Drama,106 menit,D17+,2D,2026-05-17,4943cd4b-51b2-440e-a33a-824e42de1122,2026-05-17T06:21:11.049923
5f318e51-4754-4aa5-bcfa-dbee7f589528,SALMOKJI: WHISPERING WATER,21cineplex,,26SWWR,Horror,95 menit,D17+,2D,2026-05-17,0a6a89ce-d81c-484b-b4e0-fb8d83ac901a,2026-05-17T06:21:11.049963
5f318e51-4754-4aa5-bcfa-dbee7f589528,IN THE GREY,21cineplex,,26ITGY,"Action, Thriller",97 menit,13+,2D,2026-05-17,e86ae4c5-6c08-4845-8fc6-0db05b168261,2026-05-17T06:21:11.050003
5f318e51-4754-4aa5-bcfa-dbee7f589528,THE DEVIL WEARS PRADA 2,21cineplex,,26DWP2,"Comedy, Drama",119 menit,13+,2D,2026-05-17,fe23c276-60b4-47dc-b68e-5bf4568fff6c,2026-05-17T06:21:11.050049
5f318e51-4754-4aa5-bcfa-dbee7f589528,SEMUA AKAN BAIK-BAIK SAJA,21cineplex,,16SABB,Drama,113 menit,13+,2D,2026-05-17,fd198127-0cf1-46ff-91c0-29f6dc0d767f,2026-05-17T06:21:11.050099
5f318e51-4754-4aa5-bcfa-dbee7f589528,THE SHEEP DETECTIVES,21cineplex,,26SDES,"Comedy, Mystery",109 menit,SU,2D,2026-05-17,9691f012-29be-435d-8d95-c1995301041f,2026-05-17T06:21:11.050165
5f318e51-4754-4aa5-bcfa-dbee7f589528,STAR WARS: THE MANDALORIAN AND GROGU,21cineplex,,26SWMG,"Fantasy, Sci-Fi",132 menit,13+,2D,2026-05-20,eae2198d-4334-4ece-9257-fc4e42d00816,2026-05-17T06:21:11.050239
825c865e-b0d9-4e2e-b5a8-62989085e503,DILAN ITB 1997,21cineplex,,16DI97,"Drama, Romance",110 menit,13+,2D,2026-05-17,6e2a734f-0768-4552-8de0-c9338b7bf47e,2026-05-17T06:21:11.050855
825c865e-b0d9-4e2e-b5a8-62989085e503,SEMUA AKAN BAIK-BAIK SAJA,21cineplex,,16SABB,Drama,113 menit,13+,2D,2026-05-17,282797c3-d070-413d-a1b4-02c52267f264,2026-05-17T06:21:11.050960
825c865e-b0d9-4e2e-b5a8-62989085e503,GHOST IN THE CELL,21cineplex,,16GITC,"Comedy, Horror",106 menit,D17+,2D,2026-05-17,20a2d4df-6424-403d-b247-79e1e12f12e1,2026-05-17T06:21:11.051055
825c865e-b0d9-4e2e-b5a8-62989085e503,KELUARGA SUAMI ADALAH HAMA,21cineplex,,16KSAH,Drama,117 menit,13+,2D,2026-05-21,2b7c7893-9521-4e38-930b-099cc756d132,2026-05-17T06:21:11.051136
825c865e-b0d9-4e2e-b5a8-62989085e503,SUAMIKU LUKAKU,21cineplex,,16SLUU,Drama,92 menit,D17+,2D,2026-05-27,fde13aeb-bff7-462c-941c-49be845887c6,2026-05-17T06:21:11.051197
825c865e-b0d9-4e2e-b5a8-62989085e503,CHILDREN OF HEAVEN,21cineplex,,16COHN,"Drama, Family",97 menit,SU,2D,2026-05-27,cf7a701c-6c86-4563-8f3b-0f2465969b0a,2026-05-17T06:21:11.051256
f54cba6d-12bb-4a6a-9311-0e0dde671251,THE SHEEP DETECTIVES,21cineplex,,26SDES,"Comedy, Mystery",109 menit,SU,2D,2026-05-17,04fbef4a-2bd1-48c9-87f3-bffab671277c,2026-05-17T06:21:12.611791
f54cba6d-12bb-4a6a-9311-0e0dde671251,THE DEVIL WEARS PRADA 2,21cineplex,,26DWP2,"Comedy, Drama",119 menit,13+,2D,2026-05-17,6fda0c3c-f06e-430d-ba2d-99db0093b810,2026-05-17T06:21:12.612107
f54cba6d-12bb-4a6a-9311-0e0dde671251,MORTAL KOMBAT II,21cineplex,,25MKT2,"Action, Adventure",116 menit,D17+,2D,2026-05-17,699de493-df9e-4094-92fe-973c5f443ba0,2026-05-17T06:21:12.612267
f54cba6d-12bb-4a6a-9311-0e0dde671251,GOHAN,21cineplex,,26GOHN,Drama,140 menit,SU,2D,2026-05-17,5baad46f-a5da-45b0-87d9-1cd25fbcdc2b,2026-05-17T06:21:12.612489
f54cba6d-12bb-4a6a-9311-0e0dde671251,SEMUA AKAN BAIK-BAIK SAJA,21cineplex,,16SABB,Drama,113 menit,13+,2D,2026-05-17,de638ff6-0f7e-48fe-84e5-50dfd093821a,2026-05-17T06:21:12.612656
f54cba6d-12bb-4a6a-9311-0e0dde671251,GHOST IN THE CELL,21cineplex,,16GITC,"Comedy, Horror",106 menit,D17+,2D,2026-05-17,9fb08f68-e94e-43d9-a19b-b14bdd8d87d8,2026-05-17T06:21:12.612896
f54cba6d-12bb-4a6a-9311-0e0dde671251,FUZE,21cineplex,,26FUZE,"Action, Crime",96 menit,D17+,2D,2026-05-17,dd18fb37-d790-4922-8a94-960fa497ac15,2026-05-17T06:21:12.613002
f54cba6d-12bb-4a6a-9311-0e0dde671251,IN THE GREY,21cineplex,,26ITGY,"Action, Thriller",97 menit,13+,2D,2026-05-17,f156a680-52f9-4b79-b353-a5eb9c895d49,2026-05-17T06:21:12.613146
f54cba6d-12bb-4a6a-9311-0e0dde671251,STAR WARS: THE MANDALORIAN AND GROGU,21cineplex,,26SWMG,"Fantasy, Sci-Fi",132 menit,13+,2D,2026-05-20,7655829c-0861-4a42-a075-34362733847e,2026-05-17T06:21:12.613220
f54cba6d-12bb-4a6a-9311-0e0dde671251,SEKAWAN LIMO 2: GUNUNG KLAWIH,21cineplex,,16SK2G,"Comedy, Horror",122 menit,13+,2D,2026-05-27,68d5c09f-6b7b-401f-ba9c-633093a64071,2026-05-17T06:21:12.613355
f54cba6d-12bb-4a6a-9311-0e0dde671251,SUAMIKU LUKAKU,21cineplex,,16SLUU,Drama,92 menit,D17+,2D,2026-05-27,3eeb53f0-3f78-463c-b925-b3cc34ba629c,2026-05-17T06:21:12.613506
666c2cc0-26b6-4ddc-bf13-3cb7b3eb7679,SEMUA AKAN BAIK-BAIK SAJA,21cineplex,,16SABB,Drama,113 menit,13+,2D,2026-05-17,3fd07efc-6168-49e9-a455-3dab048efeb0,2026-05-17T06:21:14.400947
666c2cc0-26b6-4ddc-bf13-3cb7b3eb7679,IN THE GREY,21cineplex,,26ITGY,"Action, Thriller",97 menit,13+,2D,2026-05-17,85fc0e70-a5da-44b9-a365-ae0289cd0e33,2026-05-17T06:21:14.401186
666c2cc0-26b6-4ddc-bf13-3cb7b3eb7679,THE SHEEP DETECTIVES,21cineplex,,26SDES,"Comedy, Mystery",109 menit,SU,2D,2026-05-17,2dca937c-6623-4275-aa4f-227bf7fd8c86,2026-05-17T06:21:14.401305
666c2cc0-26b6-4ddc-bf13-3cb7b3eb7679,YANG LAIN BOLEH HILANG ASAL KAU JANGAN,21cineplex,,16YLBH,Drama,113 menit,13+,2D,2026-05-17,13139f97-c568-4ab5-960e-bac7d0decda4,2026-05-17T06:21:14.401426
666c2cc0-26b6-4ddc-bf13-3cb7b3eb7679,GHOST IN THE CELL,21cineplex,,16GITC,"Comedy, Horror",106 menit,D17+,2D,2026-05-17,d0d3cd02-4457-43f6-8342-c1e66c828a52,2026-05-17T06:21:14.401512
666c2cc0-26b6-4ddc-bf13-3cb7b3eb7679,GOHAN,21cineplex,,26GOHN,Drama,140 menit,SU,2D,2026-05-17,69a66c11-551b-4201-aee5-9f18a541a3d7,2026-05-17T06:21:14.401684
666c2cc0-26b6-4ddc-bf13-3cb7b3eb7679,TUMBAL PROYEK,21cineplex,,16TPRK,Horror,106 menit,D17+,2D,2026-05-17,af2b2066-98b2-4e61-a8d9-1057f197ab1c,2026-05-17T06:21:14.401778
666c2cc0-26b6-4ddc-bf13-3cb7b3eb7679,KELUARGA SUAMI ADALAH HAMA,21cineplex,,16KSAH,Drama,117 menit,13+,2D,2026-05-21,1f20de19-055c-457d-b830-53d7d6fdb180,2026-05-17T06:21:14.401947
54bb6e85-5774-40ed-a57a-56acdae07091,SALMOKJI: WHISPERING WATER,21cineplex,,26SWWR,Horror,95 menit,D17+,2D,2026-05-17,0a27425d-7cb2-4ee8-9026-d89353007045,2026-05-17T06:21:15.617826
54bb6e85-5774-40ed-a57a-56acdae07091,THE SHEEP DETECTIVES,21cineplex,,26SDES,"Comedy, Mystery",109 menit,SU,2D,2026-05-17,6b31a8fb-e6f0-4ac1-9d28-df03e00b5da3,2026-05-17T06:21:15.618109
54bb6e85-5774-40ed-a57a-56acdae07091,MICHAEL,21cineplex,,26MICL,Biography,127 menit,SU,2D,2026-05-17,f4e7d3bd-d01b-43c2-b9b8-808f3481f1f9,2026-05-17T06:21:15.618247
54bb6e85-5774-40ed-a57a-56acdae07091,IN THE GREY,21cineplex,,26ITGY,"Action, Thriller",97 menit,13+,2D,2026-05-17,963314bb-ab17-481d-a510-d4d6ebd30f95,2026-05-17T06:21:15.618378
54bb6e85-5774-40ed-a57a-56acdae07091,FUZE,21cineplex,,26FUZE,"Action, Crime",96 menit,D17+,2D,2026-05-17,9f530083-bcb5-4274-89b9-887d56cfabb2,2026-05-17T06:21:15.618569
54bb6e85-5774-40ed-a57a-56acdae07091,GOHAN,21cineplex,,26GOHN,Drama,140 menit,SU,2D,2026-05-17,4b68ab2e-f92a-4696-9b82-6bd9889c74f0,2026-05-17T06:21:15.618652
54bb6e85-5774-40ed-a57a-56acdae07091,MORTAL KOMBAT II,21cineplex,,25MKT2,"Action, Adventure",116 menit,D17+,2D,2026-05-17,e1894ec0-7dc7-4177-85d0-0c475968827f,2026-05-17T06:21:15.618813
54bb6e85-5774-40ed-a57a-56acdae07091,SEMUA AKAN BAIK-BAIK SAJA,21cineplex,,16SABB,Drama,113 menit,13+,2D,2026-05-17,b2541e33-aeef-41e8-8f13-31ce4ed078ec,2026-05-17T06:21:15.618990
54bb6e85-5774-40ed-a57a-56acdae07091,STAR WARS: THE MANDALORIAN AND GROGU,21cineplex,,26SWMG,"Fantasy, Sci-Fi",132 menit,13+,2D,2026-05-20,5752820c-1f92-4121-9ce8-bc08d2c7af5b,2026-05-17T06:21:15.619427
7b3373e8-32b7-4b4e-839d-68ef8c48914f,TUMBAL PROYEK,21cineplex,,16TPRK,Horror,106 menit,D17+,2D,2026-05-17,5dec4f36-31f1-484c-a9ea-87d5c75d1289,2026-05-17T06:21:18.640643
7b3373e8-32b7-4b4e-839d-68ef8c48914f,TIBA TIBA SETAN,21cineplex,,16TTSN,"Comedy, Horror",113 menit,13+,2D,2026-05-17,8b7be758-3870-478b-a5fc-c73a5601f70d,2026-05-17T06:21:18.640870
7b3373e8-32b7-4b4e-839d-68ef8c48914f,"AYAH, INI ARAHNYA KEMANA, YA?",21cineplex,,16AIAK,Drama,103 menit,13+,2D,2026-05-17,9e79768d-3daf-4c93-826e-d68a08ae3abc,2026-05-17T06:21:18.640987
7b3373e8-32b7-4b4e-839d-68ef8c48914f,THE BELL: PANGGILAN UNTUK MATI,21cineplex,,16TBPU,Horror,91 menit,D17+,2D,2026-05-17,79001efd-665a-452f-82da-0c1c867a6bc3,2026-05-17T06:21:18.641098
7b3373e8-32b7-4b4e-839d-68ef8c48914f,GHOST IN THE CELL,21cineplex,,16GITC,"Comedy, Horror",106 menit,D17+,2D,2026-05-17,e64d3910-1810-4bee-b23a-1ef08005aaac,2026-05-17T06:21:18.641220
7b3373e8-32b7-4b4e-839d-68ef8c48914f,SEMUA AKAN BAIK-BAIK SAJA,21cineplex,,16SABB,Drama,113 menit,13+,2D,2026-05-17,f1e8290a-6a13-44d6-8fd4-e1dd8587561c,2026-05-17T06:21:18.641381
7b3373e8-32b7-4b4e-839d-68ef8c48914f,SALMOKJI: WHISPERING WATER,21cineplex,,26SWWR,Horror,95 menit,D17+,2D,2026-05-17,53e5f790-ee1d-48ee-ae83-3d2d0878d470,2026-05-17T06:21:18.641557
7b3373e8-32b7-4b4e-839d-68ef8c48914f,YANG LAIN BOLEH HILANG ASAL KAU JANGAN,21cineplex,,16YLBH,Drama,113 menit,13+,2D,2026-05-17,65ad45f0-ea2b-4c03-8ed3-8eb68a352f6e,2026-05-17T06:21:18.641714
7b3373e8-32b7-4b4e-839d-68ef8c48914f,GUDANG MERICA,21cineplex,,16GMEA,"Comedy, Horror",98 menit,D17+,2D,2026-05-21,a64cb3bd-050d-468d-9924-9dbba58fb701,2026-05-17T06:21:18.641915
7b3373e8-32b7-4b4e-839d-68ef8c48914f,KAMU HARUS MATI,21cineplex,,16KHMI,"Horror, Mystery, Thriller",90 menit,13+,2D,2026-05-21,fe8ffe8b-9cef-4ea0-ac58-c1869f1cc6d7,2026-05-17T06:21:18.642112
7b3373e8-32b7-4b4e-839d-68ef8c48914f,CHILDREN OF HEAVEN,21cineplex,,16COHN,"Drama, Family",97 menit,SU,2D,2026-05-27,ec522a43-64c1-4e9f-97f8-7bf35331a16a,2026-05-17T06:21:18.642312
7b3373e8-32b7-4b4e-839d-68ef8c48914f,SUAMIKU LUKAKU,21cineplex,,16SLUU,Drama,92 menit,D17+,2D,2026-05-27,99252014-9b7f-445f-983c-da60858f3601,2026-05-17T06:21:18.642498
e588a89b-5c0f-459c-b270-29a25f0f0c65,GHOST IN THE CELL,21cineplex,,16GITC,"Comedy, Horror",106 menit,D17+,2D,2026-05-17,336c2643-fb6f-4032-b09e-839ecb7fb767,2026-05-17T06:21:20.164687
e588a89b-5c0f-459c-b270-29a25f0f0c65,DILAN ITB 1997,21cineplex,,16DI97,"Drama, Romance",110 menit,13+,2D,2026-05-17,0d96d593-5732-48c8-a0af-8c71c5cb7e49,2026-05-17T06:21:20.165003
e588a89b-5c0f-459c-b270-29a25f0f0c65,IN THE GREY,21cineplex,,26ITGY,"Action, Thriller",97 menit,13+,2D,2026-05-17,2a9348c8-cae4-4663-974a-40dcbe9430fe,2026-05-17T06:21:20.165285
e588a89b-5c0f-459c-b270-29a25f0f0c65,GOHAN,21cineplex,,26GOHN,Drama,140 menit,SU,2D,2026-05-17,6890ba38-56e8-4540-b6bf-e9624fded205,2026-05-17T06:21:20.165520
e588a89b-5c0f-459c-b270-29a25f0f0c65,THE SHEEP DETECTIVES,21cineplex,,26SDES,"Comedy, Mystery",109 menit,SU,2D,2026-05-17,c259e530-1565-4ddc-ad1a-14f4d3d672ba,2026-05-17T06:21:20.165906
e588a89b-5c0f-459c-b270-29a25f0f0c65,SALMOKJI: WHISPERING WATER,21cineplex,,26SWWR,Horror,95 menit,D17+,2D,2026-05-17,a68a54b4-7e29-4b6c-9f1a-6218de1746b8,2026-05-17T06:21:20.166069
e588a89b-5c0f-459c-b270-29a25f0f0c65,SEMUA AKAN BAIK-BAIK SAJA,21cineplex,,16SABB,Drama,113 menit,13+,2D,2026-05-17,6859ba2c-ee83-4ba6-9210-201dcddae8fc,2026-05-17T06:21:20.166275
e588a89b-5c0f-459c-b270-29a25f0f0c65,BADUT GENDONG,21cineplex,,16BGEG,"Action, Horror",101 menit,D17+,2D,2026-05-20,813250ce-8e8c-4c28-8e3c-c012970e18f8,2026-05-17T06:21:20.166558
e588a89b-5c0f-459c-b270-29a25f0f0c65,STAR WARS: THE MANDALORIAN AND GROGU,21cineplex,,26SWMG,"Fantasy, Sci-Fi",132 menit,13+,2D,2026-05-20,2c3a84bd-a0b9-4542-bf6e-5b1445749e84,2026-05-17T06:21:20.166670
e588a89b-5c0f-459c-b270-29a25f0f0c65,KELUARGA SUAMI ADALAH HAMA,21cineplex,,16KSAH,Drama,117 menit,13+,2D,2026-05-21,26b5bd90-8190-4786-9773-6b5f61abc961,2026-05-17T06:21:20.166883
e588a89b-5c0f-459c-b270-29a25f0f0c65,MONSTER PABRIK RAMBUT,21cineplex,,16MPRT,"Fantasy, Horror",96 menit,D17+,2D,2026-05-23,8b6a8547-2acb-47c2-b9f3-e52c9d9d7b41,2026-05-17T06:21:20.167168
e588a89b-5c0f-459c-b270-29a25f0f0c65,CHILDREN OF HEAVEN,21cineplex,,16COHN,"Drama, Family",97 menit,SU,2D,2026-05-27,4dfe9b6a-45a4-482c-a3ce-994466cf2985,2026-05-17T06:21:20.167385
e588a89b-5c0f-459c-b270-29a25f0f0c65,SEKAWAN LIMO 2: GUNUNG KLAWIH,21cineplex,,16SK2G,"Comedy, Horror",122 menit,13+,2D,2026-05-27,146b145d-8070-4197-a6bd-85608fb27f9c,2026-05-17T06:21:20.167628
f5546edb-31f3-4cd2-b3e5-57ab974133c4,TUMBAL PROYEK,21cineplex,,16TPRK,Horror,106 menit,D17+,2D,2026-05-17,66044c22-ba3b-48be-9f17-f231996e2387,2026-05-17T06:21:21.627308
f5546edb-31f3-4cd2-b3e5-57ab974133c4,SEMUA AKAN BAIK-BAIK SAJA,21cineplex,,16SABB,Drama,113 menit,13+,2D,2026-05-17,26151b2d-8242-4648-ab43-7ba97830ecfe,2026-05-17T06:21:21.627520
f5546edb-31f3-4cd2-b3e5-57ab974133c4,THE BELL: PANGGILAN UNTUK MATI,21cineplex,,16TBPU,Horror,91 menit,D17+,2D,2026-05-17,5a4e368f-7854-4d5d-9a3d-090f034a58bd,2026-05-17T06:21:21.627754
f5546edb-31f3-4cd2-b3e5-57ab974133c4,GOHAN,21cineplex,,26GOHN,Drama,140 menit,SU,2D,2026-05-17,b2589355-49ed-4230-87f0-8bac83f404f5,2026-05-17T06:21:21.627837
f5546edb-31f3-4cd2-b3e5-57ab974133c4,GHOST IN THE CELL,21cineplex,,16GITC,"Comedy, Horror",106 menit,D17+,2D,2026-05-17,348904a2-6df8-4a5d-83d3-d5decd4a7282,2026-05-17T06:21:21.627973
f5546edb-31f3-4cd2-b3e5-57ab974133c4,KAMU HARUS MATI,21cineplex,,16KHMI,"Horror, Mystery, Thriller",90 menit,13+,2D,2026-05-21,a9bb32d9-6f66-4c72-9069-74c33cb6a844,2026-05-17T06:21:21.628080
f5546edb-31f3-4cd2-b3e5-57ab974133c4,KELUARGA SUAMI ADALAH HAMA,21cineplex,,16KSAH,Drama,117 menit,13+,2D,2026-05-21,dd9e3bda-e217-4983-bc16-1165b0dfef57,2026-05-17T06:21:21.628690
3f03b6df-6722-4794-99a6-62353aa1fcbe,SEMUA AKAN BAIK-BAIK SAJA,21cineplex,,16SABB,Drama,113 menit,13+,2D,2026-05-17,f2cf7822-0d2b-4c9b-a61d-efbbe21bbc59,2026-05-17T06:21:23.468861
3f03b6df-6722-4794-99a6-62353aa1fcbe,MORTAL KOMBAT II,21cineplex,,25MKT2,"Action, Adventure",116 menit,D17+,2D,2026-05-17,0dd6cec5-de2b-46c0-a93f-80ed5eba9be3,2026-05-17T06:21:23.469077
3f03b6df-6722-4794-99a6-62353aa1fcbe,YANG LAIN BOLEH HILANG ASAL KAU JANGAN,21cineplex,,16YLBH,Drama,113 menit,13+,2D,2026-05-17,544ff474-7fa0-41e4-919f-28439a1448e9,2026-05-17T06:21:23.469215
3f03b6df-6722-4794-99a6-62353aa1fcbe,GOHAN,21cineplex,,26GOHN,Drama,140 menit,SU,2D,2026-05-17,fbdfe8b1-1aaa-4073-893a-295b67e58304,2026-05-17T06:21:23.469320
3f03b6df-6722-4794-99a6-62353aa1fcbe,IN THE GREY,21cineplex,,26ITGY,"Action, Thriller",97 menit,13+,2D,2026-05-17,6d2097ac-cc5e-41f2-abd3-7dd3cb537c8c,2026-05-17T06:21:23.469444
3f03b6df-6722-4794-99a6-62353aa1fcbe,TUMBAL PROYEK,21cineplex,,16TPRK,Horror,106 menit,D17+,2D,2026-05-17,80f0eba1-da34-4e97-9e01-0d75b81f93ce,2026-05-17T06:21:23.469517
3f03b6df-6722-4794-99a6-62353aa1fcbe,KAMU HARUS MATI,21cineplex,,16KHMI,"Horror, Mystery, Thriller",90 menit,13+,2D,2026-05-21,072fc918-dc1c-4b5b-821e-7e846fe81600,2026-05-17T06:21:23.469643
3f03b6df-6722-4794-99a6-62353aa1fcbe,SEKAWAN LIMO 2: GUNUNG KLAWIH,21cineplex,,16SK2G,"Comedy, Horror",122 menit,13+,2D,2026-05-27,60ba71ce-63f5-4c08-854a-5987626b2d0c,2026-05-17T06:21:23.469818
1a134ca6-6a35-44e7-a8bc-231006cfb21a,GOHAN,21cineplex,,26GOHN,Drama,140 menit,SU,2D,2026-05-17,218f402b-2087-4b90-954f-cebdfb51595d,2026-05-17T06:21:24.616729
1a134ca6-6a35-44e7-a8bc-231006cfb21a,SEMUA AKAN BAIK-BAIK SAJA,21cineplex,,16SABB,Drama,113 menit,13+,2D,2026-05-17,7b3c7429-0393-4f2c-88b0-b169f5ebbbb5,2026-05-17T06:21:24.616904
1a134ca6-6a35-44e7-a8bc-231006cfb21a,TUMBAL PROYEK,21cineplex,,16TPRK,Horror,106 menit,D17+,2D,2026-05-17,3524985a-8b11-4120-9e73-484fef2af120,2026-05-17T06:21:24.617111
1a134ca6-6a35-44e7-a8bc-231006cfb21a,IN THE GREY,21cineplex,,26ITGY,"Action, Thriller",97 menit,13+,2D,2026-05-17,d1c7bbbc-e1dd-4277-8e26-79b1e5a44f1c,2026-05-17T06:21:24.617269
1a134ca6-6a35-44e7-a8bc-231006cfb21a,CHILDREN OF HEAVEN,21cineplex,,16COHN,"Drama, Family",97 menit,SU,2D,2026-05-27,90bb8531-ad29-4788-8261-271581469034,2026-05-17T06:21:24.617391
f62aeebc-8f26-422d-9b35-7bc8068bdff4,SEMUA AKAN BAIK-BAIK SAJA,21cineplex,,16SABB,Drama,113 menit,13+,2D,2026-05-17,b2aace5e-532a-4512-8dd1-b04ba5e062cf,2026-05-17T06:21:26.647897
f62aeebc-8f26-422d-9b35-7bc8068bdff4,YANG LAIN BOLEH HILANG ASAL KAU JANGAN,21cineplex,,16YLBH,Drama,113 menit,13+,2D,2026-05-17,eab910de-7e74-4472-a871-27804c889bf7,2026-05-17T06:21:26.648158
f62aeebc-8f26-422d-9b35-7bc8068bdff4,GHOST IN THE CELL,21cineplex,,16GITC,"Comedy, Horror",106 menit,D17+,2D,2026-05-17,2156f876-c49f-4a1a-b26e-e592bc58ef5a,2026-05-17T06:21:26.648352
f62aeebc-8f26-422d-9b35-7bc8068bdff4,TUMBAL PROYEK,21cineplex,,16TPRK,Horror,106 menit,D17+,2D,2026-05-17,9beb326b-9c1f-4cb2-bad8-aa0d56fb337b,2026-05-17T06:21:26.648547
f62aeebc-8f26-422d-9b35-7bc8068bdff4,KELUARGA SUAMI ADALAH HAMA,21cineplex,,16KSAH,Drama,117 menit,13+,2D,2026-05-21,e0b25a25-4814-4675-aa45-4cf79307f71f,2026-05-17T06:21:26.648728
f62aeebc-8f26-422d-9b35-7bc8068bdff4,SEKAWAN LIMO 2: GUNUNG KLAWIH,21cineplex,,16SK2G,"Comedy, Horror",122 menit,13+,2D,2026-05-27,5f7c0ad6-fead-47c5-a483-980c022f8be5,2026-05-17T06:21:26.648908
f62aeebc-8f26-422d-9b35-7bc8068bdff4,CHILDREN OF HEAVEN,21cineplex,,16COHN,"Drama, Family",97 menit,SU,2D,2026-05-27,2697f55a-b03e-4775-95b3-c8d3e11c8cf9,2026-05-17T06:21:26.649112
0938193b-61e4-4a91-a9a4-e946291fabb5,TUMBAL PROYEK,21cineplex,,16TPRK,Horror,106 menit,D17+,2D,2026-05-17,2bb8b039-408d-4c7e-8160-e6431f744a1c,2026-05-17T06:21:27.687562
0938193b-61e4-4a91-a9a4-e946291fabb5,IN THE GREY,21cineplex,,26ITGY,"Action, Thriller",97 menit,13+,2D,2026-05-17,02227e65-4e30-470d-8ab4-6a0ba995de3c,2026-05-17T06:21:27.687772
0938193b-61e4-4a91-a9a4-e946291fabb5,GOHAN,21cineplex,,26GOHN,Drama,140 menit,SU,2D,2026-05-17,c6e2e2f4-b07a-4fb6-b96f-78339d02c228,2026-05-17T06:21:27.687867
0938193b-61e4-4a91-a9a4-e946291fabb5,MORTAL KOMBAT II,21cineplex,,25MKT2,"Action, Adventure",116 menit,D17+,2D,2026-05-17,ff4032e8-6a26-4554-92ec-933a982c617e,2026-05-17T06:21:27.688021
0938193b-61e4-4a91-a9a4-e946291fabb5,SEMUA AKAN BAIK-BAIK SAJA,21cineplex,,16SABB,Drama,113 menit,13+,2D,2026-05-17,82bdc6d9-7d2a-477f-91b1-f94cad3db3d2,2026-05-17T06:21:27.688158
0938193b-61e4-4a91-a9a4-e946291fabb5,STAR WARS: THE MANDALORIAN AND GROGU,21cineplex,,26SWMG,"Fantasy, Sci-Fi",132 menit,13+,2D,2026-05-20,69cb43c9-f07c-458b-aa93-6125f9c2a4f9,2026-05-17T06:21:27.688348
0938193b-61e4-4a91-a9a4-e946291fabb5,KELUARGA SUAMI ADALAH HAMA,21cineplex,,16KSAH,Drama,117 menit,13+,2D,2026-05-21,e7aec2b1-8d63-4525-b444-44497cfc9379,2026-05-17T06:21:27.688509
0938193b-61e4-4a91-a9a4-e946291fabb5,KAMU HARUS MATI,21cineplex,,16KHMI,"Horror, Mystery, Thriller",90 menit,13+,2D,2026-05-21,58b5d87c-b1c1-45cb-9330-f4100e95dbb8,2026-05-17T06:21:27.688686
0938193b-61e4-4a91-a9a4-e946291fabb5,SEKAWAN LIMO 2: GUNUNG KLAWIH,21cineplex,,16SK2G,"Comedy, Horror",122 menit,13+,2D,2026-05-27,1d00d254-9ffe-41ba-9bea-602c87394ebc,2026-05-17T06:21:27.688914
ac130282-a991-4ed1-9b2b-bbba22e34e01,GOHAN,21cineplex,,26GOHN,Drama,140 menit,SU,2D,2026-05-17,87f61546-3260-4386-a65f-d875a4c5dcda,2026-05-17T06:21:29.184871
ac130282-a991-4ed1-9b2b-bbba22e34e01,GHOST IN THE CELL,21cineplex,,16GITC,"Comedy, Horror",106 menit,D17+,2D,2026-05-17,1197e960-fe97-43c7-8d30-3a260198fe4f,2026-05-17T06:21:29.185702
ac130282-a991-4ed1-9b2b-bbba22e34e01,SALMOKJI: WHISPERING WATER,21cineplex,,26SWWR,Horror,95 menit,D17+,2D,2026-05-17,4c34acf8-59be-4dae-b528-b7a8e2d8dfcc,2026-05-17T06:21:29.185898
ac130282-a991-4ed1-9b2b-bbba22e34e01,YANG LAIN BOLEH HILANG ASAL KAU JANGAN,21cineplex,,16YLBH,Drama,113 menit,13+,2D,2026-05-17,debb275e-d7ba-48b5-a39a-099e22a36c19,2026-05-17T06:21:29.186048
ac130282-a991-4ed1-9b2b-bbba22e34e01,SEMUA AKAN BAIK-BAIK SAJA,21cineplex,,16SABB,Drama,113 menit,13+,2D,2026-05-17,1726b149-37d8-4edd-b641-0a5bc690b566,2026-05-17T06:21:29.186229
ac130282-a991-4ed1-9b2b-bbba22e34e01,STAR WARS: THE MANDALORIAN AND GROGU,21cineplex,,26SWMG,"Fantasy, Sci-Fi",132 menit,13+,2D,2026-05-20,dc80681a-357c-4452-bffa-6a104a69eaaa,2026-05-17T06:21:29.186438
ac130282-a991-4ed1-9b2b-bbba22e34e01,KELUARGA SUAMI ADALAH HAMA,21cineplex,,16KSAH,Drama,117 menit,13+,2D,2026-05-21,403a88f0-bee4-43be-b0d6-b542aae0aa64,2026-05-17T06:21:29.186627
ac130282-a991-4ed1-9b2b-bbba22e34e01,CHILDREN OF HEAVEN,21cineplex,,16COHN,"Drama, Family",97 menit,SU,2D,2026-05-27,782be609-0bdb-4a3c-a3c4-03182fa45f4d,2026-05-17T06:21:29.186842
ac130282-a991-4ed1-9b2b-bbba22e34e01,SEKAWAN LIMO 2: GUNUNG KLAWIH,21cineplex,,16SK2G,"Comedy, Horror",122 menit,13+,2D,2026-05-27,9210f5b1-192d-4276-a478-840569466485,2026-05-17T06:21:29.187026
d7cd2e80-9442-41d6-b270-e39df6bd049b,TUMBAL PROYEK,21cineplex,,16TPRK,Horror,106 menit,D17+,2D,2026-05-17,adc3df05-4e29-461c-b8d8-dd8034f1aa86,2026-05-17T06:21:30.647638
d7cd2e80-9442-41d6-b270-e39df6bd049b,SEMUA AKAN BAIK-BAIK SAJA,21cineplex,,16SABB,Drama,113 menit,13+,2D,2026-05-17,3b97bfc8-bced-435d-a976-b294108b715f,2026-05-17T06:21:30.647826
d7cd2e80-9442-41d6-b270-e39df6bd049b,GOHAN,21cineplex,,26GOHN,Drama,140 menit,SU,2D,2026-05-17,653bab9f-a2f9-496b-a3ba-7ca645981669,2026-05-17T06:21:30.648006
d7cd2e80-9442-41d6-b270-e39df6bd049b,YANG LAIN BOLEH HILANG ASAL KAU JANGAN,21cineplex,,16YLBH,Drama,113 menit,13+,2D,2026-05-17,c87f8fe1-2f2b-4ffb-8ac5-52475daa3e9c,2026-05-17T06:21:30.648112
d7cd2e80-9442-41d6-b270-e39df6bd049b,GHOST IN THE CELL,21cineplex,,16GITC,"Comedy, Horror",106 menit,D17+,2D,2026-05-17,4ece4884-eba8-444b-8d94-46d3341c5976,2026-05-17T06:21:30.648202
d7cd2e80-9442-41d6-b270-e39df6bd049b,KAMU HARUS MATI,21cineplex,,16KHMI,"Horror, Mystery, Thriller",90 menit,13+,2D,2026-05-21,56dd2d0f-e642-469a-97ed-9a744a8fd4d7,2026-05-17T06:21:30.648355
d7cd2e80-9442-41d6-b270-e39df6bd049b,SUAMIKU LUKAKU,21cineplex,,16SLUU,Drama,92 menit,D17+,2D,2026-05-27,0c46fa31-9b77-4771-9dd5-8cff8ee78845,2026-05-17T06:21:30.648566
ca6431d5-3e2d-48e6-b687-f612f7987614,IN THE GREY,21cineplex,,26ITGY,"Action, Thriller",97 menit,13+,2D,2026-05-17,6444f035-54e5-4d7c-b706-ce3cacab1d5f,2026-05-17T06:21:32.410141
ca6431d5-3e2d-48e6-b687-f612f7987614,SEMUA AKAN BAIK-BAIK SAJA,21cineplex,,16SABB,Drama,113 menit,13+,2D,2026-05-17,b41c613f-a341-479c-a5c6-240b0f168a51,2026-05-17T06:21:32.410243
ca6431d5-3e2d-48e6-b687-f612f7987614,YANG LAIN BOLEH HILANG ASAL KAU JANGAN,21cineplex,,16YLBH,Drama,113 menit,13+,2D,2026-05-17,6ae2515e-0ff2-422a-9143-f6e3c1d07017,2026-05-17T06:21:32.410376
ca6431d5-3e2d-48e6-b687-f612f7987614,TUMBAL PROYEK,21cineplex,,16TPRK,Horror,106 menit,D17+,2D,2026-05-17,d4c31e39-8ecb-4ca4-aea0-7dd6b41807b1,2026-05-17T06:21:32.410462
ca6431d5-3e2d-48e6-b687-f612f7987614,THE BELL: PANGGILAN UNTUK MATI,21cineplex,,16TBPU,Horror,91 menit,D17+,2D,2026-05-17,018f6903-749d-4b74-b0c9-f826d6bad4c3,2026-05-17T06:21:32.410562
ca6431d5-3e2d-48e6-b687-f612f7987614,GHOST IN THE CELL,21cineplex,,16GITC,"Comedy, Horror",106 menit,D17+,2D,2026-05-17,0d8154b9-d959-49d0-bffe-8f86cde51e61,2026-05-17T06:21:32.410641
ca6431d5-3e2d-48e6-b687-f612f7987614,SUAMIKU LUKAKU,21cineplex,,16SLUU,Drama,92 menit,D17+,2D,2026-05-27,699e40c6-f6da-47c6-a44b-bbb328ed0964,2026-05-17T06:21:32.410705
ca6431d5-3e2d-48e6-b687-f612f7987614,CHILDREN OF HEAVEN,21cineplex,,16COHN,"Drama, Family",97 menit,SU,2D,2026-05-27,48524cc3-6b23-4ef5-9acb-fd1c67af748d,2026-05-17T06:21:32.410820
1f27eb85-de23-4c68-8615-4184301e55de,IN THE GREY,21cineplex,,26ITGY,"Action, Thriller",97 menit,13+,2D,2026-05-17,1e4769ba-cb25-4bed-8883-ac5b15229d30,2026-05-17T06:21:33.658598
1f27eb85-de23-4c68-8615-4184301e55de,MORTAL KOMBAT II,21cineplex,,25MKT2,"Action, Adventure",116 menit,D17+,2D,2026-05-17,c6d1b0db-b38f-43fd-9253-9a67d8168ddd,2026-05-17T06:21:33.658790
1f27eb85-de23-4c68-8615-4184301e55de,GOHAN,21cineplex,,26GOHN,Drama,140 menit,SU,2D,2026-05-17,6d2d9ef5-cb75-4281-8968-2ed8c82d45bf,2026-05-17T06:21:33.658919
1f27eb85-de23-4c68-8615-4184301e55de,GHOST IN THE CELL,21cineplex,,16GITC,"Comedy, Horror",106 menit,D17+,2D,2026-05-17,2bb8fde9-843f-4cf2-b483-f4622bd3709c,2026-05-17T06:21:33.659128
1f27eb85-de23-4c68-8615-4184301e55de,STAR WARS: THE MANDALORIAN AND GROGU,21cineplex,,26SWMG,"Fantasy, Sci-Fi",132 menit,13+,2D,2026-05-20,51120883-baf4-41e9-9a21-add0a8b9c946,2026-05-17T06:21:33.659300
211a4928-91ee-45da-8733-d1673cf6ec16,GOHAN,21cineplex,,26GOHN,Drama,140 menit,SU,2D,2026-05-17,6b6edef2-b8cb-4aec-9db3-d376e6c25ea4,2026-05-17T06:21:35.399902
211a4928-91ee-45da-8733-d1673cf6ec16,FUZE,21cineplex,,26FUZE,"Action, Crime",96 menit,D17+,2D,2026-05-17,145c9f05-a304-44b6-a826-10612e14d7e0,2026-05-17T06:21:35.400049
211a4928-91ee-45da-8733-d1673cf6ec16,MORTAL KOMBAT II,21cineplex,,25MKT2,"Action, Adventure",116 menit,D17+,2D,2026-05-17,28856c3b-1a3d-4f6a-8e36-0c608443d2f3,2026-05-17T06:21:35.400116
211a4928-91ee-45da-8733-d1673cf6ec16,MICHAEL,21cineplex,,26MICL,Biography,127 menit,SU,2D,2026-05-17,b3c3e076-d8dc-4837-8700-27672cc9ae0d,2026-05-17T06:21:35.400197
211a4928-91ee-45da-8733-d1673cf6ec16,THE SHEEP DETECTIVES,21cineplex,,26SDES,"Comedy, Mystery",109 menit,SU,2D,2026-05-17,d684ce9c-4df6-4566-ad8f-26ee75d2d154,2026-05-17T06:21:35.400263
211a4928-91ee-45da-8733-d1673cf6ec16,IN THE GREY,21cineplex,,26ITGY,"Action, Thriller",97 menit,13+,2D,2026-05-17,9b1d6934-2f64-49f8-9509-f4fec80501cd,2026-05-17T06:21:35.400313
211a4928-91ee-45da-8733-d1673cf6ec16,STAR WARS: THE MANDALORIAN AND GROGU,21cineplex,,26SWMG,"Fantasy, Sci-Fi",132 menit,13+,2D,2026-05-20,bf9cbc4a-8291-4858-8c9b-b55f55192cde,2026-05-17T06:21:35.400396
d70199e2-7bf2-4ffa-81c1-4efa745bf2f8,SEMUA AKAN BAIK-BAIK SAJA,21cineplex,,16SABB,Drama,113 menit,13+,2D,2026-05-17,00b27a2c-b14d-453e-b676-15a46164e370,2026-05-17T06:21:38.373394
d70199e2-7bf2-4ffa-81c1-4efa745bf2f8,MORTAL KOMBAT II,21cineplex,,25MKT2,"Action, Adventure",116 menit,D17+,2D,2026-05-17,81930deb-9fa3-47a8-aa95-7ff73654eaec,2026-05-17T06:21:38.373616
7c5d9972-24ee-4604-b07c-d0ea386a3dc2,GOHAN,21cineplex,,26GOHN,Drama,140 menit,SU,2D,2026-05-17,8a1d8880-f2de-48e3-8268-88c35cc977ff,2026-05-17T06:21:39.666581
7c5d9972-24ee-4604-b07c-d0ea386a3dc2,SEMUA AKAN BAIK-BAIK SAJA,21cineplex,,16SABB,Drama,113 menit,13+,2D,2026-05-17,e3c1d7a8-3514-4623-a2a5-d92234a3468c,2026-05-17T06:21:39.666696
7c5d9972-24ee-4604-b07c-d0ea386a3dc2,GHOST IN THE CELL,21cineplex,,16GITC,"Comedy, Horror",106 menit,D17+,2D,2026-05-17,c4dec9b3-1b36-468c-8eaa-77bb92b09f84,2026-05-17T06:21:39.666807
7c5d9972-24ee-4604-b07c-d0ea386a3dc2,IN THE GREY,21cineplex,,26ITGY,"Action, Thriller",97 menit,13+,2D,2026-05-17,0d64a7af-0396-4eb6-8bcd-1c04cb41ffc9,2026-05-17T06:21:39.666914
7c5d9972-24ee-4604-b07c-d0ea386a3dc2,THE DEVIL WEARS PRADA 2,21cineplex,,26DWP2,"Comedy, Drama",119 menit,13+,2D,2026-05-17,377af053-037e-4ad7-8e4b-99d6628bd978,2026-05-17T06:21:39.667005
7c5d9972-24ee-4604-b07c-d0ea386a3dc2,STAR WARS: THE MANDALORIAN AND GROGU,21cineplex,,26SWMG,"Fantasy, Sci-Fi",132 menit,13+,2D,2026-05-20,e59efc0f-8e4f-4ce5-a74e-1ee1bcda4a6b,2026-05-17T06:21:39.667105
7c5d9972-24ee-4604-b07c-d0ea386a3dc2,KELUARGA SUAMI ADALAH HAMA,21cineplex,,16KSAH,Drama,117 menit,13+,2D,2026-05-21,885aa452-d8f7-4ce9-a93d-05060567acc7,2026-05-17T06:21:39.667188
7c5d9972-24ee-4604-b07c-d0ea386a3dc2,SEKAWAN LIMO 2: GUNUNG KLAWIH,21cineplex,,16SK2G,"Comedy, Horror",122 menit,13+,2D,2026-05-27,890690fb-b55c-4634-ba12-b6f034883591,2026-05-17T06:21:39.667283
7ea87744-7c2e-4031-841c-5af3938927d1,TOP GUN: MAVERICK (RE-RELEASE),21cineplex,,26TGMK,Action,130 menit,SU,2D,2026-05-17,487555c6-98a2-4459-b05c-a5bb6fa8d99f,2026-05-17T06:21:44.401522
7ea87744-7c2e-4031-841c-5af3938927d1,YANG LAIN BOLEH HILANG ASAL KAU JANGAN,21cineplex,,16YLBH,Drama,113 menit,13+,2D,2026-05-17,9c06771a-8add-4ee4-889e-3fca5cad792d,2026-05-17T06:21:44.401618
7ea87744-7c2e-4031-841c-5af3938927d1,TUMBAL PROYEK,21cineplex,,16TPRK,Horror,106 menit,D17+,2D,2026-05-17,01d329c8-f15a-4dac-94cd-6fd2e2fb3894,2026-05-17T06:21:44.401728
7ea87744-7c2e-4031-841c-5af3938927d1,TOP GUN (RE-RELEASE),21cineplex,,26TGUN,Action,109 menit,D17+,2D,2026-05-17,fc28c8cb-6164-478e-87f6-e46fb58ab678,2026-05-17T06:21:44.401842
7ea87744-7c2e-4031-841c-5af3938927d1,SEMUA AKAN BAIK-BAIK SAJA,21cineplex,,16SABB,Drama,113 menit,13+,2D,2026-05-17,6d5d64c0-cfca-4764-b9de-d1c6d0448587,2026-05-17T06:21:44.401898
7ea87744-7c2e-4031-841c-5af3938927d1,MORTAL KOMBAT II,21cineplex,,25MKT2,"Action, Adventure",116 menit,D17+,2D,2026-05-17,fb781943-4345-4072-b22d-a84eb14a7813,2026-05-17T06:21:44.402016
7ea87744-7c2e-4031-841c-5af3938927d1,IN THE GREY,21cineplex,,26ITGY,"Action, Thriller",97 menit,13+,2D,2026-05-17,50c6ee0a-7638-4f37-9497-c95b731ee633,2026-05-17T06:21:44.402099
7ea87744-7c2e-4031-841c-5af3938927d1,GHOST IN THE CELL,21cineplex,,16GITC,"Comedy, Horror",106 menit,D17+,2D,2026-05-17,2ed3374f-a9a2-4d8a-aa04-77417be3a665,2026-05-17T06:21:44.402177
7ea87744-7c2e-4031-841c-5af3938927d1,GOHAN,21cineplex,,26GOHN,Drama,140 menit,SU,2D,2026-05-17,80f6f3e1-8a48-4981-ac9f-0f73124abb34,2026-05-17T06:21:44.402279
7ea87744-7c2e-4031-841c-5af3938927d1,KELUARGA SUAMI ADALAH HAMA,21cineplex,,16KSAH,Drama,117 menit,13+,2D,2026-05-21,a635012a-217e-425f-906d-3285b0891585,2026-05-17T06:21:44.402377
7ea87744-7c2e-4031-841c-5af3938927d1,CHILDREN OF HEAVEN,21cineplex,,16COHN,"Drama, Family",97 menit,SU,2D,2026-05-27,a9156b1b-4e45-4bc2-aee5-17a3efe158df,2026-05-17T06:21:44.402477
7ea87744-7c2e-4031-841c-5af3938927d1,SEKAWAN LIMO 2: GUNUNG KLAWIH,21cineplex,,16SK2G,"Comedy, Horror",122 menit,13+,2D,2026-05-27,391d55f5-2476-4cbd-ba79-df5118596356,2026-05-17T06:21:44.402582
95a7096c-0ccd-4e29-8309-11c91f0b20f6,GOHAN,21cineplex,,26GOHN,Drama,140 menit,SU,2D,2026-05-17,314dac61-e611-4356-806c-7db8e6f6dc23,2026-05-17T06:21:45.667242
95a7096c-0ccd-4e29-8309-11c91f0b20f6,MORTAL KOMBAT II,21cineplex,,25MKT2,"Action, Adventure",116 menit,D17+,2D,2026-05-17,6c60295b-0154-471b-9eb0-fd40cb96b27a,2026-05-17T06:21:45.667401
95a7096c-0ccd-4e29-8309-11c91f0b20f6,SEMUA AKAN BAIK-BAIK SAJA,21cineplex,,16SABB,Drama,113 menit,13+,2D,2026-05-17,1e2e963d-9cd7-436d-9314-a1ca110f8a43,2026-05-17T06:21:45.667527
95a7096c-0ccd-4e29-8309-11c91f0b20f6,GHOST IN THE CELL,21cineplex,,16GITC,"Comedy, Horror",106 menit,D17+,2D,2026-05-17,f626cb2d-c214-4788-b58d-dffd12941363,2026-05-17T06:21:45.667681
95a7096c-0ccd-4e29-8309-11c91f0b20f6,TUMBAL PROYEK,21cineplex,,16TPRK,Horror,106 menit,D17+,2D,2026-05-17,b1fac64e-4335-45dc-beb3-0163b410eb89,2026-05-17T06:21:45.667745
95a7096c-0ccd-4e29-8309-11c91f0b20f6,STAR WARS: THE MANDALORIAN AND GROGU,21cineplex,,26SWMG,"Fantasy, Sci-Fi",132 menit,13+,2D,2026-05-20,3626a961-e01f-4405-848c-ed1910c27f77,2026-05-17T06:21:45.667875
95a7096c-0ccd-4e29-8309-11c91f0b20f6,KELUARGA SUAMI ADALAH HAMA,21cineplex,,16KSAH,Drama,117 menit,13+,2D,2026-05-21,44b5b3a0-12a6-4ca0-89ed-0352dfe7d4ce,2026-05-17T06:21:45.667985
95a7096c-0ccd-4e29-8309-11c91f0b20f6,SEKAWAN LIMO 2: GUNUNG KLAWIH,21cineplex,,16SK2G,"Comedy, Horror",122 menit,13+,2D,2026-05-27,0455d323-a5bb-45dc-be74-1ce7cedea9ef,2026-05-17T06:21:45.668132
51a14f5c-56a4-4b33-9952-a6500e9b5fe5,TUMBAL PROYEK,21cineplex,,16TPRK,Horror,106 menit,D17+,2D,2026-05-17,2e1bc622-0a20-4915-bfe8-33cacaf83302,2026-05-17T06:21:47.377937
51a14f5c-56a4-4b33-9952-a6500e9b5fe5,SALMOKJI: WHISPERING WATER,21cineplex,,26SWWR,Horror,95 menit,D17+,2D,2026-05-17,ab524f06-5fc8-46f3-a405-b320b720a5c0,2026-05-17T06:21:47.378024
51a14f5c-56a4-4b33-9952-a6500e9b5fe5,GHOST IN THE CELL,21cineplex,,16GITC,"Comedy, Horror",106 menit,D17+,2D,2026-05-17,de13b14d-7bbd-409e-9b32-9a6a51578cae,2026-05-17T06:21:47.378108
51a14f5c-56a4-4b33-9952-a6500e9b5fe5,CROCODILE TEARS,21cineplex,,16CTES,Drama,98 menit,D17+,2D,2026-05-17,58e886a8-6c20-4447-ae35-c559317d6f1d,2026-05-17T06:21:47.378192
51a14f5c-56a4-4b33-9952-a6500e9b5fe5,CHILDREN OF HEAVEN,21cineplex,,16COHN,"Drama, Family",97 menit,SU,2D,2026-05-17,34383ea1-39ef-4af4-80c0-60d7de1224d4,2026-05-17T06:21:47.378268
51a14f5c-56a4-4b33-9952-a6500e9b5fe5,GOHAN,21cineplex,,26GOHN,Drama,140 menit,SU,2D,2026-05-17,87bbd38c-7994-42cf-83d1-2c4acea96556,2026-05-17T06:21:47.378299
51a14f5c-56a4-4b33-9952-a6500e9b5fe5,YANG LAIN BOLEH HILANG ASAL KAU JANGAN,21cineplex,,16YLBH,Drama,113 menit,13+,2D,2026-05-17,4ad54393-2838-4ced-9a0a-7ade15b0e024,2026-05-17T06:21:47.378353
51a14f5c-56a4-4b33-9952-a6500e9b5fe5,SEMUA AKAN BAIK-BAIK SAJA,21cineplex,,16SABB,Drama,113 menit,13+,2D,2026-05-17,794dbdda-dad5-4968-9258-476407a92df8,2026-05-17T06:21:47.378410
51a14f5c-56a4-4b33-9952-a6500e9b5fe5,STAR WARS: THE MANDALORIAN AND GROGU,21cineplex,,26SWMG,"Fantasy, Sci-Fi",132 menit,13+,2D,2026-05-20,2fdcf3cf-ee23-40fa-8a93-ebdec510922c,2026-05-17T06:21:47.378497
51a14f5c-56a4-4b33-9952-a6500e9b5fe5,KELUARGA SUAMI ADALAH HAMA,21cineplex,,16KSAH,Drama,117 menit,13+,2D,2026-05-21,85eeef20-99e7-40ed-a526-e05502f06ad8,2026-05-17T06:21:47.378546
51a14f5c-56a4-4b33-9952-a6500e9b5fe5,SUAMIKU LUKAKU,21cineplex,,16SLUU,Drama,92 menit,D17+,2D,2026-05-27,a7689755-dee7-4081-9a4d-229602124e6a,2026-05-17T06:21:47.378722
51a14f5c-56a4-4b33-9952-a6500e9b5fe5,CHILDREN OF HEAVEN,21cineplex,,16COHN,"Drama, Family",97 menit,SU,2D,2026-05-27,97927699-eb5c-431b-96a8-796d7dd91826,2026-05-17T06:21:47.378795
51a14f5c-56a4-4b33-9952-a6500e9b5fe5,SEKAWAN LIMO 2: GUNUNG KLAWIH,21cineplex,,16SK2G,"Comedy, Horror",122 menit,13+,2D,2026-05-27,26e65bb7-2a94-4b37-96df-91cd280d08db,2026-05-17T06:21:47.379137
803a26e7-953f-469e-98df-54121e853753,GHOST IN THE CELL,21cineplex,,16GITC,"Comedy, Horror",106 menit,D17+,2D,2026-05-17,55835140-74c1-4c69-a3cd-8e31b6ba12c8,2026-05-17T06:21:48.720595
803a26e7-953f-469e-98df-54121e853753,YANG LAIN BOLEH HILANG ASAL KAU JANGAN,21cineplex,,16YLBH,Drama,113 menit,13+,2D,2026-05-17,54523a50-1178-4e43-bd9c-266b2f4f0736,2026-05-17T06:21:48.720894
803a26e7-953f-469e-98df-54121e853753,TUMBAL PROYEK,21cineplex,,16TPRK,Horror,106 menit,D17+,2D,2026-05-17,605ecd67-d4a3-4184-b229-a385f83d022c,2026-05-17T06:21:48.721011
803a26e7-953f-469e-98df-54121e853753,SEMUA AKAN BAIK-BAIK SAJA,21cineplex,,16SABB,Drama,113 menit,13+,2D,2026-05-17,a4dafc17-503e-4f87-8273-5b9672d0cb92,2026-05-17T06:21:48.721078
803a26e7-953f-469e-98df-54121e853753,IN THE GREY,21cineplex,,26ITGY,"Action, Thriller",97 menit,13+,2D,2026-05-17,14e27969-0d34-463a-b590-9241cc869f7d,2026-05-17T06:21:48.721220
803a26e7-953f-469e-98df-54121e853753,GOHAN,21cineplex,,26GOHN,Drama,140 menit,SU,2D,2026-05-17,1ccf29e2-38eb-4767-bd2c-00140a3cd8cf,2026-05-17T06:21:48.721270
803a26e7-953f-469e-98df-54121e853753,KELUARGA SUAMI ADALAH HAMA,21cineplex,,16KSAH,Drama,117 menit,13+,2D,2026-05-21,1a9f6b74-7245-4ca0-8ff8-552c6cb8bef1,2026-05-17T06:21:48.721303
803a26e7-953f-469e-98df-54121e853753,SEKAWAN LIMO 2: GUNUNG KLAWIH,21cineplex,,16SK2G,"Comedy, Horror",122 menit,13+,2D,2026-05-27,e91441f5-5730-4f4d-a527-b0449e300d70,2026-05-17T06:21:48.721384
adb2e844-3978-4c80-868d-0552ee1facb0,THE DEVIL WEARS PRADA 2,21cineplex,,26DWP2,"Comedy, Drama",119 menit,13+,2D,2026-05-17,1886f281-7dab-4817-892d-ad10e0c8f3de,2026-05-17T06:21:50.426939
adb2e844-3978-4c80-868d-0552ee1facb0,GOHAN,21cineplex,,26GOHN,Drama,140 menit,SU,2D,2026-05-17,ad939ef0-a740-4155-a269-64a61183c751,2026-05-17T06:21:50.427076
adb2e844-3978-4c80-868d-0552ee1facb0,GHOST IN THE CELL,21cineplex,,16GITC,"Comedy, Horror",106 menit,D17+,2D,2026-05-17,1383c5a3-8618-4385-8d4d-57d117b07f19,2026-05-17T06:21:50.427156
adb2e844-3978-4c80-868d-0552ee1facb0,MICHAEL,21cineplex,,26MICL,Biography,127 menit,SU,2D,2026-05-17,b8917aa5-0fc3-4c34-8aaf-721196cd6eef,2026-05-17T06:21:50.427287
adb2e844-3978-4c80-868d-0552ee1facb0,PATI PATNI AUR WOH DO,21cineplex,,26PPAW,"Comedy, Romance",115 menit,D17+,2D,2026-05-17,e239e593-f432-45f6-b283-a6aef4fc8381,2026-05-17T06:21:50.427373
adb2e844-3978-4c80-868d-0552ee1facb0,FUZE,21cineplex,,26FUZE,"Action, Crime",96 menit,D17+,2D,2026-05-17,8cdd5bcd-f588-4ed5-8140-bb273a1fef27,2026-05-17T06:21:50.427445
adb2e844-3978-4c80-868d-0552ee1facb0,SEMUA AKAN BAIK-BAIK SAJA,21cineplex,,16SABB,Drama,113 menit,13+,2D,2026-05-17,3d182b1c-9bf1-4e36-9d51-773568c9376c,2026-05-17T06:21:50.427524
adb2e844-3978-4c80-868d-0552ee1facb0,IN THE GREY,21cineplex,,26ITGY,"Action, Thriller",97 menit,13+,2D,2026-05-17,a87adbf6-2434-4f3c-bd0c-8a2401a9c088,2026-05-17T06:21:50.427682
adb2e844-3978-4c80-868d-0552ee1facb0,TUMBAL PROYEK,21cineplex,,16TPRK,Horror,106 menit,D17+,2D,2026-05-17,f41bf0d3-fea7-4d4e-b45f-6a9879d24775,2026-05-17T06:21:50.427754
adb2e844-3978-4c80-868d-0552ee1facb0,THE SHEEP DETECTIVES,21cineplex,,26SDES,"Comedy, Mystery",109 menit,SU,2D,2026-05-17,48a49db7-f18d-4ffd-bc61-0b0ef366635e,2026-05-17T06:21:50.427827
adb2e844-3978-4c80-868d-0552ee1facb0,MORTAL KOMBAT II,21cineplex,,25MKT2,"Action, Adventure",116 menit,D17+,2D,2026-05-17,8286e3d6-75aa-4e40-affd-874eeefc427c,2026-05-17T06:21:50.427880
adb2e844-3978-4c80-868d-0552ee1facb0,SALMOKJI: WHISPERING WATER,21cineplex,,26SWWR,Horror,95 menit,D17+,2D,2026-05-17,d21bdd2a-d1b6-418f-ae1a-268010996465,2026-05-17T06:21:50.427940
adb2e844-3978-4c80-868d-0552ee1facb0,STAR WARS: THE MANDALORIAN AND GROGU,21cineplex,,26SWMG,"Fantasy, Sci-Fi",132 menit,13+,2D,2026-05-20,d5ed68e9-712e-454f-9c46-d7b986a74e7a,2026-05-17T06:21:50.427990
adb2e844-3978-4c80-868d-0552ee1facb0,KELUARGA SUAMI ADALAH HAMA,21cineplex,,16KSAH,Drama,117 menit,13+,2D,2026-05-21,d9357e14-fcc2-4cda-9e20-c18a4fd14b11,2026-05-17T06:21:50.428501
adb2e844-3978-4c80-868d-0552ee1facb0,KAMU HARUS MATI,21cineplex,,16KHMI,"Horror, Mystery, Thriller",90 menit,13+,2D,2026-05-21,49a607e2-6d8b-41ec-8ff9-5fb10240377c,2026-05-17T06:21:50.429490
adb2e844-3978-4c80-868d-0552ee1facb0,SEKAWAN LIMO 2: GUNUNG KLAWIH,21cineplex,,16SK2G,"Comedy, Horror",122 menit,13+,2D,2026-05-27,8cab67c2-1b0c-4220-8077-8920dfb1f88a,2026-05-17T06:21:50.429594
a65a134b-c736-4a2a-aefc-c59990c72fb0,GOHAN,21cineplex,,26GOHN,Drama,140 menit,SU,2D,2026-05-17,08e36b53-b965-4155-95be-cb89fd7ffaa8,2026-05-17T06:21:54.717773
a65a134b-c736-4a2a-aefc-c59990c72fb0,THE DEVIL WEARS PRADA 2,21cineplex,,26DWP2,"Comedy, Drama",119 menit,13+,2D,2026-05-17,9cc83809-eb7b-449b-8184-2c9f4e26814c,2026-05-17T06:21:54.718086
a65a134b-c736-4a2a-aefc-c59990c72fb0,THE SHEEP DETECTIVES,21cineplex,,26SDES,"Comedy, Mystery",109 menit,SU,2D,2026-05-17,6b217f36-7dda-43c5-af56-42cceb8c4786,2026-05-17T06:21:54.718312
a65a134b-c736-4a2a-aefc-c59990c72fb0,SEMUA AKAN BAIK-BAIK SAJA,21cineplex,,16SABB,Drama,113 menit,13+,2D,2026-05-17,c57eee05-1378-4760-9eab-80d180d7eba9,2026-05-17T06:21:54.718466
a65a134b-c736-4a2a-aefc-c59990c72fb0,MICHAEL,21cineplex,,26MICL,Biography,127 menit,SU,2D,2026-05-17,540d855b-677f-48fe-a4ef-7aa742462025,2026-05-17T06:21:54.718772
a65a134b-c736-4a2a-aefc-c59990c72fb0,TUMBAL PROYEK,21cineplex,,16TPRK,Horror,106 menit,D17+,2D,2026-05-17,2f6ab49c-1b84-47f2-83c1-964e6e289403,2026-05-17T06:21:54.718946
a65a134b-c736-4a2a-aefc-c59990c72fb0,IN THE GREY,21cineplex,,26ITGY,"Action, Thriller",97 menit,13+,2D,2026-05-17,eda61244-09f0-4c17-aec5-5d8767a76a08,2026-05-17T06:21:54.719119
a65a134b-c736-4a2a-aefc-c59990c72fb0,SALMOKJI: WHISPERING WATER,21cineplex,,26SWWR,Horror,95 menit,D17+,2D,2026-05-17,2272e93e-6510-40a2-b979-953589cc9e25,2026-05-17T06:21:54.719210
a65a134b-c736-4a2a-aefc-c59990c72fb0,STAR WARS: THE MANDALORIAN AND GROGU,21cineplex,,26SWMG,"Fantasy, Sci-Fi",132 menit,13+,2D,2026-05-20,3d076127-3207-43c7-991c-83f709bf01a5,2026-05-17T06:21:54.719358
a65a134b-c736-4a2a-aefc-c59990c72fb0,SEKAWAN LIMO 2: GUNUNG KLAWIH,21cineplex,,16SK2G,"Comedy, Horror",122 menit,13+,2D,2026-05-27,05195797-b025-426f-a118-85f542ccc114,2026-05-17T06:21:54.719535
7fdbf564-152e-4be2-b85b-fe13e1dd5995,GOHAN,21cineplex,,26GOHN,Drama,140 menit,SU,2D,2026-05-17,1373511e-6b00-4dbf-90e9-59e805147f43,2026-05-17T06:21:57.708995
7fdbf564-152e-4be2-b85b-fe13e1dd5995,IN THE GREY,21cineplex,,26ITGY,"Action, Thriller",97 menit,13+,2D,2026-05-17,2521c1b4-0ea0-4207-9be8-c70fbb07e33b,2026-05-17T06:21:57.709080
7fdbf564-152e-4be2-b85b-fe13e1dd5995,SEMUA AKAN BAIK-BAIK SAJA,21cineplex,,16SABB,Drama,113 menit,13+,2D,2026-05-17,0fb9f6f2-a697-40e4-ade3-45570b7e3149,2026-05-17T06:21:57.709114
7fdbf564-152e-4be2-b85b-fe13e1dd5995,GHOST IN THE CELL,21cineplex,,16GITC,"Comedy, Horror",106 menit,D17+,2D,2026-05-17,9c564c8a-c8ad-473a-bde6-0f9b3fb970d0,2026-05-17T06:21:57.709197
7fdbf564-152e-4be2-b85b-fe13e1dd5995,TUMBAL PROYEK,21cineplex,,16TPRK,Horror,106 menit,D17+,2D,2026-05-17,f47356ae-d118-4faf-853b-6bf051650231,2026-05-17T06:21:57.709245
7fdbf564-152e-4be2-b85b-fe13e1dd5995,MORTAL KOMBAT II,21cineplex,,25MKT2,"Action, Adventure",116 menit,D17+,2D,2026-05-17,d34f0c6b-fdda-4e8a-8b81-f33f71b3f53b,2026-05-17T06:21:57.709295
7fdbf564-152e-4be2-b85b-fe13e1dd5995,THE DEVIL WEARS PRADA 2,21cineplex,,26DWP2,"Comedy, Drama",119 menit,13+,2D,2026-05-17,349dc1bf-aa38-432a-b785-54ad1643af77,2026-05-17T06:21:57.709358
7fdbf564-152e-4be2-b85b-fe13e1dd5995,DILAN ITB 1997,21cineplex,,16DI97,"Drama, Romance",110 menit,13+,2D,2026-05-17,1706b15f-718b-4535-921b-8b2169ae6fe7,2026-05-17T06:21:57.709402
7fdbf564-152e-4be2-b85b-fe13e1dd5995,STAR WARS: THE MANDALORIAN AND GROGU,21cineplex,,26SWMG,"Fantasy, Sci-Fi",132 menit,13+,2D,2026-05-20,413bd2c1-8be8-44f3-954d-20c60d6dc483,2026-05-17T06:21:57.709440
7fdbf564-152e-4be2-b85b-fe13e1dd5995,KELUARGA SUAMI ADALAH HAMA,21cineplex,,16KSAH,Drama,117 menit,13+,2D,2026-05-21,de46d981-62a6-40fe-a27a-133c89c95585,2026-05-17T06:21:57.709493
7fdbf564-152e-4be2-b85b-fe13e1dd5995,KAMU HARUS MATI,21cineplex,,16KHMI,"Horror, Mystery, Thriller",90 menit,13+,2D,2026-05-21,9111266f-e00b-42d5-a786-bbb30cd507fa,2026-05-17T06:21:57.709548
7fdbf564-152e-4be2-b85b-fe13e1dd5995,CHILDREN OF HEAVEN,21cineplex,,16COHN,"Drama, Family",97 menit,SU,2D,2026-05-27,52ee309e-7413-4334-a750-1fbb02337e01,2026-05-17T06:21:57.709617
7fdbf564-152e-4be2-b85b-fe13e1dd5995,SEKAWAN LIMO 2: GUNUNG KLAWIH,21cineplex,,16SK2G,"Comedy, Horror",122 menit,13+,2D,2026-05-27,ccf66088-a036-4345-af19-06409473a995,2026-05-17T06:21:57.709683
fe396434-03b0-451d-bdee-c75b3a2f4cd7,TUMBAL PROYEK,21cineplex,,16TPRK,Horror,106 menit,D17+,2D,2026-05-17,73a91b70-5996-461a-8a67-2b4c898258d9,2026-05-17T06:22:00.703029
fe396434-03b0-451d-bdee-c75b3a2f4cd7,GHOST IN THE CELL,21cineplex,,16GITC,"Comedy, Horror",106 menit,D17+,2D,2026-05-17,e530a5f8-c617-45ab-bece-8c00bd4109dc,2026-05-17T06:22:00.703247
fe396434-03b0-451d-bdee-c75b3a2f4cd7,YANG LAIN BOLEH HILANG ASAL KAU JANGAN,21cineplex,,16YLBH,Drama,113 menit,13+,2D,2026-05-17,9eff1116-5eac-40c6-afd4-f29c3b597f94,2026-05-17T06:22:00.703368
fe396434-03b0-451d-bdee-c75b3a2f4cd7,SEMUA AKAN BAIK-BAIK SAJA,21cineplex,,16SABB,Drama,113 menit,13+,2D,2026-05-17,de8a3ba7-675e-4b87-a586-996ce06a48e5,2026-05-17T06:22:00.703546
fe396434-03b0-451d-bdee-c75b3a2f4cd7,DILAN ITB 1997,21cineplex,,16DI97,"Drama, Romance",110 menit,13+,2D,2026-05-17,20e6c5aa-a160-4fef-8e75-71d4de117c51,2026-05-17T06:22:00.703724
fe396434-03b0-451d-bdee-c75b3a2f4cd7,SUAMIKU LUKAKU,21cineplex,,16SLUU,Drama,92 menit,D17+,2D,2026-05-27,c207b8f2-8cf5-49f6-ac69-3f53312e5d17,2026-05-17T06:22:00.703819
fe396434-03b0-451d-bdee-c75b3a2f4cd7,CHILDREN OF HEAVEN,21cineplex,,16COHN,"Drama, Family",97 menit,SU,2D,2026-05-27,a37576c1-a2b1-4d06-8ca4-1cd7a3a9f878,2026-05-17T06:22:00.703999
37fd051d-44f0-42a4-8567-aab6b39e07a6,DILAN ITB 1997,21cineplex,,16DI97,"Drama, Romance",110 menit,13+,2D,2026-05-17,581fedc8-43b1-40cd-a8ac-eea7838ac689,2026-05-17T06:22:02.461802
37fd051d-44f0-42a4-8567-aab6b39e07a6,SEMUA AKAN BAIK-BAIK SAJA,21cineplex,,16SABB,Drama,113 menit,13+,2D,2026-05-17,2f7b362b-cf4e-473b-a64f-bc4c6b8c83ae,2026-05-17T06:22:02.461867
37fd051d-44f0-42a4-8567-aab6b39e07a6,MORTAL KOMBAT II,21cineplex,,25MKT2,"Action, Adventure",116 menit,D17+,2D,2026-05-17,16e3b39b-f7fe-4aed-847f-2c4ea79b58e3,2026-05-17T06:22:02.461945
37fd051d-44f0-42a4-8567-aab6b39e07a6,GOHAN,21cineplex,,26GOHN,Drama,140 menit,SU,2D,2026-05-17,8e8b7a13-150d-404c-984d-0b2c8e74d258,2026-05-17T06:22:02.461996
37fd051d-44f0-42a4-8567-aab6b39e07a6,SALMOKJI: WHISPERING WATER,21cineplex,,26SWWR,Horror,95 menit,D17+,2D,2026-05-17,c075ee7b-9720-441b-a938-eccd2641d9b6,2026-05-17T06:22:02.462054
37fd051d-44f0-42a4-8567-aab6b39e07a6,IN THE GREY,21cineplex,,26ITGY,"Action, Thriller",97 menit,13+,2D,2026-05-17,da291d8b-2416-4655-bf7f-c0839834ce5a,2026-05-17T06:22:02.462137
37fd051d-44f0-42a4-8567-aab6b39e07a6,GHOST IN THE CELL,21cineplex,,16GITC,"Comedy, Horror",106 menit,D17+,2D,2026-05-17,9f026e97-4aa7-47a6-b590-e76a38028f7e,2026-05-17T06:22:02.462169
37fd051d-44f0-42a4-8567-aab6b39e07a6,KELUARGA SUAMI ADALAH HAMA,21cineplex,,16KSAH,Drama,117 menit,13+,2D,2026-05-21,5dbe4abf-6de1-4c0c-8a2b-831de2a4f2df,2026-05-17T06:22:02.462214
37fd051d-44f0-42a4-8567-aab6b39e07a6,SEKAWAN LIMO 2: GUNUNG KLAWIH,21cineplex,,16SK2G,"Comedy, Horror",122 menit,13+,2D,2026-05-27,0e74d8cf-2ec1-4f5c-82ab-ec3f40c0dd50,2026-05-17T06:22:02.462295
85fdddfa-37ab-4a65-9c14-ea5903ea68ca,MORTAL KOMBAT II,21cineplex,,25MKT2,"Action, Adventure",116 menit,D17+,2D,2026-05-17,8f24b650-9c6d-4485-8c94-d33593ed3841,2026-05-17T06:22:03.754184
85fdddfa-37ab-4a65-9c14-ea5903ea68ca,MICHAEL,21cineplex,,26MICL,Biography,127 menit,SU,2D,2026-05-17,d0c3a213-e34c-4ec4-a3f5-b6fd676b8f79,2026-05-17T06:22:03.754410
85fdddfa-37ab-4a65-9c14-ea5903ea68ca,GOHAN,21cineplex,,26GOHN,Drama,140 menit,SU,2D,2026-05-17,dd2877e4-52fe-40a2-95e3-7b264396c824,2026-05-17T06:22:03.754485
85fdddfa-37ab-4a65-9c14-ea5903ea68ca,IN THE GREY,21cineplex,,26ITGY,"Action, Thriller",97 menit,13+,2D,2026-05-17,c0995fc9-c9d8-4ad7-a11f-0a72d3634b47,2026-05-17T06:22:03.754598
85fdddfa-37ab-4a65-9c14-ea5903ea68ca,SEMUA AKAN BAIK-BAIK SAJA,21cineplex,,16SABB,Drama,113 menit,13+,2D,2026-05-17,89064927-af06-4797-9091-4a917ce9cc3f,2026-05-17T06:22:03.754674
85fdddfa-37ab-4a65-9c14-ea5903ea68ca,SALMOKJI: WHISPERING WATER,21cineplex,,26SWWR,Horror,95 menit,D17+,2D,2026-05-17,64c35170-a0b5-4e88-8848-ddf005ddb580,2026-05-17T06:22:03.754860
85fdddfa-37ab-4a65-9c14-ea5903ea68ca,THE DEVIL WEARS PRADA 2,21cineplex,,26DWP2,"Comedy, Drama",119 menit,13+,2D,2026-05-17,98b5385b-e128-42e6-ba1f-df900100fcaf,2026-05-17T06:22:03.754947
85fdddfa-37ab-4a65-9c14-ea5903ea68ca,GHOST IN THE CELL,21cineplex,,16GITC,"Comedy, Horror",106 menit,D17+,2D,2026-05-17,e43533fc-a1ac-4825-bb46-d23f407945d0,2026-05-17T06:22:03.755049
85fdddfa-37ab-4a65-9c14-ea5903ea68ca,THE SHEEP DETECTIVES,21cineplex,,26SDES,"Comedy, Mystery",109 menit,SU,2D,2026-05-17,02f96c69-e698-43b0-a96d-07935b5dc01a,2026-05-17T06:22:03.755197
85fdddfa-37ab-4a65-9c14-ea5903ea68ca,STAR WARS: THE MANDALORIAN AND GROGU,21cineplex,,26SWMG,"Fantasy, Sci-Fi",132 menit,13+,2D,2026-05-20,224de0e5-b6f2-4f97-9b1d-fee638837cf5,2026-05-17T06:22:03.755275
85fdddfa-37ab-4a65-9c14-ea5903ea68ca,KELUARGA SUAMI ADALAH HAMA,21cineplex,,16KSAH,Drama,117 menit,13+,2D,2026-05-21,30a704ae-6dce-4908-af7d-4ef20aa4b611,2026-05-17T06:22:03.755717
85fdddfa-37ab-4a65-9c14-ea5903ea68ca,SEKAWAN LIMO 2: GUNUNG KLAWIH,21cineplex,,16SK2G,"Comedy, Horror",122 menit,13+,2D,2026-05-27,79d7e020-426c-4cfc-8b20-49d12a74c67a,2026-05-17T06:22:03.755817
79d9d42f-18a2-488d-810b-f8ffc0df21a9,TOP GUN (RE-RELEASE),21cineplex,,26TGUN,Action,109 menit,D17+,2D,2026-05-17,b1f2171c-8f00-4d8e-8baa-c903a996ce22,2026-05-17T06:22:06.716461
79d9d42f-18a2-488d-810b-f8ffc0df21a9,LEE CRONIN'S THE MUMMY,21cineplex,,26LCTM,Horror,134 menit,D17+,2D,2026-05-17,7d36bc4e-df03-417e-8db7-3bdb7fda8436,2026-05-17T06:22:06.716560
79d9d42f-18a2-488d-810b-f8ffc0df21a9,IN THE GREY,21cineplex,,26ITGY,"Action, Thriller",97 menit,13+,2D,2026-05-17,b16ce375-6da5-42b7-8478-b8471a4366a2,2026-05-17T06:22:06.716669
79d9d42f-18a2-488d-810b-f8ffc0df21a9,THE SHEEP DETECTIVES,21cineplex,,26SDES,"Comedy, Mystery",109 menit,SU,2D,2026-05-17,d2558b23-0b19-48f4-be73-fc47f0225bfb,2026-05-17T06:22:06.716755
79d9d42f-18a2-488d-810b-f8ffc0df21a9,GOHAN,21cineplex,,26GOHN,Drama,140 menit,SU,2D,2026-05-17,363e38fd-f725-4399-bdc3-491557b25a64,2026-05-17T06:22:06.716824
79d9d42f-18a2-488d-810b-f8ffc0df21a9,SALMOKJI: WHISPERING WATER,21cineplex,,26SWWR,Horror,95 menit,D17+,2D,2026-05-17,b444c04f-c788-49d8-aec3-1ddeb753a365,2026-05-17T06:22:06.716879
79d9d42f-18a2-488d-810b-f8ffc0df21a9,TUMBAL PROYEK,21cineplex,,16TPRK,Horror,106 menit,D17+,2D,2026-05-17,8a391fb1-56de-4a73-a3f1-0f3a7a460899,2026-05-17T06:22:06.716996
79d9d42f-18a2-488d-810b-f8ffc0df21a9,THE DEVIL WEARS PRADA 2,21cineplex,,26DWP2,"Comedy, Drama",119 menit,13+,2D,2026-05-17,7400f799-d59a-4e96-9c1a-4b8cf0cb8794,2026-05-17T06:22:06.717058
79d9d42f-18a2-488d-810b-f8ffc0df21a9,MICHAEL,21cineplex,,26MICL,Biography,127 menit,SU,2D,2026-05-17,6ae92d35-4210-4a4d-8796-b24fc453f114,2026-05-17T06:22:06.717124
79d9d42f-18a2-488d-810b-f8ffc0df21a9,STAR WARS: THE MANDALORIAN AND GROGU,21cineplex,,26SWMG,"Fantasy, Sci-Fi",132 menit,13+,2D,2026-05-20,34a4327a-1a82-454a-a223-a8d180536973,2026-05-17T06:22:06.717213
a92ce8ff-ef22-4070-9b09-49587f27e931,YANG LAIN BOLEH HILANG ASAL KAU JANGAN,21cineplex,,16YLBH,Drama,113 menit,13+,2D,2026-05-17,ebbe798d-0a88-46a6-a879-5f5997cdc433,2026-05-17T06:22:09.793467
a92ce8ff-ef22-4070-9b09-49587f27e931,SEMUA AKAN BAIK-BAIK SAJA,21cineplex,,16SABB,Drama,113 menit,13+,2D,2026-05-17,4516056a-d9e3-45c8-98d5-50229e8fc0a1,2026-05-17T06:22:09.793618
a92ce8ff-ef22-4070-9b09-49587f27e931,TUMBAL PROYEK,21cineplex,,16TPRK,Horror,106 menit,D17+,2D,2026-05-17,b225f72f-b3c4-4112-bc3a-501881ed90c1,2026-05-17T06:22:09.793720
a92ce8ff-ef22-4070-9b09-49587f27e931,GHOST IN THE CELL,21cineplex,,16GITC,"Comedy, Horror",106 menit,D17+,2D,2026-05-17,4b6b263e-9373-4fe6-a907-692a6f44ff8c,2026-05-17T06:22:09.793792
a92ce8ff-ef22-4070-9b09-49587f27e931,GOHAN,21cineplex,,26GOHN,Drama,140 menit,SU,2D,2026-05-17,974d9921-c96a-47fc-9187-ca73948f695f,2026-05-17T06:22:09.793849
a92ce8ff-ef22-4070-9b09-49587f27e931,IN THE GREY,21cineplex,,26ITGY,"Action, Thriller",97 menit,13+,2D,2026-05-17,264a2f92-446c-4579-8ac7-99c70a5e0252,2026-05-17T06:22:09.793890
1010de2a-76de-4d4b-874f-686ef9835055,IN THE GREY,21cineplex,,26ITGY,"Action, Thriller",97 menit,13+,2D,2026-05-17,7580d04d-566a-48c8-adb4-5f1ace3224f2,2026-05-17T06:22:11.321635
1010de2a-76de-4d4b-874f-686ef9835055,SEMUA AKAN BAIK-BAIK SAJA,21cineplex,,16SABB,Drama,113 menit,13+,2D,2026-05-17,e211d11b-cbd3-4674-ab1a-32408d9d58be,2026-05-17T06:22:11.321786
1010de2a-76de-4d4b-874f-686ef9835055,TUMBAL PROYEK,21cineplex,,16TPRK,Horror,106 menit,D17+,2D,2026-05-17,5138532b-ecd9-4bc0-b0fd-f322803042b7,2026-05-17T06:22:11.321947
1010de2a-76de-4d4b-874f-686ef9835055,GOHAN,21cineplex,,26GOHN,Drama,140 menit,SU,2D,2026-05-17,bbaf7704-bc60-408c-8362-bd9f5c9d8e88,2026-05-17T06:22:11.322076
1010de2a-76de-4d4b-874f-686ef9835055,THE BELL: PANGGILAN UNTUK MATI,21cineplex,,16TBPU,Horror,91 menit,D17+,2D,2026-05-17,e90d42f1-c57d-4ee1-a5c4-9be8da7c119a,2026-05-17T06:22:11.322124
1010de2a-76de-4d4b-874f-686ef9835055,YANG LAIN BOLEH HILANG ASAL KAU JANGAN,21cineplex,,16YLBH,Drama,113 menit,13+,2D,2026-05-17,2ec14550-ec53-41d1-b4e7-adaca272b621,2026-05-17T06:22:11.322219
1010de2a-76de-4d4b-874f-686ef9835055,KAMU HARUS MATI,21cineplex,,16KHMI,"Horror, Mystery, Thriller",90 menit,13+,2D,2026-05-21,1e029d19-413e-4276-8609-8b6b5b4cc8e5,2026-05-17T06:22:11.322316
1010de2a-76de-4d4b-874f-686ef9835055,KELUARGA SUAMI ADALAH HAMA,21cineplex,,16KSAH,Drama,117 menit,13+,2D,2026-05-21,8194011a-391c-498b-8f54-a5123fe96e1f,2026-05-17T06:22:11.322442
1010de2a-76de-4d4b-874f-686ef9835055,SUAMIKU LUKAKU,21cineplex,,16SLUU,Drama,92 menit,D17+,2D,2026-05-27,a2a4d63a-d0d3-4ce8-8b9e-43af6b85f5cd,2026-05-17T06:22:11.322524
1010de2a-76de-4d4b-874f-686ef9835055,SEKAWAN LIMO 2: GUNUNG KLAWIH,21cineplex,,16SK2G,"Comedy, Horror",122 menit,13+,2D,2026-05-27,3bff9185-d064-4cbb-a08b-3a7fb0607629,2026-05-17T06:22:11.322590
1010de2a-76de-4d4b-874f-686ef9835055,CHILDREN OF HEAVEN,21cineplex,,16COHN,"Drama, Family",97 menit,SU,2D,2026-05-27,21f00036-5e29-4b7a-8404-2fa4e3b82b80,2026-05-17T06:22:11.322648
6cfe758e-22d3-4419-9660-edb27de2afa0,SALMOKJI: WHISPERING WATER,21cineplex,,26SWWR,Horror,95 menit,D17+,2D,2026-05-17,c26320a0-1ff2-4dab-b88f-d5d59ca29f49,2026-05-17T06:22:12.848134
6cfe758e-22d3-4419-9660-edb27de2afa0,MORTAL KOMBAT II,21cineplex,,25MKT2,"Action, Adventure",116 menit,D17+,2D,2026-05-17,a0582643-c313-4cac-a125-4a7c47f490fd,2026-05-17T06:22:12.848221
6cfe758e-22d3-4419-9660-edb27de2afa0,SEMUA AKAN BAIK-BAIK SAJA,21cineplex,,16SABB,Drama,113 menit,13+,2D,2026-05-17,c810f1be-92f6-432f-bebf-cef6098d8102,2026-05-17T06:22:12.848276
6cfe758e-22d3-4419-9660-edb27de2afa0,GHOST IN THE CELL,21cineplex,,16GITC,"Comedy, Horror",106 menit,D17+,2D,2026-05-17,db1bb218-094b-4210-a323-7d42909dd58d,2026-05-17T06:22:12.848334
6cfe758e-22d3-4419-9660-edb27de2afa0,IN THE GREY,21cineplex,,26ITGY,"Action, Thriller",97 menit,13+,2D,2026-05-17,c26a9821-8d95-4807-a8b2-56b5ea4a7a35,2026-05-17T06:22:12.848381
6cfe758e-22d3-4419-9660-edb27de2afa0,MICHAEL,21cineplex,,26MICL,Biography,127 menit,SU,2D,2026-05-17,f17f47e3-721c-46c1-af73-5af40d1f51e2,2026-05-17T06:22:12.848503
6cfe758e-22d3-4419-9660-edb27de2afa0,GOHAN,21cineplex,,26GOHN,Drama,140 menit,SU,2D,2026-05-17,ba15ef2b-9b44-4b70-ac04-bbcc5dc8f7b3,2026-05-17T06:22:12.848701
6cfe758e-22d3-4419-9660-edb27de2afa0,STAR WARS: THE MANDALORIAN AND GROGU,21cineplex,,26SWMG,"Fantasy, Sci-Fi",132 menit,13+,2D,2026-05-20,3c0a1dab-9f83-4536-878c-cc8522120913,2026-05-17T06:22:12.848782
0dd3282d-71a5-416a-b5c8-64c68235df28,GHOST IN THE CELL,21cineplex,,16GITC,"Comedy, Horror",106 menit,D17+,2D,2026-05-17,83061190-ec03-4c4d-b132-28833e7e8b0e,2026-05-17T06:22:15.864733
0dd3282d-71a5-416a-b5c8-64c68235df28,MICHAEL,21cineplex,,26MICL,Biography,127 menit,SU,2D,2026-05-17,c743d890-1179-4d7b-887d-b80cc8ae9a26,2026-05-17T06:22:15.864902
0dd3282d-71a5-416a-b5c8-64c68235df28,SEMUA AKAN BAIK-BAIK SAJA,21cineplex,,16SABB,Drama,113 menit,13+,2D,2026-05-17,6835f819-dda4-4c3e-b6e6-ea768553b559,2026-05-17T06:22:15.864975
0dd3282d-71a5-416a-b5c8-64c68235df28,TUMBAL PROYEK,21cineplex,,16TPRK,Horror,106 menit,D17+,2D,2026-05-17,789e2e2e-bff2-4c21-bf61-268982bfaec9,2026-05-17T06:22:15.865108
0dd3282d-71a5-416a-b5c8-64c68235df28,THE DEVIL WEARS PRADA 2,21cineplex,,26DWP2,"Comedy, Drama",119 menit,13+,2D,2026-05-17,58485e8c-9e4e-4904-b3b8-f9c1d539e048,2026-05-17T06:22:15.865186
0dd3282d-71a5-416a-b5c8-64c68235df28,IN THE GREY,21cineplex,,26ITGY,"Action, Thriller",97 menit,13+,2D,2026-05-17,5beeab5f-cae5-4a74-97ad-64552a0f0bad,2026-05-17T06:22:15.865256
0dd3282d-71a5-416a-b5c8-64c68235df28,GOHAN,21cineplex,,26GOHN,Drama,140 menit,SU,2D,2026-05-17,5607c928-c441-467e-b08c-df0af39a62dc,2026-05-17T06:22:15.865307
0dd3282d-71a5-416a-b5c8-64c68235df28,STAR WARS: THE MANDALORIAN AND GROGU,21cineplex,,26SWMG,"Fantasy, Sci-Fi",132 menit,13+,2D,2026-05-20,e8ee8e52-7307-426b-a821-4d7aa7e17677,2026-05-17T06:22:15.865406
0dd3282d-71a5-416a-b5c8-64c68235df28,KELUARGA SUAMI ADALAH HAMA,21cineplex,,16KSAH,Drama,117 menit,13+,2D,2026-05-21,facac9f4-77a2-4fb5-ab2a-7ccdfaeef48c,2026-05-17T06:22:15.865488
2fe0891b-70dd-41c6-a77d-645adb0b2df7,SEMUA AKAN BAIK-BAIK SAJA,21cineplex,,16SABB,Drama,113 menit,13+,2D,2026-05-17,dd64fb9e-49fc-48f8-8d74-ad0605c520bc,2026-05-17T06:22:18.763688
2fe0891b-70dd-41c6-a77d-645adb0b2df7,GHOST IN THE CELL,21cineplex,,16GITC,"Comedy, Horror",106 menit,D17+,2D,2026-05-17,e6570249-f68e-458b-94ed-78e855702d30,2026-05-17T06:22:18.763844
2fe0891b-70dd-41c6-a77d-645adb0b2df7,YANG LAIN BOLEH HILANG ASAL KAU JANGAN,21cineplex,,16YLBH,Drama,113 menit,13+,2D,2026-05-17,43361f63-528b-4d56-9695-82880f79cf6f,2026-05-17T06:22:18.763915
2fe0891b-70dd-41c6-a77d-645adb0b2df7,TUMBAL PROYEK,21cineplex,,16TPRK,Horror,106 menit,D17+,2D,2026-05-17,c4ef51b0-7212-466c-a494-5b00defbc524,2026-05-17T06:22:18.763992
2fe0891b-70dd-41c6-a77d-645adb0b2df7,IN THE GREY,21cineplex,,26ITGY,"Action, Thriller",97 menit,13+,2D,2026-05-17,b087fa3e-ceac-4b55-9016-516465e2e997,2026-05-17T06:22:18.764083
2fe0891b-70dd-41c6-a77d-645adb0b2df7,GOHAN,21cineplex,,26GOHN,Drama,140 menit,SU,2D,2026-05-17,9807435d-f4c5-477a-aa5a-a06851abcc7a,2026-05-17T06:22:18.764142
2fe0891b-70dd-41c6-a77d-645adb0b2df7,KAMU HARUS MATI,21cineplex,,16KHMI,"Horror, Mystery, Thriller",90 menit,13+,2D,2026-05-21,50a79602-ff6b-4d15-bb5c-f804c4b3a75c,2026-05-17T06:22:18.764206
2fe0891b-70dd-41c6-a77d-645adb0b2df7,SEKAWAN LIMO 2: GUNUNG KLAWIH,21cineplex,,16SK2G,"Comedy, Horror",122 menit,13+,2D,2026-05-27,ebccf429-e62a-4ddc-b4c5-24f1efaf4b67,2026-05-17T06:22:18.764303
e973479d-56bd-4703-b4c9-163d234236c8,THE DEVIL WEARS PRADA 2,21cineplex,,26DWP2,"Comedy, Drama",119 menit,13+,2D,2026-05-17,21bca92e-4df3-4897-bde9-db84ea4e9225,2026-05-17T06:22:20.475406
e973479d-56bd-4703-b4c9-163d234236c8,IN THE GREY,21cineplex,,26ITGY,"Action, Thriller",97 menit,13+,2D,2026-05-17,4838c2cb-dcd9-4af2-a037-e64a5b286ec4,2026-05-17T06:22:20.475498
e973479d-56bd-4703-b4c9-163d234236c8,MICHAEL,21cineplex,,26MICL,Biography,127 menit,SU,2D,2026-05-17,ba947376-d855-4521-90b1-e7b5b8d4869a,2026-05-17T06:22:20.475550
e973479d-56bd-4703-b4c9-163d234236c8,GOHAN,21cineplex,,26GOHN,Drama,140 menit,SU,2D,2026-05-17,f4f660b0-45e8-4095-916d-8ba42fdc1ddd,2026-05-17T06:22:20.475592
e973479d-56bd-4703-b4c9-163d234236c8,SEMUA AKAN BAIK-BAIK SAJA,21cineplex,,16SABB,Drama,113 menit,13+,2D,2026-05-17,b8f783e1-6671-444c-9195-1e4fcd351fe0,2026-05-17T06:22:20.475650
04508a32-2fb9-41fa-bb62-1854dd989782,SEMUA AKAN BAIK-BAIK SAJA,21cineplex,,16SABB,Drama,113 menit,13+,2D,2026-05-17,08559a0a-3a12-4fd8-804a-bcb7f7d37a67,2026-05-17T06:22:23.557992
04508a32-2fb9-41fa-bb62-1854dd989782,THE SHEEP DETECTIVES,21cineplex,,26SDES,"Comedy, Mystery",109 menit,SU,2D,2026-05-17,01085bbc-cd76-4bf5-ad24-0185c3e8a1de,2026-05-17T06:22:23.558115
04508a32-2fb9-41fa-bb62-1854dd989782,TOP GUN: MAVERICK (RE-RELEASE),21cineplex,,26TGMK,Action,130 menit,SU,2D,2026-05-17,e930cc9a-4d00-4e22-83cc-b8ce1f46aa62,2026-05-17T06:22:23.558192
04508a32-2fb9-41fa-bb62-1854dd989782,MORTAL KOMBAT II,21cineplex,,25MKT2,"Action, Adventure",116 menit,D17+,2D,2026-05-17,f6f8d910-6ceb-444a-bf4d-5bc2dd51be6f,2026-05-17T06:22:23.558221
04508a32-2fb9-41fa-bb62-1854dd989782,MICHAEL,21cineplex,,26MICL,Biography,127 menit,SU,2D,2026-05-17,bf404813-deb5-42be-a0ed-1afd83a23fc8,2026-05-17T06:22:23.558262
04508a32-2fb9-41fa-bb62-1854dd989782,THE DEVIL WEARS PRADA 2,21cineplex,,26DWP2,"Comedy, Drama",119 menit,13+,2D,2026-05-17,1811f52a-2601-42c1-883d-87d9bab3faca,2026-05-17T06:22:23.558317
04508a32-2fb9-41fa-bb62-1854dd989782,IN THE GREY,21cineplex,,26ITGY,"Action, Thriller",97 menit,13+,2D,2026-05-17,a01dc217-401b-47fb-940f-b01b2177e372,2026-05-17T06:22:23.558377
04508a32-2fb9-41fa-bb62-1854dd989782,PROJECT HAIL MARY,21cineplex,,26PHMY,Sci-Fi,157 menit,13+,2D,2026-05-17,25880d02-c651-4246-9e24-d113d50d964d,2026-05-17T06:22:23.558413
04508a32-2fb9-41fa-bb62-1854dd989782,FUZE,21cineplex,,26FUZE,"Action, Crime",96 menit,D17+,2D,2026-05-17,f329ccba-05e6-4560-9881-4c79d50ce2c8,2026-05-17T06:22:23.558455
04508a32-2fb9-41fa-bb62-1854dd989782,GOHAN,21cineplex,,26GOHN,Drama,140 menit,SU,2D,2026-05-17,a81f4cef-ccaf-4c69-9844-3ee0a01953b4,2026-05-17T06:22:23.558488
04508a32-2fb9-41fa-bb62-1854dd989782,GHOST IN THE CELL,21cineplex,,16GITC,"Comedy, Horror",106 menit,D17+,2D,2026-05-17,84cd4ccf-9be4-456e-972a-aa6ce4a6f261,2026-05-17T06:22:23.558541
04508a32-2fb9-41fa-bb62-1854dd989782,PATI PATNI AUR WOH DO,21cineplex,,26PPAW,"Comedy, Romance",115 menit,D17+,2D,2026-05-17,a920e0d5-107f-46eb-9c30-0b4f30a3c84e,2026-05-17T06:22:23.558586
04508a32-2fb9-41fa-bb62-1854dd989782,STAR WARS: THE MANDALORIAN AND GROGU,21cineplex,,26SWMG,"Fantasy, Sci-Fi",132 menit,13+,2D,2026-05-20,5f6b306c-b8e6-4193-833f-106e59590cd4,2026-05-17T06:22:23.558627
04508a32-2fb9-41fa-bb62-1854dd989782,KELUARGA SUAMI ADALAH HAMA,21cineplex,,16KSAH,Drama,117 menit,13+,2D,2026-05-21,f1b847c8-db0f-45e1-9411-94ac5a9cb7e8,2026-05-17T06:22:23.558700
04508a32-2fb9-41fa-bb62-1854dd989782,SEKAWAN LIMO 2: GUNUNG KLAWIH,21cineplex,,16SK2G,"Comedy, Horror",122 menit,13+,2D,2026-05-27,f2a1648d-dca1-4338-aad2-bea1778e1ecc,2026-05-17T06:22:23.558776
2dba279a-f1a8-4721-a484-0903a3b64257,IN THE GREY,21cineplex,,26ITGY,"Action, Thriller",97 menit,13+,2D,2026-05-17,c4994f77-0393-4b53-83ab-45956962d329,2026-05-17T06:22:26.460371
2dba279a-f1a8-4721-a484-0903a3b64257,GOHAN,21cineplex,,26GOHN,Drama,140 menit,SU,2D,2026-05-17,bfbcd73d-e525-4913-9690-e139b15d9afe,2026-05-17T06:22:26.460491
2dba279a-f1a8-4721-a484-0903a3b64257,MICHAEL,21cineplex,,26MICL,Biography,127 menit,SU,2D,2026-05-17,b6b09329-c9a3-4ed4-9f6b-ad245194fd04,2026-05-17T06:22:26.460566
2dba279a-f1a8-4721-a484-0903a3b64257,THE DEVIL WEARS PRADA 2,21cineplex,,26DWP2,"Comedy, Drama",119 menit,13+,2D,2026-05-17,771ccec1-9cee-4ba0-8bc9-560bace9893a,2026-05-17T06:22:26.460676
2dba279a-f1a8-4721-a484-0903a3b64257,STAR WARS: THE MANDALORIAN AND GROGU,21cineplex,,26SWMG,"Fantasy, Sci-Fi",132 menit,13+,2D,2026-05-20,6204f589-51b4-4f4a-a416-2521b3222947,2026-05-17T06:22:26.460797
f3678ecf-899c-430b-aadf-73529e827393,TUMBAL PROYEK,21cineplex,,16TPRK,Horror,106 menit,D17+,2D,2026-05-17,ab44c6da-402f-4950-9f9e-f68c36d7b6ea,2026-05-17T06:22:29.494192
f3678ecf-899c-430b-aadf-73529e827393,MICHAEL,21cineplex,,26MICL,Biography,127 menit,SU,2D,2026-05-17,f79d92c9-0d8a-4b68-bcc2-3224f761df31,2026-05-17T06:22:29.494310
f3678ecf-899c-430b-aadf-73529e827393,GOHAN,21cineplex,,26GOHN,Drama,140 menit,SU,2D,2026-05-17,2cbbd05c-0346-4528-a995-e57f47a0c276,2026-05-17T06:22:29.494389
f3678ecf-899c-430b-aadf-73529e827393,YANG LAIN BOLEH HILANG ASAL KAU JANGAN,21cineplex,,16YLBH,Drama,113 menit,13+,2D,2026-05-17,fc7d3da5-b1ad-4a72-b592-af32a5097509,2026-05-17T06:22:29.494447
f3678ecf-899c-430b-aadf-73529e827393,THE SHEEP DETECTIVES,21cineplex,,26SDES,"Comedy, Mystery",109 menit,SU,2D,2026-05-17,8c04a6b6-53fe-47ae-8cca-26658a717ec6,2026-05-17T06:22:29.494536
f3678ecf-899c-430b-aadf-73529e827393,DILAN ITB 1997,21cineplex,,16DI97,"Drama, Romance",110 menit,13+,2D,2026-05-17,9a66ed1d-f1a1-44f9-ac87-fc8a6e7619f4,2026-05-17T06:22:29.494601
f3678ecf-899c-430b-aadf-73529e827393,THE DEVIL WEARS PRADA 2,21cineplex,,26DWP2,"Comedy, Drama",119 menit,13+,2D,2026-05-17,90403559-eff4-4c60-931b-681669222ede,2026-05-17T06:22:29.494668
f3678ecf-899c-430b-aadf-73529e827393,IN THE GREY,21cineplex,,26ITGY,"Action, Thriller",97 menit,13+,2D,2026-05-17,90c687ea-c0c9-4832-959a-d5d537f99e1c,2026-05-17T06:22:29.495566
f3678ecf-899c-430b-aadf-73529e827393,SALMOKJI: WHISPERING WATER,21cineplex,,26SWWR,Horror,95 menit,D17+,2D,2026-05-17,3335b6db-87a0-44bf-996e-3d564d0d3f8b,2026-05-17T06:22:29.495638
f3678ecf-899c-430b-aadf-73529e827393,MORTAL KOMBAT II,21cineplex,,25MKT2,"Action, Adventure",116 menit,D17+,2D,2026-05-17,1ea26292-0d16-41c0-855c-bdfa09d97972,2026-05-17T06:22:29.495676
f3678ecf-899c-430b-aadf-73529e827393,STAR WARS: THE MANDALORIAN AND GROGU,21cineplex,,26SWMG,"Fantasy, Sci-Fi",132 menit,13+,2D,2026-05-20,98404e0e-ec84-4463-b221-ebde91c3f5cd,2026-05-17T06:22:29.495755
f3678ecf-899c-430b-aadf-73529e827393,CHILDREN OF HEAVEN,21cineplex,,16COHN,"Drama, Family",97 menit,SU,2D,2026-05-27,46b272fd-4260-4f2c-86b4-43ff7c823712,2026-05-17T06:22:29.495809
af8abfc6-e21a-4a5d-82fe-54e803d9698b,THE BELL: PANGGILAN UNTUK MATI,21cineplex,,16TBPU,Horror,91 menit,D17+,2D,2026-05-17,b453e3fe-57c2-440e-8f07-1550e540140f,2026-05-17T06:22:32.876177
af8abfc6-e21a-4a5d-82fe-54e803d9698b,TUMBAL PROYEK,21cineplex,,16TPRK,Horror,106 menit,D17+,2D,2026-05-17,e1604602-f5e9-4c23-a547-029831a02e26,2026-05-17T06:22:32.876591
af8abfc6-e21a-4a5d-82fe-54e803d9698b,SEMUA AKAN BAIK-BAIK SAJA,21cineplex,,16SABB,Drama,113 menit,13+,2D,2026-05-17,f0a5d4b2-e307-4616-a892-b53b72a738aa,2026-05-17T06:22:32.876724
af8abfc6-e21a-4a5d-82fe-54e803d9698b,GOHAN,21cineplex,,26GOHN,Drama,140 menit,SU,2D,2026-05-17,6e153322-a02d-4686-8280-f3c7da1d8289,2026-05-17T06:22:32.876840
af8abfc6-e21a-4a5d-82fe-54e803d9698b,KAMU HARUS MATI,21cineplex,,16KHMI,"Horror, Mystery, Thriller",90 menit,13+,2D,2026-05-21,9d9b81c5-1e0c-4575-8381-80a7f901351a,2026-05-17T06:22:32.876919
af8abfc6-e21a-4a5d-82fe-54e803d9698b,KELUARGA SUAMI ADALAH HAMA,21cineplex,,16KSAH,Drama,117 menit,13+,2D,2026-05-21,f0e22041-5cc7-463d-af44-d04288360ee7,2026-05-17T06:22:32.877000
af8abfc6-e21a-4a5d-82fe-54e803d9698b,SEKAWAN LIMO 2: GUNUNG KLAWIH,21cineplex,,16SK2G,"Comedy, Horror",122 menit,13+,2D,2026-05-27,7df0be53-2855-4435-a668-49c750f6d61a,2026-05-17T06:22:32.877077
af8abfc6-e21a-4a5d-82fe-54e803d9698b,CHILDREN OF HEAVEN,21cineplex,,16COHN,"Drama, Family",97 menit,SU,2D,2026-05-27,8d4b8790-9e8f-4710-80e5-829757e686d9,2026-05-17T06:22:32.877139
29fbdd0c-5c23-4118-bc12-dce8ea29262b,SALMOKJI: WHISPERING WATER,21cineplex,,26SWWR,Horror,95 menit,D17+,2D,2026-05-17,1afac329-df28-496b-a6ca-fecfa32458fa,2026-05-17T06:22:33.784973
29fbdd0c-5c23-4118-bc12-dce8ea29262b,GOHAN,21cineplex,,26GOHN,Drama,140 menit,SU,2D,2026-05-17,6fef1632-c9be-4cc8-a240-f4bea4fdcdf3,2026-05-17T06:22:33.785095
29fbdd0c-5c23-4118-bc12-dce8ea29262b,THE DEVIL WEARS PRADA 2,21cineplex,,26DWP2,"Comedy, Drama",119 menit,13+,2D,2026-05-17,cfd7d1d1-7248-4d88-9310-d714cd473635,2026-05-17T06:22:33.785186
29fbdd0c-5c23-4118-bc12-dce8ea29262b,MICHAEL,21cineplex,,26MICL,Biography,127 menit,SU,2D,2026-05-17,39911d74-3e99-47a5-bab3-fe2efe595b7c,2026-05-17T06:22:33.785255
29fbdd0c-5c23-4118-bc12-dce8ea29262b,IN THE GREY,21cineplex,,26ITGY,"Action, Thriller",97 menit,13+,2D,2026-05-17,09bf8b9e-ab36-49de-9530-5bcc865446ce,2026-05-17T06:22:33.785289
29fbdd0c-5c23-4118-bc12-dce8ea29262b,PROJECT HAIL MARY,21cineplex,,26PHMY,Sci-Fi,157 menit,13+,2D,2026-05-17,63dec3b4-56b1-41e6-8619-fac4c384bfab,2026-05-17T06:22:33.785343
29fbdd0c-5c23-4118-bc12-dce8ea29262b,THE SHEEP DETECTIVES,21cineplex,,26SDES,"Comedy, Mystery",109 menit,SU,2D,2026-05-17,f3f6edfd-b205-4a97-8975-8c236f9855e3,2026-05-17T06:22:33.785383
29fbdd0c-5c23-4118-bc12-dce8ea29262b,STAR WARS: THE MANDALORIAN AND GROGU,21cineplex,,26SWMG,"Fantasy, Sci-Fi",132 menit,13+,2D,2026-05-20,2b369736-fe3f-4e15-8d58-40c47d271ece,2026-05-17T06:22:33.785451
2509dbca-3787-4438-af2d-05c8ef25d0f6,SEMUA AKAN BAIK-BAIK SAJA,21cineplex,,16SABB,Drama,113 menit,13+,2D,2026-05-17,a66d5360-ae05-4809-b207-0b54df9d8de6,2026-05-17T06:22:36.831300
2509dbca-3787-4438-af2d-05c8ef25d0f6,GOHAN,21cineplex,,26GOHN,Drama,140 menit,SU,2D,2026-05-17,78b98bc5-a61d-457a-9a92-cd6583e89aa1,2026-05-17T06:22:36.831593
2509dbca-3787-4438-af2d-05c8ef25d0f6,SALMOKJI: WHISPERING WATER,21cineplex,,26SWWR,Horror,95 menit,D17+,2D,2026-05-17,b5378499-ed62-49ca-a637-0a45e44014ce,2026-05-17T06:22:36.831741
2509dbca-3787-4438-af2d-05c8ef25d0f6,THE DEVIL WEARS PRADA 2,21cineplex,,26DWP2,"Comedy, Drama",119 menit,13+,2D,2026-05-17,dd7d6529-71ec-480b-91e1-8c9e652a8acb,2026-05-17T06:22:36.831808
2509dbca-3787-4438-af2d-05c8ef25d0f6,GHOST IN THE CELL,21cineplex,,16GITC,"Comedy, Horror",106 menit,D17+,2D,2026-05-17,6665c796-d23e-490f-93d1-5fc66dea7715,2026-05-17T06:22:36.831915
2509dbca-3787-4438-af2d-05c8ef25d0f6,MORTAL KOMBAT II,21cineplex,,25MKT2,"Action, Adventure",116 menit,D17+,2D,2026-05-17,724b758d-36c9-497c-8a04-af7c31b5ab55,2026-05-17T06:22:36.831998
2509dbca-3787-4438-af2d-05c8ef25d0f6,YANG LAIN BOLEH HILANG ASAL KAU JANGAN,21cineplex,,16YLBH,Drama,113 menit,13+,2D,2026-05-17,f642e97f-fe57-48ae-8cd9-3d5c2bcff9b2,2026-05-17T06:22:36.832096
2509dbca-3787-4438-af2d-05c8ef25d0f6,IN THE GREY,21cineplex,,26ITGY,"Action, Thriller",97 menit,13+,2D,2026-05-17,ee7b5446-6cb1-4b77-a8aa-88508628f6f5,2026-05-17T06:22:36.832185
87cc7ef7-babf-4e16-9fcf-fc6d207c1f30,IN THE GREY,21cineplex,,26ITGY,"Action, Thriller",97 menit,13+,2D,2026-05-17,23a6dcbc-f5dd-4101-b312-73c24f7d29b8,2026-05-17T06:22:38.484567
87cc7ef7-babf-4e16-9fcf-fc6d207c1f30,GOHAN,21cineplex,,26GOHN,Drama,140 menit,SU,2D,2026-05-17,1f0f84b7-ad0e-41ae-9f0d-9102d6cbad91,2026-05-17T06:22:38.484700
87cc7ef7-babf-4e16-9fcf-fc6d207c1f30,MORTAL KOMBAT II,21cineplex,,25MKT2,"Action, Adventure",116 menit,D17+,2D,2026-05-17,07f54fd0-27eb-41bd-8c88-c09d893f4588,2026-05-17T06:22:38.484804
87cc7ef7-babf-4e16-9fcf-fc6d207c1f30,THE SHEEP DETECTIVES,21cineplex,,26SDES,"Comedy, Mystery",109 menit,SU,2D,2026-05-17,827f359a-cfb9-46cf-ad75-a0069ed8ca4f,2026-05-17T06:22:38.484919
87cc7ef7-babf-4e16-9fcf-fc6d207c1f30,THE DEVIL WEARS PRADA 2,21cineplex,,26DWP2,"Comedy, Drama",119 menit,13+,2D,2026-05-17,4a20cae8-2e49-46ba-9d77-3cfc62ee4a8c,2026-05-17T06:22:38.484987
87cc7ef7-babf-4e16-9fcf-fc6d207c1f30,SALMOKJI: WHISPERING WATER,21cineplex,,26SWWR,Horror,95 menit,D17+,2D,2026-05-17,243455ed-f7ed-46c3-aa77-08817b32d5bf,2026-05-17T06:22:38.485061
87cc7ef7-babf-4e16-9fcf-fc6d207c1f30,STAR WARS: THE MANDALORIAN AND GROGU,21cineplex,,26SWMG,"Fantasy, Sci-Fi",132 menit,13+,2D,2026-05-20,ae51f8db-0bb0-42d7-90a0-64525722d6d6,2026-05-17T06:22:38.485111
2a628bc1-4659-467b-921b-b49ba71d8dd6,MOBILE SUIT GUNDAM HATHAWAY,21cineplex,,26MSGH,Animation,96 menit,13+,2D,2026-05-17,3c68c59a-183d-4145-abe7-dc070d3e3296,2026-05-17T06:22:46.133063
2a628bc1-4659-467b-921b-b49ba71d8dd6,GOHAN,21cineplex,,26GOHN,Drama,140 menit,SU,2D,2026-05-17,2e79f51b-d29d-4729-b6a7-29ba8ebd1c80,2026-05-17T06:22:46.133207
2a628bc1-4659-467b-921b-b49ba71d8dd6,SALMOKJI: WHISPERING WATER,21cineplex,,26SWWR,Horror,95 menit,D17+,2D,2026-05-17,7be4c113-2444-4e35-88f2-5045a8fcfb03,2026-05-17T06:22:46.133339
2a628bc1-4659-467b-921b-b49ba71d8dd6,SEMUA AKAN BAIK-BAIK SAJA,21cineplex,,16SABB,Drama,113 menit,13+,2D,2026-05-17,d8b0fe84-55fb-4139-b837-ce75bf78c3cb,2026-05-17T06:22:46.133405
2a628bc1-4659-467b-921b-b49ba71d8dd6,THE SHEEP DETECTIVES,21cineplex,,26SDES,"Comedy, Mystery",109 menit,SU,2D,2026-05-17,5a43af87-6dc6-4b0e-9e6a-9f395cdcdbf7,2026-05-17T06:22:46.133489
2a628bc1-4659-467b-921b-b49ba71d8dd6,TUMBAL PROYEK,21cineplex,,16TPRK,Horror,106 menit,D17+,2D,2026-05-17,8ba8890a-9d52-41d0-8442-6712dc859b51,2026-05-17T06:22:46.133549
2a628bc1-4659-467b-921b-b49ba71d8dd6,GHOST IN THE CELL,21cineplex,,16GITC,"Comedy, Horror",106 menit,D17+,2D,2026-05-17,4b53d806-a4d0-422a-8bd4-4edd2648ee29,2026-05-17T06:22:46.133774
2a628bc1-4659-467b-921b-b49ba71d8dd6,THE DEVIL WEARS PRADA 2,21cineplex,,26DWP2,"Comedy, Drama",119 menit,13+,2D,2026-05-17,54100aea-6220-4d6f-a591-e8cd8046873d,2026-05-17T06:22:46.133977
2a628bc1-4659-467b-921b-b49ba71d8dd6,MORTAL KOMBAT II,21cineplex,,25MKT2,"Action, Adventure",116 menit,D17+,2D,2026-05-17,5cdd2500-a908-4b4f-957e-319728691d1f,2026-05-17T06:22:46.134120
2a628bc1-4659-467b-921b-b49ba71d8dd6,STAR WARS: THE MANDALORIAN AND GROGU,21cineplex,,26SWMG,"Fantasy, Sci-Fi",132 menit,13+,2D,2026-05-20,557d545e-b19b-455a-aaf7-e9b3d96b173e,2026-05-17T06:22:46.134302
2a628bc1-4659-467b-921b-b49ba71d8dd6,KELUARGA SUAMI ADALAH HAMA,21cineplex,,16KSAH,Drama,117 menit,13+,2D,2026-05-21,8dbb4916-d257-47c7-9fb0-a27f05c38e95,2026-05-17T06:22:46.134467
2a628bc1-4659-467b-921b-b49ba71d8dd6,SEKAWAN LIMO 2: GUNUNG KLAWIH,21cineplex,,16SK2G,"Comedy, Horror",122 menit,13+,2D,2026-05-27,70ce4c37-f681-44b9-9e78-6d84253d789e,2026-05-17T06:22:46.134559
69fadadd-3db0-4701-a5b6-32688bec12af,SEMUA AKAN BAIK-BAIK SAJA,21cineplex,,16SABB,Drama,113 menit,13+,2D,2026-05-17,c30531b8-9dfb-41cc-8013-d7ef3ebdb209,2026-05-17T06:22:48.764921
69fadadd-3db0-4701-a5b6-32688bec12af,GHOST IN THE CELL,21cineplex,,16GITC,"Comedy, Horror",106 menit,D17+,2D,2026-05-17,beab1cc9-094b-49db-929f-020ef3527de5,2026-05-17T06:22:48.765194
69fadadd-3db0-4701-a5b6-32688bec12af,MICHAEL,21cineplex,,26MICL,Biography,127 menit,SU,2D,2026-05-17,97643872-580f-4224-8f3a-9d2a21e15f98,2026-05-17T06:22:48.765373
69fadadd-3db0-4701-a5b6-32688bec12af,GOHAN,21cineplex,,26GOHN,Drama,140 menit,SU,2D,2026-05-17,e10f32e2-08cb-42c7-8346-4967121a7d4c,2026-05-17T06:22:48.765510
69fadadd-3db0-4701-a5b6-32688bec12af,THE SHEEP DETECTIVES,21cineplex,,26SDES,"Comedy, Mystery",109 menit,SU,2D,2026-05-17,4cf055cf-b215-4e1e-9d8c-b83f82fd95d8,2026-05-17T06:22:48.765679
69fadadd-3db0-4701-a5b6-32688bec12af,SALMOKJI: WHISPERING WATER,21cineplex,,26SWWR,Horror,95 menit,D17+,2D,2026-05-17,987d5e9c-7803-490f-8e97-33e2caf18445,2026-05-17T06:22:48.765778
69fadadd-3db0-4701-a5b6-32688bec12af,STAR WARS: THE MANDALORIAN AND GROGU,21cineplex,,26SWMG,"Fantasy, Sci-Fi",132 menit,13+,2D,2026-05-20,a088a9b3-555a-4afd-bcd5-c700b9dce63b,2026-05-17T06:22:48.765897
69fadadd-3db0-4701-a5b6-32688bec12af,KELUARGA SUAMI ADALAH HAMA,21cineplex,,16KSAH,Drama,117 menit,13+,2D,2026-05-21,12d7b0dd-93e0-43e3-91dd-e88113c3a424,2026-05-17T06:22:48.766030
69fadadd-3db0-4701-a5b6-32688bec12af,SEKAWAN LIMO 2: GUNUNG KLAWIH,21cineplex,,16SK2G,"Comedy, Horror",122 menit,13+,2D,2026-05-27,e40d394a-5a24-40ec-a1fd-9140d0f3a9d3,2026-05-17T06:22:48.766214
75bf9fa5-6182-4643-bc17-46fe4a882593,THE SHEEP DETECTIVES,21cineplex,,26SDES,"Comedy, Mystery",109 menit,SU,2D,2026-05-17,9c90aabd-e652-49d0-97cb-236bd886551a,2026-05-17T06:22:50.270795
75bf9fa5-6182-4643-bc17-46fe4a882593,THE DEVIL WEARS PRADA 2,21cineplex,,26DWP2,"Comedy, Drama",119 menit,13+,2D,2026-05-17,0f4ff81a-6fc2-459e-934e-9d2c0e938e2e,2026-05-17T06:22:50.271074
75bf9fa5-6182-4643-bc17-46fe4a882593,GOHAN,21cineplex,,26GOHN,Drama,140 menit,SU,2D,2026-05-17,5873068d-2ad1-4f09-89bc-524a42a3ffac,2026-05-17T06:22:50.271294
75bf9fa5-6182-4643-bc17-46fe4a882593,SEMUA AKAN BAIK-BAIK SAJA,21cineplex,,16SABB,Drama,113 menit,13+,2D,2026-05-17,81ee881a-194c-478e-999b-6bc92215283a,2026-05-17T06:22:50.271482
75bf9fa5-6182-4643-bc17-46fe4a882593,TUMBAL PROYEK,21cineplex,,16TPRK,Horror,106 menit,D17+,2D,2026-05-17,54266c67-e92e-4067-8d1d-9842dcf8ba14,2026-05-17T06:22:50.271670
75bf9fa5-6182-4643-bc17-46fe4a882593,SALMOKJI: WHISPERING WATER,21cineplex,,26SWWR,Horror,95 menit,D17+,2D,2026-05-17,5afe3c62-6332-421d-8714-040852b7963b,2026-05-17T06:22:50.271869
75bf9fa5-6182-4643-bc17-46fe4a882593,MORTAL KOMBAT II,21cineplex,,25MKT2,"Action, Adventure",116 menit,D17+,2D,2026-05-17,32694f1f-f4bb-42ad-83e9-51d51554dcc0,2026-05-17T06:22:50.271986
75bf9fa5-6182-4643-bc17-46fe4a882593,GHOST IN THE CELL,21cineplex,,16GITC,"Comedy, Horror",106 menit,D17+,2D,2026-05-17,04f19067-36c3-45ac-b2cc-5a1717fa7705,2026-05-17T06:22:50.272191
6b250429-2888-4fe7-9e16-98d9aabd85b1,TUMBAL PROYEK,21cineplex,,16TPRK,Horror,106 menit,D17+,2D,2026-05-17,6b5ae715-9f37-40db-b4e8-8934b43aeee8,2026-05-17T06:22:54.831037
6b250429-2888-4fe7-9e16-98d9aabd85b1,YANG LAIN BOLEH HILANG ASAL KAU JANGAN,21cineplex,,16YLBH,Drama,113 menit,13+,2D,2026-05-17,fd9fecdd-8586-45db-bb95-ee74f68b307d,2026-05-17T06:22:54.832234
6b250429-2888-4fe7-9e16-98d9aabd85b1,GOHAN,21cineplex,,26GOHN,Drama,140 menit,SU,2D,2026-05-17,59244fcf-98f4-4e35-af7b-a8436f1b225c,2026-05-17T06:22:54.832428
6b250429-2888-4fe7-9e16-98d9aabd85b1,LEE CRONIN'S THE MUMMY,21cineplex,,26LCTM,Horror,134 menit,D17+,2D,2026-05-17,64b0367d-5d20-4368-ae96-243b336bed4c,2026-05-17T06:22:54.832512
6b250429-2888-4fe7-9e16-98d9aabd85b1,THE BELL: PANGGILAN UNTUK MATI,21cineplex,,16TBPU,Horror,91 menit,D17+,2D,2026-05-17,82fc4624-322e-4e51-8530-103ef5d2a7c3,2026-05-17T06:22:54.832653
6b250429-2888-4fe7-9e16-98d9aabd85b1,SEMUA AKAN BAIK-BAIK SAJA,21cineplex,,16SABB,Drama,113 menit,13+,2D,2026-05-17,c9ec7c1d-4b9d-473a-8cd0-67c4bf846ebc,2026-05-17T06:22:54.832787
6b250429-2888-4fe7-9e16-98d9aabd85b1,MORTAL KOMBAT II,21cineplex,,25MKT2,"Action, Adventure",116 menit,D17+,2D,2026-05-17,ca6417b0-d2a9-4ca5-868e-3012be1b192f,2026-05-17T06:22:54.832972
6b250429-2888-4fe7-9e16-98d9aabd85b1,GHOST IN THE CELL,21cineplex,,16GITC,"Comedy, Horror",106 menit,D17+,2D,2026-05-17,796b2014-524a-4312-82a3-88bf07f3d0de,2026-05-17T06:22:54.833125
6b250429-2888-4fe7-9e16-98d9aabd85b1,KELUARGA SUAMI ADALAH HAMA,21cineplex,,16KSAH,Drama,117 menit,13+,2D,2026-05-21,134e8118-b112-4ca4-8192-21f81a5ae48f,2026-05-17T06:22:54.833230
6b250429-2888-4fe7-9e16-98d9aabd85b1,CHILDREN OF HEAVEN,21cineplex,,16COHN,"Drama, Family",97 menit,SU,2D,2026-05-27,fdd0a421-0f56-43ed-ae60-fd984577b460,2026-05-17T06:22:54.833363
6b250429-2888-4fe7-9e16-98d9aabd85b1,SEKAWAN LIMO 2: GUNUNG KLAWIH,21cineplex,,16SK2G,"Comedy, Horror",122 menit,13+,2D,2026-05-27,c1597817-2dac-4171-a7b9-08f07c1fac58,2026-05-17T06:22:54.833462
fd498381-c610-489f-8002-595ba2c7db20,SEMUA AKAN BAIK-BAIK SAJA,21cineplex,,16SABB,Drama,113 menit,13+,2D,2026-05-17,9aca8641-7d28-44f1-9510-12cb400086f8,2026-05-17T06:22:56.268615
fd498381-c610-489f-8002-595ba2c7db20,MORTAL KOMBAT II,21cineplex,,25MKT2,"Action, Adventure",116 menit,D17+,2D,2026-05-17,b88dd490-327d-469a-9966-65fd49644727,2026-05-17T06:22:56.268768
fd498381-c610-489f-8002-595ba2c7db20,TUMBAL PROYEK,21cineplex,,16TPRK,Horror,106 menit,D17+,2D,2026-05-17,e636a5b9-a893-4e0d-9255-f95f3758ffc1,2026-05-17T06:22:56.268838
fd498381-c610-489f-8002-595ba2c7db20,SALMOKJI: WHISPERING WATER,21cineplex,,26SWWR,Horror,95 menit,D17+,2D,2026-05-17,6f9d26cd-6038-4789-a91b-e68237db12c3,2026-05-17T06:22:56.269293
4c5414b4-1992-4526-89d8-2da545f65375,SALMOKJI: WHISPERING WATER,21cineplex,,26SWWR,Horror,95 menit,D17+,2D,2026-05-17,81797ab9-5fcb-4dee-988e-1a84f93998a6,2026-05-17T06:22:57.801030
4c5414b4-1992-4526-89d8-2da545f65375,THE DEVIL WEARS PRADA 2,21cineplex,,26DWP2,"Comedy, Drama",119 menit,13+,2D,2026-05-17,42f81aa9-76cb-4724-a698-5ce0bc2e71fd,2026-05-17T06:22:57.801176
4c5414b4-1992-4526-89d8-2da545f65375,IN THE GREY,21cineplex,,26ITGY,"Action, Thriller",97 menit,13+,2D,2026-05-17,5ca3b6ab-ecf4-4b1b-a893-ba54560c05dc,2026-05-17T06:22:57.801348
fe9ce0f4-feb1-4470-88bf-c160c6f1597e,TUMBAL PROYEK,21cineplex,,16TPRK,Horror,106 menit,D17+,2D,2026-05-17,1da90337-099a-4a30-91f5-3a60a55f062b,2026-05-17T06:23:02.544889
fe9ce0f4-feb1-4470-88bf-c160c6f1597e,TOP GUN: MAVERICK (RE-RELEASE),21cineplex,,26TGMK,Action,130 menit,SU,2D,2026-05-17,3c57e95e-3a13-4b43-b51e-899573b3a610,2026-05-17T06:23:02.544982
fe9ce0f4-feb1-4470-88bf-c160c6f1597e,TOP GUN (RE-RELEASE),21cineplex,,26TGUN,Action,109 menit,D17+,2D,2026-05-17,cf556ded-a248-453f-bc00-ce92ae4f8bee,2026-05-17T06:23:02.545028
fe9ce0f4-feb1-4470-88bf-c160c6f1597e,GHOST IN THE CELL,21cineplex,,16GITC,"Comedy, Horror",106 menit,D17+,2D,2026-05-17,0cb299fd-c4fd-41c3-9e31-00c2d02bfe48,2026-05-17T06:23:02.545056
fe9ce0f4-feb1-4470-88bf-c160c6f1597e,GOHAN,21cineplex,,26GOHN,Drama,140 menit,SU,2D,2026-05-17,dfe77ed8-bcc4-4de8-8642-fa5ce4af2a3f,2026-05-17T06:23:02.545139
fe9ce0f4-feb1-4470-88bf-c160c6f1597e,SALMOKJI: WHISPERING WATER,21cineplex,,26SWWR,Horror,95 menit,D17+,2D,2026-05-17,0770bba8-7c31-410b-8915-ee796972d0b5,2026-05-17T06:23:02.545186
fe9ce0f4-feb1-4470-88bf-c160c6f1597e,MICHAEL,21cineplex,,26MICL,Biography,127 menit,SU,2D,2026-05-17,ccb1aef2-67b2-464e-b31d-e4fede0b34e1,2026-05-17T06:23:02.545249
fe9ce0f4-feb1-4470-88bf-c160c6f1597e,SEMUA AKAN BAIK-BAIK SAJA,21cineplex,,16SABB,Drama,113 menit,13+,2D,2026-05-17,75b1dfc6-33a2-423f-a316-fb08c00b1cec,2026-05-17T06:23:02.545306
fe9ce0f4-feb1-4470-88bf-c160c6f1597e,STAR WARS: THE MANDALORIAN AND GROGU,21cineplex,,26SWMG,"Fantasy, Sci-Fi",132 menit,13+,2D,2026-05-20,d30fce0c-40e7-4928-9530-7d9b84aa9525,2026-05-17T06:23:02.545398
fe9ce0f4-feb1-4470-88bf-c160c6f1597e,KELUARGA SUAMI ADALAH HAMA,21cineplex,,16KSAH,Drama,117 menit,13+,2D,2026-05-21,da4f9e0e-2f21-4ee0-b7b8-126d238a9e25,2026-05-17T06:23:02.545451
fe9ce0f4-feb1-4470-88bf-c160c6f1597e,SUAMIKU LUKAKU,21cineplex,,16SLUU,Drama,92 menit,D17+,2D,2026-05-27,8f5a8099-ea07-4acb-be51-6e27a81ccde7,2026-05-17T06:23:02.545522
fe9ce0f4-feb1-4470-88bf-c160c6f1597e,SEKAWAN LIMO 2: GUNUNG KLAWIH,21cineplex,,16SK2G,"Comedy, Horror",122 menit,13+,2D,2026-05-27,3b6c5c3c-c984-4bb6-9ef2-534259ef2fd2,2026-05-17T06:23:02.545586
9aa1aef1-69af-47e8-9d7d-bf700a9b7f9a,THE SHEEP DETECTIVES,21cineplex,,26SDES,"Comedy, Mystery",109 menit,SU,2D,2026-05-17,bc008424-a253-4879-b949-da797c446eb6,2026-05-17T06:23:03.792685
9aa1aef1-69af-47e8-9d7d-bf700a9b7f9a,SEMUA AKAN BAIK-BAIK SAJA,21cineplex,,16SABB,Drama,113 menit,13+,2D,2026-05-17,febcf4aa-48f5-4f24-ad58-ccfe4069363c,2026-05-17T06:23:03.792788
9aa1aef1-69af-47e8-9d7d-bf700a9b7f9a,YANG LAIN BOLEH HILANG ASAL KAU JANGAN,21cineplex,,16YLBH,Drama,113 menit,13+,2D,2026-05-17,712ae328-7daf-4974-b8fd-0ed0b8cd8ed5,2026-05-17T06:23:03.792909
9aa1aef1-69af-47e8-9d7d-bf700a9b7f9a,MORTAL KOMBAT II,21cineplex,,25MKT2,"Action, Adventure",116 menit,D17+,2D,2026-05-17,37b7eae7-3b84-4722-987a-692225fb1eb0,2026-05-17T06:23:03.792969
9aa1aef1-69af-47e8-9d7d-bf700a9b7f9a,SALMOKJI: WHISPERING WATER,21cineplex,,26SWWR,Horror,95 menit,D17+,2D,2026-05-17,806555e9-c57e-4952-ab94-d9f62f85b319,2026-05-17T06:23:03.793042
9aa1aef1-69af-47e8-9d7d-bf700a9b7f9a,TUMBAL PROYEK,21cineplex,,16TPRK,Horror,106 menit,D17+,2D,2026-05-17,896da7b8-6eea-4c53-89bb-cc3997be4987,2026-05-17T06:23:03.793107
9aa1aef1-69af-47e8-9d7d-bf700a9b7f9a,KELUARGA SUAMI ADALAH HAMA,21cineplex,,16KSAH,Drama,117 menit,13+,2D,2026-05-21,dfca1376-bdce-4b09-ad0a-e6b669277319,2026-05-17T06:23:03.793202
9aa1aef1-69af-47e8-9d7d-bf700a9b7f9a,KAMU HARUS MATI,21cineplex,,16KHMI,"Horror, Mystery, Thriller",90 menit,13+,2D,2026-05-21,d062e0cd-a06e-4b10-95dc-3ee01a681238,2026-05-17T06:23:03.793302
d1db1d2a-889b-4790-aa08-d80d07415d8f,YANG LAIN BOLEH HILANG ASAL KAU JANGAN,21cineplex,,16YLBH,Drama,113 menit,13+,2D,2026-05-17,aa22367b-2dfe-4881-9042-eacac6d71797,2026-05-17T06:23:05.494118
d1db1d2a-889b-4790-aa08-d80d07415d8f,DILAN ITB 1997,21cineplex,,16DI97,"Drama, Romance",110 menit,13+,2D,2026-05-17,82074638-3389-436f-b045-d332dd59fa83,2026-05-17T06:23:05.494215
d1db1d2a-889b-4790-aa08-d80d07415d8f,GHOST IN THE CELL,21cineplex,,16GITC,"Comedy, Horror",106 menit,D17+,2D,2026-05-17,c756e348-bda3-4773-9dee-ebcdead999ea,2026-05-17T06:23:05.494257
d1db1d2a-889b-4790-aa08-d80d07415d8f,MORTAL KOMBAT II,21cineplex,,25MKT2,"Action, Adventure",116 menit,D17+,2D,2026-05-17,c3adb28b-4c7b-4322-b3c8-9a87d2922135,2026-05-17T06:23:05.494321
d1db1d2a-889b-4790-aa08-d80d07415d8f,TUMBAL PROYEK,21cineplex,,16TPRK,Horror,106 menit,D17+,2D,2026-05-17,86bbd111-33f3-43f6-8c58-862c9d3b940f,2026-05-17T06:23:05.494373
d1db1d2a-889b-4790-aa08-d80d07415d8f,SEMUA AKAN BAIK-BAIK SAJA,21cineplex,,16SABB,Drama,113 menit,13+,2D,2026-05-17,6dc4d17f-0e15-4da3-b30a-f831e5b2dd94,2026-05-17T06:23:05.494429
d1db1d2a-889b-4790-aa08-d80d07415d8f,KELUARGA SUAMI ADALAH HAMA,21cineplex,,16KSAH,Drama,117 menit,13+,2D,2026-05-21,d0d1fe42-e3fd-4d92-91fd-28c91e4f6ea5,2026-05-17T06:23:05.494555
d1db1d2a-889b-4790-aa08-d80d07415d8f,SEKAWAN LIMO 2: GUNUNG KLAWIH,21cineplex,,16SK2G,"Comedy, Horror",122 menit,13+,2D,2026-05-27,2c846fc8-6731-426a-81e4-4eeb1aeae1ee,2026-05-17T06:23:05.494621
68d4cf84-69f1-48fc-835d-fe123ce79668,GHOST IN THE CELL,21cineplex,,16GITC,"Comedy, Horror",106 menit,D17+,2D,2026-05-17,7a453003-21b1-4490-9111-4afa973ed338,2026-05-17T06:23:07.087383
68d4cf84-69f1-48fc-835d-fe123ce79668,SALMOKJI: WHISPERING WATER,21cineplex,,26SWWR,Horror,95 menit,D17+,2D,2026-05-17,649d58c4-258b-4bf1-b52e-2a7709dd0eec,2026-05-17T06:23:07.087509
68d4cf84-69f1-48fc-835d-fe123ce79668,MORTAL KOMBAT II,21cineplex,,25MKT2,"Action, Adventure",116 menit,D17+,2D,2026-05-17,a6e811fc-e9a5-48b4-8979-b4760ebec5f8,2026-05-17T06:23:07.087557
68d4cf84-69f1-48fc-835d-fe123ce79668,GOHAN,21cineplex,,26GOHN,Drama,140 menit,SU,2D,2026-05-17,41e522a7-bee5-427c-a04f-4a45fccbd310,2026-05-17T06:23:07.090217
68d4cf84-69f1-48fc-835d-fe123ce79668,THE DEVIL WEARS PRADA 2,21cineplex,,26DWP2,"Comedy, Drama",119 menit,13+,2D,2026-05-17,844ed4dd-3f91-45f4-a715-6949ee2df234,2026-05-17T06:23:07.090313
68d4cf84-69f1-48fc-835d-fe123ce79668,SEMUA AKAN BAIK-BAIK SAJA,21cineplex,,16SABB,Drama,113 menit,13+,2D,2026-05-17,069be426-89fa-412e-b15d-1d41dc2ba423,2026-05-17T06:23:07.090357
68d4cf84-69f1-48fc-835d-fe123ce79668,THE SHEEP DETECTIVES,21cineplex,,26SDES,"Comedy, Mystery",109 menit,SU,2D,2026-05-17,2e2c9249-8a7e-447a-83ed-2360a5720e7c,2026-05-17T06:23:07.090548
68d4cf84-69f1-48fc-835d-fe123ce79668,TUMBAL PROYEK,21cineplex,,16TPRK,Horror,106 menit,D17+,2D,2026-05-17,8eecf821-09d8-4f84-84c4-d7ae996eaf09,2026-05-17T06:23:07.090593
68d4cf84-69f1-48fc-835d-fe123ce79668,IN THE GREY,21cineplex,,26ITGY,"Action, Thriller",97 menit,13+,2D,2026-05-17,88362d3f-7e94-49db-8895-b8b6afd53240,2026-05-17T06:23:07.090840
68d4cf84-69f1-48fc-835d-fe123ce79668,STAR WARS: THE MANDALORIAN AND GROGU,21cineplex,,26SWMG,"Fantasy, Sci-Fi",132 menit,13+,2D,2026-05-20,74744fe4-94c0-435d-9411-3dd2399bb673,2026-05-17T06:23:07.090935
68d4cf84-69f1-48fc-835d-fe123ce79668,KELUARGA SUAMI ADALAH HAMA,21cineplex,,16KSAH,Drama,117 menit,13+,2D,2026-05-21,6485b49c-d8b8-4d1a-91e8-53951ad44d89,2026-05-17T06:23:07.091023
68d4cf84-69f1-48fc-835d-fe123ce79668,SEKAWAN LIMO 2: GUNUNG KLAWIH,21cineplex,,16SK2G,"Comedy, Horror",122 menit,13+,2D,2026-05-27,ac07c097-fc63-4c01-8860-fec7e11a955f,2026-05-17T06:23:07.091205
68d4cf84-69f1-48fc-835d-fe123ce79668,SUAMIKU LUKAKU,21cineplex,,16SLUU,Drama,92 menit,D17+,2D,2026-05-27,c65d1701-053b-4e07-a414-50b6581006ed,2026-05-17T06:23:07.091406
b9a449e0-19f8-469a-a2e5-c79ab059da11,GHOST IN THE CELL,21cineplex,,16GITC,"Comedy, Horror",106 menit,D17+,2D,2026-05-17,a796f6b7-544a-45a1-a8ce-34684590d2ae,2026-05-17T06:23:08.545066
b9a449e0-19f8-469a-a2e5-c79ab059da11,DILAN ITB 1997,21cineplex,,16DI97,"Drama, Romance",110 menit,13+,2D,2026-05-17,bb19fd1c-fc2c-4eb3-a055-18956ebb6151,2026-05-17T06:23:08.545288
b9a449e0-19f8-469a-a2e5-c79ab059da11,"AYAH, INI ARAHNYA KEMANA, YA?",21cineplex,,16AIAK,Drama,103 menit,13+,2D,2026-05-17,39a6232b-ae3d-4b14-a508-f09523567587,2026-05-17T06:23:08.545339
b9a449e0-19f8-469a-a2e5-c79ab059da11,TUMBAL PROYEK,21cineplex,,16TPRK,Horror,106 menit,D17+,2D,2026-05-17,a7ed4723-c82e-4298-adbd-d90ec251eef4,2026-05-17T06:23:08.545411
b9a449e0-19f8-469a-a2e5-c79ab059da11,SEMUA AKAN BAIK-BAIK SAJA,21cineplex,,16SABB,Drama,113 menit,13+,2D,2026-05-17,31a3a849-a4f8-4b1a-b08c-63835ba23d3e,2026-05-17T06:23:08.545484
b9a449e0-19f8-469a-a2e5-c79ab059da11,KELUARGA SUAMI ADALAH HAMA,21cineplex,,16KSAH,Drama,117 menit,13+,2D,2026-05-21,dea23086-9c37-4710-b5e0-38073b3e21b3,2026-05-17T06:23:08.545560
4dc3e1f4-323a-4ae3-8b29-503de7e3f64b,TUMBAL PROYEK,21cineplex,,16TPRK,Horror,106 menit,D17+,2D,2026-05-17,eda8fd2e-94c8-4160-90fd-52efd2ff7bc7,2026-05-17T06:23:09.829536
4dc3e1f4-323a-4ae3-8b29-503de7e3f64b,MORTAL KOMBAT II,21cineplex,,25MKT2,"Action, Adventure",116 menit,D17+,2D,2026-05-17,93e7e174-5c2e-4189-a67c-816fb3b0927f,2026-05-17T06:23:09.829822
4dc3e1f4-323a-4ae3-8b29-503de7e3f64b,GOHAN,21cineplex,,26GOHN,Drama,140 menit,SU,2D,2026-05-17,f6e7f007-dd4d-4e02-a600-2609d31e1ebe,2026-05-17T06:23:09.829987
4dc3e1f4-323a-4ae3-8b29-503de7e3f64b,SEMUA AKAN BAIK-BAIK SAJA,21cineplex,,16SABB,Drama,113 menit,13+,2D,2026-05-17,54d7e0cf-3457-42a5-bc71-f06b4be8bbe2,2026-05-17T06:23:09.830086
4dc3e1f4-323a-4ae3-8b29-503de7e3f64b,IN THE GREY,21cineplex,,26ITGY,"Action, Thriller",97 menit,13+,2D,2026-05-17,67ef4876-18f9-400d-986a-5dc41ef76a87,2026-05-17T06:23:09.830345
4dc3e1f4-323a-4ae3-8b29-503de7e3f64b,GHOST IN THE CELL,21cineplex,,16GITC,"Comedy, Horror",106 menit,D17+,2D,2026-05-17,079384bb-7824-484a-af03-2717df601461,2026-05-17T06:23:09.830463
4dc3e1f4-323a-4ae3-8b29-503de7e3f64b,THE SHEEP DETECTIVES,21cineplex,,26SDES,"Comedy, Mystery",109 menit,SU,2D,2026-05-17,6d1f464b-aac7-4eb5-b59d-b203637c5d1b,2026-05-17T06:23:09.830616
4dc3e1f4-323a-4ae3-8b29-503de7e3f64b,KELUARGA SUAMI ADALAH HAMA,21cineplex,,16KSAH,Drama,117 menit,13+,2D,2026-05-21,681c3a9b-e7ff-4d48-9bbc-6a0bb86b8dc2,2026-05-17T06:23:09.830742
4dc3e1f4-323a-4ae3-8b29-503de7e3f64b,SEKAWAN LIMO 2: GUNUNG KLAWIH,21cineplex,,16SK2G,"Comedy, Horror",122 menit,13+,2D,2026-05-27,73816287-dc5e-40a2-a43b-6965c155c6da,2026-05-17T06:23:09.830963
249f56f4-3b77-45e2-b83c-f67ce442c610,YANG LAIN BOLEH HILANG ASAL KAU JANGAN,21cineplex,,16YLBH,Drama,113 menit,13+,2D,2026-05-17,bc55fc3f-387c-43e9-8e77-ac12f910f235,2026-05-17T06:23:11.545523
249f56f4-3b77-45e2-b83c-f67ce442c610,THE BELL: PANGGILAN UNTUK MATI,21cineplex,,16TBPU,Horror,91 menit,D17+,2D,2026-05-17,c7d1dfc3-5f71-4cb5-b6ab-4085985a4878,2026-05-17T06:23:11.545852
249f56f4-3b77-45e2-b83c-f67ce442c610,GOHAN,21cineplex,,26GOHN,Drama,140 menit,SU,2D,2026-05-17,a4454a9f-ccec-47b9-8a18-b589f3f6386c,2026-05-17T06:23:11.546096
249f56f4-3b77-45e2-b83c-f67ce442c610,THE SHEEP DETECTIVES,21cineplex,,26SDES,"Comedy, Mystery",109 menit,SU,2D,2026-05-17,d2181468-9417-4c67-8862-69fe3ea283bd,2026-05-17T06:23:11.546205
249f56f4-3b77-45e2-b83c-f67ce442c610,GHOST IN THE CELL,21cineplex,,16GITC,"Comedy, Horror",106 menit,D17+,2D,2026-05-17,118e4288-9dc2-4687-b19d-7e359731a8e3,2026-05-17T06:23:11.546333
249f56f4-3b77-45e2-b83c-f67ce442c610,TUMBAL PROYEK,21cineplex,,16TPRK,Horror,106 menit,D17+,2D,2026-05-17,4f740fd5-6c3d-4b34-8c97-804ebdc38840,2026-05-17T06:23:11.546548
249f56f4-3b77-45e2-b83c-f67ce442c610,"AYAH, INI ARAHNYA KEMANA, YA?",21cineplex,,16AIAK,Drama,103 menit,13+,2D,2026-05-17,85b9f33d-f2bb-4bd2-9ab9-fe8dab5e5d91,2026-05-17T06:23:11.546724
249f56f4-3b77-45e2-b83c-f67ce442c610,SEMUA AKAN BAIK-BAIK SAJA,21cineplex,,16SABB,Drama,113 menit,13+,2D,2026-05-17,19b42a39-0eb8-4ffd-8a1b-edde875de41c,2026-05-17T06:23:11.546966
249f56f4-3b77-45e2-b83c-f67ce442c610,KELUARGA SUAMI ADALAH HAMA,21cineplex,,16KSAH,Drama,117 menit,13+,2D,2026-05-21,49859379-1054-4613-b808-08e490573a06,2026-05-17T06:23:11.547165
249f56f4-3b77-45e2-b83c-f67ce442c610,CHILDREN OF HEAVEN,21cineplex,,16COHN,"Drama, Family",97 menit,SU,2D,2026-05-27,680854a1-9ddb-462a-9b7f-ed2072f17ae2,2026-05-17T06:23:11.547362
249f56f4-3b77-45e2-b83c-f67ce442c610,SEKAWAN LIMO 2: GUNUNG KLAWIH,21cineplex,,16SK2G,"Comedy, Horror",122 menit,13+,2D,2026-05-27,cfb114fb-c93a-4982-8024-342e4be0db0f,2026-05-17T06:23:11.547557
249f56f4-3b77-45e2-b83c-f67ce442c610,SUAMIKU LUKAKU,21cineplex,,16SLUU,Drama,92 menit,D17+,2D,2026-05-27,6d422a19-27e8-41a8-b2a6-8a3d57e80357,2026-05-17T06:23:11.547735
1ef118ed-3823-417c-91b7-ad31ab8fc3c1,DILAN ITB 1997,21cineplex,,16DI97,"Drama, Romance",110 menit,13+,2D,2026-05-17,0e15272e-daf8-4598-911b-266cc217b23e,2026-05-17T06:23:12.839212
1ef118ed-3823-417c-91b7-ad31ab8fc3c1,THE SHEEP DETECTIVES,21cineplex,,26SDES,"Comedy, Mystery",109 menit,SU,2D,2026-05-17,f9524d08-7399-45c4-91e0-18a422f54098,2026-05-17T06:23:12.839392
1ef118ed-3823-417c-91b7-ad31ab8fc3c1,MORTAL KOMBAT II,21cineplex,,25MKT2,"Action, Adventure",116 menit,D17+,2D,2026-05-17,1fb02413-dace-4161-b9d0-756234fb70bc,2026-05-17T06:23:12.839482
1ef118ed-3823-417c-91b7-ad31ab8fc3c1,GOHAN,21cineplex,,26GOHN,Drama,140 menit,SU,2D,2026-05-17,258ae0e5-1123-4c10-9cf9-557a270f2ddd,2026-05-17T06:23:12.839609
1ef118ed-3823-417c-91b7-ad31ab8fc3c1,YANG LAIN BOLEH HILANG ASAL KAU JANGAN,21cineplex,,16YLBH,Drama,113 menit,13+,2D,2026-05-17,9e321900-f2c0-4492-a680-beebab17b730,2026-05-17T06:23:12.839692
1ef118ed-3823-417c-91b7-ad31ab8fc3c1,TUMBAL PROYEK,21cineplex,,16TPRK,Horror,106 menit,D17+,2D,2026-05-17,8dbac7ec-0301-49b5-a875-7f22e39a23ec,2026-05-17T06:23:12.839817
1ef118ed-3823-417c-91b7-ad31ab8fc3c1,SEMUA AKAN BAIK-BAIK SAJA,21cineplex,,16SABB,Drama,113 menit,13+,2D,2026-05-17,0e3659a4-9256-4a5a-b8eb-9f184e79b884,2026-05-17T06:23:12.839923
1ef118ed-3823-417c-91b7-ad31ab8fc3c1,GHOST IN THE CELL,21cineplex,,16GITC,"Comedy, Horror",106 menit,D17+,2D,2026-05-17,ae1b7e3f-6751-40d5-8aca-b4f929ab8819,2026-05-17T06:23:12.840061
1ef118ed-3823-417c-91b7-ad31ab8fc3c1,KELUARGA SUAMI ADALAH HAMA,21cineplex,,16KSAH,Drama,117 menit,13+,2D,2026-05-21,3f2b183e-d053-4a23-9532-1b2525f83c57,2026-05-17T06:23:12.840186
1ef118ed-3823-417c-91b7-ad31ab8fc3c1,SEKAWAN LIMO 2: GUNUNG KLAWIH,21cineplex,,16SK2G,"Comedy, Horror",122 menit,13+,2D,2026-05-27,ae999056-7aee-403d-a755-acc5c658a3c5,2026-05-17T06:23:12.840303
1ef118ed-3823-417c-91b7-ad31ab8fc3c1,SUAMIKU LUKAKU,21cineplex,,16SLUU,Drama,92 menit,D17+,2D,2026-05-27,bbb9bfa7-3780-4035-a2e7-89e7fe2cc127,2026-05-17T06:23:12.840416
1ef118ed-3823-417c-91b7-ad31ab8fc3c1,CHILDREN OF HEAVEN,21cineplex,,16COHN,"Drama, Family",97 menit,SU,2D,2026-05-27,22d050ee-1277-4e9d-9cf7-4d84dc4789cf,2026-05-17T06:23:12.840543
158e608e-ee8a-405f-aa7f-352be6ae010c,TUMBAL PROYEK,21cineplex,,16TPRK,Horror,106 menit,D17+,2D,2026-05-17,e8aae88f-438f-4cfd-9829-ea2204523dc4,2026-05-17T06:23:15.826024
158e608e-ee8a-405f-aa7f-352be6ae010c,"AYAH, INI ARAHNYA KEMANA, YA?",21cineplex,,16AIAK,Drama,103 menit,13+,2D,2026-05-17,2dbc99bd-8520-4863-bbc4-4decb630f0e9,2026-05-17T06:23:15.826312
158e608e-ee8a-405f-aa7f-352be6ae010c,DILAN ITB 1997,21cineplex,,16DI97,"Drama, Romance",110 menit,13+,2D,2026-05-17,3cd4ba73-cc91-430d-a9a8-47750c45aee8,2026-05-17T06:23:15.826621
158e608e-ee8a-405f-aa7f-352be6ae010c,YANG LAIN BOLEH HILANG ASAL KAU JANGAN,21cineplex,,16YLBH,Drama,113 menit,13+,2D,2026-05-17,b7554683-2986-4072-a3e1-0bea717984cd,2026-05-17T06:23:15.826712
158e608e-ee8a-405f-aa7f-352be6ae010c,SEMUA AKAN BAIK-BAIK SAJA,21cineplex,,16SABB,Drama,113 menit,13+,2D,2026-05-17,d2d6a8cb-f5ed-4bad-92e3-b4205bd70829,2026-05-17T06:23:15.826866
158e608e-ee8a-405f-aa7f-352be6ae010c,GHOST IN THE CELL,21cineplex,,16GITC,"Comedy, Horror",106 menit,D17+,2D,2026-05-17,56e595d7-ed7a-4f2e-82fb-317bcff8b89e,2026-05-17T06:23:15.827039
ba793af4-fbd6-4af6-912c-5f85fc974864,DILAN ITB 1997,21cineplex,,16DI97,"Drama, Romance",110 menit,13+,2D,2026-05-17,8263d808-6b22-480e-85c9-144e6bfa548a,2026-05-17T06:23:17.522005
ba793af4-fbd6-4af6-912c-5f85fc974864,YANG LAIN BOLEH HILANG ASAL KAU JANGAN,21cineplex,,16YLBH,Drama,113 menit,13+,2D,2026-05-17,2aeb61e2-ca21-4f28-b8f1-6ad7e09d7761,2026-05-17T06:23:17.522083
ba793af4-fbd6-4af6-912c-5f85fc974864,SALMOKJI: WHISPERING WATER,21cineplex,,26SWWR,Horror,95 menit,D17+,2D,2026-05-17,3cbecac9-c2c9-424f-87d8-eea28fcdbc97,2026-05-17T06:23:17.522141
ba793af4-fbd6-4af6-912c-5f85fc974864,GHOST IN THE CELL,21cineplex,,16GITC,"Comedy, Horror",106 menit,D17+,2D,2026-05-17,9f05299b-797a-4395-8cbe-7986983ed83b,2026-05-17T06:23:17.522176
ba793af4-fbd6-4af6-912c-5f85fc974864,SEMUA AKAN BAIK-BAIK SAJA,21cineplex,,16SABB,Drama,113 menit,13+,2D,2026-05-17,22cf69f6-37b6-492a-a929-aacc29ca726d,2026-05-17T06:23:17.522219
ba793af4-fbd6-4af6-912c-5f85fc974864,MORTAL KOMBAT II,21cineplex,,25MKT2,"Action, Adventure",116 menit,D17+,2D,2026-05-17,0dd87ac3-b5a9-4e71-9d78-ac7f10e373aa,2026-05-17T06:23:17.522291
ba793af4-fbd6-4af6-912c-5f85fc974864,TUMBAL PROYEK,21cineplex,,16TPRK,Horror,106 menit,D17+,2D,2026-05-17,f15529f8-784d-4aa3-b62a-93434141e41d,2026-05-17T06:23:17.522340
ba793af4-fbd6-4af6-912c-5f85fc974864,CHILDREN OF HEAVEN,21cineplex,,16COHN,"Drama, Family",97 menit,SU,2D,2026-05-27,4be667b0-5e96-4a14-b881-01a0bfd47ee4,2026-05-17T06:23:17.522413
9ce3145d-3ad2-4ac4-b53b-d0bf421644fe,THE DEVIL WEARS PRADA 2,21cineplex,,26DWP2,"Comedy, Drama",119 menit,13+,2D,2026-05-17,3dbb2183-aaaf-4e6f-b9f7-d01239c343fe,2026-05-17T06:23:18.872515
9ce3145d-3ad2-4ac4-b53b-d0bf421644fe,MORTAL KOMBAT II,21cineplex,,25MKT2,"Action, Adventure",116 menit,D17+,2D,2026-05-17,367df9f2-c817-4017-bff9-a07b0f172e76,2026-05-17T06:23:18.872810
9ce3145d-3ad2-4ac4-b53b-d0bf421644fe,GOHAN,21cineplex,,26GOHN,Drama,140 menit,SU,2D,2026-05-17,e9646715-6206-43c5-9285-9b1e65c8252f,2026-05-17T06:23:18.873011
9ce3145d-3ad2-4ac4-b53b-d0bf421644fe,THE SHEEP DETECTIVES,21cineplex,,26SDES,"Comedy, Mystery",109 menit,SU,2D,2026-05-17,d0f0230c-48c4-40e1-9a87-dc9e26b8ce56,2026-05-17T06:23:18.873091
9ce3145d-3ad2-4ac4-b53b-d0bf421644fe,SEMUA AKAN BAIK-BAIK SAJA,21cineplex,,16SABB,Drama,113 menit,13+,2D,2026-05-17,c9dc2e30-0727-4844-80a7-95f6a899a279,2026-05-17T06:23:18.873298
9ce3145d-3ad2-4ac4-b53b-d0bf421644fe,MICHAEL,21cineplex,,26MICL,Biography,127 menit,SU,2D,2026-05-17,ec9ab6db-468d-44dc-9b8c-22916280d8f1,2026-05-17T06:23:18.873587
9ce3145d-3ad2-4ac4-b53b-d0bf421644fe,TUMBAL PROYEK,21cineplex,,16TPRK,Horror,106 menit,D17+,2D,2026-05-17,a85ed9fe-60b3-4b4e-8f6c-0fb0192a9fe6,2026-05-17T06:23:18.873655
9ce3145d-3ad2-4ac4-b53b-d0bf421644fe,STAR WARS: THE MANDALORIAN AND GROGU,21cineplex,,26SWMG,"Fantasy, Sci-Fi",132 menit,13+,2D,2026-05-20,dfaf97e9-fcf4-4572-9ac4-41f9e812f84a,2026-05-17T06:23:18.873739
9ce3145d-3ad2-4ac4-b53b-d0bf421644fe,KAMU HARUS MATI,21cineplex,,16KHMI,"Horror, Mystery, Thriller",90 menit,13+,2D,2026-05-21,99181b1e-8600-4b7e-9113-7598036a504e,2026-05-17T06:23:18.874534
9ce3145d-3ad2-4ac4-b53b-d0bf421644fe,KELUARGA SUAMI ADALAH HAMA,21cineplex,,16KSAH,Drama,117 menit,13+,2D,2026-05-21,10725ce0-e5c6-4198-bc73-78a71e692459,2026-05-17T06:23:18.874670
9ce3145d-3ad2-4ac4-b53b-d0bf421644fe,SEKAWAN LIMO 2: GUNUNG KLAWIH,21cineplex,,16SK2G,"Comedy, Horror",122 menit,13+,2D,2026-05-27,10049563-b0be-4d4a-a496-54032ccfb372,2026-05-17T06:23:18.875533
be7739d6-4805-4546-84a1-e18ccd388b0f,TUMBAL PROYEK,21cineplex,,16TPRK,Horror,106 menit,D17+,2D,2026-05-17,0c708807-7e4b-4d2e-8f3f-9d92533c36f5,2026-05-17T06:23:28.022220
be7739d6-4805-4546-84a1-e18ccd388b0f,GHOST IN THE CELL,21cineplex,,16GITC,"Comedy, Horror",106 menit,D17+,2D,2026-05-17,8393cdd9-c4b2-4594-a339-e7d15e90bc9b,2026-05-17T06:23:28.022465
be7739d6-4805-4546-84a1-e18ccd388b0f,TIBA TIBA SETAN,21cineplex,,16TTSN,"Comedy, Horror",113 menit,13+,2D,2026-05-17,eeba9667-dd37-411a-a290-49ae88fe7316,2026-05-17T06:23:28.022598
be7739d6-4805-4546-84a1-e18ccd388b0f,SALMOKJI: WHISPERING WATER,21cineplex,,26SWWR,Horror,95 menit,D17+,2D,2026-05-17,742dec61-9ad9-4055-a10c-702c7d6eee91,2026-05-17T06:23:28.022727
be7739d6-4805-4546-84a1-e18ccd388b0f,SEMUA AKAN BAIK-BAIK SAJA,21cineplex,,16SABB,Drama,113 menit,13+,2D,2026-05-17,2082bd76-b92f-4d04-9704-8387e0e4b5a0,2026-05-17T06:23:28.022830
be7739d6-4805-4546-84a1-e18ccd388b0f,KAMU HARUS MATI,21cineplex,,16KHMI,"Horror, Mystery, Thriller",90 menit,13+,2D,2026-05-21,73041c3b-1522-4e9c-bee7-17744bc8d24f,2026-05-17T06:23:28.023011
a4e772cd-5f3b-4764-9048-8cbf2d4fb218,SEMUA AKAN BAIK-BAIK SAJA,21cineplex,,16SABB,Drama,113 menit,13+,2D,2026-05-17,6a22939d-24aa-40f5-bcbb-95e4d784432e,2026-05-17T06:23:28.023546
a4e772cd-5f3b-4764-9048-8cbf2d4fb218,SALMOKJI: WHISPERING WATER,21cineplex,,26SWWR,Horror,95 menit,D17+,2D,2026-05-17,c6bd25ad-61cf-4095-9074-f9e8906e7a96,2026-05-17T06:23:28.023768
a4e772cd-5f3b-4764-9048-8cbf2d4fb218,TUMBAL PROYEK,21cineplex,,16TPRK,Horror,106 menit,D17+,2D,2026-05-17,7947a9b6-a75f-450b-82e7-b9e9b91c115f,2026-05-17T06:23:28.023907
a4e772cd-5f3b-4764-9048-8cbf2d4fb218,GHOST IN THE CELL,21cineplex,,16GITC,"Comedy, Horror",106 menit,D17+,2D,2026-05-17,3745ce3d-759f-45ab-bbab-b571fc126875,2026-05-17T06:23:28.024087
a4e772cd-5f3b-4764-9048-8cbf2d4fb218,DILAN ITB 1997,21cineplex,,16DI97,"Drama, Romance",110 menit,13+,2D,2026-05-17,4e35ea4b-d84d-4ada-82fd-937a278b5ea8,2026-05-17T06:23:28.024300
a4e772cd-5f3b-4764-9048-8cbf2d4fb218,KAMU HARUS MATI,21cineplex,,16KHMI,"Horror, Mystery, Thriller",90 menit,13+,2D,2026-05-21,6afed0bc-eb9c-4d52-badf-4ead5642e43f,2026-05-17T06:23:28.024426
ecd27f1c-366e-4634-948c-7c22d106670d,DILAN ITB 1997,21cineplex,,16DI97,"Drama, Romance",110 menit,13+,2D,2026-05-17,c92eca9b-e5b5-4864-9064-036e3fb66d8d,2026-05-17T06:23:28.024884
ecd27f1c-366e-4634-948c-7c22d106670d,TUMBAL PROYEK,21cineplex,,16TPRK,Horror,106 menit,D17+,2D,2026-05-17,6172986b-f25c-4aae-80d5-06dcbd246e9f,2026-05-17T06:23:28.025039
ecd27f1c-366e-4634-948c-7c22d106670d,THE SHEEP DETECTIVES,21cineplex,,26SDES,"Comedy, Mystery",109 menit,SU,2D,2026-05-17,991014ae-6f21-4968-83f0-d92b00af49da,2026-05-17T06:23:28.025185
ecd27f1c-366e-4634-948c-7c22d106670d,"AYAH, INI ARAHNYA KEMANA, YA?",21cineplex,,16AIAK,Drama,103 menit,13+,2D,2026-05-17,43e95cd7-e8f3-45f0-937a-864381096cce,2026-05-17T06:23:28.025304
ecd27f1c-366e-4634-948c-7c22d106670d,TIBA TIBA SETAN,21cineplex,,16TTSN,"Comedy, Horror",113 menit,13+,2D,2026-05-17,89eec420-f84f-4a14-addd-2a21d195cd3e,2026-05-17T06:23:28.025456
ecd27f1c-366e-4634-948c-7c22d106670d,GHOST IN THE CELL,21cineplex,,16GITC,"Comedy, Horror",106 menit,D17+,2D,2026-05-17,10bf1d0f-3395-473a-bc8b-f0e2574ff593,2026-05-17T06:23:28.025631
ecd27f1c-366e-4634-948c-7c22d106670d,THE BELL: PANGGILAN UNTUK MATI,21cineplex,,16TBPU,Horror,91 menit,D17+,2D,2026-05-17,520f306e-c0fe-41a0-9d1b-3031bfe0c6c3,2026-05-17T06:23:28.025731
ecd27f1c-366e-4634-948c-7c22d106670d,YANG LAIN BOLEH HILANG ASAL KAU JANGAN,21cineplex,,16YLBH,Drama,113 menit,13+,2D,2026-05-17,c5faa130-b3b4-40b6-86a2-5c284a4cab74,2026-05-17T06:23:28.025877
ecd27f1c-366e-4634-948c-7c22d106670d,SEMUA AKAN BAIK-BAIK SAJA,21cineplex,,16SABB,Drama,113 menit,13+,2D,2026-05-17,504a7e75-9d00-41bb-abfd-70ff1f6d579b,2026-05-17T06:23:28.026066
ecd27f1c-366e-4634-948c-7c22d106670d,KAMU HARUS MATI,21cineplex,,16KHMI,"Horror, Mystery, Thriller",90 menit,13+,2D,2026-05-21,ad20b4e0-3f79-4b99-894a-7eada8a2649f,2026-05-17T06:23:28.026254
ecd27f1c-366e-4634-948c-7c22d106670d,SUAMIKU LUKAKU,21cineplex,,16SLUU,Drama,92 menit,D17+,2D,2026-05-27,82596446-6851-439f-b85d-4d116d5d6933,2026-05-17T06:23:28.026731
ecd27f1c-366e-4634-948c-7c22d106670d,CHILDREN OF HEAVEN,21cineplex,,16COHN,"Drama, Family",97 menit,SU,2D,2026-05-27,af781d86-67e6-4769-a98e-89fbe6492952,2026-05-17T06:23:28.026918
ecd27f1c-366e-4634-948c-7c22d106670d,SEKAWAN LIMO 2: GUNUNG KLAWIH,21cineplex,,16SK2G,"Comedy, Horror",122 menit,13+,2D,2026-05-27,adc33ab4-ce6d-4745-8225-08322d05fd4a,2026-05-17T06:23:28.027105
fcfd0b43-7cfe-43bf-8255-7f546f5edbf9,GHOST IN THE CELL,21cineplex,,16GITC,"Comedy, Horror",106 menit,D17+,2D,2026-05-17,d5e553a0-00dc-49f3-bc0e-f4a5462514d2,2026-05-17T06:23:28.027835
fcfd0b43-7cfe-43bf-8255-7f546f5edbf9,SEMUA AKAN BAIK-BAIK SAJA,21cineplex,,16SABB,Drama,113 menit,13+,2D,2026-05-17,a221a31d-9681-4990-bb7b-075141395bc5,2026-05-17T06:23:28.028068
fcfd0b43-7cfe-43bf-8255-7f546f5edbf9,TUMBAL PROYEK,21cineplex,,16TPRK,Horror,106 menit,D17+,2D,2026-05-17,c22bb53c-8197-4d3f-a225-d4fa6f44e716,2026-05-17T06:23:28.028264
fcfd0b43-7cfe-43bf-8255-7f546f5edbf9,MORTAL KOMBAT II,21cineplex,,25MKT2,"Action, Adventure",116 menit,D17+,2D,2026-05-17,3cf71154-9a64-4937-9e47-5ba5f1606fbc,2026-05-17T06:23:28.028424
fcfd0b43-7cfe-43bf-8255-7f546f5edbf9,SALMOKJI: WHISPERING WATER,21cineplex,,26SWWR,Horror,95 menit,D17+,2D,2026-05-17,2e08b7dd-6dca-4d75-9962-68761d7059fb,2026-05-17T06:23:28.028525
fcfd0b43-7cfe-43bf-8255-7f546f5edbf9,KELUARGA SUAMI ADALAH HAMA,21cineplex,,16KSAH,Drama,117 menit,13+,2D,2026-05-21,d70f1c15-f775-47a4-9d5c-30b02484074a,2026-05-17T06:23:28.028639
fcfd0b43-7cfe-43bf-8255-7f546f5edbf9,SEKAWAN LIMO 2: GUNUNG KLAWIH,21cineplex,,16SK2G,"Comedy, Horror",122 menit,13+,2D,2026-05-27,2b93b3a4-a5b6-4f63-9157-9f9df222c438,2026-05-17T06:23:28.028814
0160d0e4-c300-4835-b443-e67431156d5c,GOHAN,21cineplex,,26GOHN,Drama,140 menit,SU,2D,2026-05-17,b4bd625e-7e8a-4944-8cb8-064b44e7cc90,2026-05-17T06:23:28.029224
0160d0e4-c300-4835-b443-e67431156d5c,IN THE GREY,21cineplex,,26ITGY,"Action, Thriller",97 menit,13+,2D,2026-05-17,5ca1154d-2dcd-4d64-9f88-181e1b3e256f,2026-05-17T06:23:28.029333
0160d0e4-c300-4835-b443-e67431156d5c,TUMBAL PROYEK,21cineplex,,16TPRK,Horror,106 menit,D17+,2D,2026-05-17,2d9a3c35-e698-4fbc-9e9c-4ebe1a39c196,2026-05-17T06:23:28.029445
0160d0e4-c300-4835-b443-e67431156d5c,MICHAEL,21cineplex,,26MICL,Biography,127 menit,SU,2D,2026-05-17,83e9a2a0-ab7f-4733-a7fb-35cc4f4f5268,2026-05-17T06:23:28.029535
0160d0e4-c300-4835-b443-e67431156d5c,MORTAL KOMBAT II,21cineplex,,25MKT2,"Action, Adventure",116 menit,D17+,2D,2026-05-17,16105c4a-f8b2-48c4-b59c-2c25358887e0,2026-05-17T06:23:28.029670
0160d0e4-c300-4835-b443-e67431156d5c,THE SHEEP DETECTIVES,21cineplex,,26SDES,"Comedy, Mystery",109 menit,SU,2D,2026-05-17,c5efd439-57d5-4a15-a92d-72602c9f3efa,2026-05-17T06:23:28.029772
0160d0e4-c300-4835-b443-e67431156d5c,SEMUA AKAN BAIK-BAIK SAJA,21cineplex,,16SABB,Drama,113 menit,13+,2D,2026-05-17,15781fcf-feaa-47ec-b44a-17de3f1a3a9e,2026-05-17T06:23:28.029925
0160d0e4-c300-4835-b443-e67431156d5c,STAR WARS: THE MANDALORIAN AND GROGU,21cineplex,,26SWMG,"Fantasy, Sci-Fi",132 menit,13+,2D,2026-05-20,8a4d09be-2777-4e88-9cea-f1b1de192f5c,2026-05-17T06:23:28.030102
0160d0e4-c300-4835-b443-e67431156d5c,KELUARGA SUAMI ADALAH HAMA,21cineplex,,16KSAH,Drama,117 menit,13+,2D,2026-05-21,263ba96d-4c90-4105-870d-06738d49fd20,2026-05-17T06:23:28.030233
685e2797-51e1-48f1-99bd-f715f2d031f7,SALMOKJI: WHISPERING WATER,21cineplex,,26SWWR,Horror,95 menit,D17+,2D,2026-05-17,b63b394d-37b2-4afd-8c78-7b7a76993dc6,2026-05-17T06:23:31.114416
685e2797-51e1-48f1-99bd-f715f2d031f7,SEMUA AKAN BAIK-BAIK SAJA,21cineplex,,16SABB,Drama,113 menit,13+,2D,2026-05-17,5e066ab5-1d3f-4a12-8cf8-68a34cd2a8d4,2026-05-17T06:23:31.114547
685e2797-51e1-48f1-99bd-f715f2d031f7,TUMBAL PROYEK,21cineplex,,16TPRK,Horror,106 menit,D17+,2D,2026-05-17,5975b4a7-06b4-4120-a287-b0ac7f6b90a9,2026-05-17T06:23:31.114745
685e2797-51e1-48f1-99bd-f715f2d031f7,YANG LAIN BOLEH HILANG ASAL KAU JANGAN,21cineplex,,16YLBH,Drama,113 menit,13+,2D,2026-05-17,239b9fbd-22a7-4e3c-b4f8-29fa69dcd269,2026-05-17T06:23:31.114872
685e2797-51e1-48f1-99bd-f715f2d031f7,GHOST IN THE CELL,21cineplex,,16GITC,"Comedy, Horror",106 menit,D17+,2D,2026-05-17,bef6dd0b-6ee4-4d06-9e1c-807a8004133d,2026-05-17T06:23:31.114976
685e2797-51e1-48f1-99bd-f715f2d031f7,MORTAL KOMBAT II,21cineplex,,25MKT2,"Action, Adventure",116 menit,D17+,2D,2026-05-17,f4fbd3bb-b63e-477f-9855-5fe26ebfeada,2026-05-17T06:23:31.115058
76fd29a4-e1db-4118-b3ba-d1cbdfd90d74,MORTAL KOMBAT II,21cineplex,,25MKT2,"Action, Adventure",116 menit,D17+,2D,2026-05-17,c4a1980f-9347-4d61-928a-4f7a24dcc491,2026-05-17T06:23:32.842816
76fd29a4-e1db-4118-b3ba-d1cbdfd90d74,DILAN ITB 1997,21cineplex,,16DI97,"Drama, Romance",110 menit,13+,2D,2026-05-17,3777343b-6050-4125-b027-fc9065e09d71,2026-05-17T06:23:32.843129
76fd29a4-e1db-4118-b3ba-d1cbdfd90d74,SEMUA AKAN BAIK-BAIK SAJA,21cineplex,,16SABB,Drama,113 menit,13+,2D,2026-05-17,a7cab942-3b77-45c2-9f21-b4eea1745f53,2026-05-17T06:23:32.843259
76fd29a4-e1db-4118-b3ba-d1cbdfd90d74,GOHAN,21cineplex,,26GOHN,Drama,140 menit,SU,2D,2026-05-17,1aed215e-2c01-4d05-9e17-0f33fa8674c4,2026-05-17T06:23:32.843502
76fd29a4-e1db-4118-b3ba-d1cbdfd90d74,TUMBAL PROYEK,21cineplex,,16TPRK,Horror,106 menit,D17+,2D,2026-05-17,2ce9c1da-7167-4fc6-ba24-13e05abedfd0,2026-05-17T06:23:32.843600
76fd29a4-e1db-4118-b3ba-d1cbdfd90d74,KELUARGA SUAMI ADALAH HAMA,21cineplex,,16KSAH,Drama,117 menit,13+,2D,2026-05-21,943c220b-718b-44e9-894c-aaca1d5288a7,2026-05-17T06:23:32.843787
c5ba9b30-e468-45c4-b918-3143690239cf,GOHAN,21cineplex,,26GOHN,Drama,140 menit,SU,2D,2026-05-17,01ed2e4a-0976-49d5-9a82-0b8152593981,2026-05-17T06:23:34.113621
c5ba9b30-e468-45c4-b918-3143690239cf,DILAN ITB 1997,21cineplex,,16DI97,"Drama, Romance",110 menit,13+,2D,2026-05-17,9d3117c3-ba5a-4155-84dc-cb1920e221f7,2026-05-17T06:23:34.113673
c5ba9b30-e468-45c4-b918-3143690239cf,SEMUA AKAN BAIK-BAIK SAJA,21cineplex,,16SABB,Drama,113 menit,13+,2D,2026-05-17,2a94dda6-0b74-4fe0-b4bd-e7887b73cc76,2026-05-17T06:23:34.113727
c5ba9b30-e468-45c4-b918-3143690239cf,THE SHEEP DETECTIVES,21cineplex,,26SDES,"Comedy, Mystery",109 menit,SU,2D,2026-05-17,cbab6281-5b00-40ad-8b5b-46a61475305a,2026-05-17T06:23:34.113803
c5ba9b30-e468-45c4-b918-3143690239cf,THE DEVIL WEARS PRADA 2,21cineplex,,26DWP2,"Comedy, Drama",119 menit,13+,2D,2026-05-17,95f1fa5e-cc2d-4cde-b61e-526e6b3964e9,2026-05-17T06:23:34.113841
c5ba9b30-e468-45c4-b918-3143690239cf,SALMOKJI: WHISPERING WATER,21cineplex,,26SWWR,Horror,95 menit,D17+,2D,2026-05-17,fd24739e-dc20-41c9-8b4d-d81cc754c9d2,2026-05-17T06:23:34.113883
c5ba9b30-e468-45c4-b918-3143690239cf,MORTAL KOMBAT II,21cineplex,,25MKT2,"Action, Adventure",116 menit,D17+,2D,2026-05-17,b45f4e11-3292-48ec-9c43-561cb194bffa,2026-05-17T06:23:34.113913
c5ba9b30-e468-45c4-b918-3143690239cf,SUAMIKU LUKAKU,21cineplex,,16SLUU,Drama,92 menit,D17+,2D,2026-05-27,7a7ff64e-f9c6-48fe-a076-696340d54560,2026-05-17T06:23:34.113969
96718f06-adae-4ce3-a76c-35f1f122737c,IN THE GREY,21cineplex,,26ITGY,"Action, Thriller",97 menit,13+,2D,2026-05-17,de136253-57dc-4e84-ad9c-d922ac380258,2026-05-17T06:23:35.809594
96718f06-adae-4ce3-a76c-35f1f122737c,MORTAL KOMBAT II,21cineplex,,25MKT2,"Action, Adventure",116 menit,D17+,2D,2026-05-17,a3d38ad4-244f-4517-b6ea-3cdfd4b4bd41,2026-05-17T06:23:35.809654
96718f06-adae-4ce3-a76c-35f1f122737c,GOHAN,21cineplex,,26GOHN,Drama,140 menit,SU,2D,2026-05-17,68dba72c-71aa-4781-bffb-645d35a5eeec,2026-05-17T06:23:35.809703
96718f06-adae-4ce3-a76c-35f1f122737c,THE SHEEP DETECTIVES,21cineplex,,26SDES,"Comedy, Mystery",109 menit,SU,2D,2026-05-17,3fd765b6-0872-4fcf-b49d-e7f0fc1bcd62,2026-05-17T06:23:35.809758
96718f06-adae-4ce3-a76c-35f1f122737c,MICHAEL,21cineplex,,26MICL,Biography,127 menit,SU,2D,2026-05-17,98183fbd-95a0-43e4-ab3a-92135e8ddcf3,2026-05-17T06:23:35.809801
96718f06-adae-4ce3-a76c-35f1f122737c,THE DEVIL WEARS PRADA 2,21cineplex,,26DWP2,"Comedy, Drama",119 menit,13+,2D,2026-05-17,719e67d6-b7cf-494d-b570-3ac5322c2510,2026-05-17T06:23:35.809856
5d53f687-318b-42f6-a6bf-9e0312abb41b,SEMUA AKAN BAIK-BAIK SAJA,21cineplex,,16SABB,Drama,113 menit,13+,2D,2026-05-17,69084b8b-cc77-4f9e-9838-32e97182d180,2026-05-17T06:23:38.805217
5d53f687-318b-42f6-a6bf-9e0312abb41b,YANG LAIN BOLEH HILANG ASAL KAU JANGAN,21cineplex,,16YLBH,Drama,113 menit,13+,2D,2026-05-17,65502f02-330f-41d8-82cc-8ce05baa29b9,2026-05-17T06:23:38.805807
5d53f687-318b-42f6-a6bf-9e0312abb41b,GHOST IN THE CELL,21cineplex,,16GITC,"Comedy, Horror",106 menit,D17+,2D,2026-05-17,ac3b0f79-9b96-4f54-b67f-8cdfd7de7c0f,2026-05-17T06:23:38.806073
c0517d48-0914-42e6-82c3-665d99ef72a1,YANG LAIN BOLEH HILANG ASAL KAU JANGAN,21cineplex,,16YLBH,Drama,113 menit,13+,2D,2026-05-17,72a35125-9460-4595-b535-f384c3da9d1c,2026-05-17T06:23:40.213565
c0517d48-0914-42e6-82c3-665d99ef72a1,MORTAL KOMBAT II,21cineplex,,25MKT2,"Action, Adventure",116 menit,D17+,2D,2026-05-17,67e72423-a966-46fb-86fb-be68b9654540,2026-05-17T06:23:40.213934
c0517d48-0914-42e6-82c3-665d99ef72a1,SALMOKJI: WHISPERING WATER,21cineplex,,26SWWR,Horror,95 menit,D17+,2D,2026-05-17,856eabb3-4ab1-4344-951e-d4588db77706,2026-05-17T06:23:40.214083
c0517d48-0914-42e6-82c3-665d99ef72a1,TUMBAL PROYEK,21cineplex,,16TPRK,Horror,106 menit,D17+,2D,2026-05-17,adc94f7b-c67c-4ff8-a37d-e9ea2d6fac84,2026-05-17T06:23:40.214200
c0517d48-0914-42e6-82c3-665d99ef72a1,THE SHEEP DETECTIVES,21cineplex,,26SDES,"Comedy, Mystery",109 menit,SU,2D,2026-05-17,4eca1db5-cba4-4087-8328-f4d68a31b334,2026-05-17T06:23:40.214535
c0517d48-0914-42e6-82c3-665d99ef72a1,SEMUA AKAN BAIK-BAIK SAJA,21cineplex,,16SABB,Drama,113 menit,13+,2D,2026-05-17,7156aeb3-c2b0-4e8b-876c-d2568f6cf45e,2026-05-17T06:23:40.214655
c0517d48-0914-42e6-82c3-665d99ef72a1,GHOST IN THE CELL,21cineplex,,16GITC,"Comedy, Horror",106 menit,D17+,2D,2026-05-17,55045b22-ef9c-4cdd-9515-53db8b91dc81,2026-05-17T06:23:40.214865
c0517d48-0914-42e6-82c3-665d99ef72a1,KELUARGA SUAMI ADALAH HAMA,21cineplex,,16KSAH,Drama,117 menit,13+,2D,2026-05-21,99a25b32-bead-4b4b-b41d-5f0b68ae193b,2026-05-17T06:23:40.215039
c0517d48-0914-42e6-82c3-665d99ef72a1,SEKAWAN LIMO 2: GUNUNG KLAWIH,21cineplex,,16SK2G,"Comedy, Horror",122 menit,13+,2D,2026-05-27,a3e53b83-8669-4845-8f9a-f602ad3686b2,2026-05-17T06:23:40.215456
c0517d48-0914-42e6-82c3-665d99ef72a1,CHILDREN OF HEAVEN,21cineplex,,16COHN,"Drama, Family",97 menit,SU,2D,2026-05-27,e8a51bdc-380e-4243-a34f-5bab9198fdf5,2026-05-17T06:23:40.215697
d29bdfce-f52a-469f-94ab-ba58d726e9a4,KELUARGA SUAMI ADALAH HAMA,21cineplex,,16KSAH,Drama,117 menit,13+,2D,2026-05-17,750dde83-59f6-4eb6-b33d-cad2fbca760d,2026-05-17T06:23:41.915789
d29bdfce-f52a-469f-94ab-ba58d726e9a4,TUMBAL PROYEK,21cineplex,,16TPRK,Horror,106 menit,D17+,2D,2026-05-17,128e9321-33e6-4b11-baf6-10e68d34e8be,2026-05-17T06:23:41.915840
d29bdfce-f52a-469f-94ab-ba58d726e9a4,DILAN ITB 1997,21cineplex,,16DI97,"Drama, Romance",110 menit,13+,2D,2026-05-17,69d6e2a7-155c-4da1-a4b1-91f072da406b,2026-05-17T06:23:41.915920
d29bdfce-f52a-469f-94ab-ba58d726e9a4,GOHAN,21cineplex,,26GOHN,Drama,140 menit,SU,2D,2026-05-17,bc9cd68b-b07a-4d7e-881a-5b839baeb8ee,2026-05-17T06:23:41.915992
d29bdfce-f52a-469f-94ab-ba58d726e9a4,SEMUA AKAN BAIK-BAIK SAJA,21cineplex,,16SABB,Drama,113 menit,13+,2D,2026-05-17,69d10659-b605-4e67-af46-36070d20fb1d,2026-05-17T06:23:41.916041
d29bdfce-f52a-469f-94ab-ba58d726e9a4,YANG LAIN BOLEH HILANG ASAL KAU JANGAN,21cineplex,,16YLBH,Drama,113 menit,13+,2D,2026-05-17,8d562989-2f06-4237-a1b5-a596c532306b,2026-05-17T06:23:41.916105
d29bdfce-f52a-469f-94ab-ba58d726e9a4,CHILDREN OF HEAVEN,21cineplex,,16COHN,"Drama, Family",97 menit,SU,2D,2026-05-27,bc4fea49-5714-48bb-913e-b1a0f7ae0692,2026-05-17T06:23:41.916144
d29bdfce-f52a-469f-94ab-ba58d726e9a4,SEKAWAN LIMO 2: GUNUNG KLAWIH,21cineplex,,16SK2G,"Comedy, Horror",122 menit,13+,2D,2026-05-27,07bcfd13-c533-4bad-8479-3622ec2381f6,2026-05-17T06:23:41.916198
d3447146-48b3-4922-962c-dfc10826a7bb,TUMBAL PROYEK,21cineplex,,16TPRK,Horror,106 menit,D17+,2D,2026-05-17,28e7ad3b-a851-4885-b346-112a750430be,2026-05-17T06:23:43.215237
d3447146-48b3-4922-962c-dfc10826a7bb,GHOST IN THE CELL,21cineplex,,16GITC,"Comedy, Horror",106 menit,D17+,2D,2026-05-17,316430d5-b2f2-4caf-b453-c5a4cd6fead7,2026-05-17T06:23:43.215497
d3447146-48b3-4922-962c-dfc10826a7bb,GOHAN,21cineplex,,26GOHN,Drama,140 menit,SU,2D,2026-05-17,6755fb6d-3eab-4928-b922-bd85a4ccbc05,2026-05-17T06:23:43.215680
d3447146-48b3-4922-962c-dfc10826a7bb,MORTAL KOMBAT II,21cineplex,,25MKT2,"Action, Adventure",116 menit,D17+,2D,2026-05-17,e31c3e62-1e6b-4d30-8843-266d9c6f8499,2026-05-17T06:23:43.215767
d3447146-48b3-4922-962c-dfc10826a7bb,YANG LAIN BOLEH HILANG ASAL KAU JANGAN,21cineplex,,16YLBH,Drama,113 menit,13+,2D,2026-05-17,1b7ef800-a876-4269-bd77-fcea7953db7c,2026-05-17T06:23:43.215903
d3447146-48b3-4922-962c-dfc10826a7bb,SEMUA AKAN BAIK-BAIK SAJA,21cineplex,,16SABB,Drama,113 menit,13+,2D,2026-05-17,b8439493-2e57-4770-b010-1c82a3e929ca,2026-05-17T06:23:43.216113
d3447146-48b3-4922-962c-dfc10826a7bb,SALMOKJI: WHISPERING WATER,21cineplex,,26SWWR,Horror,95 menit,D17+,2D,2026-05-17,95da5180-6687-4a82-b656-eb9f97de22a3,2026-05-17T06:23:43.216546
d3447146-48b3-4922-962c-dfc10826a7bb,THE SHEEP DETECTIVES,21cineplex,,26SDES,"Comedy, Mystery",109 menit,SU,2D,2026-05-17,4d9c990c-dd7c-4f64-9429-18873b9c147a,2026-05-17T06:23:43.216700
d3447146-48b3-4922-962c-dfc10826a7bb,STAR WARS: THE MANDALORIAN AND GROGU,21cineplex,,26SWMG,"Fantasy, Sci-Fi",132 menit,13+,2D,2026-05-20,efacdae7-9eae-40d0-ba51-f9348ce1306a,2026-05-17T06:23:43.216843
d3447146-48b3-4922-962c-dfc10826a7bb,CHILDREN OF HEAVEN,21cineplex,,16COHN,"Drama, Family",97 menit,SU,2D,2026-05-27,a88b4058-7b12-4a44-8cac-913c0dc5b433,2026-05-17T06:23:43.217085
9a12e372-ad9d-48e4-b9a1-ca86f83f67fd,GHOST IN THE CELL,21cineplex,,16GITC,"Comedy, Horror",106 menit,D17+,2D,2026-05-17,bf49365c-f67e-446e-b5c9-eca21825cef0,2026-05-17T06:23:44.885183
9a12e372-ad9d-48e4-b9a1-ca86f83f67fd,GOHAN,21cineplex,,26GOHN,Drama,140 menit,SU,2D,2026-05-17,ac191cda-4317-4a7d-86c2-5e05f5801031,2026-05-17T06:23:44.885604
9a12e372-ad9d-48e4-b9a1-ca86f83f67fd,SALMOKJI: WHISPERING WATER,21cineplex,,26SWWR,Horror,95 menit,D17+,2D,2026-05-17,dce53e8b-603f-45f4-8edc-39f450565f79,2026-05-17T06:23:44.885802
9a12e372-ad9d-48e4-b9a1-ca86f83f67fd,IN THE GREY,21cineplex,,26ITGY,"Action, Thriller",97 menit,13+,2D,2026-05-17,e50be587-d337-433a-9a9d-c19eb52148f9,2026-05-17T06:23:44.886094
e07c4c92-2d78-4044-b03a-ce9a9569ff87,MORTAL KOMBAT II,21cineplex,,25MKT2,"Action, Adventure",116 menit,D17+,2D,2026-05-17,1536332e-07a6-4b76-8798-51a6b2803694,2026-05-17T06:23:49.188492
e07c4c92-2d78-4044-b03a-ce9a9569ff87,IN THE GREY,21cineplex,,26ITGY,"Action, Thriller",97 menit,13+,2D,2026-05-17,6e19ed94-df0e-4c43-a964-a3074be27fca,2026-05-17T06:23:49.188603
e07c4c92-2d78-4044-b03a-ce9a9569ff87,GOHAN,21cineplex,,26GOHN,Drama,140 menit,SU,2D,2026-05-17,8fed9c47-9e5e-4c55-b572-111105fe4b93,2026-05-17T06:23:49.188665
e07c4c92-2d78-4044-b03a-ce9a9569ff87,PROJECT HAIL MARY,21cineplex,,26PHMY,Sci-Fi,157 menit,13+,2D,2026-05-17,894561ee-d5a3-4dbd-ae62-3b2a1228916f,2026-05-17T06:23:49.188722
e07c4c92-2d78-4044-b03a-ce9a9569ff87,SEMUA AKAN BAIK-BAIK SAJA,21cineplex,,16SABB,Drama,113 menit,13+,2D,2026-05-17,5c221e60-ad66-4765-88ca-98a7f93020af,2026-05-17T06:23:49.188784
e07c4c92-2d78-4044-b03a-ce9a9569ff87,MICHAEL,21cineplex,,26MICL,Biography,127 menit,SU,2D,2026-05-17,b0f4f11e-f9e6-4ede-ab85-844c742ed9ce,2026-05-17T06:23:49.188884
e07c4c92-2d78-4044-b03a-ce9a9569ff87,STAR WARS: THE MANDALORIAN AND GROGU,21cineplex,,26SWMG,"Fantasy, Sci-Fi",132 menit,13+,2D,2026-05-20,b24ccfe8-cf56-46da-a7a8-d7a297016667,2026-05-17T06:23:49.188935
e07c4c92-2d78-4044-b03a-ce9a9569ff87,KELUARGA SUAMI ADALAH HAMA,21cineplex,,16KSAH,Drama,117 menit,13+,2D,2026-05-21,789bc288-2c96-4533-8f51-5e308f8de916,2026-05-17T06:23:49.189001
e07c4c92-2d78-4044-b03a-ce9a9569ff87,SEKAWAN LIMO 2: GUNUNG KLAWIH,21cineplex,,16SK2G,"Comedy, Horror",122 menit,13+,2D,2026-05-27,2fb45899-c3d3-484b-ac4f-1fa5d7118702,2026-05-17T06:23:49.189067
a2fa81fb-cc84-45c0-a9c8-ed6649e16a90,THE SHEEP DETECTIVES,21cineplex,,26SDES,"Comedy, Mystery",109 menit,SU,2D,2026-05-17,df6e8bb0-5a12-4984-9566-e85cde58b4aa,2026-05-17T06:23:52.200363
a2fa81fb-cc84-45c0-a9c8-ed6649e16a90,SEMUA AKAN BAIK-BAIK SAJA,21cineplex,,16SABB,Drama,113 menit,13+,2D,2026-05-17,33ffac06-01d0-4a70-99dc-1711bef4f9db,2026-05-17T06:23:52.200494
a2fa81fb-cc84-45c0-a9c8-ed6649e16a90,GOHAN,21cineplex,,26GOHN,Drama,140 menit,SU,2D,2026-05-17,f2695203-3354-4010-994f-02b61ec53c65,2026-05-17T06:23:52.200646
a2fa81fb-cc84-45c0-a9c8-ed6649e16a90,GHOST IN THE CELL,21cineplex,,16GITC,"Comedy, Horror",106 menit,D17+,2D,2026-05-17,c7eedb8b-d00a-430e-8f19-6b8aa52875eb,2026-05-17T06:23:52.200707
a2fa81fb-cc84-45c0-a9c8-ed6649e16a90,DILAN ITB 1997,21cineplex,,16DI97,"Drama, Romance",110 menit,13+,2D,2026-05-17,18037bed-9e87-4755-9839-7fc1ec854675,2026-05-17T06:23:52.200804
a2fa81fb-cc84-45c0-a9c8-ed6649e16a90,MORTAL KOMBAT II,21cineplex,,25MKT2,"Action, Adventure",116 menit,D17+,2D,2026-05-17,4334b419-cd09-49fc-ad09-57f68e41c6ef,2026-05-17T06:23:52.200876
a2fa81fb-cc84-45c0-a9c8-ed6649e16a90,KELUARGA SUAMI ADALAH HAMA,21cineplex,,16KSAH,Drama,117 menit,13+,2D,2026-05-21,e56740fd-4d3a-4f74-9570-608565506872,2026-05-17T06:23:52.200966
a2fa81fb-cc84-45c0-a9c8-ed6649e16a90,CHILDREN OF HEAVEN,21cineplex,,16COHN,"Drama, Family",97 menit,SU,2D,2026-05-27,c1352a9b-a702-4d90-b5fe-014bac046361,2026-05-17T06:23:52.201075
a2fa81fb-cc84-45c0-a9c8-ed6649e16a90,SEKAWAN LIMO 2: GUNUNG KLAWIH,21cineplex,,16SK2G,"Comedy, Horror",122 menit,13+,2D,2026-05-27,5e126d30-13fc-401d-8e50-c14d787df080,2026-05-17T06:23:52.201190
b4199aba-0b18-4186-9da8-631e6faeccf3,YANG LAIN BOLEH HILANG ASAL KAU JANGAN,21cineplex,,16YLBH,Drama,113 menit,13+,2D,2026-05-17,b356153f-4c93-4765-92dd-7c237dbef276,2026-05-17T06:23:53.906548
b4199aba-0b18-4186-9da8-631e6faeccf3,"AYAH, INI ARAHNYA KEMANA, YA?",21cineplex,,16AIAK,Drama,103 menit,13+,2D,2026-05-17,3ec3ecbd-10be-40bd-aa41-fd09589788fc,2026-05-17T06:23:53.906773
b4199aba-0b18-4186-9da8-631e6faeccf3,SEMUA AKAN BAIK-BAIK SAJA,21cineplex,,16SABB,Drama,113 menit,13+,2D,2026-05-17,047e0f5b-2f1b-4f72-8079-4e49c6ca5149,2026-05-17T06:23:53.907240
b4199aba-0b18-4186-9da8-631e6faeccf3,GHOST IN THE CELL,21cineplex,,16GITC,"Comedy, Horror",106 menit,D17+,2D,2026-05-17,686edf48-e79c-4242-a87f-d432da914b7e,2026-05-17T06:23:53.907503
b4199aba-0b18-4186-9da8-631e6faeccf3,TUMBAL PROYEK,21cineplex,,16TPRK,Horror,106 menit,D17+,2D,2026-05-17,33eeeaeb-9550-42cf-b17e-fe5a5fa6cbba,2026-05-17T06:23:53.907732
b4199aba-0b18-4186-9da8-631e6faeccf3,KAMU HARUS MATI,21cineplex,,16KHMI,"Horror, Mystery, Thriller",90 menit,13+,2D,2026-05-21,7cebb660-8c8f-4379-b3fe-cc5f663d565f,2026-05-17T06:23:53.908027
b4199aba-0b18-4186-9da8-631e6faeccf3,SUAMIKU LUKAKU,21cineplex,,16SLUU,Drama,92 menit,D17+,2D,2026-05-27,642401dc-c795-4982-98bb-796c7eca92fb,2026-05-17T06:23:53.908248
b4199aba-0b18-4186-9da8-631e6faeccf3,CHILDREN OF HEAVEN,21cineplex,,16COHN,"Drama, Family",97 menit,SU,2D,2026-05-27,03c45a5d-84b4-429e-beb3-d7ab46152631,2026-05-17T06:23:53.908468
60689105-6f25-4542-947d-a6f821654d79,GHOST IN THE CELL,21cineplex,,16GITC,"Comedy, Horror",106 menit,D17+,2D,2026-05-17,7faad615-9216-44e1-bf9b-09f8a9d4a737,2026-05-17T06:23:55.167707
60689105-6f25-4542-947d-a6f821654d79,THE DEVIL WEARS PRADA 2,21cineplex,,26DWP2,"Comedy, Drama",119 menit,13+,2D,2026-05-17,2d512f42-e732-415a-a95d-eb5d1ce4d163,2026-05-17T06:23:55.167792
60689105-6f25-4542-947d-a6f821654d79,THE SHEEP DETECTIVES,21cineplex,,26SDES,"Comedy, Mystery",109 menit,SU,2D,2026-05-17,9f7555ce-964b-4e7a-8005-a845df2fd03d,2026-05-17T06:23:55.167870
60689105-6f25-4542-947d-a6f821654d79,LEE CRONIN'S THE MUMMY,21cineplex,,26LCTM,Horror,134 menit,D17+,2D,2026-05-17,916aa4e4-6bd0-4b92-9b08-a5be2eb7965b,2026-05-17T06:23:55.167943
60689105-6f25-4542-947d-a6f821654d79,GOHAN,21cineplex,,26GOHN,Drama,140 menit,SU,2D,2026-05-17,26c9ba67-4205-451d-a727-342af89b1642,2026-05-17T06:23:55.167970
60689105-6f25-4542-947d-a6f821654d79,SALMOKJI: WHISPERING WATER,21cineplex,,26SWWR,Horror,95 menit,D17+,2D,2026-05-17,eb827b66-7f57-4af7-b94b-b2f234cda2e3,2026-05-17T06:23:55.168023
60689105-6f25-4542-947d-a6f821654d79,MICHAEL,21cineplex,,26MICL,Biography,127 menit,SU,2D,2026-05-17,8942562e-f85c-418b-83c9-fce34c4caaf6,2026-05-17T06:23:55.168058
60689105-6f25-4542-947d-a6f821654d79,STAR WARS: THE MANDALORIAN AND GROGU,21cineplex,,26SWMG,"Fantasy, Sci-Fi",132 menit,13+,2D,2026-05-20,e1e4cd85-0533-4912-acf2-a9c29598245a,2026-05-17T06:23:55.168112
fc8d01f4-f87a-4e9a-9ddd-4ac22858b1a7,IN THE GREY,21cineplex,,26ITGY,"Action, Thriller",97 menit,13+,2D,2026-05-17,f05caedd-ca86-476f-bc3b-719d4ffa893b,2026-05-17T06:23:59.933591
fc8d01f4-f87a-4e9a-9ddd-4ac22858b1a7,SEMUA AKAN BAIK-BAIK SAJA,21cineplex,,16SABB,Drama,113 menit,13+,2D,2026-05-17,d0742ac7-e960-471a-8c54-199a00e3ee7a,2026-05-17T06:23:59.933825
fc8d01f4-f87a-4e9a-9ddd-4ac22858b1a7,SALMOKJI: WHISPERING WATER,21cineplex,,26SWWR,Horror,95 menit,D17+,2D,2026-05-17,447e9859-2167-412e-9fb1-7d5d92144268,2026-05-17T06:23:59.934055
fc8d01f4-f87a-4e9a-9ddd-4ac22858b1a7,THE SHEEP DETECTIVES,21cineplex,,26SDES,"Comedy, Mystery",109 menit,SU,2D,2026-05-17,b35a284b-4628-4e2b-9952-c4c412f82469,2026-05-17T06:23:59.934166
fc8d01f4-f87a-4e9a-9ddd-4ac22858b1a7,YANG LAIN BOLEH HILANG ASAL KAU JANGAN,21cineplex,,16YLBH,Drama,113 menit,13+,2D,2026-05-17,e8c3ff21-3584-4be7-a0cc-023269474597,2026-05-17T06:23:59.934282
fc8d01f4-f87a-4e9a-9ddd-4ac22858b1a7,GOHAN,21cineplex,,26GOHN,Drama,140 menit,SU,2D,2026-05-17,d7ad6713-ffe6-4b42-8149-0a7d26d54e92,2026-05-17T06:23:59.934456
fc8d01f4-f87a-4e9a-9ddd-4ac22858b1a7,FUZE,21cineplex,,26FUZE,"Action, Crime",96 menit,D17+,2D,2026-05-17,3bab0125-4f49-4e15-bb8a-79216c484ac8,2026-05-17T06:23:59.934590
fc8d01f4-f87a-4e9a-9ddd-4ac22858b1a7,MORTAL KOMBAT II,21cineplex,,25MKT2,"Action, Adventure",116 menit,D17+,2D,2026-05-17,29d7ac79-cb79-42b9-ae01-fc981981152b,2026-05-17T06:23:59.934915
fc8d01f4-f87a-4e9a-9ddd-4ac22858b1a7,GHOST IN THE CELL,21cineplex,,16GITC,"Comedy, Horror",106 menit,D17+,2D,2026-05-17,76f11bd5-9db3-4b71-87af-7b92962c625d,2026-05-17T06:23:59.935242
fc8d01f4-f87a-4e9a-9ddd-4ac22858b1a7,TIBA TIBA SETAN,21cineplex,,16TTSN,"Comedy, Horror",113 menit,13+,2D,2026-05-17,f5f24d1f-5228-44ba-a0e9-30e6f8050c94,2026-05-17T06:23:59.935447
fc8d01f4-f87a-4e9a-9ddd-4ac22858b1a7,TOP GUN: MAVERICK (RE-RELEASE),21cineplex,,26TGMK,Action,130 menit,SU,2D,2026-05-17,7abd2948-effd-4da6-ae38-d564f20d2db0,2026-05-17T06:23:59.935618
fc8d01f4-f87a-4e9a-9ddd-4ac22858b1a7,TUMBAL PROYEK,21cineplex,,16TPRK,Horror,106 menit,D17+,2D,2026-05-17,b2b86e33-c737-4f44-9ca2-87321496a797,2026-05-17T06:23:59.935739
fc8d01f4-f87a-4e9a-9ddd-4ac22858b1a7,STAR WARS: THE MANDALORIAN AND GROGU,21cineplex,,26SWMG,"Fantasy, Sci-Fi",132 menit,13+,2D,2026-05-20,1fb708dd-65c8-40bc-a149-18542379e945,2026-05-17T06:23:59.936150
fc8d01f4-f87a-4e9a-9ddd-4ac22858b1a7,KAMU HARUS MATI,21cineplex,,16KHMI,"Horror, Mystery, Thriller",90 menit,13+,2D,2026-05-21,e5b159f4-0ffb-41e4-a400-84a11eb9a61b,2026-05-17T06:23:59.936294
fc8d01f4-f87a-4e9a-9ddd-4ac22858b1a7,KELUARGA SUAMI ADALAH HAMA,21cineplex,,16KSAH,Drama,117 menit,13+,2D,2026-05-21,521e0c3c-ac9a-43bc-9d47-0f23827593d6,2026-05-17T06:23:59.936468
fc8d01f4-f87a-4e9a-9ddd-4ac22858b1a7,SEKAWAN LIMO 2: GUNUNG KLAWIH,21cineplex,,16SK2G,"Comedy, Horror",122 menit,13+,2D,2026-05-27,03576a87-79ab-4da8-a2a2-5772f1e984bf,2026-05-17T06:23:59.936663
fc8d01f4-f87a-4e9a-9ddd-4ac22858b1a7,SUAMIKU LUKAKU,21cineplex,,16SLUU,Drama,92 menit,D17+,2D,2026-05-27,457237cf-4bf8-4ca2-a224-ca356f42b3c4,2026-05-17T06:23:59.936811
fc8d01f4-f87a-4e9a-9ddd-4ac22858b1a7,CHILDREN OF HEAVEN,21cineplex,,16COHN,"Drama, Family",97 menit,SU,2D,2026-05-27,738e63a6-b187-4247-8d4f-2c703822132d,2026-05-17T06:23:59.936972
243c59a9-351b-4c94-aa85-81d819653f9c,THE SHEEP DETECTIVES,21cineplex,,26SDES,"Comedy, Mystery",109 menit,SU,2D,2026-05-17,74674e24-9ee3-4a6f-b6e8-2253920204fd,2026-05-17T06:24:01.174384
243c59a9-351b-4c94-aa85-81d819653f9c,YANG LAIN BOLEH HILANG ASAL KAU JANGAN,21cineplex,,16YLBH,Drama,113 menit,13+,2D,2026-05-17,3bf11170-ef1b-4dd6-b56b-a1eb051bbc0c,2026-05-17T06:24:01.174661
243c59a9-351b-4c94-aa85-81d819653f9c,SEMUA AKAN BAIK-BAIK SAJA,21cineplex,,16SABB,Drama,113 menit,13+,2D,2026-05-17,7888233c-c925-4fc5-ad30-416006a1b807,2026-05-17T06:24:01.174761
243c59a9-351b-4c94-aa85-81d819653f9c,TIBA TIBA SETAN,21cineplex,,16TTSN,"Comedy, Horror",113 menit,13+,2D,2026-05-17,62fff27f-f45a-4e72-9522-2e9c1a1aac5f,2026-05-17T06:24:01.174867
243c59a9-351b-4c94-aa85-81d819653f9c,DILAN ITB 1997,21cineplex,,16DI97,"Drama, Romance",110 menit,13+,2D,2026-05-17,f64fd7ce-d4aa-42e3-97b5-8ffab4cb95a6,2026-05-17T06:24:01.175024
243c59a9-351b-4c94-aa85-81d819653f9c,MORTAL KOMBAT II,21cineplex,,25MKT2,"Action, Adventure",116 menit,D17+,2D,2026-05-17,dc59087a-d5da-4639-bfc1-4fee7b0f8842,2026-05-17T06:24:01.175163
243c59a9-351b-4c94-aa85-81d819653f9c,TUMBAL PROYEK,21cineplex,,16TPRK,Horror,106 menit,D17+,2D,2026-05-17,df840325-a7ef-4b3f-bca5-94bcbb0488f1,2026-05-17T06:24:01.175343
243c59a9-351b-4c94-aa85-81d819653f9c,KELUARGA SUAMI ADALAH HAMA,21cineplex,,16KSAH,Drama,117 menit,13+,2D,2026-05-21,04b10980-8ff4-4ea7-bfcb-6832e7449fc6,2026-05-17T06:24:01.175563
243c59a9-351b-4c94-aa85-81d819653f9c,CHILDREN OF HEAVEN,21cineplex,,16COHN,"Drama, Family",97 menit,SU,2D,2026-05-27,4147aeea-ba35-4d5b-af4d-b3db750daee0,2026-05-17T06:24:01.175840
243c59a9-351b-4c94-aa85-81d819653f9c,SEKAWAN LIMO 2: GUNUNG KLAWIH,21cineplex,,16SK2G,"Comedy, Horror",122 menit,13+,2D,2026-05-27,79f11f72-63e3-49b5-8cff-d0c312992694,2026-05-17T06:24:01.175954
bdff643e-c222-490b-bec6-a3e9fead04e9,TUMBAL PROYEK,21cineplex,,16TPRK,Horror,106 menit,D17+,2D,2026-05-17,0706680f-1f6d-4147-b923-b42d8b003de1,2026-05-17T06:24:02.894656
bdff643e-c222-490b-bec6-a3e9fead04e9,DILAN ITB 1997,21cineplex,,16DI97,"Drama, Romance",110 menit,13+,2D,2026-05-17,a1236147-b3ec-4654-97bc-cecfc0a54a16,2026-05-17T06:24:02.894823
bdff643e-c222-490b-bec6-a3e9fead04e9,SEMUA AKAN BAIK-BAIK SAJA,21cineplex,,16SABB,Drama,113 menit,13+,2D,2026-05-17,e43b1008-11c5-4533-91f2-cdf5893b5846,2026-05-17T06:24:02.894965
bdff643e-c222-490b-bec6-a3e9fead04e9,GHOST IN THE CELL,21cineplex,,16GITC,"Comedy, Horror",106 menit,D17+,2D,2026-05-17,25dc0f02-ed86-4970-867d-917c7ca9583e,2026-05-17T06:24:02.895106
bdff643e-c222-490b-bec6-a3e9fead04e9,SEKAWAN LIMO 2: GUNUNG KLAWIH,21cineplex,,16SK2G,"Comedy, Horror",122 menit,13+,2D,2026-05-27,99fee9ec-c161-4f47-9365-543e60351b5c,2026-05-17T06:24:02.895223
90511bf7-f5a7-4765-b3a7-a72ea9bb2d6d,THE DEVIL WEARS PRADA 2,21cineplex,,26DWP2,"Comedy, Drama",119 menit,13+,2D,2026-05-17,987453ee-0baf-4b16-a815-6b2685f5b6e1,2026-05-17T06:24:04.165584
90511bf7-f5a7-4765-b3a7-a72ea9bb2d6d,SALMOKJI: WHISPERING WATER,21cineplex,,26SWWR,Horror,95 menit,D17+,2D,2026-05-17,2f0d3386-a001-4c97-a8fc-5a65d852158c,2026-05-17T06:24:04.165751
90511bf7-f5a7-4765-b3a7-a72ea9bb2d6d,GHOST IN THE CELL,21cineplex,,16GITC,"Comedy, Horror",106 menit,D17+,2D,2026-05-17,4a657039-25e2-42b1-b6f2-b0ed0acbe9ec,2026-05-17T06:24:04.165925
90511bf7-f5a7-4765-b3a7-a72ea9bb2d6d,SEMUA AKAN BAIK-BAIK SAJA,21cineplex,,16SABB,Drama,113 menit,13+,2D,2026-05-17,94f3bb70-74a0-4da7-95c7-394f503b49f2,2026-05-17T06:24:04.166120
90511bf7-f5a7-4765-b3a7-a72ea9bb2d6d,GOHAN,21cineplex,,26GOHN,Drama,140 menit,SU,2D,2026-05-17,137bbc5d-8763-4a2e-ae45-fe614fd5cab5,2026-05-17T06:24:04.166300
90511bf7-f5a7-4765-b3a7-a72ea9bb2d6d,STAR WARS: THE MANDALORIAN AND GROGU,21cineplex,,26SWMG,"Fantasy, Sci-Fi",132 menit,13+,2D,2026-05-20,1ce742b8-60d5-4535-9d27-a4e93fa633a6,2026-05-17T06:24:04.166412
1116e940-7d13-4b21-a39e-8ad07f6d2d76,TUMBAL PROYEK,21cineplex,,16TPRK,Horror,106 menit,D17+,2D,2026-05-17,2ab85fe9-50d6-4913-9e41-cf177979a5b5,2026-05-17T06:24:07.177684
1116e940-7d13-4b21-a39e-8ad07f6d2d76,GHOST IN THE CELL,21cineplex,,16GITC,"Comedy, Horror",106 menit,D17+,2D,2026-05-17,f421bb08-7d26-4533-864c-8e9130572ab2,2026-05-17T06:24:07.178022
1116e940-7d13-4b21-a39e-8ad07f6d2d76,THE SHEEP DETECTIVES,21cineplex,,26SDES,"Comedy, Mystery",109 menit,SU,2D,2026-05-17,f859a183-1d51-4399-a608-a06ba72481db,2026-05-17T06:24:07.178194
1116e940-7d13-4b21-a39e-8ad07f6d2d76,GOHAN,21cineplex,,26GOHN,Drama,140 menit,SU,2D,2026-05-17,6a86102b-3a4e-4d11-be51-3416dc8f6553,2026-05-17T06:24:07.178408
1116e940-7d13-4b21-a39e-8ad07f6d2d76,YANG LAIN BOLEH HILANG ASAL KAU JANGAN,21cineplex,,16YLBH,Drama,113 menit,13+,2D,2026-05-17,b21e7561-a4e8-449e-8ecf-6f19036fd2cf,2026-05-17T06:24:07.178560
1116e940-7d13-4b21-a39e-8ad07f6d2d76,SEMUA AKAN BAIK-BAIK SAJA,21cineplex,,16SABB,Drama,113 menit,13+,2D,2026-05-17,6650835a-b5b2-4615-b8e0-368aac8084a6,2026-05-17T06:24:07.178779
1116e940-7d13-4b21-a39e-8ad07f6d2d76,STAR WARS: THE MANDALORIAN AND GROGU,21cineplex,,26SWMG,"Fantasy, Sci-Fi",132 menit,13+,2D,2026-05-20,8aab270a-fc25-488a-94ea-17dc1b53ec7a,2026-05-17T06:24:07.179146
1116e940-7d13-4b21-a39e-8ad07f6d2d76,KELUARGA SUAMI ADALAH HAMA,21cineplex,,16KSAH,Drama,117 menit,13+,2D,2026-05-21,2b5096a4-177e-4b13-8dc9-b07ad6968cfc,2026-05-17T06:24:07.179511
fb5dc3a6-5a26-46d1-8de1-35103af8fd27,GHOST IN THE CELL,21cineplex,,16GITC,"Comedy, Horror",106 menit,D17+,2D,2026-05-17,5b4e61b3-da69-4cca-99c6-46b9dcc3b6e3,2026-05-17T06:24:10.263296
fb5dc3a6-5a26-46d1-8de1-35103af8fd27,TIBA TIBA SETAN,21cineplex,,16TTSN,"Comedy, Horror",113 menit,13+,2D,2026-05-17,fafe9181-a5a1-4294-8132-bbc1d3895924,2026-05-17T06:24:10.263476
fb5dc3a6-5a26-46d1-8de1-35103af8fd27,TUMBAL PROYEK,21cineplex,,16TPRK,Horror,106 menit,D17+,2D,2026-05-17,0d976a54-838d-44c6-bb51-831a7571ae9f,2026-05-17T06:24:10.263577
fb5dc3a6-5a26-46d1-8de1-35103af8fd27,SEMUA AKAN BAIK-BAIK SAJA,21cineplex,,16SABB,Drama,113 menit,13+,2D,2026-05-17,83f075cc-e4e3-46f6-9c7b-a56489fa5aea,2026-05-17T06:24:10.263670
fb5dc3a6-5a26-46d1-8de1-35103af8fd27,YANG LAIN BOLEH HILANG ASAL KAU JANGAN,21cineplex,,16YLBH,Drama,113 menit,13+,2D,2026-05-17,31f912eb-31ff-4ade-9581-6c11040d36e9,2026-05-17T06:24:10.263813
fb5dc3a6-5a26-46d1-8de1-35103af8fd27,THE SHEEP DETECTIVES,21cineplex,,26SDES,"Comedy, Mystery",109 menit,SU,2D,2026-05-17,4fdaa04a-d996-4ac0-94f0-e0a64f3cb95c,2026-05-17T06:24:10.263915
fb5dc3a6-5a26-46d1-8de1-35103af8fd27,MORTAL KOMBAT II,21cineplex,,25MKT2,"Action, Adventure",116 menit,D17+,2D,2026-05-17,2b742f46-54b8-4874-8c85-0e06ea2c9ea7,2026-05-17T06:24:10.263972
fb5dc3a6-5a26-46d1-8de1-35103af8fd27,CHILDREN OF HEAVEN,21cineplex,,16COHN,"Drama, Family",97 menit,SU,2D,2026-05-27,bec7378d-0a23-4861-9f64-17d221ffb2a8,2026-05-17T06:24:10.264048
fb5dc3a6-5a26-46d1-8de1-35103af8fd27,SEKAWAN LIMO 2: GUNUNG KLAWIH,21cineplex,,16SK2G,"Comedy, Horror",122 menit,13+,2D,2026-05-27,2ec535fe-95e8-482c-9853-657b8117e03b,2026-05-17T06:24:10.264144
24466d4b-2dd9-45cc-95a5-0a8a03e72649,YANG LAIN BOLEH HILANG ASAL KAU JANGAN,21cineplex,,16YLBH,Drama,113 menit,13+,2D,2026-05-17,df4938ed-2ffe-421b-99a2-8bb13fc69391,2026-05-17T06:24:11.905622
24466d4b-2dd9-45cc-95a5-0a8a03e72649,MORTAL KOMBAT II,21cineplex,,25MKT2,"Action, Adventure",116 menit,D17+,2D,2026-05-17,bf33cf4d-d7b3-49c4-b191-52c1b0a5a1e7,2026-05-17T06:24:11.905752
24466d4b-2dd9-45cc-95a5-0a8a03e72649,SEMUA AKAN BAIK-BAIK SAJA,21cineplex,,16SABB,Drama,113 menit,13+,2D,2026-05-17,adb85159-adc7-42c0-af7e-4527ba0c4628,2026-05-17T06:24:11.905850
24466d4b-2dd9-45cc-95a5-0a8a03e72649,GHOST IN THE CELL,21cineplex,,16GITC,"Comedy, Horror",106 menit,D17+,2D,2026-05-17,f73c917b-24cf-43de-b146-fe8dfbb678fc,2026-05-17T06:24:11.905982
24466d4b-2dd9-45cc-95a5-0a8a03e72649,TUMBAL PROYEK,21cineplex,,16TPRK,Horror,106 menit,D17+,2D,2026-05-17,26539c7d-56b6-42e8-81fb-790af0259501,2026-05-17T06:24:11.906087
36ce26cf-dc3f-4d38-8185-d0c088c25aa2,GHOST IN THE CELL,21cineplex,,16GITC,"Comedy, Horror",106 menit,D17+,2D,2026-05-17,115cfaf9-a428-4a57-8462-7f893fcdd27d,2026-05-17T06:24:13.226224
36ce26cf-dc3f-4d38-8185-d0c088c25aa2,TUMBAL PROYEK,21cineplex,,16TPRK,Horror,106 menit,D17+,2D,2026-05-17,ba06d360-abe9-4d00-af92-1b6059bad9a7,2026-05-17T06:24:13.226440
36ce26cf-dc3f-4d38-8185-d0c088c25aa2,THE SHEEP DETECTIVES,21cineplex,,26SDES,"Comedy, Mystery",109 menit,SU,2D,2026-05-17,a3eb9c84-9b77-48c7-8dca-b75a1ca063d9,2026-05-17T06:24:13.226641
36ce26cf-dc3f-4d38-8185-d0c088c25aa2,SEMUA AKAN BAIK-BAIK SAJA,21cineplex,,16SABB,Drama,113 menit,13+,2D,2026-05-17,fe0ed4f1-ae59-49f0-acb6-2a40ec330bcf,2026-05-17T06:24:13.226765
36ce26cf-dc3f-4d38-8185-d0c088c25aa2,YANG LAIN BOLEH HILANG ASAL KAU JANGAN,21cineplex,,16YLBH,Drama,113 menit,13+,2D,2026-05-17,1625f3f4-3360-40e0-9d8c-cd0b2e25226d,2026-05-17T06:24:13.227012
36ce26cf-dc3f-4d38-8185-d0c088c25aa2,SALMOKJI: WHISPERING WATER,21cineplex,,26SWWR,Horror,95 menit,D17+,2D,2026-05-17,1abc4c0d-68f1-44e9-94c6-a5b0347bee45,2026-05-17T06:24:13.227193
36ce26cf-dc3f-4d38-8185-d0c088c25aa2,KAMU HARUS MATI,21cineplex,,16KHMI,"Horror, Mystery, Thriller",90 menit,13+,2D,2026-05-21,1c512898-2dc5-48c9-b038-1c51e9fc109c,2026-05-17T06:24:13.227532
36ce26cf-dc3f-4d38-8185-d0c088c25aa2,SEKAWAN LIMO 2: GUNUNG KLAWIH,21cineplex,,16SK2G,"Comedy, Horror",122 menit,13+,2D,2026-05-27,d41d6644-d493-4dc4-a36b-d0c6c1923fab,2026-05-17T06:24:13.228773
6e120b4b-a54d-4fe9-85c3-33d5d53312e0,MORTAL KOMBAT II,21cineplex,,25MKT2,"Action, Adventure",116 menit,D17+,2D,2026-05-17,bcf58315-f4b7-4af1-a01b-3d96ecbe11aa,2026-05-17T06:24:14.885331
6e120b4b-a54d-4fe9-85c3-33d5d53312e0,GHOST IN THE CELL,21cineplex,,16GITC,"Comedy, Horror",106 menit,D17+,2D,2026-05-17,d8fc6913-e663-4512-ae04-51a3ad222cfe,2026-05-17T06:24:14.885449
6e120b4b-a54d-4fe9-85c3-33d5d53312e0,GOHAN,21cineplex,,26GOHN,Drama,140 menit,SU,2D,2026-05-17,499ab5df-b474-4bfe-9a15-f058642f9cf5,2026-05-17T06:24:14.885513
6e120b4b-a54d-4fe9-85c3-33d5d53312e0,SEMUA AKAN BAIK-BAIK SAJA,21cineplex,,16SABB,Drama,113 menit,13+,2D,2026-05-17,fb752248-d089-40f3-99ed-3d4054d83be9,2026-05-17T06:24:14.885588
6e120b4b-a54d-4fe9-85c3-33d5d53312e0,TUMBAL PROYEK,21cineplex,,16TPRK,Horror,106 menit,D17+,2D,2026-05-17,64540076-94e7-4eea-b7d0-e0adfeed60c4,2026-05-17T06:24:14.885690
02b1ea1f-59f3-4268-bfaa-3529bebd0bdd,MICHAEL,21cineplex,,26MICL,Biography,127 menit,SU,2D,2026-05-17,c6e7f9c2-5801-453c-b59a-a90ad1073c10,2026-05-17T06:24:16.153008
02b1ea1f-59f3-4268-bfaa-3529bebd0bdd,THE DEVIL WEARS PRADA 2,21cineplex,,26DWP2,"Comedy, Drama",119 menit,13+,2D,2026-05-17,8a4f8492-e2bf-4fce-b48b-4a5a0db9ab25,2026-05-17T06:24:16.153165
02b1ea1f-59f3-4268-bfaa-3529bebd0bdd,MORTAL KOMBAT II,21cineplex,,25MKT2,"Action, Adventure",116 menit,D17+,2D,2026-05-17,01839d4f-3972-40d9-a473-a091b47b1995,2026-05-17T06:24:16.153221
02b1ea1f-59f3-4268-bfaa-3529bebd0bdd,GOHAN,21cineplex,,26GOHN,Drama,140 menit,SU,2D,2026-05-17,6b7d02c3-9ab7-4014-a5c7-1704cbd3bfaf,2026-05-17T06:24:16.153300
3e957fa0-91bc-422d-9265-1bcd2b4a60e9,GHOST IN THE CELL,21cineplex,,16GITC,"Comedy, Horror",106 menit,D17+,2D,2026-05-17,157b4cdf-68d4-4d95-ab8c-8c1f2fb902f9,2026-05-17T06:24:17.868424
3e957fa0-91bc-422d-9265-1bcd2b4a60e9,THE SHEEP DETECTIVES,21cineplex,,26SDES,"Comedy, Mystery",109 menit,SU,2D,2026-05-17,bd267bca-da4b-4e88-9fe4-e5a1f8fe8dc0,2026-05-17T06:24:17.868714
3e957fa0-91bc-422d-9265-1bcd2b4a60e9,SEMUA AKAN BAIK-BAIK SAJA,21cineplex,,16SABB,Drama,113 menit,13+,2D,2026-05-17,0267f16d-6489-4b67-91b5-af7f3a8e2ebb,2026-05-17T06:24:17.868893
3e957fa0-91bc-422d-9265-1bcd2b4a60e9,YANG LAIN BOLEH HILANG ASAL KAU JANGAN,21cineplex,,16YLBH,Drama,113 menit,13+,2D,2026-05-17,89b6f55e-c713-4cb9-9dff-353c66350820,2026-05-17T06:24:17.869149
3e957fa0-91bc-422d-9265-1bcd2b4a60e9,TUMBAL PROYEK,21cineplex,,16TPRK,Horror,106 menit,D17+,2D,2026-05-17,c1ce0ba9-ed1c-40c7-8f17-986844dd3992,2026-05-17T06:24:17.869397
3e957fa0-91bc-422d-9265-1bcd2b4a60e9,SALMOKJI: WHISPERING WATER,21cineplex,,26SWWR,Horror,95 menit,D17+,2D,2026-05-17,35e077b4-b9de-47b0-9644-1581629d8497,2026-05-17T06:24:17.869630
3e957fa0-91bc-422d-9265-1bcd2b4a60e9,SEKAWAN LIMO 2: GUNUNG KLAWIH,21cineplex,,16SK2G,"Comedy, Horror",122 menit,13+,2D,2026-05-27,be3d06f6-b1ce-4ce5-a1e0-e1050e29f7de,2026-05-17T06:24:17.869788
9ba44bed-e9ee-4d14-800b-4546ae1b54ba,GOHAN,21cineplex,,26GOHN,Drama,140 menit,SU,2D,2026-05-17,97a99a60-6307-49dc-ba1f-6e2435c71bcc,2026-05-17T06:24:19.148665
9ba44bed-e9ee-4d14-800b-4546ae1b54ba,THE SHEEP DETECTIVES,21cineplex,,26SDES,"Comedy, Mystery",109 menit,SU,2D,2026-05-17,dfe140c6-b312-43e3-888e-fd6f329111cf,2026-05-17T06:24:19.148753
9ba44bed-e9ee-4d14-800b-4546ae1b54ba,SEMUA AKAN BAIK-BAIK SAJA,21cineplex,,16SABB,Drama,113 menit,13+,2D,2026-05-17,8aa58338-8147-4b7c-ae74-3479a916f50c,2026-05-17T06:24:19.148839
9ba44bed-e9ee-4d14-800b-4546ae1b54ba,GHOST IN THE CELL,21cineplex,,16GITC,"Comedy, Horror",106 menit,D17+,2D,2026-05-17,15616da5-2975-451d-bb17-9174a4303458,2026-05-17T06:24:19.148941
9ba44bed-e9ee-4d14-800b-4546ae1b54ba,TUMBAL PROYEK,21cineplex,,16TPRK,Horror,106 menit,D17+,2D,2026-05-17,234338d4-8a3b-4f73-ab9d-5187559b571f,2026-05-17T06:24:19.148996
9ba44bed-e9ee-4d14-800b-4546ae1b54ba,MORTAL KOMBAT II,21cineplex,,25MKT2,"Action, Adventure",116 menit,D17+,2D,2026-05-17,72a179cf-6e84-4bcb-afb2-8ca56dad3688,2026-05-17T06:24:19.149084
9ba44bed-e9ee-4d14-800b-4546ae1b54ba,KELUARGA SUAMI ADALAH HAMA,21cineplex,,16KSAH,Drama,117 menit,13+,2D,2026-05-21,067bd57b-7f9f-4cfc-8b40-a576c9cd89f1,2026-05-17T06:24:19.149172
9ba44bed-e9ee-4d14-800b-4546ae1b54ba,SEKAWAN LIMO 2: GUNUNG KLAWIH,21cineplex,,16SK2G,"Comedy, Horror",122 menit,13+,2D,2026-05-27,527b9448-993d-4b72-a6ad-57ae595d2990,2026-05-17T06:24:19.149289
a00cee27-dade-4bed-9070-22633b0a8a27,SEMUA AKAN BAIK-BAIK SAJA,21cineplex,,16SABB,Drama,113 menit,13+,2D,2026-05-17,282c861b-4b90-4fb5-bb07-9b2a35dd2884,2026-05-17T06:24:20.901666
a00cee27-dade-4bed-9070-22633b0a8a27,TOP GUN: MAVERICK (RE-RELEASE),21cineplex,,26TGMK,Action,130 menit,SU,2D,2026-05-17,fbc0144a-b137-4ccb-aade-857b32ed89a6,2026-05-17T06:24:20.901973
a00cee27-dade-4bed-9070-22633b0a8a27,SALMOKJI: WHISPERING WATER,21cineplex,,26SWWR,Horror,95 menit,D17+,2D,2026-05-17,933044fb-aaa0-4793-834a-7ac6d0b26459,2026-05-17T06:24:20.902057
a00cee27-dade-4bed-9070-22633b0a8a27,GOHAN,21cineplex,,26GOHN,Drama,140 menit,SU,2D,2026-05-17,394be101-b858-465b-937c-fb685e673545,2026-05-17T06:24:20.902151
a00cee27-dade-4bed-9070-22633b0a8a27,THE DEVIL WEARS PRADA 2,21cineplex,,26DWP2,"Comedy, Drama",119 menit,13+,2D,2026-05-17,749bec1f-7510-4f0a-891e-9158a72b1f8d,2026-05-17T06:24:20.902267
a00cee27-dade-4bed-9070-22633b0a8a27,IN THE GREY,21cineplex,,26ITGY,"Action, Thriller",97 menit,13+,2D,2026-05-17,f8f54116-5d5d-43c1-8951-8ea9c6abed82,2026-05-17T06:24:20.902324
a00cee27-dade-4bed-9070-22633b0a8a27,DILAN ITB 1997,21cineplex,,16DI97,"Drama, Romance",110 menit,13+,2D,2026-05-17,266ddeb9-392c-4407-8b1c-3e0ff48a8905,2026-05-17T06:24:20.902389
a00cee27-dade-4bed-9070-22633b0a8a27,GHOST IN THE CELL,21cineplex,,16GITC,"Comedy, Horror",106 menit,D17+,2D,2026-05-17,0fa4d1a5-fdb8-4b47-9876-046c0ac3b99c,2026-05-17T06:24:20.902495
a00cee27-dade-4bed-9070-22633b0a8a27,THE SHEEP DETECTIVES,21cineplex,,26SDES,"Comedy, Mystery",109 menit,SU,2D,2026-05-17,8cf2978f-0227-4d50-ae29-1c671a41e823,2026-05-17T06:24:20.902626
a00cee27-dade-4bed-9070-22633b0a8a27,STAR WARS: THE MANDALORIAN AND GROGU,21cineplex,,26SWMG,"Fantasy, Sci-Fi",132 menit,13+,2D,2026-05-20,411148be-a90d-4c8e-a949-79836f81d0e4,2026-05-17T06:24:20.902730
a00cee27-dade-4bed-9070-22633b0a8a27,CHILDREN OF HEAVEN,21cineplex,,16COHN,"Drama, Family",97 menit,SU,2D,2026-05-27,c44cb5f2-a751-49d3-9278-d5e8cf79481c,2026-05-17T06:24:20.902847
73d204a1-f533-473b-a63d-a213a2c24426,MORTAL KOMBAT II,21cineplex,,25MKT2,"Action, Adventure",116 menit,D17+,2D,2026-05-17,ae173920-da9b-4742-ab82-32fb2f8376da,2026-05-17T06:24:25.212195
73d204a1-f533-473b-a63d-a213a2c24426,GHOST IN THE CELL,21cineplex,,16GITC,"Comedy, Horror",106 menit,D17+,2D,2026-05-17,d19fe76c-56fe-4ede-ad0a-3cfc4f339567,2026-05-17T06:24:25.212315
73d204a1-f533-473b-a63d-a213a2c24426,GOHAN,21cineplex,,26GOHN,Drama,140 menit,SU,2D,2026-05-17,2fc4c5b5-9eb2-46dd-9efa-cce55d324569,2026-05-17T06:24:25.212439
73d204a1-f533-473b-a63d-a213a2c24426,SALMOKJI: WHISPERING WATER,21cineplex,,26SWWR,Horror,95 menit,D17+,2D,2026-05-17,94dfb7df-efb9-45cc-80a0-25c700ae21fc,2026-05-17T06:24:25.212517
73d204a1-f533-473b-a63d-a213a2c24426,MICHAEL,21cineplex,,26MICL,Biography,127 menit,SU,2D,2026-05-17,e29bd8e7-78ce-4ef7-8c9d-0e530be96f9a,2026-05-17T06:24:25.212607
73d204a1-f533-473b-a63d-a213a2c24426,FUZE,21cineplex,,26FUZE,"Action, Crime",96 menit,D17+,2D,2026-05-17,5d59856a-a212-4a82-9f75-5ce2712059fd,2026-05-17T06:24:25.212691
73d204a1-f533-473b-a63d-a213a2c24426,IN THE GREY,21cineplex,,26ITGY,"Action, Thriller",97 menit,13+,2D,2026-05-17,eb976ac5-9c55-44b0-b6ca-de0bb7e22fd4,2026-05-17T06:24:25.212770
73d204a1-f533-473b-a63d-a213a2c24426,THE SHEEP DETECTIVES,21cineplex,,26SDES,"Comedy, Mystery",109 menit,SU,2D,2026-05-17,a5a4c4d8-8ed5-41b5-a587-132f91192ec9,2026-05-17T06:24:25.212819
73d204a1-f533-473b-a63d-a213a2c24426,STAR WARS: THE MANDALORIAN AND GROGU,21cineplex,,26SWMG,"Fantasy, Sci-Fi",132 menit,13+,2D,2026-05-20,2d9c3127-8d91-4b6a-a293-1842dff5c1e4,2026-05-17T06:24:25.212900
837c8116-a340-45a7-a74e-b2fce759e25a,THE SHEEP DETECTIVES,21cineplex,,26SDES,"Comedy, Mystery",109 menit,SU,2D,2026-05-17,7bd19563-023a-4755-b947-55cde3b8600e,2026-05-17T06:24:29.885605
837c8116-a340-45a7-a74e-b2fce759e25a,GHOST IN THE CELL,21cineplex,,16GITC,"Comedy, Horror",106 menit,D17+,2D,2026-05-17,62f60e0d-cbee-42f5-a7ad-7371c949fe59,2026-05-17T06:24:29.885692
837c8116-a340-45a7-a74e-b2fce759e25a,SEMUA AKAN BAIK-BAIK SAJA,21cineplex,,16SABB,Drama,113 menit,13+,2D,2026-05-17,88b431f1-75be-4e9d-92af-b3d32e96e4be,2026-05-17T06:24:29.885786
837c8116-a340-45a7-a74e-b2fce759e25a,GOHAN,21cineplex,,26GOHN,Drama,140 menit,SU,2D,2026-05-17,9ecc9a88-4236-4a4e-991b-e0fe34e6e8ee,2026-05-17T06:24:29.885879
837c8116-a340-45a7-a74e-b2fce759e25a,DILAN ITB 1997,21cineplex,,16DI97,"Drama, Romance",110 menit,13+,2D,2026-05-17,ab7d3889-29df-44f5-adc3-922e20572f14,2026-05-17T06:24:29.885935
837c8116-a340-45a7-a74e-b2fce759e25a,LEE CRONIN'S THE MUMMY,21cineplex,,26LCTM,Horror,134 menit,D17+,2D,2026-05-17,9e166c32-fec3-4e9f-b6dd-48da11e9d4a6,2026-05-17T06:24:29.886059
837c8116-a340-45a7-a74e-b2fce759e25a,MORTAL KOMBAT II,21cineplex,,25MKT2,"Action, Adventure",116 menit,D17+,2D,2026-05-17,6ec5c49a-d9c9-4fc2-a3a7-c8629f84a869,2026-05-17T06:24:29.886123
837c8116-a340-45a7-a74e-b2fce759e25a,SALMOKJI: WHISPERING WATER,21cineplex,,26SWWR,Horror,95 menit,D17+,2D,2026-05-17,2432b03e-8786-4ee8-917b-2f58104635c8,2026-05-17T06:24:29.886191
837c8116-a340-45a7-a74e-b2fce759e25a,STAR WARS: THE MANDALORIAN AND GROGU,21cineplex,,26SWMG,"Fantasy, Sci-Fi",132 menit,13+,2D,2026-05-20,6753b4ce-d19d-4734-96ac-ec5e983a7adf,2026-05-17T06:24:29.886268
837c8116-a340-45a7-a74e-b2fce759e25a,KELUARGA SUAMI ADALAH HAMA,21cineplex,,16KSAH,Drama,117 menit,13+,2D,2026-05-21,d69e56f3-ad4f-4127-a17d-4b3ca0d36817,2026-05-17T06:24:29.886327
837c8116-a340-45a7-a74e-b2fce759e25a,SEKAWAN LIMO 2: GUNUNG KLAWIH,21cineplex,,16SK2G,"Comedy, Horror",122 menit,13+,2D,2026-05-27,42a620b4-20f0-4c33-822f-0b5b7b9edaa0,2026-05-17T06:24:29.886401
837c8116-a340-45a7-a74e-b2fce759e25a,CHILDREN OF HEAVEN,21cineplex,,16COHN,"Drama, Family",97 menit,SU,2D,2026-05-27,039d893a-f557-48e0-bb9b-a26215a0baf4,2026-05-17T06:24:29.886469
6d625b41-9a29-4326-b630-db17ba68441f,DILAN ITB 1997,21cineplex,,16DI97,"Drama, Romance",110 menit,13+,2D,2026-05-17,67db32d0-6960-4741-890b-113a1391e503,2026-05-17T06:24:33.225851
6d625b41-9a29-4326-b630-db17ba68441f,GHOST IN THE CELL,21cineplex,,16GITC,"Comedy, Horror",106 menit,D17+,2D,2026-05-17,2fd31e36-ed97-4727-b9fe-69222fcca9f9,2026-05-17T06:24:33.226074
6d625b41-9a29-4326-b630-db17ba68441f,YANG LAIN BOLEH HILANG ASAL KAU JANGAN,21cineplex,,16YLBH,Drama,113 menit,13+,2D,2026-05-17,c1d697ce-6167-45bb-b6e5-9d292c139e24,2026-05-17T06:24:33.226217
6d625b41-9a29-4326-b630-db17ba68441f,SEMUA AKAN BAIK-BAIK SAJA,21cineplex,,16SABB,Drama,113 menit,13+,2D,2026-05-17,648039be-3fdc-4187-810d-a058be1de418,2026-05-17T06:24:33.226320
6d625b41-9a29-4326-b630-db17ba68441f,TUMBAL PROYEK,21cineplex,,16TPRK,Horror,106 menit,D17+,2D,2026-05-17,e2e55a11-0bf4-4687-8012-019730ebb3c6,2026-05-17T06:24:33.226459
6d625b41-9a29-4326-b630-db17ba68441f,SALMOKJI: WHISPERING WATER,21cineplex,,26SWWR,Horror,95 menit,D17+,2D,2026-05-17,27067235-e995-45b9-a81e-893105dd095b,2026-05-17T06:24:33.226648
6d625b41-9a29-4326-b630-db17ba68441f,GOHAN,21cineplex,,26GOHN,Drama,140 menit,SU,2D,2026-05-17,b0f52b39-e2e0-4207-9614-d8aa6a5fe389,2026-05-17T06:24:33.226704
6d625b41-9a29-4326-b630-db17ba68441f,STAR WARS: THE MANDALORIAN AND GROGU,21cineplex,,26SWMG,"Fantasy, Sci-Fi",132 menit,13+,2D,2026-05-20,0f7b1881-29b1-4d8d-a95a-e055a4f0cb42,2026-05-17T06:24:33.226785
6d625b41-9a29-4326-b630-db17ba68441f,GUDANG MERICA,21cineplex,,16GMEA,"Comedy, Horror",98 menit,D17+,2D,2026-05-21,307d6522-debf-42a5-aab1-c760f1e508ac,2026-05-17T06:24:33.226877
6d625b41-9a29-4326-b630-db17ba68441f,KAMU HARUS MATI,21cineplex,,16KHMI,"Horror, Mystery, Thriller",90 menit,13+,2D,2026-05-21,5cb7a0f4-c292-495b-8afd-9dd34fa54bc8,2026-05-17T06:24:33.226995
6d625b41-9a29-4326-b630-db17ba68441f,SUAMIKU LUKAKU,21cineplex,,16SLUU,Drama,92 menit,D17+,2D,2026-05-27,374548c7-1989-4e0f-957d-4ca3abefcf44,2026-05-17T06:24:33.227128
6d625b41-9a29-4326-b630-db17ba68441f,CHILDREN OF HEAVEN,21cineplex,,16COHN,"Drama, Family",97 menit,SU,2D,2026-05-27,aab4ee5f-f48a-4db3-bf49-9f959d305f94,2026-05-17T06:24:33.227237
4c6b3dad-ba93-4dec-9ea6-c674728126cc,THE DEVIL WEARS PRADA 2,21cineplex,,26DWP2,"Comedy, Drama",119 menit,13+,2D,2026-05-17,1a80c51b-5a3c-4d6e-99a1-cd8e537fe34b,2026-05-17T06:24:34.148892
4c6b3dad-ba93-4dec-9ea6-c674728126cc,GOHAN,21cineplex,,26GOHN,Drama,140 menit,SU,2D,2026-05-17,ea9b1299-bfed-445a-8000-fda8cf51d236,2026-05-17T06:24:34.149154
05df4180-b0ec-41f7-bb67-f1a42b8def44,GHOST IN THE CELL,21cineplex,,16GITC,"Comedy, Horror",106 menit,D17+,2D,2026-05-17,299652f0-ce3e-4519-ab1a-e224e6507150,2026-05-17T06:24:38.904504
05df4180-b0ec-41f7-bb67-f1a42b8def44,DILAN ITB 1997,21cineplex,,16DI97,"Drama, Romance",110 menit,13+,2D,2026-05-17,9217564c-df92-4e90-8845-4c52749eb988,2026-05-17T06:24:38.904942
05df4180-b0ec-41f7-bb67-f1a42b8def44,GOHAN,21cineplex,,26GOHN,Drama,140 menit,SU,2D,2026-05-17,988b65b6-f621-4e6d-93d8-528440875399,2026-05-17T06:24:38.905182
05df4180-b0ec-41f7-bb67-f1a42b8def44,TUMBAL PROYEK,21cineplex,,16TPRK,Horror,106 menit,D17+,2D,2026-05-17,fb9581b0-370c-42f3-bc59-3540428d80de,2026-05-17T06:24:38.905354
05df4180-b0ec-41f7-bb67-f1a42b8def44,MORTAL KOMBAT II,21cineplex,,25MKT2,"Action, Adventure",116 menit,D17+,2D,2026-05-17,6ace4985-13dc-4b41-a78f-579a961858a9,2026-05-17T06:24:38.905659
05df4180-b0ec-41f7-bb67-f1a42b8def44,SEMUA AKAN BAIK-BAIK SAJA,21cineplex,,16SABB,Drama,113 menit,13+,2D,2026-05-17,8a02c3b8-5418-4716-bf55-9bd719830591,2026-05-17T06:24:38.905862
05df4180-b0ec-41f7-bb67-f1a42b8def44,YANG LAIN BOLEH HILANG ASAL KAU JANGAN,21cineplex,,16YLBH,Drama,113 menit,13+,2D,2026-05-17,12d05faf-b32e-41d4-a1a9-9ba12fe2893f,2026-05-17T06:24:38.906242
05df4180-b0ec-41f7-bb67-f1a42b8def44,CHILDREN OF HEAVEN,21cineplex,,16COHN,"Drama, Family",97 menit,SU,2D,2026-05-27,4279612a-fe8b-498e-921d-fcf60db218c0,2026-05-17T06:24:38.906460
22b208ef-7791-48c7-9255-d28c6e865a02,YANG LAIN BOLEH HILANG ASAL KAU JANGAN,21cineplex,,16YLBH,Drama,113 menit,13+,2D,2026-05-17,fefa2c3a-224e-44c6-a9fa-f77b466082c3,2026-05-17T06:24:40.163050
22b208ef-7791-48c7-9255-d28c6e865a02,SEMUA AKAN BAIK-BAIK SAJA,21cineplex,,16SABB,Drama,113 menit,13+,2D,2026-05-17,05b17f23-69b7-4044-9523-3f31b1a57628,2026-05-17T06:24:40.163159
22b208ef-7791-48c7-9255-d28c6e865a02,THE SHEEP DETECTIVES,21cineplex,,26SDES,"Comedy, Mystery",109 menit,SU,2D,2026-05-17,6538ad93-42c3-4981-9dfe-d281f5eacead,2026-05-17T06:24:40.163250
22b208ef-7791-48c7-9255-d28c6e865a02,TUMBAL PROYEK,21cineplex,,16TPRK,Horror,106 menit,D17+,2D,2026-05-17,650638f4-796e-4ab7-bdb7-e357232cbc77,2026-05-17T06:24:40.163310
22b208ef-7791-48c7-9255-d28c6e865a02,GHOST IN THE CELL,21cineplex,,16GITC,"Comedy, Horror",106 menit,D17+,2D,2026-05-17,ab2aa4ed-75ec-4577-a657-9b4ed3a14957,2026-05-17T06:24:40.163394
22b208ef-7791-48c7-9255-d28c6e865a02,GOHAN,21cineplex,,26GOHN,Drama,140 menit,SU,2D,2026-05-17,f8b314a9-7f3f-4af7-9e63-d925c93b0d8d,2026-05-17T06:24:40.163451
22b208ef-7791-48c7-9255-d28c6e865a02,KAMU HARUS MATI,21cineplex,,16KHMI,"Horror, Mystery, Thriller",90 menit,13+,2D,2026-05-21,dfb34765-7e13-4c58-a095-b19af879fcd0,2026-05-17T06:24:40.163503
a751acb6-0e0d-4aa4-aa91-88ccac33d7e3,GHOST IN THE CELL,21cineplex,,16GITC,"Comedy, Horror",106 menit,D17+,2D,2026-05-17,0c50fcd0-398b-4166-aceb-372e07e32206,2026-05-17T06:24:41.918285
a751acb6-0e0d-4aa4-aa91-88ccac33d7e3,GOHAN,21cineplex,,26GOHN,Drama,140 menit,SU,2D,2026-05-17,1a11f84c-5f0c-4697-ba76-880d5d268caa,2026-05-17T06:24:41.918534
a751acb6-0e0d-4aa4-aa91-88ccac33d7e3,SEMUA AKAN BAIK-BAIK SAJA,21cineplex,,16SABB,Drama,113 menit,13+,2D,2026-05-17,37cb0253-c5b3-4da8-beb0-813b7e834fb3,2026-05-17T06:24:41.918646
a751acb6-0e0d-4aa4-aa91-88ccac33d7e3,YANG LAIN BOLEH HILANG ASAL KAU JANGAN,21cineplex,,16YLBH,Drama,113 menit,13+,2D,2026-05-17,48dac213-15e6-4bf1-b8fe-ab43a6690dd8,2026-05-17T06:24:41.918842
a751acb6-0e0d-4aa4-aa91-88ccac33d7e3,TUMBAL PROYEK,21cineplex,,16TPRK,Horror,106 menit,D17+,2D,2026-05-17,1d939529-f7e4-4e96-a7d9-f775f497fae4,2026-05-17T06:24:41.918924
a751acb6-0e0d-4aa4-aa91-88ccac33d7e3,KELUARGA SUAMI ADALAH HAMA,21cineplex,,16KSAH,Drama,117 menit,13+,2D,2026-05-21,5b7de37d-7361-4e2d-910f-0b5a4c045371,2026-05-17T06:24:41.919072
a751acb6-0e0d-4aa4-aa91-88ccac33d7e3,KAMU HARUS MATI,21cineplex,,16KHMI,"Horror, Mystery, Thriller",90 menit,13+,2D,2026-05-21,3d65035f-734b-4ad4-a496-b7eade94b850,2026-05-17T06:24:41.919222
a751acb6-0e0d-4aa4-aa91-88ccac33d7e3,CHILDREN OF HEAVEN,21cineplex,,16COHN,"Drama, Family",97 menit,SU,2D,2026-05-27,9281a41f-d5dc-47f6-8904-1d430a1238ff,2026-05-17T06:24:41.919392
a5c90ec9-2b85-44a4-aab5-0b35ce6f3363,GHOST IN THE CELL,21cineplex,,16GITC,"Comedy, Horror",106 menit,D17+,2D,2026-05-17,92688191-6170-48c9-b95b-e13f97b31e8f,2026-05-17T06:24:43.259787
a5c90ec9-2b85-44a4-aab5-0b35ce6f3363,MORTAL KOMBAT II,21cineplex,,25MKT2,"Action, Adventure",116 menit,D17+,2D,2026-05-17,de4d786b-fcd3-4182-9a5d-a736d1e8407c,2026-05-17T06:24:43.260082
a5c90ec9-2b85-44a4-aab5-0b35ce6f3363,TUMBAL PROYEK,21cineplex,,16TPRK,Horror,106 menit,D17+,2D,2026-05-17,8b749d7c-4f11-4701-92fe-6d5372fd3ffe,2026-05-17T06:24:43.260726
a5c90ec9-2b85-44a4-aab5-0b35ce6f3363,DILAN ITB 1997,21cineplex,,16DI97,"Drama, Romance",110 menit,13+,2D,2026-05-17,30f91752-268b-45e2-99aa-c79889120959,2026-05-17T06:24:43.261109
a5c90ec9-2b85-44a4-aab5-0b35ce6f3363,SEMUA AKAN BAIK-BAIK SAJA,21cineplex,,16SABB,Drama,113 menit,13+,2D,2026-05-17,46fe81dd-2d0c-4a5a-b1ba-70a6bef63039,2026-05-17T06:24:43.261256
a5c90ec9-2b85-44a4-aab5-0b35ce6f3363,THE DEVIL WEARS PRADA 2,21cineplex,,26DWP2,"Comedy, Drama",119 menit,13+,2D,2026-05-17,11880fac-6397-4a83-9bfd-b90d5d3d0db9,2026-05-17T06:24:43.261425
a5c90ec9-2b85-44a4-aab5-0b35ce6f3363,GOHAN,21cineplex,,26GOHN,Drama,140 menit,SU,2D,2026-05-17,4e41f02e-d8cf-4a21-b671-671daf48d284,2026-05-17T06:24:43.261567
a5c90ec9-2b85-44a4-aab5-0b35ce6f3363,STAR WARS: THE MANDALORIAN AND GROGU,21cineplex,,26SWMG,"Fantasy, Sci-Fi",132 menit,13+,2D,2026-05-20,50a3c65a-44f5-4172-b4fe-ede163365321,2026-05-17T06:24:43.261708
a5c90ec9-2b85-44a4-aab5-0b35ce6f3363,KELUARGA SUAMI ADALAH HAMA,21cineplex,,16KSAH,Drama,117 menit,13+,2D,2026-05-21,506b7d41-9eb4-4f56-8d79-bb5b8b2546db,2026-05-17T06:24:43.261835
a5c90ec9-2b85-44a4-aab5-0b35ce6f3363,SEKAWAN LIMO 2: GUNUNG KLAWIH,21cineplex,,16SK2G,"Comedy, Horror",122 menit,13+,2D,2026-05-27,add7a6cd-8115-4f7a-ad27-9483be475414,2026-05-17T06:24:43.261975
