cinema_id,title,source,movie_id,movie_code,genre,duration,age_rating,format,show_date,id,created_at
b2b2938c-670f-40bc-ae0f-63920cc7878e,TUMBAL PROYEK,21cineplex,,16TPRK,Horror,106 menit,D17+,2D,2026-05-21,332845be-c42f-4c55-9a00-11cef2a03a22,2026-05-21T00:28:31.062090
b2b2938c-670f-40bc-ae0f-63920cc7878e,GHOST IN THE CELL,21cineplex,,16GITC,"Comedy, Horror",106 menit,D17+,2D,2026-05-21,c92bafa7-addb-4be0-a4a8-6d79a3177fbe,2026-05-21T00:28:31.062246
b2b2938c-670f-40bc-ae0f-63920cc7878e,STAR WARS: THE MANDALORIAN AND GROGU,21cineplex,,26SWMG,"Fantasy, Sci-Fi",132 menit,13+,2D,2026-05-21,a2685d30-c2fb-42e6-b105-9d4b821c4312,2026-05-21T00:28:31.062323
b2b2938c-670f-40bc-ae0f-63920cc7878e,SEMUA AKAN BAIK-BAIK SAJA,21cineplex,,16SABB,Drama,113 menit,13+,2D,2026-05-21,be5ca3ab-151a-48e7-9391-9895413f4687,2026-05-21T00:28:31.062401
b2b2938c-670f-40bc-ae0f-63920cc7878e,SALMOKJI: WHISPERING WATER,21cineplex,,26SWWR,Horror,95 menit,D17+,2D,2026-05-21,fac667b8-27f2-45fe-88d0-8a5482e3c1d3,2026-05-21T00:28:31.062551
b2b2938c-670f-40bc-ae0f-63920cc7878e,CHILDREN OF HEAVEN,21cineplex,,16COHN,"Drama, Family",97 menit,SU,2D,2026-05-23,24bfe720-6dec-46dc-957a-52ad64fa7c96,2026-05-21T00:28:31.062626
b2b2938c-670f-40bc-ae0f-63920cc7878e,CHILDREN OF HEAVEN,21cineplex,,16COHN,"Drama, Family",97 menit,SU,2D,2026-05-27,fd5cebb9-5e79-405c-8fbb-aa3f2df1386f,2026-05-21T00:28:31.062690
7fd217b8-b213-4f66-8f33-62a82d556622,THE SHEEP DETECTIVES,21cineplex,,26SDES,"Comedy, Mystery",109 menit,SU,2D,2026-05-21,d41b15f7-34ef-460d-92bc-49ed787c05d7,2026-05-21T00:28:31.063024
7fd217b8-b213-4f66-8f33-62a82d556622,THE DEVIL WEARS PRADA 2,21cineplex,,26DWP2,"Comedy, Drama",119 menit,13+,2D,2026-05-21,c7853512-3434-4c7c-9d0f-41ce8da33ed0,2026-05-21T00:28:31.063134
7fd217b8-b213-4f66-8f33-62a82d556622,SALMOKJI: WHISPERING WATER,21cineplex,,26SWWR,Horror,95 menit,D17+,2D,2026-05-21,d6a86bd2-18d9-4939-be52-e91acb067687,2026-05-21T00:28:31.063243
7fd217b8-b213-4f66-8f33-62a82d556622,MICHAEL,21cineplex,,26MICL,Biography,127 menit,SU,2D,2026-05-21,3dde89fc-b2bd-4122-b53c-bec4fe19d871,2026-05-21T00:28:31.063372
7fd217b8-b213-4f66-8f33-62a82d556622,GOHAN,21cineplex,,26GOHN,Drama,140 menit,SU,2D,2026-05-21,e8c8b9ce-54c9-4c63-8a64-0c95d53f9fb6,2026-05-21T00:28:31.063504
7fd217b8-b213-4f66-8f33-62a82d556622,IN THE GREY,21cineplex,,26ITGY,"Action, Thriller",97 menit,13+,2D,2026-05-21,a083abf2-e9cd-44fb-a3d0-54533633beb4,2026-05-21T00:28:31.063628
7fd217b8-b213-4f66-8f33-62a82d556622,BADUT GENDONG,21cineplex,,16BGEG,"Action, Horror",101 menit,D17+,2D,2026-05-27,ee39c53e-eaf4-4707-924e-ec64e20a99e6,2026-05-21T00:28:31.063704
db81f01c-8068-4f1f-a909-0279c01e8e75,GHOST IN THE CELL,21cineplex,,16GITC,"Comedy, Horror",106 menit,D17+,2D,2026-05-21,0482bb89-9429-4876-a3df-cfb475928309,2026-05-21T00:28:31.064299
db81f01c-8068-4f1f-a909-0279c01e8e75,TUMBAL PROYEK,21cineplex,,16TPRK,Horror,106 menit,D17+,2D,2026-05-21,03ce13d6-e14b-4db4-a4a6-b0389fe2e883,2026-05-21T00:28:31.064394
db81f01c-8068-4f1f-a909-0279c01e8e75,SEMUA AKAN BAIK-BAIK SAJA,21cineplex,,16SABB,Drama,113 menit,13+,2D,2026-05-21,022385b8-2b55-4aee-81c6-ceea2ff6c146,2026-05-21T00:28:31.064532
db81f01c-8068-4f1f-a909-0279c01e8e75,KELUARGA SUAMI ADALAH HAMA,21cineplex,,16KSAH,Drama,117 menit,13+,2D,2026-05-21,5fb5e4e9-5798-4d7b-a994-372467b87ba7,2026-05-21T00:28:31.064654
db81f01c-8068-4f1f-a909-0279c01e8e75,SUAMIKU LUKAKU,21cineplex,,16SLUU,Drama,92 menit,D17+,2D,2026-05-27,f2b41f3c-7a7b-47bb-a02d-6fbd42dd34cc,2026-05-21T00:28:31.064800
db81f01c-8068-4f1f-a909-0279c01e8e75,CHILDREN OF HEAVEN,21cineplex,,16COHN,"Drama, Family",97 menit,SU,2D,2026-05-27,85091520-21e4-4d4d-92a3-e8259b24b0ae,2026-05-21T00:28:31.064906
096b933f-d229-4809-a146-ca0c897b04d3,GOHAN,21cineplex,,26GOHN,Drama,140 menit,SU,2D,2026-05-21,f4926586-4024-457d-8ac6-3eaa60aa8f8c,2026-05-21T00:28:32.664354
096b933f-d229-4809-a146-ca0c897b04d3,TUMBAL PROYEK,21cineplex,,16TPRK,Horror,106 menit,D17+,2D,2026-05-21,dfb31436-5c6c-46f8-aa1d-1ca67f9d0758,2026-05-21T00:28:32.664513
096b933f-d229-4809-a146-ca0c897b04d3,STAR WARS: THE MANDALORIAN AND GROGU,21cineplex,,26SWMG,"Fantasy, Sci-Fi",132 menit,13+,2D,2026-05-21,cac158e4-a376-4c95-abb1-0c602648e799,2026-05-21T00:28:32.664633
096b933f-d229-4809-a146-ca0c897b04d3,GUDANG MERICA,21cineplex,,16GMEA,"Comedy, Horror",98 menit,D17+,2D,2026-05-21,9210a531-4840-48a3-a74a-fa6ef20fd364,2026-05-21T00:28:32.664806
096b933f-d229-4809-a146-ca0c897b04d3,MORTAL KOMBAT II,21cineplex,,25MKT2,"Action, Adventure",116 menit,D17+,2D,2026-05-21,f2c1b6cd-a54b-44d9-9bc1-439ae588c0fe,2026-05-21T00:28:32.665022
096b933f-d229-4809-a146-ca0c897b04d3,GHOST IN THE CELL,21cineplex,,16GITC,"Comedy, Horror",106 menit,D17+,2D,2026-05-21,d26f94f6-01e7-40f6-985c-c8eab1b682f9,2026-05-21T00:28:32.665188
096b933f-d229-4809-a146-ca0c897b04d3,FUZE,21cineplex,,26FUZE,"Action, Crime",96 menit,D17+,2D,2026-05-21,e5bbfbf2-c493-4010-88c5-2dd229a1e13c,2026-05-21T00:28:32.665341
096b933f-d229-4809-a146-ca0c897b04d3,SEMUA AKAN BAIK-BAIK SAJA,21cineplex,,16SABB,Drama,113 menit,13+,2D,2026-05-21,086117e8-7174-4c2f-af1f-6c751d4fb452,2026-05-21T00:28:32.665454
096b933f-d229-4809-a146-ca0c897b04d3,IN THE GREY,21cineplex,,26ITGY,"Action, Thriller",97 menit,13+,2D,2026-05-21,9cbd9b5b-0dbe-4a01-8121-408b84cda178,2026-05-21T00:28:32.665697
096b933f-d229-4809-a146-ca0c897b04d3,SEKAWAN LIMO 2: GUNUNG KLAWIH,21cineplex,,16SK2G,"Comedy, Horror",122 menit,13+,2D,2026-05-27,f9ed945d-8e92-423f-8b2f-697acf5fe5b4,2026-05-21T00:28:32.665848
096b933f-d229-4809-a146-ca0c897b04d3,SUAMIKU LUKAKU,21cineplex,,16SLUU,Drama,92 menit,D17+,2D,2026-05-27,2a672609-3eda-4c39-8af2-4ef0d2129a48,2026-05-21T00:28:32.666022
b3c46aa7-fc85-4450-affc-ac362b0f25a1,YANG LAIN BOLEH HILANG ASAL KAU JANGAN,21cineplex,,16YLBH,Drama,113 menit,13+,2D,2026-05-21,12bdeb84-401c-4acd-82a6-4b9a4cdbe36b,2026-05-21T00:28:34.127203
b3c46aa7-fc85-4450-affc-ac362b0f25a1,STAR WARS: THE MANDALORIAN AND GROGU,21cineplex,,26SWMG,"Fantasy, Sci-Fi",132 menit,13+,2D,2026-05-21,c8e00722-61e6-499b-a889-66c3725e1397,2026-05-21T00:28:34.127352
b3c46aa7-fc85-4450-affc-ac362b0f25a1,GOHAN,21cineplex,,26GOHN,Drama,140 menit,SU,2D,2026-05-21,30fe2d53-d613-4640-b737-f2a0571763b2,2026-05-21T00:28:34.127499
b3c46aa7-fc85-4450-affc-ac362b0f25a1,SEMUA AKAN BAIK-BAIK SAJA,21cineplex,,16SABB,Drama,113 menit,13+,2D,2026-05-21,ce6ce558-aa33-4c89-93bc-c652f37c995c,2026-05-21T00:28:34.127621
b3c46aa7-fc85-4450-affc-ac362b0f25a1,KELUARGA SUAMI ADALAH HAMA,21cineplex,,16KSAH,Drama,117 menit,13+,2D,2026-05-21,abbaa7c1-4964-4999-925b-7b185f6a6c19,2026-05-21T00:28:34.127743
b3c46aa7-fc85-4450-affc-ac362b0f25a1,TUMBAL PROYEK,21cineplex,,16TPRK,Horror,106 menit,D17+,2D,2026-05-21,f2a99287-38f4-45b7-9bdc-2a5d19589b47,2026-05-21T00:28:34.127924
b3c46aa7-fc85-4450-affc-ac362b0f25a1,GUDANG MERICA,21cineplex,,16GMEA,"Comedy, Horror",98 menit,D17+,2D,2026-05-21,527e2ae9-95cf-4682-abab-a9f1f9af94f4,2026-05-21T00:28:34.128043
b3c46aa7-fc85-4450-affc-ac362b0f25a1,BADUT GENDONG,21cineplex,,16BGEG,"Action, Horror",101 menit,D17+,2D,2026-05-27,643c6508-a40b-45f1-bdf9-7cf2bf1b4997,2026-05-21T00:28:34.128308
af8a4f0a-6a2a-4f96-af46-08a21e3bdf26,SEMUA AKAN BAIK-BAIK SAJA,21cineplex,,16SABB,Drama,113 menit,13+,2D,2026-05-21,1e732aeb-9bbd-496e-93cd-2c9faa5787ea,2026-05-21T00:28:35.993307
af8a4f0a-6a2a-4f96-af46-08a21e3bdf26,IN THE GREY,21cineplex,,26ITGY,"Action, Thriller",97 menit,13+,2D,2026-05-21,8d31f9d4-ae1a-4a04-b753-1464724ba1bb,2026-05-21T00:28:35.993487
af8a4f0a-6a2a-4f96-af46-08a21e3bdf26,MORTAL KOMBAT II,21cineplex,,25MKT2,"Action, Adventure",116 menit,D17+,2D,2026-05-21,ae522fe7-c038-48a4-b198-606ec17ba39c,2026-05-21T00:28:35.993572
af8a4f0a-6a2a-4f96-af46-08a21e3bdf26,GOHAN,21cineplex,,26GOHN,Drama,140 menit,SU,2D,2026-05-21,247b2e36-13bf-4c67-9b08-f932042b18ce,2026-05-21T00:28:35.993646
af8a4f0a-6a2a-4f96-af46-08a21e3bdf26,STAR WARS: THE MANDALORIAN AND GROGU,21cineplex,,26SWMG,"Fantasy, Sci-Fi",132 menit,13+,2D,2026-05-21,9ed66766-815c-4003-ab33-6ef44a5dbcbc,2026-05-21T00:28:35.993749
af8a4f0a-6a2a-4f96-af46-08a21e3bdf26,PEGASUS 3,21cineplex,,26PES3,"Action, Comedy",126 menit,13+,2D,2026-05-21,b42b2ba8-6033-4eb8-8efc-6c5c25d454bd,2026-05-21T00:28:35.993842
af8a4f0a-6a2a-4f96-af46-08a21e3bdf26,BADUT GENDONG,21cineplex,,16BGEG,"Action, Horror",101 menit,D17+,2D,2026-05-27,47303ea6-9949-43a6-8223-5d358ada6106,2026-05-21T00:28:35.993956
5ef221f4-8b66-4019-98b8-b37152d59d25,SEMUA AKAN BAIK-BAIK SAJA,21cineplex,,16SABB,Drama,113 menit,13+,2D,2026-05-21,0ea143f3-e88d-4605-be62-51745d16cec6,2026-05-21T00:28:38.892420
5ef221f4-8b66-4019-98b8-b37152d59d25,TUMBAL PROYEK,21cineplex,,16TPRK,Horror,106 menit,D17+,2D,2026-05-21,75e344b6-896d-40b9-9eea-d33f6b800406,2026-05-21T00:28:38.892646
5ef221f4-8b66-4019-98b8-b37152d59d25,GUDANG MERICA,21cineplex,,16GMEA,"Comedy, Horror",98 menit,D17+,2D,2026-05-21,accb937e-2ea8-48a3-aa95-77148ae0ad72,2026-05-21T00:28:38.892852
5ef221f4-8b66-4019-98b8-b37152d59d25,GHOST IN THE CELL,21cineplex,,16GITC,"Comedy, Horror",106 menit,D17+,2D,2026-05-21,06bff040-469d-4584-80ac-46383e65ca48,2026-05-21T00:28:38.892990
5ef221f4-8b66-4019-98b8-b37152d59d25,KAMU HARUS MATI,21cineplex,,16KHMI,"Horror, Mystery, Thriller",90 menit,13+,2D,2026-05-21,ca39310d-9e2d-4c45-9008-5c854726c50c,2026-05-21T00:28:38.893110
5ef221f4-8b66-4019-98b8-b37152d59d25,YANG LAIN BOLEH HILANG ASAL KAU JANGAN,21cineplex,,16YLBH,Drama,113 menit,13+,2D,2026-05-21,646536dc-ede0-4dab-8b35-b2e56ea0b700,2026-05-21T00:28:38.893256
5ef221f4-8b66-4019-98b8-b37152d59d25,CHILDREN OF HEAVEN,21cineplex,,16COHN,"Drama, Family",97 menit,SU,2D,2026-05-23,d70221ad-1e3c-40eb-8738-6962787e7bda,2026-05-21T00:28:38.893350
5ef221f4-8b66-4019-98b8-b37152d59d25,CHILDREN OF HEAVEN,21cineplex,,16COHN,"Drama, Family",97 menit,SU,2D,2026-05-27,41d1a45e-d463-4cad-8491-b8066f36f33b,2026-05-21T00:28:38.893410
5ef221f4-8b66-4019-98b8-b37152d59d25,BADUT GENDONG,21cineplex,,16BGEG,"Action, Horror",101 menit,D17+,2D,2026-05-27,d2b4eb78-6497-4805-9c77-b38d1a3cde1a,2026-05-21T00:28:38.893531
5ef221f4-8b66-4019-98b8-b37152d59d25,SUAMIKU LUKAKU,21cineplex,,16SLUU,Drama,92 menit,D17+,2D,2026-05-27,370d71cc-2d1c-497a-bd55-6d04f99cdb8e,2026-05-21T00:28:38.893667
3f4c16e0-e97c-44ff-897a-13d68f4b5de0,TUMBAL PROYEK,21cineplex,,16TPRK,Horror,106 menit,D17+,2D,2026-05-21,2c5afa35-6740-4609-bf20-829d338f859c,2026-05-21T00:28:40.226008
3f4c16e0-e97c-44ff-897a-13d68f4b5de0,GOHAN,21cineplex,,26GOHN,Drama,140 menit,SU,2D,2026-05-21,f68f7cb5-10ae-4131-87cd-23726648bd9c,2026-05-21T00:28:40.226481
3f4c16e0-e97c-44ff-897a-13d68f4b5de0,GHOST IN THE CELL,21cineplex,,16GITC,"Comedy, Horror",106 menit,D17+,2D,2026-05-21,f5a0a7d2-fb46-45dc-a5b6-2a00184744a8,2026-05-21T00:28:40.226682
3f4c16e0-e97c-44ff-897a-13d68f4b5de0,KELUARGA SUAMI ADALAH HAMA,21cineplex,,16KSAH,Drama,117 menit,13+,2D,2026-05-21,553614fe-d5ee-49e6-aa95-389ac3eabdd7,2026-05-21T00:28:40.227138
3f4c16e0-e97c-44ff-897a-13d68f4b5de0,SEMUA AKAN BAIK-BAIK SAJA,21cineplex,,16SABB,Drama,113 menit,13+,2D,2026-05-21,00e37bf0-a35b-4776-9e78-24bb740e5f2e,2026-05-21T00:28:40.227618
3f4c16e0-e97c-44ff-897a-13d68f4b5de0,STAR WARS: THE MANDALORIAN AND GROGU,21cineplex,,26SWMG,"Fantasy, Sci-Fi",132 menit,13+,2D,2026-05-21,0e8bf02c-020f-4935-aa33-00ad62e2f95d,2026-05-21T00:28:40.228062
3f4c16e0-e97c-44ff-897a-13d68f4b5de0,DILAN ITB 1997,21cineplex,,16DI97,"Drama, Romance",110 menit,13+,2D,2026-05-21,f654a838-25f4-456e-91db-9d006f1e2c72,2026-05-21T00:28:40.228461
3f4c16e0-e97c-44ff-897a-13d68f4b5de0,MONSTER PABRIK RAMBUT,21cineplex,,16MPRT,"Fantasy, Horror",96 menit,D17+,2D,2026-05-23,f629a6ee-2919-4b04-8715-a4574aacb151,2026-05-21T00:28:40.228784
3f4c16e0-e97c-44ff-897a-13d68f4b5de0,CHILDREN OF HEAVEN,21cineplex,,16COHN,"Drama, Family",97 menit,SU,2D,2026-05-27,22f778e1-dc9b-4bbe-9322-c188ff389a8b,2026-05-21T00:28:40.229158
3f4c16e0-e97c-44ff-897a-13d68f4b5de0,SEKAWAN LIMO 2: GUNUNG KLAWIH,21cineplex,,16SK2G,"Comedy, Horror",122 menit,13+,2D,2026-05-27,c2e33956-6862-417a-8f3c-c511b89ca65c,2026-05-21T00:28:40.229338
aecb07d4-47da-4c0e-8416-c2f902a27ec7,KAMU HARUS MATI,21cineplex,,16KHMI,"Horror, Mystery, Thriller",90 menit,13+,2D,2026-05-21,2f2f1878-88e6-477c-9c1f-800da4747936,2026-05-21T00:28:41.927377
aecb07d4-47da-4c0e-8416-c2f902a27ec7,SEMUA AKAN BAIK-BAIK SAJA,21cineplex,,16SABB,Drama,113 menit,13+,2D,2026-05-21,4bd80f87-b808-416f-84b8-0ee9b80a3390,2026-05-21T00:28:41.927620
aecb07d4-47da-4c0e-8416-c2f902a27ec7,TUMBAL PROYEK,21cineplex,,16TPRK,Horror,106 menit,D17+,2D,2026-05-21,609e7738-8eeb-4dd1-a5be-c5d256954c56,2026-05-21T00:28:41.927817
aecb07d4-47da-4c0e-8416-c2f902a27ec7,KELUARGA SUAMI ADALAH HAMA,21cineplex,,16KSAH,Drama,117 menit,13+,2D,2026-05-21,d4dd0f83-cf4c-465d-8bcb-457018c5805b,2026-05-21T00:28:41.927991
aecb07d4-47da-4c0e-8416-c2f902a27ec7,BADUT GENDONG,21cineplex,,16BGEG,"Action, Horror",101 menit,D17+,2D,2026-05-27,f401bf7e-7620-4dd3-9e45-0b29154f53bc,2026-05-21T00:28:41.928181
3941ba55-e9a3-499c-b317-69397c2f88b6,TUMBAL PROYEK,21cineplex,,16TPRK,Horror,106 menit,D17+,2D,2026-05-21,d7e9a8e5-73be-4860-b9ab-18966095a208,2026-05-21T00:28:43.178333
3941ba55-e9a3-499c-b317-69397c2f88b6,STAR WARS: THE MANDALORIAN AND GROGU,21cineplex,,26SWMG,"Fantasy, Sci-Fi",132 menit,13+,2D,2026-05-21,d44b2cff-5997-49d1-88bf-f0b4ba1fcfbc,2026-05-21T00:28:43.178790
3941ba55-e9a3-499c-b317-69397c2f88b6,YANG LAIN BOLEH HILANG ASAL KAU JANGAN,21cineplex,,16YLBH,Drama,113 menit,13+,2D,2026-05-21,cd3e7d5d-a4bb-4520-ab62-ebecf60c28af,2026-05-21T00:28:43.179026
3941ba55-e9a3-499c-b317-69397c2f88b6,SEMUA AKAN BAIK-BAIK SAJA,21cineplex,,16SABB,Drama,113 menit,13+,2D,2026-05-21,a2f5a80b-198a-4f08-94e0-df6468280134,2026-05-21T00:28:43.179179
3941ba55-e9a3-499c-b317-69397c2f88b6,GOHAN,21cineplex,,26GOHN,Drama,140 menit,SU,2D,2026-05-21,749399db-12d2-4071-93f2-43bcee7145e0,2026-05-21T00:28:43.179491
3941ba55-e9a3-499c-b317-69397c2f88b6,GUDANG MERICA,21cineplex,,16GMEA,"Comedy, Horror",98 menit,D17+,2D,2026-05-21,b19563e3-5386-4fd3-9f47-a12acc9e8582,2026-05-21T00:28:43.179641
3941ba55-e9a3-499c-b317-69397c2f88b6,KAMU HARUS MATI,21cineplex,,16KHMI,"Horror, Mystery, Thriller",90 menit,13+,2D,2026-05-21,0498bf7c-c1e1-4a29-b589-dd3652510d23,2026-05-21T00:28:43.179926
3941ba55-e9a3-499c-b317-69397c2f88b6,BADUT GENDONG,21cineplex,,16BGEG,"Action, Horror",101 menit,D17+,2D,2026-05-27,9df15b08-beb2-497d-a303-a42bf62d5190,2026-05-21T00:28:43.180298
3941ba55-e9a3-499c-b317-69397c2f88b6,SEKAWAN LIMO 2: GUNUNG KLAWIH,21cineplex,,16SK2G,"Comedy, Horror",122 menit,13+,2D,2026-05-27,a9cd15f8-fb81-4ff1-8e13-cb9c56c47f8e,2026-05-21T00:28:43.180665
f74e53fc-3916-40c7-86ca-210fe18d7af2,TUMBAL PROYEK,21cineplex,,16TPRK,Horror,106 menit,D17+,2D,2026-05-21,21847863-396d-43e0-bca8-fbf5b2bf001d,2026-05-21T00:28:44.877712
f74e53fc-3916-40c7-86ca-210fe18d7af2,SEMUA AKAN BAIK-BAIK SAJA,21cineplex,,16SABB,Drama,113 menit,13+,2D,2026-05-21,473817e9-c1cd-4dfb-9018-540f7782fb0e,2026-05-21T00:28:44.878082
f74e53fc-3916-40c7-86ca-210fe18d7af2,GUDANG MERICA,21cineplex,,16GMEA,"Comedy, Horror",98 menit,D17+,2D,2026-05-21,90e7e04a-ebb9-48a7-ac98-da8cad895298,2026-05-21T00:28:44.878438
f74e53fc-3916-40c7-86ca-210fe18d7af2,CHILDREN OF HEAVEN,21cineplex,,16COHN,"Drama, Family",97 menit,SU,2D,2026-05-27,3ac85ba2-ee75-4dff-ac15-8e31c78a1d8b,2026-05-21T00:28:44.878771
f74e53fc-3916-40c7-86ca-210fe18d7af2,BADUT GENDONG,21cineplex,,16BGEG,"Action, Horror",101 menit,D17+,2D,2026-05-27,9a67308e-1022-4df0-b302-dedf673cf00f,2026-05-21T00:28:44.879052
7ba4b950-a346-4bbb-9b14-b92508cf8624,TUMBAL PROYEK,21cineplex,,16TPRK,Horror,106 menit,D17+,2D,2026-05-21,eb98345d-c646-45a5-8b84-59950e3e2c09,2026-05-21T00:28:46.204467
7ba4b950-a346-4bbb-9b14-b92508cf8624,KELUARGA SUAMI ADALAH HAMA,21cineplex,,16KSAH,Drama,117 menit,13+,2D,2026-05-21,6b823fd3-fa7c-4251-87e8-3057c3ff459c,2026-05-21T00:28:46.204785
7ba4b950-a346-4bbb-9b14-b92508cf8624,YANG LAIN BOLEH HILANG ASAL KAU JANGAN,21cineplex,,16YLBH,Drama,113 menit,13+,2D,2026-05-21,b9f18609-7be8-418c-b0f0-e3e7813354c1,2026-05-21T00:28:46.205038
7ba4b950-a346-4bbb-9b14-b92508cf8624,SEMUA AKAN BAIK-BAIK SAJA,21cineplex,,16SABB,Drama,113 menit,13+,2D,2026-05-21,bcf25690-8d62-4b62-9a19-ba3a43717a9d,2026-05-21T00:28:46.205320
7ba4b950-a346-4bbb-9b14-b92508cf8624,SEKAWAN LIMO 2: GUNUNG KLAWIH,21cineplex,,16SK2G,"Comedy, Horror",122 menit,13+,2D,2026-05-27,b9e73f3a-9a8d-4efa-8638-9c1d848956d8,2026-05-21T00:28:46.205621
7ba4b950-a346-4bbb-9b14-b92508cf8624,CHILDREN OF HEAVEN,21cineplex,,16COHN,"Drama, Family",97 menit,SU,2D,2026-05-27,8bebf189-ec1e-4b8d-ae7a-6a6f64fb25dc,2026-05-21T00:28:46.205800
ddcab06d-211a-4b2b-85cf-0e5d404ad853,SEMUA AKAN BAIK-BAIK SAJA,21cineplex,,16SABB,Drama,113 menit,13+,2D,2026-05-21,6aa2be0a-7caa-4216-9bd3-1ed69df4ef47,2026-05-21T00:28:47.877307
ddcab06d-211a-4b2b-85cf-0e5d404ad853,STAR WARS: THE MANDALORIAN AND GROGU,21cineplex,,26SWMG,"Fantasy, Sci-Fi",132 menit,13+,2D,2026-05-21,820a10c2-29fe-4b4f-ba81-1d516fee8f73,2026-05-21T00:28:47.877559
ddcab06d-211a-4b2b-85cf-0e5d404ad853,KELUARGA SUAMI ADALAH HAMA,21cineplex,,16KSAH,Drama,117 menit,13+,2D,2026-05-21,e6bbaa56-0638-4b8b-8a37-74c3739960a2,2026-05-21T00:28:47.877761
ddcab06d-211a-4b2b-85cf-0e5d404ad853,KAMU HARUS MATI,21cineplex,,16KHMI,"Horror, Mystery, Thriller",90 menit,13+,2D,2026-05-21,45cc3d31-864b-4fcf-9d4f-f7f67e7023eb,2026-05-21T00:28:47.878003
ddcab06d-211a-4b2b-85cf-0e5d404ad853,TUMBAL PROYEK,21cineplex,,16TPRK,Horror,106 menit,D17+,2D,2026-05-21,642700e9-fabb-404b-b5c6-e42b93fa0dd4,2026-05-21T00:28:47.878251
ddcab06d-211a-4b2b-85cf-0e5d404ad853,SEKAWAN LIMO 2: GUNUNG KLAWIH,21cineplex,,16SK2G,"Comedy, Horror",122 menit,13+,2D,2026-05-27,3594a7a6-d8be-42f8-a8ae-adedeb8e8fee,2026-05-21T00:28:47.878397
e4345ace-0775-4e02-9ff4-a593ff7c81f6,KELUARGA SUAMI ADALAH HAMA,21cineplex,,16KSAH,Drama,117 menit,13+,2D,2026-05-21,85d73095-3f11-4b70-a840-d1683bc16ad6,2026-05-21T00:28:49.373302
e4345ace-0775-4e02-9ff4-a593ff7c81f6,GUDANG MERICA,21cineplex,,16GMEA,"Comedy, Horror",98 menit,D17+,2D,2026-05-21,068ab8d3-5557-48bb-86c4-773e7c6ba477,2026-05-21T00:28:49.373562
e4345ace-0775-4e02-9ff4-a593ff7c81f6,SALMOKJI: WHISPERING WATER,21cineplex,,26SWWR,Horror,95 menit,D17+,2D,2026-05-21,0b07052a-ea6d-4a94-b4e0-15d1b33e5a7a,2026-05-21T00:28:49.373755
e4345ace-0775-4e02-9ff4-a593ff7c81f6,SEMUA AKAN BAIK-BAIK SAJA,21cineplex,,16SABB,Drama,113 menit,13+,2D,2026-05-21,f8ca7345-82f2-4ca8-8640-460a78ac2d59,2026-05-21T00:28:49.373860
e4345ace-0775-4e02-9ff4-a593ff7c81f6,STAR WARS: THE MANDALORIAN AND GROGU,21cineplex,,26SWMG,"Fantasy, Sci-Fi",132 menit,13+,2D,2026-05-21,e48be071-538d-4a48-a071-ef754409bc54,2026-05-21T00:28:49.374024
e4345ace-0775-4e02-9ff4-a593ff7c81f6,GOHAN,21cineplex,,26GOHN,Drama,140 menit,SU,2D,2026-05-21,6a31f151-9cde-4bad-a227-20f6ad1d77e4,2026-05-21T00:28:49.374132
e4345ace-0775-4e02-9ff4-a593ff7c81f6,TUMBAL PROYEK,21cineplex,,16TPRK,Horror,106 menit,D17+,2D,2026-05-21,1571b229-2910-43ac-a3d1-851220dd81bd,2026-05-21T00:28:49.374250
e4345ace-0775-4e02-9ff4-a593ff7c81f6,SEKAWAN LIMO 2: GUNUNG KLAWIH,21cineplex,,16SK2G,"Comedy, Horror",122 menit,13+,2D,2026-05-27,6106c9ab-f786-47a5-9b99-b462c9e9d958,2026-05-21T00:28:49.374448
e4345ace-0775-4e02-9ff4-a593ff7c81f6,BADUT GENDONG,21cineplex,,16BGEG,"Action, Horror",101 menit,D17+,2D,2026-05-27,7806558d-dc71-4459-87f5-59312fa56b51,2026-05-21T00:28:49.374677
e4345ace-0775-4e02-9ff4-a593ff7c81f6,CHILDREN OF HEAVEN,21cineplex,,16COHN,"Drama, Family",97 menit,SU,2D,2026-05-27,176c1200-29de-45f7-92be-5d171b4155e4,2026-05-21T00:28:49.374868
4a37492e-92f7-4796-9ff9-af0905d886e7,TUMBAL PROYEK,21cineplex,,16TPRK,Horror,106 menit,D17+,2D,2026-05-21,e43ae7a0-bf8a-4ca7-adfb-1dc6fd77e0fe,2026-05-21T00:28:50.904762
4a37492e-92f7-4796-9ff9-af0905d886e7,SEMUA AKAN BAIK-BAIK SAJA,21cineplex,,16SABB,Drama,113 menit,13+,2D,2026-05-21,4cd18e9f-c842-4ea7-bea8-b9e5de5e8fbd,2026-05-21T00:28:50.904856
4a37492e-92f7-4796-9ff9-af0905d886e7,IN THE GREY,21cineplex,,26ITGY,"Action, Thriller",97 menit,13+,2D,2026-05-21,67b5c3a1-cb1c-4856-abb4-1239ca17fa15,2026-05-21T00:28:50.904917
4a37492e-92f7-4796-9ff9-af0905d886e7,GHOST IN THE CELL,21cineplex,,16GITC,"Comedy, Horror",106 menit,D17+,2D,2026-05-21,6a43ad68-43e9-40cc-97b3-0f6cef2bb7d5,2026-05-21T00:28:50.904948
4a37492e-92f7-4796-9ff9-af0905d886e7,GUDANG MERICA,21cineplex,,16GMEA,"Comedy, Horror",98 menit,D17+,2D,2026-05-21,4c0ed024-a4c5-439b-bd0e-9a5356746e80,2026-05-21T00:28:50.904993
4a37492e-92f7-4796-9ff9-af0905d886e7,KAMU HARUS MATI,21cineplex,,16KHMI,"Horror, Mystery, Thriller",90 menit,13+,2D,2026-05-21,ab36caaa-0f83-4c11-810b-ed64b3d570ee,2026-05-21T00:28:50.905066
4a37492e-92f7-4796-9ff9-af0905d886e7,BADUT GENDONG,21cineplex,,16BGEG,"Action, Horror",101 menit,D17+,2D,2026-05-27,6cb70cd4-4366-4e60-af1e-a68130f05bf2,2026-05-21T00:28:50.905145
4a37492e-92f7-4796-9ff9-af0905d886e7,SUAMIKU LUKAKU,21cineplex,,16SLUU,Drama,92 menit,D17+,2D,2026-05-27,4e2146ad-e910-4d0f-a285-eebfb03d478c,2026-05-21T00:28:50.905219
84768cff-0366-4d78-82a6-296afdb723c8,SEMUA AKAN BAIK-BAIK SAJA,21cineplex,,16SABB,Drama,113 menit,13+,2D,2026-05-21,a3a24cb0-9bea-459f-aa70-94f02d9b6cfb,2026-05-21T00:28:52.222550
84768cff-0366-4d78-82a6-296afdb723c8,TUMBAL PROYEK,21cineplex,,16TPRK,Horror,106 menit,D17+,2D,2026-05-21,faa0a8d9-8c3e-43c8-a058-96c31b0ec140,2026-05-21T00:28:52.223065
84768cff-0366-4d78-82a6-296afdb723c8,GHOST IN THE CELL,21cineplex,,16GITC,"Comedy, Horror",106 menit,D17+,2D,2026-05-21,9cc81fba-05c8-41bb-8852-1d312e91da52,2026-05-21T00:28:52.223445
84768cff-0366-4d78-82a6-296afdb723c8,GUDANG MERICA,21cineplex,,16GMEA,"Comedy, Horror",98 menit,D17+,2D,2026-05-21,4b7b3cd9-cd89-4ddd-8b1d-0770a5f8e5c1,2026-05-21T00:28:52.223731
84768cff-0366-4d78-82a6-296afdb723c8,YANG LAIN BOLEH HILANG ASAL KAU JANGAN,21cineplex,,16YLBH,Drama,113 menit,13+,2D,2026-05-21,edca4f90-ac80-4ec5-a792-6447b63c43fc,2026-05-21T00:28:52.224044
84768cff-0366-4d78-82a6-296afdb723c8,CHILDREN OF HEAVEN,21cineplex,,16COHN,"Drama, Family",97 menit,SU,2D,2026-05-27,ec3d001b-c37b-4928-aa5a-e782679adc97,2026-05-21T00:28:52.224189
84768cff-0366-4d78-82a6-296afdb723c8,BADUT GENDONG,21cineplex,,16BGEG,"Action, Horror",101 menit,D17+,2D,2026-05-27,4cfa7d12-42b3-45af-8473-295f5691b03a,2026-05-21T00:28:52.224403
84768cff-0366-4d78-82a6-296afdb723c8,SUAMIKU LUKAKU,21cineplex,,16SLUU,Drama,92 menit,D17+,2D,2026-05-27,3f83303d-ee8f-490b-861b-969ec2546bdb,2026-05-21T00:28:52.224639
68a241a0-a952-487d-8e35-54109841d9ec,SEMUA AKAN BAIK-BAIK SAJA,21cineplex,,16SABB,Drama,113 menit,13+,2D,2026-05-21,bf597259-465c-45de-a090-9a352c8996a0,2026-05-21T00:28:53.962101
68a241a0-a952-487d-8e35-54109841d9ec,THE SHEEP DETECTIVES,21cineplex,,26SDES,"Comedy, Mystery",109 menit,SU,2D,2026-05-21,4e45f6d1-c54e-435d-9aa7-5be3679d4feb,2026-05-21T00:28:53.962226
68a241a0-a952-487d-8e35-54109841d9ec,STAR WARS: THE MANDALORIAN AND GROGU,21cineplex,,26SWMG,"Fantasy, Sci-Fi",132 menit,13+,2D,2026-05-21,04fb1f32-7b45-4d64-a4da-d3906996ea2a,2026-05-21T00:28:53.962294
90e1756c-9bcf-426b-bc81-53c0ae84c1a8,GOHAN,21cineplex,,26GOHN,Drama,140 menit,SU,2D,2026-05-21,125fdcac-c483-4cba-a5bc-ffd3e3282130,2026-05-21T00:28:55.214832
90e1756c-9bcf-426b-bc81-53c0ae84c1a8,MORTAL KOMBAT II,21cineplex,,25MKT2,"Action, Adventure",116 menit,D17+,2D,2026-05-21,aa6de47a-7ae5-4527-9cef-6b978d53c90c,2026-05-21T00:28:55.215080
90e1756c-9bcf-426b-bc81-53c0ae84c1a8,FUZE,21cineplex,,26FUZE,"Action, Crime",96 menit,D17+,2D,2026-05-21,cb9bf8cb-39a3-4437-8dde-5b4f287a9bb6,2026-05-21T00:28:55.215348
90e1756c-9bcf-426b-bc81-53c0ae84c1a8,STAR WARS: THE MANDALORIAN AND GROGU,21cineplex,,26SWMG,"Fantasy, Sci-Fi",132 menit,13+,2D,2026-05-21,8f746b73-7185-4b7e-b3b6-a2159ed2fdc2,2026-05-21T00:28:55.215543
90e1756c-9bcf-426b-bc81-53c0ae84c1a8,SUNSHINE WOMEN'S CHOIR,21cineplex,,26SWCR,Drama,134 menit,13+,2D,2026-05-21,bdfcc5c9-93c7-47f7-9218-f2b94bf05fbe,2026-05-21T00:28:55.215773
f9259868-0100-4ef1-84cb-14aeff3528db,SEMUA AKAN BAIK-BAIK SAJA,21cineplex,,16SABB,Drama,113 menit,13+,2D,2026-05-21,90df104e-7aa4-4d99-bb8d-76b5acaba419,2026-05-21T00:28:58.222478
f9259868-0100-4ef1-84cb-14aeff3528db,STAR WARS: THE MANDALORIAN AND GROGU,21cineplex,,26SWMG,"Fantasy, Sci-Fi",132 menit,13+,2D,2026-05-21,ee6c4b94-3b55-40d6-9f76-a406d68fb71b,2026-05-21T00:28:58.222720
302bb04d-afbb-47a0-9a88-ab90ba8c801e,SEMUA AKAN BAIK-BAIK SAJA,21cineplex,,16SABB,Drama,113 menit,13+,2D,2026-05-21,c362b280-b6af-4ddd-8218-9ee8521b3390,2026-05-21T00:28:59.755255
302bb04d-afbb-47a0-9a88-ab90ba8c801e,GOHAN,21cineplex,,26GOHN,Drama,140 menit,SU,2D,2026-05-21,abf93819-66b0-4b8d-8811-f4b6c5aa76ba,2026-05-21T00:28:59.755575
302bb04d-afbb-47a0-9a88-ab90ba8c801e,IN THE GREY,21cineplex,,26ITGY,"Action, Thriller",97 menit,13+,2D,2026-05-21,30925e2f-75a0-47e3-abbd-bf569be0d029,2026-05-21T00:28:59.755766
302bb04d-afbb-47a0-9a88-ab90ba8c801e,GHOST IN THE CELL,21cineplex,,16GITC,"Comedy, Horror",106 menit,D17+,2D,2026-05-21,538f48a5-288c-4729-a56a-debdaac56205,2026-05-21T00:28:59.755900
302bb04d-afbb-47a0-9a88-ab90ba8c801e,STAR WARS: THE MANDALORIAN AND GROGU,21cineplex,,26SWMG,"Fantasy, Sci-Fi",132 menit,13+,2D,2026-05-21,7da0c00f-ed8f-44a0-9b9c-3b6b57793ce4,2026-05-21T00:28:59.756089
302bb04d-afbb-47a0-9a88-ab90ba8c801e,KELUARGA SUAMI ADALAH HAMA,21cineplex,,16KSAH,Drama,117 menit,13+,2D,2026-05-21,a4ec1dda-ac63-4445-a16c-1625ab6b8011,2026-05-21T00:28:59.756295
302bb04d-afbb-47a0-9a88-ab90ba8c801e,SEKAWAN LIMO 2: GUNUNG KLAWIH,21cineplex,,16SK2G,"Comedy, Horror",122 menit,13+,2D,2026-05-27,8dd7cab3-6ace-4fb3-a72c-f127dc4215f3,2026-05-21T00:28:59.756585
9596d09c-2f01-4ef7-a8a2-18f1e390b102,KELUARGA SUAMI ADALAH HAMA,21cineplex,,16KSAH,Drama,117 menit,13+,2D,2026-05-21,7b1afa20-fc22-43f4-a4ad-3b1f8c36a776,2026-05-21T00:29:04.245692
9596d09c-2f01-4ef7-a8a2-18f1e390b102,GUDANG MERICA,21cineplex,,16GMEA,"Comedy, Horror",98 menit,D17+,2D,2026-05-21,770c4107-2297-466b-9cff-04d5dfe06b71,2026-05-21T00:29:04.246036
9596d09c-2f01-4ef7-a8a2-18f1e390b102,TUMBAL PROYEK,21cineplex,,16TPRK,Horror,106 menit,D17+,2D,2026-05-21,38a9aac2-1529-4569-b956-22ff80aa2b24,2026-05-21T00:29:04.246336
9596d09c-2f01-4ef7-a8a2-18f1e390b102,GOHAN,21cineplex,,26GOHN,Drama,140 menit,SU,2D,2026-05-21,12800585-909d-4c95-93c1-a73c5efa7c64,2026-05-21T00:29:04.246697
9596d09c-2f01-4ef7-a8a2-18f1e390b102,IN THE GREY,21cineplex,,26ITGY,"Action, Thriller",97 menit,13+,2D,2026-05-21,51d9e73e-86db-4bb6-accc-5fdaf3fb9184,2026-05-21T00:29:04.246997
9596d09c-2f01-4ef7-a8a2-18f1e390b102,SEMUA AKAN BAIK-BAIK SAJA,21cineplex,,16SABB,Drama,113 menit,13+,2D,2026-05-21,0df7c060-de5e-48d7-aca9-92ca2103ec37,2026-05-21T00:29:04.247269
9596d09c-2f01-4ef7-a8a2-18f1e390b102,PEGASUS 3,21cineplex,,26PES3,"Action, Comedy",126 menit,13+,2D,2026-05-21,61d19724-e86b-4b0c-a4eb-6eadf75cf25d,2026-05-21T00:29:04.247650
9596d09c-2f01-4ef7-a8a2-18f1e390b102,STAR WARS: THE MANDALORIAN AND GROGU,21cineplex,,26SWMG,"Fantasy, Sci-Fi",132 menit,13+,2D,2026-05-21,dddd8dca-f349-4099-a919-2c28a9905b6f,2026-05-21T00:29:04.247851
9596d09c-2f01-4ef7-a8a2-18f1e390b102,SEKAWAN LIMO 2: GUNUNG KLAWIH,21cineplex,,16SK2G,"Comedy, Horror",122 menit,13+,2D,2026-05-27,07a9ba96-db91-4b8b-bcdc-4543c87b72fb,2026-05-21T00:29:04.248162
9596d09c-2f01-4ef7-a8a2-18f1e390b102,CHILDREN OF HEAVEN,21cineplex,,16COHN,"Drama, Family",97 menit,SU,2D,2026-05-27,5600eb5a-ae8d-4d26-aaa6-af833f8ed79a,2026-05-21T00:29:04.248533
d6097b99-cc04-4393-bb33-06c1c84af31a,TUMBAL PROYEK,21cineplex,,16TPRK,Horror,106 menit,D17+,2D,2026-05-21,2b2be4ae-32b4-48e3-837d-f9c8553585c8,2026-05-21T00:29:05.704508
d6097b99-cc04-4393-bb33-06c1c84af31a,KELUARGA SUAMI ADALAH HAMA,21cineplex,,16KSAH,Drama,117 menit,13+,2D,2026-05-21,a9d01411-cac0-46db-af0a-a498a07b7dbc,2026-05-21T00:29:05.704930
d6097b99-cc04-4393-bb33-06c1c84af31a,STAR WARS: THE MANDALORIAN AND GROGU,21cineplex,,26SWMG,"Fantasy, Sci-Fi",132 menit,13+,2D,2026-05-21,23f4b293-fcf0-4bcb-ac5c-507b33cf91ab,2026-05-21T00:29:05.705356
d6097b99-cc04-4393-bb33-06c1c84af31a,GOHAN,21cineplex,,26GOHN,Drama,140 menit,SU,2D,2026-05-21,1e8c0781-7e6c-4e09-86f6-7825223ddf41,2026-05-21T00:29:05.705594
d6097b99-cc04-4393-bb33-06c1c84af31a,SEKAWAN LIMO 2: GUNUNG KLAWIH,21cineplex,,16SK2G,"Comedy, Horror",122 menit,13+,2D,2026-05-27,e85f0eb8-ffee-425a-b36a-8183cc3c165c,2026-05-21T00:29:05.705839
d3a95899-03d9-4b23-948f-a7e6e31358a8,GHOST IN THE CELL,21cineplex,,16GITC,"Comedy, Horror",106 menit,D17+,2D,2026-05-21,ced0676e-dccb-44a7-998d-9ae42689ba2a,2026-05-21T00:29:07.235499
d3a95899-03d9-4b23-948f-a7e6e31358a8,SEMUA AKAN BAIK-BAIK SAJA,21cineplex,,16SABB,Drama,113 menit,13+,2D,2026-05-21,b79c6987-4866-4560-a43f-583b14af15a9,2026-05-21T00:29:07.235716
d3a95899-03d9-4b23-948f-a7e6e31358a8,KELUARGA SUAMI ADALAH HAMA,21cineplex,,16KSAH,Drama,117 menit,13+,2D,2026-05-21,0343efce-918a-44e0-a3d1-e213af968e32,2026-05-21T00:29:07.235939
d3a95899-03d9-4b23-948f-a7e6e31358a8,STAR WARS: THE MANDALORIAN AND GROGU,21cineplex,,26SWMG,"Fantasy, Sci-Fi",132 menit,13+,2D,2026-05-21,e90c3afe-8911-4391-92fd-9ee1a0501984,2026-05-21T00:29:07.236192
d3a95899-03d9-4b23-948f-a7e6e31358a8,TUMBAL PROYEK,21cineplex,,16TPRK,Horror,106 menit,D17+,2D,2026-05-21,03593bbd-bad1-41c4-8b93-aaa650dbcf5f,2026-05-21T00:29:07.236395
d3a95899-03d9-4b23-948f-a7e6e31358a8,GUDANG MERICA,21cineplex,,16GMEA,"Comedy, Horror",98 menit,D17+,2D,2026-05-21,0fe3f147-d1a5-41f4-ac7a-f35284b79326,2026-05-21T00:29:07.236641
d3a95899-03d9-4b23-948f-a7e6e31358a8,CHILDREN OF HEAVEN,21cineplex,,16COHN,"Drama, Family",97 menit,SU,2D,2026-05-27,14745f67-403e-460e-a026-1f792b5ef639,2026-05-21T00:29:07.236869
d3a95899-03d9-4b23-948f-a7e6e31358a8,SEKAWAN LIMO 2: GUNUNG KLAWIH,21cineplex,,16SK2G,"Comedy, Horror",122 menit,13+,2D,2026-05-27,38099482-0ffe-4752-885c-51b541b46b73,2026-05-21T00:29:07.237099
d3a95899-03d9-4b23-948f-a7e6e31358a8,SUAMIKU LUKAKU,21cineplex,,16SLUU,Drama,92 menit,D17+,2D,2026-05-27,a69b9176-6bd1-4f45-865a-daed5471f28a,2026-05-21T00:29:07.237316
4ada899f-b637-4eeb-85d2-f4c4cd5ea646,STAR WARS: THE MANDALORIAN AND GROGU,21cineplex,,26SWMG,"Fantasy, Sci-Fi",132 menit,13+,2D,2026-05-21,5bbf39d4-fde6-4508-82e2-fa4d1ae5bf57,2026-05-21T00:29:08.961918
4ada899f-b637-4eeb-85d2-f4c4cd5ea646,KELUARGA SUAMI ADALAH HAMA,21cineplex,,16KSAH,Drama,117 menit,13+,2D,2026-05-21,d8aca99c-e0af-4765-8c76-f35196ccddf5,2026-05-21T00:29:08.962087
4ada899f-b637-4eeb-85d2-f4c4cd5ea646,GUDANG MERICA,21cineplex,,16GMEA,"Comedy, Horror",98 menit,D17+,2D,2026-05-21,2357f929-4c2c-4b17-bf3a-c49500e20207,2026-05-21T00:29:08.962295
4ada899f-b637-4eeb-85d2-f4c4cd5ea646,TUMBAL PROYEK,21cineplex,,16TPRK,Horror,106 menit,D17+,2D,2026-05-21,3bfb17d4-2c0e-486a-8ff3-79c4cdb0f70f,2026-05-21T00:29:08.962449
4ada899f-b637-4eeb-85d2-f4c4cd5ea646,SEMUA AKAN BAIK-BAIK SAJA,21cineplex,,16SABB,Drama,113 menit,13+,2D,2026-05-21,22de2486-56e9-4f4a-9144-577e3498d219,2026-05-21T00:29:08.962607
4ada899f-b637-4eeb-85d2-f4c4cd5ea646,SEKAWAN LIMO 2: GUNUNG KLAWIH,21cineplex,,16SK2G,"Comedy, Horror",122 menit,13+,2D,2026-05-27,76f96427-058c-4bfb-8417-1b8ae125c071,2026-05-21T00:29:08.962769
1c9da89f-42f6-4130-8a9a-402e3e3bcf46,SEMUA AKAN BAIK-BAIK SAJA,21cineplex,,16SABB,Drama,113 menit,13+,2D,2026-05-21,e079cf23-10c8-4210-8c26-4175234d2391,2026-05-21T00:29:10.280284
1c9da89f-42f6-4130-8a9a-402e3e3bcf46,SUNSHINE WOMEN'S CHOIR,21cineplex,,26SWCR,Drama,134 menit,13+,2D,2026-05-21,e4c80cdd-3da7-4a37-bf9b-5d4cf08589ac,2026-05-21T00:29:10.280387
1c9da89f-42f6-4130-8a9a-402e3e3bcf46,MORTAL KOMBAT II,21cineplex,,25MKT2,"Action, Adventure",116 menit,D17+,2D,2026-05-21,b1acac68-951a-48ac-90bf-1d6a6129ddec,2026-05-21T00:29:10.280418
1c9da89f-42f6-4130-8a9a-402e3e3bcf46,MICHAEL,21cineplex,,26MICL,Biography,127 menit,SU,2D,2026-05-21,d4b6a4c9-48f4-4b03-94a1-0771282913fe,2026-05-21T00:29:10.280468
1c9da89f-42f6-4130-8a9a-402e3e3bcf46,GUDANG MERICA,21cineplex,,16GMEA,"Comedy, Horror",98 menit,D17+,2D,2026-05-21,03df680c-0cda-434f-9ccc-1317249962ef,2026-05-21T00:29:10.280523
1c9da89f-42f6-4130-8a9a-402e3e3bcf46,KELUARGA SUAMI ADALAH HAMA,21cineplex,,16KSAH,Drama,117 menit,13+,2D,2026-05-21,cdfb61fd-2e57-4229-962d-cc73b23e9219,2026-05-21T00:29:10.280583
1c9da89f-42f6-4130-8a9a-402e3e3bcf46,TUMBAL PROYEK,21cineplex,,16TPRK,Horror,106 menit,D17+,2D,2026-05-21,1f1a6caf-2041-4a09-90d2-e002a7063fd6,2026-05-21T00:29:10.280649
1c9da89f-42f6-4130-8a9a-402e3e3bcf46,KAMU HARUS MATI,21cineplex,,16KHMI,"Horror, Mystery, Thriller",90 menit,13+,2D,2026-05-21,73d12f3f-075a-4a08-98c3-85db8605975d,2026-05-21T00:29:10.280703
1c9da89f-42f6-4130-8a9a-402e3e3bcf46,STAR WARS: THE MANDALORIAN AND GROGU,21cineplex,,26SWMG,"Fantasy, Sci-Fi",132 menit,13+,3D,2026-05-21,bc5bb477-9d92-44c9-9404-87abbe785d76,2026-05-21T00:29:10.280775
1c9da89f-42f6-4130-8a9a-402e3e3bcf46,THE DEVIL WEARS PRADA 2,21cineplex,,26DWP2,"Comedy, Drama",119 menit,13+,2D,2026-05-21,7749efc1-58d3-429b-80f1-634cc42c6c17,2026-05-21T00:29:10.280837
1c9da89f-42f6-4130-8a9a-402e3e3bcf46,PEGASUS 3,21cineplex,,26PES3,"Action, Comedy",126 menit,13+,2D,2026-05-21,7172a444-2005-446c-9838-fc5f13c8922a,2026-05-21T00:29:10.280870
1c9da89f-42f6-4130-8a9a-402e3e3bcf46,GOHAN,21cineplex,,26GOHN,Drama,140 menit,SU,2D,2026-05-21,12429be5-1102-408b-b282-f78be63fd5c7,2026-05-21T00:29:10.280912
1c9da89f-42f6-4130-8a9a-402e3e3bcf46,GHOST IN THE CELL,21cineplex,,16GITC,"Comedy, Horror",106 menit,D17+,2D,2026-05-21,b49d796e-346a-4143-ac70-59e8f26732b7,2026-05-21T00:29:10.280966
1c9da89f-42f6-4130-8a9a-402e3e3bcf46,BADUT GENDONG,21cineplex,,16BGEG,"Action, Horror",101 menit,D17+,2D,2026-05-27,ecc6a317-963f-46c0-a350-65b416e5ac36,2026-05-21T00:29:10.281009
1c9da89f-42f6-4130-8a9a-402e3e3bcf46,SEKAWAN LIMO 2: GUNUNG KLAWIH,21cineplex,,16SK2G,"Comedy, Horror",122 menit,13+,2D,2026-05-27,7cd9fb9e-ff3f-4a85-8c6d-80136d378e93,2026-05-21T00:29:10.281067
5464e1af-2638-4a49-8b30-69504cef2df8,SEMUA AKAN BAIK-BAIK SAJA,21cineplex,,16SABB,Drama,113 menit,13+,2D,2026-05-21,53991277-f5ec-48eb-ba6c-2a4d6b78950c,2026-05-21T00:29:14.961226
5464e1af-2638-4a49-8b30-69504cef2df8,MICHAEL,21cineplex,,26MICL,Biography,127 menit,SU,2D,2026-05-21,22271e69-6f1a-4327-886c-76a39eeb161a,2026-05-21T00:29:14.961812
5464e1af-2638-4a49-8b30-69504cef2df8,GUDANG MERICA,21cineplex,,16GMEA,"Comedy, Horror",98 menit,D17+,2D,2026-05-21,16063d30-cfc5-49bd-aa74-da442e7ad1eb,2026-05-21T00:29:14.962127
5464e1af-2638-4a49-8b30-69504cef2df8,TUMBAL PROYEK,21cineplex,,16TPRK,Horror,106 menit,D17+,2D,2026-05-21,ef4c0c0b-8490-4f1e-b6f2-8dc3b57bad14,2026-05-21T00:29:14.962481
5464e1af-2638-4a49-8b30-69504cef2df8,GOHAN,21cineplex,,26GOHN,Drama,140 menit,SU,2D,2026-05-21,d36a4e44-9d3a-44b5-bb80-a096478fc9a7,2026-05-21T00:29:14.962623
5464e1af-2638-4a49-8b30-69504cef2df8,STAR WARS: THE MANDALORIAN AND GROGU,21cineplex,,26SWMG,"Fantasy, Sci-Fi",132 menit,13+,3D,2026-05-21,c98c154f-5912-4e70-8452-d3355915836e,2026-05-21T00:29:14.962750
5464e1af-2638-4a49-8b30-69504cef2df8,SEKAWAN LIMO 2: GUNUNG KLAWIH,21cineplex,,16SK2G,"Comedy, Horror",122 menit,13+,2D,2026-05-27,fa1ee29d-e80f-45fb-8ebe-50aca4953aff,2026-05-21T00:29:14.963060
5464e1af-2638-4a49-8b30-69504cef2df8,BADUT GENDONG,21cineplex,,16BGEG,"Action, Horror",101 menit,D17+,2D,2026-05-27,f32defe3-c860-4a6f-a409-5f70d7000d9e,2026-05-21T00:29:14.963370
fccea7bc-1ecd-4b34-804c-13dd4a5f433e,KELUARGA SUAMI ADALAH HAMA,21cineplex,,16KSAH,Drama,117 menit,13+,2D,2026-05-21,12ad32bd-cb38-46d1-89be-222b5cd52bca,2026-05-21T00:29:17.748312
fccea7bc-1ecd-4b34-804c-13dd4a5f433e,GUDANG MERICA,21cineplex,,16GMEA,"Comedy, Horror",98 menit,D17+,2D,2026-05-21,30407f92-6936-4da1-9837-dd7cfe53e995,2026-05-21T00:29:17.748666
fccea7bc-1ecd-4b34-804c-13dd4a5f433e,GHOST IN THE CELL,21cineplex,,16GITC,"Comedy, Horror",106 menit,D17+,2D,2026-05-21,d13a3163-a2bd-4824-9e06-a0eef29b1bdf,2026-05-21T00:29:17.748810
fccea7bc-1ecd-4b34-804c-13dd4a5f433e,STAR WARS: THE MANDALORIAN AND GROGU,21cineplex,,26SWMG,"Fantasy, Sci-Fi",132 menit,13+,2D,2026-05-21,cc56f72b-5a9e-420c-bb01-a2f6882bd0cb,2026-05-21T00:29:17.748998
fccea7bc-1ecd-4b34-804c-13dd4a5f433e,SEMUA AKAN BAIK-BAIK SAJA,21cineplex,,16SABB,Drama,113 menit,13+,2D,2026-05-21,12fc66e6-3b2e-4043-8e82-334769417091,2026-05-21T00:29:17.749177
fccea7bc-1ecd-4b34-804c-13dd4a5f433e,KAMU HARUS MATI,21cineplex,,16KHMI,"Horror, Mystery, Thriller",90 menit,13+,2D,2026-05-21,dbce2dd7-3e71-4b0d-bfd9-2fbbc7782cd7,2026-05-21T00:29:17.749467
fccea7bc-1ecd-4b34-804c-13dd4a5f433e,TUMBAL PROYEK,21cineplex,,16TPRK,Horror,106 menit,D17+,2D,2026-05-21,b816ab1f-508a-467d-bb1f-cdef4c788167,2026-05-21T00:29:17.749696
fccea7bc-1ecd-4b34-804c-13dd4a5f433e,SEKAWAN LIMO 2: GUNUNG KLAWIH,21cineplex,,16SK2G,"Comedy, Horror",122 menit,13+,2D,2026-05-27,c41578ee-2356-4bfa-bc1a-04fb20af3828,2026-05-21T00:29:17.749895
fccea7bc-1ecd-4b34-804c-13dd4a5f433e,CHILDREN OF HEAVEN,21cineplex,,16COHN,"Drama, Family",97 menit,SU,2D,2026-05-27,7e0689aa-bd59-4ff1-b5df-f555f4ce6301,2026-05-21T00:29:17.750081
058c1b14-ec92-4544-bc87-42fbc8b8196f,STAR WARS: THE MANDALORIAN AND GROGU,21cineplex,,26SWMG,"Fantasy, Sci-Fi",132 menit,13+,2D,2026-05-21,27af8c05-0c49-4a11-a168-15b0e6cd7b04,2026-05-21T00:29:20.921206
058c1b14-ec92-4544-bc87-42fbc8b8196f,SEMUA AKAN BAIK-BAIK SAJA,21cineplex,,16SABB,Drama,113 menit,13+,2D,2026-05-21,0b6c40e0-9906-47b3-8b2e-b8b4106b0710,2026-05-21T00:29:20.921319
058c1b14-ec92-4544-bc87-42fbc8b8196f,TUMBAL PROYEK,21cineplex,,16TPRK,Horror,106 menit,D17+,2D,2026-05-21,93f7e075-5698-4334-b5e7-a32811471ff9,2026-05-21T00:29:20.921438
058c1b14-ec92-4544-bc87-42fbc8b8196f,GUDANG MERICA,21cineplex,,16GMEA,"Comedy, Horror",98 menit,D17+,2D,2026-05-21,e508db09-a156-4715-91d5-27aa4b4be45c,2026-05-21T00:29:20.921529
058c1b14-ec92-4544-bc87-42fbc8b8196f,CHILDREN OF HEAVEN,21cineplex,,16COHN,"Drama, Family",97 menit,SU,2D,2026-05-27,99e8516f-a63d-495c-91f1-b89472b56e6b,2026-05-21T00:29:20.921623
058c1b14-ec92-4544-bc87-42fbc8b8196f,SUAMIKU LUKAKU,21cineplex,,16SLUU,Drama,92 menit,D17+,2D,2026-05-27,e795fe68-679e-45fd-b6b0-44266ca5860a,2026-05-21T00:29:20.921712
ff8c47df-ed84-4fa0-a7ce-9745b8fea43b,STAR WARS: THE MANDALORIAN AND GROGU,21cineplex,,26SWMG,"Fantasy, Sci-Fi",132 menit,13+,2D,2026-05-21,c87892c9-b7fc-4427-805b-90906085b99a,2026-05-21T00:29:22.236503
ff8c47df-ed84-4fa0-a7ce-9745b8fea43b,GOHAN,21cineplex,,26GOHN,Drama,140 menit,SU,2D,2026-05-21,a3c4e3dd-86c0-4556-8a77-b7e514bd967a,2026-05-21T00:29:22.236762
ff8c47df-ed84-4fa0-a7ce-9745b8fea43b,TUMBAL PROYEK,21cineplex,,16TPRK,Horror,106 menit,D17+,2D,2026-05-21,fe9ba1ef-8976-4753-bc66-2895aedcbb77,2026-05-21T00:29:22.237019
ff8c47df-ed84-4fa0-a7ce-9745b8fea43b,KELUARGA SUAMI ADALAH HAMA,21cineplex,,16KSAH,Drama,117 menit,13+,2D,2026-05-21,eadf447b-0380-4bd8-b5fe-6ea25faa11cf,2026-05-21T00:29:22.237314
ff8c47df-ed84-4fa0-a7ce-9745b8fea43b,SEMUA AKAN BAIK-BAIK SAJA,21cineplex,,16SABB,Drama,113 menit,13+,2D,2026-05-21,357b5387-626f-45f9-a642-a20d4656b23f,2026-05-21T00:29:22.237608
ff8c47df-ed84-4fa0-a7ce-9745b8fea43b,SEKAWAN LIMO 2: GUNUNG KLAWIH,21cineplex,,16SK2G,"Comedy, Horror",122 menit,13+,2D,2026-05-27,ad34a811-b452-49e0-a795-b45f46b04c24,2026-05-21T00:29:22.237883
0023b4ad-75e3-4f84-9cde-ede7276d9552,THE DEVIL WEARS PRADA 2,21cineplex,,26DWP2,"Comedy, Drama",119 menit,13+,2D,2026-05-21,16e290d7-ceb0-414a-bcb8-60153624e2e1,2026-05-21T00:29:23.763196
0023b4ad-75e3-4f84-9cde-ede7276d9552,STAR WARS: THE MANDALORIAN AND GROGU,21cineplex,,26SWMG,"Fantasy, Sci-Fi",132 menit,13+,2D,2026-05-21,dcc50b02-2b70-4501-b2ef-0ed50cbcecd2,2026-05-21T00:29:23.763699
0023b4ad-75e3-4f84-9cde-ede7276d9552,GOHAN,21cineplex,,26GOHN,Drama,140 menit,SU,2D,2026-05-21,c6423c4d-ab56-427b-b65a-2892b75ac5b7,2026-05-21T00:29:23.764010
0023b4ad-75e3-4f84-9cde-ede7276d9552,MICHAEL,21cineplex,,26MICL,Biography,127 menit,SU,2D,2026-05-21,25d9d739-fb22-457a-a844-f9303f79c0bc,2026-05-21T00:29:23.764233
0023b4ad-75e3-4f84-9cde-ede7276d9552,MORTAL KOMBAT II,21cineplex,,25MKT2,"Action, Adventure",116 menit,D17+,2D,2026-05-21,e8ba062d-dd57-40ed-b0db-030774852cb8,2026-05-21T00:29:23.764482
0023b4ad-75e3-4f84-9cde-ede7276d9552,SEMUA AKAN BAIK-BAIK SAJA,21cineplex,,16SABB,Drama,113 menit,13+,2D,2026-05-21,205d7cd6-250b-4f4a-9f70-49cde000268e,2026-05-21T00:29:23.764712
0023b4ad-75e3-4f84-9cde-ede7276d9552,SALMOKJI: WHISPERING WATER,21cineplex,,26SWWR,Horror,95 menit,D17+,2D,2026-05-21,aea50b33-2c7a-4144-ba51-94d57f8b479a,2026-05-21T00:29:23.765044
0023b4ad-75e3-4f84-9cde-ede7276d9552,KELUARGA SUAMI ADALAH HAMA,21cineplex,,16KSAH,Drama,117 menit,13+,2D,2026-05-21,797e42bb-6edf-412a-88fc-63e8a043cb03,2026-05-21T00:29:23.765221
0023b4ad-75e3-4f84-9cde-ede7276d9552,GHOST IN THE CELL,21cineplex,,16GITC,"Comedy, Horror",106 menit,D17+,2D,2026-05-21,cad69270-2257-4300-bcbd-a7e7520f358c,2026-05-21T00:29:23.765605
0023b4ad-75e3-4f84-9cde-ede7276d9552,IN THE GREY,21cineplex,,26ITGY,"Action, Thriller",97 menit,13+,2D,2026-05-21,9b5e630f-60fa-450c-9f74-acab4f588941,2026-05-21T00:29:23.765783
0023b4ad-75e3-4f84-9cde-ede7276d9552,SUNSHINE WOMEN'S CHOIR,21cineplex,,26SWCR,Drama,134 menit,13+,2D,2026-05-21,b1e70bbf-99c0-467c-ac6f-5e8c25f161be,2026-05-21T00:29:23.766005
0023b4ad-75e3-4f84-9cde-ede7276d9552,SEKAWAN LIMO 2: GUNUNG KLAWIH,21cineplex,,16SK2G,"Comedy, Horror",122 menit,13+,2D,2026-05-27,6d7c61d7-cc38-4256-93a3-04d0a43a5356,2026-05-21T00:29:23.766187
9db5f7bb-5f00-4c25-904c-7593359b2060,GUDANG MERICA,21cineplex,,16GMEA,"Comedy, Horror",98 menit,D17+,2D,2026-05-21,0b10d756-1a32-467f-8bfe-c83ab4d1bbb8,2026-05-21T00:29:27.021526
9db5f7bb-5f00-4c25-904c-7593359b2060,LEE CRONIN'S THE MUMMY,21cineplex,,26LCTM,Horror,134 menit,D17+,2D,2026-05-21,b0a03347-df6b-4e1e-9396-aeb0935fc757,2026-05-21T00:29:27.021694
9db5f7bb-5f00-4c25-904c-7593359b2060,MICHAEL,21cineplex,,26MICL,Biography,127 menit,SU,2D,2026-05-21,c05f42bf-73f6-43dc-9cf9-067f2ebd40c1,2026-05-21T00:29:27.021819
9db5f7bb-5f00-4c25-904c-7593359b2060,THE SHEEP DETECTIVES,21cineplex,,26SDES,"Comedy, Mystery",109 menit,SU,2D,2026-05-21,0d6a8d8f-af99-47fe-98fa-4c46f7e2ae34,2026-05-21T00:29:27.021918
9db5f7bb-5f00-4c25-904c-7593359b2060,SALMOKJI: WHISPERING WATER,21cineplex,,26SWWR,Horror,95 menit,D17+,2D,2026-05-21,b7ab61fb-f2af-4d78-af68-f05888317148,2026-05-21T00:29:27.021996
9db5f7bb-5f00-4c25-904c-7593359b2060,THE DEVIL WEARS PRADA 2,21cineplex,,26DWP2,"Comedy, Drama",119 menit,13+,2D,2026-05-21,6aa9504c-4357-4c8c-95bc-5a38466fba8b,2026-05-21T00:29:27.022268
9db5f7bb-5f00-4c25-904c-7593359b2060,STAR WARS: THE MANDALORIAN AND GROGU,21cineplex,,26SWMG,"Fantasy, Sci-Fi",132 menit,13+,2D,2026-05-21,2d8fe3ee-5b9b-4d82-889f-00e6cc67c4b0,2026-05-21T00:29:27.022344
9db5f7bb-5f00-4c25-904c-7593359b2060,BADUT GENDONG,21cineplex,,16BGEG,"Action, Horror",101 menit,D17+,2D,2026-05-27,8b5c17a0-9b8e-42c9-9bb1-8dc7599324a3,2026-05-21T00:29:27.022448
4ab8b5e8-c07a-49ba-a11c-9a623cc7a840,TUMBAL PROYEK,21cineplex,,16TPRK,Horror,106 menit,D17+,2D,2026-05-21,fbbb67df-e277-4f60-a1a0-682dd4e51261,2026-05-21T00:29:29.731173
4ab8b5e8-c07a-49ba-a11c-9a623cc7a840,GHOST IN THE CELL,21cineplex,,16GITC,"Comedy, Horror",106 menit,D17+,2D,2026-05-21,5ae8065c-8891-4254-b1ca-95e95fbf2b24,2026-05-21T00:29:29.731605
4ab8b5e8-c07a-49ba-a11c-9a623cc7a840,SEMUA AKAN BAIK-BAIK SAJA,21cineplex,,16SABB,Drama,113 menit,13+,2D,2026-05-21,0eb080ab-741e-4eb6-a97c-499fe636fef3,2026-05-21T00:29:29.731792
4ab8b5e8-c07a-49ba-a11c-9a623cc7a840,GUDANG MERICA,21cineplex,,16GMEA,"Comedy, Horror",98 menit,D17+,2D,2026-05-21,08149cc3-3fe2-4447-8a3a-4284a4aa0e19,2026-05-21T00:29:29.732024
4ab8b5e8-c07a-49ba-a11c-9a623cc7a840,YANG LAIN BOLEH HILANG ASAL KAU JANGAN,21cineplex,,16YLBH,Drama,113 menit,13+,2D,2026-05-21,cee53576-b4f3-41eb-90a8-46e26d8e21ad,2026-05-21T00:29:29.732297
4ab8b5e8-c07a-49ba-a11c-9a623cc7a840,STAR WARS: THE MANDALORIAN AND GROGU,21cineplex,,26SWMG,"Fantasy, Sci-Fi",132 menit,13+,2D,2026-05-21,b75f5f72-a3cc-4331-8d8a-dc6bf09a1925,2026-05-21T00:29:29.732504
4ab8b5e8-c07a-49ba-a11c-9a623cc7a840,BADUT GENDONG,21cineplex,,16BGEG,"Action, Horror",101 menit,D17+,2D,2026-05-27,46bfc758-23f3-4900-ab54-b475039abd08,2026-05-21T00:29:29.732665
ea690391-4136-4855-9a67-8466b5622c1a,TUMBAL PROYEK,21cineplex,,16TPRK,Horror,106 menit,D17+,2D,2026-05-21,9ae4edcd-820c-453f-966f-1ac6df806b99,2026-05-21T00:29:31.352594
ea690391-4136-4855-9a67-8466b5622c1a,SEMUA AKAN BAIK-BAIK SAJA,21cineplex,,16SABB,Drama,113 menit,13+,2D,2026-05-21,aa2ecd1f-afea-450b-9768-9450bf4edab5,2026-05-21T00:29:31.352722
ea690391-4136-4855-9a67-8466b5622c1a,KAMU HARUS MATI,21cineplex,,16KHMI,"Horror, Mystery, Thriller",90 menit,13+,2D,2026-05-21,d4040d01-b639-4c48-b507-a66796038eb8,2026-05-21T00:29:31.352842
ea690391-4136-4855-9a67-8466b5622c1a,GUDANG MERICA,21cineplex,,16GMEA,"Comedy, Horror",98 menit,D17+,2D,2026-05-21,73513b24-81d2-4057-bf15-c783dafe52f8,2026-05-21T00:29:31.352948
ea690391-4136-4855-9a67-8466b5622c1a,KELUARGA SUAMI ADALAH HAMA,21cineplex,,16KSAH,Drama,117 menit,13+,2D,2026-05-21,ca238861-064b-4d88-8320-7bada0d1213d,2026-05-21T00:29:31.353059
ea690391-4136-4855-9a67-8466b5622c1a,SUAMIKU LUKAKU,21cineplex,,16SLUU,Drama,92 menit,D17+,2D,2026-05-27,bf1b0d93-dda0-4a38-8165-d14493ff9ef7,2026-05-21T00:29:31.353164
ea690391-4136-4855-9a67-8466b5622c1a,SEKAWAN LIMO 2: GUNUNG KLAWIH,21cineplex,,16SK2G,"Comedy, Horror",122 menit,13+,2D,2026-05-27,0324fdd5-b7b8-42f6-b088-427827ce35cf,2026-05-21T00:29:31.353269
ea690391-4136-4855-9a67-8466b5622c1a,CHILDREN OF HEAVEN,21cineplex,,16COHN,"Drama, Family",97 menit,SU,2D,2026-05-27,e71d991e-ec44-4da2-801b-366cfc08263a,2026-05-21T00:29:31.353362
154f346e-0140-44a9-b15f-05c7562a8b51,GUDANG MERICA,21cineplex,,16GMEA,"Comedy, Horror",98 menit,D17+,2D,2026-05-21,9f14608c-aee1-41f9-a568-53fce16321a9,2026-05-21T00:29:32.938710
154f346e-0140-44a9-b15f-05c7562a8b51,STAR WARS: THE MANDALORIAN AND GROGU,21cineplex,,26SWMG,"Fantasy, Sci-Fi",132 menit,13+,2D,2026-05-21,b1069657-5fd8-47ab-8476-9154e1b01e8e,2026-05-21T00:29:32.939019
154f346e-0140-44a9-b15f-05c7562a8b51,MICHAEL,21cineplex,,26MICL,Biography,127 menit,SU,2D,2026-05-21,c64ee11b-a70c-4cdd-a481-799f46e026a5,2026-05-21T00:29:32.939087
154f346e-0140-44a9-b15f-05c7562a8b51,SEMUA AKAN BAIK-BAIK SAJA,21cineplex,,16SABB,Drama,113 menit,13+,2D,2026-05-21,09d000f0-86ea-497f-ad8e-25508403fc87,2026-05-21T00:29:32.939164
154f346e-0140-44a9-b15f-05c7562a8b51,BADUT GENDONG,21cineplex,,16BGEG,"Action, Horror",101 menit,D17+,2D,2026-05-27,f82b067b-f692-4245-8e7d-46f834606b03,2026-05-21T00:29:32.939277
c6079b40-a5d0-4de8-a834-3498453ebf37,TUMBAL PROYEK,21cineplex,,16TPRK,Horror,106 menit,D17+,2D,2026-05-21,f1820ed6-f95a-4437-98b9-c3948ebb073c,2026-05-21T00:29:35.955867
c6079b40-a5d0-4de8-a834-3498453ebf37,GOHAN,21cineplex,,26GOHN,Drama,140 menit,SU,2D,2026-05-21,ffcb122e-f6b7-4664-8e3e-83385c7a66d4,2026-05-21T00:29:35.955995
c6079b40-a5d0-4de8-a834-3498453ebf37,MICHAEL,21cineplex,,26MICL,Biography,127 menit,SU,2D,2026-05-21,0d0a5483-4bcb-4750-8b7c-0186a07a844a,2026-05-21T00:29:35.956062
c6079b40-a5d0-4de8-a834-3498453ebf37,STAR WARS: THE MANDALORIAN AND GROGU,21cineplex,,26SWMG,"Fantasy, Sci-Fi",132 menit,13+,2D,2026-05-21,d82c5350-5c61-45c3-806d-77c152702a13,2026-05-21T00:29:35.956148
c6079b40-a5d0-4de8-a834-3498453ebf37,SEMUA AKAN BAIK-BAIK SAJA,21cineplex,,16SABB,Drama,113 menit,13+,2D,2026-05-21,1a568dfd-a7d7-45c5-b781-d3dbb6b7bb78,2026-05-21T00:29:35.956231
c6079b40-a5d0-4de8-a834-3498453ebf37,KELUARGA SUAMI ADALAH HAMA,21cineplex,,16KSAH,Drama,117 menit,13+,2D,2026-05-21,4b66af96-b87d-483d-9f4c-442708d7881c,2026-05-21T00:29:35.956310
c6079b40-a5d0-4de8-a834-3498453ebf37,BADUT GENDONG,21cineplex,,16BGEG,"Action, Horror",101 menit,D17+,2D,2026-05-27,f50d7918-e56c-46af-a0e3-60c3b6641f5c,2026-05-21T00:29:35.956416
7cbdcf14-c5cf-49b5-9a34-6d3db1f2cdf4,KAMU HARUS MATI,21cineplex,,16KHMI,"Horror, Mystery, Thriller",90 menit,13+,2D,2026-05-21,ee94b2c7-7686-489c-9fc7-6869247358cf,2026-05-21T00:29:38.960003
7cbdcf14-c5cf-49b5-9a34-6d3db1f2cdf4,SEMUA AKAN BAIK-BAIK SAJA,21cineplex,,16SABB,Drama,113 menit,13+,2D,2026-05-21,93e9c0df-9b9e-4806-940b-f64cf51f16e3,2026-05-21T00:29:38.960245
7cbdcf14-c5cf-49b5-9a34-6d3db1f2cdf4,STAR WARS: THE MANDALORIAN AND GROGU,21cineplex,,26SWMG,"Fantasy, Sci-Fi",132 menit,13+,2D,2026-05-21,74fd258b-97c6-4f2b-875c-29f63fdbb27d,2026-05-21T00:29:38.960376
7cbdcf14-c5cf-49b5-9a34-6d3db1f2cdf4,TUMBAL PROYEK,21cineplex,,16TPRK,Horror,106 menit,D17+,2D,2026-05-21,5547fd19-d9c8-4067-b1d7-bdf0c77a520c,2026-05-21T00:29:38.960469
7cbdcf14-c5cf-49b5-9a34-6d3db1f2cdf4,GUDANG MERICA,21cineplex,,16GMEA,"Comedy, Horror",98 menit,D17+,2D,2026-05-21,6f9ef026-62bb-41ce-bd58-1c2950b6efc2,2026-05-21T00:29:38.960627
7cbdcf14-c5cf-49b5-9a34-6d3db1f2cdf4,BADUT GENDONG,21cineplex,,16BGEG,"Action, Horror",101 menit,D17+,2D,2026-05-27,999eece1-bf58-4ff3-bf88-166a39614b24,2026-05-21T00:29:38.960792
7cbdcf14-c5cf-49b5-9a34-6d3db1f2cdf4,SEKAWAN LIMO 2: GUNUNG KLAWIH,21cineplex,,16SK2G,"Comedy, Horror",122 menit,13+,2D,2026-05-27,d25e8f16-5a62-4b2a-aba7-989208149d85,2026-05-21T00:29:38.960962
f8243745-5700-4570-9ee3-94edabf14ef8,STAR WARS: THE MANDALORIAN AND GROGU,21cineplex,,26SWMG,"Fantasy, Sci-Fi",132 menit,13+,2D,2026-05-21,dec1f275-49ee-4581-ae1d-28f15a33412a,2026-05-21T00:29:40.224634
f8243745-5700-4570-9ee3-94edabf14ef8,IN THE GREY,21cineplex,,26ITGY,"Action, Thriller",97 menit,13+,2D,2026-05-21,48a575ff-c9b0-43b5-bc35-7fdc85e64327,2026-05-21T00:29:40.224704
f8243745-5700-4570-9ee3-94edabf14ef8,GOHAN,21cineplex,,26GOHN,Drama,140 menit,SU,2D,2026-05-21,1642fc8e-d530-4ca8-af05-aa0da72d3685,2026-05-21T00:29:40.224741
f8243745-5700-4570-9ee3-94edabf14ef8,MICHAEL,21cineplex,,26MICL,Biography,127 menit,SU,2D,2026-05-21,a873ab94-9389-40d3-8765-1e408ed936d3,2026-05-21T00:29:40.224777
f8243745-5700-4570-9ee3-94edabf14ef8,SEMUA AKAN BAIK-BAIK SAJA,21cineplex,,16SABB,Drama,113 menit,13+,2D,2026-05-21,852d848a-ca2a-4dd8-a599-f421a60d4ce5,2026-05-21T00:29:40.224812
f8243745-5700-4570-9ee3-94edabf14ef8,THE DEVIL WEARS PRADA 2,21cineplex,,26DWP2,"Comedy, Drama",119 menit,13+,2D,2026-05-21,39bd1f6a-9f47-4c6c-888a-96f8dea76fc7,2026-05-21T00:29:40.224864
d8709476-2f60-41c5-9b4c-3c2fdde4e24b,FUZE,21cineplex,,26FUZE,"Action, Crime",96 menit,D17+,2D,2026-05-21,9a6ec3d5-cbdb-4ec6-8682-5b9f1624ce09,2026-05-21T00:29:43.280322
d8709476-2f60-41c5-9b4c-3c2fdde4e24b,PROJECT HAIL MARY,21cineplex,,26PHMY,Sci-Fi,157 menit,13+,2D,2026-05-21,57b28d73-fe29-463a-83bb-d9c18ea43abd,2026-05-21T00:29:43.280686
d8709476-2f60-41c5-9b4c-3c2fdde4e24b,STAR WARS: THE MANDALORIAN AND GROGU,21cineplex,,26SWMG,"Fantasy, Sci-Fi",132 menit,13+,2D,2026-05-21,31fb6cf7-41ca-4d41-90b5-aac1785722a7,2026-05-21T00:29:43.280889
d8709476-2f60-41c5-9b4c-3c2fdde4e24b,GHOST IN THE CELL,21cineplex,,16GITC,"Comedy, Horror",106 menit,D17+,2D,2026-05-21,a3f1964a-39c4-4352-a6a1-551e0c489fcf,2026-05-21T00:29:43.281091
d8709476-2f60-41c5-9b4c-3c2fdde4e24b,MICHAEL,21cineplex,,26MICL,Biography,127 menit,SU,2D,2026-05-21,a71ebe8a-5919-4a61-bc59-f5f8f2538fad,2026-05-21T00:29:43.281241
d8709476-2f60-41c5-9b4c-3c2fdde4e24b,GUDANG MERICA,21cineplex,,16GMEA,"Comedy, Horror",98 menit,D17+,2D,2026-05-21,e9f67da3-c02c-4b6d-ab50-22957b6b9e76,2026-05-21T00:29:43.281431
d8709476-2f60-41c5-9b4c-3c2fdde4e24b,SEMUA AKAN BAIK-BAIK SAJA,21cineplex,,16SABB,Drama,113 menit,13+,2D,2026-05-21,6d8b3a46-a411-4016-b47b-cf561ff2ddac,2026-05-21T00:29:43.281651
d8709476-2f60-41c5-9b4c-3c2fdde4e24b,THE DEVIL WEARS PRADA 2,21cineplex,,26DWP2,"Comedy, Drama",119 menit,13+,2D,2026-05-21,993a7db5-bf9f-45b0-a9ae-9d8894d096e6,2026-05-21T00:29:43.281900
d8709476-2f60-41c5-9b4c-3c2fdde4e24b,KELUARGA SUAMI ADALAH HAMA,21cineplex,,16KSAH,Drama,117 menit,13+,2D,2026-05-21,04f5ce6c-946a-4132-b866-3a0165c3cd55,2026-05-21T00:29:43.282074
d8709476-2f60-41c5-9b4c-3c2fdde4e24b,BADUT GENDONG,21cineplex,,16BGEG,"Action, Horror",101 menit,D17+,2D,2026-05-27,385070b9-ca2e-4b7b-9015-4ed8914c4612,2026-05-21T00:29:43.282306
d8709476-2f60-41c5-9b4c-3c2fdde4e24b,SEKAWAN LIMO 2: GUNUNG KLAWIH,21cineplex,,16SK2G,"Comedy, Horror",122 menit,13+,2D,2026-05-27,9608e0d1-18ac-47b8-b182-d60355dd2f32,2026-05-21T00:29:43.282526
001a5e6e-2fe7-42a7-9ba6-17dde440501d,GOHAN,21cineplex,,26GOHN,Drama,140 menit,SU,2D,2026-05-21,7bb90d3e-3795-4c12-966b-d4c8cad91fdb,2026-05-21T00:29:46.216697
001a5e6e-2fe7-42a7-9ba6-17dde440501d,THE DEVIL WEARS PRADA 2,21cineplex,,26DWP2,"Comedy, Drama",119 menit,13+,2D,2026-05-21,0b034225-1cd0-4118-ba59-c4112b1228ef,2026-05-21T00:29:46.216843
001a5e6e-2fe7-42a7-9ba6-17dde440501d,STAR WARS: THE MANDALORIAN AND GROGU,21cineplex,,26SWMG,"Fantasy, Sci-Fi",132 menit,13+,2D,2026-05-21,994d8be6-a40f-4dc8-9900-ac6857cf2556,2026-05-21T00:29:46.216959
001a5e6e-2fe7-42a7-9ba6-17dde440501d,IN THE GREY,21cineplex,,26ITGY,"Action, Thriller",97 menit,13+,2D,2026-05-21,bfba2698-646d-4930-9fa2-473c4dff4e93,2026-05-21T00:29:46.217091
001a5e6e-2fe7-42a7-9ba6-17dde440501d,MICHAEL,21cineplex,,26MICL,Biography,127 menit,SU,2D,2026-05-21,182671bb-70b2-405e-b130-b911576f841e,2026-05-21T00:29:46.217200
3a95e6ec-5348-43cd-84cd-31f130a67aec,MICHAEL,21cineplex,,26MICL,Biography,127 menit,SU,2D,2026-05-21,c1155f24-fcf5-42eb-a48f-8aa292a724ca,2026-05-21T00:29:49.271960
3a95e6ec-5348-43cd-84cd-31f130a67aec,TUMBAL PROYEK,21cineplex,,16TPRK,Horror,106 menit,D17+,2D,2026-05-21,0cdf19ff-2cfb-4513-85fe-b12d2e2ef0ab,2026-05-21T00:29:49.272184
3a95e6ec-5348-43cd-84cd-31f130a67aec,STAR WARS: THE MANDALORIAN AND GROGU,21cineplex,,26SWMG,"Fantasy, Sci-Fi",132 menit,13+,3D,2026-05-21,f653689f-4d7e-4934-ac4c-6c0a11045cb7,2026-05-21T00:29:49.272402
3a95e6ec-5348-43cd-84cd-31f130a67aec,GOHAN,21cineplex,,26GOHN,Drama,140 menit,SU,2D,2026-05-21,5fde4687-dd35-4162-a97d-8c33d8c6d666,2026-05-21T00:29:49.272629
3a95e6ec-5348-43cd-84cd-31f130a67aec,GUDANG MERICA,21cineplex,,16GMEA,"Comedy, Horror",98 menit,D17+,2D,2026-05-21,1a73a8d6-26ac-45f8-8274-c0aef597a623,2026-05-21T00:29:49.272807
3a95e6ec-5348-43cd-84cd-31f130a67aec,IN THE GREY,21cineplex,,26ITGY,"Action, Thriller",97 menit,13+,2D,2026-05-21,35fbf454-966e-4aa3-958d-79fdba5b01f5,2026-05-21T00:29:49.273030
3a95e6ec-5348-43cd-84cd-31f130a67aec,PEGASUS 3,21cineplex,,26PES3,"Action, Comedy",126 menit,13+,2D,2026-05-21,392da576-0d73-4b52-a716-21c3a603c483,2026-05-21T00:29:49.273197
3a95e6ec-5348-43cd-84cd-31f130a67aec,MORTAL KOMBAT II,21cineplex,,25MKT2,"Action, Adventure",116 menit,D17+,2D,2026-05-21,e7053dc1-92c2-4e4b-80b9-adb40f79a3fd,2026-05-21T00:29:49.273362
3a95e6ec-5348-43cd-84cd-31f130a67aec,BADUT GENDONG,21cineplex,,16BGEG,"Action, Horror",101 menit,D17+,2D,2026-05-27,3a64aa9a-cc0c-41a6-9ad9-4fc8b93c88ca,2026-05-21T00:29:49.273565
3a95e6ec-5348-43cd-84cd-31f130a67aec,CHILDREN OF HEAVEN,21cineplex,,16COHN,"Drama, Family",97 menit,SU,2D,2026-05-27,3670006b-a4af-40ed-9d3c-5fe58b22535f,2026-05-21T00:29:49.273787
74a8bf0a-6d70-4694-93a1-059c1d662b16,SEMUA AKAN BAIK-BAIK SAJA,21cineplex,,16SABB,Drama,113 menit,13+,2D,2026-05-21,0ef262f3-ef33-44c4-8075-40a8ec134117,2026-05-21T00:29:52.273607
74a8bf0a-6d70-4694-93a1-059c1d662b16,TUMBAL PROYEK,21cineplex,,16TPRK,Horror,106 menit,D17+,2D,2026-05-21,a89ce500-30c9-46ef-8281-6b659df8c36a,2026-05-21T00:29:52.273793
74a8bf0a-6d70-4694-93a1-059c1d662b16,KAMU HARUS MATI,21cineplex,,16KHMI,"Horror, Mystery, Thriller",90 menit,13+,2D,2026-05-21,b4d9667a-d229-4a63-89e8-9a18ecba6238,2026-05-21T00:29:52.273909
74a8bf0a-6d70-4694-93a1-059c1d662b16,KELUARGA SUAMI ADALAH HAMA,21cineplex,,16KSAH,Drama,117 menit,13+,2D,2026-05-21,288a8ba0-caa4-42e1-8ea5-d8c52479c548,2026-05-21T00:29:52.274029
74a8bf0a-6d70-4694-93a1-059c1d662b16,CHILDREN OF HEAVEN,21cineplex,,16COHN,"Drama, Family",97 menit,SU,2D,2026-05-27,351f7309-f298-42db-8b61-10a626be065f,2026-05-21T00:29:52.274138
74a8bf0a-6d70-4694-93a1-059c1d662b16,SEKAWAN LIMO 2: GUNUNG KLAWIH,21cineplex,,16SK2G,"Comedy, Horror",122 menit,13+,2D,2026-05-27,8b9379ca-bc99-49f6-9b1a-122c500f2bc6,2026-05-21T00:29:52.274236
30b43d92-be83-4529-8674-3ad5026432f6,IN THE GREY,21cineplex,,26ITGY,"Action, Thriller",97 menit,13+,2D,2026-05-21,38a6866e-7554-4ec6-8524-15c2564a7fd2,2026-05-21T00:29:53.971117
30b43d92-be83-4529-8674-3ad5026432f6,THE SHEEP DETECTIVES,21cineplex,,26SDES,"Comedy, Mystery",109 menit,SU,2D,2026-05-21,1c1b1cf3-c8cc-409d-b1b2-bf2ed0016674,2026-05-21T00:29:53.971286
30b43d92-be83-4529-8674-3ad5026432f6,SALMOKJI: WHISPERING WATER,21cineplex,,26SWWR,Horror,95 menit,D17+,2D,2026-05-21,604a76d1-4f3c-4670-8bf0-dd95962b7473,2026-05-21T00:29:53.971399
30b43d92-be83-4529-8674-3ad5026432f6,MICHAEL,21cineplex,,26MICL,Biography,127 menit,SU,2D,2026-05-21,daab261f-d484-4ae6-871b-84a3b53d84e9,2026-05-21T00:29:53.971549
30b43d92-be83-4529-8674-3ad5026432f6,THE DEVIL WEARS PRADA 2,21cineplex,,26DWP2,"Comedy, Drama",119 menit,13+,2D,2026-05-21,63f6940b-a018-4ce1-b2b9-d3943a35bf14,2026-05-21T00:29:53.971645
30b43d92-be83-4529-8674-3ad5026432f6,PROJECT HAIL MARY,21cineplex,,26PHMY,Sci-Fi,157 menit,13+,2D,2026-05-21,b1071659-0298-490b-a286-633dbf1f81b3,2026-05-21T00:29:53.971753
30b43d92-be83-4529-8674-3ad5026432f6,GOHAN,21cineplex,,26GOHN,Drama,140 menit,SU,2D,2026-05-21,04a98c72-72ed-43c9-962f-b226acbcd87a,2026-05-21T00:29:53.971842
30b43d92-be83-4529-8674-3ad5026432f6,STAR WARS: THE MANDALORIAN AND GROGU,21cineplex,,26SWMG,"Fantasy, Sci-Fi",132 menit,13+,2D,2026-05-21,785cf1d9-fee2-49b9-b6d3-9efbfcdc5ebd,2026-05-21T00:29:53.971990
5ec297d2-84cd-4fd6-a007-94cd5502c18f,TUMBAL PROYEK,21cineplex,,16TPRK,Horror,106 menit,D17+,2D,2026-05-21,6bb14196-25cc-4e0d-9a1d-05886b51b96f,2026-05-21T00:29:56.753284
5ec297d2-84cd-4fd6-a007-94cd5502c18f,GOHAN,21cineplex,,26GOHN,Drama,140 menit,SU,2D,2026-05-21,edd0485c-5dbb-42a3-973f-811c28d85242,2026-05-21T00:29:56.753376
5ec297d2-84cd-4fd6-a007-94cd5502c18f,STAR WARS: THE MANDALORIAN AND GROGU,21cineplex,,26SWMG,"Fantasy, Sci-Fi",132 menit,13+,2D,2026-05-21,850e71ec-3f2f-47f6-8d51-42cac3ff31bf,2026-05-21T00:29:56.753417
5ec297d2-84cd-4fd6-a007-94cd5502c18f,MORTAL KOMBAT II,21cineplex,,25MKT2,"Action, Adventure",116 menit,D17+,2D,2026-05-21,902ddd02-6799-44d9-bd1c-a3acfb2ff12d,2026-05-21T00:29:56.753454
5ec297d2-84cd-4fd6-a007-94cd5502c18f,GUDANG MERICA,21cineplex,,16GMEA,"Comedy, Horror",98 menit,D17+,2D,2026-05-21,55a36a77-1ddc-4483-8e22-cf4258eb8863,2026-05-21T00:29:56.753502
5ec297d2-84cd-4fd6-a007-94cd5502c18f,THE DEVIL WEARS PRADA 2,21cineplex,,26DWP2,"Comedy, Drama",119 menit,13+,2D,2026-05-21,34408192-280f-4931-b767-23a32f649553,2026-05-21T00:29:56.753566
5ec297d2-84cd-4fd6-a007-94cd5502c18f,BADUT GENDONG,21cineplex,,16BGEG,"Action, Horror",101 menit,D17+,2D,2026-05-27,ec076cd1-098d-48a7-b874-2d92cedaea88,2026-05-21T00:29:56.753601
07fc60ee-46e1-434d-b898-70a485b971b4,THE DEVIL WEARS PRADA 2,21cineplex,,26DWP2,"Comedy, Drama",119 menit,13+,2D,2026-05-21,7397333d-e1f1-4fcf-b6d0-978d7ae017e4,2026-05-21T00:29:58.228299
07fc60ee-46e1-434d-b898-70a485b971b4,STAR WARS: THE MANDALORIAN AND GROGU,21cineplex,,26SWMG,"Fantasy, Sci-Fi",132 menit,13+,2D,2026-05-21,692510df-3caf-48c3-9e90-2cf67be5c36a,2026-05-21T00:29:58.228350
07fc60ee-46e1-434d-b898-70a485b971b4,MORTAL KOMBAT II,21cineplex,,25MKT2,"Action, Adventure",116 menit,D17+,2D,2026-05-21,70fd2ccd-cc4d-41a8-8bdb-abfd976d314a,2026-05-21T00:29:58.228402
07fc60ee-46e1-434d-b898-70a485b971b4,THE SHEEP DETECTIVES,21cineplex,,26SDES,"Comedy, Mystery",109 menit,SU,2D,2026-05-21,ebbb6dd7-f63f-49fc-9594-c313d2422f1d,2026-05-21T00:29:58.228459
07fc60ee-46e1-434d-b898-70a485b971b4,GOHAN,21cineplex,,26GOHN,Drama,140 menit,SU,2D,2026-05-21,8babbdee-5eca-44ff-a93f-3e12162aa258,2026-05-21T00:29:58.228496
d34258f4-d7ae-4737-8788-08b1eca254a5,TUMBAL PROYEK,21cineplex,,16TPRK,Horror,106 menit,D17+,2D,2026-05-21,4f5302f5-3d6c-476c-8ba6-cc77b0f1109e,2026-05-21T00:30:08.129914
d34258f4-d7ae-4737-8788-08b1eca254a5,SEMUA AKAN BAIK-BAIK SAJA,21cineplex,,16SABB,Drama,113 menit,13+,2D,2026-05-21,0eaab99e-a6ca-4494-923f-51f6be168c74,2026-05-21T00:30:08.129997
d34258f4-d7ae-4737-8788-08b1eca254a5,MORTAL KOMBAT II,21cineplex,,25MKT2,"Action, Adventure",116 menit,D17+,2D,2026-05-21,2113b1c9-c1a7-4854-9464-2cc0f648b591,2026-05-21T00:30:08.130051
d34258f4-d7ae-4737-8788-08b1eca254a5,KELUARGA SUAMI ADALAH HAMA,21cineplex,,16KSAH,Drama,117 menit,13+,2D,2026-05-21,8f2539e8-65a5-4da5-9384-13cba8522e52,2026-05-21T00:30:08.130087
d34258f4-d7ae-4737-8788-08b1eca254a5,SALMOKJI: WHISPERING WATER,21cineplex,,26SWWR,Horror,95 menit,D17+,2D,2026-05-21,f48a5c85-3369-43c4-bba6-a3d29bf88bf5,2026-05-21T00:30:08.130146
d34258f4-d7ae-4737-8788-08b1eca254a5,IN THE GREY,21cineplex,,26ITGY,"Action, Thriller",97 menit,13+,2D,2026-05-21,52b48eab-5954-4a40-ac64-7dfe7a249cdf,2026-05-21T00:30:08.130212
d34258f4-d7ae-4737-8788-08b1eca254a5,STAR WARS: THE MANDALORIAN AND GROGU,21cineplex,,26SWMG,"Fantasy, Sci-Fi",132 menit,13+,3D,2026-05-21,6363c3c5-1e47-4f23-8ebb-0c1fd83a9cad,2026-05-21T00:30:08.130243
d34258f4-d7ae-4737-8788-08b1eca254a5,THE SHEEP DETECTIVES,21cineplex,,26SDES,"Comedy, Mystery",109 menit,SU,2D,2026-05-21,e569dc4f-3d74-4bcd-9be0-04f32c8630bf,2026-05-21T00:30:08.130310
d34258f4-d7ae-4737-8788-08b1eca254a5,THE DEVIL WEARS PRADA 2,21cineplex,,26DWP2,"Comedy, Drama",119 menit,13+,2D,2026-05-21,94993183-6a8b-4fd6-aae9-51a2c1471b06,2026-05-21T00:30:08.130351
d34258f4-d7ae-4737-8788-08b1eca254a5,GOHAN,21cineplex,,26GOHN,Drama,140 menit,SU,2D,2026-05-21,db35ea78-cae3-4e56-8d81-fe0a7fcdf778,2026-05-21T00:30:08.130381
d34258f4-d7ae-4737-8788-08b1eca254a5,BADUT GENDONG,21cineplex,,16BGEG,"Action, Horror",101 menit,D17+,2D,2026-05-27,04b1b8e0-738e-4da2-b109-bf9b50202b7a,2026-05-21T00:30:08.130430
d34258f4-d7ae-4737-8788-08b1eca254a5,SEKAWAN LIMO 2: GUNUNG KLAWIH,21cineplex,,16SK2G,"Comedy, Horror",122 menit,13+,2D,2026-05-27,4e31e0ca-1917-4217-bf0a-30fe231d3632,2026-05-21T00:30:08.130488
702e364f-fb8c-4aa0-9023-438488a829a6,STAR WARS: THE MANDALORIAN AND GROGU,21cineplex,,26SWMG,"Fantasy, Sci-Fi",132 menit,13+,2D,2026-05-21,a443a040-4c71-4ab5-a693-af619dd010c5,2026-05-21T00:30:08.772865
702e364f-fb8c-4aa0-9023-438488a829a6,SEMUA AKAN BAIK-BAIK SAJA,21cineplex,,16SABB,Drama,113 menit,13+,2D,2026-05-21,68d412c5-9c4f-46a8-a5fe-a7be9ce66892,2026-05-21T00:30:08.772935
702e364f-fb8c-4aa0-9023-438488a829a6,MICHAEL,21cineplex,,26MICL,Biography,127 menit,SU,2D,2026-05-21,f8c8990a-c1cd-4610-9177-1d61ff6d681c,2026-05-21T00:30:08.773009
702e364f-fb8c-4aa0-9023-438488a829a6,GHOST IN THE CELL,21cineplex,,16GITC,"Comedy, Horror",106 menit,D17+,2D,2026-05-21,2ef8e32d-a3a4-49db-b64f-10e34016dc63,2026-05-21T00:30:08.773043
702e364f-fb8c-4aa0-9023-438488a829a6,GOHAN,21cineplex,,26GOHN,Drama,140 menit,SU,2D,2026-05-21,7e0aff13-f8a3-46a5-a8fb-dd8a1aabf2bb,2026-05-21T00:30:08.773101
702e364f-fb8c-4aa0-9023-438488a829a6,KELUARGA SUAMI ADALAH HAMA,21cineplex,,16KSAH,Drama,117 menit,13+,2D,2026-05-21,1d3208f2-c6d3-4073-8802-d568c8a6ae6b,2026-05-21T00:30:08.773134
702e364f-fb8c-4aa0-9023-438488a829a6,SEKAWAN LIMO 2: GUNUNG KLAWIH,21cineplex,,16SK2G,"Comedy, Horror",122 menit,13+,2D,2026-05-27,42bf8968-4786-4d48-955c-9e90a97506f8,2026-05-21T00:30:08.773193
b77e3665-e547-4b82-bff3-f6e53d162372,GHOST IN THE CELL,21cineplex,,16GITC,"Comedy, Horror",106 menit,D17+,2D,2026-05-21,a9330071-96c7-49b8-8aab-04122fc89fe4,2026-05-21T00:30:10.262147
b77e3665-e547-4b82-bff3-f6e53d162372,SALMOKJI: WHISPERING WATER,21cineplex,,26SWWR,Horror,95 menit,D17+,2D,2026-05-21,3a0e673f-bc69-470f-bd3e-fe2bfc83b09f,2026-05-21T00:30:10.262416
b77e3665-e547-4b82-bff3-f6e53d162372,GUDANG MERICA,21cineplex,,16GMEA,"Comedy, Horror",98 menit,D17+,2D,2026-05-21,3fbf3f10-ed89-4017-a039-6e9d00b66a15,2026-05-21T00:30:10.262625
b77e3665-e547-4b82-bff3-f6e53d162372,STAR WARS: THE MANDALORIAN AND GROGU,21cineplex,,26SWMG,"Fantasy, Sci-Fi",132 menit,13+,2D,2026-05-21,aa378bb4-8dc8-42aa-95eb-25a4c07f45aa,2026-05-21T00:30:10.262855
b77e3665-e547-4b82-bff3-f6e53d162372,SEMUA AKAN BAIK-BAIK SAJA,21cineplex,,16SABB,Drama,113 menit,13+,2D,2026-05-21,b8eadc25-3c5d-4205-8158-b89fe98666e3,2026-05-21T00:30:10.263084
b77e3665-e547-4b82-bff3-f6e53d162372,GOHAN,21cineplex,,26GOHN,Drama,140 menit,SU,2D,2026-05-21,8fa8518c-a5c8-42e8-b66f-ae2d0a661a39,2026-05-21T00:30:10.263229
b77e3665-e547-4b82-bff3-f6e53d162372,THE DEVIL WEARS PRADA 2,21cineplex,,26DWP2,"Comedy, Drama",119 menit,13+,2D,2026-05-21,be54e2b2-0301-4487-a047-fbe0d7a9a072,2026-05-21T00:30:10.263426
b77e3665-e547-4b82-bff3-f6e53d162372,TUMBAL PROYEK,21cineplex,,16TPRK,Horror,106 menit,D17+,2D,2026-05-21,35833a6d-301d-4b90-bac4-9bf6a283584a,2026-05-21T00:30:10.263576
b77e3665-e547-4b82-bff3-f6e53d162372,BADUT GENDONG,21cineplex,,16BGEG,"Action, Horror",101 menit,D17+,2D,2026-05-27,bb238d39-6a1a-4402-838d-deb2bf289252,2026-05-21T00:30:10.263785
ca3fdf4c-6664-4e5b-a117-408db0f6307d,GHOST IN THE CELL,21cineplex,,16GITC,"Comedy, Horror",106 menit,D17+,2D,2026-05-21,6c3aa327-e5f4-429a-a6a9-a59d9fa01207,2026-05-21T00:30:14.770836
ca3fdf4c-6664-4e5b-a117-408db0f6307d,YANG LAIN BOLEH HILANG ASAL KAU JANGAN,21cineplex,,16YLBH,Drama,113 menit,13+,2D,2026-05-21,d653f227-bc3f-4944-b303-da4a798ca9c7,2026-05-21T00:30:14.770995
ca3fdf4c-6664-4e5b-a117-408db0f6307d,STAR WARS: THE MANDALORIAN AND GROGU,21cineplex,,26SWMG,"Fantasy, Sci-Fi",132 menit,13+,2D,2026-05-21,5b37a7dc-6860-461b-b013-0d181374f949,2026-05-21T00:30:14.771091
ca3fdf4c-6664-4e5b-a117-408db0f6307d,GUDANG MERICA,21cineplex,,16GMEA,"Comedy, Horror",98 menit,D17+,2D,2026-05-21,b25babe5-ddce-41dd-a75e-6cb594bd52b4,2026-05-21T00:30:14.771145
ca3fdf4c-6664-4e5b-a117-408db0f6307d,IN THE GREY,21cineplex,,26ITGY,"Action, Thriller",97 menit,13+,2D,2026-05-21,30305df6-07b0-4d38-aae3-1dbe6b279def,2026-05-21T00:30:14.771205
ca3fdf4c-6664-4e5b-a117-408db0f6307d,KELUARGA SUAMI ADALAH HAMA,21cineplex,,16KSAH,Drama,117 menit,13+,2D,2026-05-21,d5e16051-54cb-4989-b9ea-cc045cd18d71,2026-05-21T00:30:14.771245
ca3fdf4c-6664-4e5b-a117-408db0f6307d,MORTAL KOMBAT II,21cineplex,,25MKT2,"Action, Adventure",116 menit,D17+,2D,2026-05-21,cf6ddaaa-30e7-4c62-8af1-da9ecddd4ef6,2026-05-21T00:30:14.771454
ca3fdf4c-6664-4e5b-a117-408db0f6307d,TUMBAL PROYEK,21cineplex,,16TPRK,Horror,106 menit,D17+,2D,2026-05-21,7750772c-8061-444d-ac11-e385f28b9220,2026-05-21T00:30:14.771505
ca3fdf4c-6664-4e5b-a117-408db0f6307d,SEMUA AKAN BAIK-BAIK SAJA,21cineplex,,16SABB,Drama,113 menit,13+,2D,2026-05-21,ddc944b8-dc20-44c2-8b71-e8f70ad3ea8b,2026-05-21T00:30:14.771559
ca3fdf4c-6664-4e5b-a117-408db0f6307d,SEKAWAN LIMO 2: GUNUNG KLAWIH,21cineplex,,16SK2G,"Comedy, Horror",122 menit,13+,2D,2026-05-27,9f325137-5ae1-4ea8-b281-48100984851c,2026-05-21T00:30:14.771611
ca3fdf4c-6664-4e5b-a117-408db0f6307d,CHILDREN OF HEAVEN,21cineplex,,16COHN,"Drama, Family",97 menit,SU,2D,2026-05-27,eafecc72-f895-49be-9475-6d88242d4ed0,2026-05-21T00:30:14.771667
6e1f360d-7c3b-403c-92e9-ee48032bdd4a,SEMUA AKAN BAIK-BAIK SAJA,21cineplex,,16SABB,Drama,113 menit,13+,2D,2026-05-21,54f6f725-df8b-49ce-8bb9-545421b866fa,2026-05-21T00:30:16.300209
6e1f360d-7c3b-403c-92e9-ee48032bdd4a,STAR WARS: THE MANDALORIAN AND GROGU,21cineplex,,26SWMG,"Fantasy, Sci-Fi",132 menit,13+,2D,2026-05-21,345f9edc-6477-413c-b492-6fb3425e550e,2026-05-21T00:30:16.300497
6e1f360d-7c3b-403c-92e9-ee48032bdd4a,TUMBAL PROYEK,21cineplex,,16TPRK,Horror,106 menit,D17+,2D,2026-05-21,cb2ed151-c300-4a1c-853d-212b2556c168,2026-05-21T00:30:16.300664
11f71267-3d40-4e81-9ff7-27d4070ea706,THE DEVIL WEARS PRADA 2,21cineplex,,26DWP2,"Comedy, Drama",119 menit,13+,2D,2026-05-21,1e18162d-7c02-4e07-82e4-03378abdb338,2026-05-21T00:30:17.932023
11f71267-3d40-4e81-9ff7-27d4070ea706,MICHAEL,21cineplex,,26MICL,Biography,127 menit,SU,2D,2026-05-21,e0829665-2b29-4b18-a265-abffc72a0697,2026-05-21T00:30:17.932550
0f860383-ba82-492d-bd8b-a804d888a726,SALMOKJI: WHISPERING WATER,21cineplex,,26SWWR,Horror,95 menit,D17+,2D,2026-05-21,dcd19c4b-fb9b-45c1-a860-a978119f0767,2026-05-21T00:30:22.270119
0f860383-ba82-492d-bd8b-a804d888a726,SEMUA AKAN BAIK-BAIK SAJA,21cineplex,,16SABB,Drama,113 menit,13+,2D,2026-05-21,2eec86f1-3730-4769-8374-d4d13b58bcca,2026-05-21T00:30:22.270201
0f860383-ba82-492d-bd8b-a804d888a726,TUMBAL PROYEK,21cineplex,,16TPRK,Horror,106 menit,D17+,2D,2026-05-21,94a5d249-f902-457e-a666-c0eafe3def13,2026-05-21T00:30:22.270303
0f860383-ba82-492d-bd8b-a804d888a726,KELUARGA SUAMI ADALAH HAMA,21cineplex,,16KSAH,Drama,117 menit,13+,2D,2026-05-21,4be595ce-eeae-460c-a5c5-7dd4cd512614,2026-05-21T00:30:22.270386
0f860383-ba82-492d-bd8b-a804d888a726,GOHAN,21cineplex,,26GOHN,Drama,140 menit,SU,2D,2026-05-21,78254aa1-8d73-4315-a2c8-54d3a5dc6e18,2026-05-21T00:30:22.270475
0f860383-ba82-492d-bd8b-a804d888a726,STAR WARS: THE MANDALORIAN AND GROGU,21cineplex,,26SWMG,"Fantasy, Sci-Fi",132 menit,13+,2D,2026-05-21,16e46e1a-3084-4623-ab4a-5fa25050f5c1,2026-05-21T00:30:22.270523
0f860383-ba82-492d-bd8b-a804d888a726,GHOST IN THE CELL,21cineplex,,16GITC,"Comedy, Horror",106 menit,D17+,2D,2026-05-21,fb18edcc-5fc2-4dd0-a42a-a8f3e5cb15e4,2026-05-21T00:30:22.270585
0f860383-ba82-492d-bd8b-a804d888a726,MICHAEL,21cineplex,,26MICL,Biography,127 menit,SU,2D,2026-05-21,71e945f8-6840-4c29-a459-2838a14ed7c7,2026-05-21T00:30:22.270649
0f860383-ba82-492d-bd8b-a804d888a726,SEKAWAN LIMO 2: GUNUNG KLAWIH,21cineplex,,16SK2G,"Comedy, Horror",122 menit,13+,2D,2026-05-27,52a69841-4c70-41b8-903f-ec804148b4e3,2026-05-21T00:30:22.270702
0f860383-ba82-492d-bd8b-a804d888a726,SUAMIKU LUKAKU,21cineplex,,16SLUU,Drama,92 menit,D17+,2D,2026-05-27,061a14a0-2b63-4fa9-b10d-9714e7f22076,2026-05-21T00:30:22.270776
1e7572e1-a446-4947-883b-d697fe44a091,KELUARGA SUAMI ADALAH HAMA,21cineplex,,16KSAH,Drama,117 menit,13+,2D,2026-05-21,95b08dc3-3b01-4897-b2a2-cf3c594a8cc2,2026-05-21T00:30:23.768688
1e7572e1-a446-4947-883b-d697fe44a091,STAR WARS: THE MANDALORIAN AND GROGU,21cineplex,,26SWMG,"Fantasy, Sci-Fi",132 menit,13+,2D,2026-05-21,2b846a9d-5f75-41f5-8178-079d3ae0b584,2026-05-21T00:30:23.769114
1e7572e1-a446-4947-883b-d697fe44a091,KAMU HARUS MATI,21cineplex,,16KHMI,"Horror, Mystery, Thriller",90 menit,13+,2D,2026-05-21,859c69e3-39f4-4905-bfe1-09c1e5eb8ec8,2026-05-21T00:30:23.769244
1e7572e1-a446-4947-883b-d697fe44a091,SEMUA AKAN BAIK-BAIK SAJA,21cineplex,,16SABB,Drama,113 menit,13+,2D,2026-05-21,72cd477d-0f2b-4686-93b6-f71233c78d93,2026-05-21T00:30:23.769480
1e7572e1-a446-4947-883b-d697fe44a091,TUMBAL PROYEK,21cineplex,,16TPRK,Horror,106 menit,D17+,2D,2026-05-21,782b3aa7-8655-46df-b914-3de844f5e31d,2026-05-21T00:30:23.769653
1e7572e1-a446-4947-883b-d697fe44a091,BADUT GENDONG,21cineplex,,16BGEG,"Action, Horror",101 menit,D17+,2D,2026-05-27,524f0008-665f-4c7a-a681-9d39e138fab4,2026-05-21T00:30:23.769880
81f7f496-d1f5-477d-b066-42a1e8796525,MORTAL KOMBAT II,21cineplex,,25MKT2,"Action, Adventure",116 menit,D17+,2D,2026-05-21,a5d8a75c-fffa-4d65-97e2-6b719ac92f16,2026-05-21T00:30:25.491391
81f7f496-d1f5-477d-b066-42a1e8796525,YANG LAIN BOLEH HILANG ASAL KAU JANGAN,21cineplex,,16YLBH,Drama,113 menit,13+,2D,2026-05-21,7c4a1201-f580-4779-88ef-7a4644c49eb6,2026-05-21T00:30:25.491640
81f7f496-d1f5-477d-b066-42a1e8796525,KELUARGA SUAMI ADALAH HAMA,21cineplex,,16KSAH,Drama,117 menit,13+,2D,2026-05-21,c567fd20-a960-474c-9ac7-9c765e039789,2026-05-21T00:30:25.491706
81f7f496-d1f5-477d-b066-42a1e8796525,GUDANG MERICA,21cineplex,,16GMEA,"Comedy, Horror",98 menit,D17+,2D,2026-05-21,ae64be18-3113-4e49-9917-7871c3d52316,2026-05-21T00:30:25.491793
81f7f496-d1f5-477d-b066-42a1e8796525,GHOST IN THE CELL,21cineplex,,16GITC,"Comedy, Horror",106 menit,D17+,2D,2026-05-21,85527585-62b9-4e41-a9bb-aa458bb728ef,2026-05-21T00:30:25.491877
81f7f496-d1f5-477d-b066-42a1e8796525,SEMUA AKAN BAIK-BAIK SAJA,21cineplex,,16SABB,Drama,113 menit,13+,2D,2026-05-21,be61e204-ad2f-4100-934e-da4fe4bbf085,2026-05-21T00:30:25.491926
81f7f496-d1f5-477d-b066-42a1e8796525,STAR WARS: THE MANDALORIAN AND GROGU,21cineplex,,26SWMG,"Fantasy, Sci-Fi",132 menit,13+,2D,2026-05-21,43c53c8d-eb78-4698-ae91-c18f888c8b3f,2026-05-21T00:30:25.492017
81f7f496-d1f5-477d-b066-42a1e8796525,TUMBAL PROYEK,21cineplex,,16TPRK,Horror,106 menit,D17+,2D,2026-05-21,512b4816-7a04-4fb9-91e5-6aa4accbcc55,2026-05-21T00:30:25.492056
81f7f496-d1f5-477d-b066-42a1e8796525,SEKAWAN LIMO 2: GUNUNG KLAWIH,21cineplex,,16SK2G,"Comedy, Horror",122 menit,13+,2D,2026-05-27,b368e339-790e-4628-8700-b6ed9bc7b92c,2026-05-21T00:30:25.492115
bf689cc3-5ee9-415a-a556-724f226eab99,TUMBAL PROYEK,21cineplex,,16TPRK,Horror,106 menit,D17+,2D,2026-05-21,9852ca14-9944-4485-88ba-4292f0f12d4f,2026-05-21T00:30:26.786695
bf689cc3-5ee9-415a-a556-724f226eab99,GHOST IN THE CELL,21cineplex,,16GITC,"Comedy, Horror",106 menit,D17+,2D,2026-05-21,1dece2ef-e6cc-4273-bf0e-8c50751ef22e,2026-05-21T00:30:26.786796
bf689cc3-5ee9-415a-a556-724f226eab99,KELUARGA SUAMI ADALAH HAMA,21cineplex,,16KSAH,Drama,117 menit,13+,2D,2026-05-21,848ef8ae-5ef2-4f45-a88d-6e4e31378482,2026-05-21T00:30:26.786855
bf689cc3-5ee9-415a-a556-724f226eab99,STAR WARS: THE MANDALORIAN AND GROGU,21cineplex,,26SWMG,"Fantasy, Sci-Fi",132 menit,13+,2D,2026-05-21,dc6af806-26de-4d4d-823e-2b64bbce6ca6,2026-05-21T00:30:26.786950
bf689cc3-5ee9-415a-a556-724f226eab99,SEMUA AKAN BAIK-BAIK SAJA,21cineplex,,16SABB,Drama,113 menit,13+,2D,2026-05-21,4528e012-ea4c-4170-baca-175f21ab44a5,2026-05-21T00:30:26.787023
bf689cc3-5ee9-415a-a556-724f226eab99,GOHAN,21cineplex,,26GOHN,Drama,140 menit,SU,2D,2026-05-21,1d0dba5b-581b-42f2-8fb5-3b99220ce416,2026-05-21T00:30:26.787126
bf689cc3-5ee9-415a-a556-724f226eab99,THE DEVIL WEARS PRADA 2,21cineplex,,26DWP2,"Comedy, Drama",119 menit,13+,2D,2026-05-21,fc326ed2-5f30-4fc1-a2ae-5b33d391e237,2026-05-21T00:30:26.787191
bf689cc3-5ee9-415a-a556-724f226eab99,THE SHEEP DETECTIVES,21cineplex,,26SDES,"Comedy, Mystery",109 menit,SU,2D,2026-05-21,91d215a2-eccc-4b38-a5c9-d093f41e22f6,2026-05-21T00:30:26.787224
bf689cc3-5ee9-415a-a556-724f226eab99,SUAMIKU LUKAKU,21cineplex,,16SLUU,Drama,92 menit,D17+,2D,2026-05-27,985ae2d9-95bf-4d34-bc9d-ef7c6a24ceda,2026-05-21T00:30:26.787270
bf689cc3-5ee9-415a-a556-724f226eab99,SEKAWAN LIMO 2: GUNUNG KLAWIH,21cineplex,,16SK2G,"Comedy, Horror",122 menit,13+,2D,2026-05-27,59ceaa30-05ac-440e-b332-25566c911fbf,2026-05-21T00:30:26.787349
9da2f365-ee2e-4b17-9fe0-3db30d293505,KELUARGA SUAMI ADALAH HAMA,21cineplex,,16KSAH,Drama,117 menit,13+,2D,2026-05-21,2aa9bdf4-2f80-49fd-a62c-c4a8ab7408bb,2026-05-21T00:30:28.479169
9da2f365-ee2e-4b17-9fe0-3db30d293505,TUMBAL PROYEK,21cineplex,,16TPRK,Horror,106 menit,D17+,2D,2026-05-21,8dab05bd-b037-44af-8f04-ac761d43bd75,2026-05-21T00:30:28.479368
9da2f365-ee2e-4b17-9fe0-3db30d293505,STAR WARS: THE MANDALORIAN AND GROGU,21cineplex,,26SWMG,"Fantasy, Sci-Fi",132 menit,13+,2D,2026-05-21,2ec3b6db-6205-4b5c-bdd9-da34794d4fd6,2026-05-21T00:30:28.479486
9da2f365-ee2e-4b17-9fe0-3db30d293505,GHOST IN THE CELL,21cineplex,,16GITC,"Comedy, Horror",106 menit,D17+,2D,2026-05-21,682b3301-c734-41fb-8624-acfcde096115,2026-05-21T00:30:28.479539
9da2f365-ee2e-4b17-9fe0-3db30d293505,SEMUA AKAN BAIK-BAIK SAJA,21cineplex,,16SABB,Drama,113 menit,13+,2D,2026-05-21,e914ddc8-5d86-4953-94ad-5ab736a3237a,2026-05-21T00:30:28.479656
9da2f365-ee2e-4b17-9fe0-3db30d293505,BADUT GENDONG,21cineplex,,16BGEG,"Action, Horror",101 menit,D17+,2D,2026-05-27,966d3114-5b7e-4ff2-b416-5ef673abf8af,2026-05-21T00:30:28.479774
5eca2af3-ce35-4c48-a429-e22c7efe86c7,SEMUA AKAN BAIK-BAIK SAJA,21cineplex,,16SABB,Drama,113 menit,13+,2D,2026-05-21,435ba39a-416e-4236-81c1-d2c1185f3697,2026-05-21T00:30:29.772818
5eca2af3-ce35-4c48-a429-e22c7efe86c7,TUMBAL PROYEK,21cineplex,,16TPRK,Horror,106 menit,D17+,2D,2026-05-21,fa26ebb8-15ac-402c-b540-942c64db6e96,2026-05-21T00:30:29.773123
5eca2af3-ce35-4c48-a429-e22c7efe86c7,STAR WARS: THE MANDALORIAN AND GROGU,21cineplex,,26SWMG,"Fantasy, Sci-Fi",132 menit,13+,2D,2026-05-21,9cd237d9-ad62-4fe6-811d-e93dd25e71ed,2026-05-21T00:30:29.773501
5eca2af3-ce35-4c48-a429-e22c7efe86c7,KELUARGA SUAMI ADALAH HAMA,21cineplex,,16KSAH,Drama,117 menit,13+,2D,2026-05-21,011797f2-3924-439d-bbf3-2511b36ce541,2026-05-21T00:30:29.773608
5eca2af3-ce35-4c48-a429-e22c7efe86c7,GHOST IN THE CELL,21cineplex,,16GITC,"Comedy, Horror",106 menit,D17+,2D,2026-05-21,7d31fd22-5860-4a79-a822-fa014e7cbbfa,2026-05-21T00:30:29.773792
5eca2af3-ce35-4c48-a429-e22c7efe86c7,SEKAWAN LIMO 2: GUNUNG KLAWIH,21cineplex,,16SK2G,"Comedy, Horror",122 menit,13+,2D,2026-05-27,0c77e48e-973b-4105-bb3e-b1f655399781,2026-05-21T00:30:29.773912
e7e65d22-f6ca-4823-9b32-6036851c0a52,GUDANG MERICA,21cineplex,,16GMEA,"Comedy, Horror",98 menit,D17+,2D,2026-05-21,8ea4034e-5a5f-4b36-8c42-42095eca487b,2026-05-21T00:30:31.490690
e7e65d22-f6ca-4823-9b32-6036851c0a52,GOHAN,21cineplex,,26GOHN,Drama,140 menit,SU,2D,2026-05-21,5104b34e-dcd2-4164-be29-37494620cc61,2026-05-21T00:30:31.490772
e7e65d22-f6ca-4823-9b32-6036851c0a52,THE SHEEP DETECTIVES,21cineplex,,26SDES,"Comedy, Mystery",109 menit,SU,2D,2026-05-21,aca1ed74-1056-4ae4-a87b-fb6c4bc7788b,2026-05-21T00:30:31.490801
e7e65d22-f6ca-4823-9b32-6036851c0a52,STAR WARS: THE MANDALORIAN AND GROGU,21cineplex,,26SWMG,"Fantasy, Sci-Fi",132 menit,13+,2D,2026-05-21,90e9989f-3483-44ef-b2c8-f250730316e3,2026-05-21T00:30:31.490827
e7e65d22-f6ca-4823-9b32-6036851c0a52,GHOST IN THE CELL,21cineplex,,16GITC,"Comedy, Horror",106 menit,D17+,2D,2026-05-21,8aabb8c3-78f5-4657-b484-df915ea0fbf6,2026-05-21T00:30:31.490873
e7e65d22-f6ca-4823-9b32-6036851c0a52,KELUARGA SUAMI ADALAH HAMA,21cineplex,,16KSAH,Drama,117 menit,13+,2D,2026-05-21,2fa749c8-6985-477e-aa32-3f6b0bbc93f7,2026-05-21T00:30:31.490928
e7e65d22-f6ca-4823-9b32-6036851c0a52,YANG LAIN BOLEH HILANG ASAL KAU JANGAN,21cineplex,,16YLBH,Drama,113 menit,13+,2D,2026-05-21,9639cc57-65e4-40a6-aa5a-90567ae68607,2026-05-21T00:30:31.490985
e7e65d22-f6ca-4823-9b32-6036851c0a52,SEMUA AKAN BAIK-BAIK SAJA,21cineplex,,16SABB,Drama,113 menit,13+,2D,2026-05-21,d0b660f6-0ade-4614-bbe4-14228c5b9e69,2026-05-21T00:30:31.491032
e7e65d22-f6ca-4823-9b32-6036851c0a52,TUMBAL PROYEK,21cineplex,,16TPRK,Horror,106 menit,D17+,2D,2026-05-21,4d514917-1caa-4103-b34e-4f3df928067f,2026-05-21T00:30:31.491092
e7e65d22-f6ca-4823-9b32-6036851c0a52,CHILDREN OF HEAVEN,21cineplex,,16COHN,"Drama, Family",97 menit,SU,2D,2026-05-27,6ee51668-9e34-462d-8770-bd0814a1007d,2026-05-21T00:30:31.491145
e7e65d22-f6ca-4823-9b32-6036851c0a52,SEKAWAN LIMO 2: GUNUNG KLAWIH,21cineplex,,16SK2G,"Comedy, Horror",122 menit,13+,2D,2026-05-27,e0ef8b3c-e6ca-4555-8c64-5d79499c1ed3,2026-05-21T00:30:31.491197
e7e65d22-f6ca-4823-9b32-6036851c0a52,SUAMIKU LUKAKU,21cineplex,,16SLUU,Drama,92 menit,D17+,2D,2026-05-27,78aa760e-d6b9-40de-b54b-11baef796795,2026-05-21T00:30:31.491248
df55d5ff-c267-4ffd-8da6-e72b4f059330,SEMUA AKAN BAIK-BAIK SAJA,21cineplex,,16SABB,Drama,113 menit,13+,2D,2026-05-21,79bf7b22-4aaa-403e-baba-b80a55740bcc,2026-05-21T00:30:32.764195
df55d5ff-c267-4ffd-8da6-e72b4f059330,YANG LAIN BOLEH HILANG ASAL KAU JANGAN,21cineplex,,16YLBH,Drama,113 menit,13+,2D,2026-05-21,64d452d4-4c52-4763-8641-a8f550ac73cd,2026-05-21T00:30:32.764406
df55d5ff-c267-4ffd-8da6-e72b4f059330,KELUARGA SUAMI ADALAH HAMA,21cineplex,,16KSAH,Drama,117 menit,13+,2D,2026-05-21,89662d58-2c4e-4fcd-96e8-281b9f013a0e,2026-05-21T00:30:32.764552
df55d5ff-c267-4ffd-8da6-e72b4f059330,STAR WARS: THE MANDALORIAN AND GROGU,21cineplex,,26SWMG,"Fantasy, Sci-Fi",132 menit,13+,2D,2026-05-21,91e8f4b6-4f6e-4ee1-a068-0b0183aee74b,2026-05-21T00:30:32.764692
df55d5ff-c267-4ffd-8da6-e72b4f059330,TUMBAL PROYEK,21cineplex,,16TPRK,Horror,106 menit,D17+,2D,2026-05-21,8c823d54-c49f-4f90-8696-c19d40f21652,2026-05-21T00:30:32.764802
df55d5ff-c267-4ffd-8da6-e72b4f059330,GHOST IN THE CELL,21cineplex,,16GITC,"Comedy, Horror",106 menit,D17+,2D,2026-05-21,c4013ac1-0043-40f3-8a86-3de3f487cc23,2026-05-21T00:30:32.764924
df55d5ff-c267-4ffd-8da6-e72b4f059330,GUDANG MERICA,21cineplex,,16GMEA,"Comedy, Horror",98 menit,D17+,2D,2026-05-21,f84349eb-be23-41fc-933a-fc2dc6aee779,2026-05-21T00:30:32.765059
df55d5ff-c267-4ffd-8da6-e72b4f059330,BADUT GENDONG,21cineplex,,16BGEG,"Action, Horror",101 menit,D17+,2D,2026-05-27,b3e91a28-b696-4919-9475-72efd2dc86e0,2026-05-21T00:30:32.765198
df55d5ff-c267-4ffd-8da6-e72b4f059330,CHILDREN OF HEAVEN,21cineplex,,16COHN,"Drama, Family",97 menit,SU,2D,2026-05-27,81a4863b-3b01-41d2-9a75-3b4040b5ad27,2026-05-21T00:30:32.765333
df55d5ff-c267-4ffd-8da6-e72b4f059330,SUAMIKU LUKAKU,21cineplex,,16SLUU,Drama,92 menit,D17+,2D,2026-05-27,7dd85d6c-ed3c-4438-a05e-c24c14cdffb4,2026-05-21T00:30:32.765473
df55d5ff-c267-4ffd-8da6-e72b4f059330,SEKAWAN LIMO 2: GUNUNG KLAWIH,21cineplex,,16SK2G,"Comedy, Horror",122 menit,13+,2D,2026-05-27,7aa31bdd-d082-4e6f-ad44-579483bf7335,2026-05-21T00:30:32.765644
5c0bd49a-a1fa-4eec-86f8-01cf704f9782,KELUARGA SUAMI ADALAH HAMA,21cineplex,,16KSAH,Drama,117 menit,13+,2D,2026-05-21,4f186f6b-699f-4d93-8ece-fd173e8d3f46,2026-05-21T00:30:35.787440
5c0bd49a-a1fa-4eec-86f8-01cf704f9782,SEMUA AKAN BAIK-BAIK SAJA,21cineplex,,16SABB,Drama,113 menit,13+,2D,2026-05-21,1fb2869b-e251-4589-a72e-86caaa3f915a,2026-05-21T00:30:35.787848
5c0bd49a-a1fa-4eec-86f8-01cf704f9782,GUDANG MERICA,21cineplex,,16GMEA,"Comedy, Horror",98 menit,D17+,2D,2026-05-21,96d4995a-ebe0-41e6-8970-7e1e60b7ab5f,2026-05-21T00:30:35.788174
5c0bd49a-a1fa-4eec-86f8-01cf704f9782,TUMBAL PROYEK,21cineplex,,16TPRK,Horror,106 menit,D17+,2D,2026-05-21,70b19a02-c114-44ab-966e-dc7e527839ef,2026-05-21T00:30:35.788478
26c6d139-51d3-476a-9288-92a3228aa6e6,YANG LAIN BOLEH HILANG ASAL KAU JANGAN,21cineplex,,16YLBH,Drama,113 menit,13+,2D,2026-05-21,c76327d1-e813-496b-8812-dc1918f25ec1,2026-05-21T00:30:37.270890
26c6d139-51d3-476a-9288-92a3228aa6e6,GUDANG MERICA,21cineplex,,16GMEA,"Comedy, Horror",98 menit,D17+,2D,2026-05-21,f8b3550b-77b2-4d6e-a168-24cefefcf0c6,2026-05-21T00:30:37.271007
26c6d139-51d3-476a-9288-92a3228aa6e6,GHOST IN THE CELL,21cineplex,,16GITC,"Comedy, Horror",106 menit,D17+,2D,2026-05-21,65f2d18f-8c49-4c8a-bef6-ef251f28d4f2,2026-05-21T00:30:37.271103
26c6d139-51d3-476a-9288-92a3228aa6e6,STAR WARS: THE MANDALORIAN AND GROGU,21cineplex,,26SWMG,"Fantasy, Sci-Fi",132 menit,13+,2D,2026-05-21,9f7265d6-25a9-45cf-8642-104f6a6fe3ef,2026-05-21T00:30:37.271148
26c6d139-51d3-476a-9288-92a3228aa6e6,SEMUA AKAN BAIK-BAIK SAJA,21cineplex,,16SABB,Drama,113 menit,13+,2D,2026-05-21,a8a47697-ee1b-4483-8cea-b7c790112ab0,2026-05-21T00:30:37.271187
26c6d139-51d3-476a-9288-92a3228aa6e6,TUMBAL PROYEK,21cineplex,,16TPRK,Horror,106 menit,D17+,2D,2026-05-21,eb9a7f1d-10ca-415c-b2be-06d371c663ba,2026-05-21T00:30:37.271295
26c6d139-51d3-476a-9288-92a3228aa6e6,CHILDREN OF HEAVEN,21cineplex,,16COHN,"Drama, Family",97 menit,SU,2D,2026-05-27,3e9efb4e-1ff4-4df9-a824-2cce22b37e9d,2026-05-21T00:30:37.271380
35a1c8e6-9310-4f36-bc70-92e0070e86db,SEMUA AKAN BAIK-BAIK SAJA,21cineplex,,16SABB,Drama,113 menit,13+,2D,2026-05-21,7c742495-3ab9-4b8a-ac30-0bec9dc0da07,2026-05-21T00:30:38.765203
35a1c8e6-9310-4f36-bc70-92e0070e86db,KELUARGA SUAMI ADALAH HAMA,21cineplex,,16KSAH,Drama,117 menit,13+,2D,2026-05-21,1d3345fb-e9f1-4334-a20b-cf817508ce46,2026-05-21T00:30:38.765387
35a1c8e6-9310-4f36-bc70-92e0070e86db,THE SHEEP DETECTIVES,21cineplex,,26SDES,"Comedy, Mystery",109 menit,SU,2D,2026-05-21,53f6c64b-a3b3-46f6-9747-0c4f072bc0eb,2026-05-21T00:30:38.765506
35a1c8e6-9310-4f36-bc70-92e0070e86db,MICHAEL,21cineplex,,26MICL,Biography,127 menit,SU,2D,2026-05-21,13d2a135-a69f-4a7c-bdf4-8cc4758a6589,2026-05-21T00:30:38.765572
35a1c8e6-9310-4f36-bc70-92e0070e86db,STAR WARS: THE MANDALORIAN AND GROGU,21cineplex,,26SWMG,"Fantasy, Sci-Fi",132 menit,13+,2D,2026-05-21,27ce1f77-3571-493d-ba7a-4e9f84a6443a,2026-05-21T00:30:38.765634
35a1c8e6-9310-4f36-bc70-92e0070e86db,THE DEVIL WEARS PRADA 2,21cineplex,,26DWP2,"Comedy, Drama",119 menit,13+,2D,2026-05-21,80283982-7f73-4cc2-be2f-1538e291a192,2026-05-21T00:30:38.765712
35a1c8e6-9310-4f36-bc70-92e0070e86db,TUMBAL PROYEK,21cineplex,,16TPRK,Horror,106 menit,D17+,2D,2026-05-21,3d41fdcb-5443-4759-97e3-121ddef1bf90,2026-05-21T00:30:38.765767
35a1c8e6-9310-4f36-bc70-92e0070e86db,KAMU HARUS MATI,21cineplex,,16KHMI,"Horror, Mystery, Thriller",90 menit,13+,2D,2026-05-21,f7854913-cd37-4f19-bc66-5c63e3af98e8,2026-05-21T00:30:38.765833
35a1c8e6-9310-4f36-bc70-92e0070e86db,BADUT GENDONG,21cineplex,,16BGEG,"Action, Horror",101 menit,D17+,2D,2026-05-27,576be1ac-3845-428a-ae85-443599fc9779,2026-05-21T00:30:38.765935
35a1c8e6-9310-4f36-bc70-92e0070e86db,SEKAWAN LIMO 2: GUNUNG KLAWIH,21cineplex,,16SK2G,"Comedy, Horror",122 menit,13+,2D,2026-05-27,e408057f-bcbe-4041-860c-b7877e375540,2026-05-21T00:30:38.766023
a2d70682-f6fb-4979-9eaa-af4022549359,SEMUA AKAN BAIK-BAIK SAJA,21cineplex,,16SABB,Drama,113 menit,13+,2D,2026-05-21,8bb359cd-a346-4e8a-868d-fb42b159bee6,2026-05-21T00:30:47.947079
a2d70682-f6fb-4979-9eaa-af4022549359,YANG LAIN BOLEH HILANG ASAL KAU JANGAN,21cineplex,,16YLBH,Drama,113 menit,13+,2D,2026-05-21,e8e801e6-648c-4cd5-9be0-a767f72e97e1,2026-05-21T00:30:47.947279
a2d70682-f6fb-4979-9eaa-af4022549359,KAMU HARUS MATI,21cineplex,,16KHMI,"Horror, Mystery, Thriller",90 menit,13+,2D,2026-05-21,bcd7a6a1-1392-43df-9d4c-d6989646490e,2026-05-21T00:30:47.947397
a2d70682-f6fb-4979-9eaa-af4022549359,TUMBAL PROYEK,21cineplex,,16TPRK,Horror,106 menit,D17+,2D,2026-05-21,f5925eda-fdfe-4df1-90a2-01a3dcf27733,2026-05-21T00:30:47.947574
a2d70682-f6fb-4979-9eaa-af4022549359,BADUT GENDONG,21cineplex,,16BGEG,"Action, Horror",101 menit,D17+,2D,2026-05-27,0cc485d6-d944-4e68-89fb-773e7b6a7776,2026-05-21T00:30:47.947732
ce49a746-644e-4aea-90df-8b7e02911039,TUMBAL PROYEK,21cineplex,,16TPRK,Horror,106 menit,D17+,2D,2026-05-21,9cd93b85-6564-463c-8501-67fc8936201b,2026-05-21T00:30:47.948120
ce49a746-644e-4aea-90df-8b7e02911039,KAMU HARUS MATI,21cineplex,,16KHMI,"Horror, Mystery, Thriller",90 menit,13+,2D,2026-05-21,3b447b81-057a-46c1-9199-3d78158a0b12,2026-05-21T00:30:47.948277
ce49a746-644e-4aea-90df-8b7e02911039,GUDANG MERICA,21cineplex,,16GMEA,"Comedy, Horror",98 menit,D17+,2D,2026-05-21,9c65e5e6-97ba-4332-9d0c-2d89b7b9dbb1,2026-05-21T00:30:47.948470
ce49a746-644e-4aea-90df-8b7e02911039,STAR WARS: THE MANDALORIAN AND GROGU,21cineplex,,26SWMG,"Fantasy, Sci-Fi",132 menit,13+,2D,2026-05-21,261ae2b9-1b7e-49ee-ae4b-b25d417a75f9,2026-05-21T00:30:47.948639
ce49a746-644e-4aea-90df-8b7e02911039,SEMUA AKAN BAIK-BAIK SAJA,21cineplex,,16SABB,Drama,113 menit,13+,2D,2026-05-21,037e05e6-b706-4c42-81ad-51581d41618b,2026-05-21T00:30:47.948738
ce49a746-644e-4aea-90df-8b7e02911039,BADUT GENDONG,21cineplex,,16BGEG,"Action, Horror",101 menit,D17+,2D,2026-05-27,66cccf2c-bc6b-438d-85bf-959229f9a7c7,2026-05-21T00:30:47.948925
ad33a6df-5166-4fdd-adb2-0dbfec53bbf6,GUDANG MERICA,21cineplex,,16GMEA,"Comedy, Horror",98 menit,D17+,2D,2026-05-21,f51ba0e5-60bf-466e-b75e-7c5419503352,2026-05-21T00:30:47.949354
ad33a6df-5166-4fdd-adb2-0dbfec53bbf6,YANG LAIN BOLEH HILANG ASAL KAU JANGAN,21cineplex,,16YLBH,Drama,113 menit,13+,2D,2026-05-21,eddf2726-7517-42af-b2d2-71318ca02be1,2026-05-21T00:30:47.949529
ad33a6df-5166-4fdd-adb2-0dbfec53bbf6,STAR WARS: THE MANDALORIAN AND GROGU,21cineplex,,26SWMG,"Fantasy, Sci-Fi",132 menit,13+,2D,2026-05-21,467c4967-6361-47cc-bc82-3c1935579b55,2026-05-21T00:30:47.949707
ad33a6df-5166-4fdd-adb2-0dbfec53bbf6,KAMU HARUS MATI,21cineplex,,16KHMI,"Horror, Mystery, Thriller",90 menit,13+,2D,2026-05-21,a83408b0-231f-40b2-8539-3797c8774b86,2026-05-21T00:30:47.949836
ad33a6df-5166-4fdd-adb2-0dbfec53bbf6,TUMBAL PROYEK,21cineplex,,16TPRK,Horror,106 menit,D17+,2D,2026-05-21,bf0bfd68-a734-4a30-8a47-ba5eab9fad84,2026-05-21T00:30:47.950003
ad33a6df-5166-4fdd-adb2-0dbfec53bbf6,SEMUA AKAN BAIK-BAIK SAJA,21cineplex,,16SABB,Drama,113 menit,13+,2D,2026-05-21,67cd53ad-d68f-49f0-85f9-8980111384f6,2026-05-21T00:30:47.950276
ad33a6df-5166-4fdd-adb2-0dbfec53bbf6,SEKAWAN LIMO 2: GUNUNG KLAWIH,21cineplex,,16SK2G,"Comedy, Horror",122 menit,13+,2D,2026-05-27,605456c9-0dd0-469d-8299-529d594d827b,2026-05-21T00:30:47.950487
ad33a6df-5166-4fdd-adb2-0dbfec53bbf6,SUAMIKU LUKAKU,21cineplex,,16SLUU,Drama,92 menit,D17+,2D,2026-05-27,a52d18fc-683f-4af5-bd07-f5e19c436e35,2026-05-21T00:30:47.950648
ad33a6df-5166-4fdd-adb2-0dbfec53bbf6,CHILDREN OF HEAVEN,21cineplex,,16COHN,"Drama, Family",97 menit,SU,2D,2026-05-27,aa86373d-3100-4dee-b440-77ec12fc15de,2026-05-21T00:30:47.950818
1d2cab12-7e49-4a1f-a9e8-7c5dc02b73b6,SEMUA AKAN BAIK-BAIK SAJA,21cineplex,,16SABB,Drama,113 menit,13+,2D,2026-05-21,d7b2390c-675d-469b-aeb8-f321042f6dfc,2026-05-21T00:30:47.951181
1d2cab12-7e49-4a1f-a9e8-7c5dc02b73b6,KELUARGA SUAMI ADALAH HAMA,21cineplex,,16KSAH,Drama,117 menit,13+,2D,2026-05-21,0df619e6-171f-48bf-9fc0-ff8670ab6e8e,2026-05-21T00:30:47.951365
1d2cab12-7e49-4a1f-a9e8-7c5dc02b73b6,STAR WARS: THE MANDALORIAN AND GROGU,21cineplex,,26SWMG,"Fantasy, Sci-Fi",132 menit,13+,2D,2026-05-21,d1cf9efb-11a2-4cc0-9e1c-0ef6ec6d7490,2026-05-21T00:30:47.951539
1d2cab12-7e49-4a1f-a9e8-7c5dc02b73b6,MORTAL KOMBAT II,21cineplex,,25MKT2,"Action, Adventure",116 menit,D17+,2D,2026-05-21,c8a86f22-177b-4b2c-b3bb-0f8f3a112604,2026-05-21T00:30:47.951642
1d2cab12-7e49-4a1f-a9e8-7c5dc02b73b6,TUMBAL PROYEK,21cineplex,,16TPRK,Horror,106 menit,D17+,2D,2026-05-21,7c111540-aeab-4d38-89de-b45565875684,2026-05-21T00:30:47.951716
1d2cab12-7e49-4a1f-a9e8-7c5dc02b73b6,SEKAWAN LIMO 2: GUNUNG KLAWIH,21cineplex,,16SK2G,"Comedy, Horror",122 menit,13+,2D,2026-05-27,47d3823b-94c1-42ba-b639-26407977cebb,2026-05-21T00:30:47.951864
6dd2b50a-780f-42ca-ab51-a84199906ec3,IN THE GREY,21cineplex,,26ITGY,"Action, Thriller",97 menit,13+,2D,2026-05-21,3519eddd-308c-48a3-a18d-81b6984eca91,2026-05-21T00:30:47.952204
6dd2b50a-780f-42ca-ab51-a84199906ec3,KELUARGA SUAMI ADALAH HAMA,21cineplex,,16KSAH,Drama,117 menit,13+,2D,2026-05-21,a92bd2d3-e972-4d26-8863-4fb173c3fceb,2026-05-21T00:30:47.952296
6dd2b50a-780f-42ca-ab51-a84199906ec3,SEMUA AKAN BAIK-BAIK SAJA,21cineplex,,16SABB,Drama,113 menit,13+,2D,2026-05-21,e191f2ba-e221-4834-88ca-1ad2d00ebd14,2026-05-21T00:30:47.952679
6dd2b50a-780f-42ca-ab51-a84199906ec3,STAR WARS: THE MANDALORIAN AND GROGU,21cineplex,,26SWMG,"Fantasy, Sci-Fi",132 menit,13+,2D,2026-05-21,bfff9eec-5d3a-4fa8-92e6-bc2c02ebba64,2026-05-21T00:30:47.952812
6dd2b50a-780f-42ca-ab51-a84199906ec3,TUMBAL PROYEK,21cineplex,,16TPRK,Horror,106 menit,D17+,2D,2026-05-21,180685df-8d57-469b-9e32-ed8776dc4b38,2026-05-21T00:30:47.952944
6dd2b50a-780f-42ca-ab51-a84199906ec3,GOHAN,21cineplex,,26GOHN,Drama,140 menit,SU,2D,2026-05-21,75716081-85bf-4747-ad6e-db74732a25c1,2026-05-21T00:30:47.953055
6dd2b50a-780f-42ca-ab51-a84199906ec3,THE SHEEP DETECTIVES,21cineplex,,26SDES,"Comedy, Mystery",109 menit,SU,2D,2026-05-21,011d7203-c6c5-4df2-9f83-2ef5458d41b7,2026-05-21T00:30:47.953154
6dd2b50a-780f-42ca-ab51-a84199906ec3,MICHAEL,21cineplex,,26MICL,Biography,127 menit,SU,2D,2026-05-21,9c49686f-2a3b-46f1-8f08-4ecd8f044854,2026-05-21T00:30:47.953268
6dd2b50a-780f-42ca-ab51-a84199906ec3,BADUT GENDONG,21cineplex,,16BGEG,"Action, Horror",101 menit,D17+,2D,2026-05-27,30cd5251-0df1-4b5d-b371-27bec954061b,2026-05-21T00:30:47.953369
5ed86d18-899e-46ab-b0ab-151aa80477dd,STAR WARS: THE MANDALORIAN AND GROGU,21cineplex,,26SWMG,"Fantasy, Sci-Fi",132 menit,13+,2D,2026-05-21,ecb37ecd-878b-4acb-999b-7b969bdc4d92,2026-05-21T00:30:51.278142
5ed86d18-899e-46ab-b0ab-151aa80477dd,SEMUA AKAN BAIK-BAIK SAJA,21cineplex,,16SABB,Drama,113 menit,13+,2D,2026-05-21,8f5d265d-4d0f-4d20-8c12-ed38fb82f016,2026-05-21T00:30:51.278400
5ed86d18-899e-46ab-b0ab-151aa80477dd,TUMBAL PROYEK,21cineplex,,16TPRK,Horror,106 menit,D17+,2D,2026-05-21,503197af-982e-4eef-ae6d-dc7136b2b70e,2026-05-21T00:30:51.278715
5ed86d18-899e-46ab-b0ab-151aa80477dd,GUDANG MERICA,21cineplex,,16GMEA,"Comedy, Horror",98 menit,D17+,2D,2026-05-21,0b207168-9d95-4dad-a5cb-e8e08a138a18,2026-05-21T00:30:51.279143
5ed86d18-899e-46ab-b0ab-151aa80477dd,BADUT GENDONG,21cineplex,,16BGEG,"Action, Horror",101 menit,D17+,2D,2026-05-27,bdcfa87c-3b0c-4acb-ba9c-8d05e3cf9e5e,2026-05-21T00:30:51.279458
01ddc48a-aaaa-459a-a52d-6c4d62c952b5,MORTAL KOMBAT II,21cineplex,,25MKT2,"Action, Adventure",116 menit,D17+,2D,2026-05-21,3f865ccc-6c36-4f23-8117-5a09fefd3f81,2026-05-21T00:30:52.582238
01ddc48a-aaaa-459a-a52d-6c4d62c952b5,KELUARGA SUAMI ADALAH HAMA,21cineplex,,16KSAH,Drama,117 menit,13+,2D,2026-05-21,fb49634c-1e1f-4ec3-974a-807686e928e1,2026-05-21T00:30:52.582490
01ddc48a-aaaa-459a-a52d-6c4d62c952b5,TUMBAL PROYEK,21cineplex,,16TPRK,Horror,106 menit,D17+,2D,2026-05-21,811e536f-0ef2-49a0-8e16-298212a68eb5,2026-05-21T00:30:52.582748
01ddc48a-aaaa-459a-a52d-6c4d62c952b5,SEMUA AKAN BAIK-BAIK SAJA,21cineplex,,16SABB,Drama,113 menit,13+,2D,2026-05-21,8a9e7dde-38fe-4e39-967f-01f8ff7e020f,2026-05-21T00:30:52.582967
01ddc48a-aaaa-459a-a52d-6c4d62c952b5,STAR WARS: THE MANDALORIAN AND GROGU,21cineplex,,26SWMG,"Fantasy, Sci-Fi",132 menit,13+,2D,2026-05-21,786e6b05-b05c-4055-a767-db09f740205b,2026-05-21T00:30:52.583206
79f783d3-60df-4577-8117-d2c12d6e69a9,GUDANG MERICA,21cineplex,,16GMEA,"Comedy, Horror",98 menit,D17+,2D,2026-05-21,e0758955-4acb-4da8-b248-dc7de0613e7b,2026-05-21T00:30:54.291952
79f783d3-60df-4577-8117-d2c12d6e69a9,THE DEVIL WEARS PRADA 2,21cineplex,,26DWP2,"Comedy, Drama",119 menit,13+,2D,2026-05-21,b1aa67c5-39e0-4602-88b5-524ccef32cec,2026-05-21T00:30:54.292194
79f783d3-60df-4577-8117-d2c12d6e69a9,TUMBAL PROYEK,21cineplex,,16TPRK,Horror,106 menit,D17+,2D,2026-05-21,a729af84-500e-42d0-b815-d94d701b7b12,2026-05-21T00:30:54.292305
79f783d3-60df-4577-8117-d2c12d6e69a9,MORTAL KOMBAT II,21cineplex,,25MKT2,"Action, Adventure",116 menit,D17+,2D,2026-05-21,ad6932e9-f14f-48fa-b4b9-ea90d2ba5833,2026-05-21T00:30:54.292405
79f783d3-60df-4577-8117-d2c12d6e69a9,STAR WARS: THE MANDALORIAN AND GROGU,21cineplex,,26SWMG,"Fantasy, Sci-Fi",132 menit,13+,2D,2026-05-21,94adb42b-deb6-48b8-a4e8-16e233a3753c,2026-05-21T00:30:54.292509
79f783d3-60df-4577-8117-d2c12d6e69a9,SEMUA AKAN BAIK-BAIK SAJA,21cineplex,,16SABB,Drama,113 menit,13+,2D,2026-05-21,33bef85f-4120-488a-b18a-d0a4ab9a2662,2026-05-21T00:30:54.292628
79f783d3-60df-4577-8117-d2c12d6e69a9,SALMOKJI: WHISPERING WATER,21cineplex,,26SWWR,Horror,95 menit,D17+,2D,2026-05-21,1c9853c0-e92e-47d4-a149-2b582dae6cc4,2026-05-21T00:30:54.292775
79f783d3-60df-4577-8117-d2c12d6e69a9,SUAMIKU LUKAKU,21cineplex,,16SLUU,Drama,92 menit,D17+,2D,2026-05-27,c18df8fd-d79b-4bf0-b124-29216ec1d75f,2026-05-21T00:30:54.292864
9366a77d-b79f-486f-b00c-d0cf10756a5e,GOHAN,21cineplex,,26GOHN,Drama,140 menit,SU,2D,2026-05-21,46c581f3-6b48-4100-a4e1-28f22121e5cf,2026-05-21T00:30:55.561081
9366a77d-b79f-486f-b00c-d0cf10756a5e,MICHAEL,21cineplex,,26MICL,Biography,127 menit,SU,2D,2026-05-21,f000940f-212b-4f4f-8bf2-13c902b64bc6,2026-05-21T00:30:55.561178
9366a77d-b79f-486f-b00c-d0cf10756a5e,STAR WARS: THE MANDALORIAN AND GROGU,21cineplex,,26SWMG,"Fantasy, Sci-Fi",132 menit,13+,2D,2026-05-21,b86414d2-6116-4649-a807-f5c585c10dc6,2026-05-21T00:30:55.561239
9366a77d-b79f-486f-b00c-d0cf10756a5e,THE SHEEP DETECTIVES,21cineplex,,26SDES,"Comedy, Mystery",109 menit,SU,2D,2026-05-21,78a137cc-d5f6-42af-8651-906a3679116d,2026-05-21T00:30:55.561295
9366a77d-b79f-486f-b00c-d0cf10756a5e,MORTAL KOMBAT II,21cineplex,,25MKT2,"Action, Adventure",116 menit,D17+,2D,2026-05-21,1333f06a-c95f-4005-9c92-a9dd4ce7bb7c,2026-05-21T00:30:55.561341
5dcbc154-31bc-4aec-8c68-d3261f01741b,SEMUA AKAN BAIK-BAIK SAJA,21cineplex,,16SABB,Drama,113 menit,13+,2D,2026-05-21,d8d35ac7-22db-4ac0-b3d3-c695400de1bf,2026-05-21T00:30:58.578614
5dcbc154-31bc-4aec-8c68-d3261f01741b,STAR WARS: THE MANDALORIAN AND GROGU,21cineplex,,26SWMG,"Fantasy, Sci-Fi",132 menit,13+,2D,2026-05-21,917d0b81-4cbd-45e6-973b-ac0ec65884dd,2026-05-21T00:30:58.578938
5dcbc154-31bc-4aec-8c68-d3261f01741b,GHOST IN THE CELL,21cineplex,,16GITC,"Comedy, Horror",106 menit,D17+,2D,2026-05-21,bbd0816a-e924-4df7-8840-561b3d700247,2026-05-21T00:30:58.579080
5dcbc154-31bc-4aec-8c68-d3261f01741b,GUDANG MERICA,21cineplex,,16GMEA,"Comedy, Horror",98 menit,D17+,2D,2026-05-21,341e4f51-c939-461f-8923-9fa8e99167e5,2026-05-21T00:30:58.579234
08c8395b-5de8-4fbe-9bff-aaa3470b6427,SEMUA AKAN BAIK-BAIK SAJA,21cineplex,,16SABB,Drama,113 menit,13+,2D,2026-05-21,798d19c1-70a3-432a-83c3-887cfb53c592,2026-05-21T00:31:00.119729
08c8395b-5de8-4fbe-9bff-aaa3470b6427,GUDANG MERICA,21cineplex,,16GMEA,"Comedy, Horror",98 menit,D17+,2D,2026-05-21,64693dd2-5002-4b97-90d7-3702e92c3342,2026-05-21T00:31:00.119911
08c8395b-5de8-4fbe-9bff-aaa3470b6427,KELUARGA SUAMI ADALAH HAMA,21cineplex,,16KSAH,Drama,117 menit,13+,2D,2026-05-21,1346a2f3-0b46-43a4-8331-773e2fb3f25a,2026-05-21T00:31:00.120040
08c8395b-5de8-4fbe-9bff-aaa3470b6427,MORTAL KOMBAT II,21cineplex,,25MKT2,"Action, Adventure",116 menit,D17+,2D,2026-05-21,b6f2f690-6f79-479d-a4ca-6a2e714cf41f,2026-05-21T00:31:00.120159
08c8395b-5de8-4fbe-9bff-aaa3470b6427,STAR WARS: THE MANDALORIAN AND GROGU,21cineplex,,26SWMG,"Fantasy, Sci-Fi",132 menit,13+,2D,2026-05-21,b72722f6-2bec-4e26-83db-e9a615a92f72,2026-05-21T00:31:00.120253
08c8395b-5de8-4fbe-9bff-aaa3470b6427,YANG LAIN BOLEH HILANG ASAL KAU JANGAN,21cineplex,,16YLBH,Drama,113 menit,13+,2D,2026-05-21,3fa15972-4ed4-4bce-9613-5f8f879a9270,2026-05-21T00:31:00.120317
08c8395b-5de8-4fbe-9bff-aaa3470b6427,GHOST IN THE CELL,21cineplex,,16GITC,"Comedy, Horror",106 menit,D17+,2D,2026-05-21,8f170739-7f40-4b05-afa6-73031a433c5c,2026-05-21T00:31:00.120410
08c8395b-5de8-4fbe-9bff-aaa3470b6427,TUMBAL PROYEK,21cineplex,,16TPRK,Horror,106 menit,D17+,2D,2026-05-21,39d13e86-5f05-425c-b265-7ad88a571fa7,2026-05-21T00:31:00.120487
08c8395b-5de8-4fbe-9bff-aaa3470b6427,SEKAWAN LIMO 2: GUNUNG KLAWIH,21cineplex,,16SK2G,"Comedy, Horror",122 menit,13+,2D,2026-05-27,515f4e43-ffad-41d3-ba22-d7d25221c234,2026-05-21T00:31:00.120608
08c8395b-5de8-4fbe-9bff-aaa3470b6427,CHILDREN OF HEAVEN,21cineplex,,16COHN,"Drama, Family",97 menit,SU,2D,2026-05-27,0ccf97d2-1ecf-4eea-a659-d51c56bd50f0,2026-05-21T00:31:00.120719
08c8395b-5de8-4fbe-9bff-aaa3470b6427,BADUT GENDONG,21cineplex,,16BGEG,"Action, Horror",101 menit,D17+,2D,2026-05-27,27b23d7e-07be-458e-a3f1-8ce155ca53d4,2026-05-21T00:31:00.120840
caf16fb9-d4a4-419b-90b4-ac443c7a4bbf,TUMBAL PROYEK,21cineplex,,16TPRK,Horror,106 menit,D17+,2D,2026-05-21,e3636a13-711f-4b04-9b0e-13904ae7b790,2026-05-21T00:31:01.572770
caf16fb9-d4a4-419b-90b4-ac443c7a4bbf,SEMUA AKAN BAIK-BAIK SAJA,21cineplex,,16SABB,Drama,113 menit,13+,2D,2026-05-21,12634de0-903d-4804-9517-414884c4f2f6,2026-05-21T00:31:01.573067
caf16fb9-d4a4-419b-90b4-ac443c7a4bbf,SALMOKJI: WHISPERING WATER,21cineplex,,26SWWR,Horror,95 menit,D17+,2D,2026-05-21,159805a3-6742-4630-a706-ba06cb5a5b31,2026-05-21T00:31:01.573281
caf16fb9-d4a4-419b-90b4-ac443c7a4bbf,STAR WARS: THE MANDALORIAN AND GROGU,21cineplex,,26SWMG,"Fantasy, Sci-Fi",132 menit,13+,2D,2026-05-21,14584133-b757-4387-896d-9062880e2837,2026-05-21T00:31:01.573425
caf16fb9-d4a4-419b-90b4-ac443c7a4bbf,GUDANG MERICA,21cineplex,,16GMEA,"Comedy, Horror",98 menit,D17+,2D,2026-05-21,7867ac7d-56d3-44c9-a459-eb9780fa5a07,2026-05-21T00:31:01.573523
caf16fb9-d4a4-419b-90b4-ac443c7a4bbf,SEKAWAN LIMO 2: GUNUNG KLAWIH,21cineplex,,16SK2G,"Comedy, Horror",122 menit,13+,2D,2026-05-27,359ec9d4-96f2-4536-87fe-6e3cae7395c7,2026-05-21T00:31:01.573722
caf16fb9-d4a4-419b-90b4-ac443c7a4bbf,CHILDREN OF HEAVEN,21cineplex,,16COHN,"Drama, Family",97 menit,SU,2D,2026-05-27,0e82bc75-d24a-441f-a884-c6dc0f26ce3d,2026-05-21T00:31:01.573910
b22cbb92-62bd-40d7-81c3-5a3fbfd684ba,STAR WARS: THE MANDALORIAN AND GROGU,21cineplex,,26SWMG,"Fantasy, Sci-Fi",132 menit,13+,2D,2026-05-21,a55f6a08-7dad-49c4-9898-0a6ca2e33d38,2026-05-21T00:31:03.290786
b22cbb92-62bd-40d7-81c3-5a3fbfd684ba,TUMBAL PROYEK,21cineplex,,16TPRK,Horror,106 menit,D17+,2D,2026-05-21,9c8fdffc-4e48-439c-a631-1583a94c8396,2026-05-21T00:31:03.290894
b22cbb92-62bd-40d7-81c3-5a3fbfd684ba,GUDANG MERICA,21cineplex,,16GMEA,"Comedy, Horror",98 menit,D17+,2D,2026-05-21,349cc242-81ad-41ad-bec9-9d61c61dba54,2026-05-21T00:31:03.290972
b22cbb92-62bd-40d7-81c3-5a3fbfd684ba,SEMUA AKAN BAIK-BAIK SAJA,21cineplex,,16SABB,Drama,113 menit,13+,2D,2026-05-21,a04bc4ed-cf21-444c-a314-24867e8e49a1,2026-05-21T00:31:03.291057
b22cbb92-62bd-40d7-81c3-5a3fbfd684ba,MORTAL KOMBAT II,21cineplex,,25MKT2,"Action, Adventure",116 menit,D17+,2D,2026-05-21,25091755-0485-46be-9edf-a8f1ff41651d,2026-05-21T00:31:03.291155
b22cbb92-62bd-40d7-81c3-5a3fbfd684ba,YANG LAIN BOLEH HILANG ASAL KAU JANGAN,21cineplex,,16YLBH,Drama,113 menit,13+,2D,2026-05-21,8930a9ee-e0bc-41f2-985f-77d549e5c5e7,2026-05-21T00:31:03.291211
b22cbb92-62bd-40d7-81c3-5a3fbfd684ba,CHILDREN OF HEAVEN,21cineplex,,16COHN,"Drama, Family",97 menit,SU,2D,2026-05-27,4a460ccb-1086-4e0f-ae37-804a2d7207ba,2026-05-21T00:31:03.291278
b22cbb92-62bd-40d7-81c3-5a3fbfd684ba,BADUT GENDONG,21cineplex,,16BGEG,"Action, Horror",101 menit,D17+,2D,2026-05-27,4a221f29-f8b0-44d1-8617-e70b3f93d045,2026-05-21T00:31:03.291357
ee5291ef-3bc6-417d-99af-66a3353dfb4a,GOHAN,21cineplex,,26GOHN,Drama,140 menit,SU,2D,2026-05-21,1debaa74-4705-4287-842c-92a46bf69725,2026-05-21T00:31:04.627479
ee5291ef-3bc6-417d-99af-66a3353dfb4a,GHOST IN THE CELL,21cineplex,,16GITC,"Comedy, Horror",106 menit,D17+,2D,2026-05-21,28fd0aeb-8e89-4f45-8e36-86999def4923,2026-05-21T00:31:04.627662
ee5291ef-3bc6-417d-99af-66a3353dfb4a,GUDANG MERICA,21cineplex,,16GMEA,"Comedy, Horror",98 menit,D17+,2D,2026-05-21,0c58c6b5-8298-4708-bc09-9e4fc6215fdb,2026-05-21T00:31:04.627831
ee5291ef-3bc6-417d-99af-66a3353dfb4a,SALMOKJI: WHISPERING WATER,21cineplex,,26SWWR,Horror,95 menit,D17+,2D,2026-05-21,c7579619-1173-4d62-a102-ffc8ad824291,2026-05-21T00:31:04.628080
2c288834-9188-4500-806c-139c74c8f665,KELUARGA SUAMI ADALAH HAMA,21cineplex,,16KSAH,Drama,117 menit,13+,2D,2026-05-21,5cd8f895-1592-47b7-bd2b-9a15c7cf1b94,2026-05-21T00:31:09.103210
2c288834-9188-4500-806c-139c74c8f665,STAR WARS: THE MANDALORIAN AND GROGU,21cineplex,,26SWMG,"Fantasy, Sci-Fi",132 menit,13+,2D,2026-05-21,5ecef66c-de1c-4f32-8ad6-1db94cbfac61,2026-05-21T00:31:09.103700
2c288834-9188-4500-806c-139c74c8f665,TUMBAL PROYEK,21cineplex,,16TPRK,Horror,106 menit,D17+,2D,2026-05-21,d0808773-8139-4fb8-ac55-1222abe44be9,2026-05-21T00:31:09.103907
2c288834-9188-4500-806c-139c74c8f665,SEMUA AKAN BAIK-BAIK SAJA,21cineplex,,16SABB,Drama,113 menit,13+,2D,2026-05-21,ef285fdb-9194-48c6-93a6-a94a783fd167,2026-05-21T00:31:09.104034
2c288834-9188-4500-806c-139c74c8f665,MORTAL KOMBAT II,21cineplex,,25MKT2,"Action, Adventure",116 menit,D17+,2D,2026-05-21,741839c2-2af8-4cbf-9442-6d5d64664cf2,2026-05-21T00:31:09.104295
2c288834-9188-4500-806c-139c74c8f665,MICHAEL,21cineplex,,26MICL,Biography,127 menit,SU,2D,2026-05-21,4c618d11-acc1-4ec2-99bc-eb44c0c3a3fb,2026-05-21T00:31:09.104431
2c288834-9188-4500-806c-139c74c8f665,GOHAN,21cineplex,,26GOHN,Drama,140 menit,SU,2D,2026-05-21,69dac608-a9ff-4d7b-a78f-a6373f604540,2026-05-21T00:31:09.104568
2c288834-9188-4500-806c-139c74c8f665,SEKAWAN LIMO 2: GUNUNG KLAWIH,21cineplex,,16SK2G,"Comedy, Horror",122 menit,13+,2D,2026-05-27,1c521f74-e2c4-47da-af6f-14a7d0aad9cf,2026-05-21T00:31:09.104759
5eceab7e-bad7-489d-bd91-1298ebc1b4f4,SEMUA AKAN BAIK-BAIK SAJA,21cineplex,,16SABB,Drama,113 menit,13+,2D,2026-05-21,57408dbe-d52f-4379-8776-7aaadf8a9606,2026-05-21T00:31:12.318908
5eceab7e-bad7-489d-bd91-1298ebc1b4f4,GHOST IN THE CELL,21cineplex,,16GITC,"Comedy, Horror",106 menit,D17+,2D,2026-05-21,b4c42e52-a1b8-4cb8-9ff5-58a522e5931e,2026-05-21T00:31:12.318998
5eceab7e-bad7-489d-bd91-1298ebc1b4f4,GOHAN,21cineplex,,26GOHN,Drama,140 menit,SU,2D,2026-05-21,659fd5a1-a523-4d63-91e1-0268e028ced1,2026-05-21T00:31:12.319068
5eceab7e-bad7-489d-bd91-1298ebc1b4f4,TUMBAL PROYEK,21cineplex,,16TPRK,Horror,106 menit,D17+,2D,2026-05-21,19f5c383-dca2-4bd7-b8ca-7237d0c21c54,2026-05-21T00:31:12.319108
5eceab7e-bad7-489d-bd91-1298ebc1b4f4,STAR WARS: THE MANDALORIAN AND GROGU,21cineplex,,26SWMG,"Fantasy, Sci-Fi",132 menit,13+,2D,2026-05-21,fa5aef3a-301c-4337-95b1-e2b4a1702f9f,2026-05-21T00:31:12.319154
5eceab7e-bad7-489d-bd91-1298ebc1b4f4,KELUARGA SUAMI ADALAH HAMA,21cineplex,,16KSAH,Drama,117 menit,13+,2D,2026-05-21,db3bb929-835c-4ad4-89cc-a9abe22047c2,2026-05-21T00:31:12.319207
5eceab7e-bad7-489d-bd91-1298ebc1b4f4,MORTAL KOMBAT II,21cineplex,,25MKT2,"Action, Adventure",116 menit,D17+,2D,2026-05-21,f69a118c-00a6-49cf-9565-d4548c6de36f,2026-05-21T00:31:12.319284
5eceab7e-bad7-489d-bd91-1298ebc1b4f4,CHILDREN OF HEAVEN,21cineplex,,16COHN,"Drama, Family",97 menit,SU,2D,2026-05-27,23d42bae-c7df-4ae0-99ab-c6c6a1a1fd92,2026-05-21T00:31:12.319326
5eceab7e-bad7-489d-bd91-1298ebc1b4f4,SEKAWAN LIMO 2: GUNUNG KLAWIH,21cineplex,,16SK2G,"Comedy, Horror",122 menit,13+,2D,2026-05-27,6c349fca-744a-4828-b513-68b1f78deb5e,2026-05-21T00:31:12.319389
6bcbf963-d9d1-4504-8abb-a22f35e7225e,GHOST IN THE CELL,21cineplex,,16GITC,"Comedy, Horror",106 menit,D17+,2D,2026-05-21,3bdac2ae-6e43-4386-bd34-4c885ccf8078,2026-05-21T00:31:13.589550
6bcbf963-d9d1-4504-8abb-a22f35e7225e,"AYAH, INI ARAHNYA KEMANA, YA?",21cineplex,,16AIAK,Drama,103 menit,13+,2D,2026-05-21,d04e3cc7-84f0-4a74-9ebe-f0bbf26dbfb3,2026-05-21T00:31:13.589627
6bcbf963-d9d1-4504-8abb-a22f35e7225e,KAMU HARUS MATI,21cineplex,,16KHMI,"Horror, Mystery, Thriller",90 menit,13+,2D,2026-05-21,37b2dcb4-81ba-44fc-9265-81fb6f6bf18e,2026-05-21T00:31:13.589680
6bcbf963-d9d1-4504-8abb-a22f35e7225e,TUMBAL PROYEK,21cineplex,,16TPRK,Horror,106 menit,D17+,2D,2026-05-21,d67d06ab-319a-4b67-9f65-0d48585b3cff,2026-05-21T00:31:13.589767
6bcbf963-d9d1-4504-8abb-a22f35e7225e,SEMUA AKAN BAIK-BAIK SAJA,21cineplex,,16SABB,Drama,113 menit,13+,2D,2026-05-21,7e6ad409-2084-4b63-9c21-da54d3c4580f,2026-05-21T00:31:13.589982
6bcbf963-d9d1-4504-8abb-a22f35e7225e,YANG LAIN BOLEH HILANG ASAL KAU JANGAN,21cineplex,,16YLBH,Drama,113 menit,13+,2D,2026-05-21,b1b54030-528e-4134-ab62-0a3f2584ed0f,2026-05-21T00:31:13.590068
6bcbf963-d9d1-4504-8abb-a22f35e7225e,SUAMIKU LUKAKU,21cineplex,,16SLUU,Drama,92 menit,D17+,2D,2026-05-27,3345c4cb-254b-413b-b3ff-dcd44a0a4911,2026-05-21T00:31:13.590127
6bcbf963-d9d1-4504-8abb-a22f35e7225e,BADUT GENDONG,21cineplex,,16BGEG,"Action, Horror",101 menit,D17+,2D,2026-05-27,4676b358-f337-4ac8-a147-cabd2a425e65,2026-05-21T00:31:13.590206
6bcbf963-d9d1-4504-8abb-a22f35e7225e,CHILDREN OF HEAVEN,21cineplex,,16COHN,"Drama, Family",97 menit,SU,2D,2026-05-27,1f00c22d-66b9-48e7-981f-39bd9085c3ec,2026-05-21T00:31:13.590284
c7cfc024-1114-40bd-9d02-8d6a45a28973,LEE CRONIN'S THE MUMMY,21cineplex,,26LCTM,Horror,134 menit,D17+,2D,2026-05-21,201d8b76-69ac-408c-a864-8a3573377c72,2026-05-21T00:31:15.302886
c7cfc024-1114-40bd-9d02-8d6a45a28973,SALMOKJI: WHISPERING WATER,21cineplex,,26SWWR,Horror,95 menit,D17+,2D,2026-05-21,c6c2e0bd-5213-40dd-89b4-53a820b3e0cb,2026-05-21T00:31:15.303138
c7cfc024-1114-40bd-9d02-8d6a45a28973,GHOST IN THE CELL,21cineplex,,16GITC,"Comedy, Horror",106 menit,D17+,2D,2026-05-21,eeb1e898-9e87-40aa-bb22-1320a99933e8,2026-05-21T00:31:15.303335
c7cfc024-1114-40bd-9d02-8d6a45a28973,GOHAN,21cineplex,,26GOHN,Drama,140 menit,SU,2D,2026-05-21,48a33bde-eec6-457a-9447-575fdf130500,2026-05-21T00:31:15.303612
c7cfc024-1114-40bd-9d02-8d6a45a28973,THE DEVIL WEARS PRADA 2,21cineplex,,26DWP2,"Comedy, Drama",119 menit,13+,2D,2026-05-21,8739fd97-d591-4276-96de-5dc6bc5a4351,2026-05-21T00:31:15.303847
c7cfc024-1114-40bd-9d02-8d6a45a28973,THE SHEEP DETECTIVES,21cineplex,,26SDES,"Comedy, Mystery",109 menit,SU,2D,2026-05-21,4bef7fc5-4762-4d70-b302-9488023bac42,2026-05-21T00:31:15.304035
c7cfc024-1114-40bd-9d02-8d6a45a28973,STAR WARS: THE MANDALORIAN AND GROGU,21cineplex,,26SWMG,"Fantasy, Sci-Fi",132 menit,13+,3D,2026-05-21,cbf0e7ba-491c-4433-9a49-aa38c4c07bd1,2026-05-21T00:31:15.304189
c7cfc024-1114-40bd-9d02-8d6a45a28973,BADUT GENDONG,21cineplex,,16BGEG,"Action, Horror",101 menit,D17+,2D,2026-05-27,4760209d-7f7a-4a88-903b-225cfb41572b,2026-05-21T00:31:15.304496
797db03d-3a17-40cb-894b-dab6547b414e,TUMBAL PROYEK,21cineplex,,16TPRK,Horror,106 menit,D17+,2D,2026-05-21,c705ce08-17ba-459b-b34d-770b32da92ce,2026-05-21T00:31:19.643392
797db03d-3a17-40cb-894b-dab6547b414e,GOHAN,21cineplex,,26GOHN,Drama,140 menit,SU,2D,2026-05-21,44ea5ff3-5ad0-4f74-a899-406791d282ab,2026-05-21T00:31:19.643597
797db03d-3a17-40cb-894b-dab6547b414e,SEMUA AKAN BAIK-BAIK SAJA,21cineplex,,16SABB,Drama,113 menit,13+,2D,2026-05-21,5266cce2-3a49-4ff9-91e2-eaee8a4e5f00,2026-05-21T00:31:19.643761
797db03d-3a17-40cb-894b-dab6547b414e,IN THE GREY,21cineplex,,26ITGY,"Action, Thriller",97 menit,13+,2D,2026-05-21,9ec948eb-16dc-4473-a062-52403f0c321b,2026-05-21T00:31:19.643882
797db03d-3a17-40cb-894b-dab6547b414e,KAMU HARUS MATI,21cineplex,,16KHMI,"Horror, Mystery, Thriller",90 menit,13+,2D,2026-05-21,0ad5ddc5-9f41-4960-87d2-3fb31cde4313,2026-05-21T00:31:19.643952
797db03d-3a17-40cb-894b-dab6547b414e,YANG LAIN BOLEH HILANG ASAL KAU JANGAN,21cineplex,,16YLBH,Drama,113 menit,13+,2D,2026-05-21,3129e819-9ccf-4977-89b4-b2a61e192dec,2026-05-21T00:31:19.644041
797db03d-3a17-40cb-894b-dab6547b414e,KELUARGA SUAMI ADALAH HAMA,21cineplex,,16KSAH,Drama,117 menit,13+,2D,2026-05-21,60119cab-a81b-4697-8cc7-2f831ab3a1bb,2026-05-21T00:31:19.644123
797db03d-3a17-40cb-894b-dab6547b414e,FUZE,21cineplex,,26FUZE,"Action, Crime",96 menit,D17+,2D,2026-05-21,1cc3c326-ab71-4dc1-80eb-a92ae08701c8,2026-05-21T00:31:19.644211
797db03d-3a17-40cb-894b-dab6547b414e,GUDANG MERICA,21cineplex,,16GMEA,"Comedy, Horror",98 menit,D17+,2D,2026-05-21,a9ff4af8-f520-43a8-8184-af5ecf4c212f,2026-05-21T00:31:19.644261
797db03d-3a17-40cb-894b-dab6547b414e,GHOST IN THE CELL,21cineplex,,16GITC,"Comedy, Horror",106 menit,D17+,2D,2026-05-21,cdfd2908-26b3-4cfe-bf71-0e704091080e,2026-05-21T00:31:19.644346
797db03d-3a17-40cb-894b-dab6547b414e,STAR WARS: THE MANDALORIAN AND GROGU,21cineplex,,26SWMG,"Fantasy, Sci-Fi",132 menit,13+,3D,2026-05-21,453d6426-15f0-4600-96b8-ca10915be975,2026-05-21T00:31:19.644408
797db03d-3a17-40cb-894b-dab6547b414e,CHILDREN OF HEAVEN,21cineplex,,16COHN,"Drama, Family",97 menit,SU,2D,2026-05-27,88b61e51-dacb-4ce4-ac94-6a635c7e5b73,2026-05-21T00:31:19.644520
797db03d-3a17-40cb-894b-dab6547b414e,SUAMIKU LUKAKU,21cineplex,,16SLUU,Drama,92 menit,D17+,2D,2026-05-27,2c5fcf4b-28e0-4e5d-9521-8afd9dbccf62,2026-05-21T00:31:19.644598
797db03d-3a17-40cb-894b-dab6547b414e,BADUT GENDONG,21cineplex,,16BGEG,"Action, Horror",101 menit,D17+,2D,2026-05-27,383ee3e9-2871-47df-8bfd-e0885e227256,2026-05-21T00:31:19.644683
797db03d-3a17-40cb-894b-dab6547b414e,SEKAWAN LIMO 2: GUNUNG KLAWIH,21cineplex,,16SK2G,"Comedy, Horror",122 menit,13+,2D,2026-05-27,612d8f71-1445-4981-b403-fbfcd253b134,2026-05-21T00:31:19.644766
229ba3a6-8f32-410e-9e09-ebbd5f58f043,TUMBAL PROYEK,21cineplex,,16TPRK,Horror,106 menit,D17+,2D,2026-05-21,04637cd2-7d87-48e8-a9e7-b3d64b9a1dae,2026-05-21T00:31:21.329662
229ba3a6-8f32-410e-9e09-ebbd5f58f043,GUDANG MERICA,21cineplex,,16GMEA,"Comedy, Horror",98 menit,D17+,2D,2026-05-21,e2245f34-5e63-4b7b-a2f2-599794fefb0d,2026-05-21T00:31:21.329963
229ba3a6-8f32-410e-9e09-ebbd5f58f043,TIBA TIBA SETAN,21cineplex,,16TTSN,"Comedy, Horror",113 menit,13+,2D,2026-05-21,d5f32203-f5d5-4ad5-905e-106d70b34dc9,2026-05-21T00:31:21.330290
229ba3a6-8f32-410e-9e09-ebbd5f58f043,KELUARGA SUAMI ADALAH HAMA,21cineplex,,16KSAH,Drama,117 menit,13+,2D,2026-05-21,1f305acf-99ba-4b9f-b111-bdf2a63ff69b,2026-05-21T00:31:21.330578
229ba3a6-8f32-410e-9e09-ebbd5f58f043,YANG LAIN BOLEH HILANG ASAL KAU JANGAN,21cineplex,,16YLBH,Drama,113 menit,13+,2D,2026-05-21,85f3461b-ed55-413a-95c1-c661c1674fc1,2026-05-21T00:31:21.330833
229ba3a6-8f32-410e-9e09-ebbd5f58f043,SEMUA AKAN BAIK-BAIK SAJA,21cineplex,,16SABB,Drama,113 menit,13+,2D,2026-05-21,2131844e-cc03-47e2-9204-f6f405e5658b,2026-05-21T00:31:21.331083
229ba3a6-8f32-410e-9e09-ebbd5f58f043,STAR WARS: THE MANDALORIAN AND GROGU,21cineplex,,26SWMG,"Fantasy, Sci-Fi",132 menit,13+,2D,2026-05-21,e87793de-9df9-4db9-8bbd-aa928dc5f9ec,2026-05-21T00:31:21.331385
229ba3a6-8f32-410e-9e09-ebbd5f58f043,BADUT GENDONG,21cineplex,,16BGEG,"Action, Horror",101 menit,D17+,2D,2026-05-27,48f32c4e-ab27-4a1e-a2d8-aa7daf0e2fa4,2026-05-21T00:31:21.331618
229ba3a6-8f32-410e-9e09-ebbd5f58f043,SEKAWAN LIMO 2: GUNUNG KLAWIH,21cineplex,,16SK2G,"Comedy, Horror",122 menit,13+,2D,2026-05-27,ecaac164-7181-418a-868c-518cc0f4fe51,2026-05-21T00:31:21.331907
229ba3a6-8f32-410e-9e09-ebbd5f58f043,CHILDREN OF HEAVEN,21cineplex,,16COHN,"Drama, Family",97 menit,SU,2D,2026-05-27,f4249c89-11a7-4c2f-838e-edbee1619ca5,2026-05-21T00:31:21.332193
3b7c63b6-bcb3-4576-a53f-6ec2bd63b7cf,DILAN ITB 1997,21cineplex,,16DI97,"Drama, Romance",110 menit,13+,2D,2026-05-21,e6b54929-06a4-4cee-8fdd-d03363ba870d,2026-05-21T00:31:22.589458
3b7c63b6-bcb3-4576-a53f-6ec2bd63b7cf,SEMUA AKAN BAIK-BAIK SAJA,21cineplex,,16SABB,Drama,113 menit,13+,2D,2026-05-21,2f5c6f2b-7e7d-4a1c-b0f4-dce422c55aa4,2026-05-21T00:31:22.589517
3b7c63b6-bcb3-4576-a53f-6ec2bd63b7cf,STAR WARS: THE MANDALORIAN AND GROGU,21cineplex,,26SWMG,"Fantasy, Sci-Fi",132 menit,13+,2D,2026-05-21,84b6daaa-1e99-485d-a196-a30289691b54,2026-05-21T00:31:22.589574
3b7c63b6-bcb3-4576-a53f-6ec2bd63b7cf,GUDANG MERICA,21cineplex,,16GMEA,"Comedy, Horror",98 menit,D17+,2D,2026-05-21,5ac963dc-8047-4d05-87fb-309e427e222e,2026-05-21T00:31:22.589609
3b7c63b6-bcb3-4576-a53f-6ec2bd63b7cf,IN THE GREY,21cineplex,,26ITGY,"Action, Thriller",97 menit,13+,2D,2026-05-21,f0c79ff3-b25b-48e0-abee-4a40617ca3dc,2026-05-21T00:31:22.589671
3b7c63b6-bcb3-4576-a53f-6ec2bd63b7cf,TUMBAL PROYEK,21cineplex,,16TPRK,Horror,106 menit,D17+,2D,2026-05-21,e004d974-8862-475a-85c2-b2925826cb9f,2026-05-21T00:31:22.589711
3b7c63b6-bcb3-4576-a53f-6ec2bd63b7cf,SEKAWAN LIMO 2: GUNUNG KLAWIH,21cineplex,,16SK2G,"Comedy, Horror",122 menit,13+,2D,2026-05-27,f9dfb93f-46e6-4d5d-adfa-2710bf510fe5,2026-05-21T00:31:22.589769
424968c8-305f-40bb-9c28-15641c9d99bd,STAR WARS: THE MANDALORIAN AND GROGU,21cineplex,,26SWMG,"Fantasy, Sci-Fi",132 menit,13+,2D,2026-05-21,02783851-ae1d-4795-ab11-2f29103c377f,2026-05-21T00:31:24.295878
424968c8-305f-40bb-9c28-15641c9d99bd,SEMUA AKAN BAIK-BAIK SAJA,21cineplex,,16SABB,Drama,113 menit,13+,2D,2026-05-21,750f572c-e376-4ea2-aa02-3a4b781f17ee,2026-05-21T00:31:24.296069
424968c8-305f-40bb-9c28-15641c9d99bd,GHOST IN THE CELL,21cineplex,,16GITC,"Comedy, Horror",106 menit,D17+,2D,2026-05-21,e5d87d59-5f41-4fe2-ab9a-9cc081076017,2026-05-21T00:31:24.296233
424968c8-305f-40bb-9c28-15641c9d99bd,SALMOKJI: WHISPERING WATER,21cineplex,,26SWWR,Horror,95 menit,D17+,2D,2026-05-21,72d4923d-cbf0-4956-b8e6-7b4c95db283c,2026-05-21T00:31:24.296334
424968c8-305f-40bb-9c28-15641c9d99bd,GUDANG MERICA,21cineplex,,16GMEA,"Comedy, Horror",98 menit,D17+,2D,2026-05-21,9c387426-6267-4402-9236-22ca0814dd2b,2026-05-21T00:31:24.296430
424968c8-305f-40bb-9c28-15641c9d99bd,GOHAN,21cineplex,,26GOHN,Drama,140 menit,SU,2D,2026-05-21,2583af9f-ccfa-4015-b072-83490c49f847,2026-05-21T00:31:24.296592
424968c8-305f-40bb-9c28-15641c9d99bd,BADUT GENDONG,21cineplex,,16BGEG,"Action, Horror",101 menit,D17+,2D,2026-05-27,a78acd3e-4e73-41a6-a25c-05e16c8256d1,2026-05-21T00:31:24.296690
76dd1320-6bcd-4b4a-b323-ff7367f2e5b6,STAR WARS: THE MANDALORIAN AND GROGU,21cineplex,,26SWMG,"Fantasy, Sci-Fi",132 menit,13+,2D,2026-05-21,9a5903cb-1f03-4b4c-84b8-c6f4a1dbbc20,2026-05-21T00:31:27.105055
76dd1320-6bcd-4b4a-b323-ff7367f2e5b6,KELUARGA SUAMI ADALAH HAMA,21cineplex,,16KSAH,Drama,117 menit,13+,2D,2026-05-21,adf93465-a9fc-4124-93c4-bfe545ea6c21,2026-05-21T00:31:27.105347
76dd1320-6bcd-4b4a-b323-ff7367f2e5b6,DILAN ITB 1997,21cineplex,,16DI97,"Drama, Romance",110 menit,13+,2D,2026-05-21,54895e32-2adf-4a9c-b00f-8ebdfac634d6,2026-05-21T00:31:27.105644
76dd1320-6bcd-4b4a-b323-ff7367f2e5b6,SEMUA AKAN BAIK-BAIK SAJA,21cineplex,,16SABB,Drama,113 menit,13+,2D,2026-05-21,ec8f6af1-73aa-4f1a-bbaa-bb5325fc0e92,2026-05-21T00:31:27.105788
76dd1320-6bcd-4b4a-b323-ff7367f2e5b6,GHOST IN THE CELL,21cineplex,,16GITC,"Comedy, Horror",106 menit,D17+,2D,2026-05-21,63b1b031-cd38-44a5-9f36-ad31062ff9e0,2026-05-21T00:31:27.106101
76dd1320-6bcd-4b4a-b323-ff7367f2e5b6,TUMBAL PROYEK,21cineplex,,16TPRK,Horror,106 menit,D17+,2D,2026-05-21,835de129-f5de-40c8-a759-5309a5bc20dc,2026-05-21T00:31:27.106368
76dd1320-6bcd-4b4a-b323-ff7367f2e5b6,YANG LAIN BOLEH HILANG ASAL KAU JANGAN,21cineplex,,16YLBH,Drama,113 menit,13+,2D,2026-05-21,5aa729a3-7f3c-4878-b00c-ddb7c62e65a3,2026-05-21T00:31:27.106798
76dd1320-6bcd-4b4a-b323-ff7367f2e5b6,BADUT GENDONG,21cineplex,,16BGEG,"Action, Horror",101 menit,D17+,2D,2026-05-27,5bc8bab9-61f7-4608-b20f-d5f684008140,2026-05-21T00:31:27.107012
4254e4bf-800a-4071-aa5d-3c7dece952a2,GHOST IN THE CELL,21cineplex,,16GITC,"Comedy, Horror",106 menit,D17+,2D,2026-05-21,0abd8e21-7742-403d-b67d-2d92839a17c1,2026-05-21T00:31:30.319185
4254e4bf-800a-4071-aa5d-3c7dece952a2,STAR WARS: THE MANDALORIAN AND GROGU,21cineplex,,26SWMG,"Fantasy, Sci-Fi",132 menit,13+,2D,2026-05-21,485da53f-bb4a-4a93-84ce-61047f66c419,2026-05-21T00:31:30.319496
4254e4bf-800a-4071-aa5d-3c7dece952a2,TIBA TIBA SETAN,21cineplex,,16TTSN,"Comedy, Horror",113 menit,13+,2D,2026-05-21,80e8f805-536f-472a-980d-071d03da094e,2026-05-21T00:31:30.319725
4254e4bf-800a-4071-aa5d-3c7dece952a2,SEMUA AKAN BAIK-BAIK SAJA,21cineplex,,16SABB,Drama,113 menit,13+,2D,2026-05-21,061edff0-4b5e-43f3-b9df-60c62d765261,2026-05-21T00:31:30.320005
4254e4bf-800a-4071-aa5d-3c7dece952a2,MORTAL KOMBAT II,21cineplex,,25MKT2,"Action, Adventure",116 menit,D17+,2D,2026-05-21,46e3bb7f-9126-4cc1-a921-faa4809c25a0,2026-05-21T00:31:30.320474
4254e4bf-800a-4071-aa5d-3c7dece952a2,YANG LAIN BOLEH HILANG ASAL KAU JANGAN,21cineplex,,16YLBH,Drama,113 menit,13+,2D,2026-05-21,0a3fcce3-1c5f-4815-949c-796d1bce6fb7,2026-05-21T00:31:30.320625
4254e4bf-800a-4071-aa5d-3c7dece952a2,GUDANG MERICA,21cineplex,,16GMEA,"Comedy, Horror",98 menit,D17+,2D,2026-05-21,ba759ddd-be55-4d09-b4a1-d4429a762cb8,2026-05-21T00:31:30.320794
4254e4bf-800a-4071-aa5d-3c7dece952a2,TUMBAL PROYEK,21cineplex,,16TPRK,Horror,106 menit,D17+,2D,2026-05-21,ca7add3a-c588-4ecc-ae47-7f56855d1da0,2026-05-21T00:31:30.321010
4254e4bf-800a-4071-aa5d-3c7dece952a2,SEKAWAN LIMO 2: GUNUNG KLAWIH,21cineplex,,16SK2G,"Comedy, Horror",122 menit,13+,2D,2026-05-27,bff7fe74-a5ad-49bb-95ad-81e7fbc61e5a,2026-05-21T00:31:30.321237
4254e4bf-800a-4071-aa5d-3c7dece952a2,CHILDREN OF HEAVEN,21cineplex,,16COHN,"Drama, Family",97 menit,SU,2D,2026-05-27,c72a6a3f-6d51-4e6b-9131-6af85551acd6,2026-05-21T00:31:30.321447
04d37d40-a25b-4665-89ff-f3fdaf32342e,THE SHEEP DETECTIVES,21cineplex,,26SDES,"Comedy, Mystery",109 menit,SU,2D,2026-05-21,e8358c1a-f245-40db-a772-824648b87f30,2026-05-21T00:31:31.599069
04d37d40-a25b-4665-89ff-f3fdaf32342e,SEMUA AKAN BAIK-BAIK SAJA,21cineplex,,16SABB,Drama,113 menit,13+,2D,2026-05-21,6af1e7b0-beaa-46e9-bccb-baa2f2b19219,2026-05-21T00:31:31.599322
04d37d40-a25b-4665-89ff-f3fdaf32342e,TUMBAL PROYEK,21cineplex,,16TPRK,Horror,106 menit,D17+,2D,2026-05-21,34221610-70e8-4743-aceb-1a833493dfc7,2026-05-21T00:31:31.599654
04d37d40-a25b-4665-89ff-f3fdaf32342e,GHOST IN THE CELL,21cineplex,,16GITC,"Comedy, Horror",106 menit,D17+,2D,2026-05-21,c8f19159-a346-473f-966e-fb94bef9c9c3,2026-05-21T00:31:31.599939
04d37d40-a25b-4665-89ff-f3fdaf32342e,YANG LAIN BOLEH HILANG ASAL KAU JANGAN,21cineplex,,16YLBH,Drama,113 menit,13+,2D,2026-05-21,1d3e6567-528a-4956-b9aa-2c40ceacce6b,2026-05-21T00:31:31.600090
04d37d40-a25b-4665-89ff-f3fdaf32342e,GUDANG MERICA,21cineplex,,16GMEA,"Comedy, Horror",98 menit,D17+,2D,2026-05-21,50549015-f33c-466e-8377-2b9a85bd4ffe,2026-05-21T00:31:31.600363
04d37d40-a25b-4665-89ff-f3fdaf32342e,BADUT GENDONG,21cineplex,,16BGEG,"Action, Horror",101 menit,D17+,2D,2026-05-27,7736aec6-4c5c-4f17-88e5-a537c487b892,2026-05-21T00:31:31.600787
790e2d64-5e55-40d9-9a1b-75e3e8df300e,KAMU HARUS MATI,21cineplex,,16KHMI,"Horror, Mystery, Thriller",90 menit,13+,2D,2026-05-21,14aaec86-683c-489c-b260-8db17c21f7a9,2026-05-21T00:31:33.287290
790e2d64-5e55-40d9-9a1b-75e3e8df300e,SEMUA AKAN BAIK-BAIK SAJA,21cineplex,,16SABB,Drama,113 menit,13+,2D,2026-05-21,ea36ea3f-bf2f-4a72-93c6-3e5a90c6738a,2026-05-21T00:31:33.287589
790e2d64-5e55-40d9-9a1b-75e3e8df300e,TUMBAL PROYEK,21cineplex,,16TPRK,Horror,106 menit,D17+,2D,2026-05-21,ba390365-3780-4972-a6f6-6f278f53404d,2026-05-21T00:31:33.287866
790e2d64-5e55-40d9-9a1b-75e3e8df300e,GUDANG MERICA,21cineplex,,16GMEA,"Comedy, Horror",98 menit,D17+,2D,2026-05-21,33991eb4-d73c-4af4-8b6a-93094f62e052,2026-05-21T00:31:33.288111
790e2d64-5e55-40d9-9a1b-75e3e8df300e,SEKAWAN LIMO 2: GUNUNG KLAWIH,21cineplex,,16SK2G,"Comedy, Horror",122 menit,13+,2D,2026-05-27,a83afb08-e575-42db-8307-44ce172620ec,2026-05-21T00:31:33.288400
b4cf41fa-d542-4c4c-b3a4-57d2e65f6d2e,TUMBAL PROYEK,21cineplex,,16TPRK,Horror,106 menit,D17+,2D,2026-05-21,3023cf85-1c66-4490-b407-906a15c2fdb8,2026-05-21T00:31:34.578600
b4cf41fa-d542-4c4c-b3a4-57d2e65f6d2e,GUDANG MERICA,21cineplex,,16GMEA,"Comedy, Horror",98 menit,D17+,2D,2026-05-21,78f9abec-92db-479c-a50d-baf09daf6b3c,2026-05-21T00:31:34.578717
b4cf41fa-d542-4c4c-b3a4-57d2e65f6d2e,STAR WARS: THE MANDALORIAN AND GROGU,21cineplex,,26SWMG,"Fantasy, Sci-Fi",132 menit,13+,2D,2026-05-21,0a127394-f4f2-478a-ac65-66255fd75487,2026-05-21T00:31:34.578815
b4cf41fa-d542-4c4c-b3a4-57d2e65f6d2e,SEMUA AKAN BAIK-BAIK SAJA,21cineplex,,16SABB,Drama,113 menit,13+,2D,2026-05-21,afcf8a5b-93ba-4c5d-a57a-b5407fcda038,2026-05-21T00:31:34.578853
b4cf41fa-d542-4c4c-b3a4-57d2e65f6d2e,BADUT GENDONG,21cineplex,,16BGEG,"Action, Horror",101 menit,D17+,2D,2026-05-27,9a25dfe0-9f6c-4f12-824b-72c8b59245e2,2026-05-21T00:31:34.578942
d051e982-1af6-4fb8-9b8b-6bf1f8d3a311,MICHAEL,21cineplex,,26MICL,Biography,127 menit,SU,2D,2026-05-21,33fbe447-3d95-4fc7-9beb-82eb305b01a4,2026-05-21T00:31:36.296937
d051e982-1af6-4fb8-9b8b-6bf1f8d3a311,THE DEVIL WEARS PRADA 2,21cineplex,,26DWP2,"Comedy, Drama",119 menit,13+,2D,2026-05-21,3332b649-92ef-4fb8-bdd1-352dd1281fb7,2026-05-21T00:31:36.297124
d051e982-1af6-4fb8-9b8b-6bf1f8d3a311,STAR WARS: THE MANDALORIAN AND GROGU,21cineplex,,26SWMG,"Fantasy, Sci-Fi",132 menit,13+,2D,2026-05-21,abb010f1-71a3-480f-b6ff-31107a7fa6df,2026-05-21T00:31:36.297254
d051e982-1af6-4fb8-9b8b-6bf1f8d3a311,GOHAN,21cineplex,,26GOHN,Drama,140 menit,SU,2D,2026-05-21,b8a415ba-e01b-4b97-b4b0-2d950f7cfbdd,2026-05-21T00:31:36.297427
aaffdd21-ac9c-4234-a603-3522512505cc,YANG LAIN BOLEH HILANG ASAL KAU JANGAN,21cineplex,,16YLBH,Drama,113 menit,13+,2D,2026-05-21,ffeec983-f51d-4583-a29e-9e6780520536,2026-05-21T00:31:37.598335
aaffdd21-ac9c-4234-a603-3522512505cc,SEMUA AKAN BAIK-BAIK SAJA,21cineplex,,16SABB,Drama,113 menit,13+,2D,2026-05-21,068e09ea-7006-4d08-b600-9cc1dcda3b46,2026-05-21T00:31:37.598617
aaffdd21-ac9c-4234-a603-3522512505cc,TUMBAL PROYEK,21cineplex,,16TPRK,Horror,106 menit,D17+,2D,2026-05-21,ed17dff8-89f8-4e52-ba13-67f2c55e076b,2026-05-21T00:31:37.598831
aaffdd21-ac9c-4234-a603-3522512505cc,GUDANG MERICA,21cineplex,,16GMEA,"Comedy, Horror",98 menit,D17+,2D,2026-05-21,9bf2622b-b39a-4d96-b885-17c78d61536c,2026-05-21T00:31:37.599072
aaffdd21-ac9c-4234-a603-3522512505cc,STAR WARS: THE MANDALORIAN AND GROGU,21cineplex,,26SWMG,"Fantasy, Sci-Fi",132 menit,13+,2D,2026-05-21,783252e7-d9ea-42dd-a48c-e2c6b1456c67,2026-05-21T00:31:37.599307
aaffdd21-ac9c-4234-a603-3522512505cc,SEKAWAN LIMO 2: GUNUNG KLAWIH,21cineplex,,16SK2G,"Comedy, Horror",122 menit,13+,2D,2026-05-27,ecdf02cd-f0af-4856-8ea1-73c547faf514,2026-05-21T00:31:37.599407
a2c87697-4666-4658-9c80-638b8cf722c9,SEMUA AKAN BAIK-BAIK SAJA,21cineplex,,16SABB,Drama,113 menit,13+,2D,2026-05-21,5f2b338c-1698-4558-b520-f0bd45ad5597,2026-05-21T00:31:39.289524
a2c87697-4666-4658-9c80-638b8cf722c9,TUMBAL PROYEK,21cineplex,,16TPRK,Horror,106 menit,D17+,2D,2026-05-21,4213d7e3-71ae-43f2-b470-f332f61e4bef,2026-05-21T00:31:39.289628
a2c87697-4666-4658-9c80-638b8cf722c9,STAR WARS: THE MANDALORIAN AND GROGU,21cineplex,,26SWMG,"Fantasy, Sci-Fi",132 menit,13+,2D,2026-05-21,ca2d13d1-2957-4151-967e-3acf310c5b13,2026-05-21T00:31:39.289695
a2c87697-4666-4658-9c80-638b8cf722c9,GOHAN,21cineplex,,26GOHN,Drama,140 menit,SU,2D,2026-05-21,aa3a63bf-03e7-42e3-af1b-0d9c9d6973e3,2026-05-21T00:31:39.289734
a2c87697-4666-4658-9c80-638b8cf722c9,KELUARGA SUAMI ADALAH HAMA,21cineplex,,16KSAH,Drama,117 menit,13+,2D,2026-05-21,309756c0-f6ea-4133-9d6a-bfbe0ff66427,2026-05-21T00:31:39.289772
a2c87697-4666-4658-9c80-638b8cf722c9,THE SHEEP DETECTIVES,21cineplex,,26SDES,"Comedy, Mystery",109 menit,SU,2D,2026-05-21,120b941c-6e4a-48bb-a326-31f45e2474aa,2026-05-21T00:31:39.289838
a2c87697-4666-4658-9c80-638b8cf722c9,SEKAWAN LIMO 2: GUNUNG KLAWIH,21cineplex,,16SK2G,"Comedy, Horror",122 menit,13+,2D,2026-05-27,4a1c7efb-f19c-437f-b385-c1efbb25e991,2026-05-21T00:31:39.289876
a8c6bad9-8a79-4663-bfd8-1eeb0189fb08,GHOST IN THE CELL,21cineplex,,16GITC,"Comedy, Horror",106 menit,D17+,2D,2026-05-21,3527fdfa-3cb0-440b-8f16-8a6871824ab1,2026-05-21T00:31:40.606426
a8c6bad9-8a79-4663-bfd8-1eeb0189fb08,SEMUA AKAN BAIK-BAIK SAJA,21cineplex,,16SABB,Drama,113 menit,13+,2D,2026-05-21,1d052b39-7145-45ea-8b92-df212bbe3da5,2026-05-21T00:31:40.606583
a8c6bad9-8a79-4663-bfd8-1eeb0189fb08,TUMBAL PROYEK,21cineplex,,16TPRK,Horror,106 menit,D17+,2D,2026-05-21,55047779-ed99-44c0-ac32-9adc16f713c7,2026-05-21T00:31:40.606714
a8c6bad9-8a79-4663-bfd8-1eeb0189fb08,STAR WARS: THE MANDALORIAN AND GROGU,21cineplex,,26SWMG,"Fantasy, Sci-Fi",132 menit,13+,2D,2026-05-21,0f4bc772-a14c-4fc0-9078-19fbeef8ba69,2026-05-21T00:31:40.606824
a8c6bad9-8a79-4663-bfd8-1eeb0189fb08,GOHAN,21cineplex,,26GOHN,Drama,140 menit,SU,2D,2026-05-21,0e6baa0b-4ae5-48f2-9852-8d400ea98971,2026-05-21T00:31:40.606902
a8c6bad9-8a79-4663-bfd8-1eeb0189fb08,THE DEVIL WEARS PRADA 2,21cineplex,,26DWP2,"Comedy, Drama",119 menit,13+,2D,2026-05-21,da483acb-eaf5-47d2-b57c-debfd951c0cb,2026-05-21T00:31:40.607001
a8c6bad9-8a79-4663-bfd8-1eeb0189fb08,SALMOKJI: WHISPERING WATER,21cineplex,,26SWWR,Horror,95 menit,D17+,2D,2026-05-21,7f755979-153a-4e60-b528-a463e4c568b7,2026-05-21T00:31:40.607062
a8c6bad9-8a79-4663-bfd8-1eeb0189fb08,CHILDREN OF HEAVEN,21cineplex,,16COHN,"Drama, Family",97 menit,SU,2D,2026-05-27,929c8138-363b-495a-91ee-6da180ed7ec9,2026-05-21T00:31:40.607139
e563db2e-ee9b-46f0-a993-17a845406287,GOHAN,21cineplex,,26GOHN,Drama,140 menit,SU,2D,2026-05-21,57402316-d6ed-4f2a-aed0-ccc52b90297c,2026-05-21T00:31:45.320509
e563db2e-ee9b-46f0-a993-17a845406287,STAR WARS: THE MANDALORIAN AND GROGU,21cineplex,,26SWMG,"Fantasy, Sci-Fi",132 menit,13+,2D,2026-05-21,b2817dfc-6c3c-4cc8-afb7-507fc1943175,2026-05-21T00:31:45.320759
e563db2e-ee9b-46f0-a993-17a845406287,IN THE GREY,21cineplex,,26ITGY,"Action, Thriller",97 menit,13+,2D,2026-05-21,5f880ee0-2e0e-43e2-bf87-7a347146c73b,2026-05-21T00:31:45.320963
e563db2e-ee9b-46f0-a993-17a845406287,PEGASUS 3,21cineplex,,26PES3,"Action, Comedy",126 menit,13+,2D,2026-05-21,f8df6959-f382-4e0a-879f-316fd2e7ba76,2026-05-21T00:31:45.321197
e563db2e-ee9b-46f0-a993-17a845406287,SALMOKJI: WHISPERING WATER,21cineplex,,26SWWR,Horror,95 menit,D17+,2D,2026-05-21,5f3ae4ec-d761-4364-8071-e784c544fa06,2026-05-21T00:31:45.321327
e563db2e-ee9b-46f0-a993-17a845406287,MICHAEL,21cineplex,,26MICL,Biography,127 menit,SU,2D,2026-05-21,e03e48d4-ea9a-48d4-86bc-5c051cd01f31,2026-05-21T00:31:45.321494
e563db2e-ee9b-46f0-a993-17a845406287,THE SHEEP DETECTIVES,21cineplex,,26SDES,"Comedy, Mystery",109 menit,SU,2D,2026-05-21,004fdab7-f159-4693-bf79-635be779a2e7,2026-05-21T00:31:45.321646
e563db2e-ee9b-46f0-a993-17a845406287,FUZE,21cineplex,,26FUZE,"Action, Crime",96 menit,D17+,2D,2026-05-21,550eb438-62a7-40ec-8cda-10898355b9f4,2026-05-21T00:31:45.321872
e563db2e-ee9b-46f0-a993-17a845406287,BADUT GENDONG,21cineplex,,16BGEG,"Action, Horror",101 menit,D17+,2D,2026-05-27,e1de52ed-70e9-4cfe-a3e2-3e175beda7a2,2026-05-21T00:31:45.322018
fd6942e7-0679-43dd-a684-d64f0c5bcecd,SEMUA AKAN BAIK-BAIK SAJA,21cineplex,,16SABB,Drama,113 menit,13+,2D,2026-05-21,cb04cf66-1f18-4cec-9e1e-2b74d08320b1,2026-05-21T00:31:49.627065
fd6942e7-0679-43dd-a684-d64f0c5bcecd,STAR WARS: THE MANDALORIAN AND GROGU,21cineplex,,26SWMG,"Fantasy, Sci-Fi",132 menit,13+,2D,2026-05-21,c9bfdb51-bf0d-4e0b-b85f-84fc727718a7,2026-05-21T00:31:49.627421
fd6942e7-0679-43dd-a684-d64f0c5bcecd,MORTAL KOMBAT II,21cineplex,,25MKT2,"Action, Adventure",116 menit,D17+,2D,2026-05-21,3e55e8ce-f3e5-4001-a883-34f586de30f5,2026-05-21T00:31:49.627684
fd6942e7-0679-43dd-a684-d64f0c5bcecd,GOHAN,21cineplex,,26GOHN,Drama,140 menit,SU,2D,2026-05-21,be137ef8-da1c-47f5-9313-910a14fb45b6,2026-05-21T00:31:49.627958
fd6942e7-0679-43dd-a684-d64f0c5bcecd,SALMOKJI: WHISPERING WATER,21cineplex,,26SWWR,Horror,95 menit,D17+,2D,2026-05-21,87f4a760-a452-44c7-a6c8-fcf3394d7f37,2026-05-21T00:31:49.628159
fd6942e7-0679-43dd-a684-d64f0c5bcecd,KELUARGA SUAMI ADALAH HAMA,21cineplex,,16KSAH,Drama,117 menit,13+,2D,2026-05-21,9ee2c798-70fa-4e47-b541-059ad52f0bb7,2026-05-21T00:31:49.628424
fd6942e7-0679-43dd-a684-d64f0c5bcecd,PEGASUS 3,21cineplex,,26PES3,"Action, Comedy",126 menit,13+,2D,2026-05-21,82a03175-11a8-488d-bafe-24ece2e76c1f,2026-05-21T00:31:49.628692
fd6942e7-0679-43dd-a684-d64f0c5bcecd,GHOST IN THE CELL,21cineplex,,16GITC,"Comedy, Horror",106 menit,D17+,2D,2026-05-21,c66640b6-ac5c-45bf-ac80-9a400eefe40a,2026-05-21T00:31:49.628811
fd6942e7-0679-43dd-a684-d64f0c5bcecd,SEKAWAN LIMO 2: GUNUNG KLAWIH,21cineplex,,16SK2G,"Comedy, Horror",122 menit,13+,2D,2026-05-27,cdb8afb3-e051-49c2-b514-8403494cd88c,2026-05-21T00:31:49.629059
fd6942e7-0679-43dd-a684-d64f0c5bcecd,CHILDREN OF HEAVEN,21cineplex,,16COHN,"Drama, Family",97 menit,SU,2D,2026-05-27,cef8f54e-bb89-4d3e-b4f5-ec246b287c7a,2026-05-21T00:31:49.629287
4ffe4f17-a5c8-47d5-aed7-d123bf7df025,TUMBAL PROYEK,21cineplex,,16TPRK,Horror,106 menit,D17+,2D,2026-05-21,a3284e52-0284-400c-8afa-ffc79c8527df,2026-05-21T00:31:52.606149
4ffe4f17-a5c8-47d5-aed7-d123bf7df025,STAR WARS: THE MANDALORIAN AND GROGU,21cineplex,,26SWMG,"Fantasy, Sci-Fi",132 menit,13+,2D,2026-05-21,b2e421e9-dbb1-4266-96b6-4cc12163e674,2026-05-21T00:31:52.606279
4ffe4f17-a5c8-47d5-aed7-d123bf7df025,GHOST IN THE CELL,21cineplex,,16GITC,"Comedy, Horror",106 menit,D17+,2D,2026-05-21,449f1c51-9270-4c94-8753-d5203cc651f4,2026-05-21T00:31:52.606368
4ffe4f17-a5c8-47d5-aed7-d123bf7df025,GUDANG MERICA,21cineplex,,16GMEA,"Comedy, Horror",98 menit,D17+,2D,2026-05-21,0b190611-708a-4256-aabc-6fe7f5079610,2026-05-21T00:31:52.606435
4ffe4f17-a5c8-47d5-aed7-d123bf7df025,SEMUA AKAN BAIK-BAIK SAJA,21cineplex,,16SABB,Drama,113 menit,13+,2D,2026-05-21,7d219781-ecde-4bac-a449-9a8de5b5762a,2026-05-21T00:31:52.606547
4ffe4f17-a5c8-47d5-aed7-d123bf7df025,KAMU HARUS MATI,21cineplex,,16KHMI,"Horror, Mystery, Thriller",90 menit,13+,2D,2026-05-21,8e686c04-1d09-4a2e-9eb5-154899c7beba,2026-05-21T00:31:52.606671
4ffe4f17-a5c8-47d5-aed7-d123bf7df025,GOHAN,21cineplex,,26GOHN,Drama,140 menit,SU,2D,2026-05-21,f38b3739-c54d-4d85-9b54-2553fc7ffdbc,2026-05-21T00:31:52.606776
4ffe4f17-a5c8-47d5-aed7-d123bf7df025,CHILDREN OF HEAVEN,21cineplex,,16COHN,"Drama, Family",97 menit,SU,2D,2026-05-27,f50f5ec6-467d-422c-8832-54688a416731,2026-05-21T00:31:52.606840
4ffe4f17-a5c8-47d5-aed7-d123bf7df025,BADUT GENDONG,21cineplex,,16BGEG,"Action, Horror",101 menit,D17+,2D,2026-05-27,c1495ea2-939d-4629-bbf1-b8130155b71a,2026-05-21T00:31:52.606932
4ffe4f17-a5c8-47d5-aed7-d123bf7df025,SUAMIKU LUKAKU,21cineplex,,16SLUU,Drama,92 menit,D17+,2D,2026-05-27,6676ae93-f2a9-40d7-bcd3-161557eb068a,2026-05-21T00:31:52.607030
1448b0a1-4806-41a0-bf79-5a338a63ca29,THE DEVIL WEARS PRADA 2,21cineplex,,26DWP2,"Comedy, Drama",119 menit,13+,2D,2026-05-21,b969822b-1765-4307-beb3-da8543f0bb96,2026-05-21T00:31:54.299123
1448b0a1-4806-41a0-bf79-5a338a63ca29,GOHAN,21cineplex,,26GOHN,Drama,140 menit,SU,2D,2026-05-21,45de8431-a1f1-4557-b137-880c9743cf84,2026-05-21T00:31:54.299340
df9828da-2481-4d36-b573-cd5ca070df43,SEMUA AKAN BAIK-BAIK SAJA,21cineplex,,16SABB,Drama,113 menit,13+,2D,2026-05-21,e1986b25-ec16-4c35-b16d-4333ef0b849b,2026-05-21T00:31:58.614989
df9828da-2481-4d36-b573-cd5ca070df43,TUMBAL PROYEK,21cineplex,,16TPRK,Horror,106 menit,D17+,2D,2026-05-21,d4a61b50-c85e-4565-8379-8879cb44447d,2026-05-21T00:31:58.615290
df9828da-2481-4d36-b573-cd5ca070df43,GUDANG MERICA,21cineplex,,16GMEA,"Comedy, Horror",98 menit,D17+,2D,2026-05-21,e9f711b9-bafa-4da0-b23a-90bfc3dd7b1c,2026-05-21T00:31:58.615462
df9828da-2481-4d36-b573-cd5ca070df43,SALMOKJI: WHISPERING WATER,21cineplex,,26SWWR,Horror,95 menit,D17+,2D,2026-05-21,6415213a-7fe2-4174-8316-2aee12909460,2026-05-21T00:31:58.615646
df9828da-2481-4d36-b573-cd5ca070df43,MORTAL KOMBAT II,21cineplex,,25MKT2,"Action, Adventure",116 menit,D17+,2D,2026-05-21,4126fe3f-fc69-40a6-91c4-2ba0d5cd1fbe,2026-05-21T00:31:58.615723
df9828da-2481-4d36-b573-cd5ca070df43,YANG LAIN BOLEH HILANG ASAL KAU JANGAN,21cineplex,,16YLBH,Drama,113 menit,13+,2D,2026-05-21,9160b38d-19da-4fb9-ade7-34cc1a18963f,2026-05-21T00:31:58.615810
df9828da-2481-4d36-b573-cd5ca070df43,STAR WARS: THE MANDALORIAN AND GROGU,21cineplex,,26SWMG,"Fantasy, Sci-Fi",132 menit,13+,2D,2026-05-21,09800eaf-5b85-41eb-9fbf-132e7bd5d320,2026-05-21T00:31:58.616107
df9828da-2481-4d36-b573-cd5ca070df43,GHOST IN THE CELL,21cineplex,,16GITC,"Comedy, Horror",106 menit,D17+,2D,2026-05-21,d1f44ee4-b73f-459f-a18e-be41bed03f4c,2026-05-21T00:31:58.616302
df9828da-2481-4d36-b573-cd5ca070df43,CHILDREN OF HEAVEN,21cineplex,,16COHN,"Drama, Family",97 menit,SU,2D,2026-05-27,6a906fb8-36e7-4f5c-8176-6f18aca4c8d6,2026-05-21T00:31:58.616439
df9828da-2481-4d36-b573-cd5ca070df43,BADUT GENDONG,21cineplex,,16BGEG,"Action, Horror",101 menit,D17+,2D,2026-05-27,6f3d393f-0c7a-4775-8780-092386197ce9,2026-05-21T00:31:58.616655
78f8e4f1-4693-4f3a-9c84-8dff5ce2b74b,SEMUA AKAN BAIK-BAIK SAJA,21cineplex,,16SABB,Drama,113 menit,13+,2D,2026-05-21,4e10b3aa-1340-4b02-8433-443f4c1721b2,2026-05-21T00:32:00.296358
78f8e4f1-4693-4f3a-9c84-8dff5ce2b74b,TUMBAL PROYEK,21cineplex,,16TPRK,Horror,106 menit,D17+,2D,2026-05-21,3e588418-018f-4b54-a2e2-c8d77e39c64b,2026-05-21T00:32:00.296802
78f8e4f1-4693-4f3a-9c84-8dff5ce2b74b,IN THE GREY,21cineplex,,26ITGY,"Action, Thriller",97 menit,13+,2D,2026-05-21,da23b5ca-14b3-4bcc-9933-b619ac4a8b5f,2026-05-21T00:32:00.297067
78f8e4f1-4693-4f3a-9c84-8dff5ce2b74b,KAMU HARUS MATI,21cineplex,,16KHMI,"Horror, Mystery, Thriller",90 menit,13+,2D,2026-05-21,0e2f7589-d71a-48c2-b7ed-0900634f3c29,2026-05-21T00:32:00.297219
78f8e4f1-4693-4f3a-9c84-8dff5ce2b74b,YANG LAIN BOLEH HILANG ASAL KAU JANGAN,21cineplex,,16YLBH,Drama,113 menit,13+,2D,2026-05-21,350d8ee9-8b10-4b13-83ae-03b1e80452c8,2026-05-21T00:32:00.297525
78f8e4f1-4693-4f3a-9c84-8dff5ce2b74b,GUDANG MERICA,21cineplex,,16GMEA,"Comedy, Horror",98 menit,D17+,2D,2026-05-21,ff376be9-31e9-41a9-853f-c19229fc8355,2026-05-21T00:32:00.297611
78f8e4f1-4693-4f3a-9c84-8dff5ce2b74b,BADUT GENDONG,21cineplex,,16BGEG,"Action, Horror",101 menit,D17+,2D,2026-05-27,8d80a99a-f173-4941-874d-26e0e7684c56,2026-05-21T00:32:00.297805
794520ac-1d2c-4184-9b99-f70ab5f12ced,SEMUA AKAN BAIK-BAIK SAJA,21cineplex,,16SABB,Drama,113 menit,13+,2D,2026-05-21,22075e08-9680-46be-a9c4-4c50e689469e,2026-05-21T00:32:01.616953
794520ac-1d2c-4184-9b99-f70ab5f12ced,TUMBAL PROYEK,21cineplex,,16TPRK,Horror,106 menit,D17+,2D,2026-05-21,2fbfcc22-6743-4670-a70e-d3b982ffc25f,2026-05-21T00:32:01.617094
794520ac-1d2c-4184-9b99-f70ab5f12ced,KELUARGA SUAMI ADALAH HAMA,21cineplex,,16KSAH,Drama,117 menit,13+,2D,2026-05-21,9ec08ee2-bd52-46a4-bbd3-a5264b0a1554,2026-05-21T00:32:01.617167
794520ac-1d2c-4184-9b99-f70ab5f12ced,KAMU HARUS MATI,21cineplex,,16KHMI,"Horror, Mystery, Thriller",90 menit,13+,2D,2026-05-21,d7352d69-a607-480f-8608-e70d7c75fbab,2026-05-21T00:32:01.617239
794520ac-1d2c-4184-9b99-f70ab5f12ced,CHILDREN OF HEAVEN,21cineplex,,16COHN,"Drama, Family",97 menit,SU,2D,2026-05-27,78a602c8-d015-425f-95f0-4b9dad2f68ad,2026-05-21T00:32:01.617320
794520ac-1d2c-4184-9b99-f70ab5f12ced,BADUT GENDONG,21cineplex,,16BGEG,"Action, Horror",101 menit,D17+,2D,2026-05-27,54926fbd-e227-4564-91aa-f44ccfe7b4c7,2026-05-21T00:32:01.617383
ad2fc3fc-808e-461b-b8a2-1e692c063652,KELUARGA SUAMI ADALAH HAMA,21cineplex,,16KSAH,Drama,117 menit,13+,2D,2026-05-21,27fc0fd4-3fca-4143-af90-91a1f291b0d6,2026-05-21T00:32:03.397405
ad2fc3fc-808e-461b-b8a2-1e692c063652,TUMBAL PROYEK,21cineplex,,16TPRK,Horror,106 menit,D17+,2D,2026-05-21,ee34f7c8-7362-4cef-a20b-dbcfd470bdb3,2026-05-21T00:32:03.397518
ad2fc3fc-808e-461b-b8a2-1e692c063652,SEMUA AKAN BAIK-BAIK SAJA,21cineplex,,16SABB,Drama,113 menit,13+,2D,2026-05-21,56f151e0-0c1b-4516-8bee-86dcfbb574ee,2026-05-21T00:32:03.397585
ad2fc3fc-808e-461b-b8a2-1e692c063652,GUDANG MERICA,21cineplex,,16GMEA,"Comedy, Horror",98 menit,D17+,2D,2026-05-21,b1732ba3-daec-480f-8205-78c74096bbed,2026-05-21T00:32:03.397634
ad2fc3fc-808e-461b-b8a2-1e692c063652,GHOST IN THE CELL,21cineplex,,16GITC,"Comedy, Horror",106 menit,D17+,2D,2026-05-21,39008f89-7d9d-4d61-8d00-0ef8bead638a,2026-05-21T00:32:03.397698
ad2fc3fc-808e-461b-b8a2-1e692c063652,STAR WARS: THE MANDALORIAN AND GROGU,21cineplex,,26SWMG,"Fantasy, Sci-Fi",132 menit,13+,3D,2026-05-21,4b7466f1-3b99-46d8-9456-6b279e2f8f30,2026-05-21T00:32:03.397726
ad2fc3fc-808e-461b-b8a2-1e692c063652,GOHAN,21cineplex,,26GOHN,Drama,140 menit,SU,2D,2026-05-21,6b67ba37-9baf-4e46-8373-de9164383d66,2026-05-21T00:32:03.397787
ad2fc3fc-808e-461b-b8a2-1e692c063652,THE DEVIL WEARS PRADA 2,21cineplex,,26DWP2,"Comedy, Drama",119 menit,13+,2D,2026-05-21,9d15fa9f-f798-4ab2-abd5-d8207c7f6df1,2026-05-21T00:32:03.397826
ad2fc3fc-808e-461b-b8a2-1e692c063652,DILAN ITB 1997,21cineplex,,16DI97,"Drama, Romance",110 menit,13+,2D,2026-05-21,c340a8b7-298c-48ec-9fae-b086567fa321,2026-05-21T00:32:03.397853
ad2fc3fc-808e-461b-b8a2-1e692c063652,SEKAWAN LIMO 2: GUNUNG KLAWIH,21cineplex,,16SK2G,"Comedy, Horror",122 menit,13+,2D,2026-05-27,7dfd2e70-2e4b-457c-818b-4d2380a4f7d6,2026-05-21T00:32:03.397874
