cinema_id,title,source,movie_id,movie_code,genre,duration,age_rating,format,show_date,id,created_at
9672291d-644b-4801-a159-ac36b97b84da,SEKAWAN LIMO 2 GUNUNG KLAWIH,cgv,,26023300,,,,2D,2026-05-27,f1f5e681-788f-43ac-9dad-65471fb7f745,2026-05-27T16:19:43.245859
9672291d-644b-4801-a159-ac36b97b84da,CHILDREN OF HEAVEN,cgv,,26012100,,,,2D,2026-05-27,350ee2ff-ff5e-473b-b75b-a84523b19b53,2026-05-27T16:19:43.245878
9672291d-644b-4801-a159-ac36b97b84da,BADUT GENDONG,cgv,,26016800,,,,2D,2026-05-27,21c1a1b8-7f28-4aff-9b40-7995e3df0a1a,2026-05-27T16:19:43.245890
9672291d-644b-4801-a159-ac36b97b84da,TUMBAL PROYEK,cgv,,26014300,,,,2D,2026-05-27,324d7f1b-88db-4385-aaa4-dfad8703a312,2026-05-27T16:19:43.245900
9672291d-644b-4801-a159-ac36b97b84da,STAR WARS THE MANDALORIAN AND GROGU,cgv,,26021200,,,,2D,2026-05-27,3eba7ea4-01ba-4bb6-abb3-10dbc9fbecc1,2026-05-27T16:19:43.245911
9672291d-644b-4801-a159-ac36b97b84da,SUAMIKU LUKAKU,cgv,,26025400,,,,2D,2026-05-27,bf82f273-7a08-4e7a-b620-4dcbc61de132,2026-05-27T16:19:43.245922
9672291d-644b-4801-a159-ac36b97b84da,SEMUA AKAN BAIK BAIK SAJA,cgv,,26018100,,,,2D,2026-05-27,e5b1ff65-1e17-4b69-b838-a1f5c16bc971,2026-05-27T16:19:43.245932
9672291d-644b-4801-a159-ac36b97b84da,PASSENGER,cgv,,26023100,,,,2D,2026-05-27,ab350872-7e1a-4e27-b32e-295a4ee0846c,2026-05-27T16:19:43.245942
9672291d-644b-4801-a159-ac36b97b84da,GUDANG MERICA,cgv,,26019400,,,,2D,2026-05-27,56dcdb09-aa9a-43d4-a336-d974bafeea9a,2026-05-27T16:19:43.245951
9672291d-644b-4801-a159-ac36b97b84da,GHOST IN THE CELL,cgv,,26011800,,,,2D,2026-05-27,321a2d00-877b-441b-8de2-edd178e04a82,2026-05-27T16:19:43.245961
9672291d-644b-4801-a159-ac36b97b84da,MORTAL KOMBAT II,cgv,,26018200,,,,2D,2026-05-27,ad531d44-a3ed-4035-89d7-8469ff5c697c,2026-05-27T16:19:43.245971
9672291d-644b-4801-a159-ac36b97b84da,HOKUM,cgv,,26024600,,,,2D,2026-05-27,c4686bb2-3b8e-49ea-854f-ef5da99705c0,2026-05-27T16:19:43.245982
9672291d-644b-4801-a159-ac36b97b84da,TIBA TIBA SETAN,cgv,,26007500,,,,2D,2026-05-27,2adda56e-a684-425c-a8cf-a0437a711404,2026-05-27T16:19:43.245992
9672291d-644b-4801-a159-ac36b97b84da,DILAN ITB 1997,cgv,,26016100,,,,2D,2026-05-27,0d4a2a87-2590-4560-8160-80f0f86cb5ab,2026-05-27T16:19:43.246002
9672291d-644b-4801-a159-ac36b97b84da,YANG LAIN BOLEH HILANG ASAL KAU JANGAN,cgv,,26018300,,,,2D,2026-05-27,914d9fc0-66eb-4848-95ef-e55cae10f481,2026-05-27T16:19:43.246012
9672291d-644b-4801-a159-ac36b97b84da,SALMOKJI WHISPERING WATER,cgv,,26019100,,,,2D,2026-05-27,f01a8c35-9537-4abb-a7fc-2871b9ef67cb,2026-05-27T16:19:43.246022
9672291d-644b-4801-a159-ac36b97b84da,THE KINGS WARDEN,cgv,,26015000,,,,2D,2026-05-27,17acdd46-1d5f-4d6a-86e1-d01cb53fd60e,2026-05-27T16:19:43.246031
9672291d-644b-4801-a159-ac36b97b84da,GOHAN,cgv,,26022500,,,,2D,2026-05-27,cdc78417-adb0-471b-bdae-495bc6792da1,2026-05-27T16:19:43.246041
9672291d-644b-4801-a159-ac36b97b84da,THE SHEEP DETECTIVES,cgv,,26019500,,,,2D,2026-05-27,cfa8164e-f577-4a0b-b0ef-eaf61b42c883,2026-05-27T16:19:43.246051
9672291d-644b-4801-a159-ac36b97b84da,AYAH INI ARAHNYA KEMANA YA,cgv,,26011000,,,,2D,2026-05-27,a675dd2f-373e-490d-99f3-77e04f3ce53a,2026-05-27T16:19:43.246061
9672291d-644b-4801-a159-ac36b97b84da,STAR WARS THE MANDALORIAN AND GROGU 3D,cgv,,26025200,,,,2D,2026-05-27,efb7c219-f36b-4239-84e8-3d7cd8c9fdec,2026-05-27T16:19:43.246070
9672291d-644b-4801-a159-ac36b97b84da,THE DEVIL WEARS PRADA 2,cgv,,26019800,,,,2D,2026-05-27,781bb3a4-59a9-42a4-8162-551463b503b9,2026-05-27T16:19:43.246080
9672291d-644b-4801-a159-ac36b97b84da,NA WILLA,cgv,,26003200,,,,2D,2026-05-27,e6cec088-c425-4878-bc13-bb6361175414,2026-05-27T16:19:43.246090
9672291d-644b-4801-a159-ac36b97b84da,KELUARGA SUAMI ADALAH HAMA,cgv,,26017700,,,,2D,2026-05-27,6beac8bf-cc59-4565-b60a-165e61541df6,2026-05-27T16:19:43.246100
21341883-103c-44c1-ab00-54c68b96b8c5,SEKAWAN LIMO 2 GUNUNG KLAWIH,cgv,,26023300,,,,2D,2026-05-27,89d33427-222c-4084-b36b-8bc953ace62d,2026-05-27T16:19:44.854226
21341883-103c-44c1-ab00-54c68b96b8c5,CHILDREN OF HEAVEN,cgv,,26012100,,,,2D,2026-05-27,a1ff494d-fc94-4395-a89f-bcf55e8710e2,2026-05-27T16:19:44.854272
21341883-103c-44c1-ab00-54c68b96b8c5,BADUT GENDONG,cgv,,26016800,,,,2D,2026-05-27,d479c99f-733d-4fe8-8f80-ce14d0accd99,2026-05-27T16:19:44.854305
21341883-103c-44c1-ab00-54c68b96b8c5,TUMBAL PROYEK,cgv,,26014300,,,,2D,2026-05-27,7d355823-ee24-4eff-b383-3bad552a6189,2026-05-27T16:19:44.854335
21341883-103c-44c1-ab00-54c68b96b8c5,STAR WARS THE MANDALORIAN AND GROGU,cgv,,26021200,,,,2D,2026-05-27,5e970322-0bb6-4b7f-9554-915ff26c68c6,2026-05-27T16:19:44.854363
21341883-103c-44c1-ab00-54c68b96b8c5,SUAMIKU LUKAKU,cgv,,26025400,,,,2D,2026-05-27,374d7f7c-3278-4a3d-bdfe-8575d1eb8701,2026-05-27T16:19:44.854390
21341883-103c-44c1-ab00-54c68b96b8c5,SEMUA AKAN BAIK BAIK SAJA,cgv,,26018100,,,,2D,2026-05-27,b8a84bbc-1e83-4045-814a-3b0b9357aee2,2026-05-27T16:19:44.854415
21341883-103c-44c1-ab00-54c68b96b8c5,PASSENGER,cgv,,26023100,,,,2D,2026-05-27,5cfa338c-81fa-4144-bc68-57b72cc7c6ac,2026-05-27T16:19:44.854440
21341883-103c-44c1-ab00-54c68b96b8c5,GUDANG MERICA,cgv,,26019400,,,,2D,2026-05-27,2ee08a6e-0e3d-4132-bf50-1a49704f3069,2026-05-27T16:19:44.854465
21341883-103c-44c1-ab00-54c68b96b8c5,GHOST IN THE CELL,cgv,,26011800,,,,2D,2026-05-27,1b54f88a-bc9e-4b79-8010-9275cd1fb9c8,2026-05-27T16:19:44.854493
21341883-103c-44c1-ab00-54c68b96b8c5,MORTAL KOMBAT II,cgv,,26018200,,,,2D,2026-05-27,a0d6e479-7d8e-45e6-bf4f-4e9b7ee23257,2026-05-27T16:19:44.854519
21341883-103c-44c1-ab00-54c68b96b8c5,HOKUM,cgv,,26024600,,,,2D,2026-05-27,f545a4fa-2258-4d68-bb79-59077c5677a4,2026-05-27T16:19:44.854831
21341883-103c-44c1-ab00-54c68b96b8c5,TIBA TIBA SETAN,cgv,,26007500,,,,2D,2026-05-27,da5230c7-b594-484b-b577-b52f88ff37f0,2026-05-27T16:19:44.854970
21341883-103c-44c1-ab00-54c68b96b8c5,DILAN ITB 1997,cgv,,26016100,,,,2D,2026-05-27,a570d7c3-2753-4c85-86b3-a883e1665191,2026-05-27T16:19:44.855013
21341883-103c-44c1-ab00-54c68b96b8c5,YANG LAIN BOLEH HILANG ASAL KAU JANGAN,cgv,,26018300,,,,2D,2026-05-27,29ddb295-7a7c-4cde-98fd-24b19b1f31e2,2026-05-27T16:19:44.855044
21341883-103c-44c1-ab00-54c68b96b8c5,SALMOKJI WHISPERING WATER,cgv,,26019100,,,,2D,2026-05-27,c41baa1d-5786-4106-b34b-8af41bb3b32d,2026-05-27T16:19:44.855072
21341883-103c-44c1-ab00-54c68b96b8c5,THE KINGS WARDEN,cgv,,26015000,,,,2D,2026-05-27,922ce1c3-c7a0-49dc-b640-030f28c25cb5,2026-05-27T16:19:44.855098
21341883-103c-44c1-ab00-54c68b96b8c5,GOHAN,cgv,,26022500,,,,2D,2026-05-27,c769b4fd-5c72-4302-bf83-6957032eefa4,2026-05-27T16:19:44.855125
21341883-103c-44c1-ab00-54c68b96b8c5,THE SHEEP DETECTIVES,cgv,,26019500,,,,2D,2026-05-27,2bc0ee27-08e0-4a85-bca9-fef9765c8a73,2026-05-27T16:19:44.855153
21341883-103c-44c1-ab00-54c68b96b8c5,AYAH INI ARAHNYA KEMANA YA,cgv,,26011000,,,,2D,2026-05-27,93293820-e340-4b56-bd6d-262ef834a380,2026-05-27T16:19:44.855179
21341883-103c-44c1-ab00-54c68b96b8c5,STAR WARS THE MANDALORIAN AND GROGU 3D,cgv,,26025200,,,,2D,2026-05-27,e10dfcc8-239c-4fe5-a959-4c199c6f7bff,2026-05-27T16:19:44.855205
21341883-103c-44c1-ab00-54c68b96b8c5,THE DEVIL WEARS PRADA 2,cgv,,26019800,,,,2D,2026-05-27,06ff0caa-0c3b-4da1-bff3-3b8acdb990ce,2026-05-27T16:19:44.855231
21341883-103c-44c1-ab00-54c68b96b8c5,NA WILLA,cgv,,26003200,,,,2D,2026-05-27,3fc26fdb-0b69-4f23-94b2-e6c87defecc0,2026-05-27T16:19:44.855256
21341883-103c-44c1-ab00-54c68b96b8c5,KELUARGA SUAMI ADALAH HAMA,cgv,,26017700,,,,2D,2026-05-27,476505ec-e108-45e1-abc1-e71650b87e13,2026-05-27T16:19:44.855281
d8ff9b59-0316-4b9f-beea-4ae62521ee1c,SEKAWAN LIMO 2 GUNUNG KLAWIH,cgv,,26023300,,,,2D,2026-05-27,6addb9c5-2121-4ae5-84fe-f2e01cc373fb,2026-05-27T16:19:44.628828
d8ff9b59-0316-4b9f-beea-4ae62521ee1c,CHILDREN OF HEAVEN,cgv,,26012100,,,,2D,2026-05-27,0d383b8d-5a66-4355-a642-5676c06eadcd,2026-05-27T16:19:44.628869
d8ff9b59-0316-4b9f-beea-4ae62521ee1c,BADUT GENDONG,cgv,,26016800,,,,2D,2026-05-27,41ece3e7-f882-4e18-af0f-0325756f9e2d,2026-05-27T16:19:44.628899
d8ff9b59-0316-4b9f-beea-4ae62521ee1c,TUMBAL PROYEK,cgv,,26014300,,,,2D,2026-05-27,9846778e-fec9-45eb-9ae7-44570a6e8cea,2026-05-27T16:19:44.628925
d8ff9b59-0316-4b9f-beea-4ae62521ee1c,STAR WARS THE MANDALORIAN AND GROGU,cgv,,26021200,,,,2D,2026-05-27,fc5eb057-cda7-4863-ab9e-0d6ad787f1fa,2026-05-27T16:19:44.628953
d8ff9b59-0316-4b9f-beea-4ae62521ee1c,SUAMIKU LUKAKU,cgv,,26025400,,,,2D,2026-05-27,4c189bd4-60dc-493a-970f-0ef3fd821de3,2026-05-27T16:19:44.628978
d8ff9b59-0316-4b9f-beea-4ae62521ee1c,SEMUA AKAN BAIK BAIK SAJA,cgv,,26018100,,,,2D,2026-05-27,8a397d1b-2498-4abe-b858-bdd2ad250390,2026-05-27T16:19:44.629003
d8ff9b59-0316-4b9f-beea-4ae62521ee1c,PASSENGER,cgv,,26023100,,,,2D,2026-05-27,863c5fc2-726b-4988-a78c-e54cb3a996c8,2026-05-27T16:19:44.629029
d8ff9b59-0316-4b9f-beea-4ae62521ee1c,GUDANG MERICA,cgv,,26019400,,,,2D,2026-05-27,90d60bf5-2a9a-4200-81a0-b55729c35d9a,2026-05-27T16:19:44.629054
d8ff9b59-0316-4b9f-beea-4ae62521ee1c,GHOST IN THE CELL,cgv,,26011800,,,,2D,2026-05-27,4764a409-226e-4b9c-9a2e-07a7b6e4320c,2026-05-27T16:19:44.629079
d8ff9b59-0316-4b9f-beea-4ae62521ee1c,MORTAL KOMBAT II,cgv,,26018200,,,,2D,2026-05-27,2d8d7f30-6ecb-447c-99a0-8f401e760002,2026-05-27T16:19:44.629105
d8ff9b59-0316-4b9f-beea-4ae62521ee1c,HOKUM,cgv,,26024600,,,,2D,2026-05-27,226ed50b-6033-4149-a8b7-71a95ea8b69c,2026-05-27T16:19:44.629129
d8ff9b59-0316-4b9f-beea-4ae62521ee1c,TIBA TIBA SETAN,cgv,,26007500,,,,2D,2026-05-27,281afd4b-d17e-4e20-a1d5-cd125cbc8163,2026-05-27T16:19:44.629153
d8ff9b59-0316-4b9f-beea-4ae62521ee1c,DILAN ITB 1997,cgv,,26016100,,,,2D,2026-05-27,e75ad7b0-81eb-443f-a48b-f5ce546ccdb3,2026-05-27T16:19:44.629177
d8ff9b59-0316-4b9f-beea-4ae62521ee1c,YANG LAIN BOLEH HILANG ASAL KAU JANGAN,cgv,,26018300,,,,2D,2026-05-27,2fcd0071-41e0-424b-a0c2-9917a5f49502,2026-05-27T16:19:44.629202
d8ff9b59-0316-4b9f-beea-4ae62521ee1c,SALMOKJI WHISPERING WATER,cgv,,26019100,,,,2D,2026-05-27,6b1a89f0-8c03-4f0c-9c43-b09a37cbd0c7,2026-05-27T16:19:44.629226
d8ff9b59-0316-4b9f-beea-4ae62521ee1c,THE KINGS WARDEN,cgv,,26015000,,,,2D,2026-05-27,b27c4c2a-6a4c-41a2-8d1b-9a160f2a4aa4,2026-05-27T16:19:44.629249
d8ff9b59-0316-4b9f-beea-4ae62521ee1c,GOHAN,cgv,,26022500,,,,2D,2026-05-27,8dc335de-93ec-42b9-8706-b7b8c60bf2b7,2026-05-27T16:19:44.629273
d8ff9b59-0316-4b9f-beea-4ae62521ee1c,THE SHEEP DETECTIVES,cgv,,26019500,,,,2D,2026-05-27,335fef39-f000-491e-8838-9267ad8a660c,2026-05-27T16:19:44.629299
d8ff9b59-0316-4b9f-beea-4ae62521ee1c,AYAH INI ARAHNYA KEMANA YA,cgv,,26011000,,,,2D,2026-05-27,59e833a4-721e-441b-a727-b646fefa3a0e,2026-05-27T16:19:44.629323
d8ff9b59-0316-4b9f-beea-4ae62521ee1c,STAR WARS THE MANDALORIAN AND GROGU 3D,cgv,,26025200,,,,2D,2026-05-27,c2919e4a-71bd-42b0-9c46-98f4a3cb5d54,2026-05-27T16:19:44.629349
d8ff9b59-0316-4b9f-beea-4ae62521ee1c,THE DEVIL WEARS PRADA 2,cgv,,26019800,,,,2D,2026-05-27,d7d5f148-42ac-4d6e-93f2-f4c124132092,2026-05-27T16:19:44.629376
d8ff9b59-0316-4b9f-beea-4ae62521ee1c,NA WILLA,cgv,,26003200,,,,2D,2026-05-27,be579a6c-371b-4099-a012-9e22e8de01fc,2026-05-27T16:19:44.629403
d8ff9b59-0316-4b9f-beea-4ae62521ee1c,KELUARGA SUAMI ADALAH HAMA,cgv,,26017700,,,,2D,2026-05-27,82fdd2af-425b-4ff0-b27b-3fe2f0ca0004,2026-05-27T16:19:44.629429
3c48b608-6f90-4577-a16d-ac8fc97f4407,SEKAWAN LIMO 2 GUNUNG KLAWIH,cgv,,26023300,,,,2D,2026-05-27,fcee59ea-08c9-4d50-8043-a09a5a963143,2026-05-27T16:19:44.740405
3c48b608-6f90-4577-a16d-ac8fc97f4407,CHILDREN OF HEAVEN,cgv,,26012100,,,,2D,2026-05-27,1fe0e199-c291-4621-8c75-7e260861c90a,2026-05-27T16:19:44.740444
3c48b608-6f90-4577-a16d-ac8fc97f4407,BADUT GENDONG,cgv,,26016800,,,,2D,2026-05-27,4c767623-9672-42ec-95e0-475d2a9f58e6,2026-05-27T16:19:44.740474
3c48b608-6f90-4577-a16d-ac8fc97f4407,TUMBAL PROYEK,cgv,,26014300,,,,2D,2026-05-27,ba2226c7-477c-43df-92f6-3b1c5f7c3f02,2026-05-27T16:19:44.740501
3c48b608-6f90-4577-a16d-ac8fc97f4407,STAR WARS THE MANDALORIAN AND GROGU,cgv,,26021200,,,,2D,2026-05-27,b2bfe833-98af-47fb-9fcb-5645819a4a36,2026-05-27T16:19:44.740529
3c48b608-6f90-4577-a16d-ac8fc97f4407,SUAMIKU LUKAKU,cgv,,26025400,,,,2D,2026-05-27,49dda5a7-5531-43d5-9182-b7210615367f,2026-05-27T16:19:44.740555
3c48b608-6f90-4577-a16d-ac8fc97f4407,SEMUA AKAN BAIK BAIK SAJA,cgv,,26018100,,,,2D,2026-05-27,70bd3615-dfab-4024-85fe-50b313a85a10,2026-05-27T16:19:44.740581
3c48b608-6f90-4577-a16d-ac8fc97f4407,PASSENGER,cgv,,26023100,,,,2D,2026-05-27,04f682b9-6e20-4423-a108-a57e2be13964,2026-05-27T16:19:44.740609
3c48b608-6f90-4577-a16d-ac8fc97f4407,GUDANG MERICA,cgv,,26019400,,,,2D,2026-05-27,98a07130-8936-42cf-a9da-e8fcfb00dd01,2026-05-27T16:19:44.740635
3c48b608-6f90-4577-a16d-ac8fc97f4407,GHOST IN THE CELL,cgv,,26011800,,,,2D,2026-05-27,8337d27b-fd69-4d8b-8b05-555efdbfb4d1,2026-05-27T16:19:44.740661
3c48b608-6f90-4577-a16d-ac8fc97f4407,MORTAL KOMBAT II,cgv,,26018200,,,,2D,2026-05-27,b0163d2d-981b-465b-85a4-ba41114c63a7,2026-05-27T16:19:44.740686
3c48b608-6f90-4577-a16d-ac8fc97f4407,HOKUM,cgv,,26024600,,,,2D,2026-05-27,3bf37356-fcf3-490f-a9db-fa8dcc355443,2026-05-27T16:19:44.740712
3c48b608-6f90-4577-a16d-ac8fc97f4407,TIBA TIBA SETAN,cgv,,26007500,,,,2D,2026-05-27,0ba52e06-3352-4024-ad6e-8acad78f8e63,2026-05-27T16:19:44.740738
3c48b608-6f90-4577-a16d-ac8fc97f4407,DILAN ITB 1997,cgv,,26016100,,,,2D,2026-05-27,61b7c45e-a700-4ebe-bf0b-6f547ae312dd,2026-05-27T16:19:44.740764
3c48b608-6f90-4577-a16d-ac8fc97f4407,YANG LAIN BOLEH HILANG ASAL KAU JANGAN,cgv,,26018300,,,,2D,2026-05-27,8405bebc-00b8-4c4e-840a-fbd30eea25f9,2026-05-27T16:19:44.740793
3c48b608-6f90-4577-a16d-ac8fc97f4407,SALMOKJI WHISPERING WATER,cgv,,26019100,,,,2D,2026-05-27,dc031c88-5d05-4779-82c0-71677b8c6c2e,2026-05-27T16:19:44.740819
3c48b608-6f90-4577-a16d-ac8fc97f4407,THE KINGS WARDEN,cgv,,26015000,,,,2D,2026-05-27,51e54214-976f-4082-8b6e-ef4e7005596b,2026-05-27T16:19:44.740845
3c48b608-6f90-4577-a16d-ac8fc97f4407,GOHAN,cgv,,26022500,,,,2D,2026-05-27,519f76eb-ca6d-4aa3-bb36-ca360f3a9cf2,2026-05-27T16:19:44.740870
3c48b608-6f90-4577-a16d-ac8fc97f4407,THE SHEEP DETECTIVES,cgv,,26019500,,,,2D,2026-05-27,e11bc2da-d82e-4486-b692-327632d27d7d,2026-05-27T16:19:44.740896
3c48b608-6f90-4577-a16d-ac8fc97f4407,AYAH INI ARAHNYA KEMANA YA,cgv,,26011000,,,,2D,2026-05-27,b4648b6d-8667-4038-8a96-f694a287b7c8,2026-05-27T16:19:44.740922
3c48b608-6f90-4577-a16d-ac8fc97f4407,STAR WARS THE MANDALORIAN AND GROGU 3D,cgv,,26025200,,,,2D,2026-05-27,ac0bee0d-f4a0-484e-a631-32186ce4ae00,2026-05-27T16:19:44.740946
3c48b608-6f90-4577-a16d-ac8fc97f4407,THE DEVIL WEARS PRADA 2,cgv,,26019800,,,,2D,2026-05-27,9ce3c6c2-4003-4d9c-9b17-fe8d1c3ae294,2026-05-27T16:19:44.740972
3c48b608-6f90-4577-a16d-ac8fc97f4407,NA WILLA,cgv,,26003200,,,,2D,2026-05-27,e8451bfe-a572-41cc-a895-010d982db9bc,2026-05-27T16:19:44.740998
3c48b608-6f90-4577-a16d-ac8fc97f4407,KELUARGA SUAMI ADALAH HAMA,cgv,,26017700,,,,2D,2026-05-27,74c7417c-fdcf-48ce-a45a-fa7eda6e8543,2026-05-27T16:19:44.741023
d023dbe2-5709-42d8-8071-7c6cd7371ec4,SEKAWAN LIMO 2 GUNUNG KLAWIH,cgv,,26023300,,,,2D,2026-05-27,3f36b0c5-aa97-47ed-a248-152285aa57e6,2026-05-27T16:19:44.847489
d023dbe2-5709-42d8-8071-7c6cd7371ec4,CHILDREN OF HEAVEN,cgv,,26012100,,,,2D,2026-05-27,01687b62-c625-4644-8b1c-4b66e25087fe,2026-05-27T16:19:44.847535
d023dbe2-5709-42d8-8071-7c6cd7371ec4,BADUT GENDONG,cgv,,26016800,,,,2D,2026-05-27,0f461c6d-cca3-4534-a106-6c4ab69b16b5,2026-05-27T16:19:44.847570
d023dbe2-5709-42d8-8071-7c6cd7371ec4,TUMBAL PROYEK,cgv,,26014300,,,,2D,2026-05-27,bea4d034-c4f7-4719-9e8c-07aa1e2d9245,2026-05-27T16:19:44.847602
d023dbe2-5709-42d8-8071-7c6cd7371ec4,STAR WARS THE MANDALORIAN AND GROGU,cgv,,26021200,,,,2D,2026-05-27,5ce1ccce-4986-475b-8dfb-4bc54b7b461e,2026-05-27T16:19:44.847643
d023dbe2-5709-42d8-8071-7c6cd7371ec4,SUAMIKU LUKAKU,cgv,,26025400,,,,2D,2026-05-27,b29eb7a5-89a7-48a2-bb66-2bfe333bd802,2026-05-27T16:19:44.847674
d023dbe2-5709-42d8-8071-7c6cd7371ec4,SEMUA AKAN BAIK BAIK SAJA,cgv,,26018100,,,,2D,2026-05-27,ab03c083-1864-4e34-a6cb-511a3c03e019,2026-05-27T16:19:44.847706
d023dbe2-5709-42d8-8071-7c6cd7371ec4,PASSENGER,cgv,,26023100,,,,2D,2026-05-27,fb997b2c-01f8-4655-906c-b242445fa8a1,2026-05-27T16:19:44.847738
d023dbe2-5709-42d8-8071-7c6cd7371ec4,GUDANG MERICA,cgv,,26019400,,,,2D,2026-05-27,33665b2b-f2e1-4dcc-9383-cea9ecf3ce54,2026-05-27T16:19:44.847769
d023dbe2-5709-42d8-8071-7c6cd7371ec4,GHOST IN THE CELL,cgv,,26011800,,,,2D,2026-05-27,6170aa9d-1de8-4f04-ae01-a8cd250f2af5,2026-05-27T16:19:44.847800
d023dbe2-5709-42d8-8071-7c6cd7371ec4,MORTAL KOMBAT II,cgv,,26018200,,,,2D,2026-05-27,b7982a14-ef6c-4229-97c9-00fae0c5d0f7,2026-05-27T16:19:44.847830
d023dbe2-5709-42d8-8071-7c6cd7371ec4,HOKUM,cgv,,26024600,,,,2D,2026-05-27,3a9c4406-0ed4-481b-b639-94249f36d65d,2026-05-27T16:19:44.847860
d023dbe2-5709-42d8-8071-7c6cd7371ec4,TIBA TIBA SETAN,cgv,,26007500,,,,2D,2026-05-27,3a6f9efb-f726-4851-9a09-2500dcf78eef,2026-05-27T16:19:44.847890
d023dbe2-5709-42d8-8071-7c6cd7371ec4,DILAN ITB 1997,cgv,,26016100,,,,2D,2026-05-27,ffb23db4-3195-4d4a-a7f1-46618d425af4,2026-05-27T16:19:44.847920
d023dbe2-5709-42d8-8071-7c6cd7371ec4,YANG LAIN BOLEH HILANG ASAL KAU JANGAN,cgv,,26018300,,,,2D,2026-05-27,5e278577-7028-4ec6-97a7-77a4bda555a2,2026-05-27T16:19:44.847950
d023dbe2-5709-42d8-8071-7c6cd7371ec4,SALMOKJI WHISPERING WATER,cgv,,26019100,,,,2D,2026-05-27,04d44d7b-3497-418e-a142-77ebba26c530,2026-05-27T16:19:44.847980
d023dbe2-5709-42d8-8071-7c6cd7371ec4,THE KINGS WARDEN,cgv,,26015000,,,,2D,2026-05-27,afe5de15-7df9-4a4f-a7ad-3410384b97c9,2026-05-27T16:19:44.848010
d023dbe2-5709-42d8-8071-7c6cd7371ec4,GOHAN,cgv,,26022500,,,,2D,2026-05-27,2eb18a1f-44a6-4fd8-86a5-8730fcfbe254,2026-05-27T16:19:44.848040
d023dbe2-5709-42d8-8071-7c6cd7371ec4,THE SHEEP DETECTIVES,cgv,,26019500,,,,2D,2026-05-27,e6cdd268-5a2d-475f-9269-a63a2a7b59f7,2026-05-27T16:19:44.848072
d023dbe2-5709-42d8-8071-7c6cd7371ec4,AYAH INI ARAHNYA KEMANA YA,cgv,,26011000,,,,2D,2026-05-27,fde425a4-1ffa-4ef2-9ce3-33f54d4b040c,2026-05-27T16:19:44.848102
d023dbe2-5709-42d8-8071-7c6cd7371ec4,STAR WARS THE MANDALORIAN AND GROGU 3D,cgv,,26025200,,,,2D,2026-05-27,6a5f3031-d2d3-4b66-b651-69a0d803b47a,2026-05-27T16:19:44.848131
d023dbe2-5709-42d8-8071-7c6cd7371ec4,THE DEVIL WEARS PRADA 2,cgv,,26019800,,,,2D,2026-05-27,56d5fe07-d563-4ac7-8a39-b8ac1c166fc8,2026-05-27T16:19:44.848160
d023dbe2-5709-42d8-8071-7c6cd7371ec4,NA WILLA,cgv,,26003200,,,,2D,2026-05-27,74cd71d6-6652-4a94-844b-70045d144bc4,2026-05-27T16:19:44.848204
d023dbe2-5709-42d8-8071-7c6cd7371ec4,KELUARGA SUAMI ADALAH HAMA,cgv,,26017700,,,,2D,2026-05-27,9407ecb1-8da5-49db-91a8-eaa6ade754da,2026-05-27T16:19:44.848236
f6193e1f-1d65-4bca-bd25-fb7d394995ec,SEKAWAN LIMO 2 GUNUNG KLAWIH,cgv,,26023300,,,,2D,2026-05-27,d8d4785b-1ea6-4e5a-86b9-7ee25714f306,2026-05-27T16:19:47.067329
f6193e1f-1d65-4bca-bd25-fb7d394995ec,CHILDREN OF HEAVEN,cgv,,26012100,,,,2D,2026-05-27,9b3cc1df-8c6b-468a-9bba-a3378fea5b3d,2026-05-27T16:19:47.067351
f6193e1f-1d65-4bca-bd25-fb7d394995ec,BADUT GENDONG,cgv,,26016800,,,,2D,2026-05-27,c929e020-c146-4c5a-ab68-35a65cdd3a58,2026-05-27T16:19:47.067364
f6193e1f-1d65-4bca-bd25-fb7d394995ec,TUMBAL PROYEK,cgv,,26014300,,,,2D,2026-05-27,f4dc930a-9e0e-44f1-ad1b-dc5b339277cd,2026-05-27T16:19:47.067376
f6193e1f-1d65-4bca-bd25-fb7d394995ec,STAR WARS THE MANDALORIAN AND GROGU,cgv,,26021200,,,,2D,2026-05-27,02345433-a752-4137-be6f-95b0caf6a264,2026-05-27T16:19:47.067389
f6193e1f-1d65-4bca-bd25-fb7d394995ec,SUAMIKU LUKAKU,cgv,,26025400,,,,2D,2026-05-27,0bf75d85-33c0-4c22-87fc-f592f5469b19,2026-05-27T16:19:47.067401
f6193e1f-1d65-4bca-bd25-fb7d394995ec,SEMUA AKAN BAIK BAIK SAJA,cgv,,26018100,,,,2D,2026-05-27,61baab99-7ee9-47af-8c84-44c5ffd56cb3,2026-05-27T16:19:47.067412
f6193e1f-1d65-4bca-bd25-fb7d394995ec,PASSENGER,cgv,,26023100,,,,2D,2026-05-27,c06bb1d0-5a5e-4355-9de0-830a5d9b3f4f,2026-05-27T16:19:47.067423
f6193e1f-1d65-4bca-bd25-fb7d394995ec,GUDANG MERICA,cgv,,26019400,,,,2D,2026-05-27,ac2ab375-e119-4771-8922-63dbd7502568,2026-05-27T16:19:47.067434
f6193e1f-1d65-4bca-bd25-fb7d394995ec,GHOST IN THE CELL,cgv,,26011800,,,,2D,2026-05-27,a125e962-f72d-4859-a57a-f10ef9668f0c,2026-05-27T16:19:47.067445
f6193e1f-1d65-4bca-bd25-fb7d394995ec,MORTAL KOMBAT II,cgv,,26018200,,,,2D,2026-05-27,3a7f0689-a5e6-4aa2-be85-13a6d529745c,2026-05-27T16:19:47.067456
f6193e1f-1d65-4bca-bd25-fb7d394995ec,HOKUM,cgv,,26024600,,,,2D,2026-05-27,abf0bae4-8ed7-4822-a7f1-94f166979771,2026-05-27T16:19:47.067466
f6193e1f-1d65-4bca-bd25-fb7d394995ec,TIBA TIBA SETAN,cgv,,26007500,,,,2D,2026-05-27,dc05f757-3680-4f62-a6a7-e4d833128345,2026-05-27T16:19:47.067477
f6193e1f-1d65-4bca-bd25-fb7d394995ec,DILAN ITB 1997,cgv,,26016100,,,,2D,2026-05-27,080ecafd-feae-4230-8431-7bc2fef1b789,2026-05-27T16:19:47.067487
f6193e1f-1d65-4bca-bd25-fb7d394995ec,YANG LAIN BOLEH HILANG ASAL KAU JANGAN,cgv,,26018300,,,,2D,2026-05-27,c0b9527a-ac59-4cc3-acae-96311625bde7,2026-05-27T16:19:47.067498
f6193e1f-1d65-4bca-bd25-fb7d394995ec,SALMOKJI WHISPERING WATER,cgv,,26019100,,,,2D,2026-05-27,97cb6b73-7483-4ada-a869-a63735599245,2026-05-27T16:19:47.067508
f6193e1f-1d65-4bca-bd25-fb7d394995ec,THE KINGS WARDEN,cgv,,26015000,,,,2D,2026-05-27,bd0032e3-0057-4507-9ace-80d0d9e068ed,2026-05-27T16:19:47.067518
f6193e1f-1d65-4bca-bd25-fb7d394995ec,GOHAN,cgv,,26022500,,,,2D,2026-05-27,dc723820-0461-49b3-8a39-a8a3b9d85b7c,2026-05-27T16:19:47.067529
f6193e1f-1d65-4bca-bd25-fb7d394995ec,THE SHEEP DETECTIVES,cgv,,26019500,,,,2D,2026-05-27,915cfe4e-1028-41c0-803a-aa73746f0458,2026-05-27T16:19:47.067540
f6193e1f-1d65-4bca-bd25-fb7d394995ec,AYAH INI ARAHNYA KEMANA YA,cgv,,26011000,,,,2D,2026-05-27,5edda1db-a800-48eb-9358-ed79901cc08d,2026-05-27T16:19:47.067551
f6193e1f-1d65-4bca-bd25-fb7d394995ec,STAR WARS THE MANDALORIAN AND GROGU 3D,cgv,,26025200,,,,2D,2026-05-27,04e5bd3b-8aec-4e96-ab42-771d61e64e5b,2026-05-27T16:19:47.067562
f6193e1f-1d65-4bca-bd25-fb7d394995ec,THE DEVIL WEARS PRADA 2,cgv,,26019800,,,,2D,2026-05-27,24229b60-bf76-4fd4-8090-1ac2b56a9c88,2026-05-27T16:19:47.067572
f6193e1f-1d65-4bca-bd25-fb7d394995ec,NA WILLA,cgv,,26003200,,,,2D,2026-05-27,a38b3583-36b2-4f50-94dc-9937074ede37,2026-05-27T16:19:47.067583
f6193e1f-1d65-4bca-bd25-fb7d394995ec,KELUARGA SUAMI ADALAH HAMA,cgv,,26017700,,,,2D,2026-05-27,63278ad1-67ea-4699-87a1-0c13cb23a009,2026-05-27T16:19:47.067593
b7deabd9-3105-493e-9a50-6350cc4d0e30,SEKAWAN LIMO 2 GUNUNG KLAWIH,cgv,,26023300,,,,2D,2026-05-27,419e0f06-e5e0-48c3-be06-6209a0df6579,2026-05-27T16:19:47.993643
b7deabd9-3105-493e-9a50-6350cc4d0e30,CHILDREN OF HEAVEN,cgv,,26012100,,,,2D,2026-05-27,de5f3745-4a46-4225-bedc-194daf8e26fc,2026-05-27T16:19:47.993665
b7deabd9-3105-493e-9a50-6350cc4d0e30,BADUT GENDONG,cgv,,26016800,,,,2D,2026-05-27,46094b30-ff56-48dc-8c15-ce721917ff3f,2026-05-27T16:19:47.993682
b7deabd9-3105-493e-9a50-6350cc4d0e30,TUMBAL PROYEK,cgv,,26014300,,,,2D,2026-05-27,715d5448-3877-4a6b-a608-d8fbb0271983,2026-05-27T16:19:47.993696
b7deabd9-3105-493e-9a50-6350cc4d0e30,STAR WARS THE MANDALORIAN AND GROGU,cgv,,26021200,,,,2D,2026-05-27,5fca636b-7577-451d-b520-dace6643a3a5,2026-05-27T16:19:47.993711
b7deabd9-3105-493e-9a50-6350cc4d0e30,SUAMIKU LUKAKU,cgv,,26025400,,,,2D,2026-05-27,a293de15-a9e0-4d5d-a49e-ad6c87c831d9,2026-05-27T16:19:47.993727
b7deabd9-3105-493e-9a50-6350cc4d0e30,SEMUA AKAN BAIK BAIK SAJA,cgv,,26018100,,,,2D,2026-05-27,0f08874e-9df6-4de9-914e-8129cd7b3560,2026-05-27T16:19:47.993741
b7deabd9-3105-493e-9a50-6350cc4d0e30,PASSENGER,cgv,,26023100,,,,2D,2026-05-27,95c1e19d-0296-4ec3-902c-0218faf5543a,2026-05-27T16:19:47.993755
b7deabd9-3105-493e-9a50-6350cc4d0e30,GUDANG MERICA,cgv,,26019400,,,,2D,2026-05-27,de63a2d9-cb69-4de0-baf6-9db62bb20527,2026-05-27T16:19:47.993767
b7deabd9-3105-493e-9a50-6350cc4d0e30,GHOST IN THE CELL,cgv,,26011800,,,,2D,2026-05-27,d2ee77b6-aa50-4339-bf68-3ce719ec0373,2026-05-27T16:19:47.993781
b7deabd9-3105-493e-9a50-6350cc4d0e30,MORTAL KOMBAT II,cgv,,26018200,,,,2D,2026-05-27,b37458c1-c023-4445-9f9f-65faa0ad4612,2026-05-27T16:19:47.993794
b7deabd9-3105-493e-9a50-6350cc4d0e30,HOKUM,cgv,,26024600,,,,2D,2026-05-27,a9adbb6d-49f7-4b35-aafb-98d6cfa9ebf3,2026-05-27T16:19:47.993807
b7deabd9-3105-493e-9a50-6350cc4d0e30,TIBA TIBA SETAN,cgv,,26007500,,,,2D,2026-05-27,abb1f60d-4a76-43fd-ac5d-b16db0831e22,2026-05-27T16:19:47.993820
b7deabd9-3105-493e-9a50-6350cc4d0e30,DILAN ITB 1997,cgv,,26016100,,,,2D,2026-05-27,5d9fd68d-089e-4d30-b957-585dddaaa2a8,2026-05-27T16:19:47.993833
b7deabd9-3105-493e-9a50-6350cc4d0e30,YANG LAIN BOLEH HILANG ASAL KAU JANGAN,cgv,,26018300,,,,2D,2026-05-27,a2e6a805-61f3-4070-9d0a-af66a64a8e4e,2026-05-27T16:19:47.993859
b7deabd9-3105-493e-9a50-6350cc4d0e30,SALMOKJI WHISPERING WATER,cgv,,26019100,,,,2D,2026-05-27,f23865d4-3b75-4b2b-afeb-c50a4cd3c110,2026-05-27T16:19:47.993888
b7deabd9-3105-493e-9a50-6350cc4d0e30,THE KINGS WARDEN,cgv,,26015000,,,,2D,2026-05-27,67a1054b-1e77-4b70-93ad-53e91ccab57b,2026-05-27T16:19:47.993917
b7deabd9-3105-493e-9a50-6350cc4d0e30,GOHAN,cgv,,26022500,,,,2D,2026-05-27,2a7e7f34-f95d-4fc2-84c7-2884a535099c,2026-05-27T16:19:47.993946
b7deabd9-3105-493e-9a50-6350cc4d0e30,THE SHEEP DETECTIVES,cgv,,26019500,,,,2D,2026-05-27,04420ae2-e021-4f32-82a4-c45fe22942c7,2026-05-27T16:19:47.993978
b7deabd9-3105-493e-9a50-6350cc4d0e30,AYAH INI ARAHNYA KEMANA YA,cgv,,26011000,,,,2D,2026-05-27,4961ec02-b0d7-4895-8e5e-733b1211f104,2026-05-27T16:19:47.994008
b7deabd9-3105-493e-9a50-6350cc4d0e30,STAR WARS THE MANDALORIAN AND GROGU 3D,cgv,,26025200,,,,2D,2026-05-27,d4b6e467-3821-4dfd-98b8-74ae482a54a4,2026-05-27T16:19:47.994027
b7deabd9-3105-493e-9a50-6350cc4d0e30,THE DEVIL WEARS PRADA 2,cgv,,26019800,,,,2D,2026-05-27,398b06d2-62c9-401f-abce-783bbcfdf158,2026-05-27T16:19:47.994040
b7deabd9-3105-493e-9a50-6350cc4d0e30,NA WILLA,cgv,,26003200,,,,2D,2026-05-27,4517080d-53ce-4c55-9578-527b0d929f7e,2026-05-27T16:19:47.994053
b7deabd9-3105-493e-9a50-6350cc4d0e30,KELUARGA SUAMI ADALAH HAMA,cgv,,26017700,,,,2D,2026-05-27,920c14a4-3829-4ce6-88d1-58a95b1194d0,2026-05-27T16:19:47.994066
bac56926-7834-4756-a9c3-a77bb4e34b4b,SEKAWAN LIMO 2 GUNUNG KLAWIH,cgv,,26023300,,,,2D,2026-05-27,8a8fbc8c-e868-4da0-b129-0e826e6bac36,2026-05-27T16:19:48.119210
bac56926-7834-4756-a9c3-a77bb4e34b4b,CHILDREN OF HEAVEN,cgv,,26012100,,,,2D,2026-05-27,75b6ae1d-187b-4d5c-95ba-163423a4caf9,2026-05-27T16:19:48.119257
bac56926-7834-4756-a9c3-a77bb4e34b4b,BADUT GENDONG,cgv,,26016800,,,,2D,2026-05-27,40bf77fa-c9e6-4b25-b598-36b3b63f2390,2026-05-27T16:19:48.119293
bac56926-7834-4756-a9c3-a77bb4e34b4b,TUMBAL PROYEK,cgv,,26014300,,,,2D,2026-05-27,2d1e3027-73e2-475c-bba1-6dc9daf6c9de,2026-05-27T16:19:48.119326
bac56926-7834-4756-a9c3-a77bb4e34b4b,STAR WARS THE MANDALORIAN AND GROGU,cgv,,26021200,,,,2D,2026-05-27,63afb5ee-0caa-41f9-8098-ef173b0b4701,2026-05-27T16:19:48.119366
bac56926-7834-4756-a9c3-a77bb4e34b4b,SUAMIKU LUKAKU,cgv,,26025400,,,,2D,2026-05-27,9b1c6aeb-0ad6-4215-b245-2fe4beae3f39,2026-05-27T16:19:48.119399
bac56926-7834-4756-a9c3-a77bb4e34b4b,SEMUA AKAN BAIK BAIK SAJA,cgv,,26018100,,,,2D,2026-05-27,91eff9bf-8f38-4c0b-811c-9cc2d32ee40e,2026-05-27T16:19:48.119430
bac56926-7834-4756-a9c3-a77bb4e34b4b,PASSENGER,cgv,,26023100,,,,2D,2026-05-27,3ac96b17-b685-49b8-acaf-c8ae160de7a9,2026-05-27T16:19:48.119491
bac56926-7834-4756-a9c3-a77bb4e34b4b,GUDANG MERICA,cgv,,26019400,,,,2D,2026-05-27,228622e6-9b92-4df5-b9fd-5328003f5148,2026-05-27T16:19:48.119570
bac56926-7834-4756-a9c3-a77bb4e34b4b,GHOST IN THE CELL,cgv,,26011800,,,,2D,2026-05-27,46663264-c37f-4d52-9c5f-55e2dda86aee,2026-05-27T16:19:48.119611
bac56926-7834-4756-a9c3-a77bb4e34b4b,MORTAL KOMBAT II,cgv,,26018200,,,,2D,2026-05-27,00951177-dbb6-4252-ae0d-e5fa3782a459,2026-05-27T16:19:48.119647
bac56926-7834-4756-a9c3-a77bb4e34b4b,HOKUM,cgv,,26024600,,,,2D,2026-05-27,bbefa120-fe62-46c9-9877-2f5d534c9d54,2026-05-27T16:19:48.119679
bac56926-7834-4756-a9c3-a77bb4e34b4b,TIBA TIBA SETAN,cgv,,26007500,,,,2D,2026-05-27,813834de-5984-419a-a146-5a860b97dcdd,2026-05-27T16:19:48.119710
bac56926-7834-4756-a9c3-a77bb4e34b4b,DILAN ITB 1997,cgv,,26016100,,,,2D,2026-05-27,2c051c55-ff9e-41c7-849b-c68a01b20eca,2026-05-27T16:19:48.119741
bac56926-7834-4756-a9c3-a77bb4e34b4b,YANG LAIN BOLEH HILANG ASAL KAU JANGAN,cgv,,26018300,,,,2D,2026-05-27,1465ddb4-0c60-465d-9d58-3a34daf84ae6,2026-05-27T16:19:48.119773
bac56926-7834-4756-a9c3-a77bb4e34b4b,SALMOKJI WHISPERING WATER,cgv,,26019100,,,,2D,2026-05-27,6c496cd3-abc7-45bf-a025-18869138eb33,2026-05-27T16:19:48.119831
bac56926-7834-4756-a9c3-a77bb4e34b4b,THE KINGS WARDEN,cgv,,26015000,,,,2D,2026-05-27,9200ad0d-a6f1-442b-8b1e-442cec37e05e,2026-05-27T16:19:48.119864
bac56926-7834-4756-a9c3-a77bb4e34b4b,GOHAN,cgv,,26022500,,,,2D,2026-05-27,aa8add30-3a0e-4608-9998-ca4c4544bd5f,2026-05-27T16:19:48.119894
bac56926-7834-4756-a9c3-a77bb4e34b4b,THE SHEEP DETECTIVES,cgv,,26019500,,,,2D,2026-05-27,ccb7190c-5141-4418-ac8f-f82fe8ce830f,2026-05-27T16:19:48.119926
bac56926-7834-4756-a9c3-a77bb4e34b4b,AYAH INI ARAHNYA KEMANA YA,cgv,,26011000,,,,2D,2026-05-27,222c01ad-f608-4af1-9bdf-e3daa4aa5583,2026-05-27T16:19:48.119956
bac56926-7834-4756-a9c3-a77bb4e34b4b,STAR WARS THE MANDALORIAN AND GROGU 3D,cgv,,26025200,,,,2D,2026-05-27,a92a9b1b-3190-4105-b739-ac1430972c75,2026-05-27T16:19:48.119985
bac56926-7834-4756-a9c3-a77bb4e34b4b,THE DEVIL WEARS PRADA 2,cgv,,26019800,,,,2D,2026-05-27,99b974a9-353f-4f26-85e7-cc967ae2cff3,2026-05-27T16:19:48.120015
bac56926-7834-4756-a9c3-a77bb4e34b4b,NA WILLA,cgv,,26003200,,,,2D,2026-05-27,8e3208c7-40b5-47a2-b64c-c11903c54a28,2026-05-27T16:19:48.120044
bac56926-7834-4756-a9c3-a77bb4e34b4b,KELUARGA SUAMI ADALAH HAMA,cgv,,26017700,,,,2D,2026-05-27,7ffdf70b-083a-462c-9bf1-085cfdbabd5c,2026-05-27T16:19:48.120073
e834ef2a-d438-45c1-9b48-f528668c5490,SEKAWAN LIMO 2 GUNUNG KLAWIH,cgv,,26023300,,,,2D,2026-05-27,c91a0102-3e1c-4e7c-8fce-0b97b5dc61fa,2026-05-27T16:19:48.613199
e834ef2a-d438-45c1-9b48-f528668c5490,CHILDREN OF HEAVEN,cgv,,26012100,,,,2D,2026-05-27,b45fbbf4-b9bb-4a53-a90e-4f075b089f94,2026-05-27T16:19:48.613232
e834ef2a-d438-45c1-9b48-f528668c5490,BADUT GENDONG,cgv,,26016800,,,,2D,2026-05-27,8cccb65f-d9d9-451f-b8e7-a2aebbf288ca,2026-05-27T16:19:48.613257
e834ef2a-d438-45c1-9b48-f528668c5490,TUMBAL PROYEK,cgv,,26014300,,,,2D,2026-05-27,7ced34c3-d788-4014-9a31-7a5c171bc4bf,2026-05-27T16:19:48.613280
e834ef2a-d438-45c1-9b48-f528668c5490,STAR WARS THE MANDALORIAN AND GROGU,cgv,,26021200,,,,2D,2026-05-27,412cdb11-fe79-44f9-b1b5-d4fce113ff41,2026-05-27T16:19:48.613304
e834ef2a-d438-45c1-9b48-f528668c5490,SUAMIKU LUKAKU,cgv,,26025400,,,,2D,2026-05-27,be61fd17-62c5-40be-9254-c915124cbcdc,2026-05-27T16:19:48.613326
e834ef2a-d438-45c1-9b48-f528668c5490,SEMUA AKAN BAIK BAIK SAJA,cgv,,26018100,,,,2D,2026-05-27,885e4fd6-ceed-4627-9e6a-3d0664a1b738,2026-05-27T16:19:48.613348
e834ef2a-d438-45c1-9b48-f528668c5490,PASSENGER,cgv,,26023100,,,,2D,2026-05-27,32071d6e-d829-4afd-b9a4-c5da9f036682,2026-05-27T16:19:48.613387
e834ef2a-d438-45c1-9b48-f528668c5490,GUDANG MERICA,cgv,,26019400,,,,2D,2026-05-27,0fe08ac2-ef0b-453b-a4c1-0e1f0f2a5b8f,2026-05-27T16:19:48.613414
e834ef2a-d438-45c1-9b48-f528668c5490,GHOST IN THE CELL,cgv,,26011800,,,,2D,2026-05-27,166ae49a-f5ad-4455-bab0-0e0fb56460bc,2026-05-27T16:19:48.613436
e834ef2a-d438-45c1-9b48-f528668c5490,MORTAL KOMBAT II,cgv,,26018200,,,,2D,2026-05-27,78f667a8-1f3a-4ca7-9776-1f51ace75998,2026-05-27T16:19:48.613458
e834ef2a-d438-45c1-9b48-f528668c5490,HOKUM,cgv,,26024600,,,,2D,2026-05-27,ce90656c-65cc-4903-b9b2-270de29d22e7,2026-05-27T16:19:48.613478
e834ef2a-d438-45c1-9b48-f528668c5490,TIBA TIBA SETAN,cgv,,26007500,,,,2D,2026-05-27,dc7ff173-6be6-40fe-8272-d2d82ea0a671,2026-05-27T16:19:48.613499
e834ef2a-d438-45c1-9b48-f528668c5490,DILAN ITB 1997,cgv,,26016100,,,,2D,2026-05-27,778cf09a-87d1-4bb5-bd10-65fdda2e1fcc,2026-05-27T16:19:48.613520
e834ef2a-d438-45c1-9b48-f528668c5490,YANG LAIN BOLEH HILANG ASAL KAU JANGAN,cgv,,26018300,,,,2D,2026-05-27,8dcf1361-0e35-41cb-bb4d-7f11c979364d,2026-05-27T16:19:48.613541
e834ef2a-d438-45c1-9b48-f528668c5490,SALMOKJI WHISPERING WATER,cgv,,26019100,,,,2D,2026-05-27,12e72fde-f89c-4161-be87-3e97ba328215,2026-05-27T16:19:48.613561
e834ef2a-d438-45c1-9b48-f528668c5490,THE KINGS WARDEN,cgv,,26015000,,,,2D,2026-05-27,caec9c23-520e-42c6-bd04-7c0345a6943b,2026-05-27T16:19:48.613582
e834ef2a-d438-45c1-9b48-f528668c5490,GOHAN,cgv,,26022500,,,,2D,2026-05-27,b6656391-13e0-4636-a6e3-424d3e16b0f8,2026-05-27T16:19:48.613602
e834ef2a-d438-45c1-9b48-f528668c5490,THE SHEEP DETECTIVES,cgv,,26019500,,,,2D,2026-05-27,7fe05275-b167-466a-b741-ba39f8e5e339,2026-05-27T16:19:48.613623
e834ef2a-d438-45c1-9b48-f528668c5490,AYAH INI ARAHNYA KEMANA YA,cgv,,26011000,,,,2D,2026-05-27,fcd7ecd6-be7f-46de-9982-290aefe73dee,2026-05-27T16:19:48.613644
e834ef2a-d438-45c1-9b48-f528668c5490,STAR WARS THE MANDALORIAN AND GROGU 3D,cgv,,26025200,,,,2D,2026-05-27,ccd849f1-9ddb-4c8b-b48b-de86091a6b35,2026-05-27T16:19:48.613664
e834ef2a-d438-45c1-9b48-f528668c5490,THE DEVIL WEARS PRADA 2,cgv,,26019800,,,,2D,2026-05-27,53a6b976-5a2e-4236-aa79-7c4888022eed,2026-05-27T16:19:48.613684
e834ef2a-d438-45c1-9b48-f528668c5490,NA WILLA,cgv,,26003200,,,,2D,2026-05-27,7034bfd9-a4ef-4904-9e03-8eefe526dc65,2026-05-27T16:19:48.613704
e834ef2a-d438-45c1-9b48-f528668c5490,KELUARGA SUAMI ADALAH HAMA,cgv,,26017700,,,,2D,2026-05-27,3b612619-4cce-49d1-85d2-982f0baeabe9,2026-05-27T16:19:48.613723
2c12301e-5633-43d8-849d-3489c1d07ecf,SEKAWAN LIMO 2 GUNUNG KLAWIH,cgv,,26023300,,,,2D,2026-05-27,188dc43c-d04f-411f-946f-b7694d5e72ca,2026-05-27T16:19:48.142820
2c12301e-5633-43d8-849d-3489c1d07ecf,CHILDREN OF HEAVEN,cgv,,26012100,,,,2D,2026-05-27,040f3e84-03b0-40c5-95bf-883e05bedec1,2026-05-27T16:19:48.142862
2c12301e-5633-43d8-849d-3489c1d07ecf,BADUT GENDONG,cgv,,26016800,,,,2D,2026-05-27,88917070-9725-427e-b2fe-540bdde01415,2026-05-27T16:19:48.142892
2c12301e-5633-43d8-849d-3489c1d07ecf,TUMBAL PROYEK,cgv,,26014300,,,,2D,2026-05-27,d2b102de-7bee-4842-89f2-15054ae0ba4e,2026-05-27T16:19:48.142919
2c12301e-5633-43d8-849d-3489c1d07ecf,STAR WARS THE MANDALORIAN AND GROGU,cgv,,26021200,,,,2D,2026-05-27,977d210e-1cda-406a-b063-9c86e5f758d8,2026-05-27T16:19:48.142948
2c12301e-5633-43d8-849d-3489c1d07ecf,SUAMIKU LUKAKU,cgv,,26025400,,,,2D,2026-05-27,4c564cb7-1f6d-4622-866a-098eb6e4404a,2026-05-27T16:19:48.142974
2c12301e-5633-43d8-849d-3489c1d07ecf,SEMUA AKAN BAIK BAIK SAJA,cgv,,26018100,,,,2D,2026-05-27,4fa57214-3e82-44b9-af5f-65d9cb6c1145,2026-05-27T16:19:48.142999
2c12301e-5633-43d8-849d-3489c1d07ecf,PASSENGER,cgv,,26023100,,,,2D,2026-05-27,47b762bb-c884-4e84-9217-f8529c2768f8,2026-05-27T16:19:48.143025
2c12301e-5633-43d8-849d-3489c1d07ecf,GUDANG MERICA,cgv,,26019400,,,,2D,2026-05-27,f076c74a-ceae-4d9e-b7ea-3b07ff7eb64a,2026-05-27T16:19:48.143049
2c12301e-5633-43d8-849d-3489c1d07ecf,GHOST IN THE CELL,cgv,,26011800,,,,2D,2026-05-27,55973047-fb85-4f1c-8f02-cbe02ccb0d4e,2026-05-27T16:19:48.143073
2c12301e-5633-43d8-849d-3489c1d07ecf,MORTAL KOMBAT II,cgv,,26018200,,,,2D,2026-05-27,a349d5ff-fd0f-4876-963c-7b7ab98788b0,2026-05-27T16:19:48.143098
2c12301e-5633-43d8-849d-3489c1d07ecf,HOKUM,cgv,,26024600,,,,2D,2026-05-27,c1534dc0-411a-4319-bf8e-adba76405804,2026-05-27T16:19:48.143122
2c12301e-5633-43d8-849d-3489c1d07ecf,TIBA TIBA SETAN,cgv,,26007500,,,,2D,2026-05-27,da4b9c2d-3725-485a-bdc2-d3408761a2e3,2026-05-27T16:19:48.143147
2c12301e-5633-43d8-849d-3489c1d07ecf,DILAN ITB 1997,cgv,,26016100,,,,2D,2026-05-27,d408282e-8c4f-471f-90fc-7b9d1b3eb50d,2026-05-27T16:19:48.143172
2c12301e-5633-43d8-849d-3489c1d07ecf,YANG LAIN BOLEH HILANG ASAL KAU JANGAN,cgv,,26018300,,,,2D,2026-05-27,ebbc62e4-956e-4f5d-bc55-713635da3e02,2026-05-27T16:19:48.143196
2c12301e-5633-43d8-849d-3489c1d07ecf,SALMOKJI WHISPERING WATER,cgv,,26019100,,,,2D,2026-05-27,345c6d34-3f22-4ff4-8052-949e863dedc2,2026-05-27T16:19:48.143221
2c12301e-5633-43d8-849d-3489c1d07ecf,THE KINGS WARDEN,cgv,,26015000,,,,2D,2026-05-27,2870794b-d8c2-4874-b5b9-bdbc4bc1833c,2026-05-27T16:19:48.143245
2c12301e-5633-43d8-849d-3489c1d07ecf,GOHAN,cgv,,26022500,,,,2D,2026-05-27,d1e5bbcd-c58e-4055-80f9-85431d05122f,2026-05-27T16:19:48.143270
2c12301e-5633-43d8-849d-3489c1d07ecf,THE SHEEP DETECTIVES,cgv,,26019500,,,,2D,2026-05-27,4d82ca1e-afbe-4619-96e9-1e7f5edeee07,2026-05-27T16:19:48.143298
2c12301e-5633-43d8-849d-3489c1d07ecf,AYAH INI ARAHNYA KEMANA YA,cgv,,26011000,,,,2D,2026-05-27,5f123aba-0f97-4e16-acab-a0979bc6e2ad,2026-05-27T16:19:48.143322
2c12301e-5633-43d8-849d-3489c1d07ecf,STAR WARS THE MANDALORIAN AND GROGU 3D,cgv,,26025200,,,,2D,2026-05-27,9b5bcbf6-a3b5-4a3a-8677-4a73f2e4fd72,2026-05-27T16:19:48.143347
2c12301e-5633-43d8-849d-3489c1d07ecf,THE DEVIL WEARS PRADA 2,cgv,,26019800,,,,2D,2026-05-27,b3c8a1b0-110e-4487-8669-9f8904e96e03,2026-05-27T16:19:48.143371
2c12301e-5633-43d8-849d-3489c1d07ecf,NA WILLA,cgv,,26003200,,,,2D,2026-05-27,4fd63ef6-e16b-4e28-8b94-498be5d4ea41,2026-05-27T16:19:48.143395
2c12301e-5633-43d8-849d-3489c1d07ecf,KELUARGA SUAMI ADALAH HAMA,cgv,,26017700,,,,2D,2026-05-27,2c4f9562-8b05-4a13-8ce5-88c74f2a2123,2026-05-27T16:19:48.143419
21ba1f29-ba2f-4848-a94b-da71124f056d,SEKAWAN LIMO 2 GUNUNG KLAWIH,cgv,,26023300,,,,2D,2026-05-27,84a0d8ee-919b-41d4-abf6-b9620a9000e6,2026-05-27T16:19:50.549160
21ba1f29-ba2f-4848-a94b-da71124f056d,CHILDREN OF HEAVEN,cgv,,26012100,,,,2D,2026-05-27,8ccc9466-c4e2-410d-917b-76b3a4cbbdb9,2026-05-27T16:19:50.549208
21ba1f29-ba2f-4848-a94b-da71124f056d,BADUT GENDONG,cgv,,26016800,,,,2D,2026-05-27,7a68c6f3-5ff7-4909-88fe-292894e48b8b,2026-05-27T16:19:50.549244
21ba1f29-ba2f-4848-a94b-da71124f056d,TUMBAL PROYEK,cgv,,26014300,,,,2D,2026-05-27,70cfa255-4f98-4631-b0dd-dea1861508c4,2026-05-27T16:19:50.549277
21ba1f29-ba2f-4848-a94b-da71124f056d,STAR WARS THE MANDALORIAN AND GROGU,cgv,,26021200,,,,2D,2026-05-27,08c4d718-9d5c-4338-901e-8b7019de34c0,2026-05-27T16:19:50.549310
21ba1f29-ba2f-4848-a94b-da71124f056d,SUAMIKU LUKAKU,cgv,,26025400,,,,2D,2026-05-27,ea186ab3-5abd-4164-9f58-f87b09280c3f,2026-05-27T16:19:50.549341
21ba1f29-ba2f-4848-a94b-da71124f056d,SEMUA AKAN BAIK BAIK SAJA,cgv,,26018100,,,,2D,2026-05-27,d54d576e-6230-48ee-ae2c-8656c298b438,2026-05-27T16:19:50.549372
21ba1f29-ba2f-4848-a94b-da71124f056d,PASSENGER,cgv,,26023100,,,,2D,2026-05-27,48459564-704d-4f41-9999-f89aeaf3c036,2026-05-27T16:19:50.549402
21ba1f29-ba2f-4848-a94b-da71124f056d,GUDANG MERICA,cgv,,26019400,,,,2D,2026-05-27,46e3527a-0d83-4db0-83cd-a55c3c25cceb,2026-05-27T16:19:50.549433
21ba1f29-ba2f-4848-a94b-da71124f056d,GHOST IN THE CELL,cgv,,26011800,,,,2D,2026-05-27,81f4c3a8-a894-4835-ad8d-63b82d12a235,2026-05-27T16:19:50.549464
21ba1f29-ba2f-4848-a94b-da71124f056d,MORTAL KOMBAT II,cgv,,26018200,,,,2D,2026-05-27,1179956e-def6-4b12-9aba-4c86b7e6bb00,2026-05-27T16:19:50.549495
21ba1f29-ba2f-4848-a94b-da71124f056d,HOKUM,cgv,,26024600,,,,2D,2026-05-27,027419b5-0137-4295-a3be-8f20c97b9d65,2026-05-27T16:19:50.549525
21ba1f29-ba2f-4848-a94b-da71124f056d,TIBA TIBA SETAN,cgv,,26007500,,,,2D,2026-05-27,5885ffde-1b64-4fb6-acb7-8f2e314de74d,2026-05-27T16:19:50.549555
21ba1f29-ba2f-4848-a94b-da71124f056d,DILAN ITB 1997,cgv,,26016100,,,,2D,2026-05-27,c4d8de37-03ce-49b4-bf0a-bdc262a56de8,2026-05-27T16:19:50.549584
21ba1f29-ba2f-4848-a94b-da71124f056d,YANG LAIN BOLEH HILANG ASAL KAU JANGAN,cgv,,26018300,,,,2D,2026-05-27,8132307a-dd42-43a1-a3ba-ce7e953176d2,2026-05-27T16:19:50.549615
21ba1f29-ba2f-4848-a94b-da71124f056d,SALMOKJI WHISPERING WATER,cgv,,26019100,,,,2D,2026-05-27,0e3d7cdc-d8a2-4db9-bf87-b98ca64a516b,2026-05-27T16:19:50.549647
21ba1f29-ba2f-4848-a94b-da71124f056d,THE KINGS WARDEN,cgv,,26015000,,,,2D,2026-05-27,ff2aef0f-ed81-4506-a753-d773cd21f4e8,2026-05-27T16:19:50.549678
21ba1f29-ba2f-4848-a94b-da71124f056d,GOHAN,cgv,,26022500,,,,2D,2026-05-27,d336f78d-c2f1-4a96-af06-b854f2c5a85b,2026-05-27T16:19:50.549708
21ba1f29-ba2f-4848-a94b-da71124f056d,THE SHEEP DETECTIVES,cgv,,26019500,,,,2D,2026-05-27,3f31d13f-9dd6-4a6b-a894-580b3c3834df,2026-05-27T16:19:50.549740
21ba1f29-ba2f-4848-a94b-da71124f056d,AYAH INI ARAHNYA KEMANA YA,cgv,,26011000,,,,2D,2026-05-27,2a00516d-2959-4cb7-a916-3dfdbb4b9530,2026-05-27T16:19:50.549770
21ba1f29-ba2f-4848-a94b-da71124f056d,STAR WARS THE MANDALORIAN AND GROGU 3D,cgv,,26025200,,,,2D,2026-05-27,bed7820f-7d59-44f3-a322-a12b2edefd97,2026-05-27T16:19:50.549799
21ba1f29-ba2f-4848-a94b-da71124f056d,THE DEVIL WEARS PRADA 2,cgv,,26019800,,,,2D,2026-05-27,2c61d085-dcf6-4775-ba4b-7869c0a72b1e,2026-05-27T16:19:50.549829
21ba1f29-ba2f-4848-a94b-da71124f056d,NA WILLA,cgv,,26003200,,,,2D,2026-05-27,843496ca-51d9-423f-8db8-296d3a8dc452,2026-05-27T16:19:50.549859
21ba1f29-ba2f-4848-a94b-da71124f056d,KELUARGA SUAMI ADALAH HAMA,cgv,,26017700,,,,2D,2026-05-27,e6743786-fdca-423e-ae91-7ed80e494524,2026-05-27T16:19:50.549887
4aed2e08-a8bb-4eca-a739-a68abcab54b3,SEKAWAN LIMO 2 GUNUNG KLAWIH,cgv,,26023300,,,,2D,2026-05-27,23cc94c4-a047-4cb9-9e04-13ed58c2c8a1,2026-05-27T16:19:51.331886
4aed2e08-a8bb-4eca-a739-a68abcab54b3,CHILDREN OF HEAVEN,cgv,,26012100,,,,2D,2026-05-27,6306d15d-788b-4489-a227-23c6f64f4222,2026-05-27T16:19:51.331907
4aed2e08-a8bb-4eca-a739-a68abcab54b3,BADUT GENDONG,cgv,,26016800,,,,2D,2026-05-27,b0298047-6ad0-4a54-9b2c-af063432c1bb,2026-05-27T16:19:51.331923
4aed2e08-a8bb-4eca-a739-a68abcab54b3,TUMBAL PROYEK,cgv,,26014300,,,,2D,2026-05-27,aa9f144c-dc52-4daf-8c27-df9c0452a214,2026-05-27T16:19:51.331937
4aed2e08-a8bb-4eca-a739-a68abcab54b3,STAR WARS THE MANDALORIAN AND GROGU,cgv,,26021200,,,,2D,2026-05-27,3f954df8-bac4-4823-9c98-573d97324bd7,2026-05-27T16:19:51.331952
4aed2e08-a8bb-4eca-a739-a68abcab54b3,SUAMIKU LUKAKU,cgv,,26025400,,,,2D,2026-05-27,0256e47d-3032-4f84-b53c-41a65ba1f4cc,2026-05-27T16:19:51.331965
4aed2e08-a8bb-4eca-a739-a68abcab54b3,SEMUA AKAN BAIK BAIK SAJA,cgv,,26018100,,,,2D,2026-05-27,8cfe2ab2-e692-4bd4-bb79-b06147b308a0,2026-05-27T16:19:51.331978
4aed2e08-a8bb-4eca-a739-a68abcab54b3,PASSENGER,cgv,,26023100,,,,2D,2026-05-27,e7c21c13-6480-4bb4-8c66-c627a01e2d90,2026-05-27T16:19:51.331990
4aed2e08-a8bb-4eca-a739-a68abcab54b3,GUDANG MERICA,cgv,,26019400,,,,2D,2026-05-27,afe49f83-59b6-48e4-bdbb-82d3a98066cd,2026-05-27T16:19:51.332002
4aed2e08-a8bb-4eca-a739-a68abcab54b3,GHOST IN THE CELL,cgv,,26011800,,,,2D,2026-05-27,e70dde57-e0c0-40c7-bb88-e138ea5d27bb,2026-05-27T16:19:51.332014
4aed2e08-a8bb-4eca-a739-a68abcab54b3,MORTAL KOMBAT II,cgv,,26018200,,,,2D,2026-05-27,859b95bd-2c35-4330-a7a3-98190aa21ec7,2026-05-27T16:19:51.332031
4aed2e08-a8bb-4eca-a739-a68abcab54b3,HOKUM,cgv,,26024600,,,,2D,2026-05-27,9a26b421-685f-4c4b-b96d-5c2ae496a891,2026-05-27T16:19:51.332044
4aed2e08-a8bb-4eca-a739-a68abcab54b3,TIBA TIBA SETAN,cgv,,26007500,,,,2D,2026-05-27,c29b74ea-7279-4a05-ae96-4bc8037f7b93,2026-05-27T16:19:51.332056
4aed2e08-a8bb-4eca-a739-a68abcab54b3,DILAN ITB 1997,cgv,,26016100,,,,2D,2026-05-27,d1b974c3-2434-40c7-a254-d6cd703fe127,2026-05-27T16:19:51.332068
4aed2e08-a8bb-4eca-a739-a68abcab54b3,YANG LAIN BOLEH HILANG ASAL KAU JANGAN,cgv,,26018300,,,,2D,2026-05-27,2d016695-8096-4401-81bb-579de7ade514,2026-05-27T16:19:51.332080
4aed2e08-a8bb-4eca-a739-a68abcab54b3,SALMOKJI WHISPERING WATER,cgv,,26019100,,,,2D,2026-05-27,c0e12c60-8d3f-4498-b890-236942f1ab65,2026-05-27T16:19:51.332093
4aed2e08-a8bb-4eca-a739-a68abcab54b3,THE KINGS WARDEN,cgv,,26015000,,,,2D,2026-05-27,29806d6a-0563-4e50-a773-a8d6bda88672,2026-05-27T16:19:51.332105
4aed2e08-a8bb-4eca-a739-a68abcab54b3,GOHAN,cgv,,26022500,,,,2D,2026-05-27,64039487-83e6-4de4-bd00-96d6da9b3e0c,2026-05-27T16:19:51.332117
4aed2e08-a8bb-4eca-a739-a68abcab54b3,THE SHEEP DETECTIVES,cgv,,26019500,,,,2D,2026-05-27,0f1e8854-2812-4fd0-b11c-9539cf5ddf1f,2026-05-27T16:19:51.332131
4aed2e08-a8bb-4eca-a739-a68abcab54b3,AYAH INI ARAHNYA KEMANA YA,cgv,,26011000,,,,2D,2026-05-27,83a7e9b4-7d86-4ab3-b801-2749e8dc353a,2026-05-27T16:19:51.332143
4aed2e08-a8bb-4eca-a739-a68abcab54b3,STAR WARS THE MANDALORIAN AND GROGU 3D,cgv,,26025200,,,,2D,2026-05-27,a5c7879b-e395-4234-a732-87e3fee10b76,2026-05-27T16:19:51.332154
4aed2e08-a8bb-4eca-a739-a68abcab54b3,THE DEVIL WEARS PRADA 2,cgv,,26019800,,,,2D,2026-05-27,fad7a5ff-953e-4a58-a5f2-fe5749d86296,2026-05-27T16:19:51.332166
4aed2e08-a8bb-4eca-a739-a68abcab54b3,NA WILLA,cgv,,26003200,,,,2D,2026-05-27,3573de1f-6899-414a-83a2-4f47d3494dd3,2026-05-27T16:19:51.332177
4aed2e08-a8bb-4eca-a739-a68abcab54b3,KELUARGA SUAMI ADALAH HAMA,cgv,,26017700,,,,2D,2026-05-27,5fb66f63-3528-4c7b-8da5-7f333fa84c78,2026-05-27T16:19:51.332189
2b9673a2-a7ae-457d-bb2c-3cfb0b4a7cc4,SEKAWAN LIMO 2 GUNUNG KLAWIH,cgv,,26023300,,,,2D,2026-05-27,4eb985a6-f5f8-4e8b-8b80-c4a691634900,2026-05-27T16:19:51.541373
2b9673a2-a7ae-457d-bb2c-3cfb0b4a7cc4,CHILDREN OF HEAVEN,cgv,,26012100,,,,2D,2026-05-27,abeb2979-e46d-475f-a77b-7346062529b4,2026-05-27T16:19:51.541398
2b9673a2-a7ae-457d-bb2c-3cfb0b4a7cc4,BADUT GENDONG,cgv,,26016800,,,,2D,2026-05-27,00f8c069-91cd-4224-a0b8-ee193bc39c6c,2026-05-27T16:19:51.541416
2b9673a2-a7ae-457d-bb2c-3cfb0b4a7cc4,TUMBAL PROYEK,cgv,,26014300,,,,2D,2026-05-27,fdefc817-f6fc-48ce-a5af-908961260227,2026-05-27T16:19:51.541432
2b9673a2-a7ae-457d-bb2c-3cfb0b4a7cc4,STAR WARS THE MANDALORIAN AND GROGU,cgv,,26021200,,,,2D,2026-05-27,95c77ef5-02da-4912-b18e-369c55fc7b83,2026-05-27T16:19:51.541448
2b9673a2-a7ae-457d-bb2c-3cfb0b4a7cc4,SUAMIKU LUKAKU,cgv,,26025400,,,,2D,2026-05-27,3afc3a86-e5d8-493f-bd73-ab9f1ee63235,2026-05-27T16:19:51.541463
2b9673a2-a7ae-457d-bb2c-3cfb0b4a7cc4,SEMUA AKAN BAIK BAIK SAJA,cgv,,26018100,,,,2D,2026-05-27,334998df-9f02-451c-a4ab-bf694db99e80,2026-05-27T16:19:51.541477
2b9673a2-a7ae-457d-bb2c-3cfb0b4a7cc4,PASSENGER,cgv,,26023100,,,,2D,2026-05-27,68eab800-9535-4332-abbc-7ba1bc2434e5,2026-05-27T16:19:51.541492
2b9673a2-a7ae-457d-bb2c-3cfb0b4a7cc4,GUDANG MERICA,cgv,,26019400,,,,2D,2026-05-27,99545251-8360-4919-b91e-c260ad6334be,2026-05-27T16:19:51.541507
2b9673a2-a7ae-457d-bb2c-3cfb0b4a7cc4,GHOST IN THE CELL,cgv,,26011800,,,,2D,2026-05-27,14ec997a-b9b0-4f2f-8d88-d44233819491,2026-05-27T16:19:51.541522
2b9673a2-a7ae-457d-bb2c-3cfb0b4a7cc4,MORTAL KOMBAT II,cgv,,26018200,,,,2D,2026-05-27,008de645-a81b-4198-af21-923c6553ec15,2026-05-27T16:19:51.541537
2b9673a2-a7ae-457d-bb2c-3cfb0b4a7cc4,HOKUM,cgv,,26024600,,,,2D,2026-05-27,4f077d17-4aa3-44ff-b602-3414a040c6d8,2026-05-27T16:19:51.541552
2b9673a2-a7ae-457d-bb2c-3cfb0b4a7cc4,TIBA TIBA SETAN,cgv,,26007500,,,,2D,2026-05-27,1e06da40-92af-48cd-8982-e6429fbe6f68,2026-05-27T16:19:51.541567
2b9673a2-a7ae-457d-bb2c-3cfb0b4a7cc4,DILAN ITB 1997,cgv,,26016100,,,,2D,2026-05-27,7f9d0f91-427c-4f0b-a47b-d3e9588f4e42,2026-05-27T16:19:51.541581
2b9673a2-a7ae-457d-bb2c-3cfb0b4a7cc4,YANG LAIN BOLEH HILANG ASAL KAU JANGAN,cgv,,26018300,,,,2D,2026-05-27,3d477bec-2538-407c-9a46-7008acf3b39a,2026-05-27T16:19:51.541595
2b9673a2-a7ae-457d-bb2c-3cfb0b4a7cc4,SALMOKJI WHISPERING WATER,cgv,,26019100,,,,2D,2026-05-27,9cea5403-0213-4b32-bc7e-54e0ba384ca7,2026-05-27T16:19:51.541609
2b9673a2-a7ae-457d-bb2c-3cfb0b4a7cc4,THE KINGS WARDEN,cgv,,26015000,,,,2D,2026-05-27,dddad96d-0a9e-4cc0-915b-178149350983,2026-05-27T16:19:51.541623
2b9673a2-a7ae-457d-bb2c-3cfb0b4a7cc4,GOHAN,cgv,,26022500,,,,2D,2026-05-27,d4a18148-cec1-4257-b13c-f87e50e8ee12,2026-05-27T16:19:51.541637
2b9673a2-a7ae-457d-bb2c-3cfb0b4a7cc4,THE SHEEP DETECTIVES,cgv,,26019500,,,,2D,2026-05-27,cef08826-c62b-45fd-a4ee-c30c8b4a6404,2026-05-27T16:19:51.541652
2b9673a2-a7ae-457d-bb2c-3cfb0b4a7cc4,AYAH INI ARAHNYA KEMANA YA,cgv,,26011000,,,,2D,2026-05-27,8c07d90d-d1b2-4225-9d45-e8e0489fa43e,2026-05-27T16:19:51.541666
2b9673a2-a7ae-457d-bb2c-3cfb0b4a7cc4,STAR WARS THE MANDALORIAN AND GROGU 3D,cgv,,26025200,,,,2D,2026-05-27,e421c299-54b4-4d4d-807e-73db05b56b7c,2026-05-27T16:19:51.541679
2b9673a2-a7ae-457d-bb2c-3cfb0b4a7cc4,THE DEVIL WEARS PRADA 2,cgv,,26019800,,,,2D,2026-05-27,eee7a57a-dfaf-4485-ba33-a0ed8406b008,2026-05-27T16:19:51.541693
2b9673a2-a7ae-457d-bb2c-3cfb0b4a7cc4,NA WILLA,cgv,,26003200,,,,2D,2026-05-27,38c7a784-5f30-4162-8bbd-d978e7d73ae5,2026-05-27T16:19:51.541707
2b9673a2-a7ae-457d-bb2c-3cfb0b4a7cc4,KELUARGA SUAMI ADALAH HAMA,cgv,,26017700,,,,2D,2026-05-27,b4afaeb4-694c-47bb-af81-ad14ac82e5ad,2026-05-27T16:19:51.541721
3eac1311-cb00-460d-aa32-05c6789259e4,SEKAWAN LIMO 2 GUNUNG KLAWIH,cgv,,26023300,,,,2D,2026-05-27,4d0fb13a-eec1-446c-92bc-e2aac9545485,2026-05-27T16:19:51.573127
3eac1311-cb00-460d-aa32-05c6789259e4,CHILDREN OF HEAVEN,cgv,,26012100,,,,2D,2026-05-27,71ad6519-877c-4f88-9bb1-6a9cf7cca789,2026-05-27T16:19:51.573150
3eac1311-cb00-460d-aa32-05c6789259e4,BADUT GENDONG,cgv,,26016800,,,,2D,2026-05-27,d571bfb2-a9ef-4567-9904-7e535065bf5c,2026-05-27T16:19:51.573167
3eac1311-cb00-460d-aa32-05c6789259e4,TUMBAL PROYEK,cgv,,26014300,,,,2D,2026-05-27,73eacdb7-9a45-4d4e-b666-77f9137f7756,2026-05-27T16:19:51.573183
3eac1311-cb00-460d-aa32-05c6789259e4,STAR WARS THE MANDALORIAN AND GROGU,cgv,,26021200,,,,2D,2026-05-27,3605ad02-6a9f-4a0d-b8c7-b753e857be57,2026-05-27T16:19:51.573199
3eac1311-cb00-460d-aa32-05c6789259e4,SUAMIKU LUKAKU,cgv,,26025400,,,,2D,2026-05-27,07b365dd-ab68-4f3f-b885-6cadf75df75a,2026-05-27T16:19:51.573215
3eac1311-cb00-460d-aa32-05c6789259e4,SEMUA AKAN BAIK BAIK SAJA,cgv,,26018100,,,,2D,2026-05-27,94fabcd1-9850-4e5c-b4d9-3ab48905961d,2026-05-27T16:19:51.573230
3eac1311-cb00-460d-aa32-05c6789259e4,PASSENGER,cgv,,26023100,,,,2D,2026-05-27,1fc44088-f592-475d-994a-c5278c72af1d,2026-05-27T16:19:51.573245
3eac1311-cb00-460d-aa32-05c6789259e4,GUDANG MERICA,cgv,,26019400,,,,2D,2026-05-27,f06c2b61-79cc-4eb7-ba86-5a6c63b5a62e,2026-05-27T16:19:51.573260
3eac1311-cb00-460d-aa32-05c6789259e4,GHOST IN THE CELL,cgv,,26011800,,,,2D,2026-05-27,c5456a82-e187-44b8-8562-10f305bfd702,2026-05-27T16:19:51.573274
3eac1311-cb00-460d-aa32-05c6789259e4,MORTAL KOMBAT II,cgv,,26018200,,,,2D,2026-05-27,ecf6c983-6987-4e59-b22a-0dd95ea29656,2026-05-27T16:19:51.573288
3eac1311-cb00-460d-aa32-05c6789259e4,HOKUM,cgv,,26024600,,,,2D,2026-05-27,33dfa0c8-76a2-4129-800e-37a0e8e29f25,2026-05-27T16:19:51.573303
3eac1311-cb00-460d-aa32-05c6789259e4,TIBA TIBA SETAN,cgv,,26007500,,,,2D,2026-05-27,57aad421-2af8-478a-bbd6-9378e8d212e0,2026-05-27T16:19:51.573317
3eac1311-cb00-460d-aa32-05c6789259e4,DILAN ITB 1997,cgv,,26016100,,,,2D,2026-05-27,4deb7a61-a4fa-477c-96e4-771e60f2268a,2026-05-27T16:19:51.573331
3eac1311-cb00-460d-aa32-05c6789259e4,YANG LAIN BOLEH HILANG ASAL KAU JANGAN,cgv,,26018300,,,,2D,2026-05-27,ccd8e252-4c68-4e05-be08-f5b68a2624fa,2026-05-27T16:19:51.573346
3eac1311-cb00-460d-aa32-05c6789259e4,SALMOKJI WHISPERING WATER,cgv,,26019100,,,,2D,2026-05-27,bc0c8b1c-cf1c-481a-81f4-785a65619c57,2026-05-27T16:19:51.573360
3eac1311-cb00-460d-aa32-05c6789259e4,THE KINGS WARDEN,cgv,,26015000,,,,2D,2026-05-27,64656690-b1fc-4405-805a-e62d453e89be,2026-05-27T16:19:51.573374
3eac1311-cb00-460d-aa32-05c6789259e4,GOHAN,cgv,,26022500,,,,2D,2026-05-27,b0d71971-905a-4c02-bded-de17e24f5223,2026-05-27T16:19:51.573388
3eac1311-cb00-460d-aa32-05c6789259e4,THE SHEEP DETECTIVES,cgv,,26019500,,,,2D,2026-05-27,3f6841e6-625c-475f-9b83-40f4a36d049e,2026-05-27T16:19:51.573403
3eac1311-cb00-460d-aa32-05c6789259e4,AYAH INI ARAHNYA KEMANA YA,cgv,,26011000,,,,2D,2026-05-27,559d2ebc-5ebf-43c1-a634-5cb64f763dfa,2026-05-27T16:19:51.573417
3eac1311-cb00-460d-aa32-05c6789259e4,STAR WARS THE MANDALORIAN AND GROGU 3D,cgv,,26025200,,,,2D,2026-05-27,e0ef7527-afe6-4a7f-b132-7e0d472112a3,2026-05-27T16:19:51.573430
3eac1311-cb00-460d-aa32-05c6789259e4,THE DEVIL WEARS PRADA 2,cgv,,26019800,,,,2D,2026-05-27,251c012a-07fe-40c0-b2b6-05d2523cd3b1,2026-05-27T16:19:51.573444
3eac1311-cb00-460d-aa32-05c6789259e4,NA WILLA,cgv,,26003200,,,,2D,2026-05-27,3601e82d-6dd8-4529-9900-7bbe9dfcade9,2026-05-27T16:19:51.573458
3eac1311-cb00-460d-aa32-05c6789259e4,KELUARGA SUAMI ADALAH HAMA,cgv,,26017700,,,,2D,2026-05-27,deed7c74-2371-4e72-aadd-92afa2766a78,2026-05-27T16:19:51.573472
a097845d-4409-4759-8660-40cffb20cb79,SEKAWAN LIMO 2 GUNUNG KLAWIH,cgv,,26023300,,,,2D,2026-05-27,fe98f27d-8392-4676-86b1-b306d9f7ae79,2026-05-27T16:19:51.936601
a097845d-4409-4759-8660-40cffb20cb79,CHILDREN OF HEAVEN,cgv,,26012100,,,,2D,2026-05-27,9e78851d-48f3-45ef-b914-bd9f9e0c4b71,2026-05-27T16:19:51.936642
a097845d-4409-4759-8660-40cffb20cb79,BADUT GENDONG,cgv,,26016800,,,,2D,2026-05-27,0f7608cd-c8e9-4d9f-b155-4ce08b43f938,2026-05-27T16:19:51.936674
a097845d-4409-4759-8660-40cffb20cb79,TUMBAL PROYEK,cgv,,26014300,,,,2D,2026-05-27,5cb5069b-f452-49b9-9046-e8203966f629,2026-05-27T16:19:51.936702
a097845d-4409-4759-8660-40cffb20cb79,STAR WARS THE MANDALORIAN AND GROGU,cgv,,26021200,,,,2D,2026-05-27,5a75cb63-6175-426e-889e-024e8a70265b,2026-05-27T16:19:51.936730
a097845d-4409-4759-8660-40cffb20cb79,SUAMIKU LUKAKU,cgv,,26025400,,,,2D,2026-05-27,9096058d-e0cc-4ae9-8df8-d875f8a5468d,2026-05-27T16:19:51.936756
a097845d-4409-4759-8660-40cffb20cb79,SEMUA AKAN BAIK BAIK SAJA,cgv,,26018100,,,,2D,2026-05-27,df6dbe51-1b4d-4f64-b30c-4779bbc04b5e,2026-05-27T16:19:51.936782
a097845d-4409-4759-8660-40cffb20cb79,PASSENGER,cgv,,26023100,,,,2D,2026-05-27,31035aae-f3ab-46a7-a08b-fc80b52800b6,2026-05-27T16:19:51.936807
a097845d-4409-4759-8660-40cffb20cb79,GUDANG MERICA,cgv,,26019400,,,,2D,2026-05-27,b2d467a2-2a5e-4555-b0d1-fa0b9eefd108,2026-05-27T16:19:51.936832
a097845d-4409-4759-8660-40cffb20cb79,GHOST IN THE CELL,cgv,,26011800,,,,2D,2026-05-27,c6cde4c5-42bf-4979-92bd-c20840e712f3,2026-05-27T16:19:51.936858
a097845d-4409-4759-8660-40cffb20cb79,MORTAL KOMBAT II,cgv,,26018200,,,,2D,2026-05-27,ff8edff6-726b-49b0-a65e-4d8e765b769d,2026-05-27T16:19:51.936884
a097845d-4409-4759-8660-40cffb20cb79,HOKUM,cgv,,26024600,,,,2D,2026-05-27,518c8b38-552d-452a-a719-a8ffdb878f0f,2026-05-27T16:19:51.936909
a097845d-4409-4759-8660-40cffb20cb79,TIBA TIBA SETAN,cgv,,26007500,,,,2D,2026-05-27,c9200ecb-a136-4f39-9c77-e5d33c70950f,2026-05-27T16:19:51.936935
a097845d-4409-4759-8660-40cffb20cb79,DILAN ITB 1997,cgv,,26016100,,,,2D,2026-05-27,bf2b1483-61ac-4138-81b5-4bca0a8950d5,2026-05-27T16:19:51.936960
a097845d-4409-4759-8660-40cffb20cb79,YANG LAIN BOLEH HILANG ASAL KAU JANGAN,cgv,,26018300,,,,2D,2026-05-27,1ace1410-8d95-4b33-bc31-54f83be19be9,2026-05-27T16:19:51.936985
a097845d-4409-4759-8660-40cffb20cb79,SALMOKJI WHISPERING WATER,cgv,,26019100,,,,2D,2026-05-27,365b5bc4-96d6-45ee-85c6-344ddb96900c,2026-05-27T16:19:51.937011
a097845d-4409-4759-8660-40cffb20cb79,THE KINGS WARDEN,cgv,,26015000,,,,2D,2026-05-27,ccd2a82f-e742-4b87-8aad-33d37d5b0c8b,2026-05-27T16:19:51.937035
a097845d-4409-4759-8660-40cffb20cb79,GOHAN,cgv,,26022500,,,,2D,2026-05-27,da7b6814-26f5-4b7c-ad05-939820e77e4b,2026-05-27T16:19:51.937060
a097845d-4409-4759-8660-40cffb20cb79,THE SHEEP DETECTIVES,cgv,,26019500,,,,2D,2026-05-27,ed29dbc3-72a6-462d-84ea-1d48bdb2f383,2026-05-27T16:19:51.937087
a097845d-4409-4759-8660-40cffb20cb79,AYAH INI ARAHNYA KEMANA YA,cgv,,26011000,,,,2D,2026-05-27,bf0a155d-c843-41f1-8b5a-7f5d219dedc2,2026-05-27T16:19:51.937111
a097845d-4409-4759-8660-40cffb20cb79,STAR WARS THE MANDALORIAN AND GROGU 3D,cgv,,26025200,,,,2D,2026-05-27,aeef1cce-1882-403b-b58b-0482e32c6def,2026-05-27T16:19:51.937136
a097845d-4409-4759-8660-40cffb20cb79,THE DEVIL WEARS PRADA 2,cgv,,26019800,,,,2D,2026-05-27,de918e2f-a5bb-4f34-ba74-383acbf94beb,2026-05-27T16:19:51.937160
a097845d-4409-4759-8660-40cffb20cb79,NA WILLA,cgv,,26003200,,,,2D,2026-05-27,741c1ce6-fd39-49dc-a114-368687b8a437,2026-05-27T16:19:51.937185
a097845d-4409-4759-8660-40cffb20cb79,KELUARGA SUAMI ADALAH HAMA,cgv,,26017700,,,,2D,2026-05-27,75ee3b61-e094-4eb2-83ec-63a151bae398,2026-05-27T16:19:51.937209
10786735-4c2d-450e-bde6-4a15a4ada40e,SEKAWAN LIMO 2 GUNUNG KLAWIH,cgv,,26023300,,,,2D,2026-05-27,2cd26a65-35a7-4a3b-8024-797ab0d1447c,2026-05-27T16:19:53.964650
10786735-4c2d-450e-bde6-4a15a4ada40e,CHILDREN OF HEAVEN,cgv,,26012100,,,,2D,2026-05-27,1f6f213f-b103-4dfd-9b40-b37b8550156f,2026-05-27T16:19:53.964672
10786735-4c2d-450e-bde6-4a15a4ada40e,BADUT GENDONG,cgv,,26016800,,,,2D,2026-05-27,dfccb301-fd8a-499e-9462-541c9098e718,2026-05-27T16:19:53.964688
10786735-4c2d-450e-bde6-4a15a4ada40e,TUMBAL PROYEK,cgv,,26014300,,,,2D,2026-05-27,d398bfef-c188-4f2a-945c-0eafa6ba8591,2026-05-27T16:19:53.964702
10786735-4c2d-450e-bde6-4a15a4ada40e,STAR WARS THE MANDALORIAN AND GROGU,cgv,,26021200,,,,2D,2026-05-27,1dacbe05-9e72-4511-b916-1d6e20962ac9,2026-05-27T16:19:53.964717
10786735-4c2d-450e-bde6-4a15a4ada40e,SUAMIKU LUKAKU,cgv,,26025400,,,,2D,2026-05-27,b82d0449-b0a9-476a-a835-7ad487bfda03,2026-05-27T16:19:53.964731
10786735-4c2d-450e-bde6-4a15a4ada40e,SEMUA AKAN BAIK BAIK SAJA,cgv,,26018100,,,,2D,2026-05-27,f511efc3-6598-474a-a746-2591e8119413,2026-05-27T16:19:53.964744
10786735-4c2d-450e-bde6-4a15a4ada40e,PASSENGER,cgv,,26023100,,,,2D,2026-05-27,21ecc78a-c9b3-49d3-9aef-bc65a59f5075,2026-05-27T16:19:53.964757
10786735-4c2d-450e-bde6-4a15a4ada40e,GUDANG MERICA,cgv,,26019400,,,,2D,2026-05-27,75c1e62f-4802-49de-8b3c-f731e216854b,2026-05-27T16:19:53.964770
10786735-4c2d-450e-bde6-4a15a4ada40e,GHOST IN THE CELL,cgv,,26011800,,,,2D,2026-05-27,34b0d840-b406-4076-b4ee-0744a73c2e1f,2026-05-27T16:19:53.964784
10786735-4c2d-450e-bde6-4a15a4ada40e,MORTAL KOMBAT II,cgv,,26018200,,,,2D,2026-05-27,e454062a-ca6f-4925-b61d-c3b1bbb238d5,2026-05-27T16:19:53.964797
10786735-4c2d-450e-bde6-4a15a4ada40e,HOKUM,cgv,,26024600,,,,2D,2026-05-27,b6060789-2809-47ca-a3b6-1f0837a3f6f8,2026-05-27T16:19:53.964809
10786735-4c2d-450e-bde6-4a15a4ada40e,TIBA TIBA SETAN,cgv,,26007500,,,,2D,2026-05-27,419b6131-73e1-495c-a624-4126073b8c8c,2026-05-27T16:19:53.964822
10786735-4c2d-450e-bde6-4a15a4ada40e,DILAN ITB 1997,cgv,,26016100,,,,2D,2026-05-27,810586d2-c27c-4112-a986-57a76504ce2f,2026-05-27T16:19:53.964835
10786735-4c2d-450e-bde6-4a15a4ada40e,YANG LAIN BOLEH HILANG ASAL KAU JANGAN,cgv,,26018300,,,,2D,2026-05-27,fb22184a-c68a-46e0-8bd3-e5ed1d41278c,2026-05-27T16:19:53.964848
10786735-4c2d-450e-bde6-4a15a4ada40e,SALMOKJI WHISPERING WATER,cgv,,26019100,,,,2D,2026-05-27,0e75614b-4f4c-47d1-81c6-a0379c541e71,2026-05-27T16:19:53.964862
10786735-4c2d-450e-bde6-4a15a4ada40e,THE KINGS WARDEN,cgv,,26015000,,,,2D,2026-05-27,87d7aacf-69e6-432c-a4c5-316886e95c34,2026-05-27T16:19:53.964875
10786735-4c2d-450e-bde6-4a15a4ada40e,GOHAN,cgv,,26022500,,,,2D,2026-05-27,925211c8-46e1-438e-b657-aba3b05def44,2026-05-27T16:19:53.964965
10786735-4c2d-450e-bde6-4a15a4ada40e,THE SHEEP DETECTIVES,cgv,,26019500,,,,2D,2026-05-27,59c795ed-3874-48ac-85e3-85837549231d,2026-05-27T16:19:53.964982
10786735-4c2d-450e-bde6-4a15a4ada40e,AYAH INI ARAHNYA KEMANA YA,cgv,,26011000,,,,2D,2026-05-27,61a91af9-0acb-41b3-be3b-4defc525baf8,2026-05-27T16:19:53.964996
10786735-4c2d-450e-bde6-4a15a4ada40e,STAR WARS THE MANDALORIAN AND GROGU 3D,cgv,,26025200,,,,2D,2026-05-27,6cdb9bbf-9196-4763-90fc-c1e7d29299e5,2026-05-27T16:19:53.965009
10786735-4c2d-450e-bde6-4a15a4ada40e,THE DEVIL WEARS PRADA 2,cgv,,26019800,,,,2D,2026-05-27,92cbfebe-6cdb-4e5b-89cf-89fa4d96df1c,2026-05-27T16:19:53.965023
10786735-4c2d-450e-bde6-4a15a4ada40e,NA WILLA,cgv,,26003200,,,,2D,2026-05-27,72105e27-811e-49fd-a017-54a4c3114234,2026-05-27T16:19:53.965036
10786735-4c2d-450e-bde6-4a15a4ada40e,KELUARGA SUAMI ADALAH HAMA,cgv,,26017700,,,,2D,2026-05-27,79a5aa6f-442a-445f-9f0f-b48f7ad7aaee,2026-05-27T16:19:53.965049
dd324123-970e-49f2-b718-f5c190969a1b,SEKAWAN LIMO 2 GUNUNG KLAWIH,cgv,,26023300,,,,2D,2026-05-27,0679a074-4c03-4f4c-9c6f-409d67ba5f58,2026-05-27T16:19:54.656928
dd324123-970e-49f2-b718-f5c190969a1b,CHILDREN OF HEAVEN,cgv,,26012100,,,,2D,2026-05-27,2f26d993-3d40-4a14-8b33-56c0866f1bd8,2026-05-27T16:19:54.656975
dd324123-970e-49f2-b718-f5c190969a1b,BADUT GENDONG,cgv,,26016800,,,,2D,2026-05-27,758af355-dd6c-408c-a335-8a286dff2e10,2026-05-27T16:19:54.657010
dd324123-970e-49f2-b718-f5c190969a1b,TUMBAL PROYEK,cgv,,26014300,,,,2D,2026-05-27,f0a1ae24-5aa5-46b0-98ad-c1a74bf8756e,2026-05-27T16:19:54.657042
dd324123-970e-49f2-b718-f5c190969a1b,STAR WARS THE MANDALORIAN AND GROGU,cgv,,26021200,,,,2D,2026-05-27,00dd2351-70e7-4068-9126-bddddb914934,2026-05-27T16:19:54.657077
dd324123-970e-49f2-b718-f5c190969a1b,SUAMIKU LUKAKU,cgv,,26025400,,,,2D,2026-05-27,ec8ded78-3d4d-47cc-8688-748aef9d0bb9,2026-05-27T16:19:54.657125
dd324123-970e-49f2-b718-f5c190969a1b,SEMUA AKAN BAIK BAIK SAJA,cgv,,26018100,,,,2D,2026-05-27,ffa9572b-5172-4e65-939c-945e1f742261,2026-05-27T16:19:54.657160
dd324123-970e-49f2-b718-f5c190969a1b,PASSENGER,cgv,,26023100,,,,2D,2026-05-27,be80d749-8a49-44ec-b7ee-17523e836e77,2026-05-27T16:19:54.657191
dd324123-970e-49f2-b718-f5c190969a1b,GUDANG MERICA,cgv,,26019400,,,,2D,2026-05-27,33dd9b22-6eb8-4cc7-b7c4-95637e628a40,2026-05-27T16:19:54.657220
dd324123-970e-49f2-b718-f5c190969a1b,GHOST IN THE CELL,cgv,,26011800,,,,2D,2026-05-27,a6905588-dd13-4014-b48d-3b84c7869dc7,2026-05-27T16:19:54.657251
dd324123-970e-49f2-b718-f5c190969a1b,MORTAL KOMBAT II,cgv,,26018200,,,,2D,2026-05-27,4335e5d9-ba5b-4107-bdb8-cf186e19db0d,2026-05-27T16:19:54.657280
dd324123-970e-49f2-b718-f5c190969a1b,HOKUM,cgv,,26024600,,,,2D,2026-05-27,ba44060b-4095-46b0-a7ed-b92260e1ef62,2026-05-27T16:19:54.657310
dd324123-970e-49f2-b718-f5c190969a1b,TIBA TIBA SETAN,cgv,,26007500,,,,2D,2026-05-27,a451dc69-4653-4b02-ba35-7b64fb0ab776,2026-05-27T16:19:54.657340
dd324123-970e-49f2-b718-f5c190969a1b,DILAN ITB 1997,cgv,,26016100,,,,2D,2026-05-27,16c2e383-038e-4bb8-8bec-e718fac1a7ab,2026-05-27T16:19:54.657369
dd324123-970e-49f2-b718-f5c190969a1b,YANG LAIN BOLEH HILANG ASAL KAU JANGAN,cgv,,26018300,,,,2D,2026-05-27,a41c0c0e-2e32-4a63-b660-edaec9eff1ab,2026-05-27T16:19:54.657399
dd324123-970e-49f2-b718-f5c190969a1b,SALMOKJI WHISPERING WATER,cgv,,26019100,,,,2D,2026-05-27,907d4614-6c4e-451f-800f-b88a8bbf79a3,2026-05-27T16:19:54.657429
dd324123-970e-49f2-b718-f5c190969a1b,THE KINGS WARDEN,cgv,,26015000,,,,2D,2026-05-27,044a2714-a6e7-4369-94e0-d0a97884d8f8,2026-05-27T16:19:54.657461
dd324123-970e-49f2-b718-f5c190969a1b,GOHAN,cgv,,26022500,,,,2D,2026-05-27,107bd528-9ab5-4970-b6a3-2b932e3e3ee1,2026-05-27T16:19:54.657491
dd324123-970e-49f2-b718-f5c190969a1b,THE SHEEP DETECTIVES,cgv,,26019500,,,,2D,2026-05-27,ed666fc9-545b-47fc-9288-65c2f5d9f8f2,2026-05-27T16:19:54.657523
dd324123-970e-49f2-b718-f5c190969a1b,AYAH INI ARAHNYA KEMANA YA,cgv,,26011000,,,,2D,2026-05-27,99e3a47f-025d-4b65-8fa3-ee741f8b4f32,2026-05-27T16:19:54.657552
dd324123-970e-49f2-b718-f5c190969a1b,STAR WARS THE MANDALORIAN AND GROGU 3D,cgv,,26025200,,,,2D,2026-05-27,e8ddebfc-edbe-414a-82a3-104097ed628f,2026-05-27T16:19:54.657581
dd324123-970e-49f2-b718-f5c190969a1b,THE DEVIL WEARS PRADA 2,cgv,,26019800,,,,2D,2026-05-27,67e9ac61-e9b3-4a0d-b1ec-4fd8da570719,2026-05-27T16:19:54.657610
dd324123-970e-49f2-b718-f5c190969a1b,NA WILLA,cgv,,26003200,,,,2D,2026-05-27,8427183c-0f09-44e3-ae9c-79d5c7ec911b,2026-05-27T16:19:54.657639
dd324123-970e-49f2-b718-f5c190969a1b,KELUARGA SUAMI ADALAH HAMA,cgv,,26017700,,,,2D,2026-05-27,bf87975b-ea35-4f07-8db2-35cdb2b61afa,2026-05-27T16:19:54.657668
9fb41859-1209-4f6d-9b28-6dbcfbbfb49c,SEKAWAN LIMO 2 GUNUNG KLAWIH,cgv,,26023300,,,,2D,2026-05-27,2b42b2ad-134a-4a7c-b6db-f8c90d6cfe03,2026-05-27T16:19:54.961574
9fb41859-1209-4f6d-9b28-6dbcfbbfb49c,CHILDREN OF HEAVEN,cgv,,26012100,,,,2D,2026-05-27,10284ee1-5fd0-4d7f-9f10-f89e5c0b909f,2026-05-27T16:19:54.961672
9fb41859-1209-4f6d-9b28-6dbcfbbfb49c,BADUT GENDONG,cgv,,26016800,,,,2D,2026-05-27,70d3e4a2-8e58-4cf4-9345-e5753e13d225,2026-05-27T16:19:54.961711
9fb41859-1209-4f6d-9b28-6dbcfbbfb49c,TUMBAL PROYEK,cgv,,26014300,,,,2D,2026-05-27,05998d0a-e093-4291-88d4-2bfa3ce24450,2026-05-27T16:19:54.961747
9fb41859-1209-4f6d-9b28-6dbcfbbfb49c,STAR WARS THE MANDALORIAN AND GROGU,cgv,,26021200,,,,2D,2026-05-27,da426b58-93db-4869-88b4-9f16e06eb3dd,2026-05-27T16:19:54.961783
9fb41859-1209-4f6d-9b28-6dbcfbbfb49c,SUAMIKU LUKAKU,cgv,,26025400,,,,2D,2026-05-27,31442e53-b1d8-4aa8-b745-46cc2b4c8cc4,2026-05-27T16:19:54.961816
9fb41859-1209-4f6d-9b28-6dbcfbbfb49c,SEMUA AKAN BAIK BAIK SAJA,cgv,,26018100,,,,2D,2026-05-27,f8f9dd46-ecf7-4980-9e50-2e63dda0fc0f,2026-05-27T16:19:54.961848
9fb41859-1209-4f6d-9b28-6dbcfbbfb49c,PASSENGER,cgv,,26023100,,,,2D,2026-05-27,7c0aec70-9f3f-4995-8008-f1d8a95f5ad5,2026-05-27T16:19:54.961878
9fb41859-1209-4f6d-9b28-6dbcfbbfb49c,GUDANG MERICA,cgv,,26019400,,,,2D,2026-05-27,a8355e46-6189-47d2-9621-758b6a0134cf,2026-05-27T16:19:54.961909
9fb41859-1209-4f6d-9b28-6dbcfbbfb49c,GHOST IN THE CELL,cgv,,26011800,,,,2D,2026-05-27,77e401f9-2fbf-42c7-9a1c-b4ce4078b38d,2026-05-27T16:19:54.961940
9fb41859-1209-4f6d-9b28-6dbcfbbfb49c,MORTAL KOMBAT II,cgv,,26018200,,,,2D,2026-05-27,c950a0de-4273-47fe-8104-f5134f15c5b7,2026-05-27T16:19:54.962071
9fb41859-1209-4f6d-9b28-6dbcfbbfb49c,HOKUM,cgv,,26024600,,,,2D,2026-05-27,abed1be3-dd85-493b-b14c-59f8827f63d1,2026-05-27T16:19:54.962129
9fb41859-1209-4f6d-9b28-6dbcfbbfb49c,TIBA TIBA SETAN,cgv,,26007500,,,,2D,2026-05-27,4743938f-3a5d-4e47-ad3f-afd2f54ebe20,2026-05-27T16:19:54.962224
9fb41859-1209-4f6d-9b28-6dbcfbbfb49c,DILAN ITB 1997,cgv,,26016100,,,,2D,2026-05-27,06e659e5-9922-44d8-99ff-cb0953ebf78b,2026-05-27T16:19:54.962262
9fb41859-1209-4f6d-9b28-6dbcfbbfb49c,YANG LAIN BOLEH HILANG ASAL KAU JANGAN,cgv,,26018300,,,,2D,2026-05-27,caf749a7-c73c-4233-b2bc-6a534e870888,2026-05-27T16:19:54.962390
9fb41859-1209-4f6d-9b28-6dbcfbbfb49c,SALMOKJI WHISPERING WATER,cgv,,26019100,,,,2D,2026-05-27,21a2e35c-08a0-4eaf-ba9c-41eaeb8944c6,2026-05-27T16:19:54.962474
9fb41859-1209-4f6d-9b28-6dbcfbbfb49c,THE KINGS WARDEN,cgv,,26015000,,,,2D,2026-05-27,a31f80b4-1e98-44ab-bdd6-0d21171c1c4d,2026-05-27T16:19:54.962511
9fb41859-1209-4f6d-9b28-6dbcfbbfb49c,GOHAN,cgv,,26022500,,,,2D,2026-05-27,1c16998b-9afc-44fa-9654-f38ca36b6ea6,2026-05-27T16:19:54.962542
9fb41859-1209-4f6d-9b28-6dbcfbbfb49c,THE SHEEP DETECTIVES,cgv,,26019500,,,,2D,2026-05-27,77ff9978-7107-472f-be44-ab68508dffb6,2026-05-27T16:19:54.962575
9fb41859-1209-4f6d-9b28-6dbcfbbfb49c,AYAH INI ARAHNYA KEMANA YA,cgv,,26011000,,,,2D,2026-05-27,12aef10f-1221-47fe-89a8-6d161458ed04,2026-05-27T16:19:54.962607
9fb41859-1209-4f6d-9b28-6dbcfbbfb49c,STAR WARS THE MANDALORIAN AND GROGU 3D,cgv,,26025200,,,,2D,2026-05-27,ac25befd-41e3-471a-af53-ab464b2ce8ef,2026-05-27T16:19:54.962638
9fb41859-1209-4f6d-9b28-6dbcfbbfb49c,THE DEVIL WEARS PRADA 2,cgv,,26019800,,,,2D,2026-05-27,f2949e12-3d1c-42bf-b0a8-87d2ef9636c1,2026-05-27T16:19:54.962663
9fb41859-1209-4f6d-9b28-6dbcfbbfb49c,NA WILLA,cgv,,26003200,,,,2D,2026-05-27,8099031b-38fb-46d1-b634-613cefb097cf,2026-05-27T16:19:54.962764
9fb41859-1209-4f6d-9b28-6dbcfbbfb49c,KELUARGA SUAMI ADALAH HAMA,cgv,,26017700,,,,2D,2026-05-27,2e0dcaa3-0969-4643-a0d7-53e4a870f46c,2026-05-27T16:19:54.962804
2e0fb4ac-2ca8-4a51-b51a-5840f4df8298,SEKAWAN LIMO 2 GUNUNG KLAWIH,cgv,,26023300,,,,2D,2026-05-27,028d589c-a7d3-4de4-8d37-38efd0a9f445,2026-05-27T16:19:54.951385
2e0fb4ac-2ca8-4a51-b51a-5840f4df8298,CHILDREN OF HEAVEN,cgv,,26012100,,,,2D,2026-05-27,33266076-9e3b-4f93-81bf-ddfc3075c6c8,2026-05-27T16:19:54.951434
2e0fb4ac-2ca8-4a51-b51a-5840f4df8298,BADUT GENDONG,cgv,,26016800,,,,2D,2026-05-27,b7009a09-46e4-4e66-8604-60c0fa0306b3,2026-05-27T16:19:54.951471
2e0fb4ac-2ca8-4a51-b51a-5840f4df8298,TUMBAL PROYEK,cgv,,26014300,,,,2D,2026-05-27,6a551303-e417-4a50-9d4a-5039d93c10c4,2026-05-27T16:19:54.951505
2e0fb4ac-2ca8-4a51-b51a-5840f4df8298,STAR WARS THE MANDALORIAN AND GROGU,cgv,,26021200,,,,2D,2026-05-27,4d8037b6-38e3-46f1-8006-daa64da3d897,2026-05-27T16:19:54.951539
2e0fb4ac-2ca8-4a51-b51a-5840f4df8298,SUAMIKU LUKAKU,cgv,,26025400,,,,2D,2026-05-27,b6cc1fcb-fb85-43fd-af8b-4d36d9a60d3b,2026-05-27T16:19:54.951571
2e0fb4ac-2ca8-4a51-b51a-5840f4df8298,SEMUA AKAN BAIK BAIK SAJA,cgv,,26018100,,,,2D,2026-05-27,6ef039f1-6760-431e-b76b-fa2795ec70c6,2026-05-27T16:19:54.951679
2e0fb4ac-2ca8-4a51-b51a-5840f4df8298,PASSENGER,cgv,,26023100,,,,2D,2026-05-27,44ed19b7-dcc4-47c1-8cee-8dbb75d214c1,2026-05-27T16:19:54.951730
2e0fb4ac-2ca8-4a51-b51a-5840f4df8298,GUDANG MERICA,cgv,,26019400,,,,2D,2026-05-27,fa720716-5fbf-46ab-a48a-9539077878e5,2026-05-27T16:19:54.951768
2e0fb4ac-2ca8-4a51-b51a-5840f4df8298,GHOST IN THE CELL,cgv,,26011800,,,,2D,2026-05-27,0ebe1016-3fa3-42f7-8298-2ebacd68ee88,2026-05-27T16:19:54.951802
2e0fb4ac-2ca8-4a51-b51a-5840f4df8298,MORTAL KOMBAT II,cgv,,26018200,,,,2D,2026-05-27,288efa7b-2894-4a00-adc3-4f57f68b3cba,2026-05-27T16:19:54.951835
2e0fb4ac-2ca8-4a51-b51a-5840f4df8298,HOKUM,cgv,,26024600,,,,2D,2026-05-27,5f6b8a67-642c-40d2-94c4-6cc513da5e9e,2026-05-27T16:19:54.951865
2e0fb4ac-2ca8-4a51-b51a-5840f4df8298,TIBA TIBA SETAN,cgv,,26007500,,,,2D,2026-05-27,b5bc4515-4d72-4e60-bf79-b90ace477883,2026-05-27T16:19:54.951898
2e0fb4ac-2ca8-4a51-b51a-5840f4df8298,DILAN ITB 1997,cgv,,26016100,,,,2D,2026-05-27,73c2ee39-d501-4f57-a39a-538ca415c3eb,2026-05-27T16:19:54.951932
2e0fb4ac-2ca8-4a51-b51a-5840f4df8298,YANG LAIN BOLEH HILANG ASAL KAU JANGAN,cgv,,26018300,,,,2D,2026-05-27,35016f84-c309-4d85-8560-23fde60c77c9,2026-05-27T16:19:54.951969
2e0fb4ac-2ca8-4a51-b51a-5840f4df8298,SALMOKJI WHISPERING WATER,cgv,,26019100,,,,2D,2026-05-27,811d2fb4-6332-468e-87be-f21d414345af,2026-05-27T16:19:54.952010
2e0fb4ac-2ca8-4a51-b51a-5840f4df8298,THE KINGS WARDEN,cgv,,26015000,,,,2D,2026-05-27,0ae65b71-701e-4548-adce-ea27279c69c5,2026-05-27T16:19:54.952046
2e0fb4ac-2ca8-4a51-b51a-5840f4df8298,GOHAN,cgv,,26022500,,,,2D,2026-05-27,0cf308cf-15b7-4971-b9ec-354c4f126e35,2026-05-27T16:19:54.952079
2e0fb4ac-2ca8-4a51-b51a-5840f4df8298,THE SHEEP DETECTIVES,cgv,,26019500,,,,2D,2026-05-27,ef627e1f-7d8b-43a5-b0cd-59cbfc0cb088,2026-05-27T16:19:54.952115
2e0fb4ac-2ca8-4a51-b51a-5840f4df8298,AYAH INI ARAHNYA KEMANA YA,cgv,,26011000,,,,2D,2026-05-27,3b9af6f0-a3e9-42f7-a7fb-9af8dac87ef6,2026-05-27T16:19:54.952154
2e0fb4ac-2ca8-4a51-b51a-5840f4df8298,STAR WARS THE MANDALORIAN AND GROGU 3D,cgv,,26025200,,,,2D,2026-05-27,d4409927-d257-4b2f-aca9-b128e834761e,2026-05-27T16:19:54.952188
2e0fb4ac-2ca8-4a51-b51a-5840f4df8298,THE DEVIL WEARS PRADA 2,cgv,,26019800,,,,2D,2026-05-27,c47dd0c5-fe74-4a12-b069-cb1562a4aa36,2026-05-27T16:19:54.952221
2e0fb4ac-2ca8-4a51-b51a-5840f4df8298,NA WILLA,cgv,,26003200,,,,2D,2026-05-27,474c7ad6-520c-4f5f-9bd7-8d817d0d2031,2026-05-27T16:19:54.952252
2e0fb4ac-2ca8-4a51-b51a-5840f4df8298,KELUARGA SUAMI ADALAH HAMA,cgv,,26017700,,,,2D,2026-05-27,6ec84986-2f58-4ff5-aa7a-91cea062a3d9,2026-05-27T16:19:54.952282
0d57ab91-7a5d-4e9c-8072-19dbdd44af09,SEKAWAN LIMO 2 GUNUNG KLAWIH,cgv,,26023300,,,,2D,2026-05-27,454e5af6-2277-4c5c-944f-26e00ff10a94,2026-05-27T16:19:55.346880
0d57ab91-7a5d-4e9c-8072-19dbdd44af09,CHILDREN OF HEAVEN,cgv,,26012100,,,,2D,2026-05-27,9d987258-6eeb-43dc-8347-a5b160e1ba0a,2026-05-27T16:19:55.346927
0d57ab91-7a5d-4e9c-8072-19dbdd44af09,BADUT GENDONG,cgv,,26016800,,,,2D,2026-05-27,7f809ddc-9cf8-46ba-ac3f-bf85965e8157,2026-05-27T16:19:55.346963
0d57ab91-7a5d-4e9c-8072-19dbdd44af09,TUMBAL PROYEK,cgv,,26014300,,,,2D,2026-05-27,7f30de04-7735-4092-8f9d-df38abbf985f,2026-05-27T16:19:55.346995
0d57ab91-7a5d-4e9c-8072-19dbdd44af09,STAR WARS THE MANDALORIAN AND GROGU,cgv,,26021200,,,,2D,2026-05-27,a38b5b29-ee31-4bb3-aaef-06d994534b68,2026-05-27T16:19:55.347028
0d57ab91-7a5d-4e9c-8072-19dbdd44af09,SUAMIKU LUKAKU,cgv,,26025400,,,,2D,2026-05-27,3b69e49a-262d-487c-9331-b77cfc579004,2026-05-27T16:19:55.347059
0d57ab91-7a5d-4e9c-8072-19dbdd44af09,SEMUA AKAN BAIK BAIK SAJA,cgv,,26018100,,,,2D,2026-05-27,68ff0ecd-718d-4fd9-95f0-4ef41c237b13,2026-05-27T16:19:55.347090
0d57ab91-7a5d-4e9c-8072-19dbdd44af09,PASSENGER,cgv,,26023100,,,,2D,2026-05-27,bf24663e-abda-465d-b53b-8324d85528a0,2026-05-27T16:19:55.347121
0d57ab91-7a5d-4e9c-8072-19dbdd44af09,GUDANG MERICA,cgv,,26019400,,,,2D,2026-05-27,d4a134f8-61dd-4866-ba49-1d11a1f585f5,2026-05-27T16:19:55.347156
0d57ab91-7a5d-4e9c-8072-19dbdd44af09,GHOST IN THE CELL,cgv,,26011800,,,,2D,2026-05-27,8507c3f9-57e6-49f0-ab98-c06589560722,2026-05-27T16:19:55.347188
0d57ab91-7a5d-4e9c-8072-19dbdd44af09,MORTAL KOMBAT II,cgv,,26018200,,,,2D,2026-05-27,f88d3a5d-facc-4844-af28-ca955f38dfe0,2026-05-27T16:19:55.347218
0d57ab91-7a5d-4e9c-8072-19dbdd44af09,HOKUM,cgv,,26024600,,,,2D,2026-05-27,d3ba651b-089a-4ef6-8406-5b2c2f9cc598,2026-05-27T16:19:55.347247
0d57ab91-7a5d-4e9c-8072-19dbdd44af09,TIBA TIBA SETAN,cgv,,26007500,,,,2D,2026-05-27,d0fb4f99-0e14-453a-a1bc-1dd1c185142b,2026-05-27T16:19:55.347277
0d57ab91-7a5d-4e9c-8072-19dbdd44af09,DILAN ITB 1997,cgv,,26016100,,,,2D,2026-05-27,f3c51d77-0a2d-44e4-868f-b2563ccfd9f3,2026-05-27T16:19:55.347307
0d57ab91-7a5d-4e9c-8072-19dbdd44af09,YANG LAIN BOLEH HILANG ASAL KAU JANGAN,cgv,,26018300,,,,2D,2026-05-27,b3cdcad6-0399-4fef-956f-c878efe43a2a,2026-05-27T16:19:55.347337
0d57ab91-7a5d-4e9c-8072-19dbdd44af09,SALMOKJI WHISPERING WATER,cgv,,26019100,,,,2D,2026-05-27,2a84d5d5-ceff-4e6d-858c-d90516ed7b45,2026-05-27T16:19:55.347366
0d57ab91-7a5d-4e9c-8072-19dbdd44af09,THE KINGS WARDEN,cgv,,26015000,,,,2D,2026-05-27,70d0cf1e-2ebf-47b7-96ae-9889b5b61d8f,2026-05-27T16:19:55.347395
0d57ab91-7a5d-4e9c-8072-19dbdd44af09,GOHAN,cgv,,26022500,,,,2D,2026-05-27,dab73753-e6ea-4cf0-9842-28e4b93690f3,2026-05-27T16:19:55.347424
0d57ab91-7a5d-4e9c-8072-19dbdd44af09,THE SHEEP DETECTIVES,cgv,,26019500,,,,2D,2026-05-27,3d6f1eeb-45ab-42e7-87df-6361cfe034d5,2026-05-27T16:19:55.347455
0d57ab91-7a5d-4e9c-8072-19dbdd44af09,AYAH INI ARAHNYA KEMANA YA,cgv,,26011000,,,,2D,2026-05-27,dff7f9a2-105e-4ca8-a169-09679ea187aa,2026-05-27T16:19:55.347484
0d57ab91-7a5d-4e9c-8072-19dbdd44af09,STAR WARS THE MANDALORIAN AND GROGU 3D,cgv,,26025200,,,,2D,2026-05-27,d7592096-8562-4391-b474-8e793b3f14ea,2026-05-27T16:19:55.347513
0d57ab91-7a5d-4e9c-8072-19dbdd44af09,THE DEVIL WEARS PRADA 2,cgv,,26019800,,,,2D,2026-05-27,42a5f506-8e21-4c66-a847-475dc438977c,2026-05-27T16:19:55.347542
0d57ab91-7a5d-4e9c-8072-19dbdd44af09,NA WILLA,cgv,,26003200,,,,2D,2026-05-27,8baba068-5233-427c-955e-587bccc2b7d1,2026-05-27T16:19:55.347571
0d57ab91-7a5d-4e9c-8072-19dbdd44af09,KELUARGA SUAMI ADALAH HAMA,cgv,,26017700,,,,2D,2026-05-27,fc124fa7-4485-4761-99b6-f7574afbf0bf,2026-05-27T16:19:55.347599
bacb3d2d-ccc5-41f0-9073-bde87df9ab6e,SEKAWAN LIMO 2 GUNUNG KLAWIH,cgv,,26023300,,,,2D,2026-05-27,fa823e8c-ef6a-4c19-95ca-d25e5204b75c,2026-05-27T16:19:57.260963
bacb3d2d-ccc5-41f0-9073-bde87df9ab6e,CHILDREN OF HEAVEN,cgv,,26012100,,,,2D,2026-05-27,fcbf1d7c-a490-4550-ae5d-297d03855380,2026-05-27T16:19:57.260985
bacb3d2d-ccc5-41f0-9073-bde87df9ab6e,BADUT GENDONG,cgv,,26016800,,,,2D,2026-05-27,30bc10cf-bae8-4857-9999-f7fd8a24f669,2026-05-27T16:19:57.261000
bacb3d2d-ccc5-41f0-9073-bde87df9ab6e,TUMBAL PROYEK,cgv,,26014300,,,,2D,2026-05-27,457565f7-e2d2-46dd-8bce-5db749cc7a7f,2026-05-27T16:19:57.261014
bacb3d2d-ccc5-41f0-9073-bde87df9ab6e,STAR WARS THE MANDALORIAN AND GROGU,cgv,,26021200,,,,2D,2026-05-27,273792b6-e376-4ef6-bf78-49ae209c5cae,2026-05-27T16:19:57.261027
bacb3d2d-ccc5-41f0-9073-bde87df9ab6e,SUAMIKU LUKAKU,cgv,,26025400,,,,2D,2026-05-27,29fd16fd-85f2-4024-851c-28e4fdb07242,2026-05-27T16:19:57.261040
bacb3d2d-ccc5-41f0-9073-bde87df9ab6e,SEMUA AKAN BAIK BAIK SAJA,cgv,,26018100,,,,2D,2026-05-27,cb497305-e9dd-41fb-86d0-96e33aa21c6c,2026-05-27T16:19:57.261052
bacb3d2d-ccc5-41f0-9073-bde87df9ab6e,PASSENGER,cgv,,26023100,,,,2D,2026-05-27,11378050-1551-4351-857f-dac906c15507,2026-05-27T16:19:57.261064
bacb3d2d-ccc5-41f0-9073-bde87df9ab6e,GUDANG MERICA,cgv,,26019400,,,,2D,2026-05-27,cecd4bc6-a435-47e4-a349-2a9c9660b7b0,2026-05-27T16:19:57.261076
bacb3d2d-ccc5-41f0-9073-bde87df9ab6e,GHOST IN THE CELL,cgv,,26011800,,,,2D,2026-05-27,beb56c7f-30c9-4313-8173-b7ed32ed35eb,2026-05-27T16:19:57.261088
bacb3d2d-ccc5-41f0-9073-bde87df9ab6e,MORTAL KOMBAT II,cgv,,26018200,,,,2D,2026-05-27,915daea1-9d49-4fa5-a838-d1b61762b43f,2026-05-27T16:19:57.261100
bacb3d2d-ccc5-41f0-9073-bde87df9ab6e,HOKUM,cgv,,26024600,,,,2D,2026-05-27,70f9e424-a771-460f-8722-546968be1de9,2026-05-27T16:19:57.261112
bacb3d2d-ccc5-41f0-9073-bde87df9ab6e,TIBA TIBA SETAN,cgv,,26007500,,,,2D,2026-05-27,1dcb5b35-5beb-4b14-af11-97cda9ca5833,2026-05-27T16:19:57.261124
bacb3d2d-ccc5-41f0-9073-bde87df9ab6e,DILAN ITB 1997,cgv,,26016100,,,,2D,2026-05-27,a4384723-67e5-4f32-8494-c1473cc29498,2026-05-27T16:19:57.261136
bacb3d2d-ccc5-41f0-9073-bde87df9ab6e,YANG LAIN BOLEH HILANG ASAL KAU JANGAN,cgv,,26018300,,,,2D,2026-05-27,733bbcf6-f611-4cf8-b60a-33c9eaf8ee49,2026-05-27T16:19:57.261148
bacb3d2d-ccc5-41f0-9073-bde87df9ab6e,SALMOKJI WHISPERING WATER,cgv,,26019100,,,,2D,2026-05-27,91dfb590-f878-4ea2-a6cd-73f261ab9699,2026-05-27T16:19:57.261160
bacb3d2d-ccc5-41f0-9073-bde87df9ab6e,THE KINGS WARDEN,cgv,,26015000,,,,2D,2026-05-27,b13c2901-942b-4233-8954-080c61f5c39c,2026-05-27T16:19:57.261172
bacb3d2d-ccc5-41f0-9073-bde87df9ab6e,GOHAN,cgv,,26022500,,,,2D,2026-05-27,e9dd7fd0-5cb0-4a87-8930-98edd72fa801,2026-05-27T16:19:57.261184
bacb3d2d-ccc5-41f0-9073-bde87df9ab6e,THE SHEEP DETECTIVES,cgv,,26019500,,,,2D,2026-05-27,3892ee03-52df-4005-b843-3606db403c82,2026-05-27T16:19:57.261196
bacb3d2d-ccc5-41f0-9073-bde87df9ab6e,AYAH INI ARAHNYA KEMANA YA,cgv,,26011000,,,,2D,2026-05-27,163e2ee6-44d7-4ed1-9acb-ef0b4159faac,2026-05-27T16:19:57.261209
bacb3d2d-ccc5-41f0-9073-bde87df9ab6e,STAR WARS THE MANDALORIAN AND GROGU 3D,cgv,,26025200,,,,2D,2026-05-27,f861882b-4b60-4a24-8153-9e9b7b6268bd,2026-05-27T16:19:57.261221
bacb3d2d-ccc5-41f0-9073-bde87df9ab6e,THE DEVIL WEARS PRADA 2,cgv,,26019800,,,,2D,2026-05-27,d98c350d-aa58-4e43-b986-5d8471169954,2026-05-27T16:19:57.261234
bacb3d2d-ccc5-41f0-9073-bde87df9ab6e,NA WILLA,cgv,,26003200,,,,2D,2026-05-27,b827cadb-bcb1-40b5-939a-a237b2b4ddf7,2026-05-27T16:19:57.261245
bacb3d2d-ccc5-41f0-9073-bde87df9ab6e,KELUARGA SUAMI ADALAH HAMA,cgv,,26017700,,,,2D,2026-05-27,3bd35b04-b996-479e-b952-cb48d5d8af55,2026-05-27T16:19:57.261258
835abd25-9d11-4f95-9b6d-a3ca72f963c1,SEKAWAN LIMO 2 GUNUNG KLAWIH,cgv,,26023300,,,,2D,2026-05-27,c8d38c98-5763-4c55-8e3d-96d14ac71c1c,2026-05-27T16:19:58.019779
835abd25-9d11-4f95-9b6d-a3ca72f963c1,CHILDREN OF HEAVEN,cgv,,26012100,,,,2D,2026-05-27,fd80557e-8e18-4ea4-9842-91514f9cbf8f,2026-05-27T16:19:58.019817
835abd25-9d11-4f95-9b6d-a3ca72f963c1,BADUT GENDONG,cgv,,26016800,,,,2D,2026-05-27,58294a1e-c19e-45d2-afe9-14f57323d21b,2026-05-27T16:19:58.019845
835abd25-9d11-4f95-9b6d-a3ca72f963c1,TUMBAL PROYEK,cgv,,26014300,,,,2D,2026-05-27,779d95d3-7e8b-4512-aca1-530b14e06332,2026-05-27T16:19:58.019868
835abd25-9d11-4f95-9b6d-a3ca72f963c1,STAR WARS THE MANDALORIAN AND GROGU,cgv,,26021200,,,,2D,2026-05-27,6942d83b-18f4-4847-b86e-5e81e9759730,2026-05-27T16:19:58.019892
835abd25-9d11-4f95-9b6d-a3ca72f963c1,SUAMIKU LUKAKU,cgv,,26025400,,,,2D,2026-05-27,b19820be-d1bc-4edc-b6d2-de6f484b4820,2026-05-27T16:19:58.019915
835abd25-9d11-4f95-9b6d-a3ca72f963c1,SEMUA AKAN BAIK BAIK SAJA,cgv,,26018100,,,,2D,2026-05-27,34656446-0352-4fca-9e91-1ffee122e68f,2026-05-27T16:19:58.019937
835abd25-9d11-4f95-9b6d-a3ca72f963c1,PASSENGER,cgv,,26023100,,,,2D,2026-05-27,a1b84602-388a-4c41-9d83-be811863e627,2026-05-27T16:19:58.019959
835abd25-9d11-4f95-9b6d-a3ca72f963c1,GUDANG MERICA,cgv,,26019400,,,,2D,2026-05-27,fd915d2c-0a62-4f4f-a3bf-f8f334ff8246,2026-05-27T16:19:58.019980
835abd25-9d11-4f95-9b6d-a3ca72f963c1,GHOST IN THE CELL,cgv,,26011800,,,,2D,2026-05-27,276e9274-8676-47ca-9c6d-dcc305810ee6,2026-05-27T16:19:58.020002
835abd25-9d11-4f95-9b6d-a3ca72f963c1,MORTAL KOMBAT II,cgv,,26018200,,,,2D,2026-05-27,bd8b358e-c4fc-485a-b3ea-1060b9d7ada0,2026-05-27T16:19:58.020024
835abd25-9d11-4f95-9b6d-a3ca72f963c1,HOKUM,cgv,,26024600,,,,2D,2026-05-27,5fb058a3-e8f0-448f-9891-6749f4bb313c,2026-05-27T16:19:58.020045
835abd25-9d11-4f95-9b6d-a3ca72f963c1,TIBA TIBA SETAN,cgv,,26007500,,,,2D,2026-05-27,a9d96a02-0a64-4ea8-9063-f1d4e863c75a,2026-05-27T16:19:58.020067
835abd25-9d11-4f95-9b6d-a3ca72f963c1,DILAN ITB 1997,cgv,,26016100,,,,2D,2026-05-27,cd07fa1b-63af-41ad-a59e-c7ee49a50644,2026-05-27T16:19:58.020087
835abd25-9d11-4f95-9b6d-a3ca72f963c1,YANG LAIN BOLEH HILANG ASAL KAU JANGAN,cgv,,26018300,,,,2D,2026-05-27,8d528aa2-77ca-4812-8334-50a57632d32b,2026-05-27T16:19:58.020108
835abd25-9d11-4f95-9b6d-a3ca72f963c1,SALMOKJI WHISPERING WATER,cgv,,26019100,,,,2D,2026-05-27,ff54e8e9-c576-46d9-9d60-3f6a36b81fbb,2026-05-27T16:19:58.020129
835abd25-9d11-4f95-9b6d-a3ca72f963c1,THE KINGS WARDEN,cgv,,26015000,,,,2D,2026-05-27,25caa1d6-3cb9-4132-a70a-82dccdb1ee23,2026-05-27T16:19:58.020150
835abd25-9d11-4f95-9b6d-a3ca72f963c1,GOHAN,cgv,,26022500,,,,2D,2026-05-27,4c188ca9-6333-49c0-a2c6-5f074edf23fb,2026-05-27T16:19:58.020171
835abd25-9d11-4f95-9b6d-a3ca72f963c1,THE SHEEP DETECTIVES,cgv,,26019500,,,,2D,2026-05-27,9a9851c6-9385-4c77-8b12-c6b560e5f96f,2026-05-27T16:19:58.020193
835abd25-9d11-4f95-9b6d-a3ca72f963c1,AYAH INI ARAHNYA KEMANA YA,cgv,,26011000,,,,2D,2026-05-27,bba413df-f731-4994-a6ff-670ed7f889b6,2026-05-27T16:19:58.020214
835abd25-9d11-4f95-9b6d-a3ca72f963c1,STAR WARS THE MANDALORIAN AND GROGU 3D,cgv,,26025200,,,,2D,2026-05-27,049b1e78-ce92-464b-8153-95965a695d7d,2026-05-27T16:19:58.020235
835abd25-9d11-4f95-9b6d-a3ca72f963c1,THE DEVIL WEARS PRADA 2,cgv,,26019800,,,,2D,2026-05-27,8f498d91-e3e4-40e6-b08a-28d3001e007a,2026-05-27T16:19:58.020257
835abd25-9d11-4f95-9b6d-a3ca72f963c1,NA WILLA,cgv,,26003200,,,,2D,2026-05-27,980fc9c3-e6cb-4b9d-9186-074f95d93db7,2026-05-27T16:19:58.020277
835abd25-9d11-4f95-9b6d-a3ca72f963c1,KELUARGA SUAMI ADALAH HAMA,cgv,,26017700,,,,2D,2026-05-27,c74b328c-c57a-4912-951d-cf9543f2ef69,2026-05-27T16:19:58.020297
757fb2d3-b37c-4e25-a039-5edbd07b1df2,SEKAWAN LIMO 2 GUNUNG KLAWIH,cgv,,26023300,,,,2D,2026-05-27,c757bfb7-d893-4912-94c6-7c0a638a502b,2026-05-27T16:19:58.289625
757fb2d3-b37c-4e25-a039-5edbd07b1df2,CHILDREN OF HEAVEN,cgv,,26012100,,,,2D,2026-05-27,764c1b18-1e18-43b3-ae67-72b38632bff9,2026-05-27T16:19:58.289671
757fb2d3-b37c-4e25-a039-5edbd07b1df2,BADUT GENDONG,cgv,,26016800,,,,2D,2026-05-27,db47e067-da21-49c1-a829-cbda723f41be,2026-05-27T16:19:58.289707
757fb2d3-b37c-4e25-a039-5edbd07b1df2,TUMBAL PROYEK,cgv,,26014300,,,,2D,2026-05-27,05a1bb68-6595-4100-995e-ea2213da4a6f,2026-05-27T16:19:58.289740
757fb2d3-b37c-4e25-a039-5edbd07b1df2,STAR WARS THE MANDALORIAN AND GROGU,cgv,,26021200,,,,2D,2026-05-27,27a44a46-4007-4c4f-b801-7ce5fd264156,2026-05-27T16:19:58.289774
757fb2d3-b37c-4e25-a039-5edbd07b1df2,SUAMIKU LUKAKU,cgv,,26025400,,,,2D,2026-05-27,5399c706-b286-4aea-b184-94a26b9a9673,2026-05-27T16:19:58.289806
757fb2d3-b37c-4e25-a039-5edbd07b1df2,SEMUA AKAN BAIK BAIK SAJA,cgv,,26018100,,,,2D,2026-05-27,5c113031-cb2b-42f6-8a85-9e12d60fd5c0,2026-05-27T16:19:58.289836
757fb2d3-b37c-4e25-a039-5edbd07b1df2,PASSENGER,cgv,,26023100,,,,2D,2026-05-27,f4f75b83-6eb7-4059-9a7d-631ff097eaba,2026-05-27T16:19:58.289867
757fb2d3-b37c-4e25-a039-5edbd07b1df2,GUDANG MERICA,cgv,,26019400,,,,2D,2026-05-27,b78d292c-0c3e-45d9-9daa-dcc212264f33,2026-05-27T16:19:58.289897
757fb2d3-b37c-4e25-a039-5edbd07b1df2,GHOST IN THE CELL,cgv,,26011800,,,,2D,2026-05-27,0b1a5f33-d07e-4747-b9bf-2aa7bc013d98,2026-05-27T16:19:58.289928
757fb2d3-b37c-4e25-a039-5edbd07b1df2,MORTAL KOMBAT II,cgv,,26018200,,,,2D,2026-05-27,c77ff68f-f636-44c1-bee0-10cb131895bf,2026-05-27T16:19:58.289958
757fb2d3-b37c-4e25-a039-5edbd07b1df2,HOKUM,cgv,,26024600,,,,2D,2026-05-27,9b01f953-b4d7-434a-ba6f-889ce5f0713a,2026-05-27T16:19:58.289988
757fb2d3-b37c-4e25-a039-5edbd07b1df2,TIBA TIBA SETAN,cgv,,26007500,,,,2D,2026-05-27,b40e565d-5132-4901-b60b-f11547fd28b8,2026-05-27T16:19:58.290018
757fb2d3-b37c-4e25-a039-5edbd07b1df2,DILAN ITB 1997,cgv,,26016100,,,,2D,2026-05-27,577bc155-595a-4e79-8fdb-aa63ef202936,2026-05-27T16:19:58.290048
757fb2d3-b37c-4e25-a039-5edbd07b1df2,YANG LAIN BOLEH HILANG ASAL KAU JANGAN,cgv,,26018300,,,,2D,2026-05-27,36bd0bb2-0f18-4548-b2be-3728443f91b7,2026-05-27T16:19:58.290078
757fb2d3-b37c-4e25-a039-5edbd07b1df2,SALMOKJI WHISPERING WATER,cgv,,26019100,,,,2D,2026-05-27,46b82710-e71c-40e0-a35f-f5004920d567,2026-05-27T16:19:58.290107
757fb2d3-b37c-4e25-a039-5edbd07b1df2,THE KINGS WARDEN,cgv,,26015000,,,,2D,2026-05-27,1ed341f0-b916-4bee-8772-9ff508b85ce8,2026-05-27T16:19:58.290137
757fb2d3-b37c-4e25-a039-5edbd07b1df2,GOHAN,cgv,,26022500,,,,2D,2026-05-27,912790d0-29bc-4335-a075-1fbc11806976,2026-05-27T16:19:58.290166
757fb2d3-b37c-4e25-a039-5edbd07b1df2,THE SHEEP DETECTIVES,cgv,,26019500,,,,2D,2026-05-27,96d9a49d-d519-4877-bb65-6349b420d033,2026-05-27T16:19:58.290197
757fb2d3-b37c-4e25-a039-5edbd07b1df2,AYAH INI ARAHNYA KEMANA YA,cgv,,26011000,,,,2D,2026-05-27,971dbd13-8764-4fd7-beed-89846fe30125,2026-05-27T16:19:58.290226
757fb2d3-b37c-4e25-a039-5edbd07b1df2,STAR WARS THE MANDALORIAN AND GROGU 3D,cgv,,26025200,,,,2D,2026-05-27,06646cf8-48ea-4d6a-81bc-776ca4e048b9,2026-05-27T16:19:58.290256
757fb2d3-b37c-4e25-a039-5edbd07b1df2,THE DEVIL WEARS PRADA 2,cgv,,26019800,,,,2D,2026-05-27,380ac94f-5a4c-4f2c-bbd7-dfb88a8ecc0e,2026-05-27T16:19:58.290287
757fb2d3-b37c-4e25-a039-5edbd07b1df2,NA WILLA,cgv,,26003200,,,,2D,2026-05-27,78507b73-e1ac-4254-b1e7-1adf67050683,2026-05-27T16:19:58.290316
757fb2d3-b37c-4e25-a039-5edbd07b1df2,KELUARGA SUAMI ADALAH HAMA,cgv,,26017700,,,,2D,2026-05-27,b5dfdc23-f770-4506-aa8c-2b5c6cd07c37,2026-05-27T16:19:58.290346
1cf8058b-ab27-4e37-9003-7bff020a0f2e,SEKAWAN LIMO 2 GUNUNG KLAWIH,cgv,,26023300,,,,2D,2026-05-27,fb2a52c0-f184-4360-a0ea-68053a275bba,2026-05-27T16:19:58.578755
1cf8058b-ab27-4e37-9003-7bff020a0f2e,CHILDREN OF HEAVEN,cgv,,26012100,,,,2D,2026-05-27,6c6e943d-93cd-4a21-a913-49e8d96fd1d1,2026-05-27T16:19:58.578784
1cf8058b-ab27-4e37-9003-7bff020a0f2e,BADUT GENDONG,cgv,,26016800,,,,2D,2026-05-27,19f6b87e-9ed9-4279-82b4-b12ad3846d72,2026-05-27T16:19:58.578801
1cf8058b-ab27-4e37-9003-7bff020a0f2e,TUMBAL PROYEK,cgv,,26014300,,,,2D,2026-05-27,a27d5cda-8ca4-4199-856d-14a09575cfb6,2026-05-27T16:19:58.578816
1cf8058b-ab27-4e37-9003-7bff020a0f2e,STAR WARS THE MANDALORIAN AND GROGU,cgv,,26021200,,,,2D,2026-05-27,aa2df421-5838-4fe7-86d9-1e4aa5b33a76,2026-05-27T16:19:58.578832
1cf8058b-ab27-4e37-9003-7bff020a0f2e,SUAMIKU LUKAKU,cgv,,26025400,,,,2D,2026-05-27,e742e7e2-21eb-47e4-bb1a-4fc04661f553,2026-05-27T16:19:58.578847
1cf8058b-ab27-4e37-9003-7bff020a0f2e,SEMUA AKAN BAIK BAIK SAJA,cgv,,26018100,,,,2D,2026-05-27,d00217a6-1127-4838-8d53-1e4467ccc163,2026-05-27T16:19:58.578861
1cf8058b-ab27-4e37-9003-7bff020a0f2e,PASSENGER,cgv,,26023100,,,,2D,2026-05-27,2390c2e2-316b-48f3-9a7d-0415f32aef65,2026-05-27T16:19:58.578876
1cf8058b-ab27-4e37-9003-7bff020a0f2e,GUDANG MERICA,cgv,,26019400,,,,2D,2026-05-27,e264119f-9457-4d87-a583-3b71c5ebd46f,2026-05-27T16:19:58.578890
1cf8058b-ab27-4e37-9003-7bff020a0f2e,GHOST IN THE CELL,cgv,,26011800,,,,2D,2026-05-27,52ea3c15-d266-4bda-bb76-cfdf277943e3,2026-05-27T16:19:58.578905
1cf8058b-ab27-4e37-9003-7bff020a0f2e,MORTAL KOMBAT II,cgv,,26018200,,,,2D,2026-05-27,baaa9b6f-eb0d-476a-a51f-59fc624e121f,2026-05-27T16:19:58.578921
1cf8058b-ab27-4e37-9003-7bff020a0f2e,HOKUM,cgv,,26024600,,,,2D,2026-05-27,8e2c7f29-4bbd-463e-92d7-de564633bc05,2026-05-27T16:19:58.578935
1cf8058b-ab27-4e37-9003-7bff020a0f2e,TIBA TIBA SETAN,cgv,,26007500,,,,2D,2026-05-27,1333511f-5636-41bd-8a37-0c972d52df47,2026-05-27T16:19:58.578950
1cf8058b-ab27-4e37-9003-7bff020a0f2e,DILAN ITB 1997,cgv,,26016100,,,,2D,2026-05-27,f0fde8fc-ac2c-401a-a73f-4687405c6449,2026-05-27T16:19:58.578965
1cf8058b-ab27-4e37-9003-7bff020a0f2e,YANG LAIN BOLEH HILANG ASAL KAU JANGAN,cgv,,26018300,,,,2D,2026-05-27,c69e5d88-2740-47af-bb40-856b9acd103a,2026-05-27T16:19:58.578980
1cf8058b-ab27-4e37-9003-7bff020a0f2e,SALMOKJI WHISPERING WATER,cgv,,26019100,,,,2D,2026-05-27,17d42d02-03d9-4b64-b428-a65a9c221f8c,2026-05-27T16:19:58.578994
1cf8058b-ab27-4e37-9003-7bff020a0f2e,THE KINGS WARDEN,cgv,,26015000,,,,2D,2026-05-27,ccc4e45a-7210-4c3d-abdc-9bcfb0ff3ab4,2026-05-27T16:19:58.579008
1cf8058b-ab27-4e37-9003-7bff020a0f2e,GOHAN,cgv,,26022500,,,,2D,2026-05-27,6443ee22-e688-4a46-8ef6-2246861f9f28,2026-05-27T16:19:58.579021
1cf8058b-ab27-4e37-9003-7bff020a0f2e,THE SHEEP DETECTIVES,cgv,,26019500,,,,2D,2026-05-27,7bc12f52-8132-4098-a195-582f82912f1f,2026-05-27T16:19:58.579036
1cf8058b-ab27-4e37-9003-7bff020a0f2e,AYAH INI ARAHNYA KEMANA YA,cgv,,26011000,,,,2D,2026-05-27,87ab07e7-00ce-46db-ab28-ee002472d67f,2026-05-27T16:19:58.579051
1cf8058b-ab27-4e37-9003-7bff020a0f2e,STAR WARS THE MANDALORIAN AND GROGU 3D,cgv,,26025200,,,,2D,2026-05-27,0a980083-a0b9-46fe-ad1c-2c0fa835c22d,2026-05-27T16:19:58.579067
1cf8058b-ab27-4e37-9003-7bff020a0f2e,THE DEVIL WEARS PRADA 2,cgv,,26019800,,,,2D,2026-05-27,cad2d467-6615-4437-8a9c-bdf46eba7b7c,2026-05-27T16:19:58.579081
1cf8058b-ab27-4e37-9003-7bff020a0f2e,NA WILLA,cgv,,26003200,,,,2D,2026-05-27,0c9b16e0-e356-4f0b-a648-2c1ae46ade43,2026-05-27T16:19:58.579096
1cf8058b-ab27-4e37-9003-7bff020a0f2e,KELUARGA SUAMI ADALAH HAMA,cgv,,26017700,,,,2D,2026-05-27,3951c11c-7cd6-46e5-a407-7d5d2172000b,2026-05-27T16:19:58.579110
40926b06-ed85-4f30-a27a-2bead7ec71ab,SEKAWAN LIMO 2 GUNUNG KLAWIH,cgv,,26023300,,,,2D,2026-05-27,fe1c3146-e6df-4ddf-8a19-bbd7479d3a76,2026-05-27T16:19:58.757552
40926b06-ed85-4f30-a27a-2bead7ec71ab,CHILDREN OF HEAVEN,cgv,,26012100,,,,2D,2026-05-27,89761ccc-3df8-4f1b-a3a9-e90b254be657,2026-05-27T16:19:58.757572
40926b06-ed85-4f30-a27a-2bead7ec71ab,BADUT GENDONG,cgv,,26016800,,,,2D,2026-05-27,956357de-5a8c-4a3e-8066-7ba21485ca43,2026-05-27T16:19:58.757587
40926b06-ed85-4f30-a27a-2bead7ec71ab,TUMBAL PROYEK,cgv,,26014300,,,,2D,2026-05-27,46347271-2bca-4a65-b32c-6536b16566d6,2026-05-27T16:19:58.757600
40926b06-ed85-4f30-a27a-2bead7ec71ab,STAR WARS THE MANDALORIAN AND GROGU,cgv,,26021200,,,,2D,2026-05-27,46e18206-66cc-4323-b52e-2e5104da7801,2026-05-27T16:19:58.757614
40926b06-ed85-4f30-a27a-2bead7ec71ab,SUAMIKU LUKAKU,cgv,,26025400,,,,2D,2026-05-27,448c6853-6fd8-41fa-818b-484eedc19378,2026-05-27T16:19:58.757626
40926b06-ed85-4f30-a27a-2bead7ec71ab,SEMUA AKAN BAIK BAIK SAJA,cgv,,26018100,,,,2D,2026-05-27,9e9db592-65e1-4161-84d1-e6b5edd343a7,2026-05-27T16:19:58.757639
40926b06-ed85-4f30-a27a-2bead7ec71ab,PASSENGER,cgv,,26023100,,,,2D,2026-05-27,a6b924af-1de1-42cf-b171-d50b6d8da3e5,2026-05-27T16:19:58.757651
40926b06-ed85-4f30-a27a-2bead7ec71ab,GUDANG MERICA,cgv,,26019400,,,,2D,2026-05-27,00792ac5-e906-44e9-a75f-6ffc975cd879,2026-05-27T16:19:58.757665
40926b06-ed85-4f30-a27a-2bead7ec71ab,GHOST IN THE CELL,cgv,,26011800,,,,2D,2026-05-27,6aa9994d-1363-4e76-900c-666a154a508d,2026-05-27T16:19:58.757678
40926b06-ed85-4f30-a27a-2bead7ec71ab,MORTAL KOMBAT II,cgv,,26018200,,,,2D,2026-05-27,e906a6d2-99f9-42ed-9e8d-016b9c7d0911,2026-05-27T16:19:58.757690
40926b06-ed85-4f30-a27a-2bead7ec71ab,HOKUM,cgv,,26024600,,,,2D,2026-05-27,c16213ce-f448-4b5f-8d51-8f452bd35105,2026-05-27T16:19:58.757702
40926b06-ed85-4f30-a27a-2bead7ec71ab,TIBA TIBA SETAN,cgv,,26007500,,,,2D,2026-05-27,a1a1ebf6-f5d9-44e1-836a-de075658e145,2026-05-27T16:19:58.757714
40926b06-ed85-4f30-a27a-2bead7ec71ab,DILAN ITB 1997,cgv,,26016100,,,,2D,2026-05-27,db33ec1e-11a3-4fb6-8b2d-099d65c651c3,2026-05-27T16:19:58.757726
40926b06-ed85-4f30-a27a-2bead7ec71ab,YANG LAIN BOLEH HILANG ASAL KAU JANGAN,cgv,,26018300,,,,2D,2026-05-27,533d170c-ad92-4fce-8daf-2c69b8203f89,2026-05-27T16:19:58.757738
40926b06-ed85-4f30-a27a-2bead7ec71ab,SALMOKJI WHISPERING WATER,cgv,,26019100,,,,2D,2026-05-27,5acc3286-57cd-4b1f-a94a-f055b9efa445,2026-05-27T16:19:58.757750
40926b06-ed85-4f30-a27a-2bead7ec71ab,THE KINGS WARDEN,cgv,,26015000,,,,2D,2026-05-27,b08f2705-a1c2-44c5-9e7a-b712e12b6383,2026-05-27T16:19:58.757763
40926b06-ed85-4f30-a27a-2bead7ec71ab,GOHAN,cgv,,26022500,,,,2D,2026-05-27,9d64f929-5597-4e36-a239-e2f224cb798f,2026-05-27T16:19:58.757775
40926b06-ed85-4f30-a27a-2bead7ec71ab,THE SHEEP DETECTIVES,cgv,,26019500,,,,2D,2026-05-27,8e8ca9f4-01ce-4015-be0e-70a9bf0af7b3,2026-05-27T16:19:58.757788
40926b06-ed85-4f30-a27a-2bead7ec71ab,AYAH INI ARAHNYA KEMANA YA,cgv,,26011000,,,,2D,2026-05-27,f24b252f-c359-4528-8c6c-69c4440411f0,2026-05-27T16:19:58.757800
40926b06-ed85-4f30-a27a-2bead7ec71ab,STAR WARS THE MANDALORIAN AND GROGU 3D,cgv,,26025200,,,,2D,2026-05-27,66cd1dc9-184a-4370-9601-1c36f606da9f,2026-05-27T16:19:58.757814
40926b06-ed85-4f30-a27a-2bead7ec71ab,THE DEVIL WEARS PRADA 2,cgv,,26019800,,,,2D,2026-05-27,02966b7e-faed-4f7d-8eb0-55d02c57afad,2026-05-27T16:19:58.757827
40926b06-ed85-4f30-a27a-2bead7ec71ab,NA WILLA,cgv,,26003200,,,,2D,2026-05-27,1e0a9af6-ceac-480a-80ed-61d69b0ca602,2026-05-27T16:19:58.757839
40926b06-ed85-4f30-a27a-2bead7ec71ab,KELUARGA SUAMI ADALAH HAMA,cgv,,26017700,,,,2D,2026-05-27,9000084f-147c-4dbf-87b2-1b4e79e41be3,2026-05-27T16:19:58.757851
644b9722-fdb0-4177-a598-31eaf1fa9525,SEKAWAN LIMO 2 GUNUNG KLAWIH,cgv,,26023300,,,,2D,2026-05-27,ee207f01-6ecf-40fe-8e08-62b6f6734e25,2026-05-27T16:20:00.690790
644b9722-fdb0-4177-a598-31eaf1fa9525,CHILDREN OF HEAVEN,cgv,,26012100,,,,2D,2026-05-27,e4d3e65e-cc98-4ef4-a593-edf28aa39845,2026-05-27T16:20:00.690828
644b9722-fdb0-4177-a598-31eaf1fa9525,BADUT GENDONG,cgv,,26016800,,,,2D,2026-05-27,74bba23a-8784-4a97-8014-aeb917e88ed3,2026-05-27T16:20:00.690861
644b9722-fdb0-4177-a598-31eaf1fa9525,TUMBAL PROYEK,cgv,,26014300,,,,2D,2026-05-27,a27addba-9d39-42c6-9485-0e1b6a3ca7e1,2026-05-27T16:20:00.690889
644b9722-fdb0-4177-a598-31eaf1fa9525,STAR WARS THE MANDALORIAN AND GROGU,cgv,,26021200,,,,2D,2026-05-27,e2f283fd-f9ff-4886-99e3-4b645a0da69b,2026-05-27T16:20:00.690917
644b9722-fdb0-4177-a598-31eaf1fa9525,SUAMIKU LUKAKU,cgv,,26025400,,,,2D,2026-05-27,20cb0b04-58ed-4753-b503-92e01593ed75,2026-05-27T16:20:00.690942
644b9722-fdb0-4177-a598-31eaf1fa9525,SEMUA AKAN BAIK BAIK SAJA,cgv,,26018100,,,,2D,2026-05-27,0aa1393d-b981-4c4a-aed1-f0e3fc0a5e9a,2026-05-27T16:20:00.690968
644b9722-fdb0-4177-a598-31eaf1fa9525,PASSENGER,cgv,,26023100,,,,2D,2026-05-27,79a097eb-4ccb-463a-ae97-3ca7821fb2c1,2026-05-27T16:20:00.690993
644b9722-fdb0-4177-a598-31eaf1fa9525,GUDANG MERICA,cgv,,26019400,,,,2D,2026-05-27,16178c23-af9e-4534-98eb-c7ee8409e1c7,2026-05-27T16:20:00.691018
644b9722-fdb0-4177-a598-31eaf1fa9525,GHOST IN THE CELL,cgv,,26011800,,,,2D,2026-05-27,f792bfb3-9567-4175-a771-73d1cf1f8fd4,2026-05-27T16:20:00.691043
644b9722-fdb0-4177-a598-31eaf1fa9525,MORTAL KOMBAT II,cgv,,26018200,,,,2D,2026-05-27,b3dc458f-0b73-45d4-805f-d17aa9a7d71b,2026-05-27T16:20:00.691068
644b9722-fdb0-4177-a598-31eaf1fa9525,HOKUM,cgv,,26024600,,,,2D,2026-05-27,daad8579-54b7-4bbc-8238-03a8a4e06020,2026-05-27T16:20:00.691092
644b9722-fdb0-4177-a598-31eaf1fa9525,TIBA TIBA SETAN,cgv,,26007500,,,,2D,2026-05-27,dcebdad1-d2e5-44d4-a767-a979c32d0a37,2026-05-27T16:20:00.691117
644b9722-fdb0-4177-a598-31eaf1fa9525,DILAN ITB 1997,cgv,,26016100,,,,2D,2026-05-27,92c6ab48-4876-4861-a242-ffa83ffc5269,2026-05-27T16:20:00.691141
644b9722-fdb0-4177-a598-31eaf1fa9525,YANG LAIN BOLEH HILANG ASAL KAU JANGAN,cgv,,26018300,,,,2D,2026-05-27,e69a23fa-b8fc-4db8-9c1c-29ede7393b0b,2026-05-27T16:20:00.691165
644b9722-fdb0-4177-a598-31eaf1fa9525,SALMOKJI WHISPERING WATER,cgv,,26019100,,,,2D,2026-05-27,ef953194-4bc8-49c7-884b-1aa16f3d4751,2026-05-27T16:20:00.691191
644b9722-fdb0-4177-a598-31eaf1fa9525,THE KINGS WARDEN,cgv,,26015000,,,,2D,2026-05-27,f23e6ce7-4d49-4a25-89b3-5241f8d93119,2026-05-27T16:20:00.691214
644b9722-fdb0-4177-a598-31eaf1fa9525,GOHAN,cgv,,26022500,,,,2D,2026-05-27,f581f938-862b-44cf-9f24-a7908ab86c60,2026-05-27T16:20:00.691238
644b9722-fdb0-4177-a598-31eaf1fa9525,THE SHEEP DETECTIVES,cgv,,26019500,,,,2D,2026-05-27,f732a7cd-5e82-4a96-b9cd-b6e85cc33f55,2026-05-27T16:20:00.691443
644b9722-fdb0-4177-a598-31eaf1fa9525,AYAH INI ARAHNYA KEMANA YA,cgv,,26011000,,,,2D,2026-05-27,d355280b-d158-4ff6-8b71-db3e30675f9f,2026-05-27T16:20:00.691471
644b9722-fdb0-4177-a598-31eaf1fa9525,STAR WARS THE MANDALORIAN AND GROGU 3D,cgv,,26025200,,,,2D,2026-05-27,e3599e1e-7331-472a-8e09-f4d1f6755d5f,2026-05-27T16:20:00.691496
644b9722-fdb0-4177-a598-31eaf1fa9525,THE DEVIL WEARS PRADA 2,cgv,,26019800,,,,2D,2026-05-27,6a81dcd6-88d4-40fb-bd9f-99d1ffbc7e8b,2026-05-27T16:20:00.691522
644b9722-fdb0-4177-a598-31eaf1fa9525,NA WILLA,cgv,,26003200,,,,2D,2026-05-27,9405407b-421b-4882-9ef1-1df26287894d,2026-05-27T16:20:00.691547
644b9722-fdb0-4177-a598-31eaf1fa9525,KELUARGA SUAMI ADALAH HAMA,cgv,,26017700,,,,2D,2026-05-27,19accabb-a23f-486b-a56e-f4b7093b8bca,2026-05-27T16:20:00.691571
6526167d-7580-47e4-84dd-92d919551f07,SEKAWAN LIMO 2 GUNUNG KLAWIH,cgv,,26023300,,,,2D,2026-05-27,23619b80-5545-499d-a4de-c0b983bb4538,2026-05-27T16:20:01.332329
6526167d-7580-47e4-84dd-92d919551f07,CHILDREN OF HEAVEN,cgv,,26012100,,,,2D,2026-05-27,e0fa8bcf-1d54-422a-83b5-bafd610c766e,2026-05-27T16:20:01.332411
6526167d-7580-47e4-84dd-92d919551f07,BADUT GENDONG,cgv,,26016800,,,,2D,2026-05-27,00ab4f52-d9f6-4cbf-8320-3a8d07b98d09,2026-05-27T16:20:01.332435
6526167d-7580-47e4-84dd-92d919551f07,TUMBAL PROYEK,cgv,,26014300,,,,2D,2026-05-27,633eb0af-60aa-4f22-966e-f400bc82c674,2026-05-27T16:20:01.332449
6526167d-7580-47e4-84dd-92d919551f07,STAR WARS THE MANDALORIAN AND GROGU,cgv,,26021200,,,,2D,2026-05-27,80793df8-9a14-4808-8940-9778df29d36e,2026-05-27T16:20:01.332462
6526167d-7580-47e4-84dd-92d919551f07,SUAMIKU LUKAKU,cgv,,26025400,,,,2D,2026-05-27,08192475-da1c-44d8-b0d8-df81538db8e0,2026-05-27T16:20:01.332473
6526167d-7580-47e4-84dd-92d919551f07,SEMUA AKAN BAIK BAIK SAJA,cgv,,26018100,,,,2D,2026-05-27,b8cdb695-90de-4e1f-82fe-4678b973bb55,2026-05-27T16:20:01.332485
6526167d-7580-47e4-84dd-92d919551f07,PASSENGER,cgv,,26023100,,,,2D,2026-05-27,d40248a7-ca72-4700-bf34-a3d21879b1a9,2026-05-27T16:20:01.332496
6526167d-7580-47e4-84dd-92d919551f07,GUDANG MERICA,cgv,,26019400,,,,2D,2026-05-27,e263cc03-c393-40fe-bf4f-d0c98223d5cb,2026-05-27T16:20:01.332506
6526167d-7580-47e4-84dd-92d919551f07,GHOST IN THE CELL,cgv,,26011800,,,,2D,2026-05-27,ff645c47-c2f1-4ddd-be83-57f08a372e85,2026-05-27T16:20:01.332517
6526167d-7580-47e4-84dd-92d919551f07,MORTAL KOMBAT II,cgv,,26018200,,,,2D,2026-05-27,2a7e7918-6ac2-43bf-a71d-947552fe731f,2026-05-27T16:20:01.332528
6526167d-7580-47e4-84dd-92d919551f07,HOKUM,cgv,,26024600,,,,2D,2026-05-27,c0995a6d-5c4c-4a21-8f4a-d3aa5b0637b1,2026-05-27T16:20:01.332538
6526167d-7580-47e4-84dd-92d919551f07,TIBA TIBA SETAN,cgv,,26007500,,,,2D,2026-05-27,7717e9ea-d4cc-4916-bfd7-32658be7faf9,2026-05-27T16:20:01.332549
6526167d-7580-47e4-84dd-92d919551f07,DILAN ITB 1997,cgv,,26016100,,,,2D,2026-05-27,9a41d3e9-06fc-4eb3-af64-d2f3cc856f6e,2026-05-27T16:20:01.332560
6526167d-7580-47e4-84dd-92d919551f07,YANG LAIN BOLEH HILANG ASAL KAU JANGAN,cgv,,26018300,,,,2D,2026-05-27,40d5cccd-e3dd-4e88-8eb3-73a05bdf8eb0,2026-05-27T16:20:01.332571
6526167d-7580-47e4-84dd-92d919551f07,SALMOKJI WHISPERING WATER,cgv,,26019100,,,,2D,2026-05-27,4a23791d-2674-475f-a174-2c5a86b61cde,2026-05-27T16:20:01.332582
6526167d-7580-47e4-84dd-92d919551f07,THE KINGS WARDEN,cgv,,26015000,,,,2D,2026-05-27,4d10177e-d65b-4c6d-9fb9-f3e83cad0e79,2026-05-27T16:20:01.332592
6526167d-7580-47e4-84dd-92d919551f07,GOHAN,cgv,,26022500,,,,2D,2026-05-27,9636269a-f410-49ae-8d9d-f94790249b50,2026-05-27T16:20:01.332605
6526167d-7580-47e4-84dd-92d919551f07,THE SHEEP DETECTIVES,cgv,,26019500,,,,2D,2026-05-27,d741c478-246f-40c8-9155-4f8d28bdf7f0,2026-05-27T16:20:01.332617
6526167d-7580-47e4-84dd-92d919551f07,AYAH INI ARAHNYA KEMANA YA,cgv,,26011000,,,,2D,2026-05-27,011505c9-e1f2-412c-b997-94df0aa189f6,2026-05-27T16:20:01.332628
6526167d-7580-47e4-84dd-92d919551f07,STAR WARS THE MANDALORIAN AND GROGU 3D,cgv,,26025200,,,,2D,2026-05-27,9e7d5541-258a-41fc-91f9-688899a3a3d6,2026-05-27T16:20:01.332638
6526167d-7580-47e4-84dd-92d919551f07,THE DEVIL WEARS PRADA 2,cgv,,26019800,,,,2D,2026-05-27,fe9f7c2d-0eeb-47b8-b56f-b391729eddf7,2026-05-27T16:20:01.332648
6526167d-7580-47e4-84dd-92d919551f07,NA WILLA,cgv,,26003200,,,,2D,2026-05-27,1570a384-b6a5-46b2-b1ee-bed96d285860,2026-05-27T16:20:01.332659
6526167d-7580-47e4-84dd-92d919551f07,KELUARGA SUAMI ADALAH HAMA,cgv,,26017700,,,,2D,2026-05-27,0a2e80ca-3b9f-446d-a815-9e4bc31835e7,2026-05-27T16:20:01.332669
d8e06f3c-7ffe-4aae-8cdc-94e149b0349a,SEKAWAN LIMO 2 GUNUNG KLAWIH,cgv,,26023300,,,,2D,2026-05-27,1d16f54f-97b5-411f-8d91-795bae5279cd,2026-05-27T16:20:01.622198
d8e06f3c-7ffe-4aae-8cdc-94e149b0349a,CHILDREN OF HEAVEN,cgv,,26012100,,,,2D,2026-05-27,bb1f08af-fd4f-4aae-9fd9-9d06083eefde,2026-05-27T16:20:01.622219
d8e06f3c-7ffe-4aae-8cdc-94e149b0349a,BADUT GENDONG,cgv,,26016800,,,,2D,2026-05-27,65f32148-2bd9-4ef4-bb3b-68cfdb6cf185,2026-05-27T16:20:01.622234
d8e06f3c-7ffe-4aae-8cdc-94e149b0349a,TUMBAL PROYEK,cgv,,26014300,,,,2D,2026-05-27,9763032e-ddb4-408d-9cb8-b30f5a97d44d,2026-05-27T16:20:01.622248
d8e06f3c-7ffe-4aae-8cdc-94e149b0349a,STAR WARS THE MANDALORIAN AND GROGU,cgv,,26021200,,,,2D,2026-05-27,d4f8df41-fe67-487f-ae26-4bb38df59615,2026-05-27T16:20:01.622262
d8e06f3c-7ffe-4aae-8cdc-94e149b0349a,SUAMIKU LUKAKU,cgv,,26025400,,,,2D,2026-05-27,e40b8801-60a0-4b7b-ae1e-c3ac15be31b6,2026-05-27T16:20:01.622274
d8e06f3c-7ffe-4aae-8cdc-94e149b0349a,SEMUA AKAN BAIK BAIK SAJA,cgv,,26018100,,,,2D,2026-05-27,74a1992e-77dc-4cce-91d4-0c03d4693ece,2026-05-27T16:20:01.622287
d8e06f3c-7ffe-4aae-8cdc-94e149b0349a,PASSENGER,cgv,,26023100,,,,2D,2026-05-27,8664e90b-e580-44ce-9fca-9cda0980b348,2026-05-27T16:20:01.622299
d8e06f3c-7ffe-4aae-8cdc-94e149b0349a,GUDANG MERICA,cgv,,26019400,,,,2D,2026-05-27,2138ffee-bced-4b8e-9152-03397926eedb,2026-05-27T16:20:01.622311
d8e06f3c-7ffe-4aae-8cdc-94e149b0349a,GHOST IN THE CELL,cgv,,26011800,,,,2D,2026-05-27,cfd0edfe-2b58-4e17-afe2-e8c0ef6e10bd,2026-05-27T16:20:01.622323
d8e06f3c-7ffe-4aae-8cdc-94e149b0349a,MORTAL KOMBAT II,cgv,,26018200,,,,2D,2026-05-27,5d34015a-0e2b-442a-9b26-df3de57e251f,2026-05-27T16:20:01.622335
d8e06f3c-7ffe-4aae-8cdc-94e149b0349a,HOKUM,cgv,,26024600,,,,2D,2026-05-27,0904f9bf-bdab-45fc-9670-b5804586e1c0,2026-05-27T16:20:01.622348
d8e06f3c-7ffe-4aae-8cdc-94e149b0349a,TIBA TIBA SETAN,cgv,,26007500,,,,2D,2026-05-27,65723f75-8334-425c-80cb-094d3a943fec,2026-05-27T16:20:01.622360
d8e06f3c-7ffe-4aae-8cdc-94e149b0349a,DILAN ITB 1997,cgv,,26016100,,,,2D,2026-05-27,eaff8659-19a5-40d5-957b-90c5f6f9d0fd,2026-05-27T16:20:01.622371
d8e06f3c-7ffe-4aae-8cdc-94e149b0349a,YANG LAIN BOLEH HILANG ASAL KAU JANGAN,cgv,,26018300,,,,2D,2026-05-27,829f4750-d16d-4e70-9b79-46d9d35e432f,2026-05-27T16:20:01.622384
d8e06f3c-7ffe-4aae-8cdc-94e149b0349a,SALMOKJI WHISPERING WATER,cgv,,26019100,,,,2D,2026-05-27,331afef0-6c0e-42c1-93c0-d97407376431,2026-05-27T16:20:01.622396
d8e06f3c-7ffe-4aae-8cdc-94e149b0349a,THE KINGS WARDEN,cgv,,26015000,,,,2D,2026-05-27,4b56ea39-e0b6-45f1-85a1-2f58e0ceeb77,2026-05-27T16:20:01.622407
d8e06f3c-7ffe-4aae-8cdc-94e149b0349a,GOHAN,cgv,,26022500,,,,2D,2026-05-27,9d57ec31-59c9-47fa-84a6-933c1445660b,2026-05-27T16:20:01.622419
d8e06f3c-7ffe-4aae-8cdc-94e149b0349a,THE SHEEP DETECTIVES,cgv,,26019500,,,,2D,2026-05-27,69dbd4ae-4b0e-4b08-9efd-bad76022000d,2026-05-27T16:20:01.622432
d8e06f3c-7ffe-4aae-8cdc-94e149b0349a,AYAH INI ARAHNYA KEMANA YA,cgv,,26011000,,,,2D,2026-05-27,3691c2ea-f506-4573-8858-119ed658965d,2026-05-27T16:20:01.622455
d8e06f3c-7ffe-4aae-8cdc-94e149b0349a,STAR WARS THE MANDALORIAN AND GROGU 3D,cgv,,26025200,,,,2D,2026-05-27,c9b61f26-b809-4550-9ab4-3a18bb0d3516,2026-05-27T16:20:01.622469
d8e06f3c-7ffe-4aae-8cdc-94e149b0349a,THE DEVIL WEARS PRADA 2,cgv,,26019800,,,,2D,2026-05-27,5410a9a4-8ccc-4e06-978a-2ed619b9d398,2026-05-27T16:20:01.622481
d8e06f3c-7ffe-4aae-8cdc-94e149b0349a,NA WILLA,cgv,,26003200,,,,2D,2026-05-27,3b761e3e-4a7d-4f54-89bf-1a08ef8b6426,2026-05-27T16:20:01.622493
d8e06f3c-7ffe-4aae-8cdc-94e149b0349a,KELUARGA SUAMI ADALAH HAMA,cgv,,26017700,,,,2D,2026-05-27,ebb4f7c9-8ea8-4c9c-9b1b-efa4e5be0e43,2026-05-27T16:20:01.622505
64fec991-0011-43f6-aa75-eae9463f879b,SEKAWAN LIMO 2 GUNUNG KLAWIH,cgv,,26023300,,,,2D,2026-05-27,dfac78d6-7685-433a-9962-0e1c7bb4ec3c,2026-05-27T16:20:02.110857
64fec991-0011-43f6-aa75-eae9463f879b,CHILDREN OF HEAVEN,cgv,,26012100,,,,2D,2026-05-27,cd811b42-a17b-4c96-a40e-98736fc2cd05,2026-05-27T16:20:02.110898
64fec991-0011-43f6-aa75-eae9463f879b,BADUT GENDONG,cgv,,26016800,,,,2D,2026-05-27,319c3c3f-4782-4e5f-b95d-c1ef94b97c1f,2026-05-27T16:20:02.110929
64fec991-0011-43f6-aa75-eae9463f879b,TUMBAL PROYEK,cgv,,26014300,,,,2D,2026-05-27,022255d2-5bd8-47b8-b8b5-443c66739f46,2026-05-27T16:20:02.110958
64fec991-0011-43f6-aa75-eae9463f879b,STAR WARS THE MANDALORIAN AND GROGU,cgv,,26021200,,,,2D,2026-05-27,d728ad39-6989-42c1-9086-9c3d9692a849,2026-05-27T16:20:02.110987
64fec991-0011-43f6-aa75-eae9463f879b,SUAMIKU LUKAKU,cgv,,26025400,,,,2D,2026-05-27,954e146c-5dd8-400a-af45-52fc483042d8,2026-05-27T16:20:02.111015
64fec991-0011-43f6-aa75-eae9463f879b,SEMUA AKAN BAIK BAIK SAJA,cgv,,26018100,,,,2D,2026-05-27,5ffa4a5a-fa85-4b62-8550-4c6a2c0f7d3e,2026-05-27T16:20:02.111042
64fec991-0011-43f6-aa75-eae9463f879b,PASSENGER,cgv,,26023100,,,,2D,2026-05-27,b500a2a8-7644-424b-b39b-d1aa5479f5d4,2026-05-27T16:20:02.111068
64fec991-0011-43f6-aa75-eae9463f879b,GUDANG MERICA,cgv,,26019400,,,,2D,2026-05-27,37c828f9-56fa-4b20-a86e-f1d4b3734a02,2026-05-27T16:20:02.111094
64fec991-0011-43f6-aa75-eae9463f879b,GHOST IN THE CELL,cgv,,26011800,,,,2D,2026-05-27,b4532bc2-d36b-48a3-b277-5a4145a8bfe4,2026-05-27T16:20:02.111120
64fec991-0011-43f6-aa75-eae9463f879b,MORTAL KOMBAT II,cgv,,26018200,,,,2D,2026-05-27,57c9aa10-c848-4cf1-8f2d-c4dcf054662d,2026-05-27T16:20:02.111147
64fec991-0011-43f6-aa75-eae9463f879b,HOKUM,cgv,,26024600,,,,2D,2026-05-27,ec6ffcdf-21a4-44e1-9425-37dd1871c304,2026-05-27T16:20:02.111175
64fec991-0011-43f6-aa75-eae9463f879b,TIBA TIBA SETAN,cgv,,26007500,,,,2D,2026-05-27,26b666c2-23d0-4428-91e3-178b533708aa,2026-05-27T16:20:02.111200
64fec991-0011-43f6-aa75-eae9463f879b,DILAN ITB 1997,cgv,,26016100,,,,2D,2026-05-27,3b00d872-d4d5-4629-9d00-00a80c5cdb05,2026-05-27T16:20:02.111225
64fec991-0011-43f6-aa75-eae9463f879b,YANG LAIN BOLEH HILANG ASAL KAU JANGAN,cgv,,26018300,,,,2D,2026-05-27,ad7da5f2-4da1-4eb0-afc1-2761bc295c6a,2026-05-27T16:20:02.111250
64fec991-0011-43f6-aa75-eae9463f879b,SALMOKJI WHISPERING WATER,cgv,,26019100,,,,2D,2026-05-27,984934ce-600d-44cc-a3a8-a7438cae7e13,2026-05-27T16:20:02.111275
64fec991-0011-43f6-aa75-eae9463f879b,THE KINGS WARDEN,cgv,,26015000,,,,2D,2026-05-27,6f9c429f-e67c-41c7-8aa8-1d9dd23398b8,2026-05-27T16:20:02.111299
64fec991-0011-43f6-aa75-eae9463f879b,GOHAN,cgv,,26022500,,,,2D,2026-05-27,2aec226e-10e2-4536-9b5b-151374e6f774,2026-05-27T16:20:02.111324
64fec991-0011-43f6-aa75-eae9463f879b,THE SHEEP DETECTIVES,cgv,,26019500,,,,2D,2026-05-27,84adc0db-68f7-4a0d-a547-0f95b262d753,2026-05-27T16:20:02.111351
64fec991-0011-43f6-aa75-eae9463f879b,AYAH INI ARAHNYA KEMANA YA,cgv,,26011000,,,,2D,2026-05-27,5e4cd58f-03a2-4cb1-9daf-27465937b4b0,2026-05-27T16:20:02.111376
64fec991-0011-43f6-aa75-eae9463f879b,STAR WARS THE MANDALORIAN AND GROGU 3D,cgv,,26025200,,,,2D,2026-05-27,a43cd44b-a0d6-44f7-a48b-a8ae443fbd08,2026-05-27T16:20:02.111401
64fec991-0011-43f6-aa75-eae9463f879b,THE DEVIL WEARS PRADA 2,cgv,,26019800,,,,2D,2026-05-27,6aa03c8c-d696-47d6-9e75-f5bbf540fa01,2026-05-27T16:20:02.111426
64fec991-0011-43f6-aa75-eae9463f879b,NA WILLA,cgv,,26003200,,,,2D,2026-05-27,d5d77e98-74ce-49ff-9114-b316c7f2fc00,2026-05-27T16:20:02.111452
64fec991-0011-43f6-aa75-eae9463f879b,KELUARGA SUAMI ADALAH HAMA,cgv,,26017700,,,,2D,2026-05-27,c20fa78d-8cc4-4504-a9d2-45da3c35f636,2026-05-27T16:20:02.111477
0da0c572-b69e-4f47-80f3-46e80d7c37b4,SEKAWAN LIMO 2 GUNUNG KLAWIH,cgv,,26023300,,,,2D,2026-05-27,6255b544-b8d8-4686-a405-7cb69b4d836b,2026-05-27T16:20:02.121120
0da0c572-b69e-4f47-80f3-46e80d7c37b4,CHILDREN OF HEAVEN,cgv,,26012100,,,,2D,2026-05-27,73460554-78d4-45a0-b351-3133aa1793af,2026-05-27T16:20:02.121149
0da0c572-b69e-4f47-80f3-46e80d7c37b4,BADUT GENDONG,cgv,,26016800,,,,2D,2026-05-27,e5899bbc-d06f-4c94-9152-e899e683ba87,2026-05-27T16:20:02.121173
0da0c572-b69e-4f47-80f3-46e80d7c37b4,TUMBAL PROYEK,cgv,,26014300,,,,2D,2026-05-27,f4375062-af40-4533-9c71-d1024f9d60c7,2026-05-27T16:20:02.121195
0da0c572-b69e-4f47-80f3-46e80d7c37b4,STAR WARS THE MANDALORIAN AND GROGU,cgv,,26021200,,,,2D,2026-05-27,2ecedef9-61a5-46e7-bda6-147396585039,2026-05-27T16:20:02.121218
0da0c572-b69e-4f47-80f3-46e80d7c37b4,SUAMIKU LUKAKU,cgv,,26025400,,,,2D,2026-05-27,0b79f9fb-2b15-4c18-8e05-ca61f4cf7e87,2026-05-27T16:20:02.121240
0da0c572-b69e-4f47-80f3-46e80d7c37b4,SEMUA AKAN BAIK BAIK SAJA,cgv,,26018100,,,,2D,2026-05-27,92eedec9-fd4d-4da6-9600-c2f40a239449,2026-05-27T16:20:02.121262
0da0c572-b69e-4f47-80f3-46e80d7c37b4,PASSENGER,cgv,,26023100,,,,2D,2026-05-27,71241d93-edc3-44d5-9d05-7a793caf5e93,2026-05-27T16:20:02.121283
0da0c572-b69e-4f47-80f3-46e80d7c37b4,GUDANG MERICA,cgv,,26019400,,,,2D,2026-05-27,bec96dcb-334b-4073-b9bd-0a1d4717b7af,2026-05-27T16:20:02.121304
0da0c572-b69e-4f47-80f3-46e80d7c37b4,GHOST IN THE CELL,cgv,,26011800,,,,2D,2026-05-27,7cf63903-7947-403a-92a5-48e9eda116e4,2026-05-27T16:20:02.121324
0da0c572-b69e-4f47-80f3-46e80d7c37b4,MORTAL KOMBAT II,cgv,,26018200,,,,2D,2026-05-27,be815c30-e855-48b7-ab47-5df8bd54e904,2026-05-27T16:20:02.121345
0da0c572-b69e-4f47-80f3-46e80d7c37b4,HOKUM,cgv,,26024600,,,,2D,2026-05-27,d2a0c52e-8c51-44b6-a7a4-547add4f6ac0,2026-05-27T16:20:02.121366
0da0c572-b69e-4f47-80f3-46e80d7c37b4,TIBA TIBA SETAN,cgv,,26007500,,,,2D,2026-05-27,47f3c1bf-1db6-4916-8231-0f63adc3a279,2026-05-27T16:20:02.121387
0da0c572-b69e-4f47-80f3-46e80d7c37b4,DILAN ITB 1997,cgv,,26016100,,,,2D,2026-05-27,0cbaefe0-1048-48b4-87d2-181749a4314c,2026-05-27T16:20:02.121409
0da0c572-b69e-4f47-80f3-46e80d7c37b4,YANG LAIN BOLEH HILANG ASAL KAU JANGAN,cgv,,26018300,,,,2D,2026-05-27,c166255b-cf43-48f7-b9c3-15a45184f3a5,2026-05-27T16:20:02.121430
0da0c572-b69e-4f47-80f3-46e80d7c37b4,SALMOKJI WHISPERING WATER,cgv,,26019100,,,,2D,2026-05-27,702f29da-ca38-4f66-b022-ec12dc9e9d61,2026-05-27T16:20:02.121451
0da0c572-b69e-4f47-80f3-46e80d7c37b4,THE KINGS WARDEN,cgv,,26015000,,,,2D,2026-05-27,4e3eab2e-6726-45fa-84d7-98c240b4915c,2026-05-27T16:20:02.121471
0da0c572-b69e-4f47-80f3-46e80d7c37b4,GOHAN,cgv,,26022500,,,,2D,2026-05-27,44e4b217-5e26-436d-a058-ad6ba0bdc2af,2026-05-27T16:20:02.121492
0da0c572-b69e-4f47-80f3-46e80d7c37b4,THE SHEEP DETECTIVES,cgv,,26019500,,,,2D,2026-05-27,12188af4-90ad-4188-8439-d774c2d190a6,2026-05-27T16:20:02.121515
0da0c572-b69e-4f47-80f3-46e80d7c37b4,AYAH INI ARAHNYA KEMANA YA,cgv,,26011000,,,,2D,2026-05-27,d13c0b37-75ba-4d8a-9448-27996c928392,2026-05-27T16:20:02.121535
0da0c572-b69e-4f47-80f3-46e80d7c37b4,STAR WARS THE MANDALORIAN AND GROGU 3D,cgv,,26025200,,,,2D,2026-05-27,22e19205-d5d1-4cc5-906b-799d42fbf353,2026-05-27T16:20:02.121556
0da0c572-b69e-4f47-80f3-46e80d7c37b4,THE DEVIL WEARS PRADA 2,cgv,,26019800,,,,2D,2026-05-27,9d926625-11e0-434b-a2fa-f9c95b55a5fc,2026-05-27T16:20:02.121577
0da0c572-b69e-4f47-80f3-46e80d7c37b4,NA WILLA,cgv,,26003200,,,,2D,2026-05-27,c74ea66d-ef5b-4888-a453-5349556fbfc2,2026-05-27T16:20:02.121598
0da0c572-b69e-4f47-80f3-46e80d7c37b4,KELUARGA SUAMI ADALAH HAMA,cgv,,26017700,,,,2D,2026-05-27,187379ce-4d0a-46b6-8c15-f4def00db73a,2026-05-27T16:20:02.121618
7259573f-e92a-42ae-b211-fe6fcd5d2401,SEKAWAN LIMO 2 GUNUNG KLAWIH,cgv,,26023300,,,,2D,2026-05-27,9b117c86-9e55-4ab4-94f9-deb9d0bff3e9,2026-05-27T16:20:05.925625
7259573f-e92a-42ae-b211-fe6fcd5d2401,CHILDREN OF HEAVEN,cgv,,26012100,,,,2D,2026-05-27,50ef3b27-42da-4b8f-83a2-bbd9a1a619a6,2026-05-27T16:20:05.925668
7259573f-e92a-42ae-b211-fe6fcd5d2401,BADUT GENDONG,cgv,,26016800,,,,2D,2026-05-27,3a733ab0-dba4-42b9-b9cb-41b8bd4e9608,2026-05-27T16:20:05.925703
7259573f-e92a-42ae-b211-fe6fcd5d2401,TUMBAL PROYEK,cgv,,26014300,,,,2D,2026-05-27,85d8a5ff-337c-4697-8c71-8fa577071558,2026-05-27T16:20:05.925736
7259573f-e92a-42ae-b211-fe6fcd5d2401,STAR WARS THE MANDALORIAN AND GROGU,cgv,,26021200,,,,2D,2026-05-27,0a8ed6f7-4109-45cb-9d08-aa54b0a51bba,2026-05-27T16:20:05.925772
7259573f-e92a-42ae-b211-fe6fcd5d2401,SUAMIKU LUKAKU,cgv,,26025400,,,,2D,2026-05-27,3f86b43b-bc7d-40e6-8dfa-2bae97300004,2026-05-27T16:20:05.925805
7259573f-e92a-42ae-b211-fe6fcd5d2401,SEMUA AKAN BAIK BAIK SAJA,cgv,,26018100,,,,2D,2026-05-27,c7e0ac75-bd66-4183-8264-e4b6011c19b5,2026-05-27T16:20:05.925838
7259573f-e92a-42ae-b211-fe6fcd5d2401,PASSENGER,cgv,,26023100,,,,2D,2026-05-27,d6c00f9c-9903-48e1-b904-ca7ecf02fb38,2026-05-27T16:20:05.925869
7259573f-e92a-42ae-b211-fe6fcd5d2401,GUDANG MERICA,cgv,,26019400,,,,2D,2026-05-27,67f35904-d518-4321-8b2d-2f065af9c07f,2026-05-27T16:20:05.925901
7259573f-e92a-42ae-b211-fe6fcd5d2401,GHOST IN THE CELL,cgv,,26011800,,,,2D,2026-05-27,d1b04d6d-3728-4a58-adf7-9cf8eb534035,2026-05-27T16:20:05.925934
7259573f-e92a-42ae-b211-fe6fcd5d2401,MORTAL KOMBAT II,cgv,,26018200,,,,2D,2026-05-27,561706fa-e318-42a3-a239-a953a9077245,2026-05-27T16:20:05.925966
7259573f-e92a-42ae-b211-fe6fcd5d2401,HOKUM,cgv,,26024600,,,,2D,2026-05-27,d7577d24-40c2-44df-86c1-a4cafa1a22ea,2026-05-27T16:20:05.925998
7259573f-e92a-42ae-b211-fe6fcd5d2401,TIBA TIBA SETAN,cgv,,26007500,,,,2D,2026-05-27,342c2e35-2b25-479f-9550-3d537eeb27e4,2026-05-27T16:20:05.926030
7259573f-e92a-42ae-b211-fe6fcd5d2401,DILAN ITB 1997,cgv,,26016100,,,,2D,2026-05-27,409d04b1-17f7-4c02-94c2-5311c88aa1c4,2026-05-27T16:20:05.926062
7259573f-e92a-42ae-b211-fe6fcd5d2401,YANG LAIN BOLEH HILANG ASAL KAU JANGAN,cgv,,26018300,,,,2D,2026-05-27,472ade0b-7ce3-48c3-9c0e-12d6ebd02049,2026-05-27T16:20:05.926094
7259573f-e92a-42ae-b211-fe6fcd5d2401,SALMOKJI WHISPERING WATER,cgv,,26019100,,,,2D,2026-05-27,dcded2b8-1fe8-4f34-b873-d308da428ceb,2026-05-27T16:20:05.926126
7259573f-e92a-42ae-b211-fe6fcd5d2401,THE KINGS WARDEN,cgv,,26015000,,,,2D,2026-05-27,3837aafa-e35c-4d53-848e-25b365a59833,2026-05-27T16:20:05.926158
7259573f-e92a-42ae-b211-fe6fcd5d2401,GOHAN,cgv,,26022500,,,,2D,2026-05-27,6132e11e-ec15-429d-bb84-8c8495422e26,2026-05-27T16:20:05.926190
7259573f-e92a-42ae-b211-fe6fcd5d2401,THE SHEEP DETECTIVES,cgv,,26019500,,,,2D,2026-05-27,37dda579-ed8f-4a1e-9eaa-9a2d9744dd37,2026-05-27T16:20:05.926227
7259573f-e92a-42ae-b211-fe6fcd5d2401,AYAH INI ARAHNYA KEMANA YA,cgv,,26011000,,,,2D,2026-05-27,bf61b518-cf40-4b6c-aaff-342c21b480ae,2026-05-27T16:20:05.926262
7259573f-e92a-42ae-b211-fe6fcd5d2401,STAR WARS THE MANDALORIAN AND GROGU 3D,cgv,,26025200,,,,2D,2026-05-27,e8431790-5290-4875-b1bd-4e8287d341ae,2026-05-27T16:20:05.926295
7259573f-e92a-42ae-b211-fe6fcd5d2401,THE DEVIL WEARS PRADA 2,cgv,,26019800,,,,2D,2026-05-27,3ce62676-e196-4e32-b729-50641f05d864,2026-05-27T16:20:05.926328
7259573f-e92a-42ae-b211-fe6fcd5d2401,NA WILLA,cgv,,26003200,,,,2D,2026-05-27,735ba39c-e2fc-481a-8397-80500861e6b4,2026-05-27T16:20:05.926360
7259573f-e92a-42ae-b211-fe6fcd5d2401,KELUARGA SUAMI ADALAH HAMA,cgv,,26017700,,,,2D,2026-05-27,c190e990-5bc1-4f7d-891a-8546676d6c45,2026-05-27T16:20:05.926394
32ca1612-b7b6-4e28-8372-ba9ec71d34e2,SEKAWAN LIMO 2 GUNUNG KLAWIH,cgv,,26023300,,,,2D,2026-05-27,2c99caae-7c71-4f40-afe3-9577d272676c,2026-05-27T16:20:04.774503
32ca1612-b7b6-4e28-8372-ba9ec71d34e2,CHILDREN OF HEAVEN,cgv,,26012100,,,,2D,2026-05-27,ae2e89f7-961b-4b75-b12f-6d6a39d95287,2026-05-27T16:20:04.774547
32ca1612-b7b6-4e28-8372-ba9ec71d34e2,BADUT GENDONG,cgv,,26016800,,,,2D,2026-05-27,5088ff9e-75b8-45e9-99f9-ffab5ba2122e,2026-05-27T16:20:04.774571
32ca1612-b7b6-4e28-8372-ba9ec71d34e2,TUMBAL PROYEK,cgv,,26014300,,,,2D,2026-05-27,37ddba3a-b151-45f1-8b95-c0c7cb529aea,2026-05-27T16:20:04.774591
32ca1612-b7b6-4e28-8372-ba9ec71d34e2,STAR WARS THE MANDALORIAN AND GROGU,cgv,,26021200,,,,2D,2026-05-27,c2c8156a-4915-446c-a347-6dba9122e5e6,2026-05-27T16:20:04.774610
32ca1612-b7b6-4e28-8372-ba9ec71d34e2,SUAMIKU LUKAKU,cgv,,26025400,,,,2D,2026-05-27,7656fe6b-a78f-4246-995b-094a7a6032b4,2026-05-27T16:20:04.774628
32ca1612-b7b6-4e28-8372-ba9ec71d34e2,SEMUA AKAN BAIK BAIK SAJA,cgv,,26018100,,,,2D,2026-05-27,4f93bb2c-8409-425c-be5d-7c87e61030df,2026-05-27T16:20:04.774646
32ca1612-b7b6-4e28-8372-ba9ec71d34e2,PASSENGER,cgv,,26023100,,,,2D,2026-05-27,16f35491-9002-4b39-8cfb-90ba19f79593,2026-05-27T16:20:04.774663
32ca1612-b7b6-4e28-8372-ba9ec71d34e2,GUDANG MERICA,cgv,,26019400,,,,2D,2026-05-27,3543ec58-6763-4015-b360-d5b937eb7385,2026-05-27T16:20:04.774680
32ca1612-b7b6-4e28-8372-ba9ec71d34e2,GHOST IN THE CELL,cgv,,26011800,,,,2D,2026-05-27,30246b27-4b04-49c6-b31e-1acd90c2cf90,2026-05-27T16:20:04.774697
32ca1612-b7b6-4e28-8372-ba9ec71d34e2,MORTAL KOMBAT II,cgv,,26018200,,,,2D,2026-05-27,1654613c-131f-480a-b885-b4d15bebff68,2026-05-27T16:20:04.774714
32ca1612-b7b6-4e28-8372-ba9ec71d34e2,HOKUM,cgv,,26024600,,,,2D,2026-05-27,62fa6658-78e3-4fc9-bf36-f061b36240ea,2026-05-27T16:20:04.774730
32ca1612-b7b6-4e28-8372-ba9ec71d34e2,TIBA TIBA SETAN,cgv,,26007500,,,,2D,2026-05-27,8f7252c5-0db0-468a-99fe-e58f19ae702c,2026-05-27T16:20:04.774747
32ca1612-b7b6-4e28-8372-ba9ec71d34e2,DILAN ITB 1997,cgv,,26016100,,,,2D,2026-05-27,c0b8df33-5a23-43fa-9169-93da13e45fbe,2026-05-27T16:20:04.774763
32ca1612-b7b6-4e28-8372-ba9ec71d34e2,YANG LAIN BOLEH HILANG ASAL KAU JANGAN,cgv,,26018300,,,,2D,2026-05-27,423162a0-a3c8-4bbf-8440-49dbd9467145,2026-05-27T16:20:04.774780
32ca1612-b7b6-4e28-8372-ba9ec71d34e2,SALMOKJI WHISPERING WATER,cgv,,26019100,,,,2D,2026-05-27,f247bf0c-fa77-4148-a378-e865e073a363,2026-05-27T16:20:04.774796
32ca1612-b7b6-4e28-8372-ba9ec71d34e2,THE KINGS WARDEN,cgv,,26015000,,,,2D,2026-05-27,4f2fa384-39af-4956-921c-f9c0a65992a5,2026-05-27T16:20:04.774812
32ca1612-b7b6-4e28-8372-ba9ec71d34e2,GOHAN,cgv,,26022500,,,,2D,2026-05-27,bb718722-6490-4f63-a6a3-fea6118fc21e,2026-05-27T16:20:04.774828
32ca1612-b7b6-4e28-8372-ba9ec71d34e2,THE SHEEP DETECTIVES,cgv,,26019500,,,,2D,2026-05-27,92404e9c-4acf-4471-b5d4-648dd60aa7ac,2026-05-27T16:20:04.774846
32ca1612-b7b6-4e28-8372-ba9ec71d34e2,AYAH INI ARAHNYA KEMANA YA,cgv,,26011000,,,,2D,2026-05-27,41830405-d3b9-4412-9764-3b11eeff86ac,2026-05-27T16:20:04.774862
32ca1612-b7b6-4e28-8372-ba9ec71d34e2,STAR WARS THE MANDALORIAN AND GROGU 3D,cgv,,26025200,,,,2D,2026-05-27,065633a1-f727-4310-888c-3bb954b38017,2026-05-27T16:20:04.774879
32ca1612-b7b6-4e28-8372-ba9ec71d34e2,THE DEVIL WEARS PRADA 2,cgv,,26019800,,,,2D,2026-05-27,3356095a-2a57-4c16-abe3-c2615c5b559b,2026-05-27T16:20:04.774895
32ca1612-b7b6-4e28-8372-ba9ec71d34e2,NA WILLA,cgv,,26003200,,,,2D,2026-05-27,64c508a3-2843-492a-8d01-7a2de2d0e7cc,2026-05-27T16:20:04.774911
32ca1612-b7b6-4e28-8372-ba9ec71d34e2,KELUARGA SUAMI ADALAH HAMA,cgv,,26017700,,,,2D,2026-05-27,e463e8ee-b8f9-484e-8bbb-304e57d6b366,2026-05-27T16:20:04.774927
a8733884-b745-424b-82bd-e12d4137621c,SEKAWAN LIMO 2 GUNUNG KLAWIH,cgv,,26023300,,,,2D,2026-05-27,1f7cb2bd-e9d6-43e7-8d3a-fb43cdd75a79,2026-05-27T16:20:04.904785
a8733884-b745-424b-82bd-e12d4137621c,CHILDREN OF HEAVEN,cgv,,26012100,,,,2D,2026-05-27,a2b9dfb5-c975-4f23-b30b-3e548529803f,2026-05-27T16:20:04.904808
a8733884-b745-424b-82bd-e12d4137621c,BADUT GENDONG,cgv,,26016800,,,,2D,2026-05-27,e4bf5adf-8ce5-41ca-ba8e-220afc37dc43,2026-05-27T16:20:04.904825
a8733884-b745-424b-82bd-e12d4137621c,TUMBAL PROYEK,cgv,,26014300,,,,2D,2026-05-27,a8d1f1fe-97bc-4bdc-bbdf-0d75922369c7,2026-05-27T16:20:04.904840
a8733884-b745-424b-82bd-e12d4137621c,STAR WARS THE MANDALORIAN AND GROGU,cgv,,26021200,,,,2D,2026-05-27,49c0586d-a8b7-4161-845c-caeb66656ed6,2026-05-27T16:20:04.904856
a8733884-b745-424b-82bd-e12d4137621c,SUAMIKU LUKAKU,cgv,,26025400,,,,2D,2026-05-27,26a06475-548b-4ec7-8ddd-72a453782b3f,2026-05-27T16:20:04.904871
a8733884-b745-424b-82bd-e12d4137621c,SEMUA AKAN BAIK BAIK SAJA,cgv,,26018100,,,,2D,2026-05-27,d4592986-1e1a-4964-9da3-05784957ffb0,2026-05-27T16:20:04.904886
a8733884-b745-424b-82bd-e12d4137621c,PASSENGER,cgv,,26023100,,,,2D,2026-05-27,7963c934-d521-481e-941b-658cbeaef610,2026-05-27T16:20:04.904900
a8733884-b745-424b-82bd-e12d4137621c,GUDANG MERICA,cgv,,26019400,,,,2D,2026-05-27,a5430638-ce18-4fe9-9489-68ecebd00211,2026-05-27T16:20:04.904915
a8733884-b745-424b-82bd-e12d4137621c,GHOST IN THE CELL,cgv,,26011800,,,,2D,2026-05-27,f7259971-750f-4b97-b855-7ad23b781d10,2026-05-27T16:20:04.904929
a8733884-b745-424b-82bd-e12d4137621c,MORTAL KOMBAT II,cgv,,26018200,,,,2D,2026-05-27,af9865f9-4a88-4693-b7f8-ba2ed51ca5cd,2026-05-27T16:20:04.904944
a8733884-b745-424b-82bd-e12d4137621c,HOKUM,cgv,,26024600,,,,2D,2026-05-27,ad61a0c6-5982-46cf-b0b6-c7f036e33fb6,2026-05-27T16:20:04.904957
a8733884-b745-424b-82bd-e12d4137621c,TIBA TIBA SETAN,cgv,,26007500,,,,2D,2026-05-27,0c8383ce-3e6f-4495-be1c-800c481c2cfd,2026-05-27T16:20:04.904972
a8733884-b745-424b-82bd-e12d4137621c,DILAN ITB 1997,cgv,,26016100,,,,2D,2026-05-27,f0328a2f-bc16-4194-8aea-540a1c3749c0,2026-05-27T16:20:04.904987
a8733884-b745-424b-82bd-e12d4137621c,YANG LAIN BOLEH HILANG ASAL KAU JANGAN,cgv,,26018300,,,,2D,2026-05-27,917a2deb-b465-4de4-8d90-1d35604915a6,2026-05-27T16:20:04.905001
a8733884-b745-424b-82bd-e12d4137621c,SALMOKJI WHISPERING WATER,cgv,,26019100,,,,2D,2026-05-27,12aa1da5-164c-4582-91ce-405d736715d4,2026-05-27T16:20:04.905015
a8733884-b745-424b-82bd-e12d4137621c,THE KINGS WARDEN,cgv,,26015000,,,,2D,2026-05-27,9eb0a2c4-961c-4ea4-8f91-05ef02bb16cc,2026-05-27T16:20:04.905030
a8733884-b745-424b-82bd-e12d4137621c,GOHAN,cgv,,26022500,,,,2D,2026-05-27,fcc119c4-70b9-4fa0-8c06-218dbab044c3,2026-05-27T16:20:04.905043
a8733884-b745-424b-82bd-e12d4137621c,THE SHEEP DETECTIVES,cgv,,26019500,,,,2D,2026-05-27,b8780900-29a1-4b64-a1a5-cf2f1d3de0fb,2026-05-27T16:20:04.905059
a8733884-b745-424b-82bd-e12d4137621c,AYAH INI ARAHNYA KEMANA YA,cgv,,26011000,,,,2D,2026-05-27,ea8cb995-5507-4514-b876-c4efad8fa54e,2026-05-27T16:20:04.905073
a8733884-b745-424b-82bd-e12d4137621c,STAR WARS THE MANDALORIAN AND GROGU 3D,cgv,,26025200,,,,2D,2026-05-27,4e1c7072-8e30-4efc-bc46-23d84b382ff1,2026-05-27T16:20:04.905088
a8733884-b745-424b-82bd-e12d4137621c,THE DEVIL WEARS PRADA 2,cgv,,26019800,,,,2D,2026-05-27,9c53bd51-8399-4d9d-ae63-f7dd6819ac0d,2026-05-27T16:20:04.905102
a8733884-b745-424b-82bd-e12d4137621c,NA WILLA,cgv,,26003200,,,,2D,2026-05-27,3afc9c6b-ea69-4fad-8595-c0fa6a5869ad,2026-05-27T16:20:04.905116
a8733884-b745-424b-82bd-e12d4137621c,KELUARGA SUAMI ADALAH HAMA,cgv,,26017700,,,,2D,2026-05-27,fd0d882e-2f3f-4b49-b81c-98c532464132,2026-05-27T16:20:04.905130
9ad7cea6-0b2d-4576-8d75-8dd4ad4ee7bb,SEKAWAN LIMO 2 GUNUNG KLAWIH,cgv,,26023300,,,,2D,2026-05-27,aff3cd4b-4b41-4327-8368-97602c57e7db,2026-05-27T16:20:05.664415
9ad7cea6-0b2d-4576-8d75-8dd4ad4ee7bb,CHILDREN OF HEAVEN,cgv,,26012100,,,,2D,2026-05-27,e341e70f-ccd8-43a6-9124-47810a397f55,2026-05-27T16:20:05.664444
9ad7cea6-0b2d-4576-8d75-8dd4ad4ee7bb,BADUT GENDONG,cgv,,26016800,,,,2D,2026-05-27,38b7e2d6-7f70-4c88-82ed-f1eb96072c72,2026-05-27T16:20:05.664463
9ad7cea6-0b2d-4576-8d75-8dd4ad4ee7bb,TUMBAL PROYEK,cgv,,26014300,,,,2D,2026-05-27,6112e907-ca5c-4769-bf19-9dcd2e05bfae,2026-05-27T16:20:05.664481
9ad7cea6-0b2d-4576-8d75-8dd4ad4ee7bb,STAR WARS THE MANDALORIAN AND GROGU,cgv,,26021200,,,,2D,2026-05-27,39b95f20-6973-47d8-9206-4cf6a9b2d656,2026-05-27T16:20:05.664498
9ad7cea6-0b2d-4576-8d75-8dd4ad4ee7bb,SUAMIKU LUKAKU,cgv,,26025400,,,,2D,2026-05-27,3e9e6024-38aa-48bc-a505-44563015cc9c,2026-05-27T16:20:05.664515
9ad7cea6-0b2d-4576-8d75-8dd4ad4ee7bb,SEMUA AKAN BAIK BAIK SAJA,cgv,,26018100,,,,2D,2026-05-27,0594ddb3-dfa1-470d-82be-9763937fb2a6,2026-05-27T16:20:05.664533
9ad7cea6-0b2d-4576-8d75-8dd4ad4ee7bb,PASSENGER,cgv,,26023100,,,,2D,2026-05-27,c64acd88-5bfb-4062-af58-50d3c26fb1c6,2026-05-27T16:20:05.664549
9ad7cea6-0b2d-4576-8d75-8dd4ad4ee7bb,GUDANG MERICA,cgv,,26019400,,,,2D,2026-05-27,ebd316d0-88fa-4883-824e-e1ce1e277726,2026-05-27T16:20:05.664565
9ad7cea6-0b2d-4576-8d75-8dd4ad4ee7bb,GHOST IN THE CELL,cgv,,26011800,,,,2D,2026-05-27,47329dc1-d08c-4bcc-a5ce-25046e3a6764,2026-05-27T16:20:05.664583
9ad7cea6-0b2d-4576-8d75-8dd4ad4ee7bb,MORTAL KOMBAT II,cgv,,26018200,,,,2D,2026-05-27,e35cb50e-91c1-4cea-b6b1-cb8d44bdecbb,2026-05-27T16:20:05.664599
9ad7cea6-0b2d-4576-8d75-8dd4ad4ee7bb,HOKUM,cgv,,26024600,,,,2D,2026-05-27,57305ddc-c21d-4f68-b8bf-dd884525b6f7,2026-05-27T16:20:05.664615
9ad7cea6-0b2d-4576-8d75-8dd4ad4ee7bb,TIBA TIBA SETAN,cgv,,26007500,,,,2D,2026-05-27,dc1f923a-12c9-42a0-b129-233951d4126f,2026-05-27T16:20:05.664631
9ad7cea6-0b2d-4576-8d75-8dd4ad4ee7bb,DILAN ITB 1997,cgv,,26016100,,,,2D,2026-05-27,af6eb584-ae6c-43e1-aadd-192957e0e474,2026-05-27T16:20:05.664646
9ad7cea6-0b2d-4576-8d75-8dd4ad4ee7bb,YANG LAIN BOLEH HILANG ASAL KAU JANGAN,cgv,,26018300,,,,2D,2026-05-27,42c82f38-a90d-48c2-b2da-17c88ae2d0ea,2026-05-27T16:20:05.664662
9ad7cea6-0b2d-4576-8d75-8dd4ad4ee7bb,SALMOKJI WHISPERING WATER,cgv,,26019100,,,,2D,2026-05-27,8eb8b113-7a02-47bb-9e1c-7dcde3e5babc,2026-05-27T16:20:05.664677
9ad7cea6-0b2d-4576-8d75-8dd4ad4ee7bb,THE KINGS WARDEN,cgv,,26015000,,,,2D,2026-05-27,e0a2942b-583b-42bd-b172-44ee706d62a1,2026-05-27T16:20:05.664693
9ad7cea6-0b2d-4576-8d75-8dd4ad4ee7bb,GOHAN,cgv,,26022500,,,,2D,2026-05-27,0d6dfa86-83b7-4bd5-9bc6-9b2610c26cdf,2026-05-27T16:20:05.664709
9ad7cea6-0b2d-4576-8d75-8dd4ad4ee7bb,THE SHEEP DETECTIVES,cgv,,26019500,,,,2D,2026-05-27,035554ed-f5fa-4191-b57d-89b008c8f015,2026-05-27T16:20:05.664725
9ad7cea6-0b2d-4576-8d75-8dd4ad4ee7bb,AYAH INI ARAHNYA KEMANA YA,cgv,,26011000,,,,2D,2026-05-27,181cebee-c1a0-474a-9241-309ce9da1088,2026-05-27T16:20:05.664741
9ad7cea6-0b2d-4576-8d75-8dd4ad4ee7bb,STAR WARS THE MANDALORIAN AND GROGU 3D,cgv,,26025200,,,,2D,2026-05-27,fedc6558-5145-4192-b897-4b503c572991,2026-05-27T16:20:05.664757
9ad7cea6-0b2d-4576-8d75-8dd4ad4ee7bb,THE DEVIL WEARS PRADA 2,cgv,,26019800,,,,2D,2026-05-27,4b33e30b-2a8a-460d-8eb8-0175effcb94e,2026-05-27T16:20:05.664773
9ad7cea6-0b2d-4576-8d75-8dd4ad4ee7bb,NA WILLA,cgv,,26003200,,,,2D,2026-05-27,53f4abe9-61bf-414f-bb1d-c5877704df7a,2026-05-27T16:20:05.664788
9ad7cea6-0b2d-4576-8d75-8dd4ad4ee7bb,KELUARGA SUAMI ADALAH HAMA,cgv,,26017700,,,,2D,2026-05-27,2a461e8d-e600-4eee-bb98-bb5fbcef40a1,2026-05-27T16:20:05.664804
75910834-3910-4aaf-b9b4-98f802aa14d1,SEKAWAN LIMO 2 GUNUNG KLAWIH,cgv,,26023300,,,,2D,2026-05-27,afdff96c-9ec1-4958-b067-3eb669d6a190,2026-05-27T16:20:05.621736
75910834-3910-4aaf-b9b4-98f802aa14d1,CHILDREN OF HEAVEN,cgv,,26012100,,,,2D,2026-05-27,5e1e70c6-4814-43f5-9f0f-b4788004e386,2026-05-27T16:20:05.621760
75910834-3910-4aaf-b9b4-98f802aa14d1,BADUT GENDONG,cgv,,26016800,,,,2D,2026-05-27,5db4928c-744c-4c3b-adff-5807ebcc31a6,2026-05-27T16:20:05.621778
75910834-3910-4aaf-b9b4-98f802aa14d1,TUMBAL PROYEK,cgv,,26014300,,,,2D,2026-05-27,f3e9ae65-5247-4c55-802f-c376c7c83bfc,2026-05-27T16:20:05.621794
75910834-3910-4aaf-b9b4-98f802aa14d1,STAR WARS THE MANDALORIAN AND GROGU,cgv,,26021200,,,,2D,2026-05-27,df785632-5b2c-446b-9ac6-548b6b090993,2026-05-27T16:20:05.621810
75910834-3910-4aaf-b9b4-98f802aa14d1,SUAMIKU LUKAKU,cgv,,26025400,,,,2D,2026-05-27,4362cd88-5af2-4edb-92f8-d7afe5d31f8e,2026-05-27T16:20:05.621824
75910834-3910-4aaf-b9b4-98f802aa14d1,SEMUA AKAN BAIK BAIK SAJA,cgv,,26018100,,,,2D,2026-05-27,8ea0d296-cb00-4f59-9794-c5da995b3941,2026-05-27T16:20:05.621839
75910834-3910-4aaf-b9b4-98f802aa14d1,PASSENGER,cgv,,26023100,,,,2D,2026-05-27,e14f6346-807d-4561-a9d8-e16846537bfc,2026-05-27T16:20:05.621853
75910834-3910-4aaf-b9b4-98f802aa14d1,GUDANG MERICA,cgv,,26019400,,,,2D,2026-05-27,d205305b-6f71-493d-bec0-3f720855682b,2026-05-27T16:20:05.621867
75910834-3910-4aaf-b9b4-98f802aa14d1,GHOST IN THE CELL,cgv,,26011800,,,,2D,2026-05-27,58c7ef76-1a50-49a9-9e79-b7cedfec7a67,2026-05-27T16:20:05.621881
75910834-3910-4aaf-b9b4-98f802aa14d1,MORTAL KOMBAT II,cgv,,26018200,,,,2D,2026-05-27,c2d4493d-4789-418d-abfa-3c6a72356e16,2026-05-27T16:20:05.621895
75910834-3910-4aaf-b9b4-98f802aa14d1,HOKUM,cgv,,26024600,,,,2D,2026-05-27,57f10d9d-0bc1-4903-8e5a-0788b0909715,2026-05-27T16:20:05.621909
75910834-3910-4aaf-b9b4-98f802aa14d1,TIBA TIBA SETAN,cgv,,26007500,,,,2D,2026-05-27,b7cea516-26bf-498c-bb20-916f364e6297,2026-05-27T16:20:05.621923
75910834-3910-4aaf-b9b4-98f802aa14d1,DILAN ITB 1997,cgv,,26016100,,,,2D,2026-05-27,5e0c6ffc-be5e-42a4-ada2-332d1a0be948,2026-05-27T16:20:05.621937
75910834-3910-4aaf-b9b4-98f802aa14d1,YANG LAIN BOLEH HILANG ASAL KAU JANGAN,cgv,,26018300,,,,2D,2026-05-27,dc2085b4-0c88-49cc-a166-88e39954c4a2,2026-05-27T16:20:05.621951
75910834-3910-4aaf-b9b4-98f802aa14d1,SALMOKJI WHISPERING WATER,cgv,,26019100,,,,2D,2026-05-27,4d83b806-b6ad-4d0e-8467-f5a26ab159a2,2026-05-27T16:20:05.621965
75910834-3910-4aaf-b9b4-98f802aa14d1,THE KINGS WARDEN,cgv,,26015000,,,,2D,2026-05-27,1c98ffd7-7110-4d47-9f7f-8388e4d243f3,2026-05-27T16:20:05.621979
75910834-3910-4aaf-b9b4-98f802aa14d1,GOHAN,cgv,,26022500,,,,2D,2026-05-27,90d3f4fd-6913-4d7e-8545-590e5e0dda24,2026-05-27T16:20:05.621993
75910834-3910-4aaf-b9b4-98f802aa14d1,THE SHEEP DETECTIVES,cgv,,26019500,,,,2D,2026-05-27,ec7cf1fc-aed5-49ed-8c31-7bcb2bd4ecb2,2026-05-27T16:20:05.622008
75910834-3910-4aaf-b9b4-98f802aa14d1,AYAH INI ARAHNYA KEMANA YA,cgv,,26011000,,,,2D,2026-05-27,adc093b1-dba6-4fb0-99f5-40ebebc420d8,2026-05-27T16:20:05.622022
75910834-3910-4aaf-b9b4-98f802aa14d1,STAR WARS THE MANDALORIAN AND GROGU 3D,cgv,,26025200,,,,2D,2026-05-27,c2a14ba1-6991-4a34-a19f-24d9b27c1052,2026-05-27T16:20:05.622037
75910834-3910-4aaf-b9b4-98f802aa14d1,THE DEVIL WEARS PRADA 2,cgv,,26019800,,,,2D,2026-05-27,57843bc9-1971-4605-9593-76dc457bb04b,2026-05-27T16:20:05.622052
75910834-3910-4aaf-b9b4-98f802aa14d1,NA WILLA,cgv,,26003200,,,,2D,2026-05-27,d2859936-f44b-438a-aeff-eb6f1153fc46,2026-05-27T16:20:05.622066
75910834-3910-4aaf-b9b4-98f802aa14d1,KELUARGA SUAMI ADALAH HAMA,cgv,,26017700,,,,2D,2026-05-27,6ada93c7-12cf-4ec2-9c8a-39ae05e802c2,2026-05-27T16:20:05.622079
f4a978ab-2b96-4c64-bfe0-8ad3f835367c,SEKAWAN LIMO 2 GUNUNG KLAWIH,cgv,,26023300,,,,2D,2026-05-27,ce1a3776-5cff-42f3-afcd-fe1fe8b39f84,2026-05-27T16:20:08.070706
f4a978ab-2b96-4c64-bfe0-8ad3f835367c,CHILDREN OF HEAVEN,cgv,,26012100,,,,2D,2026-05-27,ef83bd37-5844-4402-8729-9b9682ab5c8c,2026-05-27T16:20:08.070780
f4a978ab-2b96-4c64-bfe0-8ad3f835367c,BADUT GENDONG,cgv,,26016800,,,,2D,2026-05-27,21bc4a97-0575-4c59-bdfe-dd945ea7ead4,2026-05-27T16:20:08.070815
f4a978ab-2b96-4c64-bfe0-8ad3f835367c,TUMBAL PROYEK,cgv,,26014300,,,,2D,2026-05-27,a178a250-ed92-456b-bd1c-a73db6492821,2026-05-27T16:20:08.070846
f4a978ab-2b96-4c64-bfe0-8ad3f835367c,STAR WARS THE MANDALORIAN AND GROGU,cgv,,26021200,,,,2D,2026-05-27,c05e849e-71da-4986-9f44-a44159f12d65,2026-05-27T16:20:08.070875
f4a978ab-2b96-4c64-bfe0-8ad3f835367c,SUAMIKU LUKAKU,cgv,,26025400,,,,2D,2026-05-27,67352e0e-9661-47e8-a900-507391162e68,2026-05-27T16:20:08.070904
f4a978ab-2b96-4c64-bfe0-8ad3f835367c,SEMUA AKAN BAIK BAIK SAJA,cgv,,26018100,,,,2D,2026-05-27,510f117a-c61c-41e2-ad74-9a4646491ee3,2026-05-27T16:20:08.070931
f4a978ab-2b96-4c64-bfe0-8ad3f835367c,PASSENGER,cgv,,26023100,,,,2D,2026-05-27,8f9e6e45-8c27-47af-a4c7-a6d23347bcba,2026-05-27T16:20:08.070959
f4a978ab-2b96-4c64-bfe0-8ad3f835367c,GUDANG MERICA,cgv,,26019400,,,,2D,2026-05-27,4e186995-20ff-4584-8596-92c9150e00ea,2026-05-27T16:20:08.070986
f4a978ab-2b96-4c64-bfe0-8ad3f835367c,GHOST IN THE CELL,cgv,,26011800,,,,2D,2026-05-27,1ca88dbc-d04a-4e18-bd65-3468b097524f,2026-05-27T16:20:08.071013
f4a978ab-2b96-4c64-bfe0-8ad3f835367c,MORTAL KOMBAT II,cgv,,26018200,,,,2D,2026-05-27,381fb438-a676-41c1-8647-35ed06eea8c6,2026-05-27T16:20:08.071039
f4a978ab-2b96-4c64-bfe0-8ad3f835367c,HOKUM,cgv,,26024600,,,,2D,2026-05-27,69f12c6a-9f8f-49ca-9ae3-a02313fc2640,2026-05-27T16:20:08.071065
f4a978ab-2b96-4c64-bfe0-8ad3f835367c,TIBA TIBA SETAN,cgv,,26007500,,,,2D,2026-05-27,b83e4e86-f6e2-46dd-b381-00b7a23b3f58,2026-05-27T16:20:08.071091
f4a978ab-2b96-4c64-bfe0-8ad3f835367c,DILAN ITB 1997,cgv,,26016100,,,,2D,2026-05-27,a2989a07-ec05-4a3e-a32d-276ffc56217a,2026-05-27T16:20:08.071117
f4a978ab-2b96-4c64-bfe0-8ad3f835367c,YANG LAIN BOLEH HILANG ASAL KAU JANGAN,cgv,,26018300,,,,2D,2026-05-27,9e1a1b49-d4f0-4968-af6b-9adbec377aae,2026-05-27T16:20:08.071143
f4a978ab-2b96-4c64-bfe0-8ad3f835367c,SALMOKJI WHISPERING WATER,cgv,,26019100,,,,2D,2026-05-27,c184ab81-6400-434d-9943-bb927e58a4bb,2026-05-27T16:20:08.071169
f4a978ab-2b96-4c64-bfe0-8ad3f835367c,THE KINGS WARDEN,cgv,,26015000,,,,2D,2026-05-27,c86b4529-020f-4239-a0cf-4617607dd0e6,2026-05-27T16:20:08.071194
f4a978ab-2b96-4c64-bfe0-8ad3f835367c,GOHAN,cgv,,26022500,,,,2D,2026-05-27,723cc4ff-1974-4849-8c5f-90711b25e52a,2026-05-27T16:20:08.071219
f4a978ab-2b96-4c64-bfe0-8ad3f835367c,THE SHEEP DETECTIVES,cgv,,26019500,,,,2D,2026-05-27,db10d9ca-825f-4c86-98c4-2adbd0de1ca0,2026-05-27T16:20:08.071247
f4a978ab-2b96-4c64-bfe0-8ad3f835367c,AYAH INI ARAHNYA KEMANA YA,cgv,,26011000,,,,2D,2026-05-27,60456469-859a-474a-80e8-cf3805b63391,2026-05-27T16:20:08.071272
f4a978ab-2b96-4c64-bfe0-8ad3f835367c,STAR WARS THE MANDALORIAN AND GROGU 3D,cgv,,26025200,,,,2D,2026-05-27,f1bbe5ee-8d18-4a88-a485-b50bf0fc9832,2026-05-27T16:20:08.071298
f4a978ab-2b96-4c64-bfe0-8ad3f835367c,THE DEVIL WEARS PRADA 2,cgv,,26019800,,,,2D,2026-05-27,bbe81b37-a849-416e-9e1f-71a1c3bc4a1e,2026-05-27T16:20:08.071328
f4a978ab-2b96-4c64-bfe0-8ad3f835367c,NA WILLA,cgv,,26003200,,,,2D,2026-05-27,eb822274-ea75-4185-9f74-33daf6517ab7,2026-05-27T16:20:08.071356
f4a978ab-2b96-4c64-bfe0-8ad3f835367c,KELUARGA SUAMI ADALAH HAMA,cgv,,26017700,,,,2D,2026-05-27,f345fb55-9f0c-476d-9931-66d454465f1b,2026-05-27T16:20:08.071381
3a361ecc-be7d-453a-b3e9-b2c058989ba4,SEKAWAN LIMO 2 GUNUNG KLAWIH,cgv,,26023300,,,,2D,2026-05-27,c8d9320f-3659-4ba1-b45f-f238ae1d61f1,2026-05-27T16:20:08.186580
3a361ecc-be7d-453a-b3e9-b2c058989ba4,CHILDREN OF HEAVEN,cgv,,26012100,,,,2D,2026-05-27,c607bf9d-903b-4ec6-aa0f-8ac0c675671c,2026-05-27T16:20:08.186618
3a361ecc-be7d-453a-b3e9-b2c058989ba4,BADUT GENDONG,cgv,,26016800,,,,2D,2026-05-27,bdb5c31d-c27d-4800-a6e9-2667e2fc8abe,2026-05-27T16:20:08.186647
3a361ecc-be7d-453a-b3e9-b2c058989ba4,TUMBAL PROYEK,cgv,,26014300,,,,2D,2026-05-27,81062071-cfbb-48c9-958b-af2ec8e7ed0e,2026-05-27T16:20:08.186674
3a361ecc-be7d-453a-b3e9-b2c058989ba4,STAR WARS THE MANDALORIAN AND GROGU,cgv,,26021200,,,,2D,2026-05-27,0311c3fe-1d3a-4a89-bd09-d49c2ec0888f,2026-05-27T16:20:08.186701
3a361ecc-be7d-453a-b3e9-b2c058989ba4,SUAMIKU LUKAKU,cgv,,26025400,,,,2D,2026-05-27,57eb47c7-571a-40ae-a62b-3836f80e5c90,2026-05-27T16:20:08.186727
3a361ecc-be7d-453a-b3e9-b2c058989ba4,SEMUA AKAN BAIK BAIK SAJA,cgv,,26018100,,,,2D,2026-05-27,e10a57c4-410b-4149-9cef-5d38e4823938,2026-05-27T16:20:08.186752
3a361ecc-be7d-453a-b3e9-b2c058989ba4,PASSENGER,cgv,,26023100,,,,2D,2026-05-27,0e822ede-5cc7-4f5a-a8dc-38e8b3924ae5,2026-05-27T16:20:08.186777
3a361ecc-be7d-453a-b3e9-b2c058989ba4,GUDANG MERICA,cgv,,26019400,,,,2D,2026-05-27,520bb9ef-7786-4470-835a-288bf93293ba,2026-05-27T16:20:08.186802
3a361ecc-be7d-453a-b3e9-b2c058989ba4,GHOST IN THE CELL,cgv,,26011800,,,,2D,2026-05-27,c5ec1322-6b9c-4633-a275-0269cfa7d705,2026-05-27T16:20:08.186826
3a361ecc-be7d-453a-b3e9-b2c058989ba4,MORTAL KOMBAT II,cgv,,26018200,,,,2D,2026-05-27,e5589fdc-5057-48b6-81cc-9ca44cc541db,2026-05-27T16:20:08.186851
3a361ecc-be7d-453a-b3e9-b2c058989ba4,HOKUM,cgv,,26024600,,,,2D,2026-05-27,a5c97564-8b07-4f40-ae14-f4c4121bbf5f,2026-05-27T16:20:08.186875
3a361ecc-be7d-453a-b3e9-b2c058989ba4,TIBA TIBA SETAN,cgv,,26007500,,,,2D,2026-05-27,1fe806ee-e1ee-4fd7-9925-191d157731ba,2026-05-27T16:20:08.186900
3a361ecc-be7d-453a-b3e9-b2c058989ba4,DILAN ITB 1997,cgv,,26016100,,,,2D,2026-05-27,c601b8ae-d337-4bfc-bdec-4af6b49ec8e3,2026-05-27T16:20:08.186924
3a361ecc-be7d-453a-b3e9-b2c058989ba4,YANG LAIN BOLEH HILANG ASAL KAU JANGAN,cgv,,26018300,,,,2D,2026-05-27,172f3a7a-68f6-4b17-b3dd-9f762080d350,2026-05-27T16:20:08.186949
3a361ecc-be7d-453a-b3e9-b2c058989ba4,SALMOKJI WHISPERING WATER,cgv,,26019100,,,,2D,2026-05-27,6fdd6a4f-3d21-4082-9335-f3fc3b0d8dcf,2026-05-27T16:20:08.186973
3a361ecc-be7d-453a-b3e9-b2c058989ba4,THE KINGS WARDEN,cgv,,26015000,,,,2D,2026-05-27,047120dc-039a-4fe4-a78b-69dcb5b4937c,2026-05-27T16:20:08.186999
3a361ecc-be7d-453a-b3e9-b2c058989ba4,GOHAN,cgv,,26022500,,,,2D,2026-05-27,948fa4ab-8310-4167-916d-c77fed59d383,2026-05-27T16:20:08.187024
3a361ecc-be7d-453a-b3e9-b2c058989ba4,THE SHEEP DETECTIVES,cgv,,26019500,,,,2D,2026-05-27,261fcb08-1a32-450b-83f1-3d10e42abb41,2026-05-27T16:20:08.187050
3a361ecc-be7d-453a-b3e9-b2c058989ba4,AYAH INI ARAHNYA KEMANA YA,cgv,,26011000,,,,2D,2026-05-27,950a528a-ee32-43bf-9391-965b14a51bc3,2026-05-27T16:20:08.187074
3a361ecc-be7d-453a-b3e9-b2c058989ba4,STAR WARS THE MANDALORIAN AND GROGU 3D,cgv,,26025200,,,,2D,2026-05-27,00fd919d-ebab-4301-9efe-04dcc37ab57f,2026-05-27T16:20:08.187099
3a361ecc-be7d-453a-b3e9-b2c058989ba4,THE DEVIL WEARS PRADA 2,cgv,,26019800,,,,2D,2026-05-27,a8268720-3954-4416-85f2-3519b4450148,2026-05-27T16:20:08.187123
3a361ecc-be7d-453a-b3e9-b2c058989ba4,NA WILLA,cgv,,26003200,,,,2D,2026-05-27,f447962d-15b0-4036-801c-56f9b9189872,2026-05-27T16:20:08.187148
3a361ecc-be7d-453a-b3e9-b2c058989ba4,KELUARGA SUAMI ADALAH HAMA,cgv,,26017700,,,,2D,2026-05-27,b0ae8bf8-54b9-4872-800d-c339af0f1676,2026-05-27T16:20:08.187172
3cba786e-0080-4d64-968c-ce1c9e53dd50,SEKAWAN LIMO 2 GUNUNG KLAWIH,cgv,,26023300,,,,2D,2026-05-27,771fc5b7-b11c-4e39-8a7f-4fa07403a8ca,2026-05-27T16:20:09.070665
3cba786e-0080-4d64-968c-ce1c9e53dd50,CHILDREN OF HEAVEN,cgv,,26012100,,,,2D,2026-05-27,c8109d02-0b64-454e-9c41-228fd6f8bee3,2026-05-27T16:20:09.070686
3cba786e-0080-4d64-968c-ce1c9e53dd50,BADUT GENDONG,cgv,,26016800,,,,2D,2026-05-27,b2e6db79-5cfe-4bac-a044-17c73bd61baa,2026-05-27T16:20:09.070701
3cba786e-0080-4d64-968c-ce1c9e53dd50,TUMBAL PROYEK,cgv,,26014300,,,,2D,2026-05-27,852cca2a-2a23-4861-994e-4d9840f86955,2026-05-27T16:20:09.070715
3cba786e-0080-4d64-968c-ce1c9e53dd50,STAR WARS THE MANDALORIAN AND GROGU,cgv,,26021200,,,,2D,2026-05-27,db67d5db-7773-49e1-9e16-35f10f64a5b0,2026-05-27T16:20:09.070730
3cba786e-0080-4d64-968c-ce1c9e53dd50,SUAMIKU LUKAKU,cgv,,26025400,,,,2D,2026-05-27,ec8da2a7-45aa-4be0-881e-a91ff04bccf9,2026-05-27T16:20:09.070743
3cba786e-0080-4d64-968c-ce1c9e53dd50,SEMUA AKAN BAIK BAIK SAJA,cgv,,26018100,,,,2D,2026-05-27,3ca7d305-f4ee-4da0-a147-cf7ebf1eb007,2026-05-27T16:20:09.070757
3cba786e-0080-4d64-968c-ce1c9e53dd50,PASSENGER,cgv,,26023100,,,,2D,2026-05-27,e1ea84d5-3e3c-4230-a5bd-b7ef3adb05eb,2026-05-27T16:20:09.070770
3cba786e-0080-4d64-968c-ce1c9e53dd50,GUDANG MERICA,cgv,,26019400,,,,2D,2026-05-27,7c9e8958-4ef7-4ff0-9ff5-905b9158b266,2026-05-27T16:20:09.070783
3cba786e-0080-4d64-968c-ce1c9e53dd50,GHOST IN THE CELL,cgv,,26011800,,,,2D,2026-05-27,e85512ec-6085-4b71-9ca3-15013d19d4a9,2026-05-27T16:20:09.070796
3cba786e-0080-4d64-968c-ce1c9e53dd50,MORTAL KOMBAT II,cgv,,26018200,,,,2D,2026-05-27,76633faa-c29b-4415-91f2-b5642968b7d0,2026-05-27T16:20:09.070809
3cba786e-0080-4d64-968c-ce1c9e53dd50,HOKUM,cgv,,26024600,,,,2D,2026-05-27,b1fc7610-e64e-4888-8fc7-c5b1af46903d,2026-05-27T16:20:09.070822
3cba786e-0080-4d64-968c-ce1c9e53dd50,TIBA TIBA SETAN,cgv,,26007500,,,,2D,2026-05-27,f184b9b3-004c-4981-98a5-a21184b526d4,2026-05-27T16:20:09.070835
3cba786e-0080-4d64-968c-ce1c9e53dd50,DILAN ITB 1997,cgv,,26016100,,,,2D,2026-05-27,6ba9f0d4-0915-4a7b-941d-f0a105a63801,2026-05-27T16:20:09.070848
3cba786e-0080-4d64-968c-ce1c9e53dd50,YANG LAIN BOLEH HILANG ASAL KAU JANGAN,cgv,,26018300,,,,2D,2026-05-27,99d20064-e30f-482e-a3dd-48fa63c1d2e5,2026-05-27T16:20:09.070862
3cba786e-0080-4d64-968c-ce1c9e53dd50,SALMOKJI WHISPERING WATER,cgv,,26019100,,,,2D,2026-05-27,4548473b-c7d6-47c6-86a8-91dfe97d5995,2026-05-27T16:20:09.070875
3cba786e-0080-4d64-968c-ce1c9e53dd50,THE KINGS WARDEN,cgv,,26015000,,,,2D,2026-05-27,8bae51aa-76fd-4306-8426-32b073cca9de,2026-05-27T16:20:09.070888
3cba786e-0080-4d64-968c-ce1c9e53dd50,GOHAN,cgv,,26022500,,,,2D,2026-05-27,1d136c14-f881-40a3-b995-eabe24ed9fda,2026-05-27T16:20:09.070900
3cba786e-0080-4d64-968c-ce1c9e53dd50,THE SHEEP DETECTIVES,cgv,,26019500,,,,2D,2026-05-27,6027bda9-696d-44a5-815b-5a6bf338d301,2026-05-27T16:20:09.070914
3cba786e-0080-4d64-968c-ce1c9e53dd50,AYAH INI ARAHNYA KEMANA YA,cgv,,26011000,,,,2D,2026-05-27,408a6f88-aff6-4807-a67b-b047c564f4b4,2026-05-27T16:20:09.070926
3cba786e-0080-4d64-968c-ce1c9e53dd50,STAR WARS THE MANDALORIAN AND GROGU 3D,cgv,,26025200,,,,2D,2026-05-27,a808094b-0442-43ce-9a6f-4bb216393a75,2026-05-27T16:20:09.070939
3cba786e-0080-4d64-968c-ce1c9e53dd50,THE DEVIL WEARS PRADA 2,cgv,,26019800,,,,2D,2026-05-27,c20ba7d7-7c9a-4213-8375-2ac563b1ab74,2026-05-27T16:20:09.070951
3cba786e-0080-4d64-968c-ce1c9e53dd50,NA WILLA,cgv,,26003200,,,,2D,2026-05-27,8dded140-0fb2-4706-8192-98e652e43410,2026-05-27T16:20:09.070964
3cba786e-0080-4d64-968c-ce1c9e53dd50,KELUARGA SUAMI ADALAH HAMA,cgv,,26017700,,,,2D,2026-05-27,6994f6ca-5c99-4721-9b66-3c22671f7173,2026-05-27T16:20:09.070977
bed320b4-fd31-4bc7-8b2e-aa66a0523ab2,SEKAWAN LIMO 2 GUNUNG KLAWIH,cgv,,26023300,,,,2D,2026-05-27,ae593885-1609-4de4-86f5-ad5b9c393004,2026-05-27T16:20:08.975967
bed320b4-fd31-4bc7-8b2e-aa66a0523ab2,CHILDREN OF HEAVEN,cgv,,26012100,,,,2D,2026-05-27,b4be2b02-85df-448a-a524-3d743bd02535,2026-05-27T16:20:08.976006
bed320b4-fd31-4bc7-8b2e-aa66a0523ab2,BADUT GENDONG,cgv,,26016800,,,,2D,2026-05-27,d709bf2d-41d5-4d5a-a774-4e68e81d479c,2026-05-27T16:20:08.976035
bed320b4-fd31-4bc7-8b2e-aa66a0523ab2,TUMBAL PROYEK,cgv,,26014300,,,,2D,2026-05-27,88dd7136-c280-456e-935b-5b82c5a8c212,2026-05-27T16:20:08.976062
bed320b4-fd31-4bc7-8b2e-aa66a0523ab2,STAR WARS THE MANDALORIAN AND GROGU,cgv,,26021200,,,,2D,2026-05-27,383ce1eb-b87b-4cf9-a5ef-83fee52629db,2026-05-27T16:20:08.976096
bed320b4-fd31-4bc7-8b2e-aa66a0523ab2,SUAMIKU LUKAKU,cgv,,26025400,,,,2D,2026-05-27,7ece84ee-98d8-4ae0-81f8-e9df60cee7f2,2026-05-27T16:20:08.976121
bed320b4-fd31-4bc7-8b2e-aa66a0523ab2,SEMUA AKAN BAIK BAIK SAJA,cgv,,26018100,,,,2D,2026-05-27,d9c0c392-122e-4c72-9397-d4571be2bd34,2026-05-27T16:20:08.976147
bed320b4-fd31-4bc7-8b2e-aa66a0523ab2,PASSENGER,cgv,,26023100,,,,2D,2026-05-27,db36b78f-ce48-440f-b35e-83dfa04491fc,2026-05-27T16:20:08.976172
bed320b4-fd31-4bc7-8b2e-aa66a0523ab2,GUDANG MERICA,cgv,,26019400,,,,2D,2026-05-27,89605c01-8eab-4c9c-a627-f3c1bedb53a1,2026-05-27T16:20:08.976196
bed320b4-fd31-4bc7-8b2e-aa66a0523ab2,GHOST IN THE CELL,cgv,,26011800,,,,2D,2026-05-27,b1234b97-220b-4a4a-87b2-c33f0d026cac,2026-05-27T16:20:08.976220
bed320b4-fd31-4bc7-8b2e-aa66a0523ab2,MORTAL KOMBAT II,cgv,,26018200,,,,2D,2026-05-27,0cdb2fff-f7e0-4333-ba31-750bb05003c1,2026-05-27T16:20:08.976242
bed320b4-fd31-4bc7-8b2e-aa66a0523ab2,HOKUM,cgv,,26024600,,,,2D,2026-05-27,b2680ece-8346-4548-97ec-a99695871128,2026-05-27T16:20:08.976263
bed320b4-fd31-4bc7-8b2e-aa66a0523ab2,TIBA TIBA SETAN,cgv,,26007500,,,,2D,2026-05-27,ca4caf32-e2b3-4b9d-9b31-083f964f329a,2026-05-27T16:20:08.976284
bed320b4-fd31-4bc7-8b2e-aa66a0523ab2,DILAN ITB 1997,cgv,,26016100,,,,2D,2026-05-27,67aac3e1-05c6-42cc-829a-c18a3743a093,2026-05-27T16:20:08.976306
bed320b4-fd31-4bc7-8b2e-aa66a0523ab2,YANG LAIN BOLEH HILANG ASAL KAU JANGAN,cgv,,26018300,,,,2D,2026-05-27,ed787464-ac48-4c78-bdf8-911c4f3b646b,2026-05-27T16:20:08.976326
bed320b4-fd31-4bc7-8b2e-aa66a0523ab2,SALMOKJI WHISPERING WATER,cgv,,26019100,,,,2D,2026-05-27,40129cd5-2caf-435f-974c-15c24de4b836,2026-05-27T16:20:08.976347
bed320b4-fd31-4bc7-8b2e-aa66a0523ab2,THE KINGS WARDEN,cgv,,26015000,,,,2D,2026-05-27,cb57b4a8-0435-45b0-ae10-998c3353fe92,2026-05-27T16:20:08.976367
bed320b4-fd31-4bc7-8b2e-aa66a0523ab2,GOHAN,cgv,,26022500,,,,2D,2026-05-27,a0fbaeff-41f1-4110-b2f2-784d5a3e92ac,2026-05-27T16:20:08.976387
bed320b4-fd31-4bc7-8b2e-aa66a0523ab2,THE SHEEP DETECTIVES,cgv,,26019500,,,,2D,2026-05-27,983d94fb-0c5b-4d75-adba-f76453767a36,2026-05-27T16:20:08.976409
bed320b4-fd31-4bc7-8b2e-aa66a0523ab2,AYAH INI ARAHNYA KEMANA YA,cgv,,26011000,,,,2D,2026-05-27,3678aec3-4b5a-4535-8cca-ffffaf29b136,2026-05-27T16:20:08.976429
bed320b4-fd31-4bc7-8b2e-aa66a0523ab2,STAR WARS THE MANDALORIAN AND GROGU 3D,cgv,,26025200,,,,2D,2026-05-27,b0a155cf-2c2e-427e-8cfc-884e3d378169,2026-05-27T16:20:08.976455
bed320b4-fd31-4bc7-8b2e-aa66a0523ab2,THE DEVIL WEARS PRADA 2,cgv,,26019800,,,,2D,2026-05-27,66f82813-0c25-41aa-8a85-c569e167c003,2026-05-27T16:20:08.976475
bed320b4-fd31-4bc7-8b2e-aa66a0523ab2,NA WILLA,cgv,,26003200,,,,2D,2026-05-27,7f7198ea-3037-4f86-910a-9b8d640456f9,2026-05-27T16:20:08.976496
bed320b4-fd31-4bc7-8b2e-aa66a0523ab2,KELUARGA SUAMI ADALAH HAMA,cgv,,26017700,,,,2D,2026-05-27,d11119e0-8d4c-4958-bda8-56327fdfb1bd,2026-05-27T16:20:08.976516
38162479-8516-4d22-9290-cdd68a86a811,SEKAWAN LIMO 2 GUNUNG KLAWIH,cgv,,26023300,,,,2D,2026-05-27,55c1ef6c-28a1-499e-875c-853afbec1168,2026-05-27T16:20:09.600800
38162479-8516-4d22-9290-cdd68a86a811,CHILDREN OF HEAVEN,cgv,,26012100,,,,2D,2026-05-27,2442a551-49cf-410d-ad5c-ec2937438a86,2026-05-27T16:20:09.600846
38162479-8516-4d22-9290-cdd68a86a811,BADUT GENDONG,cgv,,26016800,,,,2D,2026-05-27,4bdd25d0-f4bf-4dc0-a292-5cc8f74f22ba,2026-05-27T16:20:09.600883
38162479-8516-4d22-9290-cdd68a86a811,TUMBAL PROYEK,cgv,,26014300,,,,2D,2026-05-27,3ad56d7b-5cde-43f0-8f34-95bca60265a2,2026-05-27T16:20:09.600916
38162479-8516-4d22-9290-cdd68a86a811,STAR WARS THE MANDALORIAN AND GROGU,cgv,,26021200,,,,2D,2026-05-27,44c614a6-9673-4b6e-b9d0-651318d83c86,2026-05-27T16:20:09.600949
38162479-8516-4d22-9290-cdd68a86a811,SUAMIKU LUKAKU,cgv,,26025400,,,,2D,2026-05-27,d232e3c2-68ad-40c6-8f65-c8b5effddc7c,2026-05-27T16:20:09.600980
38162479-8516-4d22-9290-cdd68a86a811,SEMUA AKAN BAIK BAIK SAJA,cgv,,26018100,,,,2D,2026-05-27,90f7e076-2350-46c6-bc9f-b15b6bc07ff8,2026-05-27T16:20:09.601010
38162479-8516-4d22-9290-cdd68a86a811,PASSENGER,cgv,,26023100,,,,2D,2026-05-27,fdd63f62-76c9-48dd-a959-7edc17ef11f2,2026-05-27T16:20:09.601040
38162479-8516-4d22-9290-cdd68a86a811,GUDANG MERICA,cgv,,26019400,,,,2D,2026-05-27,326c600f-efc7-45c4-91ad-1f900d3baa2d,2026-05-27T16:20:09.601069
38162479-8516-4d22-9290-cdd68a86a811,GHOST IN THE CELL,cgv,,26011800,,,,2D,2026-05-27,8aa9698e-099f-4c08-95e1-de6368657fbf,2026-05-27T16:20:09.601098
38162479-8516-4d22-9290-cdd68a86a811,MORTAL KOMBAT II,cgv,,26018200,,,,2D,2026-05-27,c86ddf3a-9351-4969-9e05-387f8143f70c,2026-05-27T16:20:09.601127
38162479-8516-4d22-9290-cdd68a86a811,HOKUM,cgv,,26024600,,,,2D,2026-05-27,8ba0fb05-2bc5-4673-ac82-26ab0b1470bc,2026-05-27T16:20:09.601156
38162479-8516-4d22-9290-cdd68a86a811,TIBA TIBA SETAN,cgv,,26007500,,,,2D,2026-05-27,870b5112-350d-4ad8-9b3c-789e94c876f1,2026-05-27T16:20:09.601185
38162479-8516-4d22-9290-cdd68a86a811,DILAN ITB 1997,cgv,,26016100,,,,2D,2026-05-27,aa8160b6-17a1-4e47-9d95-a395fd522714,2026-05-27T16:20:09.601214
38162479-8516-4d22-9290-cdd68a86a811,YANG LAIN BOLEH HILANG ASAL KAU JANGAN,cgv,,26018300,,,,2D,2026-05-27,9395f8bd-f87e-418c-8861-7e68097f9847,2026-05-27T16:20:09.601243
38162479-8516-4d22-9290-cdd68a86a811,SALMOKJI WHISPERING WATER,cgv,,26019100,,,,2D,2026-05-27,e1c9968f-a788-4efc-826c-03121d345bff,2026-05-27T16:20:09.601272
38162479-8516-4d22-9290-cdd68a86a811,THE KINGS WARDEN,cgv,,26015000,,,,2D,2026-05-27,ee4f4f4a-d5b1-46b0-8c19-5b3de3948d90,2026-05-27T16:20:09.601301
38162479-8516-4d22-9290-cdd68a86a811,GOHAN,cgv,,26022500,,,,2D,2026-05-27,7cc8de03-2b47-4d10-9ab1-afb3f55e6b6e,2026-05-27T16:20:09.601329
38162479-8516-4d22-9290-cdd68a86a811,THE SHEEP DETECTIVES,cgv,,26019500,,,,2D,2026-05-27,cb5ee592-83db-4991-9ba9-64c81c58c39d,2026-05-27T16:20:09.601360
38162479-8516-4d22-9290-cdd68a86a811,AYAH INI ARAHNYA KEMANA YA,cgv,,26011000,,,,2D,2026-05-27,e83d5df2-7df4-4ced-8f22-592f45930b78,2026-05-27T16:20:09.601389
38162479-8516-4d22-9290-cdd68a86a811,STAR WARS THE MANDALORIAN AND GROGU 3D,cgv,,26025200,,,,2D,2026-05-27,cf7345b1-2541-4e89-b874-d0d60f038dbe,2026-05-27T16:20:09.601431
38162479-8516-4d22-9290-cdd68a86a811,THE DEVIL WEARS PRADA 2,cgv,,26019800,,,,2D,2026-05-27,7daf8756-dc64-4666-8fac-d885ac863551,2026-05-27T16:20:09.601467
38162479-8516-4d22-9290-cdd68a86a811,NA WILLA,cgv,,26003200,,,,2D,2026-05-27,65ff064a-94f6-49b4-b313-094c7fddf36a,2026-05-27T16:20:09.601497
38162479-8516-4d22-9290-cdd68a86a811,KELUARGA SUAMI ADALAH HAMA,cgv,,26017700,,,,2D,2026-05-27,e60ffbce-254b-4cb5-bfab-a50d1d080e9d,2026-05-27T16:20:09.601526
570cbae6-66e7-442c-8bde-22b7e9e9b09c,SEKAWAN LIMO 2 GUNUNG KLAWIH,cgv,,26023300,,,,2D,2026-05-27,8a723cf6-f7a5-4246-b927-f9fcc7d75524,2026-05-27T16:20:11.688378
570cbae6-66e7-442c-8bde-22b7e9e9b09c,CHILDREN OF HEAVEN,cgv,,26012100,,,,2D,2026-05-27,bcf2b0d6-9e17-4adb-90f6-f51f323b6879,2026-05-27T16:20:11.688407
570cbae6-66e7-442c-8bde-22b7e9e9b09c,BADUT GENDONG,cgv,,26016800,,,,2D,2026-05-27,d6a27d61-2bf6-40b5-ab68-c3a3de2dc6a3,2026-05-27T16:20:11.688426
570cbae6-66e7-442c-8bde-22b7e9e9b09c,TUMBAL PROYEK,cgv,,26014300,,,,2D,2026-05-27,e622f205-7193-40f3-a12e-5c1e96fc1317,2026-05-27T16:20:11.688443
570cbae6-66e7-442c-8bde-22b7e9e9b09c,STAR WARS THE MANDALORIAN AND GROGU,cgv,,26021200,,,,2D,2026-05-27,097558c6-4f9f-4bd6-9dc4-da90b000b68e,2026-05-27T16:20:11.688462
570cbae6-66e7-442c-8bde-22b7e9e9b09c,SUAMIKU LUKAKU,cgv,,26025400,,,,2D,2026-05-27,d2515edc-4c5e-4985-8160-c092146e2cec,2026-05-27T16:20:11.688479
570cbae6-66e7-442c-8bde-22b7e9e9b09c,SEMUA AKAN BAIK BAIK SAJA,cgv,,26018100,,,,2D,2026-05-27,42fcf367-baf4-49fd-b94d-b81ea590c520,2026-05-27T16:20:11.688495
570cbae6-66e7-442c-8bde-22b7e9e9b09c,PASSENGER,cgv,,26023100,,,,2D,2026-05-27,835cd6b4-ac06-42ce-8da7-8c9a0e4a1be4,2026-05-27T16:20:11.688511
570cbae6-66e7-442c-8bde-22b7e9e9b09c,GUDANG MERICA,cgv,,26019400,,,,2D,2026-05-27,abce9322-95e7-4746-87b0-c4b243e1ddce,2026-05-27T16:20:11.688528
570cbae6-66e7-442c-8bde-22b7e9e9b09c,GHOST IN THE CELL,cgv,,26011800,,,,2D,2026-05-27,b94f9446-fa31-429d-840d-1c8870cb25e3,2026-05-27T16:20:11.688543
570cbae6-66e7-442c-8bde-22b7e9e9b09c,MORTAL KOMBAT II,cgv,,26018200,,,,2D,2026-05-27,62b1825d-41ce-4b28-95c1-d55cb1253a4c,2026-05-27T16:20:11.688559
570cbae6-66e7-442c-8bde-22b7e9e9b09c,HOKUM,cgv,,26024600,,,,2D,2026-05-27,0dee7212-eed6-4ac9-befb-ac6abf7b2ad3,2026-05-27T16:20:11.688588
570cbae6-66e7-442c-8bde-22b7e9e9b09c,TIBA TIBA SETAN,cgv,,26007500,,,,2D,2026-05-27,fc8e2d33-fe6c-4eb0-8d96-160733942a80,2026-05-27T16:20:11.688606
570cbae6-66e7-442c-8bde-22b7e9e9b09c,DILAN ITB 1997,cgv,,26016100,,,,2D,2026-05-27,fa85d7cf-f177-4fdc-b2a9-7e8ff625088c,2026-05-27T16:20:11.688621
570cbae6-66e7-442c-8bde-22b7e9e9b09c,YANG LAIN BOLEH HILANG ASAL KAU JANGAN,cgv,,26018300,,,,2D,2026-05-27,b5e38bff-05b3-49b4-a461-76d5f6990e10,2026-05-27T16:20:11.688637
570cbae6-66e7-442c-8bde-22b7e9e9b09c,SALMOKJI WHISPERING WATER,cgv,,26019100,,,,2D,2026-05-27,056de2fc-f816-4dd4-92e6-b0d99239453b,2026-05-27T16:20:11.688652
570cbae6-66e7-442c-8bde-22b7e9e9b09c,THE KINGS WARDEN,cgv,,26015000,,,,2D,2026-05-27,5430f9ae-9b92-499a-afb9-25806a76d91e,2026-05-27T16:20:11.688669
570cbae6-66e7-442c-8bde-22b7e9e9b09c,GOHAN,cgv,,26022500,,,,2D,2026-05-27,8045c36a-8b65-4231-b463-e3629a6f1669,2026-05-27T16:20:11.688685
570cbae6-66e7-442c-8bde-22b7e9e9b09c,THE SHEEP DETECTIVES,cgv,,26019500,,,,2D,2026-05-27,a932bd6d-a7ad-48cc-b182-4bebbf4ce382,2026-05-27T16:20:11.688702
570cbae6-66e7-442c-8bde-22b7e9e9b09c,AYAH INI ARAHNYA KEMANA YA,cgv,,26011000,,,,2D,2026-05-27,4a286c0c-2a41-41f2-a172-a1c28c903789,2026-05-27T16:20:11.688717
570cbae6-66e7-442c-8bde-22b7e9e9b09c,STAR WARS THE MANDALORIAN AND GROGU 3D,cgv,,26025200,,,,2D,2026-05-27,2f79ad15-b173-437f-acfa-641967b17862,2026-05-27T16:20:11.688740
570cbae6-66e7-442c-8bde-22b7e9e9b09c,THE DEVIL WEARS PRADA 2,cgv,,26019800,,,,2D,2026-05-27,c3dedb73-e0c9-4c09-a89c-e43ae6fe7778,2026-05-27T16:20:11.688755
570cbae6-66e7-442c-8bde-22b7e9e9b09c,NA WILLA,cgv,,26003200,,,,2D,2026-05-27,862b268d-1c0a-4467-8b2b-99fa6cad06aa,2026-05-27T16:20:11.688771
570cbae6-66e7-442c-8bde-22b7e9e9b09c,KELUARGA SUAMI ADALAH HAMA,cgv,,26017700,,,,2D,2026-05-27,cc3878bf-6343-4336-8910-01aa617c41c0,2026-05-27T16:20:11.688786
263c497b-ebd2-4a94-8edf-832c76c3665c,SEKAWAN LIMO 2 GUNUNG KLAWIH,cgv,,26023300,,,,2D,2026-05-27,a75a8cf9-a473-4ed9-99e4-cd20886cc80d,2026-05-27T16:20:11.465749
263c497b-ebd2-4a94-8edf-832c76c3665c,CHILDREN OF HEAVEN,cgv,,26012100,,,,2D,2026-05-27,75bd5a44-9a81-4206-ad19-7c3b26849848,2026-05-27T16:20:11.465810
263c497b-ebd2-4a94-8edf-832c76c3665c,BADUT GENDONG,cgv,,26016800,,,,2D,2026-05-27,364db705-8f38-42f6-9d43-3119385ff804,2026-05-27T16:20:11.465856
263c497b-ebd2-4a94-8edf-832c76c3665c,TUMBAL PROYEK,cgv,,26014300,,,,2D,2026-05-27,e1beb46c-6db1-42b5-88cf-aca3a0ce6389,2026-05-27T16:20:11.465896
263c497b-ebd2-4a94-8edf-832c76c3665c,STAR WARS THE MANDALORIAN AND GROGU,cgv,,26021200,,,,2D,2026-05-27,fa2f529d-2ef5-4ecc-8022-5a3265f8f73d,2026-05-27T16:20:11.465938
263c497b-ebd2-4a94-8edf-832c76c3665c,SUAMIKU LUKAKU,cgv,,26025400,,,,2D,2026-05-27,0642a958-ae7b-40a1-bb52-e7dffe2774ab,2026-05-27T16:20:11.465979
263c497b-ebd2-4a94-8edf-832c76c3665c,SEMUA AKAN BAIK BAIK SAJA,cgv,,26018100,,,,2D,2026-05-27,90ffded6-9d9c-443e-a31e-bcf55c226732,2026-05-27T16:20:11.466019
263c497b-ebd2-4a94-8edf-832c76c3665c,PASSENGER,cgv,,26023100,,,,2D,2026-05-27,09a0ebb0-124f-40a5-ac11-19e60b6b2fbe,2026-05-27T16:20:11.466058
263c497b-ebd2-4a94-8edf-832c76c3665c,GUDANG MERICA,cgv,,26019400,,,,2D,2026-05-27,63a0d479-c8af-4075-8cd0-3d6b49af7709,2026-05-27T16:20:11.466095
263c497b-ebd2-4a94-8edf-832c76c3665c,GHOST IN THE CELL,cgv,,26011800,,,,2D,2026-05-27,0c2a8f5d-4f7a-4a6f-8256-f112ba874150,2026-05-27T16:20:11.466134
263c497b-ebd2-4a94-8edf-832c76c3665c,MORTAL KOMBAT II,cgv,,26018200,,,,2D,2026-05-27,0d375a5d-5f42-410e-9b13-d6ccb55714d0,2026-05-27T16:20:11.466173
263c497b-ebd2-4a94-8edf-832c76c3665c,HOKUM,cgv,,26024600,,,,2D,2026-05-27,c7f796cc-91a3-40d3-bbeb-bb52e7854052,2026-05-27T16:20:11.466214
263c497b-ebd2-4a94-8edf-832c76c3665c,TIBA TIBA SETAN,cgv,,26007500,,,,2D,2026-05-27,b46083e2-b0d4-44b2-8429-52eb8dde95fc,2026-05-27T16:20:11.466251
263c497b-ebd2-4a94-8edf-832c76c3665c,DILAN ITB 1997,cgv,,26016100,,,,2D,2026-05-27,ffb6b182-b69d-4c35-84bd-63fd9e8c884f,2026-05-27T16:20:11.466288
263c497b-ebd2-4a94-8edf-832c76c3665c,YANG LAIN BOLEH HILANG ASAL KAU JANGAN,cgv,,26018300,,,,2D,2026-05-27,9cba74ec-1abf-4f7e-89ba-a7b72d7808a2,2026-05-27T16:20:11.466325
263c497b-ebd2-4a94-8edf-832c76c3665c,SALMOKJI WHISPERING WATER,cgv,,26019100,,,,2D,2026-05-27,5e409a07-16ea-4a8a-af56-097d60510218,2026-05-27T16:20:11.466361
263c497b-ebd2-4a94-8edf-832c76c3665c,THE KINGS WARDEN,cgv,,26015000,,,,2D,2026-05-27,ba838123-8c44-4254-b5d0-3ddc25a7ab43,2026-05-27T16:20:11.466403
263c497b-ebd2-4a94-8edf-832c76c3665c,GOHAN,cgv,,26022500,,,,2D,2026-05-27,126cb83d-e911-4ae8-87b1-5d2ca84f734c,2026-05-27T16:20:11.466439
263c497b-ebd2-4a94-8edf-832c76c3665c,THE SHEEP DETECTIVES,cgv,,26019500,,,,2D,2026-05-27,a47b3661-973e-4b06-ab11-e80663d6c0f1,2026-05-27T16:20:11.466478
263c497b-ebd2-4a94-8edf-832c76c3665c,AYAH INI ARAHNYA KEMANA YA,cgv,,26011000,,,,2D,2026-05-27,a4524fe3-4f74-450f-9834-7d15cec77b87,2026-05-27T16:20:11.466522
263c497b-ebd2-4a94-8edf-832c76c3665c,STAR WARS THE MANDALORIAN AND GROGU 3D,cgv,,26025200,,,,2D,2026-05-27,bf2fb652-2d55-4776-916f-c8b7efcace73,2026-05-27T16:20:11.466559
263c497b-ebd2-4a94-8edf-832c76c3665c,THE DEVIL WEARS PRADA 2,cgv,,26019800,,,,2D,2026-05-27,0b25d5cf-b3f5-4e02-828f-31d0a2a51ad4,2026-05-27T16:20:11.466597
263c497b-ebd2-4a94-8edf-832c76c3665c,NA WILLA,cgv,,26003200,,,,2D,2026-05-27,5a22295a-a4e3-472b-94c1-be59e16b7078,2026-05-27T16:20:11.466634
263c497b-ebd2-4a94-8edf-832c76c3665c,KELUARGA SUAMI ADALAH HAMA,cgv,,26017700,,,,2D,2026-05-27,53a44ef6-1e0b-4d78-8e5a-65caf1dc1817,2026-05-27T16:20:11.466688
5ff08d3a-0925-4579-bfc8-1b1564e4b188,SEKAWAN LIMO 2 GUNUNG KLAWIH,cgv,,26023300,,,,2D,2026-05-27,27cd95ff-04e5-4c3d-86f1-7f0ff63014ef,2026-05-27T16:20:12.287286
5ff08d3a-0925-4579-bfc8-1b1564e4b188,CHILDREN OF HEAVEN,cgv,,26012100,,,,2D,2026-05-27,085679ac-86b7-4fa9-ab5f-f4a0a6c37d9f,2026-05-27T16:20:12.287333
5ff08d3a-0925-4579-bfc8-1b1564e4b188,BADUT GENDONG,cgv,,26016800,,,,2D,2026-05-27,193c1b16-25a4-47f5-b50e-ff5c8d25cb94,2026-05-27T16:20:12.287368
5ff08d3a-0925-4579-bfc8-1b1564e4b188,TUMBAL PROYEK,cgv,,26014300,,,,2D,2026-05-27,7bc660e7-f144-4fab-bbc5-9db3c9fede16,2026-05-27T16:20:12.287401
5ff08d3a-0925-4579-bfc8-1b1564e4b188,STAR WARS THE MANDALORIAN AND GROGU,cgv,,26021200,,,,2D,2026-05-27,7c76ac4a-6346-4a78-ba65-c0afbdc58395,2026-05-27T16:20:12.287434
5ff08d3a-0925-4579-bfc8-1b1564e4b188,SUAMIKU LUKAKU,cgv,,26025400,,,,2D,2026-05-27,61e0971a-cbcf-4125-b585-72fc0ef3b800,2026-05-27T16:20:12.287465
5ff08d3a-0925-4579-bfc8-1b1564e4b188,SEMUA AKAN BAIK BAIK SAJA,cgv,,26018100,,,,2D,2026-05-27,4a6fa873-5d89-4f8d-8446-b9972d283b39,2026-05-27T16:20:12.287494
5ff08d3a-0925-4579-bfc8-1b1564e4b188,PASSENGER,cgv,,26023100,,,,2D,2026-05-27,016b7c9e-003b-4ee1-9826-dde275c3258d,2026-05-27T16:20:12.287525
5ff08d3a-0925-4579-bfc8-1b1564e4b188,GUDANG MERICA,cgv,,26019400,,,,2D,2026-05-27,6e09d34a-1305-4335-905c-e80e3ba5678e,2026-05-27T16:20:12.287554
5ff08d3a-0925-4579-bfc8-1b1564e4b188,GHOST IN THE CELL,cgv,,26011800,,,,2D,2026-05-27,1b2cf757-e7f5-4db9-87ad-15acadaf0427,2026-05-27T16:20:12.287584
5ff08d3a-0925-4579-bfc8-1b1564e4b188,MORTAL KOMBAT II,cgv,,26018200,,,,2D,2026-05-27,becc66b5-05d5-4907-bfe5-a8ff0b3305fb,2026-05-27T16:20:12.287614
5ff08d3a-0925-4579-bfc8-1b1564e4b188,HOKUM,cgv,,26024600,,,,2D,2026-05-27,039767c0-7c6a-4984-8e08-e79bdfc603e7,2026-05-27T16:20:12.287644
5ff08d3a-0925-4579-bfc8-1b1564e4b188,TIBA TIBA SETAN,cgv,,26007500,,,,2D,2026-05-27,77cffefd-f5a2-4fe2-ab77-71606dbb035b,2026-05-27T16:20:12.287674
5ff08d3a-0925-4579-bfc8-1b1564e4b188,DILAN ITB 1997,cgv,,26016100,,,,2D,2026-05-27,c17c1a29-bcf7-4cd9-9d7b-93fd1ab7fd68,2026-05-27T16:20:12.287703
5ff08d3a-0925-4579-bfc8-1b1564e4b188,YANG LAIN BOLEH HILANG ASAL KAU JANGAN,cgv,,26018300,,,,2D,2026-05-27,d2c78ef4-10cc-47fd-9b2c-d1a5de6166c2,2026-05-27T16:20:12.287743
5ff08d3a-0925-4579-bfc8-1b1564e4b188,SALMOKJI WHISPERING WATER,cgv,,26019100,,,,2D,2026-05-27,818b074f-061f-437d-856d-63a860f749a4,2026-05-27T16:20:12.287776
5ff08d3a-0925-4579-bfc8-1b1564e4b188,THE KINGS WARDEN,cgv,,26015000,,,,2D,2026-05-27,2ca73fd1-2ae6-44b1-84e9-87b8770d518e,2026-05-27T16:20:12.287805
5ff08d3a-0925-4579-bfc8-1b1564e4b188,GOHAN,cgv,,26022500,,,,2D,2026-05-27,af1b48d8-82d5-4fc8-b2f3-5c91bf68c827,2026-05-27T16:20:12.287844
5ff08d3a-0925-4579-bfc8-1b1564e4b188,THE SHEEP DETECTIVES,cgv,,26019500,,,,2D,2026-05-27,e1c511ea-806a-48f7-af88-7e19e4dead8d,2026-05-27T16:20:12.287875
5ff08d3a-0925-4579-bfc8-1b1564e4b188,AYAH INI ARAHNYA KEMANA YA,cgv,,26011000,,,,2D,2026-05-27,2e6ee092-48a5-4a06-b8ef-61e149b6ef2d,2026-05-27T16:20:12.287903
5ff08d3a-0925-4579-bfc8-1b1564e4b188,STAR WARS THE MANDALORIAN AND GROGU 3D,cgv,,26025200,,,,2D,2026-05-27,c3495a73-c503-4dda-9c3b-e04a3ad99612,2026-05-27T16:20:12.287931
5ff08d3a-0925-4579-bfc8-1b1564e4b188,THE DEVIL WEARS PRADA 2,cgv,,26019800,,,,2D,2026-05-27,3fde0a57-c8c7-4828-b689-3568a3e2eb03,2026-05-27T16:20:12.287960
5ff08d3a-0925-4579-bfc8-1b1564e4b188,NA WILLA,cgv,,26003200,,,,2D,2026-05-27,e6e73073-4429-43b0-a845-a8be7c73b840,2026-05-27T16:20:12.287988
5ff08d3a-0925-4579-bfc8-1b1564e4b188,KELUARGA SUAMI ADALAH HAMA,cgv,,26017700,,,,2D,2026-05-27,a2d8455a-2c80-43d4-b65e-fac654b08213,2026-05-27T16:20:12.288015
1868f54c-6c6e-43a7-a1be-f1228d48680f,SEKAWAN LIMO 2 GUNUNG KLAWIH,cgv,,26023300,,,,2D,2026-05-27,a75009cd-9bbb-47f7-8955-a0646317e48f,2026-05-27T16:20:12.443219
1868f54c-6c6e-43a7-a1be-f1228d48680f,CHILDREN OF HEAVEN,cgv,,26012100,,,,2D,2026-05-27,c4a06f3f-d2e1-4571-a650-2a0fd25a8833,2026-05-27T16:20:12.443244
1868f54c-6c6e-43a7-a1be-f1228d48680f,BADUT GENDONG,cgv,,26016800,,,,2D,2026-05-27,0d1654bf-ea0c-45be-95d2-f6f45c673ff7,2026-05-27T16:20:12.443264
1868f54c-6c6e-43a7-a1be-f1228d48680f,TUMBAL PROYEK,cgv,,26014300,,,,2D,2026-05-27,9ae74c2a-aa45-4ef4-bf2c-92fc8d339671,2026-05-27T16:20:12.443281
1868f54c-6c6e-43a7-a1be-f1228d48680f,STAR WARS THE MANDALORIAN AND GROGU,cgv,,26021200,,,,2D,2026-05-27,88c5a760-34c9-43dc-a606-feca15c116a2,2026-05-27T16:20:12.443299
1868f54c-6c6e-43a7-a1be-f1228d48680f,SUAMIKU LUKAKU,cgv,,26025400,,,,2D,2026-05-27,8808cd99-7925-4e13-a031-1818a5d9eecd,2026-05-27T16:20:12.443315
1868f54c-6c6e-43a7-a1be-f1228d48680f,SEMUA AKAN BAIK BAIK SAJA,cgv,,26018100,,,,2D,2026-05-27,132d4839-8de5-4a72-8ce9-330b96b47bd0,2026-05-27T16:20:12.443331
1868f54c-6c6e-43a7-a1be-f1228d48680f,PASSENGER,cgv,,26023100,,,,2D,2026-05-27,4e551074-12d0-434f-b771-8ef0d1f6400b,2026-05-27T16:20:12.443347
1868f54c-6c6e-43a7-a1be-f1228d48680f,GUDANG MERICA,cgv,,26019400,,,,2D,2026-05-27,c8a0598b-a783-4e82-8d97-da547cb4aea0,2026-05-27T16:20:12.443364
1868f54c-6c6e-43a7-a1be-f1228d48680f,GHOST IN THE CELL,cgv,,26011800,,,,2D,2026-05-27,388535c7-3445-4732-ae8d-1c21affe7784,2026-05-27T16:20:12.443381
1868f54c-6c6e-43a7-a1be-f1228d48680f,MORTAL KOMBAT II,cgv,,26018200,,,,2D,2026-05-27,e01823cf-7865-44e7-84b8-ac36f100320c,2026-05-27T16:20:12.443397
1868f54c-6c6e-43a7-a1be-f1228d48680f,HOKUM,cgv,,26024600,,,,2D,2026-05-27,4314f03f-9bd5-450a-9bd0-f692d046db2d,2026-05-27T16:20:12.443415
1868f54c-6c6e-43a7-a1be-f1228d48680f,TIBA TIBA SETAN,cgv,,26007500,,,,2D,2026-05-27,6397cd2a-9229-40dc-930e-ff99740fc53d,2026-05-27T16:20:12.443431
1868f54c-6c6e-43a7-a1be-f1228d48680f,DILAN ITB 1997,cgv,,26016100,,,,2D,2026-05-27,7db78653-b864-43be-9def-d7d899c7320d,2026-05-27T16:20:12.443447
1868f54c-6c6e-43a7-a1be-f1228d48680f,YANG LAIN BOLEH HILANG ASAL KAU JANGAN,cgv,,26018300,,,,2D,2026-05-27,3d908994-edb5-4c39-bb34-8905f645a8bf,2026-05-27T16:20:12.443464
1868f54c-6c6e-43a7-a1be-f1228d48680f,SALMOKJI WHISPERING WATER,cgv,,26019100,,,,2D,2026-05-27,4832ac88-410b-4a3c-86ad-dcbe45278123,2026-05-27T16:20:12.443480
1868f54c-6c6e-43a7-a1be-f1228d48680f,THE KINGS WARDEN,cgv,,26015000,,,,2D,2026-05-27,f17db5bc-6694-46f3-854f-2f311b01d1a3,2026-05-27T16:20:12.443496
1868f54c-6c6e-43a7-a1be-f1228d48680f,GOHAN,cgv,,26022500,,,,2D,2026-05-27,a78960ec-9aac-4d65-b10e-e2b8d9e034c0,2026-05-27T16:20:12.443511
1868f54c-6c6e-43a7-a1be-f1228d48680f,THE SHEEP DETECTIVES,cgv,,26019500,,,,2D,2026-05-27,d0c589a5-2e2e-4eb0-8132-67e351e40d4c,2026-05-27T16:20:12.443528
1868f54c-6c6e-43a7-a1be-f1228d48680f,AYAH INI ARAHNYA KEMANA YA,cgv,,26011000,,,,2D,2026-05-27,579b7a11-9ef5-430f-ae51-54e6fc5b319e,2026-05-27T16:20:12.443544
1868f54c-6c6e-43a7-a1be-f1228d48680f,STAR WARS THE MANDALORIAN AND GROGU 3D,cgv,,26025200,,,,2D,2026-05-27,6805e778-5766-4d5d-9487-f8b6160853ad,2026-05-27T16:20:12.443559
1868f54c-6c6e-43a7-a1be-f1228d48680f,THE DEVIL WEARS PRADA 2,cgv,,26019800,,,,2D,2026-05-27,12ee2020-bb36-4423-ba9d-a9a19361bafe,2026-05-27T16:20:12.443576
1868f54c-6c6e-43a7-a1be-f1228d48680f,NA WILLA,cgv,,26003200,,,,2D,2026-05-27,95e04547-fc88-4b8d-b526-b5e57637ce0b,2026-05-27T16:20:12.443592
1868f54c-6c6e-43a7-a1be-f1228d48680f,KELUARGA SUAMI ADALAH HAMA,cgv,,26017700,,,,2D,2026-05-27,c624bd3c-7dac-47ba-9932-66b8d14ffd0e,2026-05-27T16:20:12.443608
77538278-04a4-4ef7-b1b5-57edd949a14d,SEKAWAN LIMO 2 GUNUNG KLAWIH,cgv,,26023300,,,,2D,2026-05-27,71dff06b-ecf9-4c3b-8265-ab89e399af3d,2026-05-27T16:20:13.296987
77538278-04a4-4ef7-b1b5-57edd949a14d,CHILDREN OF HEAVEN,cgv,,26012100,,,,2D,2026-05-27,42c80725-34af-4562-bd60-fde73ecdc02c,2026-05-27T16:20:13.297015
77538278-04a4-4ef7-b1b5-57edd949a14d,BADUT GENDONG,cgv,,26016800,,,,2D,2026-05-27,ea748c99-be69-4dae-8ed4-99741a9d4544,2026-05-27T16:20:13.297037
77538278-04a4-4ef7-b1b5-57edd949a14d,TUMBAL PROYEK,cgv,,26014300,,,,2D,2026-05-27,a43dff85-c370-4419-94af-a243c8260dc9,2026-05-27T16:20:13.297056
77538278-04a4-4ef7-b1b5-57edd949a14d,STAR WARS THE MANDALORIAN AND GROGU,cgv,,26021200,,,,2D,2026-05-27,0558806e-98c0-45b8-bcce-28238139db1c,2026-05-27T16:20:13.297078
77538278-04a4-4ef7-b1b5-57edd949a14d,SUAMIKU LUKAKU,cgv,,26025400,,,,2D,2026-05-27,0cc3dd69-3dec-45fe-ad2e-b2082870cef8,2026-05-27T16:20:13.297110
77538278-04a4-4ef7-b1b5-57edd949a14d,SEMUA AKAN BAIK BAIK SAJA,cgv,,26018100,,,,2D,2026-05-27,cf8558e0-aad7-48fb-879e-938e848448cc,2026-05-27T16:20:13.297132
77538278-04a4-4ef7-b1b5-57edd949a14d,PASSENGER,cgv,,26023100,,,,2D,2026-05-27,cbb02a59-8cbd-461c-b018-9c5bad16d31c,2026-05-27T16:20:13.297151
77538278-04a4-4ef7-b1b5-57edd949a14d,GUDANG MERICA,cgv,,26019400,,,,2D,2026-05-27,faa4124a-a0b3-4166-944e-0083b9c9af31,2026-05-27T16:20:13.297169
77538278-04a4-4ef7-b1b5-57edd949a14d,GHOST IN THE CELL,cgv,,26011800,,,,2D,2026-05-27,f817395c-6b8a-4960-93e4-ad585b1b59c9,2026-05-27T16:20:13.297187
77538278-04a4-4ef7-b1b5-57edd949a14d,MORTAL KOMBAT II,cgv,,26018200,,,,2D,2026-05-27,c3f4cc45-32ae-4d59-ab15-9075168647c1,2026-05-27T16:20:13.297206
77538278-04a4-4ef7-b1b5-57edd949a14d,HOKUM,cgv,,26024600,,,,2D,2026-05-27,1984979c-a368-490c-b9d9-514d3d6a8ebe,2026-05-27T16:20:13.297224
77538278-04a4-4ef7-b1b5-57edd949a14d,TIBA TIBA SETAN,cgv,,26007500,,,,2D,2026-05-27,e66488b2-5710-423f-a0e6-0b10921ac92d,2026-05-27T16:20:13.297241
77538278-04a4-4ef7-b1b5-57edd949a14d,DILAN ITB 1997,cgv,,26016100,,,,2D,2026-05-27,886dfb5a-9136-4938-933b-2efdbb925ac7,2026-05-27T16:20:13.297259
77538278-04a4-4ef7-b1b5-57edd949a14d,YANG LAIN BOLEH HILANG ASAL KAU JANGAN,cgv,,26018300,,,,2D,2026-05-27,9c68fb41-675b-42e1-92d1-3f3e87f678ee,2026-05-27T16:20:13.297282
77538278-04a4-4ef7-b1b5-57edd949a14d,SALMOKJI WHISPERING WATER,cgv,,26019100,,,,2D,2026-05-27,60072231-f235-4a99-9e7f-5c80d6f2a3c6,2026-05-27T16:20:13.297301
77538278-04a4-4ef7-b1b5-57edd949a14d,THE KINGS WARDEN,cgv,,26015000,,,,2D,2026-05-27,1ff63059-1157-4216-bba6-4e72565b481f,2026-05-27T16:20:13.297319
77538278-04a4-4ef7-b1b5-57edd949a14d,GOHAN,cgv,,26022500,,,,2D,2026-05-27,2f3fbf5f-2158-48d7-9cf2-b9ba70ecf658,2026-05-27T16:20:13.297337
77538278-04a4-4ef7-b1b5-57edd949a14d,THE SHEEP DETECTIVES,cgv,,26019500,,,,2D,2026-05-27,a9add148-c0b2-4902-aaa0-046fb64e8066,2026-05-27T16:20:13.297356
77538278-04a4-4ef7-b1b5-57edd949a14d,AYAH INI ARAHNYA KEMANA YA,cgv,,26011000,,,,2D,2026-05-27,596256e9-0702-4384-b2f1-0677da2f4169,2026-05-27T16:20:13.297374
77538278-04a4-4ef7-b1b5-57edd949a14d,STAR WARS THE MANDALORIAN AND GROGU 3D,cgv,,26025200,,,,2D,2026-05-27,de0d65ed-e184-4d1a-8e2a-ebb838f7a151,2026-05-27T16:20:13.297391
77538278-04a4-4ef7-b1b5-57edd949a14d,THE DEVIL WEARS PRADA 2,cgv,,26019800,,,,2D,2026-05-27,7f86eabd-3264-42b0-afe0-1d5e9639c289,2026-05-27T16:20:13.297409
77538278-04a4-4ef7-b1b5-57edd949a14d,NA WILLA,cgv,,26003200,,,,2D,2026-05-27,0c286045-bcf5-46f9-b966-d3d4e26195fe,2026-05-27T16:20:13.297428
77538278-04a4-4ef7-b1b5-57edd949a14d,KELUARGA SUAMI ADALAH HAMA,cgv,,26017700,,,,2D,2026-05-27,ec93f1d2-7625-4fad-9fa7-8f2edd210b2a,2026-05-27T16:20:13.297446
2ed6ecf5-af12-4056-aded-6159123f85e0,SEKAWAN LIMO 2 GUNUNG KLAWIH,cgv,,26023300,,,,2D,2026-05-27,99ab5c48-a9a5-40e9-9242-646d48df880c,2026-05-27T16:20:14.871986
2ed6ecf5-af12-4056-aded-6159123f85e0,CHILDREN OF HEAVEN,cgv,,26012100,,,,2D,2026-05-27,ba1aadca-1bc6-44b6-8d81-c853e71fd516,2026-05-27T16:20:14.872036
2ed6ecf5-af12-4056-aded-6159123f85e0,BADUT GENDONG,cgv,,26016800,,,,2D,2026-05-27,a25452d9-4d15-426c-b923-ce035a405eaf,2026-05-27T16:20:14.872076
2ed6ecf5-af12-4056-aded-6159123f85e0,TUMBAL PROYEK,cgv,,26014300,,,,2D,2026-05-27,34817854-27e3-49c0-85f6-5dc8a3b8e0f5,2026-05-27T16:20:14.872110
2ed6ecf5-af12-4056-aded-6159123f85e0,STAR WARS THE MANDALORIAN AND GROGU,cgv,,26021200,,,,2D,2026-05-27,37ec670b-f85b-46f6-a630-8f723890bf78,2026-05-27T16:20:14.872144
2ed6ecf5-af12-4056-aded-6159123f85e0,SUAMIKU LUKAKU,cgv,,26025400,,,,2D,2026-05-27,5b864ae4-0f18-4649-bcc7-26dc7d88b998,2026-05-27T16:20:14.872176
2ed6ecf5-af12-4056-aded-6159123f85e0,SEMUA AKAN BAIK BAIK SAJA,cgv,,26018100,,,,2D,2026-05-27,4794bb3d-9436-47bc-9a2b-d6a5155d46de,2026-05-27T16:20:14.872206
2ed6ecf5-af12-4056-aded-6159123f85e0,PASSENGER,cgv,,26023100,,,,2D,2026-05-27,78d0b63e-6a16-4ccb-9e66-313c44664b96,2026-05-27T16:20:14.872236
2ed6ecf5-af12-4056-aded-6159123f85e0,GUDANG MERICA,cgv,,26019400,,,,2D,2026-05-27,fd6f0722-cf39-4c8d-bf3b-c3f587353d73,2026-05-27T16:20:14.872265
2ed6ecf5-af12-4056-aded-6159123f85e0,GHOST IN THE CELL,cgv,,26011800,,,,2D,2026-05-27,26b5e5ac-da97-4ab6-b368-92ed72ce7ac1,2026-05-27T16:20:14.872296
2ed6ecf5-af12-4056-aded-6159123f85e0,MORTAL KOMBAT II,cgv,,26018200,,,,2D,2026-05-27,09fef025-b8a3-4aa7-bba2-b2c1b6161a05,2026-05-27T16:20:14.872335
2ed6ecf5-af12-4056-aded-6159123f85e0,HOKUM,cgv,,26024600,,,,2D,2026-05-27,56346a6a-2bfd-45ec-b589-06be0b187626,2026-05-27T16:20:14.872364
2ed6ecf5-af12-4056-aded-6159123f85e0,TIBA TIBA SETAN,cgv,,26007500,,,,2D,2026-05-27,c9131f2e-3a9a-40dc-baf6-a4c6d633176b,2026-05-27T16:20:14.872393
2ed6ecf5-af12-4056-aded-6159123f85e0,DILAN ITB 1997,cgv,,26016100,,,,2D,2026-05-27,c9f6fb2a-16e6-4bfb-96d0-3a6b3687e83a,2026-05-27T16:20:14.872423
2ed6ecf5-af12-4056-aded-6159123f85e0,YANG LAIN BOLEH HILANG ASAL KAU JANGAN,cgv,,26018300,,,,2D,2026-05-27,9e87eef0-dcdc-4774-8cd0-6e32788a4810,2026-05-27T16:20:14.872452
2ed6ecf5-af12-4056-aded-6159123f85e0,SALMOKJI WHISPERING WATER,cgv,,26019100,,,,2D,2026-05-27,0281f0a5-4715-4eb5-8303-a4c011fa51e1,2026-05-27T16:20:14.872481
2ed6ecf5-af12-4056-aded-6159123f85e0,THE KINGS WARDEN,cgv,,26015000,,,,2D,2026-05-27,d5aaee2c-2083-4b08-9473-18e77b8cc348,2026-05-27T16:20:14.872513
2ed6ecf5-af12-4056-aded-6159123f85e0,GOHAN,cgv,,26022500,,,,2D,2026-05-27,4f9badf3-6582-451e-be85-a853e48ea5c0,2026-05-27T16:20:14.872543
2ed6ecf5-af12-4056-aded-6159123f85e0,THE SHEEP DETECTIVES,cgv,,26019500,,,,2D,2026-05-27,108ec4dc-2876-4ddf-be30-c61954c9bd36,2026-05-27T16:20:14.872574
2ed6ecf5-af12-4056-aded-6159123f85e0,AYAH INI ARAHNYA KEMANA YA,cgv,,26011000,,,,2D,2026-05-27,68c2204a-9d40-44bc-8a5e-dc81f8fdd47e,2026-05-27T16:20:14.872603
2ed6ecf5-af12-4056-aded-6159123f85e0,STAR WARS THE MANDALORIAN AND GROGU 3D,cgv,,26025200,,,,2D,2026-05-27,c752e2ac-502c-4ab4-b341-d7114158650c,2026-05-27T16:20:14.872638
2ed6ecf5-af12-4056-aded-6159123f85e0,THE DEVIL WEARS PRADA 2,cgv,,26019800,,,,2D,2026-05-27,bd233795-aa70-4874-ad31-36bce3e53959,2026-05-27T16:20:14.872666
2ed6ecf5-af12-4056-aded-6159123f85e0,NA WILLA,cgv,,26003200,,,,2D,2026-05-27,33a17685-c81d-4e78-9a64-d43df95688b9,2026-05-27T16:20:14.872703
2ed6ecf5-af12-4056-aded-6159123f85e0,KELUARGA SUAMI ADALAH HAMA,cgv,,26017700,,,,2D,2026-05-27,3b1c28d2-605b-4339-b0a9-9c95bab6d7db,2026-05-27T16:20:14.872732
1ecd9d0f-e484-4331-9bf3-bfd6bc3ab242,SEKAWAN LIMO 2 GUNUNG KLAWIH,cgv,,26023300,,,,2D,2026-05-27,7fbbbe64-13a0-4a82-915e-bfa2f23bae1e,2026-05-27T16:20:15.021881
1ecd9d0f-e484-4331-9bf3-bfd6bc3ab242,CHILDREN OF HEAVEN,cgv,,26012100,,,,2D,2026-05-27,c191843c-2df2-429d-a855-181f7ac66a79,2026-05-27T16:20:15.021926
1ecd9d0f-e484-4331-9bf3-bfd6bc3ab242,BADUT GENDONG,cgv,,26016800,,,,2D,2026-05-27,a3e69eb4-305d-4e2b-a097-a95b3dc77191,2026-05-27T16:20:15.021961
1ecd9d0f-e484-4331-9bf3-bfd6bc3ab242,TUMBAL PROYEK,cgv,,26014300,,,,2D,2026-05-27,0108380e-c3ba-449b-bae1-4eb09e9ad7e0,2026-05-27T16:20:15.021994
1ecd9d0f-e484-4331-9bf3-bfd6bc3ab242,STAR WARS THE MANDALORIAN AND GROGU,cgv,,26021200,,,,2D,2026-05-27,a9ee314f-2af2-4e21-92a2-39bc2ad98760,2026-05-27T16:20:15.022033
1ecd9d0f-e484-4331-9bf3-bfd6bc3ab242,SUAMIKU LUKAKU,cgv,,26025400,,,,2D,2026-05-27,edcd4369-48f5-4da9-91e3-9d468909a9f8,2026-05-27T16:20:15.022065
1ecd9d0f-e484-4331-9bf3-bfd6bc3ab242,SEMUA AKAN BAIK BAIK SAJA,cgv,,26018100,,,,2D,2026-05-27,4def4d59-d9d7-404c-93d8-23657f9667a1,2026-05-27T16:20:15.022095
1ecd9d0f-e484-4331-9bf3-bfd6bc3ab242,PASSENGER,cgv,,26023100,,,,2D,2026-05-27,2bb850aa-eefb-4761-ab49-ca4e918072ec,2026-05-27T16:20:15.022124
1ecd9d0f-e484-4331-9bf3-bfd6bc3ab242,GUDANG MERICA,cgv,,26019400,,,,2D,2026-05-27,5b6b4abf-0824-46cb-a2f6-81f38ac10f30,2026-05-27T16:20:15.022153
1ecd9d0f-e484-4331-9bf3-bfd6bc3ab242,GHOST IN THE CELL,cgv,,26011800,,,,2D,2026-05-27,1b195faf-cc8f-4a47-9a00-d4741ad5acb2,2026-05-27T16:20:15.022183
1ecd9d0f-e484-4331-9bf3-bfd6bc3ab242,MORTAL KOMBAT II,cgv,,26018200,,,,2D,2026-05-27,6af92f8e-0752-400b-9059-451241c07819,2026-05-27T16:20:15.022212
1ecd9d0f-e484-4331-9bf3-bfd6bc3ab242,HOKUM,cgv,,26024600,,,,2D,2026-05-27,cf53dad6-c1c4-4092-bb9c-a9124d6bfdf4,2026-05-27T16:20:15.022240
1ecd9d0f-e484-4331-9bf3-bfd6bc3ab242,TIBA TIBA SETAN,cgv,,26007500,,,,2D,2026-05-27,2b28e20c-f8f6-4099-933b-477f106630be,2026-05-27T16:20:15.022269
1ecd9d0f-e484-4331-9bf3-bfd6bc3ab242,DILAN ITB 1997,cgv,,26016100,,,,2D,2026-05-27,ec60c85c-d779-44ca-8b5b-d215a60d8e6f,2026-05-27T16:20:15.022298
1ecd9d0f-e484-4331-9bf3-bfd6bc3ab242,YANG LAIN BOLEH HILANG ASAL KAU JANGAN,cgv,,26018300,,,,2D,2026-05-27,0746503b-b1e9-4fc9-a9c7-2ec1d8a305cb,2026-05-27T16:20:15.022328
1ecd9d0f-e484-4331-9bf3-bfd6bc3ab242,SALMOKJI WHISPERING WATER,cgv,,26019100,,,,2D,2026-05-27,0e988548-5128-4d9d-abee-d42ccce78711,2026-05-27T16:20:15.022357
1ecd9d0f-e484-4331-9bf3-bfd6bc3ab242,THE KINGS WARDEN,cgv,,26015000,,,,2D,2026-05-27,0f54e676-97dc-4337-bcb2-c31dbd99571f,2026-05-27T16:20:15.022385
1ecd9d0f-e484-4331-9bf3-bfd6bc3ab242,GOHAN,cgv,,26022500,,,,2D,2026-05-27,0a199c74-f292-49a9-be60-ddb91ab151b2,2026-05-27T16:20:15.022415
1ecd9d0f-e484-4331-9bf3-bfd6bc3ab242,THE SHEEP DETECTIVES,cgv,,26019500,,,,2D,2026-05-27,5dbeb0c6-e3a8-4e40-9061-214af11abe51,2026-05-27T16:20:15.022449
1ecd9d0f-e484-4331-9bf3-bfd6bc3ab242,AYAH INI ARAHNYA KEMANA YA,cgv,,26011000,,,,2D,2026-05-27,9396a53b-93c1-47ef-acc3-8e76101cfc3f,2026-05-27T16:20:15.022478
1ecd9d0f-e484-4331-9bf3-bfd6bc3ab242,STAR WARS THE MANDALORIAN AND GROGU 3D,cgv,,26025200,,,,2D,2026-05-27,29e17f5b-22c5-42e5-b989-723cacbd94fe,2026-05-27T16:20:15.022506
1ecd9d0f-e484-4331-9bf3-bfd6bc3ab242,THE DEVIL WEARS PRADA 2,cgv,,26019800,,,,2D,2026-05-27,6938ecc4-1148-44fa-80cb-1ab688ce6ce5,2026-05-27T16:20:15.022538
1ecd9d0f-e484-4331-9bf3-bfd6bc3ab242,NA WILLA,cgv,,26003200,,,,2D,2026-05-27,14f853e2-46e6-41a7-ae99-e43462ae15c8,2026-05-27T16:20:15.022567
1ecd9d0f-e484-4331-9bf3-bfd6bc3ab242,KELUARGA SUAMI ADALAH HAMA,cgv,,26017700,,,,2D,2026-05-27,dda24e2b-ba72-426f-85c4-ba6e80133deb,2026-05-27T16:20:15.022595
f86444c4-04eb-45f2-a255-f7f1c20ebc91,SEKAWAN LIMO 2 GUNUNG KLAWIH,cgv,,26023300,,,,2D,2026-05-27,7c125c0d-7b49-4bbf-b619-61689d0e0af9,2026-05-27T16:20:15.622305
f86444c4-04eb-45f2-a255-f7f1c20ebc91,CHILDREN OF HEAVEN,cgv,,26012100,,,,2D,2026-05-27,e2155009-f4f9-4fe2-b115-a9a3caec3141,2026-05-27T16:20:15.622340
f86444c4-04eb-45f2-a255-f7f1c20ebc91,BADUT GENDONG,cgv,,26016800,,,,2D,2026-05-27,d0cda94d-c0de-4366-bd90-7f8667cf432f,2026-05-27T16:20:15.622365
f86444c4-04eb-45f2-a255-f7f1c20ebc91,TUMBAL PROYEK,cgv,,26014300,,,,2D,2026-05-27,ed4f4290-d212-4ebb-a016-9b3499ac6b3d,2026-05-27T16:20:15.622388
f86444c4-04eb-45f2-a255-f7f1c20ebc91,STAR WARS THE MANDALORIAN AND GROGU,cgv,,26021200,,,,2D,2026-05-27,9b53bb18-4d3f-41e2-9000-060dbc7b112a,2026-05-27T16:20:15.622413
f86444c4-04eb-45f2-a255-f7f1c20ebc91,SUAMIKU LUKAKU,cgv,,26025400,,,,2D,2026-05-27,4406064c-a897-49e9-b349-5a9406b23373,2026-05-27T16:20:15.622435
f86444c4-04eb-45f2-a255-f7f1c20ebc91,SEMUA AKAN BAIK BAIK SAJA,cgv,,26018100,,,,2D,2026-05-27,b4bdea5c-d475-4b03-b568-3009846ebc5a,2026-05-27T16:20:15.622461
f86444c4-04eb-45f2-a255-f7f1c20ebc91,PASSENGER,cgv,,26023100,,,,2D,2026-05-27,131065eb-8c63-4b5d-9d4e-27da5cb48145,2026-05-27T16:20:15.622482
f86444c4-04eb-45f2-a255-f7f1c20ebc91,GUDANG MERICA,cgv,,26019400,,,,2D,2026-05-27,1f2d7feb-7a32-4b8f-b430-046f87f2107d,2026-05-27T16:20:15.622503
f86444c4-04eb-45f2-a255-f7f1c20ebc91,GHOST IN THE CELL,cgv,,26011800,,,,2D,2026-05-27,24c7d661-5b7d-4c3f-9c0c-fc9873a00012,2026-05-27T16:20:15.622523
f86444c4-04eb-45f2-a255-f7f1c20ebc91,MORTAL KOMBAT II,cgv,,26018200,,,,2D,2026-05-27,0dd34454-b6bd-423f-94f0-5c50ae5dc3fa,2026-05-27T16:20:15.622548
f86444c4-04eb-45f2-a255-f7f1c20ebc91,HOKUM,cgv,,26024600,,,,2D,2026-05-27,fd31c800-4276-4812-825a-d27e67badbf2,2026-05-27T16:20:15.622569
f86444c4-04eb-45f2-a255-f7f1c20ebc91,TIBA TIBA SETAN,cgv,,26007500,,,,2D,2026-05-27,99c18502-7c0b-4d42-87a4-5db748405e20,2026-05-27T16:20:15.622590
f86444c4-04eb-45f2-a255-f7f1c20ebc91,DILAN ITB 1997,cgv,,26016100,,,,2D,2026-05-27,471a022b-2524-4aff-a15a-10fae2d157df,2026-05-27T16:20:15.622615
f86444c4-04eb-45f2-a255-f7f1c20ebc91,YANG LAIN BOLEH HILANG ASAL KAU JANGAN,cgv,,26018300,,,,2D,2026-05-27,a501a1d6-41b3-4377-b1bd-221090c94e8d,2026-05-27T16:20:15.622635
f86444c4-04eb-45f2-a255-f7f1c20ebc91,SALMOKJI WHISPERING WATER,cgv,,26019100,,,,2D,2026-05-27,256051b3-3352-4eae-ab19-d0a5460a94f3,2026-05-27T16:20:15.622659
f86444c4-04eb-45f2-a255-f7f1c20ebc91,THE KINGS WARDEN,cgv,,26015000,,,,2D,2026-05-27,ce3f2388-a030-47a6-89db-b92b67f0f85c,2026-05-27T16:20:15.622680
f86444c4-04eb-45f2-a255-f7f1c20ebc91,GOHAN,cgv,,26022500,,,,2D,2026-05-27,f727ca36-bce9-492e-81e5-84c4194c979a,2026-05-27T16:20:15.622701
f86444c4-04eb-45f2-a255-f7f1c20ebc91,THE SHEEP DETECTIVES,cgv,,26019500,,,,2D,2026-05-27,1c707aff-222b-40b5-be74-20c76a5827b1,2026-05-27T16:20:15.622723
f86444c4-04eb-45f2-a255-f7f1c20ebc91,AYAH INI ARAHNYA KEMANA YA,cgv,,26011000,,,,2D,2026-05-27,4ebd7b34-8aa1-445e-a09f-9e138c9c9758,2026-05-27T16:20:15.622744
f86444c4-04eb-45f2-a255-f7f1c20ebc91,STAR WARS THE MANDALORIAN AND GROGU 3D,cgv,,26025200,,,,2D,2026-05-27,788269b5-97dc-49f0-9630-2e475b286519,2026-05-27T16:20:15.622764
f86444c4-04eb-45f2-a255-f7f1c20ebc91,THE DEVIL WEARS PRADA 2,cgv,,26019800,,,,2D,2026-05-27,040f5703-cce3-482e-9618-78bb895d3ff3,2026-05-27T16:20:15.622785
f86444c4-04eb-45f2-a255-f7f1c20ebc91,NA WILLA,cgv,,26003200,,,,2D,2026-05-27,7aa702d0-a79b-463b-be34-ae9b664e07c5,2026-05-27T16:20:15.622805
f86444c4-04eb-45f2-a255-f7f1c20ebc91,KELUARGA SUAMI ADALAH HAMA,cgv,,26017700,,,,2D,2026-05-27,9f4506ca-6d58-423f-8c2c-a9a6194b39dc,2026-05-27T16:20:15.622825
434956bb-6813-4b03-a6a0-eba497673fd6,SEKAWAN LIMO 2 GUNUNG KLAWIH,cgv,,26023300,,,,2D,2026-05-27,7a45504c-5bcd-49a3-8bbb-76728c79203c,2026-05-27T16:20:15.730421
434956bb-6813-4b03-a6a0-eba497673fd6,CHILDREN OF HEAVEN,cgv,,26012100,,,,2D,2026-05-27,93ff1cc1-c32b-4cc2-b2ba-c97447441aa4,2026-05-27T16:20:15.730490
434956bb-6813-4b03-a6a0-eba497673fd6,BADUT GENDONG,cgv,,26016800,,,,2D,2026-05-27,b5be28fd-e9ec-4e52-a79e-1f014fa0b15e,2026-05-27T16:20:15.730538
434956bb-6813-4b03-a6a0-eba497673fd6,TUMBAL PROYEK,cgv,,26014300,,,,2D,2026-05-27,f4050c1c-f129-455b-bb43-fa5499fa5c0b,2026-05-27T16:20:15.730581
434956bb-6813-4b03-a6a0-eba497673fd6,STAR WARS THE MANDALORIAN AND GROGU,cgv,,26021200,,,,2D,2026-05-27,cd14a550-d44b-42c3-9311-94d7073a0a44,2026-05-27T16:20:15.730617
434956bb-6813-4b03-a6a0-eba497673fd6,SUAMIKU LUKAKU,cgv,,26025400,,,,2D,2026-05-27,166ec240-3de3-4731-b22b-c616151b7ffe,2026-05-27T16:20:15.730648
434956bb-6813-4b03-a6a0-eba497673fd6,SEMUA AKAN BAIK BAIK SAJA,cgv,,26018100,,,,2D,2026-05-27,575b3e85-793d-4f12-835d-78ea27c64ddf,2026-05-27T16:20:15.730679
434956bb-6813-4b03-a6a0-eba497673fd6,PASSENGER,cgv,,26023100,,,,2D,2026-05-27,a08651d6-5b37-4d02-af73-353c77b39c6b,2026-05-27T16:20:15.730712
434956bb-6813-4b03-a6a0-eba497673fd6,GUDANG MERICA,cgv,,26019400,,,,2D,2026-05-27,a7df0966-6a82-4e46-9528-8d2326a83181,2026-05-27T16:20:15.730741
434956bb-6813-4b03-a6a0-eba497673fd6,GHOST IN THE CELL,cgv,,26011800,,,,2D,2026-05-27,b15efec3-7d65-46dc-add2-e8f76773ce8a,2026-05-27T16:20:15.730772
434956bb-6813-4b03-a6a0-eba497673fd6,MORTAL KOMBAT II,cgv,,26018200,,,,2D,2026-05-27,ee84aa17-eaee-4766-950b-54567c117df6,2026-05-27T16:20:15.730803
434956bb-6813-4b03-a6a0-eba497673fd6,HOKUM,cgv,,26024600,,,,2D,2026-05-27,9ab2d207-9626-4a88-9418-d037f9e4695f,2026-05-27T16:20:15.730833
434956bb-6813-4b03-a6a0-eba497673fd6,TIBA TIBA SETAN,cgv,,26007500,,,,2D,2026-05-27,6430a982-f314-47d0-bc64-cd153f7dfa74,2026-05-27T16:20:15.730864
434956bb-6813-4b03-a6a0-eba497673fd6,DILAN ITB 1997,cgv,,26016100,,,,2D,2026-05-27,44fad6b5-6975-45c1-82c7-acb1b9ceeeb9,2026-05-27T16:20:15.730895
434956bb-6813-4b03-a6a0-eba497673fd6,YANG LAIN BOLEH HILANG ASAL KAU JANGAN,cgv,,26018300,,,,2D,2026-05-27,3b2bd087-f591-4790-9294-0a8ea47bc480,2026-05-27T16:20:15.730925
434956bb-6813-4b03-a6a0-eba497673fd6,SALMOKJI WHISPERING WATER,cgv,,26019100,,,,2D,2026-05-27,36ac791d-27db-4dd7-b741-793194f81400,2026-05-27T16:20:15.730954
434956bb-6813-4b03-a6a0-eba497673fd6,THE KINGS WARDEN,cgv,,26015000,,,,2D,2026-05-27,29b6f6f4-72c0-499c-809b-5a9703c8328d,2026-05-27T16:20:15.730984
434956bb-6813-4b03-a6a0-eba497673fd6,GOHAN,cgv,,26022500,,,,2D,2026-05-27,a34d54d2-bb5b-47f4-8078-d35ae208f460,2026-05-27T16:20:15.731013
434956bb-6813-4b03-a6a0-eba497673fd6,THE SHEEP DETECTIVES,cgv,,26019500,,,,2D,2026-05-27,444a38fc-e9bf-4b85-aec7-20f1ab8bd544,2026-05-27T16:20:15.731044
434956bb-6813-4b03-a6a0-eba497673fd6,AYAH INI ARAHNYA KEMANA YA,cgv,,26011000,,,,2D,2026-05-27,3dd63509-91f2-4cc7-9957-300080f7084c,2026-05-27T16:20:15.731072
434956bb-6813-4b03-a6a0-eba497673fd6,STAR WARS THE MANDALORIAN AND GROGU 3D,cgv,,26025200,,,,2D,2026-05-27,cda0e749-b97c-4294-b58c-ba01b130bee3,2026-05-27T16:20:15.731101
434956bb-6813-4b03-a6a0-eba497673fd6,THE DEVIL WEARS PRADA 2,cgv,,26019800,,,,2D,2026-05-27,b7686f7b-6f89-4602-9562-476da4868730,2026-05-27T16:20:15.731129
434956bb-6813-4b03-a6a0-eba497673fd6,NA WILLA,cgv,,26003200,,,,2D,2026-05-27,d6dc8356-c455-4e06-a2d4-10a92df884a3,2026-05-27T16:20:15.731157
434956bb-6813-4b03-a6a0-eba497673fd6,KELUARGA SUAMI ADALAH HAMA,cgv,,26017700,,,,2D,2026-05-27,a148e286-32fe-48b3-a961-098a1147dc48,2026-05-27T16:20:15.731185
