cinema_id,title,source,movie_id,movie_code,genre,duration,age_rating,format,show_date,id,created_at
2520683f-46ee-41f7-ae63-845a8009866a,TUMBAL PROYEK,cgv,,26014300,,,,2D,2026-05-26,e777c8d3-b791-48e8-9b50-6d1873c91621,2026-05-26T16:28:25.965663
2520683f-46ee-41f7-ae63-845a8009866a,GUDANG MERICA,cgv,,26019400,,,,2D,2026-05-26,a681aaf8-0298-46c8-a2f6-41bf4d5298ee,2026-05-26T16:28:25.965684
2520683f-46ee-41f7-ae63-845a8009866a,STAR WARS THE MANDALORIAN AND GROGU,cgv,,26021200,,,,2D,2026-05-26,fb4838a7-b293-4076-ae13-bf0749b3fbaf,2026-05-26T16:28:25.965699
2520683f-46ee-41f7-ae63-845a8009866a,SEMUA AKAN BAIK BAIK SAJA,cgv,,26018100,,,,2D,2026-05-26,a7b29c0e-035d-4b8d-9de5-024a4f22cf66,2026-05-26T16:28:25.965713
2520683f-46ee-41f7-ae63-845a8009866a,GHOST IN THE CELL,cgv,,26011800,,,,2D,2026-05-26,e33abef3-5878-4942-802b-799ef39f1ee8,2026-05-26T16:28:25.965726
2520683f-46ee-41f7-ae63-845a8009866a,TEMAN TEGAR MAIRA,cgv,,26005400,,,,2D,2026-05-26,c83c9cbc-498c-4a82-90ee-34791bde71bd,2026-05-26T16:28:25.965738
2520683f-46ee-41f7-ae63-845a8009866a,TIBA TIBA SETAN,cgv,,26007500,,,,2D,2026-05-26,35717a47-5410-4fcd-a9dd-0d4c096de17c,2026-05-26T16:28:25.965751
2520683f-46ee-41f7-ae63-845a8009866a,HOKUM,cgv,,26024600,,,,2D,2026-05-26,1ac00738-f16d-46bb-87ad-9269d5df33c1,2026-05-26T16:28:25.965763
2520683f-46ee-41f7-ae63-845a8009866a,MORTAL KOMBAT II,cgv,,26018200,,,,2D,2026-05-26,75a5c1a9-36a8-450c-b17f-8ea5dd41fb9e,2026-05-26T16:28:25.965775
2520683f-46ee-41f7-ae63-845a8009866a,GOHAN,cgv,,26022500,,,,2D,2026-05-26,5d30dcb4-827d-4b38-8522-45a0ed15099d,2026-05-26T16:28:25.965787
2520683f-46ee-41f7-ae63-845a8009866a,AYAH INI ARAHNYA KEMANA YA,cgv,,26011000,,,,2D,2026-05-26,11bbcef9-fcb8-4238-9236-baca5d09b2af,2026-05-26T16:28:25.965799
2520683f-46ee-41f7-ae63-845a8009866a,YANG LAIN BOLEH HILANG ASAL KAU JANGAN,cgv,,26018300,,,,2D,2026-05-26,b8378a08-0614-49cd-ad49-8e0e7436b159,2026-05-26T16:28:25.965812
2520683f-46ee-41f7-ae63-845a8009866a,KELUARGA SUAMI ADALAH HAMA,cgv,,26017700,,,,2D,2026-05-26,0d236eda-bfd9-4a09-88d5-c4f44b94e479,2026-05-26T16:28:25.965824
2520683f-46ee-41f7-ae63-845a8009866a,THE SHEEP DETECTIVES,cgv,,26019500,,,,2D,2026-05-26,7b8dac5d-11e9-4b96-aef2-5468b93706b6,2026-05-26T16:28:25.965836
2520683f-46ee-41f7-ae63-845a8009866a,SEKAWAN LIMO RE RELEASE,cgv,,26024900,,,,2D,2026-05-26,c6d3b67b-6a41-4ca7-94e7-f95c2a0374e9,2026-05-26T16:28:25.965848
2520683f-46ee-41f7-ae63-845a8009866a,MONSTER,cgv,,23042200,,,,2D,2026-05-26,b9020df5-5c05-4cb7-8c61-6c36e2c75537,2026-05-26T16:28:25.965861
2520683f-46ee-41f7-ae63-845a8009866a,SALMOKJI WHISPERING WATER,cgv,,26019100,,,,2D,2026-05-26,5c58308b-accd-444e-aa36-c319240b01a8,2026-05-26T16:28:25.965876
2520683f-46ee-41f7-ae63-845a8009866a,THE DEVIL WEARS PRADA 2,cgv,,26019800,,,,2D,2026-05-26,26e22c95-370a-4815-b7e3-45fcbfa1e6af,2026-05-26T16:28:25.965889
2520683f-46ee-41f7-ae63-845a8009866a,STAR WARS THE MANDALORIAN AND GROGU 3D,cgv,,26025200,,,,2D,2026-05-26,849537e7-6675-44ef-9442-e4a0ac00a047,2026-05-26T16:28:25.965902
2520683f-46ee-41f7-ae63-845a8009866a,MOBILE SUIT GUNDAM HATHAWAY,cgv,,26021100,,,,2D,2026-05-26,f56a9c55-c7d9-4774-9db8-bdfade58efa4,2026-05-26T16:28:25.965914
2520683f-46ee-41f7-ae63-845a8009866a,METHOD ACTING,cgv,,26023400,,,,2D,2026-05-26,96d24f1b-9109-40f3-ae01-aed9fb581c80,2026-05-26T16:28:25.965926
2520683f-46ee-41f7-ae63-845a8009866a,CHAND MERA DIL,cgv,,26026000,,,,2D,2026-05-26,04a99f78-7034-4e2d-be96-a43d5af18eb4,2026-05-26T16:28:25.965938
2520683f-46ee-41f7-ae63-845a8009866a,THAT TIME I GOT REINCARNATED AS A SLIME THE MOVIE TEARS OF THE AZURE SEA,cgv,,26017900,,,,2D,2026-05-26,b922c062-b037-42da-ae88-4e26dba147c7,2026-05-26T16:28:25.965951
2520683f-46ee-41f7-ae63-845a8009866a,THE KINGS WARDEN,cgv,,26015000,,,,2D,2026-05-26,5fe5e0b7-4b45-4927-a1de-c4e48a79e260,2026-05-26T16:28:25.965963
2520683f-46ee-41f7-ae63-845a8009866a,KAMU HARUS MATI,cgv,,26023800,,,,2D,2026-05-26,044b16ec-96e1-4cae-89fc-8b8197ee703b,2026-05-26T16:28:25.965975
2520683f-46ee-41f7-ae63-845a8009866a,SUNSHINE WOMENS CHOIR,cgv,,26024400,,,,2D,2026-05-26,c12bb2b7-802c-4096-bc2a-e86577a892cc,2026-05-26T16:28:25.965987
2520683f-46ee-41f7-ae63-845a8009866a,NA WILLA,cgv,,26003200,,,,2D,2026-05-26,4065055e-ab7e-4e6f-afcd-6c7df7b001a6,2026-05-26T16:28:25.965999
2520683f-46ee-41f7-ae63-845a8009866a,DILAN ITB 1997,cgv,,26016100,,,,2D,2026-05-26,c5695d89-c4e9-4df9-828e-9d367609bbdc,2026-05-26T16:28:25.966011
2520683f-46ee-41f7-ae63-845a8009866a,PEGASUS 3,cgv,,26025100,,,,2D,2026-05-26,8c5f2897-8162-4c1e-b2b5-46ad7e9e12b9,2026-05-26T16:28:25.966022
21ea09f7-8229-49e8-a1ba-010d5a2d00e6,TUMBAL PROYEK,cgv,,26014300,,,,2D,2026-05-26,4678dc72-f67e-4ce3-b19c-ed354c3c63f7,2026-05-26T16:28:26.476879
21ea09f7-8229-49e8-a1ba-010d5a2d00e6,GUDANG MERICA,cgv,,26019400,,,,2D,2026-05-26,a8085305-0f43-4c3d-aa05-6d77cd7dc87e,2026-05-26T16:28:26.476923
21ea09f7-8229-49e8-a1ba-010d5a2d00e6,STAR WARS THE MANDALORIAN AND GROGU,cgv,,26021200,,,,2D,2026-05-26,779df778-2bd8-4719-897d-02ef3026ca9d,2026-05-26T16:28:26.476959
21ea09f7-8229-49e8-a1ba-010d5a2d00e6,SEMUA AKAN BAIK BAIK SAJA,cgv,,26018100,,,,2D,2026-05-26,48e7df64-1dfd-4d1f-81a0-4205b1d21fce,2026-05-26T16:28:26.476994
21ea09f7-8229-49e8-a1ba-010d5a2d00e6,GHOST IN THE CELL,cgv,,26011800,,,,2D,2026-05-26,b6db8a25-a51a-4bf8-ab6d-9287a83066e0,2026-05-26T16:28:26.477029
21ea09f7-8229-49e8-a1ba-010d5a2d00e6,TEMAN TEGAR MAIRA,cgv,,26005400,,,,2D,2026-05-26,00e3a82c-cd2a-4f69-ad28-b4eb04e1e013,2026-05-26T16:28:26.477064
21ea09f7-8229-49e8-a1ba-010d5a2d00e6,TIBA TIBA SETAN,cgv,,26007500,,,,2D,2026-05-26,593eda57-5c01-49bf-bfc3-aeca6f817e3f,2026-05-26T16:28:26.477247
21ea09f7-8229-49e8-a1ba-010d5a2d00e6,HOKUM,cgv,,26024600,,,,2D,2026-05-26,f87effa9-0133-45cf-aea3-593f87a41d30,2026-05-26T16:28:26.477294
21ea09f7-8229-49e8-a1ba-010d5a2d00e6,MORTAL KOMBAT II,cgv,,26018200,,,,2D,2026-05-26,f9d30b7f-79bd-422e-828a-d9337cabe2e0,2026-05-26T16:28:26.477321
21ea09f7-8229-49e8-a1ba-010d5a2d00e6,GOHAN,cgv,,26022500,,,,2D,2026-05-26,043c938d-e450-45c5-a8cd-a92d68709c9f,2026-05-26T16:28:26.477337
21ea09f7-8229-49e8-a1ba-010d5a2d00e6,AYAH INI ARAHNYA KEMANA YA,cgv,,26011000,,,,2D,2026-05-26,83270b87-e4e7-4061-82ad-bd9846a03957,2026-05-26T16:28:26.477350
21ea09f7-8229-49e8-a1ba-010d5a2d00e6,YANG LAIN BOLEH HILANG ASAL KAU JANGAN,cgv,,26018300,,,,2D,2026-05-26,530b02e3-354c-4589-8e17-6e33e430124e,2026-05-26T16:28:26.477361
21ea09f7-8229-49e8-a1ba-010d5a2d00e6,KELUARGA SUAMI ADALAH HAMA,cgv,,26017700,,,,2D,2026-05-26,178925b6-d813-4b58-b4a3-b6af619aeded,2026-05-26T16:28:26.477372
21ea09f7-8229-49e8-a1ba-010d5a2d00e6,THE SHEEP DETECTIVES,cgv,,26019500,,,,2D,2026-05-26,912824aa-52c6-44cc-9324-7b3ec4ecf332,2026-05-26T16:28:26.477400
21ea09f7-8229-49e8-a1ba-010d5a2d00e6,SEKAWAN LIMO RE RELEASE,cgv,,26024900,,,,2D,2026-05-26,d897d73e-78d8-4b39-979b-64312da9b36a,2026-05-26T16:28:26.477470
21ea09f7-8229-49e8-a1ba-010d5a2d00e6,MONSTER,cgv,,23042200,,,,2D,2026-05-26,33acfd72-42b9-4320-9aa3-7cd7a65df652,2026-05-26T16:28:26.477535
21ea09f7-8229-49e8-a1ba-010d5a2d00e6,SALMOKJI WHISPERING WATER,cgv,,26019100,,,,2D,2026-05-26,2ce046a6-b7f8-42e6-ade5-b2c11a5c6913,2026-05-26T16:28:26.477581
21ea09f7-8229-49e8-a1ba-010d5a2d00e6,THE DEVIL WEARS PRADA 2,cgv,,26019800,,,,2D,2026-05-26,f226eb64-3b0f-4ea5-97ad-26056ebfa534,2026-05-26T16:28:26.477617
21ea09f7-8229-49e8-a1ba-010d5a2d00e6,STAR WARS THE MANDALORIAN AND GROGU 3D,cgv,,26025200,,,,2D,2026-05-26,0e51a653-d141-4cbe-a290-a33ba49c961c,2026-05-26T16:28:26.477654
21ea09f7-8229-49e8-a1ba-010d5a2d00e6,MOBILE SUIT GUNDAM HATHAWAY,cgv,,26021100,,,,2D,2026-05-26,a3edd214-d52c-4e63-8453-b01ee209be5d,2026-05-26T16:28:26.477688
21ea09f7-8229-49e8-a1ba-010d5a2d00e6,METHOD ACTING,cgv,,26023400,,,,2D,2026-05-26,fc3b2057-eafc-454f-91b5-1a0d0e11bf8f,2026-05-26T16:28:26.477721
21ea09f7-8229-49e8-a1ba-010d5a2d00e6,CHAND MERA DIL,cgv,,26026000,,,,2D,2026-05-26,3fd11c49-ee74-46b8-8267-b7a7ba3277b2,2026-05-26T16:28:26.477755
21ea09f7-8229-49e8-a1ba-010d5a2d00e6,THAT TIME I GOT REINCARNATED AS A SLIME THE MOVIE TEARS OF THE AZURE SEA,cgv,,26017900,,,,2D,2026-05-26,2dffdb71-0d3d-42b4-8ab3-524389d8c1b9,2026-05-26T16:28:26.477788
21ea09f7-8229-49e8-a1ba-010d5a2d00e6,THE KINGS WARDEN,cgv,,26015000,,,,2D,2026-05-26,a9fe8a1f-fb39-4045-87a5-3c5c33857944,2026-05-26T16:28:26.477838
21ea09f7-8229-49e8-a1ba-010d5a2d00e6,KAMU HARUS MATI,cgv,,26023800,,,,2D,2026-05-26,74e377f9-82bc-4ec8-b313-7ace2cd9e0a1,2026-05-26T16:28:26.477865
21ea09f7-8229-49e8-a1ba-010d5a2d00e6,SUNSHINE WOMENS CHOIR,cgv,,26024400,,,,2D,2026-05-26,14acc8be-05f3-43aa-9658-45fb0543b5fd,2026-05-26T16:28:26.477880
21ea09f7-8229-49e8-a1ba-010d5a2d00e6,NA WILLA,cgv,,26003200,,,,2D,2026-05-26,3b539705-1790-4876-9597-f07b2107c1f5,2026-05-26T16:28:26.477893
21ea09f7-8229-49e8-a1ba-010d5a2d00e6,DILAN ITB 1997,cgv,,26016100,,,,2D,2026-05-26,6effb1d7-e2b0-4988-9c43-45b0e0b7f6e1,2026-05-26T16:28:26.477905
21ea09f7-8229-49e8-a1ba-010d5a2d00e6,PEGASUS 3,cgv,,26025100,,,,2D,2026-05-26,82d48449-e825-412d-bd5b-139c95815550,2026-05-26T16:28:26.477916
45bd2bf6-fff6-40aa-a67a-7fa11921e6e2,TUMBAL PROYEK,cgv,,26014300,,,,2D,2026-05-26,90bc0c7c-3efd-4fc4-8830-c15cc7adf718,2026-05-26T16:28:26.379000
45bd2bf6-fff6-40aa-a67a-7fa11921e6e2,GUDANG MERICA,cgv,,26019400,,,,2D,2026-05-26,e99f75b9-2c7d-4311-ba5c-00268d56b8b8,2026-05-26T16:28:26.379023
45bd2bf6-fff6-40aa-a67a-7fa11921e6e2,STAR WARS THE MANDALORIAN AND GROGU,cgv,,26021200,,,,2D,2026-05-26,153542d9-236b-4da7-93f7-9adfe4ed545e,2026-05-26T16:28:26.379041
45bd2bf6-fff6-40aa-a67a-7fa11921e6e2,SEMUA AKAN BAIK BAIK SAJA,cgv,,26018100,,,,2D,2026-05-26,faf1756d-794a-44d8-9e1a-0fdf51603068,2026-05-26T16:28:26.379056
45bd2bf6-fff6-40aa-a67a-7fa11921e6e2,GHOST IN THE CELL,cgv,,26011800,,,,2D,2026-05-26,5672039f-f19c-4c0f-be6c-aab4731670eb,2026-05-26T16:28:26.379072
45bd2bf6-fff6-40aa-a67a-7fa11921e6e2,TEMAN TEGAR MAIRA,cgv,,26005400,,,,2D,2026-05-26,df7470ec-81e5-4869-af56-2cd85b688d97,2026-05-26T16:28:26.379086
45bd2bf6-fff6-40aa-a67a-7fa11921e6e2,TIBA TIBA SETAN,cgv,,26007500,,,,2D,2026-05-26,2dbac6ed-f596-4213-b1cf-8ce437b69188,2026-05-26T16:28:26.379101
45bd2bf6-fff6-40aa-a67a-7fa11921e6e2,HOKUM,cgv,,26024600,,,,2D,2026-05-26,f806417c-30b1-40d8-9667-e6d6b97c25c3,2026-05-26T16:28:26.379116
45bd2bf6-fff6-40aa-a67a-7fa11921e6e2,MORTAL KOMBAT II,cgv,,26018200,,,,2D,2026-05-26,5e48b13b-3579-483c-9eee-5176b4998b1f,2026-05-26T16:28:26.379130
45bd2bf6-fff6-40aa-a67a-7fa11921e6e2,GOHAN,cgv,,26022500,,,,2D,2026-05-26,fed9c222-a0e4-46a3-ab36-625f9a7d9198,2026-05-26T16:28:26.379149
45bd2bf6-fff6-40aa-a67a-7fa11921e6e2,AYAH INI ARAHNYA KEMANA YA,cgv,,26011000,,,,2D,2026-05-26,79b60f20-5a61-4856-9a3a-b5cfb347b1f2,2026-05-26T16:28:26.379165
45bd2bf6-fff6-40aa-a67a-7fa11921e6e2,YANG LAIN BOLEH HILANG ASAL KAU JANGAN,cgv,,26018300,,,,2D,2026-05-26,d46374a4-070f-43d3-bc02-73fb33d776ae,2026-05-26T16:28:26.379180
45bd2bf6-fff6-40aa-a67a-7fa11921e6e2,KELUARGA SUAMI ADALAH HAMA,cgv,,26017700,,,,2D,2026-05-26,81a92be2-3476-4c8a-888c-9acda8784382,2026-05-26T16:28:26.379194
45bd2bf6-fff6-40aa-a67a-7fa11921e6e2,THE SHEEP DETECTIVES,cgv,,26019500,,,,2D,2026-05-26,ba001c11-87a3-4725-8f30-35fa1b00d5c6,2026-05-26T16:28:26.379209
45bd2bf6-fff6-40aa-a67a-7fa11921e6e2,SEKAWAN LIMO RE RELEASE,cgv,,26024900,,,,2D,2026-05-26,27e477b5-3026-49cc-a7ba-4f88a412a430,2026-05-26T16:28:26.379224
45bd2bf6-fff6-40aa-a67a-7fa11921e6e2,MONSTER,cgv,,23042200,,,,2D,2026-05-26,20ce6ec9-9a13-43aa-8889-5e4723c42efc,2026-05-26T16:28:26.379238
45bd2bf6-fff6-40aa-a67a-7fa11921e6e2,SALMOKJI WHISPERING WATER,cgv,,26019100,,,,2D,2026-05-26,e8df5973-6de5-4aff-baa5-a5ffa55588b5,2026-05-26T16:28:26.379252
45bd2bf6-fff6-40aa-a67a-7fa11921e6e2,THE DEVIL WEARS PRADA 2,cgv,,26019800,,,,2D,2026-05-26,eaecb46f-67ec-4fb5-8d4f-effb61db1b88,2026-05-26T16:28:26.379265
45bd2bf6-fff6-40aa-a67a-7fa11921e6e2,STAR WARS THE MANDALORIAN AND GROGU 3D,cgv,,26025200,,,,2D,2026-05-26,f4f1d056-dc5c-49fc-989c-f9cb3a67122b,2026-05-26T16:28:26.379280
45bd2bf6-fff6-40aa-a67a-7fa11921e6e2,MOBILE SUIT GUNDAM HATHAWAY,cgv,,26021100,,,,2D,2026-05-26,e290ce12-9483-4c6f-b341-0dd9af8b31f3,2026-05-26T16:28:26.379294
45bd2bf6-fff6-40aa-a67a-7fa11921e6e2,METHOD ACTING,cgv,,26023400,,,,2D,2026-05-26,1dd0b584-244c-48e6-abea-b2a68dfc5f8d,2026-05-26T16:28:26.379308
45bd2bf6-fff6-40aa-a67a-7fa11921e6e2,CHAND MERA DIL,cgv,,26026000,,,,2D,2026-05-26,bdf75c17-2331-45cc-aa39-bfd926ec0ee7,2026-05-26T16:28:26.379322
45bd2bf6-fff6-40aa-a67a-7fa11921e6e2,THAT TIME I GOT REINCARNATED AS A SLIME THE MOVIE TEARS OF THE AZURE SEA,cgv,,26017900,,,,2D,2026-05-26,a06c4abe-460a-46fb-9c8d-a7b5363d2e24,2026-05-26T16:28:26.379336
45bd2bf6-fff6-40aa-a67a-7fa11921e6e2,THE KINGS WARDEN,cgv,,26015000,,,,2D,2026-05-26,cd26ece3-b280-4005-95a9-edbb09f294aa,2026-05-26T16:28:26.379350
45bd2bf6-fff6-40aa-a67a-7fa11921e6e2,KAMU HARUS MATI,cgv,,26023800,,,,2D,2026-05-26,0ef1a0e6-bf5b-4126-a4c0-353ea5a3adb2,2026-05-26T16:28:26.379368
45bd2bf6-fff6-40aa-a67a-7fa11921e6e2,SUNSHINE WOMENS CHOIR,cgv,,26024400,,,,2D,2026-05-26,f6f4139c-1e02-482a-8f4e-ed73e70f8126,2026-05-26T16:28:26.379381
45bd2bf6-fff6-40aa-a67a-7fa11921e6e2,NA WILLA,cgv,,26003200,,,,2D,2026-05-26,3485dbf6-44f4-44ac-99fa-14f7bf6e8273,2026-05-26T16:28:26.379395
45bd2bf6-fff6-40aa-a67a-7fa11921e6e2,DILAN ITB 1997,cgv,,26016100,,,,2D,2026-05-26,a3fa4e73-0415-4376-b26d-312850e73d01,2026-05-26T16:28:26.379409
45bd2bf6-fff6-40aa-a67a-7fa11921e6e2,PEGASUS 3,cgv,,26025100,,,,2D,2026-05-26,75a0eb6e-f033-4bdc-88ab-137cd00305e4,2026-05-26T16:28:26.379422
bf2c9f43-017f-46e4-aa25-219bdc79f815,TUMBAL PROYEK,cgv,,26014300,,,,2D,2026-05-26,db6c7904-51b6-4b7b-8d21-f740a11c9e8e,2026-05-26T16:28:26.403411
bf2c9f43-017f-46e4-aa25-219bdc79f815,GUDANG MERICA,cgv,,26019400,,,,2D,2026-05-26,1e1d5e2e-b1dd-4ccb-b9e2-ac98c61f35d9,2026-05-26T16:28:26.403431
bf2c9f43-017f-46e4-aa25-219bdc79f815,STAR WARS THE MANDALORIAN AND GROGU,cgv,,26021200,,,,2D,2026-05-26,77c46eb7-c298-4f93-8be7-745f96ddb792,2026-05-26T16:28:26.403448
bf2c9f43-017f-46e4-aa25-219bdc79f815,SEMUA AKAN BAIK BAIK SAJA,cgv,,26018100,,,,2D,2026-05-26,390c7f2a-383b-4e12-b66d-d62c78860763,2026-05-26T16:28:26.403462
bf2c9f43-017f-46e4-aa25-219bdc79f815,GHOST IN THE CELL,cgv,,26011800,,,,2D,2026-05-26,4d35f4f3-9ba2-4466-a367-9fff107cbf23,2026-05-26T16:28:26.403477
bf2c9f43-017f-46e4-aa25-219bdc79f815,TEMAN TEGAR MAIRA,cgv,,26005400,,,,2D,2026-05-26,04dde450-71ba-45ae-9d18-621ba53b2a21,2026-05-26T16:28:26.403492
bf2c9f43-017f-46e4-aa25-219bdc79f815,TIBA TIBA SETAN,cgv,,26007500,,,,2D,2026-05-26,d8bbdf7e-275e-49d1-b7f8-10f612120483,2026-05-26T16:28:26.403506
bf2c9f43-017f-46e4-aa25-219bdc79f815,HOKUM,cgv,,26024600,,,,2D,2026-05-26,42e0da73-272b-47ef-a734-3f20f8fdf0fe,2026-05-26T16:28:26.403520
bf2c9f43-017f-46e4-aa25-219bdc79f815,MORTAL KOMBAT II,cgv,,26018200,,,,2D,2026-05-26,0cabfb38-34c9-4a8e-83e1-cc95d766d98e,2026-05-26T16:28:26.403535
bf2c9f43-017f-46e4-aa25-219bdc79f815,GOHAN,cgv,,26022500,,,,2D,2026-05-26,4c0a315b-9713-4aac-8684-5c7365c77fc5,2026-05-26T16:28:26.403548
bf2c9f43-017f-46e4-aa25-219bdc79f815,AYAH INI ARAHNYA KEMANA YA,cgv,,26011000,,,,2D,2026-05-26,7155b6e5-abf5-4052-b6c8-c6099d12f87f,2026-05-26T16:28:26.403562
bf2c9f43-017f-46e4-aa25-219bdc79f815,YANG LAIN BOLEH HILANG ASAL KAU JANGAN,cgv,,26018300,,,,2D,2026-05-26,784741a6-5664-44d8-b0ae-8ad3df656a26,2026-05-26T16:28:26.403576
bf2c9f43-017f-46e4-aa25-219bdc79f815,KELUARGA SUAMI ADALAH HAMA,cgv,,26017700,,,,2D,2026-05-26,fb30bb78-95cb-4f15-be51-e774283c277e,2026-05-26T16:28:26.403590
bf2c9f43-017f-46e4-aa25-219bdc79f815,THE SHEEP DETECTIVES,cgv,,26019500,,,,2D,2026-05-26,777d13c3-dff1-42b2-83e4-28b5882df1a0,2026-05-26T16:28:26.403604
bf2c9f43-017f-46e4-aa25-219bdc79f815,SEKAWAN LIMO RE RELEASE,cgv,,26024900,,,,2D,2026-05-26,a5dbd617-fa28-4b81-8b7e-aa77e6484394,2026-05-26T16:28:26.403619
bf2c9f43-017f-46e4-aa25-219bdc79f815,MONSTER,cgv,,23042200,,,,2D,2026-05-26,861690e0-8805-4d2c-9e65-ec9354b32a2d,2026-05-26T16:28:26.403633
bf2c9f43-017f-46e4-aa25-219bdc79f815,SALMOKJI WHISPERING WATER,cgv,,26019100,,,,2D,2026-05-26,73b764d7-34ca-457e-a3f8-70500127982b,2026-05-26T16:28:26.403646
bf2c9f43-017f-46e4-aa25-219bdc79f815,THE DEVIL WEARS PRADA 2,cgv,,26019800,,,,2D,2026-05-26,df4f4c77-3505-4bc1-9d11-438d97662d50,2026-05-26T16:28:26.403660
bf2c9f43-017f-46e4-aa25-219bdc79f815,STAR WARS THE MANDALORIAN AND GROGU 3D,cgv,,26025200,,,,2D,2026-05-26,2029510a-6429-462b-88ba-364dcbf6534f,2026-05-26T16:28:26.403676
bf2c9f43-017f-46e4-aa25-219bdc79f815,MOBILE SUIT GUNDAM HATHAWAY,cgv,,26021100,,,,2D,2026-05-26,b63661f8-2c1d-4480-bbd7-22962dffdf2c,2026-05-26T16:28:26.403690
bf2c9f43-017f-46e4-aa25-219bdc79f815,METHOD ACTING,cgv,,26023400,,,,2D,2026-05-26,efdc3272-47f4-452a-9ba9-828a7bbeffb5,2026-05-26T16:28:26.403704
bf2c9f43-017f-46e4-aa25-219bdc79f815,CHAND MERA DIL,cgv,,26026000,,,,2D,2026-05-26,5c398c6b-78da-4b09-966d-be8798a5c956,2026-05-26T16:28:26.403718
bf2c9f43-017f-46e4-aa25-219bdc79f815,THAT TIME I GOT REINCARNATED AS A SLIME THE MOVIE TEARS OF THE AZURE SEA,cgv,,26017900,,,,2D,2026-05-26,784d2f8b-fc31-4012-ab7c-345aab88cc86,2026-05-26T16:28:26.403732
bf2c9f43-017f-46e4-aa25-219bdc79f815,THE KINGS WARDEN,cgv,,26015000,,,,2D,2026-05-26,62919e27-80c6-4c20-963f-984c53da6986,2026-05-26T16:28:26.403747
bf2c9f43-017f-46e4-aa25-219bdc79f815,KAMU HARUS MATI,cgv,,26023800,,,,2D,2026-05-26,17b762db-59d8-4579-bcc9-117b25c8004f,2026-05-26T16:28:26.403761
bf2c9f43-017f-46e4-aa25-219bdc79f815,SUNSHINE WOMENS CHOIR,cgv,,26024400,,,,2D,2026-05-26,578a43ab-07ef-4d08-9314-af0c52974276,2026-05-26T16:28:26.403775
bf2c9f43-017f-46e4-aa25-219bdc79f815,NA WILLA,cgv,,26003200,,,,2D,2026-05-26,20530245-6914-42c3-b445-0ee579b33af6,2026-05-26T16:28:26.403788
bf2c9f43-017f-46e4-aa25-219bdc79f815,DILAN ITB 1997,cgv,,26016100,,,,2D,2026-05-26,3b2c5978-e738-44ac-9c41-8be14c1cbcac,2026-05-26T16:28:26.403802
bf2c9f43-017f-46e4-aa25-219bdc79f815,PEGASUS 3,cgv,,26025100,,,,2D,2026-05-26,7da4c987-ca12-4266-86bb-6ec42eb18100,2026-05-26T16:28:26.403816
a9b7a29a-5fd5-4509-b184-961a9f553830,TUMBAL PROYEK,cgv,,26014300,,,,2D,2026-05-26,1334e445-6ecc-4370-ad05-ca5f6f53a3f5,2026-05-26T16:28:26.409945
a9b7a29a-5fd5-4509-b184-961a9f553830,GUDANG MERICA,cgv,,26019400,,,,2D,2026-05-26,6b8bb327-8e6c-4426-b2ee-b3ee0a8a1229,2026-05-26T16:28:26.409966
a9b7a29a-5fd5-4509-b184-961a9f553830,STAR WARS THE MANDALORIAN AND GROGU,cgv,,26021200,,,,2D,2026-05-26,806534ec-2a11-4477-aa53-b9a789fd2361,2026-05-26T16:28:26.409983
a9b7a29a-5fd5-4509-b184-961a9f553830,SEMUA AKAN BAIK BAIK SAJA,cgv,,26018100,,,,2D,2026-05-26,e524a472-3a61-40e3-a185-ae1c0fe514e3,2026-05-26T16:28:26.409998
a9b7a29a-5fd5-4509-b184-961a9f553830,GHOST IN THE CELL,cgv,,26011800,,,,2D,2026-05-26,37753729-9721-41ae-a853-e9a4fc614a0c,2026-05-26T16:28:26.410013
a9b7a29a-5fd5-4509-b184-961a9f553830,TEMAN TEGAR MAIRA,cgv,,26005400,,,,2D,2026-05-26,fa2590d2-8d44-49ca-987a-e0d0d7ff2bbd,2026-05-26T16:28:26.410028
a9b7a29a-5fd5-4509-b184-961a9f553830,TIBA TIBA SETAN,cgv,,26007500,,,,2D,2026-05-26,4922971b-bc9f-4c53-839c-ff974ce618cf,2026-05-26T16:28:26.410043
a9b7a29a-5fd5-4509-b184-961a9f553830,HOKUM,cgv,,26024600,,,,2D,2026-05-26,9d82af80-576f-4246-a4d2-5af6d1eaecdc,2026-05-26T16:28:26.410057
a9b7a29a-5fd5-4509-b184-961a9f553830,MORTAL KOMBAT II,cgv,,26018200,,,,2D,2026-05-26,418f2280-7a04-47fe-905d-a0885b243ba4,2026-05-26T16:28:26.410071
a9b7a29a-5fd5-4509-b184-961a9f553830,GOHAN,cgv,,26022500,,,,2D,2026-05-26,cfb8c8c9-db6a-4fdc-a9ad-b8c04e01cb19,2026-05-26T16:28:26.410085
a9b7a29a-5fd5-4509-b184-961a9f553830,AYAH INI ARAHNYA KEMANA YA,cgv,,26011000,,,,2D,2026-05-26,06f7feae-0c0d-44a7-9117-bdd57959f596,2026-05-26T16:28:26.410102
a9b7a29a-5fd5-4509-b184-961a9f553830,YANG LAIN BOLEH HILANG ASAL KAU JANGAN,cgv,,26018300,,,,2D,2026-05-26,d5e97b1d-a11f-4c01-85b3-f352219eeb28,2026-05-26T16:28:26.410118
a9b7a29a-5fd5-4509-b184-961a9f553830,KELUARGA SUAMI ADALAH HAMA,cgv,,26017700,,,,2D,2026-05-26,11e25f59-505a-40c5-b78e-39f52c41ae3c,2026-05-26T16:28:26.410133
a9b7a29a-5fd5-4509-b184-961a9f553830,THE SHEEP DETECTIVES,cgv,,26019500,,,,2D,2026-05-26,85d62388-1748-4759-ae2f-256136b20d98,2026-05-26T16:28:26.410147
a9b7a29a-5fd5-4509-b184-961a9f553830,SEKAWAN LIMO RE RELEASE,cgv,,26024900,,,,2D,2026-05-26,30281759-69e1-4a3a-bc77-38e101e8190a,2026-05-26T16:28:26.410161
a9b7a29a-5fd5-4509-b184-961a9f553830,MONSTER,cgv,,23042200,,,,2D,2026-05-26,e134c5cc-d73f-45c7-a8e0-7d4cffaf175b,2026-05-26T16:28:26.410179
a9b7a29a-5fd5-4509-b184-961a9f553830,SALMOKJI WHISPERING WATER,cgv,,26019100,,,,2D,2026-05-26,e11dcf00-d12a-4b61-8204-f6e886298068,2026-05-26T16:28:26.410194
a9b7a29a-5fd5-4509-b184-961a9f553830,THE DEVIL WEARS PRADA 2,cgv,,26019800,,,,2D,2026-05-26,d396e4f5-194c-4485-afd5-18c88bd9b17b,2026-05-26T16:28:26.410208
a9b7a29a-5fd5-4509-b184-961a9f553830,STAR WARS THE MANDALORIAN AND GROGU 3D,cgv,,26025200,,,,2D,2026-05-26,47962292-5180-414a-9140-e72fafda65e2,2026-05-26T16:28:26.410223
a9b7a29a-5fd5-4509-b184-961a9f553830,MOBILE SUIT GUNDAM HATHAWAY,cgv,,26021100,,,,2D,2026-05-26,f0800555-a0cd-445f-9753-f617651a1c07,2026-05-26T16:28:26.410238
a9b7a29a-5fd5-4509-b184-961a9f553830,METHOD ACTING,cgv,,26023400,,,,2D,2026-05-26,91415cde-224f-43f1-ab37-45ca84ab1c64,2026-05-26T16:28:26.410252
a9b7a29a-5fd5-4509-b184-961a9f553830,CHAND MERA DIL,cgv,,26026000,,,,2D,2026-05-26,39ce16c2-e3c3-43db-bbd3-7633974c54a8,2026-05-26T16:28:26.410273
a9b7a29a-5fd5-4509-b184-961a9f553830,THAT TIME I GOT REINCARNATED AS A SLIME THE MOVIE TEARS OF THE AZURE SEA,cgv,,26017900,,,,2D,2026-05-26,fec8e358-c3f7-4796-90d6-2ac22d669bcd,2026-05-26T16:28:26.410288
a9b7a29a-5fd5-4509-b184-961a9f553830,THE KINGS WARDEN,cgv,,26015000,,,,2D,2026-05-26,70c7dfd0-0b63-49d3-a7ce-33908c346b04,2026-05-26T16:28:26.410301
a9b7a29a-5fd5-4509-b184-961a9f553830,KAMU HARUS MATI,cgv,,26023800,,,,2D,2026-05-26,74dc8c08-23b2-422e-bb83-e71155c63fb2,2026-05-26T16:28:26.410315
a9b7a29a-5fd5-4509-b184-961a9f553830,SUNSHINE WOMENS CHOIR,cgv,,26024400,,,,2D,2026-05-26,91060a2e-a3f7-4e2a-9a71-56d14fc14321,2026-05-26T16:28:26.410329
a9b7a29a-5fd5-4509-b184-961a9f553830,NA WILLA,cgv,,26003200,,,,2D,2026-05-26,6f239e70-e475-435f-aba6-5fc1f5fff050,2026-05-26T16:28:26.410342
a9b7a29a-5fd5-4509-b184-961a9f553830,DILAN ITB 1997,cgv,,26016100,,,,2D,2026-05-26,657adeee-4788-4d09-8b0e-1bb6c3a31d9d,2026-05-26T16:28:26.410356
a9b7a29a-5fd5-4509-b184-961a9f553830,PEGASUS 3,cgv,,26025100,,,,2D,2026-05-26,234dd4ee-0507-4cc3-8fa0-bf3cc6a66cb6,2026-05-26T16:28:26.410370
87c15163-556a-49fc-97d7-8f29e2c8b03d,TUMBAL PROYEK,cgv,,26014300,,,,2D,2026-05-26,547d0d5d-afcb-46b7-be3a-d04e1c6cc338,2026-05-26T16:28:29.372195
87c15163-556a-49fc-97d7-8f29e2c8b03d,GUDANG MERICA,cgv,,26019400,,,,2D,2026-05-26,6c96c1a7-4835-4f46-b771-3a6bbd7c3d77,2026-05-26T16:28:29.372230
87c15163-556a-49fc-97d7-8f29e2c8b03d,STAR WARS THE MANDALORIAN AND GROGU,cgv,,26021200,,,,2D,2026-05-26,ae032704-54f0-43a2-9965-8e63cb212575,2026-05-26T16:28:29.372256
87c15163-556a-49fc-97d7-8f29e2c8b03d,SEMUA AKAN BAIK BAIK SAJA,cgv,,26018100,,,,2D,2026-05-26,c2d001de-f36f-4e08-aa2b-2c2e8c2bab14,2026-05-26T16:28:29.372279
87c15163-556a-49fc-97d7-8f29e2c8b03d,GHOST IN THE CELL,cgv,,26011800,,,,2D,2026-05-26,8ecf1ec6-4a89-4d27-9e98-2d8ba9b19f65,2026-05-26T16:28:29.372301
87c15163-556a-49fc-97d7-8f29e2c8b03d,TEMAN TEGAR MAIRA,cgv,,26005400,,,,2D,2026-05-26,1c1286a3-7a79-4fc1-9259-75711bcd00ac,2026-05-26T16:28:29.372324
87c15163-556a-49fc-97d7-8f29e2c8b03d,TIBA TIBA SETAN,cgv,,26007500,,,,2D,2026-05-26,9619fa15-3d44-46ef-aba6-76219644ae4d,2026-05-26T16:28:29.372346
87c15163-556a-49fc-97d7-8f29e2c8b03d,HOKUM,cgv,,26024600,,,,2D,2026-05-26,ee7566e5-42f6-41ab-84e3-ef9f5c881d0c,2026-05-26T16:28:29.372367
87c15163-556a-49fc-97d7-8f29e2c8b03d,MORTAL KOMBAT II,cgv,,26018200,,,,2D,2026-05-26,c30c08e2-369a-40dc-8223-9e025d03c187,2026-05-26T16:28:29.372388
87c15163-556a-49fc-97d7-8f29e2c8b03d,GOHAN,cgv,,26022500,,,,2D,2026-05-26,1b5d635f-7925-4da3-a5a4-7d87bfb17d78,2026-05-26T16:28:29.372410
87c15163-556a-49fc-97d7-8f29e2c8b03d,AYAH INI ARAHNYA KEMANA YA,cgv,,26011000,,,,2D,2026-05-26,c5bb5d96-a608-401f-b5c5-0438cfb2c7dc,2026-05-26T16:28:29.372431
87c15163-556a-49fc-97d7-8f29e2c8b03d,YANG LAIN BOLEH HILANG ASAL KAU JANGAN,cgv,,26018300,,,,2D,2026-05-26,32fb72c7-b240-463f-b588-5665257a72a7,2026-05-26T16:28:29.372452
87c15163-556a-49fc-97d7-8f29e2c8b03d,KELUARGA SUAMI ADALAH HAMA,cgv,,26017700,,,,2D,2026-05-26,dd639787-de29-47c7-bf44-59f8bf640af2,2026-05-26T16:28:29.372473
87c15163-556a-49fc-97d7-8f29e2c8b03d,THE SHEEP DETECTIVES,cgv,,26019500,,,,2D,2026-05-26,94914e69-3bbd-4931-a5ee-00a42687f4ec,2026-05-26T16:28:29.372494
87c15163-556a-49fc-97d7-8f29e2c8b03d,SEKAWAN LIMO RE RELEASE,cgv,,26024900,,,,2D,2026-05-26,1a396bd6-c6c7-476b-859d-2ecdc0514da4,2026-05-26T16:28:29.372514
87c15163-556a-49fc-97d7-8f29e2c8b03d,MONSTER,cgv,,23042200,,,,2D,2026-05-26,eecd5fcc-85da-4608-8e5f-a3d4475182e9,2026-05-26T16:28:29.372536
87c15163-556a-49fc-97d7-8f29e2c8b03d,SALMOKJI WHISPERING WATER,cgv,,26019100,,,,2D,2026-05-26,63490e2c-61e4-4c15-af5f-fb1dec720589,2026-05-26T16:28:29.372556
87c15163-556a-49fc-97d7-8f29e2c8b03d,THE DEVIL WEARS PRADA 2,cgv,,26019800,,,,2D,2026-05-26,0a35df0c-2ff0-4a3b-8585-009bc678a13b,2026-05-26T16:28:29.372577
87c15163-556a-49fc-97d7-8f29e2c8b03d,STAR WARS THE MANDALORIAN AND GROGU 3D,cgv,,26025200,,,,2D,2026-05-26,7dc0c5b5-70da-4cf0-8993-abe05c5b425b,2026-05-26T16:28:29.372598
87c15163-556a-49fc-97d7-8f29e2c8b03d,MOBILE SUIT GUNDAM HATHAWAY,cgv,,26021100,,,,2D,2026-05-26,979034e6-78f3-439a-bb79-ab033978219b,2026-05-26T16:28:29.372622
87c15163-556a-49fc-97d7-8f29e2c8b03d,METHOD ACTING,cgv,,26023400,,,,2D,2026-05-26,1ee241b2-85a9-4d25-a0e0-6e95ee97f0e9,2026-05-26T16:28:29.372644
87c15163-556a-49fc-97d7-8f29e2c8b03d,CHAND MERA DIL,cgv,,26026000,,,,2D,2026-05-26,9dfc2b63-57f5-4279-9f96-4e1402bb3c7d,2026-05-26T16:28:29.372665
87c15163-556a-49fc-97d7-8f29e2c8b03d,THAT TIME I GOT REINCARNATED AS A SLIME THE MOVIE TEARS OF THE AZURE SEA,cgv,,26017900,,,,2D,2026-05-26,67dd7fd3-059f-4dd9-94b3-ad1ab456b8cc,2026-05-26T16:28:29.372685
87c15163-556a-49fc-97d7-8f29e2c8b03d,THE KINGS WARDEN,cgv,,26015000,,,,2D,2026-05-26,021b1362-52ed-4ba2-a849-320ea2564027,2026-05-26T16:28:29.372706
87c15163-556a-49fc-97d7-8f29e2c8b03d,KAMU HARUS MATI,cgv,,26023800,,,,2D,2026-05-26,561b7ed1-8b85-4a9e-a4d6-3f91872037f6,2026-05-26T16:28:29.372844
87c15163-556a-49fc-97d7-8f29e2c8b03d,SUNSHINE WOMENS CHOIR,cgv,,26024400,,,,2D,2026-05-26,c9f88d76-11be-4fb8-b14c-177730496b42,2026-05-26T16:28:29.372866
87c15163-556a-49fc-97d7-8f29e2c8b03d,NA WILLA,cgv,,26003200,,,,2D,2026-05-26,7127d8d6-e1de-400f-9498-61671eed270d,2026-05-26T16:28:29.372887
87c15163-556a-49fc-97d7-8f29e2c8b03d,DILAN ITB 1997,cgv,,26016100,,,,2D,2026-05-26,11137e0d-a439-43af-826b-ab74766be738,2026-05-26T16:28:29.372908
87c15163-556a-49fc-97d7-8f29e2c8b03d,PEGASUS 3,cgv,,26025100,,,,2D,2026-05-26,ec59f698-802a-4ff8-8d85-d37dd99c4176,2026-05-26T16:28:29.372929
66841c15-7af6-44fa-b884-8f1cececc754,TUMBAL PROYEK,cgv,,26014300,,,,2D,2026-05-26,346c15cf-4b47-45be-a4de-250fec9b1b8f,2026-05-26T16:28:30.038739
66841c15-7af6-44fa-b884-8f1cececc754,GUDANG MERICA,cgv,,26019400,,,,2D,2026-05-26,d659a993-ce7b-44d2-b359-6503e91ec53a,2026-05-26T16:28:30.038763
66841c15-7af6-44fa-b884-8f1cececc754,STAR WARS THE MANDALORIAN AND GROGU,cgv,,26021200,,,,2D,2026-05-26,0174e9b4-9970-44d4-971d-195c53269555,2026-05-26T16:28:30.038781
66841c15-7af6-44fa-b884-8f1cececc754,SEMUA AKAN BAIK BAIK SAJA,cgv,,26018100,,,,2D,2026-05-26,296a1f6c-df54-47b8-90ca-73a3284810f4,2026-05-26T16:28:30.038797
66841c15-7af6-44fa-b884-8f1cececc754,GHOST IN THE CELL,cgv,,26011800,,,,2D,2026-05-26,53c2f2d6-a1c1-45e7-9a38-893e5b00d090,2026-05-26T16:28:30.038812
66841c15-7af6-44fa-b884-8f1cececc754,TEMAN TEGAR MAIRA,cgv,,26005400,,,,2D,2026-05-26,5e8939a8-3162-4dde-a2fc-e03b9d47bcce,2026-05-26T16:28:30.038827
66841c15-7af6-44fa-b884-8f1cececc754,TIBA TIBA SETAN,cgv,,26007500,,,,2D,2026-05-26,2500a205-417b-463f-a127-5ef8742d7317,2026-05-26T16:28:30.038842
66841c15-7af6-44fa-b884-8f1cececc754,HOKUM,cgv,,26024600,,,,2D,2026-05-26,3f4de8c5-1ce2-4132-b6cc-812ccef9a2a8,2026-05-26T16:28:30.038856
66841c15-7af6-44fa-b884-8f1cececc754,MORTAL KOMBAT II,cgv,,26018200,,,,2D,2026-05-26,b21ab966-02e8-428c-a41a-815f99cc9155,2026-05-26T16:28:30.038870
66841c15-7af6-44fa-b884-8f1cececc754,GOHAN,cgv,,26022500,,,,2D,2026-05-26,28bae9d8-1422-4aee-914c-59046631a0cd,2026-05-26T16:28:30.038885
66841c15-7af6-44fa-b884-8f1cececc754,AYAH INI ARAHNYA KEMANA YA,cgv,,26011000,,,,2D,2026-05-26,bc065071-6420-4ffe-a6bc-c6c69f943c4a,2026-05-26T16:28:30.038899
66841c15-7af6-44fa-b884-8f1cececc754,YANG LAIN BOLEH HILANG ASAL KAU JANGAN,cgv,,26018300,,,,2D,2026-05-26,7672d0d5-e8d1-46f0-8c64-0aab10696ecc,2026-05-26T16:28:30.038914
66841c15-7af6-44fa-b884-8f1cececc754,KELUARGA SUAMI ADALAH HAMA,cgv,,26017700,,,,2D,2026-05-26,e05fb323-6b28-4f91-aeff-451a006c9640,2026-05-26T16:28:30.038928
66841c15-7af6-44fa-b884-8f1cececc754,THE SHEEP DETECTIVES,cgv,,26019500,,,,2D,2026-05-26,dc18b2f5-1074-476c-bb43-81b27888cce5,2026-05-26T16:28:30.038942
66841c15-7af6-44fa-b884-8f1cececc754,SEKAWAN LIMO RE RELEASE,cgv,,26024900,,,,2D,2026-05-26,0d5c7c35-effc-45fd-999c-ebda070a7467,2026-05-26T16:28:30.038956
66841c15-7af6-44fa-b884-8f1cececc754,MONSTER,cgv,,23042200,,,,2D,2026-05-26,36cf5645-7901-442f-8bde-f2a11fc69e57,2026-05-26T16:28:30.038970
66841c15-7af6-44fa-b884-8f1cececc754,SALMOKJI WHISPERING WATER,cgv,,26019100,,,,2D,2026-05-26,7401bfb7-f4a7-41dc-affc-ea7c0b1f98cc,2026-05-26T16:28:30.038984
66841c15-7af6-44fa-b884-8f1cececc754,THE DEVIL WEARS PRADA 2,cgv,,26019800,,,,2D,2026-05-26,b5a7d8d9-f974-45e0-b35a-580444dfebcc,2026-05-26T16:28:30.038998
66841c15-7af6-44fa-b884-8f1cececc754,STAR WARS THE MANDALORIAN AND GROGU 3D,cgv,,26025200,,,,2D,2026-05-26,249c4f96-f744-469c-93ae-fa974a2633de,2026-05-26T16:28:30.039013
66841c15-7af6-44fa-b884-8f1cececc754,MOBILE SUIT GUNDAM HATHAWAY,cgv,,26021100,,,,2D,2026-05-26,0e3753d1-c9d8-4db5-bcb8-a734a223238b,2026-05-26T16:28:30.039028
66841c15-7af6-44fa-b884-8f1cececc754,METHOD ACTING,cgv,,26023400,,,,2D,2026-05-26,12cd90da-be50-46a0-8b38-8189c70db533,2026-05-26T16:28:30.039042
66841c15-7af6-44fa-b884-8f1cececc754,CHAND MERA DIL,cgv,,26026000,,,,2D,2026-05-26,0c2d24ea-f0f6-4e15-98d1-328439841a44,2026-05-26T16:28:30.039057
66841c15-7af6-44fa-b884-8f1cececc754,THAT TIME I GOT REINCARNATED AS A SLIME THE MOVIE TEARS OF THE AZURE SEA,cgv,,26017900,,,,2D,2026-05-26,a8f543b5-9d9c-4de9-aaa1-e9a90a7c26bc,2026-05-26T16:28:30.039073
66841c15-7af6-44fa-b884-8f1cececc754,THE KINGS WARDEN,cgv,,26015000,,,,2D,2026-05-26,ab667fad-36fe-4aa2-9e56-39f8e54d2cb9,2026-05-26T16:28:30.039087
66841c15-7af6-44fa-b884-8f1cececc754,KAMU HARUS MATI,cgv,,26023800,,,,2D,2026-05-26,ae83fda6-2c62-4b93-a221-93025d036ad6,2026-05-26T16:28:30.039101
66841c15-7af6-44fa-b884-8f1cececc754,SUNSHINE WOMENS CHOIR,cgv,,26024400,,,,2D,2026-05-26,25c415ff-2d0c-42c3-8d1d-34dbcc97e273,2026-05-26T16:28:30.039115
66841c15-7af6-44fa-b884-8f1cececc754,NA WILLA,cgv,,26003200,,,,2D,2026-05-26,2f5b1c5e-90a3-4f66-bacd-ad9272f6ba5a,2026-05-26T16:28:30.039129
66841c15-7af6-44fa-b884-8f1cececc754,DILAN ITB 1997,cgv,,26016100,,,,2D,2026-05-26,1d74886a-9ecc-4b82-8af4-39ace055246e,2026-05-26T16:28:30.039143
66841c15-7af6-44fa-b884-8f1cececc754,PEGASUS 3,cgv,,26025100,,,,2D,2026-05-26,d3ba9135-aa02-4f35-92d3-e9dabd420fde,2026-05-26T16:28:30.039157
7db464ae-689b-4290-b349-6f7bd6644326,TUMBAL PROYEK,cgv,,26014300,,,,2D,2026-05-26,e2db9aa1-54fc-4f65-bb97-3c9088751f2b,2026-05-26T16:28:30.807385
7db464ae-689b-4290-b349-6f7bd6644326,GUDANG MERICA,cgv,,26019400,,,,2D,2026-05-26,f275731c-9595-43c2-aeba-598386f847d9,2026-05-26T16:28:30.807425
7db464ae-689b-4290-b349-6f7bd6644326,STAR WARS THE MANDALORIAN AND GROGU,cgv,,26021200,,,,2D,2026-05-26,62a58c45-5906-4f2d-b198-489c2517d23e,2026-05-26T16:28:30.807454
7db464ae-689b-4290-b349-6f7bd6644326,SEMUA AKAN BAIK BAIK SAJA,cgv,,26018100,,,,2D,2026-05-26,b9444b7e-aa9b-4a78-9801-7cbbe62b26f4,2026-05-26T16:28:30.807481
7db464ae-689b-4290-b349-6f7bd6644326,GHOST IN THE CELL,cgv,,26011800,,,,2D,2026-05-26,55a67518-f799-456e-bd0b-73096342a8e5,2026-05-26T16:28:30.807507
7db464ae-689b-4290-b349-6f7bd6644326,TEMAN TEGAR MAIRA,cgv,,26005400,,,,2D,2026-05-26,0bac9653-5686-49e7-a6d7-80a91938ec29,2026-05-26T16:28:30.807533
7db464ae-689b-4290-b349-6f7bd6644326,TIBA TIBA SETAN,cgv,,26007500,,,,2D,2026-05-26,30987cca-a5ce-4172-861e-e6426cc87b05,2026-05-26T16:28:30.807558
7db464ae-689b-4290-b349-6f7bd6644326,HOKUM,cgv,,26024600,,,,2D,2026-05-26,db04e324-81d3-4d6a-9c9a-014c38c66b25,2026-05-26T16:28:30.807582
7db464ae-689b-4290-b349-6f7bd6644326,MORTAL KOMBAT II,cgv,,26018200,,,,2D,2026-05-26,a4963e4f-edc9-4d0d-b6dd-ec00e0fc6ad8,2026-05-26T16:28:30.807606
7db464ae-689b-4290-b349-6f7bd6644326,GOHAN,cgv,,26022500,,,,2D,2026-05-26,6be11eab-39dd-457d-81e9-424c74787913,2026-05-26T16:28:30.807630
7db464ae-689b-4290-b349-6f7bd6644326,AYAH INI ARAHNYA KEMANA YA,cgv,,26011000,,,,2D,2026-05-26,704a6774-fc9a-465d-b636-fdc03de76b5b,2026-05-26T16:28:30.807655
7db464ae-689b-4290-b349-6f7bd6644326,YANG LAIN BOLEH HILANG ASAL KAU JANGAN,cgv,,26018300,,,,2D,2026-05-26,0e44fbc6-fd49-4de0-a6c4-cd0f90380323,2026-05-26T16:28:30.807681
7db464ae-689b-4290-b349-6f7bd6644326,KELUARGA SUAMI ADALAH HAMA,cgv,,26017700,,,,2D,2026-05-26,9b657706-3606-4742-8415-744768bbb2ae,2026-05-26T16:28:30.807705
7db464ae-689b-4290-b349-6f7bd6644326,THE SHEEP DETECTIVES,cgv,,26019500,,,,2D,2026-05-26,a200d81b-f429-4617-8cb3-017b8fef7612,2026-05-26T16:28:30.807731
7db464ae-689b-4290-b349-6f7bd6644326,SEKAWAN LIMO RE RELEASE,cgv,,26024900,,,,2D,2026-05-26,aa327dd7-a25d-4a01-bb65-52de18a3ebf6,2026-05-26T16:28:30.807755
7db464ae-689b-4290-b349-6f7bd6644326,MONSTER,cgv,,23042200,,,,2D,2026-05-26,68302b81-843a-42a2-9d1c-dc0e74fa5f71,2026-05-26T16:28:30.807779
7db464ae-689b-4290-b349-6f7bd6644326,SALMOKJI WHISPERING WATER,cgv,,26019100,,,,2D,2026-05-26,7c3194c3-2f44-4b06-a456-599067f56f69,2026-05-26T16:28:30.807803
7db464ae-689b-4290-b349-6f7bd6644326,THE DEVIL WEARS PRADA 2,cgv,,26019800,,,,2D,2026-05-26,e78d0e09-d93f-46d0-af22-45def17f62c0,2026-05-26T16:28:30.807828
7db464ae-689b-4290-b349-6f7bd6644326,STAR WARS THE MANDALORIAN AND GROGU 3D,cgv,,26025200,,,,2D,2026-05-26,608fe2c5-824f-4160-a094-21013f156f2b,2026-05-26T16:28:30.807853
7db464ae-689b-4290-b349-6f7bd6644326,MOBILE SUIT GUNDAM HATHAWAY,cgv,,26021100,,,,2D,2026-05-26,04aa4adb-fd3c-4b98-892d-4979c0c5ea99,2026-05-26T16:28:30.807877
7db464ae-689b-4290-b349-6f7bd6644326,METHOD ACTING,cgv,,26023400,,,,2D,2026-05-26,fa4b2987-1d81-40ea-ae92-c1868489aeb0,2026-05-26T16:28:30.807901
7db464ae-689b-4290-b349-6f7bd6644326,CHAND MERA DIL,cgv,,26026000,,,,2D,2026-05-26,ef1f035a-7277-4f12-99a1-a585185a8959,2026-05-26T16:28:30.807925
7db464ae-689b-4290-b349-6f7bd6644326,THAT TIME I GOT REINCARNATED AS A SLIME THE MOVIE TEARS OF THE AZURE SEA,cgv,,26017900,,,,2D,2026-05-26,13a85431-2292-4a3d-8468-3b9f09d310d4,2026-05-26T16:28:30.807949
7db464ae-689b-4290-b349-6f7bd6644326,THE KINGS WARDEN,cgv,,26015000,,,,2D,2026-05-26,a9df3bdf-93d7-462f-9230-63a2f6d7828c,2026-05-26T16:28:30.808210
7db464ae-689b-4290-b349-6f7bd6644326,KAMU HARUS MATI,cgv,,26023800,,,,2D,2026-05-26,56042edc-2fe4-450d-8348-ba656b32004f,2026-05-26T16:28:30.808239
7db464ae-689b-4290-b349-6f7bd6644326,SUNSHINE WOMENS CHOIR,cgv,,26024400,,,,2D,2026-05-26,e5a361c3-55c1-4bd7-be27-f6555513d0be,2026-05-26T16:28:30.808263
7db464ae-689b-4290-b349-6f7bd6644326,NA WILLA,cgv,,26003200,,,,2D,2026-05-26,9bc519d8-2750-4c3c-b84f-56219ff258a3,2026-05-26T16:28:30.808287
7db464ae-689b-4290-b349-6f7bd6644326,DILAN ITB 1997,cgv,,26016100,,,,2D,2026-05-26,80604775-9ee0-4d0c-a516-db652cbcda73,2026-05-26T16:28:30.808311
7db464ae-689b-4290-b349-6f7bd6644326,PEGASUS 3,cgv,,26025100,,,,2D,2026-05-26,ce008e64-d8a3-4423-87ac-241aaa461b6a,2026-05-26T16:28:30.808336
0c667d59-5cd1-4ec4-aaca-f92a02d6e757,TUMBAL PROYEK,cgv,,26014300,,,,2D,2026-05-26,68456bf5-1c4c-49b6-a9fc-6903b224d88a,2026-05-26T16:28:30.026772
0c667d59-5cd1-4ec4-aaca-f92a02d6e757,GUDANG MERICA,cgv,,26019400,,,,2D,2026-05-26,870e4dbd-2321-4d6a-9b28-1f98a290f919,2026-05-26T16:28:30.026794
0c667d59-5cd1-4ec4-aaca-f92a02d6e757,STAR WARS THE MANDALORIAN AND GROGU,cgv,,26021200,,,,2D,2026-05-26,9a98d367-e517-4dd9-b49f-8c6c4b31fd29,2026-05-26T16:28:30.026811
0c667d59-5cd1-4ec4-aaca-f92a02d6e757,SEMUA AKAN BAIK BAIK SAJA,cgv,,26018100,,,,2D,2026-05-26,6f80ad5b-a172-49c9-9984-4eec928d6b45,2026-05-26T16:28:30.026827
0c667d59-5cd1-4ec4-aaca-f92a02d6e757,GHOST IN THE CELL,cgv,,26011800,,,,2D,2026-05-26,640f374b-9481-4e05-bd76-d89b8e7e3573,2026-05-26T16:28:30.026842
0c667d59-5cd1-4ec4-aaca-f92a02d6e757,TEMAN TEGAR MAIRA,cgv,,26005400,,,,2D,2026-05-26,d12fdbaf-4653-4d52-affa-a707555af472,2026-05-26T16:28:30.026857
0c667d59-5cd1-4ec4-aaca-f92a02d6e757,TIBA TIBA SETAN,cgv,,26007500,,,,2D,2026-05-26,40601428-379b-452c-b020-3b2b1a2dfc5f,2026-05-26T16:28:30.026871
0c667d59-5cd1-4ec4-aaca-f92a02d6e757,HOKUM,cgv,,26024600,,,,2D,2026-05-26,68e0f10f-82c5-46e8-bf92-08af2ef480ae,2026-05-26T16:28:30.026886
0c667d59-5cd1-4ec4-aaca-f92a02d6e757,MORTAL KOMBAT II,cgv,,26018200,,,,2D,2026-05-26,125d0892-af40-469a-a459-a3f2099064c3,2026-05-26T16:28:30.026900
0c667d59-5cd1-4ec4-aaca-f92a02d6e757,GOHAN,cgv,,26022500,,,,2D,2026-05-26,8d4aa5b0-288b-4cca-93fe-bb2316a9b305,2026-05-26T16:28:30.026914
0c667d59-5cd1-4ec4-aaca-f92a02d6e757,AYAH INI ARAHNYA KEMANA YA,cgv,,26011000,,,,2D,2026-05-26,137fcb66-79d4-4fba-9da4-0bcf597c5d37,2026-05-26T16:28:30.026929
0c667d59-5cd1-4ec4-aaca-f92a02d6e757,YANG LAIN BOLEH HILANG ASAL KAU JANGAN,cgv,,26018300,,,,2D,2026-05-26,bc346792-57c3-4530-b77f-524941174cc7,2026-05-26T16:28:30.026943
0c667d59-5cd1-4ec4-aaca-f92a02d6e757,KELUARGA SUAMI ADALAH HAMA,cgv,,26017700,,,,2D,2026-05-26,78b8e99a-c6dc-47a4-9cac-77f72755fdad,2026-05-26T16:28:30.026957
0c667d59-5cd1-4ec4-aaca-f92a02d6e757,THE SHEEP DETECTIVES,cgv,,26019500,,,,2D,2026-05-26,ed475316-03d0-4ede-8bfa-a09dddc8fabb,2026-05-26T16:28:30.026971
0c667d59-5cd1-4ec4-aaca-f92a02d6e757,SEKAWAN LIMO RE RELEASE,cgv,,26024900,,,,2D,2026-05-26,47ebc73a-59b2-4802-8cbd-212adf8a8c04,2026-05-26T16:28:30.026985
0c667d59-5cd1-4ec4-aaca-f92a02d6e757,MONSTER,cgv,,23042200,,,,2D,2026-05-26,91bc9cc9-6e6e-4a6e-bbf2-2c73f29f73d9,2026-05-26T16:28:30.026998
0c667d59-5cd1-4ec4-aaca-f92a02d6e757,SALMOKJI WHISPERING WATER,cgv,,26019100,,,,2D,2026-05-26,c682c69f-8684-4e07-a751-234605eb7cd2,2026-05-26T16:28:30.027012
0c667d59-5cd1-4ec4-aaca-f92a02d6e757,THE DEVIL WEARS PRADA 2,cgv,,26019800,,,,2D,2026-05-26,3518e0cc-2a7e-42d9-ab65-31e0c417eaab,2026-05-26T16:28:30.027026
0c667d59-5cd1-4ec4-aaca-f92a02d6e757,STAR WARS THE MANDALORIAN AND GROGU 3D,cgv,,26025200,,,,2D,2026-05-26,5de5046e-1556-4e81-8fb7-7eb4925afd28,2026-05-26T16:28:30.027041
0c667d59-5cd1-4ec4-aaca-f92a02d6e757,MOBILE SUIT GUNDAM HATHAWAY,cgv,,26021100,,,,2D,2026-05-26,4a90e5f8-32aa-4316-89dc-0a475477fe65,2026-05-26T16:28:30.027054
0c667d59-5cd1-4ec4-aaca-f92a02d6e757,METHOD ACTING,cgv,,26023400,,,,2D,2026-05-26,0fa71043-89a0-47f1-8781-930274ba5737,2026-05-26T16:28:30.027069
0c667d59-5cd1-4ec4-aaca-f92a02d6e757,CHAND MERA DIL,cgv,,26026000,,,,2D,2026-05-26,f3369088-be87-4183-8206-b50b43fd5d8c,2026-05-26T16:28:30.027083
0c667d59-5cd1-4ec4-aaca-f92a02d6e757,THAT TIME I GOT REINCARNATED AS A SLIME THE MOVIE TEARS OF THE AZURE SEA,cgv,,26017900,,,,2D,2026-05-26,cba33aee-d5b6-44b1-b638-b6c74effa462,2026-05-26T16:28:30.027097
0c667d59-5cd1-4ec4-aaca-f92a02d6e757,THE KINGS WARDEN,cgv,,26015000,,,,2D,2026-05-26,9447346a-f77e-4667-8aa9-d240b0a7a9c0,2026-05-26T16:28:30.027110
0c667d59-5cd1-4ec4-aaca-f92a02d6e757,KAMU HARUS MATI,cgv,,26023800,,,,2D,2026-05-26,d9194168-2ecc-4b52-a36c-c2fb7f8a955a,2026-05-26T16:28:30.027126
0c667d59-5cd1-4ec4-aaca-f92a02d6e757,SUNSHINE WOMENS CHOIR,cgv,,26024400,,,,2D,2026-05-26,74c891b0-a582-4326-8fa5-2e411f4d0c81,2026-05-26T16:28:30.027140
0c667d59-5cd1-4ec4-aaca-f92a02d6e757,NA WILLA,cgv,,26003200,,,,2D,2026-05-26,cda6a880-2edf-4440-a192-9f6d9ba9aeac,2026-05-26T16:28:30.027154
0c667d59-5cd1-4ec4-aaca-f92a02d6e757,DILAN ITB 1997,cgv,,26016100,,,,2D,2026-05-26,33f39ead-6f09-4b26-98cd-d13147039c6f,2026-05-26T16:28:30.027168
0c667d59-5cd1-4ec4-aaca-f92a02d6e757,PEGASUS 3,cgv,,26025100,,,,2D,2026-05-26,608f5417-f40e-4c35-8adb-599799b95cbd,2026-05-26T16:28:30.027181
195a5cc5-aad5-4c30-9ce8-84eb4d079198,TUMBAL PROYEK,cgv,,26014300,,,,2D,2026-05-26,7ebe98ac-a4ba-4034-92eb-ae23fe35c366,2026-05-26T16:28:29.783450
195a5cc5-aad5-4c30-9ce8-84eb4d079198,GUDANG MERICA,cgv,,26019400,,,,2D,2026-05-26,b1f7b8b7-5043-48f1-b927-1b7b7186b181,2026-05-26T16:28:29.783472
195a5cc5-aad5-4c30-9ce8-84eb4d079198,STAR WARS THE MANDALORIAN AND GROGU,cgv,,26021200,,,,2D,2026-05-26,cdefe4cd-efa0-47da-bab2-9b34265ce51f,2026-05-26T16:28:29.783488
195a5cc5-aad5-4c30-9ce8-84eb4d079198,SEMUA AKAN BAIK BAIK SAJA,cgv,,26018100,,,,2D,2026-05-26,4dd9a3d8-c21c-46a9-81fd-a7e08a522b13,2026-05-26T16:28:29.783503
195a5cc5-aad5-4c30-9ce8-84eb4d079198,GHOST IN THE CELL,cgv,,26011800,,,,2D,2026-05-26,8665dc87-d65a-4f7a-944e-9f0a2ee397f8,2026-05-26T16:28:29.783518
195a5cc5-aad5-4c30-9ce8-84eb4d079198,TEMAN TEGAR MAIRA,cgv,,26005400,,,,2D,2026-05-26,36248209-d735-47a9-9604-fc43bb615b69,2026-05-26T16:28:29.783531
195a5cc5-aad5-4c30-9ce8-84eb4d079198,TIBA TIBA SETAN,cgv,,26007500,,,,2D,2026-05-26,505aa7e9-7d7a-472f-ab1b-bb752c20b0d8,2026-05-26T16:28:29.783545
195a5cc5-aad5-4c30-9ce8-84eb4d079198,HOKUM,cgv,,26024600,,,,2D,2026-05-26,6fdfca16-5044-40f3-87f4-03a07d2d78e2,2026-05-26T16:28:29.783558
195a5cc5-aad5-4c30-9ce8-84eb4d079198,MORTAL KOMBAT II,cgv,,26018200,,,,2D,2026-05-26,219f919f-dcb8-41f0-b27b-a8736ceeddb1,2026-05-26T16:28:29.783571
195a5cc5-aad5-4c30-9ce8-84eb4d079198,GOHAN,cgv,,26022500,,,,2D,2026-05-26,8f107d9d-78a8-42cb-90fc-0c4977ee8cc7,2026-05-26T16:28:29.783584
195a5cc5-aad5-4c30-9ce8-84eb4d079198,AYAH INI ARAHNYA KEMANA YA,cgv,,26011000,,,,2D,2026-05-26,9f2ae924-6e02-4298-bc58-74b8170f785d,2026-05-26T16:28:29.783597
195a5cc5-aad5-4c30-9ce8-84eb4d079198,YANG LAIN BOLEH HILANG ASAL KAU JANGAN,cgv,,26018300,,,,2D,2026-05-26,26a55005-4c49-4b3f-804a-9323c5b0bc8c,2026-05-26T16:28:29.783610
195a5cc5-aad5-4c30-9ce8-84eb4d079198,KELUARGA SUAMI ADALAH HAMA,cgv,,26017700,,,,2D,2026-05-26,268e0c85-2671-4afc-91aa-d8074af4813f,2026-05-26T16:28:29.783623
195a5cc5-aad5-4c30-9ce8-84eb4d079198,THE SHEEP DETECTIVES,cgv,,26019500,,,,2D,2026-05-26,f9f0572d-45ab-4902-b2aa-7e1fbdc7049a,2026-05-26T16:28:29.783636
195a5cc5-aad5-4c30-9ce8-84eb4d079198,SEKAWAN LIMO RE RELEASE,cgv,,26024900,,,,2D,2026-05-26,15c3733a-2822-4f73-8f0c-00aa984b3b79,2026-05-26T16:28:29.783648
195a5cc5-aad5-4c30-9ce8-84eb4d079198,MONSTER,cgv,,23042200,,,,2D,2026-05-26,9c5d39b7-9341-4148-9e0b-1e66c633f1fd,2026-05-26T16:28:29.783661
195a5cc5-aad5-4c30-9ce8-84eb4d079198,SALMOKJI WHISPERING WATER,cgv,,26019100,,,,2D,2026-05-26,d8b6574d-7606-4af9-a2a9-b76c75c0d20a,2026-05-26T16:28:29.783674
195a5cc5-aad5-4c30-9ce8-84eb4d079198,THE DEVIL WEARS PRADA 2,cgv,,26019800,,,,2D,2026-05-26,a93899ce-edee-472d-bc30-20b348a8509d,2026-05-26T16:28:29.783686
195a5cc5-aad5-4c30-9ce8-84eb4d079198,STAR WARS THE MANDALORIAN AND GROGU 3D,cgv,,26025200,,,,2D,2026-05-26,61d0937b-ddbb-48c9-9ef9-74e8d5a34c7f,2026-05-26T16:28:29.783701
195a5cc5-aad5-4c30-9ce8-84eb4d079198,MOBILE SUIT GUNDAM HATHAWAY,cgv,,26021100,,,,2D,2026-05-26,232023f1-50dc-47e0-8d96-ac9302bf1ca5,2026-05-26T16:28:29.783714
195a5cc5-aad5-4c30-9ce8-84eb4d079198,METHOD ACTING,cgv,,26023400,,,,2D,2026-05-26,f9d9b428-aec8-43f6-9bc9-d5ed886a307f,2026-05-26T16:28:29.783727
195a5cc5-aad5-4c30-9ce8-84eb4d079198,CHAND MERA DIL,cgv,,26026000,,,,2D,2026-05-26,b8ba7b56-5bd7-405b-b2d6-6ece37514c88,2026-05-26T16:28:29.783743
195a5cc5-aad5-4c30-9ce8-84eb4d079198,THAT TIME I GOT REINCARNATED AS A SLIME THE MOVIE TEARS OF THE AZURE SEA,cgv,,26017900,,,,2D,2026-05-26,8fe2c3d8-052c-4a60-8652-a173efe19907,2026-05-26T16:28:29.783757
195a5cc5-aad5-4c30-9ce8-84eb4d079198,THE KINGS WARDEN,cgv,,26015000,,,,2D,2026-05-26,96ae92d7-2c5c-4ee6-83f0-ee969d0b9a19,2026-05-26T16:28:29.783769
195a5cc5-aad5-4c30-9ce8-84eb4d079198,KAMU HARUS MATI,cgv,,26023800,,,,2D,2026-05-26,7c05e1c4-c946-445b-acc1-9862ab43a9d4,2026-05-26T16:28:29.783782
195a5cc5-aad5-4c30-9ce8-84eb4d079198,SUNSHINE WOMENS CHOIR,cgv,,26024400,,,,2D,2026-05-26,d4687559-fc59-49c3-8529-c8faf20ea41c,2026-05-26T16:28:29.783795
195a5cc5-aad5-4c30-9ce8-84eb4d079198,NA WILLA,cgv,,26003200,,,,2D,2026-05-26,79b5fc3d-937e-47d5-8e68-8af007aab511,2026-05-26T16:28:29.783807
195a5cc5-aad5-4c30-9ce8-84eb4d079198,DILAN ITB 1997,cgv,,26016100,,,,2D,2026-05-26,93ef313c-ca26-485f-a9ef-5d772e6d164d,2026-05-26T16:28:29.783820
195a5cc5-aad5-4c30-9ce8-84eb4d079198,PEGASUS 3,cgv,,26025100,,,,2D,2026-05-26,1f10fa79-edaf-4b52-a203-5b7250ff4a59,2026-05-26T16:28:29.783832
0a1a1e24-c17e-4ad9-a1fe-f135c6f5f31c,TUMBAL PROYEK,cgv,,26014300,,,,2D,2026-05-26,ec294c09-d4ed-41b0-a8c1-22a6749027f1,2026-05-26T16:28:33.007541
0a1a1e24-c17e-4ad9-a1fe-f135c6f5f31c,GUDANG MERICA,cgv,,26019400,,,,2D,2026-05-26,0059fe33-5ffc-4f35-b553-0e073b03dfc7,2026-05-26T16:28:33.007589
0a1a1e24-c17e-4ad9-a1fe-f135c6f5f31c,STAR WARS THE MANDALORIAN AND GROGU,cgv,,26021200,,,,2D,2026-05-26,404bf639-f525-431e-a5db-e3f6d6413155,2026-05-26T16:28:33.007626
0a1a1e24-c17e-4ad9-a1fe-f135c6f5f31c,SEMUA AKAN BAIK BAIK SAJA,cgv,,26018100,,,,2D,2026-05-26,527cc41a-937b-4469-90df-d041f026ba9f,2026-05-26T16:28:33.007659
0a1a1e24-c17e-4ad9-a1fe-f135c6f5f31c,GHOST IN THE CELL,cgv,,26011800,,,,2D,2026-05-26,e55482bd-4141-4f69-a742-0fe941002fc5,2026-05-26T16:28:33.007691
0a1a1e24-c17e-4ad9-a1fe-f135c6f5f31c,TEMAN TEGAR MAIRA,cgv,,26005400,,,,2D,2026-05-26,0f235ec4-5c30-4586-aebc-a968f48f3a39,2026-05-26T16:28:33.007722
0a1a1e24-c17e-4ad9-a1fe-f135c6f5f31c,TIBA TIBA SETAN,cgv,,26007500,,,,2D,2026-05-26,960a664c-cd29-45c5-8fdf-f4e4e40a3651,2026-05-26T16:28:33.007753
0a1a1e24-c17e-4ad9-a1fe-f135c6f5f31c,HOKUM,cgv,,26024600,,,,2D,2026-05-26,ebcc3227-5847-4bb9-b2c5-cca87850bb70,2026-05-26T16:28:33.007783
0a1a1e24-c17e-4ad9-a1fe-f135c6f5f31c,MORTAL KOMBAT II,cgv,,26018200,,,,2D,2026-05-26,22641989-41e8-4e4a-a969-05994f55f6f6,2026-05-26T16:28:33.007824
0a1a1e24-c17e-4ad9-a1fe-f135c6f5f31c,GOHAN,cgv,,26022500,,,,2D,2026-05-26,a3815fa8-4694-4289-8da2-302590eb6f6d,2026-05-26T16:28:33.007859
0a1a1e24-c17e-4ad9-a1fe-f135c6f5f31c,AYAH INI ARAHNYA KEMANA YA,cgv,,26011000,,,,2D,2026-05-26,704a11d8-fe50-4c39-95ef-217a9779a960,2026-05-26T16:28:33.007889
0a1a1e24-c17e-4ad9-a1fe-f135c6f5f31c,YANG LAIN BOLEH HILANG ASAL KAU JANGAN,cgv,,26018300,,,,2D,2026-05-26,ab7a3325-ccfe-466d-860f-a8d9d6a6e857,2026-05-26T16:28:33.007919
0a1a1e24-c17e-4ad9-a1fe-f135c6f5f31c,KELUARGA SUAMI ADALAH HAMA,cgv,,26017700,,,,2D,2026-05-26,57f515d6-3c39-4024-8de0-607865964fb3,2026-05-26T16:28:33.007955
0a1a1e24-c17e-4ad9-a1fe-f135c6f5f31c,THE SHEEP DETECTIVES,cgv,,26019500,,,,2D,2026-05-26,0519275e-721f-4cbf-a5c1-fbc090d80b57,2026-05-26T16:28:33.007992
0a1a1e24-c17e-4ad9-a1fe-f135c6f5f31c,SEKAWAN LIMO RE RELEASE,cgv,,26024900,,,,2D,2026-05-26,1826d6c5-b03b-43a2-b4df-59f15a28450e,2026-05-26T16:28:33.008020
0a1a1e24-c17e-4ad9-a1fe-f135c6f5f31c,MONSTER,cgv,,23042200,,,,2D,2026-05-26,971cc74e-e002-4e85-85f7-213c064ebc9d,2026-05-26T16:28:33.008049
0a1a1e24-c17e-4ad9-a1fe-f135c6f5f31c,SALMOKJI WHISPERING WATER,cgv,,26019100,,,,2D,2026-05-26,704a0593-e078-4630-944c-a1127ce99f9c,2026-05-26T16:28:33.008085
0a1a1e24-c17e-4ad9-a1fe-f135c6f5f31c,THE DEVIL WEARS PRADA 2,cgv,,26019800,,,,2D,2026-05-26,0209f82a-41b5-4bd9-9ce0-f5d76df1bbe1,2026-05-26T16:28:33.008115
0a1a1e24-c17e-4ad9-a1fe-f135c6f5f31c,STAR WARS THE MANDALORIAN AND GROGU 3D,cgv,,26025200,,,,2D,2026-05-26,739d2bf3-5d0f-45c0-b275-4e865597fd76,2026-05-26T16:28:33.008157
0a1a1e24-c17e-4ad9-a1fe-f135c6f5f31c,MOBILE SUIT GUNDAM HATHAWAY,cgv,,26021100,,,,2D,2026-05-26,a94711f9-30d9-45d2-9267-4a4b77239372,2026-05-26T16:28:33.008187
0a1a1e24-c17e-4ad9-a1fe-f135c6f5f31c,METHOD ACTING,cgv,,26023400,,,,2D,2026-05-26,739d2457-b0ae-4c32-9847-da3e44640666,2026-05-26T16:28:33.008219
0a1a1e24-c17e-4ad9-a1fe-f135c6f5f31c,CHAND MERA DIL,cgv,,26026000,,,,2D,2026-05-26,d704ee52-834e-48d8-aee2-97f6782e5ba0,2026-05-26T16:28:33.008250
0a1a1e24-c17e-4ad9-a1fe-f135c6f5f31c,THAT TIME I GOT REINCARNATED AS A SLIME THE MOVIE TEARS OF THE AZURE SEA,cgv,,26017900,,,,2D,2026-05-26,f25ede86-5786-4d6a-a687-a59a34e9ff92,2026-05-26T16:28:33.008281
0a1a1e24-c17e-4ad9-a1fe-f135c6f5f31c,THE KINGS WARDEN,cgv,,26015000,,,,2D,2026-05-26,d2cfad9b-e156-43b9-acb1-82dd8491f25f,2026-05-26T16:28:33.008311
0a1a1e24-c17e-4ad9-a1fe-f135c6f5f31c,KAMU HARUS MATI,cgv,,26023800,,,,2D,2026-05-26,2a2efbaf-1595-4307-bd60-146c28b43487,2026-05-26T16:28:33.008340
0a1a1e24-c17e-4ad9-a1fe-f135c6f5f31c,SUNSHINE WOMENS CHOIR,cgv,,26024400,,,,2D,2026-05-26,f71fc136-a2e7-40fb-aa71-1e7a2d18339d,2026-05-26T16:28:33.008368
0a1a1e24-c17e-4ad9-a1fe-f135c6f5f31c,NA WILLA,cgv,,26003200,,,,2D,2026-05-26,ed9c222b-8e25-44d0-a72e-c698cbb24d55,2026-05-26T16:28:33.008403
0a1a1e24-c17e-4ad9-a1fe-f135c6f5f31c,DILAN ITB 1997,cgv,,26016100,,,,2D,2026-05-26,4106d783-923b-4fab-b12a-324b9bb6c73a,2026-05-26T16:28:33.008432
0a1a1e24-c17e-4ad9-a1fe-f135c6f5f31c,PEGASUS 3,cgv,,26025100,,,,2D,2026-05-26,2da6a8eb-a58f-4625-bd86-12c5ae2e4a1f,2026-05-26T16:28:33.008461
4fa9fd4a-b0ef-43be-98d0-7099364962a5,TUMBAL PROYEK,cgv,,26014300,,,,2D,2026-05-26,27fe5f04-c012-4cad-b403-2b7c8e36b7c3,2026-05-26T16:28:33.270372
4fa9fd4a-b0ef-43be-98d0-7099364962a5,GUDANG MERICA,cgv,,26019400,,,,2D,2026-05-26,dd9fe687-7bd4-4ed3-820c-8b7746dd7902,2026-05-26T16:28:33.270426
4fa9fd4a-b0ef-43be-98d0-7099364962a5,STAR WARS THE MANDALORIAN AND GROGU,cgv,,26021200,,,,2D,2026-05-26,fe136a9e-fe29-468b-91bf-969d018e399a,2026-05-26T16:28:33.270478
4fa9fd4a-b0ef-43be-98d0-7099364962a5,SEMUA AKAN BAIK BAIK SAJA,cgv,,26018100,,,,2D,2026-05-26,6b295a4d-7962-483c-88cd-3f6b9aa2a195,2026-05-26T16:28:33.270513
4fa9fd4a-b0ef-43be-98d0-7099364962a5,GHOST IN THE CELL,cgv,,26011800,,,,2D,2026-05-26,a9779892-dc58-450e-9bb2-bc9ddd64b324,2026-05-26T16:28:33.270551
4fa9fd4a-b0ef-43be-98d0-7099364962a5,TEMAN TEGAR MAIRA,cgv,,26005400,,,,2D,2026-05-26,3960d828-9e15-4621-89a3-0894149a121f,2026-05-26T16:28:33.270585
4fa9fd4a-b0ef-43be-98d0-7099364962a5,TIBA TIBA SETAN,cgv,,26007500,,,,2D,2026-05-26,b1861e83-c937-42b8-b90c-5e664e4d3f69,2026-05-26T16:28:33.270618
4fa9fd4a-b0ef-43be-98d0-7099364962a5,HOKUM,cgv,,26024600,,,,2D,2026-05-26,065c8bd6-4bcb-4ba4-a087-c05f15c8b766,2026-05-26T16:28:33.270653
4fa9fd4a-b0ef-43be-98d0-7099364962a5,MORTAL KOMBAT II,cgv,,26018200,,,,2D,2026-05-26,246285b1-317e-49b6-a75a-f5e59bb4337f,2026-05-26T16:28:33.270686
4fa9fd4a-b0ef-43be-98d0-7099364962a5,GOHAN,cgv,,26022500,,,,2D,2026-05-26,311328d7-fea8-40c5-a62e-f8a389aaa571,2026-05-26T16:28:33.270721
4fa9fd4a-b0ef-43be-98d0-7099364962a5,AYAH INI ARAHNYA KEMANA YA,cgv,,26011000,,,,2D,2026-05-26,2e608982-e86a-48c3-9e2d-62863261dbf0,2026-05-26T16:28:33.270753
4fa9fd4a-b0ef-43be-98d0-7099364962a5,YANG LAIN BOLEH HILANG ASAL KAU JANGAN,cgv,,26018300,,,,2D,2026-05-26,df1270a7-a3fd-4cd9-9c59-2e34c65f279d,2026-05-26T16:28:33.270785
4fa9fd4a-b0ef-43be-98d0-7099364962a5,KELUARGA SUAMI ADALAH HAMA,cgv,,26017700,,,,2D,2026-05-26,b10ea465-cd33-4a77-8c28-b1c16b134551,2026-05-26T16:28:33.270820
4fa9fd4a-b0ef-43be-98d0-7099364962a5,THE SHEEP DETECTIVES,cgv,,26019500,,,,2D,2026-05-26,4f2b8306-2126-4c9b-8769-e17ef52757b8,2026-05-26T16:28:33.270851
4fa9fd4a-b0ef-43be-98d0-7099364962a5,SEKAWAN LIMO RE RELEASE,cgv,,26024900,,,,2D,2026-05-26,9a7b45f6-2b31-4256-9a52-062f5848f90e,2026-05-26T16:28:33.270882
4fa9fd4a-b0ef-43be-98d0-7099364962a5,MONSTER,cgv,,23042200,,,,2D,2026-05-26,7f2566e7-a376-426f-857d-49781ceed08d,2026-05-26T16:28:33.270912
4fa9fd4a-b0ef-43be-98d0-7099364962a5,SALMOKJI WHISPERING WATER,cgv,,26019100,,,,2D,2026-05-26,91a4af6e-3b63-4405-aef6-88878dfa657e,2026-05-26T16:28:33.270960
4fa9fd4a-b0ef-43be-98d0-7099364962a5,THE DEVIL WEARS PRADA 2,cgv,,26019800,,,,2D,2026-05-26,2579bbd5-a8ba-4b9f-ad8b-c66530e4d3a7,2026-05-26T16:28:33.270990
4fa9fd4a-b0ef-43be-98d0-7099364962a5,STAR WARS THE MANDALORIAN AND GROGU 3D,cgv,,26025200,,,,2D,2026-05-26,f99da05f-b8de-4ac9-a85e-ae1513cc728d,2026-05-26T16:28:33.271030
4fa9fd4a-b0ef-43be-98d0-7099364962a5,MOBILE SUIT GUNDAM HATHAWAY,cgv,,26021100,,,,2D,2026-05-26,b26669a5-02d7-493c-b327-5411d1704eee,2026-05-26T16:28:33.271060
4fa9fd4a-b0ef-43be-98d0-7099364962a5,METHOD ACTING,cgv,,26023400,,,,2D,2026-05-26,bd56de9f-8675-43a4-bc66-2d2d5a3859ab,2026-05-26T16:28:33.271091
4fa9fd4a-b0ef-43be-98d0-7099364962a5,CHAND MERA DIL,cgv,,26026000,,,,2D,2026-05-26,037def44-6711-46e5-b803-2125e1d3b42a,2026-05-26T16:28:33.271125
4fa9fd4a-b0ef-43be-98d0-7099364962a5,THAT TIME I GOT REINCARNATED AS A SLIME THE MOVIE TEARS OF THE AZURE SEA,cgv,,26017900,,,,2D,2026-05-26,8483907c-743f-47db-bdef-e33197491cd5,2026-05-26T16:28:33.271165
4fa9fd4a-b0ef-43be-98d0-7099364962a5,THE KINGS WARDEN,cgv,,26015000,,,,2D,2026-05-26,9142703f-475b-4265-8dc3-594cfc730530,2026-05-26T16:28:33.271196
4fa9fd4a-b0ef-43be-98d0-7099364962a5,KAMU HARUS MATI,cgv,,26023800,,,,2D,2026-05-26,cb3f53ed-5a1d-40c5-8b44-d7836789cca4,2026-05-26T16:28:33.271235
4fa9fd4a-b0ef-43be-98d0-7099364962a5,SUNSHINE WOMENS CHOIR,cgv,,26024400,,,,2D,2026-05-26,5f1dfc70-f2b9-496d-a545-df101cfd8398,2026-05-26T16:28:33.271267
4fa9fd4a-b0ef-43be-98d0-7099364962a5,NA WILLA,cgv,,26003200,,,,2D,2026-05-26,5042a7f9-6a77-4653-bf36-e1973fe1635e,2026-05-26T16:28:33.271297
4fa9fd4a-b0ef-43be-98d0-7099364962a5,DILAN ITB 1997,cgv,,26016100,,,,2D,2026-05-26,cdc345b5-0f83-42c0-b241-7e77b186aa1d,2026-05-26T16:28:33.271330
4fa9fd4a-b0ef-43be-98d0-7099364962a5,PEGASUS 3,cgv,,26025100,,,,2D,2026-05-26,f30e62d5-30a0-46ea-b91c-dbdd746c0609,2026-05-26T16:28:33.271361
2fc13ba5-90ba-4e7c-be86-bc0914028ff5,TUMBAL PROYEK,cgv,,26014300,,,,2D,2026-05-26,e628b0be-ea01-4ae9-8be6-4401881d255c,2026-05-26T16:28:33.329920
2fc13ba5-90ba-4e7c-be86-bc0914028ff5,GUDANG MERICA,cgv,,26019400,,,,2D,2026-05-26,63dc71e7-5f2c-419e-b2fc-5d702ab5a23c,2026-05-26T16:28:33.329969
2fc13ba5-90ba-4e7c-be86-bc0914028ff5,STAR WARS THE MANDALORIAN AND GROGU,cgv,,26021200,,,,2D,2026-05-26,4aea4e08-3c4a-4eb3-ba49-87d17e113004,2026-05-26T16:28:33.330007
2fc13ba5-90ba-4e7c-be86-bc0914028ff5,SEMUA AKAN BAIK BAIK SAJA,cgv,,26018100,,,,2D,2026-05-26,e2f6ef80-599c-46b3-ae7a-6fab186dec3f,2026-05-26T16:28:33.330040
2fc13ba5-90ba-4e7c-be86-bc0914028ff5,GHOST IN THE CELL,cgv,,26011800,,,,2D,2026-05-26,6e6a1349-fd00-4216-876d-25bf96bce799,2026-05-26T16:28:33.330073
2fc13ba5-90ba-4e7c-be86-bc0914028ff5,TEMAN TEGAR MAIRA,cgv,,26005400,,,,2D,2026-05-26,818e1db4-d671-4a07-9b1a-0c74f50eb7ac,2026-05-26T16:28:33.330105
2fc13ba5-90ba-4e7c-be86-bc0914028ff5,TIBA TIBA SETAN,cgv,,26007500,,,,2D,2026-05-26,f4084a7b-a22e-4635-bace-8a75b13a5e0a,2026-05-26T16:28:33.330136
2fc13ba5-90ba-4e7c-be86-bc0914028ff5,HOKUM,cgv,,26024600,,,,2D,2026-05-26,ea48fc70-7766-4f86-800c-6996a2de56e0,2026-05-26T16:28:33.330167
2fc13ba5-90ba-4e7c-be86-bc0914028ff5,MORTAL KOMBAT II,cgv,,26018200,,,,2D,2026-05-26,930c9c23-eafd-4b34-a2c5-b12585fdca94,2026-05-26T16:28:33.330197
2fc13ba5-90ba-4e7c-be86-bc0914028ff5,GOHAN,cgv,,26022500,,,,2D,2026-05-26,fff5bdec-9554-4d26-b6c8-ef962631c6d3,2026-05-26T16:28:33.330226
2fc13ba5-90ba-4e7c-be86-bc0914028ff5,AYAH INI ARAHNYA KEMANA YA,cgv,,26011000,,,,2D,2026-05-26,6306648f-816b-46d7-b92d-352b082e78b8,2026-05-26T16:28:33.330256
2fc13ba5-90ba-4e7c-be86-bc0914028ff5,YANG LAIN BOLEH HILANG ASAL KAU JANGAN,cgv,,26018300,,,,2D,2026-05-26,f6b1e343-1683-465b-8c56-7ad18d96948a,2026-05-26T16:28:33.330293
2fc13ba5-90ba-4e7c-be86-bc0914028ff5,KELUARGA SUAMI ADALAH HAMA,cgv,,26017700,,,,2D,2026-05-26,49b3c503-3fd9-4909-8cb2-e3ef728acfe4,2026-05-26T16:28:33.330323
2fc13ba5-90ba-4e7c-be86-bc0914028ff5,THE SHEEP DETECTIVES,cgv,,26019500,,,,2D,2026-05-26,d8c0be1c-dc61-4c43-8f96-26456f944af6,2026-05-26T16:28:33.330352
2fc13ba5-90ba-4e7c-be86-bc0914028ff5,SEKAWAN LIMO RE RELEASE,cgv,,26024900,,,,2D,2026-05-26,8812c6f4-6a4f-450b-b90e-a5bfe5c2d27b,2026-05-26T16:28:33.330381
2fc13ba5-90ba-4e7c-be86-bc0914028ff5,MONSTER,cgv,,23042200,,,,2D,2026-05-26,ce45034f-750a-47ff-9c27-ba3a21592ed0,2026-05-26T16:28:33.330410
2fc13ba5-90ba-4e7c-be86-bc0914028ff5,SALMOKJI WHISPERING WATER,cgv,,26019100,,,,2D,2026-05-26,0a20865f-76bd-4df9-a7aa-8297df563022,2026-05-26T16:28:33.330444
2fc13ba5-90ba-4e7c-be86-bc0914028ff5,THE DEVIL WEARS PRADA 2,cgv,,26019800,,,,2D,2026-05-26,2776b0ca-abf9-472a-9e8d-d5a02067f1e3,2026-05-26T16:28:33.330473
2fc13ba5-90ba-4e7c-be86-bc0914028ff5,STAR WARS THE MANDALORIAN AND GROGU 3D,cgv,,26025200,,,,2D,2026-05-26,db788b3a-e1a5-49b6-9211-527c792440c4,2026-05-26T16:28:33.330505
2fc13ba5-90ba-4e7c-be86-bc0914028ff5,MOBILE SUIT GUNDAM HATHAWAY,cgv,,26021100,,,,2D,2026-05-26,3cca4257-a9cf-4ad8-ab8f-10aa7460c139,2026-05-26T16:28:33.330533
2fc13ba5-90ba-4e7c-be86-bc0914028ff5,METHOD ACTING,cgv,,26023400,,,,2D,2026-05-26,66bdcd93-f77e-4878-9316-3ba339e0ce0d,2026-05-26T16:28:33.330561
2fc13ba5-90ba-4e7c-be86-bc0914028ff5,CHAND MERA DIL,cgv,,26026000,,,,2D,2026-05-26,dee41efe-df98-4f6b-8d9b-9764e5e2cda0,2026-05-26T16:28:33.330589
2fc13ba5-90ba-4e7c-be86-bc0914028ff5,THAT TIME I GOT REINCARNATED AS A SLIME THE MOVIE TEARS OF THE AZURE SEA,cgv,,26017900,,,,2D,2026-05-26,6983f845-3cd8-480e-9632-8d1190c9505e,2026-05-26T16:28:33.330618
2fc13ba5-90ba-4e7c-be86-bc0914028ff5,THE KINGS WARDEN,cgv,,26015000,,,,2D,2026-05-26,b2d8d245-ae19-48b3-bcff-0e46278ca467,2026-05-26T16:28:33.330647
2fc13ba5-90ba-4e7c-be86-bc0914028ff5,KAMU HARUS MATI,cgv,,26023800,,,,2D,2026-05-26,bfd5e52b-a6b3-4a07-909b-504d52446c7e,2026-05-26T16:28:33.330682
2fc13ba5-90ba-4e7c-be86-bc0914028ff5,SUNSHINE WOMENS CHOIR,cgv,,26024400,,,,2D,2026-05-26,cdd99bee-dacc-4a79-9933-18e6fce78cd3,2026-05-26T16:28:33.330712
2fc13ba5-90ba-4e7c-be86-bc0914028ff5,NA WILLA,cgv,,26003200,,,,2D,2026-05-26,7f178e40-2083-4358-81f5-4540f0624167,2026-05-26T16:28:33.330741
2fc13ba5-90ba-4e7c-be86-bc0914028ff5,DILAN ITB 1997,cgv,,26016100,,,,2D,2026-05-26,33e9f749-00a9-499d-a6d2-d63d99db0887,2026-05-26T16:28:33.330769
2fc13ba5-90ba-4e7c-be86-bc0914028ff5,PEGASUS 3,cgv,,26025100,,,,2D,2026-05-26,0becb3e1-5449-4080-b400-5f6618cb28a7,2026-05-26T16:28:33.330798
dc167e32-cb4a-4aef-8168-43885d2ef2b4,TUMBAL PROYEK,cgv,,26014300,,,,2D,2026-05-26,e5c02480-ee9f-49e9-a589-c54aec5a7050,2026-05-26T16:28:33.572221
dc167e32-cb4a-4aef-8168-43885d2ef2b4,GUDANG MERICA,cgv,,26019400,,,,2D,2026-05-26,62cc8f3c-2fa0-4552-8735-9f6a942069da,2026-05-26T16:28:33.572284
dc167e32-cb4a-4aef-8168-43885d2ef2b4,STAR WARS THE MANDALORIAN AND GROGU,cgv,,26021200,,,,2D,2026-05-26,a93d4306-d811-42bf-9bde-061b2cfcec69,2026-05-26T16:28:33.572332
dc167e32-cb4a-4aef-8168-43885d2ef2b4,SEMUA AKAN BAIK BAIK SAJA,cgv,,26018100,,,,2D,2026-05-26,ef8cc6ec-3c75-4099-b871-7e3d524fb2c2,2026-05-26T16:28:33.572376
dc167e32-cb4a-4aef-8168-43885d2ef2b4,GHOST IN THE CELL,cgv,,26011800,,,,2D,2026-05-26,4b96d18f-bc42-4b21-9999-d2b57e25eb05,2026-05-26T16:28:33.572421
dc167e32-cb4a-4aef-8168-43885d2ef2b4,TEMAN TEGAR MAIRA,cgv,,26005400,,,,2D,2026-05-26,c4fae835-ede1-44df-b73a-cafef76895fa,2026-05-26T16:28:33.572460
dc167e32-cb4a-4aef-8168-43885d2ef2b4,TIBA TIBA SETAN,cgv,,26007500,,,,2D,2026-05-26,706964b0-842b-4032-b9b8-d5faf22635da,2026-05-26T16:28:33.572502
dc167e32-cb4a-4aef-8168-43885d2ef2b4,HOKUM,cgv,,26024600,,,,2D,2026-05-26,71873d6a-2e97-4a3a-ab51-edb78e324e03,2026-05-26T16:28:33.572545
dc167e32-cb4a-4aef-8168-43885d2ef2b4,MORTAL KOMBAT II,cgv,,26018200,,,,2D,2026-05-26,8ae07bd4-6ec5-4485-b900-3d770f65a237,2026-05-26T16:28:33.572584
dc167e32-cb4a-4aef-8168-43885d2ef2b4,GOHAN,cgv,,26022500,,,,2D,2026-05-26,47e73533-043e-41d7-8125-2c17e2d7b4de,2026-05-26T16:28:33.572621
dc167e32-cb4a-4aef-8168-43885d2ef2b4,AYAH INI ARAHNYA KEMANA YA,cgv,,26011000,,,,2D,2026-05-26,4c4d72ab-9b79-4ffa-8393-d2b0049cb131,2026-05-26T16:28:33.572660
dc167e32-cb4a-4aef-8168-43885d2ef2b4,YANG LAIN BOLEH HILANG ASAL KAU JANGAN,cgv,,26018300,,,,2D,2026-05-26,e5612b13-1d06-4fb0-b2a7-ae5dd50d5c0a,2026-05-26T16:28:33.572695
dc167e32-cb4a-4aef-8168-43885d2ef2b4,KELUARGA SUAMI ADALAH HAMA,cgv,,26017700,,,,2D,2026-05-26,9a5b0be0-75de-4154-9c9d-dc6652add841,2026-05-26T16:28:33.572724
dc167e32-cb4a-4aef-8168-43885d2ef2b4,THE SHEEP DETECTIVES,cgv,,26019500,,,,2D,2026-05-26,e625c7e5-6056-480c-adc9-9eba72ec28d8,2026-05-26T16:28:33.572753
dc167e32-cb4a-4aef-8168-43885d2ef2b4,SEKAWAN LIMO RE RELEASE,cgv,,26024900,,,,2D,2026-05-26,e53ac9d7-10df-4383-a302-71d5e6cfe5ee,2026-05-26T16:28:33.572782
dc167e32-cb4a-4aef-8168-43885d2ef2b4,MONSTER,cgv,,23042200,,,,2D,2026-05-26,9c2804c5-42b4-45ee-82f5-3e991900a8fd,2026-05-26T16:28:33.572816
dc167e32-cb4a-4aef-8168-43885d2ef2b4,SALMOKJI WHISPERING WATER,cgv,,26019100,,,,2D,2026-05-26,fa97a6d6-9cf2-454d-bb41-d91b04f1cd98,2026-05-26T16:28:33.572845
dc167e32-cb4a-4aef-8168-43885d2ef2b4,THE DEVIL WEARS PRADA 2,cgv,,26019800,,,,2D,2026-05-26,4a603433-be24-4510-bc5e-2b21ef7eaaa9,2026-05-26T16:28:33.572874
dc167e32-cb4a-4aef-8168-43885d2ef2b4,STAR WARS THE MANDALORIAN AND GROGU 3D,cgv,,26025200,,,,2D,2026-05-26,2fb1da82-7390-4249-91ea-c46797018d1c,2026-05-26T16:28:33.572909
dc167e32-cb4a-4aef-8168-43885d2ef2b4,MOBILE SUIT GUNDAM HATHAWAY,cgv,,26021100,,,,2D,2026-05-26,058567cb-9ed8-49ff-bda8-5785085e7ec9,2026-05-26T16:28:33.572947
dc167e32-cb4a-4aef-8168-43885d2ef2b4,METHOD ACTING,cgv,,26023400,,,,2D,2026-05-26,713ffa5c-e5bf-4bc0-9bd8-4caf1cd2399c,2026-05-26T16:28:33.572976
dc167e32-cb4a-4aef-8168-43885d2ef2b4,CHAND MERA DIL,cgv,,26026000,,,,2D,2026-05-26,73a952df-015e-42e5-bc75-59ecbeba8c7e,2026-05-26T16:28:33.573005
dc167e32-cb4a-4aef-8168-43885d2ef2b4,THAT TIME I GOT REINCARNATED AS A SLIME THE MOVIE TEARS OF THE AZURE SEA,cgv,,26017900,,,,2D,2026-05-26,e6bf34fc-29bb-48a2-95b7-8a6c1a9eeae6,2026-05-26T16:28:33.573037
dc167e32-cb4a-4aef-8168-43885d2ef2b4,THE KINGS WARDEN,cgv,,26015000,,,,2D,2026-05-26,00fb2be0-23d8-4249-88a3-8b5297377a53,2026-05-26T16:28:33.573068
dc167e32-cb4a-4aef-8168-43885d2ef2b4,KAMU HARUS MATI,cgv,,26023800,,,,2D,2026-05-26,4cdc3342-6de2-4469-84cb-d3f36d12aba2,2026-05-26T16:28:33.573099
dc167e32-cb4a-4aef-8168-43885d2ef2b4,SUNSHINE WOMENS CHOIR,cgv,,26024400,,,,2D,2026-05-26,5f5dd470-d683-47bb-b8fe-0e5270471064,2026-05-26T16:28:33.573128
dc167e32-cb4a-4aef-8168-43885d2ef2b4,NA WILLA,cgv,,26003200,,,,2D,2026-05-26,f5dc5c3b-7958-4376-a141-f0b5fd4d790f,2026-05-26T16:28:33.573157
dc167e32-cb4a-4aef-8168-43885d2ef2b4,DILAN ITB 1997,cgv,,26016100,,,,2D,2026-05-26,3a1f1135-5207-4eae-bd8b-c5254e6802ca,2026-05-26T16:28:33.573186
dc167e32-cb4a-4aef-8168-43885d2ef2b4,PEGASUS 3,cgv,,26025100,,,,2D,2026-05-26,d4d60d41-e16f-477d-bbfd-a7758b1cf747,2026-05-26T16:28:33.573215
26088f07-8825-4ed5-a6dc-06e854ba1ff7,TUMBAL PROYEK,cgv,,26014300,,,,2D,2026-05-26,f28ce5eb-92ba-44f2-bab5-f42fd9472601,2026-05-26T16:28:34.184637
26088f07-8825-4ed5-a6dc-06e854ba1ff7,GUDANG MERICA,cgv,,26019400,,,,2D,2026-05-26,13cd4d16-950e-4a99-aee3-d74924b72ba8,2026-05-26T16:28:34.184682
26088f07-8825-4ed5-a6dc-06e854ba1ff7,STAR WARS THE MANDALORIAN AND GROGU,cgv,,26021200,,,,2D,2026-05-26,96c3384a-e294-46b5-b1f4-6eb04978e865,2026-05-26T16:28:34.184721
26088f07-8825-4ed5-a6dc-06e854ba1ff7,SEMUA AKAN BAIK BAIK SAJA,cgv,,26018100,,,,2D,2026-05-26,7acc4541-f4df-4a4f-9780-21c6b08d813b,2026-05-26T16:28:34.184756
26088f07-8825-4ed5-a6dc-06e854ba1ff7,GHOST IN THE CELL,cgv,,26011800,,,,2D,2026-05-26,415f5277-0205-420e-afa8-aaee1ed28eb9,2026-05-26T16:28:34.184791
26088f07-8825-4ed5-a6dc-06e854ba1ff7,TEMAN TEGAR MAIRA,cgv,,26005400,,,,2D,2026-05-26,71ce2858-95b1-4d81-860d-8fff0770ff23,2026-05-26T16:28:34.184821
26088f07-8825-4ed5-a6dc-06e854ba1ff7,TIBA TIBA SETAN,cgv,,26007500,,,,2D,2026-05-26,438fb639-78fc-4843-a8dc-6112db5f3dc0,2026-05-26T16:28:34.184851
26088f07-8825-4ed5-a6dc-06e854ba1ff7,HOKUM,cgv,,26024600,,,,2D,2026-05-26,741e9e81-c148-449e-86ae-d0fe57ded12e,2026-05-26T16:28:34.184885
26088f07-8825-4ed5-a6dc-06e854ba1ff7,MORTAL KOMBAT II,cgv,,26018200,,,,2D,2026-05-26,e63ee0c3-5606-4965-a639-cb7cafe6dd42,2026-05-26T16:28:34.184915
26088f07-8825-4ed5-a6dc-06e854ba1ff7,GOHAN,cgv,,26022500,,,,2D,2026-05-26,18ca555f-9b24-42ac-a404-ecd3f23d9ef4,2026-05-26T16:28:34.184945
26088f07-8825-4ed5-a6dc-06e854ba1ff7,AYAH INI ARAHNYA KEMANA YA,cgv,,26011000,,,,2D,2026-05-26,2145d6c4-513f-4f9d-bc7a-683b3e1cd3e8,2026-05-26T16:28:34.184975
26088f07-8825-4ed5-a6dc-06e854ba1ff7,YANG LAIN BOLEH HILANG ASAL KAU JANGAN,cgv,,26018300,,,,2D,2026-05-26,c59d1b80-db90-47c5-be97-10b3c3bb2748,2026-05-26T16:28:34.185008
26088f07-8825-4ed5-a6dc-06e854ba1ff7,KELUARGA SUAMI ADALAH HAMA,cgv,,26017700,,,,2D,2026-05-26,81e6d9cf-e3df-47ce-b56e-ef817a079c12,2026-05-26T16:28:34.185043
26088f07-8825-4ed5-a6dc-06e854ba1ff7,THE SHEEP DETECTIVES,cgv,,26019500,,,,2D,2026-05-26,d697091a-955a-458d-810b-aced9fba6326,2026-05-26T16:28:34.185078
26088f07-8825-4ed5-a6dc-06e854ba1ff7,SEKAWAN LIMO RE RELEASE,cgv,,26024900,,,,2D,2026-05-26,1fe562dc-87cd-4d7e-8654-315e58f3ea9b,2026-05-26T16:28:34.185108
26088f07-8825-4ed5-a6dc-06e854ba1ff7,MONSTER,cgv,,23042200,,,,2D,2026-05-26,316c9a47-25df-46e6-8677-b8d9292c1318,2026-05-26T16:28:34.185137
26088f07-8825-4ed5-a6dc-06e854ba1ff7,SALMOKJI WHISPERING WATER,cgv,,26019100,,,,2D,2026-05-26,9f39fbdd-05e2-486e-8bbc-3e14c0cb43ba,2026-05-26T16:28:34.185165
26088f07-8825-4ed5-a6dc-06e854ba1ff7,THE DEVIL WEARS PRADA 2,cgv,,26019800,,,,2D,2026-05-26,791685be-51e8-4a2d-8798-950cbccaac36,2026-05-26T16:28:34.185195
26088f07-8825-4ed5-a6dc-06e854ba1ff7,STAR WARS THE MANDALORIAN AND GROGU 3D,cgv,,26025200,,,,2D,2026-05-26,b35ff48b-f1ce-400a-9e11-45cf3236fa9f,2026-05-26T16:28:34.185227
26088f07-8825-4ed5-a6dc-06e854ba1ff7,MOBILE SUIT GUNDAM HATHAWAY,cgv,,26021100,,,,2D,2026-05-26,591785a3-f4fb-4eae-b4b9-d31abbf977a3,2026-05-26T16:28:34.185265
26088f07-8825-4ed5-a6dc-06e854ba1ff7,METHOD ACTING,cgv,,26023400,,,,2D,2026-05-26,63fa5bdb-71f4-4d59-b211-7ea99cc91c2b,2026-05-26T16:28:34.185296
26088f07-8825-4ed5-a6dc-06e854ba1ff7,CHAND MERA DIL,cgv,,26026000,,,,2D,2026-05-26,f09b9477-74dd-42a2-aa01-83a6013833db,2026-05-26T16:28:34.185325
26088f07-8825-4ed5-a6dc-06e854ba1ff7,THAT TIME I GOT REINCARNATED AS A SLIME THE MOVIE TEARS OF THE AZURE SEA,cgv,,26017900,,,,2D,2026-05-26,efac4716-6df7-4daf-8f9e-b8303cab51cd,2026-05-26T16:28:34.185355
26088f07-8825-4ed5-a6dc-06e854ba1ff7,THE KINGS WARDEN,cgv,,26015000,,,,2D,2026-05-26,b5407af2-696a-4f21-9ade-7d202fb33985,2026-05-26T16:28:34.185384
26088f07-8825-4ed5-a6dc-06e854ba1ff7,KAMU HARUS MATI,cgv,,26023800,,,,2D,2026-05-26,e5789235-9775-4c6c-bacd-f23e401ce0ec,2026-05-26T16:28:34.185412
26088f07-8825-4ed5-a6dc-06e854ba1ff7,SUNSHINE WOMENS CHOIR,cgv,,26024400,,,,2D,2026-05-26,c45de60e-e65f-4027-a670-91704c5ca5c6,2026-05-26T16:28:34.185440
26088f07-8825-4ed5-a6dc-06e854ba1ff7,NA WILLA,cgv,,26003200,,,,2D,2026-05-26,a408c011-edef-43e5-89dd-529e0dbdc2c8,2026-05-26T16:28:34.185468
26088f07-8825-4ed5-a6dc-06e854ba1ff7,DILAN ITB 1997,cgv,,26016100,,,,2D,2026-05-26,7184f6e1-e413-4ca2-b3f5-13744419144f,2026-05-26T16:28:34.185497
26088f07-8825-4ed5-a6dc-06e854ba1ff7,PEGASUS 3,cgv,,26025100,,,,2D,2026-05-26,730701f0-4ef6-4447-a59e-e492eeea69a8,2026-05-26T16:28:34.185525
789708ea-229c-41b0-b824-c1001ac2f706,TUMBAL PROYEK,cgv,,26014300,,,,2D,2026-05-26,350d1fb2-e24f-46df-aa5e-a7ae5ebd8d41,2026-05-26T16:28:36.703724
789708ea-229c-41b0-b824-c1001ac2f706,GUDANG MERICA,cgv,,26019400,,,,2D,2026-05-26,99d961a1-f7e5-4381-8714-698a689d4016,2026-05-26T16:28:36.703757
789708ea-229c-41b0-b824-c1001ac2f706,STAR WARS THE MANDALORIAN AND GROGU,cgv,,26021200,,,,2D,2026-05-26,fb59f5e2-3379-433c-92e9-920b5e897a9e,2026-05-26T16:28:36.703783
789708ea-229c-41b0-b824-c1001ac2f706,SEMUA AKAN BAIK BAIK SAJA,cgv,,26018100,,,,2D,2026-05-26,8a331920-f768-4c9f-ad4e-0c1acc65b3c6,2026-05-26T16:28:36.703805
789708ea-229c-41b0-b824-c1001ac2f706,GHOST IN THE CELL,cgv,,26011800,,,,2D,2026-05-26,619b2630-a966-4d97-9dc7-1290484c1a7c,2026-05-26T16:28:36.703828
789708ea-229c-41b0-b824-c1001ac2f706,TEMAN TEGAR MAIRA,cgv,,26005400,,,,2D,2026-05-26,016fdc11-bbc3-47ba-819d-79a54112bbde,2026-05-26T16:28:36.703851
789708ea-229c-41b0-b824-c1001ac2f706,TIBA TIBA SETAN,cgv,,26007500,,,,2D,2026-05-26,a29b7bbf-8d81-4a2b-a235-6a18c684fcee,2026-05-26T16:28:36.703873
789708ea-229c-41b0-b824-c1001ac2f706,HOKUM,cgv,,26024600,,,,2D,2026-05-26,09f04f89-3915-4ae3-a075-a289e17db566,2026-05-26T16:28:36.703895
789708ea-229c-41b0-b824-c1001ac2f706,MORTAL KOMBAT II,cgv,,26018200,,,,2D,2026-05-26,7522b6e0-ee54-4e8c-b791-60d5a1738d11,2026-05-26T16:28:36.703916
789708ea-229c-41b0-b824-c1001ac2f706,GOHAN,cgv,,26022500,,,,2D,2026-05-26,34b8992d-32c9-43fa-bf22-0f77183d86be,2026-05-26T16:28:36.703937
789708ea-229c-41b0-b824-c1001ac2f706,AYAH INI ARAHNYA KEMANA YA,cgv,,26011000,,,,2D,2026-05-26,da192d80-fcc3-4ae5-9aec-e98ba138be14,2026-05-26T16:28:36.703958
789708ea-229c-41b0-b824-c1001ac2f706,YANG LAIN BOLEH HILANG ASAL KAU JANGAN,cgv,,26018300,,,,2D,2026-05-26,f688e622-52f4-4c54-9e47-ac8311bb9c8c,2026-05-26T16:28:36.703979
789708ea-229c-41b0-b824-c1001ac2f706,KELUARGA SUAMI ADALAH HAMA,cgv,,26017700,,,,2D,2026-05-26,4f84d21f-448d-409f-91e0-68989afdfc2b,2026-05-26T16:28:36.704000
789708ea-229c-41b0-b824-c1001ac2f706,THE SHEEP DETECTIVES,cgv,,26019500,,,,2D,2026-05-26,f8ca6406-088d-4c44-aa5a-7c3e2eb736ef,2026-05-26T16:28:36.704020
789708ea-229c-41b0-b824-c1001ac2f706,SEKAWAN LIMO RE RELEASE,cgv,,26024900,,,,2D,2026-05-26,7243c463-2e23-42f1-ab57-8ff8eaad8251,2026-05-26T16:28:36.704040
789708ea-229c-41b0-b824-c1001ac2f706,MONSTER,cgv,,23042200,,,,2D,2026-05-26,914c6d23-338a-4710-9106-8018282704aa,2026-05-26T16:28:36.704060
789708ea-229c-41b0-b824-c1001ac2f706,SALMOKJI WHISPERING WATER,cgv,,26019100,,,,2D,2026-05-26,23b01b28-c17d-43a1-97be-cc39ccd38e2d,2026-05-26T16:28:36.704087
789708ea-229c-41b0-b824-c1001ac2f706,THE DEVIL WEARS PRADA 2,cgv,,26019800,,,,2D,2026-05-26,47168648-5389-4664-9ab7-b051719e032a,2026-05-26T16:28:36.704108
789708ea-229c-41b0-b824-c1001ac2f706,STAR WARS THE MANDALORIAN AND GROGU 3D,cgv,,26025200,,,,2D,2026-05-26,01f4ed6c-200f-4258-96c1-3162b9cd01e7,2026-05-26T16:28:36.704134
789708ea-229c-41b0-b824-c1001ac2f706,MOBILE SUIT GUNDAM HATHAWAY,cgv,,26021100,,,,2D,2026-05-26,f2301ea4-6e02-450f-a7ff-29f83cde1ae2,2026-05-26T16:28:36.704154
789708ea-229c-41b0-b824-c1001ac2f706,METHOD ACTING,cgv,,26023400,,,,2D,2026-05-26,26ebb2ac-0f42-4a46-9068-f9abfd13d294,2026-05-26T16:28:36.704174
789708ea-229c-41b0-b824-c1001ac2f706,CHAND MERA DIL,cgv,,26026000,,,,2D,2026-05-26,2a95b32d-ae60-4b62-a350-10202a1f9261,2026-05-26T16:28:36.704194
789708ea-229c-41b0-b824-c1001ac2f706,THAT TIME I GOT REINCARNATED AS A SLIME THE MOVIE TEARS OF THE AZURE SEA,cgv,,26017900,,,,2D,2026-05-26,b1b17984-a0e0-4611-ad4f-24261fbd7d66,2026-05-26T16:28:36.704216
789708ea-229c-41b0-b824-c1001ac2f706,THE KINGS WARDEN,cgv,,26015000,,,,2D,2026-05-26,ff5ff076-e4d2-48b8-aa47-61ad99239853,2026-05-26T16:28:36.704242
789708ea-229c-41b0-b824-c1001ac2f706,KAMU HARUS MATI,cgv,,26023800,,,,2D,2026-05-26,f793afe4-691d-404c-bd0c-6483905e24c8,2026-05-26T16:28:36.704263
789708ea-229c-41b0-b824-c1001ac2f706,SUNSHINE WOMENS CHOIR,cgv,,26024400,,,,2D,2026-05-26,1175e498-c37e-440f-8d18-a18b662705ff,2026-05-26T16:28:36.704282
789708ea-229c-41b0-b824-c1001ac2f706,NA WILLA,cgv,,26003200,,,,2D,2026-05-26,f3559519-431a-4499-86aa-f855780ca70c,2026-05-26T16:28:36.704320
789708ea-229c-41b0-b824-c1001ac2f706,DILAN ITB 1997,cgv,,26016100,,,,2D,2026-05-26,82247ebb-5170-4caf-92b4-35b64e436060,2026-05-26T16:28:36.704342
789708ea-229c-41b0-b824-c1001ac2f706,PEGASUS 3,cgv,,26025100,,,,2D,2026-05-26,656125d0-6e17-406e-8e17-74fd215d8cd3,2026-05-26T16:28:36.704362
2ad3b48e-287b-44f6-8f4d-4992b7651a0a,TUMBAL PROYEK,cgv,,26014300,,,,2D,2026-05-26,38d69194-0c9a-421c-8caf-83060ae77195,2026-05-26T16:28:36.820384
2ad3b48e-287b-44f6-8f4d-4992b7651a0a,GUDANG MERICA,cgv,,26019400,,,,2D,2026-05-26,b9586c86-ae14-477e-9496-f20cd3893771,2026-05-26T16:28:36.820423
2ad3b48e-287b-44f6-8f4d-4992b7651a0a,STAR WARS THE MANDALORIAN AND GROGU,cgv,,26021200,,,,2D,2026-05-26,8adfbfe9-e2b0-4f7d-ac45-1a5063fda6c6,2026-05-26T16:28:36.820453
2ad3b48e-287b-44f6-8f4d-4992b7651a0a,SEMUA AKAN BAIK BAIK SAJA,cgv,,26018100,,,,2D,2026-05-26,02da8c1c-9fe9-46ff-9bb6-288a3ba56fe6,2026-05-26T16:28:36.820481
2ad3b48e-287b-44f6-8f4d-4992b7651a0a,GHOST IN THE CELL,cgv,,26011800,,,,2D,2026-05-26,b06b8ec0-a03e-4738-9b16-aca16466473a,2026-05-26T16:28:36.820507
2ad3b48e-287b-44f6-8f4d-4992b7651a0a,TEMAN TEGAR MAIRA,cgv,,26005400,,,,2D,2026-05-26,9cf2433f-4e20-4001-80c1-a9b11164ebfb,2026-05-26T16:28:36.820532
2ad3b48e-287b-44f6-8f4d-4992b7651a0a,TIBA TIBA SETAN,cgv,,26007500,,,,2D,2026-05-26,9a6583ba-c77b-43b4-9083-7f77d22685c3,2026-05-26T16:28:36.820557
2ad3b48e-287b-44f6-8f4d-4992b7651a0a,HOKUM,cgv,,26024600,,,,2D,2026-05-26,fa93fba9-3551-4d85-a026-6ec42be4e938,2026-05-26T16:28:36.820581
2ad3b48e-287b-44f6-8f4d-4992b7651a0a,MORTAL KOMBAT II,cgv,,26018200,,,,2D,2026-05-26,806639d2-47ec-4086-9fdb-769e2b670847,2026-05-26T16:28:36.820605
2ad3b48e-287b-44f6-8f4d-4992b7651a0a,GOHAN,cgv,,26022500,,,,2D,2026-05-26,51b5b9be-48f4-4174-a122-e2a8bb8c0953,2026-05-26T16:28:36.820629
2ad3b48e-287b-44f6-8f4d-4992b7651a0a,AYAH INI ARAHNYA KEMANA YA,cgv,,26011000,,,,2D,2026-05-26,e554bd6c-bb5a-4093-9a1d-a200f1b3ab23,2026-05-26T16:28:36.820653
2ad3b48e-287b-44f6-8f4d-4992b7651a0a,YANG LAIN BOLEH HILANG ASAL KAU JANGAN,cgv,,26018300,,,,2D,2026-05-26,a75d5ec0-3ac7-4b4d-a2b2-9dd33c873b10,2026-05-26T16:28:36.820677
2ad3b48e-287b-44f6-8f4d-4992b7651a0a,KELUARGA SUAMI ADALAH HAMA,cgv,,26017700,,,,2D,2026-05-26,ab57de83-6f95-4fb7-b6e7-21f4a6ded1f4,2026-05-26T16:28:36.820701
2ad3b48e-287b-44f6-8f4d-4992b7651a0a,THE SHEEP DETECTIVES,cgv,,26019500,,,,2D,2026-05-26,75ef125d-bd20-462a-93c5-cbff60f7e5b5,2026-05-26T16:28:36.820724
2ad3b48e-287b-44f6-8f4d-4992b7651a0a,SEKAWAN LIMO RE RELEASE,cgv,,26024900,,,,2D,2026-05-26,a72e699a-f1e2-4f96-b782-2d25c9e6e559,2026-05-26T16:28:36.820747
2ad3b48e-287b-44f6-8f4d-4992b7651a0a,MONSTER,cgv,,23042200,,,,2D,2026-05-26,6ae9fa01-14a6-43eb-bec8-24ba7631d2d6,2026-05-26T16:28:36.820770
2ad3b48e-287b-44f6-8f4d-4992b7651a0a,SALMOKJI WHISPERING WATER,cgv,,26019100,,,,2D,2026-05-26,1cd1bf37-a247-45de-9f6e-8cc6cab7ec19,2026-05-26T16:28:36.820982
2ad3b48e-287b-44f6-8f4d-4992b7651a0a,THE DEVIL WEARS PRADA 2,cgv,,26019800,,,,2D,2026-05-26,8c69a987-b4d6-4d47-a687-f452e17a60f5,2026-05-26T16:28:36.821008
2ad3b48e-287b-44f6-8f4d-4992b7651a0a,STAR WARS THE MANDALORIAN AND GROGU 3D,cgv,,26025200,,,,2D,2026-05-26,bdcaa35d-16a9-446d-81b5-821e32d43669,2026-05-26T16:28:36.821035
2ad3b48e-287b-44f6-8f4d-4992b7651a0a,MOBILE SUIT GUNDAM HATHAWAY,cgv,,26021100,,,,2D,2026-05-26,49c000fc-81e7-49da-84f4-a7eec3345e0d,2026-05-26T16:28:36.821059
2ad3b48e-287b-44f6-8f4d-4992b7651a0a,METHOD ACTING,cgv,,26023400,,,,2D,2026-05-26,5bc79b59-a07f-4a01-9488-308d24673bfc,2026-05-26T16:28:36.821083
2ad3b48e-287b-44f6-8f4d-4992b7651a0a,CHAND MERA DIL,cgv,,26026000,,,,2D,2026-05-26,0bafedfd-d6de-49eb-a04d-309724c52766,2026-05-26T16:28:36.821108
2ad3b48e-287b-44f6-8f4d-4992b7651a0a,THAT TIME I GOT REINCARNATED AS A SLIME THE MOVIE TEARS OF THE AZURE SEA,cgv,,26017900,,,,2D,2026-05-26,af2557d1-1086-423c-9e02-1bebda9a8e5d,2026-05-26T16:28:36.821133
2ad3b48e-287b-44f6-8f4d-4992b7651a0a,THE KINGS WARDEN,cgv,,26015000,,,,2D,2026-05-26,4356d48f-c38a-492b-8d22-2a7b60f38c9f,2026-05-26T16:28:36.821156
2ad3b48e-287b-44f6-8f4d-4992b7651a0a,KAMU HARUS MATI,cgv,,26023800,,,,2D,2026-05-26,e3828444-13bd-47ff-a9c2-dc76814229ca,2026-05-26T16:28:36.821179
2ad3b48e-287b-44f6-8f4d-4992b7651a0a,SUNSHINE WOMENS CHOIR,cgv,,26024400,,,,2D,2026-05-26,3dd2173e-f772-4d7a-a77f-5f9016cfa095,2026-05-26T16:28:36.821203
2ad3b48e-287b-44f6-8f4d-4992b7651a0a,NA WILLA,cgv,,26003200,,,,2D,2026-05-26,465bc14f-6e19-444d-af80-320bf3e4882c,2026-05-26T16:28:36.821226
2ad3b48e-287b-44f6-8f4d-4992b7651a0a,DILAN ITB 1997,cgv,,26016100,,,,2D,2026-05-26,ada4ca44-3973-4c18-8c59-24a7f1f9e7c0,2026-05-26T16:28:36.821250
2ad3b48e-287b-44f6-8f4d-4992b7651a0a,PEGASUS 3,cgv,,26025100,,,,2D,2026-05-26,64fbe212-e822-482f-80f7-970f0a6d028f,2026-05-26T16:28:36.821273
16e5cbf0-f966-4b05-a289-5ac46662bf9f,TUMBAL PROYEK,cgv,,26014300,,,,2D,2026-05-26,b10cb0b1-8e40-4944-8f83-6d8b56205c86,2026-05-26T16:28:36.707641
16e5cbf0-f966-4b05-a289-5ac46662bf9f,GUDANG MERICA,cgv,,26019400,,,,2D,2026-05-26,bc43a7f1-c57d-450f-a3f7-ff23bb4e4085,2026-05-26T16:28:36.707662
16e5cbf0-f966-4b05-a289-5ac46662bf9f,STAR WARS THE MANDALORIAN AND GROGU,cgv,,26021200,,,,2D,2026-05-26,2d9c4570-bc6d-42fc-b552-24c1c312fd6f,2026-05-26T16:28:36.707682
16e5cbf0-f966-4b05-a289-5ac46662bf9f,SEMUA AKAN BAIK BAIK SAJA,cgv,,26018100,,,,2D,2026-05-26,ea7b057e-89bc-4e3d-80ad-f7ae0bfe9787,2026-05-26T16:28:36.707699
16e5cbf0-f966-4b05-a289-5ac46662bf9f,GHOST IN THE CELL,cgv,,26011800,,,,2D,2026-05-26,07d761de-b888-40f6-89d1-acf3afeecf42,2026-05-26T16:28:36.707718
16e5cbf0-f966-4b05-a289-5ac46662bf9f,TEMAN TEGAR MAIRA,cgv,,26005400,,,,2D,2026-05-26,199bb98a-f94b-45d9-be73-4eac8ddab6a1,2026-05-26T16:28:36.707736
16e5cbf0-f966-4b05-a289-5ac46662bf9f,TIBA TIBA SETAN,cgv,,26007500,,,,2D,2026-05-26,784707bf-025a-4f28-85ca-ccce6efcb9a0,2026-05-26T16:28:36.707754
16e5cbf0-f966-4b05-a289-5ac46662bf9f,HOKUM,cgv,,26024600,,,,2D,2026-05-26,23c7508b-e6de-41e9-a59c-54d368dbe422,2026-05-26T16:28:36.707772
16e5cbf0-f966-4b05-a289-5ac46662bf9f,MORTAL KOMBAT II,cgv,,26018200,,,,2D,2026-05-26,8636d1d5-66a8-4500-997c-84534e486350,2026-05-26T16:28:36.707789
16e5cbf0-f966-4b05-a289-5ac46662bf9f,GOHAN,cgv,,26022500,,,,2D,2026-05-26,7e241d39-65d5-4dec-901e-40cc3dd70434,2026-05-26T16:28:36.707807
16e5cbf0-f966-4b05-a289-5ac46662bf9f,AYAH INI ARAHNYA KEMANA YA,cgv,,26011000,,,,2D,2026-05-26,ee17b14a-15e2-4b8e-a0da-339d646dfc32,2026-05-26T16:28:36.707824
16e5cbf0-f966-4b05-a289-5ac46662bf9f,YANG LAIN BOLEH HILANG ASAL KAU JANGAN,cgv,,26018300,,,,2D,2026-05-26,e38224ac-3701-4bb4-97e2-3f26aa5fba67,2026-05-26T16:28:36.707842
16e5cbf0-f966-4b05-a289-5ac46662bf9f,KELUARGA SUAMI ADALAH HAMA,cgv,,26017700,,,,2D,2026-05-26,775bc2b3-1df3-460f-8278-eb5e0ebf7c11,2026-05-26T16:28:36.707860
16e5cbf0-f966-4b05-a289-5ac46662bf9f,THE SHEEP DETECTIVES,cgv,,26019500,,,,2D,2026-05-26,105cde5e-d8f7-4129-9f65-04dfa10f077b,2026-05-26T16:28:36.707877
16e5cbf0-f966-4b05-a289-5ac46662bf9f,SEKAWAN LIMO RE RELEASE,cgv,,26024900,,,,2D,2026-05-26,c150fc64-f89b-4535-be1f-633f5ea06ddc,2026-05-26T16:28:36.707895
16e5cbf0-f966-4b05-a289-5ac46662bf9f,MONSTER,cgv,,23042200,,,,2D,2026-05-26,89b034bd-6020-4448-8da5-ca80e512484a,2026-05-26T16:28:36.707912
16e5cbf0-f966-4b05-a289-5ac46662bf9f,SALMOKJI WHISPERING WATER,cgv,,26019100,,,,2D,2026-05-26,76114083-a8b2-4fe5-b80a-841205a617b9,2026-05-26T16:28:36.707930
16e5cbf0-f966-4b05-a289-5ac46662bf9f,THE DEVIL WEARS PRADA 2,cgv,,26019800,,,,2D,2026-05-26,65d496c2-21cd-43bb-b4c3-09366da63511,2026-05-26T16:28:36.707948
16e5cbf0-f966-4b05-a289-5ac46662bf9f,STAR WARS THE MANDALORIAN AND GROGU 3D,cgv,,26025200,,,,2D,2026-05-26,badab56a-f7fa-4a79-86aa-efe2458bb07d,2026-05-26T16:28:36.707966
16e5cbf0-f966-4b05-a289-5ac46662bf9f,MOBILE SUIT GUNDAM HATHAWAY,cgv,,26021100,,,,2D,2026-05-26,d8e62a04-6c6f-47c1-b092-d17f4597958c,2026-05-26T16:28:36.707984
16e5cbf0-f966-4b05-a289-5ac46662bf9f,METHOD ACTING,cgv,,26023400,,,,2D,2026-05-26,b940166a-9e52-497b-a76d-4f1d5f07d360,2026-05-26T16:28:36.708001
16e5cbf0-f966-4b05-a289-5ac46662bf9f,CHAND MERA DIL,cgv,,26026000,,,,2D,2026-05-26,2ffc7098-8d29-4a31-a1fb-4d10a3b475d7,2026-05-26T16:28:36.708018
16e5cbf0-f966-4b05-a289-5ac46662bf9f,THAT TIME I GOT REINCARNATED AS A SLIME THE MOVIE TEARS OF THE AZURE SEA,cgv,,26017900,,,,2D,2026-05-26,fb6d2504-5da0-42e9-baf4-2b3c760837f1,2026-05-26T16:28:36.708036
16e5cbf0-f966-4b05-a289-5ac46662bf9f,THE KINGS WARDEN,cgv,,26015000,,,,2D,2026-05-26,8f38462c-08b3-444f-9ec9-fad4b47724ed,2026-05-26T16:28:36.708054
16e5cbf0-f966-4b05-a289-5ac46662bf9f,KAMU HARUS MATI,cgv,,26023800,,,,2D,2026-05-26,c73b68f1-c1cc-4062-8c83-2e59cfc60677,2026-05-26T16:28:36.708071
16e5cbf0-f966-4b05-a289-5ac46662bf9f,SUNSHINE WOMENS CHOIR,cgv,,26024400,,,,2D,2026-05-26,5a899946-346c-49cc-a685-197ea9e33f8d,2026-05-26T16:28:36.708089
16e5cbf0-f966-4b05-a289-5ac46662bf9f,NA WILLA,cgv,,26003200,,,,2D,2026-05-26,80977446-0059-49cb-9933-5ea9b5605ec2,2026-05-26T16:28:36.708106
16e5cbf0-f966-4b05-a289-5ac46662bf9f,DILAN ITB 1997,cgv,,26016100,,,,2D,2026-05-26,bf222998-d17a-48c8-b3e5-27df54792b07,2026-05-26T16:28:36.708123
16e5cbf0-f966-4b05-a289-5ac46662bf9f,PEGASUS 3,cgv,,26025100,,,,2D,2026-05-26,88a09bcf-f158-4c70-94d0-903f3feb6491,2026-05-26T16:28:36.708141
ef26e2ab-98a0-4a08-9931-8663306c7bb2,TUMBAL PROYEK,cgv,,26014300,,,,2D,2026-05-26,ec41c1a8-6278-4b9b-83df-47d811b8f5b0,2026-05-26T16:28:37.299025
ef26e2ab-98a0-4a08-9931-8663306c7bb2,GUDANG MERICA,cgv,,26019400,,,,2D,2026-05-26,64fb808b-2ae1-4793-92dc-78c5e4371c14,2026-05-26T16:28:37.299043
ef26e2ab-98a0-4a08-9931-8663306c7bb2,STAR WARS THE MANDALORIAN AND GROGU,cgv,,26021200,,,,2D,2026-05-26,72e0510e-c776-4b9b-8ccc-25490de250d2,2026-05-26T16:28:37.299056
ef26e2ab-98a0-4a08-9931-8663306c7bb2,SEMUA AKAN BAIK BAIK SAJA,cgv,,26018100,,,,2D,2026-05-26,0a40bc28-d579-472a-8e2a-93e07da49af9,2026-05-26T16:28:37.299069
ef26e2ab-98a0-4a08-9931-8663306c7bb2,GHOST IN THE CELL,cgv,,26011800,,,,2D,2026-05-26,f5a4d2ea-a0de-473e-b96d-17936b9094d4,2026-05-26T16:28:37.299080
ef26e2ab-98a0-4a08-9931-8663306c7bb2,TEMAN TEGAR MAIRA,cgv,,26005400,,,,2D,2026-05-26,ded61e33-69eb-4120-a9e0-517de4d96422,2026-05-26T16:28:37.299091
ef26e2ab-98a0-4a08-9931-8663306c7bb2,TIBA TIBA SETAN,cgv,,26007500,,,,2D,2026-05-26,10491ddf-f2a0-43fe-b84f-6db9f3b2d99b,2026-05-26T16:28:37.299102
ef26e2ab-98a0-4a08-9931-8663306c7bb2,HOKUM,cgv,,26024600,,,,2D,2026-05-26,a461e068-c06a-46f1-8ccc-d279c7e6f1e9,2026-05-26T16:28:37.299113
ef26e2ab-98a0-4a08-9931-8663306c7bb2,MORTAL KOMBAT II,cgv,,26018200,,,,2D,2026-05-26,e477cbf6-08cd-4fcd-ac07-d9ca069908ea,2026-05-26T16:28:37.299124
ef26e2ab-98a0-4a08-9931-8663306c7bb2,GOHAN,cgv,,26022500,,,,2D,2026-05-26,8e571179-9a07-4f64-a249-a2dcffd58959,2026-05-26T16:28:37.299135
ef26e2ab-98a0-4a08-9931-8663306c7bb2,AYAH INI ARAHNYA KEMANA YA,cgv,,26011000,,,,2D,2026-05-26,17e34c6d-1465-4423-876a-4213b24f94f5,2026-05-26T16:28:37.299145
ef26e2ab-98a0-4a08-9931-8663306c7bb2,YANG LAIN BOLEH HILANG ASAL KAU JANGAN,cgv,,26018300,,,,2D,2026-05-26,fc9044a3-122d-4a7f-a2a3-e750b356ef7f,2026-05-26T16:28:37.299157
ef26e2ab-98a0-4a08-9931-8663306c7bb2,KELUARGA SUAMI ADALAH HAMA,cgv,,26017700,,,,2D,2026-05-26,0ee76058-15e5-42d7-9090-51eba91c3e20,2026-05-26T16:28:37.299168
ef26e2ab-98a0-4a08-9931-8663306c7bb2,THE SHEEP DETECTIVES,cgv,,26019500,,,,2D,2026-05-26,e3ff7915-07e5-4cfa-b45a-a9f733b9fc4d,2026-05-26T16:28:37.299179
ef26e2ab-98a0-4a08-9931-8663306c7bb2,SEKAWAN LIMO RE RELEASE,cgv,,26024900,,,,2D,2026-05-26,8afb064f-f00f-4d96-bd4f-d93e82fa994b,2026-05-26T16:28:37.299190
ef26e2ab-98a0-4a08-9931-8663306c7bb2,MONSTER,cgv,,23042200,,,,2D,2026-05-26,bce9be91-9667-4230-9177-316d92c4b517,2026-05-26T16:28:37.299201
ef26e2ab-98a0-4a08-9931-8663306c7bb2,SALMOKJI WHISPERING WATER,cgv,,26019100,,,,2D,2026-05-26,00f2d940-99b4-48aa-b0c6-14842b3a877b,2026-05-26T16:28:37.299212
ef26e2ab-98a0-4a08-9931-8663306c7bb2,THE DEVIL WEARS PRADA 2,cgv,,26019800,,,,2D,2026-05-26,8e365169-9b22-4da4-833d-2c207ea549ba,2026-05-26T16:28:37.299223
ef26e2ab-98a0-4a08-9931-8663306c7bb2,STAR WARS THE MANDALORIAN AND GROGU 3D,cgv,,26025200,,,,2D,2026-05-26,578bbff2-18ab-48b2-9ee2-90b8e8d8a072,2026-05-26T16:28:37.299235
ef26e2ab-98a0-4a08-9931-8663306c7bb2,MOBILE SUIT GUNDAM HATHAWAY,cgv,,26021100,,,,2D,2026-05-26,05e60d09-5482-4284-b20b-df3297e09053,2026-05-26T16:28:37.299245
ef26e2ab-98a0-4a08-9931-8663306c7bb2,METHOD ACTING,cgv,,26023400,,,,2D,2026-05-26,a4c8f629-3d0d-418e-8b6a-b61be34cf617,2026-05-26T16:28:37.299256
ef26e2ab-98a0-4a08-9931-8663306c7bb2,CHAND MERA DIL,cgv,,26026000,,,,2D,2026-05-26,76ff31a0-9718-4cbb-a662-f028278ebbd2,2026-05-26T16:28:37.299267
ef26e2ab-98a0-4a08-9931-8663306c7bb2,THAT TIME I GOT REINCARNATED AS A SLIME THE MOVIE TEARS OF THE AZURE SEA,cgv,,26017900,,,,2D,2026-05-26,1caa70a0-d3ba-4e6b-9de4-babfa4588d8e,2026-05-26T16:28:37.299278
ef26e2ab-98a0-4a08-9931-8663306c7bb2,THE KINGS WARDEN,cgv,,26015000,,,,2D,2026-05-26,1751f3e7-961f-476c-bbdc-552ba6e18501,2026-05-26T16:28:37.299288
ef26e2ab-98a0-4a08-9931-8663306c7bb2,KAMU HARUS MATI,cgv,,26023800,,,,2D,2026-05-26,ceb5e80d-7218-4b39-a04c-ee12e9476300,2026-05-26T16:28:37.299298
ef26e2ab-98a0-4a08-9931-8663306c7bb2,SUNSHINE WOMENS CHOIR,cgv,,26024400,,,,2D,2026-05-26,7f2d6ca1-83cc-4d01-830e-54feb1a22291,2026-05-26T16:28:37.299308
ef26e2ab-98a0-4a08-9931-8663306c7bb2,NA WILLA,cgv,,26003200,,,,2D,2026-05-26,19f96ead-4719-498b-bd10-1bca75d826dd,2026-05-26T16:28:37.299318
ef26e2ab-98a0-4a08-9931-8663306c7bb2,DILAN ITB 1997,cgv,,26016100,,,,2D,2026-05-26,51a361a3-7c38-467c-8cb9-6363f758e678,2026-05-26T16:28:37.299329
ef26e2ab-98a0-4a08-9931-8663306c7bb2,PEGASUS 3,cgv,,26025100,,,,2D,2026-05-26,9f48faf8-1ea9-47ea-98e8-fde65127ffb4,2026-05-26T16:28:37.299339
b4619314-5d76-4064-940a-06b6753b7c6b,TUMBAL PROYEK,cgv,,26014300,,,,2D,2026-05-26,1bcd78dc-f90c-491c-b123-91de0e99267a,2026-05-26T16:28:37.860507
b4619314-5d76-4064-940a-06b6753b7c6b,GUDANG MERICA,cgv,,26019400,,,,2D,2026-05-26,93a3ec0e-252a-4f5d-bbef-f7f3a44dbd7d,2026-05-26T16:28:37.860556
b4619314-5d76-4064-940a-06b6753b7c6b,STAR WARS THE MANDALORIAN AND GROGU,cgv,,26021200,,,,2D,2026-05-26,99224102-e00c-413d-9207-2f4d415a65df,2026-05-26T16:28:37.860594
b4619314-5d76-4064-940a-06b6753b7c6b,SEMUA AKAN BAIK BAIK SAJA,cgv,,26018100,,,,2D,2026-05-26,89283896-74f1-421c-85ab-917cca2c2016,2026-05-26T16:28:37.860627
b4619314-5d76-4064-940a-06b6753b7c6b,GHOST IN THE CELL,cgv,,26011800,,,,2D,2026-05-26,4f6337cc-9e7a-4f3d-9430-1faa3b3f99c3,2026-05-26T16:28:37.860659
b4619314-5d76-4064-940a-06b6753b7c6b,TEMAN TEGAR MAIRA,cgv,,26005400,,,,2D,2026-05-26,43fcb16f-6879-4ce4-839f-6934080a8263,2026-05-26T16:28:37.860690
b4619314-5d76-4064-940a-06b6753b7c6b,TIBA TIBA SETAN,cgv,,26007500,,,,2D,2026-05-26,58f62b9b-6749-4524-b3a1-3e83bcc86444,2026-05-26T16:28:37.860720
b4619314-5d76-4064-940a-06b6753b7c6b,HOKUM,cgv,,26024600,,,,2D,2026-05-26,e1eadc28-2df3-4b6d-8770-29d294626fd7,2026-05-26T16:28:37.860750
b4619314-5d76-4064-940a-06b6753b7c6b,MORTAL KOMBAT II,cgv,,26018200,,,,2D,2026-05-26,d9ede5fc-7d8a-4e51-9583-d10745289742,2026-05-26T16:28:37.860779
b4619314-5d76-4064-940a-06b6753b7c6b,GOHAN,cgv,,26022500,,,,2D,2026-05-26,953ec563-9b3f-48fd-b8e4-62abe64c1505,2026-05-26T16:28:37.860808
b4619314-5d76-4064-940a-06b6753b7c6b,AYAH INI ARAHNYA KEMANA YA,cgv,,26011000,,,,2D,2026-05-26,a2a4342c-f0e2-4603-ac57-c04ceba536b2,2026-05-26T16:28:37.860840
b4619314-5d76-4064-940a-06b6753b7c6b,YANG LAIN BOLEH HILANG ASAL KAU JANGAN,cgv,,26018300,,,,2D,2026-05-26,b08e904b-c1d5-4b2d-9e9f-15eb5ca92340,2026-05-26T16:28:37.860871
b4619314-5d76-4064-940a-06b6753b7c6b,KELUARGA SUAMI ADALAH HAMA,cgv,,26017700,,,,2D,2026-05-26,fe9e7b9e-ecb0-45db-b472-a9dc5a3ba79a,2026-05-26T16:28:37.860900
b4619314-5d76-4064-940a-06b6753b7c6b,THE SHEEP DETECTIVES,cgv,,26019500,,,,2D,2026-05-26,d198c9ac-5b54-4ba6-8c57-fc32d2f908b7,2026-05-26T16:28:37.860930
b4619314-5d76-4064-940a-06b6753b7c6b,SEKAWAN LIMO RE RELEASE,cgv,,26024900,,,,2D,2026-05-26,e91d6ea1-df5d-4029-a5a0-1a05f9e25fbd,2026-05-26T16:28:37.860960
b4619314-5d76-4064-940a-06b6753b7c6b,MONSTER,cgv,,23042200,,,,2D,2026-05-26,d4cc70d7-c04b-4314-b08a-c3292edb0287,2026-05-26T16:28:37.860989
b4619314-5d76-4064-940a-06b6753b7c6b,SALMOKJI WHISPERING WATER,cgv,,26019100,,,,2D,2026-05-26,e6ad3d36-9130-40a0-91fd-3aa412e66b81,2026-05-26T16:28:37.861025
b4619314-5d76-4064-940a-06b6753b7c6b,THE DEVIL WEARS PRADA 2,cgv,,26019800,,,,2D,2026-05-26,2db1d5e9-1b3a-4b19-9b9f-a30a2bf658ac,2026-05-26T16:28:37.861054
b4619314-5d76-4064-940a-06b6753b7c6b,STAR WARS THE MANDALORIAN AND GROGU 3D,cgv,,26025200,,,,2D,2026-05-26,60bf50d0-2509-4ac9-a27b-b72cab8779ba,2026-05-26T16:28:37.861090
b4619314-5d76-4064-940a-06b6753b7c6b,MOBILE SUIT GUNDAM HATHAWAY,cgv,,26021100,,,,2D,2026-05-26,3b2faa31-0666-4034-834c-6609497fd801,2026-05-26T16:28:37.861119
b4619314-5d76-4064-940a-06b6753b7c6b,METHOD ACTING,cgv,,26023400,,,,2D,2026-05-26,f8299d05-99dc-4ecc-8baf-4c6e7d5d6651,2026-05-26T16:28:37.861148
b4619314-5d76-4064-940a-06b6753b7c6b,CHAND MERA DIL,cgv,,26026000,,,,2D,2026-05-26,04d1d0f8-e8f9-4ea1-991d-7ee1d20eabca,2026-05-26T16:28:37.861184
b4619314-5d76-4064-940a-06b6753b7c6b,THAT TIME I GOT REINCARNATED AS A SLIME THE MOVIE TEARS OF THE AZURE SEA,cgv,,26017900,,,,2D,2026-05-26,4c1bbe26-7fc8-4791-89d9-c1d73996248e,2026-05-26T16:28:37.861220
b4619314-5d76-4064-940a-06b6753b7c6b,THE KINGS WARDEN,cgv,,26015000,,,,2D,2026-05-26,15f6e96c-dcf4-4bb9-b343-6b2a0e6ad40b,2026-05-26T16:28:37.861257
b4619314-5d76-4064-940a-06b6753b7c6b,KAMU HARUS MATI,cgv,,26023800,,,,2D,2026-05-26,5f141d9d-9894-474d-a69f-1a8b0bad5515,2026-05-26T16:28:37.861286
b4619314-5d76-4064-940a-06b6753b7c6b,SUNSHINE WOMENS CHOIR,cgv,,26024400,,,,2D,2026-05-26,07e30c2d-ef79-4312-be74-3b6c37b307db,2026-05-26T16:28:37.861316
b4619314-5d76-4064-940a-06b6753b7c6b,NA WILLA,cgv,,26003200,,,,2D,2026-05-26,68eb2f9c-07ca-42db-ab21-d2bffaff8ad5,2026-05-26T16:28:37.861344
b4619314-5d76-4064-940a-06b6753b7c6b,DILAN ITB 1997,cgv,,26016100,,,,2D,2026-05-26,76cf279b-55a0-40cb-b144-d24f1c24e882,2026-05-26T16:28:37.861373
b4619314-5d76-4064-940a-06b6753b7c6b,PEGASUS 3,cgv,,26025100,,,,2D,2026-05-26,ceaa3970-0a8f-4255-8a1e-9dd3616b70d6,2026-05-26T16:28:37.861402
d4920855-7d01-4b72-bffb-33eb9d32d975,TUMBAL PROYEK,cgv,,26014300,,,,2D,2026-05-26,7e92c698-105f-45dd-89f4-fce5432df0d8,2026-05-26T16:28:40.165905
d4920855-7d01-4b72-bffb-33eb9d32d975,GUDANG MERICA,cgv,,26019400,,,,2D,2026-05-26,9eca2731-2b73-4e85-8b7f-f782376dbfb8,2026-05-26T16:28:40.165943
d4920855-7d01-4b72-bffb-33eb9d32d975,STAR WARS THE MANDALORIAN AND GROGU,cgv,,26021200,,,,2D,2026-05-26,e5ec03f0-aff2-4cab-bc7a-3e1c7fe27a97,2026-05-26T16:28:40.165974
d4920855-7d01-4b72-bffb-33eb9d32d975,SEMUA AKAN BAIK BAIK SAJA,cgv,,26018100,,,,2D,2026-05-26,facf89f6-cace-4049-9781-dac376ab8b46,2026-05-26T16:28:40.166001
d4920855-7d01-4b72-bffb-33eb9d32d975,GHOST IN THE CELL,cgv,,26011800,,,,2D,2026-05-26,e8338376-a4a2-41a4-bd6a-06a72d7f8caa,2026-05-26T16:28:40.166027
d4920855-7d01-4b72-bffb-33eb9d32d975,TEMAN TEGAR MAIRA,cgv,,26005400,,,,2D,2026-05-26,623d43c0-09eb-44e7-8a13-6db2184a435c,2026-05-26T16:28:40.166051
d4920855-7d01-4b72-bffb-33eb9d32d975,TIBA TIBA SETAN,cgv,,26007500,,,,2D,2026-05-26,787b63f2-7f63-47e4-a4f3-9161e2880743,2026-05-26T16:28:40.166077
d4920855-7d01-4b72-bffb-33eb9d32d975,HOKUM,cgv,,26024600,,,,2D,2026-05-26,5e134089-c632-44fd-aad2-5d80c97f0577,2026-05-26T16:28:40.166102
d4920855-7d01-4b72-bffb-33eb9d32d975,MORTAL KOMBAT II,cgv,,26018200,,,,2D,2026-05-26,2c116cba-92eb-4a54-a5eb-d8727cbc6e82,2026-05-26T16:28:40.166127
d4920855-7d01-4b72-bffb-33eb9d32d975,GOHAN,cgv,,26022500,,,,2D,2026-05-26,40118f1f-c578-44c6-b40a-30713ea8c7f2,2026-05-26T16:28:40.166152
d4920855-7d01-4b72-bffb-33eb9d32d975,AYAH INI ARAHNYA KEMANA YA,cgv,,26011000,,,,2D,2026-05-26,637fe147-e2f9-4dbc-ba37-8b25f0b0080b,2026-05-26T16:28:40.166178
d4920855-7d01-4b72-bffb-33eb9d32d975,YANG LAIN BOLEH HILANG ASAL KAU JANGAN,cgv,,26018300,,,,2D,2026-05-26,64ec68ea-ca7b-464c-8a3b-7b804cdc20f6,2026-05-26T16:28:40.166203
d4920855-7d01-4b72-bffb-33eb9d32d975,KELUARGA SUAMI ADALAH HAMA,cgv,,26017700,,,,2D,2026-05-26,34119d0a-74aa-4852-b685-1524c970ee8a,2026-05-26T16:28:40.166227
d4920855-7d01-4b72-bffb-33eb9d32d975,THE SHEEP DETECTIVES,cgv,,26019500,,,,2D,2026-05-26,4db25d26-a9bd-4e8e-b58f-8c3fdf649eb7,2026-05-26T16:28:40.166252
d4920855-7d01-4b72-bffb-33eb9d32d975,SEKAWAN LIMO RE RELEASE,cgv,,26024900,,,,2D,2026-05-26,0678614e-0f48-4710-b9d3-f4c7e2c53d4a,2026-05-26T16:28:40.166277
d4920855-7d01-4b72-bffb-33eb9d32d975,MONSTER,cgv,,23042200,,,,2D,2026-05-26,87c9226e-31ee-4def-b742-d892ae2aabf7,2026-05-26T16:28:40.166301
d4920855-7d01-4b72-bffb-33eb9d32d975,SALMOKJI WHISPERING WATER,cgv,,26019100,,,,2D,2026-05-26,eaa92447-e79a-4e50-9820-abfd6df49b1b,2026-05-26T16:28:40.166325
d4920855-7d01-4b72-bffb-33eb9d32d975,THE DEVIL WEARS PRADA 2,cgv,,26019800,,,,2D,2026-05-26,e9177240-dbf2-4b59-8ff5-cf8a90a6f9a1,2026-05-26T16:28:40.166349
d4920855-7d01-4b72-bffb-33eb9d32d975,STAR WARS THE MANDALORIAN AND GROGU 3D,cgv,,26025200,,,,2D,2026-05-26,d9b94d1e-0442-49dd-9790-aeb598f998ff,2026-05-26T16:28:40.166386
d4920855-7d01-4b72-bffb-33eb9d32d975,MOBILE SUIT GUNDAM HATHAWAY,cgv,,26021100,,,,2D,2026-05-26,dbf2a3b4-e2d7-435c-8d76-eebfd9ccd6e1,2026-05-26T16:28:40.166410
d4920855-7d01-4b72-bffb-33eb9d32d975,METHOD ACTING,cgv,,26023400,,,,2D,2026-05-26,5f2ddb71-36ee-42f0-932e-e5a348cbc9b1,2026-05-26T16:28:40.166433
d4920855-7d01-4b72-bffb-33eb9d32d975,CHAND MERA DIL,cgv,,26026000,,,,2D,2026-05-26,78b7d331-2418-46c0-adb3-a2f318b75d91,2026-05-26T16:28:40.166456
d4920855-7d01-4b72-bffb-33eb9d32d975,THAT TIME I GOT REINCARNATED AS A SLIME THE MOVIE TEARS OF THE AZURE SEA,cgv,,26017900,,,,2D,2026-05-26,75555dc8-418d-4e4e-b722-72b219243e64,2026-05-26T16:28:40.166482
d4920855-7d01-4b72-bffb-33eb9d32d975,THE KINGS WARDEN,cgv,,26015000,,,,2D,2026-05-26,c22d3b15-cbe7-4fb6-b357-d15e6a116236,2026-05-26T16:28:40.166505
d4920855-7d01-4b72-bffb-33eb9d32d975,KAMU HARUS MATI,cgv,,26023800,,,,2D,2026-05-26,1ca5c3a8-2e4b-4006-a8f0-3b57880dd57f,2026-05-26T16:28:40.166533
d4920855-7d01-4b72-bffb-33eb9d32d975,SUNSHINE WOMENS CHOIR,cgv,,26024400,,,,2D,2026-05-26,fb961ad4-4cd1-4aa8-916e-481947888ec6,2026-05-26T16:28:40.166557
d4920855-7d01-4b72-bffb-33eb9d32d975,NA WILLA,cgv,,26003200,,,,2D,2026-05-26,144b01c4-19a2-419f-87cc-aa286ec26e03,2026-05-26T16:28:40.166580
d4920855-7d01-4b72-bffb-33eb9d32d975,DILAN ITB 1997,cgv,,26016100,,,,2D,2026-05-26,9baa0096-7918-4678-b025-d1e56ef3bcb0,2026-05-26T16:28:40.166602
d4920855-7d01-4b72-bffb-33eb9d32d975,PEGASUS 3,cgv,,26025100,,,,2D,2026-05-26,fa64f3e7-8faf-4e43-8738-1022ac82ea81,2026-05-26T16:28:40.166635
f7b8bc16-d522-434f-a11e-eda927ef8e6a,TUMBAL PROYEK,cgv,,26014300,,,,2D,2026-05-26,07100dd4-ed76-4f87-a1d8-70768594b533,2026-05-26T16:28:40.032264
f7b8bc16-d522-434f-a11e-eda927ef8e6a,GUDANG MERICA,cgv,,26019400,,,,2D,2026-05-26,bc8b7afb-4f5f-4f67-a2c9-f60be21c327e,2026-05-26T16:28:40.032299
f7b8bc16-d522-434f-a11e-eda927ef8e6a,STAR WARS THE MANDALORIAN AND GROGU,cgv,,26021200,,,,2D,2026-05-26,3fe03c1b-7933-4ed2-8549-812a7f1bc8ab,2026-05-26T16:28:40.032322
f7b8bc16-d522-434f-a11e-eda927ef8e6a,SEMUA AKAN BAIK BAIK SAJA,cgv,,26018100,,,,2D,2026-05-26,6fd23333-c02d-48e5-88d8-b27649a535b8,2026-05-26T16:28:40.032343
f7b8bc16-d522-434f-a11e-eda927ef8e6a,GHOST IN THE CELL,cgv,,26011800,,,,2D,2026-05-26,35ce9079-465d-43c9-9524-382ec8a3eb3f,2026-05-26T16:28:40.032362
f7b8bc16-d522-434f-a11e-eda927ef8e6a,TEMAN TEGAR MAIRA,cgv,,26005400,,,,2D,2026-05-26,5d4be912-dfed-4dff-9868-7059cb24ee69,2026-05-26T16:28:40.032380
f7b8bc16-d522-434f-a11e-eda927ef8e6a,TIBA TIBA SETAN,cgv,,26007500,,,,2D,2026-05-26,8e2b81eb-b03c-419d-b184-6158a702121b,2026-05-26T16:28:40.032399
f7b8bc16-d522-434f-a11e-eda927ef8e6a,HOKUM,cgv,,26024600,,,,2D,2026-05-26,27a57d38-7c92-494a-b233-a6b0c92df3c9,2026-05-26T16:28:40.032417
f7b8bc16-d522-434f-a11e-eda927ef8e6a,MORTAL KOMBAT II,cgv,,26018200,,,,2D,2026-05-26,5c3c064d-ef41-44b7-bad1-1d0e62f3f5cf,2026-05-26T16:28:40.032436
f7b8bc16-d522-434f-a11e-eda927ef8e6a,GOHAN,cgv,,26022500,,,,2D,2026-05-26,189943a1-5c35-4eb0-be9e-56ba24f2ac46,2026-05-26T16:28:40.032454
f7b8bc16-d522-434f-a11e-eda927ef8e6a,AYAH INI ARAHNYA KEMANA YA,cgv,,26011000,,,,2D,2026-05-26,bf94bbf8-de56-4c7c-ac04-87ddb6348c71,2026-05-26T16:28:40.032472
f7b8bc16-d522-434f-a11e-eda927ef8e6a,YANG LAIN BOLEH HILANG ASAL KAU JANGAN,cgv,,26018300,,,,2D,2026-05-26,6fdae1af-0941-4c2c-9f73-fe52c80f60db,2026-05-26T16:28:40.032491
f7b8bc16-d522-434f-a11e-eda927ef8e6a,KELUARGA SUAMI ADALAH HAMA,cgv,,26017700,,,,2D,2026-05-26,95d00a18-f468-4abe-9096-bd9c840adca3,2026-05-26T16:28:40.032509
f7b8bc16-d522-434f-a11e-eda927ef8e6a,THE SHEEP DETECTIVES,cgv,,26019500,,,,2D,2026-05-26,ffce908e-eaad-46df-a0f0-8200cf7553ea,2026-05-26T16:28:40.032527
f7b8bc16-d522-434f-a11e-eda927ef8e6a,SEKAWAN LIMO RE RELEASE,cgv,,26024900,,,,2D,2026-05-26,11ca6db0-f9a6-4262-8ef1-4875f92d8a3e,2026-05-26T16:28:40.032546
f7b8bc16-d522-434f-a11e-eda927ef8e6a,MONSTER,cgv,,23042200,,,,2D,2026-05-26,694ef5b8-77ed-4d68-802b-b203b9dde82c,2026-05-26T16:28:40.032565
f7b8bc16-d522-434f-a11e-eda927ef8e6a,SALMOKJI WHISPERING WATER,cgv,,26019100,,,,2D,2026-05-26,4eb7c6f2-e4b4-4083-b14c-ebc7a7c6d60a,2026-05-26T16:28:40.032583
f7b8bc16-d522-434f-a11e-eda927ef8e6a,THE DEVIL WEARS PRADA 2,cgv,,26019800,,,,2D,2026-05-26,c8d40e1d-09bc-4174-a2fc-ee90d919c517,2026-05-26T16:28:40.032601
f7b8bc16-d522-434f-a11e-eda927ef8e6a,STAR WARS THE MANDALORIAN AND GROGU 3D,cgv,,26025200,,,,2D,2026-05-26,45952f74-bd36-4d42-bb2c-a9bb14bbfd40,2026-05-26T16:28:40.032640
f7b8bc16-d522-434f-a11e-eda927ef8e6a,MOBILE SUIT GUNDAM HATHAWAY,cgv,,26021100,,,,2D,2026-05-26,665abb52-d58e-4abe-ab46-e7dba3c2067e,2026-05-26T16:28:40.032658
f7b8bc16-d522-434f-a11e-eda927ef8e6a,METHOD ACTING,cgv,,26023400,,,,2D,2026-05-26,469b5449-9ead-4591-86e2-64129855f0d2,2026-05-26T16:28:40.032675
f7b8bc16-d522-434f-a11e-eda927ef8e6a,CHAND MERA DIL,cgv,,26026000,,,,2D,2026-05-26,42212364-e6a5-4c7c-a008-1ff8137688e9,2026-05-26T16:28:40.032693
f7b8bc16-d522-434f-a11e-eda927ef8e6a,THAT TIME I GOT REINCARNATED AS A SLIME THE MOVIE TEARS OF THE AZURE SEA,cgv,,26017900,,,,2D,2026-05-26,7efc6dc2-3409-44a1-9450-31cadd341e50,2026-05-26T16:28:40.032713
f7b8bc16-d522-434f-a11e-eda927ef8e6a,THE KINGS WARDEN,cgv,,26015000,,,,2D,2026-05-26,8f7a4df7-7b2b-49f2-8d7e-be9d17c885f7,2026-05-26T16:28:40.032730
f7b8bc16-d522-434f-a11e-eda927ef8e6a,KAMU HARUS MATI,cgv,,26023800,,,,2D,2026-05-26,15b6bf55-062f-405a-8234-a059a7532f7c,2026-05-26T16:28:40.032748
f7b8bc16-d522-434f-a11e-eda927ef8e6a,SUNSHINE WOMENS CHOIR,cgv,,26024400,,,,2D,2026-05-26,2326ce61-e31c-4d23-bff2-6fe9f21396a8,2026-05-26T16:28:40.032766
f7b8bc16-d522-434f-a11e-eda927ef8e6a,NA WILLA,cgv,,26003200,,,,2D,2026-05-26,bb05b00c-8350-40f0-97b8-1bd519a7a537,2026-05-26T16:28:40.032783
f7b8bc16-d522-434f-a11e-eda927ef8e6a,DILAN ITB 1997,cgv,,26016100,,,,2D,2026-05-26,10c896af-937e-4eef-9489-8b88f4635c0b,2026-05-26T16:28:40.032802
f7b8bc16-d522-434f-a11e-eda927ef8e6a,PEGASUS 3,cgv,,26025100,,,,2D,2026-05-26,4e2c76f7-03f9-4d29-b6ea-40b02ca166ac,2026-05-26T16:28:40.032820
f286f9b1-43b3-490c-9b62-e9f1da210ce7,TUMBAL PROYEK,cgv,,26014300,,,,2D,2026-05-26,886d6e3b-142a-4d46-84e4-ab9eec4f728f,2026-05-26T16:28:40.473623
f286f9b1-43b3-490c-9b62-e9f1da210ce7,GUDANG MERICA,cgv,,26019400,,,,2D,2026-05-26,08f3e7aa-4634-45d7-ad05-f304d2b54c4a,2026-05-26T16:28:40.473705
f286f9b1-43b3-490c-9b62-e9f1da210ce7,STAR WARS THE MANDALORIAN AND GROGU,cgv,,26021200,,,,2D,2026-05-26,533e2fbf-60cf-4e69-84a0-dee8de7cf5f1,2026-05-26T16:28:40.473753
f286f9b1-43b3-490c-9b62-e9f1da210ce7,SEMUA AKAN BAIK BAIK SAJA,cgv,,26018100,,,,2D,2026-05-26,140d2df1-697f-4f7c-ac83-c76592c2736b,2026-05-26T16:28:40.473792
f286f9b1-43b3-490c-9b62-e9f1da210ce7,GHOST IN THE CELL,cgv,,26011800,,,,2D,2026-05-26,f22ebd0e-305c-4241-85be-4e935e6539fc,2026-05-26T16:28:40.473830
f286f9b1-43b3-490c-9b62-e9f1da210ce7,TEMAN TEGAR MAIRA,cgv,,26005400,,,,2D,2026-05-26,30b21cae-2c72-4cc0-b422-513f49f70b76,2026-05-26T16:28:40.473865
f286f9b1-43b3-490c-9b62-e9f1da210ce7,TIBA TIBA SETAN,cgv,,26007500,,,,2D,2026-05-26,72f76ff1-50db-4d7c-9170-e32947ef1cf0,2026-05-26T16:28:40.473900
f286f9b1-43b3-490c-9b62-e9f1da210ce7,HOKUM,cgv,,26024600,,,,2D,2026-05-26,e06a2547-6048-4ce8-b6cc-943bea2f95dc,2026-05-26T16:28:40.473933
f286f9b1-43b3-490c-9b62-e9f1da210ce7,MORTAL KOMBAT II,cgv,,26018200,,,,2D,2026-05-26,ec3e7c25-2194-43e8-b710-670f70cf056d,2026-05-26T16:28:40.473966
f286f9b1-43b3-490c-9b62-e9f1da210ce7,GOHAN,cgv,,26022500,,,,2D,2026-05-26,05ebb3e0-7e65-4753-a8c9-780689ffaa0e,2026-05-26T16:28:40.473999
f286f9b1-43b3-490c-9b62-e9f1da210ce7,AYAH INI ARAHNYA KEMANA YA,cgv,,26011000,,,,2D,2026-05-26,092bedcb-4993-4306-beb8-c794c1fdfd7f,2026-05-26T16:28:40.474031
f286f9b1-43b3-490c-9b62-e9f1da210ce7,YANG LAIN BOLEH HILANG ASAL KAU JANGAN,cgv,,26018300,,,,2D,2026-05-26,22ff53d2-2939-4ed3-88b4-84683dedeee8,2026-05-26T16:28:40.474063
f286f9b1-43b3-490c-9b62-e9f1da210ce7,KELUARGA SUAMI ADALAH HAMA,cgv,,26017700,,,,2D,2026-05-26,228db737-70db-4e15-9c72-b545b6d8ea02,2026-05-26T16:28:40.474095
f286f9b1-43b3-490c-9b62-e9f1da210ce7,THE SHEEP DETECTIVES,cgv,,26019500,,,,2D,2026-05-26,9ed11844-6672-4167-86ec-7ca2fabadc9a,2026-05-26T16:28:40.474126
f286f9b1-43b3-490c-9b62-e9f1da210ce7,SEKAWAN LIMO RE RELEASE,cgv,,26024900,,,,2D,2026-05-26,35f65801-64c6-4a1f-8a31-eab562ea74eb,2026-05-26T16:28:40.474157
f286f9b1-43b3-490c-9b62-e9f1da210ce7,MONSTER,cgv,,23042200,,,,2D,2026-05-26,3a1dba88-0687-4a3e-8da2-6f76f6cbdce1,2026-05-26T16:28:40.474187
f286f9b1-43b3-490c-9b62-e9f1da210ce7,SALMOKJI WHISPERING WATER,cgv,,26019100,,,,2D,2026-05-26,b86038e5-e104-4040-be13-49d4c17917f3,2026-05-26T16:28:40.474219
f286f9b1-43b3-490c-9b62-e9f1da210ce7,THE DEVIL WEARS PRADA 2,cgv,,26019800,,,,2D,2026-05-26,844eb4a9-fbe5-42df-9594-99119af278ba,2026-05-26T16:28:40.474250
f286f9b1-43b3-490c-9b62-e9f1da210ce7,STAR WARS THE MANDALORIAN AND GROGU 3D,cgv,,26025200,,,,2D,2026-05-26,374f3344-9d7a-4c2e-b578-b34bda664a03,2026-05-26T16:28:40.474284
f286f9b1-43b3-490c-9b62-e9f1da210ce7,MOBILE SUIT GUNDAM HATHAWAY,cgv,,26021100,,,,2D,2026-05-26,d60932a5-0e5a-4196-9207-a28984c3ecb9,2026-05-26T16:28:40.474315
f286f9b1-43b3-490c-9b62-e9f1da210ce7,METHOD ACTING,cgv,,26023400,,,,2D,2026-05-26,c91e31ed-1d07-4c2c-aa54-4f98bd5b85d9,2026-05-26T16:28:40.474346
f286f9b1-43b3-490c-9b62-e9f1da210ce7,CHAND MERA DIL,cgv,,26026000,,,,2D,2026-05-26,8a1b5006-31b1-4eb0-bd5c-b970b1987eb4,2026-05-26T16:28:40.474376
f286f9b1-43b3-490c-9b62-e9f1da210ce7,THAT TIME I GOT REINCARNATED AS A SLIME THE MOVIE TEARS OF THE AZURE SEA,cgv,,26017900,,,,2D,2026-05-26,a102c00e-af64-4604-b03a-0be6118ea599,2026-05-26T16:28:40.474408
f286f9b1-43b3-490c-9b62-e9f1da210ce7,THE KINGS WARDEN,cgv,,26015000,,,,2D,2026-05-26,92566f6d-4970-4aa1-8d25-5944cf710f73,2026-05-26T16:28:40.474438
f286f9b1-43b3-490c-9b62-e9f1da210ce7,KAMU HARUS MATI,cgv,,26023800,,,,2D,2026-05-26,9268d44d-4748-4177-87bc-cbdf0c0fa8a4,2026-05-26T16:28:40.474468
f286f9b1-43b3-490c-9b62-e9f1da210ce7,SUNSHINE WOMENS CHOIR,cgv,,26024400,,,,2D,2026-05-26,f506f258-7f67-4945-90d8-afecc53b8569,2026-05-26T16:28:40.474499
f286f9b1-43b3-490c-9b62-e9f1da210ce7,NA WILLA,cgv,,26003200,,,,2D,2026-05-26,bd5fcb8a-af43-40f8-8df8-58e8b1dd5151,2026-05-26T16:28:40.474530
f286f9b1-43b3-490c-9b62-e9f1da210ce7,DILAN ITB 1997,cgv,,26016100,,,,2D,2026-05-26,74035de6-e0bc-4815-8775-9ef4e431ec87,2026-05-26T16:28:40.474560
f286f9b1-43b3-490c-9b62-e9f1da210ce7,PEGASUS 3,cgv,,26025100,,,,2D,2026-05-26,23780b59-972e-4bb1-b6a5-abf9bb5cd5d9,2026-05-26T16:28:40.474591
b5002a70-153d-4ac8-8099-7e3c264eb77f,TUMBAL PROYEK,cgv,,26014300,,,,2D,2026-05-26,1b7744eb-1f62-47d8-93ab-049214facc81,2026-05-26T16:28:41.019749
b5002a70-153d-4ac8-8099-7e3c264eb77f,GUDANG MERICA,cgv,,26019400,,,,2D,2026-05-26,75a668bb-1f0e-481a-914e-e4326b3f6189,2026-05-26T16:28:41.019799
b5002a70-153d-4ac8-8099-7e3c264eb77f,STAR WARS THE MANDALORIAN AND GROGU,cgv,,26021200,,,,2D,2026-05-26,b75805a7-221b-470f-8d46-7f4cda5cff5d,2026-05-26T16:28:41.019837
b5002a70-153d-4ac8-8099-7e3c264eb77f,SEMUA AKAN BAIK BAIK SAJA,cgv,,26018100,,,,2D,2026-05-26,56179cab-786b-4fa0-9b8e-639906dab350,2026-05-26T16:28:41.019870
b5002a70-153d-4ac8-8099-7e3c264eb77f,GHOST IN THE CELL,cgv,,26011800,,,,2D,2026-05-26,d7b2c621-7998-45e9-a519-5022b7052c33,2026-05-26T16:28:41.019906
b5002a70-153d-4ac8-8099-7e3c264eb77f,TEMAN TEGAR MAIRA,cgv,,26005400,,,,2D,2026-05-26,7c2c4eff-fef6-48b6-8fd7-72c24b86240b,2026-05-26T16:28:41.019936
b5002a70-153d-4ac8-8099-7e3c264eb77f,TIBA TIBA SETAN,cgv,,26007500,,,,2D,2026-05-26,cfc470f0-0d46-40a2-916c-b644a011bc21,2026-05-26T16:28:41.019966
b5002a70-153d-4ac8-8099-7e3c264eb77f,HOKUM,cgv,,26024600,,,,2D,2026-05-26,60aa8651-0eae-417d-a7ac-e4a33921872c,2026-05-26T16:28:41.019996
b5002a70-153d-4ac8-8099-7e3c264eb77f,MORTAL KOMBAT II,cgv,,26018200,,,,2D,2026-05-26,1346d378-d306-4348-83b5-66d279e23ce3,2026-05-26T16:28:41.020025
b5002a70-153d-4ac8-8099-7e3c264eb77f,GOHAN,cgv,,26022500,,,,2D,2026-05-26,9a96aed5-da44-4215-80e3-b5c2ead74b9b,2026-05-26T16:28:41.020054
b5002a70-153d-4ac8-8099-7e3c264eb77f,AYAH INI ARAHNYA KEMANA YA,cgv,,26011000,,,,2D,2026-05-26,12b2c5b8-090a-4a60-bfdf-6d148b5f2492,2026-05-26T16:28:41.020084
b5002a70-153d-4ac8-8099-7e3c264eb77f,YANG LAIN BOLEH HILANG ASAL KAU JANGAN,cgv,,26018300,,,,2D,2026-05-26,4e460cc3-0848-45a9-ba41-e13950074c76,2026-05-26T16:28:41.020114
b5002a70-153d-4ac8-8099-7e3c264eb77f,KELUARGA SUAMI ADALAH HAMA,cgv,,26017700,,,,2D,2026-05-26,25193029-c3d7-4526-9171-3dfd53163804,2026-05-26T16:28:41.020143
b5002a70-153d-4ac8-8099-7e3c264eb77f,THE SHEEP DETECTIVES,cgv,,26019500,,,,2D,2026-05-26,23bdb179-951c-496c-9192-7988c608a8b0,2026-05-26T16:28:41.020172
b5002a70-153d-4ac8-8099-7e3c264eb77f,SEKAWAN LIMO RE RELEASE,cgv,,26024900,,,,2D,2026-05-26,a64829d4-8806-4dbd-9ec1-0b155944cb03,2026-05-26T16:28:41.020201
b5002a70-153d-4ac8-8099-7e3c264eb77f,MONSTER,cgv,,23042200,,,,2D,2026-05-26,155c6b3e-5712-466b-9835-83d6e5cf0a8d,2026-05-26T16:28:41.020230
b5002a70-153d-4ac8-8099-7e3c264eb77f,SALMOKJI WHISPERING WATER,cgv,,26019100,,,,2D,2026-05-26,5b4ef531-a49f-40c4-9c0d-63ca3f2643c6,2026-05-26T16:28:41.020260
b5002a70-153d-4ac8-8099-7e3c264eb77f,THE DEVIL WEARS PRADA 2,cgv,,26019800,,,,2D,2026-05-26,23f2d7b4-d36c-4f50-9019-0f42ae8fbcbf,2026-05-26T16:28:41.020289
b5002a70-153d-4ac8-8099-7e3c264eb77f,STAR WARS THE MANDALORIAN AND GROGU 3D,cgv,,26025200,,,,2D,2026-05-26,1ef1bd56-19da-4b4e-981f-9a9520f5213b,2026-05-26T16:28:41.020320
b5002a70-153d-4ac8-8099-7e3c264eb77f,MOBILE SUIT GUNDAM HATHAWAY,cgv,,26021100,,,,2D,2026-05-26,c2756aef-d307-4742-a271-0712860aea94,2026-05-26T16:28:41.020348
b5002a70-153d-4ac8-8099-7e3c264eb77f,METHOD ACTING,cgv,,26023400,,,,2D,2026-05-26,98db8a44-5201-4718-916c-e959c33bcb3b,2026-05-26T16:28:41.020376
b5002a70-153d-4ac8-8099-7e3c264eb77f,CHAND MERA DIL,cgv,,26026000,,,,2D,2026-05-26,3e449265-c5a3-4e27-9db6-17d7b1ddfbe5,2026-05-26T16:28:41.020404
b5002a70-153d-4ac8-8099-7e3c264eb77f,THAT TIME I GOT REINCARNATED AS A SLIME THE MOVIE TEARS OF THE AZURE SEA,cgv,,26017900,,,,2D,2026-05-26,7298f769-886e-480c-9333-cdf12daeff60,2026-05-26T16:28:41.020434
b5002a70-153d-4ac8-8099-7e3c264eb77f,THE KINGS WARDEN,cgv,,26015000,,,,2D,2026-05-26,d69bca33-b577-4fbb-b219-fbc0fc6391c0,2026-05-26T16:28:41.020462
b5002a70-153d-4ac8-8099-7e3c264eb77f,KAMU HARUS MATI,cgv,,26023800,,,,2D,2026-05-26,d92083d3-5f85-4735-a5fb-c2d1ba9a94f9,2026-05-26T16:28:41.020492
b5002a70-153d-4ac8-8099-7e3c264eb77f,SUNSHINE WOMENS CHOIR,cgv,,26024400,,,,2D,2026-05-26,4c5652f5-2d4a-4218-9814-339fcd6cb553,2026-05-26T16:28:41.020522
b5002a70-153d-4ac8-8099-7e3c264eb77f,NA WILLA,cgv,,26003200,,,,2D,2026-05-26,75ffe762-be94-44c0-bf3b-6aae77c76171,2026-05-26T16:28:41.020551
b5002a70-153d-4ac8-8099-7e3c264eb77f,DILAN ITB 1997,cgv,,26016100,,,,2D,2026-05-26,067d61a0-6eb8-475b-af6d-2a31b2a7836f,2026-05-26T16:28:41.020582
b5002a70-153d-4ac8-8099-7e3c264eb77f,PEGASUS 3,cgv,,26025100,,,,2D,2026-05-26,c0d6d9a9-7ac4-44e8-887b-a46e49c51aee,2026-05-26T16:28:41.020611
4a7b895e-d648-4738-9d15-926edf87d218,TUMBAL PROYEK,cgv,,26014300,,,,2D,2026-05-26,09bad228-78ed-4bcf-a298-b6ead4d333dc,2026-05-26T16:28:41.137903
4a7b895e-d648-4738-9d15-926edf87d218,GUDANG MERICA,cgv,,26019400,,,,2D,2026-05-26,b4f0b514-92d9-44df-9515-4c8dc2240007,2026-05-26T16:28:41.137950
4a7b895e-d648-4738-9d15-926edf87d218,STAR WARS THE MANDALORIAN AND GROGU,cgv,,26021200,,,,2D,2026-05-26,8fcbf2bd-aa78-4950-ab79-f0fed0005fa9,2026-05-26T16:28:41.137986
4a7b895e-d648-4738-9d15-926edf87d218,SEMUA AKAN BAIK BAIK SAJA,cgv,,26018100,,,,2D,2026-05-26,4494bab1-63d6-4fd7-a165-3a83d4e0383d,2026-05-26T16:28:41.138020
4a7b895e-d648-4738-9d15-926edf87d218,GHOST IN THE CELL,cgv,,26011800,,,,2D,2026-05-26,c7217c22-121f-41ce-8b88-ba4213363c64,2026-05-26T16:28:41.138053
4a7b895e-d648-4738-9d15-926edf87d218,TEMAN TEGAR MAIRA,cgv,,26005400,,,,2D,2026-05-26,66f8540c-3b88-4116-8598-65d2164f8154,2026-05-26T16:28:41.138086
4a7b895e-d648-4738-9d15-926edf87d218,TIBA TIBA SETAN,cgv,,26007500,,,,2D,2026-05-26,7dd7154c-8362-4760-8307-108f8ca834fe,2026-05-26T16:28:41.138117
4a7b895e-d648-4738-9d15-926edf87d218,HOKUM,cgv,,26024600,,,,2D,2026-05-26,dee1623e-9dda-489b-b8b8-c06d600fdd94,2026-05-26T16:28:41.138147
4a7b895e-d648-4738-9d15-926edf87d218,MORTAL KOMBAT II,cgv,,26018200,,,,2D,2026-05-26,037d309d-2227-4143-bff2-9d94544bdd8c,2026-05-26T16:28:41.138177
4a7b895e-d648-4738-9d15-926edf87d218,GOHAN,cgv,,26022500,,,,2D,2026-05-26,0ca92b64-f8f2-4a7c-bc03-4faa7c03cbf6,2026-05-26T16:28:41.138207
4a7b895e-d648-4738-9d15-926edf87d218,AYAH INI ARAHNYA KEMANA YA,cgv,,26011000,,,,2D,2026-05-26,5b5596e9-45df-4d73-b777-037da44cc3a3,2026-05-26T16:28:41.138237
4a7b895e-d648-4738-9d15-926edf87d218,YANG LAIN BOLEH HILANG ASAL KAU JANGAN,cgv,,26018300,,,,2D,2026-05-26,e278fae1-6b69-46b8-a83a-e558007f94cc,2026-05-26T16:28:41.138268
4a7b895e-d648-4738-9d15-926edf87d218,KELUARGA SUAMI ADALAH HAMA,cgv,,26017700,,,,2D,2026-05-26,0eacbcce-54d4-42d7-b9bb-1f5e0029dca7,2026-05-26T16:28:41.138297
4a7b895e-d648-4738-9d15-926edf87d218,THE SHEEP DETECTIVES,cgv,,26019500,,,,2D,2026-05-26,3c78c55a-45ab-4ef7-bbfb-9d3fea88fe62,2026-05-26T16:28:41.138327
4a7b895e-d648-4738-9d15-926edf87d218,SEKAWAN LIMO RE RELEASE,cgv,,26024900,,,,2D,2026-05-26,93319321-bc30-4e16-940f-1d62f8244616,2026-05-26T16:28:41.138357
4a7b895e-d648-4738-9d15-926edf87d218,MONSTER,cgv,,23042200,,,,2D,2026-05-26,24916f97-116d-4f49-bd1e-a3fce44ed1a3,2026-05-26T16:28:41.138393
4a7b895e-d648-4738-9d15-926edf87d218,SALMOKJI WHISPERING WATER,cgv,,26019100,,,,2D,2026-05-26,be1ed81b-9e42-4d45-ae4b-9cb8c7ae2a6b,2026-05-26T16:28:41.138423
4a7b895e-d648-4738-9d15-926edf87d218,THE DEVIL WEARS PRADA 2,cgv,,26019800,,,,2D,2026-05-26,12113783-c278-4f0a-91ac-f1d9731ed488,2026-05-26T16:28:41.138453
4a7b895e-d648-4738-9d15-926edf87d218,STAR WARS THE MANDALORIAN AND GROGU 3D,cgv,,26025200,,,,2D,2026-05-26,214716fe-a3c2-4efc-9e38-bd81fc5be847,2026-05-26T16:28:41.138488
4a7b895e-d648-4738-9d15-926edf87d218,MOBILE SUIT GUNDAM HATHAWAY,cgv,,26021100,,,,2D,2026-05-26,723814ed-b2ba-4b7f-97f9-be555c6e6e75,2026-05-26T16:28:41.138521
4a7b895e-d648-4738-9d15-926edf87d218,METHOD ACTING,cgv,,26023400,,,,2D,2026-05-26,9c07e8d9-f013-4c1c-8993-264f2c0c40c0,2026-05-26T16:28:41.138550
4a7b895e-d648-4738-9d15-926edf87d218,CHAND MERA DIL,cgv,,26026000,,,,2D,2026-05-26,bc5e9c0a-b4e5-477b-895c-2312cfe74fc7,2026-05-26T16:28:41.138579
4a7b895e-d648-4738-9d15-926edf87d218,THAT TIME I GOT REINCARNATED AS A SLIME THE MOVIE TEARS OF THE AZURE SEA,cgv,,26017900,,,,2D,2026-05-26,68a2a492-51a7-402d-9372-7a1e89e8e221,2026-05-26T16:28:41.138618
4a7b895e-d648-4738-9d15-926edf87d218,THE KINGS WARDEN,cgv,,26015000,,,,2D,2026-05-26,f06ddf38-d0c4-43bc-a8d8-0417b2b40fed,2026-05-26T16:28:41.138647
4a7b895e-d648-4738-9d15-926edf87d218,KAMU HARUS MATI,cgv,,26023800,,,,2D,2026-05-26,3fdbb085-6088-421f-a2c4-12f5a392d993,2026-05-26T16:28:41.138676
4a7b895e-d648-4738-9d15-926edf87d218,SUNSHINE WOMENS CHOIR,cgv,,26024400,,,,2D,2026-05-26,95ae1ab0-e696-4782-930b-516e6bad00f8,2026-05-26T16:28:41.138713
4a7b895e-d648-4738-9d15-926edf87d218,NA WILLA,cgv,,26003200,,,,2D,2026-05-26,31a116fb-8263-4a52-a101-ad5405ae103d,2026-05-26T16:28:41.138741
4a7b895e-d648-4738-9d15-926edf87d218,DILAN ITB 1997,cgv,,26016100,,,,2D,2026-05-26,f8c9dc11-bdd3-4f08-88c1-3d39644fddfd,2026-05-26T16:28:41.138769
4a7b895e-d648-4738-9d15-926edf87d218,PEGASUS 3,cgv,,26025100,,,,2D,2026-05-26,08dd0f41-51c8-4b8e-a9d3-83645ca45dc1,2026-05-26T16:28:41.138801
50829a49-d20c-4ebe-bc88-d44085cb3d63,TUMBAL PROYEK,cgv,,26014300,,,,2D,2026-05-26,2203c514-6d49-4c41-abad-d0078c1532cc,2026-05-26T16:28:43.659485
50829a49-d20c-4ebe-bc88-d44085cb3d63,GUDANG MERICA,cgv,,26019400,,,,2D,2026-05-26,a990bc26-0273-476b-8f8c-426715705d90,2026-05-26T16:28:43.659535
50829a49-d20c-4ebe-bc88-d44085cb3d63,STAR WARS THE MANDALORIAN AND GROGU,cgv,,26021200,,,,2D,2026-05-26,0c1c2e44-6162-489c-9df2-8c773539c5d7,2026-05-26T16:28:43.659573
50829a49-d20c-4ebe-bc88-d44085cb3d63,SEMUA AKAN BAIK BAIK SAJA,cgv,,26018100,,,,2D,2026-05-26,2f9b65b2-400e-4418-b2ab-c5dbc1e1feec,2026-05-26T16:28:43.659606
50829a49-d20c-4ebe-bc88-d44085cb3d63,GHOST IN THE CELL,cgv,,26011800,,,,2D,2026-05-26,3826647f-e132-44a5-a595-bbbf512176ae,2026-05-26T16:28:43.659638
50829a49-d20c-4ebe-bc88-d44085cb3d63,TEMAN TEGAR MAIRA,cgv,,26005400,,,,2D,2026-05-26,8e60d870-0f5d-436a-8538-1cb005da3991,2026-05-26T16:28:43.659668
50829a49-d20c-4ebe-bc88-d44085cb3d63,TIBA TIBA SETAN,cgv,,26007500,,,,2D,2026-05-26,588fc643-f161-4ccd-8c63-debee37ec120,2026-05-26T16:28:43.659698
50829a49-d20c-4ebe-bc88-d44085cb3d63,HOKUM,cgv,,26024600,,,,2D,2026-05-26,03ae0fbe-9ebf-45da-bb47-dba437c61fc2,2026-05-26T16:28:43.659728
50829a49-d20c-4ebe-bc88-d44085cb3d63,MORTAL KOMBAT II,cgv,,26018200,,,,2D,2026-05-26,ca09e6ec-5116-4f9c-ae8b-ae992bb59a52,2026-05-26T16:28:43.659758
50829a49-d20c-4ebe-bc88-d44085cb3d63,GOHAN,cgv,,26022500,,,,2D,2026-05-26,11abff42-1f9b-42ab-9e43-91de6c1552ca,2026-05-26T16:28:43.659786
50829a49-d20c-4ebe-bc88-d44085cb3d63,AYAH INI ARAHNYA KEMANA YA,cgv,,26011000,,,,2D,2026-05-26,6429eecd-2db5-4521-a14a-1574ea857d81,2026-05-26T16:28:43.659816
50829a49-d20c-4ebe-bc88-d44085cb3d63,YANG LAIN BOLEH HILANG ASAL KAU JANGAN,cgv,,26018300,,,,2D,2026-05-26,a1a76335-20b0-47fe-b79c-75d18e81ee7f,2026-05-26T16:28:43.659846
50829a49-d20c-4ebe-bc88-d44085cb3d63,KELUARGA SUAMI ADALAH HAMA,cgv,,26017700,,,,2D,2026-05-26,0d579c8f-0df7-418e-80f1-2de3b48e2839,2026-05-26T16:28:43.659877
50829a49-d20c-4ebe-bc88-d44085cb3d63,THE SHEEP DETECTIVES,cgv,,26019500,,,,2D,2026-05-26,096f7883-a7eb-4ad4-896b-cf88ab87c083,2026-05-26T16:28:43.659907
50829a49-d20c-4ebe-bc88-d44085cb3d63,SEKAWAN LIMO RE RELEASE,cgv,,26024900,,,,2D,2026-05-26,1059aa85-aa92-4125-810c-c6a8e3f33f44,2026-05-26T16:28:43.659936
50829a49-d20c-4ebe-bc88-d44085cb3d63,MONSTER,cgv,,23042200,,,,2D,2026-05-26,c065efd0-5ebc-4e32-be24-07ef9c7fcd36,2026-05-26T16:28:43.659964
50829a49-d20c-4ebe-bc88-d44085cb3d63,SALMOKJI WHISPERING WATER,cgv,,26019100,,,,2D,2026-05-26,7a88f5b9-d501-4887-ad51-f96e947ac673,2026-05-26T16:28:43.659993
50829a49-d20c-4ebe-bc88-d44085cb3d63,THE DEVIL WEARS PRADA 2,cgv,,26019800,,,,2D,2026-05-26,71cbf448-b06a-4aa8-8882-30a74ff8331b,2026-05-26T16:28:43.660021
50829a49-d20c-4ebe-bc88-d44085cb3d63,STAR WARS THE MANDALORIAN AND GROGU 3D,cgv,,26025200,,,,2D,2026-05-26,5b6abf9b-f3bc-4c5e-b80c-61a45824207d,2026-05-26T16:28:43.660065
50829a49-d20c-4ebe-bc88-d44085cb3d63,MOBILE SUIT GUNDAM HATHAWAY,cgv,,26021100,,,,2D,2026-05-26,b20189b2-bb4a-45c0-ad6e-ff01a20526af,2026-05-26T16:28:43.660093
50829a49-d20c-4ebe-bc88-d44085cb3d63,METHOD ACTING,cgv,,26023400,,,,2D,2026-05-26,c835a889-6f1a-4b6e-8730-efee87ad1ad3,2026-05-26T16:28:43.660121
50829a49-d20c-4ebe-bc88-d44085cb3d63,CHAND MERA DIL,cgv,,26026000,,,,2D,2026-05-26,0eff55eb-4ea9-4f76-8709-576c77f123d5,2026-05-26T16:28:43.660162
50829a49-d20c-4ebe-bc88-d44085cb3d63,THAT TIME I GOT REINCARNATED AS A SLIME THE MOVIE TEARS OF THE AZURE SEA,cgv,,26017900,,,,2D,2026-05-26,4f792b29-3e13-45d2-bac0-8d2b3d41d86c,2026-05-26T16:28:43.660194
50829a49-d20c-4ebe-bc88-d44085cb3d63,THE KINGS WARDEN,cgv,,26015000,,,,2D,2026-05-26,fc4113d9-bf7b-4bce-af02-5f6ef534ef79,2026-05-26T16:28:43.660224
50829a49-d20c-4ebe-bc88-d44085cb3d63,KAMU HARUS MATI,cgv,,26023800,,,,2D,2026-05-26,0dc4a7d3-4712-47a5-bd64-b8563cf1719a,2026-05-26T16:28:43.660253
50829a49-d20c-4ebe-bc88-d44085cb3d63,SUNSHINE WOMENS CHOIR,cgv,,26024400,,,,2D,2026-05-26,0ee3d02e-7285-497c-8fb1-4c9f4232eb60,2026-05-26T16:28:43.660282
50829a49-d20c-4ebe-bc88-d44085cb3d63,NA WILLA,cgv,,26003200,,,,2D,2026-05-26,8350817c-9a29-4c5c-b1b9-c3602b8b7e55,2026-05-26T16:28:43.660311
50829a49-d20c-4ebe-bc88-d44085cb3d63,DILAN ITB 1997,cgv,,26016100,,,,2D,2026-05-26,a42cb723-8d2f-4e95-8698-edf5e8ae78ba,2026-05-26T16:28:43.660340
50829a49-d20c-4ebe-bc88-d44085cb3d63,PEGASUS 3,cgv,,26025100,,,,2D,2026-05-26,0506e911-55dc-4e7f-b3fd-11181df42d30,2026-05-26T16:28:43.660369
0be46518-a307-4c63-843c-ffa9a889f2f2,TUMBAL PROYEK,cgv,,26014300,,,,2D,2026-05-26,adba35c1-4b98-49f6-afab-59a504cfb2ea,2026-05-26T16:28:43.667289
0be46518-a307-4c63-843c-ffa9a889f2f2,GUDANG MERICA,cgv,,26019400,,,,2D,2026-05-26,4647ea43-b901-44cb-a030-fff8a68d06d0,2026-05-26T16:28:43.667322
0be46518-a307-4c63-843c-ffa9a889f2f2,STAR WARS THE MANDALORIAN AND GROGU,cgv,,26021200,,,,2D,2026-05-26,2eefaa5b-f794-4322-b01e-db0fe41a0980,2026-05-26T16:28:43.667350
0be46518-a307-4c63-843c-ffa9a889f2f2,SEMUA AKAN BAIK BAIK SAJA,cgv,,26018100,,,,2D,2026-05-26,b067fa33-3b75-402c-b358-646b69a15778,2026-05-26T16:28:43.667380
0be46518-a307-4c63-843c-ffa9a889f2f2,GHOST IN THE CELL,cgv,,26011800,,,,2D,2026-05-26,e11d373a-2584-4355-a07e-971b313aae37,2026-05-26T16:28:43.667407
0be46518-a307-4c63-843c-ffa9a889f2f2,TEMAN TEGAR MAIRA,cgv,,26005400,,,,2D,2026-05-26,d4e24586-b7ec-4710-9603-1a4b2c1dc710,2026-05-26T16:28:43.667431
0be46518-a307-4c63-843c-ffa9a889f2f2,TIBA TIBA SETAN,cgv,,26007500,,,,2D,2026-05-26,5c88e57e-8409-4b7a-8fe6-786d93bfd046,2026-05-26T16:28:43.667456
0be46518-a307-4c63-843c-ffa9a889f2f2,HOKUM,cgv,,26024600,,,,2D,2026-05-26,b138aef0-98c3-4fe5-be63-0c05bbd501e9,2026-05-26T16:28:43.667480
0be46518-a307-4c63-843c-ffa9a889f2f2,MORTAL KOMBAT II,cgv,,26018200,,,,2D,2026-05-26,09853aa9-3903-4336-ab48-76cf445acd3d,2026-05-26T16:28:43.667539
0be46518-a307-4c63-843c-ffa9a889f2f2,GOHAN,cgv,,26022500,,,,2D,2026-05-26,2e871bd3-76c9-41ad-9a08-6b72644fa607,2026-05-26T16:28:43.667705
0be46518-a307-4c63-843c-ffa9a889f2f2,AYAH INI ARAHNYA KEMANA YA,cgv,,26011000,,,,2D,2026-05-26,feea5bbc-76b0-4179-99d1-927dfa40e4e2,2026-05-26T16:28:43.667749
0be46518-a307-4c63-843c-ffa9a889f2f2,YANG LAIN BOLEH HILANG ASAL KAU JANGAN,cgv,,26018300,,,,2D,2026-05-26,48039b80-ea3a-41b3-ac7a-c6e4db86ed14,2026-05-26T16:28:43.667779
0be46518-a307-4c63-843c-ffa9a889f2f2,KELUARGA SUAMI ADALAH HAMA,cgv,,26017700,,,,2D,2026-05-26,6928c857-a4b7-4a7a-9c49-7ffdceacf581,2026-05-26T16:28:43.667810
0be46518-a307-4c63-843c-ffa9a889f2f2,THE SHEEP DETECTIVES,cgv,,26019500,,,,2D,2026-05-26,94ea9b2c-2c75-41d7-ae13-92059ebacd6d,2026-05-26T16:28:43.667836
0be46518-a307-4c63-843c-ffa9a889f2f2,SEKAWAN LIMO RE RELEASE,cgv,,26024900,,,,2D,2026-05-26,0ff8c93e-4dc4-4706-9a55-14306ff75f05,2026-05-26T16:28:43.667863
0be46518-a307-4c63-843c-ffa9a889f2f2,MONSTER,cgv,,23042200,,,,2D,2026-05-26,3f0645c8-a1e3-402e-b82b-fe50fa6d1f7a,2026-05-26T16:28:43.667888
0be46518-a307-4c63-843c-ffa9a889f2f2,SALMOKJI WHISPERING WATER,cgv,,26019100,,,,2D,2026-05-26,cea3e4d7-7a18-4efb-9d4e-3ccd7ddb9009,2026-05-26T16:28:43.667913
0be46518-a307-4c63-843c-ffa9a889f2f2,THE DEVIL WEARS PRADA 2,cgv,,26019800,,,,2D,2026-05-26,af2cf59d-a47a-48f3-90eb-b94514fe766b,2026-05-26T16:28:43.667939
0be46518-a307-4c63-843c-ffa9a889f2f2,STAR WARS THE MANDALORIAN AND GROGU 3D,cgv,,26025200,,,,2D,2026-05-26,77cd24dc-593f-4693-b22f-cd1b9c0cf136,2026-05-26T16:28:43.667965
0be46518-a307-4c63-843c-ffa9a889f2f2,MOBILE SUIT GUNDAM HATHAWAY,cgv,,26021100,,,,2D,2026-05-26,60fbcf9a-be95-409a-afcb-1e0a31f22537,2026-05-26T16:28:43.667990
0be46518-a307-4c63-843c-ffa9a889f2f2,METHOD ACTING,cgv,,26023400,,,,2D,2026-05-26,dc131f0d-fdf1-4aea-9506-a58febf2bfb1,2026-05-26T16:28:43.668024
0be46518-a307-4c63-843c-ffa9a889f2f2,CHAND MERA DIL,cgv,,26026000,,,,2D,2026-05-26,b856416a-82fd-4a86-9fe0-1dcbd19f2787,2026-05-26T16:28:43.668051
0be46518-a307-4c63-843c-ffa9a889f2f2,THAT TIME I GOT REINCARNATED AS A SLIME THE MOVIE TEARS OF THE AZURE SEA,cgv,,26017900,,,,2D,2026-05-26,72615206-b5f5-40f6-a518-d8faa2a70fa2,2026-05-26T16:28:43.668076
0be46518-a307-4c63-843c-ffa9a889f2f2,THE KINGS WARDEN,cgv,,26015000,,,,2D,2026-05-26,eab7e398-0ef0-42bf-aecc-bb63f1631e3d,2026-05-26T16:28:43.668101
0be46518-a307-4c63-843c-ffa9a889f2f2,KAMU HARUS MATI,cgv,,26023800,,,,2D,2026-05-26,c53b7e9f-c154-4a96-82a3-93b1e4994ab9,2026-05-26T16:28:43.668125
0be46518-a307-4c63-843c-ffa9a889f2f2,SUNSHINE WOMENS CHOIR,cgv,,26024400,,,,2D,2026-05-26,4fa919b9-98fb-4d1d-b896-8d033f9e406a,2026-05-26T16:28:43.668149
0be46518-a307-4c63-843c-ffa9a889f2f2,NA WILLA,cgv,,26003200,,,,2D,2026-05-26,ac5f9116-57d9-4712-b25a-be38841217ff,2026-05-26T16:28:43.668172
0be46518-a307-4c63-843c-ffa9a889f2f2,DILAN ITB 1997,cgv,,26016100,,,,2D,2026-05-26,efd431cf-1cfd-484b-b168-9beccb33ce7e,2026-05-26T16:28:43.668196
0be46518-a307-4c63-843c-ffa9a889f2f2,PEGASUS 3,cgv,,26025100,,,,2D,2026-05-26,b5addbd8-8545-4218-889f-475093f35ea8,2026-05-26T16:28:43.668220
41cf5d57-78db-454a-a31f-e1615e52a024,TUMBAL PROYEK,cgv,,26014300,,,,2D,2026-05-26,0180a5d0-2b48-4500-91df-a55dd0df0d96,2026-05-26T16:28:43.943219
41cf5d57-78db-454a-a31f-e1615e52a024,GUDANG MERICA,cgv,,26019400,,,,2D,2026-05-26,f6b9528d-6788-4e92-8d59-8b39e2558421,2026-05-26T16:28:43.943268
41cf5d57-78db-454a-a31f-e1615e52a024,STAR WARS THE MANDALORIAN AND GROGU,cgv,,26021200,,,,2D,2026-05-26,e3e0411b-3ddc-4595-8c5c-bd41abd8d9b8,2026-05-26T16:28:43.943304
41cf5d57-78db-454a-a31f-e1615e52a024,SEMUA AKAN BAIK BAIK SAJA,cgv,,26018100,,,,2D,2026-05-26,a78fc984-6b66-47f4-b975-ae6b4e0fce3a,2026-05-26T16:28:43.943339
41cf5d57-78db-454a-a31f-e1615e52a024,GHOST IN THE CELL,cgv,,26011800,,,,2D,2026-05-26,2f4f478e-dc7e-4b7e-9155-5e42ca1bf306,2026-05-26T16:28:43.943376
41cf5d57-78db-454a-a31f-e1615e52a024,TEMAN TEGAR MAIRA,cgv,,26005400,,,,2D,2026-05-26,8460169e-1ee9-45c2-be07-4b5abde27c41,2026-05-26T16:28:43.943406
41cf5d57-78db-454a-a31f-e1615e52a024,TIBA TIBA SETAN,cgv,,26007500,,,,2D,2026-05-26,83422cf5-7860-475b-a46b-02375fb9aab9,2026-05-26T16:28:43.943436
41cf5d57-78db-454a-a31f-e1615e52a024,HOKUM,cgv,,26024600,,,,2D,2026-05-26,a16d513d-2d5f-4cdf-83a5-2ec48a555cf7,2026-05-26T16:28:43.943466
41cf5d57-78db-454a-a31f-e1615e52a024,MORTAL KOMBAT II,cgv,,26018200,,,,2D,2026-05-26,b21d781e-a7cd-43f8-8389-a6d55a3915f4,2026-05-26T16:28:43.943495
41cf5d57-78db-454a-a31f-e1615e52a024,GOHAN,cgv,,26022500,,,,2D,2026-05-26,39601b58-9b5a-4dde-857d-f9f7d7f00487,2026-05-26T16:28:43.943524
41cf5d57-78db-454a-a31f-e1615e52a024,AYAH INI ARAHNYA KEMANA YA,cgv,,26011000,,,,2D,2026-05-26,81fbcd9f-8528-4018-8e03-98f03dcd5563,2026-05-26T16:28:43.943558
41cf5d57-78db-454a-a31f-e1615e52a024,YANG LAIN BOLEH HILANG ASAL KAU JANGAN,cgv,,26018300,,,,2D,2026-05-26,0cf3a77f-3782-4536-b3fa-fcc5b3e5f244,2026-05-26T16:28:43.943591
41cf5d57-78db-454a-a31f-e1615e52a024,KELUARGA SUAMI ADALAH HAMA,cgv,,26017700,,,,2D,2026-05-26,4822edf9-1a85-4441-9b1d-874e521db5b2,2026-05-26T16:28:43.943620
41cf5d57-78db-454a-a31f-e1615e52a024,THE SHEEP DETECTIVES,cgv,,26019500,,,,2D,2026-05-26,499e4428-68bf-47b6-bf31-2ab79b17f32d,2026-05-26T16:28:43.943649
41cf5d57-78db-454a-a31f-e1615e52a024,SEKAWAN LIMO RE RELEASE,cgv,,26024900,,,,2D,2026-05-26,a5ad3255-3e10-419e-bd2c-30d79f4e950a,2026-05-26T16:28:43.943678
41cf5d57-78db-454a-a31f-e1615e52a024,MONSTER,cgv,,23042200,,,,2D,2026-05-26,e569aa0f-a616-4515-a046-d759db3083e7,2026-05-26T16:28:43.943706
41cf5d57-78db-454a-a31f-e1615e52a024,SALMOKJI WHISPERING WATER,cgv,,26019100,,,,2D,2026-05-26,1cdc65f5-0bfa-48b5-b53a-64ea7e4e128a,2026-05-26T16:28:43.943736
41cf5d57-78db-454a-a31f-e1615e52a024,THE DEVIL WEARS PRADA 2,cgv,,26019800,,,,2D,2026-05-26,433c1090-2c9a-4312-b737-ef00fa5eabd2,2026-05-26T16:28:43.943764
41cf5d57-78db-454a-a31f-e1615e52a024,STAR WARS THE MANDALORIAN AND GROGU 3D,cgv,,26025200,,,,2D,2026-05-26,1b7cadce-6cd7-45f3-a07d-45ca0df99293,2026-05-26T16:28:43.943794
41cf5d57-78db-454a-a31f-e1615e52a024,MOBILE SUIT GUNDAM HATHAWAY,cgv,,26021100,,,,2D,2026-05-26,575d75e0-9969-4574-a6f9-9c49c63a3db6,2026-05-26T16:28:43.943827
41cf5d57-78db-454a-a31f-e1615e52a024,METHOD ACTING,cgv,,26023400,,,,2D,2026-05-26,80187e36-615b-4f23-b154-77cde07f259d,2026-05-26T16:28:43.943856
41cf5d57-78db-454a-a31f-e1615e52a024,CHAND MERA DIL,cgv,,26026000,,,,2D,2026-05-26,589649d4-1d5e-420d-8813-6b9335355191,2026-05-26T16:28:43.943885
41cf5d57-78db-454a-a31f-e1615e52a024,THAT TIME I GOT REINCARNATED AS A SLIME THE MOVIE TEARS OF THE AZURE SEA,cgv,,26017900,,,,2D,2026-05-26,34b231ab-2083-4997-bc5e-9b3d4a51c2a1,2026-05-26T16:28:43.943920
41cf5d57-78db-454a-a31f-e1615e52a024,THE KINGS WARDEN,cgv,,26015000,,,,2D,2026-05-26,e468574f-5dc9-4ba8-b330-e0bc99d5b222,2026-05-26T16:28:43.943950
41cf5d57-78db-454a-a31f-e1615e52a024,KAMU HARUS MATI,cgv,,26023800,,,,2D,2026-05-26,639c11c9-a416-406b-a5ce-08f953857427,2026-05-26T16:28:43.943980
41cf5d57-78db-454a-a31f-e1615e52a024,SUNSHINE WOMENS CHOIR,cgv,,26024400,,,,2D,2026-05-26,b83454c6-6c69-42bc-831a-a5db8bc9affa,2026-05-26T16:28:43.944012
41cf5d57-78db-454a-a31f-e1615e52a024,NA WILLA,cgv,,26003200,,,,2D,2026-05-26,18394516-7d4e-486d-9f69-99f6c9c885d2,2026-05-26T16:28:43.944043
41cf5d57-78db-454a-a31f-e1615e52a024,DILAN ITB 1997,cgv,,26016100,,,,2D,2026-05-26,0fbe9d38-2376-46c5-99c4-8af8d07280ea,2026-05-26T16:28:43.944072
41cf5d57-78db-454a-a31f-e1615e52a024,PEGASUS 3,cgv,,26025100,,,,2D,2026-05-26,0f57f86b-9e2a-4f1b-b50e-0dde0c789373,2026-05-26T16:28:43.944102
02d3fd43-c7ce-42a7-826b-9e6830b5c0c8,TUMBAL PROYEK,cgv,,26014300,,,,2D,2026-05-26,39243d69-a066-4666-8a8b-c9682aebadf9,2026-05-26T16:28:44.709590
02d3fd43-c7ce-42a7-826b-9e6830b5c0c8,GUDANG MERICA,cgv,,26019400,,,,2D,2026-05-26,90891db9-977c-49de-bda2-5ad4d55935f0,2026-05-26T16:28:44.709610
02d3fd43-c7ce-42a7-826b-9e6830b5c0c8,STAR WARS THE MANDALORIAN AND GROGU,cgv,,26021200,,,,2D,2026-05-26,d5dc9533-b1c2-4415-a938-be4813afa803,2026-05-26T16:28:44.709627
02d3fd43-c7ce-42a7-826b-9e6830b5c0c8,SEMUA AKAN BAIK BAIK SAJA,cgv,,26018100,,,,2D,2026-05-26,55898192-469a-46fe-a449-0d162bfca385,2026-05-26T16:28:44.709642
02d3fd43-c7ce-42a7-826b-9e6830b5c0c8,GHOST IN THE CELL,cgv,,26011800,,,,2D,2026-05-26,ff5b0419-cf45-426b-96e7-02beb09e49a8,2026-05-26T16:28:44.709656
02d3fd43-c7ce-42a7-826b-9e6830b5c0c8,TEMAN TEGAR MAIRA,cgv,,26005400,,,,2D,2026-05-26,c7433c31-cac2-4a0e-bf9f-9e11b4332e24,2026-05-26T16:28:44.709671
02d3fd43-c7ce-42a7-826b-9e6830b5c0c8,TIBA TIBA SETAN,cgv,,26007500,,,,2D,2026-05-26,80173673-f09d-466e-8af9-e8c2254f4db5,2026-05-26T16:28:44.709684
02d3fd43-c7ce-42a7-826b-9e6830b5c0c8,HOKUM,cgv,,26024600,,,,2D,2026-05-26,83c985d7-8a47-4d58-8f6e-37922ee542eb,2026-05-26T16:28:44.709698
02d3fd43-c7ce-42a7-826b-9e6830b5c0c8,MORTAL KOMBAT II,cgv,,26018200,,,,2D,2026-05-26,0e9b8a70-bf3d-4ed7-afdd-06b2761e4d28,2026-05-26T16:28:44.709712
02d3fd43-c7ce-42a7-826b-9e6830b5c0c8,GOHAN,cgv,,26022500,,,,2D,2026-05-26,778ea5c5-7713-4a3b-88e3-a4cf33342b9d,2026-05-26T16:28:44.709726
02d3fd43-c7ce-42a7-826b-9e6830b5c0c8,AYAH INI ARAHNYA KEMANA YA,cgv,,26011000,,,,2D,2026-05-26,a229c4d2-d32f-42a5-806e-7a3f927d5424,2026-05-26T16:28:44.709740
02d3fd43-c7ce-42a7-826b-9e6830b5c0c8,YANG LAIN BOLEH HILANG ASAL KAU JANGAN,cgv,,26018300,,,,2D,2026-05-26,2fae8321-c6d2-4d83-b2c9-7e463a2c66ef,2026-05-26T16:28:44.709753
02d3fd43-c7ce-42a7-826b-9e6830b5c0c8,KELUARGA SUAMI ADALAH HAMA,cgv,,26017700,,,,2D,2026-05-26,11577ccb-3396-4281-b5c3-c3199e817dd3,2026-05-26T16:28:44.709766
02d3fd43-c7ce-42a7-826b-9e6830b5c0c8,THE SHEEP DETECTIVES,cgv,,26019500,,,,2D,2026-05-26,a63e7527-93da-4e57-a0a9-e01348d40026,2026-05-26T16:28:44.709780
02d3fd43-c7ce-42a7-826b-9e6830b5c0c8,SEKAWAN LIMO RE RELEASE,cgv,,26024900,,,,2D,2026-05-26,87cc1657-9547-4414-b91c-a49d71184f98,2026-05-26T16:28:44.709793
02d3fd43-c7ce-42a7-826b-9e6830b5c0c8,MONSTER,cgv,,23042200,,,,2D,2026-05-26,73353045-c320-4bf2-b9f4-b6e478bc40d3,2026-05-26T16:28:44.709807
02d3fd43-c7ce-42a7-826b-9e6830b5c0c8,SALMOKJI WHISPERING WATER,cgv,,26019100,,,,2D,2026-05-26,1a4e18ce-2bd4-4ba8-a3e0-b5e8254d1389,2026-05-26T16:28:44.709820
02d3fd43-c7ce-42a7-826b-9e6830b5c0c8,THE DEVIL WEARS PRADA 2,cgv,,26019800,,,,2D,2026-05-26,22711b3d-39e4-4ace-9474-a91491d96671,2026-05-26T16:28:44.709833
02d3fd43-c7ce-42a7-826b-9e6830b5c0c8,STAR WARS THE MANDALORIAN AND GROGU 3D,cgv,,26025200,,,,2D,2026-05-26,aa1a5142-f160-4409-b49b-6158d089a412,2026-05-26T16:28:44.709847
02d3fd43-c7ce-42a7-826b-9e6830b5c0c8,MOBILE SUIT GUNDAM HATHAWAY,cgv,,26021100,,,,2D,2026-05-26,bb7b776a-05f1-4c78-9deb-2349c3171d61,2026-05-26T16:28:44.709860
02d3fd43-c7ce-42a7-826b-9e6830b5c0c8,METHOD ACTING,cgv,,26023400,,,,2D,2026-05-26,685af964-e6ac-4240-b2e4-188e5419d735,2026-05-26T16:28:44.709873
02d3fd43-c7ce-42a7-826b-9e6830b5c0c8,CHAND MERA DIL,cgv,,26026000,,,,2D,2026-05-26,53053f16-4de1-4e57-9b8c-a9d12694f27a,2026-05-26T16:28:44.709887
02d3fd43-c7ce-42a7-826b-9e6830b5c0c8,THAT TIME I GOT REINCARNATED AS A SLIME THE MOVIE TEARS OF THE AZURE SEA,cgv,,26017900,,,,2D,2026-05-26,e7d1a8e5-887e-4a49-8cef-540c1cc1fdf0,2026-05-26T16:28:44.709900
02d3fd43-c7ce-42a7-826b-9e6830b5c0c8,THE KINGS WARDEN,cgv,,26015000,,,,2D,2026-05-26,ea9c72f2-81fc-45bf-999e-9fab62b226b2,2026-05-26T16:28:44.709914
02d3fd43-c7ce-42a7-826b-9e6830b5c0c8,KAMU HARUS MATI,cgv,,26023800,,,,2D,2026-05-26,f284f5b5-5324-42f7-9e3e-dd86e113e824,2026-05-26T16:28:44.709927
02d3fd43-c7ce-42a7-826b-9e6830b5c0c8,SUNSHINE WOMENS CHOIR,cgv,,26024400,,,,2D,2026-05-26,8411a996-115c-441c-a2b5-071ffa52b586,2026-05-26T16:28:44.709940
02d3fd43-c7ce-42a7-826b-9e6830b5c0c8,NA WILLA,cgv,,26003200,,,,2D,2026-05-26,a498693b-ab9c-4b30-a037-61938fa6a1b1,2026-05-26T16:28:44.709953
02d3fd43-c7ce-42a7-826b-9e6830b5c0c8,DILAN ITB 1997,cgv,,26016100,,,,2D,2026-05-26,4afba26a-21aa-48b4-bbaa-fa90f9d46fa4,2026-05-26T16:28:44.709967
02d3fd43-c7ce-42a7-826b-9e6830b5c0c8,PEGASUS 3,cgv,,26025100,,,,2D,2026-05-26,7154859b-fcb1-4164-b3d3-82e9e05ea082,2026-05-26T16:28:44.709980
96b7996f-101c-4a4e-aa02-08cca0eed238,TUMBAL PROYEK,cgv,,26014300,,,,2D,2026-05-26,28ae7ea5-e2cf-4e82-af03-9d11d6ec400f,2026-05-26T16:28:44.675005
96b7996f-101c-4a4e-aa02-08cca0eed238,GUDANG MERICA,cgv,,26019400,,,,2D,2026-05-26,3d08135a-3614-4bf5-8c40-dc2ad894c21a,2026-05-26T16:28:44.675026
96b7996f-101c-4a4e-aa02-08cca0eed238,STAR WARS THE MANDALORIAN AND GROGU,cgv,,26021200,,,,2D,2026-05-26,b3dd7874-5ac2-4e3d-9143-fc269a6d51ac,2026-05-26T16:28:44.675042
96b7996f-101c-4a4e-aa02-08cca0eed238,SEMUA AKAN BAIK BAIK SAJA,cgv,,26018100,,,,2D,2026-05-26,03436272-1961-4cf0-b20a-6b9c89b4b9f4,2026-05-26T16:28:44.675057
96b7996f-101c-4a4e-aa02-08cca0eed238,GHOST IN THE CELL,cgv,,26011800,,,,2D,2026-05-26,3ec15b23-981d-40b6-9aab-bbf3ba8195cc,2026-05-26T16:28:44.675072
96b7996f-101c-4a4e-aa02-08cca0eed238,TEMAN TEGAR MAIRA,cgv,,26005400,,,,2D,2026-05-26,5f851de2-666d-4479-9015-16ca1d76a282,2026-05-26T16:28:44.675085
96b7996f-101c-4a4e-aa02-08cca0eed238,TIBA TIBA SETAN,cgv,,26007500,,,,2D,2026-05-26,be9f41e0-5bb1-4e62-9943-2cac82daebb8,2026-05-26T16:28:44.675099
96b7996f-101c-4a4e-aa02-08cca0eed238,HOKUM,cgv,,26024600,,,,2D,2026-05-26,22c13c09-5fe2-49b6-8659-bc1c8623ca8d,2026-05-26T16:28:44.675112
96b7996f-101c-4a4e-aa02-08cca0eed238,MORTAL KOMBAT II,cgv,,26018200,,,,2D,2026-05-26,9a57ed06-41ed-4092-850f-01a0cfe92cfc,2026-05-26T16:28:44.675125
96b7996f-101c-4a4e-aa02-08cca0eed238,GOHAN,cgv,,26022500,,,,2D,2026-05-26,9e8b403c-b882-483d-be2d-341d0dedc97d,2026-05-26T16:28:44.675138
96b7996f-101c-4a4e-aa02-08cca0eed238,AYAH INI ARAHNYA KEMANA YA,cgv,,26011000,,,,2D,2026-05-26,81d7e534-cfd4-4039-a7e2-39a9f094ac1c,2026-05-26T16:28:44.675151
96b7996f-101c-4a4e-aa02-08cca0eed238,YANG LAIN BOLEH HILANG ASAL KAU JANGAN,cgv,,26018300,,,,2D,2026-05-26,852b131e-1acc-49a7-ac61-05f9cd6d777c,2026-05-26T16:28:44.675163
96b7996f-101c-4a4e-aa02-08cca0eed238,KELUARGA SUAMI ADALAH HAMA,cgv,,26017700,,,,2D,2026-05-26,5d074365-a1a3-47f0-aa4c-47507d065cc6,2026-05-26T16:28:44.675176
96b7996f-101c-4a4e-aa02-08cca0eed238,THE SHEEP DETECTIVES,cgv,,26019500,,,,2D,2026-05-26,f37e2839-898d-43c9-86f9-2de328f2a1eb,2026-05-26T16:28:44.675189
96b7996f-101c-4a4e-aa02-08cca0eed238,SEKAWAN LIMO RE RELEASE,cgv,,26024900,,,,2D,2026-05-26,6a53b148-528e-470d-9918-d065f58f8f2a,2026-05-26T16:28:44.675201
96b7996f-101c-4a4e-aa02-08cca0eed238,MONSTER,cgv,,23042200,,,,2D,2026-05-26,0b89c58a-d593-4865-82d9-c24c0612dc18,2026-05-26T16:28:44.675214
96b7996f-101c-4a4e-aa02-08cca0eed238,SALMOKJI WHISPERING WATER,cgv,,26019100,,,,2D,2026-05-26,a665c9ec-a76a-4512-b370-b37a83aafbde,2026-05-26T16:28:44.675227
96b7996f-101c-4a4e-aa02-08cca0eed238,THE DEVIL WEARS PRADA 2,cgv,,26019800,,,,2D,2026-05-26,8604ab5a-7d51-469b-98f4-6cd508ed8629,2026-05-26T16:28:44.675240
96b7996f-101c-4a4e-aa02-08cca0eed238,STAR WARS THE MANDALORIAN AND GROGU 3D,cgv,,26025200,,,,2D,2026-05-26,9eca94c6-26d1-4883-88f0-e9caee42ac84,2026-05-26T16:28:44.675253
96b7996f-101c-4a4e-aa02-08cca0eed238,MOBILE SUIT GUNDAM HATHAWAY,cgv,,26021100,,,,2D,2026-05-26,c4ce5c77-6b3f-4339-aafa-5ae05a9e3a8a,2026-05-26T16:28:44.675266
96b7996f-101c-4a4e-aa02-08cca0eed238,METHOD ACTING,cgv,,26023400,,,,2D,2026-05-26,f304059a-e0b5-4ed6-b2ee-8e9c77397941,2026-05-26T16:28:44.675279
96b7996f-101c-4a4e-aa02-08cca0eed238,CHAND MERA DIL,cgv,,26026000,,,,2D,2026-05-26,22c7cbf3-90b0-4175-9b67-a96ee988481a,2026-05-26T16:28:44.675292
96b7996f-101c-4a4e-aa02-08cca0eed238,THAT TIME I GOT REINCARNATED AS A SLIME THE MOVIE TEARS OF THE AZURE SEA,cgv,,26017900,,,,2D,2026-05-26,14aa2cea-b92b-44a7-b27a-145baea25393,2026-05-26T16:28:44.675306
96b7996f-101c-4a4e-aa02-08cca0eed238,THE KINGS WARDEN,cgv,,26015000,,,,2D,2026-05-26,e9e3b23a-0cf4-41e7-9cad-f32a45cc0e3b,2026-05-26T16:28:44.675318
96b7996f-101c-4a4e-aa02-08cca0eed238,KAMU HARUS MATI,cgv,,26023800,,,,2D,2026-05-26,fba9174c-5376-497a-a6b1-51ca03d12266,2026-05-26T16:28:44.675331
96b7996f-101c-4a4e-aa02-08cca0eed238,SUNSHINE WOMENS CHOIR,cgv,,26024400,,,,2D,2026-05-26,ff06b5bf-2d4e-405e-992a-ecb629636abf,2026-05-26T16:28:44.675343
96b7996f-101c-4a4e-aa02-08cca0eed238,NA WILLA,cgv,,26003200,,,,2D,2026-05-26,ab32fdd4-60ab-4ce5-bebc-fabef16c9abc,2026-05-26T16:28:44.675356
96b7996f-101c-4a4e-aa02-08cca0eed238,DILAN ITB 1997,cgv,,26016100,,,,2D,2026-05-26,14bac5b5-ef9a-4a4e-ae96-4fe8aa3c0da4,2026-05-26T16:28:44.675369
96b7996f-101c-4a4e-aa02-08cca0eed238,PEGASUS 3,cgv,,26025100,,,,2D,2026-05-26,cede52a3-6ea4-46f1-9646-8ccf1037db1a,2026-05-26T16:28:44.675382
a9e74500-6dfc-446e-8a32-a1aaaf7e1717,TUMBAL PROYEK,cgv,,26014300,,,,2D,2026-05-26,917450cb-3236-4070-874e-7643d7017d64,2026-05-26T16:28:47.325321
a9e74500-6dfc-446e-8a32-a1aaaf7e1717,GUDANG MERICA,cgv,,26019400,,,,2D,2026-05-26,f73e2a7c-ab37-43e3-9dcc-bd89b7aa8d37,2026-05-26T16:28:47.325342
a9e74500-6dfc-446e-8a32-a1aaaf7e1717,STAR WARS THE MANDALORIAN AND GROGU,cgv,,26021200,,,,2D,2026-05-26,fb9b0589-b523-49ea-9a14-38b3bd102833,2026-05-26T16:28:47.325358
a9e74500-6dfc-446e-8a32-a1aaaf7e1717,SEMUA AKAN BAIK BAIK SAJA,cgv,,26018100,,,,2D,2026-05-26,6de7d6cc-9ddf-4004-944b-a53d9ca29141,2026-05-26T16:28:47.325372
a9e74500-6dfc-446e-8a32-a1aaaf7e1717,GHOST IN THE CELL,cgv,,26011800,,,,2D,2026-05-26,aeff5afa-f769-4504-9f24-29f094cdd8ba,2026-05-26T16:28:47.325386
a9e74500-6dfc-446e-8a32-a1aaaf7e1717,TEMAN TEGAR MAIRA,cgv,,26005400,,,,2D,2026-05-26,b4438374-29b8-415e-aa55-a4da54cc37b8,2026-05-26T16:28:47.325400
a9e74500-6dfc-446e-8a32-a1aaaf7e1717,TIBA TIBA SETAN,cgv,,26007500,,,,2D,2026-05-26,60010db2-3ff5-47f2-8f3b-a5185406908f,2026-05-26T16:28:47.325413
a9e74500-6dfc-446e-8a32-a1aaaf7e1717,HOKUM,cgv,,26024600,,,,2D,2026-05-26,ec360c8a-80cb-4f72-8f7a-8d16e221f4c5,2026-05-26T16:28:47.325426
a9e74500-6dfc-446e-8a32-a1aaaf7e1717,MORTAL KOMBAT II,cgv,,26018200,,,,2D,2026-05-26,6844f2c0-c739-43b8-a66d-6d1323e53dc6,2026-05-26T16:28:47.325439
a9e74500-6dfc-446e-8a32-a1aaaf7e1717,GOHAN,cgv,,26022500,,,,2D,2026-05-26,14b8f077-562b-441c-a149-4c9ef8641e82,2026-05-26T16:28:47.325452
a9e74500-6dfc-446e-8a32-a1aaaf7e1717,AYAH INI ARAHNYA KEMANA YA,cgv,,26011000,,,,2D,2026-05-26,50248acc-574a-4082-9272-a2b1b95e18e7,2026-05-26T16:28:47.325465
a9e74500-6dfc-446e-8a32-a1aaaf7e1717,YANG LAIN BOLEH HILANG ASAL KAU JANGAN,cgv,,26018300,,,,2D,2026-05-26,9bb7242e-0a0b-4ac8-b54c-394c2b496548,2026-05-26T16:28:47.325478
a9e74500-6dfc-446e-8a32-a1aaaf7e1717,KELUARGA SUAMI ADALAH HAMA,cgv,,26017700,,,,2D,2026-05-26,288059d1-1f1b-43ce-b037-0c8caff8753b,2026-05-26T16:28:47.325492
a9e74500-6dfc-446e-8a32-a1aaaf7e1717,THE SHEEP DETECTIVES,cgv,,26019500,,,,2D,2026-05-26,4d87c867-c50e-4672-9404-0e8eab103ff8,2026-05-26T16:28:47.325505
a9e74500-6dfc-446e-8a32-a1aaaf7e1717,SEKAWAN LIMO RE RELEASE,cgv,,26024900,,,,2D,2026-05-26,dba9ed3d-3995-464f-91af-78f64f314e27,2026-05-26T16:28:47.325518
a9e74500-6dfc-446e-8a32-a1aaaf7e1717,MONSTER,cgv,,23042200,,,,2D,2026-05-26,2708cae5-e8a8-4919-85f1-7c66a064e92a,2026-05-26T16:28:47.325532
a9e74500-6dfc-446e-8a32-a1aaaf7e1717,SALMOKJI WHISPERING WATER,cgv,,26019100,,,,2D,2026-05-26,726eaf6b-bce4-4db5-be04-0d2ae2dc5397,2026-05-26T16:28:47.325545
a9e74500-6dfc-446e-8a32-a1aaaf7e1717,THE DEVIL WEARS PRADA 2,cgv,,26019800,,,,2D,2026-05-26,3566b0b9-7575-47f7-8ba5-d15f7efbd382,2026-05-26T16:28:47.325558
a9e74500-6dfc-446e-8a32-a1aaaf7e1717,STAR WARS THE MANDALORIAN AND GROGU 3D,cgv,,26025200,,,,2D,2026-05-26,ccfdd623-5910-4661-b1b6-13270f72c77e,2026-05-26T16:28:47.325572
a9e74500-6dfc-446e-8a32-a1aaaf7e1717,MOBILE SUIT GUNDAM HATHAWAY,cgv,,26021100,,,,2D,2026-05-26,ffa25d81-cc68-41d4-92e8-e205c6007511,2026-05-26T16:28:47.325585
a9e74500-6dfc-446e-8a32-a1aaaf7e1717,METHOD ACTING,cgv,,26023400,,,,2D,2026-05-26,673c92d8-ccef-4fa5-ae36-ed96ab0b8b9c,2026-05-26T16:28:47.325597
a9e74500-6dfc-446e-8a32-a1aaaf7e1717,CHAND MERA DIL,cgv,,26026000,,,,2D,2026-05-26,1666c595-d422-406a-9bb4-97208f05452a,2026-05-26T16:28:47.325610
a9e74500-6dfc-446e-8a32-a1aaaf7e1717,THAT TIME I GOT REINCARNATED AS A SLIME THE MOVIE TEARS OF THE AZURE SEA,cgv,,26017900,,,,2D,2026-05-26,b0865f14-8b64-4e48-9b5a-6498373f46c0,2026-05-26T16:28:47.325624
a9e74500-6dfc-446e-8a32-a1aaaf7e1717,THE KINGS WARDEN,cgv,,26015000,,,,2D,2026-05-26,c209b882-d9c7-4904-a25b-09a19436f049,2026-05-26T16:28:47.325636
a9e74500-6dfc-446e-8a32-a1aaaf7e1717,KAMU HARUS MATI,cgv,,26023800,,,,2D,2026-05-26,d2d21ceb-4aad-4b99-8f17-a9d032f195a3,2026-05-26T16:28:47.325649
a9e74500-6dfc-446e-8a32-a1aaaf7e1717,SUNSHINE WOMENS CHOIR,cgv,,26024400,,,,2D,2026-05-26,4e0d33d0-21da-4141-b99a-329ddf22239a,2026-05-26T16:28:47.325661
a9e74500-6dfc-446e-8a32-a1aaaf7e1717,NA WILLA,cgv,,26003200,,,,2D,2026-05-26,459bb2aa-d672-4035-b5b2-05cce2968b4f,2026-05-26T16:28:47.325674
a9e74500-6dfc-446e-8a32-a1aaaf7e1717,DILAN ITB 1997,cgv,,26016100,,,,2D,2026-05-26,e1088016-8925-4883-9246-53c17de4054c,2026-05-26T16:28:47.325687
a9e74500-6dfc-446e-8a32-a1aaaf7e1717,PEGASUS 3,cgv,,26025100,,,,2D,2026-05-26,128ccbfc-025b-4782-a628-9fdbff83a71f,2026-05-26T16:28:47.325700
1d627926-ea56-4538-a6c2-c7d5e22faae3,TUMBAL PROYEK,cgv,,26014300,,,,2D,2026-05-26,0b0f45a0-df60-42a1-9e11-76cf17332e65,2026-05-26T16:28:46.983836
1d627926-ea56-4538-a6c2-c7d5e22faae3,GUDANG MERICA,cgv,,26019400,,,,2D,2026-05-26,439db6e2-fc02-4830-800a-0a7e6edefe74,2026-05-26T16:28:46.983857
1d627926-ea56-4538-a6c2-c7d5e22faae3,STAR WARS THE MANDALORIAN AND GROGU,cgv,,26021200,,,,2D,2026-05-26,15afa5f5-8927-497e-9cd6-4660c5284e10,2026-05-26T16:28:46.983873
1d627926-ea56-4538-a6c2-c7d5e22faae3,SEMUA AKAN BAIK BAIK SAJA,cgv,,26018100,,,,2D,2026-05-26,6413c38e-f543-4cd4-8ba5-5f5532ac8db0,2026-05-26T16:28:46.983888
1d627926-ea56-4538-a6c2-c7d5e22faae3,GHOST IN THE CELL,cgv,,26011800,,,,2D,2026-05-26,9621b9ba-41a7-4a67-9499-350c86ea359c,2026-05-26T16:28:46.983902
1d627926-ea56-4538-a6c2-c7d5e22faae3,TEMAN TEGAR MAIRA,cgv,,26005400,,,,2D,2026-05-26,e90879ad-938c-490d-8291-68849cb2f465,2026-05-26T16:28:46.983915
1d627926-ea56-4538-a6c2-c7d5e22faae3,TIBA TIBA SETAN,cgv,,26007500,,,,2D,2026-05-26,02a5346e-2b2e-490e-a89b-b5b4d56e5b97,2026-05-26T16:28:46.983929
1d627926-ea56-4538-a6c2-c7d5e22faae3,HOKUM,cgv,,26024600,,,,2D,2026-05-26,9f770386-f2aa-47ec-90cd-2bfad35b0ef1,2026-05-26T16:28:46.983942
1d627926-ea56-4538-a6c2-c7d5e22faae3,MORTAL KOMBAT II,cgv,,26018200,,,,2D,2026-05-26,37cbb21d-4052-4806-9d71-e0074786fc04,2026-05-26T16:28:46.983955
1d627926-ea56-4538-a6c2-c7d5e22faae3,GOHAN,cgv,,26022500,,,,2D,2026-05-26,653ad6d6-fb98-476f-879a-5c8582933815,2026-05-26T16:28:46.983968
1d627926-ea56-4538-a6c2-c7d5e22faae3,AYAH INI ARAHNYA KEMANA YA,cgv,,26011000,,,,2D,2026-05-26,22c8d643-7e1e-4150-8e00-4ad3caabf6aa,2026-05-26T16:28:46.983981
1d627926-ea56-4538-a6c2-c7d5e22faae3,YANG LAIN BOLEH HILANG ASAL KAU JANGAN,cgv,,26018300,,,,2D,2026-05-26,64ed6e77-a3e0-418e-8b08-b5b1c3328f0d,2026-05-26T16:28:46.983994
1d627926-ea56-4538-a6c2-c7d5e22faae3,KELUARGA SUAMI ADALAH HAMA,cgv,,26017700,,,,2D,2026-05-26,5a394ec8-4ac3-45da-81ee-ccbc7493da67,2026-05-26T16:28:46.984007
1d627926-ea56-4538-a6c2-c7d5e22faae3,THE SHEEP DETECTIVES,cgv,,26019500,,,,2D,2026-05-26,ee63fa81-3686-499b-b305-886bb17f4c09,2026-05-26T16:28:46.984019
1d627926-ea56-4538-a6c2-c7d5e22faae3,SEKAWAN LIMO RE RELEASE,cgv,,26024900,,,,2D,2026-05-26,1175a18d-3470-4181-a906-5884ea83c0ad,2026-05-26T16:28:46.984032
1d627926-ea56-4538-a6c2-c7d5e22faae3,MONSTER,cgv,,23042200,,,,2D,2026-05-26,130e2cd2-e10e-4e5c-b8cd-1fdf89041043,2026-05-26T16:28:46.984045
1d627926-ea56-4538-a6c2-c7d5e22faae3,SALMOKJI WHISPERING WATER,cgv,,26019100,,,,2D,2026-05-26,62a164ee-d971-4529-9034-08b4ef284c22,2026-05-26T16:28:46.984058
1d627926-ea56-4538-a6c2-c7d5e22faae3,THE DEVIL WEARS PRADA 2,cgv,,26019800,,,,2D,2026-05-26,57eabe26-a25c-4b0c-ac0c-93e2ec206d0e,2026-05-26T16:28:46.984071
1d627926-ea56-4538-a6c2-c7d5e22faae3,STAR WARS THE MANDALORIAN AND GROGU 3D,cgv,,26025200,,,,2D,2026-05-26,0e067ec7-4801-4ac4-b695-e1f428f8a38b,2026-05-26T16:28:46.984085
1d627926-ea56-4538-a6c2-c7d5e22faae3,MOBILE SUIT GUNDAM HATHAWAY,cgv,,26021100,,,,2D,2026-05-26,9656d8bf-dbc3-45b3-b43a-228ae6f076d3,2026-05-26T16:28:46.984098
1d627926-ea56-4538-a6c2-c7d5e22faae3,METHOD ACTING,cgv,,26023400,,,,2D,2026-05-26,94b1d7a0-e038-4a38-9b31-65150d2a1f32,2026-05-26T16:28:46.984110
1d627926-ea56-4538-a6c2-c7d5e22faae3,CHAND MERA DIL,cgv,,26026000,,,,2D,2026-05-26,ee9e3344-5448-4a9a-a8e4-1f7102831344,2026-05-26T16:28:46.984123
1d627926-ea56-4538-a6c2-c7d5e22faae3,THAT TIME I GOT REINCARNATED AS A SLIME THE MOVIE TEARS OF THE AZURE SEA,cgv,,26017900,,,,2D,2026-05-26,832ae1dd-802d-4bef-b341-ae3defa89dc8,2026-05-26T16:28:46.984136
1d627926-ea56-4538-a6c2-c7d5e22faae3,THE KINGS WARDEN,cgv,,26015000,,,,2D,2026-05-26,d696a6e4-3cb8-465b-a150-c198d4c8bd49,2026-05-26T16:28:46.984149
1d627926-ea56-4538-a6c2-c7d5e22faae3,KAMU HARUS MATI,cgv,,26023800,,,,2D,2026-05-26,07c6a343-fa14-4740-b718-ae9e40eb03a3,2026-05-26T16:28:46.984162
1d627926-ea56-4538-a6c2-c7d5e22faae3,SUNSHINE WOMENS CHOIR,cgv,,26024400,,,,2D,2026-05-26,a020abec-3c99-4065-8d73-2bb38430cf5f,2026-05-26T16:28:46.984174
1d627926-ea56-4538-a6c2-c7d5e22faae3,NA WILLA,cgv,,26003200,,,,2D,2026-05-26,13914bed-f69b-4e61-9d0e-60523f46e65e,2026-05-26T16:28:46.984188
1d627926-ea56-4538-a6c2-c7d5e22faae3,DILAN ITB 1997,cgv,,26016100,,,,2D,2026-05-26,1ea836b9-74cc-42c6-b856-23a88113c338,2026-05-26T16:28:46.984201
1d627926-ea56-4538-a6c2-c7d5e22faae3,PEGASUS 3,cgv,,26025100,,,,2D,2026-05-26,3c893b89-e7d3-4637-a081-3988ce23c3f0,2026-05-26T16:28:46.984213
f40a717e-9210-4342-827f-1f90c71cf9bd,TUMBAL PROYEK,cgv,,26014300,,,,2D,2026-05-26,a34ba46e-6be4-422b-8fa0-2e1f0c6baee5,2026-05-26T16:28:47.375196
f40a717e-9210-4342-827f-1f90c71cf9bd,GUDANG MERICA,cgv,,26019400,,,,2D,2026-05-26,85d46467-4bdb-4f5f-aace-c9c4de68cca1,2026-05-26T16:28:47.375217
f40a717e-9210-4342-827f-1f90c71cf9bd,STAR WARS THE MANDALORIAN AND GROGU,cgv,,26021200,,,,2D,2026-05-26,b845aab1-3289-4dbb-bdf7-ba0d2d94d835,2026-05-26T16:28:47.375233
f40a717e-9210-4342-827f-1f90c71cf9bd,SEMUA AKAN BAIK BAIK SAJA,cgv,,26018100,,,,2D,2026-05-26,4faf398e-ff88-415b-92c8-8b2deaf97d19,2026-05-26T16:28:47.375247
f40a717e-9210-4342-827f-1f90c71cf9bd,GHOST IN THE CELL,cgv,,26011800,,,,2D,2026-05-26,0044d8ef-f6e2-4261-a1a6-d87cb4cd3489,2026-05-26T16:28:47.375262
f40a717e-9210-4342-827f-1f90c71cf9bd,TEMAN TEGAR MAIRA,cgv,,26005400,,,,2D,2026-05-26,ae63f9df-7cdb-4cef-b097-61700a51327d,2026-05-26T16:28:47.375276
f40a717e-9210-4342-827f-1f90c71cf9bd,TIBA TIBA SETAN,cgv,,26007500,,,,2D,2026-05-26,2bdb9d8d-f356-4828-af45-27cc154dad5a,2026-05-26T16:28:47.375289
f40a717e-9210-4342-827f-1f90c71cf9bd,HOKUM,cgv,,26024600,,,,2D,2026-05-26,6ca8d4f3-dcac-4b10-b4a0-2696d58d8a70,2026-05-26T16:28:47.375302
f40a717e-9210-4342-827f-1f90c71cf9bd,MORTAL KOMBAT II,cgv,,26018200,,,,2D,2026-05-26,dadb811e-4298-4a1e-a866-1baafeb397ae,2026-05-26T16:28:47.375316
f40a717e-9210-4342-827f-1f90c71cf9bd,GOHAN,cgv,,26022500,,,,2D,2026-05-26,440700c9-5b66-41e3-badb-92dad5bf60bd,2026-05-26T16:28:47.375329
f40a717e-9210-4342-827f-1f90c71cf9bd,AYAH INI ARAHNYA KEMANA YA,cgv,,26011000,,,,2D,2026-05-26,be6a0327-402b-4d17-aa29-152e2f4dbd64,2026-05-26T16:28:47.375342
f40a717e-9210-4342-827f-1f90c71cf9bd,YANG LAIN BOLEH HILANG ASAL KAU JANGAN,cgv,,26018300,,,,2D,2026-05-26,33d00641-5405-45d2-b369-576d0ae8f1d9,2026-05-26T16:28:47.375355
f40a717e-9210-4342-827f-1f90c71cf9bd,KELUARGA SUAMI ADALAH HAMA,cgv,,26017700,,,,2D,2026-05-26,b085e510-175e-496c-9278-007995688481,2026-05-26T16:28:47.375368
f40a717e-9210-4342-827f-1f90c71cf9bd,THE SHEEP DETECTIVES,cgv,,26019500,,,,2D,2026-05-26,247eb274-5147-46f0-98d1-b1db9a15e2f2,2026-05-26T16:28:47.375381
f40a717e-9210-4342-827f-1f90c71cf9bd,SEKAWAN LIMO RE RELEASE,cgv,,26024900,,,,2D,2026-05-26,68801d62-17e1-4e0f-9de1-78b63a64ad44,2026-05-26T16:28:47.375393
f40a717e-9210-4342-827f-1f90c71cf9bd,MONSTER,cgv,,23042200,,,,2D,2026-05-26,46a997a6-8cc9-4c5f-ae3a-c65b9c72485f,2026-05-26T16:28:47.375406
f40a717e-9210-4342-827f-1f90c71cf9bd,SALMOKJI WHISPERING WATER,cgv,,26019100,,,,2D,2026-05-26,9d81d541-62c2-48cc-b1ec-c7996a7b4cb3,2026-05-26T16:28:47.375418
f40a717e-9210-4342-827f-1f90c71cf9bd,THE DEVIL WEARS PRADA 2,cgv,,26019800,,,,2D,2026-05-26,0482b136-e3ea-48d0-b942-ece297ef65b5,2026-05-26T16:28:47.375431
f40a717e-9210-4342-827f-1f90c71cf9bd,STAR WARS THE MANDALORIAN AND GROGU 3D,cgv,,26025200,,,,2D,2026-05-26,7984f80b-0ff8-4e74-94e5-04773062a02c,2026-05-26T16:28:47.375445
f40a717e-9210-4342-827f-1f90c71cf9bd,MOBILE SUIT GUNDAM HATHAWAY,cgv,,26021100,,,,2D,2026-05-26,474be97d-fa08-499b-bd8b-8cbcc8955bfd,2026-05-26T16:28:47.375458
f40a717e-9210-4342-827f-1f90c71cf9bd,METHOD ACTING,cgv,,26023400,,,,2D,2026-05-26,9625dc34-06e0-41de-a72c-d7162daa089d,2026-05-26T16:28:47.375471
f40a717e-9210-4342-827f-1f90c71cf9bd,CHAND MERA DIL,cgv,,26026000,,,,2D,2026-05-26,9c940429-dd6d-4bdf-8c91-7cd49a6ca91e,2026-05-26T16:28:47.375483
f40a717e-9210-4342-827f-1f90c71cf9bd,THAT TIME I GOT REINCARNATED AS A SLIME THE MOVIE TEARS OF THE AZURE SEA,cgv,,26017900,,,,2D,2026-05-26,49754aac-9f28-47a0-beb5-dd4fb0bf4dec,2026-05-26T16:28:47.375496
f40a717e-9210-4342-827f-1f90c71cf9bd,THE KINGS WARDEN,cgv,,26015000,,,,2D,2026-05-26,67b74ef7-2233-4e4b-8d85-0cc7b4a8925e,2026-05-26T16:28:47.375509
f40a717e-9210-4342-827f-1f90c71cf9bd,KAMU HARUS MATI,cgv,,26023800,,,,2D,2026-05-26,182f87cd-2628-4f0a-9cb1-5e3f720c3f69,2026-05-26T16:28:47.375522
f40a717e-9210-4342-827f-1f90c71cf9bd,SUNSHINE WOMENS CHOIR,cgv,,26024400,,,,2D,2026-05-26,0d0a57b3-2211-4108-b0d4-d50ccc3432db,2026-05-26T16:28:47.375534
f40a717e-9210-4342-827f-1f90c71cf9bd,NA WILLA,cgv,,26003200,,,,2D,2026-05-26,438efcde-aa6d-487b-b487-dd4da2c4ff6d,2026-05-26T16:28:47.375547
f40a717e-9210-4342-827f-1f90c71cf9bd,DILAN ITB 1997,cgv,,26016100,,,,2D,2026-05-26,e136df46-871c-48c5-9fb2-00dadbc1eb5f,2026-05-26T16:28:47.375560
f40a717e-9210-4342-827f-1f90c71cf9bd,PEGASUS 3,cgv,,26025100,,,,2D,2026-05-26,f8364a4f-8a7f-4bd2-a92d-63cda5ccb8d0,2026-05-26T16:28:47.375572
65f5d5db-fd43-463a-b386-9b251ceb294a,TUMBAL PROYEK,cgv,,26014300,,,,2D,2026-05-26,5fcdb375-f71e-4e62-b010-e03873d5347e,2026-05-26T16:28:47.971724
65f5d5db-fd43-463a-b386-9b251ceb294a,GUDANG MERICA,cgv,,26019400,,,,2D,2026-05-26,2a439617-6821-4af1-9d02-c4fd33cef9e0,2026-05-26T16:28:47.971741
65f5d5db-fd43-463a-b386-9b251ceb294a,STAR WARS THE MANDALORIAN AND GROGU,cgv,,26021200,,,,2D,2026-05-26,0962f717-a66f-4354-beff-bf20985b21e9,2026-05-26T16:28:47.971754
65f5d5db-fd43-463a-b386-9b251ceb294a,SEMUA AKAN BAIK BAIK SAJA,cgv,,26018100,,,,2D,2026-05-26,1d17fd1b-20c3-4702-9fde-e6968900fdde,2026-05-26T16:28:47.971766
65f5d5db-fd43-463a-b386-9b251ceb294a,GHOST IN THE CELL,cgv,,26011800,,,,2D,2026-05-26,7226c8f3-e4e2-4638-acb3-9591de9e1594,2026-05-26T16:28:47.971780
65f5d5db-fd43-463a-b386-9b251ceb294a,TEMAN TEGAR MAIRA,cgv,,26005400,,,,2D,2026-05-26,d07cec99-2e4e-4c6c-8672-7668b75436be,2026-05-26T16:28:47.971791
65f5d5db-fd43-463a-b386-9b251ceb294a,TIBA TIBA SETAN,cgv,,26007500,,,,2D,2026-05-26,ba82b33f-f7c2-48ad-ac12-e280a5406d17,2026-05-26T16:28:47.971801
65f5d5db-fd43-463a-b386-9b251ceb294a,HOKUM,cgv,,26024600,,,,2D,2026-05-26,d9a016c4-080c-440b-b226-0dd8d4ab3ffe,2026-05-26T16:28:47.971811
65f5d5db-fd43-463a-b386-9b251ceb294a,MORTAL KOMBAT II,cgv,,26018200,,,,2D,2026-05-26,54d1e930-895a-4099-ac72-d9ba2a97e3d2,2026-05-26T16:28:47.971821
65f5d5db-fd43-463a-b386-9b251ceb294a,GOHAN,cgv,,26022500,,,,2D,2026-05-26,9095be54-6890-4c3f-996a-0fa0be4223ae,2026-05-26T16:28:47.971831
65f5d5db-fd43-463a-b386-9b251ceb294a,AYAH INI ARAHNYA KEMANA YA,cgv,,26011000,,,,2D,2026-05-26,9f26ed55-b770-4377-a704-d089b5ffd1e7,2026-05-26T16:28:47.971841
65f5d5db-fd43-463a-b386-9b251ceb294a,YANG LAIN BOLEH HILANG ASAL KAU JANGAN,cgv,,26018300,,,,2D,2026-05-26,bec9ef1d-1a3c-4fd0-b893-57a182782176,2026-05-26T16:28:47.971851
65f5d5db-fd43-463a-b386-9b251ceb294a,KELUARGA SUAMI ADALAH HAMA,cgv,,26017700,,,,2D,2026-05-26,6288374e-45e8-48fc-95ff-162f69f44fd9,2026-05-26T16:28:47.971864
65f5d5db-fd43-463a-b386-9b251ceb294a,THE SHEEP DETECTIVES,cgv,,26019500,,,,2D,2026-05-26,88a72711-57f7-40e9-b4ba-6ec31fef2cd0,2026-05-26T16:28:47.971874
65f5d5db-fd43-463a-b386-9b251ceb294a,SEKAWAN LIMO RE RELEASE,cgv,,26024900,,,,2D,2026-05-26,9c688229-f668-4de6-b8b1-ca24349962c4,2026-05-26T16:28:47.971884
65f5d5db-fd43-463a-b386-9b251ceb294a,MONSTER,cgv,,23042200,,,,2D,2026-05-26,5c3350ed-ac61-4385-8ebf-3079349c90e5,2026-05-26T16:28:47.971894
65f5d5db-fd43-463a-b386-9b251ceb294a,SALMOKJI WHISPERING WATER,cgv,,26019100,,,,2D,2026-05-26,6da6ee42-3379-4a67-9dde-9b8e0e231875,2026-05-26T16:28:47.971903
65f5d5db-fd43-463a-b386-9b251ceb294a,THE DEVIL WEARS PRADA 2,cgv,,26019800,,,,2D,2026-05-26,c81db306-2d36-4b56-ba86-2653c012f556,2026-05-26T16:28:47.971913
65f5d5db-fd43-463a-b386-9b251ceb294a,STAR WARS THE MANDALORIAN AND GROGU 3D,cgv,,26025200,,,,2D,2026-05-26,2aec7963-1b2e-4a50-91f8-ede17a9c81b0,2026-05-26T16:28:47.971924
65f5d5db-fd43-463a-b386-9b251ceb294a,MOBILE SUIT GUNDAM HATHAWAY,cgv,,26021100,,,,2D,2026-05-26,0820ec90-7cf6-49a9-90bf-a22d1ba43dc3,2026-05-26T16:28:47.971934
65f5d5db-fd43-463a-b386-9b251ceb294a,METHOD ACTING,cgv,,26023400,,,,2D,2026-05-26,1e29670b-387c-495b-83c0-2a17a95b09d2,2026-05-26T16:28:47.971944
65f5d5db-fd43-463a-b386-9b251ceb294a,CHAND MERA DIL,cgv,,26026000,,,,2D,2026-05-26,df625ad9-7087-45ce-ad4d-507a28c44b6f,2026-05-26T16:28:47.971954
65f5d5db-fd43-463a-b386-9b251ceb294a,THAT TIME I GOT REINCARNATED AS A SLIME THE MOVIE TEARS OF THE AZURE SEA,cgv,,26017900,,,,2D,2026-05-26,1fd7496d-5e52-4a64-b11a-8b0bde131ba7,2026-05-26T16:28:47.971964
65f5d5db-fd43-463a-b386-9b251ceb294a,THE KINGS WARDEN,cgv,,26015000,,,,2D,2026-05-26,41e2528b-4230-4369-99ea-15fd3ed0f928,2026-05-26T16:28:47.971973
65f5d5db-fd43-463a-b386-9b251ceb294a,KAMU HARUS MATI,cgv,,26023800,,,,2D,2026-05-26,d1cc5886-ff0a-4a8d-a142-275b526c1fad,2026-05-26T16:28:47.971983
65f5d5db-fd43-463a-b386-9b251ceb294a,SUNSHINE WOMENS CHOIR,cgv,,26024400,,,,2D,2026-05-26,fb65be2d-f4e8-4f13-8c0b-876730b6412a,2026-05-26T16:28:47.971993
65f5d5db-fd43-463a-b386-9b251ceb294a,NA WILLA,cgv,,26003200,,,,2D,2026-05-26,d9dae1ea-d27b-42bc-9c9f-5df9efccb9ad,2026-05-26T16:28:47.972003
65f5d5db-fd43-463a-b386-9b251ceb294a,DILAN ITB 1997,cgv,,26016100,,,,2D,2026-05-26,b327f2c5-5047-43f6-9642-444059d0a80b,2026-05-26T16:28:47.972013
65f5d5db-fd43-463a-b386-9b251ceb294a,PEGASUS 3,cgv,,26025100,,,,2D,2026-05-26,dd910e82-90e1-463b-a65d-4dbd2cf1f3fd,2026-05-26T16:28:47.972022
e243bbc0-23fd-4351-983a-4053e5fd9e82,TUMBAL PROYEK,cgv,,26014300,,,,2D,2026-05-26,83b3ebbc-b59f-42f1-8db5-77e1398fb2dd,2026-05-26T16:28:47.983987
e243bbc0-23fd-4351-983a-4053e5fd9e82,GUDANG MERICA,cgv,,26019400,,,,2D,2026-05-26,ebd0676f-fbb3-4c49-acb5-67a96ee8737d,2026-05-26T16:28:47.984003
e243bbc0-23fd-4351-983a-4053e5fd9e82,STAR WARS THE MANDALORIAN AND GROGU,cgv,,26021200,,,,2D,2026-05-26,e0c7c9ee-e2fe-4809-acf7-7c1e6b18af48,2026-05-26T16:28:47.984015
e243bbc0-23fd-4351-983a-4053e5fd9e82,SEMUA AKAN BAIK BAIK SAJA,cgv,,26018100,,,,2D,2026-05-26,63d040c9-c3fe-4baf-9579-4970515c298a,2026-05-26T16:28:47.984026
e243bbc0-23fd-4351-983a-4053e5fd9e82,GHOST IN THE CELL,cgv,,26011800,,,,2D,2026-05-26,40265d6a-2f0a-4677-b3f9-3d1703a1e373,2026-05-26T16:28:47.984037
e243bbc0-23fd-4351-983a-4053e5fd9e82,TEMAN TEGAR MAIRA,cgv,,26005400,,,,2D,2026-05-26,b0f276ef-c460-4d78-afe8-68b05821bb0d,2026-05-26T16:28:47.984047
e243bbc0-23fd-4351-983a-4053e5fd9e82,TIBA TIBA SETAN,cgv,,26007500,,,,2D,2026-05-26,d6d93134-4476-4fff-8406-bfeb6c52d341,2026-05-26T16:28:47.984058
e243bbc0-23fd-4351-983a-4053e5fd9e82,HOKUM,cgv,,26024600,,,,2D,2026-05-26,3fe9275e-deb8-474d-ad77-bc1a097c60d3,2026-05-26T16:28:47.984068
e243bbc0-23fd-4351-983a-4053e5fd9e82,MORTAL KOMBAT II,cgv,,26018200,,,,2D,2026-05-26,05ff6385-40de-4ecb-a9c4-46e07226e261,2026-05-26T16:28:47.984078
e243bbc0-23fd-4351-983a-4053e5fd9e82,GOHAN,cgv,,26022500,,,,2D,2026-05-26,449fc5d2-6b88-4479-8191-a885a865a0d1,2026-05-26T16:28:47.984088
e243bbc0-23fd-4351-983a-4053e5fd9e82,AYAH INI ARAHNYA KEMANA YA,cgv,,26011000,,,,2D,2026-05-26,b5f5eff0-2275-48cf-b209-b82091b03de7,2026-05-26T16:28:47.984098
e243bbc0-23fd-4351-983a-4053e5fd9e82,YANG LAIN BOLEH HILANG ASAL KAU JANGAN,cgv,,26018300,,,,2D,2026-05-26,67d047f2-5041-4faf-a155-8cd77ee9dda5,2026-05-26T16:28:47.984109
e243bbc0-23fd-4351-983a-4053e5fd9e82,KELUARGA SUAMI ADALAH HAMA,cgv,,26017700,,,,2D,2026-05-26,22e84af7-b1dc-4503-955f-53932bf36618,2026-05-26T16:28:47.984119
e243bbc0-23fd-4351-983a-4053e5fd9e82,THE SHEEP DETECTIVES,cgv,,26019500,,,,2D,2026-05-26,3f6d8df5-de4b-49b3-be7b-a3c8621a608b,2026-05-26T16:28:47.984129
e243bbc0-23fd-4351-983a-4053e5fd9e82,SEKAWAN LIMO RE RELEASE,cgv,,26024900,,,,2D,2026-05-26,bff19a3f-8554-4e2a-9453-148305152885,2026-05-26T16:28:47.984139
e243bbc0-23fd-4351-983a-4053e5fd9e82,MONSTER,cgv,,23042200,,,,2D,2026-05-26,b5bf57dc-4236-4d8a-a47f-d36b57df5936,2026-05-26T16:28:47.984149
e243bbc0-23fd-4351-983a-4053e5fd9e82,SALMOKJI WHISPERING WATER,cgv,,26019100,,,,2D,2026-05-26,bb3c3c0e-d123-4ae2-8d9c-bf4d92a97f2f,2026-05-26T16:28:47.984159
e243bbc0-23fd-4351-983a-4053e5fd9e82,THE DEVIL WEARS PRADA 2,cgv,,26019800,,,,2D,2026-05-26,ce7828be-c1c3-453c-891b-b50195577cd3,2026-05-26T16:28:47.984168
e243bbc0-23fd-4351-983a-4053e5fd9e82,STAR WARS THE MANDALORIAN AND GROGU 3D,cgv,,26025200,,,,2D,2026-05-26,c7e416fc-c310-44c5-9d68-a97971dc591f,2026-05-26T16:28:47.984179
e243bbc0-23fd-4351-983a-4053e5fd9e82,MOBILE SUIT GUNDAM HATHAWAY,cgv,,26021100,,,,2D,2026-05-26,e3c9d19b-e257-4bb5-bdcb-2a5e525ff48a,2026-05-26T16:28:47.984188
e243bbc0-23fd-4351-983a-4053e5fd9e82,METHOD ACTING,cgv,,26023400,,,,2D,2026-05-26,2545b8f8-3bd7-455b-b015-f4ce0974fd0c,2026-05-26T16:28:47.984198
e243bbc0-23fd-4351-983a-4053e5fd9e82,CHAND MERA DIL,cgv,,26026000,,,,2D,2026-05-26,8b570a84-82f2-4101-a972-06b4c96222c7,2026-05-26T16:28:47.984208
e243bbc0-23fd-4351-983a-4053e5fd9e82,THAT TIME I GOT REINCARNATED AS A SLIME THE MOVIE TEARS OF THE AZURE SEA,cgv,,26017900,,,,2D,2026-05-26,95232789-b4dd-485e-8952-770fbafe9e6e,2026-05-26T16:28:47.984218
e243bbc0-23fd-4351-983a-4053e5fd9e82,THE KINGS WARDEN,cgv,,26015000,,,,2D,2026-05-26,4d346dc4-7021-4c87-b5e4-2704eaa22a0a,2026-05-26T16:28:47.984228
e243bbc0-23fd-4351-983a-4053e5fd9e82,KAMU HARUS MATI,cgv,,26023800,,,,2D,2026-05-26,ec033145-1758-491b-8bfb-5f4f266610e0,2026-05-26T16:28:47.984237
e243bbc0-23fd-4351-983a-4053e5fd9e82,SUNSHINE WOMENS CHOIR,cgv,,26024400,,,,2D,2026-05-26,8189fb2f-7fde-406b-b112-c1c90b7203f0,2026-05-26T16:28:47.984247
e243bbc0-23fd-4351-983a-4053e5fd9e82,NA WILLA,cgv,,26003200,,,,2D,2026-05-26,449ac4d0-4700-4737-ae7a-491221925350,2026-05-26T16:28:47.984257
e243bbc0-23fd-4351-983a-4053e5fd9e82,DILAN ITB 1997,cgv,,26016100,,,,2D,2026-05-26,7dbf1120-3e9b-4007-b176-3d24feb8add7,2026-05-26T16:28:47.984267
e243bbc0-23fd-4351-983a-4053e5fd9e82,PEGASUS 3,cgv,,26025100,,,,2D,2026-05-26,d47fc780-ace9-4b8a-90a6-413dc18ec9e0,2026-05-26T16:28:47.984276
40234554-96b5-4657-8a40-b71a56da9b59,TUMBAL PROYEK,cgv,,26014300,,,,2D,2026-05-26,7a778c2a-b3b7-4e92-a7af-f4181e223763,2026-05-26T16:28:50.498488
40234554-96b5-4657-8a40-b71a56da9b59,GUDANG MERICA,cgv,,26019400,,,,2D,2026-05-26,0341a8ae-358e-4592-ba80-427876ab45b5,2026-05-26T16:28:50.498506
40234554-96b5-4657-8a40-b71a56da9b59,STAR WARS THE MANDALORIAN AND GROGU,cgv,,26021200,,,,2D,2026-05-26,2535a1b9-4b45-48b9-9ab1-ffa927694cfa,2026-05-26T16:28:50.498519
40234554-96b5-4657-8a40-b71a56da9b59,SEMUA AKAN BAIK BAIK SAJA,cgv,,26018100,,,,2D,2026-05-26,507188b5-b77f-4faa-9483-05ef55e74222,2026-05-26T16:28:50.498530
40234554-96b5-4657-8a40-b71a56da9b59,GHOST IN THE CELL,cgv,,26011800,,,,2D,2026-05-26,df958b4d-280d-4981-a56d-76456f6e71f0,2026-05-26T16:28:50.498541
40234554-96b5-4657-8a40-b71a56da9b59,TEMAN TEGAR MAIRA,cgv,,26005400,,,,2D,2026-05-26,6f5bd86b-fcd6-4e6f-b670-3cab3e6bb87b,2026-05-26T16:28:50.498553
40234554-96b5-4657-8a40-b71a56da9b59,TIBA TIBA SETAN,cgv,,26007500,,,,2D,2026-05-26,857f8b4e-ec85-4728-bea1-c8b2640d0374,2026-05-26T16:28:50.498563
40234554-96b5-4657-8a40-b71a56da9b59,HOKUM,cgv,,26024600,,,,2D,2026-05-26,d19294df-ba48-48b6-bc95-b46af629a775,2026-05-26T16:28:50.498573
40234554-96b5-4657-8a40-b71a56da9b59,MORTAL KOMBAT II,cgv,,26018200,,,,2D,2026-05-26,79870e55-3797-4f64-a212-48a7494f92fe,2026-05-26T16:28:50.498585
40234554-96b5-4657-8a40-b71a56da9b59,GOHAN,cgv,,26022500,,,,2D,2026-05-26,ef4ec86e-281e-4ce8-a498-39a4ac27f124,2026-05-26T16:28:50.498595
40234554-96b5-4657-8a40-b71a56da9b59,AYAH INI ARAHNYA KEMANA YA,cgv,,26011000,,,,2D,2026-05-26,c0476dd1-55e5-4256-99df-ce1fc25ab5c6,2026-05-26T16:28:50.498606
40234554-96b5-4657-8a40-b71a56da9b59,YANG LAIN BOLEH HILANG ASAL KAU JANGAN,cgv,,26018300,,,,2D,2026-05-26,e9000020-294f-4635-a27d-f628b4727ae3,2026-05-26T16:28:50.498616
40234554-96b5-4657-8a40-b71a56da9b59,KELUARGA SUAMI ADALAH HAMA,cgv,,26017700,,,,2D,2026-05-26,3699a7e3-6294-4763-897d-0d27e1c72569,2026-05-26T16:28:50.498626
40234554-96b5-4657-8a40-b71a56da9b59,THE SHEEP DETECTIVES,cgv,,26019500,,,,2D,2026-05-26,3527fc10-a6a8-4a54-b911-d1d0a3801ab1,2026-05-26T16:28:50.498636
40234554-96b5-4657-8a40-b71a56da9b59,SEKAWAN LIMO RE RELEASE,cgv,,26024900,,,,2D,2026-05-26,7c7390c5-2c68-4b24-987f-e06939ebbc2f,2026-05-26T16:28:50.498645
40234554-96b5-4657-8a40-b71a56da9b59,MONSTER,cgv,,23042200,,,,2D,2026-05-26,d9bceac5-6baf-4979-ae79-e300583e061c,2026-05-26T16:28:50.498655
40234554-96b5-4657-8a40-b71a56da9b59,SALMOKJI WHISPERING WATER,cgv,,26019100,,,,2D,2026-05-26,ff47c77d-f160-4d08-b5e3-3032f4d27b84,2026-05-26T16:28:50.498664
40234554-96b5-4657-8a40-b71a56da9b59,THE DEVIL WEARS PRADA 2,cgv,,26019800,,,,2D,2026-05-26,7a3ce36f-a53e-41d0-8848-fc944fde6556,2026-05-26T16:28:50.498673
40234554-96b5-4657-8a40-b71a56da9b59,STAR WARS THE MANDALORIAN AND GROGU 3D,cgv,,26025200,,,,2D,2026-05-26,53df9479-c572-4516-8852-aac0377c6632,2026-05-26T16:28:50.498683
40234554-96b5-4657-8a40-b71a56da9b59,MOBILE SUIT GUNDAM HATHAWAY,cgv,,26021100,,,,2D,2026-05-26,05c8c5c5-9b47-4d9e-bd0e-b239c4e1cd08,2026-05-26T16:28:50.498696
40234554-96b5-4657-8a40-b71a56da9b59,METHOD ACTING,cgv,,26023400,,,,2D,2026-05-26,ae544d4a-7d93-445d-9b00-37d297f29772,2026-05-26T16:28:50.498710
40234554-96b5-4657-8a40-b71a56da9b59,CHAND MERA DIL,cgv,,26026000,,,,2D,2026-05-26,7bedc7a7-e194-4937-9e41-1a10e9e3b26d,2026-05-26T16:28:50.498719
40234554-96b5-4657-8a40-b71a56da9b59,THAT TIME I GOT REINCARNATED AS A SLIME THE MOVIE TEARS OF THE AZURE SEA,cgv,,26017900,,,,2D,2026-05-26,be5f9774-a1c0-49a9-a3b7-85ce29888b74,2026-05-26T16:28:50.498729
40234554-96b5-4657-8a40-b71a56da9b59,THE KINGS WARDEN,cgv,,26015000,,,,2D,2026-05-26,18012e1e-abec-463c-8a64-e324df7e7da7,2026-05-26T16:28:50.498738
40234554-96b5-4657-8a40-b71a56da9b59,KAMU HARUS MATI,cgv,,26023800,,,,2D,2026-05-26,78b847be-aa1c-4181-aad0-b36647b08732,2026-05-26T16:28:50.498747
40234554-96b5-4657-8a40-b71a56da9b59,SUNSHINE WOMENS CHOIR,cgv,,26024400,,,,2D,2026-05-26,908e7535-6636-4cc7-abf4-f91fab2b4fc8,2026-05-26T16:28:50.498760
40234554-96b5-4657-8a40-b71a56da9b59,NA WILLA,cgv,,26003200,,,,2D,2026-05-26,fb5b3ab9-b8d3-4593-a385-7e3245e63a82,2026-05-26T16:28:50.498770
40234554-96b5-4657-8a40-b71a56da9b59,DILAN ITB 1997,cgv,,26016100,,,,2D,2026-05-26,b59a6d6c-7380-4d75-9f61-8643665503d4,2026-05-26T16:28:50.498779
40234554-96b5-4657-8a40-b71a56da9b59,PEGASUS 3,cgv,,26025100,,,,2D,2026-05-26,c723814d-cdae-48d6-8eee-17162481c11b,2026-05-26T16:28:50.498788
bdae4fc5-af5b-4f31-9ff2-81582095c36f,TUMBAL PROYEK,cgv,,26014300,,,,2D,2026-05-26,9116b157-067d-4c60-ae25-2f05fd65696c,2026-05-26T16:28:50.624281
bdae4fc5-af5b-4f31-9ff2-81582095c36f,GUDANG MERICA,cgv,,26019400,,,,2D,2026-05-26,8784bfc6-0089-4545-b6da-935dd60e0f0c,2026-05-26T16:28:50.624301
bdae4fc5-af5b-4f31-9ff2-81582095c36f,STAR WARS THE MANDALORIAN AND GROGU,cgv,,26021200,,,,2D,2026-05-26,25b8dd08-0b9a-45ae-8df1-82dee0611478,2026-05-26T16:28:50.624317
bdae4fc5-af5b-4f31-9ff2-81582095c36f,SEMUA AKAN BAIK BAIK SAJA,cgv,,26018100,,,,2D,2026-05-26,36656fae-64df-40e1-a197-c9032607d559,2026-05-26T16:28:50.624331
bdae4fc5-af5b-4f31-9ff2-81582095c36f,GHOST IN THE CELL,cgv,,26011800,,,,2D,2026-05-26,6561c400-d259-4cd9-b23f-5ef9270540cc,2026-05-26T16:28:50.624344
bdae4fc5-af5b-4f31-9ff2-81582095c36f,TEMAN TEGAR MAIRA,cgv,,26005400,,,,2D,2026-05-26,d9a4e553-c151-4e3f-82fb-b8922f8c0710,2026-05-26T16:28:50.624357
bdae4fc5-af5b-4f31-9ff2-81582095c36f,TIBA TIBA SETAN,cgv,,26007500,,,,2D,2026-05-26,90edd31e-dfdb-40d5-8a2f-42ed2f279076,2026-05-26T16:28:50.624370
bdae4fc5-af5b-4f31-9ff2-81582095c36f,HOKUM,cgv,,26024600,,,,2D,2026-05-26,c85a2695-7807-47bb-b21b-5f1d2f672e7b,2026-05-26T16:28:50.624384
bdae4fc5-af5b-4f31-9ff2-81582095c36f,MORTAL KOMBAT II,cgv,,26018200,,,,2D,2026-05-26,25316022-7dbf-40ad-b14a-255fbd49ca65,2026-05-26T16:28:50.624397
bdae4fc5-af5b-4f31-9ff2-81582095c36f,GOHAN,cgv,,26022500,,,,2D,2026-05-26,489ef20d-c5bb-441f-a5cc-75e88ac3e71a,2026-05-26T16:28:50.624410
bdae4fc5-af5b-4f31-9ff2-81582095c36f,AYAH INI ARAHNYA KEMANA YA,cgv,,26011000,,,,2D,2026-05-26,36da63ed-1e41-4cdb-905b-e5c5647cb15d,2026-05-26T16:28:50.624424
bdae4fc5-af5b-4f31-9ff2-81582095c36f,YANG LAIN BOLEH HILANG ASAL KAU JANGAN,cgv,,26018300,,,,2D,2026-05-26,33e1f281-86a0-4edd-96f7-141116828c81,2026-05-26T16:28:50.624437
bdae4fc5-af5b-4f31-9ff2-81582095c36f,KELUARGA SUAMI ADALAH HAMA,cgv,,26017700,,,,2D,2026-05-26,9f799654-75a3-4ff5-b05b-b24f9cadfdc9,2026-05-26T16:28:50.624451
bdae4fc5-af5b-4f31-9ff2-81582095c36f,THE SHEEP DETECTIVES,cgv,,26019500,,,,2D,2026-05-26,2481b74f-16da-41ef-9507-d418394d9643,2026-05-26T16:28:50.624464
bdae4fc5-af5b-4f31-9ff2-81582095c36f,SEKAWAN LIMO RE RELEASE,cgv,,26024900,,,,2D,2026-05-26,fc14a0fc-73f8-4439-848b-a50fa6e29bb1,2026-05-26T16:28:50.624477
bdae4fc5-af5b-4f31-9ff2-81582095c36f,MONSTER,cgv,,23042200,,,,2D,2026-05-26,2888dcf0-6f58-4b68-9ad7-15273b567fb4,2026-05-26T16:28:50.624490
bdae4fc5-af5b-4f31-9ff2-81582095c36f,SALMOKJI WHISPERING WATER,cgv,,26019100,,,,2D,2026-05-26,13d35a54-c039-446d-963a-8da44ba3583f,2026-05-26T16:28:50.624503
bdae4fc5-af5b-4f31-9ff2-81582095c36f,THE DEVIL WEARS PRADA 2,cgv,,26019800,,,,2D,2026-05-26,fae456dd-045d-46bf-961e-048ebfad5f02,2026-05-26T16:28:50.624515
bdae4fc5-af5b-4f31-9ff2-81582095c36f,STAR WARS THE MANDALORIAN AND GROGU 3D,cgv,,26025200,,,,2D,2026-05-26,bec80015-fb96-468a-9dff-fec4a443875d,2026-05-26T16:28:50.624529
bdae4fc5-af5b-4f31-9ff2-81582095c36f,MOBILE SUIT GUNDAM HATHAWAY,cgv,,26021100,,,,2D,2026-05-26,39297992-442e-4f81-b577-f5bd637c8186,2026-05-26T16:28:50.624542
bdae4fc5-af5b-4f31-9ff2-81582095c36f,METHOD ACTING,cgv,,26023400,,,,2D,2026-05-26,cf1b4440-300f-4f0c-8933-3823d7118cb8,2026-05-26T16:28:50.624556
bdae4fc5-af5b-4f31-9ff2-81582095c36f,CHAND MERA DIL,cgv,,26026000,,,,2D,2026-05-26,b70ac363-f719-4f71-bbcb-774cdabe1be2,2026-05-26T16:28:50.624568
bdae4fc5-af5b-4f31-9ff2-81582095c36f,THAT TIME I GOT REINCARNATED AS A SLIME THE MOVIE TEARS OF THE AZURE SEA,cgv,,26017900,,,,2D,2026-05-26,a55d600c-8ccf-43a3-8259-b87ac28d97bc,2026-05-26T16:28:50.624582
bdae4fc5-af5b-4f31-9ff2-81582095c36f,THE KINGS WARDEN,cgv,,26015000,,,,2D,2026-05-26,eb408599-d9ba-477c-a17f-10f487b0ddae,2026-05-26T16:28:50.624594
bdae4fc5-af5b-4f31-9ff2-81582095c36f,KAMU HARUS MATI,cgv,,26023800,,,,2D,2026-05-26,1e6942a2-f8b2-4dd6-8eb9-ab8520888af3,2026-05-26T16:28:50.624607
bdae4fc5-af5b-4f31-9ff2-81582095c36f,SUNSHINE WOMENS CHOIR,cgv,,26024400,,,,2D,2026-05-26,1cfac026-0c9c-4179-9f3b-cac2d5ac93ef,2026-05-26T16:28:50.624619
bdae4fc5-af5b-4f31-9ff2-81582095c36f,NA WILLA,cgv,,26003200,,,,2D,2026-05-26,d5d6aeab-4fab-46eb-b83f-ad9c35bf693f,2026-05-26T16:28:50.624632
bdae4fc5-af5b-4f31-9ff2-81582095c36f,DILAN ITB 1997,cgv,,26016100,,,,2D,2026-05-26,84da8a79-c1b8-4275-b9d9-ed7625ac0a43,2026-05-26T16:28:50.624644
bdae4fc5-af5b-4f31-9ff2-81582095c36f,PEGASUS 3,cgv,,26025100,,,,2D,2026-05-26,1095d368-b987-4587-8b18-e88ba6f31831,2026-05-26T16:28:50.624657
ece9f07d-a93e-431a-9f00-892ed43840b5,TUMBAL PROYEK,cgv,,26014300,,,,2D,2026-05-26,26b386f8-d101-470a-af77-4e929f3af14e,2026-05-26T16:28:51.565414
ece9f07d-a93e-431a-9f00-892ed43840b5,GUDANG MERICA,cgv,,26019400,,,,2D,2026-05-26,ed6235e0-140a-4a35-90be-6d43b24a6433,2026-05-26T16:28:51.565484
ece9f07d-a93e-431a-9f00-892ed43840b5,STAR WARS THE MANDALORIAN AND GROGU,cgv,,26021200,,,,2D,2026-05-26,e432442d-2833-4683-bede-d101b40bbe97,2026-05-26T16:28:51.565526
ece9f07d-a93e-431a-9f00-892ed43840b5,SEMUA AKAN BAIK BAIK SAJA,cgv,,26018100,,,,2D,2026-05-26,ad52a943-99a4-497e-bc33-510403f833e3,2026-05-26T16:28:51.565561
ece9f07d-a93e-431a-9f00-892ed43840b5,GHOST IN THE CELL,cgv,,26011800,,,,2D,2026-05-26,0986a714-b94b-412c-a341-7c1d7afd78c4,2026-05-26T16:28:51.565604
ece9f07d-a93e-431a-9f00-892ed43840b5,TEMAN TEGAR MAIRA,cgv,,26005400,,,,2D,2026-05-26,634a85d4-4c72-4f03-b579-0d79aa72be87,2026-05-26T16:28:51.565634
ece9f07d-a93e-431a-9f00-892ed43840b5,TIBA TIBA SETAN,cgv,,26007500,,,,2D,2026-05-26,9e566648-a0ed-4246-a43e-17a0933ec880,2026-05-26T16:28:51.565665
ece9f07d-a93e-431a-9f00-892ed43840b5,HOKUM,cgv,,26024600,,,,2D,2026-05-26,f3e6629e-21e5-411c-a350-a5718770acaf,2026-05-26T16:28:51.565695
ece9f07d-a93e-431a-9f00-892ed43840b5,MORTAL KOMBAT II,cgv,,26018200,,,,2D,2026-05-26,b8f49003-a24c-4d40-865d-c218838793dc,2026-05-26T16:28:51.565724
ece9f07d-a93e-431a-9f00-892ed43840b5,GOHAN,cgv,,26022500,,,,2D,2026-05-26,65c87049-e004-49cd-972c-1d8f20ddf4a1,2026-05-26T16:28:51.565753
ece9f07d-a93e-431a-9f00-892ed43840b5,AYAH INI ARAHNYA KEMANA YA,cgv,,26011000,,,,2D,2026-05-26,ada2912e-2377-458c-804b-b49576092cd3,2026-05-26T16:28:51.565782
ece9f07d-a93e-431a-9f00-892ed43840b5,YANG LAIN BOLEH HILANG ASAL KAU JANGAN,cgv,,26018300,,,,2D,2026-05-26,eb7071cb-2c7d-416e-b75a-db150e787c5b,2026-05-26T16:28:51.565811
ece9f07d-a93e-431a-9f00-892ed43840b5,KELUARGA SUAMI ADALAH HAMA,cgv,,26017700,,,,2D,2026-05-26,92c6c26f-566e-499b-a2e6-a5095397a810,2026-05-26T16:28:51.565840
ece9f07d-a93e-431a-9f00-892ed43840b5,THE SHEEP DETECTIVES,cgv,,26019500,,,,2D,2026-05-26,e4a3f3de-ad4c-4d1c-baf3-65ca4e7225ad,2026-05-26T16:28:51.565868
ece9f07d-a93e-431a-9f00-892ed43840b5,SEKAWAN LIMO RE RELEASE,cgv,,26024900,,,,2D,2026-05-26,169cb1a2-c031-46b2-a4ab-310364d3f2ff,2026-05-26T16:28:51.565896
ece9f07d-a93e-431a-9f00-892ed43840b5,MONSTER,cgv,,23042200,,,,2D,2026-05-26,a278dd2c-6473-4eab-8651-45b5bea0b4d3,2026-05-26T16:28:51.565924
ece9f07d-a93e-431a-9f00-892ed43840b5,SALMOKJI WHISPERING WATER,cgv,,26019100,,,,2D,2026-05-26,665dd3ee-659c-4210-8cc2-098ed7d403d7,2026-05-26T16:28:51.565952
ece9f07d-a93e-431a-9f00-892ed43840b5,THE DEVIL WEARS PRADA 2,cgv,,26019800,,,,2D,2026-05-26,322c0521-e989-4562-a7bc-8bf3902d2f7b,2026-05-26T16:28:51.565981
ece9f07d-a93e-431a-9f00-892ed43840b5,STAR WARS THE MANDALORIAN AND GROGU 3D,cgv,,26025200,,,,2D,2026-05-26,9b08a036-c146-4e93-963e-b3c0165723a4,2026-05-26T16:28:51.566012
ece9f07d-a93e-431a-9f00-892ed43840b5,MOBILE SUIT GUNDAM HATHAWAY,cgv,,26021100,,,,2D,2026-05-26,7a089a8a-9c38-4777-a723-988ca5b87c31,2026-05-26T16:28:51.566041
ece9f07d-a93e-431a-9f00-892ed43840b5,METHOD ACTING,cgv,,26023400,,,,2D,2026-05-26,496d2910-728e-4ed5-b857-270b9af9d487,2026-05-26T16:28:51.566069
ece9f07d-a93e-431a-9f00-892ed43840b5,CHAND MERA DIL,cgv,,26026000,,,,2D,2026-05-26,4df2147b-dc50-4c1e-a02a-720f165ba18b,2026-05-26T16:28:51.566097
ece9f07d-a93e-431a-9f00-892ed43840b5,THAT TIME I GOT REINCARNATED AS A SLIME THE MOVIE TEARS OF THE AZURE SEA,cgv,,26017900,,,,2D,2026-05-26,8ee888d6-2b74-4698-9595-724d4ba34ca4,2026-05-26T16:28:51.566126
ece9f07d-a93e-431a-9f00-892ed43840b5,THE KINGS WARDEN,cgv,,26015000,,,,2D,2026-05-26,96575c27-a54f-4891-b41c-cf595359cead,2026-05-26T16:28:51.566154
ece9f07d-a93e-431a-9f00-892ed43840b5,KAMU HARUS MATI,cgv,,26023800,,,,2D,2026-05-26,a4ada9b9-17f1-44cc-a6dd-46d1351a7324,2026-05-26T16:28:51.566182
ece9f07d-a93e-431a-9f00-892ed43840b5,SUNSHINE WOMENS CHOIR,cgv,,26024400,,,,2D,2026-05-26,f3e66b99-8456-4a82-a2f8-c407bdd33f5c,2026-05-26T16:28:51.566211
ece9f07d-a93e-431a-9f00-892ed43840b5,NA WILLA,cgv,,26003200,,,,2D,2026-05-26,91c34246-4f58-4cf9-98c3-47a86146968b,2026-05-26T16:28:51.566240
ece9f07d-a93e-431a-9f00-892ed43840b5,DILAN ITB 1997,cgv,,26016100,,,,2D,2026-05-26,161c6a74-5dac-468a-9fa0-d7ed78447d6e,2026-05-26T16:28:51.566267
ece9f07d-a93e-431a-9f00-892ed43840b5,PEGASUS 3,cgv,,26025100,,,,2D,2026-05-26,978dd604-cbec-4d0a-8030-5e75101b3346,2026-05-26T16:28:51.566295
994ac8e1-6a3e-4787-baaf-0d8bdea57499,TUMBAL PROYEK,cgv,,26014300,,,,2D,2026-05-26,8c7151f1-64b3-430f-868e-790bc037707c,2026-05-26T16:28:51.386053
994ac8e1-6a3e-4787-baaf-0d8bdea57499,GUDANG MERICA,cgv,,26019400,,,,2D,2026-05-26,99188ec6-dd43-4169-a6f1-32ff3219b154,2026-05-26T16:28:51.386098
994ac8e1-6a3e-4787-baaf-0d8bdea57499,STAR WARS THE MANDALORIAN AND GROGU,cgv,,26021200,,,,2D,2026-05-26,a11dfc08-7973-4270-8fb6-88a932ffd64d,2026-05-26T16:28:51.386136
994ac8e1-6a3e-4787-baaf-0d8bdea57499,SEMUA AKAN BAIK BAIK SAJA,cgv,,26018100,,,,2D,2026-05-26,47f1c628-402d-4bcd-b680-966a06646201,2026-05-26T16:28:51.386169
994ac8e1-6a3e-4787-baaf-0d8bdea57499,GHOST IN THE CELL,cgv,,26011800,,,,2D,2026-05-26,63aed4e2-6c34-4229-b851-253b6cacb3d3,2026-05-26T16:28:51.386200
994ac8e1-6a3e-4787-baaf-0d8bdea57499,TEMAN TEGAR MAIRA,cgv,,26005400,,,,2D,2026-05-26,9aead8f4-9705-4cdc-b50b-a44b7aa891ae,2026-05-26T16:28:51.386230
994ac8e1-6a3e-4787-baaf-0d8bdea57499,TIBA TIBA SETAN,cgv,,26007500,,,,2D,2026-05-26,6e610ef4-bc2c-4ef0-a7bc-0328e87d47aa,2026-05-26T16:28:51.386259
994ac8e1-6a3e-4787-baaf-0d8bdea57499,HOKUM,cgv,,26024600,,,,2D,2026-05-26,138a4566-4eec-4351-b890-bbf496a808cd,2026-05-26T16:28:51.386289
994ac8e1-6a3e-4787-baaf-0d8bdea57499,MORTAL KOMBAT II,cgv,,26018200,,,,2D,2026-05-26,2a02ef7f-ee47-4bed-9a6c-641cb1aac7f2,2026-05-26T16:28:51.386318
994ac8e1-6a3e-4787-baaf-0d8bdea57499,GOHAN,cgv,,26022500,,,,2D,2026-05-26,a15315dc-b66c-4460-a2ae-7c877bd99bcc,2026-05-26T16:28:51.386346
994ac8e1-6a3e-4787-baaf-0d8bdea57499,AYAH INI ARAHNYA KEMANA YA,cgv,,26011000,,,,2D,2026-05-26,980e1975-4e55-4934-9f0b-39c2049c2630,2026-05-26T16:28:51.386376
994ac8e1-6a3e-4787-baaf-0d8bdea57499,YANG LAIN BOLEH HILANG ASAL KAU JANGAN,cgv,,26018300,,,,2D,2026-05-26,769e45af-c7a2-4152-9ff4-c0db7c504f23,2026-05-26T16:28:51.386405
994ac8e1-6a3e-4787-baaf-0d8bdea57499,KELUARGA SUAMI ADALAH HAMA,cgv,,26017700,,,,2D,2026-05-26,131497a8-ba49-4041-a951-407133bda66b,2026-05-26T16:28:51.386433
994ac8e1-6a3e-4787-baaf-0d8bdea57499,THE SHEEP DETECTIVES,cgv,,26019500,,,,2D,2026-05-26,6f1812eb-82f8-4e46-b174-219a0873b24a,2026-05-26T16:28:51.386461
994ac8e1-6a3e-4787-baaf-0d8bdea57499,SEKAWAN LIMO RE RELEASE,cgv,,26024900,,,,2D,2026-05-26,faa93f09-a75a-4f89-832b-5625e75c5d53,2026-05-26T16:28:51.386489
994ac8e1-6a3e-4787-baaf-0d8bdea57499,MONSTER,cgv,,23042200,,,,2D,2026-05-26,02aac2dd-3a9d-4f12-a8c1-9c3ce6b8d8a4,2026-05-26T16:28:51.386518
994ac8e1-6a3e-4787-baaf-0d8bdea57499,SALMOKJI WHISPERING WATER,cgv,,26019100,,,,2D,2026-05-26,ffd3b745-2ad1-4cf0-b496-0ee7b154b139,2026-05-26T16:28:51.386546
994ac8e1-6a3e-4787-baaf-0d8bdea57499,THE DEVIL WEARS PRADA 2,cgv,,26019800,,,,2D,2026-05-26,4230fd3b-7037-4cea-b8a3-3d6c1a4cb243,2026-05-26T16:28:51.386575
994ac8e1-6a3e-4787-baaf-0d8bdea57499,STAR WARS THE MANDALORIAN AND GROGU 3D,cgv,,26025200,,,,2D,2026-05-26,d24d615d-c805-4409-93b3-24e5d140180a,2026-05-26T16:28:51.386605
994ac8e1-6a3e-4787-baaf-0d8bdea57499,MOBILE SUIT GUNDAM HATHAWAY,cgv,,26021100,,,,2D,2026-05-26,d3630e98-dcc9-4e66-baf6-7c2b54a999e0,2026-05-26T16:28:51.386634
994ac8e1-6a3e-4787-baaf-0d8bdea57499,METHOD ACTING,cgv,,26023400,,,,2D,2026-05-26,3e025d12-5611-4fb3-b770-c47e66fa68fa,2026-05-26T16:28:51.386662
994ac8e1-6a3e-4787-baaf-0d8bdea57499,CHAND MERA DIL,cgv,,26026000,,,,2D,2026-05-26,03f127d6-68f7-4e81-8bc7-0614f10038f0,2026-05-26T16:28:51.386690
994ac8e1-6a3e-4787-baaf-0d8bdea57499,THAT TIME I GOT REINCARNATED AS A SLIME THE MOVIE TEARS OF THE AZURE SEA,cgv,,26017900,,,,2D,2026-05-26,5055a8b0-296a-4d5a-ba02-1c7197021d53,2026-05-26T16:28:51.386719
994ac8e1-6a3e-4787-baaf-0d8bdea57499,THE KINGS WARDEN,cgv,,26015000,,,,2D,2026-05-26,7a2c551b-5710-4e51-b37a-4ac830ee85cb,2026-05-26T16:28:51.386749
994ac8e1-6a3e-4787-baaf-0d8bdea57499,KAMU HARUS MATI,cgv,,26023800,,,,2D,2026-05-26,69d83d03-0d19-43bf-bf47-3df15797f5c2,2026-05-26T16:28:51.386778
994ac8e1-6a3e-4787-baaf-0d8bdea57499,SUNSHINE WOMENS CHOIR,cgv,,26024400,,,,2D,2026-05-26,aca4d63b-5471-47f1-ba4e-56672328d9ad,2026-05-26T16:28:51.386807
994ac8e1-6a3e-4787-baaf-0d8bdea57499,NA WILLA,cgv,,26003200,,,,2D,2026-05-26,3fefacc7-e9fc-4c25-99ca-f094ebd84ef9,2026-05-26T16:28:51.386836
994ac8e1-6a3e-4787-baaf-0d8bdea57499,DILAN ITB 1997,cgv,,26016100,,,,2D,2026-05-26,389e8ff6-ebe7-46b6-9d89-f0f6788d9045,2026-05-26T16:28:51.386864
994ac8e1-6a3e-4787-baaf-0d8bdea57499,PEGASUS 3,cgv,,26025100,,,,2D,2026-05-26,e2660292-5a51-45d6-b6b3-f6d64521a46e,2026-05-26T16:28:51.386893
332ff979-e774-41d0-a1be-3df1501948f9,TUMBAL PROYEK,cgv,,26014300,,,,2D,2026-05-26,269edd2c-cf9a-4db2-8d72-6af03080d882,2026-05-26T16:28:51.250314
332ff979-e774-41d0-a1be-3df1501948f9,GUDANG MERICA,cgv,,26019400,,,,2D,2026-05-26,5275beaa-2450-4690-9ffb-17c89b4024ce,2026-05-26T16:28:51.250352
332ff979-e774-41d0-a1be-3df1501948f9,STAR WARS THE MANDALORIAN AND GROGU,cgv,,26021200,,,,2D,2026-05-26,c2e154bf-38a3-4067-b171-4b8da16f3028,2026-05-26T16:28:51.250381
332ff979-e774-41d0-a1be-3df1501948f9,SEMUA AKAN BAIK BAIK SAJA,cgv,,26018100,,,,2D,2026-05-26,147fc50d-7228-4da0-9157-ffabd9bbf45b,2026-05-26T16:28:51.250408
332ff979-e774-41d0-a1be-3df1501948f9,GHOST IN THE CELL,cgv,,26011800,,,,2D,2026-05-26,177813cb-ae80-447a-9e27-d4e39e26fb2b,2026-05-26T16:28:51.250434
332ff979-e774-41d0-a1be-3df1501948f9,TEMAN TEGAR MAIRA,cgv,,26005400,,,,2D,2026-05-26,05832827-332e-411e-a068-fa33eb23514e,2026-05-26T16:28:51.250460
332ff979-e774-41d0-a1be-3df1501948f9,TIBA TIBA SETAN,cgv,,26007500,,,,2D,2026-05-26,1e567ddd-9692-47f4-a6b6-710834924d8c,2026-05-26T16:28:51.250485
332ff979-e774-41d0-a1be-3df1501948f9,HOKUM,cgv,,26024600,,,,2D,2026-05-26,48fcb1a9-70bc-4119-bd13-bfdc812c56cd,2026-05-26T16:28:51.250512
332ff979-e774-41d0-a1be-3df1501948f9,MORTAL KOMBAT II,cgv,,26018200,,,,2D,2026-05-26,e5063899-6986-457e-a727-cff3c78647ab,2026-05-26T16:28:51.250536
332ff979-e774-41d0-a1be-3df1501948f9,GOHAN,cgv,,26022500,,,,2D,2026-05-26,98ba4411-cbc7-44a2-8b6e-09dbd5a3987c,2026-05-26T16:28:51.250560
332ff979-e774-41d0-a1be-3df1501948f9,AYAH INI ARAHNYA KEMANA YA,cgv,,26011000,,,,2D,2026-05-26,693d4216-3338-4923-bfe8-35a82bf496a3,2026-05-26T16:28:51.250586
332ff979-e774-41d0-a1be-3df1501948f9,YANG LAIN BOLEH HILANG ASAL KAU JANGAN,cgv,,26018300,,,,2D,2026-05-26,ef9d0e12-3926-4078-9bda-65027a6caaa5,2026-05-26T16:28:51.250614
332ff979-e774-41d0-a1be-3df1501948f9,KELUARGA SUAMI ADALAH HAMA,cgv,,26017700,,,,2D,2026-05-26,101bec24-b6e6-49b4-80d5-29784275c2d0,2026-05-26T16:28:51.250639
332ff979-e774-41d0-a1be-3df1501948f9,THE SHEEP DETECTIVES,cgv,,26019500,,,,2D,2026-05-26,95e966cb-626a-4e1e-93a8-22f7a70077cc,2026-05-26T16:28:51.250663
332ff979-e774-41d0-a1be-3df1501948f9,SEKAWAN LIMO RE RELEASE,cgv,,26024900,,,,2D,2026-05-26,0e1bccd3-fa5a-4bd3-9649-a91fe80fde88,2026-05-26T16:28:51.250688
332ff979-e774-41d0-a1be-3df1501948f9,MONSTER,cgv,,23042200,,,,2D,2026-05-26,dd2935b8-6b75-4709-b9ab-bd493cb8e240,2026-05-26T16:28:51.250712
332ff979-e774-41d0-a1be-3df1501948f9,SALMOKJI WHISPERING WATER,cgv,,26019100,,,,2D,2026-05-26,82492e1f-dd43-4890-b8c1-b0e8fb859a36,2026-05-26T16:28:51.250736
332ff979-e774-41d0-a1be-3df1501948f9,THE DEVIL WEARS PRADA 2,cgv,,26019800,,,,2D,2026-05-26,2a278453-ef38-411c-82bf-07bc6ec58a45,2026-05-26T16:28:51.250828
332ff979-e774-41d0-a1be-3df1501948f9,STAR WARS THE MANDALORIAN AND GROGU 3D,cgv,,26025200,,,,2D,2026-05-26,8a02afdf-8529-4375-9b43-f28dc0a542ae,2026-05-26T16:28:51.251200
332ff979-e774-41d0-a1be-3df1501948f9,MOBILE SUIT GUNDAM HATHAWAY,cgv,,26021100,,,,2D,2026-05-26,cf36cc89-1a59-4712-9765-750020d7e2d6,2026-05-26T16:28:51.251244
332ff979-e774-41d0-a1be-3df1501948f9,METHOD ACTING,cgv,,26023400,,,,2D,2026-05-26,74a6cfcb-e948-486e-abf6-b93c6bd8798c,2026-05-26T16:28:51.251274
332ff979-e774-41d0-a1be-3df1501948f9,CHAND MERA DIL,cgv,,26026000,,,,2D,2026-05-26,cba30dec-b878-4749-b998-315a6532401b,2026-05-26T16:28:51.251303
332ff979-e774-41d0-a1be-3df1501948f9,THAT TIME I GOT REINCARNATED AS A SLIME THE MOVIE TEARS OF THE AZURE SEA,cgv,,26017900,,,,2D,2026-05-26,a15902b1-37e3-4266-8583-b3a884bc7980,2026-05-26T16:28:51.251329
332ff979-e774-41d0-a1be-3df1501948f9,THE KINGS WARDEN,cgv,,26015000,,,,2D,2026-05-26,c6ced619-ee5c-47f1-9e4d-282e153f8a4c,2026-05-26T16:28:51.251354
332ff979-e774-41d0-a1be-3df1501948f9,KAMU HARUS MATI,cgv,,26023800,,,,2D,2026-05-26,83dcd6bb-167d-436e-a327-6e98120ee510,2026-05-26T16:28:51.251379
332ff979-e774-41d0-a1be-3df1501948f9,SUNSHINE WOMENS CHOIR,cgv,,26024400,,,,2D,2026-05-26,9e225c41-7410-4e16-8bd6-ca1c0a13152a,2026-05-26T16:28:51.251406
332ff979-e774-41d0-a1be-3df1501948f9,NA WILLA,cgv,,26003200,,,,2D,2026-05-26,1e1c3634-5fd8-4db9-a6a9-a60f7f0414b5,2026-05-26T16:28:51.251431
332ff979-e774-41d0-a1be-3df1501948f9,DILAN ITB 1997,cgv,,26016100,,,,2D,2026-05-26,1268aa1a-b2d1-4038-b8c1-a8fd8670362f,2026-05-26T16:28:51.251455
332ff979-e774-41d0-a1be-3df1501948f9,PEGASUS 3,cgv,,26025100,,,,2D,2026-05-26,ce64a242-2316-437e-9f87-126268a6855e,2026-05-26T16:28:51.251479
cca1f2eb-afae-4122-8301-4ac1176db9b1,TUMBAL PROYEK,cgv,,26014300,,,,2D,2026-05-26,f175ab17-402d-4612-ac2f-90abede8126c,2026-05-26T16:28:53.903041
cca1f2eb-afae-4122-8301-4ac1176db9b1,GUDANG MERICA,cgv,,26019400,,,,2D,2026-05-26,3bbe1282-44d6-4d8f-b598-97a8276036df,2026-05-26T16:28:53.903150
cca1f2eb-afae-4122-8301-4ac1176db9b1,STAR WARS THE MANDALORIAN AND GROGU,cgv,,26021200,,,,2D,2026-05-26,68d6959b-8796-48ac-95f8-525c4124095f,2026-05-26T16:28:53.903195
cca1f2eb-afae-4122-8301-4ac1176db9b1,SEMUA AKAN BAIK BAIK SAJA,cgv,,26018100,,,,2D,2026-05-26,e700a70f-0634-48fe-84c9-22291a075ebe,2026-05-26T16:28:53.903233
cca1f2eb-afae-4122-8301-4ac1176db9b1,GHOST IN THE CELL,cgv,,26011800,,,,2D,2026-05-26,fcfba481-bb5b-401a-81df-943b783a72ee,2026-05-26T16:28:53.903275
cca1f2eb-afae-4122-8301-4ac1176db9b1,TEMAN TEGAR MAIRA,cgv,,26005400,,,,2D,2026-05-26,be0d4e3d-d6ea-42a3-b7d1-919e9833869a,2026-05-26T16:28:53.903313
cca1f2eb-afae-4122-8301-4ac1176db9b1,TIBA TIBA SETAN,cgv,,26007500,,,,2D,2026-05-26,3cd5a36a-ba40-45c8-9222-fca4cedf64ba,2026-05-26T16:28:53.903345
cca1f2eb-afae-4122-8301-4ac1176db9b1,HOKUM,cgv,,26024600,,,,2D,2026-05-26,fe3ed918-98be-47b6-9d76-8124ef74ffa2,2026-05-26T16:28:53.903376
cca1f2eb-afae-4122-8301-4ac1176db9b1,MORTAL KOMBAT II,cgv,,26018200,,,,2D,2026-05-26,2c03ca89-e961-4271-bdf0-dee67fe2f691,2026-05-26T16:28:53.903406
cca1f2eb-afae-4122-8301-4ac1176db9b1,GOHAN,cgv,,26022500,,,,2D,2026-05-26,e97c6a21-7d6b-4a28-8bfd-e6d3611dcdcd,2026-05-26T16:28:53.903530
cca1f2eb-afae-4122-8301-4ac1176db9b1,AYAH INI ARAHNYA KEMANA YA,cgv,,26011000,,,,2D,2026-05-26,314a2a0a-9ef6-433c-927d-0ad14ac9bd28,2026-05-26T16:28:53.903643
cca1f2eb-afae-4122-8301-4ac1176db9b1,YANG LAIN BOLEH HILANG ASAL KAU JANGAN,cgv,,26018300,,,,2D,2026-05-26,6bcc8531-f8d9-4d3c-b34c-7a2252fdc752,2026-05-26T16:28:53.903681
cca1f2eb-afae-4122-8301-4ac1176db9b1,KELUARGA SUAMI ADALAH HAMA,cgv,,26017700,,,,2D,2026-05-26,441cd0c6-785d-4866-bc5d-bed3f52d92f1,2026-05-26T16:28:53.903713
cca1f2eb-afae-4122-8301-4ac1176db9b1,THE SHEEP DETECTIVES,cgv,,26019500,,,,2D,2026-05-26,af947530-9995-43ad-a978-53d77811b596,2026-05-26T16:28:53.903744
cca1f2eb-afae-4122-8301-4ac1176db9b1,SEKAWAN LIMO RE RELEASE,cgv,,26024900,,,,2D,2026-05-26,8e215d6e-b43a-4f60-9190-b8d9b88fdec4,2026-05-26T16:28:53.903774
cca1f2eb-afae-4122-8301-4ac1176db9b1,MONSTER,cgv,,23042200,,,,2D,2026-05-26,cd219925-7e46-4591-aed5-a9cfc68b437d,2026-05-26T16:28:53.903804
cca1f2eb-afae-4122-8301-4ac1176db9b1,SALMOKJI WHISPERING WATER,cgv,,26019100,,,,2D,2026-05-26,88d3247d-8887-45b9-a99c-186f5e91384a,2026-05-26T16:28:53.903834
cca1f2eb-afae-4122-8301-4ac1176db9b1,THE DEVIL WEARS PRADA 2,cgv,,26019800,,,,2D,2026-05-26,34c08e5b-9c13-4fd2-9ec6-7c049911d676,2026-05-26T16:28:53.903863
cca1f2eb-afae-4122-8301-4ac1176db9b1,STAR WARS THE MANDALORIAN AND GROGU 3D,cgv,,26025200,,,,2D,2026-05-26,4bc31acd-f143-4143-a75d-8f7e07666477,2026-05-26T16:28:53.903896
cca1f2eb-afae-4122-8301-4ac1176db9b1,MOBILE SUIT GUNDAM HATHAWAY,cgv,,26021100,,,,2D,2026-05-26,fb19a055-5f13-4b4c-b4e2-07d9b6df5231,2026-05-26T16:28:53.903926
cca1f2eb-afae-4122-8301-4ac1176db9b1,METHOD ACTING,cgv,,26023400,,,,2D,2026-05-26,876ae5dc-7c4c-426c-b46a-61296a1127cd,2026-05-26T16:28:53.903955
cca1f2eb-afae-4122-8301-4ac1176db9b1,CHAND MERA DIL,cgv,,26026000,,,,2D,2026-05-26,663c74a6-93b1-405f-bb94-460f242bdf83,2026-05-26T16:28:53.903984
cca1f2eb-afae-4122-8301-4ac1176db9b1,THAT TIME I GOT REINCARNATED AS A SLIME THE MOVIE TEARS OF THE AZURE SEA,cgv,,26017900,,,,2D,2026-05-26,121d83eb-4dd3-400c-b3be-e446435b579d,2026-05-26T16:28:53.904089
cca1f2eb-afae-4122-8301-4ac1176db9b1,THE KINGS WARDEN,cgv,,26015000,,,,2D,2026-05-26,6b8710af-9ab6-4c9c-98ac-fe2937f60126,2026-05-26T16:28:53.904132
cca1f2eb-afae-4122-8301-4ac1176db9b1,KAMU HARUS MATI,cgv,,26023800,,,,2D,2026-05-26,1464424f-daf4-47ce-bcf1-b7eb75d7c31e,2026-05-26T16:28:53.904170
cca1f2eb-afae-4122-8301-4ac1176db9b1,SUNSHINE WOMENS CHOIR,cgv,,26024400,,,,2D,2026-05-26,d9abb0e3-23c1-4a56-a3f2-4f358734cb76,2026-05-26T16:28:53.904205
cca1f2eb-afae-4122-8301-4ac1176db9b1,NA WILLA,cgv,,26003200,,,,2D,2026-05-26,ad6dffc5-7f7a-4bf4-9a7c-957a752297c5,2026-05-26T16:28:53.904239
cca1f2eb-afae-4122-8301-4ac1176db9b1,DILAN ITB 1997,cgv,,26016100,,,,2D,2026-05-26,0b11f1e9-e979-442c-8722-0e0acc5d0593,2026-05-26T16:28:53.904271
cca1f2eb-afae-4122-8301-4ac1176db9b1,PEGASUS 3,cgv,,26025100,,,,2D,2026-05-26,fcc60059-c0ca-424b-a04f-33c39e15a302,2026-05-26T16:28:53.904302
5436b9e9-7172-459c-a60f-b1d5b1912632,TUMBAL PROYEK,cgv,,26014300,,,,2D,2026-05-26,c9017f72-0225-4995-b4b3-35699f1e34d2,2026-05-26T16:28:53.922891
5436b9e9-7172-459c-a60f-b1d5b1912632,GUDANG MERICA,cgv,,26019400,,,,2D,2026-05-26,f862e9d4-ef20-4724-b270-58f718f2e275,2026-05-26T16:28:53.922927
5436b9e9-7172-459c-a60f-b1d5b1912632,STAR WARS THE MANDALORIAN AND GROGU,cgv,,26021200,,,,2D,2026-05-26,c1458207-e7e6-47f1-bea8-a92fb78f188e,2026-05-26T16:28:53.922955
5436b9e9-7172-459c-a60f-b1d5b1912632,SEMUA AKAN BAIK BAIK SAJA,cgv,,26018100,,,,2D,2026-05-26,15f4b036-dc19-43ef-8aa8-e090e41a3e35,2026-05-26T16:28:53.922981
5436b9e9-7172-459c-a60f-b1d5b1912632,GHOST IN THE CELL,cgv,,26011800,,,,2D,2026-05-26,dc9e5cba-be83-4f0b-a5d7-4e2da55143a4,2026-05-26T16:28:53.923006
5436b9e9-7172-459c-a60f-b1d5b1912632,TEMAN TEGAR MAIRA,cgv,,26005400,,,,2D,2026-05-26,bdfeb0c6-027e-45df-96d8-759a209dcd23,2026-05-26T16:28:53.923030
5436b9e9-7172-459c-a60f-b1d5b1912632,TIBA TIBA SETAN,cgv,,26007500,,,,2D,2026-05-26,73d0f4df-23ac-4614-b9b2-c0e50658ad1e,2026-05-26T16:28:53.923054
5436b9e9-7172-459c-a60f-b1d5b1912632,HOKUM,cgv,,26024600,,,,2D,2026-05-26,42e39343-2588-4555-b411-ac44a9f5a230,2026-05-26T16:28:53.923077
5436b9e9-7172-459c-a60f-b1d5b1912632,MORTAL KOMBAT II,cgv,,26018200,,,,2D,2026-05-26,325d3928-755a-4ac9-8d20-1d24a8dbf40d,2026-05-26T16:28:53.923101
5436b9e9-7172-459c-a60f-b1d5b1912632,GOHAN,cgv,,26022500,,,,2D,2026-05-26,f8ec2166-130a-4e91-85a2-a2e683bf771e,2026-05-26T16:28:53.923124
5436b9e9-7172-459c-a60f-b1d5b1912632,AYAH INI ARAHNYA KEMANA YA,cgv,,26011000,,,,2D,2026-05-26,d25fde83-89af-4c3d-9b94-db48f2994369,2026-05-26T16:28:53.923147
5436b9e9-7172-459c-a60f-b1d5b1912632,YANG LAIN BOLEH HILANG ASAL KAU JANGAN,cgv,,26018300,,,,2D,2026-05-26,95812b92-8d72-4a8a-a16b-3d2c32e22515,2026-05-26T16:28:53.923171
5436b9e9-7172-459c-a60f-b1d5b1912632,KELUARGA SUAMI ADALAH HAMA,cgv,,26017700,,,,2D,2026-05-26,ad64fdc0-5e11-4104-9446-2ecd1c3e835d,2026-05-26T16:28:53.923195
5436b9e9-7172-459c-a60f-b1d5b1912632,THE SHEEP DETECTIVES,cgv,,26019500,,,,2D,2026-05-26,e2ee1f38-9ce3-4959-ab93-4b500006766d,2026-05-26T16:28:53.923219
5436b9e9-7172-459c-a60f-b1d5b1912632,SEKAWAN LIMO RE RELEASE,cgv,,26024900,,,,2D,2026-05-26,099ef1b2-b440-41e7-a52f-122586f7c4e4,2026-05-26T16:28:53.923244
5436b9e9-7172-459c-a60f-b1d5b1912632,MONSTER,cgv,,23042200,,,,2D,2026-05-26,4ccfdf37-ffd6-4936-a26a-2dcc5c74e63e,2026-05-26T16:28:53.923271
5436b9e9-7172-459c-a60f-b1d5b1912632,SALMOKJI WHISPERING WATER,cgv,,26019100,,,,2D,2026-05-26,616edda1-c679-4920-9125-e3c70006721d,2026-05-26T16:28:53.923296
5436b9e9-7172-459c-a60f-b1d5b1912632,THE DEVIL WEARS PRADA 2,cgv,,26019800,,,,2D,2026-05-26,0487ddf2-d4d2-4809-92c4-adc5779f3382,2026-05-26T16:28:53.923320
5436b9e9-7172-459c-a60f-b1d5b1912632,STAR WARS THE MANDALORIAN AND GROGU 3D,cgv,,26025200,,,,2D,2026-05-26,831c2183-3c79-4bb6-b090-873050860be3,2026-05-26T16:28:53.923346
5436b9e9-7172-459c-a60f-b1d5b1912632,MOBILE SUIT GUNDAM HATHAWAY,cgv,,26021100,,,,2D,2026-05-26,cf7847ac-0c3f-45f0-995b-dbba8b6caae0,2026-05-26T16:28:53.923370
5436b9e9-7172-459c-a60f-b1d5b1912632,METHOD ACTING,cgv,,26023400,,,,2D,2026-05-26,16c7c41b-ce5d-45ef-981d-a18ae5b32b0e,2026-05-26T16:28:53.923393
5436b9e9-7172-459c-a60f-b1d5b1912632,CHAND MERA DIL,cgv,,26026000,,,,2D,2026-05-26,4c1acf30-7b9b-4a9f-bd83-953353e78772,2026-05-26T16:28:53.923417
5436b9e9-7172-459c-a60f-b1d5b1912632,THAT TIME I GOT REINCARNATED AS A SLIME THE MOVIE TEARS OF THE AZURE SEA,cgv,,26017900,,,,2D,2026-05-26,474c0c6f-312f-4b49-8448-389862dbe82b,2026-05-26T16:28:53.923443
5436b9e9-7172-459c-a60f-b1d5b1912632,THE KINGS WARDEN,cgv,,26015000,,,,2D,2026-05-26,f613ea9c-f135-44d8-94e9-b6945629a083,2026-05-26T16:28:53.923467
5436b9e9-7172-459c-a60f-b1d5b1912632,KAMU HARUS MATI,cgv,,26023800,,,,2D,2026-05-26,293515a1-958a-4da5-b96b-5eb02cfb674e,2026-05-26T16:28:53.923490
5436b9e9-7172-459c-a60f-b1d5b1912632,SUNSHINE WOMENS CHOIR,cgv,,26024400,,,,2D,2026-05-26,96871b62-6912-46b0-8675-e16e036bd4fd,2026-05-26T16:28:53.923513
5436b9e9-7172-459c-a60f-b1d5b1912632,NA WILLA,cgv,,26003200,,,,2D,2026-05-26,2b40d001-3818-4f58-a498-afa8ec0abc7d,2026-05-26T16:28:53.923536
5436b9e9-7172-459c-a60f-b1d5b1912632,DILAN ITB 1997,cgv,,26016100,,,,2D,2026-05-26,057903b1-99b9-4472-a117-075ad1d461b9,2026-05-26T16:28:53.923560
5436b9e9-7172-459c-a60f-b1d5b1912632,PEGASUS 3,cgv,,26025100,,,,2D,2026-05-26,98f2360f-9857-41bb-a0df-4388cfa62ea2,2026-05-26T16:28:53.923583
2bfe665c-18d6-4dba-a32d-aeb87ef9b1ec,TUMBAL PROYEK,cgv,,26014300,,,,2D,2026-05-26,840fef82-f5e6-430d-a1e7-97164bd16935,2026-05-26T16:28:54.629277
2bfe665c-18d6-4dba-a32d-aeb87ef9b1ec,GUDANG MERICA,cgv,,26019400,,,,2D,2026-05-26,9e880c23-9309-4ed7-a896-f486e501c7fc,2026-05-26T16:28:54.629332
2bfe665c-18d6-4dba-a32d-aeb87ef9b1ec,STAR WARS THE MANDALORIAN AND GROGU,cgv,,26021200,,,,2D,2026-05-26,f98da40b-09ca-42da-ae79-5b4d759cee32,2026-05-26T16:28:54.629377
2bfe665c-18d6-4dba-a32d-aeb87ef9b1ec,SEMUA AKAN BAIK BAIK SAJA,cgv,,26018100,,,,2D,2026-05-26,1f3f7f60-35dc-4adf-9776-354f1cb07c8a,2026-05-26T16:28:54.629417
2bfe665c-18d6-4dba-a32d-aeb87ef9b1ec,GHOST IN THE CELL,cgv,,26011800,,,,2D,2026-05-26,d43f1819-6a14-42eb-ad66-c88e0eb82efb,2026-05-26T16:28:54.629456
2bfe665c-18d6-4dba-a32d-aeb87ef9b1ec,TEMAN TEGAR MAIRA,cgv,,26005400,,,,2D,2026-05-26,3321b8e6-549e-4210-a646-87e3ccba95b3,2026-05-26T16:28:54.629494
2bfe665c-18d6-4dba-a32d-aeb87ef9b1ec,TIBA TIBA SETAN,cgv,,26007500,,,,2D,2026-05-26,dee98d48-8869-40f4-b6e6-ca3ce6ad6516,2026-05-26T16:28:54.629532
2bfe665c-18d6-4dba-a32d-aeb87ef9b1ec,HOKUM,cgv,,26024600,,,,2D,2026-05-26,a28fc850-fc75-4a29-b5ca-2458983fc8ed,2026-05-26T16:28:54.629572
2bfe665c-18d6-4dba-a32d-aeb87ef9b1ec,MORTAL KOMBAT II,cgv,,26018200,,,,2D,2026-05-26,ab404b5e-a222-49b4-9ef7-10eec6a7e05d,2026-05-26T16:28:54.629611
2bfe665c-18d6-4dba-a32d-aeb87ef9b1ec,GOHAN,cgv,,26022500,,,,2D,2026-05-26,ae0d12b3-7559-4539-87a0-764f6379be4f,2026-05-26T16:28:54.629648
2bfe665c-18d6-4dba-a32d-aeb87ef9b1ec,AYAH INI ARAHNYA KEMANA YA,cgv,,26011000,,,,2D,2026-05-26,c5a83d1b-2969-443b-ae3d-3850c1d402dc,2026-05-26T16:28:54.629685
2bfe665c-18d6-4dba-a32d-aeb87ef9b1ec,YANG LAIN BOLEH HILANG ASAL KAU JANGAN,cgv,,26018300,,,,2D,2026-05-26,46619067-6667-4a5c-8f00-3f71b43fd1c8,2026-05-26T16:28:54.629722
2bfe665c-18d6-4dba-a32d-aeb87ef9b1ec,KELUARGA SUAMI ADALAH HAMA,cgv,,26017700,,,,2D,2026-05-26,6a49a206-1a8f-4413-8c9f-c63baca39817,2026-05-26T16:28:54.629758
2bfe665c-18d6-4dba-a32d-aeb87ef9b1ec,THE SHEEP DETECTIVES,cgv,,26019500,,,,2D,2026-05-26,e6c15a2c-9f88-494f-90bf-59b4469c819b,2026-05-26T16:28:54.629794
2bfe665c-18d6-4dba-a32d-aeb87ef9b1ec,SEKAWAN LIMO RE RELEASE,cgv,,26024900,,,,2D,2026-05-26,6e295025-1dea-4cb0-95db-c947fbaac2fb,2026-05-26T16:28:54.629830
2bfe665c-18d6-4dba-a32d-aeb87ef9b1ec,MONSTER,cgv,,23042200,,,,2D,2026-05-26,3b847eb5-495d-4c1a-b058-d57d04a58da6,2026-05-26T16:28:54.629866
2bfe665c-18d6-4dba-a32d-aeb87ef9b1ec,SALMOKJI WHISPERING WATER,cgv,,26019100,,,,2D,2026-05-26,574b7c0b-6545-4c64-acaf-83bab26e5935,2026-05-26T16:28:54.629902
2bfe665c-18d6-4dba-a32d-aeb87ef9b1ec,THE DEVIL WEARS PRADA 2,cgv,,26019800,,,,2D,2026-05-26,e8b37af6-8120-4406-a9e7-2ec43de8d2db,2026-05-26T16:28:54.629946
2bfe665c-18d6-4dba-a32d-aeb87ef9b1ec,STAR WARS THE MANDALORIAN AND GROGU 3D,cgv,,26025200,,,,2D,2026-05-26,588968ff-0911-49f5-bb7c-79cfcfb977e2,2026-05-26T16:28:54.629985
2bfe665c-18d6-4dba-a32d-aeb87ef9b1ec,MOBILE SUIT GUNDAM HATHAWAY,cgv,,26021100,,,,2D,2026-05-26,2300b765-0ce0-4657-b7a3-574b72104c4b,2026-05-26T16:28:54.630021
2bfe665c-18d6-4dba-a32d-aeb87ef9b1ec,METHOD ACTING,cgv,,26023400,,,,2D,2026-05-26,b9ef3a86-3fc8-41b9-b7ad-c8a914fee18c,2026-05-26T16:28:54.630058
2bfe665c-18d6-4dba-a32d-aeb87ef9b1ec,CHAND MERA DIL,cgv,,26026000,,,,2D,2026-05-26,77c937c4-7125-42d5-9858-a75f9f9693af,2026-05-26T16:28:54.630102
2bfe665c-18d6-4dba-a32d-aeb87ef9b1ec,THAT TIME I GOT REINCARNATED AS A SLIME THE MOVIE TEARS OF THE AZURE SEA,cgv,,26017900,,,,2D,2026-05-26,69a3f1a2-7dc0-4b7c-99ff-5ca89e777932,2026-05-26T16:28:54.630143
2bfe665c-18d6-4dba-a32d-aeb87ef9b1ec,THE KINGS WARDEN,cgv,,26015000,,,,2D,2026-05-26,20986db1-3015-4f7e-9c30-53583e51bcdc,2026-05-26T16:28:54.630185
2bfe665c-18d6-4dba-a32d-aeb87ef9b1ec,KAMU HARUS MATI,cgv,,26023800,,,,2D,2026-05-26,1f495c76-d6ed-4fa1-8739-154cfe009c93,2026-05-26T16:28:54.630221
2bfe665c-18d6-4dba-a32d-aeb87ef9b1ec,SUNSHINE WOMENS CHOIR,cgv,,26024400,,,,2D,2026-05-26,c63a5685-90ba-43f8-a78b-bc6ef93e5c9b,2026-05-26T16:28:54.630257
2bfe665c-18d6-4dba-a32d-aeb87ef9b1ec,NA WILLA,cgv,,26003200,,,,2D,2026-05-26,1240f96a-0628-46db-aaf7-04f5c6ce18b2,2026-05-26T16:28:54.630293
2bfe665c-18d6-4dba-a32d-aeb87ef9b1ec,DILAN ITB 1997,cgv,,26016100,,,,2D,2026-05-26,d345e914-6f4f-4a61-b7bb-fd7f583c8b78,2026-05-26T16:28:54.630329
2bfe665c-18d6-4dba-a32d-aeb87ef9b1ec,PEGASUS 3,cgv,,26025100,,,,2D,2026-05-26,7fbd919f-76c5-4744-8c13-8bb0202585f3,2026-05-26T16:28:54.630365
c2440021-7b4b-43d2-b25f-278624a50f16,TUMBAL PROYEK,cgv,,26014300,,,,2D,2026-05-26,4b347bf1-a360-45da-bfa2-7d1cfaa3ac61,2026-05-26T16:28:54.916583
c2440021-7b4b-43d2-b25f-278624a50f16,GUDANG MERICA,cgv,,26019400,,,,2D,2026-05-26,acb2386f-b5ee-4c60-b44e-4233c8ab3a54,2026-05-26T16:28:54.916624
c2440021-7b4b-43d2-b25f-278624a50f16,STAR WARS THE MANDALORIAN AND GROGU,cgv,,26021200,,,,2D,2026-05-26,a178e450-def3-4672-9fcb-76659c781ca8,2026-05-26T16:28:54.916653
c2440021-7b4b-43d2-b25f-278624a50f16,SEMUA AKAN BAIK BAIK SAJA,cgv,,26018100,,,,2D,2026-05-26,042c10b3-5607-4f41-8529-f6b9f76a0c55,2026-05-26T16:28:54.916681
c2440021-7b4b-43d2-b25f-278624a50f16,GHOST IN THE CELL,cgv,,26011800,,,,2D,2026-05-26,8e96b0ad-857d-46aa-974a-ccf80cdb88eb,2026-05-26T16:28:54.916708
c2440021-7b4b-43d2-b25f-278624a50f16,TEMAN TEGAR MAIRA,cgv,,26005400,,,,2D,2026-05-26,16ee8f7a-b2a5-4ee6-9651-808149ed77df,2026-05-26T16:28:54.916733
c2440021-7b4b-43d2-b25f-278624a50f16,TIBA TIBA SETAN,cgv,,26007500,,,,2D,2026-05-26,88c9f6bc-2f25-48fe-96e7-647cb9d7cf16,2026-05-26T16:28:54.916759
c2440021-7b4b-43d2-b25f-278624a50f16,HOKUM,cgv,,26024600,,,,2D,2026-05-26,1446f8b1-9311-4e6e-a139-894ba2f6b44c,2026-05-26T16:28:54.916783
c2440021-7b4b-43d2-b25f-278624a50f16,MORTAL KOMBAT II,cgv,,26018200,,,,2D,2026-05-26,1f3cab52-6891-47f8-8f80-71ed9cdb3f4a,2026-05-26T16:28:54.916808
c2440021-7b4b-43d2-b25f-278624a50f16,GOHAN,cgv,,26022500,,,,2D,2026-05-26,498c4f3d-0ec9-481b-a2e6-e331fd00d27c,2026-05-26T16:28:54.916832
c2440021-7b4b-43d2-b25f-278624a50f16,AYAH INI ARAHNYA KEMANA YA,cgv,,26011000,,,,2D,2026-05-26,da5eead9-4231-4d8a-a9e1-af5d0f525f5b,2026-05-26T16:28:54.916857
c2440021-7b4b-43d2-b25f-278624a50f16,YANG LAIN BOLEH HILANG ASAL KAU JANGAN,cgv,,26018300,,,,2D,2026-05-26,3906485b-464c-4798-850d-e60379e85f61,2026-05-26T16:28:54.916882
c2440021-7b4b-43d2-b25f-278624a50f16,KELUARGA SUAMI ADALAH HAMA,cgv,,26017700,,,,2D,2026-05-26,c029b8bd-0b01-4555-b30d-89a94f4a4a8a,2026-05-26T16:28:54.916908
c2440021-7b4b-43d2-b25f-278624a50f16,THE SHEEP DETECTIVES,cgv,,26019500,,,,2D,2026-05-26,c2e6130d-fa46-431d-a7ef-03174cd6df39,2026-05-26T16:28:54.916932
c2440021-7b4b-43d2-b25f-278624a50f16,SEKAWAN LIMO RE RELEASE,cgv,,26024900,,,,2D,2026-05-26,44020fa8-4231-4f09-8d48-6fcbf4f08bf5,2026-05-26T16:28:54.916956
c2440021-7b4b-43d2-b25f-278624a50f16,MONSTER,cgv,,23042200,,,,2D,2026-05-26,cb1ec594-eac9-4f37-b4fe-13d6795a3eb3,2026-05-26T16:28:54.916978
c2440021-7b4b-43d2-b25f-278624a50f16,SALMOKJI WHISPERING WATER,cgv,,26019100,,,,2D,2026-05-26,2f3a6eba-c45d-4f04-92f6-191e56e5abf5,2026-05-26T16:28:54.917001
c2440021-7b4b-43d2-b25f-278624a50f16,THE DEVIL WEARS PRADA 2,cgv,,26019800,,,,2D,2026-05-26,bd0473a4-2725-449e-8567-410972dcbd41,2026-05-26T16:28:54.917024
c2440021-7b4b-43d2-b25f-278624a50f16,STAR WARS THE MANDALORIAN AND GROGU 3D,cgv,,26025200,,,,2D,2026-05-26,cd0d7a1a-8c4a-4a4f-bb06-8d7153368370,2026-05-26T16:28:54.917049
c2440021-7b4b-43d2-b25f-278624a50f16,MOBILE SUIT GUNDAM HATHAWAY,cgv,,26021100,,,,2D,2026-05-26,66b50d86-1eda-48ce-8aab-1b02093e1a17,2026-05-26T16:28:54.917072
c2440021-7b4b-43d2-b25f-278624a50f16,METHOD ACTING,cgv,,26023400,,,,2D,2026-05-26,91e4d371-4b1b-41ed-997a-55aa1665b2e0,2026-05-26T16:28:54.917095
c2440021-7b4b-43d2-b25f-278624a50f16,CHAND MERA DIL,cgv,,26026000,,,,2D,2026-05-26,bf25d9c6-37a2-4891-884e-4dbc0c565337,2026-05-26T16:28:54.917118
c2440021-7b4b-43d2-b25f-278624a50f16,THAT TIME I GOT REINCARNATED AS A SLIME THE MOVIE TEARS OF THE AZURE SEA,cgv,,26017900,,,,2D,2026-05-26,cd3a5310-b3cf-444a-825c-00746d05c5dd,2026-05-26T16:28:54.917146
c2440021-7b4b-43d2-b25f-278624a50f16,THE KINGS WARDEN,cgv,,26015000,,,,2D,2026-05-26,99570efa-a510-4492-9c37-80bced42061d,2026-05-26T16:28:54.917170
c2440021-7b4b-43d2-b25f-278624a50f16,KAMU HARUS MATI,cgv,,26023800,,,,2D,2026-05-26,6524d53e-694f-4870-ae21-46d54132ea0e,2026-05-26T16:28:54.917193
c2440021-7b4b-43d2-b25f-278624a50f16,SUNSHINE WOMENS CHOIR,cgv,,26024400,,,,2D,2026-05-26,52afe7f6-fe90-495c-90ed-6e513b79951c,2026-05-26T16:28:54.917216
c2440021-7b4b-43d2-b25f-278624a50f16,NA WILLA,cgv,,26003200,,,,2D,2026-05-26,f43e35d5-7c0c-4a2f-9287-202f02d5d839,2026-05-26T16:28:54.917240
c2440021-7b4b-43d2-b25f-278624a50f16,DILAN ITB 1997,cgv,,26016100,,,,2D,2026-05-26,4605ef3b-0151-4889-8417-58d9646f62ad,2026-05-26T16:28:54.917263
c2440021-7b4b-43d2-b25f-278624a50f16,PEGASUS 3,cgv,,26025100,,,,2D,2026-05-26,a1da6785-199d-4b8d-9114-57455f0ebe50,2026-05-26T16:28:54.917286
eb1f7e52-b44e-4ba7-917d-71ab0adbfa18,TUMBAL PROYEK,cgv,,26014300,,,,2D,2026-05-26,2b2efbc2-61d3-4a7d-bdde-fd18f2171d8e,2026-05-26T16:28:54.906684
eb1f7e52-b44e-4ba7-917d-71ab0adbfa18,GUDANG MERICA,cgv,,26019400,,,,2D,2026-05-26,fc616104-330b-4040-adc5-93607b978665,2026-05-26T16:28:54.906753
eb1f7e52-b44e-4ba7-917d-71ab0adbfa18,STAR WARS THE MANDALORIAN AND GROGU,cgv,,26021200,,,,2D,2026-05-26,f9967547-6d6c-428e-9181-17feced9d7e9,2026-05-26T16:28:54.906793
eb1f7e52-b44e-4ba7-917d-71ab0adbfa18,SEMUA AKAN BAIK BAIK SAJA,cgv,,26018100,,,,2D,2026-05-26,6c6c18b4-4bc1-48ce-9fff-db3b98c86385,2026-05-26T16:28:54.906838
eb1f7e52-b44e-4ba7-917d-71ab0adbfa18,GHOST IN THE CELL,cgv,,26011800,,,,2D,2026-05-26,98021fd5-4322-4619-8f2e-1b9c1ea77f62,2026-05-26T16:28:54.906872
eb1f7e52-b44e-4ba7-917d-71ab0adbfa18,TEMAN TEGAR MAIRA,cgv,,26005400,,,,2D,2026-05-26,ddef24ee-55e0-4d0c-9402-3ca13165719c,2026-05-26T16:28:54.906903
eb1f7e52-b44e-4ba7-917d-71ab0adbfa18,TIBA TIBA SETAN,cgv,,26007500,,,,2D,2026-05-26,b0cdeb88-8c35-4750-ac07-f11237bfc2b1,2026-05-26T16:28:54.906934
eb1f7e52-b44e-4ba7-917d-71ab0adbfa18,HOKUM,cgv,,26024600,,,,2D,2026-05-26,5e62a156-c5c5-4220-8ceb-8cf0625bc3b4,2026-05-26T16:28:54.906965
eb1f7e52-b44e-4ba7-917d-71ab0adbfa18,MORTAL KOMBAT II,cgv,,26018200,,,,2D,2026-05-26,aa37b266-bea1-4468-b92d-ae91255eefc4,2026-05-26T16:28:54.906995
eb1f7e52-b44e-4ba7-917d-71ab0adbfa18,GOHAN,cgv,,26022500,,,,2D,2026-05-26,8eae1c1e-47dd-47ff-9d6c-3a84384f53e8,2026-05-26T16:28:54.907025
eb1f7e52-b44e-4ba7-917d-71ab0adbfa18,AYAH INI ARAHNYA KEMANA YA,cgv,,26011000,,,,2D,2026-05-26,dc3d37d7-8ad1-4528-9784-cc62b1f9ad4a,2026-05-26T16:28:54.907054
eb1f7e52-b44e-4ba7-917d-71ab0adbfa18,YANG LAIN BOLEH HILANG ASAL KAU JANGAN,cgv,,26018300,,,,2D,2026-05-26,725858a7-9ac8-4123-9177-d38846c0adc6,2026-05-26T16:28:54.907099
eb1f7e52-b44e-4ba7-917d-71ab0adbfa18,KELUARGA SUAMI ADALAH HAMA,cgv,,26017700,,,,2D,2026-05-26,4129233d-3add-4e31-bf1b-ea7043dbd2eb,2026-05-26T16:28:54.907130
eb1f7e52-b44e-4ba7-917d-71ab0adbfa18,THE SHEEP DETECTIVES,cgv,,26019500,,,,2D,2026-05-26,951cee08-70bc-4377-9647-ff299133cb3d,2026-05-26T16:28:54.907159
eb1f7e52-b44e-4ba7-917d-71ab0adbfa18,SEKAWAN LIMO RE RELEASE,cgv,,26024900,,,,2D,2026-05-26,a41ff273-44be-49ac-8c8b-4aaa680d5932,2026-05-26T16:28:54.907188
eb1f7e52-b44e-4ba7-917d-71ab0adbfa18,MONSTER,cgv,,23042200,,,,2D,2026-05-26,d521b61e-cfe8-435c-8295-1c0a6bc80038,2026-05-26T16:28:54.907217
eb1f7e52-b44e-4ba7-917d-71ab0adbfa18,SALMOKJI WHISPERING WATER,cgv,,26019100,,,,2D,2026-05-26,e5d30fa8-dd44-4d77-8f71-2f6bcf9c1ef5,2026-05-26T16:28:54.907247
eb1f7e52-b44e-4ba7-917d-71ab0adbfa18,THE DEVIL WEARS PRADA 2,cgv,,26019800,,,,2D,2026-05-26,94815a3d-b2dd-41f4-8c85-fd737875df2a,2026-05-26T16:28:54.907276
eb1f7e52-b44e-4ba7-917d-71ab0adbfa18,STAR WARS THE MANDALORIAN AND GROGU 3D,cgv,,26025200,,,,2D,2026-05-26,1f045ae4-43ca-4a13-8a61-bd7e8b592e74,2026-05-26T16:28:54.907307
eb1f7e52-b44e-4ba7-917d-71ab0adbfa18,MOBILE SUIT GUNDAM HATHAWAY,cgv,,26021100,,,,2D,2026-05-26,178e5dc0-4d8c-4062-a123-3b530fd087e5,2026-05-26T16:28:54.907336
eb1f7e52-b44e-4ba7-917d-71ab0adbfa18,METHOD ACTING,cgv,,26023400,,,,2D,2026-05-26,b5634b82-ded3-474c-9e8a-ea32fe3c78af,2026-05-26T16:28:54.907365
eb1f7e52-b44e-4ba7-917d-71ab0adbfa18,CHAND MERA DIL,cgv,,26026000,,,,2D,2026-05-26,d6df840d-7b40-46fc-aae2-f66ed8b56fc6,2026-05-26T16:28:54.907393
eb1f7e52-b44e-4ba7-917d-71ab0adbfa18,THAT TIME I GOT REINCARNATED AS A SLIME THE MOVIE TEARS OF THE AZURE SEA,cgv,,26017900,,,,2D,2026-05-26,a58bfa91-0a10-443c-8da0-5dd850c6eb13,2026-05-26T16:28:54.907423
eb1f7e52-b44e-4ba7-917d-71ab0adbfa18,THE KINGS WARDEN,cgv,,26015000,,,,2D,2026-05-26,10ebebfc-03e7-4a31-899f-44d121752f21,2026-05-26T16:28:54.907451
eb1f7e52-b44e-4ba7-917d-71ab0adbfa18,KAMU HARUS MATI,cgv,,26023800,,,,2D,2026-05-26,0255d57f-7bc8-418d-afac-64daab81a7ff,2026-05-26T16:28:54.907484
eb1f7e52-b44e-4ba7-917d-71ab0adbfa18,SUNSHINE WOMENS CHOIR,cgv,,26024400,,,,2D,2026-05-26,ea093f3a-455b-4df0-bcbb-ab6edfc4f079,2026-05-26T16:28:54.907517
eb1f7e52-b44e-4ba7-917d-71ab0adbfa18,NA WILLA,cgv,,26003200,,,,2D,2026-05-26,da60be29-f842-4b97-ad2c-09e00e2fbdfd,2026-05-26T16:28:54.907545
eb1f7e52-b44e-4ba7-917d-71ab0adbfa18,DILAN ITB 1997,cgv,,26016100,,,,2D,2026-05-26,1342a508-c022-41ea-bb8b-157005233fe6,2026-05-26T16:28:54.907574
eb1f7e52-b44e-4ba7-917d-71ab0adbfa18,PEGASUS 3,cgv,,26025100,,,,2D,2026-05-26,44e3dd07-9b28-4266-8a86-6e60a712f331,2026-05-26T16:28:54.907602
9b6e63ff-1810-4cc0-b01d-c41161112b77,TUMBAL PROYEK,cgv,,26014300,,,,2D,2026-05-26,521240de-b023-4fd7-b837-53b32adbdf7d,2026-05-26T16:28:57.278610
9b6e63ff-1810-4cc0-b01d-c41161112b77,GUDANG MERICA,cgv,,26019400,,,,2D,2026-05-26,45b69112-40c7-4805-b222-49080ae31ecd,2026-05-26T16:28:57.278651
9b6e63ff-1810-4cc0-b01d-c41161112b77,STAR WARS THE MANDALORIAN AND GROGU,cgv,,26021200,,,,2D,2026-05-26,21cfa38e-228f-4004-b004-82bf658d82df,2026-05-26T16:28:57.278677
9b6e63ff-1810-4cc0-b01d-c41161112b77,SEMUA AKAN BAIK BAIK SAJA,cgv,,26018100,,,,2D,2026-05-26,c93cb146-ff2c-4bb6-b53f-e9560da05059,2026-05-26T16:28:57.278701
9b6e63ff-1810-4cc0-b01d-c41161112b77,GHOST IN THE CELL,cgv,,26011800,,,,2D,2026-05-26,2c01ff74-558c-43e9-8f4f-1f5c68e4f879,2026-05-26T16:28:57.278723
9b6e63ff-1810-4cc0-b01d-c41161112b77,TEMAN TEGAR MAIRA,cgv,,26005400,,,,2D,2026-05-26,fd5f7eb2-df72-4403-9b54-7ba1e4fd94c1,2026-05-26T16:28:57.278745
9b6e63ff-1810-4cc0-b01d-c41161112b77,TIBA TIBA SETAN,cgv,,26007500,,,,2D,2026-05-26,c687d1be-1eb8-412a-aa31-93f49f6033d4,2026-05-26T16:28:57.278766
9b6e63ff-1810-4cc0-b01d-c41161112b77,HOKUM,cgv,,26024600,,,,2D,2026-05-26,79c1b57b-2ecc-44b2-b446-314ac1065ac8,2026-05-26T16:28:57.278788
9b6e63ff-1810-4cc0-b01d-c41161112b77,MORTAL KOMBAT II,cgv,,26018200,,,,2D,2026-05-26,e1af9f32-c53d-4d8f-9775-8fca1ba69c40,2026-05-26T16:28:57.278809
9b6e63ff-1810-4cc0-b01d-c41161112b77,GOHAN,cgv,,26022500,,,,2D,2026-05-26,950bf955-8ba2-41f8-b7de-35311945abe8,2026-05-26T16:28:57.278830
9b6e63ff-1810-4cc0-b01d-c41161112b77,AYAH INI ARAHNYA KEMANA YA,cgv,,26011000,,,,2D,2026-05-26,5a644230-6e61-4b86-b5dd-e02f901ce62a,2026-05-26T16:28:57.278853
9b6e63ff-1810-4cc0-b01d-c41161112b77,YANG LAIN BOLEH HILANG ASAL KAU JANGAN,cgv,,26018300,,,,2D,2026-05-26,cbd48c81-6492-4712-a0a3-563176980161,2026-05-26T16:28:57.278876
9b6e63ff-1810-4cc0-b01d-c41161112b77,KELUARGA SUAMI ADALAH HAMA,cgv,,26017700,,,,2D,2026-05-26,e6a3e354-722c-446a-af46-8c13cf36781c,2026-05-26T16:28:57.278898
9b6e63ff-1810-4cc0-b01d-c41161112b77,THE SHEEP DETECTIVES,cgv,,26019500,,,,2D,2026-05-26,bd865325-9e27-4ac0-899a-665f4bb3525d,2026-05-26T16:28:57.278919
9b6e63ff-1810-4cc0-b01d-c41161112b77,SEKAWAN LIMO RE RELEASE,cgv,,26024900,,,,2D,2026-05-26,113a3d56-fbb7-44b5-8279-5eabe5cf567a,2026-05-26T16:28:57.279254
9b6e63ff-1810-4cc0-b01d-c41161112b77,MONSTER,cgv,,23042200,,,,2D,2026-05-26,997b1691-3170-41e6-b18b-e08ff443664c,2026-05-26T16:28:57.279282
9b6e63ff-1810-4cc0-b01d-c41161112b77,SALMOKJI WHISPERING WATER,cgv,,26019100,,,,2D,2026-05-26,e18ae1f4-cdd6-4949-9863-c1d24cf62216,2026-05-26T16:28:57.279303
9b6e63ff-1810-4cc0-b01d-c41161112b77,THE DEVIL WEARS PRADA 2,cgv,,26019800,,,,2D,2026-05-26,0a4a1a25-bc92-499f-b4b6-0d57620e024f,2026-05-26T16:28:57.279324
9b6e63ff-1810-4cc0-b01d-c41161112b77,STAR WARS THE MANDALORIAN AND GROGU 3D,cgv,,26025200,,,,2D,2026-05-26,d780732a-479f-4ae9-8dd2-88f5a0cf4a34,2026-05-26T16:28:57.279346
9b6e63ff-1810-4cc0-b01d-c41161112b77,MOBILE SUIT GUNDAM HATHAWAY,cgv,,26021100,,,,2D,2026-05-26,1e55c91e-21c6-4236-bbfe-b77fd7917d9f,2026-05-26T16:28:57.279366
9b6e63ff-1810-4cc0-b01d-c41161112b77,METHOD ACTING,cgv,,26023400,,,,2D,2026-05-26,82722b57-3930-40a9-b27b-616a8f1da5bd,2026-05-26T16:28:57.279386
9b6e63ff-1810-4cc0-b01d-c41161112b77,CHAND MERA DIL,cgv,,26026000,,,,2D,2026-05-26,641cd5b2-8f64-4042-98bd-350e2132e784,2026-05-26T16:28:57.279406
9b6e63ff-1810-4cc0-b01d-c41161112b77,THAT TIME I GOT REINCARNATED AS A SLIME THE MOVIE TEARS OF THE AZURE SEA,cgv,,26017900,,,,2D,2026-05-26,bf75ddbc-1223-4437-91d7-6ca87f37a07b,2026-05-26T16:28:57.279427
9b6e63ff-1810-4cc0-b01d-c41161112b77,THE KINGS WARDEN,cgv,,26015000,,,,2D,2026-05-26,9d565459-d5ad-4ed7-838a-09c3b96707df,2026-05-26T16:28:57.279447
9b6e63ff-1810-4cc0-b01d-c41161112b77,KAMU HARUS MATI,cgv,,26023800,,,,2D,2026-05-26,c99aa474-bcae-45ec-ab2f-609a91a7bd8f,2026-05-26T16:28:57.279468
9b6e63ff-1810-4cc0-b01d-c41161112b77,SUNSHINE WOMENS CHOIR,cgv,,26024400,,,,2D,2026-05-26,c74c3df4-57e2-429e-a644-0adce36cfae9,2026-05-26T16:28:57.279529
9b6e63ff-1810-4cc0-b01d-c41161112b77,NA WILLA,cgv,,26003200,,,,2D,2026-05-26,9e99df97-ac15-42de-995f-f317cb8646f1,2026-05-26T16:28:57.279576
9b6e63ff-1810-4cc0-b01d-c41161112b77,DILAN ITB 1997,cgv,,26016100,,,,2D,2026-05-26,c58d2019-3567-4f1d-8b8e-6c5d96a370c6,2026-05-26T16:28:57.279603
9b6e63ff-1810-4cc0-b01d-c41161112b77,PEGASUS 3,cgv,,26025100,,,,2D,2026-05-26,cc25f2d4-55d3-4314-bc48-b62593e2b1d6,2026-05-26T16:28:57.279626
c37a24aa-153c-473e-a2cd-af9ec36d91be,TUMBAL PROYEK,cgv,,26014300,,,,2D,2026-05-26,9cb352d4-57e7-45c8-bd68-fcdfcf23f891,2026-05-26T16:28:57.300219
c37a24aa-153c-473e-a2cd-af9ec36d91be,GUDANG MERICA,cgv,,26019400,,,,2D,2026-05-26,7b5b6a9d-e313-4c03-a1b2-7280b5e914fd,2026-05-26T16:28:57.300244
c37a24aa-153c-473e-a2cd-af9ec36d91be,STAR WARS THE MANDALORIAN AND GROGU,cgv,,26021200,,,,2D,2026-05-26,5de321a2-9366-458c-9224-1a17cfe51a19,2026-05-26T16:28:57.300264
c37a24aa-153c-473e-a2cd-af9ec36d91be,SEMUA AKAN BAIK BAIK SAJA,cgv,,26018100,,,,2D,2026-05-26,66ba930d-d496-46e8-9e20-b83fcd3f6f8d,2026-05-26T16:28:57.300285
c37a24aa-153c-473e-a2cd-af9ec36d91be,GHOST IN THE CELL,cgv,,26011800,,,,2D,2026-05-26,c60b8e34-0914-4f93-8e34-728628ea6f0d,2026-05-26T16:28:57.300303
c37a24aa-153c-473e-a2cd-af9ec36d91be,TEMAN TEGAR MAIRA,cgv,,26005400,,,,2D,2026-05-26,893310d5-4461-4a8c-b5ea-b4a8a83c3ebf,2026-05-26T16:28:57.300320
c37a24aa-153c-473e-a2cd-af9ec36d91be,TIBA TIBA SETAN,cgv,,26007500,,,,2D,2026-05-26,94d04c0c-e495-4931-820f-360072e099c5,2026-05-26T16:28:57.300347
c37a24aa-153c-473e-a2cd-af9ec36d91be,HOKUM,cgv,,26024600,,,,2D,2026-05-26,194dc8e1-8ad7-4659-aa60-5a0ee8f0eb01,2026-05-26T16:28:57.300484
c37a24aa-153c-473e-a2cd-af9ec36d91be,MORTAL KOMBAT II,cgv,,26018200,,,,2D,2026-05-26,26884d71-6da4-4648-bea2-14b2f3a95d1e,2026-05-26T16:28:57.300522
c37a24aa-153c-473e-a2cd-af9ec36d91be,GOHAN,cgv,,26022500,,,,2D,2026-05-26,aeca5bd5-cb19-40e0-81e1-b224cf9b1a3e,2026-05-26T16:28:57.300542
c37a24aa-153c-473e-a2cd-af9ec36d91be,AYAH INI ARAHNYA KEMANA YA,cgv,,26011000,,,,2D,2026-05-26,46c4f7bd-b888-42e1-9ab0-49bd9161009e,2026-05-26T16:28:57.300561
c37a24aa-153c-473e-a2cd-af9ec36d91be,YANG LAIN BOLEH HILANG ASAL KAU JANGAN,cgv,,26018300,,,,2D,2026-05-26,9c2e168b-e49e-4515-97ed-aafd283b07a0,2026-05-26T16:28:57.300579
c37a24aa-153c-473e-a2cd-af9ec36d91be,KELUARGA SUAMI ADALAH HAMA,cgv,,26017700,,,,2D,2026-05-26,9568924d-84af-4a8a-ac6f-ddeb989ac1d3,2026-05-26T16:28:57.300595
c37a24aa-153c-473e-a2cd-af9ec36d91be,THE SHEEP DETECTIVES,cgv,,26019500,,,,2D,2026-05-26,251f7693-6fe4-4841-a343-886faf1d18ae,2026-05-26T16:28:57.300611
c37a24aa-153c-473e-a2cd-af9ec36d91be,SEKAWAN LIMO RE RELEASE,cgv,,26024900,,,,2D,2026-05-26,ddf85900-eb44-4bbe-9aad-0315a25b1cea,2026-05-26T16:28:57.300628
c37a24aa-153c-473e-a2cd-af9ec36d91be,MONSTER,cgv,,23042200,,,,2D,2026-05-26,b52d50c9-5f78-43e4-97a1-cc3c9a8556fc,2026-05-26T16:28:57.300644
c37a24aa-153c-473e-a2cd-af9ec36d91be,SALMOKJI WHISPERING WATER,cgv,,26019100,,,,2D,2026-05-26,4e9d2c52-ff38-4561-b184-d58f56edc6d2,2026-05-26T16:28:57.300660
c37a24aa-153c-473e-a2cd-af9ec36d91be,THE DEVIL WEARS PRADA 2,cgv,,26019800,,,,2D,2026-05-26,ec739168-d044-4ab1-8013-4dc09f41e9f4,2026-05-26T16:28:57.300676
c37a24aa-153c-473e-a2cd-af9ec36d91be,STAR WARS THE MANDALORIAN AND GROGU 3D,cgv,,26025200,,,,2D,2026-05-26,8124f710-3566-40c8-bd8e-9108a5199915,2026-05-26T16:28:57.300693
c37a24aa-153c-473e-a2cd-af9ec36d91be,MOBILE SUIT GUNDAM HATHAWAY,cgv,,26021100,,,,2D,2026-05-26,b1db2c38-26cb-4a69-a1fe-29b383479b9e,2026-05-26T16:28:57.300709
c37a24aa-153c-473e-a2cd-af9ec36d91be,METHOD ACTING,cgv,,26023400,,,,2D,2026-05-26,72240575-c30e-4554-b960-fcdaf70baa18,2026-05-26T16:28:57.300724
c37a24aa-153c-473e-a2cd-af9ec36d91be,CHAND MERA DIL,cgv,,26026000,,,,2D,2026-05-26,31b2a32b-e929-4e84-9eae-071fadddc667,2026-05-26T16:28:57.300740
c37a24aa-153c-473e-a2cd-af9ec36d91be,THAT TIME I GOT REINCARNATED AS A SLIME THE MOVIE TEARS OF THE AZURE SEA,cgv,,26017900,,,,2D,2026-05-26,57ee282f-1135-4861-b6f9-195b338a0f81,2026-05-26T16:28:57.300756
c37a24aa-153c-473e-a2cd-af9ec36d91be,THE KINGS WARDEN,cgv,,26015000,,,,2D,2026-05-26,6b9af7e7-8a8a-4211-a204-5bcce7f14186,2026-05-26T16:28:57.300772
c37a24aa-153c-473e-a2cd-af9ec36d91be,KAMU HARUS MATI,cgv,,26023800,,,,2D,2026-05-26,d7426f4f-888c-412a-8f46-fa22ce9a477d,2026-05-26T16:28:57.300788
c37a24aa-153c-473e-a2cd-af9ec36d91be,SUNSHINE WOMENS CHOIR,cgv,,26024400,,,,2D,2026-05-26,063e21d1-3de8-4ff8-84f6-d9e83f3c4912,2026-05-26T16:28:57.300804
c37a24aa-153c-473e-a2cd-af9ec36d91be,NA WILLA,cgv,,26003200,,,,2D,2026-05-26,6ce38945-ab3e-4ddc-a31d-5beca0a4d527,2026-05-26T16:28:57.300819
c37a24aa-153c-473e-a2cd-af9ec36d91be,DILAN ITB 1997,cgv,,26016100,,,,2D,2026-05-26,32b59df5-5130-4ee0-843b-70ad1593febe,2026-05-26T16:28:57.300835
c37a24aa-153c-473e-a2cd-af9ec36d91be,PEGASUS 3,cgv,,26025100,,,,2D,2026-05-26,2bb9a53d-b6a0-483b-b509-256dbcd2ac3e,2026-05-26T16:28:57.300850
fe0e3375-8f74-4373-b7fe-852b43f371c8,TUMBAL PROYEK,cgv,,26014300,,,,2D,2026-05-26,7394c183-cb5c-4cd4-91bf-6f5e6c2b5c77,2026-05-26T16:28:58.182820
fe0e3375-8f74-4373-b7fe-852b43f371c8,GUDANG MERICA,cgv,,26019400,,,,2D,2026-05-26,8e156ade-b6aa-4000-a447-cdb2378e05fc,2026-05-26T16:28:58.182842
fe0e3375-8f74-4373-b7fe-852b43f371c8,STAR WARS THE MANDALORIAN AND GROGU,cgv,,26021200,,,,2D,2026-05-26,f27f5091-85bf-4006-97ed-291035eba47f,2026-05-26T16:28:58.182857
fe0e3375-8f74-4373-b7fe-852b43f371c8,SEMUA AKAN BAIK BAIK SAJA,cgv,,26018100,,,,2D,2026-05-26,661c9a89-bdae-4c5f-a9e4-791535c5827b,2026-05-26T16:28:58.182869
fe0e3375-8f74-4373-b7fe-852b43f371c8,GHOST IN THE CELL,cgv,,26011800,,,,2D,2026-05-26,8ceca834-d02a-496f-9130-17b05fd8bb94,2026-05-26T16:28:58.182883
fe0e3375-8f74-4373-b7fe-852b43f371c8,TEMAN TEGAR MAIRA,cgv,,26005400,,,,2D,2026-05-26,0e37e248-c351-47fb-951e-8315d9986816,2026-05-26T16:28:58.182894
fe0e3375-8f74-4373-b7fe-852b43f371c8,TIBA TIBA SETAN,cgv,,26007500,,,,2D,2026-05-26,f1408fb6-881d-486c-9be1-f2b65e8fbdf6,2026-05-26T16:28:58.182907
fe0e3375-8f74-4373-b7fe-852b43f371c8,HOKUM,cgv,,26024600,,,,2D,2026-05-26,5f414c2a-80dd-4c61-b524-5a683b923919,2026-05-26T16:28:58.182922
fe0e3375-8f74-4373-b7fe-852b43f371c8,MORTAL KOMBAT II,cgv,,26018200,,,,2D,2026-05-26,1f5548f6-4a38-4af8-8c13-68cf468604b4,2026-05-26T16:28:58.182932
fe0e3375-8f74-4373-b7fe-852b43f371c8,GOHAN,cgv,,26022500,,,,2D,2026-05-26,ae60d525-2972-4894-81ec-6c3f201b45ca,2026-05-26T16:28:58.182946
fe0e3375-8f74-4373-b7fe-852b43f371c8,AYAH INI ARAHNYA KEMANA YA,cgv,,26011000,,,,2D,2026-05-26,795d89ca-8519-42bd-ad81-237e9f1ee87e,2026-05-26T16:28:58.182956
fe0e3375-8f74-4373-b7fe-852b43f371c8,YANG LAIN BOLEH HILANG ASAL KAU JANGAN,cgv,,26018300,,,,2D,2026-05-26,2fb5e646-c793-4e3d-a0f4-dd691cc6780c,2026-05-26T16:28:58.182967
fe0e3375-8f74-4373-b7fe-852b43f371c8,KELUARGA SUAMI ADALAH HAMA,cgv,,26017700,,,,2D,2026-05-26,0d3e9e55-4fb8-4ad4-ade9-382e342b6286,2026-05-26T16:28:58.182977
fe0e3375-8f74-4373-b7fe-852b43f371c8,THE SHEEP DETECTIVES,cgv,,26019500,,,,2D,2026-05-26,5b43475c-aca2-47da-8c71-b0fe0b76825e,2026-05-26T16:28:58.182987
fe0e3375-8f74-4373-b7fe-852b43f371c8,SEKAWAN LIMO RE RELEASE,cgv,,26024900,,,,2D,2026-05-26,3cc06493-c12c-4e64-874e-f0331c110b63,2026-05-26T16:28:58.183001
fe0e3375-8f74-4373-b7fe-852b43f371c8,MONSTER,cgv,,23042200,,,,2D,2026-05-26,2a1eb279-8fa9-4250-9745-57b06423b238,2026-05-26T16:28:58.183012
fe0e3375-8f74-4373-b7fe-852b43f371c8,SALMOKJI WHISPERING WATER,cgv,,26019100,,,,2D,2026-05-26,a1706c5e-0918-4208-bd2d-684618b440d1,2026-05-26T16:28:58.183022
fe0e3375-8f74-4373-b7fe-852b43f371c8,THE DEVIL WEARS PRADA 2,cgv,,26019800,,,,2D,2026-05-26,fa35dbea-59bc-422f-be1a-3753afe3b3ff,2026-05-26T16:28:58.183032
fe0e3375-8f74-4373-b7fe-852b43f371c8,STAR WARS THE MANDALORIAN AND GROGU 3D,cgv,,26025200,,,,2D,2026-05-26,aa9059c1-ce30-4b1d-8790-241b767fe1b5,2026-05-26T16:28:58.183044
fe0e3375-8f74-4373-b7fe-852b43f371c8,MOBILE SUIT GUNDAM HATHAWAY,cgv,,26021100,,,,2D,2026-05-26,2be611c0-8dc4-4602-8f3a-3f46011be8f2,2026-05-26T16:28:58.183054
fe0e3375-8f74-4373-b7fe-852b43f371c8,METHOD ACTING,cgv,,26023400,,,,2D,2026-05-26,31ebff60-172b-4dfd-8469-e7e2252e50b2,2026-05-26T16:28:58.183064
fe0e3375-8f74-4373-b7fe-852b43f371c8,CHAND MERA DIL,cgv,,26026000,,,,2D,2026-05-26,1cad5665-4604-44af-9b59-e8708288e2da,2026-05-26T16:28:58.183073
fe0e3375-8f74-4373-b7fe-852b43f371c8,THAT TIME I GOT REINCARNATED AS A SLIME THE MOVIE TEARS OF THE AZURE SEA,cgv,,26017900,,,,2D,2026-05-26,e7e3ee48-83aa-46f4-b56f-4cb1a4725b12,2026-05-26T16:28:58.183084
fe0e3375-8f74-4373-b7fe-852b43f371c8,THE KINGS WARDEN,cgv,,26015000,,,,2D,2026-05-26,9d78733f-8077-491b-9e60-e86c70b63629,2026-05-26T16:28:58.183094
fe0e3375-8f74-4373-b7fe-852b43f371c8,KAMU HARUS MATI,cgv,,26023800,,,,2D,2026-05-26,08e35a7a-cfc0-4843-b280-6b7d4fd437dd,2026-05-26T16:28:58.183105
fe0e3375-8f74-4373-b7fe-852b43f371c8,SUNSHINE WOMENS CHOIR,cgv,,26024400,,,,2D,2026-05-26,509bf64c-6352-4d8a-bf41-ce83088b202f,2026-05-26T16:28:58.183115
fe0e3375-8f74-4373-b7fe-852b43f371c8,NA WILLA,cgv,,26003200,,,,2D,2026-05-26,2dd12991-772c-4e40-8525-e1c50da82735,2026-05-26T16:28:58.183126
fe0e3375-8f74-4373-b7fe-852b43f371c8,DILAN ITB 1997,cgv,,26016100,,,,2D,2026-05-26,8c307d37-b671-424d-ae78-184e7d27c699,2026-05-26T16:28:58.183136
fe0e3375-8f74-4373-b7fe-852b43f371c8,PEGASUS 3,cgv,,26025100,,,,2D,2026-05-26,67b9fc03-18e3-4368-a97a-a58b58ba9ae1,2026-05-26T16:28:58.183146
3da51c57-3207-43a8-9fbb-25fe768693a7,TUMBAL PROYEK,cgv,,26014300,,,,2D,2026-05-26,87390bec-696e-4eef-bd85-fc534c7f7228,2026-05-26T16:28:58.315910
3da51c57-3207-43a8-9fbb-25fe768693a7,GUDANG MERICA,cgv,,26019400,,,,2D,2026-05-26,858e9e9a-3ddf-4569-9d63-183b8d21b212,2026-05-26T16:28:58.315954
3da51c57-3207-43a8-9fbb-25fe768693a7,STAR WARS THE MANDALORIAN AND GROGU,cgv,,26021200,,,,2D,2026-05-26,e36bc936-7a43-4300-9f2f-13bd87319ef3,2026-05-26T16:28:58.315992
3da51c57-3207-43a8-9fbb-25fe768693a7,SEMUA AKAN BAIK BAIK SAJA,cgv,,26018100,,,,2D,2026-05-26,26dc3aef-9234-4e0e-907b-64098653205e,2026-05-26T16:28:58.316025
3da51c57-3207-43a8-9fbb-25fe768693a7,GHOST IN THE CELL,cgv,,26011800,,,,2D,2026-05-26,ace6e5ef-6476-449e-adeb-d592a68dccf5,2026-05-26T16:28:58.316057
3da51c57-3207-43a8-9fbb-25fe768693a7,TEMAN TEGAR MAIRA,cgv,,26005400,,,,2D,2026-05-26,40687194-8541-4f3e-a167-4094a4f8662e,2026-05-26T16:28:58.316092
3da51c57-3207-43a8-9fbb-25fe768693a7,TIBA TIBA SETAN,cgv,,26007500,,,,2D,2026-05-26,1b8310b7-283b-4db8-9702-7a2e8e270068,2026-05-26T16:28:58.316125
3da51c57-3207-43a8-9fbb-25fe768693a7,HOKUM,cgv,,26024600,,,,2D,2026-05-26,6ad34b95-bded-4c2a-a2fe-d1f09fbd4002,2026-05-26T16:28:58.316154
3da51c57-3207-43a8-9fbb-25fe768693a7,MORTAL KOMBAT II,cgv,,26018200,,,,2D,2026-05-26,63c8df9e-25ed-4085-8861-38404d488aff,2026-05-26T16:28:58.316187
3da51c57-3207-43a8-9fbb-25fe768693a7,GOHAN,cgv,,26022500,,,,2D,2026-05-26,e001dfa5-730c-42d2-997e-29b3cd71ee0c,2026-05-26T16:28:58.316216
3da51c57-3207-43a8-9fbb-25fe768693a7,AYAH INI ARAHNYA KEMANA YA,cgv,,26011000,,,,2D,2026-05-26,ef1adfdf-f7dc-4025-9c20-cf539cb5f771,2026-05-26T16:28:58.316247
3da51c57-3207-43a8-9fbb-25fe768693a7,YANG LAIN BOLEH HILANG ASAL KAU JANGAN,cgv,,26018300,,,,2D,2026-05-26,cc6fd083-03ba-48e1-9b3b-d3107d15c09b,2026-05-26T16:28:58.316291
3da51c57-3207-43a8-9fbb-25fe768693a7,KELUARGA SUAMI ADALAH HAMA,cgv,,26017700,,,,2D,2026-05-26,d2d88932-3a60-4870-bd50-db3375223275,2026-05-26T16:28:58.316324
3da51c57-3207-43a8-9fbb-25fe768693a7,THE SHEEP DETECTIVES,cgv,,26019500,,,,2D,2026-05-26,3ecc782b-f267-489c-87ce-8ce89c11d4ff,2026-05-26T16:28:58.316355
3da51c57-3207-43a8-9fbb-25fe768693a7,SEKAWAN LIMO RE RELEASE,cgv,,26024900,,,,2D,2026-05-26,4b373326-7847-43e3-acdc-2f14877ffd3c,2026-05-26T16:28:58.316395
3da51c57-3207-43a8-9fbb-25fe768693a7,MONSTER,cgv,,23042200,,,,2D,2026-05-26,71c3c8bb-65f7-4421-a48f-618bfc876a69,2026-05-26T16:28:58.316424
3da51c57-3207-43a8-9fbb-25fe768693a7,SALMOKJI WHISPERING WATER,cgv,,26019100,,,,2D,2026-05-26,a664845e-236d-4dc5-b1b0-5baf77fd0bb1,2026-05-26T16:28:58.316458
3da51c57-3207-43a8-9fbb-25fe768693a7,THE DEVIL WEARS PRADA 2,cgv,,26019800,,,,2D,2026-05-26,c5d9c932-9f21-4f6c-8556-378f8dac7d94,2026-05-26T16:28:58.316489
3da51c57-3207-43a8-9fbb-25fe768693a7,STAR WARS THE MANDALORIAN AND GROGU 3D,cgv,,26025200,,,,2D,2026-05-26,1341d47c-4875-4c8d-8b69-d931af3de65c,2026-05-26T16:28:58.316519
3da51c57-3207-43a8-9fbb-25fe768693a7,MOBILE SUIT GUNDAM HATHAWAY,cgv,,26021100,,,,2D,2026-05-26,e8b9b8c5-09cf-4ab3-86c8-4f2028d8d0f3,2026-05-26T16:28:58.316547
3da51c57-3207-43a8-9fbb-25fe768693a7,METHOD ACTING,cgv,,26023400,,,,2D,2026-05-26,053be27b-683e-4a9b-a7f3-cbbcc57dcbf2,2026-05-26T16:28:58.316581
3da51c57-3207-43a8-9fbb-25fe768693a7,CHAND MERA DIL,cgv,,26026000,,,,2D,2026-05-26,c0e68ff5-b18f-4f28-aa4f-ef5d806db981,2026-05-26T16:28:58.316606
3da51c57-3207-43a8-9fbb-25fe768693a7,THAT TIME I GOT REINCARNATED AS A SLIME THE MOVIE TEARS OF THE AZURE SEA,cgv,,26017900,,,,2D,2026-05-26,89d48db7-c1ba-4542-8122-520e3aa8565b,2026-05-26T16:28:58.316630
3da51c57-3207-43a8-9fbb-25fe768693a7,THE KINGS WARDEN,cgv,,26015000,,,,2D,2026-05-26,a223165f-f182-4048-81fa-03aa54376474,2026-05-26T16:28:58.316654
3da51c57-3207-43a8-9fbb-25fe768693a7,KAMU HARUS MATI,cgv,,26023800,,,,2D,2026-05-26,978ddcbc-a190-42e6-95ed-03a3e333690b,2026-05-26T16:28:58.316690
3da51c57-3207-43a8-9fbb-25fe768693a7,SUNSHINE WOMENS CHOIR,cgv,,26024400,,,,2D,2026-05-26,2d930c7a-1d26-44fd-8d57-8fb59eca7c58,2026-05-26T16:28:58.316715
3da51c57-3207-43a8-9fbb-25fe768693a7,NA WILLA,cgv,,26003200,,,,2D,2026-05-26,59b24e2d-d34c-4210-b807-fed039ea3d14,2026-05-26T16:28:58.316739
3da51c57-3207-43a8-9fbb-25fe768693a7,DILAN ITB 1997,cgv,,26016100,,,,2D,2026-05-26,73752a63-3e93-4c13-929a-ca7e3cb1d3a0,2026-05-26T16:28:58.316763
3da51c57-3207-43a8-9fbb-25fe768693a7,PEGASUS 3,cgv,,26025100,,,,2D,2026-05-26,b6b0a671-39ee-4cde-9bd7-090588be488b,2026-05-26T16:28:58.316786
2d15a01e-9a79-43ae-9e6b-acc8fea1f2c4,TUMBAL PROYEK,cgv,,26014300,,,,2D,2026-05-26,c8e0201a-91c0-4053-a2d6-1dc3a5e5b454,2026-05-26T16:28:58.501846
2d15a01e-9a79-43ae-9e6b-acc8fea1f2c4,GUDANG MERICA,cgv,,26019400,,,,2D,2026-05-26,f77b3e18-635e-4d4f-a4f2-7d1d28c5503b,2026-05-26T16:28:58.501905
2d15a01e-9a79-43ae-9e6b-acc8fea1f2c4,STAR WARS THE MANDALORIAN AND GROGU,cgv,,26021200,,,,2D,2026-05-26,9363b914-fed8-4c33-bbc0-a03e9f37308d,2026-05-26T16:28:58.501951
2d15a01e-9a79-43ae-9e6b-acc8fea1f2c4,SEMUA AKAN BAIK BAIK SAJA,cgv,,26018100,,,,2D,2026-05-26,dcd37b9a-9111-41e9-b9b2-bffe99fd478d,2026-05-26T16:28:58.501992
2d15a01e-9a79-43ae-9e6b-acc8fea1f2c4,GHOST IN THE CELL,cgv,,26011800,,,,2D,2026-05-26,7d275d2e-74ae-4b3b-a00e-f623d50dc914,2026-05-26T16:28:58.502032
2d15a01e-9a79-43ae-9e6b-acc8fea1f2c4,TEMAN TEGAR MAIRA,cgv,,26005400,,,,2D,2026-05-26,ae223557-b8d7-4fdb-af40-b3526177c889,2026-05-26T16:28:58.502070
2d15a01e-9a79-43ae-9e6b-acc8fea1f2c4,TIBA TIBA SETAN,cgv,,26007500,,,,2D,2026-05-26,84b0ae25-8be8-4769-a43a-4a2fad15516b,2026-05-26T16:28:58.502108
2d15a01e-9a79-43ae-9e6b-acc8fea1f2c4,HOKUM,cgv,,26024600,,,,2D,2026-05-26,d368a7ee-63b8-476f-b226-ede3d07ec7fc,2026-05-26T16:28:58.502164
2d15a01e-9a79-43ae-9e6b-acc8fea1f2c4,MORTAL KOMBAT II,cgv,,26018200,,,,2D,2026-05-26,09c42f20-0981-493f-ac74-b34bc1719e14,2026-05-26T16:28:58.502204
2d15a01e-9a79-43ae-9e6b-acc8fea1f2c4,GOHAN,cgv,,26022500,,,,2D,2026-05-26,28d56e87-0f26-475e-8d9f-29bed9460ed5,2026-05-26T16:28:58.502241
2d15a01e-9a79-43ae-9e6b-acc8fea1f2c4,AYAH INI ARAHNYA KEMANA YA,cgv,,26011000,,,,2D,2026-05-26,ba1297f4-f8e9-4e1a-8618-fe1a400b0d45,2026-05-26T16:28:58.502279
2d15a01e-9a79-43ae-9e6b-acc8fea1f2c4,YANG LAIN BOLEH HILANG ASAL KAU JANGAN,cgv,,26018300,,,,2D,2026-05-26,b4a67864-d078-4785-805f-d9dbe31a9512,2026-05-26T16:28:58.502316
2d15a01e-9a79-43ae-9e6b-acc8fea1f2c4,KELUARGA SUAMI ADALAH HAMA,cgv,,26017700,,,,2D,2026-05-26,f4307006-2b17-48f7-ac8a-64310d898a72,2026-05-26T16:28:58.502353
2d15a01e-9a79-43ae-9e6b-acc8fea1f2c4,THE SHEEP DETECTIVES,cgv,,26019500,,,,2D,2026-05-26,e6e5d1ca-b007-489f-a848-a7521f9c8665,2026-05-26T16:28:58.502388
2d15a01e-9a79-43ae-9e6b-acc8fea1f2c4,SEKAWAN LIMO RE RELEASE,cgv,,26024900,,,,2D,2026-05-26,bdd25bd4-119d-49fb-b1fb-4f4f7ae1576d,2026-05-26T16:28:58.502416
2d15a01e-9a79-43ae-9e6b-acc8fea1f2c4,MONSTER,cgv,,23042200,,,,2D,2026-05-26,dd2e56eb-626b-42b7-ad7e-62bb3361b515,2026-05-26T16:28:58.502446
2d15a01e-9a79-43ae-9e6b-acc8fea1f2c4,SALMOKJI WHISPERING WATER,cgv,,26019100,,,,2D,2026-05-26,98187b5f-d516-4ce8-8563-3be7d2a0fc09,2026-05-26T16:28:58.502484
2d15a01e-9a79-43ae-9e6b-acc8fea1f2c4,THE DEVIL WEARS PRADA 2,cgv,,26019800,,,,2D,2026-05-26,b9268445-fef7-4eae-a241-923cb7be48bb,2026-05-26T16:28:58.502515
2d15a01e-9a79-43ae-9e6b-acc8fea1f2c4,STAR WARS THE MANDALORIAN AND GROGU 3D,cgv,,26025200,,,,2D,2026-05-26,e5e3ea50-edfb-48b6-a5ac-2a1ea362e70c,2026-05-26T16:28:58.502547
2d15a01e-9a79-43ae-9e6b-acc8fea1f2c4,MOBILE SUIT GUNDAM HATHAWAY,cgv,,26021100,,,,2D,2026-05-26,f5eb17ba-1bb7-41bc-8104-28ed5857c305,2026-05-26T16:28:58.502583
2d15a01e-9a79-43ae-9e6b-acc8fea1f2c4,METHOD ACTING,cgv,,26023400,,,,2D,2026-05-26,b15a5bb3-5cff-4b07-9b72-b4642678f9a4,2026-05-26T16:28:58.502614
2d15a01e-9a79-43ae-9e6b-acc8fea1f2c4,CHAND MERA DIL,cgv,,26026000,,,,2D,2026-05-26,af543f7f-c810-4acd-9000-e913095234a0,2026-05-26T16:28:58.502643
2d15a01e-9a79-43ae-9e6b-acc8fea1f2c4,THAT TIME I GOT REINCARNATED AS A SLIME THE MOVIE TEARS OF THE AZURE SEA,cgv,,26017900,,,,2D,2026-05-26,f2fc914b-46d3-495a-8ad3-c773c8271ce0,2026-05-26T16:28:58.502673
2d15a01e-9a79-43ae-9e6b-acc8fea1f2c4,THE KINGS WARDEN,cgv,,26015000,,,,2D,2026-05-26,ed478014-a033-4964-866e-4c0dc0fb9b9a,2026-05-26T16:28:58.502701
2d15a01e-9a79-43ae-9e6b-acc8fea1f2c4,KAMU HARUS MATI,cgv,,26023800,,,,2D,2026-05-26,fede19c0-37e7-46a5-b7e8-5e187a2350b4,2026-05-26T16:28:58.502737
2d15a01e-9a79-43ae-9e6b-acc8fea1f2c4,SUNSHINE WOMENS CHOIR,cgv,,26024400,,,,2D,2026-05-26,cceec505-a6ff-45f6-8230-d1f916791abf,2026-05-26T16:28:58.502767
2d15a01e-9a79-43ae-9e6b-acc8fea1f2c4,NA WILLA,cgv,,26003200,,,,2D,2026-05-26,10026485-49cd-405a-860a-bf8c47cbfef3,2026-05-26T16:28:58.502800
2d15a01e-9a79-43ae-9e6b-acc8fea1f2c4,DILAN ITB 1997,cgv,,26016100,,,,2D,2026-05-26,50b28f8b-4fd4-4a08-8336-246ab9587151,2026-05-26T16:28:58.502830
2d15a01e-9a79-43ae-9e6b-acc8fea1f2c4,PEGASUS 3,cgv,,26025100,,,,2D,2026-05-26,d470ac39-bdfb-4f78-ab09-d5c63ed7f39d,2026-05-26T16:28:58.502859
f94dedcb-39ea-4224-bd32-41082e1c7285,TUMBAL PROYEK,cgv,,26014300,,,,2D,2026-05-26,0c269bd3-8b8c-4012-a32d-215f18f81d02,2026-05-26T16:29:00.832418
f94dedcb-39ea-4224-bd32-41082e1c7285,GUDANG MERICA,cgv,,26019400,,,,2D,2026-05-26,ca7c8286-b7c1-4151-9ad8-9c977d7cb471,2026-05-26T16:29:00.832472
f94dedcb-39ea-4224-bd32-41082e1c7285,STAR WARS THE MANDALORIAN AND GROGU,cgv,,26021200,,,,2D,2026-05-26,b6e32dca-584e-4eb4-ac23-f675340136e2,2026-05-26T16:29:00.832511
f94dedcb-39ea-4224-bd32-41082e1c7285,SEMUA AKAN BAIK BAIK SAJA,cgv,,26018100,,,,2D,2026-05-26,32d584f0-2579-4f40-b4ed-cd686b1d14c5,2026-05-26T16:29:00.832542
f94dedcb-39ea-4224-bd32-41082e1c7285,GHOST IN THE CELL,cgv,,26011800,,,,2D,2026-05-26,b11dd7f7-1492-4fd5-b97c-d7251f193f8d,2026-05-26T16:29:00.832573
f94dedcb-39ea-4224-bd32-41082e1c7285,TEMAN TEGAR MAIRA,cgv,,26005400,,,,2D,2026-05-26,069765c8-1729-4eb2-b199-756d6c75dd21,2026-05-26T16:29:00.832606
f94dedcb-39ea-4224-bd32-41082e1c7285,TIBA TIBA SETAN,cgv,,26007500,,,,2D,2026-05-26,6d077f93-b50b-420b-a161-af2125b4c6dc,2026-05-26T16:29:00.832636
f94dedcb-39ea-4224-bd32-41082e1c7285,HOKUM,cgv,,26024600,,,,2D,2026-05-26,78ea56d5-131a-4cad-b379-6ef9d42c7bc0,2026-05-26T16:29:00.832665
f94dedcb-39ea-4224-bd32-41082e1c7285,MORTAL KOMBAT II,cgv,,26018200,,,,2D,2026-05-26,710ec224-92eb-4612-a7be-2f09874fecca,2026-05-26T16:29:00.832694
f94dedcb-39ea-4224-bd32-41082e1c7285,GOHAN,cgv,,26022500,,,,2D,2026-05-26,f2629352-b761-463b-9149-b93fe6e65684,2026-05-26T16:29:00.832723
f94dedcb-39ea-4224-bd32-41082e1c7285,AYAH INI ARAHNYA KEMANA YA,cgv,,26011000,,,,2D,2026-05-26,aa8f4c52-b9ff-4d9d-8b5c-cfc53096e966,2026-05-26T16:29:00.832753
f94dedcb-39ea-4224-bd32-41082e1c7285,YANG LAIN BOLEH HILANG ASAL KAU JANGAN,cgv,,26018300,,,,2D,2026-05-26,cf9f21a8-b978-4a46-a602-26cd3754df8f,2026-05-26T16:29:00.832783
f94dedcb-39ea-4224-bd32-41082e1c7285,KELUARGA SUAMI ADALAH HAMA,cgv,,26017700,,,,2D,2026-05-26,6853afbf-d63a-40ac-b323-9a58cf014a1f,2026-05-26T16:29:00.832812
f94dedcb-39ea-4224-bd32-41082e1c7285,THE SHEEP DETECTIVES,cgv,,26019500,,,,2D,2026-05-26,879244d5-2b2d-4bc9-bef0-35cbccca8f49,2026-05-26T16:29:00.832840
f94dedcb-39ea-4224-bd32-41082e1c7285,SEKAWAN LIMO RE RELEASE,cgv,,26024900,,,,2D,2026-05-26,bada7e83-7fff-4729-a5e8-428e9ca01760,2026-05-26T16:29:00.832869
f94dedcb-39ea-4224-bd32-41082e1c7285,MONSTER,cgv,,23042200,,,,2D,2026-05-26,c626cf3a-0cfd-4ec0-adb8-ca46c01aa0fc,2026-05-26T16:29:00.832897
f94dedcb-39ea-4224-bd32-41082e1c7285,SALMOKJI WHISPERING WATER,cgv,,26019100,,,,2D,2026-05-26,3d958ae2-0296-409e-a3cd-6979c09a8c1c,2026-05-26T16:29:00.832926
f94dedcb-39ea-4224-bd32-41082e1c7285,THE DEVIL WEARS PRADA 2,cgv,,26019800,,,,2D,2026-05-26,704b1d75-d163-46ca-8d40-dffb1f8c90fe,2026-05-26T16:29:00.832956
f94dedcb-39ea-4224-bd32-41082e1c7285,STAR WARS THE MANDALORIAN AND GROGU 3D,cgv,,26025200,,,,2D,2026-05-26,905beff0-b36a-4a63-980f-9d6906495166,2026-05-26T16:29:00.832986
f94dedcb-39ea-4224-bd32-41082e1c7285,MOBILE SUIT GUNDAM HATHAWAY,cgv,,26021100,,,,2D,2026-05-26,4e6fd531-aad1-4af2-bbc9-ad30a32d7a44,2026-05-26T16:29:00.833015
f94dedcb-39ea-4224-bd32-41082e1c7285,METHOD ACTING,cgv,,26023400,,,,2D,2026-05-26,b2743303-b333-4877-bb40-73c07f72ff6c,2026-05-26T16:29:00.833062
f94dedcb-39ea-4224-bd32-41082e1c7285,CHAND MERA DIL,cgv,,26026000,,,,2D,2026-05-26,6820383d-4cfd-4f57-ba53-11620136ba87,2026-05-26T16:29:00.833094
f94dedcb-39ea-4224-bd32-41082e1c7285,THAT TIME I GOT REINCARNATED AS A SLIME THE MOVIE TEARS OF THE AZURE SEA,cgv,,26017900,,,,2D,2026-05-26,0c18bffe-d52a-4dd8-986c-53d03ff6ff29,2026-05-26T16:29:00.833125
f94dedcb-39ea-4224-bd32-41082e1c7285,THE KINGS WARDEN,cgv,,26015000,,,,2D,2026-05-26,8781e235-b62e-489e-82b4-842fe8ef56af,2026-05-26T16:29:00.833153
f94dedcb-39ea-4224-bd32-41082e1c7285,KAMU HARUS MATI,cgv,,26023800,,,,2D,2026-05-26,139b677a-e7b1-42e8-9ebc-3e2de43f6ae9,2026-05-26T16:29:00.833183
f94dedcb-39ea-4224-bd32-41082e1c7285,SUNSHINE WOMENS CHOIR,cgv,,26024400,,,,2D,2026-05-26,4c6b4d96-6ce0-496d-99d2-ce4b9622e66c,2026-05-26T16:29:00.833212
f94dedcb-39ea-4224-bd32-41082e1c7285,NA WILLA,cgv,,26003200,,,,2D,2026-05-26,afd3801c-7a48-42a2-827a-cbdfc0304217,2026-05-26T16:29:00.833240
f94dedcb-39ea-4224-bd32-41082e1c7285,DILAN ITB 1997,cgv,,26016100,,,,2D,2026-05-26,2a5e2760-e0d1-4a7b-9719-5c3ee7378afc,2026-05-26T16:29:00.833268
f94dedcb-39ea-4224-bd32-41082e1c7285,PEGASUS 3,cgv,,26025100,,,,2D,2026-05-26,9733b61d-4f1e-474a-8ded-9bc9bc592ebf,2026-05-26T16:29:00.833297
e118f86b-8f50-48d9-b20d-4ef6e8547c10,TUMBAL PROYEK,cgv,,26014300,,,,2D,2026-05-26,be32e28a-d7e0-47e4-9cff-5fbd735841ba,2026-05-26T16:29:00.838909
e118f86b-8f50-48d9-b20d-4ef6e8547c10,GUDANG MERICA,cgv,,26019400,,,,2D,2026-05-26,aea2f73e-ba38-4e10-8db3-4a2086de2913,2026-05-26T16:29:00.838946
e118f86b-8f50-48d9-b20d-4ef6e8547c10,STAR WARS THE MANDALORIAN AND GROGU,cgv,,26021200,,,,2D,2026-05-26,9da10f9c-f3ba-4316-9de9-d32e3b77d480,2026-05-26T16:29:00.838976
e118f86b-8f50-48d9-b20d-4ef6e8547c10,SEMUA AKAN BAIK BAIK SAJA,cgv,,26018100,,,,2D,2026-05-26,21b81ec8-066d-4036-b1bb-8fa4e4cde994,2026-05-26T16:29:00.839003
e118f86b-8f50-48d9-b20d-4ef6e8547c10,GHOST IN THE CELL,cgv,,26011800,,,,2D,2026-05-26,371f79ca-989f-4b30-90f1-a360d0680b4f,2026-05-26T16:29:00.839043
e118f86b-8f50-48d9-b20d-4ef6e8547c10,TEMAN TEGAR MAIRA,cgv,,26005400,,,,2D,2026-05-26,6b7fb8f5-9ce2-467c-a077-7b94d8c33084,2026-05-26T16:29:00.839067
e118f86b-8f50-48d9-b20d-4ef6e8547c10,TIBA TIBA SETAN,cgv,,26007500,,,,2D,2026-05-26,ebfb0ab8-0ae3-4548-8754-cd1e3455ad22,2026-05-26T16:29:00.839092
e118f86b-8f50-48d9-b20d-4ef6e8547c10,HOKUM,cgv,,26024600,,,,2D,2026-05-26,3c9d4520-999b-437f-a4a2-64b230107c61,2026-05-26T16:29:00.839125
e118f86b-8f50-48d9-b20d-4ef6e8547c10,MORTAL KOMBAT II,cgv,,26018200,,,,2D,2026-05-26,f34ab6a8-ac98-457b-b24f-964528ff0a08,2026-05-26T16:29:00.839152
e118f86b-8f50-48d9-b20d-4ef6e8547c10,GOHAN,cgv,,26022500,,,,2D,2026-05-26,41c98821-3166-4739-a7b1-8ed411071d38,2026-05-26T16:29:00.839177
e118f86b-8f50-48d9-b20d-4ef6e8547c10,AYAH INI ARAHNYA KEMANA YA,cgv,,26011000,,,,2D,2026-05-26,b196b61d-3332-46fd-9e05-887cbca42865,2026-05-26T16:29:00.839201
e118f86b-8f50-48d9-b20d-4ef6e8547c10,YANG LAIN BOLEH HILANG ASAL KAU JANGAN,cgv,,26018300,,,,2D,2026-05-26,8dad603d-c62e-4733-8f69-94cd6e436837,2026-05-26T16:29:00.839225
e118f86b-8f50-48d9-b20d-4ef6e8547c10,KELUARGA SUAMI ADALAH HAMA,cgv,,26017700,,,,2D,2026-05-26,64c6581a-807a-4cab-8ca3-af15e42b240b,2026-05-26T16:29:00.839249
e118f86b-8f50-48d9-b20d-4ef6e8547c10,THE SHEEP DETECTIVES,cgv,,26019500,,,,2D,2026-05-26,4077e73b-ea0d-42ba-8408-6ad17627c97c,2026-05-26T16:29:00.839272
e118f86b-8f50-48d9-b20d-4ef6e8547c10,SEKAWAN LIMO RE RELEASE,cgv,,26024900,,,,2D,2026-05-26,d3713a67-12ae-4d7f-b543-bcb91d505546,2026-05-26T16:29:00.839296
e118f86b-8f50-48d9-b20d-4ef6e8547c10,MONSTER,cgv,,23042200,,,,2D,2026-05-26,ef12615d-1752-4cc1-931a-8aaa3553b38a,2026-05-26T16:29:00.839320
e118f86b-8f50-48d9-b20d-4ef6e8547c10,SALMOKJI WHISPERING WATER,cgv,,26019100,,,,2D,2026-05-26,3d0a9107-1f55-4449-8f11-ff506dc067bf,2026-05-26T16:29:00.839344
e118f86b-8f50-48d9-b20d-4ef6e8547c10,THE DEVIL WEARS PRADA 2,cgv,,26019800,,,,2D,2026-05-26,3953f78a-ff60-4287-9ecf-fbf165ae69ac,2026-05-26T16:29:00.839368
e118f86b-8f50-48d9-b20d-4ef6e8547c10,STAR WARS THE MANDALORIAN AND GROGU 3D,cgv,,26025200,,,,2D,2026-05-26,7d2e9c71-a6d0-4863-8fae-805617f38748,2026-05-26T16:29:00.839394
e118f86b-8f50-48d9-b20d-4ef6e8547c10,MOBILE SUIT GUNDAM HATHAWAY,cgv,,26021100,,,,2D,2026-05-26,452f94f8-395a-4d9c-9d24-77983bd6844d,2026-05-26T16:29:00.839418
e118f86b-8f50-48d9-b20d-4ef6e8547c10,METHOD ACTING,cgv,,26023400,,,,2D,2026-05-26,4dc39d3a-5c43-49d9-8604-6b2a8813dba8,2026-05-26T16:29:00.839442
e118f86b-8f50-48d9-b20d-4ef6e8547c10,CHAND MERA DIL,cgv,,26026000,,,,2D,2026-05-26,f10a7f86-8e16-4899-8707-bc806fe3f614,2026-05-26T16:29:00.839484
e118f86b-8f50-48d9-b20d-4ef6e8547c10,THAT TIME I GOT REINCARNATED AS A SLIME THE MOVIE TEARS OF THE AZURE SEA,cgv,,26017900,,,,2D,2026-05-26,dcee5048-d79a-4d53-a047-51c84ea81017,2026-05-26T16:29:00.839512
e118f86b-8f50-48d9-b20d-4ef6e8547c10,THE KINGS WARDEN,cgv,,26015000,,,,2D,2026-05-26,3107c279-4fff-4966-80ad-7c665568fffe,2026-05-26T16:29:00.839535
e118f86b-8f50-48d9-b20d-4ef6e8547c10,KAMU HARUS MATI,cgv,,26023800,,,,2D,2026-05-26,a22c7c0c-c267-4aaa-83c1-02f8ee35a7c5,2026-05-26T16:29:00.839558
e118f86b-8f50-48d9-b20d-4ef6e8547c10,SUNSHINE WOMENS CHOIR,cgv,,26024400,,,,2D,2026-05-26,e80c7ab0-59aa-4c98-92db-7dee05578196,2026-05-26T16:29:00.839581
e118f86b-8f50-48d9-b20d-4ef6e8547c10,NA WILLA,cgv,,26003200,,,,2D,2026-05-26,03bae853-8474-4430-9a6d-924c8ca69b01,2026-05-26T16:29:00.839605
e118f86b-8f50-48d9-b20d-4ef6e8547c10,DILAN ITB 1997,cgv,,26016100,,,,2D,2026-05-26,f0c45138-d7ea-495d-bd11-4c1581419993,2026-05-26T16:29:00.839628
e118f86b-8f50-48d9-b20d-4ef6e8547c10,PEGASUS 3,cgv,,26025100,,,,2D,2026-05-26,912aeb1b-5b17-4d4f-a2db-0a17a3bf497f,2026-05-26T16:29:00.839650
92bf22b7-2198-4a06-91c6-39beace7402a,TUMBAL PROYEK,cgv,,26014300,,,,2D,2026-05-26,960f7fe9-15d8-483f-a8a2-81662623e6d1,2026-05-26T16:29:01.577963
92bf22b7-2198-4a06-91c6-39beace7402a,GUDANG MERICA,cgv,,26019400,,,,2D,2026-05-26,dbc6da5e-002c-4c28-a187-2fd7907c1f3d,2026-05-26T16:29:01.578035
92bf22b7-2198-4a06-91c6-39beace7402a,STAR WARS THE MANDALORIAN AND GROGU,cgv,,26021200,,,,2D,2026-05-26,4d94920f-855f-4a69-857b-1bacb3f81be5,2026-05-26T16:29:01.578075
92bf22b7-2198-4a06-91c6-39beace7402a,SEMUA AKAN BAIK BAIK SAJA,cgv,,26018100,,,,2D,2026-05-26,023b1569-334e-4c32-a735-77daf2057c25,2026-05-26T16:29:01.578114
92bf22b7-2198-4a06-91c6-39beace7402a,GHOST IN THE CELL,cgv,,26011800,,,,2D,2026-05-26,88fcdc88-8c92-4e6a-a03b-ccea3d1c77a3,2026-05-26T16:29:01.578149
92bf22b7-2198-4a06-91c6-39beace7402a,TEMAN TEGAR MAIRA,cgv,,26005400,,,,2D,2026-05-26,e62e5ec9-d6bf-4f8a-829a-a41989d19e33,2026-05-26T16:29:01.578215
92bf22b7-2198-4a06-91c6-39beace7402a,TIBA TIBA SETAN,cgv,,26007500,,,,2D,2026-05-26,7475551d-911f-47b2-b22b-cc463ca6d379,2026-05-26T16:29:01.578292
92bf22b7-2198-4a06-91c6-39beace7402a,HOKUM,cgv,,26024600,,,,2D,2026-05-26,5c6c0ace-d751-4bf0-b4e7-8da595d1d1ba,2026-05-26T16:29:01.578332
92bf22b7-2198-4a06-91c6-39beace7402a,MORTAL KOMBAT II,cgv,,26018200,,,,2D,2026-05-26,847b6b55-52f1-49d4-b985-7466f29b9245,2026-05-26T16:29:01.578366
92bf22b7-2198-4a06-91c6-39beace7402a,GOHAN,cgv,,26022500,,,,2D,2026-05-26,2d65dc3d-fb9b-40d8-a633-6b1c0ef321bd,2026-05-26T16:29:01.578397
92bf22b7-2198-4a06-91c6-39beace7402a,AYAH INI ARAHNYA KEMANA YA,cgv,,26011000,,,,2D,2026-05-26,defe824e-c981-49bf-8046-718796e517b4,2026-05-26T16:29:01.578427
92bf22b7-2198-4a06-91c6-39beace7402a,YANG LAIN BOLEH HILANG ASAL KAU JANGAN,cgv,,26018300,,,,2D,2026-05-26,ed25c601-0cbe-4648-9812-3ec21ab64112,2026-05-26T16:29:01.578458
92bf22b7-2198-4a06-91c6-39beace7402a,KELUARGA SUAMI ADALAH HAMA,cgv,,26017700,,,,2D,2026-05-26,bb5d57a9-5987-47f9-9383-e934d2321e9f,2026-05-26T16:29:01.578487
92bf22b7-2198-4a06-91c6-39beace7402a,THE SHEEP DETECTIVES,cgv,,26019500,,,,2D,2026-05-26,2cebc47c-07e2-4b53-b0db-89fd289e8b5c,2026-05-26T16:29:01.578516
92bf22b7-2198-4a06-91c6-39beace7402a,SEKAWAN LIMO RE RELEASE,cgv,,26024900,,,,2D,2026-05-26,6a404366-4529-43f8-a60c-9c030a022d11,2026-05-26T16:29:01.578546
92bf22b7-2198-4a06-91c6-39beace7402a,MONSTER,cgv,,23042200,,,,2D,2026-05-26,2fbbd622-077a-49dd-bb3b-3cf9daa38f70,2026-05-26T16:29:01.578577
92bf22b7-2198-4a06-91c6-39beace7402a,SALMOKJI WHISPERING WATER,cgv,,26019100,,,,2D,2026-05-26,7ffaaed8-de63-4c72-b9aa-06dd7e99f5fa,2026-05-26T16:29:01.578606
92bf22b7-2198-4a06-91c6-39beace7402a,THE DEVIL WEARS PRADA 2,cgv,,26019800,,,,2D,2026-05-26,99c91e67-e339-4c60-9e71-6f22b87c2dcc,2026-05-26T16:29:01.578636
92bf22b7-2198-4a06-91c6-39beace7402a,STAR WARS THE MANDALORIAN AND GROGU 3D,cgv,,26025200,,,,2D,2026-05-26,ef6075bf-c2bd-4c01-a8bf-d2e19290c668,2026-05-26T16:29:01.578668
92bf22b7-2198-4a06-91c6-39beace7402a,MOBILE SUIT GUNDAM HATHAWAY,cgv,,26021100,,,,2D,2026-05-26,4cec9efd-857b-481d-bbb7-00dcd9727154,2026-05-26T16:29:01.578789
92bf22b7-2198-4a06-91c6-39beace7402a,METHOD ACTING,cgv,,26023400,,,,2D,2026-05-26,4f1c101f-a51b-4435-b13b-b25d6573f706,2026-05-26T16:29:01.578860
92bf22b7-2198-4a06-91c6-39beace7402a,CHAND MERA DIL,cgv,,26026000,,,,2D,2026-05-26,74a9f2d2-22d5-4c78-a067-6530303d9e2a,2026-05-26T16:29:01.578898
92bf22b7-2198-4a06-91c6-39beace7402a,THAT TIME I GOT REINCARNATED AS A SLIME THE MOVIE TEARS OF THE AZURE SEA,cgv,,26017900,,,,2D,2026-05-26,60985e10-d047-4b45-8434-33208e2d6dea,2026-05-26T16:29:01.578960
92bf22b7-2198-4a06-91c6-39beace7402a,THE KINGS WARDEN,cgv,,26015000,,,,2D,2026-05-26,a9943bbb-6048-480d-9cfb-e8ea846b9ee9,2026-05-26T16:29:01.578996
92bf22b7-2198-4a06-91c6-39beace7402a,KAMU HARUS MATI,cgv,,26023800,,,,2D,2026-05-26,8f1b058c-cf3f-4784-9122-640639a1f845,2026-05-26T16:29:01.579026
92bf22b7-2198-4a06-91c6-39beace7402a,SUNSHINE WOMENS CHOIR,cgv,,26024400,,,,2D,2026-05-26,2b0bdc40-4960-4537-9298-e3ff07603312,2026-05-26T16:29:01.579056
92bf22b7-2198-4a06-91c6-39beace7402a,NA WILLA,cgv,,26003200,,,,2D,2026-05-26,976dbc60-d5fb-48ee-889b-ade71aeb6de3,2026-05-26T16:29:01.579084
92bf22b7-2198-4a06-91c6-39beace7402a,DILAN ITB 1997,cgv,,26016100,,,,2D,2026-05-26,ecfae586-610f-44eb-b326-a03c303634cd,2026-05-26T16:29:01.579112
92bf22b7-2198-4a06-91c6-39beace7402a,PEGASUS 3,cgv,,26025100,,,,2D,2026-05-26,05166f0d-c1aa-41a0-8e64-0e3bae2a8f70,2026-05-26T16:29:01.579220
4d6ce17a-7d08-47c8-a143-1ed7d0d38907,TUMBAL PROYEK,cgv,,26014300,,,,2D,2026-05-26,a0733068-baec-4dde-b20e-69290308c12e,2026-05-26T16:29:01.969754
4d6ce17a-7d08-47c8-a143-1ed7d0d38907,GUDANG MERICA,cgv,,26019400,,,,2D,2026-05-26,9a93c645-c495-4ecf-a308-2c74d0860f42,2026-05-26T16:29:01.969800
4d6ce17a-7d08-47c8-a143-1ed7d0d38907,STAR WARS THE MANDALORIAN AND GROGU,cgv,,26021200,,,,2D,2026-05-26,27cd8a6a-2ceb-4951-a2af-ce126b038532,2026-05-26T16:29:01.969837
4d6ce17a-7d08-47c8-a143-1ed7d0d38907,SEMUA AKAN BAIK BAIK SAJA,cgv,,26018100,,,,2D,2026-05-26,2ae08e53-9fd2-478b-8137-2e9bb2a78dc7,2026-05-26T16:29:01.969870
4d6ce17a-7d08-47c8-a143-1ed7d0d38907,GHOST IN THE CELL,cgv,,26011800,,,,2D,2026-05-26,dad8e8cd-4819-4919-80ff-4e32639d4918,2026-05-26T16:29:01.969904
4d6ce17a-7d08-47c8-a143-1ed7d0d38907,TEMAN TEGAR MAIRA,cgv,,26005400,,,,2D,2026-05-26,4adf3023-56aa-4cf5-aa75-05aa6f428a48,2026-05-26T16:29:01.969940
4d6ce17a-7d08-47c8-a143-1ed7d0d38907,TIBA TIBA SETAN,cgv,,26007500,,,,2D,2026-05-26,3eae7d44-b441-447d-9072-c353793b7b19,2026-05-26T16:29:01.969972
4d6ce17a-7d08-47c8-a143-1ed7d0d38907,HOKUM,cgv,,26024600,,,,2D,2026-05-26,a2fa28d1-b4ba-4428-8cf1-3c6747b991a8,2026-05-26T16:29:01.970004
4d6ce17a-7d08-47c8-a143-1ed7d0d38907,MORTAL KOMBAT II,cgv,,26018200,,,,2D,2026-05-26,4dc07dbd-a36b-4ca5-bea2-cabeab40f977,2026-05-26T16:29:01.970037
4d6ce17a-7d08-47c8-a143-1ed7d0d38907,GOHAN,cgv,,26022500,,,,2D,2026-05-26,03782127-2116-49fb-8ba3-f4699a235a11,2026-05-26T16:29:01.970071
4d6ce17a-7d08-47c8-a143-1ed7d0d38907,AYAH INI ARAHNYA KEMANA YA,cgv,,26011000,,,,2D,2026-05-26,eb76fd42-9ccd-4b09-8fcc-7d5049082ff6,2026-05-26T16:29:01.970431
4d6ce17a-7d08-47c8-a143-1ed7d0d38907,YANG LAIN BOLEH HILANG ASAL KAU JANGAN,cgv,,26018300,,,,2D,2026-05-26,50239a0c-c11e-4d63-b517-d10247120e57,2026-05-26T16:29:01.970471
4d6ce17a-7d08-47c8-a143-1ed7d0d38907,KELUARGA SUAMI ADALAH HAMA,cgv,,26017700,,,,2D,2026-05-26,542f4e54-1bad-4288-96b3-754ffaa0eb23,2026-05-26T16:29:01.970504
4d6ce17a-7d08-47c8-a143-1ed7d0d38907,THE SHEEP DETECTIVES,cgv,,26019500,,,,2D,2026-05-26,2d1147ff-ea15-4e54-a62f-dfa0c89be0b4,2026-05-26T16:29:01.970537
4d6ce17a-7d08-47c8-a143-1ed7d0d38907,SEKAWAN LIMO RE RELEASE,cgv,,26024900,,,,2D,2026-05-26,7e9fe491-42a9-4b45-a98d-6c52ec6de3ac,2026-05-26T16:29:01.970570
4d6ce17a-7d08-47c8-a143-1ed7d0d38907,MONSTER,cgv,,23042200,,,,2D,2026-05-26,aaad0f9b-8358-4668-88da-da857aa306fd,2026-05-26T16:29:01.970602
4d6ce17a-7d08-47c8-a143-1ed7d0d38907,SALMOKJI WHISPERING WATER,cgv,,26019100,,,,2D,2026-05-26,3d6430ff-a4f0-4024-8287-f0c83ee022e8,2026-05-26T16:29:01.970634
4d6ce17a-7d08-47c8-a143-1ed7d0d38907,THE DEVIL WEARS PRADA 2,cgv,,26019800,,,,2D,2026-05-26,24fe5b3c-4dfa-4fb2-a09d-7753933bfb0f,2026-05-26T16:29:01.970666
4d6ce17a-7d08-47c8-a143-1ed7d0d38907,STAR WARS THE MANDALORIAN AND GROGU 3D,cgv,,26025200,,,,2D,2026-05-26,80318011-1a0f-4490-bc23-5744261d4058,2026-05-26T16:29:01.970700
4d6ce17a-7d08-47c8-a143-1ed7d0d38907,MOBILE SUIT GUNDAM HATHAWAY,cgv,,26021100,,,,2D,2026-05-26,ad4ce088-9626-422b-9f89-ba3025f03e13,2026-05-26T16:29:01.970731
4d6ce17a-7d08-47c8-a143-1ed7d0d38907,METHOD ACTING,cgv,,26023400,,,,2D,2026-05-26,e2c53d47-77f7-43a5-81d1-d048b1a74272,2026-05-26T16:29:01.970763
4d6ce17a-7d08-47c8-a143-1ed7d0d38907,CHAND MERA DIL,cgv,,26026000,,,,2D,2026-05-26,c678bab8-324a-4199-a047-e9eba3d56470,2026-05-26T16:29:01.970793
4d6ce17a-7d08-47c8-a143-1ed7d0d38907,THAT TIME I GOT REINCARNATED AS A SLIME THE MOVIE TEARS OF THE AZURE SEA,cgv,,26017900,,,,2D,2026-05-26,ac5d4e34-33e5-4240-83a4-9602c527f738,2026-05-26T16:29:01.970825
4d6ce17a-7d08-47c8-a143-1ed7d0d38907,THE KINGS WARDEN,cgv,,26015000,,,,2D,2026-05-26,e776605b-ffc5-469a-ab6b-94ba1499c835,2026-05-26T16:29:01.970856
4d6ce17a-7d08-47c8-a143-1ed7d0d38907,KAMU HARUS MATI,cgv,,26023800,,,,2D,2026-05-26,c2746a5a-474b-457e-bd1e-c3946e62ab1d,2026-05-26T16:29:01.970887
4d6ce17a-7d08-47c8-a143-1ed7d0d38907,SUNSHINE WOMENS CHOIR,cgv,,26024400,,,,2D,2026-05-26,4a501499-4276-47bf-9662-18b6d7ed93f8,2026-05-26T16:29:01.970918
4d6ce17a-7d08-47c8-a143-1ed7d0d38907,NA WILLA,cgv,,26003200,,,,2D,2026-05-26,d8b93a1e-5c11-4c7b-b52c-16fbe3162d32,2026-05-26T16:29:01.970948
4d6ce17a-7d08-47c8-a143-1ed7d0d38907,DILAN ITB 1997,cgv,,26016100,,,,2D,2026-05-26,b881c51e-30c5-4476-b565-9a64310f49f7,2026-05-26T16:29:01.970979
4d6ce17a-7d08-47c8-a143-1ed7d0d38907,PEGASUS 3,cgv,,26025100,,,,2D,2026-05-26,d11c8053-566e-4c85-945e-5445bc289354,2026-05-26T16:29:01.971206
3da38b6d-b1e0-47ff-a9b9-2ae76f0409cf,TUMBAL PROYEK,cgv,,26014300,,,,2D,2026-05-26,e2b91f34-146b-423a-8f5c-5c8ffbf811f8,2026-05-26T16:29:02.053753
3da38b6d-b1e0-47ff-a9b9-2ae76f0409cf,GUDANG MERICA,cgv,,26019400,,,,2D,2026-05-26,963143f3-dfc3-48eb-a9d5-7dd1883ca25e,2026-05-26T16:29:02.053900
3da38b6d-b1e0-47ff-a9b9-2ae76f0409cf,STAR WARS THE MANDALORIAN AND GROGU,cgv,,26021200,,,,2D,2026-05-26,4c8ae6fe-9ec3-42cc-828d-819116e9ae9d,2026-05-26T16:29:02.054226
3da38b6d-b1e0-47ff-a9b9-2ae76f0409cf,SEMUA AKAN BAIK BAIK SAJA,cgv,,26018100,,,,2D,2026-05-26,211bcc6f-37ee-45e1-8543-717b10fbf86e,2026-05-26T16:29:02.054304
3da38b6d-b1e0-47ff-a9b9-2ae76f0409cf,GHOST IN THE CELL,cgv,,26011800,,,,2D,2026-05-26,4db6ebbb-6b6e-4d66-9dce-9fbc80fd4168,2026-05-26T16:29:02.054654
3da38b6d-b1e0-47ff-a9b9-2ae76f0409cf,TEMAN TEGAR MAIRA,cgv,,26005400,,,,2D,2026-05-26,38488620-423c-42bf-bea2-335391337ff7,2026-05-26T16:29:02.054784
3da38b6d-b1e0-47ff-a9b9-2ae76f0409cf,TIBA TIBA SETAN,cgv,,26007500,,,,2D,2026-05-26,131b336c-14c0-46dd-bb29-c891f8f6ac0c,2026-05-26T16:29:02.054801
3da38b6d-b1e0-47ff-a9b9-2ae76f0409cf,HOKUM,cgv,,26024600,,,,2D,2026-05-26,24ccf403-d772-4a7f-aee2-aeac300fa635,2026-05-26T16:29:02.054827
3da38b6d-b1e0-47ff-a9b9-2ae76f0409cf,MORTAL KOMBAT II,cgv,,26018200,,,,2D,2026-05-26,8c8d0451-cf5f-4b8d-b653-d4ea9b94132a,2026-05-26T16:29:02.054852
3da38b6d-b1e0-47ff-a9b9-2ae76f0409cf,GOHAN,cgv,,26022500,,,,2D,2026-05-26,a74c64b5-fc60-49e3-8363-94e1976ddf0e,2026-05-26T16:29:02.054939
3da38b6d-b1e0-47ff-a9b9-2ae76f0409cf,AYAH INI ARAHNYA KEMANA YA,cgv,,26011000,,,,2D,2026-05-26,fa936370-ae59-44cc-9b57-58a4cec5c18c,2026-05-26T16:29:02.054979
3da38b6d-b1e0-47ff-a9b9-2ae76f0409cf,YANG LAIN BOLEH HILANG ASAL KAU JANGAN,cgv,,26018300,,,,2D,2026-05-26,4108d1db-8dc5-438a-ad1e-68a0c3647748,2026-05-26T16:29:02.055015
3da38b6d-b1e0-47ff-a9b9-2ae76f0409cf,KELUARGA SUAMI ADALAH HAMA,cgv,,26017700,,,,2D,2026-05-26,a6c3488d-e293-4263-b5b5-323590c3e597,2026-05-26T16:29:02.055048
3da38b6d-b1e0-47ff-a9b9-2ae76f0409cf,THE SHEEP DETECTIVES,cgv,,26019500,,,,2D,2026-05-26,9cf052c7-f9ca-49ef-ad15-43c04cf65ed5,2026-05-26T16:29:02.055081
3da38b6d-b1e0-47ff-a9b9-2ae76f0409cf,SEKAWAN LIMO RE RELEASE,cgv,,26024900,,,,2D,2026-05-26,11827e57-06a5-47d8-a3e1-81035762a4c5,2026-05-26T16:29:02.055114
3da38b6d-b1e0-47ff-a9b9-2ae76f0409cf,MONSTER,cgv,,23042200,,,,2D,2026-05-26,2a804a4d-8cae-43f8-a8ae-c6e6637a9501,2026-05-26T16:29:02.055147
3da38b6d-b1e0-47ff-a9b9-2ae76f0409cf,SALMOKJI WHISPERING WATER,cgv,,26019100,,,,2D,2026-05-26,c5c114fd-5490-44a1-bef9-fe404fe6228a,2026-05-26T16:29:02.055179
3da38b6d-b1e0-47ff-a9b9-2ae76f0409cf,THE DEVIL WEARS PRADA 2,cgv,,26019800,,,,2D,2026-05-26,e5ed5578-5136-4e12-bb75-6dda4792920b,2026-05-26T16:29:02.055212
3da38b6d-b1e0-47ff-a9b9-2ae76f0409cf,STAR WARS THE MANDALORIAN AND GROGU 3D,cgv,,26025200,,,,2D,2026-05-26,4a26e1f9-a5d6-4db3-9210-4832c9a38e17,2026-05-26T16:29:02.055246
3da38b6d-b1e0-47ff-a9b9-2ae76f0409cf,MOBILE SUIT GUNDAM HATHAWAY,cgv,,26021100,,,,2D,2026-05-26,35370a4d-76f7-497a-b1cf-8d4489a3b17c,2026-05-26T16:29:02.055277
3da38b6d-b1e0-47ff-a9b9-2ae76f0409cf,METHOD ACTING,cgv,,26023400,,,,2D,2026-05-26,04697a00-3516-409e-93e7-62103eb8e30a,2026-05-26T16:29:02.055386
3da38b6d-b1e0-47ff-a9b9-2ae76f0409cf,CHAND MERA DIL,cgv,,26026000,,,,2D,2026-05-26,643a508e-1f41-4f5f-affa-bcaa20c02611,2026-05-26T16:29:02.055421
3da38b6d-b1e0-47ff-a9b9-2ae76f0409cf,THAT TIME I GOT REINCARNATED AS A SLIME THE MOVIE TEARS OF THE AZURE SEA,cgv,,26017900,,,,2D,2026-05-26,fe7b0686-bec5-400f-ab5a-5175f6057c57,2026-05-26T16:29:02.055457
3da38b6d-b1e0-47ff-a9b9-2ae76f0409cf,THE KINGS WARDEN,cgv,,26015000,,,,2D,2026-05-26,b57c096a-8b14-49b6-8d1e-ad4984014cc1,2026-05-26T16:29:02.055491
3da38b6d-b1e0-47ff-a9b9-2ae76f0409cf,KAMU HARUS MATI,cgv,,26023800,,,,2D,2026-05-26,08ee9400-c4b0-4bc0-aee9-43ace29acdcc,2026-05-26T16:29:02.055523
3da38b6d-b1e0-47ff-a9b9-2ae76f0409cf,SUNSHINE WOMENS CHOIR,cgv,,26024400,,,,2D,2026-05-26,93bf6210-282f-421b-9f10-d6754caa2bd1,2026-05-26T16:29:02.055556
3da38b6d-b1e0-47ff-a9b9-2ae76f0409cf,NA WILLA,cgv,,26003200,,,,2D,2026-05-26,8a966663-a0b8-4844-8f1a-79377d919f7f,2026-05-26T16:29:02.055588
3da38b6d-b1e0-47ff-a9b9-2ae76f0409cf,DILAN ITB 1997,cgv,,26016100,,,,2D,2026-05-26,20d59b14-da08-485b-8eda-e69c140d6419,2026-05-26T16:29:02.055620
3da38b6d-b1e0-47ff-a9b9-2ae76f0409cf,PEGASUS 3,cgv,,26025100,,,,2D,2026-05-26,0de956b0-bd18-442b-bcfc-fe89ed3c4c91,2026-05-26T16:29:02.055652
b50a58fb-ae58-41b3-ae08-e48226c54a72,TUMBAL PROYEK,cgv,,26014300,,,,2D,2026-05-26,012c083d-0aa6-48ab-bd92-f6d9be8ad1ac,2026-05-26T16:29:04.191065
b50a58fb-ae58-41b3-ae08-e48226c54a72,GUDANG MERICA,cgv,,26019400,,,,2D,2026-05-26,d0753436-f2be-4c99-9441-db370fe9af9c,2026-05-26T16:29:04.191103
b50a58fb-ae58-41b3-ae08-e48226c54a72,STAR WARS THE MANDALORIAN AND GROGU,cgv,,26021200,,,,2D,2026-05-26,cd1d1dff-0933-40fc-b51e-bd3ccf8ecc61,2026-05-26T16:29:04.191133
b50a58fb-ae58-41b3-ae08-e48226c54a72,SEMUA AKAN BAIK BAIK SAJA,cgv,,26018100,,,,2D,2026-05-26,1249a0ac-5764-4804-a45d-1aa16d240bb3,2026-05-26T16:29:04.191160
b50a58fb-ae58-41b3-ae08-e48226c54a72,GHOST IN THE CELL,cgv,,26011800,,,,2D,2026-05-26,b17758fc-515b-43e2-894c-4b778242bf18,2026-05-26T16:29:04.191185
b50a58fb-ae58-41b3-ae08-e48226c54a72,TEMAN TEGAR MAIRA,cgv,,26005400,,,,2D,2026-05-26,50c6540f-dbe0-44c3-aecb-10df0e052bf1,2026-05-26T16:29:04.191210
b50a58fb-ae58-41b3-ae08-e48226c54a72,TIBA TIBA SETAN,cgv,,26007500,,,,2D,2026-05-26,8a867ddb-d458-49fa-8c24-7d19cb8d0879,2026-05-26T16:29:04.191235
b50a58fb-ae58-41b3-ae08-e48226c54a72,HOKUM,cgv,,26024600,,,,2D,2026-05-26,ef2138b6-29a6-4566-b3d1-dae943a0fd16,2026-05-26T16:29:04.191267
b50a58fb-ae58-41b3-ae08-e48226c54a72,MORTAL KOMBAT II,cgv,,26018200,,,,2D,2026-05-26,8f81436a-ec67-4ad4-b15d-6f5194e75068,2026-05-26T16:29:04.191291
b50a58fb-ae58-41b3-ae08-e48226c54a72,GOHAN,cgv,,26022500,,,,2D,2026-05-26,dae0fa18-34f8-4596-b863-3a0da8c843ec,2026-05-26T16:29:04.191315
b50a58fb-ae58-41b3-ae08-e48226c54a72,AYAH INI ARAHNYA KEMANA YA,cgv,,26011000,,,,2D,2026-05-26,d312773e-019d-4124-9367-81984962fb44,2026-05-26T16:29:04.191340
b50a58fb-ae58-41b3-ae08-e48226c54a72,YANG LAIN BOLEH HILANG ASAL KAU JANGAN,cgv,,26018300,,,,2D,2026-05-26,543dddc3-dac1-4772-8370-b4d7f23d9bc7,2026-05-26T16:29:04.191365
b50a58fb-ae58-41b3-ae08-e48226c54a72,KELUARGA SUAMI ADALAH HAMA,cgv,,26017700,,,,2D,2026-05-26,9012d032-dc59-494c-aaba-1bdc64880a74,2026-05-26T16:29:04.191398
b50a58fb-ae58-41b3-ae08-e48226c54a72,THE SHEEP DETECTIVES,cgv,,26019500,,,,2D,2026-05-26,f61dd1e6-e5c0-47d4-961e-35e02446bbcf,2026-05-26T16:29:04.191422
b50a58fb-ae58-41b3-ae08-e48226c54a72,SEKAWAN LIMO RE RELEASE,cgv,,26024900,,,,2D,2026-05-26,7a3e1caa-1338-4e15-8791-b444b4752db0,2026-05-26T16:29:04.191452
b50a58fb-ae58-41b3-ae08-e48226c54a72,MONSTER,cgv,,23042200,,,,2D,2026-05-26,fa9e0014-70c2-4221-9fe8-a020a561fd1d,2026-05-26T16:29:04.191476
b50a58fb-ae58-41b3-ae08-e48226c54a72,SALMOKJI WHISPERING WATER,cgv,,26019100,,,,2D,2026-05-26,48d51b23-ffa0-4033-ba29-5a1aa9a6ebfc,2026-05-26T16:29:04.191500
b50a58fb-ae58-41b3-ae08-e48226c54a72,THE DEVIL WEARS PRADA 2,cgv,,26019800,,,,2D,2026-05-26,bbf04755-5fb6-4804-82e5-18245b6c5c9e,2026-05-26T16:29:04.191523
b50a58fb-ae58-41b3-ae08-e48226c54a72,STAR WARS THE MANDALORIAN AND GROGU 3D,cgv,,26025200,,,,2D,2026-05-26,5625a4a7-d2a7-448a-9b3f-1dc966bfb36e,2026-05-26T16:29:04.191548
b50a58fb-ae58-41b3-ae08-e48226c54a72,MOBILE SUIT GUNDAM HATHAWAY,cgv,,26021100,,,,2D,2026-05-26,522d2089-65a8-4ad4-890e-9ae9d2a3f1e6,2026-05-26T16:29:04.191571
b50a58fb-ae58-41b3-ae08-e48226c54a72,METHOD ACTING,cgv,,26023400,,,,2D,2026-05-26,cf5aa820-4b2d-4a3f-b281-ced208107105,2026-05-26T16:29:04.191594
b50a58fb-ae58-41b3-ae08-e48226c54a72,CHAND MERA DIL,cgv,,26026000,,,,2D,2026-05-26,6feb505c-565e-40eb-aec7-3265009bfcec,2026-05-26T16:29:04.191618
b50a58fb-ae58-41b3-ae08-e48226c54a72,THAT TIME I GOT REINCARNATED AS A SLIME THE MOVIE TEARS OF THE AZURE SEA,cgv,,26017900,,,,2D,2026-05-26,24dced05-0629-4ac3-ab23-7cc8012ba4be,2026-05-26T16:29:04.191643
b50a58fb-ae58-41b3-ae08-e48226c54a72,THE KINGS WARDEN,cgv,,26015000,,,,2D,2026-05-26,4dc37825-ed41-4061-b216-32f24b6e1b40,2026-05-26T16:29:04.191669
b50a58fb-ae58-41b3-ae08-e48226c54a72,KAMU HARUS MATI,cgv,,26023800,,,,2D,2026-05-26,4af1aba9-7ee9-4efc-bcd3-2b1d257fda0f,2026-05-26T16:29:04.191692
b50a58fb-ae58-41b3-ae08-e48226c54a72,SUNSHINE WOMENS CHOIR,cgv,,26024400,,,,2D,2026-05-26,048e304c-b1c0-4b52-b683-bac343107315,2026-05-26T16:29:04.191717
b50a58fb-ae58-41b3-ae08-e48226c54a72,NA WILLA,cgv,,26003200,,,,2D,2026-05-26,fd71f0e2-5c46-40a3-9f86-6d8819b61909,2026-05-26T16:29:04.191741
b50a58fb-ae58-41b3-ae08-e48226c54a72,DILAN ITB 1997,cgv,,26016100,,,,2D,2026-05-26,b1cd6f9f-052a-4279-a363-b30fb2d6fc4c,2026-05-26T16:29:04.191764
b50a58fb-ae58-41b3-ae08-e48226c54a72,PEGASUS 3,cgv,,26025100,,,,2D,2026-05-26,4b2cede7-9741-44ce-9218-b3511fef6ee5,2026-05-26T16:29:04.191796
571a05ee-23c7-4e18-83cd-96bb244da03d,TUMBAL PROYEK,cgv,,26014300,,,,2D,2026-05-26,738e70a4-e217-455d-95db-157397f118ec,2026-05-26T16:29:04.196816
571a05ee-23c7-4e18-83cd-96bb244da03d,GUDANG MERICA,cgv,,26019400,,,,2D,2026-05-26,7205d688-b5c1-4fc8-b642-11f4f7237184,2026-05-26T16:29:04.196848
571a05ee-23c7-4e18-83cd-96bb244da03d,STAR WARS THE MANDALORIAN AND GROGU,cgv,,26021200,,,,2D,2026-05-26,32ec9474-8e3b-4d00-b8b3-543acb866a45,2026-05-26T16:29:04.196872
571a05ee-23c7-4e18-83cd-96bb244da03d,SEMUA AKAN BAIK BAIK SAJA,cgv,,26018100,,,,2D,2026-05-26,ec3cef6d-8e43-41ed-bbb7-32856954a64d,2026-05-26T16:29:04.196895
571a05ee-23c7-4e18-83cd-96bb244da03d,GHOST IN THE CELL,cgv,,26011800,,,,2D,2026-05-26,574fd856-268d-4f11-8e95-37828769bd60,2026-05-26T16:29:04.196917
571a05ee-23c7-4e18-83cd-96bb244da03d,TEMAN TEGAR MAIRA,cgv,,26005400,,,,2D,2026-05-26,41800613-8c96-4343-89a1-63d434cb5b42,2026-05-26T16:29:04.196938
571a05ee-23c7-4e18-83cd-96bb244da03d,TIBA TIBA SETAN,cgv,,26007500,,,,2D,2026-05-26,2443e9bf-1d75-451a-99e4-125482fe7c23,2026-05-26T16:29:04.196959
571a05ee-23c7-4e18-83cd-96bb244da03d,HOKUM,cgv,,26024600,,,,2D,2026-05-26,a1b4c3c5-bc57-42b6-a0bf-2d1bbc6e4b0a,2026-05-26T16:29:04.196979
571a05ee-23c7-4e18-83cd-96bb244da03d,MORTAL KOMBAT II,cgv,,26018200,,,,2D,2026-05-26,2b8477cb-cf3c-46f3-b51d-78c6ac8af5c2,2026-05-26T16:29:04.197000
571a05ee-23c7-4e18-83cd-96bb244da03d,GOHAN,cgv,,26022500,,,,2D,2026-05-26,106f84f3-e55d-4500-b31a-2da3a32025ac,2026-05-26T16:29:04.197019
571a05ee-23c7-4e18-83cd-96bb244da03d,AYAH INI ARAHNYA KEMANA YA,cgv,,26011000,,,,2D,2026-05-26,60021659-1e32-4fcd-9983-b0dce064ed4a,2026-05-26T16:29:04.197039
571a05ee-23c7-4e18-83cd-96bb244da03d,YANG LAIN BOLEH HILANG ASAL KAU JANGAN,cgv,,26018300,,,,2D,2026-05-26,c44157d6-6990-4e4d-a81f-59fa4ad36dbc,2026-05-26T16:29:04.197068
571a05ee-23c7-4e18-83cd-96bb244da03d,KELUARGA SUAMI ADALAH HAMA,cgv,,26017700,,,,2D,2026-05-26,15048860-e428-4e6b-b287-d49a15aff880,2026-05-26T16:29:04.197088
571a05ee-23c7-4e18-83cd-96bb244da03d,THE SHEEP DETECTIVES,cgv,,26019500,,,,2D,2026-05-26,4595b916-09bc-487d-b2f3-f95147c04f64,2026-05-26T16:29:04.197109
571a05ee-23c7-4e18-83cd-96bb244da03d,SEKAWAN LIMO RE RELEASE,cgv,,26024900,,,,2D,2026-05-26,8bce7a32-e6aa-40f2-b928-8439f779425c,2026-05-26T16:29:04.197129
571a05ee-23c7-4e18-83cd-96bb244da03d,MONSTER,cgv,,23042200,,,,2D,2026-05-26,65145e15-c5be-42c5-bc11-a9a9d047ae6d,2026-05-26T16:29:04.197148
571a05ee-23c7-4e18-83cd-96bb244da03d,SALMOKJI WHISPERING WATER,cgv,,26019100,,,,2D,2026-05-26,aaff9ea7-2d3f-4aa1-8666-d4635af9a9c1,2026-05-26T16:29:04.197168
571a05ee-23c7-4e18-83cd-96bb244da03d,THE DEVIL WEARS PRADA 2,cgv,,26019800,,,,2D,2026-05-26,754a206f-9707-4063-b5da-551404f1a4f9,2026-05-26T16:29:04.197188
571a05ee-23c7-4e18-83cd-96bb244da03d,STAR WARS THE MANDALORIAN AND GROGU 3D,cgv,,26025200,,,,2D,2026-05-26,0084ad78-8646-4078-bc8f-9a905a1d48ba,2026-05-26T16:29:04.197210
571a05ee-23c7-4e18-83cd-96bb244da03d,MOBILE SUIT GUNDAM HATHAWAY,cgv,,26021100,,,,2D,2026-05-26,820aa2d9-3578-4595-9dfe-23780a5dfcf6,2026-05-26T16:29:04.197231
571a05ee-23c7-4e18-83cd-96bb244da03d,METHOD ACTING,cgv,,26023400,,,,2D,2026-05-26,20410c80-e99a-48ff-8838-3c853e41a135,2026-05-26T16:29:04.197251
571a05ee-23c7-4e18-83cd-96bb244da03d,CHAND MERA DIL,cgv,,26026000,,,,2D,2026-05-26,162d59b8-4070-49d3-ac6c-bc3ba7e54ad8,2026-05-26T16:29:04.197271
571a05ee-23c7-4e18-83cd-96bb244da03d,THAT TIME I GOT REINCARNATED AS A SLIME THE MOVIE TEARS OF THE AZURE SEA,cgv,,26017900,,,,2D,2026-05-26,dbd3c0af-d594-48ce-89e1-8c697c4798f4,2026-05-26T16:29:04.197291
571a05ee-23c7-4e18-83cd-96bb244da03d,THE KINGS WARDEN,cgv,,26015000,,,,2D,2026-05-26,ba43199c-56e2-4bdc-a209-6045f94fced6,2026-05-26T16:29:04.197312
571a05ee-23c7-4e18-83cd-96bb244da03d,KAMU HARUS MATI,cgv,,26023800,,,,2D,2026-05-26,1a81311b-6ead-4f19-b629-20be2c715c17,2026-05-26T16:29:04.197332
571a05ee-23c7-4e18-83cd-96bb244da03d,SUNSHINE WOMENS CHOIR,cgv,,26024400,,,,2D,2026-05-26,c97d5e01-c53a-4d3c-b1e2-1c380e075751,2026-05-26T16:29:04.197353
571a05ee-23c7-4e18-83cd-96bb244da03d,NA WILLA,cgv,,26003200,,,,2D,2026-05-26,14baf4a8-dae4-4143-9b36-cbb6a962e58a,2026-05-26T16:29:04.197372
571a05ee-23c7-4e18-83cd-96bb244da03d,DILAN ITB 1997,cgv,,26016100,,,,2D,2026-05-26,fb5b998b-4ac6-4d9b-890e-1da6fe5d01ec,2026-05-26T16:29:04.197392
571a05ee-23c7-4e18-83cd-96bb244da03d,PEGASUS 3,cgv,,26025100,,,,2D,2026-05-26,9fb7b7c3-e2fa-487d-af92-af8ddc6e941c,2026-05-26T16:29:04.197412
0784e6f6-bec6-446c-abde-b5acba2cb967,TUMBAL PROYEK,cgv,,26014300,,,,2D,2026-05-26,1a244003-ef99-4c8a-a52d-d7b56cd72da2,2026-05-26T16:29:05.130805
0784e6f6-bec6-446c-abde-b5acba2cb967,GUDANG MERICA,cgv,,26019400,,,,2D,2026-05-26,387fc8e8-fb88-428b-bc63-8b055b07aa52,2026-05-26T16:29:05.130852
0784e6f6-bec6-446c-abde-b5acba2cb967,STAR WARS THE MANDALORIAN AND GROGU,cgv,,26021200,,,,2D,2026-05-26,1c8c8a79-cd17-43fd-88ee-609c4fc75bb6,2026-05-26T16:29:05.130887
0784e6f6-bec6-446c-abde-b5acba2cb967,SEMUA AKAN BAIK BAIK SAJA,cgv,,26018100,,,,2D,2026-05-26,57682776-d364-4e55-a63f-1cc704686353,2026-05-26T16:29:05.130919
0784e6f6-bec6-446c-abde-b5acba2cb967,GHOST IN THE CELL,cgv,,26011800,,,,2D,2026-05-26,50230d04-9063-452d-8089-ad685c470e5f,2026-05-26T16:29:05.130950
0784e6f6-bec6-446c-abde-b5acba2cb967,TEMAN TEGAR MAIRA,cgv,,26005400,,,,2D,2026-05-26,07b508e0-be26-4ce0-b4b8-f94d2d2e0d41,2026-05-26T16:29:05.130983
0784e6f6-bec6-446c-abde-b5acba2cb967,TIBA TIBA SETAN,cgv,,26007500,,,,2D,2026-05-26,f6eeb1e5-1256-49f6-97c1-9650513673fa,2026-05-26T16:29:05.131013
0784e6f6-bec6-446c-abde-b5acba2cb967,HOKUM,cgv,,26024600,,,,2D,2026-05-26,79c22405-f31b-41f2-817c-37c78868ceba,2026-05-26T16:29:05.131042
0784e6f6-bec6-446c-abde-b5acba2cb967,MORTAL KOMBAT II,cgv,,26018200,,,,2D,2026-05-26,8b36c336-b3a9-445e-ac3e-95ed8fa71d7e,2026-05-26T16:29:05.131072
0784e6f6-bec6-446c-abde-b5acba2cb967,GOHAN,cgv,,26022500,,,,2D,2026-05-26,b4e2ec50-f6b2-433a-ae38-7885ff9aa85b,2026-05-26T16:29:05.131102
0784e6f6-bec6-446c-abde-b5acba2cb967,AYAH INI ARAHNYA KEMANA YA,cgv,,26011000,,,,2D,2026-05-26,18ac62ab-ba34-4a2e-ac3b-e2e90c9ea9e4,2026-05-26T16:29:05.131132
0784e6f6-bec6-446c-abde-b5acba2cb967,YANG LAIN BOLEH HILANG ASAL KAU JANGAN,cgv,,26018300,,,,2D,2026-05-26,55c28cfb-4f81-4067-ae0c-6a93e217bf89,2026-05-26T16:29:05.131162
0784e6f6-bec6-446c-abde-b5acba2cb967,KELUARGA SUAMI ADALAH HAMA,cgv,,26017700,,,,2D,2026-05-26,f84c224f-1eda-4492-b78f-b9fd7e0cdcd9,2026-05-26T16:29:05.131191
0784e6f6-bec6-446c-abde-b5acba2cb967,THE SHEEP DETECTIVES,cgv,,26019500,,,,2D,2026-05-26,af17adb8-ec20-460f-bc83-68725e4dadee,2026-05-26T16:29:05.131220
0784e6f6-bec6-446c-abde-b5acba2cb967,SEKAWAN LIMO RE RELEASE,cgv,,26024900,,,,2D,2026-05-26,6dd01fca-5217-455c-a1bf-3c3ed0136ddd,2026-05-26T16:29:05.131249
0784e6f6-bec6-446c-abde-b5acba2cb967,MONSTER,cgv,,23042200,,,,2D,2026-05-26,c6f6a083-7415-4a42-b381-d55d1893220a,2026-05-26T16:29:05.131278
0784e6f6-bec6-446c-abde-b5acba2cb967,SALMOKJI WHISPERING WATER,cgv,,26019100,,,,2D,2026-05-26,19e10b5b-a136-4d1a-af74-ece95d5415ce,2026-05-26T16:29:05.131307
0784e6f6-bec6-446c-abde-b5acba2cb967,THE DEVIL WEARS PRADA 2,cgv,,26019800,,,,2D,2026-05-26,7d8b10da-7eb6-4072-a5c1-2c06f20c4b6d,2026-05-26T16:29:05.131336
0784e6f6-bec6-446c-abde-b5acba2cb967,STAR WARS THE MANDALORIAN AND GROGU 3D,cgv,,26025200,,,,2D,2026-05-26,8da2b7b1-22ab-4e45-92b3-72bc3173395b,2026-05-26T16:29:05.131366
0784e6f6-bec6-446c-abde-b5acba2cb967,MOBILE SUIT GUNDAM HATHAWAY,cgv,,26021100,,,,2D,2026-05-26,50d5560c-cf9d-48bc-a618-309cd392c251,2026-05-26T16:29:05.131395
0784e6f6-bec6-446c-abde-b5acba2cb967,METHOD ACTING,cgv,,26023400,,,,2D,2026-05-26,bb15958d-e82b-4fae-84c4-75c83b61c765,2026-05-26T16:29:05.131423
0784e6f6-bec6-446c-abde-b5acba2cb967,CHAND MERA DIL,cgv,,26026000,,,,2D,2026-05-26,104928ae-53e6-49b4-b670-bf348d240024,2026-05-26T16:29:05.131451
0784e6f6-bec6-446c-abde-b5acba2cb967,THAT TIME I GOT REINCARNATED AS A SLIME THE MOVIE TEARS OF THE AZURE SEA,cgv,,26017900,,,,2D,2026-05-26,cec9f536-cd22-4ec4-8e9a-627b342e0eba,2026-05-26T16:29:05.131481
0784e6f6-bec6-446c-abde-b5acba2cb967,THE KINGS WARDEN,cgv,,26015000,,,,2D,2026-05-26,fda64e99-44e9-4758-8c53-8e93fc65ae84,2026-05-26T16:29:05.131509
0784e6f6-bec6-446c-abde-b5acba2cb967,KAMU HARUS MATI,cgv,,26023800,,,,2D,2026-05-26,6217a98d-cf5f-4764-a568-2ff1fa2dde22,2026-05-26T16:29:05.131536
0784e6f6-bec6-446c-abde-b5acba2cb967,SUNSHINE WOMENS CHOIR,cgv,,26024400,,,,2D,2026-05-26,6c95570b-cac4-4f33-a5fc-b34d518d2dde,2026-05-26T16:29:05.131565
0784e6f6-bec6-446c-abde-b5acba2cb967,NA WILLA,cgv,,26003200,,,,2D,2026-05-26,9c42ee03-9c9b-4414-8363-bca1a9a7e371,2026-05-26T16:29:05.131593
0784e6f6-bec6-446c-abde-b5acba2cb967,DILAN ITB 1997,cgv,,26016100,,,,2D,2026-05-26,c16237b5-9a84-4607-b655-1abdddd5c21e,2026-05-26T16:29:05.131620
0784e6f6-bec6-446c-abde-b5acba2cb967,PEGASUS 3,cgv,,26025100,,,,2D,2026-05-26,eb1b0a25-3b83-4828-9144-b49ee70b4d81,2026-05-26T16:29:05.131648
ca436f3c-9197-4d78-af7e-1c3a94c80522,TUMBAL PROYEK,cgv,,26014300,,,,2D,2026-05-26,1642887c-0274-4047-b352-0453156b6ab2,2026-05-26T16:29:05.641610
ca436f3c-9197-4d78-af7e-1c3a94c80522,GUDANG MERICA,cgv,,26019400,,,,2D,2026-05-26,e12c9cd7-ecac-4adf-86e9-c0b5a2fca9d9,2026-05-26T16:29:05.641660
ca436f3c-9197-4d78-af7e-1c3a94c80522,STAR WARS THE MANDALORIAN AND GROGU,cgv,,26021200,,,,2D,2026-05-26,c77b0560-f65c-4f6a-9dd6-7c577dbc8e24,2026-05-26T16:29:05.641696
ca436f3c-9197-4d78-af7e-1c3a94c80522,SEMUA AKAN BAIK BAIK SAJA,cgv,,26018100,,,,2D,2026-05-26,52059261-0886-4b19-8a32-821fe2274c9f,2026-05-26T16:29:05.641728
ca436f3c-9197-4d78-af7e-1c3a94c80522,GHOST IN THE CELL,cgv,,26011800,,,,2D,2026-05-26,5823aafa-bf8f-4303-9a32-ddfdd362c214,2026-05-26T16:29:05.641760
ca436f3c-9197-4d78-af7e-1c3a94c80522,TEMAN TEGAR MAIRA,cgv,,26005400,,,,2D,2026-05-26,bec10b73-86f5-4104-a842-66893fc4c0b1,2026-05-26T16:29:05.641791
ca436f3c-9197-4d78-af7e-1c3a94c80522,TIBA TIBA SETAN,cgv,,26007500,,,,2D,2026-05-26,ec6af9d0-bdc7-4755-9f71-3c40a0bf49fe,2026-05-26T16:29:05.641822
ca436f3c-9197-4d78-af7e-1c3a94c80522,HOKUM,cgv,,26024600,,,,2D,2026-05-26,f68f14c8-1a70-4a37-8fb3-7ba6043e004e,2026-05-26T16:29:05.641851
ca436f3c-9197-4d78-af7e-1c3a94c80522,MORTAL KOMBAT II,cgv,,26018200,,,,2D,2026-05-26,869612cc-1fad-422e-94b9-b0ac7c991b40,2026-05-26T16:29:05.641880
ca436f3c-9197-4d78-af7e-1c3a94c80522,GOHAN,cgv,,26022500,,,,2D,2026-05-26,88ca4a74-3201-4885-b964-444f20a3c9bc,2026-05-26T16:29:05.641910
ca436f3c-9197-4d78-af7e-1c3a94c80522,AYAH INI ARAHNYA KEMANA YA,cgv,,26011000,,,,2D,2026-05-26,9a7a067e-aeb2-4177-b0e7-e0d31b0e0501,2026-05-26T16:29:05.641940
ca436f3c-9197-4d78-af7e-1c3a94c80522,YANG LAIN BOLEH HILANG ASAL KAU JANGAN,cgv,,26018300,,,,2D,2026-05-26,e0f07dae-6582-4353-909f-d6372ef65369,2026-05-26T16:29:05.641971
ca436f3c-9197-4d78-af7e-1c3a94c80522,KELUARGA SUAMI ADALAH HAMA,cgv,,26017700,,,,2D,2026-05-26,f6c98f5c-2695-4170-84e7-5d698c3048bf,2026-05-26T16:29:05.642008
ca436f3c-9197-4d78-af7e-1c3a94c80522,THE SHEEP DETECTIVES,cgv,,26019500,,,,2D,2026-05-26,d79c2f56-e86c-4ba8-97f1-1e59f01fa488,2026-05-26T16:29:05.642037
ca436f3c-9197-4d78-af7e-1c3a94c80522,SEKAWAN LIMO RE RELEASE,cgv,,26024900,,,,2D,2026-05-26,29e7a0aa-2667-4c87-acf2-8950298c9588,2026-05-26T16:29:05.642066
ca436f3c-9197-4d78-af7e-1c3a94c80522,MONSTER,cgv,,23042200,,,,2D,2026-05-26,77d698f6-3c7b-448d-84bc-c364ef9e113c,2026-05-26T16:29:05.642095
ca436f3c-9197-4d78-af7e-1c3a94c80522,SALMOKJI WHISPERING WATER,cgv,,26019100,,,,2D,2026-05-26,2c11934b-6d10-4af4-b51e-0279c80d78db,2026-05-26T16:29:05.642124
ca436f3c-9197-4d78-af7e-1c3a94c80522,THE DEVIL WEARS PRADA 2,cgv,,26019800,,,,2D,2026-05-26,b5e86e7c-4f34-465b-8ab9-398f66595462,2026-05-26T16:29:05.642153
ca436f3c-9197-4d78-af7e-1c3a94c80522,STAR WARS THE MANDALORIAN AND GROGU 3D,cgv,,26025200,,,,2D,2026-05-26,e7c34a46-0423-4d43-8679-7f6a16dd841a,2026-05-26T16:29:05.642190
ca436f3c-9197-4d78-af7e-1c3a94c80522,MOBILE SUIT GUNDAM HATHAWAY,cgv,,26021100,,,,2D,2026-05-26,474881f6-1cf6-4ca1-bd01-6e91a98d2345,2026-05-26T16:29:05.642220
ca436f3c-9197-4d78-af7e-1c3a94c80522,METHOD ACTING,cgv,,26023400,,,,2D,2026-05-26,6d009d99-4ade-4b20-96a4-4948c7a95206,2026-05-26T16:29:05.642249
ca436f3c-9197-4d78-af7e-1c3a94c80522,CHAND MERA DIL,cgv,,26026000,,,,2D,2026-05-26,33513ef9-2296-4650-a493-c06b99c7d918,2026-05-26T16:29:05.642278
ca436f3c-9197-4d78-af7e-1c3a94c80522,THAT TIME I GOT REINCARNATED AS A SLIME THE MOVIE TEARS OF THE AZURE SEA,cgv,,26017900,,,,2D,2026-05-26,c895f5ca-4ae8-47ef-bcd2-3729f23217bb,2026-05-26T16:29:05.642309
ca436f3c-9197-4d78-af7e-1c3a94c80522,THE KINGS WARDEN,cgv,,26015000,,,,2D,2026-05-26,14abd77a-249d-4d54-a399-a096b9bd74f1,2026-05-26T16:29:05.642338
ca436f3c-9197-4d78-af7e-1c3a94c80522,KAMU HARUS MATI,cgv,,26023800,,,,2D,2026-05-26,e4d75f39-e48d-4260-b30f-2ceb291f3f93,2026-05-26T16:29:05.642367
ca436f3c-9197-4d78-af7e-1c3a94c80522,SUNSHINE WOMENS CHOIR,cgv,,26024400,,,,2D,2026-05-26,85f71879-55a9-4e67-806e-a2c86ff9bc14,2026-05-26T16:29:05.642396
ca436f3c-9197-4d78-af7e-1c3a94c80522,NA WILLA,cgv,,26003200,,,,2D,2026-05-26,515e1b11-c9c5-414f-bc75-564ed0c567db,2026-05-26T16:29:05.642448
ca436f3c-9197-4d78-af7e-1c3a94c80522,DILAN ITB 1997,cgv,,26016100,,,,2D,2026-05-26,fbedc56f-71f1-4561-845c-4fe4c5b2b4f7,2026-05-26T16:29:05.642626
ca436f3c-9197-4d78-af7e-1c3a94c80522,PEGASUS 3,cgv,,26025100,,,,2D,2026-05-26,90c8eb8b-f773-4806-90a7-39e427cd7310,2026-05-26T16:29:05.642690
a9a9cc6e-bdbf-461b-bcae-9e652a3299f6,TUMBAL PROYEK,cgv,,26014300,,,,2D,2026-05-26,8d883f9c-3d18-4533-9a28-82a6c8ce9e44,2026-05-26T16:29:05.677291
a9a9cc6e-bdbf-461b-bcae-9e652a3299f6,GUDANG MERICA,cgv,,26019400,,,,2D,2026-05-26,8fc8d0bf-42d7-4988-bc37-be0c393d697b,2026-05-26T16:29:05.677334
a9a9cc6e-bdbf-461b-bcae-9e652a3299f6,STAR WARS THE MANDALORIAN AND GROGU,cgv,,26021200,,,,2D,2026-05-26,54ec0b6b-211a-4d5f-afb2-59dac93ee7d0,2026-05-26T16:29:05.677369
a9a9cc6e-bdbf-461b-bcae-9e652a3299f6,SEMUA AKAN BAIK BAIK SAJA,cgv,,26018100,,,,2D,2026-05-26,8cbabcbb-8fb5-4697-922a-8e4169d95744,2026-05-26T16:29:05.677401
a9a9cc6e-bdbf-461b-bcae-9e652a3299f6,GHOST IN THE CELL,cgv,,26011800,,,,2D,2026-05-26,698244ab-b03d-4f27-8282-7f87b253f642,2026-05-26T16:29:05.677433
a9a9cc6e-bdbf-461b-bcae-9e652a3299f6,TEMAN TEGAR MAIRA,cgv,,26005400,,,,2D,2026-05-26,1193c11d-d6e9-4b8c-8b31-8444fcf366a2,2026-05-26T16:29:05.677463
a9a9cc6e-bdbf-461b-bcae-9e652a3299f6,TIBA TIBA SETAN,cgv,,26007500,,,,2D,2026-05-26,6e9aca69-088b-4892-804e-58e9050f6c65,2026-05-26T16:29:05.677493
a9a9cc6e-bdbf-461b-bcae-9e652a3299f6,HOKUM,cgv,,26024600,,,,2D,2026-05-26,d3fe165a-27a3-49dd-9f08-ee8d91a0f908,2026-05-26T16:29:05.677522
a9a9cc6e-bdbf-461b-bcae-9e652a3299f6,MORTAL KOMBAT II,cgv,,26018200,,,,2D,2026-05-26,e7e71f7b-4477-4d95-a3dd-2c7997cebf12,2026-05-26T16:29:05.677551
a9a9cc6e-bdbf-461b-bcae-9e652a3299f6,GOHAN,cgv,,26022500,,,,2D,2026-05-26,0176e038-9468-498e-a693-8438a1d6b404,2026-05-26T16:29:05.677582
a9a9cc6e-bdbf-461b-bcae-9e652a3299f6,AYAH INI ARAHNYA KEMANA YA,cgv,,26011000,,,,2D,2026-05-26,3b4177b4-b23c-40cf-89d3-a6a3e3e34f0e,2026-05-26T16:29:05.677612
a9a9cc6e-bdbf-461b-bcae-9e652a3299f6,YANG LAIN BOLEH HILANG ASAL KAU JANGAN,cgv,,26018300,,,,2D,2026-05-26,ed7c970f-1294-4d2e-929f-9d2f1bdef714,2026-05-26T16:29:05.677641
a9a9cc6e-bdbf-461b-bcae-9e652a3299f6,KELUARGA SUAMI ADALAH HAMA,cgv,,26017700,,,,2D,2026-05-26,78c52b0a-9953-4bcf-8e98-d2e04fff623d,2026-05-26T16:29:05.677681
a9a9cc6e-bdbf-461b-bcae-9e652a3299f6,THE SHEEP DETECTIVES,cgv,,26019500,,,,2D,2026-05-26,0ce746b7-e44d-47a1-aca4-2f9c5e0f32f8,2026-05-26T16:29:05.677710
a9a9cc6e-bdbf-461b-bcae-9e652a3299f6,SEKAWAN LIMO RE RELEASE,cgv,,26024900,,,,2D,2026-05-26,a9d51fa2-8b29-4869-b1eb-2deab6afb4dd,2026-05-26T16:29:05.677743
a9a9cc6e-bdbf-461b-bcae-9e652a3299f6,MONSTER,cgv,,23042200,,,,2D,2026-05-26,09f3cb07-ffa4-49c3-970d-64dac69cd991,2026-05-26T16:29:05.677773
a9a9cc6e-bdbf-461b-bcae-9e652a3299f6,SALMOKJI WHISPERING WATER,cgv,,26019100,,,,2D,2026-05-26,b1c4e791-291c-44cf-8f60-de2be980d326,2026-05-26T16:29:05.677802
a9a9cc6e-bdbf-461b-bcae-9e652a3299f6,THE DEVIL WEARS PRADA 2,cgv,,26019800,,,,2D,2026-05-26,5401de02-31fb-42cb-bc7a-a4a9f834cac6,2026-05-26T16:29:05.677830
a9a9cc6e-bdbf-461b-bcae-9e652a3299f6,STAR WARS THE MANDALORIAN AND GROGU 3D,cgv,,26025200,,,,2D,2026-05-26,c0004477-c3cd-4547-b0be-3cb0d97bcd1b,2026-05-26T16:29:05.677878
a9a9cc6e-bdbf-461b-bcae-9e652a3299f6,MOBILE SUIT GUNDAM HATHAWAY,cgv,,26021100,,,,2D,2026-05-26,776dd907-1606-4b0b-9bea-8ef41127254f,2026-05-26T16:29:05.677970
a9a9cc6e-bdbf-461b-bcae-9e652a3299f6,METHOD ACTING,cgv,,26023400,,,,2D,2026-05-26,1b23a649-c072-44a3-979c-c89d0a3df5ba,2026-05-26T16:29:05.678016
a9a9cc6e-bdbf-461b-bcae-9e652a3299f6,CHAND MERA DIL,cgv,,26026000,,,,2D,2026-05-26,a1fe8b7b-01cb-4e01-bc00-6b1f03d8bf71,2026-05-26T16:29:05.678052
a9a9cc6e-bdbf-461b-bcae-9e652a3299f6,THAT TIME I GOT REINCARNATED AS A SLIME THE MOVIE TEARS OF THE AZURE SEA,cgv,,26017900,,,,2D,2026-05-26,2ed495e7-4bbd-4bf4-b03c-8ccf384af34a,2026-05-26T16:29:05.678085
a9a9cc6e-bdbf-461b-bcae-9e652a3299f6,THE KINGS WARDEN,cgv,,26015000,,,,2D,2026-05-26,103d6dea-5600-4878-b555-c3f44b2976fa,2026-05-26T16:29:05.678117
a9a9cc6e-bdbf-461b-bcae-9e652a3299f6,KAMU HARUS MATI,cgv,,26023800,,,,2D,2026-05-26,baa4ad2d-8f8e-4156-85c0-e6970ee8c7a8,2026-05-26T16:29:05.678148
a9a9cc6e-bdbf-461b-bcae-9e652a3299f6,SUNSHINE WOMENS CHOIR,cgv,,26024400,,,,2D,2026-05-26,e4ad959c-2589-4314-9787-ba934b27431b,2026-05-26T16:29:05.678179
a9a9cc6e-bdbf-461b-bcae-9e652a3299f6,NA WILLA,cgv,,26003200,,,,2D,2026-05-26,bec9032a-e08d-428e-8cbe-252d9d83f479,2026-05-26T16:29:05.678209
a9a9cc6e-bdbf-461b-bcae-9e652a3299f6,DILAN ITB 1997,cgv,,26016100,,,,2D,2026-05-26,4ea263dc-1652-43a0-80d9-f3919ff8a963,2026-05-26T16:29:05.678239
a9a9cc6e-bdbf-461b-bcae-9e652a3299f6,PEGASUS 3,cgv,,26025100,,,,2D,2026-05-26,3885f193-8b40-496a-a90b-e9d9812deb0b,2026-05-26T16:29:05.678268
bd160470-7ed1-4e57-94ca-a69c4b3b9aad,TUMBAL PROYEK,cgv,,26014300,,,,2D,2026-05-26,4e446495-d2e3-439a-b1ab-7c054b506090,2026-05-26T16:29:07.559564
bd160470-7ed1-4e57-94ca-a69c4b3b9aad,GUDANG MERICA,cgv,,26019400,,,,2D,2026-05-26,ed478488-4f20-4eeb-99af-d3de98251403,2026-05-26T16:29:07.559597
bd160470-7ed1-4e57-94ca-a69c4b3b9aad,STAR WARS THE MANDALORIAN AND GROGU,cgv,,26021200,,,,2D,2026-05-26,0c9f62e5-7b4c-4fe9-8e13-942ed6528b82,2026-05-26T16:29:07.559622
bd160470-7ed1-4e57-94ca-a69c4b3b9aad,SEMUA AKAN BAIK BAIK SAJA,cgv,,26018100,,,,2D,2026-05-26,85b2ee27-b24c-4d27-b029-b909cc159ba4,2026-05-26T16:29:07.559645
bd160470-7ed1-4e57-94ca-a69c4b3b9aad,GHOST IN THE CELL,cgv,,26011800,,,,2D,2026-05-26,e8eda922-0880-4b59-b719-39d0e97b9df0,2026-05-26T16:29:07.559667
bd160470-7ed1-4e57-94ca-a69c4b3b9aad,TEMAN TEGAR MAIRA,cgv,,26005400,,,,2D,2026-05-26,59568f94-62a4-4ea8-8fca-037983955b66,2026-05-26T16:29:07.559688
bd160470-7ed1-4e57-94ca-a69c4b3b9aad,TIBA TIBA SETAN,cgv,,26007500,,,,2D,2026-05-26,65cbec56-f569-470c-86f6-ec16458b5cb1,2026-05-26T16:29:07.559709
bd160470-7ed1-4e57-94ca-a69c4b3b9aad,HOKUM,cgv,,26024600,,,,2D,2026-05-26,c4153e10-b5d0-42d2-b3ba-8d6ba06085b3,2026-05-26T16:29:07.559730
bd160470-7ed1-4e57-94ca-a69c4b3b9aad,MORTAL KOMBAT II,cgv,,26018200,,,,2D,2026-05-26,dc17241e-79c7-43b6-8cd7-e4ff66eae4e0,2026-05-26T16:29:07.559751
bd160470-7ed1-4e57-94ca-a69c4b3b9aad,GOHAN,cgv,,26022500,,,,2D,2026-05-26,bd2219b8-0b03-4d68-88a3-37ffec9c89e2,2026-05-26T16:29:07.559771
bd160470-7ed1-4e57-94ca-a69c4b3b9aad,AYAH INI ARAHNYA KEMANA YA,cgv,,26011000,,,,2D,2026-05-26,b46961f9-d524-41c5-ac0e-a6e4d0e5df39,2026-05-26T16:29:07.559792
bd160470-7ed1-4e57-94ca-a69c4b3b9aad,YANG LAIN BOLEH HILANG ASAL KAU JANGAN,cgv,,26018300,,,,2D,2026-05-26,7bffbd14-98e5-4d14-9c12-533920fb8542,2026-05-26T16:29:07.559814
bd160470-7ed1-4e57-94ca-a69c4b3b9aad,KELUARGA SUAMI ADALAH HAMA,cgv,,26017700,,,,2D,2026-05-26,7d727e10-ea88-43d8-a578-01b449054845,2026-05-26T16:29:07.559835
bd160470-7ed1-4e57-94ca-a69c4b3b9aad,THE SHEEP DETECTIVES,cgv,,26019500,,,,2D,2026-05-26,4919f588-b3c3-4bf0-bdfe-185e4e0a8474,2026-05-26T16:29:07.559856
bd160470-7ed1-4e57-94ca-a69c4b3b9aad,SEKAWAN LIMO RE RELEASE,cgv,,26024900,,,,2D,2026-05-26,b3a6c7c3-3dd6-4d7f-846f-031a06158748,2026-05-26T16:29:07.559876
bd160470-7ed1-4e57-94ca-a69c4b3b9aad,MONSTER,cgv,,23042200,,,,2D,2026-05-26,906e3030-1a13-4bf1-bc03-f71ad3e8c89f,2026-05-26T16:29:07.559896
bd160470-7ed1-4e57-94ca-a69c4b3b9aad,SALMOKJI WHISPERING WATER,cgv,,26019100,,,,2D,2026-05-26,2b11baa2-c7ff-4581-9664-019984240e83,2026-05-26T16:29:07.559917
bd160470-7ed1-4e57-94ca-a69c4b3b9aad,THE DEVIL WEARS PRADA 2,cgv,,26019800,,,,2D,2026-05-26,904773fa-7f90-43b9-91f1-48a3a374ef84,2026-05-26T16:29:07.559937
bd160470-7ed1-4e57-94ca-a69c4b3b9aad,STAR WARS THE MANDALORIAN AND GROGU 3D,cgv,,26025200,,,,2D,2026-05-26,e7f885a0-73fc-471e-81ac-d7875255bc8e,2026-05-26T16:29:07.559959
bd160470-7ed1-4e57-94ca-a69c4b3b9aad,MOBILE SUIT GUNDAM HATHAWAY,cgv,,26021100,,,,2D,2026-05-26,2f85380e-3db3-449c-8193-686eb898de86,2026-05-26T16:29:07.559979
bd160470-7ed1-4e57-94ca-a69c4b3b9aad,METHOD ACTING,cgv,,26023400,,,,2D,2026-05-26,90498ba2-6c8a-40a6-b60a-c52cb554ad95,2026-05-26T16:29:07.559999
bd160470-7ed1-4e57-94ca-a69c4b3b9aad,CHAND MERA DIL,cgv,,26026000,,,,2D,2026-05-26,c03bfe25-b053-4ca9-aaf4-a619e6af7293,2026-05-26T16:29:07.560019
bd160470-7ed1-4e57-94ca-a69c4b3b9aad,THAT TIME I GOT REINCARNATED AS A SLIME THE MOVIE TEARS OF THE AZURE SEA,cgv,,26017900,,,,2D,2026-05-26,ea335c64-d385-454b-820d-bddb9a45926b,2026-05-26T16:29:07.560040
bd160470-7ed1-4e57-94ca-a69c4b3b9aad,THE KINGS WARDEN,cgv,,26015000,,,,2D,2026-05-26,db5e3520-fccf-48aa-98ab-5f823fef9ee0,2026-05-26T16:29:07.560060
bd160470-7ed1-4e57-94ca-a69c4b3b9aad,KAMU HARUS MATI,cgv,,26023800,,,,2D,2026-05-26,018f1cee-5af2-4c46-af46-b8da39128876,2026-05-26T16:29:07.560078
bd160470-7ed1-4e57-94ca-a69c4b3b9aad,SUNSHINE WOMENS CHOIR,cgv,,26024400,,,,2D,2026-05-26,1eb05a89-9712-4599-909b-79f700c52a20,2026-05-26T16:29:07.560096
bd160470-7ed1-4e57-94ca-a69c4b3b9aad,NA WILLA,cgv,,26003200,,,,2D,2026-05-26,f3f8f271-7206-458b-a88e-f00223125305,2026-05-26T16:29:07.560113
bd160470-7ed1-4e57-94ca-a69c4b3b9aad,DILAN ITB 1997,cgv,,26016100,,,,2D,2026-05-26,6e716e6e-6f7b-4e76-9117-75771b2d7db1,2026-05-26T16:29:07.560130
bd160470-7ed1-4e57-94ca-a69c4b3b9aad,PEGASUS 3,cgv,,26025100,,,,2D,2026-05-26,4b723c39-9c9e-428d-8e55-5231a650e660,2026-05-26T16:29:07.560147
cf3f442a-a6fa-4ab4-8f12-3befffa64997,TUMBAL PROYEK,cgv,,26014300,,,,2D,2026-05-26,e9a9b05c-ea6a-462f-bf00-1646ccc58538,2026-05-26T16:29:08.005212
cf3f442a-a6fa-4ab4-8f12-3befffa64997,GUDANG MERICA,cgv,,26019400,,,,2D,2026-05-26,2c1ae61b-a9a9-43d6-a78f-02cf839df4fc,2026-05-26T16:29:08.005259
cf3f442a-a6fa-4ab4-8f12-3befffa64997,STAR WARS THE MANDALORIAN AND GROGU,cgv,,26021200,,,,2D,2026-05-26,f126d246-d1b7-4a65-8f71-c544ed36fa73,2026-05-26T16:29:08.005296
cf3f442a-a6fa-4ab4-8f12-3befffa64997,SEMUA AKAN BAIK BAIK SAJA,cgv,,26018100,,,,2D,2026-05-26,c9693c65-deba-4046-8201-71bcb9dd4721,2026-05-26T16:29:08.005330
cf3f442a-a6fa-4ab4-8f12-3befffa64997,GHOST IN THE CELL,cgv,,26011800,,,,2D,2026-05-26,52840a83-5208-4584-9d9b-2442990aa797,2026-05-26T16:29:08.005361
cf3f442a-a6fa-4ab4-8f12-3befffa64997,TEMAN TEGAR MAIRA,cgv,,26005400,,,,2D,2026-05-26,14853466-954a-489d-81a7-b447bdb67994,2026-05-26T16:29:08.005393
cf3f442a-a6fa-4ab4-8f12-3befffa64997,TIBA TIBA SETAN,cgv,,26007500,,,,2D,2026-05-26,eabb66dd-ca83-4c4a-a915-3810f50f8ed5,2026-05-26T16:29:08.005423
cf3f442a-a6fa-4ab4-8f12-3befffa64997,HOKUM,cgv,,26024600,,,,2D,2026-05-26,145e67fa-bdf5-4ef6-9d51-a519968112aa,2026-05-26T16:29:08.005452
cf3f442a-a6fa-4ab4-8f12-3befffa64997,MORTAL KOMBAT II,cgv,,26018200,,,,2D,2026-05-26,363b18c0-c5eb-4a10-ba76-d57d04c0b9d9,2026-05-26T16:29:08.005481
cf3f442a-a6fa-4ab4-8f12-3befffa64997,GOHAN,cgv,,26022500,,,,2D,2026-05-26,53e03956-77bc-408e-bf1e-6ce01e307019,2026-05-26T16:29:08.005511
cf3f442a-a6fa-4ab4-8f12-3befffa64997,AYAH INI ARAHNYA KEMANA YA,cgv,,26011000,,,,2D,2026-05-26,3a07d02a-1e0e-4fe8-ad6c-025fe2b8c3e0,2026-05-26T16:29:08.005540
cf3f442a-a6fa-4ab4-8f12-3befffa64997,YANG LAIN BOLEH HILANG ASAL KAU JANGAN,cgv,,26018300,,,,2D,2026-05-26,df396e2d-7271-489b-843e-47da91b4adea,2026-05-26T16:29:08.005569
cf3f442a-a6fa-4ab4-8f12-3befffa64997,KELUARGA SUAMI ADALAH HAMA,cgv,,26017700,,,,2D,2026-05-26,4239e6a2-ab8f-453b-a55f-0e1e71a1aa47,2026-05-26T16:29:08.005598
cf3f442a-a6fa-4ab4-8f12-3befffa64997,THE SHEEP DETECTIVES,cgv,,26019500,,,,2D,2026-05-26,8ee6e738-97f6-4b41-be5a-b4c77f911fc7,2026-05-26T16:29:08.005627
cf3f442a-a6fa-4ab4-8f12-3befffa64997,SEKAWAN LIMO RE RELEASE,cgv,,26024900,,,,2D,2026-05-26,023520cc-97be-486e-ae32-9fe341d4f2a6,2026-05-26T16:29:08.005658
cf3f442a-a6fa-4ab4-8f12-3befffa64997,MONSTER,cgv,,23042200,,,,2D,2026-05-26,84d8255e-5c0d-43e5-aa6a-4b1389d1c646,2026-05-26T16:29:08.005686
cf3f442a-a6fa-4ab4-8f12-3befffa64997,SALMOKJI WHISPERING WATER,cgv,,26019100,,,,2D,2026-05-26,bf6a2573-b60b-4377-b427-1e86f3ea7f03,2026-05-26T16:29:08.005715
cf3f442a-a6fa-4ab4-8f12-3befffa64997,THE DEVIL WEARS PRADA 2,cgv,,26019800,,,,2D,2026-05-26,f70a5ea5-f9d1-4690-ba39-ddec4bc74508,2026-05-26T16:29:08.005743
cf3f442a-a6fa-4ab4-8f12-3befffa64997,STAR WARS THE MANDALORIAN AND GROGU 3D,cgv,,26025200,,,,2D,2026-05-26,b1770e66-274a-45b1-99cb-ec2e4cb168e3,2026-05-26T16:29:08.005773
cf3f442a-a6fa-4ab4-8f12-3befffa64997,MOBILE SUIT GUNDAM HATHAWAY,cgv,,26021100,,,,2D,2026-05-26,dd3c0c64-bc7f-4c68-a0e4-b1db862f487c,2026-05-26T16:29:08.005802
cf3f442a-a6fa-4ab4-8f12-3befffa64997,METHOD ACTING,cgv,,26023400,,,,2D,2026-05-26,4ced75c8-c65e-4947-953c-709cc369eed6,2026-05-26T16:29:08.005830
cf3f442a-a6fa-4ab4-8f12-3befffa64997,CHAND MERA DIL,cgv,,26026000,,,,2D,2026-05-26,2f6aa1d9-7330-4c20-abdc-fc0119e978e7,2026-05-26T16:29:08.005858
cf3f442a-a6fa-4ab4-8f12-3befffa64997,THAT TIME I GOT REINCARNATED AS A SLIME THE MOVIE TEARS OF THE AZURE SEA,cgv,,26017900,,,,2D,2026-05-26,f5e616f5-9013-453f-af98-1cfa5c63d0f5,2026-05-26T16:29:08.005889
cf3f442a-a6fa-4ab4-8f12-3befffa64997,THE KINGS WARDEN,cgv,,26015000,,,,2D,2026-05-26,a596e2b9-3dd4-4a36-9a0d-ccbde067f23b,2026-05-26T16:29:08.005917
cf3f442a-a6fa-4ab4-8f12-3befffa64997,KAMU HARUS MATI,cgv,,26023800,,,,2D,2026-05-26,e5c89b53-6baa-4ef0-b5c1-11525edb339d,2026-05-26T16:29:08.005945
cf3f442a-a6fa-4ab4-8f12-3befffa64997,SUNSHINE WOMENS CHOIR,cgv,,26024400,,,,2D,2026-05-26,d609bd20-b927-42ca-bb9e-08f9b7895ead,2026-05-26T16:29:08.005974
cf3f442a-a6fa-4ab4-8f12-3befffa64997,NA WILLA,cgv,,26003200,,,,2D,2026-05-26,a9732f2e-1de6-4a7c-9c80-d702faf02737,2026-05-26T16:29:08.006002
cf3f442a-a6fa-4ab4-8f12-3befffa64997,DILAN ITB 1997,cgv,,26016100,,,,2D,2026-05-26,fb3fb15c-a310-43fc-b575-e306e39a303f,2026-05-26T16:29:08.006029
cf3f442a-a6fa-4ab4-8f12-3befffa64997,PEGASUS 3,cgv,,26025100,,,,2D,2026-05-26,7b08ce98-112d-470c-a841-13a34648ad46,2026-05-26T16:29:08.006057
60707313-0b6a-4579-8aa1-d14b11736b30,TUMBAL PROYEK,cgv,,26014300,,,,2D,2026-05-26,1f29cd28-17e5-4e37-8894-9e473d04e476,2026-05-26T16:29:08.449128
60707313-0b6a-4579-8aa1-d14b11736b30,GUDANG MERICA,cgv,,26019400,,,,2D,2026-05-26,0843696e-ffae-430f-8931-47ab624f204d,2026-05-26T16:29:08.449160
60707313-0b6a-4579-8aa1-d14b11736b30,STAR WARS THE MANDALORIAN AND GROGU,cgv,,26021200,,,,2D,2026-05-26,d5e0a10c-fd46-443b-9a7d-c52281b1e810,2026-05-26T16:29:08.449185
60707313-0b6a-4579-8aa1-d14b11736b30,SEMUA AKAN BAIK BAIK SAJA,cgv,,26018100,,,,2D,2026-05-26,004a0a7b-156e-4ab4-bf75-9a572f7d088a,2026-05-26T16:29:08.449208
60707313-0b6a-4579-8aa1-d14b11736b30,GHOST IN THE CELL,cgv,,26011800,,,,2D,2026-05-26,3b482d22-b3d1-4ff1-bcd9-0f9de4edf9df,2026-05-26T16:29:08.449230
60707313-0b6a-4579-8aa1-d14b11736b30,TEMAN TEGAR MAIRA,cgv,,26005400,,,,2D,2026-05-26,5fdef70a-f04f-4cb5-b21e-ac82ab7eaa4f,2026-05-26T16:29:08.449251
60707313-0b6a-4579-8aa1-d14b11736b30,TIBA TIBA SETAN,cgv,,26007500,,,,2D,2026-05-26,d3a50bd7-4732-4816-af9d-64c107e51e3c,2026-05-26T16:29:08.449272
60707313-0b6a-4579-8aa1-d14b11736b30,HOKUM,cgv,,26024600,,,,2D,2026-05-26,ef03c595-719d-4a76-b204-bc542366251e,2026-05-26T16:29:08.449292
60707313-0b6a-4579-8aa1-d14b11736b30,MORTAL KOMBAT II,cgv,,26018200,,,,2D,2026-05-26,c9c5cafd-8e93-478c-a629-1e9747b3ab0b,2026-05-26T16:29:08.449313
60707313-0b6a-4579-8aa1-d14b11736b30,GOHAN,cgv,,26022500,,,,2D,2026-05-26,4211d231-9eb4-4b01-a4b8-aaea786756e8,2026-05-26T16:29:08.449333
60707313-0b6a-4579-8aa1-d14b11736b30,AYAH INI ARAHNYA KEMANA YA,cgv,,26011000,,,,2D,2026-05-26,8866cd14-b76a-40c1-8ea6-8f7798a5a252,2026-05-26T16:29:08.449354
60707313-0b6a-4579-8aa1-d14b11736b30,YANG LAIN BOLEH HILANG ASAL KAU JANGAN,cgv,,26018300,,,,2D,2026-05-26,86de7e11-3c76-4171-8ef8-a44b95893b6d,2026-05-26T16:29:08.449375
60707313-0b6a-4579-8aa1-d14b11736b30,KELUARGA SUAMI ADALAH HAMA,cgv,,26017700,,,,2D,2026-05-26,c967825e-6a69-4b42-bde4-074d070eeda5,2026-05-26T16:29:08.449395
60707313-0b6a-4579-8aa1-d14b11736b30,THE SHEEP DETECTIVES,cgv,,26019500,,,,2D,2026-05-26,e405e796-38c1-4337-86cc-97c14bded2e9,2026-05-26T16:29:08.449416
60707313-0b6a-4579-8aa1-d14b11736b30,SEKAWAN LIMO RE RELEASE,cgv,,26024900,,,,2D,2026-05-26,3465321f-7e56-485b-aca4-d8f01aafac3d,2026-05-26T16:29:08.449437
60707313-0b6a-4579-8aa1-d14b11736b30,MONSTER,cgv,,23042200,,,,2D,2026-05-26,80c76c8a-5676-42cf-9412-fb8962089183,2026-05-26T16:29:08.449457
60707313-0b6a-4579-8aa1-d14b11736b30,SALMOKJI WHISPERING WATER,cgv,,26019100,,,,2D,2026-05-26,0eb50b12-49bd-4010-8d24-4c45505ce8bc,2026-05-26T16:29:08.449478
60707313-0b6a-4579-8aa1-d14b11736b30,THE DEVIL WEARS PRADA 2,cgv,,26019800,,,,2D,2026-05-26,9cccd6ef-60dd-453c-8e29-993725876b5e,2026-05-26T16:29:08.449499
60707313-0b6a-4579-8aa1-d14b11736b30,STAR WARS THE MANDALORIAN AND GROGU 3D,cgv,,26025200,,,,2D,2026-05-26,742258dd-6575-45c3-8d92-69f76540dffd,2026-05-26T16:29:08.449521
60707313-0b6a-4579-8aa1-d14b11736b30,MOBILE SUIT GUNDAM HATHAWAY,cgv,,26021100,,,,2D,2026-05-26,6f564f2c-ec50-40cc-8676-21d2f34b86a2,2026-05-26T16:29:08.449541
60707313-0b6a-4579-8aa1-d14b11736b30,METHOD ACTING,cgv,,26023400,,,,2D,2026-05-26,35c6b32e-1027-4d66-afe4-20804cfbe1a8,2026-05-26T16:29:08.449561
60707313-0b6a-4579-8aa1-d14b11736b30,CHAND MERA DIL,cgv,,26026000,,,,2D,2026-05-26,83befa2d-ae0f-43e6-a9ef-bb954ce92db0,2026-05-26T16:29:08.449587
60707313-0b6a-4579-8aa1-d14b11736b30,THAT TIME I GOT REINCARNATED AS A SLIME THE MOVIE TEARS OF THE AZURE SEA,cgv,,26017900,,,,2D,2026-05-26,71a2c66b-e8f2-4585-8107-49b03c237850,2026-05-26T16:29:08.449615
60707313-0b6a-4579-8aa1-d14b11736b30,THE KINGS WARDEN,cgv,,26015000,,,,2D,2026-05-26,cdc0eaf4-6fba-4093-ac79-27fe752bd9a1,2026-05-26T16:29:08.449647
60707313-0b6a-4579-8aa1-d14b11736b30,KAMU HARUS MATI,cgv,,26023800,,,,2D,2026-05-26,5d87e92b-0f34-4744-89f5-60597bee63c2,2026-05-26T16:29:08.449667
60707313-0b6a-4579-8aa1-d14b11736b30,SUNSHINE WOMENS CHOIR,cgv,,26024400,,,,2D,2026-05-26,46d5cec1-414a-4167-bf4e-7e3fe711ecbe,2026-05-26T16:29:08.449687
60707313-0b6a-4579-8aa1-d14b11736b30,NA WILLA,cgv,,26003200,,,,2D,2026-05-26,fcb0191f-3722-417f-bf08-40c1359096a7,2026-05-26T16:29:08.449706
60707313-0b6a-4579-8aa1-d14b11736b30,DILAN ITB 1997,cgv,,26016100,,,,2D,2026-05-26,151691e9-07e7-40ad-9efe-98e41d8780d0,2026-05-26T16:29:08.449726
60707313-0b6a-4579-8aa1-d14b11736b30,PEGASUS 3,cgv,,26025100,,,,2D,2026-05-26,a55690ef-6fc3-44a7-8e9d-6fc56f1bf182,2026-05-26T16:29:08.449746
5e16265d-b7cf-429b-a513-3079f6bc909a,TUMBAL PROYEK,cgv,,26014300,,,,2D,2026-05-26,c37c51bd-dcfb-4fec-97b6-a3b6d5ae939e,2026-05-26T16:29:09.084902
5e16265d-b7cf-429b-a513-3079f6bc909a,GUDANG MERICA,cgv,,26019400,,,,2D,2026-05-26,b5838ccd-e171-4cf4-8ae4-16f217302840,2026-05-26T16:29:09.084938
5e16265d-b7cf-429b-a513-3079f6bc909a,STAR WARS THE MANDALORIAN AND GROGU,cgv,,26021200,,,,2D,2026-05-26,27dc6287-9eab-4b7b-8480-4542a9227bb2,2026-05-26T16:29:09.084965
5e16265d-b7cf-429b-a513-3079f6bc909a,SEMUA AKAN BAIK BAIK SAJA,cgv,,26018100,,,,2D,2026-05-26,f105a2b5-b404-4acf-a4ca-365a605eca4c,2026-05-26T16:29:09.084991
5e16265d-b7cf-429b-a513-3079f6bc909a,GHOST IN THE CELL,cgv,,26011800,,,,2D,2026-05-26,f07729bf-c85c-4919-bf73-7b17c1135bc8,2026-05-26T16:29:09.085017
5e16265d-b7cf-429b-a513-3079f6bc909a,TEMAN TEGAR MAIRA,cgv,,26005400,,,,2D,2026-05-26,deb406a0-12a2-451b-b72f-22be1d902868,2026-05-26T16:29:09.085041
5e16265d-b7cf-429b-a513-3079f6bc909a,TIBA TIBA SETAN,cgv,,26007500,,,,2D,2026-05-26,f98ad448-9f32-43c8-9015-774f28b6663b,2026-05-26T16:29:09.085070
5e16265d-b7cf-429b-a513-3079f6bc909a,HOKUM,cgv,,26024600,,,,2D,2026-05-26,b5bc716d-bbb8-408b-b51e-eeb2df457b7f,2026-05-26T16:29:09.085094
5e16265d-b7cf-429b-a513-3079f6bc909a,MORTAL KOMBAT II,cgv,,26018200,,,,2D,2026-05-26,ada231fe-c15b-443d-bc0c-4acc72fa993e,2026-05-26T16:29:09.085119
5e16265d-b7cf-429b-a513-3079f6bc909a,GOHAN,cgv,,26022500,,,,2D,2026-05-26,2c38f4db-94b3-44a9-a8d1-3b62b4e177fe,2026-05-26T16:29:09.085142
5e16265d-b7cf-429b-a513-3079f6bc909a,AYAH INI ARAHNYA KEMANA YA,cgv,,26011000,,,,2D,2026-05-26,65030ba3-17a2-4f16-a23d-9941eb052e23,2026-05-26T16:29:09.085166
5e16265d-b7cf-429b-a513-3079f6bc909a,YANG LAIN BOLEH HILANG ASAL KAU JANGAN,cgv,,26018300,,,,2D,2026-05-26,2827d1ab-b369-4268-95f1-b750caae1603,2026-05-26T16:29:09.085190
5e16265d-b7cf-429b-a513-3079f6bc909a,KELUARGA SUAMI ADALAH HAMA,cgv,,26017700,,,,2D,2026-05-26,f11cbd34-e6f6-4b9c-9162-9f8858a76b41,2026-05-26T16:29:09.085214
5e16265d-b7cf-429b-a513-3079f6bc909a,THE SHEEP DETECTIVES,cgv,,26019500,,,,2D,2026-05-26,f80cdff6-1b6a-4bdd-8019-f0eff234fdeb,2026-05-26T16:29:09.085237
5e16265d-b7cf-429b-a513-3079f6bc909a,SEKAWAN LIMO RE RELEASE,cgv,,26024900,,,,2D,2026-05-26,b1a71cef-d934-4862-bace-39ae5a1dc374,2026-05-26T16:29:09.085261
5e16265d-b7cf-429b-a513-3079f6bc909a,MONSTER,cgv,,23042200,,,,2D,2026-05-26,d92da941-5904-4183-bc70-3c76339bf1e6,2026-05-26T16:29:09.085284
5e16265d-b7cf-429b-a513-3079f6bc909a,SALMOKJI WHISPERING WATER,cgv,,26019100,,,,2D,2026-05-26,a2bca52b-1408-4ef1-bfa5-6bc4e7e09d7d,2026-05-26T16:29:09.085308
5e16265d-b7cf-429b-a513-3079f6bc909a,THE DEVIL WEARS PRADA 2,cgv,,26019800,,,,2D,2026-05-26,2c814ae9-79f4-4f52-a4db-746181d1eebf,2026-05-26T16:29:09.085331
5e16265d-b7cf-429b-a513-3079f6bc909a,STAR WARS THE MANDALORIAN AND GROGU 3D,cgv,,26025200,,,,2D,2026-05-26,6427112e-c390-4470-b21e-f1c48a220da3,2026-05-26T16:29:09.085356
5e16265d-b7cf-429b-a513-3079f6bc909a,MOBILE SUIT GUNDAM HATHAWAY,cgv,,26021100,,,,2D,2026-05-26,aa164ff3-c698-4ed8-aa32-ec7dd5d57fc3,2026-05-26T16:29:09.085380
5e16265d-b7cf-429b-a513-3079f6bc909a,METHOD ACTING,cgv,,26023400,,,,2D,2026-05-26,9e3dcb75-7d77-4e77-88ee-faf4c4275770,2026-05-26T16:29:09.085404
5e16265d-b7cf-429b-a513-3079f6bc909a,CHAND MERA DIL,cgv,,26026000,,,,2D,2026-05-26,db59158a-3f14-4aeb-8678-9921051b1fad,2026-05-26T16:29:09.085428
5e16265d-b7cf-429b-a513-3079f6bc909a,THAT TIME I GOT REINCARNATED AS A SLIME THE MOVIE TEARS OF THE AZURE SEA,cgv,,26017900,,,,2D,2026-05-26,4f36c580-acce-4067-a770-3c3a39ff6b4e,2026-05-26T16:29:09.085452
5e16265d-b7cf-429b-a513-3079f6bc909a,THE KINGS WARDEN,cgv,,26015000,,,,2D,2026-05-26,ce996bed-b727-4a69-90ec-69fcfa7510cb,2026-05-26T16:29:09.085475
5e16265d-b7cf-429b-a513-3079f6bc909a,KAMU HARUS MATI,cgv,,26023800,,,,2D,2026-05-26,9c49ab2b-606e-449b-96be-a542d11dc51b,2026-05-26T16:29:09.085499
5e16265d-b7cf-429b-a513-3079f6bc909a,SUNSHINE WOMENS CHOIR,cgv,,26024400,,,,2D,2026-05-26,a0b49432-a9ec-4434-9f9b-8e85958e094d,2026-05-26T16:29:09.085525
5e16265d-b7cf-429b-a513-3079f6bc909a,NA WILLA,cgv,,26003200,,,,2D,2026-05-26,0bcb84e8-a8f9-4d82-9ee0-96ef5925dbe2,2026-05-26T16:29:09.085549
5e16265d-b7cf-429b-a513-3079f6bc909a,DILAN ITB 1997,cgv,,26016100,,,,2D,2026-05-26,7cb6d538-6fe8-493c-983c-d9756be38264,2026-05-26T16:29:09.085573
5e16265d-b7cf-429b-a513-3079f6bc909a,PEGASUS 3,cgv,,26025100,,,,2D,2026-05-26,f31838c7-849e-4700-a26e-6caad4e51eb5,2026-05-26T16:29:09.085597
70578be5-e7ad-4f10-8355-5ff16db93ab5,TUMBAL PROYEK,cgv,,26014300,,,,2D,2026-05-26,705f6157-076b-42aa-9587-f3c6d1c42d1d,2026-05-26T16:29:09.069298
70578be5-e7ad-4f10-8355-5ff16db93ab5,GUDANG MERICA,cgv,,26019400,,,,2D,2026-05-26,3d567ee1-79cc-40a6-918c-1d1234007e75,2026-05-26T16:29:09.069384
70578be5-e7ad-4f10-8355-5ff16db93ab5,STAR WARS THE MANDALORIAN AND GROGU,cgv,,26021200,,,,2D,2026-05-26,1f4d48b1-1cf8-4e29-9a4c-6a75bf931f5d,2026-05-26T16:29:09.069488
70578be5-e7ad-4f10-8355-5ff16db93ab5,SEMUA AKAN BAIK BAIK SAJA,cgv,,26018100,,,,2D,2026-05-26,3b9ccea5-50e1-4cf3-a04f-a27de456555f,2026-05-26T16:29:09.069597
70578be5-e7ad-4f10-8355-5ff16db93ab5,GHOST IN THE CELL,cgv,,26011800,,,,2D,2026-05-26,ab4fb335-6b33-4223-9759-2f3a5053c2c1,2026-05-26T16:29:09.069635
70578be5-e7ad-4f10-8355-5ff16db93ab5,TEMAN TEGAR MAIRA,cgv,,26005400,,,,2D,2026-05-26,0fce918f-1123-4427-9a38-e966ab25de67,2026-05-26T16:29:09.069668
70578be5-e7ad-4f10-8355-5ff16db93ab5,TIBA TIBA SETAN,cgv,,26007500,,,,2D,2026-05-26,0d0d18a6-50e6-425a-bfd5-c905d33ada10,2026-05-26T16:29:09.069701
70578be5-e7ad-4f10-8355-5ff16db93ab5,HOKUM,cgv,,26024600,,,,2D,2026-05-26,ace4824c-90cb-4ce7-aec9-b23453c0cc83,2026-05-26T16:29:09.069731
70578be5-e7ad-4f10-8355-5ff16db93ab5,MORTAL KOMBAT II,cgv,,26018200,,,,2D,2026-05-26,10ad2079-4f9e-4f29-8c9a-d41ac0875b26,2026-05-26T16:29:09.069761
70578be5-e7ad-4f10-8355-5ff16db93ab5,GOHAN,cgv,,26022500,,,,2D,2026-05-26,13694f77-6178-4d63-b028-fe9828df3c3f,2026-05-26T16:29:09.069790
70578be5-e7ad-4f10-8355-5ff16db93ab5,AYAH INI ARAHNYA KEMANA YA,cgv,,26011000,,,,2D,2026-05-26,ef884a2b-c6a9-4d2f-8b26-865885654a36,2026-05-26T16:29:09.069820
70578be5-e7ad-4f10-8355-5ff16db93ab5,YANG LAIN BOLEH HILANG ASAL KAU JANGAN,cgv,,26018300,,,,2D,2026-05-26,6561b785-797a-470a-96a6-cab6f2bb272f,2026-05-26T16:29:09.069850
70578be5-e7ad-4f10-8355-5ff16db93ab5,KELUARGA SUAMI ADALAH HAMA,cgv,,26017700,,,,2D,2026-05-26,cfeff979-3ef9-431b-88a3-7cbea35e5e37,2026-05-26T16:29:09.069879
70578be5-e7ad-4f10-8355-5ff16db93ab5,THE SHEEP DETECTIVES,cgv,,26019500,,,,2D,2026-05-26,19263944-2136-4e2a-9e4a-5ee9a348a15d,2026-05-26T16:29:09.069908
70578be5-e7ad-4f10-8355-5ff16db93ab5,SEKAWAN LIMO RE RELEASE,cgv,,26024900,,,,2D,2026-05-26,b07f6580-a13f-4e26-ae90-a8f0aa4524d2,2026-05-26T16:29:09.069939
70578be5-e7ad-4f10-8355-5ff16db93ab5,MONSTER,cgv,,23042200,,,,2D,2026-05-26,1ec3c2e6-9260-4c54-aa65-33ea1c003d6e,2026-05-26T16:29:09.070258
70578be5-e7ad-4f10-8355-5ff16db93ab5,SALMOKJI WHISPERING WATER,cgv,,26019100,,,,2D,2026-05-26,bc2048c0-f56f-4fed-a01f-c67247b83759,2026-05-26T16:29:09.070294
70578be5-e7ad-4f10-8355-5ff16db93ab5,THE DEVIL WEARS PRADA 2,cgv,,26019800,,,,2D,2026-05-26,62165a42-85e6-4041-8413-fc49783eaaf2,2026-05-26T16:29:09.070325
70578be5-e7ad-4f10-8355-5ff16db93ab5,STAR WARS THE MANDALORIAN AND GROGU 3D,cgv,,26025200,,,,2D,2026-05-26,0e84dc8f-c7e5-4219-a479-0297c5c697a6,2026-05-26T16:29:09.070356
70578be5-e7ad-4f10-8355-5ff16db93ab5,MOBILE SUIT GUNDAM HATHAWAY,cgv,,26021100,,,,2D,2026-05-26,9f8f2467-70a0-4051-95c1-2acee86f86e0,2026-05-26T16:29:09.070386
70578be5-e7ad-4f10-8355-5ff16db93ab5,METHOD ACTING,cgv,,26023400,,,,2D,2026-05-26,9c0d7287-ab7b-49c1-9536-e9dcd8729ee8,2026-05-26T16:29:09.070416
70578be5-e7ad-4f10-8355-5ff16db93ab5,CHAND MERA DIL,cgv,,26026000,,,,2D,2026-05-26,974bf911-be4e-4642-8295-82a203e8b909,2026-05-26T16:29:09.070445
70578be5-e7ad-4f10-8355-5ff16db93ab5,THAT TIME I GOT REINCARNATED AS A SLIME THE MOVIE TEARS OF THE AZURE SEA,cgv,,26017900,,,,2D,2026-05-26,48dc52c5-3dd4-4251-8a04-a2490bab7f71,2026-05-26T16:29:09.070474
70578be5-e7ad-4f10-8355-5ff16db93ab5,THE KINGS WARDEN,cgv,,26015000,,,,2D,2026-05-26,9949e3b4-3fc8-47d7-be20-9b600f844868,2026-05-26T16:29:09.070502
70578be5-e7ad-4f10-8355-5ff16db93ab5,KAMU HARUS MATI,cgv,,26023800,,,,2D,2026-05-26,d798e58d-1bf2-4495-ac08-8b944802e8a6,2026-05-26T16:29:09.070531
70578be5-e7ad-4f10-8355-5ff16db93ab5,SUNSHINE WOMENS CHOIR,cgv,,26024400,,,,2D,2026-05-26,79565683-13e2-41e6-a8ca-ff8d1dd11682,2026-05-26T16:29:09.070560
70578be5-e7ad-4f10-8355-5ff16db93ab5,NA WILLA,cgv,,26003200,,,,2D,2026-05-26,21003773-64b1-4d79-a2a1-accd1f668525,2026-05-26T16:29:09.070589
70578be5-e7ad-4f10-8355-5ff16db93ab5,DILAN ITB 1997,cgv,,26016100,,,,2D,2026-05-26,2c3dc5a6-bc5f-405a-8b97-8dddf494e342,2026-05-26T16:29:09.070617
70578be5-e7ad-4f10-8355-5ff16db93ab5,PEGASUS 3,cgv,,26025100,,,,2D,2026-05-26,9ad0d0c1-32cb-41e0-a89f-963a0dcdd669,2026-05-26T16:29:09.070650
93acc568-2090-45e7-afd8-3c26d5ab0478,TUMBAL PROYEK,cgv,,26014300,,,,2D,2026-05-26,ae0246c4-fce9-4904-aeec-db87642613cd,2026-05-26T16:29:10.977620
93acc568-2090-45e7-afd8-3c26d5ab0478,GUDANG MERICA,cgv,,26019400,,,,2D,2026-05-26,f3240d91-02c2-4c62-a972-4742b7e3f426,2026-05-26T16:29:10.977648
93acc568-2090-45e7-afd8-3c26d5ab0478,STAR WARS THE MANDALORIAN AND GROGU,cgv,,26021200,,,,2D,2026-05-26,9829f934-ef4f-40e2-838e-d42a0164c592,2026-05-26T16:29:10.977669
93acc568-2090-45e7-afd8-3c26d5ab0478,SEMUA AKAN BAIK BAIK SAJA,cgv,,26018100,,,,2D,2026-05-26,76828faa-d840-4161-b54d-e8f5dfa4de41,2026-05-26T16:29:10.977689
93acc568-2090-45e7-afd8-3c26d5ab0478,GHOST IN THE CELL,cgv,,26011800,,,,2D,2026-05-26,dbd1dfc3-78ff-4302-ad72-f4c5b94be0bc,2026-05-26T16:29:10.977709
93acc568-2090-45e7-afd8-3c26d5ab0478,TEMAN TEGAR MAIRA,cgv,,26005400,,,,2D,2026-05-26,e825a435-cd95-4431-8402-54ab0b83a2df,2026-05-26T16:29:10.977728
93acc568-2090-45e7-afd8-3c26d5ab0478,TIBA TIBA SETAN,cgv,,26007500,,,,2D,2026-05-26,d7fc7dc4-b16c-4be9-8609-34ca857c0922,2026-05-26T16:29:10.977746
93acc568-2090-45e7-afd8-3c26d5ab0478,HOKUM,cgv,,26024600,,,,2D,2026-05-26,154cb2a7-1ef0-4d45-abe5-52c2ce3ce4db,2026-05-26T16:29:10.977764
93acc568-2090-45e7-afd8-3c26d5ab0478,MORTAL KOMBAT II,cgv,,26018200,,,,2D,2026-05-26,499403ff-78cf-4a6e-bbd9-17c94a5e247f,2026-05-26T16:29:10.977782
93acc568-2090-45e7-afd8-3c26d5ab0478,GOHAN,cgv,,26022500,,,,2D,2026-05-26,f403b18a-c783-4f42-9180-677e9cd1a6f2,2026-05-26T16:29:10.977800
93acc568-2090-45e7-afd8-3c26d5ab0478,AYAH INI ARAHNYA KEMANA YA,cgv,,26011000,,,,2D,2026-05-26,7e19a0d1-ad0d-42a6-b4c2-477fa827977d,2026-05-26T16:29:10.977818
93acc568-2090-45e7-afd8-3c26d5ab0478,YANG LAIN BOLEH HILANG ASAL KAU JANGAN,cgv,,26018300,,,,2D,2026-05-26,39c06fca-2a21-4cc3-93f1-28b89b0fbc19,2026-05-26T16:29:10.977841
93acc568-2090-45e7-afd8-3c26d5ab0478,KELUARGA SUAMI ADALAH HAMA,cgv,,26017700,,,,2D,2026-05-26,f2237f05-cba9-4d71-857f-7f9d312515b1,2026-05-26T16:29:10.977883
93acc568-2090-45e7-afd8-3c26d5ab0478,THE SHEEP DETECTIVES,cgv,,26019500,,,,2D,2026-05-26,7a5cb857-17e9-4d3b-946f-040643d554ff,2026-05-26T16:29:10.977930
93acc568-2090-45e7-afd8-3c26d5ab0478,SEKAWAN LIMO RE RELEASE,cgv,,26024900,,,,2D,2026-05-26,582396fa-6c17-43e0-8178-96531dad2bc2,2026-05-26T16:29:10.977954
93acc568-2090-45e7-afd8-3c26d5ab0478,MONSTER,cgv,,23042200,,,,2D,2026-05-26,1e1e0e1f-c54e-4088-a580-137eba40b222,2026-05-26T16:29:10.977974
93acc568-2090-45e7-afd8-3c26d5ab0478,SALMOKJI WHISPERING WATER,cgv,,26019100,,,,2D,2026-05-26,73ce845f-9e1b-4e8f-8cc6-261327d38a9f,2026-05-26T16:29:10.977993
93acc568-2090-45e7-afd8-3c26d5ab0478,THE DEVIL WEARS PRADA 2,cgv,,26019800,,,,2D,2026-05-26,81f8c8b1-0ff0-4b44-b107-99daa2b7e22c,2026-05-26T16:29:10.978012
93acc568-2090-45e7-afd8-3c26d5ab0478,STAR WARS THE MANDALORIAN AND GROGU 3D,cgv,,26025200,,,,2D,2026-05-26,1e95765b-efda-4da5-a232-54a131a6afe0,2026-05-26T16:29:10.978032
93acc568-2090-45e7-afd8-3c26d5ab0478,MOBILE SUIT GUNDAM HATHAWAY,cgv,,26021100,,,,2D,2026-05-26,65a96724-3444-4795-bd40-2e7d7d0041d3,2026-05-26T16:29:10.978050
93acc568-2090-45e7-afd8-3c26d5ab0478,METHOD ACTING,cgv,,26023400,,,,2D,2026-05-26,747f0dc2-0813-4cd0-a2b4-79e23ef88042,2026-05-26T16:29:10.978067
93acc568-2090-45e7-afd8-3c26d5ab0478,CHAND MERA DIL,cgv,,26026000,,,,2D,2026-05-26,ac86e2c6-c9a9-4a5d-8b88-dd1a4412e870,2026-05-26T16:29:10.978085
93acc568-2090-45e7-afd8-3c26d5ab0478,THAT TIME I GOT REINCARNATED AS A SLIME THE MOVIE TEARS OF THE AZURE SEA,cgv,,26017900,,,,2D,2026-05-26,994ab76d-4d71-48dd-bb3a-f98862593c8d,2026-05-26T16:29:10.978103
93acc568-2090-45e7-afd8-3c26d5ab0478,THE KINGS WARDEN,cgv,,26015000,,,,2D,2026-05-26,052e8969-aed5-46eb-a1e5-7b715fe2a98f,2026-05-26T16:29:10.978128
93acc568-2090-45e7-afd8-3c26d5ab0478,KAMU HARUS MATI,cgv,,26023800,,,,2D,2026-05-26,ee2359ce-6c32-44a6-ba88-9f892ffdfd6d,2026-05-26T16:29:10.978146
93acc568-2090-45e7-afd8-3c26d5ab0478,SUNSHINE WOMENS CHOIR,cgv,,26024400,,,,2D,2026-05-26,7fe24253-c978-4d5b-8362-39fbdbd000bb,2026-05-26T16:29:10.978164
93acc568-2090-45e7-afd8-3c26d5ab0478,NA WILLA,cgv,,26003200,,,,2D,2026-05-26,f7bf3772-e3f3-4e04-aa49-777aa44e146d,2026-05-26T16:29:10.978181
93acc568-2090-45e7-afd8-3c26d5ab0478,DILAN ITB 1997,cgv,,26016100,,,,2D,2026-05-26,693fcc62-b896-4cdc-b3f4-860eb70f31bc,2026-05-26T16:29:10.978198
93acc568-2090-45e7-afd8-3c26d5ab0478,PEGASUS 3,cgv,,26025100,,,,2D,2026-05-26,7bfb1af9-10e5-4482-afdd-68e272bb795a,2026-05-26T16:29:10.978215
dc92315e-a275-471e-9c94-6899a070c49d,TUMBAL PROYEK,cgv,,26014300,,,,2D,2026-05-26,9916d2ca-48db-4953-8a66-9310f38f25c5,2026-05-26T16:29:11.502782
dc92315e-a275-471e-9c94-6899a070c49d,GUDANG MERICA,cgv,,26019400,,,,2D,2026-05-26,7d5ba90f-9022-4709-b4b6-47dc97a6eec2,2026-05-26T16:29:11.502830
dc92315e-a275-471e-9c94-6899a070c49d,STAR WARS THE MANDALORIAN AND GROGU,cgv,,26021200,,,,2D,2026-05-26,2683c0ee-152c-4207-a526-f83b78ccf3e1,2026-05-26T16:29:11.502865
dc92315e-a275-471e-9c94-6899a070c49d,SEMUA AKAN BAIK BAIK SAJA,cgv,,26018100,,,,2D,2026-05-26,de1297e4-308d-40f7-904c-e88973484307,2026-05-26T16:29:11.502896
dc92315e-a275-471e-9c94-6899a070c49d,GHOST IN THE CELL,cgv,,26011800,,,,2D,2026-05-26,ce38202b-e08f-4ef9-b102-8998a5c2c900,2026-05-26T16:29:11.502927
dc92315e-a275-471e-9c94-6899a070c49d,TEMAN TEGAR MAIRA,cgv,,26005400,,,,2D,2026-05-26,54a695e4-08e7-486f-8f3f-d319a2d186e9,2026-05-26T16:29:11.502957
dc92315e-a275-471e-9c94-6899a070c49d,TIBA TIBA SETAN,cgv,,26007500,,,,2D,2026-05-26,a136b101-e553-4f0f-a9b2-d6cb834c11eb,2026-05-26T16:29:11.502986
dc92315e-a275-471e-9c94-6899a070c49d,HOKUM,cgv,,26024600,,,,2D,2026-05-26,8af6dcbe-228c-4ed4-928a-ddc3daf481a1,2026-05-26T16:29:11.503015
dc92315e-a275-471e-9c94-6899a070c49d,MORTAL KOMBAT II,cgv,,26018200,,,,2D,2026-05-26,80483c14-fe5b-424f-949b-af2ad958d40d,2026-05-26T16:29:11.503043
dc92315e-a275-471e-9c94-6899a070c49d,GOHAN,cgv,,26022500,,,,2D,2026-05-26,26e2d58b-ffa7-4bf4-b733-2dc7b204e137,2026-05-26T16:29:11.503072
dc92315e-a275-471e-9c94-6899a070c49d,AYAH INI ARAHNYA KEMANA YA,cgv,,26011000,,,,2D,2026-05-26,0ed7b59f-086c-4ed8-b54d-44533602b0c5,2026-05-26T16:29:11.503104
dc92315e-a275-471e-9c94-6899a070c49d,YANG LAIN BOLEH HILANG ASAL KAU JANGAN,cgv,,26018300,,,,2D,2026-05-26,32f35be7-7096-41ac-8cf2-8aa18742d913,2026-05-26T16:29:11.503137
dc92315e-a275-471e-9c94-6899a070c49d,KELUARGA SUAMI ADALAH HAMA,cgv,,26017700,,,,2D,2026-05-26,6e263430-b585-42c8-bf96-f71c635ea514,2026-05-26T16:29:11.503178
dc92315e-a275-471e-9c94-6899a070c49d,THE SHEEP DETECTIVES,cgv,,26019500,,,,2D,2026-05-26,de49048c-479a-449b-a0a5-ce5f62a3c894,2026-05-26T16:29:11.503207
dc92315e-a275-471e-9c94-6899a070c49d,SEKAWAN LIMO RE RELEASE,cgv,,26024900,,,,2D,2026-05-26,716928c4-11c6-4ed4-8e72-e154d8666e73,2026-05-26T16:29:11.503237
dc92315e-a275-471e-9c94-6899a070c49d,MONSTER,cgv,,23042200,,,,2D,2026-05-26,23f7d24f-9b6a-4b7d-b43e-44cb7b7e7284,2026-05-26T16:29:11.503267
dc92315e-a275-471e-9c94-6899a070c49d,SALMOKJI WHISPERING WATER,cgv,,26019100,,,,2D,2026-05-26,28020222-9c58-46f8-8a7a-083e551718db,2026-05-26T16:29:11.503296
dc92315e-a275-471e-9c94-6899a070c49d,THE DEVIL WEARS PRADA 2,cgv,,26019800,,,,2D,2026-05-26,10d42f64-f196-45e2-b7df-2324dae40d16,2026-05-26T16:29:11.503325
dc92315e-a275-471e-9c94-6899a070c49d,STAR WARS THE MANDALORIAN AND GROGU 3D,cgv,,26025200,,,,2D,2026-05-26,602fec7d-9a3d-465c-9c0c-a251e5a5afb3,2026-05-26T16:29:11.503369
dc92315e-a275-471e-9c94-6899a070c49d,MOBILE SUIT GUNDAM HATHAWAY,cgv,,26021100,,,,2D,2026-05-26,cf45ff2d-b7cb-4d4a-81e7-9042b453839e,2026-05-26T16:29:11.503400
dc92315e-a275-471e-9c94-6899a070c49d,METHOD ACTING,cgv,,26023400,,,,2D,2026-05-26,29559d2e-8f56-43e4-a84e-90a3a6860056,2026-05-26T16:29:11.503432
dc92315e-a275-471e-9c94-6899a070c49d,CHAND MERA DIL,cgv,,26026000,,,,2D,2026-05-26,ee82399a-8ca2-41ca-b3ad-ecbf6af431d3,2026-05-26T16:29:11.503460
dc92315e-a275-471e-9c94-6899a070c49d,THAT TIME I GOT REINCARNATED AS A SLIME THE MOVIE TEARS OF THE AZURE SEA,cgv,,26017900,,,,2D,2026-05-26,8e9b81b7-efa7-41f2-8a43-4cc6c52e8a45,2026-05-26T16:29:11.503498
dc92315e-a275-471e-9c94-6899a070c49d,THE KINGS WARDEN,cgv,,26015000,,,,2D,2026-05-26,14ed2631-f666-4d40-9a4e-1fc1d4fb369d,2026-05-26T16:29:11.503527
dc92315e-a275-471e-9c94-6899a070c49d,KAMU HARUS MATI,cgv,,26023800,,,,2D,2026-05-26,4e6aa7f6-0698-4928-91b8-6ca2123df6f3,2026-05-26T16:29:11.503555
dc92315e-a275-471e-9c94-6899a070c49d,SUNSHINE WOMENS CHOIR,cgv,,26024400,,,,2D,2026-05-26,a96a8aae-da4a-44fe-8dda-d1b50360b939,2026-05-26T16:29:11.503593
dc92315e-a275-471e-9c94-6899a070c49d,NA WILLA,cgv,,26003200,,,,2D,2026-05-26,3926c4ef-3408-4b3a-a6f5-ea1122281a0f,2026-05-26T16:29:11.503621
dc92315e-a275-471e-9c94-6899a070c49d,DILAN ITB 1997,cgv,,26016100,,,,2D,2026-05-26,ec22d4d0-adfa-4309-9982-7adc408533b4,2026-05-26T16:29:11.503653
dc92315e-a275-471e-9c94-6899a070c49d,PEGASUS 3,cgv,,26025100,,,,2D,2026-05-26,1f742fbe-63cd-455e-85e5-9f532b668219,2026-05-26T16:29:11.503682
a2184011-7d6e-4c59-8055-35016f2c6299,TUMBAL PROYEK,cgv,,26014300,,,,2D,2026-05-26,f34d7815-af9e-436d-b56c-f0aad0a42fb0,2026-05-26T16:29:11.769679
a2184011-7d6e-4c59-8055-35016f2c6299,GUDANG MERICA,cgv,,26019400,,,,2D,2026-05-26,da4967d1-8e56-4048-9c7d-ff60ee314964,2026-05-26T16:29:11.769725
a2184011-7d6e-4c59-8055-35016f2c6299,STAR WARS THE MANDALORIAN AND GROGU,cgv,,26021200,,,,2D,2026-05-26,b7ea8466-3f73-4c13-84fb-bbb76b0b30bc,2026-05-26T16:29:11.769760
a2184011-7d6e-4c59-8055-35016f2c6299,SEMUA AKAN BAIK BAIK SAJA,cgv,,26018100,,,,2D,2026-05-26,b1a85e7a-f1c5-4fdc-ba84-69005e90653f,2026-05-26T16:29:11.769791
a2184011-7d6e-4c59-8055-35016f2c6299,GHOST IN THE CELL,cgv,,26011800,,,,2D,2026-05-26,11309950-5354-47cd-825d-ab0958af564e,2026-05-26T16:29:11.769823
a2184011-7d6e-4c59-8055-35016f2c6299,TEMAN TEGAR MAIRA,cgv,,26005400,,,,2D,2026-05-26,0e86402e-4811-40ad-8cb9-457df3f274cb,2026-05-26T16:29:11.769854
a2184011-7d6e-4c59-8055-35016f2c6299,TIBA TIBA SETAN,cgv,,26007500,,,,2D,2026-05-26,35a4e2f1-0a2e-456a-be51-1d1417b5f72e,2026-05-26T16:29:11.769884
a2184011-7d6e-4c59-8055-35016f2c6299,HOKUM,cgv,,26024600,,,,2D,2026-05-26,099e7e8e-041d-45a0-9cac-4d6c70392cfb,2026-05-26T16:29:11.769915
a2184011-7d6e-4c59-8055-35016f2c6299,MORTAL KOMBAT II,cgv,,26018200,,,,2D,2026-05-26,dd7e960b-5948-47f1-9ed8-3229ba5b77fc,2026-05-26T16:29:11.769944
a2184011-7d6e-4c59-8055-35016f2c6299,GOHAN,cgv,,26022500,,,,2D,2026-05-26,548eecbc-8c18-42b7-9921-24e7072d7ded,2026-05-26T16:29:11.769972
a2184011-7d6e-4c59-8055-35016f2c6299,AYAH INI ARAHNYA KEMANA YA,cgv,,26011000,,,,2D,2026-05-26,19a5113d-963b-4946-b501-2d9f9a8e07e6,2026-05-26T16:29:11.770002
a2184011-7d6e-4c59-8055-35016f2c6299,YANG LAIN BOLEH HILANG ASAL KAU JANGAN,cgv,,26018300,,,,2D,2026-05-26,0178a5d9-b50c-437e-8326-f62221bde59a,2026-05-26T16:29:11.770031
a2184011-7d6e-4c59-8055-35016f2c6299,KELUARGA SUAMI ADALAH HAMA,cgv,,26017700,,,,2D,2026-05-26,e56db930-cdac-47e9-b8f1-f1930ca5b615,2026-05-26T16:29:11.770061
a2184011-7d6e-4c59-8055-35016f2c6299,THE SHEEP DETECTIVES,cgv,,26019500,,,,2D,2026-05-26,fbca005e-de92-4e31-a710-b3cb1f36320e,2026-05-26T16:29:11.770090
a2184011-7d6e-4c59-8055-35016f2c6299,SEKAWAN LIMO RE RELEASE,cgv,,26024900,,,,2D,2026-05-26,6dc039ad-4fdd-4718-8702-7e543e382ba9,2026-05-26T16:29:11.770119
a2184011-7d6e-4c59-8055-35016f2c6299,MONSTER,cgv,,23042200,,,,2D,2026-05-26,44bd93fe-0f08-4322-a218-86fc907f81ae,2026-05-26T16:29:11.770148
a2184011-7d6e-4c59-8055-35016f2c6299,SALMOKJI WHISPERING WATER,cgv,,26019100,,,,2D,2026-05-26,480bc8e6-022a-43cc-bb4a-d2905eb77c7b,2026-05-26T16:29:11.770176
a2184011-7d6e-4c59-8055-35016f2c6299,THE DEVIL WEARS PRADA 2,cgv,,26019800,,,,2D,2026-05-26,fd90a83f-d35e-432c-bfaf-994a7d59b84c,2026-05-26T16:29:11.770205
a2184011-7d6e-4c59-8055-35016f2c6299,STAR WARS THE MANDALORIAN AND GROGU 3D,cgv,,26025200,,,,2D,2026-05-26,5f2be7dc-116f-45b9-9c11-26b7f6a59152,2026-05-26T16:29:11.770235
a2184011-7d6e-4c59-8055-35016f2c6299,MOBILE SUIT GUNDAM HATHAWAY,cgv,,26021100,,,,2D,2026-05-26,f8b6e186-220c-4c5c-9196-dafdb98a287b,2026-05-26T16:29:11.770263
a2184011-7d6e-4c59-8055-35016f2c6299,METHOD ACTING,cgv,,26023400,,,,2D,2026-05-26,cbe34334-3166-45dd-836b-e618b6b1ec3e,2026-05-26T16:29:11.770291
a2184011-7d6e-4c59-8055-35016f2c6299,CHAND MERA DIL,cgv,,26026000,,,,2D,2026-05-26,3d34e443-a7b2-4444-9560-0d9ed33562cd,2026-05-26T16:29:11.770320
a2184011-7d6e-4c59-8055-35016f2c6299,THAT TIME I GOT REINCARNATED AS A SLIME THE MOVIE TEARS OF THE AZURE SEA,cgv,,26017900,,,,2D,2026-05-26,70946b7b-52ba-4af4-87aa-4050c4549c22,2026-05-26T16:29:11.770348
a2184011-7d6e-4c59-8055-35016f2c6299,THE KINGS WARDEN,cgv,,26015000,,,,2D,2026-05-26,9e562f8d-1973-491e-848a-99d3c0a33d2f,2026-05-26T16:29:11.770377
a2184011-7d6e-4c59-8055-35016f2c6299,KAMU HARUS MATI,cgv,,26023800,,,,2D,2026-05-26,2e4f4f60-30ba-4484-8533-a081f9fb91b8,2026-05-26T16:29:11.770405
a2184011-7d6e-4c59-8055-35016f2c6299,SUNSHINE WOMENS CHOIR,cgv,,26024400,,,,2D,2026-05-26,4a58fc28-f39c-411e-9a14-05989b51e4a2,2026-05-26T16:29:11.770434
a2184011-7d6e-4c59-8055-35016f2c6299,NA WILLA,cgv,,26003200,,,,2D,2026-05-26,9d466bcd-f400-4767-8349-3f7c30787a73,2026-05-26T16:29:11.770463
a2184011-7d6e-4c59-8055-35016f2c6299,DILAN ITB 1997,cgv,,26016100,,,,2D,2026-05-26,c543e0ae-3bbc-4e4c-8541-fc1e5b038198,2026-05-26T16:29:11.770493
a2184011-7d6e-4c59-8055-35016f2c6299,PEGASUS 3,cgv,,26025100,,,,2D,2026-05-26,4d02862e-bc7b-4d2a-8204-b530714cb10c,2026-05-26T16:29:11.770522
0b430345-b97d-4a90-a0fb-0c7d9711bbed,TUMBAL PROYEK,cgv,,26014300,,,,2D,2026-05-26,201e926f-b94f-467a-94e1-efff0f4698aa,2026-05-26T16:29:12.498937
0b430345-b97d-4a90-a0fb-0c7d9711bbed,GUDANG MERICA,cgv,,26019400,,,,2D,2026-05-26,e89a50fe-9f05-4b1e-96c3-76af10158e3b,2026-05-26T16:29:12.498982
0b430345-b97d-4a90-a0fb-0c7d9711bbed,STAR WARS THE MANDALORIAN AND GROGU,cgv,,26021200,,,,2D,2026-05-26,e0ea552f-b855-404a-9410-c3bcec65828d,2026-05-26T16:29:12.499017
0b430345-b97d-4a90-a0fb-0c7d9711bbed,SEMUA AKAN BAIK BAIK SAJA,cgv,,26018100,,,,2D,2026-05-26,750d94ce-a066-4169-a6cc-91b384526acc,2026-05-26T16:29:12.499050
0b430345-b97d-4a90-a0fb-0c7d9711bbed,GHOST IN THE CELL,cgv,,26011800,,,,2D,2026-05-26,356d4e52-b8c9-4883-918a-cb3e8c3a7821,2026-05-26T16:29:12.499081
0b430345-b97d-4a90-a0fb-0c7d9711bbed,TEMAN TEGAR MAIRA,cgv,,26005400,,,,2D,2026-05-26,4e373055-94ac-4ac1-be27-2253ddbb8589,2026-05-26T16:29:12.499155
0b430345-b97d-4a90-a0fb-0c7d9711bbed,TIBA TIBA SETAN,cgv,,26007500,,,,2D,2026-05-26,4a097dbc-22fd-46ac-8df3-a0b5f099c611,2026-05-26T16:29:12.499264
0b430345-b97d-4a90-a0fb-0c7d9711bbed,HOKUM,cgv,,26024600,,,,2D,2026-05-26,2f45c6a5-14f8-40f6-ac00-4046f65d172f,2026-05-26T16:29:12.499323
0b430345-b97d-4a90-a0fb-0c7d9711bbed,MORTAL KOMBAT II,cgv,,26018200,,,,2D,2026-05-26,0d3e631a-50b4-44a1-999e-fa4590854526,2026-05-26T16:29:12.499361
0b430345-b97d-4a90-a0fb-0c7d9711bbed,GOHAN,cgv,,26022500,,,,2D,2026-05-26,27d11a2f-a978-405e-8b8c-1a584f860efb,2026-05-26T16:29:12.499394
0b430345-b97d-4a90-a0fb-0c7d9711bbed,AYAH INI ARAHNYA KEMANA YA,cgv,,26011000,,,,2D,2026-05-26,41085de5-2a70-4858-8d63-f3ff77677b4f,2026-05-26T16:29:12.499426
0b430345-b97d-4a90-a0fb-0c7d9711bbed,YANG LAIN BOLEH HILANG ASAL KAU JANGAN,cgv,,26018300,,,,2D,2026-05-26,421e55ff-b983-498e-99fb-3382c7c6db41,2026-05-26T16:29:12.499457
0b430345-b97d-4a90-a0fb-0c7d9711bbed,KELUARGA SUAMI ADALAH HAMA,cgv,,26017700,,,,2D,2026-05-26,4a991753-4a6a-41c2-85a1-d3a94612cd5b,2026-05-26T16:29:12.499487
0b430345-b97d-4a90-a0fb-0c7d9711bbed,THE SHEEP DETECTIVES,cgv,,26019500,,,,2D,2026-05-26,5fe5336c-0ebe-4200-ad3b-4504ed575d28,2026-05-26T16:29:12.499516
0b430345-b97d-4a90-a0fb-0c7d9711bbed,SEKAWAN LIMO RE RELEASE,cgv,,26024900,,,,2D,2026-05-26,f8a3135c-9e7c-414a-b33d-49ec10a140e5,2026-05-26T16:29:12.499545
0b430345-b97d-4a90-a0fb-0c7d9711bbed,MONSTER,cgv,,23042200,,,,2D,2026-05-26,591b3668-72df-40ee-a921-fdfd4bc55a11,2026-05-26T16:29:12.499573
0b430345-b97d-4a90-a0fb-0c7d9711bbed,SALMOKJI WHISPERING WATER,cgv,,26019100,,,,2D,2026-05-26,fc0789c9-09b1-4d49-a9e5-b343c4acd517,2026-05-26T16:29:12.499601
0b430345-b97d-4a90-a0fb-0c7d9711bbed,THE DEVIL WEARS PRADA 2,cgv,,26019800,,,,2D,2026-05-26,9e03387e-afb2-4ab6-8527-e452cfa0efe3,2026-05-26T16:29:12.499630
0b430345-b97d-4a90-a0fb-0c7d9711bbed,STAR WARS THE MANDALORIAN AND GROGU 3D,cgv,,26025200,,,,2D,2026-05-26,b15f6ef2-ded2-4523-8c60-479634d3ba04,2026-05-26T16:29:12.499660
0b430345-b97d-4a90-a0fb-0c7d9711bbed,MOBILE SUIT GUNDAM HATHAWAY,cgv,,26021100,,,,2D,2026-05-26,8f6ca156-4e4a-4de7-9ac9-23317942afdf,2026-05-26T16:29:12.499688
0b430345-b97d-4a90-a0fb-0c7d9711bbed,METHOD ACTING,cgv,,26023400,,,,2D,2026-05-26,0aa1b539-ea75-48a2-a535-40278153dd93,2026-05-26T16:29:12.499717
0b430345-b97d-4a90-a0fb-0c7d9711bbed,CHAND MERA DIL,cgv,,26026000,,,,2D,2026-05-26,f7adb54c-2f9f-4064-96db-e9af19940539,2026-05-26T16:29:12.499745
0b430345-b97d-4a90-a0fb-0c7d9711bbed,THAT TIME I GOT REINCARNATED AS A SLIME THE MOVIE TEARS OF THE AZURE SEA,cgv,,26017900,,,,2D,2026-05-26,b65b7e74-7c52-4c38-a71d-2e42fb3eb0ce,2026-05-26T16:29:12.499774
0b430345-b97d-4a90-a0fb-0c7d9711bbed,THE KINGS WARDEN,cgv,,26015000,,,,2D,2026-05-26,4fe57dad-5af3-411a-9ce3-6066b5d4c3ce,2026-05-26T16:29:12.499802
0b430345-b97d-4a90-a0fb-0c7d9711bbed,KAMU HARUS MATI,cgv,,26023800,,,,2D,2026-05-26,acac54f7-9fe8-4757-b78b-a43889fab114,2026-05-26T16:29:12.499838
0b430345-b97d-4a90-a0fb-0c7d9711bbed,SUNSHINE WOMENS CHOIR,cgv,,26024400,,,,2D,2026-05-26,3e78fcde-fcec-4f53-bc96-1f3e6c13b49d,2026-05-26T16:29:12.499868
0b430345-b97d-4a90-a0fb-0c7d9711bbed,NA WILLA,cgv,,26003200,,,,2D,2026-05-26,322b8d66-4a8f-453d-9b0d-df4948344941,2026-05-26T16:29:12.499897
0b430345-b97d-4a90-a0fb-0c7d9711bbed,DILAN ITB 1997,cgv,,26016100,,,,2D,2026-05-26,af35dd0a-fdde-47b6-ac10-880725a17561,2026-05-26T16:29:12.499925
0b430345-b97d-4a90-a0fb-0c7d9711bbed,PEGASUS 3,cgv,,26025100,,,,2D,2026-05-26,d4f234cb-53f2-40b5-aef2-7c95052f7878,2026-05-26T16:29:12.499953
2a502005-7e7b-42ff-bc10-f0d9f147d31a,TUMBAL PROYEK,cgv,,26014300,,,,2D,2026-05-26,5fe8b7f5-d945-4fb5-b863-798a68fbc4d3,2026-05-26T16:29:12.641826
2a502005-7e7b-42ff-bc10-f0d9f147d31a,GUDANG MERICA,cgv,,26019400,,,,2D,2026-05-26,abab360e-0eb1-41a5-b7d6-e0dc2d6c2701,2026-05-26T16:29:12.641870
2a502005-7e7b-42ff-bc10-f0d9f147d31a,STAR WARS THE MANDALORIAN AND GROGU,cgv,,26021200,,,,2D,2026-05-26,d46f187b-3d9b-482f-abab-b004c0685ef3,2026-05-26T16:29:12.641907
2a502005-7e7b-42ff-bc10-f0d9f147d31a,SEMUA AKAN BAIK BAIK SAJA,cgv,,26018100,,,,2D,2026-05-26,757ae9ce-f78d-4238-8226-6663a8633a3b,2026-05-26T16:29:12.641939
2a502005-7e7b-42ff-bc10-f0d9f147d31a,GHOST IN THE CELL,cgv,,26011800,,,,2D,2026-05-26,255d49c1-f071-4372-8fef-bd3059bc8131,2026-05-26T16:29:12.641971
2a502005-7e7b-42ff-bc10-f0d9f147d31a,TEMAN TEGAR MAIRA,cgv,,26005400,,,,2D,2026-05-26,09ac3be4-664a-4d6d-8056-a1b3468d0ff6,2026-05-26T16:29:12.642002
2a502005-7e7b-42ff-bc10-f0d9f147d31a,TIBA TIBA SETAN,cgv,,26007500,,,,2D,2026-05-26,05a760be-d447-45fa-9791-58bca26dad45,2026-05-26T16:29:12.642032
2a502005-7e7b-42ff-bc10-f0d9f147d31a,HOKUM,cgv,,26024600,,,,2D,2026-05-26,f5d3434d-edcd-4f25-a923-baf928c5ff58,2026-05-26T16:29:12.642061
2a502005-7e7b-42ff-bc10-f0d9f147d31a,MORTAL KOMBAT II,cgv,,26018200,,,,2D,2026-05-26,6b8fe45b-e88b-46e7-bc3f-81979ac5d5b3,2026-05-26T16:29:12.642099
2a502005-7e7b-42ff-bc10-f0d9f147d31a,GOHAN,cgv,,26022500,,,,2D,2026-05-26,785f8e4e-d3c5-467a-8c2e-686be3fe7d67,2026-05-26T16:29:12.642127
2a502005-7e7b-42ff-bc10-f0d9f147d31a,AYAH INI ARAHNYA KEMANA YA,cgv,,26011000,,,,2D,2026-05-26,c0d6bb6d-0bd0-479d-a7c3-5f3cc27c3c82,2026-05-26T16:29:12.642157
2a502005-7e7b-42ff-bc10-f0d9f147d31a,YANG LAIN BOLEH HILANG ASAL KAU JANGAN,cgv,,26018300,,,,2D,2026-05-26,dd58e276-19e5-422b-9495-35d8b5aed1d2,2026-05-26T16:29:12.642186
2a502005-7e7b-42ff-bc10-f0d9f147d31a,KELUARGA SUAMI ADALAH HAMA,cgv,,26017700,,,,2D,2026-05-26,ad755fb1-7447-46bc-ab6a-4219310df995,2026-05-26T16:29:12.642214
2a502005-7e7b-42ff-bc10-f0d9f147d31a,THE SHEEP DETECTIVES,cgv,,26019500,,,,2D,2026-05-26,b4561fc4-67c4-4d3b-9b95-3677c7b19437,2026-05-26T16:29:12.642250
2a502005-7e7b-42ff-bc10-f0d9f147d31a,SEKAWAN LIMO RE RELEASE,cgv,,26024900,,,,2D,2026-05-26,730c6c89-fdbe-486f-96f9-9c26e0c31ecf,2026-05-26T16:29:12.642286
2a502005-7e7b-42ff-bc10-f0d9f147d31a,MONSTER,cgv,,23042200,,,,2D,2026-05-26,85ff2cf6-ec24-4861-817a-5cc94eb10830,2026-05-26T16:29:12.642324
2a502005-7e7b-42ff-bc10-f0d9f147d31a,SALMOKJI WHISPERING WATER,cgv,,26019100,,,,2D,2026-05-26,5ba98d3b-48ab-4ac0-8468-49a127571215,2026-05-26T16:29:12.642369
2a502005-7e7b-42ff-bc10-f0d9f147d31a,THE DEVIL WEARS PRADA 2,cgv,,26019800,,,,2D,2026-05-26,3ef1848e-4e49-4f6f-8341-cbd6619145ef,2026-05-26T16:29:12.642405
2a502005-7e7b-42ff-bc10-f0d9f147d31a,STAR WARS THE MANDALORIAN AND GROGU 3D,cgv,,26025200,,,,2D,2026-05-26,9e818c2d-46e3-4a70-953d-d008c6dbc726,2026-05-26T16:29:12.642435
2a502005-7e7b-42ff-bc10-f0d9f147d31a,MOBILE SUIT GUNDAM HATHAWAY,cgv,,26021100,,,,2D,2026-05-26,3737b65a-25f1-4e4d-a228-8ee913454b85,2026-05-26T16:29:12.642463
2a502005-7e7b-42ff-bc10-f0d9f147d31a,METHOD ACTING,cgv,,26023400,,,,2D,2026-05-26,89b59591-c010-4534-9aff-720d5757edbe,2026-05-26T16:29:12.642496
2a502005-7e7b-42ff-bc10-f0d9f147d31a,CHAND MERA DIL,cgv,,26026000,,,,2D,2026-05-26,e42525e4-7ab9-46af-b8c5-ef785ad6fcac,2026-05-26T16:29:12.642524
2a502005-7e7b-42ff-bc10-f0d9f147d31a,THAT TIME I GOT REINCARNATED AS A SLIME THE MOVIE TEARS OF THE AZURE SEA,cgv,,26017900,,,,2D,2026-05-26,97efe145-e95a-400e-8d5e-5c27d6ad5051,2026-05-26T16:29:12.642554
2a502005-7e7b-42ff-bc10-f0d9f147d31a,THE KINGS WARDEN,cgv,,26015000,,,,2D,2026-05-26,a9860554-cb99-4318-9e2c-9503b353a75e,2026-05-26T16:29:12.642581
2a502005-7e7b-42ff-bc10-f0d9f147d31a,KAMU HARUS MATI,cgv,,26023800,,,,2D,2026-05-26,a87551a1-7f23-4a4a-a480-c0a39b561588,2026-05-26T16:29:12.642616
2a502005-7e7b-42ff-bc10-f0d9f147d31a,SUNSHINE WOMENS CHOIR,cgv,,26024400,,,,2D,2026-05-26,4e06255c-2dae-42e7-8752-03df4767130a,2026-05-26T16:29:12.642643
2a502005-7e7b-42ff-bc10-f0d9f147d31a,NA WILLA,cgv,,26003200,,,,2D,2026-05-26,0e379047-e08b-42b8-a199-d8fa0a70f4cb,2026-05-26T16:29:12.642679
2a502005-7e7b-42ff-bc10-f0d9f147d31a,DILAN ITB 1997,cgv,,26016100,,,,2D,2026-05-26,5498c8d7-84f9-4ad4-845a-563aacfad301,2026-05-26T16:29:12.642706
2a502005-7e7b-42ff-bc10-f0d9f147d31a,PEGASUS 3,cgv,,26025100,,,,2D,2026-05-26,91e18fb7-7de2-4c7a-9d1c-d1f8c2c155d4,2026-05-26T16:29:12.642733
f5146ebf-1b4a-4ef3-aedd-a4ac57bcceeb,TUMBAL PROYEK,cgv,,26014300,,,,2D,2026-05-26,5a221119-9eaf-40cd-8f32-6900b8409476,2026-05-26T16:29:15.604846
f5146ebf-1b4a-4ef3-aedd-a4ac57bcceeb,GUDANG MERICA,cgv,,26019400,,,,2D,2026-05-26,9e2189fe-2251-4e4c-8c53-6f4bc2840f4f,2026-05-26T16:29:15.604905
f5146ebf-1b4a-4ef3-aedd-a4ac57bcceeb,STAR WARS THE MANDALORIAN AND GROGU,cgv,,26021200,,,,2D,2026-05-26,ae4e83d8-de8c-4c8e-ac0e-d7f0d217bae1,2026-05-26T16:29:15.604951
f5146ebf-1b4a-4ef3-aedd-a4ac57bcceeb,SEMUA AKAN BAIK BAIK SAJA,cgv,,26018100,,,,2D,2026-05-26,b1dc5329-136f-480e-a4cf-ffa0dec2578c,2026-05-26T16:29:15.604993
f5146ebf-1b4a-4ef3-aedd-a4ac57bcceeb,GHOST IN THE CELL,cgv,,26011800,,,,2D,2026-05-26,25d0e786-c463-47b2-86a5-f17a2e723a35,2026-05-26T16:29:15.605034
f5146ebf-1b4a-4ef3-aedd-a4ac57bcceeb,TEMAN TEGAR MAIRA,cgv,,26005400,,,,2D,2026-05-26,0b6917fc-3efb-428f-8d32-6928a59502a4,2026-05-26T16:29:15.605078
f5146ebf-1b4a-4ef3-aedd-a4ac57bcceeb,TIBA TIBA SETAN,cgv,,26007500,,,,2D,2026-05-26,88d9ea28-b016-4c60-808b-78ed64642e80,2026-05-26T16:29:15.605118
f5146ebf-1b4a-4ef3-aedd-a4ac57bcceeb,HOKUM,cgv,,26024600,,,,2D,2026-05-26,2f59a2d2-957c-4560-9209-cf8081d73369,2026-05-26T16:29:15.605159
f5146ebf-1b4a-4ef3-aedd-a4ac57bcceeb,MORTAL KOMBAT II,cgv,,26018200,,,,2D,2026-05-26,d312516b-b77a-48c4-9246-fd5631e52b5a,2026-05-26T16:29:15.605197
f5146ebf-1b4a-4ef3-aedd-a4ac57bcceeb,GOHAN,cgv,,26022500,,,,2D,2026-05-26,f42ce2f7-1506-49e1-8154-93bfff083477,2026-05-26T16:29:15.605236
f5146ebf-1b4a-4ef3-aedd-a4ac57bcceeb,AYAH INI ARAHNYA KEMANA YA,cgv,,26011000,,,,2D,2026-05-26,8c76ce04-ce43-4cb3-a235-dd9f5b48ed06,2026-05-26T16:29:15.605275
f5146ebf-1b4a-4ef3-aedd-a4ac57bcceeb,YANG LAIN BOLEH HILANG ASAL KAU JANGAN,cgv,,26018300,,,,2D,2026-05-26,6392a0d4-40c5-4d14-b8da-e6a756b3e744,2026-05-26T16:29:15.605314
f5146ebf-1b4a-4ef3-aedd-a4ac57bcceeb,KELUARGA SUAMI ADALAH HAMA,cgv,,26017700,,,,2D,2026-05-26,f41af47b-3736-4919-8f04-a1c2ac417bc6,2026-05-26T16:29:15.605351
f5146ebf-1b4a-4ef3-aedd-a4ac57bcceeb,THE SHEEP DETECTIVES,cgv,,26019500,,,,2D,2026-05-26,56255112-2180-47b2-bd81-703ddf55650b,2026-05-26T16:29:15.605391
f5146ebf-1b4a-4ef3-aedd-a4ac57bcceeb,SEKAWAN LIMO RE RELEASE,cgv,,26024900,,,,2D,2026-05-26,bb4dbdb9-1ef1-4eb9-a022-c294e23916bb,2026-05-26T16:29:15.605427
f5146ebf-1b4a-4ef3-aedd-a4ac57bcceeb,MONSTER,cgv,,23042200,,,,2D,2026-05-26,59dae3ed-00f9-4d0b-a2b5-cc959acb6101,2026-05-26T16:29:15.605463
f5146ebf-1b4a-4ef3-aedd-a4ac57bcceeb,SALMOKJI WHISPERING WATER,cgv,,26019100,,,,2D,2026-05-26,833ce63d-d63b-40bd-b904-180ff7af3410,2026-05-26T16:29:15.605501
f5146ebf-1b4a-4ef3-aedd-a4ac57bcceeb,THE DEVIL WEARS PRADA 2,cgv,,26019800,,,,2D,2026-05-26,de73668b-63b0-4199-b759-4d00a0fe5c56,2026-05-26T16:29:15.605536
f5146ebf-1b4a-4ef3-aedd-a4ac57bcceeb,STAR WARS THE MANDALORIAN AND GROGU 3D,cgv,,26025200,,,,2D,2026-05-26,eaef53a2-4b08-4d54-8546-94d96771627e,2026-05-26T16:29:15.605575
f5146ebf-1b4a-4ef3-aedd-a4ac57bcceeb,MOBILE SUIT GUNDAM HATHAWAY,cgv,,26021100,,,,2D,2026-05-26,b81ba294-1fee-4451-bf7d-201861d56727,2026-05-26T16:29:15.605611
f5146ebf-1b4a-4ef3-aedd-a4ac57bcceeb,METHOD ACTING,cgv,,26023400,,,,2D,2026-05-26,f7bedc98-11e1-4f58-9760-de82bfc59941,2026-05-26T16:29:15.605646
f5146ebf-1b4a-4ef3-aedd-a4ac57bcceeb,CHAND MERA DIL,cgv,,26026000,,,,2D,2026-05-26,8c2c5b87-45e5-4b0a-99f7-dd78323696d5,2026-05-26T16:29:15.605681
f5146ebf-1b4a-4ef3-aedd-a4ac57bcceeb,THAT TIME I GOT REINCARNATED AS A SLIME THE MOVIE TEARS OF THE AZURE SEA,cgv,,26017900,,,,2D,2026-05-26,eda2de3f-e747-4174-943d-9a929ec125eb,2026-05-26T16:29:15.605718
f5146ebf-1b4a-4ef3-aedd-a4ac57bcceeb,THE KINGS WARDEN,cgv,,26015000,,,,2D,2026-05-26,c5e80ca8-dd8d-4972-9a31-e96b2e0e138b,2026-05-26T16:29:15.605755
f5146ebf-1b4a-4ef3-aedd-a4ac57bcceeb,KAMU HARUS MATI,cgv,,26023800,,,,2D,2026-05-26,14ea4d36-d755-4bf6-ab86-15b5b3623b1e,2026-05-26T16:29:15.605790
f5146ebf-1b4a-4ef3-aedd-a4ac57bcceeb,SUNSHINE WOMENS CHOIR,cgv,,26024400,,,,2D,2026-05-26,423d1447-830c-4a0a-afeb-3124b6e2010b,2026-05-26T16:29:15.606124
f5146ebf-1b4a-4ef3-aedd-a4ac57bcceeb,NA WILLA,cgv,,26003200,,,,2D,2026-05-26,4fe2cbc3-db61-4eef-9e6d-2137f5d62d1e,2026-05-26T16:29:15.606163
f5146ebf-1b4a-4ef3-aedd-a4ac57bcceeb,DILAN ITB 1997,cgv,,26016100,,,,2D,2026-05-26,2a91de7f-6dc2-4f90-91a4-3dc356c2356e,2026-05-26T16:29:15.606200
f5146ebf-1b4a-4ef3-aedd-a4ac57bcceeb,PEGASUS 3,cgv,,26025100,,,,2D,2026-05-26,849a93bf-8150-4fa2-9f99-6082be1a5368,2026-05-26T16:29:15.606235
9f88b0ae-29fa-42a3-a9e2-6ce1438a5bc3,TUMBAL PROYEK,cgv,,26014300,,,,2D,2026-05-26,5ae0c7da-ff77-431e-ad4c-e498f6825636,2026-05-26T16:29:15.167083
9f88b0ae-29fa-42a3-a9e2-6ce1438a5bc3,GUDANG MERICA,cgv,,26019400,,,,2D,2026-05-26,f5a37b21-1dd1-494e-a255-c78a73f3252a,2026-05-26T16:29:15.167128
9f88b0ae-29fa-42a3-a9e2-6ce1438a5bc3,STAR WARS THE MANDALORIAN AND GROGU,cgv,,26021200,,,,2D,2026-05-26,ff7540d8-ef35-485d-9e52-4a1bd364b2a7,2026-05-26T16:29:15.167163
9f88b0ae-29fa-42a3-a9e2-6ce1438a5bc3,SEMUA AKAN BAIK BAIK SAJA,cgv,,26018100,,,,2D,2026-05-26,d9618a8a-52c7-4a3e-88d3-5ee691e3d26a,2026-05-26T16:29:15.167195
9f88b0ae-29fa-42a3-a9e2-6ce1438a5bc3,GHOST IN THE CELL,cgv,,26011800,,,,2D,2026-05-26,83b2e6d8-46ce-4880-92ef-379e99ccbe26,2026-05-26T16:29:15.167229
9f88b0ae-29fa-42a3-a9e2-6ce1438a5bc3,TEMAN TEGAR MAIRA,cgv,,26005400,,,,2D,2026-05-26,3366e100-455f-4c5a-8356-e3e51de33458,2026-05-26T16:29:15.167258
9f88b0ae-29fa-42a3-a9e2-6ce1438a5bc3,TIBA TIBA SETAN,cgv,,26007500,,,,2D,2026-05-26,4720621a-fcb7-4a5b-bc3a-b851bec54a72,2026-05-26T16:29:15.167290
9f88b0ae-29fa-42a3-a9e2-6ce1438a5bc3,HOKUM,cgv,,26024600,,,,2D,2026-05-26,5387f51a-1728-44c4-ab1d-1c3646d0e17f,2026-05-26T16:29:15.167319
9f88b0ae-29fa-42a3-a9e2-6ce1438a5bc3,MORTAL KOMBAT II,cgv,,26018200,,,,2D,2026-05-26,7b499ae4-e8b4-4907-b34c-8072eb2d93ab,2026-05-26T16:29:15.167351
9f88b0ae-29fa-42a3-a9e2-6ce1438a5bc3,GOHAN,cgv,,26022500,,,,2D,2026-05-26,91497fc3-1ec8-4729-ae71-85dc461b6cb7,2026-05-26T16:29:15.167395
9f88b0ae-29fa-42a3-a9e2-6ce1438a5bc3,AYAH INI ARAHNYA KEMANA YA,cgv,,26011000,,,,2D,2026-05-26,096c3b2d-ac2b-4e3e-9f5f-8485796f5e33,2026-05-26T16:29:15.167426
9f88b0ae-29fa-42a3-a9e2-6ce1438a5bc3,YANG LAIN BOLEH HILANG ASAL KAU JANGAN,cgv,,26018300,,,,2D,2026-05-26,bf3147a2-eb53-4050-a898-7b9b31fa4e6c,2026-05-26T16:29:15.167456
9f88b0ae-29fa-42a3-a9e2-6ce1438a5bc3,KELUARGA SUAMI ADALAH HAMA,cgv,,26017700,,,,2D,2026-05-26,5d97962d-395b-44d4-8726-75cc06f28286,2026-05-26T16:29:15.167484
9f88b0ae-29fa-42a3-a9e2-6ce1438a5bc3,THE SHEEP DETECTIVES,cgv,,26019500,,,,2D,2026-05-26,084ef526-11e4-4b49-a329-75c5fe43eab6,2026-05-26T16:29:15.167513
9f88b0ae-29fa-42a3-a9e2-6ce1438a5bc3,SEKAWAN LIMO RE RELEASE,cgv,,26024900,,,,2D,2026-05-26,48f04973-0d9d-4e17-8eed-0c773ba6ca1c,2026-05-26T16:29:15.167545
9f88b0ae-29fa-42a3-a9e2-6ce1438a5bc3,MONSTER,cgv,,23042200,,,,2D,2026-05-26,7cc51482-e1db-4744-9dca-fc28b60d11f8,2026-05-26T16:29:15.167572
9f88b0ae-29fa-42a3-a9e2-6ce1438a5bc3,SALMOKJI WHISPERING WATER,cgv,,26019100,,,,2D,2026-05-26,f293db81-a3aa-4145-8f5f-8c274762c7ef,2026-05-26T16:29:15.167601
9f88b0ae-29fa-42a3-a9e2-6ce1438a5bc3,THE DEVIL WEARS PRADA 2,cgv,,26019800,,,,2D,2026-05-26,a1522d22-3fe0-4974-97d3-d9d254a4b2eb,2026-05-26T16:29:15.167636
9f88b0ae-29fa-42a3-a9e2-6ce1438a5bc3,STAR WARS THE MANDALORIAN AND GROGU 3D,cgv,,26025200,,,,2D,2026-05-26,0bc27190-c18d-475d-9495-b0c983e76a82,2026-05-26T16:29:15.167668
9f88b0ae-29fa-42a3-a9e2-6ce1438a5bc3,MOBILE SUIT GUNDAM HATHAWAY,cgv,,26021100,,,,2D,2026-05-26,4d23b084-b6e3-470a-918e-c4f13cf8ea0e,2026-05-26T16:29:15.167696
9f88b0ae-29fa-42a3-a9e2-6ce1438a5bc3,METHOD ACTING,cgv,,26023400,,,,2D,2026-05-26,d690e6e1-3ddf-4e0d-ad13-a0ff0bdc3a95,2026-05-26T16:29:15.167724
9f88b0ae-29fa-42a3-a9e2-6ce1438a5bc3,CHAND MERA DIL,cgv,,26026000,,,,2D,2026-05-26,e8a072d5-c2df-40e9-bbe6-c00211d471c8,2026-05-26T16:29:15.167752
9f88b0ae-29fa-42a3-a9e2-6ce1438a5bc3,THAT TIME I GOT REINCARNATED AS A SLIME THE MOVIE TEARS OF THE AZURE SEA,cgv,,26017900,,,,2D,2026-05-26,5279d342-bf27-4878-8eff-b27376f4c406,2026-05-26T16:29:15.167781
9f88b0ae-29fa-42a3-a9e2-6ce1438a5bc3,THE KINGS WARDEN,cgv,,26015000,,,,2D,2026-05-26,9ad2d308-1614-400c-87bc-9ea49f9a9532,2026-05-26T16:29:15.167810
9f88b0ae-29fa-42a3-a9e2-6ce1438a5bc3,KAMU HARUS MATI,cgv,,26023800,,,,2D,2026-05-26,86e517f8-f0e1-4c8e-a196-8c6ef6f53a26,2026-05-26T16:29:15.167839
9f88b0ae-29fa-42a3-a9e2-6ce1438a5bc3,SUNSHINE WOMENS CHOIR,cgv,,26024400,,,,2D,2026-05-26,4b27f783-fb7b-4290-bfb2-c5bfe995e5c4,2026-05-26T16:29:15.167867
9f88b0ae-29fa-42a3-a9e2-6ce1438a5bc3,NA WILLA,cgv,,26003200,,,,2D,2026-05-26,3617ec77-4212-4037-bb07-db70fcc05924,2026-05-26T16:29:15.167895
9f88b0ae-29fa-42a3-a9e2-6ce1438a5bc3,DILAN ITB 1997,cgv,,26016100,,,,2D,2026-05-26,d7063f54-f4e0-44f4-8505-426c06eaa639,2026-05-26T16:29:15.167923
9f88b0ae-29fa-42a3-a9e2-6ce1438a5bc3,PEGASUS 3,cgv,,26025100,,,,2D,2026-05-26,be2edd39-c750-4f21-a017-0ccf0ae2c5e7,2026-05-26T16:29:15.167951
