cinema_id,title,source,movie_id,movie_code,genre,duration,age_rating,format,show_date,id,created_at
da1dcf3e-3f2e-4b06-b3e9-540419bbe47f,GHOST IN THE CELL,cgv,,26011800,Comedy,106 min,17+,2D,2026-05-17,d186f307-fa34-4bc8-be8e-1456aea6ec85,2026-05-17T14:26:03.937627
da1dcf3e-3f2e-4b06-b3e9-540419bbe47f,MORTAL KOMBAT II,cgv,,26018200,Action,116 min,17+,2D,2026-05-17,fc9a5369-4e6f-4746-9cf2-6d803ba22b62,2026-05-17T14:26:03.938124
ee168531-d33a-45fb-b9d9-6acf60b58d23,MORTAL KOMBAT II,cgv,,26018200,Action,116 min,17+,2D,2026-05-17,b752712a-d647-40f9-8d3c-12abc600f9a8,2026-05-17T14:26:04.606474
ee168531-d33a-45fb-b9d9-6acf60b58d23,SALMOKJI: WHISPERING WATER,cgv,,26019100,Horror,95 min,17+,2D,2026-05-17,e4cb3dcf-9acf-4437-8546-ff047900700e,2026-05-17T14:26:04.607074
ee168531-d33a-45fb-b9d9-6acf60b58d23,THE DEVIL WEARS PRADA 2,cgv,,26019800,Drama,119 min,13+,2D,2026-05-17,17e073a5-cc62-42f3-8a39-03ff40a83bb0,2026-05-17T14:26:04.607508
42ebcbdd-3cb6-4be9-b810-3a79272064ad,GOHAN,cgv,,26022500,Drama,140 min,SU,2D,2026-05-17,075e6ecf-3175-4699-a7fb-cb7d98177bf5,2026-05-17T14:26:04.198663
42ebcbdd-3cb6-4be9-b810-3a79272064ad,MORTAL KOMBAT II,cgv,,26018200,Action,116 min,17+,2D,2026-05-17,9c1f271d-d807-4306-b323-5b7e28a4050d,2026-05-17T14:26:04.199120
42ebcbdd-3cb6-4be9-b810-3a79272064ad,SEMUA AKAN BAIK BAIK SAJA,cgv,,26018100,Drama,113 min,13+,2D,2026-05-17,3b6690a8-f499-408c-b578-55560838be86,2026-05-17T14:26:04.199448
d4106753-c3cf-47da-90a4-d831bb6f41b3,TUMBAL PROYEK,cgv,,26014300,Horror,106 min,17+,2D,2026-05-17,4a1c6f48-b46d-49e9-bc0c-eac493f11e2e,2026-05-17T14:26:04.480327
738cab1b-8451-410a-8a60-cc59698615ed,SEMUA AKAN BAIK BAIK SAJA,cgv,,26018100,Drama,113 min,13+,2D,2026-05-17,b18c5f73-1b5b-4865-9818-55e94f165ca7,2026-05-17T14:26:04.241208
ec37de15-5778-42d4-9b5f-c8d131883749,TUMBAL PROYEK,cgv,,26014300,Horror,106 min,17+,2D,2026-05-17,2bf339be-302c-444f-9abf-78b39a28c544,2026-05-17T14:26:07.373356
ec37de15-5778-42d4-9b5f-c8d131883749,GHOST IN THE CELL,cgv,,26011800,Comedy,106 min,17+,2D,2026-05-17,05ba71af-360d-41be-8388-f422faefec75,2026-05-17T14:26:07.373593
ec37de15-5778-42d4-9b5f-c8d131883749,SALMOKJI: WHISPERING WATER,cgv,,26019100,Horror,95 min,17+,2D,2026-05-17,e6553bc4-1ac8-4a95-b229-4dc5a7a8605f,2026-05-17T14:26:07.373818
8891e8cb-7869-49b3-8930-ae25f857c737,TUMBAL PROYEK,cgv,,26014300,,,,2D,2026-05-17,9f96285a-9be9-4546-a61a-2da907ec6907,2026-05-17T14:26:09.202865
8891e8cb-7869-49b3-8930-ae25f857c737,SEMUA AKAN BAIK BAIK SAJA,cgv,,26018100,,,,2D,2026-05-17,368d937a-ae40-4535-87a7-1506c29078fc,2026-05-17T14:26:09.202914
8891e8cb-7869-49b3-8930-ae25f857c737,GHOST IN THE CELL,cgv,,26011800,,,,2D,2026-05-17,ab40eabc-328e-4e32-9516-c1743e9102f8,2026-05-17T14:26:09.202949
8891e8cb-7869-49b3-8930-ae25f857c737,YANG LAIN BOLEH HILANG ASAL KAU JANGAN,cgv,,26018300,,,,2D,2026-05-17,1d13326c-ee64-4199-85bd-1ac126e2a2f5,2026-05-17T14:26:09.202983
8891e8cb-7869-49b3-8930-ae25f857c737,MORTAL KOMBAT II,cgv,,26018200,,,,2D,2026-05-17,bfeb7b79-4883-45e5-8647-44f45ce7c95c,2026-05-17T14:26:09.203015
8891e8cb-7869-49b3-8930-ae25f857c737,TIBA TIBA SETAN,cgv,,26007500,,,,2D,2026-05-17,e703b4ae-4d15-4d70-bdca-b738ff5d72b3,2026-05-17T14:26:09.203046
8891e8cb-7869-49b3-8930-ae25f857c737,NOBAR BIRU PSM VS PERSIB,cgv,,26024200,,,,2D,2026-05-17,0c12bbb3-e545-46b8-8156-db0b12c6f58e,2026-05-17T14:26:09.203076
8891e8cb-7869-49b3-8930-ae25f857c737,GOHAN,cgv,,26022500,,,,2D,2026-05-17,685fe25f-dfba-4926-9c71-c336470f56ce,2026-05-17T14:26:09.203106
8891e8cb-7869-49b3-8930-ae25f857c737,SALMOKJI WHISPERING WATER,cgv,,26019100,,,,2D,2026-05-17,f1cfa03d-7ce9-41a2-9e02-d77f09a59729,2026-05-17T14:26:09.203134
8891e8cb-7869-49b3-8930-ae25f857c737,THE SHEEP DETECTIVES,cgv,,26019500,,,,2D,2026-05-17,84e3bc4d-fc56-41a5-8654-64db3133f862,2026-05-17T14:26:09.203164
8891e8cb-7869-49b3-8930-ae25f857c737,AYAH INI ARAHNYA KEMANA YA,cgv,,26011000,,,,2D,2026-05-17,53079928-1e62-4b76-90f3-f313b3254b5d,2026-05-17T14:26:09.203193
8891e8cb-7869-49b3-8930-ae25f857c737,DILAN ITB 1997,cgv,,26016100,,,,2D,2026-05-17,e1aae96a-0899-4c59-8c41-372239979d8f,2026-05-17T14:26:09.203222
8891e8cb-7869-49b3-8930-ae25f857c737,THE KINGS WARDEN,cgv,,26015000,,,,2D,2026-05-17,0233524a-fe90-4cbb-8383-d03ef49c7ad5,2026-05-17T14:26:09.203251
8891e8cb-7869-49b3-8930-ae25f857c737,THE DEVIL WEARS PRADA 2,cgv,,26019800,,,,2D,2026-05-17,7a1176a9-5b90-4428-9456-93ea99721e5c,2026-05-17T14:26:09.203280
8891e8cb-7869-49b3-8930-ae25f857c737,MOBILE SUIT GUNDAM HATHAWAY,cgv,,26021100,,,,2D,2026-05-17,6b0d64c7-23f2-4a00-a73a-d26c0e5d38ec,2026-05-17T14:26:09.203308
8891e8cb-7869-49b3-8930-ae25f857c737,THAT TIME I GOT REINCARNATED AS A SLIME THE MOVIE TEARS OF THE AZURE SEA,cgv,,26017900,,,,2D,2026-05-17,7197523c-5e24-4074-983d-0096b1517eb1,2026-05-17T14:26:09.203339
8891e8cb-7869-49b3-8930-ae25f857c737,TOP GUN MAVERICK RE RELEASE,cgv,,26022800,,,,2D,2026-05-17,0804ade8-1a13-4ca4-badf-30cf5df9a792,2026-05-17T14:26:09.203369
8891e8cb-7869-49b3-8930-ae25f857c737,SEKAWAN LIMO 2 GUNUNG KLAWIH,cgv,,26023300,,,,2D,2026-05-17,68c83089-e4f6-4ccd-bade-1e6b063ff2ea,2026-05-17T14:26:09.203398
8891e8cb-7869-49b3-8930-ae25f857c737,NA WILLA,cgv,,26003200,,,,2D,2026-05-17,e1744c91-afdf-44fc-b3a4-3991198f8b45,2026-05-17T14:26:09.203430
8891e8cb-7869-49b3-8930-ae25f857c737,IN THE GREY,cgv,,26022600,,,,2D,2026-05-17,b5ee5aa0-d5e1-41b3-8f17-cbeca63b6267,2026-05-17T14:26:09.203458
8891e8cb-7869-49b3-8930-ae25f857c737,TOP GUN RE RELEASE,cgv,,26022700,,,,2D,2026-05-17,600eac84-62c7-4c50-be7f-696698b7a2b7,2026-05-17T14:26:09.203575
8891e8cb-7869-49b3-8930-ae25f857c737,KELUARGA SUAMI ADALAH HAMA,cgv,,26017700,,,,2D,2026-05-17,87893d62-269d-411d-997e-c204bf7a518b,2026-05-17T14:26:09.203674
8891e8cb-7869-49b3-8930-ae25f857c737,THE SUPER MARIO GALAXY MOVIE,cgv,,26012700,,,,2D,2026-05-17,555f8f9c-cab2-4174-8e26-6d6c5795a1bd,2026-05-17T14:26:09.203754
8891e8cb-7869-49b3-8930-ae25f857c737,KNEECAP,cgv,,26024100,,,,2D,2026-05-17,1c033a7d-177f-451c-bdf7-91adce32217c,2026-05-17T14:26:09.203844
8891e8cb-7869-49b3-8930-ae25f857c737,PATI PATNI AUR WOH DO,cgv,,26024300,,,,2D,2026-05-17,9ab8b185-8de1-4bcf-9764-f82b257e6055,2026-05-17T14:26:09.203888
8891e8cb-7869-49b3-8930-ae25f857c737,KFT NA WILLA,cgv,,26015600,,,,2D,2026-05-17,63bb9bf5-0772-4da3-a233-d4093fb994a8,2026-05-17T14:26:09.203925
8891e8cb-7869-49b3-8930-ae25f857c737,AIN,cgv,,26019300,,,,2D,2026-05-17,7ff72636-fba4-498f-ba26-6c70668ddeb7,2026-05-17T14:26:09.203959
8891e8cb-7869-49b3-8930-ae25f857c737,LEE CRONINS THE MUMMY,cgv,,26014100,,,,2D,2026-05-17,6cf3b24c-e370-46ca-b09c-b4ed07d1c10f,2026-05-17T14:26:09.204196
8891e8cb-7869-49b3-8930-ae25f857c737,ENHYPEN IMMERSION IN CINEMAS,cgv,,26016900,,,,2D,2026-05-17,2b2bb3f0-e246-4a05-b195-dbd0e79486a4,2026-05-17T14:26:09.204232
8891e8cb-7869-49b3-8930-ae25f857c737,THE BELL PANGGILAN UNTUK MATI,cgv,,26020700,,,,2D,2026-05-17,90c5ba78-7fd7-4880-851d-019120c5ae7b,2026-05-17T14:26:09.204264
6c501773-86ae-4a38-941b-c6c4a5728efe,MORTAL KOMBAT II,cgv,,26018200,Action,116 min,17+,2D,2026-05-17,b6f039a3-54ee-4cd9-adc5-7abfc77e46f5,2026-05-17T14:26:07.820700
6c501773-86ae-4a38-941b-c6c4a5728efe,TUMBAL PROYEK,cgv,,26014300,Horror,106 min,17+,2D,2026-05-17,a632e57b-c58b-4ca2-b15c-b7b78d728a54,2026-05-17T14:26:07.821380
ba897030-6ecc-46ec-b144-db1ee621f39b,THE SHEEP DETECTIVES,cgv,,26019500,Comedy,109 min,SU,2D,2026-05-17,52ea33f4-3ff8-44a0-886a-559a8afb6406,2026-05-17T14:26:07.853150
a330bfbb-3b23-4529-abfb-0320ca3a69c4,TUMBAL PROYEK,cgv,,26014300,Horror,106 min,17+,2D,2026-05-17,b567916a-f4a1-4e9b-a988-6ded61ccaf70,2026-05-17T14:26:08.467522
d5ce87f2-cebe-45a1-aadc-fde3b2bcf807,TUMBAL PROYEK,cgv,,26014300,Horror,106 min,17+,2D,2026-05-17,3488ae58-2bca-4a49-ba52-95aee65b533c,2026-05-17T14:26:09.062028
28eb5a8d-e748-43b2-a2d9-0dffabb406ef,SEMUA AKAN BAIK BAIK SAJA,cgv,,26018100,Drama,113 min,13+,2D,2026-05-17,1f91e7cd-6455-4f63-8db2-4b449e999b76,2026-05-17T14:26:09.767971
753b08a5-024b-4fdd-aa26-028e06d23174,GOHAN,cgv,,26022500,Drama,140 min,SU,2D,2026-05-17,c9c5c9b4-745f-40ad-8ddd-005528f6f8d4,2026-05-17T14:26:10.152690
753b08a5-024b-4fdd-aa26-028e06d23174,GHOST IN THE CELL,cgv,,26011800,Comedy,106 min,17+,2D,2026-05-17,54ca6a09-a72b-4a42-b829-45179cce198f,2026-05-17T14:26:10.152925
68c7d494-43d2-467e-bafd-123c9ecae34b,GHOST IN THE CELL,cgv,,26011800,Comedy,106 min,17+,2D,2026-05-17,430fd52e-4767-4fcf-8847-7d0b5edc22a3,2026-05-17T14:26:10.943667
4e0f8634-e535-4f4a-82b8-a9e2b67df07e,TUMBAL PROYEK,cgv,,26014300,,,,2D,2026-05-17,d9a7de0f-2b95-4713-9b1e-ee074b12e29d,2026-05-17T14:26:12.647816
4e0f8634-e535-4f4a-82b8-a9e2b67df07e,SEMUA AKAN BAIK BAIK SAJA,cgv,,26018100,,,,2D,2026-05-17,f7f7afe9-4bab-4bc2-a98a-5c75943b7036,2026-05-17T14:26:12.647836
4e0f8634-e535-4f4a-82b8-a9e2b67df07e,GHOST IN THE CELL,cgv,,26011800,,,,2D,2026-05-17,7ad9221c-31aa-4f9f-a2b9-397cb44adbed,2026-05-17T14:26:12.647852
4e0f8634-e535-4f4a-82b8-a9e2b67df07e,YANG LAIN BOLEH HILANG ASAL KAU JANGAN,cgv,,26018300,,,,2D,2026-05-17,b4b327e5-3cca-4cf5-891b-e23e65a2cb41,2026-05-17T14:26:12.647866
4e0f8634-e535-4f4a-82b8-a9e2b67df07e,MORTAL KOMBAT II,cgv,,26018200,,,,2D,2026-05-17,bdf53ed8-9e75-408e-a389-fa0d7eed4e01,2026-05-17T14:26:12.647879
4e0f8634-e535-4f4a-82b8-a9e2b67df07e,TIBA TIBA SETAN,cgv,,26007500,,,,2D,2026-05-17,66416f64-442e-4555-8219-fff1714ccc5a,2026-05-17T14:26:12.647891
4e0f8634-e535-4f4a-82b8-a9e2b67df07e,NOBAR BIRU PSM VS PERSIB,cgv,,26024200,,,,2D,2026-05-17,ee491a3c-1e90-49bb-8f32-58c4575d7815,2026-05-17T14:26:12.647903
4e0f8634-e535-4f4a-82b8-a9e2b67df07e,GOHAN,cgv,,26022500,,,,2D,2026-05-17,f35009ff-2320-43a6-86fb-118a9b4aa514,2026-05-17T14:26:12.647915
4e0f8634-e535-4f4a-82b8-a9e2b67df07e,SALMOKJI WHISPERING WATER,cgv,,26019100,,,,2D,2026-05-17,11165d28-b8c9-4e9e-8054-d52e58abe490,2026-05-17T14:26:12.647926
4e0f8634-e535-4f4a-82b8-a9e2b67df07e,THE SHEEP DETECTIVES,cgv,,26019500,,,,2D,2026-05-17,fd36ab48-1c57-4fc3-9edc-78898b9142cf,2026-05-17T14:26:12.647938
4e0f8634-e535-4f4a-82b8-a9e2b67df07e,AYAH INI ARAHNYA KEMANA YA,cgv,,26011000,,,,2D,2026-05-17,60afb8f0-4ba8-4b2f-aea1-de4ddbc70d1d,2026-05-17T14:26:12.647949
4e0f8634-e535-4f4a-82b8-a9e2b67df07e,DILAN ITB 1997,cgv,,26016100,,,,2D,2026-05-17,bd7d147b-392a-47fd-ba04-6f5a7513b91a,2026-05-17T14:26:12.647960
4e0f8634-e535-4f4a-82b8-a9e2b67df07e,THE KINGS WARDEN,cgv,,26015000,,,,2D,2026-05-17,46836725-a669-4141-97b4-0d87f2a9395b,2026-05-17T14:26:12.647971
4e0f8634-e535-4f4a-82b8-a9e2b67df07e,THE DEVIL WEARS PRADA 2,cgv,,26019800,,,,2D,2026-05-17,7e42223a-6cec-4fda-b234-bf09e3e43c48,2026-05-17T14:26:12.647982
4e0f8634-e535-4f4a-82b8-a9e2b67df07e,MOBILE SUIT GUNDAM HATHAWAY,cgv,,26021100,,,,2D,2026-05-17,0333bb8d-2683-4f20-8b1b-140d35ff4793,2026-05-17T14:26:12.647994
4e0f8634-e535-4f4a-82b8-a9e2b67df07e,THAT TIME I GOT REINCARNATED AS A SLIME THE MOVIE TEARS OF THE AZURE SEA,cgv,,26017900,,,,2D,2026-05-17,2c4d669f-9b19-4974-9fe6-2350b8a145ba,2026-05-17T14:26:12.648005
4e0f8634-e535-4f4a-82b8-a9e2b67df07e,TOP GUN MAVERICK RE RELEASE,cgv,,26022800,,,,2D,2026-05-17,cd7c6b60-b728-481f-aca7-069b4ae86a77,2026-05-17T14:26:12.648017
4e0f8634-e535-4f4a-82b8-a9e2b67df07e,SEKAWAN LIMO 2 GUNUNG KLAWIH,cgv,,26023300,,,,2D,2026-05-17,66cbe2ad-45b8-409b-91d7-d1c7847b3abf,2026-05-17T14:26:12.648028
4e0f8634-e535-4f4a-82b8-a9e2b67df07e,NA WILLA,cgv,,26003200,,,,2D,2026-05-17,17795a9a-724d-43fd-a98c-e702bb0eda85,2026-05-17T14:26:12.648040
4e0f8634-e535-4f4a-82b8-a9e2b67df07e,IN THE GREY,cgv,,26022600,,,,2D,2026-05-17,6d62cda8-09f3-479d-9325-d103d0856129,2026-05-17T14:26:12.648051
4e0f8634-e535-4f4a-82b8-a9e2b67df07e,TOP GUN RE RELEASE,cgv,,26022700,,,,2D,2026-05-17,e776703e-55a4-469e-8bb0-9d576bf79ecb,2026-05-17T14:26:12.648062
4e0f8634-e535-4f4a-82b8-a9e2b67df07e,KELUARGA SUAMI ADALAH HAMA,cgv,,26017700,,,,2D,2026-05-17,2083d6f9-5aa2-48ce-b221-0729d216e187,2026-05-17T14:26:12.648073
4e0f8634-e535-4f4a-82b8-a9e2b67df07e,THE SUPER MARIO GALAXY MOVIE,cgv,,26012700,,,,2D,2026-05-17,c033473c-ebe7-4759-b55a-b919210194e0,2026-05-17T14:26:12.648083
4e0f8634-e535-4f4a-82b8-a9e2b67df07e,KNEECAP,cgv,,26024100,,,,2D,2026-05-17,b07fad44-cb35-446b-a93e-bc64c93f417c,2026-05-17T14:26:12.648095
4e0f8634-e535-4f4a-82b8-a9e2b67df07e,PATI PATNI AUR WOH DO,cgv,,26024300,,,,2D,2026-05-17,7935d54b-f76b-4f74-bd12-b80387dfb1ea,2026-05-17T14:26:12.648106
4e0f8634-e535-4f4a-82b8-a9e2b67df07e,KFT NA WILLA,cgv,,26015600,,,,2D,2026-05-17,64d5a90e-31e5-4bd4-8e9e-3412c9dbd4e9,2026-05-17T14:26:12.648117
4e0f8634-e535-4f4a-82b8-a9e2b67df07e,AIN,cgv,,26019300,,,,2D,2026-05-17,139fcf98-820e-4bb6-91a8-54985f7b442c,2026-05-17T14:26:12.648128
4e0f8634-e535-4f4a-82b8-a9e2b67df07e,LEE CRONINS THE MUMMY,cgv,,26014100,,,,2D,2026-05-17,339e7036-e389-432f-94c3-2fa914cfc9aa,2026-05-17T14:26:12.648139
4e0f8634-e535-4f4a-82b8-a9e2b67df07e,ENHYPEN IMMERSION IN CINEMAS,cgv,,26016900,,,,2D,2026-05-17,b8b380d9-377c-4acd-921d-1e89b2495e38,2026-05-17T14:26:12.648150
4e0f8634-e535-4f4a-82b8-a9e2b67df07e,THE BELL PANGGILAN UNTUK MATI,cgv,,26020700,,,,2D,2026-05-17,a1a0721e-1e51-4ee3-8cc9-263e1df7b8c3,2026-05-17T14:26:12.648161
0ee002e8-b24b-4577-be7b-b50de4d99226,TUMBAL PROYEK,cgv,,26014300,Horror,106 min,17+,2D,2026-05-17,0610cbbf-ff3b-41f1-8eb1-24f5f55cafb5,2026-05-17T14:26:11.330867
0ee002e8-b24b-4577-be7b-b50de4d99226,MORTAL KOMBAT II,cgv,,26018200,Action,116 min,17+,2D,2026-05-17,fae517d9-3a36-4d9c-90ce-1ec8c744ef34,2026-05-17T14:26:11.331219
0ee002e8-b24b-4577-be7b-b50de4d99226,SALMOKJI: WHISPERING WATER,cgv,,26019100,Horror,95 min,17+,2D,2026-05-17,a86412b0-3d15-4213-8fa9-a3aed3e87d81,2026-05-17T14:26:11.331587
0ee002e8-b24b-4577-be7b-b50de4d99226,SALMOKJI: WHISPERING WATER,cgv,,26019100,Horror,95 min,17+,SCREENX 2D,2026-05-17,e81d5f3d-fe09-440c-adac-281931aac2b9,2026-05-17T14:26:11.331607
0ee002e8-b24b-4577-be7b-b50de4d99226,THE SHEEP DETECTIVES,cgv,,26019500,Comedy,109 min,SU,2D,2026-05-17,fa55d973-5d8b-4aa0-8d85-f941bab812cc,2026-05-17T14:26:11.331841
5ed923e4-08c1-45c3-a3c4-43807aa7ab06,TUMBAL PROYEK,cgv,,26014300,,,,2D,2026-05-17,feef5cbc-eb8f-48ed-9c6b-8573c2d598f9,2026-05-17T14:26:13.035591
5ed923e4-08c1-45c3-a3c4-43807aa7ab06,SEMUA AKAN BAIK BAIK SAJA,cgv,,26018100,,,,2D,2026-05-17,8454d08d-92bb-415c-8678-71faa4783aea,2026-05-17T14:26:13.035609
5ed923e4-08c1-45c3-a3c4-43807aa7ab06,GHOST IN THE CELL,cgv,,26011800,,,,2D,2026-05-17,2bd5137e-c259-4e0b-bd03-3f87a43ff324,2026-05-17T14:26:13.035621
5ed923e4-08c1-45c3-a3c4-43807aa7ab06,YANG LAIN BOLEH HILANG ASAL KAU JANGAN,cgv,,26018300,,,,2D,2026-05-17,964b31be-9aca-45fc-a9ef-d3f3e9a9fb83,2026-05-17T14:26:13.035633
5ed923e4-08c1-45c3-a3c4-43807aa7ab06,MORTAL KOMBAT II,cgv,,26018200,,,,2D,2026-05-17,3bff3426-a32e-4da6-87e6-ac19577246cc,2026-05-17T14:26:13.035644
5ed923e4-08c1-45c3-a3c4-43807aa7ab06,TIBA TIBA SETAN,cgv,,26007500,,,,2D,2026-05-17,b13683f9-facb-43b3-9450-65260c45e9da,2026-05-17T14:26:13.035655
5ed923e4-08c1-45c3-a3c4-43807aa7ab06,NOBAR BIRU PSM VS PERSIB,cgv,,26024200,,,,2D,2026-05-17,4ae15541-4050-4dca-81f9-f2cf0ea4ec1d,2026-05-17T14:26:13.035666
5ed923e4-08c1-45c3-a3c4-43807aa7ab06,GOHAN,cgv,,26022500,,,,2D,2026-05-17,b181c29b-d1ef-4826-b07d-b5f3f570bd88,2026-05-17T14:26:13.035676
5ed923e4-08c1-45c3-a3c4-43807aa7ab06,SALMOKJI WHISPERING WATER,cgv,,26019100,,,,2D,2026-05-17,a5a9aa63-a770-49a7-8c2c-a4194d88aaf2,2026-05-17T14:26:13.035686
5ed923e4-08c1-45c3-a3c4-43807aa7ab06,THE SHEEP DETECTIVES,cgv,,26019500,,,,2D,2026-05-17,3452b5e5-4da0-46d5-916f-cfdfa7ef414d,2026-05-17T14:26:13.035696
5ed923e4-08c1-45c3-a3c4-43807aa7ab06,AYAH INI ARAHNYA KEMANA YA,cgv,,26011000,,,,2D,2026-05-17,77a46213-32a0-4991-a752-c22860f209df,2026-05-17T14:26:13.035706
5ed923e4-08c1-45c3-a3c4-43807aa7ab06,DILAN ITB 1997,cgv,,26016100,,,,2D,2026-05-17,ecaa1765-139d-4585-946b-9934b230050f,2026-05-17T14:26:13.035716
5ed923e4-08c1-45c3-a3c4-43807aa7ab06,THE KINGS WARDEN,cgv,,26015000,,,,2D,2026-05-17,795d2800-89ee-453c-854c-71a3a9db0f7e,2026-05-17T14:26:13.035726
5ed923e4-08c1-45c3-a3c4-43807aa7ab06,THE DEVIL WEARS PRADA 2,cgv,,26019800,,,,2D,2026-05-17,f78ab1e7-3d2e-47ce-8d34-3e1c428a0acf,2026-05-17T14:26:13.035736
5ed923e4-08c1-45c3-a3c4-43807aa7ab06,MOBILE SUIT GUNDAM HATHAWAY,cgv,,26021100,,,,2D,2026-05-17,2771d08a-0c71-4a24-9f80-6ac1556c030f,2026-05-17T14:26:13.035746
5ed923e4-08c1-45c3-a3c4-43807aa7ab06,THAT TIME I GOT REINCARNATED AS A SLIME THE MOVIE TEARS OF THE AZURE SEA,cgv,,26017900,,,,2D,2026-05-17,c7177630-8e9b-4434-8862-93a452167f6f,2026-05-17T14:26:13.035757
5ed923e4-08c1-45c3-a3c4-43807aa7ab06,TOP GUN MAVERICK RE RELEASE,cgv,,26022800,,,,2D,2026-05-17,ec819760-7495-4a5f-a4a3-3606e7d805e4,2026-05-17T14:26:13.035767
5ed923e4-08c1-45c3-a3c4-43807aa7ab06,SEKAWAN LIMO 2 GUNUNG KLAWIH,cgv,,26023300,,,,2D,2026-05-17,168cbb25-8e82-4aa7-a42a-c3c6e46618a2,2026-05-17T14:26:13.035777
5ed923e4-08c1-45c3-a3c4-43807aa7ab06,NA WILLA,cgv,,26003200,,,,2D,2026-05-17,822fe951-fe38-4ce3-a52f-eb9f633c4ce8,2026-05-17T14:26:13.035787
5ed923e4-08c1-45c3-a3c4-43807aa7ab06,IN THE GREY,cgv,,26022600,,,,2D,2026-05-17,87355176-b003-4ee7-9f16-d8da08f9965e,2026-05-17T14:26:13.035796
5ed923e4-08c1-45c3-a3c4-43807aa7ab06,TOP GUN RE RELEASE,cgv,,26022700,,,,2D,2026-05-17,004ed790-f97f-4035-bf86-b5b2f39bad99,2026-05-17T14:26:13.035807
5ed923e4-08c1-45c3-a3c4-43807aa7ab06,KELUARGA SUAMI ADALAH HAMA,cgv,,26017700,,,,2D,2026-05-17,6dc2e259-e95a-43f4-862a-eb8530bc10d8,2026-05-17T14:26:13.035817
5ed923e4-08c1-45c3-a3c4-43807aa7ab06,THE SUPER MARIO GALAXY MOVIE,cgv,,26012700,,,,2D,2026-05-17,7d8584cd-7be6-4b95-b5f8-cada9c7c2b59,2026-05-17T14:26:13.035827
5ed923e4-08c1-45c3-a3c4-43807aa7ab06,KNEECAP,cgv,,26024100,,,,2D,2026-05-17,0b024d41-bf74-42f6-9063-610d9fe2dcca,2026-05-17T14:26:13.035837
5ed923e4-08c1-45c3-a3c4-43807aa7ab06,PATI PATNI AUR WOH DO,cgv,,26024300,,,,2D,2026-05-17,abe4b986-deb4-40d6-a15c-8dc36b998eb9,2026-05-17T14:26:13.035847
5ed923e4-08c1-45c3-a3c4-43807aa7ab06,KFT NA WILLA,cgv,,26015600,,,,2D,2026-05-17,fb0c046b-45c7-4e4e-981c-f60fdfc0557d,2026-05-17T14:26:13.035857
5ed923e4-08c1-45c3-a3c4-43807aa7ab06,AIN,cgv,,26019300,,,,2D,2026-05-17,86960d48-938c-46f3-8d98-1ebc0e3ad120,2026-05-17T14:26:13.035867
5ed923e4-08c1-45c3-a3c4-43807aa7ab06,LEE CRONINS THE MUMMY,cgv,,26014100,,,,2D,2026-05-17,c54393af-ec0c-4181-8737-4871933df23c,2026-05-17T14:26:13.035877
5ed923e4-08c1-45c3-a3c4-43807aa7ab06,ENHYPEN IMMERSION IN CINEMAS,cgv,,26016900,,,,2D,2026-05-17,7dd08d68-e9ac-4a3e-b8fd-dd235b61e845,2026-05-17T14:26:13.035887
5ed923e4-08c1-45c3-a3c4-43807aa7ab06,THE BELL PANGGILAN UNTUK MATI,cgv,,26020700,,,,2D,2026-05-17,a4769fc3-e7f4-4547-a0b3-b86b3493fe89,2026-05-17T14:26:13.035897
a0352527-6cb6-40cd-9330-8ed420826821,TUMBAL PROYEK,cgv,,26014300,Horror,106 min,17+,2D,2026-05-17,29548d5b-e0dd-4e6f-be62-7474a571ce3b,2026-05-17T14:26:12.158506
fdee6cbe-013f-4efa-b6e4-6d5f81dc11ca,GHOST IN THE CELL,cgv,,26011800,Comedy,106 min,17+,2D,2026-05-17,d20bb2e2-8332-4087-9815-7028c26f51c6,2026-05-17T14:26:12.807587
7c519d98-42b7-4829-89be-dd507fbe2daf,TUMBAL PROYEK,cgv,,26014300,Horror,106 min,17+,2D,2026-05-17,5846865b-3e6d-4dab-b4e6-37f7ac4997cd,2026-05-17T14:26:13.030126
76402184-f87e-4cd9-87ab-af5d93f3804c,TUMBAL PROYEK,cgv,,26014300,Horror,106 min,17+,2D,2026-05-17,8bb5fd10-251a-410f-87b1-48873d8d732d,2026-05-17T14:26:13.850058
34d0eb0d-e829-4f63-aa79-81953f5d9b0d,YANG LAIN BOLEH HILANG ASAL KAU JANGAN,cgv,,26018300,Drama,113 min,13+,2D,2026-05-17,11699fef-0351-42cd-9bb4-89a43ebb3705,2026-05-17T14:26:14.413059
34d0eb0d-e829-4f63-aa79-81953f5d9b0d,TUMBAL PROYEK,cgv,,26014300,Horror,106 min,17+,2D,2026-05-17,7b1a9b9c-466c-4896-b5ef-5d76d7c8fe29,2026-05-17T14:26:14.413388
34d0eb0d-e829-4f63-aa79-81953f5d9b0d,GHOST IN THE CELL,cgv,,26011800,Comedy,106 min,17+,2D,2026-05-17,669ce052-710f-4889-945c-d1634761b7de,2026-05-17T14:26:14.413702
7834d133-1948-4501-b6ef-524a295743d5,TUMBAL PROYEK,cgv,,26014300,Horror,106 min,17+,2D,2026-05-17,47b7c9ad-5005-4fa5-8d08-32584923bdde,2026-05-17T14:26:14.647104
9c17572e-8fc1-443e-aaec-e007bf29cbc6,TUMBAL PROYEK,cgv,,26014300,,,,2D,2026-05-17,108118a6-4bb3-4b26-8ee9-335bbf782612,2026-05-17T14:26:16.383320
9c17572e-8fc1-443e-aaec-e007bf29cbc6,SEMUA AKAN BAIK BAIK SAJA,cgv,,26018100,,,,2D,2026-05-17,fdec9f7b-8baa-41cf-a0ff-670220cec692,2026-05-17T14:26:16.383350
9c17572e-8fc1-443e-aaec-e007bf29cbc6,GHOST IN THE CELL,cgv,,26011800,,,,2D,2026-05-17,43262271-f37e-425a-beed-0260e276be82,2026-05-17T14:26:16.383370
9c17572e-8fc1-443e-aaec-e007bf29cbc6,YANG LAIN BOLEH HILANG ASAL KAU JANGAN,cgv,,26018300,,,,2D,2026-05-17,f1782b60-4772-4280-8c48-d83a02c3aa6b,2026-05-17T14:26:16.383389
9c17572e-8fc1-443e-aaec-e007bf29cbc6,MORTAL KOMBAT II,cgv,,26018200,,,,2D,2026-05-17,e1441fa1-8cbb-48c5-bd0b-7a0219507116,2026-05-17T14:26:16.383406
9c17572e-8fc1-443e-aaec-e007bf29cbc6,TIBA TIBA SETAN,cgv,,26007500,,,,2D,2026-05-17,bdfcc937-e020-424c-98cf-8c6c276a3936,2026-05-17T14:26:16.383423
9c17572e-8fc1-443e-aaec-e007bf29cbc6,NOBAR BIRU PSM VS PERSIB,cgv,,26024200,,,,2D,2026-05-17,90c849e0-fb97-4c94-971f-19b7a84b3213,2026-05-17T14:26:16.383439
9c17572e-8fc1-443e-aaec-e007bf29cbc6,GOHAN,cgv,,26022500,,,,2D,2026-05-17,75c518f7-0deb-4ef7-b168-58d3e55204f6,2026-05-17T14:26:16.383455
9c17572e-8fc1-443e-aaec-e007bf29cbc6,SALMOKJI WHISPERING WATER,cgv,,26019100,,,,2D,2026-05-17,22c1e4c9-0301-4322-a40b-87dd1268004c,2026-05-17T14:26:16.383471
9c17572e-8fc1-443e-aaec-e007bf29cbc6,THE SHEEP DETECTIVES,cgv,,26019500,,,,2D,2026-05-17,3016783a-b378-4756-8ce5-92b130ee5852,2026-05-17T14:26:16.383487
9c17572e-8fc1-443e-aaec-e007bf29cbc6,AYAH INI ARAHNYA KEMANA YA,cgv,,26011000,,,,2D,2026-05-17,0459c92a-a99a-45d0-b1d3-135b56d10361,2026-05-17T14:26:16.383503
9c17572e-8fc1-443e-aaec-e007bf29cbc6,DILAN ITB 1997,cgv,,26016100,,,,2D,2026-05-17,b8135e09-8605-40be-8968-68155ff00a05,2026-05-17T14:26:16.383518
9c17572e-8fc1-443e-aaec-e007bf29cbc6,THE KINGS WARDEN,cgv,,26015000,,,,2D,2026-05-17,c6b47aae-9f0f-47a5-9b0b-e3e8525f9237,2026-05-17T14:26:16.383534
9c17572e-8fc1-443e-aaec-e007bf29cbc6,THE DEVIL WEARS PRADA 2,cgv,,26019800,,,,2D,2026-05-17,c4bbee68-f0a3-463d-9a7b-6dd12e350b0f,2026-05-17T14:26:16.383549
9c17572e-8fc1-443e-aaec-e007bf29cbc6,MOBILE SUIT GUNDAM HATHAWAY,cgv,,26021100,,,,2D,2026-05-17,f43bf63d-38af-41a1-a57e-33a157f2e41f,2026-05-17T14:26:16.383565
9c17572e-8fc1-443e-aaec-e007bf29cbc6,THAT TIME I GOT REINCARNATED AS A SLIME THE MOVIE TEARS OF THE AZURE SEA,cgv,,26017900,,,,2D,2026-05-17,de81d0ae-1de5-46d7-aaeb-5644ce95d627,2026-05-17T14:26:16.383581
9c17572e-8fc1-443e-aaec-e007bf29cbc6,TOP GUN MAVERICK RE RELEASE,cgv,,26022800,,,,2D,2026-05-17,77a12a07-6e6a-4397-af3c-d4ebd8b3a4b4,2026-05-17T14:26:16.383597
9c17572e-8fc1-443e-aaec-e007bf29cbc6,SEKAWAN LIMO 2 GUNUNG KLAWIH,cgv,,26023300,,,,2D,2026-05-17,15e3d488-5b1e-498c-b204-b5f681e7b6a5,2026-05-17T14:26:16.383612
9c17572e-8fc1-443e-aaec-e007bf29cbc6,NA WILLA,cgv,,26003200,,,,2D,2026-05-17,8cf1cdac-87f5-4711-a3bf-cf9998030739,2026-05-17T14:26:16.383629
9c17572e-8fc1-443e-aaec-e007bf29cbc6,IN THE GREY,cgv,,26022600,,,,2D,2026-05-17,b7e0fb1a-6178-4159-ab1d-f0259b02a3b4,2026-05-17T14:26:16.383645
9c17572e-8fc1-443e-aaec-e007bf29cbc6,TOP GUN RE RELEASE,cgv,,26022700,,,,2D,2026-05-17,5e83884c-4e22-48d4-aeef-5e75249f43af,2026-05-17T14:26:16.383660
9c17572e-8fc1-443e-aaec-e007bf29cbc6,KELUARGA SUAMI ADALAH HAMA,cgv,,26017700,,,,2D,2026-05-17,3228024b-ab8a-4ede-920a-724d4c09a9c7,2026-05-17T14:26:16.383676
9c17572e-8fc1-443e-aaec-e007bf29cbc6,THE SUPER MARIO GALAXY MOVIE,cgv,,26012700,,,,2D,2026-05-17,bf6da514-d670-4962-bcb2-4841a20f7544,2026-05-17T14:26:16.383691
9c17572e-8fc1-443e-aaec-e007bf29cbc6,KNEECAP,cgv,,26024100,,,,2D,2026-05-17,52c16467-b132-43de-b2d1-a29fdd667435,2026-05-17T14:26:16.383707
9c17572e-8fc1-443e-aaec-e007bf29cbc6,PATI PATNI AUR WOH DO,cgv,,26024300,,,,2D,2026-05-17,492fcd3c-6a76-420d-a80b-b2e58d96b513,2026-05-17T14:26:16.383725
9c17572e-8fc1-443e-aaec-e007bf29cbc6,KFT NA WILLA,cgv,,26015600,,,,2D,2026-05-17,8cb0e8c4-ecf1-49ff-a92a-43dc721ffbed,2026-05-17T14:26:16.383742
9c17572e-8fc1-443e-aaec-e007bf29cbc6,AIN,cgv,,26019300,,,,2D,2026-05-17,bb3286d2-3427-42a8-8e27-040e53f3afa0,2026-05-17T14:26:16.383757
9c17572e-8fc1-443e-aaec-e007bf29cbc6,LEE CRONINS THE MUMMY,cgv,,26014100,,,,2D,2026-05-17,0fc51a2b-23e3-4cfb-ab1a-6a83b45b2941,2026-05-17T14:26:16.383773
9c17572e-8fc1-443e-aaec-e007bf29cbc6,ENHYPEN IMMERSION IN CINEMAS,cgv,,26016900,,,,2D,2026-05-17,a7c95d6f-d79a-47de-9fc0-260fdeff136d,2026-05-17T14:26:16.383787
9c17572e-8fc1-443e-aaec-e007bf29cbc6,THE BELL PANGGILAN UNTUK MATI,cgv,,26020700,,,,2D,2026-05-17,b4f8ef15-cd21-4d9f-b54f-6a41125db78f,2026-05-17T14:26:16.383802
a8848d34-0266-40a5-9e77-78c3229d656f,TUMBAL PROYEK,cgv,,26014300,,,,2D,2026-05-17,2766045d-6dfc-49dd-9748-0c9475d3313d,2026-05-17T14:26:17.057166
a8848d34-0266-40a5-9e77-78c3229d656f,SEMUA AKAN BAIK BAIK SAJA,cgv,,26018100,,,,2D,2026-05-17,cae1c635-0269-44e4-8c62-f528737a04a5,2026-05-17T14:26:17.057219
a8848d34-0266-40a5-9e77-78c3229d656f,GHOST IN THE CELL,cgv,,26011800,,,,2D,2026-05-17,15ba6fb4-f89a-48f3-8071-dca8b5d6865d,2026-05-17T14:26:17.057255
a8848d34-0266-40a5-9e77-78c3229d656f,YANG LAIN BOLEH HILANG ASAL KAU JANGAN,cgv,,26018300,,,,2D,2026-05-17,3c34afb4-4254-4820-b46f-fd913eacefb2,2026-05-17T14:26:17.057291
a8848d34-0266-40a5-9e77-78c3229d656f,MORTAL KOMBAT II,cgv,,26018200,,,,2D,2026-05-17,675e3251-46c2-488c-a00c-2e9eaebc4e2d,2026-05-17T14:26:17.057323
a8848d34-0266-40a5-9e77-78c3229d656f,TIBA TIBA SETAN,cgv,,26007500,,,,2D,2026-05-17,505b1f90-ebe7-46eb-b0ae-a7bf5e11dc06,2026-05-17T14:26:17.057353
a8848d34-0266-40a5-9e77-78c3229d656f,NOBAR BIRU PSM VS PERSIB,cgv,,26024200,,,,2D,2026-05-17,6486ef42-7865-405f-bd5c-49f4f213a521,2026-05-17T14:26:17.057390
a8848d34-0266-40a5-9e77-78c3229d656f,GOHAN,cgv,,26022500,,,,2D,2026-05-17,6bfa11b1-4546-4e54-b747-f250139a6ab9,2026-05-17T14:26:17.057419
a8848d34-0266-40a5-9e77-78c3229d656f,SALMOKJI WHISPERING WATER,cgv,,26019100,,,,2D,2026-05-17,2a0faefd-3474-448e-8706-e5476ec249ca,2026-05-17T14:26:17.057447
a8848d34-0266-40a5-9e77-78c3229d656f,THE SHEEP DETECTIVES,cgv,,26019500,,,,2D,2026-05-17,928efe32-6e25-4b29-b199-35b8a2112386,2026-05-17T14:26:17.057476
a8848d34-0266-40a5-9e77-78c3229d656f,AYAH INI ARAHNYA KEMANA YA,cgv,,26011000,,,,2D,2026-05-17,7c08e3e4-a413-4f91-97f0-ba811be346aa,2026-05-17T14:26:17.057504
a8848d34-0266-40a5-9e77-78c3229d656f,DILAN ITB 1997,cgv,,26016100,,,,2D,2026-05-17,0984f25b-dbce-4149-ae3b-52d9462fb9ef,2026-05-17T14:26:17.057534
a8848d34-0266-40a5-9e77-78c3229d656f,THE KINGS WARDEN,cgv,,26015000,,,,2D,2026-05-17,4c0ec92d-39ed-491a-93ec-ca8e9642af4d,2026-05-17T14:26:17.057563
a8848d34-0266-40a5-9e77-78c3229d656f,THE DEVIL WEARS PRADA 2,cgv,,26019800,,,,2D,2026-05-17,95dbe3af-006c-4562-9691-e86d3012c405,2026-05-17T14:26:17.057592
a8848d34-0266-40a5-9e77-78c3229d656f,MOBILE SUIT GUNDAM HATHAWAY,cgv,,26021100,,,,2D,2026-05-17,7aaba270-273b-4842-ab7e-0d3067f69837,2026-05-17T14:26:17.057622
a8848d34-0266-40a5-9e77-78c3229d656f,THAT TIME I GOT REINCARNATED AS A SLIME THE MOVIE TEARS OF THE AZURE SEA,cgv,,26017900,,,,2D,2026-05-17,555a122f-3312-43ca-966b-b660152084b7,2026-05-17T14:26:17.057652
a8848d34-0266-40a5-9e77-78c3229d656f,TOP GUN MAVERICK RE RELEASE,cgv,,26022800,,,,2D,2026-05-17,ce41b3b5-c38c-4a2f-9760-33362a524635,2026-05-17T14:26:17.057681
a8848d34-0266-40a5-9e77-78c3229d656f,SEKAWAN LIMO 2 GUNUNG KLAWIH,cgv,,26023300,,,,2D,2026-05-17,ce1a7095-2c54-4a50-9077-6f7fe5058508,2026-05-17T14:26:17.057726
a8848d34-0266-40a5-9e77-78c3229d656f,NA WILLA,cgv,,26003200,,,,2D,2026-05-17,69132186-1d93-4200-90cf-ba628d7d6c67,2026-05-17T14:26:17.057762
a8848d34-0266-40a5-9e77-78c3229d656f,IN THE GREY,cgv,,26022600,,,,2D,2026-05-17,b9db461f-5e81-403c-9640-c00c3b556463,2026-05-17T14:26:17.057792
a8848d34-0266-40a5-9e77-78c3229d656f,TOP GUN RE RELEASE,cgv,,26022700,,,,2D,2026-05-17,d836fea4-9eb4-4c33-a96f-59d0f8b2f10b,2026-05-17T14:26:17.057821
a8848d34-0266-40a5-9e77-78c3229d656f,KELUARGA SUAMI ADALAH HAMA,cgv,,26017700,,,,2D,2026-05-17,e718b37e-34be-47db-a948-91eaf55d7649,2026-05-17T14:26:17.057850
a8848d34-0266-40a5-9e77-78c3229d656f,THE SUPER MARIO GALAXY MOVIE,cgv,,26012700,,,,2D,2026-05-17,ee6f97e1-61ae-4cb6-a3f1-ec5d3c65d4eb,2026-05-17T14:26:17.057879
a8848d34-0266-40a5-9e77-78c3229d656f,KNEECAP,cgv,,26024100,,,,2D,2026-05-17,e4e47fd8-af47-4e85-821b-58c1d9a81077,2026-05-17T14:26:17.057908
a8848d34-0266-40a5-9e77-78c3229d656f,PATI PATNI AUR WOH DO,cgv,,26024300,,,,2D,2026-05-17,af01314c-3da5-408f-8684-d614d5e164f4,2026-05-17T14:26:17.057937
a8848d34-0266-40a5-9e77-78c3229d656f,KFT NA WILLA,cgv,,26015600,,,,2D,2026-05-17,15ab3660-beb0-4996-9dd2-c11f034ec6a0,2026-05-17T14:26:17.057967
a8848d34-0266-40a5-9e77-78c3229d656f,AIN,cgv,,26019300,,,,2D,2026-05-17,446d798f-77d7-4f2f-a8ac-7d562e2d97a5,2026-05-17T14:26:17.057996
a8848d34-0266-40a5-9e77-78c3229d656f,LEE CRONINS THE MUMMY,cgv,,26014100,,,,2D,2026-05-17,2e02d238-34c2-4008-a8a9-91529ba38fc5,2026-05-17T14:26:17.058025
a8848d34-0266-40a5-9e77-78c3229d656f,ENHYPEN IMMERSION IN CINEMAS,cgv,,26016900,,,,2D,2026-05-17,5a98cd2d-cb0b-45d7-b407-189c43a3275e,2026-05-17T14:26:17.058054
a8848d34-0266-40a5-9e77-78c3229d656f,THE BELL PANGGILAN UNTUK MATI,cgv,,26020700,,,,2D,2026-05-17,db68b030-b8d4-4e10-8d0a-01da42911ec9,2026-05-17T14:26:17.058083
0042abb0-38fe-491f-ac17-0b9fa213286c,LEE CRONIN'S THE MUMMY,cgv,,26014100,Horror,134 min,17+,2D,2026-05-17,0e2e4a8a-877b-40fc-9cdb-888765cf6199,2026-05-17T14:26:15.744037
0042abb0-38fe-491f-ac17-0b9fa213286c,TUMBAL PROYEK,cgv,,26014300,Horror,106 min,17+,2D,2026-05-17,a9a17a7f-0f2b-4e00-ac30-514406b7650d,2026-05-17T14:26:15.744343
0042abb0-38fe-491f-ac17-0b9fa213286c,GHOST IN THE CELL,cgv,,26011800,Comedy,106 min,17+,2D,2026-05-17,db60047d-0f6b-4758-807e-267ae8b5653d,2026-05-17T14:26:15.744633
0042abb0-38fe-491f-ac17-0b9fa213286c,SEMUA AKAN BAIK BAIK SAJA,cgv,,26018100,Drama,113 min,13+,2D,2026-05-17,b0b68ae0-a109-49b3-8616-985a7f0539ba,2026-05-17T14:26:15.744913
5f6a7365-baac-4ab5-b6e4-d3150baff084,YANG LAIN BOLEH HILANG ASAL KAU JANGAN,cgv,,26018300,Drama,113 min,13+,2D,2026-05-17,6a06e8f0-da0c-4c2a-91b6-d9febe5cf876,2026-05-17T14:26:16.322411
3f7da300-8148-4fec-b92d-9eb0e8d44133,TUMBAL PROYEK,cgv,,26014300,,,,2D,2026-05-17,4da4e6d6-afc2-401f-8896-13e4357dc9ff,2026-05-17T14:26:19.435978
3f7da300-8148-4fec-b92d-9eb0e8d44133,SEMUA AKAN BAIK BAIK SAJA,cgv,,26018100,,,,2D,2026-05-17,5fb90b19-3682-4cee-b3dd-8ab733b34b37,2026-05-17T14:26:19.436020
3f7da300-8148-4fec-b92d-9eb0e8d44133,GHOST IN THE CELL,cgv,,26011800,,,,2D,2026-05-17,49e306bb-6968-4507-9435-23362fccc553,2026-05-17T14:26:19.436050
3f7da300-8148-4fec-b92d-9eb0e8d44133,YANG LAIN BOLEH HILANG ASAL KAU JANGAN,cgv,,26018300,,,,2D,2026-05-17,7794b36d-0e86-49b9-a980-fdb793fa8619,2026-05-17T14:26:19.436079
3f7da300-8148-4fec-b92d-9eb0e8d44133,MORTAL KOMBAT II,cgv,,26018200,,,,2D,2026-05-17,bf20fac1-23e7-4003-ab39-a27bc07bc9e7,2026-05-17T14:26:19.436105
3f7da300-8148-4fec-b92d-9eb0e8d44133,TIBA TIBA SETAN,cgv,,26007500,,,,2D,2026-05-17,512f1243-1f6d-4d8a-a311-439894d62e61,2026-05-17T14:26:19.436130
3f7da300-8148-4fec-b92d-9eb0e8d44133,NOBAR BIRU PSM VS PERSIB,cgv,,26024200,,,,2D,2026-05-17,ba7559a8-36ec-4a96-ab72-fcbd9d4b22fd,2026-05-17T14:26:19.436154
3f7da300-8148-4fec-b92d-9eb0e8d44133,GOHAN,cgv,,26022500,,,,2D,2026-05-17,6f3a8534-f816-4410-952f-29cc54808227,2026-05-17T14:26:19.436178
3f7da300-8148-4fec-b92d-9eb0e8d44133,SALMOKJI WHISPERING WATER,cgv,,26019100,,,,2D,2026-05-17,12bf79cc-c970-4aab-b49a-ae45fb20d32c,2026-05-17T14:26:19.436202
3f7da300-8148-4fec-b92d-9eb0e8d44133,THE SHEEP DETECTIVES,cgv,,26019500,,,,2D,2026-05-17,e91b6cca-e19d-482c-831b-3f3d78a0371d,2026-05-17T14:26:19.436226
3f7da300-8148-4fec-b92d-9eb0e8d44133,AYAH INI ARAHNYA KEMANA YA,cgv,,26011000,,,,2D,2026-05-17,29558924-e0d2-4ce3-a139-f454159873b8,2026-05-17T14:26:19.436251
3f7da300-8148-4fec-b92d-9eb0e8d44133,DILAN ITB 1997,cgv,,26016100,,,,2D,2026-05-17,875936ee-0742-473e-863d-c26b0750cf41,2026-05-17T14:26:19.436275
3f7da300-8148-4fec-b92d-9eb0e8d44133,THE KINGS WARDEN,cgv,,26015000,,,,2D,2026-05-17,34f1180e-d0ee-4041-9937-cec8d7d8914d,2026-05-17T14:26:19.436299
3f7da300-8148-4fec-b92d-9eb0e8d44133,THE DEVIL WEARS PRADA 2,cgv,,26019800,,,,2D,2026-05-17,c2ef53d8-1827-4725-bc11-72c5af2da475,2026-05-17T14:26:19.436323
3f7da300-8148-4fec-b92d-9eb0e8d44133,MOBILE SUIT GUNDAM HATHAWAY,cgv,,26021100,,,,2D,2026-05-17,b0af2833-25e2-476a-a334-d4809f0a8290,2026-05-17T14:26:19.436346
3f7da300-8148-4fec-b92d-9eb0e8d44133,THAT TIME I GOT REINCARNATED AS A SLIME THE MOVIE TEARS OF THE AZURE SEA,cgv,,26017900,,,,2D,2026-05-17,f1a0650b-9f1a-4230-a59f-9d414a6a2cf5,2026-05-17T14:26:19.436371
3f7da300-8148-4fec-b92d-9eb0e8d44133,TOP GUN MAVERICK RE RELEASE,cgv,,26022800,,,,2D,2026-05-17,b7a26a13-2211-42af-b8cf-724fb07f6fe2,2026-05-17T14:26:19.436394
3f7da300-8148-4fec-b92d-9eb0e8d44133,SEKAWAN LIMO 2 GUNUNG KLAWIH,cgv,,26023300,,,,2D,2026-05-17,55ef92d1-ac8f-4e30-9d77-11d3a313a74f,2026-05-17T14:26:19.436418
3f7da300-8148-4fec-b92d-9eb0e8d44133,NA WILLA,cgv,,26003200,,,,2D,2026-05-17,5571f3b5-99a8-4cfd-bb4e-f5efd7358b69,2026-05-17T14:26:19.436442
3f7da300-8148-4fec-b92d-9eb0e8d44133,IN THE GREY,cgv,,26022600,,,,2D,2026-05-17,2628071b-9d4e-42cd-8b73-44a40a7d0e1b,2026-05-17T14:26:19.436465
3f7da300-8148-4fec-b92d-9eb0e8d44133,TOP GUN RE RELEASE,cgv,,26022700,,,,2D,2026-05-17,7ddd5d63-2ec3-403d-9cfd-5291ecb33f59,2026-05-17T14:26:19.436489
3f7da300-8148-4fec-b92d-9eb0e8d44133,KELUARGA SUAMI ADALAH HAMA,cgv,,26017700,,,,2D,2026-05-17,355767e3-147c-498f-a279-1adced38ef05,2026-05-17T14:26:19.436512
3f7da300-8148-4fec-b92d-9eb0e8d44133,THE SUPER MARIO GALAXY MOVIE,cgv,,26012700,,,,2D,2026-05-17,131d33c2-d931-4d11-9301-b4887f41e552,2026-05-17T14:26:19.436535
3f7da300-8148-4fec-b92d-9eb0e8d44133,KNEECAP,cgv,,26024100,,,,2D,2026-05-17,b283652d-9949-49cd-8e14-651997504339,2026-05-17T14:26:19.436558
3f7da300-8148-4fec-b92d-9eb0e8d44133,PATI PATNI AUR WOH DO,cgv,,26024300,,,,2D,2026-05-17,333be65e-6072-4c3e-aa9f-1c6176096d22,2026-05-17T14:26:19.436581
3f7da300-8148-4fec-b92d-9eb0e8d44133,KFT NA WILLA,cgv,,26015600,,,,2D,2026-05-17,87a9cedc-5798-4119-838f-2fdb0e71ca00,2026-05-17T14:26:19.436604
3f7da300-8148-4fec-b92d-9eb0e8d44133,AIN,cgv,,26019300,,,,2D,2026-05-17,23cebe0c-f88b-4165-8fee-829a7065a893,2026-05-17T14:26:19.436627
3f7da300-8148-4fec-b92d-9eb0e8d44133,LEE CRONINS THE MUMMY,cgv,,26014100,,,,2D,2026-05-17,db63ceee-4fa0-4222-b707-116602974f7f,2026-05-17T14:26:19.436650
3f7da300-8148-4fec-b92d-9eb0e8d44133,ENHYPEN IMMERSION IN CINEMAS,cgv,,26016900,,,,2D,2026-05-17,45f40233-9b54-4bf4-974f-1af4b4293d37,2026-05-17T14:26:19.436673
3f7da300-8148-4fec-b92d-9eb0e8d44133,THE BELL PANGGILAN UNTUK MATI,cgv,,26020700,,,,2D,2026-05-17,6f883c37-c505-40a9-81e4-41320eccf496,2026-05-17T14:26:19.436696
3be64082-a9ab-4afc-bb51-f791e272c64e,TUMBAL PROYEK,cgv,,26014300,,,,2D,2026-05-17,2a6a8115-1a3c-4aec-adb6-6857c779a2c2,2026-05-17T14:26:20.090276
3be64082-a9ab-4afc-bb51-f791e272c64e,SEMUA AKAN BAIK BAIK SAJA,cgv,,26018100,,,,2D,2026-05-17,045378ba-70cf-4986-80f1-9b7f1d942e5a,2026-05-17T14:26:20.090300
3be64082-a9ab-4afc-bb51-f791e272c64e,GHOST IN THE CELL,cgv,,26011800,,,,2D,2026-05-17,6ac07cc9-bf13-4af5-9288-59e9af082fcb,2026-05-17T14:26:20.090317
3be64082-a9ab-4afc-bb51-f791e272c64e,YANG LAIN BOLEH HILANG ASAL KAU JANGAN,cgv,,26018300,,,,2D,2026-05-17,d38686bb-f255-4f70-9789-ce4e5294de8c,2026-05-17T14:26:20.090334
3be64082-a9ab-4afc-bb51-f791e272c64e,MORTAL KOMBAT II,cgv,,26018200,,,,2D,2026-05-17,2f3c5452-eee4-4274-b07a-e35a092a20cb,2026-05-17T14:26:20.090350
3be64082-a9ab-4afc-bb51-f791e272c64e,TIBA TIBA SETAN,cgv,,26007500,,,,2D,2026-05-17,d97b9560-122c-47fb-892e-a6141ccd7cee,2026-05-17T14:26:20.090365
3be64082-a9ab-4afc-bb51-f791e272c64e,NOBAR BIRU PSM VS PERSIB,cgv,,26024200,,,,2D,2026-05-17,f23fd87a-b9a3-4d4c-b8ae-c15afce8703e,2026-05-17T14:26:20.090380
3be64082-a9ab-4afc-bb51-f791e272c64e,GOHAN,cgv,,26022500,,,,2D,2026-05-17,0ca54366-a953-4964-8f1b-17b6fc7ea736,2026-05-17T14:26:20.090395
3be64082-a9ab-4afc-bb51-f791e272c64e,SALMOKJI WHISPERING WATER,cgv,,26019100,,,,2D,2026-05-17,809a9f02-9af9-45b7-864c-8b60cf5acc3e,2026-05-17T14:26:20.090410
3be64082-a9ab-4afc-bb51-f791e272c64e,THE SHEEP DETECTIVES,cgv,,26019500,,,,2D,2026-05-17,6894f986-b02a-44a8-a33e-b991198011ee,2026-05-17T14:26:20.090424
3be64082-a9ab-4afc-bb51-f791e272c64e,AYAH INI ARAHNYA KEMANA YA,cgv,,26011000,,,,2D,2026-05-17,a4802406-8601-4bda-8221-2ab6fe1dcfe2,2026-05-17T14:26:20.090438
3be64082-a9ab-4afc-bb51-f791e272c64e,DILAN ITB 1997,cgv,,26016100,,,,2D,2026-05-17,bde0fde4-49e8-4bf9-b441-9f8cfac2d913,2026-05-17T14:26:20.090452
3be64082-a9ab-4afc-bb51-f791e272c64e,THE KINGS WARDEN,cgv,,26015000,,,,2D,2026-05-17,0055a38d-1f67-4a30-ae1b-8f6e603b5aa2,2026-05-17T14:26:20.090467
3be64082-a9ab-4afc-bb51-f791e272c64e,THE DEVIL WEARS PRADA 2,cgv,,26019800,,,,2D,2026-05-17,4d8b6a2f-1651-4ed3-94d9-f51f2db68c5e,2026-05-17T14:26:20.090481
3be64082-a9ab-4afc-bb51-f791e272c64e,MOBILE SUIT GUNDAM HATHAWAY,cgv,,26021100,,,,2D,2026-05-17,45635964-742d-4706-aad9-7fd52202c72b,2026-05-17T14:26:20.090495
3be64082-a9ab-4afc-bb51-f791e272c64e,THAT TIME I GOT REINCARNATED AS A SLIME THE MOVIE TEARS OF THE AZURE SEA,cgv,,26017900,,,,2D,2026-05-17,b778d6f6-4ade-42c5-9a69-652a143388fc,2026-05-17T14:26:20.090509
3be64082-a9ab-4afc-bb51-f791e272c64e,TOP GUN MAVERICK RE RELEASE,cgv,,26022800,,,,2D,2026-05-17,a4be742c-01ba-4932-b047-2298c594cc80,2026-05-17T14:26:20.090523
3be64082-a9ab-4afc-bb51-f791e272c64e,SEKAWAN LIMO 2 GUNUNG KLAWIH,cgv,,26023300,,,,2D,2026-05-17,06d7b617-75b0-4e8c-8ce6-0a538c2f3533,2026-05-17T14:26:20.090537
3be64082-a9ab-4afc-bb51-f791e272c64e,NA WILLA,cgv,,26003200,,,,2D,2026-05-17,5c569bf1-57b5-43d2-ab67-73d9b70863f4,2026-05-17T14:26:20.090552
3be64082-a9ab-4afc-bb51-f791e272c64e,IN THE GREY,cgv,,26022600,,,,2D,2026-05-17,a33ad2db-05da-4737-99e4-fc7d97a71e7b,2026-05-17T14:26:20.090565
3be64082-a9ab-4afc-bb51-f791e272c64e,TOP GUN RE RELEASE,cgv,,26022700,,,,2D,2026-05-17,8b9b94d9-8f9c-4db3-a26a-4977259949b8,2026-05-17T14:26:20.090579
3be64082-a9ab-4afc-bb51-f791e272c64e,KELUARGA SUAMI ADALAH HAMA,cgv,,26017700,,,,2D,2026-05-17,48e822f5-8f7b-4e95-b8d8-2fa7b7c71f5a,2026-05-17T14:26:20.090592
3be64082-a9ab-4afc-bb51-f791e272c64e,THE SUPER MARIO GALAXY MOVIE,cgv,,26012700,,,,2D,2026-05-17,7647db30-cade-4cbc-9a95-36391d1d0f4b,2026-05-17T14:26:20.090606
3be64082-a9ab-4afc-bb51-f791e272c64e,KNEECAP,cgv,,26024100,,,,2D,2026-05-17,d0fff0cc-dfe6-4a08-afd8-6eff29e64f0b,2026-05-17T14:26:20.090619
3be64082-a9ab-4afc-bb51-f791e272c64e,PATI PATNI AUR WOH DO,cgv,,26024300,,,,2D,2026-05-17,d3324a0a-5353-44eb-9e9e-359c93e16fa6,2026-05-17T14:26:20.090632
3be64082-a9ab-4afc-bb51-f791e272c64e,KFT NA WILLA,cgv,,26015600,,,,2D,2026-05-17,7cf1faf0-4dc4-4c60-860b-3d9a750e02ba,2026-05-17T14:26:20.090646
3be64082-a9ab-4afc-bb51-f791e272c64e,AIN,cgv,,26019300,,,,2D,2026-05-17,2194b293-1ef1-462b-a5e8-0f4de8723109,2026-05-17T14:26:20.090659
3be64082-a9ab-4afc-bb51-f791e272c64e,LEE CRONINS THE MUMMY,cgv,,26014100,,,,2D,2026-05-17,dfade32d-bdb7-4fe9-9cc4-67411ec699bf,2026-05-17T14:26:20.090673
3be64082-a9ab-4afc-bb51-f791e272c64e,ENHYPEN IMMERSION IN CINEMAS,cgv,,26016900,,,,2D,2026-05-17,471909ec-2f4f-45ed-b85a-bdf19856fa87,2026-05-17T14:26:20.090687
3be64082-a9ab-4afc-bb51-f791e272c64e,THE BELL PANGGILAN UNTUK MATI,cgv,,26020700,,,,2D,2026-05-17,613778eb-5ce5-4057-a337-d7c01acf8f9b,2026-05-17T14:26:20.090700
bf38d91d-958e-48e8-a724-479e920ef5dd,TUMBAL PROYEK,cgv,,26014300,Horror,106 min,17+,2D,2026-05-17,b8543e79-2ac7-4ae8-bbc6-f61d3cc8a0af,2026-05-17T14:26:18.610629
bf38d91d-958e-48e8-a724-479e920ef5dd,YANG LAIN BOLEH HILANG ASAL KAU JANGAN,cgv,,26018300,Drama,113 min,13+,2D,2026-05-17,308af284-637c-4c6f-a3b5-0089b5d6fbee,2026-05-17T14:26:18.610902
bf38d91d-958e-48e8-a724-479e920ef5dd,GHOST IN THE CELL,cgv,,26011800,Comedy,106 min,17+,2D,2026-05-17,7490e057-813b-432a-84db-944774fc14ad,2026-05-17T14:26:18.611134
cdb4a5b2-6ea9-47e0-958d-f6e08c7eac85,TUMBAL PROYEK,cgv,,26014300,Horror,106 min,17+,2D,2026-05-17,b6b0b545-d071-4c1e-aafa-294c4e6ccdcd,2026-05-17T14:26:18.774683
cdb4a5b2-6ea9-47e0-958d-f6e08c7eac85,MORTAL KOMBAT II,cgv,,26018200,Action,116 min,17+,2D,2026-05-17,d7622d5c-cf0d-492e-a34e-796ec8fcae2b,2026-05-17T14:26:18.774914
651078a0-8991-4c07-ab0b-fd39c2dc3c4e,TUMBAL PROYEK,cgv,,26014300,,,,2D,2026-05-17,8c7aca5f-19f7-4ced-8d98-f8cfc9abf8c7,2026-05-17T14:26:20.887518
651078a0-8991-4c07-ab0b-fd39c2dc3c4e,SEMUA AKAN BAIK BAIK SAJA,cgv,,26018100,,,,2D,2026-05-17,1a5a5665-f790-4208-8989-54c9a3179a41,2026-05-17T14:26:20.887552
651078a0-8991-4c07-ab0b-fd39c2dc3c4e,GHOST IN THE CELL,cgv,,26011800,,,,2D,2026-05-17,eca341e1-1eec-40cf-9653-9afeee9f6f95,2026-05-17T14:26:20.887567
651078a0-8991-4c07-ab0b-fd39c2dc3c4e,YANG LAIN BOLEH HILANG ASAL KAU JANGAN,cgv,,26018300,,,,2D,2026-05-17,60080283-8d7f-4fc7-884f-c3254020f516,2026-05-17T14:26:20.887579
651078a0-8991-4c07-ab0b-fd39c2dc3c4e,MORTAL KOMBAT II,cgv,,26018200,,,,2D,2026-05-17,082d80bd-badd-4490-abd4-058c0cfcf427,2026-05-17T14:26:20.887592
651078a0-8991-4c07-ab0b-fd39c2dc3c4e,TIBA TIBA SETAN,cgv,,26007500,,,,2D,2026-05-17,15a2af9c-6097-4889-8cba-57abb8dede3f,2026-05-17T14:26:20.887604
651078a0-8991-4c07-ab0b-fd39c2dc3c4e,NOBAR BIRU PSM VS PERSIB,cgv,,26024200,,,,2D,2026-05-17,2b3cd59e-9a07-4803-97e8-8f8f04b03a94,2026-05-17T14:26:20.887616
651078a0-8991-4c07-ab0b-fd39c2dc3c4e,GOHAN,cgv,,26022500,,,,2D,2026-05-17,2d85699c-7a99-4860-9fe5-dd22777f620a,2026-05-17T14:26:20.887627
651078a0-8991-4c07-ab0b-fd39c2dc3c4e,SALMOKJI WHISPERING WATER,cgv,,26019100,,,,2D,2026-05-17,f79c5b96-1cf1-401f-9468-7f4993b61ec6,2026-05-17T14:26:20.887638
651078a0-8991-4c07-ab0b-fd39c2dc3c4e,THE SHEEP DETECTIVES,cgv,,26019500,,,,2D,2026-05-17,75ac5f07-2b33-4594-97af-a33ec99e03cb,2026-05-17T14:26:20.887648
651078a0-8991-4c07-ab0b-fd39c2dc3c4e,AYAH INI ARAHNYA KEMANA YA,cgv,,26011000,,,,2D,2026-05-17,fe59daf5-4ea0-492f-b6ca-ad79e1d40bb0,2026-05-17T14:26:20.887662
651078a0-8991-4c07-ab0b-fd39c2dc3c4e,DILAN ITB 1997,cgv,,26016100,,,,2D,2026-05-17,f040fe97-c0f3-4205-9e94-42bc4956a8b7,2026-05-17T14:26:20.887673
651078a0-8991-4c07-ab0b-fd39c2dc3c4e,THE KINGS WARDEN,cgv,,26015000,,,,2D,2026-05-17,c1ed11ce-f7e0-4446-88f5-a69ee6f14706,2026-05-17T14:26:20.887684
651078a0-8991-4c07-ab0b-fd39c2dc3c4e,THE DEVIL WEARS PRADA 2,cgv,,26019800,,,,2D,2026-05-17,1e84f8e9-a156-48f2-9430-7d7060012cb0,2026-05-17T14:26:20.887694
651078a0-8991-4c07-ab0b-fd39c2dc3c4e,MOBILE SUIT GUNDAM HATHAWAY,cgv,,26021100,,,,2D,2026-05-17,1e993dfe-2826-4de3-90fe-3456fa4ceb38,2026-05-17T14:26:20.887705
651078a0-8991-4c07-ab0b-fd39c2dc3c4e,THAT TIME I GOT REINCARNATED AS A SLIME THE MOVIE TEARS OF THE AZURE SEA,cgv,,26017900,,,,2D,2026-05-17,773951f4-5e8d-474e-8ce6-c6fe789f6c23,2026-05-17T14:26:20.887715
651078a0-8991-4c07-ab0b-fd39c2dc3c4e,TOP GUN MAVERICK RE RELEASE,cgv,,26022800,,,,2D,2026-05-17,d2fb702c-5c8a-476f-92d5-5ced834e1626,2026-05-17T14:26:20.887726
651078a0-8991-4c07-ab0b-fd39c2dc3c4e,SEKAWAN LIMO 2 GUNUNG KLAWIH,cgv,,26023300,,,,2D,2026-05-17,862c106d-c9df-4997-94f3-e3f76a4ee22d,2026-05-17T14:26:20.887821
651078a0-8991-4c07-ab0b-fd39c2dc3c4e,NA WILLA,cgv,,26003200,,,,2D,2026-05-17,88bbb791-68e8-4a17-8d98-28756b06fb6a,2026-05-17T14:26:20.887910
651078a0-8991-4c07-ab0b-fd39c2dc3c4e,IN THE GREY,cgv,,26022600,,,,2D,2026-05-17,1a2ca450-30e0-4f37-8fab-54cd8a386322,2026-05-17T14:26:20.887938
651078a0-8991-4c07-ab0b-fd39c2dc3c4e,TOP GUN RE RELEASE,cgv,,26022700,,,,2D,2026-05-17,c613a372-7942-4071-8665-338d4c0e202d,2026-05-17T14:26:20.887953
651078a0-8991-4c07-ab0b-fd39c2dc3c4e,KELUARGA SUAMI ADALAH HAMA,cgv,,26017700,,,,2D,2026-05-17,ccc4ed1e-47b4-4bc7-8661-0fd7f6899b65,2026-05-17T14:26:20.887966
651078a0-8991-4c07-ab0b-fd39c2dc3c4e,THE SUPER MARIO GALAXY MOVIE,cgv,,26012700,,,,2D,2026-05-17,708df902-d3a8-4e24-b393-e59ea93c75d3,2026-05-17T14:26:20.888050
651078a0-8991-4c07-ab0b-fd39c2dc3c4e,KNEECAP,cgv,,26024100,,,,2D,2026-05-17,6b80eeac-c8bc-48e1-b01d-3a448ff92368,2026-05-17T14:26:20.888076
651078a0-8991-4c07-ab0b-fd39c2dc3c4e,PATI PATNI AUR WOH DO,cgv,,26024300,,,,2D,2026-05-17,99cbbd31-b55d-422f-abca-01d423a88c4e,2026-05-17T14:26:20.888090
651078a0-8991-4c07-ab0b-fd39c2dc3c4e,KFT NA WILLA,cgv,,26015600,,,,2D,2026-05-17,46daf0ce-ae3b-40dc-9f45-949405c91d49,2026-05-17T14:26:20.888209
651078a0-8991-4c07-ab0b-fd39c2dc3c4e,AIN,cgv,,26019300,,,,2D,2026-05-17,1f6a7ff6-55ab-4716-a465-ed9cbd177dac,2026-05-17T14:26:20.888221
651078a0-8991-4c07-ab0b-fd39c2dc3c4e,LEE CRONINS THE MUMMY,cgv,,26014100,,,,2D,2026-05-17,6c161323-4b40-458e-b971-c7f86f02dc5d,2026-05-17T14:26:20.888263
651078a0-8991-4c07-ab0b-fd39c2dc3c4e,ENHYPEN IMMERSION IN CINEMAS,cgv,,26016900,,,,2D,2026-05-17,032d039f-f336-4ac6-a881-b467c4000ad7,2026-05-17T14:26:20.888280
651078a0-8991-4c07-ab0b-fd39c2dc3c4e,THE BELL PANGGILAN UNTUK MATI,cgv,,26020700,,,,2D,2026-05-17,984342fc-fb79-467c-83d3-ef60dfb7ec9f,2026-05-17T14:26:20.888293
f06b8f23-8158-48df-b655-f6872ea5bab6,GHOST IN THE CELL,cgv,,26011800,Comedy,106 min,17+,2D,2026-05-17,aee85b69-94fa-4dab-8edc-16cc81171e3f,2026-05-17T14:26:20.675359
4423e6ce-4acb-400a-8d63-6a99a7637aaa,TUMBAL PROYEK,cgv,,26014300,,,,2D,2026-05-17,dad373f1-8085-40a8-b3b7-fe2877fefe5a,2026-05-17T14:26:22.188596
4423e6ce-4acb-400a-8d63-6a99a7637aaa,SEMUA AKAN BAIK BAIK SAJA,cgv,,26018100,,,,2D,2026-05-17,f9ff47b2-5089-43b0-8b5e-35af46728e2e,2026-05-17T14:26:22.188616
4423e6ce-4acb-400a-8d63-6a99a7637aaa,GHOST IN THE CELL,cgv,,26011800,,,,2D,2026-05-17,463fc4bc-6c43-4232-8e9b-c70719176c4b,2026-05-17T14:26:22.188628
4423e6ce-4acb-400a-8d63-6a99a7637aaa,YANG LAIN BOLEH HILANG ASAL KAU JANGAN,cgv,,26018300,,,,2D,2026-05-17,830ab276-19e2-4ca7-821d-b4cbf7dd7f80,2026-05-17T14:26:22.188640
4423e6ce-4acb-400a-8d63-6a99a7637aaa,MORTAL KOMBAT II,cgv,,26018200,,,,2D,2026-05-17,ee570c5e-645d-4f1e-a1bf-e9e6402ef828,2026-05-17T14:26:22.188652
4423e6ce-4acb-400a-8d63-6a99a7637aaa,TIBA TIBA SETAN,cgv,,26007500,,,,2D,2026-05-17,b6ac5eb9-b959-45de-8562-9fca86a69421,2026-05-17T14:26:22.188663
4423e6ce-4acb-400a-8d63-6a99a7637aaa,NOBAR BIRU PSM VS PERSIB,cgv,,26024200,,,,2D,2026-05-17,3817f136-37fd-4b06-a72a-b93918b6dbbc,2026-05-17T14:26:22.188673
4423e6ce-4acb-400a-8d63-6a99a7637aaa,GOHAN,cgv,,26022500,,,,2D,2026-05-17,04201ff6-45ed-4b3d-84e2-cf6e7008d874,2026-05-17T14:26:22.188684
4423e6ce-4acb-400a-8d63-6a99a7637aaa,SALMOKJI WHISPERING WATER,cgv,,26019100,,,,2D,2026-05-17,d5df6ef7-fdc8-4a64-98db-339a92d68790,2026-05-17T14:26:22.188695
4423e6ce-4acb-400a-8d63-6a99a7637aaa,THE SHEEP DETECTIVES,cgv,,26019500,,,,2D,2026-05-17,5361ed4e-2d4b-402f-8738-a3d9a0876c55,2026-05-17T14:26:22.188705
4423e6ce-4acb-400a-8d63-6a99a7637aaa,AYAH INI ARAHNYA KEMANA YA,cgv,,26011000,,,,2D,2026-05-17,69ec3d83-206f-4e40-a76d-5543d8152cf8,2026-05-17T14:26:22.188715
4423e6ce-4acb-400a-8d63-6a99a7637aaa,DILAN ITB 1997,cgv,,26016100,,,,2D,2026-05-17,07818e31-f2fe-4bf9-aa8a-ee471be9d50a,2026-05-17T14:26:22.188725
4423e6ce-4acb-400a-8d63-6a99a7637aaa,THE KINGS WARDEN,cgv,,26015000,,,,2D,2026-05-17,c795677e-7c95-47cb-9335-37973c005513,2026-05-17T14:26:22.188735
4423e6ce-4acb-400a-8d63-6a99a7637aaa,THE DEVIL WEARS PRADA 2,cgv,,26019800,,,,2D,2026-05-17,4f7a24ce-675b-48cf-b3c6-5675b3287c29,2026-05-17T14:26:22.188746
4423e6ce-4acb-400a-8d63-6a99a7637aaa,MOBILE SUIT GUNDAM HATHAWAY,cgv,,26021100,,,,2D,2026-05-17,e33277b4-bd7d-4054-91fd-799a622b2166,2026-05-17T14:26:22.188756
4423e6ce-4acb-400a-8d63-6a99a7637aaa,THAT TIME I GOT REINCARNATED AS A SLIME THE MOVIE TEARS OF THE AZURE SEA,cgv,,26017900,,,,2D,2026-05-17,353c1b85-df11-4892-8451-1bb42f29f80e,2026-05-17T14:26:22.188766
4423e6ce-4acb-400a-8d63-6a99a7637aaa,TOP GUN MAVERICK RE RELEASE,cgv,,26022800,,,,2D,2026-05-17,6b1821ca-b5c4-4861-8749-4ff8903b8a07,2026-05-17T14:26:22.188787
4423e6ce-4acb-400a-8d63-6a99a7637aaa,SEKAWAN LIMO 2 GUNUNG KLAWIH,cgv,,26023300,,,,2D,2026-05-17,f0f5726f-6627-4a4a-95ff-d4cf4bb592f9,2026-05-17T14:26:22.188808
4423e6ce-4acb-400a-8d63-6a99a7637aaa,NA WILLA,cgv,,26003200,,,,2D,2026-05-17,51d7c00b-74ee-4a98-b2e7-dd94954efa94,2026-05-17T14:26:22.188821
4423e6ce-4acb-400a-8d63-6a99a7637aaa,IN THE GREY,cgv,,26022600,,,,2D,2026-05-17,4c5a80af-7848-4e10-ae0a-b26562af6758,2026-05-17T14:26:22.188901
4423e6ce-4acb-400a-8d63-6a99a7637aaa,TOP GUN RE RELEASE,cgv,,26022700,,,,2D,2026-05-17,b2908faa-dc7e-4d17-9805-b680685df465,2026-05-17T14:26:22.188954
4423e6ce-4acb-400a-8d63-6a99a7637aaa,KELUARGA SUAMI ADALAH HAMA,cgv,,26017700,,,,2D,2026-05-17,e707b70f-9015-43bb-9b16-edb88a707f2e,2026-05-17T14:26:22.188988
4423e6ce-4acb-400a-8d63-6a99a7637aaa,THE SUPER MARIO GALAXY MOVIE,cgv,,26012700,,,,2D,2026-05-17,a5238f9c-84d3-4ed5-8d45-0f9af67d4aca,2026-05-17T14:26:22.189004
4423e6ce-4acb-400a-8d63-6a99a7637aaa,KNEECAP,cgv,,26024100,,,,2D,2026-05-17,ae782415-8e75-42ca-9897-ff0386f2e2bf,2026-05-17T14:26:22.189017
4423e6ce-4acb-400a-8d63-6a99a7637aaa,PATI PATNI AUR WOH DO,cgv,,26024300,,,,2D,2026-05-17,60e60ecd-50f9-4398-8184-739c3bc73e90,2026-05-17T14:26:22.189028
4423e6ce-4acb-400a-8d63-6a99a7637aaa,KFT NA WILLA,cgv,,26015600,,,,2D,2026-05-17,95ddbc5e-7241-45da-a3d3-896897686562,2026-05-17T14:26:22.189040
4423e6ce-4acb-400a-8d63-6a99a7637aaa,AIN,cgv,,26019300,,,,2D,2026-05-17,8efd3d45-e4de-4a91-8b5e-5e630ef04093,2026-05-17T14:26:22.189051
4423e6ce-4acb-400a-8d63-6a99a7637aaa,LEE CRONINS THE MUMMY,cgv,,26014100,,,,2D,2026-05-17,b83e8b0a-b7cf-4bc7-ab79-897d0ee899d5,2026-05-17T14:26:22.189061
4423e6ce-4acb-400a-8d63-6a99a7637aaa,ENHYPEN IMMERSION IN CINEMAS,cgv,,26016900,,,,2D,2026-05-17,2acc9b46-3e6d-4b72-83cb-6383190a8f9d,2026-05-17T14:26:22.189072
4423e6ce-4acb-400a-8d63-6a99a7637aaa,THE BELL PANGGILAN UNTUK MATI,cgv,,26020700,,,,2D,2026-05-17,f436e62e-0bd9-430c-ae21-ab560a5b27c6,2026-05-17T14:26:22.189083
e20ddb98-3c61-4260-b648-c986f3b29c2c,TUMBAL PROYEK,cgv,,26014300,,,,2D,2026-05-17,3c9cd7bd-6c22-4936-9692-8b9bed6e741e,2026-05-17T14:26:22.819439
e20ddb98-3c61-4260-b648-c986f3b29c2c,SEMUA AKAN BAIK BAIK SAJA,cgv,,26018100,,,,2D,2026-05-17,2764e972-28af-41eb-892c-ca0cec787f57,2026-05-17T14:26:22.819458
e20ddb98-3c61-4260-b648-c986f3b29c2c,GHOST IN THE CELL,cgv,,26011800,,,,2D,2026-05-17,a837c775-e4a7-451d-bdfa-e28b5ec4afed,2026-05-17T14:26:22.819470
e20ddb98-3c61-4260-b648-c986f3b29c2c,YANG LAIN BOLEH HILANG ASAL KAU JANGAN,cgv,,26018300,,,,2D,2026-05-17,d37fdbde-f93b-46d1-a139-df7a036dd508,2026-05-17T14:26:22.819482
e20ddb98-3c61-4260-b648-c986f3b29c2c,MORTAL KOMBAT II,cgv,,26018200,,,,2D,2026-05-17,d2b134f6-da3e-4fe0-924f-9e89cc7bafa5,2026-05-17T14:26:22.819493
e20ddb98-3c61-4260-b648-c986f3b29c2c,TIBA TIBA SETAN,cgv,,26007500,,,,2D,2026-05-17,16fbc097-7311-48f0-bb7e-97f986eeef10,2026-05-17T14:26:22.819504
e20ddb98-3c61-4260-b648-c986f3b29c2c,NOBAR BIRU PSM VS PERSIB,cgv,,26024200,,,,2D,2026-05-17,a32171b0-31ec-42d8-ad8e-531923fbab8c,2026-05-17T14:26:22.819515
e20ddb98-3c61-4260-b648-c986f3b29c2c,GOHAN,cgv,,26022500,,,,2D,2026-05-17,ae205390-d29c-4853-a209-4d33c5f39515,2026-05-17T14:26:22.819525
e20ddb98-3c61-4260-b648-c986f3b29c2c,SALMOKJI WHISPERING WATER,cgv,,26019100,,,,2D,2026-05-17,2777e74c-172b-4045-98e8-5c9b196501a1,2026-05-17T14:26:22.819536
e20ddb98-3c61-4260-b648-c986f3b29c2c,THE SHEEP DETECTIVES,cgv,,26019500,,,,2D,2026-05-17,9a989f75-8fab-4555-bedb-37a7b28d6336,2026-05-17T14:26:22.819546
e20ddb98-3c61-4260-b648-c986f3b29c2c,AYAH INI ARAHNYA KEMANA YA,cgv,,26011000,,,,2D,2026-05-17,32436f86-95dd-4430-8536-55753361bc74,2026-05-17T14:26:22.819556
e20ddb98-3c61-4260-b648-c986f3b29c2c,DILAN ITB 1997,cgv,,26016100,,,,2D,2026-05-17,084dc4a4-dedc-4e25-857d-18f2ad69ca1b,2026-05-17T14:26:22.819567
e20ddb98-3c61-4260-b648-c986f3b29c2c,THE KINGS WARDEN,cgv,,26015000,,,,2D,2026-05-17,c258052f-53dc-4c2e-9339-cf3b0d3f1a35,2026-05-17T14:26:22.819577
e20ddb98-3c61-4260-b648-c986f3b29c2c,THE DEVIL WEARS PRADA 2,cgv,,26019800,,,,2D,2026-05-17,526a6f8c-d589-45e2-a4ad-ef46353636f5,2026-05-17T14:26:22.819586
e20ddb98-3c61-4260-b648-c986f3b29c2c,MOBILE SUIT GUNDAM HATHAWAY,cgv,,26021100,,,,2D,2026-05-17,a2abb7ff-cd6e-41a1-ab40-aa2de28c69c9,2026-05-17T14:26:22.819656
e20ddb98-3c61-4260-b648-c986f3b29c2c,THAT TIME I GOT REINCARNATED AS A SLIME THE MOVIE TEARS OF THE AZURE SEA,cgv,,26017900,,,,2D,2026-05-17,3e7e8e8a-d685-4d69-b1d7-85c23363c6d9,2026-05-17T14:26:22.819669
e20ddb98-3c61-4260-b648-c986f3b29c2c,TOP GUN MAVERICK RE RELEASE,cgv,,26022800,,,,2D,2026-05-17,6409f8cb-cea3-4184-a839-720442b51c71,2026-05-17T14:26:22.819679
e20ddb98-3c61-4260-b648-c986f3b29c2c,SEKAWAN LIMO 2 GUNUNG KLAWIH,cgv,,26023300,,,,2D,2026-05-17,9224d88c-7a27-4593-b381-4a2beca86b13,2026-05-17T14:26:22.819689
e20ddb98-3c61-4260-b648-c986f3b29c2c,NA WILLA,cgv,,26003200,,,,2D,2026-05-17,00c36053-d0b5-464c-84be-044cf6d36aa0,2026-05-17T14:26:22.819700
e20ddb98-3c61-4260-b648-c986f3b29c2c,IN THE GREY,cgv,,26022600,,,,2D,2026-05-17,32579b12-ebd9-4e06-b7c0-44135de3604c,2026-05-17T14:26:22.819711
e20ddb98-3c61-4260-b648-c986f3b29c2c,TOP GUN RE RELEASE,cgv,,26022700,,,,2D,2026-05-17,f6eebf97-3dbf-4d65-9826-3a4c5113e54d,2026-05-17T14:26:22.819721
e20ddb98-3c61-4260-b648-c986f3b29c2c,KELUARGA SUAMI ADALAH HAMA,cgv,,26017700,,,,2D,2026-05-17,ff97497e-d3bf-46a5-9ae9-9c4f513952b7,2026-05-17T14:26:22.819731
e20ddb98-3c61-4260-b648-c986f3b29c2c,THE SUPER MARIO GALAXY MOVIE,cgv,,26012700,,,,2D,2026-05-17,038a78d0-1178-47a2-a1fa-79ad5b29657d,2026-05-17T14:26:22.819741
e20ddb98-3c61-4260-b648-c986f3b29c2c,KNEECAP,cgv,,26024100,,,,2D,2026-05-17,d2db25bd-1ac1-4128-839f-15a5213e2b59,2026-05-17T14:26:22.819752
e20ddb98-3c61-4260-b648-c986f3b29c2c,PATI PATNI AUR WOH DO,cgv,,26024300,,,,2D,2026-05-17,c63400b5-3754-4cd6-90fb-c579ff72a95e,2026-05-17T14:26:22.819762
e20ddb98-3c61-4260-b648-c986f3b29c2c,KFT NA WILLA,cgv,,26015600,,,,2D,2026-05-17,0549efdc-1837-4ee1-8b07-92d149f61558,2026-05-17T14:26:22.819775
e20ddb98-3c61-4260-b648-c986f3b29c2c,AIN,cgv,,26019300,,,,2D,2026-05-17,99114684-0601-4471-9736-5ba1ad0759d3,2026-05-17T14:26:22.819786
e20ddb98-3c61-4260-b648-c986f3b29c2c,LEE CRONINS THE MUMMY,cgv,,26014100,,,,2D,2026-05-17,2752e466-fc32-4719-9771-edfe0688ff4a,2026-05-17T14:26:22.819796
e20ddb98-3c61-4260-b648-c986f3b29c2c,ENHYPEN IMMERSION IN CINEMAS,cgv,,26016900,,,,2D,2026-05-17,12351b21-11b2-45b2-9f7c-68491cd4a0a9,2026-05-17T14:26:22.819806
e20ddb98-3c61-4260-b648-c986f3b29c2c,THE BELL PANGGILAN UNTUK MATI,cgv,,26020700,,,,2D,2026-05-17,8fdb31e9-9e25-4883-8c4f-7f20710e92e0,2026-05-17T14:26:22.819816
5f965e51-7ae7-4def-9bc1-2a7547cdfa45,GHOST IN THE CELL,cgv,,26011800,Comedy,106 min,17+,2D,2026-05-17,8df602de-6045-4121-8af7-ea79a10522cf,2026-05-17T14:26:21.771033
5f965e51-7ae7-4def-9bc1-2a7547cdfa45,YANG LAIN BOLEH HILANG ASAL KAU JANGAN,cgv,,26018300,Drama,113 min,13+,2D,2026-05-17,bf9d75d9-4efd-49e2-ac5f-64631e791582,2026-05-17T14:26:21.771398
5f965e51-7ae7-4def-9bc1-2a7547cdfa45,TUMBAL PROYEK,cgv,,26014300,Horror,106 min,17+,2D,2026-05-17,646144d6-3478-4882-be93-8c3817674774,2026-05-17T14:26:21.771822
aecac4f8-5562-4613-8730-50fafa6d235e,GHOST IN THE CELL,cgv,,26011800,Comedy,106 min,17+,2D,2026-05-17,79839b31-07be-4934-872e-1e830760e29c,2026-05-17T14:26:22.352713
aecac4f8-5562-4613-8730-50fafa6d235e,TUMBAL PROYEK,cgv,,26014300,Horror,106 min,17+,2D,2026-05-17,a91ed8d9-93c5-4c95-809a-438dabea91ab,2026-05-17T14:26:22.353222
4fc6c73a-da09-4ab9-b347-0fe182f5da70,TUMBAL PROYEK,cgv,,26014300,,,,2D,2026-05-17,8d4c7ded-815c-4b3e-b00e-e1dee571a58e,2026-05-17T14:26:24.382956
4fc6c73a-da09-4ab9-b347-0fe182f5da70,SEMUA AKAN BAIK BAIK SAJA,cgv,,26018100,,,,2D,2026-05-17,63bb6160-3e74-4d94-a4c9-3dc18ae9e849,2026-05-17T14:26:24.382975
4fc6c73a-da09-4ab9-b347-0fe182f5da70,GHOST IN THE CELL,cgv,,26011800,,,,2D,2026-05-17,02c7f820-de6a-4718-ab74-9d18f942653f,2026-05-17T14:26:24.382988
4fc6c73a-da09-4ab9-b347-0fe182f5da70,YANG LAIN BOLEH HILANG ASAL KAU JANGAN,cgv,,26018300,,,,2D,2026-05-17,868be80a-7e28-42b6-806c-b897c882a164,2026-05-17T14:26:24.383000
4fc6c73a-da09-4ab9-b347-0fe182f5da70,MORTAL KOMBAT II,cgv,,26018200,,,,2D,2026-05-17,37a2844d-ae10-4ef2-91ab-8c4d52437d47,2026-05-17T14:26:24.383012
4fc6c73a-da09-4ab9-b347-0fe182f5da70,TIBA TIBA SETAN,cgv,,26007500,,,,2D,2026-05-17,18a63626-2ac4-454a-b41c-b383a5129bfb,2026-05-17T14:26:24.383023
4fc6c73a-da09-4ab9-b347-0fe182f5da70,NOBAR BIRU PSM VS PERSIB,cgv,,26024200,,,,2D,2026-05-17,d6b515f9-b643-4e25-a4b0-834186886dc1,2026-05-17T14:26:24.383034
4fc6c73a-da09-4ab9-b347-0fe182f5da70,GOHAN,cgv,,26022500,,,,2D,2026-05-17,9c27acbc-90e2-4624-8fff-7a62582705b2,2026-05-17T14:26:24.383046
4fc6c73a-da09-4ab9-b347-0fe182f5da70,SALMOKJI WHISPERING WATER,cgv,,26019100,,,,2D,2026-05-17,01ac15d6-8ec9-42af-8e76-0543a207e81f,2026-05-17T14:26:24.383056
4fc6c73a-da09-4ab9-b347-0fe182f5da70,THE SHEEP DETECTIVES,cgv,,26019500,,,,2D,2026-05-17,dcfa129e-1585-4eb2-974d-c7da29e12c63,2026-05-17T14:26:24.383067
4fc6c73a-da09-4ab9-b347-0fe182f5da70,AYAH INI ARAHNYA KEMANA YA,cgv,,26011000,,,,2D,2026-05-17,61042209-9222-4907-90a8-ed6af266cda5,2026-05-17T14:26:24.383078
4fc6c73a-da09-4ab9-b347-0fe182f5da70,DILAN ITB 1997,cgv,,26016100,,,,2D,2026-05-17,69520b1f-98cb-4805-963e-4dce99b2cde4,2026-05-17T14:26:24.383089
4fc6c73a-da09-4ab9-b347-0fe182f5da70,THE KINGS WARDEN,cgv,,26015000,,,,2D,2026-05-17,39b769a6-418f-455e-b98d-7a6af3caa7ac,2026-05-17T14:26:24.383100
4fc6c73a-da09-4ab9-b347-0fe182f5da70,THE DEVIL WEARS PRADA 2,cgv,,26019800,,,,2D,2026-05-17,def4d399-20ac-4fd7-b1a2-b12740115416,2026-05-17T14:26:24.383111
4fc6c73a-da09-4ab9-b347-0fe182f5da70,MOBILE SUIT GUNDAM HATHAWAY,cgv,,26021100,,,,2D,2026-05-17,956c7fa9-0013-4af2-a59c-1ca3d040b4fa,2026-05-17T14:26:24.383121
4fc6c73a-da09-4ab9-b347-0fe182f5da70,THAT TIME I GOT REINCARNATED AS A SLIME THE MOVIE TEARS OF THE AZURE SEA,cgv,,26017900,,,,2D,2026-05-17,76f506a0-67f2-4ff7-a4d2-062eaa937c24,2026-05-17T14:26:24.383132
4fc6c73a-da09-4ab9-b347-0fe182f5da70,TOP GUN MAVERICK RE RELEASE,cgv,,26022800,,,,2D,2026-05-17,c0271715-2d2e-430d-ad22-c8e2422cf8bd,2026-05-17T14:26:24.383143
4fc6c73a-da09-4ab9-b347-0fe182f5da70,SEKAWAN LIMO 2 GUNUNG KLAWIH,cgv,,26023300,,,,2D,2026-05-17,1743766b-5825-4319-9b4e-7fedeb6d8a51,2026-05-17T14:26:24.383153
4fc6c73a-da09-4ab9-b347-0fe182f5da70,NA WILLA,cgv,,26003200,,,,2D,2026-05-17,593518ab-d367-4e83-9aa6-80e294b70237,2026-05-17T14:26:24.383165
4fc6c73a-da09-4ab9-b347-0fe182f5da70,IN THE GREY,cgv,,26022600,,,,2D,2026-05-17,5b20cec7-33d5-4a07-9f27-d318e5473a11,2026-05-17T14:26:24.383176
4fc6c73a-da09-4ab9-b347-0fe182f5da70,TOP GUN RE RELEASE,cgv,,26022700,,,,2D,2026-05-17,75c39135-2aef-418a-8ece-f9863601b0d6,2026-05-17T14:26:24.383186
4fc6c73a-da09-4ab9-b347-0fe182f5da70,KELUARGA SUAMI ADALAH HAMA,cgv,,26017700,,,,2D,2026-05-17,e67440d0-36c4-45e7-b1bb-0d1bdeea6781,2026-05-17T14:26:24.383197
4fc6c73a-da09-4ab9-b347-0fe182f5da70,THE SUPER MARIO GALAXY MOVIE,cgv,,26012700,,,,2D,2026-05-17,174a6bf0-ecb1-49b6-9548-8e68ff7e96ca,2026-05-17T14:26:24.383207
4fc6c73a-da09-4ab9-b347-0fe182f5da70,KNEECAP,cgv,,26024100,,,,2D,2026-05-17,e7743e29-4ac9-4bbb-80f2-5ed94ebafb17,2026-05-17T14:26:24.383217
4fc6c73a-da09-4ab9-b347-0fe182f5da70,PATI PATNI AUR WOH DO,cgv,,26024300,,,,2D,2026-05-17,ebe7161d-9dd9-4ed5-9d8b-b9c9b93de2ef,2026-05-17T14:26:24.383228
4fc6c73a-da09-4ab9-b347-0fe182f5da70,KFT NA WILLA,cgv,,26015600,,,,2D,2026-05-17,52f57f08-624f-49b5-8656-1f1f67f2c90c,2026-05-17T14:26:24.383238
4fc6c73a-da09-4ab9-b347-0fe182f5da70,AIN,cgv,,26019300,,,,2D,2026-05-17,411c32a9-bbec-470f-9b84-b134878a8b50,2026-05-17T14:26:24.383248
4fc6c73a-da09-4ab9-b347-0fe182f5da70,LEE CRONINS THE MUMMY,cgv,,26014100,,,,2D,2026-05-17,2574fc41-d3c5-4885-a839-3364b582e827,2026-05-17T14:26:24.383258
4fc6c73a-da09-4ab9-b347-0fe182f5da70,ENHYPEN IMMERSION IN CINEMAS,cgv,,26016900,,,,2D,2026-05-17,4cb3a535-c2c6-48fd-8658-4c4c34dbed81,2026-05-17T14:26:24.383269
4fc6c73a-da09-4ab9-b347-0fe182f5da70,THE BELL PANGGILAN UNTUK MATI,cgv,,26020700,,,,2D,2026-05-17,bc78643e-0c2c-4226-8a4c-b3608e698559,2026-05-17T14:26:24.383279
b51747fd-59d2-4374-8718-cb16f706ce53,TUMBAL PROYEK,cgv,,26014300,,,,2D,2026-05-17,af49d074-88bc-48ae-955c-869e40b4fcf2,2026-05-17T14:26:25.425240
b51747fd-59d2-4374-8718-cb16f706ce53,SEMUA AKAN BAIK BAIK SAJA,cgv,,26018100,,,,2D,2026-05-17,ec434458-76ac-4d23-b5ff-d301e597a546,2026-05-17T14:26:25.425264
b51747fd-59d2-4374-8718-cb16f706ce53,GHOST IN THE CELL,cgv,,26011800,,,,2D,2026-05-17,b5d3fc5b-2f76-42df-b504-1992b3a168cc,2026-05-17T14:26:25.425281
b51747fd-59d2-4374-8718-cb16f706ce53,YANG LAIN BOLEH HILANG ASAL KAU JANGAN,cgv,,26018300,,,,2D,2026-05-17,126b7859-0314-41e6-a038-4e00629eaed6,2026-05-17T14:26:25.425297
b51747fd-59d2-4374-8718-cb16f706ce53,MORTAL KOMBAT II,cgv,,26018200,,,,2D,2026-05-17,ad3185b4-a6d1-4bee-9148-d1153e6b7009,2026-05-17T14:26:25.425313
b51747fd-59d2-4374-8718-cb16f706ce53,TIBA TIBA SETAN,cgv,,26007500,,,,2D,2026-05-17,7f39d106-1c74-4fad-bfab-780394e3e369,2026-05-17T14:26:25.425328
b51747fd-59d2-4374-8718-cb16f706ce53,NOBAR BIRU PSM VS PERSIB,cgv,,26024200,,,,2D,2026-05-17,7df9bf6d-24bb-41cc-b6dc-ee970c3d3423,2026-05-17T14:26:25.425343
b51747fd-59d2-4374-8718-cb16f706ce53,GOHAN,cgv,,26022500,,,,2D,2026-05-17,ce688bc3-eaf2-4d95-b160-e6c3c552d9fe,2026-05-17T14:26:25.425357
b51747fd-59d2-4374-8718-cb16f706ce53,SALMOKJI WHISPERING WATER,cgv,,26019100,,,,2D,2026-05-17,74ecc7a6-731e-4f4b-ada7-a8545547d6e7,2026-05-17T14:26:25.425371
b51747fd-59d2-4374-8718-cb16f706ce53,THE SHEEP DETECTIVES,cgv,,26019500,,,,2D,2026-05-17,407f638c-c820-4d53-8bb5-dde1ac9f86be,2026-05-17T14:26:25.425385
b51747fd-59d2-4374-8718-cb16f706ce53,AYAH INI ARAHNYA KEMANA YA,cgv,,26011000,,,,2D,2026-05-17,733fc3c6-78c5-42d8-947e-60a4a0647aa1,2026-05-17T14:26:25.425399
b51747fd-59d2-4374-8718-cb16f706ce53,DILAN ITB 1997,cgv,,26016100,,,,2D,2026-05-17,d97c6a72-0627-4961-b180-f86211391430,2026-05-17T14:26:25.425413
b51747fd-59d2-4374-8718-cb16f706ce53,THE KINGS WARDEN,cgv,,26015000,,,,2D,2026-05-17,a2032420-eac1-413a-afda-7c59beb30a04,2026-05-17T14:26:25.425427
b51747fd-59d2-4374-8718-cb16f706ce53,THE DEVIL WEARS PRADA 2,cgv,,26019800,,,,2D,2026-05-17,ea2602b2-28c6-493b-8189-f59de5127493,2026-05-17T14:26:25.425441
b51747fd-59d2-4374-8718-cb16f706ce53,MOBILE SUIT GUNDAM HATHAWAY,cgv,,26021100,,,,2D,2026-05-17,8d162849-8a74-4827-bfb2-a09ed5ec5824,2026-05-17T14:26:25.425456
b51747fd-59d2-4374-8718-cb16f706ce53,THAT TIME I GOT REINCARNATED AS A SLIME THE MOVIE TEARS OF THE AZURE SEA,cgv,,26017900,,,,2D,2026-05-17,3cdd640e-249a-47be-9df1-3905c0bb9129,2026-05-17T14:26:25.425471
b51747fd-59d2-4374-8718-cb16f706ce53,TOP GUN MAVERICK RE RELEASE,cgv,,26022800,,,,2D,2026-05-17,7b397084-f9f8-44d5-933f-4dd73799aec4,2026-05-17T14:26:25.425485
b51747fd-59d2-4374-8718-cb16f706ce53,SEKAWAN LIMO 2 GUNUNG KLAWIH,cgv,,26023300,,,,2D,2026-05-17,cbb16af1-4813-4764-9522-b39c7d79a5ea,2026-05-17T14:26:25.425500
b51747fd-59d2-4374-8718-cb16f706ce53,NA WILLA,cgv,,26003200,,,,2D,2026-05-17,be4af6c9-2fd0-433b-89b2-48e81a0254a5,2026-05-17T14:26:25.425516
b51747fd-59d2-4374-8718-cb16f706ce53,IN THE GREY,cgv,,26022600,,,,2D,2026-05-17,86748f59-8bb8-4b8a-a1ea-7652f82d85b6,2026-05-17T14:26:25.425529
b51747fd-59d2-4374-8718-cb16f706ce53,TOP GUN RE RELEASE,cgv,,26022700,,,,2D,2026-05-17,4f27c4bf-3306-4485-aca0-56003bc9298d,2026-05-17T14:26:25.425543
b51747fd-59d2-4374-8718-cb16f706ce53,KELUARGA SUAMI ADALAH HAMA,cgv,,26017700,,,,2D,2026-05-17,7847e4a6-fbaf-4f6e-afc9-e4c041accccd,2026-05-17T14:26:25.425557
b51747fd-59d2-4374-8718-cb16f706ce53,THE SUPER MARIO GALAXY MOVIE,cgv,,26012700,,,,2D,2026-05-17,d01bebd8-6f1e-456b-a2c9-dfe7414567bd,2026-05-17T14:26:25.425572
b51747fd-59d2-4374-8718-cb16f706ce53,KNEECAP,cgv,,26024100,,,,2D,2026-05-17,4d293140-1d54-4b10-b7fe-961095491bb9,2026-05-17T14:26:25.425585
b51747fd-59d2-4374-8718-cb16f706ce53,PATI PATNI AUR WOH DO,cgv,,26024300,,,,2D,2026-05-17,7706d10a-07ea-47f2-82ea-3ece9c3e3787,2026-05-17T14:26:25.425600
b51747fd-59d2-4374-8718-cb16f706ce53,KFT NA WILLA,cgv,,26015600,,,,2D,2026-05-17,c8465b1d-fef7-4e31-ad19-7f8161c14c64,2026-05-17T14:26:25.425614
b51747fd-59d2-4374-8718-cb16f706ce53,AIN,cgv,,26019300,,,,2D,2026-05-17,282fe696-c432-42b5-97ca-dc9789f77bf7,2026-05-17T14:26:25.425628
b51747fd-59d2-4374-8718-cb16f706ce53,LEE CRONINS THE MUMMY,cgv,,26014100,,,,2D,2026-05-17,5a470ffa-6ae0-4d46-9252-baa6102b3c78,2026-05-17T14:26:25.425642
b51747fd-59d2-4374-8718-cb16f706ce53,ENHYPEN IMMERSION IN CINEMAS,cgv,,26016900,,,,2D,2026-05-17,982f5538-8a7a-47da-969b-fa19e2e8a68b,2026-05-17T14:26:25.425657
b51747fd-59d2-4374-8718-cb16f706ce53,THE BELL PANGGILAN UNTUK MATI,cgv,,26020700,,,,2D,2026-05-17,27b6eba9-b71a-42ab-90d6-fed539be645e,2026-05-17T14:26:25.425672
71f7c7d7-71ca-4899-9984-771d00ee9482,TUMBAL PROYEK,cgv,,26014300,,,,2D,2026-05-17,f81a09ba-4a06-49c1-8efe-8cd26caa1429,2026-05-17T14:26:25.590625
71f7c7d7-71ca-4899-9984-771d00ee9482,SEMUA AKAN BAIK BAIK SAJA,cgv,,26018100,,,,2D,2026-05-17,7c663aba-ecc7-4b31-bfac-aceff9c252cf,2026-05-17T14:26:25.590673
71f7c7d7-71ca-4899-9984-771d00ee9482,GHOST IN THE CELL,cgv,,26011800,,,,2D,2026-05-17,11327243-041e-4efd-897e-f24c64d125a3,2026-05-17T14:26:25.590710
71f7c7d7-71ca-4899-9984-771d00ee9482,YANG LAIN BOLEH HILANG ASAL KAU JANGAN,cgv,,26018300,,,,2D,2026-05-17,4d46a80a-fe80-47ca-a2f9-4b9d8b5af236,2026-05-17T14:26:25.590745
71f7c7d7-71ca-4899-9984-771d00ee9482,MORTAL KOMBAT II,cgv,,26018200,,,,2D,2026-05-17,de040bbc-3dd0-4ec5-8eb5-e5cef57a5992,2026-05-17T14:26:25.590778
71f7c7d7-71ca-4899-9984-771d00ee9482,TIBA TIBA SETAN,cgv,,26007500,,,,2D,2026-05-17,d39a9670-2537-4126-83c3-4cbec019a342,2026-05-17T14:26:25.590811
71f7c7d7-71ca-4899-9984-771d00ee9482,NOBAR BIRU PSM VS PERSIB,cgv,,26024200,,,,2D,2026-05-17,85bb5eb9-b836-4085-97fe-4472c5d3e2d8,2026-05-17T14:26:25.590842
71f7c7d7-71ca-4899-9984-771d00ee9482,GOHAN,cgv,,26022500,,,,2D,2026-05-17,a231040e-5480-4041-91a3-fddc9d437c81,2026-05-17T14:26:25.590873
71f7c7d7-71ca-4899-9984-771d00ee9482,SALMOKJI WHISPERING WATER,cgv,,26019100,,,,2D,2026-05-17,7c603068-7586-494d-b3b1-357fd7d94381,2026-05-17T14:26:25.590902
71f7c7d7-71ca-4899-9984-771d00ee9482,THE SHEEP DETECTIVES,cgv,,26019500,,,,2D,2026-05-17,89d58303-c7cd-44dd-819b-686d3b35b35b,2026-05-17T14:26:25.590932
71f7c7d7-71ca-4899-9984-771d00ee9482,AYAH INI ARAHNYA KEMANA YA,cgv,,26011000,,,,2D,2026-05-17,3defb9c4-1dc6-4eec-b63a-64b9a5f0ea35,2026-05-17T14:26:25.590961
71f7c7d7-71ca-4899-9984-771d00ee9482,DILAN ITB 1997,cgv,,26016100,,,,2D,2026-05-17,0227a327-7c3c-4c1b-9783-7accf07a1624,2026-05-17T14:26:25.590991
71f7c7d7-71ca-4899-9984-771d00ee9482,THE KINGS WARDEN,cgv,,26015000,,,,2D,2026-05-17,23854fe6-97ab-49db-84a4-5a609fce7857,2026-05-17T14:26:25.591019
71f7c7d7-71ca-4899-9984-771d00ee9482,THE DEVIL WEARS PRADA 2,cgv,,26019800,,,,2D,2026-05-17,2138866b-5d74-4374-8f3e-a6f48ba15f25,2026-05-17T14:26:25.591048
71f7c7d7-71ca-4899-9984-771d00ee9482,MOBILE SUIT GUNDAM HATHAWAY,cgv,,26021100,,,,2D,2026-05-17,73b6ee3d-4879-41be-b33a-1702daeb1cd2,2026-05-17T14:26:25.591077
71f7c7d7-71ca-4899-9984-771d00ee9482,THAT TIME I GOT REINCARNATED AS A SLIME THE MOVIE TEARS OF THE AZURE SEA,cgv,,26017900,,,,2D,2026-05-17,e80c3431-a9bb-4c6b-b0f1-a68fe85dd820,2026-05-17T14:26:25.591106
71f7c7d7-71ca-4899-9984-771d00ee9482,TOP GUN MAVERICK RE RELEASE,cgv,,26022800,,,,2D,2026-05-17,a34879f0-e028-44da-b831-7b0315e538ab,2026-05-17T14:26:25.591135
71f7c7d7-71ca-4899-9984-771d00ee9482,SEKAWAN LIMO 2 GUNUNG KLAWIH,cgv,,26023300,,,,2D,2026-05-17,3069e185-3629-4ce1-8676-f1211d6501f8,2026-05-17T14:26:25.591167
71f7c7d7-71ca-4899-9984-771d00ee9482,NA WILLA,cgv,,26003200,,,,2D,2026-05-17,9a1c2c11-5011-42b3-9699-8e0f08a8b74e,2026-05-17T14:26:25.591197
71f7c7d7-71ca-4899-9984-771d00ee9482,IN THE GREY,cgv,,26022600,,,,2D,2026-05-17,bebdd0a6-938c-4312-998a-c87507a8c95b,2026-05-17T14:26:25.591227
71f7c7d7-71ca-4899-9984-771d00ee9482,TOP GUN RE RELEASE,cgv,,26022700,,,,2D,2026-05-17,435b650c-1703-4798-819c-6e0dc73e536d,2026-05-17T14:26:25.591256
71f7c7d7-71ca-4899-9984-771d00ee9482,KELUARGA SUAMI ADALAH HAMA,cgv,,26017700,,,,2D,2026-05-17,57ed4f12-86e8-4cbd-afef-ec1c42b0ba35,2026-05-17T14:26:25.591285
71f7c7d7-71ca-4899-9984-771d00ee9482,THE SUPER MARIO GALAXY MOVIE,cgv,,26012700,,,,2D,2026-05-17,ceaf0583-48b9-4a6d-8405-af2da22c5504,2026-05-17T14:26:25.591316
71f7c7d7-71ca-4899-9984-771d00ee9482,KNEECAP,cgv,,26024100,,,,2D,2026-05-17,0acf36ea-43a7-484f-afd2-3a6d4b6fb816,2026-05-17T14:26:25.591345
71f7c7d7-71ca-4899-9984-771d00ee9482,PATI PATNI AUR WOH DO,cgv,,26024300,,,,2D,2026-05-17,e591ead7-2991-4034-bf4c-8a75dd2b0934,2026-05-17T14:26:25.591372
71f7c7d7-71ca-4899-9984-771d00ee9482,KFT NA WILLA,cgv,,26015600,,,,2D,2026-05-17,7685f088-e0d8-4ae0-bed1-2a193e414c32,2026-05-17T14:26:25.591400
71f7c7d7-71ca-4899-9984-771d00ee9482,AIN,cgv,,26019300,,,,2D,2026-05-17,c4ab263b-fec8-4f0e-a829-c7435d3ffd3f,2026-05-17T14:26:25.591428
71f7c7d7-71ca-4899-9984-771d00ee9482,LEE CRONINS THE MUMMY,cgv,,26014100,,,,2D,2026-05-17,5dc28b30-25f3-48fb-ad1b-4e7c9632a49c,2026-05-17T14:26:25.591456
71f7c7d7-71ca-4899-9984-771d00ee9482,ENHYPEN IMMERSION IN CINEMAS,cgv,,26016900,,,,2D,2026-05-17,242dcb63-cf26-43e1-86b4-39328e0a1d77,2026-05-17T14:26:25.591483
71f7c7d7-71ca-4899-9984-771d00ee9482,THE BELL PANGGILAN UNTUK MATI,cgv,,26020700,,,,2D,2026-05-17,4d1b64d9-9077-4f0d-951d-0ebd193b456e,2026-05-17T14:26:25.591511
4949791e-e913-43d6-81de-c105f83158b4,TUMBAL PROYEK,cgv,,26014300,Horror,106 min,17+,2D,2026-05-17,37ebf9af-12e5-47f1-9a9f-23144f1c7088,2026-05-17T14:26:24.137965
015aebb8-7529-4388-8604-2debb269c9c6,TUMBAL PROYEK,cgv,,26014300,Horror,106 min,17+,2D,2026-05-17,8f3908f0-ff05-4d23-8bec-4b21f95231ca,2026-05-17T14:26:24.537993
015aebb8-7529-4388-8604-2debb269c9c6,GHOST IN THE CELL,cgv,,26011800,Comedy,106 min,17+,2D,2026-05-17,2fe460d7-a7d3-4b4c-82e0-c31646c2827b,2026-05-17T14:26:24.538345
46b7c7c3-15e4-4fbe-a239-17667c3b1892,TUMBAL PROYEK,cgv,,26014300,,,,2D,2026-05-17,ec184c68-ce08-4ae6-ba00-29324b573ec6,2026-05-17T14:26:27.533656
46b7c7c3-15e4-4fbe-a239-17667c3b1892,SEMUA AKAN BAIK BAIK SAJA,cgv,,26018100,,,,2D,2026-05-17,cc0abbf5-02c6-4fc6-b683-0c3e12463fae,2026-05-17T14:26:27.533695
46b7c7c3-15e4-4fbe-a239-17667c3b1892,GHOST IN THE CELL,cgv,,26011800,,,,2D,2026-05-17,5063d71f-6ee5-4cb3-ad23-0ca91a7db9f4,2026-05-17T14:26:27.533724
46b7c7c3-15e4-4fbe-a239-17667c3b1892,YANG LAIN BOLEH HILANG ASAL KAU JANGAN,cgv,,26018300,,,,2D,2026-05-17,6da20779-3445-4266-a28a-a2f38c4554e6,2026-05-17T14:26:27.533752
46b7c7c3-15e4-4fbe-a239-17667c3b1892,MORTAL KOMBAT II,cgv,,26018200,,,,2D,2026-05-17,64eb2a24-674d-44d7-810e-f412e7ff6564,2026-05-17T14:26:27.533779
46b7c7c3-15e4-4fbe-a239-17667c3b1892,TIBA TIBA SETAN,cgv,,26007500,,,,2D,2026-05-17,a2976c74-1cb9-4369-83b1-5c2744ab529c,2026-05-17T14:26:27.533804
46b7c7c3-15e4-4fbe-a239-17667c3b1892,NOBAR BIRU PSM VS PERSIB,cgv,,26024200,,,,2D,2026-05-17,82768738-51ae-4fd0-a839-ce0c09015012,2026-05-17T14:26:27.533828
46b7c7c3-15e4-4fbe-a239-17667c3b1892,GOHAN,cgv,,26022500,,,,2D,2026-05-17,a8c06ac4-880f-4778-a78c-2776ccb06164,2026-05-17T14:26:27.533857
46b7c7c3-15e4-4fbe-a239-17667c3b1892,SALMOKJI WHISPERING WATER,cgv,,26019100,,,,2D,2026-05-17,77c93deb-0c6b-4675-b305-b46da70840ea,2026-05-17T14:26:27.533882
46b7c7c3-15e4-4fbe-a239-17667c3b1892,THE SHEEP DETECTIVES,cgv,,26019500,,,,2D,2026-05-17,04ed5172-5277-4b86-abee-4b185382ef66,2026-05-17T14:26:27.533908
46b7c7c3-15e4-4fbe-a239-17667c3b1892,AYAH INI ARAHNYA KEMANA YA,cgv,,26011000,,,,2D,2026-05-17,bc976fa5-f111-4a36-8485-1e746562fb6d,2026-05-17T14:26:27.533931
46b7c7c3-15e4-4fbe-a239-17667c3b1892,DILAN ITB 1997,cgv,,26016100,,,,2D,2026-05-17,9c3056fe-75ac-4588-ab06-c0a97e55544c,2026-05-17T14:26:27.533955
46b7c7c3-15e4-4fbe-a239-17667c3b1892,THE KINGS WARDEN,cgv,,26015000,,,,2D,2026-05-17,6af03e91-e803-4308-ba72-8551b856c06b,2026-05-17T14:26:27.533979
46b7c7c3-15e4-4fbe-a239-17667c3b1892,THE DEVIL WEARS PRADA 2,cgv,,26019800,,,,2D,2026-05-17,20f1d8a0-0a53-4c8f-906e-e80d549b1a31,2026-05-17T14:26:27.534002
46b7c7c3-15e4-4fbe-a239-17667c3b1892,MOBILE SUIT GUNDAM HATHAWAY,cgv,,26021100,,,,2D,2026-05-17,05ee7556-46c4-4454-86f6-a45c25a40011,2026-05-17T14:26:27.534026
46b7c7c3-15e4-4fbe-a239-17667c3b1892,THAT TIME I GOT REINCARNATED AS A SLIME THE MOVIE TEARS OF THE AZURE SEA,cgv,,26017900,,,,2D,2026-05-17,5199b7a5-e6b3-4551-bd9e-014cacbab66e,2026-05-17T14:26:27.534051
46b7c7c3-15e4-4fbe-a239-17667c3b1892,TOP GUN MAVERICK RE RELEASE,cgv,,26022800,,,,2D,2026-05-17,ed522b31-1cb2-46f9-a675-ba94082795d1,2026-05-17T14:26:27.534074
46b7c7c3-15e4-4fbe-a239-17667c3b1892,SEKAWAN LIMO 2 GUNUNG KLAWIH,cgv,,26023300,,,,2D,2026-05-17,cfb73750-d658-4087-990a-45f2bbb450ac,2026-05-17T14:26:27.534098
46b7c7c3-15e4-4fbe-a239-17667c3b1892,NA WILLA,cgv,,26003200,,,,2D,2026-05-17,ed9843b9-7a2b-4c05-a00e-c6a3683edce2,2026-05-17T14:26:27.534123
46b7c7c3-15e4-4fbe-a239-17667c3b1892,IN THE GREY,cgv,,26022600,,,,2D,2026-05-17,9c4fde98-8ae0-4c69-8377-d43944686d1a,2026-05-17T14:26:27.534146
46b7c7c3-15e4-4fbe-a239-17667c3b1892,TOP GUN RE RELEASE,cgv,,26022700,,,,2D,2026-05-17,2861925f-00aa-48a8-a2fb-e66953fc00f0,2026-05-17T14:26:27.534169
46b7c7c3-15e4-4fbe-a239-17667c3b1892,KELUARGA SUAMI ADALAH HAMA,cgv,,26017700,,,,2D,2026-05-17,c5c98d7a-7548-4dcd-91c8-f89d92ff57e2,2026-05-17T14:26:27.534192
46b7c7c3-15e4-4fbe-a239-17667c3b1892,THE SUPER MARIO GALAXY MOVIE,cgv,,26012700,,,,2D,2026-05-17,28b49da2-fdd5-4da8-86ff-d7cddcfff128,2026-05-17T14:26:27.534215
46b7c7c3-15e4-4fbe-a239-17667c3b1892,KNEECAP,cgv,,26024100,,,,2D,2026-05-17,06056369-b5df-45e2-b3a3-2bdde50d0f62,2026-05-17T14:26:27.534238
46b7c7c3-15e4-4fbe-a239-17667c3b1892,PATI PATNI AUR WOH DO,cgv,,26024300,,,,2D,2026-05-17,6cc1c11b-2058-4639-9a16-17edbb882c3a,2026-05-17T14:26:27.534261
46b7c7c3-15e4-4fbe-a239-17667c3b1892,KFT NA WILLA,cgv,,26015600,,,,2D,2026-05-17,08d4ecbf-2108-4266-bb07-6f613ebfb268,2026-05-17T14:26:27.534284
46b7c7c3-15e4-4fbe-a239-17667c3b1892,AIN,cgv,,26019300,,,,2D,2026-05-17,cadb3bf8-a3b8-4991-9d0e-8e27389dc62d,2026-05-17T14:26:27.534307
46b7c7c3-15e4-4fbe-a239-17667c3b1892,LEE CRONINS THE MUMMY,cgv,,26014100,,,,2D,2026-05-17,d980ea00-3f9d-4b50-b6c5-72ebb948b049,2026-05-17T14:26:27.534330
46b7c7c3-15e4-4fbe-a239-17667c3b1892,ENHYPEN IMMERSION IN CINEMAS,cgv,,26016900,,,,2D,2026-05-17,223254c0-be48-401c-8d70-2793a66bc762,2026-05-17T14:26:27.534353
46b7c7c3-15e4-4fbe-a239-17667c3b1892,THE BELL PANGGILAN UNTUK MATI,cgv,,26020700,,,,2D,2026-05-17,d7e11b55-e5ff-4edf-9b38-d2f736264e9d,2026-05-17T14:26:27.534376
00741d4d-42bc-4c24-9f78-6b9c8f218ebb,TUMBAL PROYEK,cgv,,26014300,,,,2D,2026-05-17,040c1d71-4e57-4849-b8fc-6d4bf44a31d0,2026-05-17T14:26:27.669933
00741d4d-42bc-4c24-9f78-6b9c8f218ebb,SEMUA AKAN BAIK BAIK SAJA,cgv,,26018100,,,,2D,2026-05-17,80ad4554-c7f1-4dea-9b95-2138cb836dc3,2026-05-17T14:26:27.669980
00741d4d-42bc-4c24-9f78-6b9c8f218ebb,GHOST IN THE CELL,cgv,,26011800,,,,2D,2026-05-17,df9134ee-2d2f-4e72-9ab6-a7512d20055b,2026-05-17T14:26:27.670014
00741d4d-42bc-4c24-9f78-6b9c8f218ebb,YANG LAIN BOLEH HILANG ASAL KAU JANGAN,cgv,,26018300,,,,2D,2026-05-17,13cb9421-20cd-42f0-bd16-23fc0f08bc6b,2026-05-17T14:26:27.670047
00741d4d-42bc-4c24-9f78-6b9c8f218ebb,MORTAL KOMBAT II,cgv,,26018200,,,,2D,2026-05-17,b22e3f27-4154-4019-8f3b-897c64613c07,2026-05-17T14:26:27.670078
00741d4d-42bc-4c24-9f78-6b9c8f218ebb,TIBA TIBA SETAN,cgv,,26007500,,,,2D,2026-05-17,112996f9-deea-44d7-9af5-5fc14f674457,2026-05-17T14:26:27.670109
00741d4d-42bc-4c24-9f78-6b9c8f218ebb,NOBAR BIRU PSM VS PERSIB,cgv,,26024200,,,,2D,2026-05-17,e6e070e8-783b-401e-b93c-ef5e80ebe67e,2026-05-17T14:26:27.670139
00741d4d-42bc-4c24-9f78-6b9c8f218ebb,GOHAN,cgv,,26022500,,,,2D,2026-05-17,0c497526-a270-4941-b30a-b4e958aaeec5,2026-05-17T14:26:27.670168
00741d4d-42bc-4c24-9f78-6b9c8f218ebb,SALMOKJI WHISPERING WATER,cgv,,26019100,,,,2D,2026-05-17,4b77430b-ce4c-4b3e-b546-f820769ca515,2026-05-17T14:26:27.670197
00741d4d-42bc-4c24-9f78-6b9c8f218ebb,THE SHEEP DETECTIVES,cgv,,26019500,,,,2D,2026-05-17,27ca4735-ee4a-40d9-b53c-9d15e01c963b,2026-05-17T14:26:27.670225
00741d4d-42bc-4c24-9f78-6b9c8f218ebb,AYAH INI ARAHNYA KEMANA YA,cgv,,26011000,,,,2D,2026-05-17,0c373a90-620f-472d-a3dc-6a3f9dc258b6,2026-05-17T14:26:27.670254
00741d4d-42bc-4c24-9f78-6b9c8f218ebb,DILAN ITB 1997,cgv,,26016100,,,,2D,2026-05-17,d2e3c651-461e-444c-b488-4609da042d9f,2026-05-17T14:26:27.670283
00741d4d-42bc-4c24-9f78-6b9c8f218ebb,THE KINGS WARDEN,cgv,,26015000,,,,2D,2026-05-17,73e1cc49-8b7e-488c-9ccf-b1c9c2c6bf00,2026-05-17T14:26:27.670313
00741d4d-42bc-4c24-9f78-6b9c8f218ebb,THE DEVIL WEARS PRADA 2,cgv,,26019800,,,,2D,2026-05-17,8bc1cb2f-f1da-419b-8392-22055151dfcf,2026-05-17T14:26:27.670341
00741d4d-42bc-4c24-9f78-6b9c8f218ebb,MOBILE SUIT GUNDAM HATHAWAY,cgv,,26021100,,,,2D,2026-05-17,2a78643a-b7e6-455f-9508-4baa8432bfa9,2026-05-17T14:26:27.670371
00741d4d-42bc-4c24-9f78-6b9c8f218ebb,THAT TIME I GOT REINCARNATED AS A SLIME THE MOVIE TEARS OF THE AZURE SEA,cgv,,26017900,,,,2D,2026-05-17,80f5f52b-22d6-4a50-9f87-9b1faee16837,2026-05-17T14:26:27.670400
00741d4d-42bc-4c24-9f78-6b9c8f218ebb,TOP GUN MAVERICK RE RELEASE,cgv,,26022800,,,,2D,2026-05-17,8d4eab87-020c-4cfc-b5b5-8a74f41af369,2026-05-17T14:26:27.670429
00741d4d-42bc-4c24-9f78-6b9c8f218ebb,SEKAWAN LIMO 2 GUNUNG KLAWIH,cgv,,26023300,,,,2D,2026-05-17,b41274d2-9d18-4f3b-8b93-32375f266ecf,2026-05-17T14:26:27.670458
00741d4d-42bc-4c24-9f78-6b9c8f218ebb,NA WILLA,cgv,,26003200,,,,2D,2026-05-17,f919bd27-6e1f-4a36-811f-a905832ffacd,2026-05-17T14:26:27.670488
00741d4d-42bc-4c24-9f78-6b9c8f218ebb,IN THE GREY,cgv,,26022600,,,,2D,2026-05-17,2ef7519e-a3a9-4840-b41f-7159a095379a,2026-05-17T14:26:27.670517
00741d4d-42bc-4c24-9f78-6b9c8f218ebb,TOP GUN RE RELEASE,cgv,,26022700,,,,2D,2026-05-17,8d18f43b-737d-4ede-a7a2-00fca1025b5c,2026-05-17T14:26:27.670546
00741d4d-42bc-4c24-9f78-6b9c8f218ebb,KELUARGA SUAMI ADALAH HAMA,cgv,,26017700,,,,2D,2026-05-17,ef4d45b5-4d27-446b-b140-e7dd54764803,2026-05-17T14:26:27.670575
00741d4d-42bc-4c24-9f78-6b9c8f218ebb,THE SUPER MARIO GALAXY MOVIE,cgv,,26012700,,,,2D,2026-05-17,16921c27-f01e-43ab-b868-f97a08061e7c,2026-05-17T14:26:27.670603
00741d4d-42bc-4c24-9f78-6b9c8f218ebb,KNEECAP,cgv,,26024100,,,,2D,2026-05-17,9946a020-16b9-4030-a173-55b518447def,2026-05-17T14:26:27.670631
00741d4d-42bc-4c24-9f78-6b9c8f218ebb,PATI PATNI AUR WOH DO,cgv,,26024300,,,,2D,2026-05-17,b2961682-cd1e-479f-ba93-b32e3e4ebee2,2026-05-17T14:26:27.670660
00741d4d-42bc-4c24-9f78-6b9c8f218ebb,KFT NA WILLA,cgv,,26015600,,,,2D,2026-05-17,aa4617e7-99f6-413a-81a3-49ca35d99b8f,2026-05-17T14:26:27.670689
00741d4d-42bc-4c24-9f78-6b9c8f218ebb,AIN,cgv,,26019300,,,,2D,2026-05-17,02ec3b0c-bbff-4289-ad7d-cf5a4e34b3f4,2026-05-17T14:26:27.670718
00741d4d-42bc-4c24-9f78-6b9c8f218ebb,LEE CRONINS THE MUMMY,cgv,,26014100,,,,2D,2026-05-17,2e5cde79-aeed-43ba-958a-b27d8e6f1660,2026-05-17T14:26:27.670746
00741d4d-42bc-4c24-9f78-6b9c8f218ebb,ENHYPEN IMMERSION IN CINEMAS,cgv,,26016900,,,,2D,2026-05-17,8bf0dc6b-1152-43ab-bb45-403ab4306761,2026-05-17T14:26:27.670774
00741d4d-42bc-4c24-9f78-6b9c8f218ebb,THE BELL PANGGILAN UNTUK MATI,cgv,,26020700,,,,2D,2026-05-17,186e1393-ccdb-41ba-8613-f1f09af8f695,2026-05-17T14:26:27.670803
b21f6dfd-197a-496f-be91-05a42fd8324b,TUMBAL PROYEK,cgv,,26014300,,,,2D,2026-05-17,3a303377-5545-46ca-b47b-7a5da52ee07b,2026-05-17T14:26:27.835562
b21f6dfd-197a-496f-be91-05a42fd8324b,SEMUA AKAN BAIK BAIK SAJA,cgv,,26018100,,,,2D,2026-05-17,c56a35a3-4991-4301-bf1f-de5f9227f09c,2026-05-17T14:26:27.835609
b21f6dfd-197a-496f-be91-05a42fd8324b,GHOST IN THE CELL,cgv,,26011800,,,,2D,2026-05-17,7f51f4d4-6dea-4a12-9d3d-ab771a735e54,2026-05-17T14:26:27.835643
b21f6dfd-197a-496f-be91-05a42fd8324b,YANG LAIN BOLEH HILANG ASAL KAU JANGAN,cgv,,26018300,,,,2D,2026-05-17,8516e045-b823-4596-ac2a-2c1788ca6e68,2026-05-17T14:26:27.835676
b21f6dfd-197a-496f-be91-05a42fd8324b,MORTAL KOMBAT II,cgv,,26018200,,,,2D,2026-05-17,001ce8f3-de2f-4957-a250-f92879f27390,2026-05-17T14:26:27.835709
b21f6dfd-197a-496f-be91-05a42fd8324b,TIBA TIBA SETAN,cgv,,26007500,,,,2D,2026-05-17,1c5cb8ba-51ff-494a-98dc-a9b15a064976,2026-05-17T14:26:27.835740
b21f6dfd-197a-496f-be91-05a42fd8324b,NOBAR BIRU PSM VS PERSIB,cgv,,26024200,,,,2D,2026-05-17,1670157a-858c-46a6-bbbb-b9263b047761,2026-05-17T14:26:27.835769
b21f6dfd-197a-496f-be91-05a42fd8324b,GOHAN,cgv,,26022500,,,,2D,2026-05-17,7fa07341-8ef7-4c19-b51a-d84e29c2592d,2026-05-17T14:26:27.835798
b21f6dfd-197a-496f-be91-05a42fd8324b,SALMOKJI WHISPERING WATER,cgv,,26019100,,,,2D,2026-05-17,615bf396-7e1c-439c-9b62-cd609bec9fe1,2026-05-17T14:26:27.835826
b21f6dfd-197a-496f-be91-05a42fd8324b,THE SHEEP DETECTIVES,cgv,,26019500,,,,2D,2026-05-17,927cedff-7d21-4937-a7d3-9a249b35fc3c,2026-05-17T14:26:27.835855
b21f6dfd-197a-496f-be91-05a42fd8324b,AYAH INI ARAHNYA KEMANA YA,cgv,,26011000,,,,2D,2026-05-17,e6761425-3504-413c-956e-7e68fa7ed212,2026-05-17T14:26:27.835883
b21f6dfd-197a-496f-be91-05a42fd8324b,DILAN ITB 1997,cgv,,26016100,,,,2D,2026-05-17,21abf7e8-2f49-423e-bf08-ad6dd52cde48,2026-05-17T14:26:27.835910
b21f6dfd-197a-496f-be91-05a42fd8324b,THE KINGS WARDEN,cgv,,26015000,,,,2D,2026-05-17,6dd14108-1dcc-4453-8a92-c6108e210cfd,2026-05-17T14:26:27.835938
b21f6dfd-197a-496f-be91-05a42fd8324b,THE DEVIL WEARS PRADA 2,cgv,,26019800,,,,2D,2026-05-17,386d2db8-b13c-411a-a79d-872dfb6c7c96,2026-05-17T14:26:27.835966
b21f6dfd-197a-496f-be91-05a42fd8324b,MOBILE SUIT GUNDAM HATHAWAY,cgv,,26021100,,,,2D,2026-05-17,f7603b75-146a-48d9-a4be-dbe18e4e0f27,2026-05-17T14:26:27.835994
b21f6dfd-197a-496f-be91-05a42fd8324b,THAT TIME I GOT REINCARNATED AS A SLIME THE MOVIE TEARS OF THE AZURE SEA,cgv,,26017900,,,,2D,2026-05-17,140c1057-9bca-4523-ab96-9ac2ccae3432,2026-05-17T14:26:27.836022
b21f6dfd-197a-496f-be91-05a42fd8324b,TOP GUN MAVERICK RE RELEASE,cgv,,26022800,,,,2D,2026-05-17,5c927a1d-fab5-4546-a134-9089e7e48a09,2026-05-17T14:26:27.836050
b21f6dfd-197a-496f-be91-05a42fd8324b,SEKAWAN LIMO 2 GUNUNG KLAWIH,cgv,,26023300,,,,2D,2026-05-17,ca1f2806-70ee-4964-8b5c-0691b83e4761,2026-05-17T14:26:27.836078
b21f6dfd-197a-496f-be91-05a42fd8324b,NA WILLA,cgv,,26003200,,,,2D,2026-05-17,14ebe285-592d-4105-ac03-92723455b636,2026-05-17T14:26:27.836108
b21f6dfd-197a-496f-be91-05a42fd8324b,IN THE GREY,cgv,,26022600,,,,2D,2026-05-17,689081c1-47b9-44fe-a53f-7421295c2dda,2026-05-17T14:26:27.836137
b21f6dfd-197a-496f-be91-05a42fd8324b,TOP GUN RE RELEASE,cgv,,26022700,,,,2D,2026-05-17,0c5e715b-1a7b-415b-aef5-38b14ce4e5e3,2026-05-17T14:26:27.836166
b21f6dfd-197a-496f-be91-05a42fd8324b,KELUARGA SUAMI ADALAH HAMA,cgv,,26017700,,,,2D,2026-05-17,6043f8b8-bd7b-4fb3-923e-82af5cb22fe2,2026-05-17T14:26:27.836196
b21f6dfd-197a-496f-be91-05a42fd8324b,THE SUPER MARIO GALAXY MOVIE,cgv,,26012700,,,,2D,2026-05-17,7d706524-3790-4f77-a62f-1f51e65bede5,2026-05-17T14:26:27.836225
b21f6dfd-197a-496f-be91-05a42fd8324b,KNEECAP,cgv,,26024100,,,,2D,2026-05-17,e353aae2-bbd9-492e-8989-7a6bad21f109,2026-05-17T14:26:27.836253
b21f6dfd-197a-496f-be91-05a42fd8324b,PATI PATNI AUR WOH DO,cgv,,26024300,,,,2D,2026-05-17,ecc6e11b-709c-4718-a07b-b1c2e0938e61,2026-05-17T14:26:27.836281
b21f6dfd-197a-496f-be91-05a42fd8324b,KFT NA WILLA,cgv,,26015600,,,,2D,2026-05-17,55b5c4c7-4df5-4191-a24c-a1ed63019186,2026-05-17T14:26:27.836309
b21f6dfd-197a-496f-be91-05a42fd8324b,AIN,cgv,,26019300,,,,2D,2026-05-17,3e63888d-bbd6-4f7e-a742-77ea3fe1edb9,2026-05-17T14:26:27.836336
b21f6dfd-197a-496f-be91-05a42fd8324b,LEE CRONINS THE MUMMY,cgv,,26014100,,,,2D,2026-05-17,0fd6b3d3-ad17-46a0-8360-2c01c64d92ff,2026-05-17T14:26:27.836364
b21f6dfd-197a-496f-be91-05a42fd8324b,ENHYPEN IMMERSION IN CINEMAS,cgv,,26016900,,,,2D,2026-05-17,f5a369f6-ed65-4098-98af-21ca22cf37b9,2026-05-17T14:26:27.836393
b21f6dfd-197a-496f-be91-05a42fd8324b,THE BELL PANGGILAN UNTUK MATI,cgv,,26020700,,,,2D,2026-05-17,958c388c-6020-40ef-bf93-d9aaf83942e4,2026-05-17T14:26:27.836421
97b4796a-962c-437b-9e46-2980cc51fa47,TUMBAL PROYEK,cgv,,26014300,,,,2D,2026-05-17,f9e3b2d3-3660-4674-abd8-aa22f278d00a,2026-05-17T14:26:28.714067
97b4796a-962c-437b-9e46-2980cc51fa47,SEMUA AKAN BAIK BAIK SAJA,cgv,,26018100,,,,2D,2026-05-17,fd99d711-52f5-49a3-a43d-822b019feb1b,2026-05-17T14:26:28.714089
97b4796a-962c-437b-9e46-2980cc51fa47,GHOST IN THE CELL,cgv,,26011800,,,,2D,2026-05-17,2a5c41ff-a4b2-4831-aa92-46e9152377c0,2026-05-17T14:26:28.714102
97b4796a-962c-437b-9e46-2980cc51fa47,YANG LAIN BOLEH HILANG ASAL KAU JANGAN,cgv,,26018300,,,,2D,2026-05-17,f2d4034a-4f4c-4fcc-a21f-ab327080d476,2026-05-17T14:26:28.714113
97b4796a-962c-437b-9e46-2980cc51fa47,MORTAL KOMBAT II,cgv,,26018200,,,,2D,2026-05-17,10c4b707-41b9-4e34-88b0-0aa97068963e,2026-05-17T14:26:28.714125
97b4796a-962c-437b-9e46-2980cc51fa47,TIBA TIBA SETAN,cgv,,26007500,,,,2D,2026-05-17,c384d3ab-1aba-40c5-961d-866c4e0d6aa4,2026-05-17T14:26:28.714135
97b4796a-962c-437b-9e46-2980cc51fa47,NOBAR BIRU PSM VS PERSIB,cgv,,26024200,,,,2D,2026-05-17,503078e8-c8a2-438d-8986-4d54c906a6de,2026-05-17T14:26:28.714146
97b4796a-962c-437b-9e46-2980cc51fa47,GOHAN,cgv,,26022500,,,,2D,2026-05-17,abf15a7b-4a03-4ef4-af91-fbec8a1cd174,2026-05-17T14:26:28.714157
97b4796a-962c-437b-9e46-2980cc51fa47,SALMOKJI WHISPERING WATER,cgv,,26019100,,,,2D,2026-05-17,2ba381c6-dbc1-4603-b295-c1ef3cb42cbc,2026-05-17T14:26:28.714167
97b4796a-962c-437b-9e46-2980cc51fa47,THE SHEEP DETECTIVES,cgv,,26019500,,,,2D,2026-05-17,92ed3cc0-696c-4a09-8a71-8a9a0d4580df,2026-05-17T14:26:28.714177
97b4796a-962c-437b-9e46-2980cc51fa47,AYAH INI ARAHNYA KEMANA YA,cgv,,26011000,,,,2D,2026-05-17,0cdc05ac-36cc-48b3-b8d1-d142981ebc00,2026-05-17T14:26:28.714188
97b4796a-962c-437b-9e46-2980cc51fa47,DILAN ITB 1997,cgv,,26016100,,,,2D,2026-05-17,9c5aa03c-f425-4600-ae37-3ce86c7a3898,2026-05-17T14:26:28.714198
97b4796a-962c-437b-9e46-2980cc51fa47,THE KINGS WARDEN,cgv,,26015000,,,,2D,2026-05-17,481bb161-fc18-47c8-bb18-1fd5b6500396,2026-05-17T14:26:28.714208
97b4796a-962c-437b-9e46-2980cc51fa47,THE DEVIL WEARS PRADA 2,cgv,,26019800,,,,2D,2026-05-17,c28226ae-76a4-465a-a87f-fc6600480402,2026-05-17T14:26:28.714218
97b4796a-962c-437b-9e46-2980cc51fa47,MOBILE SUIT GUNDAM HATHAWAY,cgv,,26021100,,,,2D,2026-05-17,3e47b36a-d25b-4aa6-95c9-1cf439b4e100,2026-05-17T14:26:28.714228
97b4796a-962c-437b-9e46-2980cc51fa47,THAT TIME I GOT REINCARNATED AS A SLIME THE MOVIE TEARS OF THE AZURE SEA,cgv,,26017900,,,,2D,2026-05-17,38a905cf-fffd-462e-a4e7-b9e364d73780,2026-05-17T14:26:28.714238
97b4796a-962c-437b-9e46-2980cc51fa47,TOP GUN MAVERICK RE RELEASE,cgv,,26022800,,,,2D,2026-05-17,e504dbf3-43f7-4249-ac80-14dba1abec83,2026-05-17T14:26:28.714248
97b4796a-962c-437b-9e46-2980cc51fa47,SEKAWAN LIMO 2 GUNUNG KLAWIH,cgv,,26023300,,,,2D,2026-05-17,8a11da3f-3c2a-4c8a-8541-ba711d784da6,2026-05-17T14:26:28.714258
97b4796a-962c-437b-9e46-2980cc51fa47,NA WILLA,cgv,,26003200,,,,2D,2026-05-17,336be06e-9323-4f0f-8fdb-33ff9b6f92c5,2026-05-17T14:26:28.714269
97b4796a-962c-437b-9e46-2980cc51fa47,IN THE GREY,cgv,,26022600,,,,2D,2026-05-17,28a03f06-fe54-4094-b047-a5c9331cfe2b,2026-05-17T14:26:28.714279
97b4796a-962c-437b-9e46-2980cc51fa47,TOP GUN RE RELEASE,cgv,,26022700,,,,2D,2026-05-17,25a5f1e2-2487-416a-96aa-00a8a5615610,2026-05-17T14:26:28.714290
97b4796a-962c-437b-9e46-2980cc51fa47,KELUARGA SUAMI ADALAH HAMA,cgv,,26017700,,,,2D,2026-05-17,6b862b46-f979-4225-b9fd-b75dca4e7dc8,2026-05-17T14:26:28.714300
97b4796a-962c-437b-9e46-2980cc51fa47,THE SUPER MARIO GALAXY MOVIE,cgv,,26012700,,,,2D,2026-05-17,acc846c6-4e3b-46ab-bd34-e6ee7aac8e02,2026-05-17T14:26:28.714310
97b4796a-962c-437b-9e46-2980cc51fa47,KNEECAP,cgv,,26024100,,,,2D,2026-05-17,a65ed935-cd32-47e1-b25c-270a0a9fb22e,2026-05-17T14:26:28.714320
97b4796a-962c-437b-9e46-2980cc51fa47,PATI PATNI AUR WOH DO,cgv,,26024300,,,,2D,2026-05-17,57273583-2391-4fba-8b07-e8e4197964cb,2026-05-17T14:26:28.714330
97b4796a-962c-437b-9e46-2980cc51fa47,KFT NA WILLA,cgv,,26015600,,,,2D,2026-05-17,2d2208d8-2617-4b44-81b9-125ec216e83f,2026-05-17T14:26:28.714340
97b4796a-962c-437b-9e46-2980cc51fa47,AIN,cgv,,26019300,,,,2D,2026-05-17,1a15e23c-4c28-4a0a-b0b5-ab66e2fee971,2026-05-17T14:26:28.714350
97b4796a-962c-437b-9e46-2980cc51fa47,LEE CRONINS THE MUMMY,cgv,,26014100,,,,2D,2026-05-17,9a3eab4a-6e02-498b-bdd5-02a286154788,2026-05-17T14:26:28.714360
97b4796a-962c-437b-9e46-2980cc51fa47,ENHYPEN IMMERSION IN CINEMAS,cgv,,26016900,,,,2D,2026-05-17,15b8ad2b-3e0e-4c04-a8f8-92e401ca6cc2,2026-05-17T14:26:28.714370
97b4796a-962c-437b-9e46-2980cc51fa47,THE BELL PANGGILAN UNTUK MATI,cgv,,26020700,,,,2D,2026-05-17,6519db15-a8a9-48ed-b990-072122b2e864,2026-05-17T14:26:28.714380
72820364-fb42-462f-bbcd-b942a1542d6c,TUMBAL PROYEK,cgv,,26014300,Horror,106 min,17+,2D,2026-05-17,aaf6b688-418a-42b6-827f-530fb4a54511,2026-05-17T14:26:27.265241
826fb82d-1fbe-4b27-abfd-cd1ef8cc4958,TIBA TIBA SETAN,cgv,,26007500,Comedy,113 min,13+,2D,2026-05-17,b5a76a4d-9fe5-486f-bfdb-0a11fc2e8bea,2026-05-17T14:26:28.928145
826fb82d-1fbe-4b27-abfd-cd1ef8cc4958,SEMUA AKAN BAIK BAIK SAJA,cgv,,26018100,Drama,113 min,13+,2D,2026-05-17,30102e4d-14f4-4ce4-8b43-195192ef4ff6,2026-05-17T14:26:28.928983
826fb82d-1fbe-4b27-abfd-cd1ef8cc4958,TUMBAL PROYEK,cgv,,26014300,Horror,106 min,17+,2D,2026-05-17,5f5d91b4-ca4f-499c-b338-7b0b6f273f59,2026-05-17T14:26:28.929289
497069d4-9687-477d-a6db-9c4a8f1202e3,TUMBAL PROYEK,cgv,,26014300,,,,2D,2026-05-17,215212f4-cc1c-45fa-bf27-dbb971f61ced,2026-05-17T14:26:31.157189
497069d4-9687-477d-a6db-9c4a8f1202e3,SEMUA AKAN BAIK BAIK SAJA,cgv,,26018100,,,,2D,2026-05-17,7ed1e033-3d09-48ee-825f-965bc4f5053d,2026-05-17T14:26:31.157228
497069d4-9687-477d-a6db-9c4a8f1202e3,GHOST IN THE CELL,cgv,,26011800,,,,2D,2026-05-17,ae8a03b4-ec7f-4105-9a0e-99350acaf2dd,2026-05-17T14:26:31.157257
497069d4-9687-477d-a6db-9c4a8f1202e3,YANG LAIN BOLEH HILANG ASAL KAU JANGAN,cgv,,26018300,,,,2D,2026-05-17,6a576e64-24ac-4c20-8a5c-a3f01ba11d28,2026-05-17T14:26:31.157285
497069d4-9687-477d-a6db-9c4a8f1202e3,MORTAL KOMBAT II,cgv,,26018200,,,,2D,2026-05-17,c944556f-a968-4818-a9ae-5cb934985242,2026-05-17T14:26:31.157310
497069d4-9687-477d-a6db-9c4a8f1202e3,TIBA TIBA SETAN,cgv,,26007500,,,,2D,2026-05-17,87e869ee-eba7-4781-98e3-8ae8378a05c4,2026-05-17T14:26:31.157335
497069d4-9687-477d-a6db-9c4a8f1202e3,NOBAR BIRU PSM VS PERSIB,cgv,,26024200,,,,2D,2026-05-17,373c3115-ded2-4c45-a376-0259f9c121a1,2026-05-17T14:26:31.157360
497069d4-9687-477d-a6db-9c4a8f1202e3,GOHAN,cgv,,26022500,,,,2D,2026-05-17,f354d996-92d9-4380-89c8-27d314747a0e,2026-05-17T14:26:31.157385
497069d4-9687-477d-a6db-9c4a8f1202e3,SALMOKJI WHISPERING WATER,cgv,,26019100,,,,2D,2026-05-17,a17fe2a3-7a0a-4d29-9c80-4c6e5dfef80c,2026-05-17T14:26:31.157410
497069d4-9687-477d-a6db-9c4a8f1202e3,THE SHEEP DETECTIVES,cgv,,26019500,,,,2D,2026-05-17,79ed667f-5ae8-4734-9d6a-9d67c31a49f8,2026-05-17T14:26:31.157435
497069d4-9687-477d-a6db-9c4a8f1202e3,AYAH INI ARAHNYA KEMANA YA,cgv,,26011000,,,,2D,2026-05-17,e2dfd03b-a1be-46e6-90be-7b24558d3f0c,2026-05-17T14:26:31.157460
497069d4-9687-477d-a6db-9c4a8f1202e3,DILAN ITB 1997,cgv,,26016100,,,,2D,2026-05-17,59475cc9-5604-45cd-81d2-305b4d460f74,2026-05-17T14:26:31.157484
497069d4-9687-477d-a6db-9c4a8f1202e3,THE KINGS WARDEN,cgv,,26015000,,,,2D,2026-05-17,72154fc5-685e-4ea5-b25d-d309c4b21e22,2026-05-17T14:26:31.157508
497069d4-9687-477d-a6db-9c4a8f1202e3,THE DEVIL WEARS PRADA 2,cgv,,26019800,,,,2D,2026-05-17,9c07a94c-9e16-4fab-b5fd-3be210a9b836,2026-05-17T14:26:31.157532
497069d4-9687-477d-a6db-9c4a8f1202e3,MOBILE SUIT GUNDAM HATHAWAY,cgv,,26021100,,,,2D,2026-05-17,1798a5c0-4fef-422e-b820-e6cd79d52551,2026-05-17T14:26:31.157557
497069d4-9687-477d-a6db-9c4a8f1202e3,THAT TIME I GOT REINCARNATED AS A SLIME THE MOVIE TEARS OF THE AZURE SEA,cgv,,26017900,,,,2D,2026-05-17,c87ea00d-d34e-4bb9-820f-b0bb7d595574,2026-05-17T14:26:31.157582
497069d4-9687-477d-a6db-9c4a8f1202e3,TOP GUN MAVERICK RE RELEASE,cgv,,26022800,,,,2D,2026-05-17,3d345468-3d01-4734-ada4-56da82ff06cf,2026-05-17T14:26:31.157606
497069d4-9687-477d-a6db-9c4a8f1202e3,SEKAWAN LIMO 2 GUNUNG KLAWIH,cgv,,26023300,,,,2D,2026-05-17,7d68c107-f4aa-4e71-8a1f-7a3fd291fac1,2026-05-17T14:26:31.157630
497069d4-9687-477d-a6db-9c4a8f1202e3,NA WILLA,cgv,,26003200,,,,2D,2026-05-17,21c1ca03-ff4f-4753-9bdd-15bd0b175860,2026-05-17T14:26:31.157671
497069d4-9687-477d-a6db-9c4a8f1202e3,IN THE GREY,cgv,,26022600,,,,2D,2026-05-17,63f9aa31-f794-4644-b5e5-baaddb65c207,2026-05-17T14:26:31.157708
497069d4-9687-477d-a6db-9c4a8f1202e3,TOP GUN RE RELEASE,cgv,,26022700,,,,2D,2026-05-17,7dc81cc9-2015-4469-ae38-34484699c226,2026-05-17T14:26:31.157733
497069d4-9687-477d-a6db-9c4a8f1202e3,KELUARGA SUAMI ADALAH HAMA,cgv,,26017700,,,,2D,2026-05-17,151c650e-7282-4a57-be74-6f3548e1886e,2026-05-17T14:26:31.157758
497069d4-9687-477d-a6db-9c4a8f1202e3,THE SUPER MARIO GALAXY MOVIE,cgv,,26012700,,,,2D,2026-05-17,69dbf238-9307-4c82-86f9-86f21c4f28c8,2026-05-17T14:26:31.157782
497069d4-9687-477d-a6db-9c4a8f1202e3,KNEECAP,cgv,,26024100,,,,2D,2026-05-17,0a0e2cd7-131a-4ddc-9c31-a41b034126e7,2026-05-17T14:26:31.157808
497069d4-9687-477d-a6db-9c4a8f1202e3,PATI PATNI AUR WOH DO,cgv,,26024300,,,,2D,2026-05-17,6e7bb369-824d-4564-ae67-1148d383684c,2026-05-17T14:26:31.157831
497069d4-9687-477d-a6db-9c4a8f1202e3,KFT NA WILLA,cgv,,26015600,,,,2D,2026-05-17,43b94c74-95f0-4e24-9f42-de00b1ffba4a,2026-05-17T14:26:31.157854
497069d4-9687-477d-a6db-9c4a8f1202e3,AIN,cgv,,26019300,,,,2D,2026-05-17,15031fe1-e0ab-4f13-9bf2-528ab016b336,2026-05-17T14:26:31.157878
497069d4-9687-477d-a6db-9c4a8f1202e3,LEE CRONINS THE MUMMY,cgv,,26014100,,,,2D,2026-05-17,14fddc78-08e4-4a49-95de-e842b5c3428c,2026-05-17T14:26:31.157901
497069d4-9687-477d-a6db-9c4a8f1202e3,ENHYPEN IMMERSION IN CINEMAS,cgv,,26016900,,,,2D,2026-05-17,5233d48b-474a-48b1-a113-4cd081c054b7,2026-05-17T14:26:31.157924
497069d4-9687-477d-a6db-9c4a8f1202e3,THE BELL PANGGILAN UNTUK MATI,cgv,,26020700,,,,2D,2026-05-17,599c8cf0-6607-4e79-b967-6aedd8b7c212,2026-05-17T14:26:31.157947
82856499-5edd-4093-b6f4-cab28f527a76,YANG LAIN BOLEH HILANG ASAL KAU JANGAN,cgv,,26018300,Drama,113 min,13+,2D,2026-05-17,ddf6eb15-843f-43ac-8226-c6be4164a5be,2026-05-17T14:26:29.575693
82856499-5edd-4093-b6f4-cab28f527a76,SEMUA AKAN BAIK BAIK SAJA,cgv,,26018100,Drama,113 min,13+,2D,2026-05-17,b3dc6f8e-245c-4a4c-9afc-feb99b436fbb,2026-05-17T14:26:29.575920
82856499-5edd-4093-b6f4-cab28f527a76,GHOST IN THE CELL,cgv,,26011800,Comedy,106 min,17+,2D,2026-05-17,9015004b-e1ce-49e7-a12e-b71d71991789,2026-05-17T14:26:29.576145
82856499-5edd-4093-b6f4-cab28f527a76,TUMBAL PROYEK,cgv,,26014300,Horror,106 min,17+,2D,2026-05-17,8412fc02-321a-4aa9-827c-d1b781e0345a,2026-05-17T14:26:29.576367
455e0189-e7df-4ece-bdf0-48cdc6f39372,TUMBAL PROYEK,cgv,,26014300,Horror,106 min,17+,2D,2026-05-17,cf136104-882f-45c4-aba8-872960249ea7,2026-05-17T14:26:29.910614
80de3ca0-2e56-450e-9549-a4d74d58305a,SEMUA AKAN BAIK BAIK SAJA,cgv,,26018100,Drama,113 min,13+,2D,2026-05-17,7e3772e7-7ead-495d-98af-2056715a491e,2026-05-17T14:26:30.430953
80de3ca0-2e56-450e-9549-a4d74d58305a,TUMBAL PROYEK,cgv,,26014300,Horror,106 min,17+,2D,2026-05-17,abda53fd-e2d9-4caa-96ca-bbb129e8e957,2026-05-17T14:26:30.431189
95490426-4350-463b-810c-e8972d854de5,TUMBAL PROYEK,cgv,,26014300,,,,2D,2026-05-17,e35d6da6-a599-48a6-b885-e847adeca441,2026-05-17T14:26:33.059506
95490426-4350-463b-810c-e8972d854de5,SEMUA AKAN BAIK BAIK SAJA,cgv,,26018100,,,,2D,2026-05-17,201ad057-621c-45ea-97b4-3f4c227c7906,2026-05-17T14:26:33.059555
95490426-4350-463b-810c-e8972d854de5,GHOST IN THE CELL,cgv,,26011800,,,,2D,2026-05-17,26a88e18-9f28-400d-9b28-2684e85d77f3,2026-05-17T14:26:33.059590
95490426-4350-463b-810c-e8972d854de5,YANG LAIN BOLEH HILANG ASAL KAU JANGAN,cgv,,26018300,,,,2D,2026-05-17,99533337-8284-44d3-aafc-241b9a75f417,2026-05-17T14:26:33.059624
95490426-4350-463b-810c-e8972d854de5,MORTAL KOMBAT II,cgv,,26018200,,,,2D,2026-05-17,39f32711-a5ae-4b0c-b350-67ebf3f7d77f,2026-05-17T14:26:33.059655
95490426-4350-463b-810c-e8972d854de5,TIBA TIBA SETAN,cgv,,26007500,,,,2D,2026-05-17,84602841-99c9-4444-917f-5a82cf2907e8,2026-05-17T14:26:33.059685
95490426-4350-463b-810c-e8972d854de5,NOBAR BIRU PSM VS PERSIB,cgv,,26024200,,,,2D,2026-05-17,aaee7ad7-fdc8-4474-8dbc-b6b970b0c55c,2026-05-17T14:26:33.059714
95490426-4350-463b-810c-e8972d854de5,GOHAN,cgv,,26022500,,,,2D,2026-05-17,ef5e6f8c-0010-4d8b-a443-8fbcd789e973,2026-05-17T14:26:33.059743
95490426-4350-463b-810c-e8972d854de5,SALMOKJI WHISPERING WATER,cgv,,26019100,,,,2D,2026-05-17,03370f5d-8276-4aca-b996-d64749c643d3,2026-05-17T14:26:33.059780
95490426-4350-463b-810c-e8972d854de5,THE SHEEP DETECTIVES,cgv,,26019500,,,,2D,2026-05-17,e5ba8481-95df-45dd-8cd6-102b18b8db5c,2026-05-17T14:26:33.059809
95490426-4350-463b-810c-e8972d854de5,AYAH INI ARAHNYA KEMANA YA,cgv,,26011000,,,,2D,2026-05-17,22260a01-6aea-4172-aba7-bd9c73e1dfe5,2026-05-17T14:26:33.059837
95490426-4350-463b-810c-e8972d854de5,DILAN ITB 1997,cgv,,26016100,,,,2D,2026-05-17,5a67195c-6f61-49b6-9e5b-e891299512e2,2026-05-17T14:26:33.059867
95490426-4350-463b-810c-e8972d854de5,THE KINGS WARDEN,cgv,,26015000,,,,2D,2026-05-17,d744f881-8780-4e7a-97f5-c28caebf9af5,2026-05-17T14:26:33.059896
95490426-4350-463b-810c-e8972d854de5,THE DEVIL WEARS PRADA 2,cgv,,26019800,,,,2D,2026-05-17,8f1f76b0-8354-46aa-9af7-1aa2e674f4a1,2026-05-17T14:26:33.059924
95490426-4350-463b-810c-e8972d854de5,MOBILE SUIT GUNDAM HATHAWAY,cgv,,26021100,,,,2D,2026-05-17,2cfcb1d9-47e1-4846-888c-61681d75c130,2026-05-17T14:26:33.059954
95490426-4350-463b-810c-e8972d854de5,THAT TIME I GOT REINCARNATED AS A SLIME THE MOVIE TEARS OF THE AZURE SEA,cgv,,26017900,,,,2D,2026-05-17,eb1f1fa2-072f-4ec6-9c66-6dc108df7b9b,2026-05-17T14:26:33.059996
95490426-4350-463b-810c-e8972d854de5,TOP GUN MAVERICK RE RELEASE,cgv,,26022800,,,,2D,2026-05-17,e139b1a1-76a8-4e8d-a907-d627aeb738c9,2026-05-17T14:26:33.060026
95490426-4350-463b-810c-e8972d854de5,SEKAWAN LIMO 2 GUNUNG KLAWIH,cgv,,26023300,,,,2D,2026-05-17,587885fb-8300-4ada-a10c-da9de657f25c,2026-05-17T14:26:33.060054
95490426-4350-463b-810c-e8972d854de5,NA WILLA,cgv,,26003200,,,,2D,2026-05-17,253d9aa2-1f71-461a-927c-721e806a416d,2026-05-17T14:26:33.060084
95490426-4350-463b-810c-e8972d854de5,IN THE GREY,cgv,,26022600,,,,2D,2026-05-17,9ed9cfe0-cc2d-41d6-a3f3-07caa7ff8330,2026-05-17T14:26:33.060112
95490426-4350-463b-810c-e8972d854de5,TOP GUN RE RELEASE,cgv,,26022700,,,,2D,2026-05-17,ea2119a0-efcb-435e-b002-a41d9f39b4d5,2026-05-17T14:26:33.060140
95490426-4350-463b-810c-e8972d854de5,KELUARGA SUAMI ADALAH HAMA,cgv,,26017700,,,,2D,2026-05-17,3c3c13dc-318b-42e8-946e-c12aabcbbe68,2026-05-17T14:26:33.060168
95490426-4350-463b-810c-e8972d854de5,THE SUPER MARIO GALAXY MOVIE,cgv,,26012700,,,,2D,2026-05-17,7621269b-64f7-4b35-bb0e-4fd4436f8478,2026-05-17T14:26:33.060197
95490426-4350-463b-810c-e8972d854de5,KNEECAP,cgv,,26024100,,,,2D,2026-05-17,3764c80a-df47-4f1e-890a-a2aed5c9c595,2026-05-17T14:26:33.060226
95490426-4350-463b-810c-e8972d854de5,PATI PATNI AUR WOH DO,cgv,,26024300,,,,2D,2026-05-17,8bf6ace8-9a57-402e-ab86-9e69d6d5e1af,2026-05-17T14:26:33.060255
95490426-4350-463b-810c-e8972d854de5,KFT NA WILLA,cgv,,26015600,,,,2D,2026-05-17,28d52c78-5c06-4b6e-b699-4223fd5cff16,2026-05-17T14:26:33.060283
95490426-4350-463b-810c-e8972d854de5,AIN,cgv,,26019300,,,,2D,2026-05-17,70c39945-05b0-4d14-9dbe-983ef11ac052,2026-05-17T14:26:33.060311
95490426-4350-463b-810c-e8972d854de5,LEE CRONINS THE MUMMY,cgv,,26014100,,,,2D,2026-05-17,bb562a7f-8017-4cb5-a442-8c3bf45d0435,2026-05-17T14:26:33.060339
95490426-4350-463b-810c-e8972d854de5,ENHYPEN IMMERSION IN CINEMAS,cgv,,26016900,,,,2D,2026-05-17,22fcecfe-6476-44ba-9478-86225a4bc20b,2026-05-17T14:26:33.060366
95490426-4350-463b-810c-e8972d854de5,THE BELL PANGGILAN UNTUK MATI,cgv,,26020700,,,,2D,2026-05-17,6c48e713-13ee-48ee-841a-2b44343c15bf,2026-05-17T14:26:33.060406
fcaacc35-0783-4a34-aa19-3421d1a53d1b,TUMBAL PROYEK,cgv,,26014300,,,,2D,2026-05-17,fc4968ed-4fab-4d0d-9220-073bb44ad89c,2026-05-17T14:26:33.317445
fcaacc35-0783-4a34-aa19-3421d1a53d1b,SEMUA AKAN BAIK BAIK SAJA,cgv,,26018100,,,,2D,2026-05-17,2885a452-23c9-40d4-97a4-ad67d54668d8,2026-05-17T14:26:33.317495
fcaacc35-0783-4a34-aa19-3421d1a53d1b,GHOST IN THE CELL,cgv,,26011800,,,,2D,2026-05-17,33caf25f-c6a7-4b32-a9ec-9e7a69b770a9,2026-05-17T14:26:33.317531
fcaacc35-0783-4a34-aa19-3421d1a53d1b,YANG LAIN BOLEH HILANG ASAL KAU JANGAN,cgv,,26018300,,,,2D,2026-05-17,266caa15-ed35-490b-b3f3-d0830fff3a40,2026-05-17T14:26:33.317565
fcaacc35-0783-4a34-aa19-3421d1a53d1b,MORTAL KOMBAT II,cgv,,26018200,,,,2D,2026-05-17,8e9395ee-f69e-4622-87c3-a74a66ee87c1,2026-05-17T14:26:33.317598
fcaacc35-0783-4a34-aa19-3421d1a53d1b,TIBA TIBA SETAN,cgv,,26007500,,,,2D,2026-05-17,177ff636-d102-4f78-ba8a-c81ad1c635a1,2026-05-17T14:26:33.317629
fcaacc35-0783-4a34-aa19-3421d1a53d1b,NOBAR BIRU PSM VS PERSIB,cgv,,26024200,,,,2D,2026-05-17,0e66aca0-4412-4657-bb1c-d52165d090e1,2026-05-17T14:26:33.317660
fcaacc35-0783-4a34-aa19-3421d1a53d1b,GOHAN,cgv,,26022500,,,,2D,2026-05-17,8ed83bc9-d5c0-4a26-8657-8cc06806f8ea,2026-05-17T14:26:33.317690
fcaacc35-0783-4a34-aa19-3421d1a53d1b,SALMOKJI WHISPERING WATER,cgv,,26019100,,,,2D,2026-05-17,bc401532-248e-41e9-8cb3-62d937705494,2026-05-17T14:26:33.317719
fcaacc35-0783-4a34-aa19-3421d1a53d1b,THE SHEEP DETECTIVES,cgv,,26019500,,,,2D,2026-05-17,f7e46758-0caf-4bf5-9dc7-b4f2531fae91,2026-05-17T14:26:33.317748
fcaacc35-0783-4a34-aa19-3421d1a53d1b,AYAH INI ARAHNYA KEMANA YA,cgv,,26011000,,,,2D,2026-05-17,06cdfe4d-6de0-4517-8c54-6af9713f22f4,2026-05-17T14:26:33.317778
fcaacc35-0783-4a34-aa19-3421d1a53d1b,DILAN ITB 1997,cgv,,26016100,,,,2D,2026-05-17,4aa9a35d-61e9-428e-b9cd-fcccd7b91bff,2026-05-17T14:26:33.317807
fcaacc35-0783-4a34-aa19-3421d1a53d1b,THE KINGS WARDEN,cgv,,26015000,,,,2D,2026-05-17,c078665f-0538-4eef-ac45-861112a8b94d,2026-05-17T14:26:33.317836
fcaacc35-0783-4a34-aa19-3421d1a53d1b,THE DEVIL WEARS PRADA 2,cgv,,26019800,,,,2D,2026-05-17,b95b36e2-ed43-4f15-b647-d4c8ae5b3b69,2026-05-17T14:26:33.317865
fcaacc35-0783-4a34-aa19-3421d1a53d1b,MOBILE SUIT GUNDAM HATHAWAY,cgv,,26021100,,,,2D,2026-05-17,16bc3b08-2c0f-46b1-910e-876ff18ac672,2026-05-17T14:26:33.317893
fcaacc35-0783-4a34-aa19-3421d1a53d1b,THAT TIME I GOT REINCARNATED AS A SLIME THE MOVIE TEARS OF THE AZURE SEA,cgv,,26017900,,,,2D,2026-05-17,25721520-05e9-4f83-8f50-75d10396d739,2026-05-17T14:26:33.317923
fcaacc35-0783-4a34-aa19-3421d1a53d1b,TOP GUN MAVERICK RE RELEASE,cgv,,26022800,,,,2D,2026-05-17,3c7ba16d-cd71-4e32-8ca3-e6751eab8fb0,2026-05-17T14:26:33.317951
fcaacc35-0783-4a34-aa19-3421d1a53d1b,SEKAWAN LIMO 2 GUNUNG KLAWIH,cgv,,26023300,,,,2D,2026-05-17,dc982ab2-edb0-4fca-b65b-c542d455aa1b,2026-05-17T14:26:33.317979
fcaacc35-0783-4a34-aa19-3421d1a53d1b,NA WILLA,cgv,,26003200,,,,2D,2026-05-17,16d5d727-2f99-450e-ae63-63a4ec5ce8c2,2026-05-17T14:26:33.318009
fcaacc35-0783-4a34-aa19-3421d1a53d1b,IN THE GREY,cgv,,26022600,,,,2D,2026-05-17,cc1a72e4-6978-4cb0-a2d9-64ecc16f8e5e,2026-05-17T14:26:33.318038
fcaacc35-0783-4a34-aa19-3421d1a53d1b,TOP GUN RE RELEASE,cgv,,26022700,,,,2D,2026-05-17,bf1ac9a7-0984-4498-b736-19c9d4bebfbf,2026-05-17T14:26:33.318066
fcaacc35-0783-4a34-aa19-3421d1a53d1b,KELUARGA SUAMI ADALAH HAMA,cgv,,26017700,,,,2D,2026-05-17,7d132710-8680-400e-b294-262a7004a2f5,2026-05-17T14:26:33.318094
fcaacc35-0783-4a34-aa19-3421d1a53d1b,THE SUPER MARIO GALAXY MOVIE,cgv,,26012700,,,,2D,2026-05-17,bdea408e-3d38-4a90-89ae-f4ad7e24f530,2026-05-17T14:26:33.318122
fcaacc35-0783-4a34-aa19-3421d1a53d1b,KNEECAP,cgv,,26024100,,,,2D,2026-05-17,435a3f47-f2b8-4924-96ed-f58c7db4c4e2,2026-05-17T14:26:33.318150
fcaacc35-0783-4a34-aa19-3421d1a53d1b,PATI PATNI AUR WOH DO,cgv,,26024300,,,,2D,2026-05-17,849f2c85-7f51-4d94-8049-b7b241ebb118,2026-05-17T14:26:33.318178
fcaacc35-0783-4a34-aa19-3421d1a53d1b,KFT NA WILLA,cgv,,26015600,,,,2D,2026-05-17,7218767a-3d6d-4429-bfd4-e2b873576df6,2026-05-17T14:26:33.318206
fcaacc35-0783-4a34-aa19-3421d1a53d1b,AIN,cgv,,26019300,,,,2D,2026-05-17,f4253c0f-721e-4108-a4cc-fc0a87bb83ee,2026-05-17T14:26:33.318235
fcaacc35-0783-4a34-aa19-3421d1a53d1b,LEE CRONINS THE MUMMY,cgv,,26014100,,,,2D,2026-05-17,402c59d9-9020-4e17-928f-0cb527e4a138,2026-05-17T14:26:33.318263
fcaacc35-0783-4a34-aa19-3421d1a53d1b,ENHYPEN IMMERSION IN CINEMAS,cgv,,26016900,,,,2D,2026-05-17,c611c579-6d5b-4a7e-957d-f4199ccc745c,2026-05-17T14:26:33.318291
fcaacc35-0783-4a34-aa19-3421d1a53d1b,THE BELL PANGGILAN UNTUK MATI,cgv,,26020700,,,,2D,2026-05-17,8a845ab5-2e37-4310-a11d-a91ce3b48637,2026-05-17T14:26:33.318320
19147467-aba4-4e40-94b1-6ac841adc46e,TUMBAL PROYEK,cgv,,26014300,,,,2D,2026-05-17,0f5f1059-aa9b-44a4-897e-2dd2e77ea02a,2026-05-17T14:26:33.894781
19147467-aba4-4e40-94b1-6ac841adc46e,SEMUA AKAN BAIK BAIK SAJA,cgv,,26018100,,,,2D,2026-05-17,bdcf2f61-419c-4c72-ad03-effd1c3dfb6e,2026-05-17T14:26:33.894830
19147467-aba4-4e40-94b1-6ac841adc46e,GHOST IN THE CELL,cgv,,26011800,,,,2D,2026-05-17,753d79ca-e5c0-42a8-b76f-b10610c46fde,2026-05-17T14:26:33.894866
19147467-aba4-4e40-94b1-6ac841adc46e,YANG LAIN BOLEH HILANG ASAL KAU JANGAN,cgv,,26018300,,,,2D,2026-05-17,c34ff7d3-fa98-4f23-9ca0-fa046eb77b2a,2026-05-17T14:26:33.894899
19147467-aba4-4e40-94b1-6ac841adc46e,MORTAL KOMBAT II,cgv,,26018200,,,,2D,2026-05-17,b06e715a-bce4-4a9d-9f44-a838af322f9c,2026-05-17T14:26:33.894932
19147467-aba4-4e40-94b1-6ac841adc46e,TIBA TIBA SETAN,cgv,,26007500,,,,2D,2026-05-17,c950c153-e3a7-4a86-af83-ba18a75f9d12,2026-05-17T14:26:33.894962
19147467-aba4-4e40-94b1-6ac841adc46e,NOBAR BIRU PSM VS PERSIB,cgv,,26024200,,,,2D,2026-05-17,b976f1bb-6f98-44e4-b966-b93d1890479a,2026-05-17T14:26:33.894992
19147467-aba4-4e40-94b1-6ac841adc46e,GOHAN,cgv,,26022500,,,,2D,2026-05-17,30be94a3-e1af-491f-a78e-f337d045dff2,2026-05-17T14:26:33.895021
19147467-aba4-4e40-94b1-6ac841adc46e,SALMOKJI WHISPERING WATER,cgv,,26019100,,,,2D,2026-05-17,3059ae2b-42b6-45d5-b4b7-1ae4f15532df,2026-05-17T14:26:33.895050
19147467-aba4-4e40-94b1-6ac841adc46e,THE SHEEP DETECTIVES,cgv,,26019500,,,,2D,2026-05-17,e0b3c777-3101-43a4-8c0e-a58c0aa78dba,2026-05-17T14:26:33.895079
19147467-aba4-4e40-94b1-6ac841adc46e,AYAH INI ARAHNYA KEMANA YA,cgv,,26011000,,,,2D,2026-05-17,e0398d52-d383-4ac1-8935-d559e51e4508,2026-05-17T14:26:33.895108
19147467-aba4-4e40-94b1-6ac841adc46e,DILAN ITB 1997,cgv,,26016100,,,,2D,2026-05-17,c8a1756d-7048-441b-a1d8-3bf09552ed2d,2026-05-17T14:26:33.895137
19147467-aba4-4e40-94b1-6ac841adc46e,THE KINGS WARDEN,cgv,,26015000,,,,2D,2026-05-17,efd9876f-6606-45b4-8090-92d6fc352887,2026-05-17T14:26:33.895165
19147467-aba4-4e40-94b1-6ac841adc46e,THE DEVIL WEARS PRADA 2,cgv,,26019800,,,,2D,2026-05-17,425484fd-4e74-4d39-8974-6e4e4f230323,2026-05-17T14:26:33.895193
19147467-aba4-4e40-94b1-6ac841adc46e,MOBILE SUIT GUNDAM HATHAWAY,cgv,,26021100,,,,2D,2026-05-17,e574d2ef-4620-4da4-9070-d578b6e249a2,2026-05-17T14:26:33.895222
19147467-aba4-4e40-94b1-6ac841adc46e,THAT TIME I GOT REINCARNATED AS A SLIME THE MOVIE TEARS OF THE AZURE SEA,cgv,,26017900,,,,2D,2026-05-17,cd26ebf5-0cf4-4c9b-89db-0b53483937d9,2026-05-17T14:26:33.895269
19147467-aba4-4e40-94b1-6ac841adc46e,TOP GUN MAVERICK RE RELEASE,cgv,,26022800,,,,2D,2026-05-17,e40c05f4-3262-4107-ab65-96d6118deabc,2026-05-17T14:26:33.895298
19147467-aba4-4e40-94b1-6ac841adc46e,SEKAWAN LIMO 2 GUNUNG KLAWIH,cgv,,26023300,,,,2D,2026-05-17,cf97e358-e674-40c0-831a-6f68b9eb2723,2026-05-17T14:26:33.895327
19147467-aba4-4e40-94b1-6ac841adc46e,NA WILLA,cgv,,26003200,,,,2D,2026-05-17,b0854a53-5d39-43ea-9e3c-4690b89fa7d3,2026-05-17T14:26:33.895365
19147467-aba4-4e40-94b1-6ac841adc46e,IN THE GREY,cgv,,26022600,,,,2D,2026-05-17,d8ba7356-1dc8-48ad-a368-3215eb2ee599,2026-05-17T14:26:33.895393
19147467-aba4-4e40-94b1-6ac841adc46e,TOP GUN RE RELEASE,cgv,,26022700,,,,2D,2026-05-17,0cfb42b4-b261-4280-8733-cbec621dda40,2026-05-17T14:26:33.895433
19147467-aba4-4e40-94b1-6ac841adc46e,KELUARGA SUAMI ADALAH HAMA,cgv,,26017700,,,,2D,2026-05-17,6fd3e1b6-b832-4f98-a7b3-4c78d52391b4,2026-05-17T14:26:33.895465
19147467-aba4-4e40-94b1-6ac841adc46e,THE SUPER MARIO GALAXY MOVIE,cgv,,26012700,,,,2D,2026-05-17,3f62f871-9231-4b37-a3ec-c4a29bd53150,2026-05-17T14:26:33.895494
19147467-aba4-4e40-94b1-6ac841adc46e,KNEECAP,cgv,,26024100,,,,2D,2026-05-17,9234d271-883b-41eb-ad53-5500d7fd85c5,2026-05-17T14:26:33.895522
19147467-aba4-4e40-94b1-6ac841adc46e,PATI PATNI AUR WOH DO,cgv,,26024300,,,,2D,2026-05-17,6d1fdcef-32a8-4cfd-873c-6a35539bc3b1,2026-05-17T14:26:33.895549
19147467-aba4-4e40-94b1-6ac841adc46e,KFT NA WILLA,cgv,,26015600,,,,2D,2026-05-17,bcc43c47-77db-4be8-b542-feb6af18ccf3,2026-05-17T14:26:33.895577
19147467-aba4-4e40-94b1-6ac841adc46e,AIN,cgv,,26019300,,,,2D,2026-05-17,16a7b149-ddb5-43ee-85f5-d800d715e874,2026-05-17T14:26:33.895612
19147467-aba4-4e40-94b1-6ac841adc46e,LEE CRONINS THE MUMMY,cgv,,26014100,,,,2D,2026-05-17,cf7ead16-ba5f-4ab2-8bd8-3cde75d832d0,2026-05-17T14:26:33.895641
19147467-aba4-4e40-94b1-6ac841adc46e,ENHYPEN IMMERSION IN CINEMAS,cgv,,26016900,,,,2D,2026-05-17,10156ef0-bb44-4268-9856-7c2036178420,2026-05-17T14:26:33.895670
19147467-aba4-4e40-94b1-6ac841adc46e,THE BELL PANGGILAN UNTUK MATI,cgv,,26020700,,,,2D,2026-05-17,537869df-c1d7-43b7-bab5-abd843817a3a,2026-05-17T14:26:33.895698
dc724a44-a93a-4f37-98b5-9c399969bf13,TUMBAL PROYEK,cgv,,26014300,,,,2D,2026-05-17,a7e056c0-40b5-4c99-b4aa-9905d50f4791,2026-05-17T14:26:34.030935
dc724a44-a93a-4f37-98b5-9c399969bf13,SEMUA AKAN BAIK BAIK SAJA,cgv,,26018100,,,,2D,2026-05-17,0d0437f2-5df4-46a5-8e4b-bb974330dedf,2026-05-17T14:26:34.030983
dc724a44-a93a-4f37-98b5-9c399969bf13,GHOST IN THE CELL,cgv,,26011800,,,,2D,2026-05-17,2f392e96-4e6c-4ed2-8602-6e5c0781b7d1,2026-05-17T14:26:34.031018
dc724a44-a93a-4f37-98b5-9c399969bf13,YANG LAIN BOLEH HILANG ASAL KAU JANGAN,cgv,,26018300,,,,2D,2026-05-17,e4887566-0c6c-4602-97e0-d39d08e068a5,2026-05-17T14:26:34.031051
dc724a44-a93a-4f37-98b5-9c399969bf13,MORTAL KOMBAT II,cgv,,26018200,,,,2D,2026-05-17,2f66d7e7-a7a0-48a5-914c-69d5f83fec21,2026-05-17T14:26:34.031083
dc724a44-a93a-4f37-98b5-9c399969bf13,TIBA TIBA SETAN,cgv,,26007500,,,,2D,2026-05-17,ce59bae5-a69b-43b3-bfca-c0cb347b2017,2026-05-17T14:26:34.031114
dc724a44-a93a-4f37-98b5-9c399969bf13,NOBAR BIRU PSM VS PERSIB,cgv,,26024200,,,,2D,2026-05-17,d34f8347-5321-4365-8473-aa87a270a85a,2026-05-17T14:26:34.031144
dc724a44-a93a-4f37-98b5-9c399969bf13,GOHAN,cgv,,26022500,,,,2D,2026-05-17,cb121596-ef3d-42ac-93e6-b1e153979c61,2026-05-17T14:26:34.031173
dc724a44-a93a-4f37-98b5-9c399969bf13,SALMOKJI WHISPERING WATER,cgv,,26019100,,,,2D,2026-05-17,6c84ef5b-d2cf-4bb6-b278-e412b920c90a,2026-05-17T14:26:34.031202
dc724a44-a93a-4f37-98b5-9c399969bf13,THE SHEEP DETECTIVES,cgv,,26019500,,,,2D,2026-05-17,32626caf-19f0-4459-8113-61dd2ab047dc,2026-05-17T14:26:34.031231
dc724a44-a93a-4f37-98b5-9c399969bf13,AYAH INI ARAHNYA KEMANA YA,cgv,,26011000,,,,2D,2026-05-17,5dd8dba4-c5f9-4c12-845d-2bc717609737,2026-05-17T14:26:34.031260
dc724a44-a93a-4f37-98b5-9c399969bf13,DILAN ITB 1997,cgv,,26016100,,,,2D,2026-05-17,e48e0a07-b336-4bdd-a2a4-94f801491234,2026-05-17T14:26:34.031289
dc724a44-a93a-4f37-98b5-9c399969bf13,THE KINGS WARDEN,cgv,,26015000,,,,2D,2026-05-17,4bca7cbc-293b-4ec8-8cea-55b212b4315c,2026-05-17T14:26:34.031322
dc724a44-a93a-4f37-98b5-9c399969bf13,THE DEVIL WEARS PRADA 2,cgv,,26019800,,,,2D,2026-05-17,b33912df-6d71-48fd-83f3-6ecb2052afbc,2026-05-17T14:26:34.031351
dc724a44-a93a-4f37-98b5-9c399969bf13,MOBILE SUIT GUNDAM HATHAWAY,cgv,,26021100,,,,2D,2026-05-17,b14d3557-a596-49cf-8eba-4a93f73dd8ab,2026-05-17T14:26:34.031388
dc724a44-a93a-4f37-98b5-9c399969bf13,THAT TIME I GOT REINCARNATED AS A SLIME THE MOVIE TEARS OF THE AZURE SEA,cgv,,26017900,,,,2D,2026-05-17,02f1763f-2379-4da0-abfa-91e3c72abdad,2026-05-17T14:26:34.031420
dc724a44-a93a-4f37-98b5-9c399969bf13,TOP GUN MAVERICK RE RELEASE,cgv,,26022800,,,,2D,2026-05-17,6d9e85a9-a99b-4753-8b8e-05f486443eb5,2026-05-17T14:26:34.031450
dc724a44-a93a-4f37-98b5-9c399969bf13,SEKAWAN LIMO 2 GUNUNG KLAWIH,cgv,,26023300,,,,2D,2026-05-17,03c5738d-8271-41a6-990b-0d22c449f0e1,2026-05-17T14:26:34.031479
dc724a44-a93a-4f37-98b5-9c399969bf13,NA WILLA,cgv,,26003200,,,,2D,2026-05-17,068aa0b1-2fd7-489a-8607-0546aa4e5f3b,2026-05-17T14:26:34.031510
dc724a44-a93a-4f37-98b5-9c399969bf13,IN THE GREY,cgv,,26022600,,,,2D,2026-05-17,a0b3a45c-9f6a-4744-b31e-dc1b4e1aa891,2026-05-17T14:26:34.031538
dc724a44-a93a-4f37-98b5-9c399969bf13,TOP GUN RE RELEASE,cgv,,26022700,,,,2D,2026-05-17,2895de61-4ccb-4b10-8dbe-648d2e2782fb,2026-05-17T14:26:34.031567
dc724a44-a93a-4f37-98b5-9c399969bf13,KELUARGA SUAMI ADALAH HAMA,cgv,,26017700,,,,2D,2026-05-17,f2e74598-21aa-4f2a-a137-734934e1dff0,2026-05-17T14:26:34.031596
dc724a44-a93a-4f37-98b5-9c399969bf13,THE SUPER MARIO GALAXY MOVIE,cgv,,26012700,,,,2D,2026-05-17,065681ad-9174-4270-b3d9-1b61b6adfd13,2026-05-17T14:26:34.031627
dc724a44-a93a-4f37-98b5-9c399969bf13,KNEECAP,cgv,,26024100,,,,2D,2026-05-17,c2b3c581-a7b0-48ae-9615-c34bed1f989f,2026-05-17T14:26:34.031655
dc724a44-a93a-4f37-98b5-9c399969bf13,PATI PATNI AUR WOH DO,cgv,,26024300,,,,2D,2026-05-17,ab0f06b7-1abe-49ce-b3e0-50b27c8e9fb6,2026-05-17T14:26:34.031683
dc724a44-a93a-4f37-98b5-9c399969bf13,KFT NA WILLA,cgv,,26015600,,,,2D,2026-05-17,584e15b8-3d64-4696-88c8-55d50258f483,2026-05-17T14:26:34.031711
dc724a44-a93a-4f37-98b5-9c399969bf13,AIN,cgv,,26019300,,,,2D,2026-05-17,c12bb742-8bf2-44ea-a221-427ea0ebcff3,2026-05-17T14:26:34.031740
dc724a44-a93a-4f37-98b5-9c399969bf13,LEE CRONINS THE MUMMY,cgv,,26014100,,,,2D,2026-05-17,372d854f-da6f-4380-a5bd-411095fceb29,2026-05-17T14:26:34.031776
dc724a44-a93a-4f37-98b5-9c399969bf13,ENHYPEN IMMERSION IN CINEMAS,cgv,,26016900,,,,2D,2026-05-17,a8050d6f-ae0d-4c4e-bf84-a92fe73e6368,2026-05-17T14:26:34.031804
dc724a44-a93a-4f37-98b5-9c399969bf13,THE BELL PANGGILAN UNTUK MATI,cgv,,26020700,,,,2D,2026-05-17,d7d08f0d-392d-41cd-a4d9-a18d03fcf31d,2026-05-17T14:26:34.031832
0fac45ea-d9a8-434d-93cd-ebf5556dfe38,TUMBAL PROYEK,cgv,,26014300,Horror,106 min,17+,2D,2026-05-17,c555690f-b310-461b-9fbd-3d7658855917,2026-05-17T14:26:32.826961
0fac45ea-d9a8-434d-93cd-ebf5556dfe38,GHOST IN THE CELL,cgv,,26011800,Comedy,106 min,17+,2D,2026-05-17,18bbf551-f65f-4459-8020-de20a1638f8e,2026-05-17T14:26:32.827196
d29fefdb-4531-4c02-b2a3-6c51dc699bc2,TUMBAL PROYEK,cgv,,26014300,,,,2D,2026-05-17,3ba3f9f7-29d6-497c-ae59-e50064e15751,2026-05-17T14:26:36.247787
d29fefdb-4531-4c02-b2a3-6c51dc699bc2,SEMUA AKAN BAIK BAIK SAJA,cgv,,26018100,,,,2D,2026-05-17,23b1c248-c85d-4025-8162-ab22644ca85a,2026-05-17T14:26:36.247808
d29fefdb-4531-4c02-b2a3-6c51dc699bc2,GHOST IN THE CELL,cgv,,26011800,,,,2D,2026-05-17,eb02ff6b-1b42-4392-867a-32ee6aef8ef5,2026-05-17T14:26:36.247822
d29fefdb-4531-4c02-b2a3-6c51dc699bc2,YANG LAIN BOLEH HILANG ASAL KAU JANGAN,cgv,,26018300,,,,2D,2026-05-17,0f00af12-57db-455d-a83e-0ceda31375e2,2026-05-17T14:26:36.247843
d29fefdb-4531-4c02-b2a3-6c51dc699bc2,MORTAL KOMBAT II,cgv,,26018200,,,,2D,2026-05-17,7e87e1b0-1c28-40ca-8011-82bca695cf76,2026-05-17T14:26:36.247856
d29fefdb-4531-4c02-b2a3-6c51dc699bc2,TIBA TIBA SETAN,cgv,,26007500,,,,2D,2026-05-17,ccad0ba4-050b-4aee-95d8-61492e6c44a0,2026-05-17T14:26:36.247868
d29fefdb-4531-4c02-b2a3-6c51dc699bc2,NOBAR BIRU PSM VS PERSIB,cgv,,26024200,,,,2D,2026-05-17,c625c39c-a9f8-472c-8d92-0e5de7182252,2026-05-17T14:26:36.247880
d29fefdb-4531-4c02-b2a3-6c51dc699bc2,GOHAN,cgv,,26022500,,,,2D,2026-05-17,f179dcd0-b53d-4abb-b25d-b9dac4f1aaa1,2026-05-17T14:26:36.247891
d29fefdb-4531-4c02-b2a3-6c51dc699bc2,SALMOKJI WHISPERING WATER,cgv,,26019100,,,,2D,2026-05-17,7dc669bb-4cfd-436f-ae7a-95df54ec4e48,2026-05-17T14:26:36.247903
d29fefdb-4531-4c02-b2a3-6c51dc699bc2,THE SHEEP DETECTIVES,cgv,,26019500,,,,2D,2026-05-17,f14ac9f2-be97-438b-bebe-f3b06b238498,2026-05-17T14:26:36.247914
d29fefdb-4531-4c02-b2a3-6c51dc699bc2,AYAH INI ARAHNYA KEMANA YA,cgv,,26011000,,,,2D,2026-05-17,3440ce0a-7946-4260-98f5-89ebf36a2f24,2026-05-17T14:26:36.247925
d29fefdb-4531-4c02-b2a3-6c51dc699bc2,DILAN ITB 1997,cgv,,26016100,,,,2D,2026-05-17,d9b0234b-36a0-4051-b991-5263385bae3b,2026-05-17T14:26:36.247936
d29fefdb-4531-4c02-b2a3-6c51dc699bc2,THE KINGS WARDEN,cgv,,26015000,,,,2D,2026-05-17,8da2e893-4001-4ead-8d52-032524f22dab,2026-05-17T14:26:36.247947
d29fefdb-4531-4c02-b2a3-6c51dc699bc2,THE DEVIL WEARS PRADA 2,cgv,,26019800,,,,2D,2026-05-17,3298a80e-fd59-4a0d-b501-a4d186008ab4,2026-05-17T14:26:36.247958
d29fefdb-4531-4c02-b2a3-6c51dc699bc2,MOBILE SUIT GUNDAM HATHAWAY,cgv,,26021100,,,,2D,2026-05-17,0d8b3aaa-79f9-41cc-a4fc-948ab5e2a5d1,2026-05-17T14:26:36.247969
d29fefdb-4531-4c02-b2a3-6c51dc699bc2,THAT TIME I GOT REINCARNATED AS A SLIME THE MOVIE TEARS OF THE AZURE SEA,cgv,,26017900,,,,2D,2026-05-17,7a21f3d2-fe4d-431b-9351-c62c5ed36ba1,2026-05-17T14:26:36.247981
d29fefdb-4531-4c02-b2a3-6c51dc699bc2,TOP GUN MAVERICK RE RELEASE,cgv,,26022800,,,,2D,2026-05-17,70eac5bf-5c72-47eb-af7a-ee5e91a2ea53,2026-05-17T14:26:36.247993
d29fefdb-4531-4c02-b2a3-6c51dc699bc2,SEKAWAN LIMO 2 GUNUNG KLAWIH,cgv,,26023300,,,,2D,2026-05-17,c3b6b642-b63f-4686-a740-646631a46090,2026-05-17T14:26:36.248004
d29fefdb-4531-4c02-b2a3-6c51dc699bc2,NA WILLA,cgv,,26003200,,,,2D,2026-05-17,3447f75e-3fbb-47bc-be16-ff0298f6e107,2026-05-17T14:26:36.248017
d29fefdb-4531-4c02-b2a3-6c51dc699bc2,IN THE GREY,cgv,,26022600,,,,2D,2026-05-17,85623c30-276d-4d04-be20-cdb498effb6f,2026-05-17T14:26:36.248028
d29fefdb-4531-4c02-b2a3-6c51dc699bc2,TOP GUN RE RELEASE,cgv,,26022700,,,,2D,2026-05-17,43d47296-7f78-4704-8b2e-f674e59683fd,2026-05-17T14:26:36.248038
d29fefdb-4531-4c02-b2a3-6c51dc699bc2,KELUARGA SUAMI ADALAH HAMA,cgv,,26017700,,,,2D,2026-05-17,ebea3c87-25f6-427b-bdf0-635c42c12f4c,2026-05-17T14:26:36.248049
d29fefdb-4531-4c02-b2a3-6c51dc699bc2,THE SUPER MARIO GALAXY MOVIE,cgv,,26012700,,,,2D,2026-05-17,8addcdbd-f876-444d-a231-e14998848f86,2026-05-17T14:26:36.248059
d29fefdb-4531-4c02-b2a3-6c51dc699bc2,KNEECAP,cgv,,26024100,,,,2D,2026-05-17,1393acde-2b09-44a9-9629-6420d5df72ec,2026-05-17T14:26:36.248070
d29fefdb-4531-4c02-b2a3-6c51dc699bc2,PATI PATNI AUR WOH DO,cgv,,26024300,,,,2D,2026-05-17,ea052f32-9395-4ea9-ac89-008cc589b1aa,2026-05-17T14:26:36.248081
d29fefdb-4531-4c02-b2a3-6c51dc699bc2,KFT NA WILLA,cgv,,26015600,,,,2D,2026-05-17,26c2d50f-829f-49f5-b7d2-aad4bb5d1887,2026-05-17T14:26:36.248092
d29fefdb-4531-4c02-b2a3-6c51dc699bc2,AIN,cgv,,26019300,,,,2D,2026-05-17,fe55e643-2589-4241-855d-438b750615ae,2026-05-17T14:26:36.248103
d29fefdb-4531-4c02-b2a3-6c51dc699bc2,LEE CRONINS THE MUMMY,cgv,,26014100,,,,2D,2026-05-17,00c308f7-87aa-42c8-9e79-fe0a49013a16,2026-05-17T14:26:36.248114
d29fefdb-4531-4c02-b2a3-6c51dc699bc2,ENHYPEN IMMERSION IN CINEMAS,cgv,,26016900,,,,2D,2026-05-17,e2075d14-fde7-44fd-9d3f-6825b017c2bd,2026-05-17T14:26:36.248125
d29fefdb-4531-4c02-b2a3-6c51dc699bc2,THE BELL PANGGILAN UNTUK MATI,cgv,,26020700,,,,2D,2026-05-17,d9f346a0-546c-4451-8d50-2cce80db0446,2026-05-17T14:26:36.248136
8cb0fcd5-7a11-4d0a-9bf5-796bcfe483ef,TUMBAL PROYEK,cgv,,26014300,Horror,106 min,17+,2D,2026-05-17,4f11e98a-cf7b-4f9e-a3f9-fd590f3d54f7,2026-05-17T14:26:34.985471
f2205045-438a-480f-86d1-2bf5073fe55e,SALMOKJI: WHISPERING WATER,cgv,,26019100,Horror,95 min,17+,2D,2026-05-17,d06d1fe4-2c73-4d43-9e8a-b2dc48e321b7,2026-05-17T14:26:35.600601
f2205045-438a-480f-86d1-2bf5073fe55e,TUMBAL PROYEK,cgv,,26014300,Horror,106 min,17+,2D,2026-05-17,0288c8fb-1a0f-4ce5-81ff-0b3995724afd,2026-05-17T14:26:35.600882
f2205045-438a-480f-86d1-2bf5073fe55e,GHOST IN THE CELL,cgv,,26011800,Comedy,106 min,17+,2D,2026-05-17,ccd81c5b-70b6-47cf-90cc-ecf764404ae0,2026-05-17T14:26:35.601142
4ea9a73e-e416-4ecc-9921-cdc784a5b1d1,MORTAL KOMBAT II,cgv,,26018200,Action,116 min,17+,2D,2026-05-17,ee36bf0d-13dc-43c7-9a89-169415bfe27c,2026-05-17T14:26:36.043466
4ea9a73e-e416-4ecc-9921-cdc784a5b1d1,SEMUA AKAN BAIK BAIK SAJA,cgv,,26018100,Drama,113 min,13+,2D,2026-05-17,105d26fb-07be-48d5-8b71-c02139f117b0,2026-05-17T14:26:36.043806
4ea9a73e-e416-4ecc-9921-cdc784a5b1d1,TUMBAL PROYEK,cgv,,26014300,Horror,106 min,17+,2D,2026-05-17,d5449065-2fc4-4a6f-8f35-76500039114f,2026-05-17T14:26:36.044113
4ea9a73e-e416-4ecc-9921-cdc784a5b1d1,GHOST IN THE CELL,cgv,,26011800,Comedy,106 min,17+,2D,2026-05-17,8d64b32c-8b2b-43ae-a998-8da8ff6d2cef,2026-05-17T14:26:36.044415
11724292-234e-406c-9a03-3b70a1a2088d,GHOST IN THE CELL,cgv,,26011800,Comedy,106 min,17+,2D,2026-05-17,f0db3c08-4e27-4f71-a3b3-4c40082befad,2026-05-17T14:26:36.929744
