cinema_id,title,source,movie_id,movie_code,genre,duration,age_rating,format,show_date,id,created_at
1c9a70a7-61f7-4592-8f00-c10077843d87,STAR WARS: THE MANDALORIAN AND GROGU,cinepolis,,488b0e44-9328-4660-827f-bf3341602b6d,FANTASY,2h 12m,13+,2D,2026-05-21,8bd5317b-1fb5-4140-9b51-5a432ca9c736,2026-05-21T00:29:31.468466
1c9a70a7-61f7-4592-8f00-c10077843d87,STAR WARS: THE MANDALORIAN AND GROGU,cinepolis,,488b0e44-9328-4660-827f-bf3341602b6d,FANTASY,2h 12m,13+,3D,2026-05-21,11c18469-e322-4e3c-bfdf-123c1afe8889,2026-05-21T00:29:31.468730
1c9a70a7-61f7-4592-8f00-c10077843d87,TUMBAL PROYEK,cinepolis,,0b14c075-63cc-4a3b-b0a7-a3578ae1590b,HORROR,1h 46m,D17+,2D,2026-05-21,82264082-4791-46f6-b0f0-8499b079e928,2026-05-21T00:29:32.745354
1c9a70a7-61f7-4592-8f00-c10077843d87,KELUARGA SUAMI ADALAH HAMA,cinepolis,,6a227c4d-1483-455f-842b-37ab7ddccdc2,DRAMA,1h 57m,13+,2D,2026-05-21,0ac63192-6e07-4a83-af9e-fdf9e7ecdaa7,2026-05-21T00:29:34.902912
1c9a70a7-61f7-4592-8f00-c10077843d87,SEMUA AKAN BAIK-BAIK SAJA,cinepolis,,cae94e25-4386-417b-8bdf-0dea2d0b0c71,DRAMA,1h 53m,13+,2D,2026-05-21,a68536e9-d67e-4da4-bab5-549e2a38f880,2026-05-21T00:29:35.760652
1c9a70a7-61f7-4592-8f00-c10077843d87,GUDANG MERICA,cinepolis,,0e87a4c9-10fb-496b-b0a4-4d60d71c222d,COMEDY,1h 38m,D17+,2D,2026-05-21,724c610b-4555-4f6f-99ea-12ae7360f562,2026-05-21T00:29:37.974086
1c9a70a7-61f7-4592-8f00-c10077843d87,PEGASUS 3,cinepolis,,8f125633-ac6b-459d-afbc-d1a0e529da32,ACTION,2h 6m,13+,2D,2026-05-21,aa8811cb-a004-4b17-8401-941d48ef94a1,2026-05-21T00:29:40.260126
1c9a70a7-61f7-4592-8f00-c10077843d87,SUNSHINE WOMEN`S CHOIR,cinepolis,,33062671-0ce9-4273-90a4-86ac43173ab4,COMEDY,2h 14m,13+,2D,2026-05-21,09ab7155-da39-41b9-9915-9ed4845d75ff,2026-05-21T00:29:44.117468
31ea5281-7d7f-4884-88d0-ccf6feaaf41f,STAR WARS: THE MANDALORIAN AND GROGU,cinepolis,,488b0e44-9328-4660-827f-bf3341602b6d,FANTASY,2h 12m,13+,3D,2026-05-21,bf9287cd-c760-44e3-bf2c-4c8a705024d2,2026-05-21T00:29:37.256371
31ea5281-7d7f-4884-88d0-ccf6feaaf41f,TUMBAL PROYEK,cinepolis,,0b14c075-63cc-4a3b-b0a7-a3578ae1590b,HORROR,1h 46m,D17+,2D,2026-05-21,a1cf020b-9fa5-44ee-8736-edd73c9537f3,2026-05-21T00:29:37.257748
31ea5281-7d7f-4884-88d0-ccf6feaaf41f,KELUARGA SUAMI ADALAH HAMA,cinepolis,,6a227c4d-1483-455f-842b-37ab7ddccdc2,DRAMA,1h 57m,13+,2D,2026-05-21,5e80b788-cf09-453d-9113-ffc2957323eb,2026-05-21T00:29:37.258988
31ea5281-7d7f-4884-88d0-ccf6feaaf41f,SEMUA AKAN BAIK-BAIK SAJA,cinepolis,,cae94e25-4386-417b-8bdf-0dea2d0b0c71,DRAMA,1h 53m,13+,2D,2026-05-21,8e570cba-cf2d-419c-8b47-db31bf3a3639,2026-05-21T00:29:37.261005
31ea5281-7d7f-4884-88d0-ccf6feaaf41f,GUDANG MERICA,cinepolis,,0e87a4c9-10fb-496b-b0a4-4d60d71c222d,COMEDY,1h 38m,D17+,2D,2026-05-21,8eafff31-3c9e-4230-bece-0b38bae08406,2026-05-21T00:29:38.749461
31ea5281-7d7f-4884-88d0-ccf6feaaf41f,YANG LAIN BOLEH HILANG ASAL KAU JANGAN,cinepolis,,ff59e4ab-92e1-4aa6-bfd8-ab6521930738,DRAMA,1h 53m,13+,2D,2026-05-21,c9b3829b-a440-4e55-97c6-2654ea76d728,2026-05-21T00:29:42.458280
31ea5281-7d7f-4884-88d0-ccf6feaaf41f,TIBA TIBA SETAN,cinepolis,,1d967795-fc67-4246-984c-e494ece3054c,COMEDY,1h 53m,13+,2D,2026-05-21,e8eb4fe6-76d7-4fa6-abe6-030aeb2f2040,2026-05-21T00:29:44.849843
f0957343-e458-4108-b551-955fb13790db,STAR WARS: THE MANDALORIAN AND GROGU,cinepolis,,488b0e44-9328-4660-827f-bf3341602b6d,FANTASY,2h 12m,13+,3D,2026-05-21,25bb6411-6cf5-49c5-a1d6-0e2d3b1a4e25,2026-05-21T00:29:42.509148
f0957343-e458-4108-b551-955fb13790db,STAR WARS: THE MANDALORIAN AND GROGU,cinepolis,,488b0e44-9328-4660-827f-bf3341602b6d,FANTASY,2h 12m,13+,2D,2026-05-21,0eb2510f-d611-486e-bfbb-87b4c4bfba9f,2026-05-21T00:29:42.509220
f0957343-e458-4108-b551-955fb13790db,TUMBAL PROYEK,cinepolis,,0b14c075-63cc-4a3b-b0a7-a3578ae1590b,HORROR,1h 46m,D17+,2D,2026-05-21,355f4bb3-069c-47f0-9b4c-59fa69b04344,2026-05-21T00:29:42.511294
f0957343-e458-4108-b551-955fb13790db,KELUARGA SUAMI ADALAH HAMA,cinepolis,,6a227c4d-1483-455f-842b-37ab7ddccdc2,DRAMA,1h 57m,13+,2D,2026-05-21,d6efa08f-0892-4b37-ab2f-4dff8390b85d,2026-05-21T00:29:42.513123
f0957343-e458-4108-b551-955fb13790db,SEMUA AKAN BAIK-BAIK SAJA,cinepolis,,cae94e25-4386-417b-8bdf-0dea2d0b0c71,DRAMA,1h 53m,13+,2D,2026-05-21,79393196-ef53-40db-af5e-36ea130feabc,2026-05-21T00:29:42.514419
f0957343-e458-4108-b551-955fb13790db,GUDANG MERICA,cinepolis,,0e87a4c9-10fb-496b-b0a4-4d60d71c222d,COMEDY,1h 38m,D17+,2D,2026-05-21,891d361b-beb2-4e09-b7d6-66b7418994af,2026-05-21T00:29:42.515450
f0957343-e458-4108-b551-955fb13790db,GHOST IN THE CELL,cinepolis,,1859bb5f-f638-4a41-854c-a114f6f8a608,HORROR,1h 46m,D17+,2D,2026-05-21,df7fe6d2-d124-4d53-af51-10db9baff799,2026-05-21T00:29:46.993305
f0957343-e458-4108-b551-955fb13790db,YANG LAIN BOLEH HILANG ASAL KAU JANGAN,cinepolis,,ff59e4ab-92e1-4aa6-bfd8-ab6521930738,DRAMA,1h 53m,13+,2D,2026-05-21,e0db92ca-41fc-4175-abed-65846991c097,2026-05-21T00:29:46.994228
f0957343-e458-4108-b551-955fb13790db,GOHAN,cinepolis,,15718ddd-e8db-449b-9313-73b98733d485,DRAMA,2h 20m,SU,2D,2026-05-21,160fa11f-74d1-4209-b090-c0a8ff2e2d80,2026-05-21T00:29:48.444001
f0957343-e458-4108-b551-955fb13790db,THE SHEEP DETECTIVES,cinepolis,,71865891-a162-4fb5-bcc1-eda6d7edf3e9,COMEDY,1h 49m,SU,2D,2026-05-21,d30ca66c-1382-4fe5-abb9-92dd25053baa,2026-05-21T00:29:49.916019
62804e72-5b1c-4390-a028-3dc4a3498ecd,STAR WARS: THE MANDALORIAN AND GROGU,cinepolis,,488b0e44-9328-4660-827f-bf3341602b6d,FANTASY,2h 12m,13+,2D,2026-05-21,4219241e-bc9a-44eb-b0bb-2326db517978,2026-05-21T00:29:51.692316
62804e72-5b1c-4390-a028-3dc4a3498ecd,STAR WARS: THE MANDALORIAN AND GROGU,cinepolis,,488b0e44-9328-4660-827f-bf3341602b6d,FANTASY,2h 12m,13+,3D,2026-05-21,6ec18732-ef09-407b-9147-abccacfeeae9,2026-05-21T00:29:51.692352
62804e72-5b1c-4390-a028-3dc4a3498ecd,TUMBAL PROYEK,cinepolis,,0b14c075-63cc-4a3b-b0a7-a3578ae1590b,HORROR,1h 46m,D17+,2D,2026-05-21,a69aa817-89fc-4a14-9515-73087bcc7424,2026-05-21T00:29:51.692972
62804e72-5b1c-4390-a028-3dc4a3498ecd,KELUARGA SUAMI ADALAH HAMA,cinepolis,,6a227c4d-1483-455f-842b-37ab7ddccdc2,DRAMA,1h 57m,13+,2D,2026-05-21,6b69fd6d-6ffe-4b62-bf89-b6bd3434b565,2026-05-21T00:29:51.694432
62804e72-5b1c-4390-a028-3dc4a3498ecd,SEMUA AKAN BAIK-BAIK SAJA,cinepolis,,cae94e25-4386-417b-8bdf-0dea2d0b0c71,DRAMA,1h 53m,13+,2D,2026-05-21,4be19d71-1dac-4a93-bdd2-541e94959c1a,2026-05-21T00:29:51.695273
62804e72-5b1c-4390-a028-3dc4a3498ecd,GUDANG MERICA,cinepolis,,0e87a4c9-10fb-496b-b0a4-4d60d71c222d,COMEDY,1h 38m,D17+,2D,2026-05-21,114e87a6-956c-49fc-b88d-f224073c3073,2026-05-21T00:29:51.697208
62804e72-5b1c-4390-a028-3dc4a3498ecd,"AYAH, INI ARAHNYA KEMANA, YA?",cinepolis,,47fccbc0-f843-4918-ad66-28fcef4aa048,DRAMA,1h 43m,13+,3D,2026-05-21,1f1c7340-b763-46f3-a372-3eabbc18e75d,2026-05-21T00:29:51.775755
73b2c3ab-cf78-46cd-93b1-2747f152ba76,STAR WARS: THE MANDALORIAN AND GROGU,cinepolis,,488b0e44-9328-4660-827f-bf3341602b6d,FANTASY,2h 12m,13+,2D,2026-05-21,f5c188e1-87be-41b1-b977-c5bd47e96ad4,2026-05-21T00:29:56.906247
73b2c3ab-cf78-46cd-93b1-2747f152ba76,STAR WARS: THE MANDALORIAN AND GROGU,cinepolis,,488b0e44-9328-4660-827f-bf3341602b6d,FANTASY,2h 12m,13+,3D,2026-05-21,912468b3-cf70-4868-8927-b94a826ebf40,2026-05-21T00:29:56.906322
73b2c3ab-cf78-46cd-93b1-2747f152ba76,TUMBAL PROYEK,cinepolis,,0b14c075-63cc-4a3b-b0a7-a3578ae1590b,HORROR,1h 46m,D17+,2D,2026-05-21,13ca24d3-3f41-44c4-ba72-ca770ece3153,2026-05-21T00:29:56.907882
73b2c3ab-cf78-46cd-93b1-2747f152ba76,KELUARGA SUAMI ADALAH HAMA,cinepolis,,6a227c4d-1483-455f-842b-37ab7ddccdc2,DRAMA,1h 57m,13+,2D,2026-05-21,7af398d9-fe20-4215-b9be-1b4bd49b38bd,2026-05-21T00:29:56.909239
73b2c3ab-cf78-46cd-93b1-2747f152ba76,SEMUA AKAN BAIK-BAIK SAJA,cinepolis,,cae94e25-4386-417b-8bdf-0dea2d0b0c71,DRAMA,1h 53m,13+,2D,2026-05-21,1e6033aa-99bc-445d-84d9-58dd622d3721,2026-05-21T00:29:56.911427
73b2c3ab-cf78-46cd-93b1-2747f152ba76,GUDANG MERICA,cinepolis,,0e87a4c9-10fb-496b-b0a4-4d60d71c222d,COMEDY,1h 38m,D17+,2D,2026-05-21,38224e4e-6a99-4d8a-a55a-9cd981dc0753,2026-05-21T00:29:56.913017
73b2c3ab-cf78-46cd-93b1-2747f152ba76,"AYAH, INI ARAHNYA KEMANA, YA?",cinepolis,,47fccbc0-f843-4918-ad66-28fcef4aa048,DRAMA,1h 43m,13+,2D,2026-05-21,cd1149cd-fdb0-4a65-8536-f5955bfb7a70,2026-05-21T00:29:56.914999
73b2c3ab-cf78-46cd-93b1-2747f152ba76,YANG LAIN BOLEH HILANG ASAL KAU JANGAN,cinepolis,,ff59e4ab-92e1-4aa6-bfd8-ab6521930738,DRAMA,1h 53m,13+,2D,2026-05-21,ad8c0b8b-42ce-49fa-9ae2-e53c5b90df5b,2026-05-21T00:29:56.916534
c1165740-7d58-49ea-8696-9c2457a4a2c5,STAR WARS: THE MANDALORIAN AND GROGU,cinepolis,,488b0e44-9328-4660-827f-bf3341602b6d,FANTASY,2h 12m,13+,2D,2026-05-21,0649799b-621c-4503-b32b-e81756ed1960,2026-05-21T00:30:03.060025
c1165740-7d58-49ea-8696-9c2457a4a2c5,TUMBAL PROYEK,cinepolis,,0b14c075-63cc-4a3b-b0a7-a3578ae1590b,HORROR,1h 46m,D17+,2D,2026-05-21,f752c9ca-c15b-4961-bc3a-bc849a78bbfb,2026-05-21T00:30:03.061494
c1165740-7d58-49ea-8696-9c2457a4a2c5,KELUARGA SUAMI ADALAH HAMA,cinepolis,,6a227c4d-1483-455f-842b-37ab7ddccdc2,DRAMA,1h 57m,13+,2D,2026-05-21,3b50b3c3-0cf0-4209-970a-6e7a32dc9155,2026-05-21T00:30:03.062918
c1165740-7d58-49ea-8696-9c2457a4a2c5,SEMUA AKAN BAIK-BAIK SAJA,cinepolis,,cae94e25-4386-417b-8bdf-0dea2d0b0c71,DRAMA,1h 53m,13+,2D,2026-05-21,7240d025-df3e-40d8-8951-aecff70a2ba8,2026-05-21T00:30:03.064746
c1165740-7d58-49ea-8696-9c2457a4a2c5,GUDANG MERICA,cinepolis,,0e87a4c9-10fb-496b-b0a4-4d60d71c222d,COMEDY,1h 38m,D17+,2D,2026-05-21,7665ca6a-42fd-4fbe-b9d6-645bf860f79a,2026-05-21T00:30:03.066115
32aa1984-5728-4517-883e-1f176d62f8ec,STAR WARS: THE MANDALORIAN AND GROGU,cinepolis,,488b0e44-9328-4660-827f-bf3341602b6d,FANTASY,2h 12m,13+,2D,2026-05-21,f36e1e95-9953-42a4-bcc5-95f778442041,2026-05-21T00:30:08.309331
32aa1984-5728-4517-883e-1f176d62f8ec,TUMBAL PROYEK,cinepolis,,0b14c075-63cc-4a3b-b0a7-a3578ae1590b,HORROR,1h 46m,D17+,2D,2026-05-21,99c7fce0-c7d1-45b5-b84f-13e88a6bddaf,2026-05-21T00:30:08.310261
32aa1984-5728-4517-883e-1f176d62f8ec,KELUARGA SUAMI ADALAH HAMA,cinepolis,,6a227c4d-1483-455f-842b-37ab7ddccdc2,DRAMA,1h 57m,13+,2D,2026-05-21,7c39afd8-39c5-4a62-84e5-23195d3ffb20,2026-05-21T00:30:08.311066
32aa1984-5728-4517-883e-1f176d62f8ec,SEMUA AKAN BAIK-BAIK SAJA,cinepolis,,cae94e25-4386-417b-8bdf-0dea2d0b0c71,DRAMA,1h 53m,13+,2D,2026-05-21,5bfb57cd-c481-485d-8f0a-d156fc2f0c15,2026-05-21T00:30:08.311961
43e07448-db94-42c7-a8e1-500a4e68df50,STAR WARS: THE MANDALORIAN AND GROGU,cinepolis,,488b0e44-9328-4660-827f-bf3341602b6d,FANTASY,2h 12m,13+,2D,2026-05-21,8d886e57-b3ce-4d24-89b4-f5fa2c31c2a3,2026-05-21T00:30:13.578899
43e07448-db94-42c7-a8e1-500a4e68df50,STAR WARS: THE MANDALORIAN AND GROGU,cinepolis,,488b0e44-9328-4660-827f-bf3341602b6d,FANTASY,2h 12m,13+,3D,2026-05-21,ff065d94-d4be-4bb9-bbd9-018ba5d1fd25,2026-05-21T00:30:13.578970
43e07448-db94-42c7-a8e1-500a4e68df50,TUMBAL PROYEK,cinepolis,,0b14c075-63cc-4a3b-b0a7-a3578ae1590b,HORROR,1h 46m,D17+,2D,2026-05-21,16ba0b3b-f430-459d-bd37-4d310507101d,2026-05-21T00:30:13.580121
43e07448-db94-42c7-a8e1-500a4e68df50,KELUARGA SUAMI ADALAH HAMA,cinepolis,,6a227c4d-1483-455f-842b-37ab7ddccdc2,DRAMA,1h 57m,13+,2D,2026-05-21,40895b63-22c7-4b90-8f52-71f2e4ef020d,2026-05-21T00:30:13.581849
43e07448-db94-42c7-a8e1-500a4e68df50,SEMUA AKAN BAIK-BAIK SAJA,cinepolis,,cae94e25-4386-417b-8bdf-0dea2d0b0c71,DRAMA,1h 53m,13+,2D,2026-05-21,50e056c5-98c3-4cae-bf99-1ea312c5e742,2026-05-21T00:30:13.582680
43e07448-db94-42c7-a8e1-500a4e68df50,PEGASUS 3,cinepolis,,8f125633-ac6b-459d-afbc-d1a0e529da32,ACTION,2h 6m,13+,2D,2026-05-21,64ff77b0-e726-45c6-8eeb-407de5e0a259,2026-05-21T00:30:13.583447
43e07448-db94-42c7-a8e1-500a4e68df50,SUNSHINE WOMEN`S CHOIR,cinepolis,,33062671-0ce9-4273-90a4-86ac43173ab4,COMEDY,2h 14m,13+,2D,2026-05-21,23c80ee3-5ceb-4d48-b5d6-2fee5a25c0d2,2026-05-21T00:30:13.584228
43e07448-db94-42c7-a8e1-500a4e68df50,GHOST IN THE CELL,cinepolis,,1859bb5f-f638-4a41-854c-a114f6f8a608,HORROR,1h 46m,D17+,2D,2026-05-21,04648593-9e18-4dec-9801-5d4fa3485072,2026-05-21T00:30:13.584998
43e07448-db94-42c7-a8e1-500a4e68df50,SALMOKJI: WHISPERING WATER,cinepolis,,a71f8c7d-5bdf-4b91-b207-9acbafa2417a,HORROR,1h 35m,D17+,2D,2026-05-21,1aa10151-4bbd-4652-b728-e2d7459ed06a,2026-05-21T00:30:14.667462
43e07448-db94-42c7-a8e1-500a4e68df50,NA WILLA,cinepolis,,29fbce60-a3f8-467e-9d65-44612efe30d4,DRAMA,1h 58m,SU,2D,2026-05-21,8dc3ce5c-589f-425e-b2d4-de832b07badd,2026-05-21T00:30:15.852758
6cf1de33-f3e7-48db-bf0c-cb4a78116c9a,STAR WARS: THE MANDALORIAN AND GROGU,cinepolis,,488b0e44-9328-4660-827f-bf3341602b6d,FANTASY,2h 12m,13+,2D,2026-05-21,6a23c46f-9733-4e36-aeaa-16c09dcb00c0,2026-05-21T00:30:19.761814
6cf1de33-f3e7-48db-bf0c-cb4a78116c9a,TUMBAL PROYEK,cinepolis,,0b14c075-63cc-4a3b-b0a7-a3578ae1590b,HORROR,1h 46m,D17+,2D,2026-05-21,e3304da4-8cc8-40c1-83db-16ec16c63c98,2026-05-21T00:30:19.763442
6cf1de33-f3e7-48db-bf0c-cb4a78116c9a,KELUARGA SUAMI ADALAH HAMA,cinepolis,,6a227c4d-1483-455f-842b-37ab7ddccdc2,DRAMA,1h 57m,13+,2D,2026-05-21,0eb77709-7271-4b07-aec8-63f84526ac68,2026-05-21T00:30:19.764919
6cf1de33-f3e7-48db-bf0c-cb4a78116c9a,SEMUA AKAN BAIK-BAIK SAJA,cinepolis,,cae94e25-4386-417b-8bdf-0dea2d0b0c71,DRAMA,1h 53m,13+,2D,2026-05-21,8ede33f4-e62e-4b7e-a857-afeaeffc99b2,2026-05-21T00:30:19.766215
6cf1de33-f3e7-48db-bf0c-cb4a78116c9a,GUDANG MERICA,cinepolis,,0e87a4c9-10fb-496b-b0a4-4d60d71c222d,COMEDY,1h 38m,D17+,2D,2026-05-21,67963e0c-d565-418d-8987-adfa6b0cfbb0,2026-05-21T00:30:19.767160
6cf1de33-f3e7-48db-bf0c-cb4a78116c9a,PEGASUS 3,cinepolis,,8f125633-ac6b-459d-afbc-d1a0e529da32,ACTION,2h 6m,13+,2D,2026-05-21,3082bf3e-9b98-4fcb-a025-d9ea464f1894,2026-05-21T00:30:19.768101
6cf1de33-f3e7-48db-bf0c-cb4a78116c9a,SUNSHINE WOMEN`S CHOIR,cinepolis,,33062671-0ce9-4273-90a4-86ac43173ab4,COMEDY,2h 14m,13+,2D,2026-05-21,bad1b9f7-0696-4420-80da-ca6b05087506,2026-05-21T00:30:19.768970
6cf1de33-f3e7-48db-bf0c-cb4a78116c9a,GHOST IN THE CELL,cinepolis,,1859bb5f-f638-4a41-854c-a114f6f8a608,HORROR,1h 46m,D17+,2D,2026-05-21,ddfd543e-5c7b-4256-b47c-cee5227e9f01,2026-05-21T00:30:19.769756
6cf1de33-f3e7-48db-bf0c-cb4a78116c9a,MORTAL KOMBAT II,cinepolis,,420e1f44-2534-4ed9-9d6f-84cf6406d5a8,ACTION,1h 56m,D17+,2D,2026-05-21,6af2411e-2fff-4aad-9380-70fa9e552683,2026-05-21T00:30:20.517227
6cf1de33-f3e7-48db-bf0c-cb4a78116c9a,YANG LAIN BOLEH HILANG ASAL KAU JANGAN,cinepolis,,ff59e4ab-92e1-4aa6-bfd8-ab6521930738,DRAMA,1h 53m,13+,2D,2026-05-21,1ea4a447-db1d-44e3-a217-2880e075c709,2026-05-21T00:30:20.518929
6cf1de33-f3e7-48db-bf0c-cb4a78116c9a,SALMOKJI: WHISPERING WATER,cinepolis,,a71f8c7d-5bdf-4b91-b207-9acbafa2417a,HORROR,1h 35m,D17+,2D,2026-05-21,4a5791af-c0fe-4406-a971-9608732f6a1f,2026-05-21T00:30:20.520798
61089459-78b3-4485-846c-7716c6e0ee1a,STAR WARS: THE MANDALORIAN AND GROGU,cinepolis,,488b0e44-9328-4660-827f-bf3341602b6d,FANTASY,2h 12m,13+,2D,2026-05-21,072c5f04-58c6-49cf-a9a0-c16e45cead97,2026-05-21T00:30:24.974811
61089459-78b3-4485-846c-7716c6e0ee1a,TUMBAL PROYEK,cinepolis,,0b14c075-63cc-4a3b-b0a7-a3578ae1590b,HORROR,1h 46m,D17+,2D,2026-05-21,8100db8a-e0a2-4313-84bb-f83cfb90475a,2026-05-21T00:30:24.975881
61089459-78b3-4485-846c-7716c6e0ee1a,SEMUA AKAN BAIK-BAIK SAJA,cinepolis,,cae94e25-4386-417b-8bdf-0dea2d0b0c71,DRAMA,1h 53m,13+,2D,2026-05-21,c9b2b97f-6a43-44bd-9672-1244fea5f095,2026-05-21T00:30:24.976700
61089459-78b3-4485-846c-7716c6e0ee1a,GUDANG MERICA,cinepolis,,0e87a4c9-10fb-496b-b0a4-4d60d71c222d,COMEDY,1h 38m,D17+,2D,2026-05-21,c9f4bb1a-0c3a-480e-b3ca-c119c7782388,2026-05-21T00:30:24.977975
61089459-78b3-4485-846c-7716c6e0ee1a,GHOST IN THE CELL,cinepolis,,1859bb5f-f638-4a41-854c-a114f6f8a608,HORROR,1h 46m,D17+,2D,2026-05-21,d420c8fb-84fe-4f3f-bcb2-7104d44814e6,2026-05-21T00:30:24.979304
61089459-78b3-4485-846c-7716c6e0ee1a,"AYAH, INI ARAHNYA KEMANA, YA?",cinepolis,,47fccbc0-f843-4918-ad66-28fcef4aa048,DRAMA,1h 43m,13+,2D,2026-05-21,4e9acccf-e3f0-4746-931c-bee143cfaf2e,2026-05-21T00:30:24.979934
3cba7d13-4089-4866-b5b8-745ea5332afe,STAR WARS: THE MANDALORIAN AND GROGU,cinepolis,,488b0e44-9328-4660-827f-bf3341602b6d,FANTASY,2h 12m,13+,3D,2026-05-21,c68f1182-473f-4dc5-ac3c-f8a00e526cf0,2026-05-21T00:30:30.263003
3cba7d13-4089-4866-b5b8-745ea5332afe,STAR WARS: THE MANDALORIAN AND GROGU,cinepolis,,488b0e44-9328-4660-827f-bf3341602b6d,FANTASY,2h 12m,13+,2D,2026-05-21,b874d0f9-4cb5-4f5b-af7e-c61786dceaca,2026-05-21T00:30:30.263075
3cba7d13-4089-4866-b5b8-745ea5332afe,TUMBAL PROYEK,cinepolis,,0b14c075-63cc-4a3b-b0a7-a3578ae1590b,HORROR,1h 46m,D17+,2D,2026-05-21,96c6019e-adee-4990-b882-27fa442e4715,2026-05-21T00:30:30.264468
3cba7d13-4089-4866-b5b8-745ea5332afe,SEMUA AKAN BAIK-BAIK SAJA,cinepolis,,cae94e25-4386-417b-8bdf-0dea2d0b0c71,DRAMA,1h 53m,13+,2D,2026-05-21,5a580ecc-5f71-43b8-8b70-c41beeafe16d,2026-05-21T00:30:30.265629
3cba7d13-4089-4866-b5b8-745ea5332afe,GUDANG MERICA,cinepolis,,0e87a4c9-10fb-496b-b0a4-4d60d71c222d,COMEDY,1h 38m,D17+,2D,2026-05-21,b55dfa35-1a89-4d74-8595-ffb2fb5464a1,2026-05-21T00:30:30.266685
3cba7d13-4089-4866-b5b8-745ea5332afe,PEGASUS 3,cinepolis,,8f125633-ac6b-459d-afbc-d1a0e529da32,ACTION,2h 6m,13+,2D,2026-05-21,2bf69eec-272e-478c-9c09-99a5f1689668,2026-05-21T00:30:30.267696
3cba7d13-4089-4866-b5b8-745ea5332afe,SUNSHINE WOMEN`S CHOIR,cinepolis,,33062671-0ce9-4273-90a4-86ac43173ab4,COMEDY,2h 14m,13+,2D,2026-05-21,7196645e-895d-4de8-afe1-36689133c510,2026-05-21T00:30:30.268740
3cba7d13-4089-4866-b5b8-745ea5332afe,MORTAL KOMBAT II,cinepolis,,420e1f44-2534-4ed9-9d6f-84cf6406d5a8,ACTION,1h 56m,D17+,2D,2026-05-21,b935e30c-4926-4bf9-856d-5ad7aa83bf6b,2026-05-21T00:30:30.269902
3cba7d13-4089-4866-b5b8-745ea5332afe,GOHAN,cinepolis,,15718ddd-e8db-449b-9313-73b98733d485,DRAMA,2h 20m,SU,2D,2026-05-21,9276330c-e6ea-47bd-9711-09416257c1e5,2026-05-21T00:30:30.270900
3cba7d13-4089-4866-b5b8-745ea5332afe,SALMOKJI: WHISPERING WATER,cinepolis,,a71f8c7d-5bdf-4b91-b207-9acbafa2417a,HORROR,1h 35m,D17+,2D,2026-05-21,1b50add6-755d-44cd-9be0-08b7271d52d2,2026-05-21T00:30:30.272901
622194f6-a7bb-4136-84b3-f11cfeee5567,STAR WARS: THE MANDALORIAN AND GROGU,cinepolis,,488b0e44-9328-4660-827f-bf3341602b6d,FANTASY,2h 12m,13+,2D,2026-05-21,e7b32b6f-8eb2-4ebd-8443-47bc78b9ef73,2026-05-21T00:30:36.380550
622194f6-a7bb-4136-84b3-f11cfeee5567,STAR WARS: THE MANDALORIAN AND GROGU,cinepolis,,488b0e44-9328-4660-827f-bf3341602b6d,FANTASY,2h 12m,13+,3D,2026-05-21,4696fe7c-d9a1-45db-b4b8-2d95d9800375,2026-05-21T00:30:36.380638
622194f6-a7bb-4136-84b3-f11cfeee5567,TUMBAL PROYEK,cinepolis,,0b14c075-63cc-4a3b-b0a7-a3578ae1590b,HORROR,1h 46m,D17+,2D,2026-05-21,c07ebd9e-cecc-4762-98be-27a4eb19eacd,2026-05-21T00:30:36.381945
622194f6-a7bb-4136-84b3-f11cfeee5567,KELUARGA SUAMI ADALAH HAMA,cinepolis,,6a227c4d-1483-455f-842b-37ab7ddccdc2,DRAMA,1h 57m,13+,2D,2026-05-21,eb09869d-06d5-4f3e-bd53-9ce503255766,2026-05-21T00:30:36.383016
622194f6-a7bb-4136-84b3-f11cfeee5567,SEMUA AKAN BAIK-BAIK SAJA,cinepolis,,cae94e25-4386-417b-8bdf-0dea2d0b0c71,DRAMA,1h 53m,13+,2D,2026-05-21,7c3438fb-3997-4bd4-8acc-57805762ae46,2026-05-21T00:30:36.383980
622194f6-a7bb-4136-84b3-f11cfeee5567,GUDANG MERICA,cinepolis,,0e87a4c9-10fb-496b-b0a4-4d60d71c222d,COMEDY,1h 38m,D17+,2D,2026-05-21,f5e3e3b4-faa9-48f7-b44e-38c812aafb7f,2026-05-21T00:30:36.384876
622194f6-a7bb-4136-84b3-f11cfeee5567,PEGASUS 3,cinepolis,,8f125633-ac6b-459d-afbc-d1a0e529da32,ACTION,2h 6m,13+,2D,2026-05-21,2a7abcc2-7e85-4f71-95b1-5ab0fb199e5d,2026-05-21T00:30:36.385761
622194f6-a7bb-4136-84b3-f11cfeee5567,SUNSHINE WOMEN`S CHOIR,cinepolis,,33062671-0ce9-4273-90a4-86ac43173ab4,COMEDY,2h 14m,13+,2D,2026-05-21,f62cbc8f-3823-47fc-aa79-fb994dd94bad,2026-05-21T00:30:36.387747
622194f6-a7bb-4136-84b3-f11cfeee5567,GOHAN,cinepolis,,15718ddd-e8db-449b-9313-73b98733d485,DRAMA,2h 20m,SU,2D,2026-05-21,43973ced-56c8-4200-be89-ca5a68c469ac,2026-05-21T00:30:36.389209
6457f379-5960-4b2c-90e6-cf761e8e46af,STAR WARS: THE MANDALORIAN AND GROGU,cinepolis,,488b0e44-9328-4660-827f-bf3341602b6d,FANTASY,2h 12m,13+,3D,2026-05-21,014f7a14-d586-41ac-b5e2-561ab4053469,2026-05-21T00:30:41.612829
6457f379-5960-4b2c-90e6-cf761e8e46af,STAR WARS: THE MANDALORIAN AND GROGU,cinepolis,,488b0e44-9328-4660-827f-bf3341602b6d,FANTASY,2h 12m,13+,2D,2026-05-21,3590115b-76b8-4b8a-96f8-30a56c64f686,2026-05-21T00:30:41.612889
6457f379-5960-4b2c-90e6-cf761e8e46af,TUMBAL PROYEK,cinepolis,,0b14c075-63cc-4a3b-b0a7-a3578ae1590b,HORROR,1h 46m,D17+,2D,2026-05-21,96a8175c-4eb9-417e-a371-9fd3d318a91f,2026-05-21T00:30:41.615019
6457f379-5960-4b2c-90e6-cf761e8e46af,KELUARGA SUAMI ADALAH HAMA,cinepolis,,6a227c4d-1483-455f-842b-37ab7ddccdc2,DRAMA,1h 57m,13+,2D,2026-05-21,20ee79eb-88fa-48cf-a802-588dce213231,2026-05-21T00:30:41.616118
6457f379-5960-4b2c-90e6-cf761e8e46af,SEMUA AKAN BAIK-BAIK SAJA,cinepolis,,cae94e25-4386-417b-8bdf-0dea2d0b0c71,DRAMA,1h 53m,13+,2D,2026-05-21,2323ae04-8e4a-4804-bfcd-ccf978f0385f,2026-05-21T00:30:41.617588
6457f379-5960-4b2c-90e6-cf761e8e46af,GUDANG MERICA,cinepolis,,0e87a4c9-10fb-496b-b0a4-4d60d71c222d,COMEDY,1h 38m,D17+,2D,2026-05-21,4d49037b-8cff-4d7b-90df-49bb750ff898,2026-05-21T00:30:41.618460
6457f379-5960-4b2c-90e6-cf761e8e46af,PEGASUS 3,cinepolis,,8f125633-ac6b-459d-afbc-d1a0e529da32,ACTION,2h 6m,13+,2D,2026-05-21,a7ab01e1-1a33-4d34-bf53-6804898fe2d9,2026-05-21T00:30:41.619276
6457f379-5960-4b2c-90e6-cf761e8e46af,SUNSHINE WOMEN`S CHOIR,cinepolis,,33062671-0ce9-4273-90a4-86ac43173ab4,COMEDY,2h 14m,13+,2D,2026-05-21,46b00d55-5b32-42be-882b-15bdcc279067,2026-05-21T00:30:41.620050
6457f379-5960-4b2c-90e6-cf761e8e46af,GHOST IN THE CELL,cinepolis,,1859bb5f-f638-4a41-854c-a114f6f8a608,HORROR,1h 46m,D17+,2D,2026-05-21,be046977-de63-4d3b-a8f3-032eb513b5a5,2026-05-21T00:30:41.621052
6457f379-5960-4b2c-90e6-cf761e8e46af,"AYAH, INI ARAHNYA KEMANA, YA?",cinepolis,,47fccbc0-f843-4918-ad66-28fcef4aa048,DRAMA,1h 43m,13+,2D,2026-05-21,a6aeeaa6-b635-496f-9d10-15e0d72f3bd2,2026-05-21T00:30:41.622270
6457f379-5960-4b2c-90e6-cf761e8e46af,BADUT GENDONG,cinepolis,,3c747edf-0b24-47d3-a687-cce565db1452,HORROR,1h 41m,D17+,2D,2026-05-21,b24d7148-dbfd-49a2-a182-3ce4ff9aa8fa,2026-05-21T00:30:42.690898
b368dd1e-326e-4353-99e8-b1ebdbaf33aa,STAR WARS: THE MANDALORIAN AND GROGU,cinepolis,,488b0e44-9328-4660-827f-bf3341602b6d,FANTASY,2h 12m,13+,2D,2026-05-21,12efdcfc-6566-47ac-9974-100f483840ac,2026-05-21T00:30:47.668491
b368dd1e-326e-4353-99e8-b1ebdbaf33aa,TUMBAL PROYEK,cinepolis,,0b14c075-63cc-4a3b-b0a7-a3578ae1590b,HORROR,1h 46m,D17+,2D,2026-05-21,8fadffe4-df8c-4639-9cb2-185a0e98898e,2026-05-21T00:30:47.670043
b368dd1e-326e-4353-99e8-b1ebdbaf33aa,SEMUA AKAN BAIK-BAIK SAJA,cinepolis,,cae94e25-4386-417b-8bdf-0dea2d0b0c71,DRAMA,1h 53m,13+,2D,2026-05-21,cc804c32-0f60-453c-875a-54caaf0501cc,2026-05-21T00:30:47.671609
b368dd1e-326e-4353-99e8-b1ebdbaf33aa,GUDANG MERICA,cinepolis,,0e87a4c9-10fb-496b-b0a4-4d60d71c222d,COMEDY,1h 38m,D17+,2D,2026-05-21,784ae612-11b1-41f7-a380-912207c870ea,2026-05-21T00:30:47.672880
b368dd1e-326e-4353-99e8-b1ebdbaf33aa,MORTAL KOMBAT II,cinepolis,,420e1f44-2534-4ed9-9d6f-84cf6406d5a8,ACTION,1h 56m,D17+,2D,2026-05-21,87785356-68b7-49da-b7ce-e4b82b5c1245,2026-05-21T00:30:47.673900
b368dd1e-326e-4353-99e8-b1ebdbaf33aa,"AYAH, INI ARAHNYA KEMANA, YA?",cinepolis,,47fccbc0-f843-4918-ad66-28fcef4aa048,DRAMA,1h 43m,13+,2D,2026-05-21,5be739af-4c3f-4dcd-88b7-b4a2051252c8,2026-05-21T00:30:47.674867
b368dd1e-326e-4353-99e8-b1ebdbaf33aa,THE KING`S WARDEN,cinepolis,,65881b59-8a2d-43fe-b61c-5d8b58e2b312,DRAMA,1h 57m,13+,2D,2026-05-21,cd9a0630-d99b-414f-89e7-ff821871ba15,2026-05-21T00:30:47.854315
b368dd1e-326e-4353-99e8-b1ebdbaf33aa,THE DEVIL WEARS PRADA 2,cinepolis,,97d5d4ac-9e2f-476f-a0ee-729bdefb04b1,COMEDY,1h 59m,13+,2D,2026-05-21,1dbc5e9d-5933-43e0-8baf-35d1e045ca21,2026-05-21T00:30:49.252318
b368dd1e-326e-4353-99e8-b1ebdbaf33aa,THE SHEEP DETECTIVES,cinepolis,,71865891-a162-4fb5-bcc1-eda6d7edf3e9,COMEDY,1h 49m,SU,2D,2026-05-21,d8485132-234e-4cae-9c0e-5d36fa89aa33,2026-05-21T00:30:49.253792
b368dd1e-326e-4353-99e8-b1ebdbaf33aa,DILAN ITB 1997,cinepolis,,7afc861e-8f49-4790-9cc5-64ea19b1b0e5,ROMANCE,1h 50m,13+,2D,2026-05-21,cea80eb9-22c9-42e2-a5b0-3825ca2703e7,2026-05-21T00:30:50.788287
7390214e-88ba-4866-bc42-846ef798befd,STAR WARS: THE MANDALORIAN AND GROGU,cinepolis,,488b0e44-9328-4660-827f-bf3341602b6d,FANTASY,2h 12m,13+,2D,2026-05-21,6c509b1d-4ac5-4966-baf2-daa86923f220,2026-05-21T00:30:53.788667
7390214e-88ba-4866-bc42-846ef798befd,TUMBAL PROYEK,cinepolis,,0b14c075-63cc-4a3b-b0a7-a3578ae1590b,HORROR,1h 46m,D17+,2D,2026-05-21,b5b790ce-94b3-470d-8463-51f9a5d1d89d,2026-05-21T00:30:53.789789
7390214e-88ba-4866-bc42-846ef798befd,SEMUA AKAN BAIK-BAIK SAJA,cinepolis,,cae94e25-4386-417b-8bdf-0dea2d0b0c71,DRAMA,1h 53m,13+,2D,2026-05-21,98846f3d-34b7-40a5-8339-ec01b67b9011,2026-05-21T00:30:53.790927
7390214e-88ba-4866-bc42-846ef798befd,GUDANG MERICA,cinepolis,,0e87a4c9-10fb-496b-b0a4-4d60d71c222d,COMEDY,1h 38m,D17+,2D,2026-05-21,099960a2-0fd8-43ac-9eea-02839c14394d,2026-05-21T00:30:53.791959
7390214e-88ba-4866-bc42-846ef798befd,"AYAH, INI ARAHNYA KEMANA, YA?",cinepolis,,47fccbc0-f843-4918-ad66-28fcef4aa048,DRAMA,1h 43m,13+,2D,2026-05-21,a0c0db12-5185-4199-84f2-1b4438207217,2026-05-21T00:30:53.792962
7390214e-88ba-4866-bc42-846ef798befd,KAMU HARUS MATI,cinepolis,,0f594831-b664-4fac-b9aa-1195a73b2b84,HORROR,1h 30m,13+,2D,2026-05-21,01076e5e-b950-4772-a545-d26558e99e5d,2026-05-21T00:30:54.047121
6a56a71e-e12f-460f-86cc-294e8ae5e7a2,STAR WARS: THE MANDALORIAN AND GROGU,cinepolis,,488b0e44-9328-4660-827f-bf3341602b6d,FANTASY,2h 12m,13+,2D,2026-05-21,f96550f1-59e4-469a-824d-710fd427e0ce,2026-05-21T00:30:59.926122
6a56a71e-e12f-460f-86cc-294e8ae5e7a2,TUMBAL PROYEK,cinepolis,,0b14c075-63cc-4a3b-b0a7-a3578ae1590b,HORROR,1h 46m,D17+,2D,2026-05-21,0d36daf6-cc5f-4ce2-937d-a067fe0df92f,2026-05-21T00:30:59.927359
6a56a71e-e12f-460f-86cc-294e8ae5e7a2,MORTAL KOMBAT II,cinepolis,,420e1f44-2534-4ed9-9d6f-84cf6406d5a8,ACTION,1h 56m,D17+,2D,2026-05-21,58a56b22-b0e6-4f2c-9ca8-f6922d2d1a79,2026-05-21T00:30:59.928503
6a56a71e-e12f-460f-86cc-294e8ae5e7a2,YANG LAIN BOLEH HILANG ASAL KAU JANGAN,cinepolis,,ff59e4ab-92e1-4aa6-bfd8-ab6521930738,DRAMA,1h 53m,13+,2D,2026-05-21,a57a898a-cebd-4f96-8724-e635588576c1,2026-05-21T00:30:59.929740
3424b34f-e180-4f0d-b311-647cb893081f,STAR WARS: THE MANDALORIAN AND GROGU,cinepolis,,488b0e44-9328-4660-827f-bf3341602b6d,FANTASY,2h 12m,13+,3D,2026-05-21,db6567b3-e734-4765-b265-ee8158835df3,2026-05-21T00:31:06.005157
3424b34f-e180-4f0d-b311-647cb893081f,STAR WARS: THE MANDALORIAN AND GROGU,cinepolis,,488b0e44-9328-4660-827f-bf3341602b6d,FANTASY,2h 12m,13+,2D,2026-05-21,4ec0ce1b-1c6e-4b92-aead-cd0ab6419665,2026-05-21T00:31:06.005196
3424b34f-e180-4f0d-b311-647cb893081f,TUMBAL PROYEK,cinepolis,,0b14c075-63cc-4a3b-b0a7-a3578ae1590b,HORROR,1h 46m,D17+,2D,2026-05-21,4f0e8a01-7f17-43a4-b754-c41a38fc8e35,2026-05-21T00:31:06.005907
3424b34f-e180-4f0d-b311-647cb893081f,KELUARGA SUAMI ADALAH HAMA,cinepolis,,6a227c4d-1483-455f-842b-37ab7ddccdc2,DRAMA,1h 57m,13+,2D,2026-05-21,52eae4ac-8ad7-489a-99d9-05895f8dc3aa,2026-05-21T00:31:06.006680
3424b34f-e180-4f0d-b311-647cb893081f,SEMUA AKAN BAIK-BAIK SAJA,cinepolis,,cae94e25-4386-417b-8bdf-0dea2d0b0c71,DRAMA,1h 53m,13+,2D,2026-05-21,821e4676-b6fc-4e2f-9965-e3f3ce1e6913,2026-05-21T00:31:06.007357
3424b34f-e180-4f0d-b311-647cb893081f,GUDANG MERICA,cinepolis,,0e87a4c9-10fb-496b-b0a4-4d60d71c222d,COMEDY,1h 38m,D17+,2D,2026-05-21,f643171a-17df-42da-a2c1-8d27d8199c2a,2026-05-21T00:31:06.007960
3424b34f-e180-4f0d-b311-647cb893081f,PEGASUS 3,cinepolis,,8f125633-ac6b-459d-afbc-d1a0e529da32,ACTION,2h 6m,13+,2D,2026-05-21,b5c1f2ec-4bf8-48c8-beca-cd23217133a8,2026-05-21T00:31:06.008796
3424b34f-e180-4f0d-b311-647cb893081f,SUNSHINE WOMEN`S CHOIR,cinepolis,,33062671-0ce9-4273-90a4-86ac43173ab4,COMEDY,2h 14m,13+,2D,2026-05-21,3b82c094-6f47-442a-84fa-f6140515dd9d,2026-05-21T00:31:06.009634
3424b34f-e180-4f0d-b311-647cb893081f,"AYAH, INI ARAHNYA KEMANA, YA?",cinepolis,,47fccbc0-f843-4918-ad66-28fcef4aa048,DRAMA,1h 43m,13+,2D,2026-05-21,a3d48937-96b5-462c-b9ff-9b0035ab1063,2026-05-21T00:31:06.010232
3424b34f-e180-4f0d-b311-647cb893081f,DILAN ITB 1997,cinepolis,,7afc861e-8f49-4790-9cc5-64ea19b1b0e5,ROMANCE,1h 50m,13+,2D,2026-05-21,5d44a0fe-8a68-4ed4-9e5e-5eb2346010a0,2026-05-21T00:31:06.010813
deacf275-f0fb-4bfd-bda1-ba99958694ee,STAR WARS: THE MANDALORIAN AND GROGU,cinepolis,,488b0e44-9328-4660-827f-bf3341602b6d,FANTASY,2h 12m,13+,3D,2026-05-21,bae73f39-7ca1-4308-8871-91b814e65427,2026-05-21T00:31:11.229712
deacf275-f0fb-4bfd-bda1-ba99958694ee,STAR WARS: THE MANDALORIAN AND GROGU,cinepolis,,488b0e44-9328-4660-827f-bf3341602b6d,FANTASY,2h 12m,13+,2D,2026-05-21,f711c5df-cae2-4270-9ad6-5c2ae12eec2a,2026-05-21T00:31:11.229750
deacf275-f0fb-4bfd-bda1-ba99958694ee,TUMBAL PROYEK,cinepolis,,0b14c075-63cc-4a3b-b0a7-a3578ae1590b,HORROR,1h 46m,D17+,2D,2026-05-21,6ea300cd-deac-4af4-a869-e18fa0fc023b,2026-05-21T00:31:11.230516
deacf275-f0fb-4bfd-bda1-ba99958694ee,SEMUA AKAN BAIK-BAIK SAJA,cinepolis,,cae94e25-4386-417b-8bdf-0dea2d0b0c71,DRAMA,1h 53m,13+,2D,2026-05-21,1a75d315-cc96-4637-ab53-78f37c5f86a7,2026-05-21T00:31:11.231240
deacf275-f0fb-4bfd-bda1-ba99958694ee,GUDANG MERICA,cinepolis,,0e87a4c9-10fb-496b-b0a4-4d60d71c222d,COMEDY,1h 38m,D17+,2D,2026-05-21,dda9e3b3-d2c7-4ee3-9539-e040cc1a7846,2026-05-21T00:31:11.231963
deacf275-f0fb-4bfd-bda1-ba99958694ee,GHOST IN THE CELL,cinepolis,,1859bb5f-f638-4a41-854c-a114f6f8a608,HORROR,1h 46m,D17+,2D,2026-05-21,b2bb5228-a952-4ea9-ada4-1702ac7ad540,2026-05-21T00:31:11.232754
deacf275-f0fb-4bfd-bda1-ba99958694ee,MORTAL KOMBAT II,cinepolis,,420e1f44-2534-4ed9-9d6f-84cf6406d5a8,ACTION,1h 56m,D17+,2D,2026-05-21,5d73687d-2038-46f9-b5c0-061b5eed40c5,2026-05-21T00:31:11.233795
deacf275-f0fb-4bfd-bda1-ba99958694ee,GOHAN,cinepolis,,15718ddd-e8db-449b-9313-73b98733d485,DRAMA,2h 20m,SU,2D,2026-05-21,39036c46-fad8-4add-a25a-0a44e742070e,2026-05-21T00:31:11.234978
deacf275-f0fb-4bfd-bda1-ba99958694ee,THE DEVIL WEARS PRADA 2,cinepolis,,97d5d4ac-9e2f-476f-a0ee-729bdefb04b1,COMEDY,1h 59m,13+,2D,2026-05-21,587b327f-fe10-4099-a957-8c158d9dc0d3,2026-05-21T00:31:11.236008
0082f280-3432-432e-9dc2-62af4ce826fb,STAR WARS: THE MANDALORIAN AND GROGU,cinepolis,,488b0e44-9328-4660-827f-bf3341602b6d,FANTASY,2h 12m,13+,2D,2026-05-21,5212026d-0fd4-4e28-9245-1f261d3efa87,2026-05-21T00:31:16.457665
0082f280-3432-432e-9dc2-62af4ce826fb,TUMBAL PROYEK,cinepolis,,0b14c075-63cc-4a3b-b0a7-a3578ae1590b,HORROR,1h 46m,D17+,2D,2026-05-21,c3b1c48b-1d86-4736-892b-af8916be8b79,2026-05-21T00:31:16.459348
0082f280-3432-432e-9dc2-62af4ce826fb,KELUARGA SUAMI ADALAH HAMA,cinepolis,,6a227c4d-1483-455f-842b-37ab7ddccdc2,DRAMA,1h 57m,13+,2D,2026-05-21,60666e2d-6020-4da7-92dd-d48d107bc931,2026-05-21T00:31:16.460497
0082f280-3432-432e-9dc2-62af4ce826fb,SEMUA AKAN BAIK-BAIK SAJA,cinepolis,,cae94e25-4386-417b-8bdf-0dea2d0b0c71,DRAMA,1h 53m,13+,2D,2026-05-21,48c27560-8224-49b1-ba22-1f0328d88cac,2026-05-21T00:31:16.461609
0082f280-3432-432e-9dc2-62af4ce826fb,GHOST IN THE CELL,cinepolis,,1859bb5f-f638-4a41-854c-a114f6f8a608,HORROR,1h 46m,D17+,2D,2026-05-21,aac6e18c-a957-4b48-828c-91fb82a05a78,2026-05-21T00:31:16.462201
0082f280-3432-432e-9dc2-62af4ce826fb,KAMU HARUS MATI,cinepolis,,0f594831-b664-4fac-b9aa-1195a73b2b84,HORROR,1h 30m,13+,2D,2026-05-21,8bbdcecc-6fef-4441-8117-ba0deb8bec19,2026-05-21T00:31:16.462795
060d8977-99c5-4421-b5cc-1fa935fe944b,STAR WARS: THE MANDALORIAN AND GROGU,cinepolis,,488b0e44-9328-4660-827f-bf3341602b6d,FANTASY,2h 12m,13+,2D,2026-05-21,40705d00-1470-4848-95d4-5a85ab18831f,2026-05-21T00:31:22.538366
060d8977-99c5-4421-b5cc-1fa935fe944b,TUMBAL PROYEK,cinepolis,,0b14c075-63cc-4a3b-b0a7-a3578ae1590b,HORROR,1h 46m,D17+,2D,2026-05-21,ff2c9f2e-7da0-43cb-9003-0240f3cfd335,2026-05-21T00:31:22.539605
060d8977-99c5-4421-b5cc-1fa935fe944b,KELUARGA SUAMI ADALAH HAMA,cinepolis,,6a227c4d-1483-455f-842b-37ab7ddccdc2,DRAMA,1h 57m,13+,2D,2026-05-21,15b24337-c578-412b-89dc-e2ca42ba1113,2026-05-21T00:31:22.544084
060d8977-99c5-4421-b5cc-1fa935fe944b,SEMUA AKAN BAIK-BAIK SAJA,cinepolis,,cae94e25-4386-417b-8bdf-0dea2d0b0c71,DRAMA,1h 53m,13+,2D,2026-05-21,23feeb19-466e-4c69-bf87-6e9bdb3b5e09,2026-05-21T00:31:22.545502
060d8977-99c5-4421-b5cc-1fa935fe944b,GUDANG MERICA,cinepolis,,0e87a4c9-10fb-496b-b0a4-4d60d71c222d,COMEDY,1h 38m,D17+,2D,2026-05-21,9b2d112f-3a62-4e9d-a043-e775714f642e,2026-05-21T00:31:22.546576
060d8977-99c5-4421-b5cc-1fa935fe944b,"AYAH, INI ARAHNYA KEMANA, YA?",cinepolis,,47fccbc0-f843-4918-ad66-28fcef4aa048,DRAMA,1h 43m,13+,2D,2026-05-21,53bb7a68-a754-4a9a-8743-c39b1692f7ad,2026-05-21T00:31:22.547495
060d8977-99c5-4421-b5cc-1fa935fe944b,YANG LAIN BOLEH HILANG ASAL KAU JANGAN,cinepolis,,ff59e4ab-92e1-4aa6-bfd8-ab6521930738,DRAMA,1h 53m,13+,2D,2026-05-21,2edaba3f-4e1a-4fcd-9711-6e078cff2ffc,2026-05-21T00:31:22.548386
638d2ca8-a859-4bd3-805f-9263a12f1625,STAR WARS: THE MANDALORIAN AND GROGU,cinepolis,,488b0e44-9328-4660-827f-bf3341602b6d,FANTASY,2h 12m,13+,3D,2026-05-21,9f172959-ec9f-42f4-9e86-c1fc6c71c895,2026-05-21T00:31:27.769917
638d2ca8-a859-4bd3-805f-9263a12f1625,STAR WARS: THE MANDALORIAN AND GROGU,cinepolis,,488b0e44-9328-4660-827f-bf3341602b6d,FANTASY,2h 12m,13+,2D,2026-05-21,cc89228c-77eb-4c56-a404-5abb44fbf2db,2026-05-21T00:31:27.769979
638d2ca8-a859-4bd3-805f-9263a12f1625,TUMBAL PROYEK,cinepolis,,0b14c075-63cc-4a3b-b0a7-a3578ae1590b,HORROR,1h 46m,D17+,2D,2026-05-21,0dc09bdc-a133-4cae-9efe-742b9eb11c7e,2026-05-21T00:31:27.771063
638d2ca8-a859-4bd3-805f-9263a12f1625,SEMUA AKAN BAIK-BAIK SAJA,cinepolis,,cae94e25-4386-417b-8bdf-0dea2d0b0c71,DRAMA,1h 53m,13+,2D,2026-05-21,8bd22edd-5698-46b3-a356-40ec753eeb5e,2026-05-21T00:31:27.772056
638d2ca8-a859-4bd3-805f-9263a12f1625,GUDANG MERICA,cinepolis,,0e87a4c9-10fb-496b-b0a4-4d60d71c222d,COMEDY,1h 38m,D17+,2D,2026-05-21,356192dd-2a64-4a59-b5c0-6966921deb13,2026-05-21T00:31:27.773084
638d2ca8-a859-4bd3-805f-9263a12f1625,PEGASUS 3,cinepolis,,8f125633-ac6b-459d-afbc-d1a0e529da32,ACTION,2h 6m,13+,2D,2026-05-21,d0641941-b7ec-44b1-9848-d93426e0f651,2026-05-21T00:31:27.774441
638d2ca8-a859-4bd3-805f-9263a12f1625,SUNSHINE WOMEN`S CHOIR,cinepolis,,33062671-0ce9-4273-90a4-86ac43173ab4,COMEDY,2h 14m,13+,2D,2026-05-21,99f87e1f-fd75-4e46-a0d1-3fb70b716a5d,2026-05-21T00:31:27.775452
638d2ca8-a859-4bd3-805f-9263a12f1625,MORTAL KOMBAT II,cinepolis,,420e1f44-2534-4ed9-9d6f-84cf6406d5a8,ACTION,1h 56m,D17+,2D,2026-05-21,afb9c552-d591-4794-8a8e-e45c19975900,2026-05-21T00:31:27.776664
638d2ca8-a859-4bd3-805f-9263a12f1625,YANG LAIN BOLEH HILANG ASAL KAU JANGAN,cinepolis,,ff59e4ab-92e1-4aa6-bfd8-ab6521930738,DRAMA,1h 53m,13+,2D,2026-05-21,e604dad2-8273-47d7-b50f-817df55d7002,2026-05-21T00:31:27.777841
638d2ca8-a859-4bd3-805f-9263a12f1625,GOHAN,cinepolis,,15718ddd-e8db-449b-9313-73b98733d485,DRAMA,2h 20m,SU,2D,2026-05-21,aea1bf14-1965-42bd-ae6d-33a02cb29617,2026-05-21T00:31:27.778826
638d2ca8-a859-4bd3-805f-9263a12f1625,SALMOKJI: WHISPERING WATER,cinepolis,,a71f8c7d-5bdf-4b91-b207-9acbafa2417a,HORROR,1h 35m,D17+,2D,2026-05-21,0e532780-bd08-43fd-9cfa-0a5ca37a0b0a,2026-05-21T00:31:27.779746
638d2ca8-a859-4bd3-805f-9263a12f1625,THE DEVIL WEARS PRADA 2,cinepolis,,97d5d4ac-9e2f-476f-a0ee-729bdefb04b1,COMEDY,1h 59m,13+,2D,2026-05-21,5264bf21-d5d6-4495-8214-f100219593f9,2026-05-21T00:31:27.780631
1b72d315-03a3-4abc-bf7f-6027c7ab50b4,STAR WARS: THE MANDALORIAN AND GROGU,cinepolis,,488b0e44-9328-4660-827f-bf3341602b6d,FANTASY,2h 12m,13+,3D,2026-05-21,5e4dc1d7-080e-4c02-916c-d733c0e8cf63,2026-05-21T00:31:32.985268
1b72d315-03a3-4abc-bf7f-6027c7ab50b4,STAR WARS: THE MANDALORIAN AND GROGU,cinepolis,,488b0e44-9328-4660-827f-bf3341602b6d,FANTASY,2h 12m,13+,2D,2026-05-21,69d6effb-4d22-4e31-bdd8-1e8f25f55022,2026-05-21T00:31:32.985440
1b72d315-03a3-4abc-bf7f-6027c7ab50b4,TUMBAL PROYEK,cinepolis,,0b14c075-63cc-4a3b-b0a7-a3578ae1590b,HORROR,1h 46m,D17+,2D,2026-05-21,1d9210ee-afef-430b-885e-3e9b8d98ae36,2026-05-21T00:31:32.986911
1b72d315-03a3-4abc-bf7f-6027c7ab50b4,KELUARGA SUAMI ADALAH HAMA,cinepolis,,6a227c4d-1483-455f-842b-37ab7ddccdc2,DRAMA,1h 57m,13+,2D,2026-05-21,b50e3d1e-5751-45d7-8102-5eb560c00e6d,2026-05-21T00:31:32.987968
1b72d315-03a3-4abc-bf7f-6027c7ab50b4,SEMUA AKAN BAIK-BAIK SAJA,cinepolis,,cae94e25-4386-417b-8bdf-0dea2d0b0c71,DRAMA,1h 53m,13+,2D,2026-05-21,92ec2fa4-a7fe-490a-a627-dc97d08c6e2d,2026-05-21T00:31:32.988903
1b72d315-03a3-4abc-bf7f-6027c7ab50b4,GUDANG MERICA,cinepolis,,0e87a4c9-10fb-496b-b0a4-4d60d71c222d,COMEDY,1h 38m,D17+,2D,2026-05-21,9ea061dc-36ac-4aa2-a50b-fc4d2179eec3,2026-05-21T00:31:32.989869
1b72d315-03a3-4abc-bf7f-6027c7ab50b4,PEGASUS 3,cinepolis,,8f125633-ac6b-459d-afbc-d1a0e529da32,ACTION,2h 6m,13+,2D,2026-05-21,b9224b7e-8dd3-4659-8002-14aaf9eec461,2026-05-21T00:31:32.990751
1b72d315-03a3-4abc-bf7f-6027c7ab50b4,SUNSHINE WOMEN`S CHOIR,cinepolis,,33062671-0ce9-4273-90a4-86ac43173ab4,COMEDY,2h 14m,13+,2D,2026-05-21,c7fc30f3-c525-466e-9ffc-df1c41fef361,2026-05-21T00:31:32.992755
1b72d315-03a3-4abc-bf7f-6027c7ab50b4,MORTAL KOMBAT II,cinepolis,,420e1f44-2534-4ed9-9d6f-84cf6406d5a8,ACTION,1h 56m,D17+,2D,2026-05-21,979cb0ee-be59-4ed5-b87c-3be37219d705,2026-05-21T00:31:32.993669
72daf931-67e4-42d6-8ec1-15aa805ddc98,STAR WARS: THE MANDALORIAN AND GROGU,cinepolis,,488b0e44-9328-4660-827f-bf3341602b6d,FANTASY,2h 12m,13+,3D,2026-05-21,a7043895-eac5-4c84-9d77-255102d04cc1,2026-05-21T00:31:39.155664
72daf931-67e4-42d6-8ec1-15aa805ddc98,STAR WARS: THE MANDALORIAN AND GROGU,cinepolis,,488b0e44-9328-4660-827f-bf3341602b6d,FANTASY,2h 12m,13+,2D,2026-05-21,09bd85b5-0700-4e54-9b7d-e7c366cd9ddc,2026-05-21T00:31:39.155714
72daf931-67e4-42d6-8ec1-15aa805ddc98,TUMBAL PROYEK,cinepolis,,0b14c075-63cc-4a3b-b0a7-a3578ae1590b,HORROR,1h 46m,D17+,2D,2026-05-21,5812306e-a903-49c1-b761-5a8f80fe8eb5,2026-05-21T00:31:39.156643
72daf931-67e4-42d6-8ec1-15aa805ddc98,KELUARGA SUAMI ADALAH HAMA,cinepolis,,6a227c4d-1483-455f-842b-37ab7ddccdc2,DRAMA,1h 57m,13+,2D,2026-05-21,da016680-a7d7-49cf-906b-0ceca20ef64d,2026-05-21T00:31:39.158260
72daf931-67e4-42d6-8ec1-15aa805ddc98,SEMUA AKAN BAIK-BAIK SAJA,cinepolis,,cae94e25-4386-417b-8bdf-0dea2d0b0c71,DRAMA,1h 53m,13+,2D,2026-05-21,da71862a-a709-4f39-b31b-6f40c44ea70e,2026-05-21T00:31:39.159287
72daf931-67e4-42d6-8ec1-15aa805ddc98,GUDANG MERICA,cinepolis,,0e87a4c9-10fb-496b-b0a4-4d60d71c222d,COMEDY,1h 38m,D17+,2D,2026-05-21,390db5ed-410b-43bf-8399-287439c1287b,2026-05-21T00:31:39.164026
72daf931-67e4-42d6-8ec1-15aa805ddc98,PEGASUS 3,cinepolis,,8f125633-ac6b-459d-afbc-d1a0e529da32,ACTION,2h 6m,13+,2D,2026-05-21,e140ff9c-f8a0-42c6-8cc9-58e5cc192adc,2026-05-21T00:31:39.164965
72daf931-67e4-42d6-8ec1-15aa805ddc98,SUNSHINE WOMEN`S CHOIR,cinepolis,,33062671-0ce9-4273-90a4-86ac43173ab4,COMEDY,2h 14m,13+,2D,2026-05-21,5bdfc2cb-e06e-4aa4-bb44-8c8b687990ac,2026-05-21T00:31:39.165780
72daf931-67e4-42d6-8ec1-15aa805ddc98,GHOST IN THE CELL,cinepolis,,1859bb5f-f638-4a41-854c-a114f6f8a608,HORROR,1h 46m,D17+,2D,2026-05-21,c5fd1448-0bcd-4350-af98-2570550216ea,2026-05-21T00:31:39.166595
72daf931-67e4-42d6-8ec1-15aa805ddc98,YANG LAIN BOLEH HILANG ASAL KAU JANGAN,cinepolis,,ff59e4ab-92e1-4aa6-bfd8-ab6521930738,DRAMA,1h 53m,13+,2D,2026-05-21,562005f6-1120-4edb-9e18-8922d9a9d3b4,2026-05-21T00:31:39.167376
72daf931-67e4-42d6-8ec1-15aa805ddc98,GOHAN,cinepolis,,15718ddd-e8db-449b-9313-73b98733d485,DRAMA,2h 20m,SU,2D,2026-05-21,2cd75441-9b92-404d-9c85-c8f5a8e7e426,2026-05-21T00:31:39.168159
72daf931-67e4-42d6-8ec1-15aa805ddc98,SALMOKJI: WHISPERING WATER,cinepolis,,a71f8c7d-5bdf-4b91-b207-9acbafa2417a,HORROR,1h 35m,D17+,2D,2026-05-21,0f740b31-bd32-4e73-9e1a-694d4bc1b8c3,2026-05-21T00:31:39.168922
98b23742-4fbd-4736-b6cb-e7f25bea6579,STAR WARS: THE MANDALORIAN AND GROGU,cinepolis,,488b0e44-9328-4660-827f-bf3341602b6d,FANTASY,2h 12m,13+,3D,2026-05-21,9e58f0ee-d2bc-43ca-9ccc-34bb00405edf,2026-05-21T00:31:44.378643
98b23742-4fbd-4736-b6cb-e7f25bea6579,STAR WARS: THE MANDALORIAN AND GROGU,cinepolis,,488b0e44-9328-4660-827f-bf3341602b6d,FANTASY,2h 12m,13+,2D,2026-05-21,0c02d832-bc0a-41be-ac8c-92f08dff52f3,2026-05-21T00:31:44.378703
98b23742-4fbd-4736-b6cb-e7f25bea6579,TUMBAL PROYEK,cinepolis,,0b14c075-63cc-4a3b-b0a7-a3578ae1590b,HORROR,1h 46m,D17+,2D,2026-05-21,9a9a6384-c0b1-42de-904c-552648867c2a,2026-05-21T00:31:44.379661
98b23742-4fbd-4736-b6cb-e7f25bea6579,KELUARGA SUAMI ADALAH HAMA,cinepolis,,6a227c4d-1483-455f-842b-37ab7ddccdc2,DRAMA,1h 57m,13+,2D,2026-05-21,a078e341-9003-4411-b0c4-dec8f8b974c7,2026-05-21T00:31:44.381929
98b23742-4fbd-4736-b6cb-e7f25bea6579,SEMUA AKAN BAIK-BAIK SAJA,cinepolis,,cae94e25-4386-417b-8bdf-0dea2d0b0c71,DRAMA,1h 53m,13+,2D,2026-05-21,3811b2f6-55af-47df-99d1-cfa1d727ed8e,2026-05-21T00:31:44.383080
98b23742-4fbd-4736-b6cb-e7f25bea6579,GUDANG MERICA,cinepolis,,0e87a4c9-10fb-496b-b0a4-4d60d71c222d,COMEDY,1h 38m,D17+,2D,2026-05-21,fbbbdcc8-06ec-4b1b-82dc-48aeb0851055,2026-05-21T00:31:44.384964
98b23742-4fbd-4736-b6cb-e7f25bea6579,PEGASUS 3,cinepolis,,8f125633-ac6b-459d-afbc-d1a0e529da32,ACTION,2h 6m,13+,2D,2026-05-21,5a4c4247-b720-4703-bb9f-39d16d18ac87,2026-05-21T00:31:44.386155
98b23742-4fbd-4736-b6cb-e7f25bea6579,SUNSHINE WOMEN`S CHOIR,cinepolis,,33062671-0ce9-4273-90a4-86ac43173ab4,COMEDY,2h 14m,13+,2D,2026-05-21,c9e06a63-39bd-4756-a161-1d254683f8e8,2026-05-21T00:31:44.387330
98b23742-4fbd-4736-b6cb-e7f25bea6579,GHOST IN THE CELL,cinepolis,,1859bb5f-f638-4a41-854c-a114f6f8a608,HORROR,1h 46m,D17+,2D,2026-05-21,b2590b19-a5d1-41ce-b214-d7daf446cb37,2026-05-21T00:31:44.388111
98b23742-4fbd-4736-b6cb-e7f25bea6579,"AYAH, INI ARAHNYA KEMANA, YA?",cinepolis,,47fccbc0-f843-4918-ad66-28fcef4aa048,DRAMA,1h 43m,13+,2D,2026-05-21,36958c99-d4e4-4214-92b9-f4d580d9085c,2026-05-21T00:31:44.388872
98b23742-4fbd-4736-b6cb-e7f25bea6579,YANG LAIN BOLEH HILANG ASAL KAU JANGAN,cinepolis,,ff59e4ab-92e1-4aa6-bfd8-ab6521930738,DRAMA,1h 53m,13+,2D,2026-05-21,c6af3bb6-354c-4ed0-a845-56eb3d40c1c1,2026-05-21T00:31:44.389623
f1569ac3-f54d-4cc3-a970-8062f0e88694,STAR WARS: THE MANDALORIAN AND GROGU,cinepolis,,488b0e44-9328-4660-827f-bf3341602b6d,FANTASY,2h 12m,13+,2D,2026-05-21,fc25f9af-9eab-44db-a971-ca5edd49a007,2026-05-21T00:31:50.568080
f1569ac3-f54d-4cc3-a970-8062f0e88694,TUMBAL PROYEK,cinepolis,,0b14c075-63cc-4a3b-b0a7-a3578ae1590b,HORROR,1h 46m,D17+,2D,2026-05-21,9ffc2d96-a6f3-4da5-b63e-c18beddc1a28,2026-05-21T00:31:50.569349
f1569ac3-f54d-4cc3-a970-8062f0e88694,KELUARGA SUAMI ADALAH HAMA,cinepolis,,6a227c4d-1483-455f-842b-37ab7ddccdc2,DRAMA,1h 57m,13+,2D,2026-05-21,5ccb702c-c849-445e-a0c9-051b5bf26b04,2026-05-21T00:31:50.570795
f1569ac3-f54d-4cc3-a970-8062f0e88694,SEMUA AKAN BAIK-BAIK SAJA,cinepolis,,cae94e25-4386-417b-8bdf-0dea2d0b0c71,DRAMA,1h 53m,13+,2D,2026-05-21,348f5d0e-3ece-4ef7-ac5b-b0265d4e930a,2026-05-21T00:31:50.572887
f1569ac3-f54d-4cc3-a970-8062f0e88694,GHOST IN THE CELL,cinepolis,,1859bb5f-f638-4a41-854c-a114f6f8a608,HORROR,1h 46m,D17+,2D,2026-05-21,429c39b2-4586-4210-a8df-590a09386fc5,2026-05-21T00:31:50.573969
f1569ac3-f54d-4cc3-a970-8062f0e88694,"AYAH, INI ARAHNYA KEMANA, YA?",cinepolis,,47fccbc0-f843-4918-ad66-28fcef4aa048,DRAMA,1h 43m,13+,2D,2026-05-21,a852505a-8f4e-4c92-895b-2908a91b4019,2026-05-21T00:31:50.574961
f1569ac3-f54d-4cc3-a970-8062f0e88694,KAMU HARUS MATI,cinepolis,,0f594831-b664-4fac-b9aa-1195a73b2b84,HORROR,1h 30m,13+,2D,2026-05-21,a72b2d90-9e4c-4524-8ee7-4b4e49eb9342,2026-05-21T00:31:50.575966
f1569ac3-f54d-4cc3-a970-8062f0e88694,THE KING`S WARDEN,cinepolis,,65881b59-8a2d-43fe-b61c-5d8b58e2b312,DRAMA,1h 57m,13+,2D,2026-05-21,3e3b2f43-65c5-4361-afa1-6221083bb6cf,2026-05-21T00:31:50.576961
fd2c98a0-6fe0-4bb0-adba-1e50e591ec99,STAR WARS: THE MANDALORIAN AND GROGU,cinepolis,,488b0e44-9328-4660-827f-bf3341602b6d,FANTASY,2h 12m,13+,2D,2026-05-21,fbce7bac-74b2-4197-adc6-7df450ed180a,2026-05-21T00:31:55.832672
fd2c98a0-6fe0-4bb0-adba-1e50e591ec99,TUMBAL PROYEK,cinepolis,,0b14c075-63cc-4a3b-b0a7-a3578ae1590b,HORROR,1h 46m,D17+,2D,2026-05-21,b5497312-9f1a-4ec6-a2f2-3916cf0bed6d,2026-05-21T00:31:55.833740
fd2c98a0-6fe0-4bb0-adba-1e50e591ec99,KELUARGA SUAMI ADALAH HAMA,cinepolis,,6a227c4d-1483-455f-842b-37ab7ddccdc2,DRAMA,1h 57m,13+,2D,2026-05-21,001682e7-0382-4850-8305-1cdff86b3d74,2026-05-21T00:31:55.834756
fd2c98a0-6fe0-4bb0-adba-1e50e591ec99,SEMUA AKAN BAIK-BAIK SAJA,cinepolis,,cae94e25-4386-417b-8bdf-0dea2d0b0c71,DRAMA,1h 53m,13+,2D,2026-05-21,d3ad9967-2793-43d0-b1b9-9197f8d8ca11,2026-05-21T00:31:55.836160
fd2c98a0-6fe0-4bb0-adba-1e50e591ec99,GUDANG MERICA,cinepolis,,0e87a4c9-10fb-496b-b0a4-4d60d71c222d,COMEDY,1h 38m,D17+,2D,2026-05-21,a2d153a4-16c9-48e0-b741-ed365148b884,2026-05-21T00:31:55.837145
fd2c98a0-6fe0-4bb0-adba-1e50e591ec99,"AYAH, INI ARAHNYA KEMANA, YA?",cinepolis,,47fccbc0-f843-4918-ad66-28fcef4aa048,DRAMA,1h 43m,13+,2D,2026-05-21,42eb5a5e-efdc-4179-bc6d-6461ebf4ed29,2026-05-21T00:31:55.838935
1a86c61b-8383-4e0b-8092-8039dcdcc786,STAR WARS: THE MANDALORIAN AND GROGU,cinepolis,,488b0e44-9328-4660-827f-bf3341602b6d,FANTASY,2h 12m,13+,2D,2026-05-21,39e3c31d-d209-49f8-be72-37e2d1b94e40,2026-05-21T00:32:01.055837
1a86c61b-8383-4e0b-8092-8039dcdcc786,TUMBAL PROYEK,cinepolis,,0b14c075-63cc-4a3b-b0a7-a3578ae1590b,HORROR,1h 46m,D17+,2D,2026-05-21,cf0baae1-63e0-48a5-8154-9835c06d395d,2026-05-21T00:32:01.056489
1a86c61b-8383-4e0b-8092-8039dcdcc786,KELUARGA SUAMI ADALAH HAMA,cinepolis,,6a227c4d-1483-455f-842b-37ab7ddccdc2,DRAMA,1h 57m,13+,2D,2026-05-21,ad3e0d85-6fd4-49f6-ac56-4efda1f570a8,2026-05-21T00:32:01.058389
1a86c61b-8383-4e0b-8092-8039dcdcc786,SEMUA AKAN BAIK-BAIK SAJA,cinepolis,,cae94e25-4386-417b-8bdf-0dea2d0b0c71,DRAMA,1h 53m,13+,2D,2026-05-21,305b3377-ce92-406b-8ca3-8defac04ea57,2026-05-21T00:32:01.059266
1a86c61b-8383-4e0b-8092-8039dcdcc786,GUDANG MERICA,cinepolis,,0e87a4c9-10fb-496b-b0a4-4d60d71c222d,COMEDY,1h 38m,D17+,2D,2026-05-21,3e6d2cd3-5abf-45e6-82b2-6438b8b3eb16,2026-05-21T00:32:01.059872
1a86c61b-8383-4e0b-8092-8039dcdcc786,PEGASUS 3,cinepolis,,8f125633-ac6b-459d-afbc-d1a0e529da32,ACTION,2h 6m,13+,2D,2026-05-21,865da74f-e61e-4085-ba49-3f46e2888d5d,2026-05-21T00:32:01.060429
1a86c61b-8383-4e0b-8092-8039dcdcc786,SUNSHINE WOMEN`S CHOIR,cinepolis,,33062671-0ce9-4273-90a4-86ac43173ab4,COMEDY,2h 14m,13+,2D,2026-05-21,0f0ca29d-7d34-4621-936e-2e36af87f3fa,2026-05-21T00:32:01.060963
1a86c61b-8383-4e0b-8092-8039dcdcc786,GHOST IN THE CELL,cinepolis,,1859bb5f-f638-4a41-854c-a114f6f8a608,HORROR,1h 46m,D17+,2D,2026-05-21,4529ebaf-12c8-4f81-a9ec-753178fd518e,2026-05-21T00:32:01.061490
1a86c61b-8383-4e0b-8092-8039dcdcc786,MORTAL KOMBAT II,cinepolis,,420e1f44-2534-4ed9-9d6f-84cf6406d5a8,ACTION,1h 56m,D17+,2D,2026-05-21,1c8b1366-59d8-40dc-b51d-5426666dc767,2026-05-21T00:32:01.062019
1a86c61b-8383-4e0b-8092-8039dcdcc786,YANG LAIN BOLEH HILANG ASAL KAU JANGAN,cinepolis,,ff59e4ab-92e1-4aa6-bfd8-ab6521930738,DRAMA,1h 53m,13+,2D,2026-05-21,467de28e-7a0b-4ab3-ab12-8b7a3ce04197,2026-05-21T00:32:01.062567
e24572c7-a414-4801-9729-4b17f2995b2e,STAR WARS: THE MANDALORIAN AND GROGU,cinepolis,,488b0e44-9328-4660-827f-bf3341602b6d,FANTASY,2h 12m,13+,2D,2026-05-21,94387361-270b-4bf9-88e1-1f815685f034,2026-05-21T00:32:07.187772
e24572c7-a414-4801-9729-4b17f2995b2e,TUMBAL PROYEK,cinepolis,,0b14c075-63cc-4a3b-b0a7-a3578ae1590b,HORROR,1h 46m,D17+,2D,2026-05-21,292d67a9-e78c-4396-bb9e-209ca8d4ae34,2026-05-21T00:32:07.189087
e24572c7-a414-4801-9729-4b17f2995b2e,KELUARGA SUAMI ADALAH HAMA,cinepolis,,6a227c4d-1483-455f-842b-37ab7ddccdc2,DRAMA,1h 57m,13+,2D,2026-05-21,5026b967-37c1-41bc-ae92-935faa5b7e28,2026-05-21T00:32:07.190101
e24572c7-a414-4801-9729-4b17f2995b2e,SEMUA AKAN BAIK-BAIK SAJA,cinepolis,,cae94e25-4386-417b-8bdf-0dea2d0b0c71,DRAMA,1h 53m,13+,2D,2026-05-21,91190612-4ded-4160-8fd8-6bea070f85cc,2026-05-21T00:32:07.191437
e24572c7-a414-4801-9729-4b17f2995b2e,GUDANG MERICA,cinepolis,,0e87a4c9-10fb-496b-b0a4-4d60d71c222d,COMEDY,1h 38m,D17+,2D,2026-05-21,cfde2ec5-fe99-49ce-bff0-31457a380ec5,2026-05-21T00:32:07.192365
e24572c7-a414-4801-9729-4b17f2995b2e,"AYAH, INI ARAHNYA KEMANA, YA?",cinepolis,,47fccbc0-f843-4918-ad66-28fcef4aa048,DRAMA,1h 43m,13+,2D,2026-05-21,6b2880bd-1aa3-4604-8153-39d443b41ff1,2026-05-21T00:32:07.193246
e24572c7-a414-4801-9729-4b17f2995b2e,YANG LAIN BOLEH HILANG ASAL KAU JANGAN,cinepolis,,ff59e4ab-92e1-4aa6-bfd8-ab6521930738,DRAMA,1h 53m,13+,2D,2026-05-21,d607bf7f-b8a0-4f3f-bd12-80dd475b0819,2026-05-21T00:32:07.195199
93e9a761-b2a8-4498-82d0-5c9e8fc7c1e9,STAR WARS: THE MANDALORIAN AND GROGU,cinepolis,,488b0e44-9328-4660-827f-bf3341602b6d,FANTASY,2h 12m,13+,2D,2026-05-21,7467c4a4-3aaf-47fc-b00b-87b878d051fe,2026-05-21T00:32:12.443012
93e9a761-b2a8-4498-82d0-5c9e8fc7c1e9,STAR WARS: THE MANDALORIAN AND GROGU,cinepolis,,488b0e44-9328-4660-827f-bf3341602b6d,FANTASY,2h 12m,13+,3D,2026-05-21,7e3d3cdf-0922-46c1-8a06-f8e4586912bd,2026-05-21T00:32:12.443109
93e9a761-b2a8-4498-82d0-5c9e8fc7c1e9,TUMBAL PROYEK,cinepolis,,0b14c075-63cc-4a3b-b0a7-a3578ae1590b,HORROR,1h 46m,D17+,2D,2026-05-21,053569f2-d633-464d-ab30-fca435627bee,2026-05-21T00:32:12.444905
93e9a761-b2a8-4498-82d0-5c9e8fc7c1e9,KELUARGA SUAMI ADALAH HAMA,cinepolis,,6a227c4d-1483-455f-842b-37ab7ddccdc2,DRAMA,1h 57m,13+,2D,2026-05-21,18ca4c3f-bac7-464d-8082-edf2a62960a8,2026-05-21T00:32:12.446189
93e9a761-b2a8-4498-82d0-5c9e8fc7c1e9,SEMUA AKAN BAIK-BAIK SAJA,cinepolis,,cae94e25-4386-417b-8bdf-0dea2d0b0c71,DRAMA,1h 53m,13+,2D,2026-05-21,02d8774e-c94d-4a69-bb63-b6b9a0109257,2026-05-21T00:32:12.447271
93e9a761-b2a8-4498-82d0-5c9e8fc7c1e9,GUDANG MERICA,cinepolis,,0e87a4c9-10fb-496b-b0a4-4d60d71c222d,COMEDY,1h 38m,D17+,2D,2026-05-21,32641176-d869-42d9-9388-8e59f8b7cd0d,2026-05-21T00:32:12.448090
93e9a761-b2a8-4498-82d0-5c9e8fc7c1e9,PEGASUS 3,cinepolis,,8f125633-ac6b-459d-afbc-d1a0e529da32,ACTION,2h 6m,13+,2D,2026-05-21,4503b3ae-6da2-46ef-9217-08352dc8ebaf,2026-05-21T00:32:12.448882
93e9a761-b2a8-4498-82d0-5c9e8fc7c1e9,SUNSHINE WOMEN`S CHOIR,cinepolis,,33062671-0ce9-4273-90a4-86ac43173ab4,COMEDY,2h 14m,13+,2D,2026-05-21,6c89b0be-bcca-4942-a3af-392a8cd4e4e0,2026-05-21T00:32:12.449674
93e9a761-b2a8-4498-82d0-5c9e8fc7c1e9,MORTAL KOMBAT II,cinepolis,,420e1f44-2534-4ed9-9d6f-84cf6406d5a8,ACTION,1h 56m,D17+,2D,2026-05-21,a4d4914b-fc3b-4f91-a06a-f24d74825253,2026-05-21T00:32:12.450771
93e9a761-b2a8-4498-82d0-5c9e8fc7c1e9,GOHAN,cinepolis,,15718ddd-e8db-449b-9313-73b98733d485,DRAMA,2h 20m,SU,2D,2026-05-21,f06c521a-fdc8-4c8f-b389-cd1720fab4c2,2026-05-21T00:32:12.451577
93e9a761-b2a8-4498-82d0-5c9e8fc7c1e9,THE SHEEP DETECTIVES,cinepolis,,71865891-a162-4fb5-bcc1-eda6d7edf3e9,COMEDY,1h 49m,SU,2D,2026-05-21,17385000-4c7c-4b91-b114-5e359a1e3eaa,2026-05-21T00:32:12.452277
4c4f6ac4-b20b-4f28-8a89-ae028feffcb0,STAR WARS: THE MANDALORIAN AND GROGU,cinepolis,,488b0e44-9328-4660-827f-bf3341602b6d,FANTASY,2h 12m,13+,2D,2026-05-21,43a96152-89b0-4282-ace4-7aaa7f429a67,2026-05-21T00:32:17.673295
4c4f6ac4-b20b-4f28-8a89-ae028feffcb0,STAR WARS: THE MANDALORIAN AND GROGU,cinepolis,,488b0e44-9328-4660-827f-bf3341602b6d,FANTASY,2h 12m,13+,3D,2026-05-21,ecd2fea5-7025-4971-8627-1a2e8e34873a,2026-05-21T00:32:17.673357
4c4f6ac4-b20b-4f28-8a89-ae028feffcb0,TUMBAL PROYEK,cinepolis,,0b14c075-63cc-4a3b-b0a7-a3578ae1590b,HORROR,1h 46m,D17+,2D,2026-05-21,cfa59c6d-82c7-4147-aa73-985a6e389720,2026-05-21T00:32:17.674561
4c4f6ac4-b20b-4f28-8a89-ae028feffcb0,PEGASUS 3,cinepolis,,8f125633-ac6b-459d-afbc-d1a0e529da32,ACTION,2h 6m,13+,2D,2026-05-21,44749ede-fc1d-4621-bd24-e5e128f12dbd,2026-05-21T00:32:17.675615
4c4f6ac4-b20b-4f28-8a89-ae028feffcb0,SUNSHINE WOMEN`S CHOIR,cinepolis,,33062671-0ce9-4273-90a4-86ac43173ab4,COMEDY,2h 14m,13+,2D,2026-05-21,95d84b83-0a15-46b7-ac78-e042543e3c08,2026-05-21T00:32:17.676632
4c4f6ac4-b20b-4f28-8a89-ae028feffcb0,GHOST IN THE CELL,cinepolis,,1859bb5f-f638-4a41-854c-a114f6f8a608,HORROR,1h 46m,D17+,2D,2026-05-21,01496539-660c-48ee-8f18-f23bf367c3df,2026-05-21T00:32:17.677611
4c4f6ac4-b20b-4f28-8a89-ae028feffcb0,MORTAL KOMBAT II,cinepolis,,420e1f44-2534-4ed9-9d6f-84cf6406d5a8,ACTION,1h 56m,D17+,2D,2026-05-21,fd172dd6-f3b7-4768-b924-507b66fde8fe,2026-05-21T00:32:17.678592
4c4f6ac4-b20b-4f28-8a89-ae028feffcb0,GOHAN,cinepolis,,15718ddd-e8db-449b-9313-73b98733d485,DRAMA,2h 20m,SU,2D,2026-05-21,55c725a6-9380-477d-a79b-2dfe4f7e7460,2026-05-21T00:32:17.679567
4c4f6ac4-b20b-4f28-8a89-ae028feffcb0,SALMOKJI: WHISPERING WATER,cinepolis,,a71f8c7d-5bdf-4b91-b207-9acbafa2417a,HORROR,1h 35m,D17+,2D,2026-05-21,0f2c4f63-503f-4d10-b25a-ba206d996be4,2026-05-21T00:32:17.680783
4c4f6ac4-b20b-4f28-8a89-ae028feffcb0,THE KING`S WARDEN,cinepolis,,65881b59-8a2d-43fe-b61c-5d8b58e2b312,DRAMA,1h 57m,13+,2D,2026-05-21,2fbc71f3-243f-4156-beb5-e8377b5d73bf,2026-05-21T00:32:17.681938
90a3df08-eaa7-401d-85b2-8cc63576d877,STAR WARS: THE MANDALORIAN AND GROGU,cinepolis,,488b0e44-9328-4660-827f-bf3341602b6d,FANTASY,2h 12m,13+,2D,2026-05-21,34b62c17-e900-4fae-8c0d-5fbe38c33362,2026-05-21T00:32:22.898613
90a3df08-eaa7-401d-85b2-8cc63576d877,TUMBAL PROYEK,cinepolis,,0b14c075-63cc-4a3b-b0a7-a3578ae1590b,HORROR,1h 46m,D17+,2D,2026-05-21,b28a9b9b-6eeb-4531-a34d-faca1a06ae64,2026-05-21T00:32:22.899749
90a3df08-eaa7-401d-85b2-8cc63576d877,SEMUA AKAN BAIK-BAIK SAJA,cinepolis,,cae94e25-4386-417b-8bdf-0dea2d0b0c71,DRAMA,1h 53m,13+,2D,2026-05-21,347ac5f8-5d02-4d10-84a1-c33e2888e813,2026-05-21T00:32:22.900794
90a3df08-eaa7-401d-85b2-8cc63576d877,GUDANG MERICA,cinepolis,,0e87a4c9-10fb-496b-b0a4-4d60d71c222d,COMEDY,1h 38m,D17+,2D,2026-05-21,ebbc0a9f-4617-4553-9271-152b6a4b626c,2026-05-21T00:32:22.901803
90a3df08-eaa7-401d-85b2-8cc63576d877,GHOST IN THE CELL,cinepolis,,1859bb5f-f638-4a41-854c-a114f6f8a608,HORROR,1h 46m,D17+,2D,2026-05-21,5fb175ca-1436-449d-a480-a6bfb7769ebc,2026-05-21T00:32:22.902928
90a3df08-eaa7-401d-85b2-8cc63576d877,YANG LAIN BOLEH HILANG ASAL KAU JANGAN,cinepolis,,ff59e4ab-92e1-4aa6-bfd8-ab6521930738,DRAMA,1h 53m,13+,2D,2026-05-21,0a8eafa3-dcf0-43a3-8260-2d193ee45dd5,2026-05-21T00:32:22.903778
90a3df08-eaa7-401d-85b2-8cc63576d877,TIBA TIBA SETAN,cinepolis,,1d967795-fc67-4246-984c-e494ece3054c,COMEDY,1h 53m,13+,2D,2026-05-21,3d2734db-0f8f-4faa-acc7-0e95731cdec5,2026-05-21T00:32:22.904784
6ba07641-3c13-4954-aea7-85e8ba555e45,STAR WARS: THE MANDALORIAN AND GROGU,cinepolis,,488b0e44-9328-4660-827f-bf3341602b6d,FANTASY,2h 12m,13+,2D,2026-05-21,cdbc63d9-0b02-4232-a1f0-7a1c479b7b50,2026-05-21T00:32:28.115574
6ba07641-3c13-4954-aea7-85e8ba555e45,TUMBAL PROYEK,cinepolis,,0b14c075-63cc-4a3b-b0a7-a3578ae1590b,HORROR,1h 46m,D17+,2D,2026-05-21,80cebe45-a581-496d-a47c-f48563284cba,2026-05-21T00:32:28.116691
6ba07641-3c13-4954-aea7-85e8ba555e45,SEMUA AKAN BAIK-BAIK SAJA,cinepolis,,cae94e25-4386-417b-8bdf-0dea2d0b0c71,DRAMA,1h 53m,13+,2D,2026-05-21,a8cd5529-6d36-4e53-b860-ffdbfda63fc0,2026-05-21T00:32:28.117904
6ba07641-3c13-4954-aea7-85e8ba555e45,GUDANG MERICA,cinepolis,,0e87a4c9-10fb-496b-b0a4-4d60d71c222d,COMEDY,1h 38m,D17+,2D,2026-05-21,ad4341b2-41ef-4073-af10-6b58116e0b2f,2026-05-21T00:32:28.118833
6ba07641-3c13-4954-aea7-85e8ba555e45,MORTAL KOMBAT II,cinepolis,,420e1f44-2534-4ed9-9d6f-84cf6406d5a8,ACTION,1h 56m,D17+,2D,2026-05-21,d9c32318-7f8c-47c3-9711-5da6d226d024,2026-05-21T00:32:28.119697
6ba07641-3c13-4954-aea7-85e8ba555e45,YANG LAIN BOLEH HILANG ASAL KAU JANGAN,cinepolis,,ff59e4ab-92e1-4aa6-bfd8-ab6521930738,DRAMA,1h 53m,13+,2D,2026-05-21,8831e989-ba83-415d-b433-2ec5f9e5953e,2026-05-21T00:32:28.121445
6ba07641-3c13-4954-aea7-85e8ba555e45,KAMU HARUS MATI,cinepolis,,0f594831-b664-4fac-b9aa-1195a73b2b84,HORROR,1h 30m,13+,2D,2026-05-21,fe0c1b82-89ef-40b3-841b-4d77f3b417f9,2026-05-21T00:32:28.123020
6ba07641-3c13-4954-aea7-85e8ba555e45,THE KING`S WARDEN,cinepolis,,65881b59-8a2d-43fe-b61c-5d8b58e2b312,DRAMA,1h 57m,13+,2D,2026-05-21,cf9a0b33-5dcf-4cad-add1-93f0e9386d13,2026-05-21T00:32:28.124400
6ba07641-3c13-4954-aea7-85e8ba555e45,THE SHEEP DETECTIVES,cinepolis,,71865891-a162-4fb5-bcc1-eda6d7edf3e9,COMEDY,1h 49m,SU,2D,2026-05-21,7eec0325-3eb6-4349-921e-8875832999bc,2026-05-21T00:32:28.125428
a104fad3-0c87-4d91-8d96-bd7e1959d5a3,STAR WARS: THE MANDALORIAN AND GROGU,cinepolis,,488b0e44-9328-4660-827f-bf3341602b6d,FANTASY,2h 12m,13+,3D,2026-05-21,82ce6303-c749-4d46-aeed-c4cfd131675f,2026-05-21T00:32:34.213257
a104fad3-0c87-4d91-8d96-bd7e1959d5a3,STAR WARS: THE MANDALORIAN AND GROGU,cinepolis,,488b0e44-9328-4660-827f-bf3341602b6d,FANTASY,2h 12m,13+,2D,2026-05-21,408faaab-ee90-4102-99b1-3340a0539240,2026-05-21T00:32:34.213317
a104fad3-0c87-4d91-8d96-bd7e1959d5a3,TUMBAL PROYEK,cinepolis,,0b14c075-63cc-4a3b-b0a7-a3578ae1590b,HORROR,1h 46m,D17+,2D,2026-05-21,ad9b3bbc-6f63-4500-8cff-d1fc54c2402f,2026-05-21T00:32:34.214390
a104fad3-0c87-4d91-8d96-bd7e1959d5a3,KELUARGA SUAMI ADALAH HAMA,cinepolis,,6a227c4d-1483-455f-842b-37ab7ddccdc2,DRAMA,1h 57m,13+,2D,2026-05-21,29c46426-a24b-48cf-83f9-960897f93cc5,2026-05-21T00:32:34.215468
a104fad3-0c87-4d91-8d96-bd7e1959d5a3,SEMUA AKAN BAIK-BAIK SAJA,cinepolis,,cae94e25-4386-417b-8bdf-0dea2d0b0c71,DRAMA,1h 53m,13+,2D,2026-05-21,887423e1-3e86-4563-bfae-85a5d0846e69,2026-05-21T00:32:34.216555
a104fad3-0c87-4d91-8d96-bd7e1959d5a3,GUDANG MERICA,cinepolis,,0e87a4c9-10fb-496b-b0a4-4d60d71c222d,COMEDY,1h 38m,D17+,2D,2026-05-21,f837b7eb-e7fb-4388-956a-cacf03a8164e,2026-05-21T00:32:34.217592
a104fad3-0c87-4d91-8d96-bd7e1959d5a3,PEGASUS 3,cinepolis,,8f125633-ac6b-459d-afbc-d1a0e529da32,ACTION,2h 6m,13+,2D,2026-05-21,384e5cc6-46f8-4adf-883d-0f3c802864dd,2026-05-21T00:32:34.218594
a104fad3-0c87-4d91-8d96-bd7e1959d5a3,SUNSHINE WOMEN`S CHOIR,cinepolis,,33062671-0ce9-4273-90a4-86ac43173ab4,COMEDY,2h 14m,13+,2D,2026-05-21,cad3eac7-19a4-42e5-87a7-4a5c4924b19d,2026-05-21T00:32:34.219745
a104fad3-0c87-4d91-8d96-bd7e1959d5a3,GHOST IN THE CELL,cinepolis,,1859bb5f-f638-4a41-854c-a114f6f8a608,HORROR,1h 46m,D17+,2D,2026-05-21,96185f9f-3104-4138-b020-f6e84ed6c4b5,2026-05-21T00:32:34.220734
a104fad3-0c87-4d91-8d96-bd7e1959d5a3,MORTAL KOMBAT II,cinepolis,,420e1f44-2534-4ed9-9d6f-84cf6406d5a8,ACTION,1h 56m,D17+,2D,2026-05-21,8793cb53-8434-462d-ac25-5676fb39bd01,2026-05-21T00:32:34.221690
a104fad3-0c87-4d91-8d96-bd7e1959d5a3,YANG LAIN BOLEH HILANG ASAL KAU JANGAN,cinepolis,,ff59e4ab-92e1-4aa6-bfd8-ab6521930738,DRAMA,1h 53m,13+,2D,2026-05-21,4eb7e6d9-5098-42ee-9855-4751d9a11de2,2026-05-21T00:32:34.222603
a104fad3-0c87-4d91-8d96-bd7e1959d5a3,GOHAN,cinepolis,,15718ddd-e8db-449b-9313-73b98733d485,DRAMA,2h 20m,SU,2D,2026-05-21,218b8329-fc95-4d9a-9532-47218b1066c6,2026-05-21T00:32:34.223454
f9971062-7497-4710-aaaa-59b71e745dfa,STAR WARS: THE MANDALORIAN AND GROGU,cinepolis,,488b0e44-9328-4660-827f-bf3341602b6d,FANTASY,2h 12m,13+,3D,2026-05-21,4b6d5d70-75ab-4b25-8641-26b9560bcf87,2026-05-21T00:32:40.302529
f9971062-7497-4710-aaaa-59b71e745dfa,STAR WARS: THE MANDALORIAN AND GROGU,cinepolis,,488b0e44-9328-4660-827f-bf3341602b6d,FANTASY,2h 12m,13+,2D,2026-05-21,cb7fadcd-b1a8-449e-bdac-fe756ded8bd4,2026-05-21T00:32:40.302700
f9971062-7497-4710-aaaa-59b71e745dfa,TUMBAL PROYEK,cinepolis,,0b14c075-63cc-4a3b-b0a7-a3578ae1590b,HORROR,1h 46m,D17+,2D,2026-05-21,9803e351-1f3a-482b-ac1a-7f12cad96c55,2026-05-21T00:32:40.304771
f9971062-7497-4710-aaaa-59b71e745dfa,SEMUA AKAN BAIK-BAIK SAJA,cinepolis,,cae94e25-4386-417b-8bdf-0dea2d0b0c71,DRAMA,1h 53m,13+,2D,2026-05-21,5754437e-d697-457e-b739-1c466c3ba1f4,2026-05-21T00:32:40.306195
f9971062-7497-4710-aaaa-59b71e745dfa,GUDANG MERICA,cinepolis,,0e87a4c9-10fb-496b-b0a4-4d60d71c222d,COMEDY,1h 38m,D17+,2D,2026-05-21,be60b572-93b0-4e21-aa6f-4a7d1641f2de,2026-05-21T00:32:40.307150
f9971062-7497-4710-aaaa-59b71e745dfa,GHOST IN THE CELL,cinepolis,,1859bb5f-f638-4a41-854c-a114f6f8a608,HORROR,1h 46m,D17+,2D,2026-05-21,2b072b27-1992-42e8-8f79-4698fb080011,2026-05-21T00:32:40.308063
f9971062-7497-4710-aaaa-59b71e745dfa,MORTAL KOMBAT II,cinepolis,,420e1f44-2534-4ed9-9d6f-84cf6406d5a8,ACTION,1h 56m,D17+,2D,2026-05-21,6e1368b0-9f8a-4229-aadb-76bbf211475d,2026-05-21T00:32:40.308930
f9971062-7497-4710-aaaa-59b71e745dfa,"AYAH, INI ARAHNYA KEMANA, YA?",cinepolis,,47fccbc0-f843-4918-ad66-28fcef4aa048,DRAMA,1h 43m,13+,2D,2026-05-21,e3cf1f01-b34c-468c-9d94-64521e372a1b,2026-05-21T00:32:40.309825
f9971062-7497-4710-aaaa-59b71e745dfa,YANG LAIN BOLEH HILANG ASAL KAU JANGAN,cinepolis,,ff59e4ab-92e1-4aa6-bfd8-ab6521930738,DRAMA,1h 53m,13+,2D,2026-05-21,fe69aaf8-c11f-4df2-91d5-5471eb9958ba,2026-05-21T00:32:40.310905
f9971062-7497-4710-aaaa-59b71e745dfa,KAMU HARUS MATI,cinepolis,,0f594831-b664-4fac-b9aa-1195a73b2b84,HORROR,1h 30m,13+,2D,2026-05-21,21656744-3492-46d9-ad53-a49ec85610e3,2026-05-21T00:32:40.311760
f9971062-7497-4710-aaaa-59b71e745dfa,SALMOKJI: WHISPERING WATER,cinepolis,,a71f8c7d-5bdf-4b91-b207-9acbafa2417a,HORROR,1h 35m,D17+,2D,2026-05-21,43e01606-1290-427b-8dd2-c05b6e29cb6b,2026-05-21T00:32:40.312821
ee0063a7-505f-4922-96e8-661f2df61821,STAR WARS: THE MANDALORIAN AND GROGU,cinepolis,,488b0e44-9328-4660-827f-bf3341602b6d,FANTASY,2h 12m,13+,2D,2026-05-21,828770ab-1557-4520-a7d2-80f36ed30a7d,2026-05-21T00:32:45.582621
ee0063a7-505f-4922-96e8-661f2df61821,TUMBAL PROYEK,cinepolis,,0b14c075-63cc-4a3b-b0a7-a3578ae1590b,HORROR,1h 46m,D17+,2D,2026-05-21,296e62c9-cce0-4e71-b9de-df654e29c982,2026-05-21T00:32:45.584568
ee0063a7-505f-4922-96e8-661f2df61821,KELUARGA SUAMI ADALAH HAMA,cinepolis,,6a227c4d-1483-455f-842b-37ab7ddccdc2,DRAMA,1h 57m,13+,2D,2026-05-21,2f71393f-1c97-463e-aa84-3822a33fb4f9,2026-05-21T00:32:45.586455
ee0063a7-505f-4922-96e8-661f2df61821,SEMUA AKAN BAIK-BAIK SAJA,cinepolis,,cae94e25-4386-417b-8bdf-0dea2d0b0c71,DRAMA,1h 53m,13+,2D,2026-05-21,bee90b2a-56c7-451a-a1cd-70061f05ae5f,2026-05-21T00:32:45.587506
ee0063a7-505f-4922-96e8-661f2df61821,GUDANG MERICA,cinepolis,,0e87a4c9-10fb-496b-b0a4-4d60d71c222d,COMEDY,1h 38m,D17+,2D,2026-05-21,f5b663ca-730a-4b2c-8d12-6db9f5c167d0,2026-05-21T00:32:45.588522
ee0063a7-505f-4922-96e8-661f2df61821,PEGASUS 3,cinepolis,,8f125633-ac6b-459d-afbc-d1a0e529da32,ACTION,2h 6m,13+,2D,2026-05-21,86f471fd-40ef-42b5-8c91-15ede53729ac,2026-05-21T00:32:45.589507
ee0063a7-505f-4922-96e8-661f2df61821,SUNSHINE WOMEN`S CHOIR,cinepolis,,33062671-0ce9-4273-90a4-86ac43173ab4,COMEDY,2h 14m,13+,2D,2026-05-21,2d177733-5b57-4c39-8295-3d5164dc6cf7,2026-05-21T00:32:45.590471
ee0063a7-505f-4922-96e8-661f2df61821,"AYAH, INI ARAHNYA KEMANA, YA?",cinepolis,,47fccbc0-f843-4918-ad66-28fcef4aa048,DRAMA,1h 43m,13+,2D,2026-05-21,d23dd855-9972-46b7-9558-69ee5fd85936,2026-05-21T00:32:45.591436
ee0063a7-505f-4922-96e8-661f2df61821,THE KING`S WARDEN,cinepolis,,65881b59-8a2d-43fe-b61c-5d8b58e2b312,DRAMA,1h 57m,13+,2D,2026-05-21,a9d6c940-bdf3-4ff1-88df-fe532be27597,2026-05-21T00:32:45.592390
50fddf74-da8a-4ff9-86a8-8e291d1bfa4e,STAR WARS: THE MANDALORIAN AND GROGU,cinepolis,,488b0e44-9328-4660-827f-bf3341602b6d,FANTASY,2h 12m,13+,2D,2026-05-21,c41c3521-7a66-451d-bd72-d4fc7c308528,2026-05-21T00:32:51.978823
50fddf74-da8a-4ff9-86a8-8e291d1bfa4e,STAR WARS: THE MANDALORIAN AND GROGU,cinepolis,,488b0e44-9328-4660-827f-bf3341602b6d,FANTASY,2h 12m,13+,3D,2026-05-21,2171d9ba-d2c7-4e44-b809-0a3eb6335e58,2026-05-21T00:32:51.978887
50fddf74-da8a-4ff9-86a8-8e291d1bfa4e,TUMBAL PROYEK,cinepolis,,0b14c075-63cc-4a3b-b0a7-a3578ae1590b,HORROR,1h 46m,D17+,2D,2026-05-21,b8fcbbb6-6f95-4804-805c-3af14b270dac,2026-05-21T00:32:51.980302
50fddf74-da8a-4ff9-86a8-8e291d1bfa4e,KELUARGA SUAMI ADALAH HAMA,cinepolis,,6a227c4d-1483-455f-842b-37ab7ddccdc2,DRAMA,1h 57m,13+,2D,2026-05-21,8b1a1055-ed01-4798-9f6c-411474a57550,2026-05-21T00:32:51.981485
50fddf74-da8a-4ff9-86a8-8e291d1bfa4e,SEMUA AKAN BAIK-BAIK SAJA,cinepolis,,cae94e25-4386-417b-8bdf-0dea2d0b0c71,DRAMA,1h 53m,13+,2D,2026-05-21,b10b70f9-d5b4-4717-b92d-62b07de23a05,2026-05-21T00:32:51.983639
50fddf74-da8a-4ff9-86a8-8e291d1bfa4e,GUDANG MERICA,cinepolis,,0e87a4c9-10fb-496b-b0a4-4d60d71c222d,COMEDY,1h 38m,D17+,2D,2026-05-21,c53363e9-9c82-4369-a172-9cf6f872fe98,2026-05-21T00:32:51.984816
50fddf74-da8a-4ff9-86a8-8e291d1bfa4e,TIBA TIBA SETAN,cinepolis,,1d967795-fc67-4246-984c-e494ece3054c,COMEDY,1h 53m,13+,2D,2026-05-21,8beb7808-3f97-441b-95be-8466e7641729,2026-05-21T00:32:51.985944
d77dd353-a2db-4a76-91db-172d112936b2,STAR WARS: THE MANDALORIAN AND GROGU,cinepolis,,488b0e44-9328-4660-827f-bf3341602b6d,FANTASY,2h 12m,13+,2D,2026-05-21,89c56580-b449-4c2c-9a88-22663f354bba,2026-05-21T00:32:58.054359
d77dd353-a2db-4a76-91db-172d112936b2,TUMBAL PROYEK,cinepolis,,0b14c075-63cc-4a3b-b0a7-a3578ae1590b,HORROR,1h 46m,D17+,2D,2026-05-21,e1a7d2b5-c013-4229-ada1-72c8c7ca70bf,2026-05-21T00:32:58.055612
d77dd353-a2db-4a76-91db-172d112936b2,KELUARGA SUAMI ADALAH HAMA,cinepolis,,6a227c4d-1483-455f-842b-37ab7ddccdc2,DRAMA,1h 57m,13+,2D,2026-05-21,32fb6a31-5905-4f88-9d1a-2e93aa4fd169,2026-05-21T00:32:58.057901
d77dd353-a2db-4a76-91db-172d112936b2,SEMUA AKAN BAIK-BAIK SAJA,cinepolis,,cae94e25-4386-417b-8bdf-0dea2d0b0c71,DRAMA,1h 53m,13+,2D,2026-05-21,ec62e877-4ba5-4b56-a92a-f3087937b985,2026-05-21T00:32:58.059292
d77dd353-a2db-4a76-91db-172d112936b2,PEGASUS 3,cinepolis,,8f125633-ac6b-459d-afbc-d1a0e529da32,ACTION,2h 6m,13+,2D,2026-05-21,594abced-c642-4908-af12-27f6cc5f1b08,2026-05-21T00:32:58.061202
d77dd353-a2db-4a76-91db-172d112936b2,SUNSHINE WOMEN`S CHOIR,cinepolis,,33062671-0ce9-4273-90a4-86ac43173ab4,COMEDY,2h 14m,13+,2D,2026-05-21,36d1e32e-3d99-49d2-8aa2-8001795c8bf2,2026-05-21T00:32:58.062262
d77dd353-a2db-4a76-91db-172d112936b2,YANG LAIN BOLEH HILANG ASAL KAU JANGAN,cinepolis,,ff59e4ab-92e1-4aa6-bfd8-ab6521930738,DRAMA,1h 53m,13+,2D,2026-05-21,48577bf3-0a07-41e0-93c8-7208c68a2d85,2026-05-21T00:32:58.063265
d77dd353-a2db-4a76-91db-172d112936b2,DILAN ITB 1997,cinepolis,,7afc861e-8f49-4790-9cc5-64ea19b1b0e5,ROMANCE,1h 50m,13+,2D,2026-05-21,7d5b7b9e-e648-49a9-b6d2-db204f13b686,2026-05-21T00:32:58.064230
aa153ea5-9364-4324-b3ad-96ee5b26fe8a,STAR WARS: THE MANDALORIAN AND GROGU,cinepolis,,488b0e44-9328-4660-827f-bf3341602b6d,FANTASY,2h 12m,13+,3D,2026-05-21,de86148b-2af8-4df4-aa7e-69852d8f2fad,2026-05-21T00:33:04.249355
aa153ea5-9364-4324-b3ad-96ee5b26fe8a,STAR WARS: THE MANDALORIAN AND GROGU,cinepolis,,488b0e44-9328-4660-827f-bf3341602b6d,FANTASY,2h 12m,13+,2D,2026-05-21,66930ade-3843-49b9-9835-045a9e27d256,2026-05-21T00:33:04.249394
aa153ea5-9364-4324-b3ad-96ee5b26fe8a,TUMBAL PROYEK,cinepolis,,0b14c075-63cc-4a3b-b0a7-a3578ae1590b,HORROR,1h 46m,D17+,2D,2026-05-21,5583f3a8-99c7-4164-b240-7537f855a110,2026-05-21T00:33:04.250344
aa153ea5-9364-4324-b3ad-96ee5b26fe8a,SEMUA AKAN BAIK-BAIK SAJA,cinepolis,,cae94e25-4386-417b-8bdf-0dea2d0b0c71,DRAMA,1h 53m,13+,2D,2026-05-21,4b880e1c-9601-4aa7-a16f-5468e5eb774d,2026-05-21T00:33:04.251102
aa153ea5-9364-4324-b3ad-96ee5b26fe8a,GUDANG MERICA,cinepolis,,0e87a4c9-10fb-496b-b0a4-4d60d71c222d,COMEDY,1h 38m,D17+,2D,2026-05-21,3f0229bd-a0ed-4006-9596-a24837d4e542,2026-05-21T00:33:04.251830
aa153ea5-9364-4324-b3ad-96ee5b26fe8a,PEGASUS 3,cinepolis,,8f125633-ac6b-459d-afbc-d1a0e529da32,ACTION,2h 6m,13+,2D,2026-05-21,1499121f-ba0b-4122-8803-3e3c7742395a,2026-05-21T00:33:04.252559
aa153ea5-9364-4324-b3ad-96ee5b26fe8a,SUNSHINE WOMEN`S CHOIR,cinepolis,,33062671-0ce9-4273-90a4-86ac43173ab4,COMEDY,2h 14m,13+,2D,2026-05-21,f489c670-b221-4ed3-b9bc-43c51b542707,2026-05-21T00:33:04.253271
aa153ea5-9364-4324-b3ad-96ee5b26fe8a,GHOST IN THE CELL,cinepolis,,1859bb5f-f638-4a41-854c-a114f6f8a608,HORROR,1h 46m,D17+,2D,2026-05-21,44e16b43-063d-4018-bf62-6d97c611635b,2026-05-21T00:33:04.254003
aa153ea5-9364-4324-b3ad-96ee5b26fe8a,YANG LAIN BOLEH HILANG ASAL KAU JANGAN,cinepolis,,ff59e4ab-92e1-4aa6-bfd8-ab6521930738,DRAMA,1h 53m,13+,2D,2026-05-21,60d721a9-aab9-4e50-9bf2-0eb0ce8f8dcf,2026-05-21T00:33:04.254671
aa153ea5-9364-4324-b3ad-96ee5b26fe8a,SALMOKJI: WHISPERING WATER,cinepolis,,a71f8c7d-5bdf-4b91-b207-9acbafa2417a,HORROR,1h 35m,D17+,2D,2026-05-21,2cff7c55-162c-4f94-a695-a635bb1b6689,2026-05-21T00:33:04.255296
64ef2aaa-1513-4fe7-86fa-d8b788765400,STAR WARS: THE MANDALORIAN AND GROGU,cinepolis,,488b0e44-9328-4660-827f-bf3341602b6d,FANTASY,2h 12m,13+,2D,2026-05-21,1b425604-2213-4501-9758-a7c10379d30e,2026-05-21T00:33:09.485120
64ef2aaa-1513-4fe7-86fa-d8b788765400,STAR WARS: THE MANDALORIAN AND GROGU,cinepolis,,488b0e44-9328-4660-827f-bf3341602b6d,FANTASY,2h 12m,13+,3D,2026-05-21,1c968c55-274d-43d4-a092-b1fd49d45a97,2026-05-21T00:33:09.485198
64ef2aaa-1513-4fe7-86fa-d8b788765400,TUMBAL PROYEK,cinepolis,,0b14c075-63cc-4a3b-b0a7-a3578ae1590b,HORROR,1h 46m,D17+,2D,2026-05-21,e4d296c6-b19e-4d7d-963c-a784c592299b,2026-05-21T00:33:09.486470
64ef2aaa-1513-4fe7-86fa-d8b788765400,KELUARGA SUAMI ADALAH HAMA,cinepolis,,6a227c4d-1483-455f-842b-37ab7ddccdc2,DRAMA,1h 57m,13+,2D,2026-05-21,a6cb8c18-da0c-4c20-9704-22a6c301749b,2026-05-21T00:33:09.490712
64ef2aaa-1513-4fe7-86fa-d8b788765400,SEMUA AKAN BAIK-BAIK SAJA,cinepolis,,cae94e25-4386-417b-8bdf-0dea2d0b0c71,DRAMA,1h 53m,13+,2D,2026-05-21,4ccfad9f-ea71-423b-b923-87b11be1f201,2026-05-21T00:33:09.491799
64ef2aaa-1513-4fe7-86fa-d8b788765400,PEGASUS 3,cinepolis,,8f125633-ac6b-459d-afbc-d1a0e529da32,ACTION,2h 6m,13+,2D,2026-05-21,81832b75-235f-40fe-8459-25b6b8ad9025,2026-05-21T00:33:09.492861
64ef2aaa-1513-4fe7-86fa-d8b788765400,SUNSHINE WOMEN`S CHOIR,cinepolis,,33062671-0ce9-4273-90a4-86ac43173ab4,COMEDY,2h 14m,13+,2D,2026-05-21,22720c34-2745-4a7a-b49c-3c020e14fceb,2026-05-21T00:33:09.493951
64ef2aaa-1513-4fe7-86fa-d8b788765400,GHOST IN THE CELL,cinepolis,,1859bb5f-f638-4a41-854c-a114f6f8a608,HORROR,1h 46m,D17+,2D,2026-05-21,078907a4-3913-484f-8d5d-8cd12dda6a93,2026-05-21T00:33:09.494987
64ef2aaa-1513-4fe7-86fa-d8b788765400,"AYAH, INI ARAHNYA KEMANA, YA?",cinepolis,,47fccbc0-f843-4918-ad66-28fcef4aa048,DRAMA,1h 43m,13+,2D,2026-05-21,ccebb395-6e28-4b43-ace4-0cf910634248,2026-05-21T00:33:09.495994
64ef2aaa-1513-4fe7-86fa-d8b788765400,YANG LAIN BOLEH HILANG ASAL KAU JANGAN,cinepolis,,ff59e4ab-92e1-4aa6-bfd8-ab6521930738,DRAMA,1h 53m,13+,2D,2026-05-21,d85387c9-18c2-40ca-b2c2-4e91d56efe0d,2026-05-21T00:33:09.497964
105d4766-d876-4d3a-99ac-d3a9aa4c3013,STAR WARS: THE MANDALORIAN AND GROGU,cinepolis,,488b0e44-9328-4660-827f-bf3341602b6d,FANTASY,2h 12m,13+,3D,2026-05-21,aee8b0b9-72a6-4ffb-bdbb-c465217ce2e5,2026-05-21T00:33:15.655661
105d4766-d876-4d3a-99ac-d3a9aa4c3013,STAR WARS: THE MANDALORIAN AND GROGU,cinepolis,,488b0e44-9328-4660-827f-bf3341602b6d,FANTASY,2h 12m,13+,2D,2026-05-21,eb170701-399f-4117-a2b0-b6816f74b066,2026-05-21T00:33:15.655750
105d4766-d876-4d3a-99ac-d3a9aa4c3013,TUMBAL PROYEK,cinepolis,,0b14c075-63cc-4a3b-b0a7-a3578ae1590b,HORROR,1h 46m,D17+,2D,2026-05-21,10335c69-6da8-4558-98b0-179fa3deffd1,2026-05-21T00:33:15.656957
105d4766-d876-4d3a-99ac-d3a9aa4c3013,KELUARGA SUAMI ADALAH HAMA,cinepolis,,6a227c4d-1483-455f-842b-37ab7ddccdc2,DRAMA,1h 57m,13+,2D,2026-05-21,11f3f8d6-ffb7-4f9b-bd59-b8d62f676262,2026-05-21T00:33:15.658145
105d4766-d876-4d3a-99ac-d3a9aa4c3013,SEMUA AKAN BAIK-BAIK SAJA,cinepolis,,cae94e25-4386-417b-8bdf-0dea2d0b0c71,DRAMA,1h 53m,13+,2D,2026-05-21,b454bce6-a1e1-4f1d-bc2e-c2994f655aa4,2026-05-21T00:33:15.659210
105d4766-d876-4d3a-99ac-d3a9aa4c3013,GUDANG MERICA,cinepolis,,0e87a4c9-10fb-496b-b0a4-4d60d71c222d,COMEDY,1h 38m,D17+,2D,2026-05-21,6d83ab66-0d46-4388-9e1b-e51d37990c5f,2026-05-21T00:33:15.660330
105d4766-d876-4d3a-99ac-d3a9aa4c3013,GHOST IN THE CELL,cinepolis,,1859bb5f-f638-4a41-854c-a114f6f8a608,HORROR,1h 46m,D17+,2D,2026-05-21,8741ba67-1710-4ac5-94b2-43624e295640,2026-05-21T00:33:15.661279
105d4766-d876-4d3a-99ac-d3a9aa4c3013,"AYAH, INI ARAHNYA KEMANA, YA?",cinepolis,,47fccbc0-f843-4918-ad66-28fcef4aa048,DRAMA,1h 43m,13+,2D,2026-05-21,20796760-fdce-4972-8986-988faf2f1a83,2026-05-21T00:33:15.662444
105d4766-d876-4d3a-99ac-d3a9aa4c3013,TIBA TIBA SETAN,cinepolis,,1d967795-fc67-4246-984c-e494ece3054c,COMEDY,1h 53m,13+,2D,2026-05-21,2a86468f-2e24-4534-9c8e-6fc3ac6c7594,2026-05-21T00:33:15.663321
b75f1800-de66-4a6a-a562-b2aafa100f1d,STAR WARS: THE MANDALORIAN AND GROGU,cinepolis,,488b0e44-9328-4660-827f-bf3341602b6d,FANTASY,2h 12m,13+,2D,2026-05-21,d247db67-4018-40bd-9d1a-170afdf33878,2026-05-21T00:33:20.945793
b75f1800-de66-4a6a-a562-b2aafa100f1d,TUMBAL PROYEK,cinepolis,,0b14c075-63cc-4a3b-b0a7-a3578ae1590b,HORROR,1h 46m,D17+,2D,2026-05-21,7910e612-664a-4223-8704-acac0816a48e,2026-05-21T00:33:20.946975
b75f1800-de66-4a6a-a562-b2aafa100f1d,KELUARGA SUAMI ADALAH HAMA,cinepolis,,6a227c4d-1483-455f-842b-37ab7ddccdc2,DRAMA,1h 57m,13+,2D,2026-05-21,793603b9-eab9-46db-831a-667301c7d2b4,2026-05-21T00:33:20.947986
b75f1800-de66-4a6a-a562-b2aafa100f1d,SEMUA AKAN BAIK-BAIK SAJA,cinepolis,,cae94e25-4386-417b-8bdf-0dea2d0b0c71,DRAMA,1h 53m,13+,2D,2026-05-21,421ff3b1-ef53-4316-a504-b1236d3dd499,2026-05-21T00:33:20.949270
b75f1800-de66-4a6a-a562-b2aafa100f1d,GUDANG MERICA,cinepolis,,0e87a4c9-10fb-496b-b0a4-4d60d71c222d,COMEDY,1h 38m,D17+,2D,2026-05-21,736df428-e957-4f49-9cdf-933e319943e2,2026-05-21T00:33:20.950438
b75f1800-de66-4a6a-a562-b2aafa100f1d,PEGASUS 3,cinepolis,,8f125633-ac6b-459d-afbc-d1a0e529da32,ACTION,2h 6m,13+,2D,2026-05-21,7f003bda-9de7-406b-9160-dea8cd03124f,2026-05-21T00:33:20.951334
b75f1800-de66-4a6a-a562-b2aafa100f1d,SUNSHINE WOMEN`S CHOIR,cinepolis,,33062671-0ce9-4273-90a4-86ac43173ab4,COMEDY,2h 14m,13+,2D,2026-05-21,489846f9-b7da-49ab-a2a0-f80b1dedda80,2026-05-21T00:33:20.953540
b75f1800-de66-4a6a-a562-b2aafa100f1d,MORTAL KOMBAT II,cinepolis,,420e1f44-2534-4ed9-9d6f-84cf6406d5a8,ACTION,1h 56m,D17+,2D,2026-05-21,61aa18e0-f9de-49cc-8420-94a125d45220,2026-05-21T00:33:20.954827
b75f1800-de66-4a6a-a562-b2aafa100f1d,YANG LAIN BOLEH HILANG ASAL KAU JANGAN,cinepolis,,ff59e4ab-92e1-4aa6-bfd8-ab6521930738,DRAMA,1h 53m,13+,2D,2026-05-21,d7f0bf82-5031-4633-9df8-1d12c7869e3a,2026-05-21T00:33:20.956239
b75f1800-de66-4a6a-a562-b2aafa100f1d,GOHAN,cinepolis,,15718ddd-e8db-449b-9313-73b98733d485,DRAMA,2h 20m,SU,2D,2026-05-21,a54c2ed5-dc5d-4afe-9b1f-f5386609e422,2026-05-21T00:33:20.957015
1a61c0b5-ea07-4578-a36a-1eb265006774,STAR WARS: THE MANDALORIAN AND GROGU,cinepolis,,488b0e44-9328-4660-827f-bf3341602b6d,FANTASY,2h 12m,13+,2D,2026-05-21,7dca807a-4b1d-4371-965b-1d11ded2826b,2026-05-21T00:33:26.190668
1a61c0b5-ea07-4578-a36a-1eb265006774,TUMBAL PROYEK,cinepolis,,0b14c075-63cc-4a3b-b0a7-a3578ae1590b,HORROR,1h 46m,D17+,2D,2026-05-21,b48cf3c2-b8cc-42cf-a44f-72dd18c42b42,2026-05-21T00:33:26.191923
1a61c0b5-ea07-4578-a36a-1eb265006774,SEMUA AKAN BAIK-BAIK SAJA,cinepolis,,cae94e25-4386-417b-8bdf-0dea2d0b0c71,DRAMA,1h 53m,13+,2D,2026-05-21,9ac324b9-1cda-4147-b0de-af9c5ad63ea7,2026-05-21T00:33:26.193424
1a61c0b5-ea07-4578-a36a-1eb265006774,GUDANG MERICA,cinepolis,,0e87a4c9-10fb-496b-b0a4-4d60d71c222d,COMEDY,1h 38m,D17+,2D,2026-05-21,a4978ea3-e273-4c1a-8cd1-5e47ca1a4b22,2026-05-21T00:33:26.194649
1a61c0b5-ea07-4578-a36a-1eb265006774,"AYAH, INI ARAHNYA KEMANA, YA?",cinepolis,,47fccbc0-f843-4918-ad66-28fcef4aa048,DRAMA,1h 43m,13+,2D,2026-05-21,ee04a6fc-ac49-4ed0-bdbf-e5d2600efc35,2026-05-21T00:33:26.196650
1a61c0b5-ea07-4578-a36a-1eb265006774,THE KING`S WARDEN,cinepolis,,65881b59-8a2d-43fe-b61c-5d8b58e2b312,DRAMA,1h 57m,13+,2D,2026-05-21,4a7fe91a-a92d-4172-aaef-591523dd3a27,2026-05-21T00:33:26.197792
dc8ddf10-a3e5-41a4-9417-15513a8dd50d,STAR WARS: THE MANDALORIAN AND GROGU,cinepolis,,488b0e44-9328-4660-827f-bf3341602b6d,FANTASY,2h 12m,13+,2D,2026-05-21,f24b9195-044b-480b-848e-c76330f90f4f,2026-05-21T00:33:31.496203
dc8ddf10-a3e5-41a4-9417-15513a8dd50d,TUMBAL PROYEK,cinepolis,,0b14c075-63cc-4a3b-b0a7-a3578ae1590b,HORROR,1h 46m,D17+,2D,2026-05-21,15c95dc5-01d0-4ff6-830b-1b9bc7c5cdbc,2026-05-21T00:33:31.496998
dc8ddf10-a3e5-41a4-9417-15513a8dd50d,KELUARGA SUAMI ADALAH HAMA,cinepolis,,6a227c4d-1483-455f-842b-37ab7ddccdc2,DRAMA,1h 57m,13+,2D,2026-05-21,dcee209f-900b-4945-9b86-49a95b1b7848,2026-05-21T00:33:31.497726
dc8ddf10-a3e5-41a4-9417-15513a8dd50d,SEMUA AKAN BAIK-BAIK SAJA,cinepolis,,cae94e25-4386-417b-8bdf-0dea2d0b0c71,DRAMA,1h 53m,13+,2D,2026-05-21,96b36ddf-30f3-4236-9c2d-82d4b486d319,2026-05-21T00:33:31.498414
dc8ddf10-a3e5-41a4-9417-15513a8dd50d,PEGASUS 3,cinepolis,,8f125633-ac6b-459d-afbc-d1a0e529da32,ACTION,2h 6m,13+,2D,2026-05-21,cf02cba9-b92b-4403-b685-cfdd17d73fd0,2026-05-21T00:33:31.499410
dc8ddf10-a3e5-41a4-9417-15513a8dd50d,SUNSHINE WOMEN`S CHOIR,cinepolis,,33062671-0ce9-4273-90a4-86ac43173ab4,COMEDY,2h 14m,13+,2D,2026-05-21,c30b3753-c62c-4d8b-8f55-e17b17f5826b,2026-05-21T00:33:31.500077
dc8ddf10-a3e5-41a4-9417-15513a8dd50d,GHOST IN THE CELL,cinepolis,,1859bb5f-f638-4a41-854c-a114f6f8a608,HORROR,1h 46m,D17+,2D,2026-05-21,e2d56045-8e4c-4273-801d-6f36f05c2354,2026-05-21T00:33:31.500711
dc8ddf10-a3e5-41a4-9417-15513a8dd50d,MORTAL KOMBAT II,cinepolis,,420e1f44-2534-4ed9-9d6f-84cf6406d5a8,ACTION,1h 56m,D17+,2D,2026-05-21,8d415277-4da6-4ed4-b666-c9b588e7a384,2026-05-21T00:33:31.501335
7c902b96-f4b1-4646-abed-2221633fc00d,STAR WARS: THE MANDALORIAN AND GROGU,cinepolis,,488b0e44-9328-4660-827f-bf3341602b6d,FANTASY,2h 12m,13+,2D,2026-05-21,58f116b1-7c78-4894-8b59-b943d26c4b02,2026-05-21T00:33:37.905810
7c902b96-f4b1-4646-abed-2221633fc00d,STAR WARS: THE MANDALORIAN AND GROGU,cinepolis,,488b0e44-9328-4660-827f-bf3341602b6d,FANTASY,2h 12m,13+,3D,2026-05-21,f7b1078b-826d-40a5-bd4d-be74693b8c57,2026-05-21T00:33:37.905868
7c902b96-f4b1-4646-abed-2221633fc00d,TUMBAL PROYEK,cinepolis,,0b14c075-63cc-4a3b-b0a7-a3578ae1590b,HORROR,1h 46m,D17+,2D,2026-05-21,b1fef96f-2743-49d3-9611-5a3f4f1f51fa,2026-05-21T00:33:37.907022
7c902b96-f4b1-4646-abed-2221633fc00d,SEMUA AKAN BAIK-BAIK SAJA,cinepolis,,cae94e25-4386-417b-8bdf-0dea2d0b0c71,DRAMA,1h 53m,13+,2D,2026-05-21,9e757059-8792-4553-a3d9-c4241a6f8bbc,2026-05-21T00:33:37.908024
7c902b96-f4b1-4646-abed-2221633fc00d,PEGASUS 3,cinepolis,,8f125633-ac6b-459d-afbc-d1a0e529da32,ACTION,2h 6m,13+,2D,2026-05-21,6f799a2a-288f-4bc0-b2f6-ad815d267db0,2026-05-21T00:33:37.909220
7c902b96-f4b1-4646-abed-2221633fc00d,SUNSHINE WOMEN`S CHOIR,cinepolis,,33062671-0ce9-4273-90a4-86ac43173ab4,COMEDY,2h 14m,13+,2D,2026-05-21,26715332-0044-4af9-a2db-ceaef006e362,2026-05-21T00:33:37.910219
7c902b96-f4b1-4646-abed-2221633fc00d,MORTAL KOMBAT II,cinepolis,,420e1f44-2534-4ed9-9d6f-84cf6406d5a8,ACTION,1h 56m,D17+,2D,2026-05-21,45320edb-c45e-40fa-8c79-667a42396d68,2026-05-21T00:33:37.911609
7c902b96-f4b1-4646-abed-2221633fc00d,YANG LAIN BOLEH HILANG ASAL KAU JANGAN,cinepolis,,ff59e4ab-92e1-4aa6-bfd8-ab6521930738,DRAMA,1h 53m,13+,2D,2026-05-21,daccb903-6727-4f16-abda-502531aa07f3,2026-05-21T00:33:37.912530
7c902b96-f4b1-4646-abed-2221633fc00d,GOHAN,cinepolis,,15718ddd-e8db-449b-9313-73b98733d485,DRAMA,2h 20m,SU,2D,2026-05-21,5b7c0863-2b17-4e52-8bbe-04eebb3ee8ac,2026-05-21T00:33:37.913648
7c902b96-f4b1-4646-abed-2221633fc00d,SALMOKJI: WHISPERING WATER,cinepolis,,a71f8c7d-5bdf-4b91-b207-9acbafa2417a,HORROR,1h 35m,D17+,2D,2026-05-21,427c80e1-41b6-4bf9-bdda-9decb5656c2c,2026-05-21T00:33:37.915447
7c902b96-f4b1-4646-abed-2221633fc00d,THE KING`S WARDEN,cinepolis,,65881b59-8a2d-43fe-b61c-5d8b58e2b312,DRAMA,1h 57m,13+,2D,2026-05-21,1655f376-9018-451d-ab5a-5486f42fb8d8,2026-05-21T00:33:37.916659
7c902b96-f4b1-4646-abed-2221633fc00d,THE DEVIL WEARS PRADA 2,cinepolis,,97d5d4ac-9e2f-476f-a0ee-729bdefb04b1,COMEDY,1h 59m,13+,2D,2026-05-21,ba684a1d-a311-49fc-b5a9-ca46b609f6b2,2026-05-21T00:33:37.918226
7c902b96-f4b1-4646-abed-2221633fc00d,THE SHEEP DETECTIVES,cinepolis,,71865891-a162-4fb5-bcc1-eda6d7edf3e9,COMEDY,1h 49m,SU,2D,2026-05-21,d19023a3-8b20-4e12-be39-8460b493ce0c,2026-05-21T00:33:37.919129
7c902b96-f4b1-4646-abed-2221633fc00d,MICHAEL,cinepolis,,acb0af5f-900e-46dc-8df1-ca1241ed81df,DRAMA,2h 7m,SU,2D,2026-05-21,8f6ac9a2-a221-4609-a722-562897008875,2026-05-21T00:33:38.425813
5664ae20-c73b-4a53-932a-b89ecec40816,STAR WARS: THE MANDALORIAN AND GROGU,cinepolis,,488b0e44-9328-4660-827f-bf3341602b6d,FANTASY,2h 12m,13+,2D,2026-05-21,49f21e83-50a1-4992-9de6-225350c1b06d,2026-05-21T00:33:44.020957
5664ae20-c73b-4a53-932a-b89ecec40816,TUMBAL PROYEK,cinepolis,,0b14c075-63cc-4a3b-b0a7-a3578ae1590b,HORROR,1h 46m,D17+,2D,2026-05-21,c44a8771-1583-425b-b6e7-b2a978a5feae,2026-05-21T00:33:44.023827
5664ae20-c73b-4a53-932a-b89ecec40816,KELUARGA SUAMI ADALAH HAMA,cinepolis,,6a227c4d-1483-455f-842b-37ab7ddccdc2,DRAMA,1h 57m,13+,2D,2026-05-21,1a711c06-aee3-4861-86df-5982d02b90fd,2026-05-21T00:33:44.025815
5664ae20-c73b-4a53-932a-b89ecec40816,SEMUA AKAN BAIK-BAIK SAJA,cinepolis,,cae94e25-4386-417b-8bdf-0dea2d0b0c71,DRAMA,1h 53m,13+,2D,2026-05-21,96392f41-117c-4087-ae4a-32657f211637,2026-05-21T00:33:44.026644
5664ae20-c73b-4a53-932a-b89ecec40816,GUDANG MERICA,cinepolis,,0e87a4c9-10fb-496b-b0a4-4d60d71c222d,COMEDY,1h 38m,D17+,2D,2026-05-21,cdd45ab8-7795-4d9d-bc57-93f927fdd8af,2026-05-21T00:33:44.027452
5664ae20-c73b-4a53-932a-b89ecec40816,GHOST IN THE CELL,cinepolis,,1859bb5f-f638-4a41-854c-a114f6f8a608,HORROR,1h 46m,D17+,2D,2026-05-21,8f5264e0-1450-44f9-9b7f-2f515dcda3fc,2026-05-21T00:33:44.028246
5664ae20-c73b-4a53-932a-b89ecec40816,"AYAH, INI ARAHNYA KEMANA, YA?",cinepolis,,47fccbc0-f843-4918-ad66-28fcef4aa048,DRAMA,1h 43m,13+,2D,2026-05-21,a228f883-07a6-42f6-ae7b-a50aae30c209,2026-05-21T00:33:44.029052
5664ae20-c73b-4a53-932a-b89ecec40816,KAMU HARUS MATI,cinepolis,,0f594831-b664-4fac-b9aa-1195a73b2b84,HORROR,1h 30m,13+,2D,2026-05-21,1c5ae19e-57be-46e6-9a1a-eb37fac4bb65,2026-05-21T00:33:44.029893
89c58e02-d42d-4b3f-9610-bb3f25ce7a97,STAR WARS: THE MANDALORIAN AND GROGU,cinepolis,,488b0e44-9328-4660-827f-bf3341602b6d,FANTASY,2h 12m,13+,3D,2026-05-21,66cb877b-fa36-49d0-8996-96ed411f2c61,2026-05-21T00:33:50.191673
89c58e02-d42d-4b3f-9610-bb3f25ce7a97,STAR WARS: THE MANDALORIAN AND GROGU,cinepolis,,488b0e44-9328-4660-827f-bf3341602b6d,FANTASY,2h 12m,13+,2D,2026-05-21,e6f3dc0f-efed-4ea1-86ab-b75035832280,2026-05-21T00:33:50.191730
89c58e02-d42d-4b3f-9610-bb3f25ce7a97,TUMBAL PROYEK,cinepolis,,0b14c075-63cc-4a3b-b0a7-a3578ae1590b,HORROR,1h 46m,D17+,2D,2026-05-21,f97e320f-c90d-4b5c-9154-3edc947ac134,2026-05-21T00:33:50.194161
89c58e02-d42d-4b3f-9610-bb3f25ce7a97,KELUARGA SUAMI ADALAH HAMA,cinepolis,,6a227c4d-1483-455f-842b-37ab7ddccdc2,DRAMA,1h 57m,13+,2D,2026-05-21,1a5d61a4-6315-467e-90a8-2e2187a5c658,2026-05-21T00:33:50.195066
89c58e02-d42d-4b3f-9610-bb3f25ce7a97,SEMUA AKAN BAIK-BAIK SAJA,cinepolis,,cae94e25-4386-417b-8bdf-0dea2d0b0c71,DRAMA,1h 53m,13+,2D,2026-05-21,a1d898a9-d5d2-4ed8-ac87-d9da3ceb5e19,2026-05-21T00:33:50.195888
89c58e02-d42d-4b3f-9610-bb3f25ce7a97,GUDANG MERICA,cinepolis,,0e87a4c9-10fb-496b-b0a4-4d60d71c222d,COMEDY,1h 38m,D17+,2D,2026-05-21,024f443e-1da1-496f-8719-b97fad36bc65,2026-05-21T00:33:50.196689
89c58e02-d42d-4b3f-9610-bb3f25ce7a97,PEGASUS 3,cinepolis,,8f125633-ac6b-459d-afbc-d1a0e529da32,ACTION,2h 6m,13+,2D,2026-05-21,d6055c48-7fa0-480e-9c6c-3d3acf4a46e1,2026-05-21T00:33:50.197510
89c58e02-d42d-4b3f-9610-bb3f25ce7a97,SUNSHINE WOMEN`S CHOIR,cinepolis,,33062671-0ce9-4273-90a4-86ac43173ab4,COMEDY,2h 14m,13+,2D,2026-05-21,1d1571cd-4fc1-465c-8c86-11e28cfa6c20,2026-05-21T00:33:50.198288
89c58e02-d42d-4b3f-9610-bb3f25ce7a97,GHOST IN THE CELL,cinepolis,,1859bb5f-f638-4a41-854c-a114f6f8a608,HORROR,1h 46m,D17+,2D,2026-05-21,efbc7b26-9fed-462c-afcd-c0b7c288b204,2026-05-21T00:33:50.199405
89c58e02-d42d-4b3f-9610-bb3f25ce7a97,MORTAL KOMBAT II,cinepolis,,420e1f44-2534-4ed9-9d6f-84cf6406d5a8,ACTION,1h 56m,D17+,2D,2026-05-21,c96bf6e1-af0c-4476-b474-5695f053c986,2026-05-21T00:33:50.200501
89c58e02-d42d-4b3f-9610-bb3f25ce7a97,"AYAH, INI ARAHNYA KEMANA, YA?",cinepolis,,47fccbc0-f843-4918-ad66-28fcef4aa048,DRAMA,1h 43m,13+,2D,2026-05-21,c236816c-a492-418e-9a18-9dd09add52dc,2026-05-21T00:33:50.201289
89c58e02-d42d-4b3f-9610-bb3f25ce7a97,YANG LAIN BOLEH HILANG ASAL KAU JANGAN,cinepolis,,ff59e4ab-92e1-4aa6-bfd8-ab6521930738,DRAMA,1h 53m,13+,2D,2026-05-21,84bacc8a-a2f4-496a-8c8d-75b5f855d970,2026-05-21T00:33:50.202078
89c58e02-d42d-4b3f-9610-bb3f25ce7a97,THE KING`S WARDEN,cinepolis,,65881b59-8a2d-43fe-b61c-5d8b58e2b312,DRAMA,1h 57m,13+,2D,2026-05-21,5d84e17c-050e-47f3-8dba-34ac182e637b,2026-05-21T00:33:50.202794
c282e55a-3b08-424c-806f-47f600ddfcbb,STAR WARS: THE MANDALORIAN AND GROGU,cinepolis,,488b0e44-9328-4660-827f-bf3341602b6d,FANTASY,2h 12m,13+,3D,2026-05-21,fa826c08-9747-4cce-9ec1-79f9884ff045,2026-05-21T00:33:55.412478
c282e55a-3b08-424c-806f-47f600ddfcbb,STAR WARS: THE MANDALORIAN AND GROGU,cinepolis,,488b0e44-9328-4660-827f-bf3341602b6d,FANTASY,2h 12m,13+,2D,2026-05-21,afb0f1be-4db8-4703-b1d2-099cbb298bce,2026-05-21T00:33:55.412544
c282e55a-3b08-424c-806f-47f600ddfcbb,TUMBAL PROYEK,cinepolis,,0b14c075-63cc-4a3b-b0a7-a3578ae1590b,HORROR,1h 46m,D17+,2D,2026-05-21,3e0fe3c9-773a-461c-ac2c-099cc72daa6a,2026-05-21T00:33:55.413632
c282e55a-3b08-424c-806f-47f600ddfcbb,KELUARGA SUAMI ADALAH HAMA,cinepolis,,6a227c4d-1483-455f-842b-37ab7ddccdc2,DRAMA,1h 57m,13+,2D,2026-05-21,9f6dbfc2-a98f-41b1-8ebe-d9d7fa0b890b,2026-05-21T00:33:55.414685
c282e55a-3b08-424c-806f-47f600ddfcbb,SEMUA AKAN BAIK-BAIK SAJA,cinepolis,,cae94e25-4386-417b-8bdf-0dea2d0b0c71,DRAMA,1h 53m,13+,2D,2026-05-21,61c49b8f-63b8-4c54-86c6-aeb7e9d89836,2026-05-21T00:33:55.415753
c282e55a-3b08-424c-806f-47f600ddfcbb,GUDANG MERICA,cinepolis,,0e87a4c9-10fb-496b-b0a4-4d60d71c222d,COMEDY,1h 38m,D17+,2D,2026-05-21,07bcc93d-7bc5-45cc-9f9e-372875d7b0d8,2026-05-21T00:33:55.416727
c282e55a-3b08-424c-806f-47f600ddfcbb,PEGASUS 3,cinepolis,,8f125633-ac6b-459d-afbc-d1a0e529da32,ACTION,2h 6m,13+,2D,2026-05-21,449d3e4f-8b0c-4c39-ab13-0630f0be9a9d,2026-05-21T00:33:55.417578
c282e55a-3b08-424c-806f-47f600ddfcbb,SUNSHINE WOMEN`S CHOIR,cinepolis,,33062671-0ce9-4273-90a4-86ac43173ab4,COMEDY,2h 14m,13+,2D,2026-05-21,2288ea36-4b1b-4d81-b995-68f50d412984,2026-05-21T00:33:55.418410
c282e55a-3b08-424c-806f-47f600ddfcbb,GHOST IN THE CELL,cinepolis,,1859bb5f-f638-4a41-854c-a114f6f8a608,HORROR,1h 46m,D17+,2D,2026-05-21,71533727-6a09-4f1c-8e97-750fdd780ab0,2026-05-21T00:33:55.419298
c282e55a-3b08-424c-806f-47f600ddfcbb,"AYAH, INI ARAHNYA KEMANA, YA?",cinepolis,,47fccbc0-f843-4918-ad66-28fcef4aa048,DRAMA,1h 43m,13+,2D,2026-05-21,b09fb075-71c9-49fa-8fda-645365ce02af,2026-05-21T00:33:55.420223
c282e55a-3b08-424c-806f-47f600ddfcbb,YANG LAIN BOLEH HILANG ASAL KAU JANGAN,cinepolis,,ff59e4ab-92e1-4aa6-bfd8-ab6521930738,DRAMA,1h 53m,13+,2D,2026-05-21,8fce9769-2265-4f78-a91e-d95e22f4708a,2026-05-21T00:33:55.421721
c282e55a-3b08-424c-806f-47f600ddfcbb,KAMU HARUS MATI,cinepolis,,0f594831-b664-4fac-b9aa-1195a73b2b84,HORROR,1h 30m,13+,2D,2026-05-21,8e0871a5-e29f-45f0-9808-28df909dda60,2026-05-21T00:33:55.423007
c282e55a-3b08-424c-806f-47f600ddfcbb,SALMOKJI: WHISPERING WATER,cinepolis,,a71f8c7d-5bdf-4b91-b207-9acbafa2417a,HORROR,1h 35m,D17+,2D,2026-05-21,26255071-065f-42c3-a3fb-9f332880422e,2026-05-21T00:33:55.424154
c282e55a-3b08-424c-806f-47f600ddfcbb,THE KING`S WARDEN,cinepolis,,65881b59-8a2d-43fe-b61c-5d8b58e2b312,DRAMA,1h 57m,13+,2D,2026-05-21,f05c7d1b-c80e-4640-b7f6-4ccadb30e500,2026-05-21T00:33:55.424999
c282e55a-3b08-424c-806f-47f600ddfcbb,TIBA TIBA SETAN,cinepolis,,1d967795-fc67-4246-984c-e494ece3054c,COMEDY,1h 53m,13+,2D,2026-05-21,505ce3fa-1c60-46cb-a21f-16352397bd22,2026-05-21T00:33:55.425857
c282e55a-3b08-424c-806f-47f600ddfcbb,BADUT GENDONG,cinepolis,,3c747edf-0b24-47d3-a687-cce565db1452,HORROR,1h 41m,D17+,2D,2026-05-21,ede89981-7e15-4001-b786-c5a111770b8f,2026-05-21T00:33:55.426625
40e096ba-e37a-446e-a60d-c9c0259c82fc,STAR WARS: THE MANDALORIAN AND GROGU,cinepolis,,488b0e44-9328-4660-827f-bf3341602b6d,FANTASY,2h 12m,13+,2D,2026-05-21,3f36d6b9-78ef-44cb-9223-a853c269ee2b,2026-05-21T00:34:00.637376
40e096ba-e37a-446e-a60d-c9c0259c82fc,TUMBAL PROYEK,cinepolis,,0b14c075-63cc-4a3b-b0a7-a3578ae1590b,HORROR,1h 46m,D17+,2D,2026-05-21,edb44459-eebe-4cb0-b3f9-ad17094aced5,2026-05-21T00:34:00.639031
40e096ba-e37a-446e-a60d-c9c0259c82fc,KELUARGA SUAMI ADALAH HAMA,cinepolis,,6a227c4d-1483-455f-842b-37ab7ddccdc2,DRAMA,1h 57m,13+,2D,2026-05-21,bf36addd-523a-4d95-a748-4fe68b4bc891,2026-05-21T00:34:00.640438
40e096ba-e37a-446e-a60d-c9c0259c82fc,SEMUA AKAN BAIK-BAIK SAJA,cinepolis,,cae94e25-4386-417b-8bdf-0dea2d0b0c71,DRAMA,1h 53m,13+,2D,2026-05-21,cbd2d89d-c1f4-4bd9-b3a3-cfce9cd3fc66,2026-05-21T00:34:00.642066
40e096ba-e37a-446e-a60d-c9c0259c82fc,GOHAN,cinepolis,,15718ddd-e8db-449b-9313-73b98733d485,DRAMA,2h 20m,SU,2D,2026-05-21,d5691e2b-3386-4ec0-81b0-7c20ca5e7e0a,2026-05-21T00:34:00.643365
2a039e26-2b75-4c71-973e-6d4c3c0a9d68,STAR WARS: THE MANDALORIAN AND GROGU,cinepolis,,488b0e44-9328-4660-827f-bf3341602b6d,FANTASY,2h 12m,13+,2D,2026-05-21,a19f9d0b-8ae1-40ac-8c42-0bc53c90e00d,2026-05-21T00:34:05.885145
2a039e26-2b75-4c71-973e-6d4c3c0a9d68,TUMBAL PROYEK,cinepolis,,0b14c075-63cc-4a3b-b0a7-a3578ae1590b,HORROR,1h 46m,D17+,2D,2026-05-21,c7797d2d-75c4-4fa7-b665-1865e6d8f648,2026-05-21T00:34:05.886256
2a039e26-2b75-4c71-973e-6d4c3c0a9d68,SEMUA AKAN BAIK-BAIK SAJA,cinepolis,,cae94e25-4386-417b-8bdf-0dea2d0b0c71,DRAMA,1h 53m,13+,2D,2026-05-21,56000ead-4d98-4eeb-9fc7-fc01e1febe41,2026-05-21T00:34:05.887234
2a039e26-2b75-4c71-973e-6d4c3c0a9d68,PEGASUS 3,cinepolis,,8f125633-ac6b-459d-afbc-d1a0e529da32,ACTION,2h 6m,13+,2D,2026-05-21,326d3921-c5c1-4b83-8e33-272fcb35e91e,2026-05-21T00:34:05.888220
2a039e26-2b75-4c71-973e-6d4c3c0a9d68,SUNSHINE WOMEN`S CHOIR,cinepolis,,33062671-0ce9-4273-90a4-86ac43173ab4,COMEDY,2h 14m,13+,2D,2026-05-21,fdb1a6d1-c393-408a-a44c-7f4767f0bb02,2026-05-21T00:34:05.890190
2a039e26-2b75-4c71-973e-6d4c3c0a9d68,GHOST IN THE CELL,cinepolis,,1859bb5f-f638-4a41-854c-a114f6f8a608,HORROR,1h 46m,D17+,2D,2026-05-21,90b597dc-6626-4396-8c20-90d2895a72f9,2026-05-21T00:34:05.891796
2a039e26-2b75-4c71-973e-6d4c3c0a9d68,MORTAL KOMBAT II,cinepolis,,420e1f44-2534-4ed9-9d6f-84cf6406d5a8,ACTION,1h 56m,D17+,2D,2026-05-21,921b2082-6f90-4532-b73b-822f7d190783,2026-05-21T00:34:05.892718
2a039e26-2b75-4c71-973e-6d4c3c0a9d68,GOHAN,cinepolis,,15718ddd-e8db-449b-9313-73b98733d485,DRAMA,2h 20m,SU,2D,2026-05-21,01d4858b-1aa0-4278-93d6-bfe389346e5c,2026-05-21T00:34:05.894181
a9620a17-efa9-4972-9fcc-ca6508d183fd,STAR WARS: THE MANDALORIAN AND GROGU,cinepolis,,488b0e44-9328-4660-827f-bf3341602b6d,FANTASY,2h 12m,13+,2D,2026-05-21,d9a79a0f-0055-4a59-b2b6-de41611ad3ae,2026-05-21T00:34:11.979170
a9620a17-efa9-4972-9fcc-ca6508d183fd,TUMBAL PROYEK,cinepolis,,0b14c075-63cc-4a3b-b0a7-a3578ae1590b,HORROR,1h 46m,D17+,2D,2026-05-21,a2ab5129-67e5-4b8e-a892-81cae5ee6ed9,2026-05-21T00:34:11.980968
a9620a17-efa9-4972-9fcc-ca6508d183fd,KELUARGA SUAMI ADALAH HAMA,cinepolis,,6a227c4d-1483-455f-842b-37ab7ddccdc2,DRAMA,1h 57m,13+,2D,2026-05-21,5b47c23e-3235-4eed-9af2-201d6fd9bd4b,2026-05-21T00:34:11.982169
a9620a17-efa9-4972-9fcc-ca6508d183fd,SEMUA AKAN BAIK-BAIK SAJA,cinepolis,,cae94e25-4386-417b-8bdf-0dea2d0b0c71,DRAMA,1h 53m,13+,2D,2026-05-21,b509810d-c7e2-4795-bdb2-60029bfe3e50,2026-05-21T00:34:11.983344
a9620a17-efa9-4972-9fcc-ca6508d183fd,GUDANG MERICA,cinepolis,,0e87a4c9-10fb-496b-b0a4-4d60d71c222d,COMEDY,1h 38m,D17+,2D,2026-05-21,34d1ca8f-35d1-4d47-85ec-e7b84e7abee0,2026-05-21T00:34:11.984418
a9620a17-efa9-4972-9fcc-ca6508d183fd,GHOST IN THE CELL,cinepolis,,1859bb5f-f638-4a41-854c-a114f6f8a608,HORROR,1h 46m,D17+,2D,2026-05-21,dcddb246-2ba1-466a-8e11-6d41002523c6,2026-05-21T00:34:11.985297
90be4274-e876-4cac-aebc-ed8da04ec52c,STAR WARS: THE MANDALORIAN AND GROGU,cinepolis,,488b0e44-9328-4660-827f-bf3341602b6d,FANTASY,2h 12m,13+,3D,2026-05-21,084bf2a2-f406-449a-8fee-0e4e06c29b87,2026-05-21T00:34:17.180492
90be4274-e876-4cac-aebc-ed8da04ec52c,STAR WARS: THE MANDALORIAN AND GROGU,cinepolis,,488b0e44-9328-4660-827f-bf3341602b6d,FANTASY,2h 12m,13+,2D,2026-05-21,4631fe72-15e3-41b8-bb31-c4cca7556255,2026-05-21T00:34:17.180551
90be4274-e876-4cac-aebc-ed8da04ec52c,TUMBAL PROYEK,cinepolis,,0b14c075-63cc-4a3b-b0a7-a3578ae1590b,HORROR,1h 46m,D17+,2D,2026-05-21,9411703c-0c31-49e8-b496-ca75f4b1dad7,2026-05-21T00:34:17.182009
90be4274-e876-4cac-aebc-ed8da04ec52c,KELUARGA SUAMI ADALAH HAMA,cinepolis,,6a227c4d-1483-455f-842b-37ab7ddccdc2,DRAMA,1h 57m,13+,2D,2026-05-21,b0c9719a-c63a-43f8-9097-89d0706d897d,2026-05-21T00:34:17.186132
90be4274-e876-4cac-aebc-ed8da04ec52c,SEMUA AKAN BAIK-BAIK SAJA,cinepolis,,cae94e25-4386-417b-8bdf-0dea2d0b0c71,DRAMA,1h 53m,13+,2D,2026-05-21,4e5edde7-c220-4bca-b498-c592117fcc5e,2026-05-21T00:34:17.187332
90be4274-e876-4cac-aebc-ed8da04ec52c,GUDANG MERICA,cinepolis,,0e87a4c9-10fb-496b-b0a4-4d60d71c222d,COMEDY,1h 38m,D17+,2D,2026-05-21,9235b260-2fe4-4ac0-af72-c63a80d81a1c,2026-05-21T00:34:17.188376
90be4274-e876-4cac-aebc-ed8da04ec52c,GHOST IN THE CELL,cinepolis,,1859bb5f-f638-4a41-854c-a114f6f8a608,HORROR,1h 46m,D17+,2D,2026-05-21,f6e7bf41-c493-4705-8a9b-13e4b4088424,2026-05-21T00:34:17.189390
90be4274-e876-4cac-aebc-ed8da04ec52c,"AYAH, INI ARAHNYA KEMANA, YA?",cinepolis,,47fccbc0-f843-4918-ad66-28fcef4aa048,DRAMA,1h 43m,13+,2D,2026-05-21,caff9267-3820-43ac-b6bc-19b4ee70ff8c,2026-05-21T00:34:17.190548
9ad7ef88-70c2-401c-b07a-f46f4477308b,STAR WARS: THE MANDALORIAN AND GROGU,cinepolis,,488b0e44-9328-4660-827f-bf3341602b6d,FANTASY,2h 12m,13+,2D,2026-05-21,21415091-4d4f-4620-a4f0-13e8d64365c0,2026-05-21T00:34:23.314613
9ad7ef88-70c2-401c-b07a-f46f4477308b,STAR WARS: THE MANDALORIAN AND GROGU,cinepolis,,488b0e44-9328-4660-827f-bf3341602b6d,FANTASY,2h 12m,13+,3D,2026-05-21,ec58e0e8-023f-438f-bba8-7cc086622583,2026-05-21T00:34:23.314929
9ad7ef88-70c2-401c-b07a-f46f4477308b,TUMBAL PROYEK,cinepolis,,0b14c075-63cc-4a3b-b0a7-a3578ae1590b,HORROR,1h 46m,D17+,2D,2026-05-21,bbbfd53e-1be0-4172-8b7c-5f4ef25eb492,2026-05-21T00:34:23.317085
9ad7ef88-70c2-401c-b07a-f46f4477308b,KELUARGA SUAMI ADALAH HAMA,cinepolis,,6a227c4d-1483-455f-842b-37ab7ddccdc2,DRAMA,1h 57m,13+,2D,2026-05-21,e6c128bd-a7a7-4b37-9ffe-97fd8c82b62d,2026-05-21T00:34:23.318322
9ad7ef88-70c2-401c-b07a-f46f4477308b,SEMUA AKAN BAIK-BAIK SAJA,cinepolis,,cae94e25-4386-417b-8bdf-0dea2d0b0c71,DRAMA,1h 53m,13+,2D,2026-05-21,49d4c46d-0ccd-46bd-9cf5-d6d1d0e7df2b,2026-05-21T00:34:23.319919
9ad7ef88-70c2-401c-b07a-f46f4477308b,PEGASUS 3,cinepolis,,8f125633-ac6b-459d-afbc-d1a0e529da32,ACTION,2h 6m,13+,2D,2026-05-21,ac2661a2-c752-4d4d-a01a-b224032edf24,2026-05-21T00:34:23.320969
9ad7ef88-70c2-401c-b07a-f46f4477308b,SUNSHINE WOMEN`S CHOIR,cinepolis,,33062671-0ce9-4273-90a4-86ac43173ab4,COMEDY,2h 14m,13+,2D,2026-05-21,5d4b0557-811c-45c6-9a87-c21ddaf04bd0,2026-05-21T00:34:23.321795
9ad7ef88-70c2-401c-b07a-f46f4477308b,GHOST IN THE CELL,cinepolis,,1859bb5f-f638-4a41-854c-a114f6f8a608,HORROR,1h 46m,D17+,2D,2026-05-21,6150a75d-c8f9-463d-83c9-9ee44820f515,2026-05-21T00:34:23.322580
9ad7ef88-70c2-401c-b07a-f46f4477308b,MORTAL KOMBAT II,cinepolis,,420e1f44-2534-4ed9-9d6f-84cf6406d5a8,ACTION,1h 56m,D17+,2D,2026-05-21,a1d9ebd4-9b4f-4f94-bffc-2bce3dccc342,2026-05-21T00:34:23.323344
9ad7ef88-70c2-401c-b07a-f46f4477308b,YANG LAIN BOLEH HILANG ASAL KAU JANGAN,cinepolis,,ff59e4ab-92e1-4aa6-bfd8-ab6521930738,DRAMA,1h 53m,13+,2D,2026-05-21,56db9939-77da-4a80-ae5b-0315016397d0,2026-05-21T00:34:23.324104
c4977872-e5cb-4dfc-bcce-f6558dc9aef0,STAR WARS: THE MANDALORIAN AND GROGU,cinepolis,,488b0e44-9328-4660-827f-bf3341602b6d,FANTASY,2h 12m,13+,3D,2026-05-21,85b56e8c-d4d1-40c6-ba65-cf5db0ab6f41,2026-05-21T00:34:28.555420
c4977872-e5cb-4dfc-bcce-f6558dc9aef0,STAR WARS: THE MANDALORIAN AND GROGU,cinepolis,,488b0e44-9328-4660-827f-bf3341602b6d,FANTASY,2h 12m,13+,2D,2026-05-21,634545a3-413d-4fab-860a-292023c1c79b,2026-05-21T00:34:28.555478
c4977872-e5cb-4dfc-bcce-f6558dc9aef0,TUMBAL PROYEK,cinepolis,,0b14c075-63cc-4a3b-b0a7-a3578ae1590b,HORROR,1h 46m,D17+,2D,2026-05-21,e2a4f445-1ebb-4860-9ee4-09c0417c004f,2026-05-21T00:34:28.557415
c4977872-e5cb-4dfc-bcce-f6558dc9aef0,KELUARGA SUAMI ADALAH HAMA,cinepolis,,6a227c4d-1483-455f-842b-37ab7ddccdc2,DRAMA,1h 57m,13+,2D,2026-05-21,76d1a611-7424-446f-81a2-ba7a209f9f4f,2026-05-21T00:34:28.558923
c4977872-e5cb-4dfc-bcce-f6558dc9aef0,SEMUA AKAN BAIK-BAIK SAJA,cinepolis,,cae94e25-4386-417b-8bdf-0dea2d0b0c71,DRAMA,1h 53m,13+,2D,2026-05-21,b8048cc5-c5b6-409c-87d8-69dbe8a41e48,2026-05-21T00:34:28.559792
c4977872-e5cb-4dfc-bcce-f6558dc9aef0,PEGASUS 3,cinepolis,,8f125633-ac6b-459d-afbc-d1a0e529da32,ACTION,2h 6m,13+,2D,2026-05-21,85caa1cf-ab99-45a3-8ad1-38432e6ab359,2026-05-21T00:34:28.560590
c4977872-e5cb-4dfc-bcce-f6558dc9aef0,SUNSHINE WOMEN`S CHOIR,cinepolis,,33062671-0ce9-4273-90a4-86ac43173ab4,COMEDY,2h 14m,13+,2D,2026-05-21,8476b1ae-9d2e-42e6-8cad-d4c357d7c2e4,2026-05-21T00:34:28.561383
c4977872-e5cb-4dfc-bcce-f6558dc9aef0,GHOST IN THE CELL,cinepolis,,1859bb5f-f638-4a41-854c-a114f6f8a608,HORROR,1h 46m,D17+,2D,2026-05-21,b7513f70-c370-4eaa-8774-b6faa305c2b6,2026-05-21T00:34:28.562153
c4977872-e5cb-4dfc-bcce-f6558dc9aef0,GOHAN,cinepolis,,15718ddd-e8db-449b-9313-73b98733d485,DRAMA,2h 20m,SU,2D,2026-05-21,b7901158-4fcd-4990-8681-be453ae6b736,2026-05-21T00:34:28.563226
c4977872-e5cb-4dfc-bcce-f6558dc9aef0,THE KING`S WARDEN,cinepolis,,65881b59-8a2d-43fe-b61c-5d8b58e2b312,DRAMA,1h 57m,13+,2D,2026-05-21,90a1cf50-b1ec-4819-a982-9d663929a932,2026-05-21T00:34:28.563994
c4977872-e5cb-4dfc-bcce-f6558dc9aef0,THE DEVIL WEARS PRADA 2,cinepolis,,97d5d4ac-9e2f-476f-a0ee-729bdefb04b1,COMEDY,1h 59m,13+,2D,2026-05-21,99c754d3-75a1-41c5-9309-cc3c01e91c0c,2026-05-21T00:34:28.564747
c4977872-e5cb-4dfc-bcce-f6558dc9aef0,THE DRAMA,cinepolis,,a6dcb62f-f425-439a-a458-c3a2189e9ed2,DRAMA,1h 45m,D17+,2D,2026-05-21,d2f25a2f-369e-46ed-9d19-cc1b92dc1021,2026-05-21T00:34:29.630501
8146950c-8b87-4c6b-8f66-5d28248f1d0d,STAR WARS: THE MANDALORIAN AND GROGU,cinepolis,,488b0e44-9328-4660-827f-bf3341602b6d,FANTASY,2h 12m,13+,2D,2026-05-21,bc1aab09-ab22-4949-b06b-bd11967d7ab7,2026-05-21T00:34:33.766456
8146950c-8b87-4c6b-8f66-5d28248f1d0d,TUMBAL PROYEK,cinepolis,,0b14c075-63cc-4a3b-b0a7-a3578ae1590b,HORROR,1h 46m,D17+,2D,2026-05-21,b8666dc7-049b-4932-991c-aa7c6fed0ba9,2026-05-21T00:34:33.767626
8146950c-8b87-4c6b-8f66-5d28248f1d0d,KELUARGA SUAMI ADALAH HAMA,cinepolis,,6a227c4d-1483-455f-842b-37ab7ddccdc2,DRAMA,1h 57m,13+,2D,2026-05-21,335f4e6a-2d95-48e4-8b26-89c7e36207ae,2026-05-21T00:34:33.768649
8146950c-8b87-4c6b-8f66-5d28248f1d0d,SEMUA AKAN BAIK-BAIK SAJA,cinepolis,,cae94e25-4386-417b-8bdf-0dea2d0b0c71,DRAMA,1h 53m,13+,2D,2026-05-21,af7a9e68-5b4c-4223-bd6a-55638146ac33,2026-05-21T00:34:33.769526
8146950c-8b87-4c6b-8f66-5d28248f1d0d,GUDANG MERICA,cinepolis,,0e87a4c9-10fb-496b-b0a4-4d60d71c222d,COMEDY,1h 38m,D17+,2D,2026-05-21,bbb1bdb7-f4bc-48fe-8862-3ede14ef4834,2026-05-21T00:34:33.770711
8146950c-8b87-4c6b-8f66-5d28248f1d0d,PEGASUS 3,cinepolis,,8f125633-ac6b-459d-afbc-d1a0e529da32,ACTION,2h 6m,13+,2D,2026-05-21,17fdd435-2c8d-42a2-9a24-6c5d25dccc49,2026-05-21T00:34:33.771685
8146950c-8b87-4c6b-8f66-5d28248f1d0d,SUNSHINE WOMEN`S CHOIR,cinepolis,,33062671-0ce9-4273-90a4-86ac43173ab4,COMEDY,2h 14m,13+,2D,2026-05-21,42b10bb9-da5f-496a-b8fd-1b345584899b,2026-05-21T00:34:33.773628
8146950c-8b87-4c6b-8f66-5d28248f1d0d,YANG LAIN BOLEH HILANG ASAL KAU JANGAN,cinepolis,,ff59e4ab-92e1-4aa6-bfd8-ab6521930738,DRAMA,1h 53m,13+,2D,2026-05-21,d950684b-bfd3-483b-bf2f-85387e9cec3a,2026-05-21T00:34:33.775136
9d07ff9a-d8a1-47b4-b0a4-cfc6ee7e38ad,STAR WARS: THE MANDALORIAN AND GROGU,cinepolis,,488b0e44-9328-4660-827f-bf3341602b6d,FANTASY,2h 12m,13+,2D,2026-05-21,86f39ecd-41ec-43d1-9d51-0a1c82cd2031,2026-05-21T00:34:39.818173
9d07ff9a-d8a1-47b4-b0a4-cfc6ee7e38ad,TUMBAL PROYEK,cinepolis,,0b14c075-63cc-4a3b-b0a7-a3578ae1590b,HORROR,1h 46m,D17+,2D,2026-05-21,560ad1fa-5e98-45e5-a023-44017afa2a94,2026-05-21T00:34:39.820625
9d07ff9a-d8a1-47b4-b0a4-cfc6ee7e38ad,GOHAN,cinepolis,,15718ddd-e8db-449b-9313-73b98733d485,DRAMA,2h 20m,SU,2D,2026-05-21,1d4150a9-2d25-461b-aee2-a35a965635a7,2026-05-21T00:34:39.821373
9d07ff9a-d8a1-47b4-b0a4-cfc6ee7e38ad,THE DEVIL WEARS PRADA 2,cinepolis,,97d5d4ac-9e2f-476f-a0ee-729bdefb04b1,COMEDY,1h 59m,13+,2D,2026-05-21,d869c40d-a47f-4bb1-a802-fa7d96b5e7e2,2026-05-21T00:34:39.822126
9d07ff9a-d8a1-47b4-b0a4-cfc6ee7e38ad,THE SHEEP DETECTIVES,cinepolis,,71865891-a162-4fb5-bcc1-eda6d7edf3e9,COMEDY,1h 49m,SU,2D,2026-05-21,ca87f10b-43b7-41f6-8e06-d76343870fbf,2026-05-21T00:34:39.822809
3b5ad525-d807-46a0-aeaa-8a8314ca8055,STAR WARS: THE MANDALORIAN AND GROGU,cinepolis,,488b0e44-9328-4660-827f-bf3341602b6d,FANTASY,2h 12m,13+,2D,2026-05-21,ee42455c-d00d-4ed1-9cc3-9612992100d1,2026-05-21T00:34:45.082293
3b5ad525-d807-46a0-aeaa-8a8314ca8055,STAR WARS: THE MANDALORIAN AND GROGU,cinepolis,,488b0e44-9328-4660-827f-bf3341602b6d,FANTASY,2h 12m,13+,3D,2026-05-21,9031e1f9-f821-4982-a171-477d403075cb,2026-05-21T00:34:45.082349
3b5ad525-d807-46a0-aeaa-8a8314ca8055,TUMBAL PROYEK,cinepolis,,0b14c075-63cc-4a3b-b0a7-a3578ae1590b,HORROR,1h 46m,D17+,2D,2026-05-21,af6260f5-d122-425c-a156-bb72a899d15c,2026-05-21T00:34:45.083489
3b5ad525-d807-46a0-aeaa-8a8314ca8055,PEGASUS 3,cinepolis,,8f125633-ac6b-459d-afbc-d1a0e529da32,ACTION,2h 6m,13+,2D,2026-05-21,411eac19-6849-4d37-a30d-86f04230ac8d,2026-05-21T00:34:45.084383
3b5ad525-d807-46a0-aeaa-8a8314ca8055,SUNSHINE WOMEN`S CHOIR,cinepolis,,33062671-0ce9-4273-90a4-86ac43173ab4,COMEDY,2h 14m,13+,2D,2026-05-21,c5b830a3-82d5-45db-b790-c87d8871d636,2026-05-21T00:34:45.086247
3b5ad525-d807-46a0-aeaa-8a8314ca8055,GHOST IN THE CELL,cinepolis,,1859bb5f-f638-4a41-854c-a114f6f8a608,HORROR,1h 46m,D17+,2D,2026-05-21,a6604b9e-ae16-4541-875e-2986f709b22c,2026-05-21T00:34:45.087454
3b5ad525-d807-46a0-aeaa-8a8314ca8055,MORTAL KOMBAT II,cinepolis,,420e1f44-2534-4ed9-9d6f-84cf6406d5a8,ACTION,1h 56m,D17+,2D,2026-05-21,444831f8-29da-431a-ac47-df7349e710b5,2026-05-21T00:34:45.089319
3b5ad525-d807-46a0-aeaa-8a8314ca8055,GOHAN,cinepolis,,15718ddd-e8db-449b-9313-73b98733d485,DRAMA,2h 20m,SU,2D,2026-05-21,27eaaa58-3cfc-44ce-a639-6def0f177f74,2026-05-21T00:34:45.090814
3b5ad525-d807-46a0-aeaa-8a8314ca8055,SALMOKJI: WHISPERING WATER,cinepolis,,a71f8c7d-5bdf-4b91-b207-9acbafa2417a,HORROR,1h 35m,D17+,2D,2026-05-21,bb7889f2-0dca-48ad-9f36-972a3012abf8,2026-05-21T00:34:45.091624
cdaf14fb-4776-44bd-895d-096dca49435c,STAR WARS: THE MANDALORIAN AND GROGU,cinepolis,,488b0e44-9328-4660-827f-bf3341602b6d,FANTASY,2h 12m,13+,2D,2026-05-21,23d2127b-7003-4d14-9f34-e41086f4a672,2026-05-21T00:34:50.312510
cdaf14fb-4776-44bd-895d-096dca49435c,TUMBAL PROYEK,cinepolis,,0b14c075-63cc-4a3b-b0a7-a3578ae1590b,HORROR,1h 46m,D17+,2D,2026-05-21,f8d13912-0264-4ed6-b09e-5c6feba9b576,2026-05-21T00:34:50.313547
cdaf14fb-4776-44bd-895d-096dca49435c,KELUARGA SUAMI ADALAH HAMA,cinepolis,,6a227c4d-1483-455f-842b-37ab7ddccdc2,DRAMA,1h 57m,13+,2D,2026-05-21,35f8b4f7-a839-4deb-9b7a-a10e40727ea5,2026-05-21T00:34:50.314706
cdaf14fb-4776-44bd-895d-096dca49435c,SEMUA AKAN BAIK-BAIK SAJA,cinepolis,,cae94e25-4386-417b-8bdf-0dea2d0b0c71,DRAMA,1h 53m,13+,2D,2026-05-21,f73bf6c4-e990-468e-8db9-41ee16f66bbb,2026-05-21T00:34:50.315719
cdaf14fb-4776-44bd-895d-096dca49435c,GUDANG MERICA,cinepolis,,0e87a4c9-10fb-496b-b0a4-4d60d71c222d,COMEDY,1h 38m,D17+,2D,2026-05-21,42e6a8c7-6ff8-4b07-895f-de3ea2a73503,2026-05-21T00:34:50.316933
cdaf14fb-4776-44bd-895d-096dca49435c,"AYAH, INI ARAHNYA KEMANA, YA?",cinepolis,,47fccbc0-f843-4918-ad66-28fcef4aa048,DRAMA,1h 43m,13+,2D,2026-05-21,93f6ea55-baaa-4d7d-9704-4b1bdefccdfd,2026-05-21T00:34:50.317868
cdaf14fb-4776-44bd-895d-096dca49435c,KAMU HARUS MATI,cinepolis,,0f594831-b664-4fac-b9aa-1195a73b2b84,HORROR,1h 30m,13+,2D,2026-05-21,80ea5239-9b01-43b6-a302-967f5502c0f5,2026-05-21T00:34:50.319080
c86b0b38-678f-45ab-956f-cab74b246e45,STAR WARS: THE MANDALORIAN AND GROGU,cinepolis,,488b0e44-9328-4660-827f-bf3341602b6d,FANTASY,2h 12m,13+,2D,2026-05-21,cc5e2670-c3d3-41a9-aa4f-806cd7275a4a,2026-05-21T00:34:56.390661
c86b0b38-678f-45ab-956f-cab74b246e45,STAR WARS: THE MANDALORIAN AND GROGU,cinepolis,,488b0e44-9328-4660-827f-bf3341602b6d,FANTASY,2h 12m,13+,3D,2026-05-21,a1193ae1-095e-452f-a1ca-bdf95c326521,2026-05-21T00:34:56.390751
c86b0b38-678f-45ab-956f-cab74b246e45,TUMBAL PROYEK,cinepolis,,0b14c075-63cc-4a3b-b0a7-a3578ae1590b,HORROR,1h 46m,D17+,2D,2026-05-21,038c5b82-6981-4855-8ea7-888e880be29a,2026-05-21T00:34:56.393827
c86b0b38-678f-45ab-956f-cab74b246e45,KELUARGA SUAMI ADALAH HAMA,cinepolis,,6a227c4d-1483-455f-842b-37ab7ddccdc2,DRAMA,1h 57m,13+,2D,2026-05-21,07bf8a01-7bc0-4004-b101-030de204e5f8,2026-05-21T00:34:56.394950
c86b0b38-678f-45ab-956f-cab74b246e45,SEMUA AKAN BAIK-BAIK SAJA,cinepolis,,cae94e25-4386-417b-8bdf-0dea2d0b0c71,DRAMA,1h 53m,13+,2D,2026-05-21,6dd5c7fd-9895-442a-b885-40acee03e6a0,2026-05-21T00:34:56.396430
c86b0b38-678f-45ab-956f-cab74b246e45,PEGASUS 3,cinepolis,,8f125633-ac6b-459d-afbc-d1a0e529da32,ACTION,2h 6m,13+,2D,2026-05-21,646df18e-f63a-44fd-a651-3a700c5b8b82,2026-05-21T00:34:56.397480
c86b0b38-678f-45ab-956f-cab74b246e45,SUNSHINE WOMEN`S CHOIR,cinepolis,,33062671-0ce9-4273-90a4-86ac43173ab4,COMEDY,2h 14m,13+,2D,2026-05-21,c9485b0e-03e5-4e82-9aa8-29fae1978316,2026-05-21T00:34:56.398484
c86b0b38-678f-45ab-956f-cab74b246e45,GHOST IN THE CELL,cinepolis,,1859bb5f-f638-4a41-854c-a114f6f8a608,HORROR,1h 46m,D17+,2D,2026-05-21,91b38c57-6e4e-465f-9be6-ba2f7a7bfb61,2026-05-21T00:34:56.399450
c86b0b38-678f-45ab-956f-cab74b246e45,MORTAL KOMBAT II,cinepolis,,420e1f44-2534-4ed9-9d6f-84cf6406d5a8,ACTION,1h 56m,D17+,2D,2026-05-21,ca741fb3-43d3-443c-9cfe-5c33dbba94a0,2026-05-21T00:34:56.400714
