cinema_id,title,source,movie_id,movie_code,genre,duration,age_rating,format,show_date,id,created_at
438a6670-c713-4358-9883-fe3a8e2963ef,SEMUA AKAN BAIK-BAIK SAJA,21cineplex,,16SABB,Drama,113 menit,13+,2D,2026-05-26,84b5ea1c-3ebe-4014-ae20-ef0a9d97fc75,2026-05-26T16:29:12.534065
438a6670-c713-4358-9883-fe3a8e2963ef,SALMOKJI: WHISPERING WATER,21cineplex,,26SWWR,Horror,95 menit,D17+,2D,2026-05-26,67eba270-0ade-45bb-a247-ba0dadeafbc2,2026-05-26T16:29:12.534494
438a6670-c713-4358-9883-fe3a8e2963ef,TUMBAL PROYEK,21cineplex,,16TPRK,Horror,106 menit,D17+,2D,2026-05-26,6375e17d-72d2-4adf-8855-067a91544d32,2026-05-26T16:29:12.534607
438a6670-c713-4358-9883-fe3a8e2963ef,STAR WARS: THE MANDALORIAN AND GROGU,21cineplex,,26SWMG,"Fantasy, Sci-Fi",132 menit,13+,2D,2026-05-26,df3e8c21-bb50-4648-9468-ff02d2f4536f,2026-05-26T16:29:12.534757
438a6670-c713-4358-9883-fe3a8e2963ef,TUMBAL PROYEK,21cineplex,,16TPRK,Horror,106 menit,D17+,2D,2026-05-27,890effd5-d62c-495d-9cbd-cd9f0b2f42ea,2026-05-26T16:29:12.534846
438a6670-c713-4358-9883-fe3a8e2963ef,SEMUA AKAN BAIK-BAIK SAJA,21cineplex,,16SABB,Drama,113 menit,13+,2D,2026-05-27,70a80c31-67ec-4906-86c9-09d8a634d7fa,2026-05-26T16:29:12.534920
438a6670-c713-4358-9883-fe3a8e2963ef,SUAMIKU LUKAKU,21cineplex,,16SLUU,Drama,92 menit,D17+,2D,2026-05-27,320b5512-9d41-41f2-83ab-1fcc7d0ad146,2026-05-26T16:29:12.535041
438a6670-c713-4358-9883-fe3a8e2963ef,SEKAWAN LIMO 2: GUNUNG KLAWIH,21cineplex,,16SK2G,"Comedy, Horror",122 menit,13+,2D,2026-05-27,12611626-0088-4a4c-8dac-b94abf2da364,2026-05-26T16:29:12.535141
438a6670-c713-4358-9883-fe3a8e2963ef,CHILDREN OF HEAVEN,21cineplex,,16COHN,"Drama, Family",97 menit,SU,2D,2026-05-27,be16c436-8442-4a45-9404-6bd94878be95,2026-05-26T16:29:12.535217
a418a9fb-c59e-41cf-beb6-26f7b60f4748,THE SHEEP DETECTIVES,21cineplex,,26SDES,"Comedy, Mystery",109 menit,SU,2D,2026-05-26,e2f2b794-c1ec-438e-85b4-081de0916dc9,2026-05-26T16:29:12.535553
a418a9fb-c59e-41cf-beb6-26f7b60f4748,HOKUM,21cineplex,,26HOKM,Horror,107 menit,13+,2D,2026-05-26,08677897-844a-453b-9248-0fb35a7eadd1,2026-05-26T16:29:12.535683
a418a9fb-c59e-41cf-beb6-26f7b60f4748,SALMOKJI: WHISPERING WATER,21cineplex,,26SWWR,Horror,95 menit,D17+,2D,2026-05-26,339625f1-4041-410c-b45b-85735f2d5a05,2026-05-26T16:29:12.535803
a418a9fb-c59e-41cf-beb6-26f7b60f4748,MICHAEL,21cineplex,,26MICL,Biography,127 menit,SU,2D,2026-05-26,611b7224-4451-42d5-bdfb-895758acccfe,2026-05-26T16:29:12.535888
a418a9fb-c59e-41cf-beb6-26f7b60f4748,THE DEVIL WEARS PRADA 2,21cineplex,,26DWP2,"Comedy, Drama",119 menit,13+,2D,2026-05-26,0313805b-d869-4a47-9f4c-30a90ac2655c,2026-05-26T16:29:12.535966
a418a9fb-c59e-41cf-beb6-26f7b60f4748,IN THE GREY,21cineplex,,26ITGY,"Action, Thriller",97 menit,13+,2D,2026-05-26,664a7eb5-d795-4496-a888-8f4a36697a04,2026-05-26T16:29:12.536036
a418a9fb-c59e-41cf-beb6-26f7b60f4748,GOHAN,21cineplex,,26GOHN,Drama,140 menit,SU,2D,2026-05-26,b18bf0be-600f-41e3-b255-8f8dd6db0d62,2026-05-26T16:29:12.536103
a418a9fb-c59e-41cf-beb6-26f7b60f4748,SEKAWAN LIMO 2: GUNUNG KLAWIH,21cineplex,,16SK2G,"Comedy, Horror",122 menit,13+,2D,2026-05-27,bdc7ec67-1fe4-4121-b4f7-cd22cf91b17e,2026-05-26T16:29:12.536220
a418a9fb-c59e-41cf-beb6-26f7b60f4748,BADUT GENDONG,21cineplex,,16BGEG,"Action, Horror",101 menit,D17+,2D,2026-05-27,fa0d5c22-c784-473c-9bc0-a383c9be3886,2026-05-26T16:29:12.536342
a418a9fb-c59e-41cf-beb6-26f7b60f4748,HOKUM,21cineplex,,26HOKM,Horror,107 menit,13+,2D,2026-05-27,df1e4f5c-9831-4747-92ea-70027d72b2e7,2026-05-26T16:29:12.536472
a418a9fb-c59e-41cf-beb6-26f7b60f4748,GOHAN,21cineplex,,26GOHN,Drama,140 menit,SU,2D,2026-05-27,015fa186-b982-4975-8b8f-299648bc0c9f,2026-05-26T16:29:12.536554
a418a9fb-c59e-41cf-beb6-26f7b60f4748,PASSENGER,21cineplex,,26PASR,Horror,94 menit,D17+,2D,2026-05-27,0af76a1c-5a0a-49a7-bc9f-4aa1a3cb9d97,2026-05-26T16:29:12.536633
a418a9fb-c59e-41cf-beb6-26f7b60f4748,CHILDREN OF HEAVEN,21cineplex,,16COHN,"Drama, Family",97 menit,SU,2D,2026-05-27,b9ad9d82-b5ed-472f-9d93-89b89cc28f29,2026-05-26T16:29:12.536758
a418a9fb-c59e-41cf-beb6-26f7b60f4748,COLONY,21cineplex,,26COLY,"Horror, Thriller",122 menit,13+,2D,2026-06-03,a44732a9-e10d-4130-9510-d8759662b267,2026-05-26T16:29:12.536883
01a24605-39b6-44ba-a34e-b6640f4cf571,KELUARGA SUAMI ADALAH HAMA,21cineplex,,16KSAH,Drama,117 menit,13+,2D,2026-05-26,ac9b5b73-5cb3-4256-adc0-c39d041c5e80,2026-05-26T16:29:12.537466
01a24605-39b6-44ba-a34e-b6640f4cf571,SEMUA AKAN BAIK-BAIK SAJA,21cineplex,,16SABB,Drama,113 menit,13+,2D,2026-05-26,f4dcb799-e0d7-419f-bb0f-1405adf3d0da,2026-05-26T16:29:12.537563
01a24605-39b6-44ba-a34e-b6640f4cf571,TUMBAL PROYEK,21cineplex,,16TPRK,Horror,106 menit,D17+,2D,2026-05-26,e0926db7-3f03-479b-8467-6ea403bd642b,2026-05-26T16:29:12.537772
01a24605-39b6-44ba-a34e-b6640f4cf571,GHOST IN THE CELL,21cineplex,,16GITC,"Comedy, Horror",106 menit,D17+,2D,2026-05-26,c0897146-e26a-437f-a1e0-4f5fa69369c3,2026-05-26T16:29:12.537892
01a24605-39b6-44ba-a34e-b6640f4cf571,TUMBAL PROYEK,21cineplex,,16TPRK,Horror,106 menit,D17+,2D,2026-05-27,082b0580-e9b0-4de7-92a4-6e5e0185b698,2026-05-26T16:29:12.537993
01a24605-39b6-44ba-a34e-b6640f4cf571,SUAMIKU LUKAKU,21cineplex,,16SLUU,Drama,92 menit,D17+,2D,2026-05-27,290f8f74-64d9-43f3-8b3c-5d2a3f091eb3,2026-05-26T16:29:12.538113
01a24605-39b6-44ba-a34e-b6640f4cf571,CHILDREN OF HEAVEN,21cineplex,,16COHN,"Drama, Family",97 menit,SU,2D,2026-05-27,749cd9e9-5394-48dc-8a81-c2fe7c542e4e,2026-05-26T16:29:12.538245
b520c100-5e46-413f-b0f1-370b1a3e71bb,IN THE GREY,21cineplex,,26ITGY,"Action, Thriller",97 menit,13+,2D,2026-05-26,057ea345-ddc7-418d-881e-113c8bad0d77,2026-05-26T16:29:14.279950
b520c100-5e46-413f-b0f1-370b1a3e71bb,HOKUM,21cineplex,,26HOKM,Horror,107 menit,13+,2D,2026-05-26,192612ca-2a47-4d74-8d1e-6924d2260927,2026-05-26T16:29:14.280213
b520c100-5e46-413f-b0f1-370b1a3e71bb,SEMUA AKAN BAIK-BAIK SAJA,21cineplex,,16SABB,Drama,113 menit,13+,2D,2026-05-26,d5a6d0bb-0698-4c00-990a-c4092721da05,2026-05-26T16:29:14.280360
b520c100-5e46-413f-b0f1-370b1a3e71bb,GOHAN,21cineplex,,26GOHN,Drama,140 menit,SU,2D,2026-05-26,80689933-fb58-4d5d-b246-f6478e6a80c5,2026-05-26T16:29:14.280653
b520c100-5e46-413f-b0f1-370b1a3e71bb,MORTAL KOMBAT II,21cineplex,,25MKT2,"Action, Adventure",116 menit,D17+,2D,2026-05-26,28afed29-5596-4e08-af24-7a355d230ab8,2026-05-26T16:29:14.280917
b520c100-5e46-413f-b0f1-370b1a3e71bb,GUDANG MERICA,21cineplex,,16GMEA,"Comedy, Horror",98 menit,D17+,2D,2026-05-26,6544272c-0aaa-4f1c-ba9d-5306136cee66,2026-05-26T16:29:14.281053
b520c100-5e46-413f-b0f1-370b1a3e71bb,TUMBAL PROYEK,21cineplex,,16TPRK,Horror,106 menit,D17+,2D,2026-05-26,5d7a2a1c-41d8-4aa8-905d-7ef5379ddc2d,2026-05-26T16:29:14.281182
b520c100-5e46-413f-b0f1-370b1a3e71bb,STAR WARS: THE MANDALORIAN AND GROGU,21cineplex,,26SWMG,"Fantasy, Sci-Fi",132 menit,13+,2D,2026-05-26,a74e1603-25ed-4aea-ae57-97524f221741,2026-05-26T16:29:14.281363
b520c100-5e46-413f-b0f1-370b1a3e71bb,SEMUA AKAN BAIK-BAIK SAJA,21cineplex,,16SABB,Drama,113 menit,13+,2D,2026-05-27,efea7403-7f67-4fd0-a5d3-733cec90ce6e,2026-05-26T16:29:14.281545
b520c100-5e46-413f-b0f1-370b1a3e71bb,BADUT GENDONG,21cineplex,,16BGEG,"Action, Horror",101 menit,D17+,2D,2026-05-27,2ed1b7f9-d88c-4d84-b7bc-13615e6e7233,2026-05-26T16:29:14.281688
b520c100-5e46-413f-b0f1-370b1a3e71bb,SEKAWAN LIMO 2: GUNUNG KLAWIH,21cineplex,,16SK2G,"Comedy, Horror",122 menit,13+,2D,2026-05-27,d22052d8-3060-4ae8-a761-98e4ba8222a1,2026-05-26T16:29:14.281851
b520c100-5e46-413f-b0f1-370b1a3e71bb,PASSENGER,21cineplex,,26PASR,Horror,94 menit,D17+,2D,2026-05-27,b27b96ee-03db-4138-b0db-a33415a930c3,2026-05-26T16:29:14.282168
b520c100-5e46-413f-b0f1-370b1a3e71bb,SUAMIKU LUKAKU,21cineplex,,16SLUU,Drama,92 menit,D17+,2D,2026-05-27,48c31010-2407-4ac4-b5cc-232fb4440e50,2026-05-26T16:29:14.282379
b520c100-5e46-413f-b0f1-370b1a3e71bb,HOKUM,21cineplex,,26HOKM,Horror,107 menit,13+,2D,2026-05-27,7ba2d677-83d0-4195-9449-c106bb5df343,2026-05-26T16:29:14.282638
b520c100-5e46-413f-b0f1-370b1a3e71bb,GUDANG MERICA,21cineplex,,16GMEA,"Comedy, Horror",98 menit,D17+,2D,2026-05-27,0742c822-143a-4d27-99fe-2804b3975720,2026-05-26T16:29:14.282768
b520c100-5e46-413f-b0f1-370b1a3e71bb,STAR WARS: THE MANDALORIAN AND GROGU,21cineplex,,26SWMG,"Fantasy, Sci-Fi",132 menit,13+,2D,2026-05-27,4f4dfb32-b1c2-493f-80ab-0983aef307c7,2026-05-26T16:29:14.282928
b520c100-5e46-413f-b0f1-370b1a3e71bb,COLONY,21cineplex,,26COLY,"Horror, Thriller",122 menit,13+,2D,2026-06-03,bf1a9067-746c-4f5f-8950-2929dab7ebbf,2026-05-26T16:29:14.283046
6caeba1f-7455-4744-a91a-a8e8d19d68ba,HOKUM,21cineplex,,26HOKM,Horror,107 menit,13+,2D,2026-05-26,bc6590b9-cd59-4693-834d-106d3b7664cb,2026-05-26T16:29:15.836859
6caeba1f-7455-4744-a91a-a8e8d19d68ba,GOHAN,21cineplex,,26GOHN,Drama,140 menit,SU,2D,2026-05-26,3b2134b9-cb9e-4bd1-abe1-2ac81368a700,2026-05-26T16:29:15.837033
6caeba1f-7455-4744-a91a-a8e8d19d68ba,THE SHEEP DETECTIVES,21cineplex,,26SDES,"Comedy, Mystery",109 menit,SU,2D,2026-05-26,b86b0288-39b7-4530-bc35-35dc756f2486,2026-05-26T16:29:15.837173
6caeba1f-7455-4744-a91a-a8e8d19d68ba,SEMUA AKAN BAIK-BAIK SAJA,21cineplex,,16SABB,Drama,113 menit,13+,2D,2026-05-26,81b40e72-3baa-4ebd-a850-8a28a608fa1d,2026-05-26T16:29:15.837324
6caeba1f-7455-4744-a91a-a8e8d19d68ba,STAR WARS: THE MANDALORIAN AND GROGU,21cineplex,,26SWMG,"Fantasy, Sci-Fi",132 menit,13+,2D,2026-05-26,a259c96b-f049-4d57-a36c-a9033fba314d,2026-05-26T16:29:15.837565
6caeba1f-7455-4744-a91a-a8e8d19d68ba,GUDANG MERICA,21cineplex,,16GMEA,"Comedy, Horror",98 menit,D17+,2D,2026-05-26,0edbdead-e905-45d9-8aa7-6734cb7bfabd,2026-05-26T16:29:15.837733
6caeba1f-7455-4744-a91a-a8e8d19d68ba,TUMBAL PROYEK,21cineplex,,16TPRK,Horror,106 menit,D17+,2D,2026-05-26,f66c9ab6-ebcf-4a0c-b3d5-bc47dae84a6e,2026-05-26T16:29:15.837953
6caeba1f-7455-4744-a91a-a8e8d19d68ba,SEKAWAN LIMO 2: GUNUNG KLAWIH,21cineplex,,16SK2G,"Comedy, Horror",122 menit,13+,2D,2026-05-27,2b3acc95-0be0-46a1-8f15-6d39d643212f,2026-05-26T16:29:15.838082
6caeba1f-7455-4744-a91a-a8e8d19d68ba,BADUT GENDONG,21cineplex,,16BGEG,"Action, Horror",101 menit,D17+,2D,2026-05-27,5a683d5f-c4d7-4c22-ab02-70c118ed3d94,2026-05-26T16:29:15.838233
6caeba1f-7455-4744-a91a-a8e8d19d68ba,CHILDREN OF HEAVEN,21cineplex,,16COHN,"Drama, Family",97 menit,SU,2D,2026-05-27,f73d4cb0-fb88-4a60-b90d-fd55cfc80900,2026-05-26T16:29:15.838405
6caeba1f-7455-4744-a91a-a8e8d19d68ba,SUAMIKU LUKAKU,21cineplex,,16SLUU,Drama,92 menit,D17+,2D,2026-05-27,96085446-0431-42e7-8653-e92eda4b15db,2026-05-26T16:29:15.838552
6caeba1f-7455-4744-a91a-a8e8d19d68ba,PASSENGER,21cineplex,,26PASR,Horror,94 menit,D17+,2D,2026-05-27,49a40535-10f3-4f5f-985d-1c4061142c1a,2026-05-26T16:29:15.838708
71664a1c-d79c-4b9c-9b0c-bb0c5df0daa6,GOHAN,21cineplex,,26GOHN,Drama,140 menit,SU,2D,2026-05-26,6babd9db-9b48-42a6-b942-7e78d53d223f,2026-05-26T16:29:17.127364
71664a1c-d79c-4b9c-9b0c-bb0c5df0daa6,IN THE GREY,21cineplex,,26ITGY,"Action, Thriller",97 menit,13+,2D,2026-05-26,9d062e67-64b5-44cc-91d1-6bf254d531e0,2026-05-26T16:29:17.127645
71664a1c-d79c-4b9c-9b0c-bb0c5df0daa6,THE SHEEP DETECTIVES,21cineplex,,26SDES,"Comedy, Mystery",109 menit,SU,2D,2026-05-26,dc90f195-3af9-48b7-9239-0e2b9876a389,2026-05-26T16:29:17.127769
71664a1c-d79c-4b9c-9b0c-bb0c5df0daa6,STAR WARS: THE MANDALORIAN AND GROGU,21cineplex,,26SWMG,"Fantasy, Sci-Fi",132 menit,13+,2D,2026-05-26,59c2e98e-5e95-40ef-9926-c503a802c1dc,2026-05-26T16:29:17.127982
71664a1c-d79c-4b9c-9b0c-bb0c5df0daa6,HOKUM,21cineplex,,26HOKM,Horror,107 menit,13+,2D,2026-05-26,169bc539-7935-4440-93f3-3c4b9889ba2c,2026-05-26T16:29:17.128218
71664a1c-d79c-4b9c-9b0c-bb0c5df0daa6,SEMUA AKAN BAIK-BAIK SAJA,21cineplex,,16SABB,Drama,113 menit,13+,2D,2026-05-26,b704c14a-8952-43b9-90c4-06e8f0ab5ffd,2026-05-26T16:29:17.128424
71664a1c-d79c-4b9c-9b0c-bb0c5df0daa6,PEGASUS 3,21cineplex,,26PES3,"Action, Comedy",126 menit,13+,2D,2026-05-26,8cdd4e49-fc40-4dff-a11a-223a0706bec6,2026-05-26T16:29:17.128566
71664a1c-d79c-4b9c-9b0c-bb0c5df0daa6,BADUT GENDONG,21cineplex,,16BGEG,"Action, Horror",101 menit,D17+,2D,2026-05-27,5745c5ec-318e-472f-bb13-90fb0eb8ea23,2026-05-26T16:29:17.128772
71664a1c-d79c-4b9c-9b0c-bb0c5df0daa6,CHILDREN OF HEAVEN,21cineplex,,16COHN,"Drama, Family",97 menit,SU,2D,2026-05-27,c3737d9e-923b-4a94-9c25-f90364bbef2c,2026-05-26T16:29:17.128989
71664a1c-d79c-4b9c-9b0c-bb0c5df0daa6,GOHAN,21cineplex,,26GOHN,Drama,140 menit,SU,2D,2026-05-27,182531ef-776a-4032-97e4-c6df4d83c92e,2026-05-26T16:29:17.129185
71664a1c-d79c-4b9c-9b0c-bb0c5df0daa6,PASSENGER,21cineplex,,26PASR,Horror,94 menit,D17+,2D,2026-05-27,186ab4b0-9b0f-4f42-bca3-b2642fb793ff,2026-05-26T16:29:17.129328
71664a1c-d79c-4b9c-9b0c-bb0c5df0daa6,HOKUM,21cineplex,,26HOKM,Horror,107 menit,13+,2D,2026-05-27,d7752237-abb5-4708-8509-fb3f3f9fc976,2026-05-26T16:29:17.129509
71664a1c-d79c-4b9c-9b0c-bb0c5df0daa6,STAR WARS: THE MANDALORIAN AND GROGU,21cineplex,,26SWMG,"Fantasy, Sci-Fi",132 menit,13+,2D,2026-05-27,ff4ad957-21a3-4f48-8def-11d31ea6672a,2026-05-26T16:29:17.129696
71664a1c-d79c-4b9c-9b0c-bb0c5df0daa6,COLONY,21cineplex,,26COLY,"Horror, Thriller",122 menit,13+,2D,2026-06-03,c38236a1-dfbc-4424-845b-c1d281825c54,2026-05-26T16:29:17.129791
3b6dc426-ae61-4c09-a04d-e9f1a8e805fd,GUDANG MERICA,21cineplex,,16GMEA,"Comedy, Horror",98 menit,D17+,2D,2026-05-26,0e24072b-7bb6-4fe4-b284-697a758eae78,2026-05-26T16:29:20.127462
3b6dc426-ae61-4c09-a04d-e9f1a8e805fd,GHOST IN THE CELL,21cineplex,,16GITC,"Comedy, Horror",106 menit,D17+,2D,2026-05-26,20d00a3f-08b8-4ee1-bcb0-0bf86289cd90,2026-05-26T16:29:20.127677
3b6dc426-ae61-4c09-a04d-e9f1a8e805fd,HOKUM,21cineplex,,26HOKM,Horror,107 menit,13+,2D,2026-05-26,7d82b0e3-2b68-4d41-991f-5a509f24a291,2026-05-26T16:29:20.127822
3b6dc426-ae61-4c09-a04d-e9f1a8e805fd,SEMUA AKAN BAIK-BAIK SAJA,21cineplex,,16SABB,Drama,113 menit,13+,2D,2026-05-26,5058bf18-2678-400c-9f3b-2b88a9748d15,2026-05-26T16:29:20.127911
3b6dc426-ae61-4c09-a04d-e9f1a8e805fd,TUMBAL PROYEK,21cineplex,,16TPRK,Horror,106 menit,D17+,2D,2026-05-26,45fb3fc9-3f64-4def-b3da-405a75ae400f,2026-05-26T16:29:20.128057
3b6dc426-ae61-4c09-a04d-e9f1a8e805fd,YANG LAIN BOLEH HILANG ASAL KAU JANGAN,21cineplex,,16YLBH,Drama,113 menit,13+,2D,2026-05-26,9ed0b416-af20-4212-ad3b-a2d0b95c4e96,2026-05-26T16:29:20.128181
3b6dc426-ae61-4c09-a04d-e9f1a8e805fd,BADUT GENDONG,21cineplex,,16BGEG,"Action, Horror",101 menit,D17+,2D,2026-05-27,084e2f5c-ee91-47fc-88ea-9a25d594b436,2026-05-26T16:29:20.128330
3b6dc426-ae61-4c09-a04d-e9f1a8e805fd,SUAMIKU LUKAKU,21cineplex,,16SLUU,Drama,92 menit,D17+,2D,2026-05-27,4bb79d30-d023-4f3f-8922-332b8546f0c4,2026-05-26T16:29:20.128477
3b6dc426-ae61-4c09-a04d-e9f1a8e805fd,TUMBAL PROYEK,21cineplex,,16TPRK,Horror,106 menit,D17+,2D,2026-05-27,67dd5c62-c5bb-4320-88d7-3abb560741ff,2026-05-26T16:29:20.128611
3b6dc426-ae61-4c09-a04d-e9f1a8e805fd,YANG LAIN BOLEH HILANG ASAL KAU JANGAN,21cineplex,,16YLBH,Drama,113 menit,13+,2D,2026-05-27,a0bf87ba-64cf-4f21-8ab9-e8c3018b7b23,2026-05-26T16:29:20.128742
3b6dc426-ae61-4c09-a04d-e9f1a8e805fd,CHILDREN OF HEAVEN,21cineplex,,16COHN,"Drama, Family",97 menit,SU,2D,2026-05-27,33ef3280-a4f5-4992-8b69-ae3e5ecb026a,2026-05-26T16:29:20.128853
3b6dc426-ae61-4c09-a04d-e9f1a8e805fd,GUDANG MERICA,21cineplex,,16GMEA,"Comedy, Horror",98 menit,D17+,2D,2026-05-27,54c60d01-211b-4a9e-800b-512c984ae56c,2026-05-26T16:29:20.128973
3b6dc426-ae61-4c09-a04d-e9f1a8e805fd,SEMUA AKAN BAIK-BAIK SAJA,21cineplex,,16SABB,Drama,113 menit,13+,2D,2026-05-27,afd592bf-0384-4607-a370-dd48e3f295fb,2026-05-26T16:29:20.129099
7d8e4f37-ef6e-4492-a9cb-16f55a6696de,SEMUA AKAN BAIK-BAIK SAJA,21cineplex,,16SABB,Drama,113 menit,13+,2D,2026-05-26,b61cd416-d1d4-43fe-9246-3ef24efbd6d8,2026-05-26T16:29:21.882350
7d8e4f37-ef6e-4492-a9cb-16f55a6696de,HOKUM,21cineplex,,26HOKM,Horror,107 menit,13+,2D,2026-05-26,87d43496-d291-4696-8f19-0d4ba2f22505,2026-05-26T16:29:21.882653
7d8e4f37-ef6e-4492-a9cb-16f55a6696de,STAR WARS: THE MANDALORIAN AND GROGU,21cineplex,,26SWMG,"Fantasy, Sci-Fi",132 menit,13+,2D,2026-05-26,428e2b5e-dc2d-4d3d-a7f1-a30ab64be05f,2026-05-26T16:29:21.882852
7d8e4f37-ef6e-4492-a9cb-16f55a6696de,DILAN ITB 1997,21cineplex,,16DI97,"Drama, Romance",110 menit,13+,2D,2026-05-26,be07ca36-bad3-41a7-9100-169949f7060b,2026-05-26T16:29:21.882984
7d8e4f37-ef6e-4492-a9cb-16f55a6696de,KELUARGA SUAMI ADALAH HAMA,21cineplex,,16KSAH,Drama,117 menit,13+,2D,2026-05-26,3fee59c2-181d-4595-aa30-52206d9b96f7,2026-05-26T16:29:21.883114
7d8e4f37-ef6e-4492-a9cb-16f55a6696de,TUMBAL PROYEK,21cineplex,,16TPRK,Horror,106 menit,D17+,2D,2026-05-26,534ae0ae-ab72-45ab-92b6-f6ee8976801c,2026-05-26T16:29:21.883218
7d8e4f37-ef6e-4492-a9cb-16f55a6696de,GHOST IN THE CELL,21cineplex,,16GITC,"Comedy, Horror",106 menit,D17+,2D,2026-05-26,a15e911b-82a5-452e-b02c-16c7e7b875df,2026-05-26T16:29:21.883364
7d8e4f37-ef6e-4492-a9cb-16f55a6696de,SUAMIKU LUKAKU,21cineplex,,16SLUU,Drama,92 menit,D17+,2D,2026-05-27,b41ebbde-021c-4c60-b082-7d0e7721b855,2026-05-26T16:29:21.883528
7d8e4f37-ef6e-4492-a9cb-16f55a6696de,HOKUM,21cineplex,,26HOKM,Horror,107 menit,13+,2D,2026-05-27,cdaaf2fc-4ce9-4228-9344-7aabf1b0b60f,2026-05-26T16:29:21.883643
7d8e4f37-ef6e-4492-a9cb-16f55a6696de,SEMUA AKAN BAIK-BAIK SAJA,21cineplex,,16SABB,Drama,113 menit,13+,2D,2026-05-27,16b266c8-ea73-430a-8380-4eeba81cfedd,2026-05-26T16:29:21.883728
7d8e4f37-ef6e-4492-a9cb-16f55a6696de,PASSENGER,21cineplex,,26PASR,Horror,94 menit,D17+,2D,2026-05-27,3be5e528-cc6d-4cc2-a9e1-efc1b8733978,2026-05-26T16:29:21.883858
7d8e4f37-ef6e-4492-a9cb-16f55a6696de,GHOST IN THE CELL,21cineplex,,16GITC,"Comedy, Horror",106 menit,D17+,2D,2026-05-27,d29c40e0-027d-4525-a7c1-9382ed2dc89d,2026-05-26T16:29:21.884022
7d8e4f37-ef6e-4492-a9cb-16f55a6696de,CHILDREN OF HEAVEN,21cineplex,,16COHN,"Drama, Family",97 menit,SU,2D,2026-05-27,b52d4432-2f3c-4306-b468-dffa936b7842,2026-05-26T16:29:21.884141
7d8e4f37-ef6e-4492-a9cb-16f55a6696de,SEKAWAN LIMO 2: GUNUNG KLAWIH,21cineplex,,16SK2G,"Comedy, Horror",122 menit,13+,2D,2026-05-27,fbe97fe7-2906-40c0-8011-b0568e30c367,2026-05-26T16:29:21.884377
7d8e4f37-ef6e-4492-a9cb-16f55a6696de,TUMBAL PROYEK,21cineplex,,16TPRK,Horror,106 menit,D17+,2D,2026-05-27,7edee21b-443e-4e2a-9df6-a6df0e57ade4,2026-05-26T16:29:21.884513
7d8e4f37-ef6e-4492-a9cb-16f55a6696de,COLONY,21cineplex,,26COLY,"Horror, Thriller",122 menit,13+,2D,2026-06-03,e3f6efb2-916d-418a-b92d-919a411726e8,2026-05-26T16:29:21.884621
d9cc6e80-702f-4a52-9d95-e4589d038261,IN THE GREY,21cineplex,,26ITGY,"Action, Thriller",97 menit,13+,2D,2026-05-26,68c229ea-0585-4d6e-a303-fbfa467362a7,2026-05-26T16:29:23.123504
d9cc6e80-702f-4a52-9d95-e4589d038261,TUMBAL PROYEK,21cineplex,,16TPRK,Horror,106 menit,D17+,2D,2026-05-26,636a782b-c867-4a86-ae6b-38cde3624140,2026-05-26T16:29:23.123655
d9cc6e80-702f-4a52-9d95-e4589d038261,STAR WARS: THE MANDALORIAN AND GROGU,21cineplex,,26SWMG,"Fantasy, Sci-Fi",132 menit,13+,2D,2026-05-26,0f201287-df4c-484e-8e9d-bb4683f4b4b4,2026-05-26T16:29:23.123888
d9cc6e80-702f-4a52-9d95-e4589d038261,HOKUM,21cineplex,,26HOKM,Horror,107 menit,13+,2D,2026-05-26,47184d44-66bc-439d-8f9b-fc673bb981ff,2026-05-26T16:29:23.124062
d9cc6e80-702f-4a52-9d95-e4589d038261,SEMUA AKAN BAIK-BAIK SAJA,21cineplex,,16SABB,Drama,113 menit,13+,2D,2026-05-26,721f4ab3-caf7-41e7-bb9c-b47c761c91ac,2026-05-26T16:29:23.124169
d9cc6e80-702f-4a52-9d95-e4589d038261,GUDANG MERICA,21cineplex,,16GMEA,"Comedy, Horror",98 menit,D17+,2D,2026-05-26,69b18af6-1bb0-4eba-a065-e0ac6c78cd9d,2026-05-26T16:29:23.124431
d9cc6e80-702f-4a52-9d95-e4589d038261,SEKAWAN LIMO 2: GUNUNG KLAWIH,21cineplex,,16SK2G,"Comedy, Horror",122 menit,13+,2D,2026-05-27,c2cbb92f-7928-42da-9b4b-7535613ce82e,2026-05-26T16:29:23.124604
d9cc6e80-702f-4a52-9d95-e4589d038261,GUDANG MERICA,21cineplex,,16GMEA,"Comedy, Horror",98 menit,D17+,2D,2026-05-27,b254da64-89d0-4635-b0b7-014d627b75b0,2026-05-26T16:29:23.124743
d9cc6e80-702f-4a52-9d95-e4589d038261,CHILDREN OF HEAVEN,21cineplex,,16COHN,"Drama, Family",97 menit,SU,2D,2026-05-27,06248173-ba10-43f1-99d5-4bc13aa749e6,2026-05-26T16:29:23.124893
d9cc6e80-702f-4a52-9d95-e4589d038261,TUMBAL PROYEK,21cineplex,,16TPRK,Horror,106 menit,D17+,2D,2026-05-27,f8aebbcc-cb2d-429d-9c89-9505d1f36447,2026-05-26T16:29:23.125080
d9cc6e80-702f-4a52-9d95-e4589d038261,SUAMIKU LUKAKU,21cineplex,,16SLUU,Drama,92 menit,D17+,2D,2026-05-27,9bfb365d-e4d1-4d90-a817-c06a07f2176c,2026-05-26T16:29:23.125188
d9cc6e80-702f-4a52-9d95-e4589d038261,BADUT GENDONG,21cineplex,,16BGEG,"Action, Horror",101 menit,D17+,2D,2026-05-27,2bfca1e5-55f1-4598-a2a5-ffeefb29a41a,2026-05-26T16:29:23.125323
c67b4593-ed8f-487c-a911-88ba953973ab,GOHAN,21cineplex,,26GOHN,Drama,140 menit,SU,2D,2026-05-26,aa77dfb9-4909-4ef7-a4c8-55f5efb51a40,2026-05-26T16:29:24.838809
c67b4593-ed8f-487c-a911-88ba953973ab,YANG LAIN BOLEH HILANG ASAL KAU JANGAN,21cineplex,,16YLBH,Drama,113 menit,13+,2D,2026-05-26,73107e1d-b5ba-48a1-a995-4f72d839eebc,2026-05-26T16:29:24.838962
c67b4593-ed8f-487c-a911-88ba953973ab,TUMBAL PROYEK,21cineplex,,16TPRK,Horror,106 menit,D17+,2D,2026-05-26,2267e15e-146d-4e24-ac15-1737eefc68f8,2026-05-26T16:29:24.839145
c67b4593-ed8f-487c-a911-88ba953973ab,SEMUA AKAN BAIK-BAIK SAJA,21cineplex,,16SABB,Drama,113 menit,13+,2D,2026-05-26,889233b5-5b83-43ca-baf6-313468be466e,2026-05-26T16:29:24.839315
c67b4593-ed8f-487c-a911-88ba953973ab,STAR WARS: THE MANDALORIAN AND GROGU,21cineplex,,26SWMG,"Fantasy, Sci-Fi",132 menit,13+,2D,2026-05-26,c0e89ab6-520f-4773-be4f-d518e8ec946e,2026-05-26T16:29:24.839508
c67b4593-ed8f-487c-a911-88ba953973ab,GUDANG MERICA,21cineplex,,16GMEA,"Comedy, Horror",98 menit,D17+,2D,2026-05-26,6f15b43c-e0a6-4c69-a7f4-4d62c589bd36,2026-05-26T16:29:24.839636
c67b4593-ed8f-487c-a911-88ba953973ab,TUMBAL PROYEK,21cineplex,,16TPRK,Horror,106 menit,D17+,2D,2026-05-27,ce0bbdb7-163c-4e61-80e4-b05f0c952db6,2026-05-26T16:29:24.839760
c67b4593-ed8f-487c-a911-88ba953973ab,BADUT GENDONG,21cineplex,,16BGEG,"Action, Horror",101 menit,D17+,2D,2026-05-27,e7b654ed-b801-4647-af0d-9d1c621609c7,2026-05-26T16:29:24.839866
c67b4593-ed8f-487c-a911-88ba953973ab,SEMUA AKAN BAIK-BAIK SAJA,21cineplex,,16SABB,Drama,113 menit,13+,2D,2026-05-27,a0e84be9-58a4-43cd-a126-7e6d0012a550,2026-05-26T16:29:24.840024
c67b4593-ed8f-487c-a911-88ba953973ab,GOHAN,21cineplex,,26GOHN,Drama,140 menit,SU,2D,2026-05-27,f6bcb298-d6e0-47cf-8361-96a4c336aba5,2026-05-26T16:29:24.840126
c67b4593-ed8f-487c-a911-88ba953973ab,STAR WARS: THE MANDALORIAN AND GROGU,21cineplex,,26SWMG,"Fantasy, Sci-Fi",132 menit,13+,2D,2026-05-27,1fa302dc-383f-4214-8ae3-7850187cece7,2026-05-26T16:29:24.840199
c67b4593-ed8f-487c-a911-88ba953973ab,SEKAWAN LIMO 2: GUNUNG KLAWIH,21cineplex,,16SK2G,"Comedy, Horror",122 menit,13+,2D,2026-05-27,0a699182-dd42-4ce4-9c44-72f9f5c425f3,2026-05-26T16:29:24.840266
c67b4593-ed8f-487c-a911-88ba953973ab,CHILDREN OF HEAVEN,21cineplex,,16COHN,"Drama, Family",97 menit,SU,2D,2026-05-27,ef67609a-e9ff-4035-9873-efc5fe666962,2026-05-26T16:29:24.840548
7fa07801-b2d1-4417-9e68-807b0daaef93,GUDANG MERICA,21cineplex,,16GMEA,"Comedy, Horror",98 menit,D17+,2D,2026-05-26,e4bb4667-c54a-4319-8efe-2c8540cfb4f0,2026-05-26T16:29:26.123645
7fa07801-b2d1-4417-9e68-807b0daaef93,STAR WARS: THE MANDALORIAN AND GROGU,21cineplex,,26SWMG,"Fantasy, Sci-Fi",132 menit,13+,2D,2026-05-26,ff68d04a-f92d-48e6-bd7c-2fa1063a3dde,2026-05-26T16:29:26.123864
7fa07801-b2d1-4417-9e68-807b0daaef93,TUMBAL PROYEK,21cineplex,,16TPRK,Horror,106 menit,D17+,2D,2026-05-26,7a872b11-91d4-4955-831b-dcb605422ef5,2026-05-26T16:29:26.123998
7fa07801-b2d1-4417-9e68-807b0daaef93,SEMUA AKAN BAIK-BAIK SAJA,21cineplex,,16SABB,Drama,113 menit,13+,2D,2026-05-26,5d6fe457-3e91-42eb-99ec-e7a13472eb94,2026-05-26T16:29:26.124203
7fa07801-b2d1-4417-9e68-807b0daaef93,SEKAWAN LIMO 2: GUNUNG KLAWIH,21cineplex,,16SK2G,"Comedy, Horror",122 menit,13+,2D,2026-05-27,5670207c-ae93-4319-adb1-9f284ead06af,2026-05-26T16:29:26.124465
7fa07801-b2d1-4417-9e68-807b0daaef93,BADUT GENDONG,21cineplex,,16BGEG,"Action, Horror",101 menit,D17+,2D,2026-05-27,1ed97b3b-45b3-4789-b347-d10cecfaf0e0,2026-05-26T16:29:26.124592
7fa07801-b2d1-4417-9e68-807b0daaef93,GUDANG MERICA,21cineplex,,16GMEA,"Comedy, Horror",98 menit,D17+,2D,2026-05-27,32c42ff5-08f2-4c3e-9206-f8bbe16e4e9f,2026-05-26T16:29:26.124804
7fa07801-b2d1-4417-9e68-807b0daaef93,CHILDREN OF HEAVEN,21cineplex,,16COHN,"Drama, Family",97 menit,SU,2D,2026-05-27,f5e1a68a-1dbd-4d86-bd04-a63120568fc9,2026-05-26T16:29:26.124979
1b09bfd0-5c65-4aa7-9866-17a3571dc654,KELUARGA SUAMI ADALAH HAMA,21cineplex,,16KSAH,Drama,117 menit,13+,2D,2026-05-26,b2c2b1b6-1f12-4989-85ae-57c16dd8c0ad,2026-05-26T16:29:27.843394
1b09bfd0-5c65-4aa7-9866-17a3571dc654,TUMBAL PROYEK,21cineplex,,16TPRK,Horror,106 menit,D17+,2D,2026-05-26,34025e6e-738f-4a03-9633-d6e85265a139,2026-05-26T16:29:27.843595
1b09bfd0-5c65-4aa7-9866-17a3571dc654,YANG LAIN BOLEH HILANG ASAL KAU JANGAN,21cineplex,,16YLBH,Drama,113 menit,13+,2D,2026-05-26,6bb924a4-0109-4d61-89b2-7f8f170eff5c,2026-05-26T16:29:27.843867
1b09bfd0-5c65-4aa7-9866-17a3571dc654,SEMUA AKAN BAIK-BAIK SAJA,21cineplex,,16SABB,Drama,113 menit,13+,2D,2026-05-26,cc10ba9b-7ef3-493a-8d39-e50ef9882d92,2026-05-26T16:29:27.844101
1b09bfd0-5c65-4aa7-9866-17a3571dc654,BADUT GENDONG,21cineplex,,16BGEG,"Action, Horror",101 menit,D17+,2D,2026-05-27,9cc43889-ee52-41fb-a05d-aec266d6b67d,2026-05-26T16:29:27.844365
1b09bfd0-5c65-4aa7-9866-17a3571dc654,SEKAWAN LIMO 2: GUNUNG KLAWIH,21cineplex,,16SK2G,"Comedy, Horror",122 menit,13+,2D,2026-05-27,c0dc7b83-6ad6-4daa-a620-e2add1882385,2026-05-26T16:29:27.844510
1b09bfd0-5c65-4aa7-9866-17a3571dc654,CHILDREN OF HEAVEN,21cineplex,,16COHN,"Drama, Family",97 menit,SU,2D,2026-05-27,d1a4cbb3-f73e-4035-b4bb-b1112db133b4,2026-05-26T16:29:27.844691
1b09bfd0-5c65-4aa7-9866-17a3571dc654,TUMBAL PROYEK,21cineplex,,16TPRK,Horror,106 menit,D17+,2D,2026-05-27,27c4085e-3350-48fa-85ae-30c6ccbb3b14,2026-05-26T16:29:27.845142
1b09bfd0-5c65-4aa7-9866-17a3571dc654,SUAMIKU LUKAKU,21cineplex,,16SLUU,Drama,92 menit,D17+,2D,2026-05-27,b28ec62e-7e70-4209-b2ef-874aab0649ae,2026-05-26T16:29:27.845374
85035ea0-b41f-44a1-ab42-007fcd7437f3,HOKUM,21cineplex,,26HOKM,Horror,107 menit,13+,2D,2026-05-26,6566e4dd-b8ca-4df6-b520-7815338135b9,2026-05-26T16:29:29.285341
85035ea0-b41f-44a1-ab42-007fcd7437f3,SEMUA AKAN BAIK-BAIK SAJA,21cineplex,,16SABB,Drama,113 menit,13+,2D,2026-05-26,3f6472be-f20c-47aa-ba54-d872fccb88bf,2026-05-26T16:29:29.285614
85035ea0-b41f-44a1-ab42-007fcd7437f3,KELUARGA SUAMI ADALAH HAMA,21cineplex,,16KSAH,Drama,117 menit,13+,2D,2026-05-26,eeeae1e9-7d1a-4f7c-9945-da3eca0513a2,2026-05-26T16:29:29.285883
85035ea0-b41f-44a1-ab42-007fcd7437f3,TUMBAL PROYEK,21cineplex,,16TPRK,Horror,106 menit,D17+,2D,2026-05-26,a70ea589-ad6f-4b64-acb0-7a77e6350dbb,2026-05-26T16:29:29.285987
85035ea0-b41f-44a1-ab42-007fcd7437f3,STAR WARS: THE MANDALORIAN AND GROGU,21cineplex,,26SWMG,"Fantasy, Sci-Fi",132 menit,13+,2D,2026-05-26,90e5e4fb-5956-432d-a139-30b99fe7ba35,2026-05-26T16:29:29.286202
85035ea0-b41f-44a1-ab42-007fcd7437f3,SEKAWAN LIMO 2: GUNUNG KLAWIH,21cineplex,,16SK2G,"Comedy, Horror",122 menit,13+,2D,2026-05-27,6ace07a4-8f13-404e-a5fa-92f70f51fd74,2026-05-26T16:29:29.286647
85035ea0-b41f-44a1-ab42-007fcd7437f3,PASSENGER,21cineplex,,26PASR,Horror,94 menit,D17+,2D,2026-05-27,d7282fc5-0800-4072-a1ec-336989a69b6a,2026-05-26T16:29:29.286910
85035ea0-b41f-44a1-ab42-007fcd7437f3,SUAMIKU LUKAKU,21cineplex,,16SLUU,Drama,92 menit,D17+,2D,2026-05-27,91135be6-373c-4f49-bcf4-899e4fa9eb2d,2026-05-26T16:29:29.287146
85035ea0-b41f-44a1-ab42-007fcd7437f3,BADUT GENDONG,21cineplex,,16BGEG,"Action, Horror",101 menit,D17+,2D,2026-05-27,db79b43a-f14d-4167-bf8e-2b223c6a7ea0,2026-05-26T16:29:29.287369
85035ea0-b41f-44a1-ab42-007fcd7437f3,TUMBAL PROYEK,21cineplex,,16TPRK,Horror,106 menit,D17+,2D,2026-05-27,42a31f46-7e62-4008-abdc-2d80169e9619,2026-05-26T16:29:29.287526
8ca5a016-aab8-47db-8c0a-d19f77470626,GUDANG MERICA,21cineplex,,16GMEA,"Comedy, Horror",98 menit,D17+,2D,2026-05-26,47ec5381-a01e-4dff-b629-09e92675faaf,2026-05-26T16:29:31.044502
8ca5a016-aab8-47db-8c0a-d19f77470626,TUMBAL PROYEK,21cineplex,,16TPRK,Horror,106 menit,D17+,2D,2026-05-26,dd2d9c30-2915-4841-876c-5bb4c03917c0,2026-05-26T16:29:31.045058
8ca5a016-aab8-47db-8c0a-d19f77470626,KELUARGA SUAMI ADALAH HAMA,21cineplex,,16KSAH,Drama,117 menit,13+,2D,2026-05-26,db77d0a3-43bc-4cb7-9239-2c4c2180c0d3,2026-05-26T16:29:31.045272
8ca5a016-aab8-47db-8c0a-d19f77470626,SEMUA AKAN BAIK-BAIK SAJA,21cineplex,,16SABB,Drama,113 menit,13+,2D,2026-05-26,d3a83e16-2007-4d18-bed4-88faa6aca567,2026-05-26T16:29:31.045462
8ca5a016-aab8-47db-8c0a-d19f77470626,GOHAN,21cineplex,,26GOHN,Drama,140 menit,SU,2D,2026-05-26,ba0832e5-aa50-4aa1-965c-71aae13ec1ec,2026-05-26T16:29:31.045697
8ca5a016-aab8-47db-8c0a-d19f77470626,STAR WARS: THE MANDALORIAN AND GROGU,21cineplex,,26SWMG,"Fantasy, Sci-Fi",132 menit,13+,2D,2026-05-26,8ca7b1f3-deca-4f1d-93c4-853ca167e5e8,2026-05-26T16:29:31.045821
8ca5a016-aab8-47db-8c0a-d19f77470626,SALMOKJI: WHISPERING WATER,21cineplex,,26SWWR,Horror,95 menit,D17+,2D,2026-05-26,afebbcc5-6700-49e2-8997-fa1b0a3c1a28,2026-05-26T16:29:31.045936
8ca5a016-aab8-47db-8c0a-d19f77470626,PASSENGER,21cineplex,,26PASR,Horror,94 menit,D17+,2D,2026-05-27,ad0f419c-ea75-44dc-a892-1fb69c149c88,2026-05-26T16:29:31.046050
8ca5a016-aab8-47db-8c0a-d19f77470626,SEKAWAN LIMO 2: GUNUNG KLAWIH,21cineplex,,16SK2G,"Comedy, Horror",122 menit,13+,2D,2026-05-27,ae8b1cc7-8583-47c2-bad5-23d268c18053,2026-05-26T16:29:31.046263
8ca5a016-aab8-47db-8c0a-d19f77470626,TUMBAL PROYEK,21cineplex,,16TPRK,Horror,106 menit,D17+,2D,2026-05-27,dda4bad0-0896-4cdd-9bea-2d6171a8fd52,2026-05-26T16:29:31.046460
8ca5a016-aab8-47db-8c0a-d19f77470626,BADUT GENDONG,21cineplex,,16BGEG,"Action, Horror",101 menit,D17+,2D,2026-05-27,a8b8d53b-36e2-42c9-a1a9-12be45f68215,2026-05-26T16:29:31.046567
8ca5a016-aab8-47db-8c0a-d19f77470626,GUDANG MERICA,21cineplex,,16GMEA,"Comedy, Horror",98 menit,D17+,2D,2026-05-27,6bc25c6e-9d14-435c-bb5c-9c4c737fa9b0,2026-05-26T16:29:31.046788
8ca5a016-aab8-47db-8c0a-d19f77470626,CHILDREN OF HEAVEN,21cineplex,,16COHN,"Drama, Family",97 menit,SU,2D,2026-05-27,ff61939a-7328-4193-91c0-889e0d4c7c2a,2026-05-26T16:29:31.046942
8ca5a016-aab8-47db-8c0a-d19f77470626,COLONY,21cineplex,,26COLY,"Horror, Thriller",122 menit,13+,2D,2026-06-03,50e483c7-82cd-4603-9cbe-9f3ec3be2e74,2026-05-26T16:29:31.047139
6882b1f7-01fe-409e-a5e3-57d5641d5ae4,GUDANG MERICA,21cineplex,,16GMEA,"Comedy, Horror",98 menit,D17+,2D,2026-05-26,fd84cb87-6843-40c1-965a-014631b60673,2026-05-26T16:29:32.286140
6882b1f7-01fe-409e-a5e3-57d5641d5ae4,SEMUA AKAN BAIK-BAIK SAJA,21cineplex,,16SABB,Drama,113 menit,13+,2D,2026-05-26,8d242b2c-a138-459d-869d-0bb7481835e5,2026-05-26T16:29:32.286675
6882b1f7-01fe-409e-a5e3-57d5641d5ae4,IN THE GREY,21cineplex,,26ITGY,"Action, Thriller",97 menit,13+,2D,2026-05-26,186b63c2-6870-4685-8c90-fde528bd0293,2026-05-26T16:29:32.286930
6882b1f7-01fe-409e-a5e3-57d5641d5ae4,TUMBAL PROYEK,21cineplex,,16TPRK,Horror,106 menit,D17+,2D,2026-05-26,c09fa3f1-de9a-4da7-96b5-35bc8c0d5a05,2026-05-26T16:29:32.287049
6882b1f7-01fe-409e-a5e3-57d5641d5ae4,GHOST IN THE CELL,21cineplex,,16GITC,"Comedy, Horror",106 menit,D17+,2D,2026-05-26,c1a2e9d8-30f5-44f5-9221-569df0582cee,2026-05-26T16:29:32.287250
6882b1f7-01fe-409e-a5e3-57d5641d5ae4,SEKAWAN LIMO 2: GUNUNG KLAWIH,21cineplex,,16SK2G,"Comedy, Horror",122 menit,13+,2D,2026-05-27,0b348c0c-9a2d-4ec4-afa3-b39ef00a39bd,2026-05-26T16:29:32.287430
6882b1f7-01fe-409e-a5e3-57d5641d5ae4,BADUT GENDONG,21cineplex,,16BGEG,"Action, Horror",101 menit,D17+,2D,2026-05-27,f93fe67b-a530-41fd-ad03-8f7da33f5b67,2026-05-26T16:29:32.287574
6882b1f7-01fe-409e-a5e3-57d5641d5ae4,TUMBAL PROYEK,21cineplex,,16TPRK,Horror,106 menit,D17+,2D,2026-05-27,959b0be1-7ae2-4dc5-aec6-94ff347f184c,2026-05-26T16:29:32.287773
6882b1f7-01fe-409e-a5e3-57d5641d5ae4,CHILDREN OF HEAVEN,21cineplex,,16COHN,"Drama, Family",97 menit,SU,2D,2026-05-27,c773fe87-22e6-4f38-9102-829db6cb4e52,2026-05-26T16:29:32.287881
6882b1f7-01fe-409e-a5e3-57d5641d5ae4,SUAMIKU LUKAKU,21cineplex,,16SLUU,Drama,92 menit,D17+,2D,2026-05-27,28c9d636-ad9d-403b-ba1f-9b0af3b8a0dd,2026-05-26T16:29:32.288088
7962c6ec-23f9-4fa2-9316-b40c258a999d,GHOST IN THE CELL,21cineplex,,16GITC,"Comedy, Horror",106 menit,D17+,2D,2026-05-26,cede9a5a-3bdf-4bc1-a93f-b327e991c0bb,2026-05-26T16:29:33.924259
7962c6ec-23f9-4fa2-9316-b40c258a999d,GUDANG MERICA,21cineplex,,16GMEA,"Comedy, Horror",98 menit,D17+,2D,2026-05-26,2d776a66-679d-4da3-ba6c-ccf55645c117,2026-05-26T16:29:33.924573
7962c6ec-23f9-4fa2-9316-b40c258a999d,YANG LAIN BOLEH HILANG ASAL KAU JANGAN,21cineplex,,16YLBH,Drama,113 menit,13+,2D,2026-05-26,7824e8f1-9ca1-4de2-9fec-a01ceb2626a8,2026-05-26T16:29:33.924838
7962c6ec-23f9-4fa2-9316-b40c258a999d,SEMUA AKAN BAIK-BAIK SAJA,21cineplex,,16SABB,Drama,113 menit,13+,2D,2026-05-26,6e3005c5-727d-403d-bdc5-f87626449fb9,2026-05-26T16:29:33.924950
7962c6ec-23f9-4fa2-9316-b40c258a999d,TUMBAL PROYEK,21cineplex,,16TPRK,Horror,106 menit,D17+,2D,2026-05-26,7226699f-00a0-453c-aace-3ead71e041e9,2026-05-26T16:29:33.925213
7962c6ec-23f9-4fa2-9316-b40c258a999d,GUDANG MERICA,21cineplex,,16GMEA,"Comedy, Horror",98 menit,D17+,2D,2026-05-27,f2db7a53-85a4-4e24-9c3d-6e4ab225f0ba,2026-05-26T16:29:33.925459
7962c6ec-23f9-4fa2-9316-b40c258a999d,SUAMIKU LUKAKU,21cineplex,,16SLUU,Drama,92 menit,D17+,2D,2026-05-27,4f218037-1d1c-42f6-a710-f8d35e17e7fc,2026-05-26T16:29:33.925614
7962c6ec-23f9-4fa2-9316-b40c258a999d,SEMUA AKAN BAIK-BAIK SAJA,21cineplex,,16SABB,Drama,113 menit,13+,2D,2026-05-27,b8daa831-9080-4442-a6b8-3f3b2dce3ab8,2026-05-26T16:29:33.925838
7962c6ec-23f9-4fa2-9316-b40c258a999d,CHILDREN OF HEAVEN,21cineplex,,16COHN,"Drama, Family",97 menit,SU,2D,2026-05-27,cff980c6-158d-43b7-b238-1a40fb0329f4,2026-05-26T16:29:33.926010
7962c6ec-23f9-4fa2-9316-b40c258a999d,BADUT GENDONG,21cineplex,,16BGEG,"Action, Horror",101 menit,D17+,2D,2026-05-27,c810b271-8a7e-4087-b3b2-6fd049a30612,2026-05-26T16:29:33.926251
e0eaf5e8-ff2a-4554-87ba-c370ef4130c8,SEMUA AKAN BAIK-BAIK SAJA,21cineplex,,16SABB,Drama,113 menit,13+,2D,2026-05-26,2b8c2ef0-d497-44a5-bc85-9227f43c6b45,2026-05-26T16:29:35.204569
e0eaf5e8-ff2a-4554-87ba-c370ef4130c8,STAR WARS: THE MANDALORIAN AND GROGU,21cineplex,,26SWMG,"Fantasy, Sci-Fi",132 menit,13+,2D,2026-05-26,2315752b-5f22-43d4-90e0-1ce1bcdce371,2026-05-26T16:29:35.204759
e0eaf5e8-ff2a-4554-87ba-c370ef4130c8,THE SHEEP DETECTIVES,21cineplex,,26SDES,"Comedy, Mystery",109 menit,SU,2D,2026-05-26,b3d590ba-1a9a-4db9-a43d-4c942b680eec,2026-05-26T16:29:35.204972
e0eaf5e8-ff2a-4554-87ba-c370ef4130c8,SEKAWAN LIMO 2: GUNUNG KLAWIH,21cineplex,,16SK2G,"Comedy, Horror",122 menit,13+,2D,2026-05-27,b4a73a29-91c5-4837-ac77-840ece140e37,2026-05-26T16:29:35.205379
e0eaf5e8-ff2a-4554-87ba-c370ef4130c8,CHILDREN OF HEAVEN,21cineplex,,16COHN,"Drama, Family",97 menit,SU,2D,2026-05-27,dab7c321-2104-40cb-b24c-5b01ef84b0b4,2026-05-26T16:29:35.205598
e0eaf5e8-ff2a-4554-87ba-c370ef4130c8,PASSENGER,21cineplex,,26PASR,Horror,94 menit,D17+,2D,2026-05-27,606a91a3-cb95-4738-bf26-5a3e74b37c40,2026-05-26T16:29:35.205764
e0eaf5e8-ff2a-4554-87ba-c370ef4130c8,COLONY,21cineplex,,26COLY,"Horror, Thriller",122 menit,13+,2D,2026-06-03,274cdfc0-f2ea-458b-a2a1-0ea43de6949d,2026-05-26T16:29:35.205975
646f4b13-49e0-49ad-a862-dc81cdea9199,MORTAL KOMBAT II,21cineplex,,25MKT2,"Action, Adventure",116 menit,D17+,2D,2026-05-26,65fcd780-b8a6-4265-be96-0bf1fbb085be,2026-05-26T16:29:36.930472
646f4b13-49e0-49ad-a862-dc81cdea9199,HOKUM,21cineplex,,26HOKM,Horror,107 menit,13+,2D,2026-05-26,2f89ce3f-741d-4707-b1a3-e81e5dbb594c,2026-05-26T16:29:36.930707
646f4b13-49e0-49ad-a862-dc81cdea9199,GOHAN,21cineplex,,26GOHN,Drama,140 menit,SU,2D,2026-05-26,3e03b035-6a10-49e7-8fc5-38309bd2d486,2026-05-26T16:29:36.930936
646f4b13-49e0-49ad-a862-dc81cdea9199,STAR WARS: THE MANDALORIAN AND GROGU,21cineplex,,26SWMG,"Fantasy, Sci-Fi",132 menit,13+,2D,2026-05-26,57cfd94f-2f04-49b0-93e8-241cafe9aaaf,2026-05-26T16:29:36.931150
646f4b13-49e0-49ad-a862-dc81cdea9199,FUZE,21cineplex,,26FUZE,"Action, Crime",96 menit,D17+,2D,2026-05-26,8cea43f5-669e-409c-aeec-d4999b9ca70e,2026-05-26T16:29:36.931346
646f4b13-49e0-49ad-a862-dc81cdea9199,MORTAL KOMBAT II,21cineplex,,25MKT2,"Action, Adventure",116 menit,D17+,2D,2026-05-27,1a857cc2-4f07-48b9-96db-c8ba8843ac21,2026-05-26T16:29:36.931462
646f4b13-49e0-49ad-a862-dc81cdea9199,GOHAN,21cineplex,,26GOHN,Drama,140 menit,SU,2D,2026-05-27,e28bed52-c3d7-4acc-ba19-1d094c7ff38d,2026-05-26T16:29:36.931601
646f4b13-49e0-49ad-a862-dc81cdea9199,CHILDREN OF HEAVEN,21cineplex,,16COHN,"Drama, Family",97 menit,SU,2D,2026-05-27,c7623ecd-1a62-411b-8152-d751d31704e6,2026-05-26T16:29:36.931700
646f4b13-49e0-49ad-a862-dc81cdea9199,PASSENGER,21cineplex,,26PASR,Horror,94 menit,D17+,2D,2026-05-27,a5ab1015-9da0-4d20-af11-44a306d65626,2026-05-26T16:29:36.931865
646f4b13-49e0-49ad-a862-dc81cdea9199,HOKUM,21cineplex,,26HOKM,Horror,107 menit,13+,2D,2026-05-27,870a587f-65b5-41f8-9e9b-064ed4135d22,2026-05-26T16:29:36.932049
646f4b13-49e0-49ad-a862-dc81cdea9199,STAR WARS: THE MANDALORIAN AND GROGU,21cineplex,,26SWMG,"Fantasy, Sci-Fi",132 menit,13+,2D,2026-05-27,af7e139f-2800-4585-8821-2a68f4dec973,2026-05-26T16:29:36.932163
646f4b13-49e0-49ad-a862-dc81cdea9199,COLONY,21cineplex,,26COLY,"Horror, Thriller",122 menit,13+,2D,2026-06-03,1899d695-16ae-4061-84c4-ad5fbeee12be,2026-05-26T16:29:36.932272
1645ffbf-fe0c-4b2e-927d-70c55f46b5c2,HOKUM,21cineplex,,26HOKM,Horror,107 menit,13+,2D,2026-05-26,e9e21ed4-537c-411a-bb72-98847d0430b4,2026-05-26T16:29:39.906493
1645ffbf-fe0c-4b2e-927d-70c55f46b5c2,STAR WARS: THE MANDALORIAN AND GROGU,21cineplex,,26SWMG,"Fantasy, Sci-Fi",132 menit,13+,2D,2026-05-26,6b615bbf-4ed7-45fd-b0dc-ca4a751cabf8,2026-05-26T16:29:39.906688
1645ffbf-fe0c-4b2e-927d-70c55f46b5c2,MORTAL KOMBAT II,21cineplex,,25MKT2,"Action, Adventure",116 menit,D17+,2D,2026-05-26,22a9e562-1de9-4c8d-8e83-96b692e89ed2,2026-05-26T16:29:39.906868
1645ffbf-fe0c-4b2e-927d-70c55f46b5c2,PASSENGER,21cineplex,,26PASR,Horror,94 menit,D17+,2D,2026-05-27,ada72be7-2abd-4ab3-a8b0-1f927efdd514,2026-05-26T16:29:39.907001
1645ffbf-fe0c-4b2e-927d-70c55f46b5c2,HOKUM,21cineplex,,26HOKM,Horror,107 menit,13+,2D,2026-05-27,e3281bd4-fc94-465e-a05a-fdbf8725bf2b,2026-05-26T16:29:39.907114
1645ffbf-fe0c-4b2e-927d-70c55f46b5c2,SEKAWAN LIMO 2: GUNUNG KLAWIH,21cineplex,,16SK2G,"Comedy, Horror",122 menit,13+,2D,2026-05-27,91998d16-aeca-4ed4-99c3-068f1c87e744,2026-05-26T16:29:39.907279
1645ffbf-fe0c-4b2e-927d-70c55f46b5c2,CHILDREN OF HEAVEN,21cineplex,,16COHN,"Drama, Family",97 menit,SU,2D,2026-05-27,710b5f89-4ebd-4bfe-a95e-55be5826ee2e,2026-05-26T16:29:39.907402
1c82ba10-a6b3-42d1-8deb-a3e28038e98b,STAR WARS: THE MANDALORIAN AND GROGU,21cineplex,,26SWMG,"Fantasy, Sci-Fi",132 menit,13+,2D,2026-05-26,6e5e9e0b-64dc-411b-bbe1-9a9bdb885ec5,2026-05-26T16:29:41.229327
1c82ba10-a6b3-42d1-8deb-a3e28038e98b,IN THE GREY,21cineplex,,26ITGY,"Action, Thriller",97 menit,13+,2D,2026-05-26,4ba6c1e3-101f-49e3-9be6-23266ec7ab06,2026-05-26T16:29:41.229576
1c82ba10-a6b3-42d1-8deb-a3e28038e98b,MICHAEL,21cineplex,,26MICL,Biography,127 menit,SU,2D,2026-05-26,617c45fd-72ff-442d-9b24-0255e229a16e,2026-05-26T16:29:41.229745
1c82ba10-a6b3-42d1-8deb-a3e28038e98b,GOHAN,21cineplex,,26GOHN,Drama,140 menit,SU,2D,2026-05-26,6c613660-58c3-40c0-9634-efd7ce050d3f,2026-05-26T16:29:41.229945
1c82ba10-a6b3-42d1-8deb-a3e28038e98b,SEMUA AKAN BAIK-BAIK SAJA,21cineplex,,16SABB,Drama,113 menit,13+,2D,2026-05-26,1c8dfe66-f8c9-4e67-945c-7cf9b2eca574,2026-05-26T16:29:41.230139
1c82ba10-a6b3-42d1-8deb-a3e28038e98b,HOKUM,21cineplex,,26HOKM,Horror,107 menit,13+,2D,2026-05-26,e46c8e86-9ecb-4f1b-abe3-3bed355fbac9,2026-05-26T16:29:41.230343
1c82ba10-a6b3-42d1-8deb-a3e28038e98b,SEKAWAN LIMO 2: GUNUNG KLAWIH,21cineplex,,16SK2G,"Comedy, Horror",122 menit,13+,2D,2026-05-27,084236ee-bbdc-4b07-a3c6-6939fa8e70cc,2026-05-26T16:29:41.230508
1c82ba10-a6b3-42d1-8deb-a3e28038e98b,GOHAN,21cineplex,,26GOHN,Drama,140 menit,SU,2D,2026-05-27,f3e43aec-8bb0-44af-8ced-9ca65b6b0a6b,2026-05-26T16:29:41.230701
1c82ba10-a6b3-42d1-8deb-a3e28038e98b,PASSENGER,21cineplex,,26PASR,Horror,94 menit,D17+,2D,2026-05-27,09434e9d-f98a-4c4a-b5cd-d2dfcb098598,2026-05-26T16:29:41.230819
1c82ba10-a6b3-42d1-8deb-a3e28038e98b,SUAMIKU LUKAKU,21cineplex,,16SLUU,Drama,92 menit,D17+,2D,2026-05-27,142dcd75-dbc0-4e36-9bef-0a03773997f4,2026-05-26T16:29:41.231008
1c82ba10-a6b3-42d1-8deb-a3e28038e98b,MICHAEL,21cineplex,,26MICL,Biography,127 menit,SU,2D,2026-05-27,32a6e2cd-4e48-4e08-a9fc-ea4d7242c53d,2026-05-26T16:29:41.231234
1c82ba10-a6b3-42d1-8deb-a3e28038e98b,HOKUM,21cineplex,,26HOKM,Horror,107 menit,13+,2D,2026-05-27,54bcbc60-98c4-41d7-8568-06a463ea43c3,2026-05-26T16:29:41.231357
1c82ba10-a6b3-42d1-8deb-a3e28038e98b,COLONY,21cineplex,,26COLY,"Horror, Thriller",122 menit,13+,2D,2026-06-03,ed80c3ad-eae1-4b02-9829-841dd7726a42,2026-05-26T16:29:41.231566
31010c5c-5da5-4c88-aab6-d69c81eb8d9c,GUDANG MERICA,21cineplex,,16GMEA,"Comedy, Horror",98 menit,D17+,2D,2026-05-26,e394c38d-706e-4553-9e34-1842d59b96eb,2026-05-26T16:29:45.802797
31010c5c-5da5-4c88-aab6-d69c81eb8d9c,GOHAN,21cineplex,,26GOHN,Drama,140 menit,SU,2D,2026-05-26,147186ae-2d97-45e2-8165-6f883af7fe63,2026-05-26T16:29:45.803108
31010c5c-5da5-4c88-aab6-d69c81eb8d9c,STAR WARS: THE MANDALORIAN AND GROGU,21cineplex,,26SWMG,"Fantasy, Sci-Fi",132 menit,13+,2D,2026-05-26,8dcc1250-9e88-4dd7-b83d-e1c00b2efe27,2026-05-26T16:29:45.803314
31010c5c-5da5-4c88-aab6-d69c81eb8d9c,PEGASUS 3,21cineplex,,26PES3,"Action, Comedy",126 menit,13+,2D,2026-05-26,6d8312cc-40ec-441b-8c1b-ae1ec9664e80,2026-05-26T16:29:45.803494
31010c5c-5da5-4c88-aab6-d69c81eb8d9c,IN THE GREY,21cineplex,,26ITGY,"Action, Thriller",97 menit,13+,2D,2026-05-26,5e3a3a8b-0546-43e0-a253-689e6613f254,2026-05-26T16:29:45.803656
31010c5c-5da5-4c88-aab6-d69c81eb8d9c,SEMUA AKAN BAIK-BAIK SAJA,21cineplex,,16SABB,Drama,113 menit,13+,2D,2026-05-26,df219cce-80f5-4731-b1f4-6353586013fc,2026-05-26T16:29:45.803775
31010c5c-5da5-4c88-aab6-d69c81eb8d9c,KELUARGA SUAMI ADALAH HAMA,21cineplex,,16KSAH,Drama,117 menit,13+,2D,2026-05-26,be7df1ae-f0d8-45bb-ba07-591135a968cd,2026-05-26T16:29:45.804028
31010c5c-5da5-4c88-aab6-d69c81eb8d9c,HOKUM,21cineplex,,26HOKM,Horror,107 menit,13+,2D,2026-05-26,e6e164fa-4597-4a25-a3cf-2351e2c6e99d,2026-05-26T16:29:45.804355
31010c5c-5da5-4c88-aab6-d69c81eb8d9c,TUMBAL PROYEK,21cineplex,,16TPRK,Horror,106 menit,D17+,2D,2026-05-26,ad2ee102-4371-4020-b9b9-9160853fa9cb,2026-05-26T16:29:45.804561
31010c5c-5da5-4c88-aab6-d69c81eb8d9c,BADUT GENDONG,21cineplex,,16BGEG,"Action, Horror",101 menit,D17+,2D,2026-05-27,916faf63-006d-4c95-858f-3c9e77ea6c79,2026-05-26T16:29:45.804770
31010c5c-5da5-4c88-aab6-d69c81eb8d9c,HOKUM,21cineplex,,26HOKM,Horror,107 menit,13+,2D,2026-05-27,ca5cfa7a-69e7-48e9-8551-6a016f9b0b01,2026-05-26T16:29:45.804927
31010c5c-5da5-4c88-aab6-d69c81eb8d9c,CHILDREN OF HEAVEN,21cineplex,,16COHN,"Drama, Family",97 menit,SU,2D,2026-05-27,ade31aad-07b2-429e-b4cd-6e19ffbe49b3,2026-05-26T16:29:45.805138
31010c5c-5da5-4c88-aab6-d69c81eb8d9c,SEKAWAN LIMO 2: GUNUNG KLAWIH,21cineplex,,16SK2G,"Comedy, Horror",122 menit,13+,2D,2026-05-27,85f4e1ca-b70c-4737-8f5d-d2c2fe72ca37,2026-05-26T16:29:45.805337
31010c5c-5da5-4c88-aab6-d69c81eb8d9c,GOHAN,21cineplex,,26GOHN,Drama,140 menit,SU,2D,2026-05-27,88c0efc6-df11-4a5e-ad43-f496dcea5ed5,2026-05-26T16:29:45.805566
31010c5c-5da5-4c88-aab6-d69c81eb8d9c,TUMBAL PROYEK,21cineplex,,16TPRK,Horror,106 menit,D17+,2D,2026-05-27,04ecc5f2-d0c9-4631-af88-559102a50989,2026-05-26T16:29:45.805687
31010c5c-5da5-4c88-aab6-d69c81eb8d9c,STAR WARS: THE MANDALORIAN AND GROGU,21cineplex,,26SWMG,"Fantasy, Sci-Fi",132 menit,13+,2D,2026-05-27,4202c488-37d5-40e2-873c-3203c025db33,2026-05-26T16:29:45.805824
31010c5c-5da5-4c88-aab6-d69c81eb8d9c,PASSENGER,21cineplex,,26PASR,Horror,94 menit,D17+,2D,2026-05-27,b09c072b-671b-4d4c-89ed-c45ea3cbd55c,2026-05-26T16:29:45.805944
31010c5c-5da5-4c88-aab6-d69c81eb8d9c,SUAMIKU LUKAKU,21cineplex,,16SLUU,Drama,92 menit,D17+,2D,2026-05-27,bf15d324-c2ed-4fd6-9877-f45679dffd09,2026-05-26T16:29:45.806134
31010c5c-5da5-4c88-aab6-d69c81eb8d9c,COLONY,21cineplex,,26COLY,"Horror, Thriller",122 menit,13+,2D,2026-06-03,c803f8b7-549d-4372-81c8-b658c8f988a6,2026-05-26T16:29:45.806310
08a35075-8b5e-4ac9-bbbd-05218759eecf,STAR WARS: THE MANDALORIAN AND GROGU,21cineplex,,26SWMG,"Fantasy, Sci-Fi",132 menit,13+,2D,2026-05-26,273b4a80-0cab-4f05-b20a-884763b9f88f,2026-05-26T16:29:47.187537
08a35075-8b5e-4ac9-bbbd-05218759eecf,GOHAN,21cineplex,,26GOHN,Drama,140 menit,SU,2D,2026-05-26,b45b09ca-0931-484f-b340-9b9ccd698e06,2026-05-26T16:29:47.187801
08a35075-8b5e-4ac9-bbbd-05218759eecf,MORTAL KOMBAT II,21cineplex,,25MKT2,"Action, Adventure",116 menit,D17+,2D,2026-05-26,a1b9c5fa-816a-44e8-8fab-3b4786c9ae96,2026-05-26T16:29:47.187993
08a35075-8b5e-4ac9-bbbd-05218759eecf,TUMBAL PROYEK,21cineplex,,16TPRK,Horror,106 menit,D17+,2D,2026-05-26,a7d80f09-b416-445f-93cf-215f489fd82f,2026-05-26T16:29:47.188161
08a35075-8b5e-4ac9-bbbd-05218759eecf,HOKUM,21cineplex,,26HOKM,Horror,107 menit,13+,2D,2026-05-26,fc13dff8-8166-4f6a-9d26-d0346e6620c5,2026-05-26T16:29:47.188368
08a35075-8b5e-4ac9-bbbd-05218759eecf,CHILDREN OF HEAVEN,21cineplex,,16COHN,"Drama, Family",97 menit,SU,2D,2026-05-27,55029770-eb59-4926-9975-a3bccdbbff2a,2026-05-26T16:29:47.188504
08a35075-8b5e-4ac9-bbbd-05218759eecf,GOHAN,21cineplex,,26GOHN,Drama,140 menit,SU,2D,2026-05-27,52d33396-7fe5-48c9-b77e-c395771e3076,2026-05-26T16:29:47.188656
08a35075-8b5e-4ac9-bbbd-05218759eecf,SUAMIKU LUKAKU,21cineplex,,16SLUU,Drama,92 menit,D17+,2D,2026-05-27,946c8f9d-69a8-401e-8774-dd3f6861c46e,2026-05-26T16:29:47.188781
08a35075-8b5e-4ac9-bbbd-05218759eecf,SEKAWAN LIMO 2: GUNUNG KLAWIH,21cineplex,,16SK2G,"Comedy, Horror",122 menit,13+,2D,2026-05-27,a896ab58-200e-40e3-bc4c-bfaee18545d4,2026-05-26T16:29:47.189018
08a35075-8b5e-4ac9-bbbd-05218759eecf,PASSENGER,21cineplex,,26PASR,Horror,94 menit,D17+,2D,2026-05-27,843329a1-2409-4809-8e79-a96b47d6678b,2026-05-26T16:29:47.189242
02e53c17-6c9e-4a9f-9c99-ad397d18988a,GUDANG MERICA,21cineplex,,16GMEA,"Comedy, Horror",98 menit,D17+,2D,2026-05-26,9b291443-ee37-409f-a98f-ce5c20887c35,2026-05-26T16:29:49.051747
02e53c17-6c9e-4a9f-9c99-ad397d18988a,GOHAN,21cineplex,,26GOHN,Drama,140 menit,SU,2D,2026-05-26,ac7ae4a7-3723-49d4-8453-0cde834a0cb1,2026-05-26T16:29:49.051999
02e53c17-6c9e-4a9f-9c99-ad397d18988a,TUMBAL PROYEK,21cineplex,,16TPRK,Horror,106 menit,D17+,2D,2026-05-26,a120c256-4c65-477a-9d59-e643c0cac02b,2026-05-26T16:29:49.052105
02e53c17-6c9e-4a9f-9c99-ad397d18988a,SEMUA AKAN BAIK-BAIK SAJA,21cineplex,,16SABB,Drama,113 menit,13+,2D,2026-05-26,fb019f31-eb11-4353-96e5-bd63a920b083,2026-05-26T16:29:49.052278
02e53c17-6c9e-4a9f-9c99-ad397d18988a,KELUARGA SUAMI ADALAH HAMA,21cineplex,,16KSAH,Drama,117 menit,13+,2D,2026-05-26,eb78abb8-acba-46c3-8f51-e04c1479a869,2026-05-26T16:29:49.052450
02e53c17-6c9e-4a9f-9c99-ad397d18988a,STAR WARS: THE MANDALORIAN AND GROGU,21cineplex,,26SWMG,"Fantasy, Sci-Fi",132 menit,13+,2D,2026-05-26,4c9f8c60-a950-45f0-aac5-f6e10622b8d3,2026-05-26T16:29:49.052539
02e53c17-6c9e-4a9f-9c99-ad397d18988a,GHOST IN THE CELL,21cineplex,,16GITC,"Comedy, Horror",106 menit,D17+,2D,2026-05-26,131666a4-f0af-4b10-b0df-f3f7eb221713,2026-05-26T16:29:49.052636
02e53c17-6c9e-4a9f-9c99-ad397d18988a,HOKUM,21cineplex,,26HOKM,Horror,107 menit,13+,2D,2026-05-26,39be5ed3-72b6-4d9f-99ff-9e61505e65f4,2026-05-26T16:29:49.052792
02e53c17-6c9e-4a9f-9c99-ad397d18988a,CHILDREN OF HEAVEN,21cineplex,,16COHN,"Drama, Family",97 menit,SU,2D,2026-05-27,d8296ed5-b667-41cf-9928-7166e28c82ec,2026-05-26T16:29:49.052891
02e53c17-6c9e-4a9f-9c99-ad397d18988a,SUAMIKU LUKAKU,21cineplex,,16SLUU,Drama,92 menit,D17+,2D,2026-05-27,3850f654-50bc-4c92-b52e-a2347a2dda2b,2026-05-26T16:29:49.053106
02e53c17-6c9e-4a9f-9c99-ad397d18988a,PASSENGER,21cineplex,,26PASR,Horror,94 menit,D17+,2D,2026-05-27,57e392c4-f8a7-4a40-aac1-9c1a1ded26e7,2026-05-26T16:29:49.053283
02e53c17-6c9e-4a9f-9c99-ad397d18988a,GUDANG MERICA,21cineplex,,16GMEA,"Comedy, Horror",98 menit,D17+,2D,2026-05-27,5520f1a8-0e38-46c6-9819-8768014836e2,2026-05-26T16:29:49.053449
02e53c17-6c9e-4a9f-9c99-ad397d18988a,SEKAWAN LIMO 2: GUNUNG KLAWIH,21cineplex,,16SK2G,"Comedy, Horror",122 menit,13+,2D,2026-05-27,91ff75c5-5b6d-484a-b0d8-e7202b732578,2026-05-26T16:29:49.053553
02e53c17-6c9e-4a9f-9c99-ad397d18988a,TUMBAL PROYEK,21cineplex,,16TPRK,Horror,106 menit,D17+,2D,2026-05-27,09fa3ff4-57cb-4923-abbd-a9e0bb7aca62,2026-05-26T16:29:49.053833
02e53c17-6c9e-4a9f-9c99-ad397d18988a,COLONY,21cineplex,,26COLY,"Horror, Thriller",122 menit,13+,2D,2026-06-03,45ae80fa-09c8-47b2-afc4-37a94b8a7225,2026-05-26T16:29:49.053947
118b4691-b62e-480d-8270-28a441d4b7f7,TUMBAL PROYEK,21cineplex,,16TPRK,Horror,106 menit,D17+,2D,2026-05-26,6d9a0172-be7e-4e42-821d-830c80bd648f,2026-05-26T16:29:50.219346
118b4691-b62e-480d-8270-28a441d4b7f7,HOKUM,21cineplex,,26HOKM,Horror,107 menit,13+,2D,2026-05-26,d8fb4d3f-a11e-4ca1-acb1-a43062a62192,2026-05-26T16:29:50.219601
118b4691-b62e-480d-8270-28a441d4b7f7,SEMUA AKAN BAIK-BAIK SAJA,21cineplex,,16SABB,Drama,113 menit,13+,2D,2026-05-26,952ce84d-8ef6-4d57-9463-3a99408e52b3,2026-05-26T16:29:50.219718
118b4691-b62e-480d-8270-28a441d4b7f7,GUDANG MERICA,21cineplex,,16GMEA,"Comedy, Horror",98 menit,D17+,2D,2026-05-26,f7374288-e28f-41d4-a9cc-e350efd395df,2026-05-26T16:29:50.219932
118b4691-b62e-480d-8270-28a441d4b7f7,STAR WARS: THE MANDALORIAN AND GROGU,21cineplex,,26SWMG,"Fantasy, Sci-Fi",132 menit,13+,2D,2026-05-26,971742f1-ca11-46f5-845e-4bde37bfea38,2026-05-26T16:29:50.220131
118b4691-b62e-480d-8270-28a441d4b7f7,CHILDREN OF HEAVEN,21cineplex,,16COHN,"Drama, Family",97 menit,SU,2D,2026-05-27,a663662c-ecc0-4dd0-ba39-40364dc00f88,2026-05-26T16:29:50.220249
118b4691-b62e-480d-8270-28a441d4b7f7,SUAMIKU LUKAKU,21cineplex,,16SLUU,Drama,92 menit,D17+,2D,2026-05-27,6826f90e-900b-4b90-ae15-c1e12b1d5d5e,2026-05-26T16:29:50.220493
118b4691-b62e-480d-8270-28a441d4b7f7,SEMUA AKAN BAIK-BAIK SAJA,21cineplex,,16SABB,Drama,113 menit,13+,2D,2026-05-27,3c1e9bc3-c6ab-44dc-a561-8d070e0ab12c,2026-05-26T16:29:50.220714
118b4691-b62e-480d-8270-28a441d4b7f7,SEKAWAN LIMO 2: GUNUNG KLAWIH,21cineplex,,16SK2G,"Comedy, Horror",122 menit,13+,2D,2026-05-27,1ffa637d-4c62-4ab2-8125-57e87e8fe928,2026-05-26T16:29:50.220851
118b4691-b62e-480d-8270-28a441d4b7f7,GUDANG MERICA,21cineplex,,16GMEA,"Comedy, Horror",98 menit,D17+,2D,2026-05-27,e46fbe3d-6036-4384-a792-6632af85d691,2026-05-26T16:29:50.221041
664ce147-9c85-453c-9b0f-9ae56699de2b,THE DEVIL WEARS PRADA 2,21cineplex,,26DWP2,"Comedy, Drama",119 menit,13+,2D,2026-05-26,9733d608-2c8e-41cc-b556-59cc6fa3ba21,2026-05-26T16:29:52.018861
664ce147-9c85-453c-9b0f-9ae56699de2b,MICHAEL,21cineplex,,26MICL,Biography,127 menit,SU,2D,2026-05-26,ae054b2d-4d56-4c7a-9852-910e1a8125b5,2026-05-26T16:29:52.019044
664ce147-9c85-453c-9b0f-9ae56699de2b,GOHAN,21cineplex,,26GOHN,Drama,140 menit,SU,2D,2026-05-26,238e897d-a3e6-4586-aa95-7e2493abf183,2026-05-26T16:29:52.019214
664ce147-9c85-453c-9b0f-9ae56699de2b,SEMUA AKAN BAIK-BAIK SAJA,21cineplex,,16SABB,Drama,113 menit,13+,2D,2026-05-26,db084e64-4ce0-4c63-934a-1dca0d99332b,2026-05-26T16:29:52.019367
664ce147-9c85-453c-9b0f-9ae56699de2b,SUNSHINE WOMEN'S CHOIR,21cineplex,,26SWCR,Drama,134 menit,13+,2D,2026-05-26,e5377cf4-407d-4ca0-b4de-7e586af8c2d4,2026-05-26T16:29:52.019602
664ce147-9c85-453c-9b0f-9ae56699de2b,CHAND MERA DIL,21cineplex,,26CMDL,"Drama, Romance",142 menit,D17+,2D,2026-05-26,6dbc6f75-71bb-49b0-8b8f-e6746fe90275,2026-05-26T16:29:52.019675
664ce147-9c85-453c-9b0f-9ae56699de2b,MORTAL KOMBAT II,21cineplex,,25MKT2,"Action, Adventure",116 menit,D17+,2D,2026-05-26,eea90edf-67cb-48d2-8b93-571248d5b754,2026-05-26T16:29:52.019829
664ce147-9c85-453c-9b0f-9ae56699de2b,HOKUM,21cineplex,,26HOKM,Horror,107 menit,13+,2D,2026-05-26,3111a972-d598-4e1a-82f1-2c6478535557,2026-05-26T16:29:52.019982
664ce147-9c85-453c-9b0f-9ae56699de2b,GHOST IN THE CELL,21cineplex,,16GITC,"Comedy, Horror",106 menit,D17+,2D,2026-05-26,6bbeae68-0f55-4f3d-ad8d-935c85286fcb,2026-05-26T16:29:52.020152
664ce147-9c85-453c-9b0f-9ae56699de2b,STAR WARS: THE MANDALORIAN AND GROGU,21cineplex,,26SWMG,"Fantasy, Sci-Fi",132 menit,13+,2D,2026-05-26,512f0b42-a1bb-42ba-9f86-f0d8a7d0ecd5,2026-05-26T16:29:52.020283
664ce147-9c85-453c-9b0f-9ae56699de2b,GUDANG MERICA,21cineplex,,16GMEA,"Comedy, Horror",98 menit,D17+,2D,2026-05-26,116b50b3-e506-468d-a0ba-8cf54e4370cc,2026-05-26T16:29:52.020438
664ce147-9c85-453c-9b0f-9ae56699de2b,TUMBAL PROYEK,21cineplex,,16TPRK,Horror,106 menit,D17+,2D,2026-05-26,a064c911-0e60-4a1f-8b8c-195fb4507d94,2026-05-26T16:29:52.020557
664ce147-9c85-453c-9b0f-9ae56699de2b,PASSENGER,21cineplex,,26PASR,Horror,94 menit,D17+,2D,2026-05-27,2b53bd6e-3e3b-40f6-81da-de4c5b468a2b,2026-05-26T16:29:52.020733
664ce147-9c85-453c-9b0f-9ae56699de2b,TUMBAL PROYEK,21cineplex,,16TPRK,Horror,106 menit,D17+,2D,2026-05-27,641647aa-876f-4d01-ae0b-ec591a22f4be,2026-05-26T16:29:52.020906
664ce147-9c85-453c-9b0f-9ae56699de2b,GOHAN,21cineplex,,26GOHN,Drama,140 menit,SU,2D,2026-05-27,33511d98-e41a-47b7-a7dd-c1a8148d92d3,2026-05-26T16:29:52.021022
664ce147-9c85-453c-9b0f-9ae56699de2b,CHILDREN OF HEAVEN,21cineplex,,16COHN,"Drama, Family",97 menit,SU,2D,2026-05-27,795b26c6-469b-4fd9-960e-c90f334a1ea7,2026-05-26T16:29:52.021147
664ce147-9c85-453c-9b0f-9ae56699de2b,BADUT GENDONG,21cineplex,,16BGEG,"Action, Horror",101 menit,D17+,2D,2026-05-27,dd24f1ad-c90c-4297-bf4e-fb1130536d22,2026-05-26T16:29:52.021320
664ce147-9c85-453c-9b0f-9ae56699de2b,HOKUM,21cineplex,,26HOKM,Horror,107 menit,13+,2D,2026-05-27,184d5f9b-8d06-47de-a94c-6d539766655e,2026-05-26T16:29:52.021613
664ce147-9c85-453c-9b0f-9ae56699de2b,STAR WARS: THE MANDALORIAN AND GROGU,21cineplex,,26SWMG,"Fantasy, Sci-Fi",132 menit,13+,2D,2026-05-27,6f1f22e9-7a69-4f1b-a79d-ec6b17a5f3e5,2026-05-26T16:29:52.021707
664ce147-9c85-453c-9b0f-9ae56699de2b,SEKAWAN LIMO 2: GUNUNG KLAWIH,21cineplex,,16SK2G,"Comedy, Horror",122 menit,13+,2D,2026-05-27,14757bb0-790e-4d0f-a0e2-aac39f283273,2026-05-26T16:29:52.021792
664ce147-9c85-453c-9b0f-9ae56699de2b,SEMUA AKAN BAIK-BAIK SAJA,21cineplex,,16SABB,Drama,113 menit,13+,2D,2026-05-27,48018a33-67a0-4c42-a60f-18955a3cbb7d,2026-05-26T16:29:52.021866
664ce147-9c85-453c-9b0f-9ae56699de2b,MICHAEL,21cineplex,,26MICL,Biography,127 menit,SU,2D,2026-05-27,effa232e-110f-49fd-be08-98b93397ba74,2026-05-26T16:29:52.021973
664ce147-9c85-453c-9b0f-9ae56699de2b,SUAMIKU LUKAKU,21cineplex,,16SLUU,Drama,92 menit,D17+,2D,2026-05-27,c52232b8-8261-429b-a77f-20de0d3057ac,2026-05-26T16:29:52.022023
664ce147-9c85-453c-9b0f-9ae56699de2b,CHAND MERA DIL,21cineplex,,26CMDL,"Drama, Romance",142 menit,D17+,2D,2026-05-27,a1f2c8d7-9d8e-4ece-8607-dae5d63dde45,2026-05-26T16:29:52.022110
664ce147-9c85-453c-9b0f-9ae56699de2b,COLONY,21cineplex,,26COLY,"Horror, Thriller",122 menit,13+,2D,2026-06-03,474cfa24-dc8d-4059-a54f-6e65513ef538,2026-05-26T16:29:52.022165
b76394c0-82b7-46f3-9ac9-b7d60633bc00,HOKUM,21cineplex,,26HOKM,Horror,107 menit,13+,2D,2026-05-26,d206cd6c-c347-4dad-b82a-7d97aaae9e46,2026-05-26T16:29:56.209437
b76394c0-82b7-46f3-9ac9-b7d60633bc00,THE DEVIL WEARS PRADA 2,21cineplex,,26DWP2,"Comedy, Drama",119 menit,13+,2D,2026-05-26,4397528d-68ee-4e93-a068-64acab1b3b27,2026-05-26T16:29:56.209635
b76394c0-82b7-46f3-9ac9-b7d60633bc00,SEMUA AKAN BAIK-BAIK SAJA,21cineplex,,16SABB,Drama,113 menit,13+,2D,2026-05-26,326fb209-c6e8-43ab-9117-fe52601b1435,2026-05-26T16:29:56.209788
b76394c0-82b7-46f3-9ac9-b7d60633bc00,STAR WARS: THE MANDALORIAN AND GROGU,21cineplex,,26SWMG,"Fantasy, Sci-Fi",132 menit,13+,2D,2026-05-26,55bebff4-9c6f-4fc2-8ac5-556126c3fc10,2026-05-26T16:29:56.210014
b76394c0-82b7-46f3-9ac9-b7d60633bc00,MICHAEL,21cineplex,,26MICL,Biography,127 menit,SU,2D,2026-05-26,5d7e8177-1524-4f16-b31f-8a8b695d4fd3,2026-05-26T16:29:56.210149
b76394c0-82b7-46f3-9ac9-b7d60633bc00,THE SHEEP DETECTIVES,21cineplex,,26SDES,"Comedy, Mystery",109 menit,SU,2D,2026-05-26,8785132c-6438-4591-b110-157fca1ef111,2026-05-26T16:29:56.210284
b76394c0-82b7-46f3-9ac9-b7d60633bc00,BADUT GENDONG,21cineplex,,16BGEG,"Action, Horror",101 menit,D17+,2D,2026-05-27,9fc511b2-ffab-442a-abe5-4d520fd91103,2026-05-26T16:29:56.210479
b76394c0-82b7-46f3-9ac9-b7d60633bc00,GOHAN,21cineplex,,26GOHN,Drama,140 menit,SU,2D,2026-05-27,db9e8fc3-5f0f-4733-9158-c771b7590eec,2026-05-26T16:29:56.210644
b76394c0-82b7-46f3-9ac9-b7d60633bc00,MICHAEL,21cineplex,,26MICL,Biography,127 menit,SU,2D,2026-05-27,5933bd05-3e0f-4bb9-b876-d8cdd315416b,2026-05-26T16:29:56.210735
b76394c0-82b7-46f3-9ac9-b7d60633bc00,SEKAWAN LIMO 2: GUNUNG KLAWIH,21cineplex,,16SK2G,"Comedy, Horror",122 menit,13+,2D,2026-05-27,8e3b1e85-026b-4579-b8c1-b6b0f15ed500,2026-05-26T16:29:56.210841
b76394c0-82b7-46f3-9ac9-b7d60633bc00,STAR WARS: THE MANDALORIAN AND GROGU,21cineplex,,26SWMG,"Fantasy, Sci-Fi",132 menit,13+,2D,2026-05-27,0b5bcc5f-f8ec-43b8-9df0-d4ee554b1d83,2026-05-26T16:29:56.210998
b76394c0-82b7-46f3-9ac9-b7d60633bc00,PASSENGER,21cineplex,,26PASR,Horror,94 menit,D17+,2D,2026-05-27,09a2f3f0-1570-4e4e-aaf3-17a340e6a0c5,2026-05-26T16:29:56.211239
b76394c0-82b7-46f3-9ac9-b7d60633bc00,SUAMIKU LUKAKU,21cineplex,,16SLUU,Drama,92 menit,D17+,2D,2026-05-27,a2051c12-ef70-4e2c-beeb-8e881ec96a78,2026-05-26T16:29:56.211587
b76394c0-82b7-46f3-9ac9-b7d60633bc00,CHILDREN OF HEAVEN,21cineplex,,16COHN,"Drama, Family",97 menit,SU,2D,2026-05-27,5c7e96ad-799e-4a9a-84df-b90a8eaf1482,2026-05-26T16:29:56.211730
b76394c0-82b7-46f3-9ac9-b7d60633bc00,HOKUM,21cineplex,,26HOKM,Horror,107 menit,13+,2D,2026-05-27,30ace98f-f6d8-4ce3-9d9b-e190607c51f8,2026-05-26T16:29:56.212032
b76394c0-82b7-46f3-9ac9-b7d60633bc00,COLONY,21cineplex,,26COLY,"Horror, Thriller",122 menit,13+,2D,2026-06-03,3e603697-f13c-44f8-9e47-6b4bdf7a2078,2026-05-26T16:29:56.212140
6288c809-10b2-46ec-8eba-d04d7ebc196c,TUMBAL PROYEK,21cineplex,,16TPRK,Horror,106 menit,D17+,2D,2026-05-26,a8b80924-77ab-4c53-885a-fda942751fe1,2026-05-26T16:29:59.206682
6288c809-10b2-46ec-8eba-d04d7ebc196c,STAR WARS: THE MANDALORIAN AND GROGU,21cineplex,,26SWMG,"Fantasy, Sci-Fi",132 menit,13+,2D,2026-05-26,4b6e2fec-7a42-4e45-966e-3a7f2a4299fc,2026-05-26T16:29:59.206921
6288c809-10b2-46ec-8eba-d04d7ebc196c,MORTAL KOMBAT II,21cineplex,,25MKT2,"Action, Adventure",116 menit,D17+,2D,2026-05-26,4c285c89-d0b3-48d7-8a12-363f31d7e917,2026-05-26T16:29:59.207099
6288c809-10b2-46ec-8eba-d04d7ebc196c,KELUARGA SUAMI ADALAH HAMA,21cineplex,,16KSAH,Drama,117 menit,13+,2D,2026-05-26,dd4fb89c-e3ad-4212-82f0-32924902aa7f,2026-05-26T16:29:59.207265
6288c809-10b2-46ec-8eba-d04d7ebc196c,HOKUM,21cineplex,,26HOKM,Horror,107 menit,13+,2D,2026-05-26,9116019d-9cba-4eea-bfd1-274bc8d92aab,2026-05-26T16:29:59.207378
6288c809-10b2-46ec-8eba-d04d7ebc196c,THE DEVIL WEARS PRADA 2,21cineplex,,26DWP2,"Comedy, Drama",119 menit,13+,2D,2026-05-26,d44260a6-eabb-4328-bc62-5b44a85e103a,2026-05-26T16:29:59.207560
6288c809-10b2-46ec-8eba-d04d7ebc196c,GHOST IN THE CELL,21cineplex,,16GITC,"Comedy, Horror",106 menit,D17+,2D,2026-05-26,67958942-7616-44ad-bbfc-769a891d0ec5,2026-05-26T16:29:59.207643
6288c809-10b2-46ec-8eba-d04d7ebc196c,SEMUA AKAN BAIK-BAIK SAJA,21cineplex,,16SABB,Drama,113 menit,13+,2D,2026-05-26,d8c657f0-eaca-4dbc-a161-228ed217716d,2026-05-26T16:29:59.207804
6288c809-10b2-46ec-8eba-d04d7ebc196c,BADUT GENDONG,21cineplex,,16BGEG,"Action, Horror",101 menit,D17+,2D,2026-05-27,8411bf23-9df8-4d00-8a14-505c05b8ff50,2026-05-26T16:29:59.208002
6288c809-10b2-46ec-8eba-d04d7ebc196c,CHILDREN OF HEAVEN,21cineplex,,16COHN,"Drama, Family",97 menit,SU,2D,2026-05-27,732519df-13af-419d-ad2d-7c8a429d4f55,2026-05-26T16:29:59.208102
6288c809-10b2-46ec-8eba-d04d7ebc196c,TUMBAL PROYEK,21cineplex,,16TPRK,Horror,106 menit,D17+,2D,2026-05-27,35964f21-0f1f-41ce-9988-d44bc952fbf7,2026-05-26T16:29:59.208245
6288c809-10b2-46ec-8eba-d04d7ebc196c,SEKAWAN LIMO 2: GUNUNG KLAWIH,21cineplex,,16SK2G,"Comedy, Horror",122 menit,13+,2D,2026-05-27,2ad184ee-1b6a-4523-9aa9-beac7bc3fd69,2026-05-26T16:29:59.208329
6288c809-10b2-46ec-8eba-d04d7ebc196c,STAR WARS: THE MANDALORIAN AND GROGU,21cineplex,,26SWMG,"Fantasy, Sci-Fi",132 menit,13+,2D,2026-05-27,a4ee3edf-ba66-4a37-9752-9b147361ec45,2026-05-26T16:29:59.208475
6288c809-10b2-46ec-8eba-d04d7ebc196c,HOKUM,21cineplex,,26HOKM,Horror,107 menit,13+,2D,2026-05-27,cb0ac457-a55d-44ab-aef4-adea663ab0bb,2026-05-26T16:29:59.208568
6288c809-10b2-46ec-8eba-d04d7ebc196c,GOHAN,21cineplex,,26GOHN,Drama,140 menit,SU,2D,2026-05-27,17e11bad-f46f-4bd4-9dc1-e4660662fa1a,2026-05-26T16:29:59.208668
6288c809-10b2-46ec-8eba-d04d7ebc196c,SEMUA AKAN BAIK-BAIK SAJA,21cineplex,,16SABB,Drama,113 menit,13+,2D,2026-05-27,48ac2c9a-4b6e-4293-8103-27f3bedd8b85,2026-05-26T16:29:59.208762
6288c809-10b2-46ec-8eba-d04d7ebc196c,PASSENGER,21cineplex,,26PASR,Horror,94 menit,D17+,2D,2026-05-27,0c4e742e-6ea0-421b-817f-4f7d6a618f39,2026-05-26T16:29:59.208926
6288c809-10b2-46ec-8eba-d04d7ebc196c,COLONY,21cineplex,,26COLY,"Horror, Thriller",122 menit,13+,2D,2026-06-03,4f255171-bbc4-4b49-8b5e-b09818fba1cd,2026-05-26T16:29:59.209085
a5b5efd1-3f41-403c-be2f-261d7940e5f8,SEMUA AKAN BAIK-BAIK SAJA,21cineplex,,16SABB,Drama,113 menit,13+,2D,2026-05-26,6eb27b19-6a72-44af-b15b-bfc037e39d5e,2026-05-26T16:30:02.230598
a5b5efd1-3f41-403c-be2f-261d7940e5f8,HOKUM,21cineplex,,26HOKM,Horror,107 menit,13+,2D,2026-05-26,50566d5d-6260-4131-bd94-6118dd8e2291,2026-05-26T16:30:02.230693
a5b5efd1-3f41-403c-be2f-261d7940e5f8,TUMBAL PROYEK,21cineplex,,16TPRK,Horror,106 menit,D17+,2D,2026-05-26,b84afa65-d51f-4941-99fd-11f3f5dbc9e1,2026-05-26T16:30:02.230727
a5b5efd1-3f41-403c-be2f-261d7940e5f8,STAR WARS: THE MANDALORIAN AND GROGU,21cineplex,,26SWMG,"Fantasy, Sci-Fi",132 menit,13+,2D,2026-05-26,327f6911-c56c-4217-9294-34261a2863b2,2026-05-26T16:30:02.230786
a5b5efd1-3f41-403c-be2f-261d7940e5f8,GUDANG MERICA,21cineplex,,16GMEA,"Comedy, Horror",98 menit,D17+,2D,2026-05-26,60caa5f3-1f37-41d8-8bc5-3089fb777850,2026-05-26T16:30:02.230840
a5b5efd1-3f41-403c-be2f-261d7940e5f8,SUAMIKU LUKAKU,21cineplex,,16SLUU,Drama,92 menit,D17+,2D,2026-05-27,00518528-b4c2-47ca-90d4-62acf3170c66,2026-05-26T16:30:02.230892
a5b5efd1-3f41-403c-be2f-261d7940e5f8,TUMBAL PROYEK,21cineplex,,16TPRK,Horror,106 menit,D17+,2D,2026-05-27,4364d870-908a-4ee5-b0d9-2a48f87ee2b8,2026-05-26T16:30:02.230956
a5b5efd1-3f41-403c-be2f-261d7940e5f8,SEMUA AKAN BAIK-BAIK SAJA,21cineplex,,16SABB,Drama,113 menit,13+,2D,2026-05-27,57d0ae71-8378-4531-a978-0456a8e097e3,2026-05-26T16:30:02.231121
a5b5efd1-3f41-403c-be2f-261d7940e5f8,BADUT GENDONG,21cineplex,,16BGEG,"Action, Horror",101 menit,D17+,2D,2026-05-27,ce9aab13-0338-4d03-b3d9-4d2390f0e48e,2026-05-26T16:30:02.231158
a5b5efd1-3f41-403c-be2f-261d7940e5f8,CHILDREN OF HEAVEN,21cineplex,,16COHN,"Drama, Family",97 menit,SU,2D,2026-05-27,f8bad4f3-d817-4d4a-9774-a734f6fe6074,2026-05-26T16:30:02.231199
a5b5efd1-3f41-403c-be2f-261d7940e5f8,SEKAWAN LIMO 2: GUNUNG KLAWIH,21cineplex,,16SK2G,"Comedy, Horror",122 menit,13+,2D,2026-05-27,530fe428-cedb-43f3-a0ad-6da72bc0abed,2026-05-26T16:30:02.231261
7f2364c3-dcdf-412a-a8ca-6390898f6763,GOHAN,21cineplex,,26GOHN,Drama,140 menit,SU,2D,2026-05-26,f4b1704f-b004-4945-8df3-23027d0f7c07,2026-05-26T16:30:03.957703
7f2364c3-dcdf-412a-a8ca-6390898f6763,SEMUA AKAN BAIK-BAIK SAJA,21cineplex,,16SABB,Drama,113 menit,13+,2D,2026-05-26,f4144bfa-7d98-48ad-bb28-c0595f78685b,2026-05-26T16:30:03.957914
7f2364c3-dcdf-412a-a8ca-6390898f6763,HOKUM,21cineplex,,26HOKM,Horror,107 menit,13+,2D,2026-05-26,1107691c-65b6-4ed4-902d-0aa19c72ee40,2026-05-26T16:30:03.958160
7f2364c3-dcdf-412a-a8ca-6390898f6763,STAR WARS: THE MANDALORIAN AND GROGU,21cineplex,,26SWMG,"Fantasy, Sci-Fi",132 menit,13+,2D,2026-05-26,54aaaba6-ca2b-4833-887b-3963d16d94b5,2026-05-26T16:30:03.958330
7f2364c3-dcdf-412a-a8ca-6390898f6763,KELUARGA SUAMI ADALAH HAMA,21cineplex,,16KSAH,Drama,117 menit,13+,2D,2026-05-26,637e45ec-6b86-4bc2-98dd-dcefdd421931,2026-05-26T16:30:03.958483
7f2364c3-dcdf-412a-a8ca-6390898f6763,TUMBAL PROYEK,21cineplex,,16TPRK,Horror,106 menit,D17+,2D,2026-05-26,7e5c75f7-1d5b-4a93-a840-1461e83e0ee8,2026-05-26T16:30:03.958567
7f2364c3-dcdf-412a-a8ca-6390898f6763,TUMBAL PROYEK,21cineplex,,16TPRK,Horror,106 menit,D17+,2D,2026-05-27,da7089e7-4b8b-4dfe-8077-691b50fb22a6,2026-05-26T16:30:03.958716
7f2364c3-dcdf-412a-a8ca-6390898f6763,CHILDREN OF HEAVEN,21cineplex,,16COHN,"Drama, Family",97 menit,SU,2D,2026-05-27,03a97659-3ea2-44e6-b44e-e6fdafa878a9,2026-05-26T16:30:03.958845
7f2364c3-dcdf-412a-a8ca-6390898f6763,SEMUA AKAN BAIK-BAIK SAJA,21cineplex,,16SABB,Drama,113 menit,13+,2D,2026-05-27,2d4de8bc-9f71-47b9-bda5-c8c015e82ea6,2026-05-26T16:30:03.958976
7f2364c3-dcdf-412a-a8ca-6390898f6763,HOKUM,21cineplex,,26HOKM,Horror,107 menit,13+,2D,2026-05-27,f383bfa9-7726-47e2-85f7-b242574e0b83,2026-05-26T16:30:03.959104
7f2364c3-dcdf-412a-a8ca-6390898f6763,SUAMIKU LUKAKU,21cineplex,,16SLUU,Drama,92 menit,D17+,2D,2026-05-27,38c89b97-d602-4b7d-bee8-7e9e72070273,2026-05-26T16:30:03.959267
7f2364c3-dcdf-412a-a8ca-6390898f6763,STAR WARS: THE MANDALORIAN AND GROGU,21cineplex,,26SWMG,"Fantasy, Sci-Fi",132 menit,13+,2D,2026-05-27,66d5dcf2-1ace-47c6-ae40-07a80ebc6f50,2026-05-26T16:30:03.959450
7f2364c3-dcdf-412a-a8ca-6390898f6763,GOHAN,21cineplex,,26GOHN,Drama,140 menit,SU,2D,2026-05-27,79d988f7-2dbb-4530-ae29-74a793458d8b,2026-05-26T16:30:03.959589
7f2364c3-dcdf-412a-a8ca-6390898f6763,SEKAWAN LIMO 2: GUNUNG KLAWIH,21cineplex,,16SK2G,"Comedy, Horror",122 menit,13+,2D,2026-05-27,06ff0652-7b1a-487d-b68d-5daa72c8496e,2026-05-26T16:30:03.959852
94c21eb8-31dc-436b-b682-71c31b61593a,GOHAN,21cineplex,,26GOHN,Drama,140 menit,SU,2D,2026-05-26,6f78f433-91fc-485c-b46a-d91f87b39e15,2026-05-26T16:30:05.264573
94c21eb8-31dc-436b-b682-71c31b61593a,MICHAEL,21cineplex,,26MICL,Biography,127 menit,SU,2D,2026-05-26,8e473efa-1176-4ef6-baa8-b433aa7bdf12,2026-05-26T16:30:05.264825
94c21eb8-31dc-436b-b682-71c31b61593a,SALMOKJI: WHISPERING WATER,21cineplex,,26SWWR,Horror,95 menit,D17+,2D,2026-05-26,633b7f54-22e8-49d1-92da-d450178e43f0,2026-05-26T16:30:05.264972
94c21eb8-31dc-436b-b682-71c31b61593a,KELUARGA SUAMI ADALAH HAMA,21cineplex,,16KSAH,Drama,117 menit,13+,2D,2026-05-26,ebaa1063-61b7-4feb-a6a2-3bf8916875a5,2026-05-26T16:30:05.265067
94c21eb8-31dc-436b-b682-71c31b61593a,MORTAL KOMBAT II,21cineplex,,25MKT2,"Action, Adventure",116 menit,D17+,2D,2026-05-26,310f13bc-fade-407c-8674-706d9119e095,2026-05-26T16:30:05.265159
94c21eb8-31dc-436b-b682-71c31b61593a,STAR WARS: THE MANDALORIAN AND GROGU,21cineplex,,26SWMG,"Fantasy, Sci-Fi",132 menit,13+,2D,2026-05-26,d3e0d2a8-8a3e-48d8-ae89-8f645c93663a,2026-05-26T16:30:05.265275
94c21eb8-31dc-436b-b682-71c31b61593a,THE DEVIL WEARS PRADA 2,21cineplex,,26DWP2,"Comedy, Drama",119 menit,13+,2D,2026-05-26,99fecb29-aa61-40e0-8604-e10dff6d458c,2026-05-26T16:30:05.265403
94c21eb8-31dc-436b-b682-71c31b61593a,HOKUM,21cineplex,,26HOKM,Horror,107 menit,13+,2D,2026-05-26,2f19556a-7e7f-43ec-b120-b5823fa94678,2026-05-26T16:30:05.265558
94c21eb8-31dc-436b-b682-71c31b61593a,SEMUA AKAN BAIK-BAIK SAJA,21cineplex,,16SABB,Drama,113 menit,13+,2D,2026-05-26,e7687f82-59e9-4cc0-9fb5-1803910b292c,2026-05-26T16:30:05.265706
94c21eb8-31dc-436b-b682-71c31b61593a,THE SHEEP DETECTIVES,21cineplex,,26SDES,"Comedy, Mystery",109 menit,SU,2D,2026-05-26,c50d35d2-dc9f-4be1-aeff-425f0256f30b,2026-05-26T16:30:05.265926
94c21eb8-31dc-436b-b682-71c31b61593a,MICHAEL,21cineplex,,26MICL,Biography,127 menit,SU,2D,2026-05-27,c431e68b-91f5-4133-aa44-3f4f0e3575a7,2026-05-26T16:30:05.266057
94c21eb8-31dc-436b-b682-71c31b61593a,CHILDREN OF HEAVEN,21cineplex,,16COHN,"Drama, Family",97 menit,SU,2D,2026-05-27,f35ad1ba-7316-4116-b179-1866909b468f,2026-05-26T16:30:05.266152
94c21eb8-31dc-436b-b682-71c31b61593a,PASSENGER,21cineplex,,26PASR,Horror,94 menit,D17+,2D,2026-05-27,8900256d-dd34-4c79-814f-3cdda16427c9,2026-05-26T16:30:05.266302
94c21eb8-31dc-436b-b682-71c31b61593a,GOHAN,21cineplex,,26GOHN,Drama,140 menit,SU,2D,2026-05-27,acd1fd44-14b4-48a9-a19f-3422b33a930a,2026-05-26T16:30:05.266463
94c21eb8-31dc-436b-b682-71c31b61593a,SUAMIKU LUKAKU,21cineplex,,16SLUU,Drama,92 menit,D17+,2D,2026-05-27,b5a41658-ae73-407a-bcf3-85b148d5616c,2026-05-26T16:30:05.266609
94c21eb8-31dc-436b-b682-71c31b61593a,SEKAWAN LIMO 2: GUNUNG KLAWIH,21cineplex,,16SK2G,"Comedy, Horror",122 menit,13+,2D,2026-05-27,2a184306-e904-4114-b8e8-73e750e1370c,2026-05-26T16:30:05.266783
94c21eb8-31dc-436b-b682-71c31b61593a,HOKUM,21cineplex,,26HOKM,Horror,107 menit,13+,2D,2026-05-27,b0bcd576-6baa-4197-a4f1-21ba19866fef,2026-05-26T16:30:05.266927
94c21eb8-31dc-436b-b682-71c31b61593a,SEMUA AKAN BAIK-BAIK SAJA,21cineplex,,16SABB,Drama,113 menit,13+,2D,2026-05-27,66cfa146-f0e6-4255-91db-7e38750a7989,2026-05-26T16:30:05.267029
94c21eb8-31dc-436b-b682-71c31b61593a,STAR WARS: THE MANDALORIAN AND GROGU,21cineplex,,26SWMG,"Fantasy, Sci-Fi",132 menit,13+,2D,2026-05-27,dc639dbe-2413-4ce1-8019-6a271bf8e25b,2026-05-26T16:30:05.267206
94c21eb8-31dc-436b-b682-71c31b61593a,COLONY,21cineplex,,26COLY,"Horror, Thriller",122 menit,13+,2D,2026-06-03,fab6660f-5c63-4028-aa4c-095678fa1d3f,2026-05-26T16:30:05.267332
ab1f2141-f9b2-4043-b231-d1b4e1b52ec5,MICHAEL,21cineplex,,26MICL,Biography,127 menit,SU,2D,2026-05-26,21645443-6018-458c-a5ca-e06743e5e658,2026-05-26T16:30:08.226563
ab1f2141-f9b2-4043-b231-d1b4e1b52ec5,THE SHEEP DETECTIVES,21cineplex,,26SDES,"Comedy, Mystery",109 menit,SU,2D,2026-05-26,57a1a132-f906-4e29-9c62-eed556b4711b,2026-05-26T16:30:08.226950
ab1f2141-f9b2-4043-b231-d1b4e1b52ec5,HOKUM,21cineplex,,26HOKM,Horror,107 menit,13+,2D,2026-05-26,d64620ef-5d4b-4194-af2d-09b8f14ed4e9,2026-05-26T16:30:08.227076
ab1f2141-f9b2-4043-b231-d1b4e1b52ec5,STAR WARS: THE MANDALORIAN AND GROGU,21cineplex,,26SWMG,"Fantasy, Sci-Fi",132 menit,13+,2D,2026-05-26,f798945e-9002-49ee-82ac-876fc785ab36,2026-05-26T16:30:08.227448
ab1f2141-f9b2-4043-b231-d1b4e1b52ec5,SALMOKJI: WHISPERING WATER,21cineplex,,26SWWR,Horror,95 menit,D17+,2D,2026-05-26,5b54d83c-680f-4c54-b0ef-bcb00a167a3d,2026-05-26T16:30:08.227525
ab1f2141-f9b2-4043-b231-d1b4e1b52ec5,THE DEVIL WEARS PRADA 2,21cineplex,,26DWP2,"Comedy, Drama",119 menit,13+,2D,2026-05-26,4159829f-3174-4ca7-a727-c7d44444077b,2026-05-26T16:30:08.227593
ab1f2141-f9b2-4043-b231-d1b4e1b52ec5,BADUT GENDONG,21cineplex,,16BGEG,"Action, Horror",101 menit,D17+,2D,2026-05-27,aacb1ca4-eeec-4b5c-993a-96140bcf8981,2026-05-26T16:30:08.227703
ab1f2141-f9b2-4043-b231-d1b4e1b52ec5,CHILDREN OF HEAVEN,21cineplex,,16COHN,"Drama, Family",97 menit,SU,2D,2026-05-27,be66ae91-93fc-412b-a91b-bfa2f180b0ac,2026-05-26T16:30:08.227950
ab1f2141-f9b2-4043-b231-d1b4e1b52ec5,STAR WARS: THE MANDALORIAN AND GROGU,21cineplex,,26SWMG,"Fantasy, Sci-Fi",132 menit,13+,2D,2026-05-27,427969d5-1690-4361-956c-93365aa4d541,2026-05-26T16:30:08.228007
ab1f2141-f9b2-4043-b231-d1b4e1b52ec5,PASSENGER,21cineplex,,26PASR,Horror,94 menit,D17+,2D,2026-05-27,b5f67a45-112d-4644-acc4-342566a1b737,2026-05-26T16:30:08.228204
ab1f2141-f9b2-4043-b231-d1b4e1b52ec5,THE DEVIL WEARS PRADA 2,21cineplex,,26DWP2,"Comedy, Drama",119 menit,13+,2D,2026-05-27,6d0890f6-51a7-49a4-9275-adc3141a81ae,2026-05-26T16:30:08.228291
ab1f2141-f9b2-4043-b231-d1b4e1b52ec5,MICHAEL,21cineplex,,26MICL,Biography,127 menit,SU,2D,2026-05-27,c1492142-a6db-4112-a72a-4401c33cf156,2026-05-26T16:30:08.228326
ab1f2141-f9b2-4043-b231-d1b4e1b52ec5,HOKUM,21cineplex,,26HOKM,Horror,107 menit,13+,2D,2026-05-27,5bfd7214-f3de-4f78-809d-12b5ef1d34b6,2026-05-26T16:30:08.228361
ab1f2141-f9b2-4043-b231-d1b4e1b52ec5,SUAMIKU LUKAKU,21cineplex,,16SLUU,Drama,92 menit,D17+,2D,2026-05-27,83a6559c-0776-4652-b77f-c4cbb2ecefc3,2026-05-26T16:30:08.228412
ab1f2141-f9b2-4043-b231-d1b4e1b52ec5,COLONY,21cineplex,,26COLY,"Horror, Thriller",122 menit,13+,2D,2026-06-03,d63691f4-bed6-45b4-afd4-7233a623bd7b,2026-05-26T16:30:08.228505
9c2c6c38-35f0-4188-8443-08297f96b7bf,TUMBAL PROYEK,21cineplex,,16TPRK,Horror,106 menit,D17+,2D,2026-05-26,40fbe599-0b3c-4897-8154-91fdafc826f3,2026-05-26T16:30:11.227791
9c2c6c38-35f0-4188-8443-08297f96b7bf,GHOST IN THE CELL,21cineplex,,16GITC,"Comedy, Horror",106 menit,D17+,2D,2026-05-26,77cfd08a-8ae7-4490-b9c5-99d4dd083c23,2026-05-26T16:30:11.228017
9c2c6c38-35f0-4188-8443-08297f96b7bf,YANG LAIN BOLEH HILANG ASAL KAU JANGAN,21cineplex,,16YLBH,Drama,113 menit,13+,2D,2026-05-26,2c64ca3c-8a90-4877-9738-f28b459c5f01,2026-05-26T16:30:11.228147
9c2c6c38-35f0-4188-8443-08297f96b7bf,KELUARGA SUAMI ADALAH HAMA,21cineplex,,16KSAH,Drama,117 menit,13+,2D,2026-05-26,c16d9cb0-01ce-4932-aaec-01a0a2fcc573,2026-05-26T16:30:11.228260
9c2c6c38-35f0-4188-8443-08297f96b7bf,GUDANG MERICA,21cineplex,,16GMEA,"Comedy, Horror",98 menit,D17+,2D,2026-05-26,807b8782-5f46-403a-872a-ac01013af34a,2026-05-26T16:30:11.228345
9c2c6c38-35f0-4188-8443-08297f96b7bf,SEMUA AKAN BAIK-BAIK SAJA,21cineplex,,16SABB,Drama,113 menit,13+,2D,2026-05-26,58778ee8-9008-4c83-8311-f0aee925f41d,2026-05-26T16:30:11.228540
9c2c6c38-35f0-4188-8443-08297f96b7bf,CHILDREN OF HEAVEN,21cineplex,,16COHN,"Drama, Family",97 menit,SU,2D,2026-05-27,84135383-06ef-4c7c-9384-2e028156093f,2026-05-26T16:30:11.228771
9c2c6c38-35f0-4188-8443-08297f96b7bf,SUAMIKU LUKAKU,21cineplex,,16SLUU,Drama,92 menit,D17+,2D,2026-05-27,120b0d3f-4b04-4128-80e1-fcbe2cff4cbe,2026-05-26T16:30:11.228962
9c2c6c38-35f0-4188-8443-08297f96b7bf,GUDANG MERICA,21cineplex,,16GMEA,"Comedy, Horror",98 menit,D17+,2D,2026-05-27,8012d324-2ad1-4576-8ec1-de247d92779a,2026-05-26T16:30:11.229089
9c2c6c38-35f0-4188-8443-08297f96b7bf,TUMBAL PROYEK,21cineplex,,16TPRK,Horror,106 menit,D17+,2D,2026-05-27,1a8fc648-2c7c-4850-a104-29deff9b8d94,2026-05-26T16:30:11.229219
9c2c6c38-35f0-4188-8443-08297f96b7bf,BADUT GENDONG,21cineplex,,16BGEG,"Action, Horror",101 menit,D17+,2D,2026-05-27,6c828dd7-5085-4122-b911-5431dc209a2e,2026-05-26T16:30:11.229311
9c2c6c38-35f0-4188-8443-08297f96b7bf,SEKAWAN LIMO 2: GUNUNG KLAWIH,21cineplex,,16SK2G,"Comedy, Horror",122 menit,13+,2D,2026-05-27,1787d578-038c-4dd7-8f0e-614b974b7d05,2026-05-26T16:30:11.229494
529970b1-96a1-44b3-b463-88b689f2cc29,KELUARGA SUAMI ADALAH HAMA,21cineplex,,16KSAH,Drama,117 menit,13+,2D,2026-05-26,e5736be6-4c5d-4d86-b73e-f35411972c98,2026-05-26T16:30:13.011609
529970b1-96a1-44b3-b463-88b689f2cc29,TUMBAL PROYEK,21cineplex,,16TPRK,Horror,106 menit,D17+,2D,2026-05-26,1b1d0bb1-67ac-40c6-8ccb-92694b53cc58,2026-05-26T16:30:13.011787
529970b1-96a1-44b3-b463-88b689f2cc29,HOKUM,21cineplex,,26HOKM,Horror,107 menit,13+,2D,2026-05-26,74a6b81a-4b6e-4649-b08c-aa5502c941b8,2026-05-26T16:30:13.012054
529970b1-96a1-44b3-b463-88b689f2cc29,GUDANG MERICA,21cineplex,,16GMEA,"Comedy, Horror",98 menit,D17+,2D,2026-05-26,5b91cbe0-2ed1-4454-9e03-6a3121040771,2026-05-26T16:30:13.012119
529970b1-96a1-44b3-b463-88b689f2cc29,YANG LAIN BOLEH HILANG ASAL KAU JANGAN,21cineplex,,16YLBH,Drama,113 menit,13+,2D,2026-05-26,43ad511d-9d05-477c-9af7-3197caf73bdd,2026-05-26T16:30:13.012286
529970b1-96a1-44b3-b463-88b689f2cc29,SEMUA AKAN BAIK-BAIK SAJA,21cineplex,,16SABB,Drama,113 menit,13+,2D,2026-05-26,f52faf2c-e4c4-4c5e-9000-66d7188ae3ee,2026-05-26T16:30:13.012393
529970b1-96a1-44b3-b463-88b689f2cc29,SEKAWAN LIMO 2: GUNUNG KLAWIH,21cineplex,,16SK2G,"Comedy, Horror",122 menit,13+,2D,2026-05-27,96570755-d824-409b-bb38-28eef246c8a7,2026-05-26T16:30:13.012594
529970b1-96a1-44b3-b463-88b689f2cc29,SUAMIKU LUKAKU,21cineplex,,16SLUU,Drama,92 menit,D17+,2D,2026-05-27,73c86566-4f89-4e71-bb5a-8a14d45f87ec,2026-05-26T16:30:13.012733
529970b1-96a1-44b3-b463-88b689f2cc29,SEMUA AKAN BAIK-BAIK SAJA,21cineplex,,16SABB,Drama,113 menit,13+,2D,2026-05-27,87d73b8d-ba3a-4a82-aaa0-0b22aa0ffe7c,2026-05-26T16:30:13.012929
529970b1-96a1-44b3-b463-88b689f2cc29,GUDANG MERICA,21cineplex,,16GMEA,"Comedy, Horror",98 menit,D17+,2D,2026-05-27,8d991f7c-08d5-41dc-b411-9b5c78bb55dd,2026-05-26T16:30:13.013039
529970b1-96a1-44b3-b463-88b689f2cc29,CHILDREN OF HEAVEN,21cineplex,,16COHN,"Drama, Family",97 menit,SU,2D,2026-05-27,5d1549a8-c1a4-4d86-bbcf-36a38abc1dcd,2026-05-26T16:30:13.013194
529970b1-96a1-44b3-b463-88b689f2cc29,TUMBAL PROYEK,21cineplex,,16TPRK,Horror,106 menit,D17+,2D,2026-05-27,7d70af3f-bf28-4ec4-b785-bdb4f2f85523,2026-05-26T16:30:13.013339
23fb4d03-b88e-46bc-b766-2986cdb397ca,HOKUM,21cineplex,,26HOKM,Horror,107 menit,13+,2D,2026-05-26,d9c508f8-9119-4f5c-85dc-b08e434b6eb8,2026-05-26T16:30:14.252043
23fb4d03-b88e-46bc-b766-2986cdb397ca,MICHAEL,21cineplex,,26MICL,Biography,127 menit,SU,2D,2026-05-26,7ab8f42d-1bb1-46bc-8cf4-a8cdc4d07306,2026-05-26T16:30:14.252140
23fb4d03-b88e-46bc-b766-2986cdb397ca,GUDANG MERICA,21cineplex,,16GMEA,"Comedy, Horror",98 menit,D17+,2D,2026-05-26,9096b185-776e-4eeb-b617-6c5d1be1924e,2026-05-26T16:30:14.252221
23fb4d03-b88e-46bc-b766-2986cdb397ca,SEMUA AKAN BAIK-BAIK SAJA,21cineplex,,16SABB,Drama,113 menit,13+,2D,2026-05-26,803debf7-45c9-4bfa-ad9c-58b82d245441,2026-05-26T16:30:14.252268
23fb4d03-b88e-46bc-b766-2986cdb397ca,STAR WARS: THE MANDALORIAN AND GROGU,21cineplex,,26SWMG,"Fantasy, Sci-Fi",132 menit,13+,2D,2026-05-26,87931f42-e603-428a-8c9d-1a98d3e75797,2026-05-26T16:30:14.252366
23fb4d03-b88e-46bc-b766-2986cdb397ca,STAR WARS: THE MANDALORIAN AND GROGU,21cineplex,,26SWMG,"Fantasy, Sci-Fi",132 menit,13+,2D,2026-05-27,37a2f8c8-51e2-42d2-8433-d9cc735cf4a2,2026-05-26T16:30:14.252439
23fb4d03-b88e-46bc-b766-2986cdb397ca,HOKUM,21cineplex,,26HOKM,Horror,107 menit,13+,2D,2026-05-27,4e4feee3-f172-4f79-a12b-171877d17f53,2026-05-26T16:30:14.252485
23fb4d03-b88e-46bc-b766-2986cdb397ca,CHILDREN OF HEAVEN,21cineplex,,16COHN,"Drama, Family",97 menit,SU,2D,2026-05-27,a2185d4b-0834-4ad7-b2ee-6c77f41974eb,2026-05-26T16:30:14.252540
23fb4d03-b88e-46bc-b766-2986cdb397ca,PASSENGER,21cineplex,,26PASR,Horror,94 menit,D17+,2D,2026-05-27,6744fbc9-41d1-4d30-b835-f6c2c0398da6,2026-05-26T16:30:14.252619
23fb4d03-b88e-46bc-b766-2986cdb397ca,BADUT GENDONG,21cineplex,,16BGEG,"Action, Horror",101 menit,D17+,2D,2026-05-27,a516fe3f-83a7-4d5f-ad8d-ff3abcf0746c,2026-05-26T16:30:14.252698
23fb4d03-b88e-46bc-b766-2986cdb397ca,COLONY,21cineplex,,26COLY,"Horror, Thriller",122 menit,13+,2D,2026-06-03,88b4f8b0-94b4-4d1f-8813-2b8acc1a30f8,2026-05-26T16:30:14.252785
96c0e98a-f0fd-4243-af88-e47fc80f3a0f,HOKUM,21cineplex,,26HOKM,Horror,107 menit,13+,2D,2026-05-26,8b3d24ed-d3dc-4028-89f2-399e8378b77b,2026-05-26T16:30:17.271718
96c0e98a-f0fd-4243-af88-e47fc80f3a0f,SEMUA AKAN BAIK-BAIK SAJA,21cineplex,,16SABB,Drama,113 menit,13+,2D,2026-05-26,891002ce-1700-41f0-bbc9-799a2389e1fd,2026-05-26T16:30:17.271910
96c0e98a-f0fd-4243-af88-e47fc80f3a0f,STAR WARS: THE MANDALORIAN AND GROGU,21cineplex,,26SWMG,"Fantasy, Sci-Fi",132 menit,13+,2D,2026-05-26,ca621e5c-eb6c-48e0-bd49-dde52044cacd,2026-05-26T16:30:17.272161
96c0e98a-f0fd-4243-af88-e47fc80f3a0f,GOHAN,21cineplex,,26GOHN,Drama,140 menit,SU,2D,2026-05-26,10e2aa6a-bd6a-4e5f-a062-4304f3487aae,2026-05-26T16:30:17.272333
96c0e98a-f0fd-4243-af88-e47fc80f3a0f,TUMBAL PROYEK,21cineplex,,16TPRK,Horror,106 menit,D17+,2D,2026-05-26,31e3c0d8-9b19-4afb-a3b0-07550e0ba33e,2026-05-26T16:30:17.272454
96c0e98a-f0fd-4243-af88-e47fc80f3a0f,MICHAEL,21cineplex,,26MICL,Biography,127 menit,SU,2D,2026-05-26,26b58df2-a52e-402c-ab84-7bbaa4ae7b64,2026-05-26T16:30:17.272601
96c0e98a-f0fd-4243-af88-e47fc80f3a0f,KELUARGA SUAMI ADALAH HAMA,21cineplex,,16KSAH,Drama,117 menit,13+,2D,2026-05-26,ad1fe44c-3808-454e-a8b9-a9be3497519c,2026-05-26T16:30:17.273000
96c0e98a-f0fd-4243-af88-e47fc80f3a0f,BADUT GENDONG,21cineplex,,16BGEG,"Action, Horror",101 menit,D17+,2D,2026-05-27,6e16fc3e-8c53-450d-bcf1-3700f145b91c,2026-05-26T16:30:17.273180
96c0e98a-f0fd-4243-af88-e47fc80f3a0f,SEKAWAN LIMO 2: GUNUNG KLAWIH,21cineplex,,16SK2G,"Comedy, Horror",122 menit,13+,2D,2026-05-27,8331e517-94d6-4a98-9b2a-08d57b48fee1,2026-05-26T16:30:17.273401
96c0e98a-f0fd-4243-af88-e47fc80f3a0f,PASSENGER,21cineplex,,26PASR,Horror,94 menit,D17+,2D,2026-05-27,2103b932-de88-4c27-a9ab-0b4450f2ff9c,2026-05-26T16:30:17.273615
96c0e98a-f0fd-4243-af88-e47fc80f3a0f,STAR WARS: THE MANDALORIAN AND GROGU,21cineplex,,26SWMG,"Fantasy, Sci-Fi",132 menit,13+,2D,2026-05-27,0b3cc117-1679-4e77-9d35-ebcafd1c14d7,2026-05-26T16:30:17.273816
96c0e98a-f0fd-4243-af88-e47fc80f3a0f,SUAMIKU LUKAKU,21cineplex,,16SLUU,Drama,92 menit,D17+,2D,2026-05-27,4b6c02dc-026f-4f6b-8a23-05ebe6ac81b3,2026-05-26T16:30:17.273938
96c0e98a-f0fd-4243-af88-e47fc80f3a0f,GOHAN,21cineplex,,26GOHN,Drama,140 menit,SU,2D,2026-05-27,a23ea796-8506-4480-913f-447a4a7fb3a5,2026-05-26T16:30:17.274150
96c0e98a-f0fd-4243-af88-e47fc80f3a0f,COLONY,21cineplex,,26COLY,"Horror, Thriller",122 menit,13+,2D,2026-06-03,79b76774-eeee-4f4e-b002-0409956b4b0d,2026-05-26T16:30:17.274280
2bd89d26-eb5f-41c8-8d33-1db91aa99b2a,STAR WARS: THE MANDALORIAN AND GROGU,21cineplex,,26SWMG,"Fantasy, Sci-Fi",132 menit,13+,2D,2026-05-26,27f7b126-0921-4487-b55a-b77778dc805a,2026-05-26T16:30:20.198273
2bd89d26-eb5f-41c8-8d33-1db91aa99b2a,TUMBAL PROYEK,21cineplex,,16TPRK,Horror,106 menit,D17+,2D,2026-05-26,3e3242b5-aaf4-4d04-bd1a-b8d41013a5f4,2026-05-26T16:30:20.198472
2bd89d26-eb5f-41c8-8d33-1db91aa99b2a,HOKUM,21cineplex,,26HOKM,Horror,107 menit,13+,2D,2026-05-26,7280efaa-20b9-4999-8675-939c98e55efe,2026-05-26T16:30:20.198633
2bd89d26-eb5f-41c8-8d33-1db91aa99b2a,SEMUA AKAN BAIK-BAIK SAJA,21cineplex,,16SABB,Drama,113 menit,13+,2D,2026-05-26,19fb2a6c-03e8-45f6-a155-aaeebcece7b0,2026-05-26T16:30:20.198701
2bd89d26-eb5f-41c8-8d33-1db91aa99b2a,GUDANG MERICA,21cineplex,,16GMEA,"Comedy, Horror",98 menit,D17+,2D,2026-05-26,cf82ebd6-6e50-4b4d-b4db-2b317829dbdb,2026-05-26T16:30:20.198863
2bd89d26-eb5f-41c8-8d33-1db91aa99b2a,SUAMIKU LUKAKU,21cineplex,,16SLUU,Drama,92 menit,D17+,2D,2026-05-27,d5b8149e-5cc1-4699-af4d-e5965a33b936,2026-05-26T16:30:20.199035
2bd89d26-eb5f-41c8-8d33-1db91aa99b2a,GUDANG MERICA,21cineplex,,16GMEA,"Comedy, Horror",98 menit,D17+,2D,2026-05-27,2e323e74-f898-4fea-a9cf-d33c502806a8,2026-05-26T16:30:20.199214
2bd89d26-eb5f-41c8-8d33-1db91aa99b2a,SEKAWAN LIMO 2: GUNUNG KLAWIH,21cineplex,,16SK2G,"Comedy, Horror",122 menit,13+,2D,2026-05-27,72a2e001-c8cd-4211-9f7c-f02d135b11aa,2026-05-26T16:30:20.199351
2bd89d26-eb5f-41c8-8d33-1db91aa99b2a,BADUT GENDONG,21cineplex,,16BGEG,"Action, Horror",101 menit,D17+,2D,2026-05-27,0d9dd5cc-bec3-459f-a257-4c5095d548ce,2026-05-26T16:30:20.199511
2bd89d26-eb5f-41c8-8d33-1db91aa99b2a,TUMBAL PROYEK,21cineplex,,16TPRK,Horror,106 menit,D17+,2D,2026-05-27,d17c2302-16cc-47c4-a55a-650f810fd857,2026-05-26T16:30:20.199678
2184e556-f5bc-4b14-bbb1-7a0944622260,STAR WARS: THE MANDALORIAN AND GROGU,21cineplex,,26SWMG,"Fantasy, Sci-Fi",132 menit,13+,2D,2026-05-26,49aba457-617a-44a9-af90-49bb0ba36f2c,2026-05-26T16:30:22.008083
2184e556-f5bc-4b14-bbb1-7a0944622260,MICHAEL,21cineplex,,26MICL,Biography,127 menit,SU,2D,2026-05-26,633b57fa-95ae-416c-9421-34437f3f1b2b,2026-05-26T16:30:22.008364
2184e556-f5bc-4b14-bbb1-7a0944622260,HOKUM,21cineplex,,26HOKM,Horror,107 menit,13+,2D,2026-05-26,329b23c9-eaf2-4785-81b8-fb62edfd9d53,2026-05-26T16:30:22.008540
2184e556-f5bc-4b14-bbb1-7a0944622260,THE DEVIL WEARS PRADA 2,21cineplex,,26DWP2,"Comedy, Drama",119 menit,13+,2D,2026-05-26,f4bfd08d-81c2-44a0-9eaa-1d30ce10e9de,2026-05-26T16:30:22.008701
2184e556-f5bc-4b14-bbb1-7a0944622260,MICHAEL,21cineplex,,26MICL,Biography,127 menit,SU,2D,2026-05-27,8edee36d-dca0-43b4-ab47-522fcb514554,2026-05-26T16:30:22.008892
2184e556-f5bc-4b14-bbb1-7a0944622260,STAR WARS: THE MANDALORIAN AND GROGU,21cineplex,,26SWMG,"Fantasy, Sci-Fi",132 menit,13+,2D,2026-05-27,bba87ed0-8d15-4595-82e4-e04ba644c14f,2026-05-26T16:30:22.008965
2184e556-f5bc-4b14-bbb1-7a0944622260,THE DEVIL WEARS PRADA 2,21cineplex,,26DWP2,"Comedy, Drama",119 menit,13+,2D,2026-05-27,841a41bd-e118-4006-806f-5947afdc3b2e,2026-05-26T16:30:22.009038
2184e556-f5bc-4b14-bbb1-7a0944622260,HOKUM,21cineplex,,26HOKM,Horror,107 menit,13+,2D,2026-05-27,84037ac5-30c0-46a7-9378-2053cdd49aa8,2026-05-26T16:30:22.009196
2184e556-f5bc-4b14-bbb1-7a0944622260,PASSENGER,21cineplex,,26PASR,Horror,94 menit,D17+,2D,2026-05-27,ce278cb6-64d4-484c-be32-8cb4df8f1034,2026-05-26T16:30:22.009299
2184e556-f5bc-4b14-bbb1-7a0944622260,CHILDREN OF HEAVEN,21cineplex,,16COHN,"Drama, Family",97 menit,SU,2D,2026-05-27,24ac2299-8ca4-4e1c-8c50-27f198b60ab3,2026-05-26T16:30:22.009467
2184e556-f5bc-4b14-bbb1-7a0944622260,COLONY,21cineplex,,26COLY,"Horror, Thriller",122 menit,13+,2D,2026-06-03,a201ced4-a8cb-49ae-923c-0f6a7777f7bf,2026-05-26T16:30:22.009626
2e4ace37-85c2-4ff0-80af-30eae9124779,GUDANG MERICA,21cineplex,,16GMEA,"Comedy, Horror",98 menit,D17+,2D,2026-05-26,e22f2b1b-2d2a-4981-939e-f980dffbe848,2026-05-26T16:30:25.049457
2e4ace37-85c2-4ff0-80af-30eae9124779,FUZE,21cineplex,,26FUZE,"Action, Crime",96 menit,D17+,2D,2026-05-26,e6ba3020-07c5-4242-b405-599544ba263b,2026-05-26T16:30:25.049531
2e4ace37-85c2-4ff0-80af-30eae9124779,THE DEVIL WEARS PRADA 2,21cineplex,,26DWP2,"Comedy, Drama",119 menit,13+,2D,2026-05-26,d30c916c-17a3-49b2-831a-4eaacce12f34,2026-05-26T16:30:25.049589
2e4ace37-85c2-4ff0-80af-30eae9124779,SEMUA AKAN BAIK-BAIK SAJA,21cineplex,,16SABB,Drama,113 menit,13+,2D,2026-05-26,84c8e3cb-fb29-4f7c-a107-1928b8dd710e,2026-05-26T16:30:25.049670
2e4ace37-85c2-4ff0-80af-30eae9124779,STAR WARS: THE MANDALORIAN AND GROGU,21cineplex,,26SWMG,"Fantasy, Sci-Fi",132 menit,13+,2D,2026-05-26,4cb21f7e-4e86-4cad-b691-b247654016a7,2026-05-26T16:30:25.049769
2e4ace37-85c2-4ff0-80af-30eae9124779,MICHAEL,21cineplex,,26MICL,Biography,127 menit,SU,2D,2026-05-26,79caad60-41dd-4163-99e1-2add53782068,2026-05-26T16:30:25.049839
2e4ace37-85c2-4ff0-80af-30eae9124779,PROJECT HAIL MARY,21cineplex,,26PHMY,Sci-Fi,157 menit,13+,2D,2026-05-26,72fd2f5a-ed75-41b4-ab38-40b24a59294a,2026-05-26T16:30:25.049922
2e4ace37-85c2-4ff0-80af-30eae9124779,CHAND MERA DIL,21cineplex,,26CMDL,"Drama, Romance",142 menit,D17+,2D,2026-05-26,7fa0db35-da92-4fb0-a655-0b16c8b3fa3a,2026-05-26T16:30:25.049995
2e4ace37-85c2-4ff0-80af-30eae9124779,MORTAL KOMBAT II,21cineplex,,25MKT2,"Action, Adventure",116 menit,D17+,2D,2026-05-26,1ef31de1-eabf-4ad9-a30c-00b23898801a,2026-05-26T16:30:25.050077
2e4ace37-85c2-4ff0-80af-30eae9124779,HOKUM,21cineplex,,26HOKM,Horror,107 menit,13+,2D,2026-05-26,d5c7d19b-2ab3-4ce5-a308-1b9c4e49bbbc,2026-05-26T16:30:25.050152
2e4ace37-85c2-4ff0-80af-30eae9124779,THE DEVIL WEARS PRADA 2,21cineplex,,26DWP2,"Comedy, Drama",119 menit,13+,2D,2026-05-27,82621442-b0dd-485b-9b96-6e002e416b50,2026-05-26T16:30:25.050232
2e4ace37-85c2-4ff0-80af-30eae9124779,SEKAWAN LIMO 2: GUNUNG KLAWIH,21cineplex,,16SK2G,"Comedy, Horror",122 menit,13+,2D,2026-05-27,cc44386d-c731-4b59-8384-a42790bf8605,2026-05-26T16:30:25.050294
2e4ace37-85c2-4ff0-80af-30eae9124779,CHILDREN OF HEAVEN,21cineplex,,16COHN,"Drama, Family",97 menit,SU,2D,2026-05-27,6b268995-beec-4875-b84c-1274e4a59190,2026-05-26T16:30:25.050369
2e4ace37-85c2-4ff0-80af-30eae9124779,PASSENGER,21cineplex,,26PASR,Horror,94 menit,D17+,2D,2026-05-27,515aec72-5b7e-4364-9685-f5d25bb91b6a,2026-05-26T16:30:25.050436
2e4ace37-85c2-4ff0-80af-30eae9124779,STAR WARS: THE MANDALORIAN AND GROGU,21cineplex,,26SWMG,"Fantasy, Sci-Fi",132 menit,13+,2D,2026-05-27,6ab14f9b-debe-4a62-b9fd-a910dd5f89ae,2026-05-26T16:30:25.050525
2e4ace37-85c2-4ff0-80af-30eae9124779,HOKUM,21cineplex,,26HOKM,Horror,107 menit,13+,2D,2026-05-27,b0a6852e-1584-4732-9374-780693628e41,2026-05-26T16:30:25.050572
2e4ace37-85c2-4ff0-80af-30eae9124779,CHAND MERA DIL,21cineplex,,26CMDL,"Drama, Romance",142 menit,D17+,2D,2026-05-27,bc33186c-9e89-42be-89bf-ab4dcccf133a,2026-05-26T16:30:25.050631
2e4ace37-85c2-4ff0-80af-30eae9124779,SEMUA AKAN BAIK-BAIK SAJA,21cineplex,,16SABB,Drama,113 menit,13+,2D,2026-05-27,fcb39397-146a-4d34-902b-93b060679414,2026-05-26T16:30:25.050675
2e4ace37-85c2-4ff0-80af-30eae9124779,MICHAEL,21cineplex,,26MICL,Biography,127 menit,SU,2D,2026-05-27,a1a0cf91-65e1-452d-ac46-3986c0783e80,2026-05-26T16:30:25.050753
2e4ace37-85c2-4ff0-80af-30eae9124779,BADUT GENDONG,21cineplex,,16BGEG,"Action, Horror",101 menit,D17+,2D,2026-05-27,7a874132-3067-4228-ade2-032b531e1ebf,2026-05-26T16:30:25.050800
2e4ace37-85c2-4ff0-80af-30eae9124779,PROJECT HAIL MARY,21cineplex,,26PHMY,Sci-Fi,157 menit,13+,2D,2026-05-27,19ea9797-c07f-48a9-9af6-1b028e5c2338,2026-05-26T16:30:25.050886
2e4ace37-85c2-4ff0-80af-30eae9124779,SUAMIKU LUKAKU,21cineplex,,16SLUU,Drama,92 menit,D17+,2D,2026-05-27,66dd4514-6bb9-4c4b-b400-83d81d7b609e,2026-05-26T16:30:25.050930
2e4ace37-85c2-4ff0-80af-30eae9124779,COLONY,21cineplex,,26COLY,"Horror, Thriller",122 menit,13+,2D,2026-06-03,579d8ec1-5b5d-4942-8c7d-a1af81d0ef85,2026-05-26T16:30:25.051027
f443679c-d758-442d-8a91-91d68e251654,STAR WARS: THE MANDALORIAN AND GROGU,21cineplex,,26SWMG,"Fantasy, Sci-Fi",132 menit,13+,2D,2026-05-26,a1e45c5d-5909-4db3-8c7c-764e96d97150,2026-05-26T16:30:27.741054
f443679c-d758-442d-8a91-91d68e251654,HOKUM,21cineplex,,26HOKM,Horror,107 menit,13+,2D,2026-05-26,3315e2a1-f389-49e7-834f-66defa52d5a8,2026-05-26T16:30:27.741222
f443679c-d758-442d-8a91-91d68e251654,THE DEVIL WEARS PRADA 2,21cineplex,,26DWP2,"Comedy, Drama",119 menit,13+,2D,2026-05-26,f25d9d5b-d4b0-436d-8bc7-f10d020cf083,2026-05-26T16:30:27.741321
f443679c-d758-442d-8a91-91d68e251654,MICHAEL,21cineplex,,26MICL,Biography,127 menit,SU,2D,2026-05-26,0af3f4bc-e6be-4117-bda0-00d4fd02b7ae,2026-05-26T16:30:27.741425
f443679c-d758-442d-8a91-91d68e251654,STAR WARS: THE MANDALORIAN AND GROGU,21cineplex,,26SWMG,"Fantasy, Sci-Fi",132 menit,13+,2D,2026-05-27,89ca949f-7a0f-4a0d-94f2-4cb6d2710a23,2026-05-26T16:30:27.741599
f443679c-d758-442d-8a91-91d68e251654,MICHAEL,21cineplex,,26MICL,Biography,127 menit,SU,2D,2026-05-27,831e2b65-397a-4839-bd14-e91858b12523,2026-05-26T16:30:27.741692
f443679c-d758-442d-8a91-91d68e251654,CHILDREN OF HEAVEN,21cineplex,,16COHN,"Drama, Family",97 menit,SU,2D,2026-05-27,93b78142-c0f4-46c1-8d28-7f6ffca8a536,2026-05-26T16:30:27.741788
f443679c-d758-442d-8a91-91d68e251654,PASSENGER,21cineplex,,26PASR,Horror,94 menit,D17+,2D,2026-05-27,5cee6c99-bed5-4c6c-998e-854cda21d37f,2026-05-26T16:30:27.741961
f443679c-d758-442d-8a91-91d68e251654,COLONY,21cineplex,,26COLY,"Horror, Thriller",122 menit,13+,2D,2026-06-03,912b4db3-d621-489a-a545-6e160a1be4f4,2026-05-26T16:30:27.742134
402d97bb-aa6e-4a80-9b4a-187c3196e655,MICHAEL,21cineplex,,26MICL,Biography,127 menit,SU,2D,2026-05-26,58d9d6ba-8031-4150-a627-c764a793534a,2026-05-26T16:30:31.028531
402d97bb-aa6e-4a80-9b4a-187c3196e655,MORTAL KOMBAT II,21cineplex,,25MKT2,"Action, Adventure",116 menit,D17+,2D,2026-05-26,2313d8d8-e858-4331-8d65-1ecb8b325794,2026-05-26T16:30:31.028622
402d97bb-aa6e-4a80-9b4a-187c3196e655,GOHAN,21cineplex,,26GOHN,Drama,140 menit,SU,2D,2026-05-26,5b46d907-3524-4376-9c45-617a45a10dfa,2026-05-26T16:30:31.028704
402d97bb-aa6e-4a80-9b4a-187c3196e655,GUDANG MERICA,21cineplex,,16GMEA,"Comedy, Horror",98 menit,D17+,2D,2026-05-26,4e67be98-1a89-407d-8496-c58338ce9ed6,2026-05-26T16:30:31.028770
402d97bb-aa6e-4a80-9b4a-187c3196e655,IN THE GREY,21cineplex,,26ITGY,"Action, Thriller",97 menit,13+,2D,2026-05-26,1f4d04ee-a9d4-4c06-b091-5de9e9ef029a,2026-05-26T16:30:31.028845
402d97bb-aa6e-4a80-9b4a-187c3196e655,TUMBAL PROYEK,21cineplex,,16TPRK,Horror,106 menit,D17+,2D,2026-05-26,a0bc581a-d10d-45ad-96f9-d521964e9ec8,2026-05-26T16:30:31.028886
402d97bb-aa6e-4a80-9b4a-187c3196e655,HOKUM,21cineplex,,26HOKM,Horror,107 menit,13+,2D,2026-05-26,e7492fb9-8923-49e7-8d4f-56958a56f7a3,2026-05-26T16:30:31.028963
402d97bb-aa6e-4a80-9b4a-187c3196e655,STAR WARS: THE MANDALORIAN AND GROGU,21cineplex,,26SWMG,"Fantasy, Sci-Fi",132 menit,13+,2D,2026-05-26,3fedb7b8-29a1-4bb3-9b20-0ca7115b6fda,2026-05-26T16:30:31.029033
402d97bb-aa6e-4a80-9b4a-187c3196e655,CHILDREN OF HEAVEN,21cineplex,,16COHN,"Drama, Family",97 menit,SU,2D,2026-05-27,4b1b54ec-f778-4a7b-a96b-97f690f2c280,2026-05-26T16:30:31.029098
402d97bb-aa6e-4a80-9b4a-187c3196e655,SEKAWAN LIMO 2: GUNUNG KLAWIH,21cineplex,,16SK2G,"Comedy, Horror",122 menit,13+,2D,2026-05-27,d47a5e65-98e9-48f2-ac63-5e088d2c2b74,2026-05-26T16:30:31.029170
402d97bb-aa6e-4a80-9b4a-187c3196e655,MICHAEL,21cineplex,,26MICL,Biography,127 menit,SU,2D,2026-05-27,8fdbd984-52fb-4c30-8789-26740881b848,2026-05-26T16:30:31.029233
402d97bb-aa6e-4a80-9b4a-187c3196e655,PASSENGER,21cineplex,,26PASR,Horror,94 menit,D17+,2D,2026-05-27,425791d5-21fc-4367-9804-9b6f08471e46,2026-05-26T16:30:31.029276
402d97bb-aa6e-4a80-9b4a-187c3196e655,BADUT GENDONG,21cineplex,,16BGEG,"Action, Horror",101 menit,D17+,2D,2026-05-27,7474df21-abd2-41f5-a7cc-0819c7a3450f,2026-05-26T16:30:31.029348
402d97bb-aa6e-4a80-9b4a-187c3196e655,TUMBAL PROYEK,21cineplex,,16TPRK,Horror,106 menit,D17+,2D,2026-05-27,ee5c344f-dcac-4be2-803f-292d35755320,2026-05-26T16:30:31.029425
402d97bb-aa6e-4a80-9b4a-187c3196e655,HOKUM,21cineplex,,26HOKM,Horror,107 menit,13+,2D,2026-05-27,c12ed136-38ad-46a5-95cb-285c414bd543,2026-05-26T16:30:31.029493
402d97bb-aa6e-4a80-9b4a-187c3196e655,GOHAN,21cineplex,,26GOHN,Drama,140 menit,SU,2D,2026-05-27,91d6a970-f561-4906-9630-43a1be7d3307,2026-05-26T16:30:31.029541
402d97bb-aa6e-4a80-9b4a-187c3196e655,STAR WARS: THE MANDALORIAN AND GROGU,21cineplex,,26SWMG,"Fantasy, Sci-Fi",132 menit,13+,2D,2026-05-27,b2e30467-5f67-40af-a2d4-90b82bcb07c0,2026-05-26T16:30:31.029584
402d97bb-aa6e-4a80-9b4a-187c3196e655,NOBODY LOVES KAY,21cineplex,,16NLKY,Drama,117 menit,D17+,2D,2026-05-31,620de6c1-c8db-4f0c-be55-77bc56f078e1,2026-05-26T16:30:31.029627
402d97bb-aa6e-4a80-9b4a-187c3196e655,COLONY,21cineplex,,26COLY,"Horror, Thriller",122 menit,13+,2D,2026-06-03,2bf02e1f-2de3-4d2d-993b-68de832bfdcd,2026-05-26T16:30:31.029676
551d219a-8fe5-4d0d-932f-1e30fae892e7,HOKUM,21cineplex,,26HOKM,Horror,107 menit,13+,2D,2026-05-26,646f8d10-eb37-46d2-810d-62ea88263d50,2026-05-26T16:30:33.991092
551d219a-8fe5-4d0d-932f-1e30fae892e7,TUMBAL PROYEK,21cineplex,,16TPRK,Horror,106 menit,D17+,2D,2026-05-26,1dd3f498-2a51-4e24-a1f1-d3cdeb01de0e,2026-05-26T16:30:33.991266
551d219a-8fe5-4d0d-932f-1e30fae892e7,KELUARGA SUAMI ADALAH HAMA,21cineplex,,16KSAH,Drama,117 menit,13+,2D,2026-05-26,45f4f82a-3011-48d3-9b8b-ed8d89b948c8,2026-05-26T16:30:33.991697
551d219a-8fe5-4d0d-932f-1e30fae892e7,SEMUA AKAN BAIK-BAIK SAJA,21cineplex,,16SABB,Drama,113 menit,13+,2D,2026-05-26,d964d8c4-8ba4-428e-a8d1-5364a0c0d284,2026-05-26T16:30:33.991839
551d219a-8fe5-4d0d-932f-1e30fae892e7,KAMU HARUS MATI,21cineplex,,16KHMI,"Horror, Mystery, Thriller",90 menit,13+,2D,2026-05-26,db553386-f4ea-41f5-a62a-ba920d60ecd5,2026-05-26T16:30:33.992153
551d219a-8fe5-4d0d-932f-1e30fae892e7,GUDANG MERICA,21cineplex,,16GMEA,"Comedy, Horror",98 menit,D17+,2D,2026-05-26,07e47d79-6591-4104-88a8-93e9e66bdb27,2026-05-26T16:30:33.992307
551d219a-8fe5-4d0d-932f-1e30fae892e7,SEKAWAN LIMO 2: GUNUNG KLAWIH,21cineplex,,16SK2G,"Comedy, Horror",122 menit,13+,2D,2026-05-27,6431aa61-c940-4437-ae02-3987f35ab30d,2026-05-26T16:30:33.992538
551d219a-8fe5-4d0d-932f-1e30fae892e7,CHILDREN OF HEAVEN,21cineplex,,16COHN,"Drama, Family",97 menit,SU,2D,2026-05-27,b33de619-d1be-4e8c-8a9a-11febcaaea54,2026-05-26T16:30:33.992769
551d219a-8fe5-4d0d-932f-1e30fae892e7,SUAMIKU LUKAKU,21cineplex,,16SLUU,Drama,92 menit,D17+,2D,2026-05-27,cd1e3d66-abe0-46f9-ab19-27e656a129f3,2026-05-26T16:30:33.992978
551d219a-8fe5-4d0d-932f-1e30fae892e7,TUMBAL PROYEK,21cineplex,,16TPRK,Horror,106 menit,D17+,2D,2026-05-27,08e46f4e-23cc-4f90-983a-a1ddee6910cc,2026-05-26T16:30:33.993131
551d219a-8fe5-4d0d-932f-1e30fae892e7,BADUT GENDONG,21cineplex,,16BGEG,"Action, Horror",101 menit,D17+,2D,2026-05-27,0908eaa5-f82c-40bf-b36c-65e3405f7ff3,2026-05-26T16:30:33.993297
20980e4f-885e-483e-b6d7-644f31d71b88,MICHAEL,21cineplex,,26MICL,Biography,127 menit,SU,2D,2026-05-26,0fd2318b-ed91-4870-8d28-42328a2227cf,2026-05-26T16:30:35.322385
20980e4f-885e-483e-b6d7-644f31d71b88,THE DEVIL WEARS PRADA 2,21cineplex,,26DWP2,"Comedy, Drama",119 menit,13+,2D,2026-05-26,f88f72f9-684b-4cbe-81e4-f95d7c446fa9,2026-05-26T16:30:35.322570
20980e4f-885e-483e-b6d7-644f31d71b88,PROJECT HAIL MARY,21cineplex,,26PHMY,Sci-Fi,157 menit,13+,2D,2026-05-26,7f8a45aa-c951-4373-aa77-4aa8a9e8ace5,2026-05-26T16:30:35.322697
20980e4f-885e-483e-b6d7-644f31d71b88,SALMOKJI: WHISPERING WATER,21cineplex,,26SWWR,Horror,95 menit,D17+,2D,2026-05-26,385cf5a9-55b7-49ee-a1b1-cb59a3340197,2026-05-26T16:30:35.322811
20980e4f-885e-483e-b6d7-644f31d71b88,STAR WARS: THE MANDALORIAN AND GROGU,21cineplex,,26SWMG,"Fantasy, Sci-Fi",132 menit,13+,2D,2026-05-26,5d1cbb90-3fd2-48a1-ba2e-bc08c8d4078f,2026-05-26T16:30:35.322999
20980e4f-885e-483e-b6d7-644f31d71b88,GOHAN,21cineplex,,26GOHN,Drama,140 menit,SU,2D,2026-05-26,e87256c2-721c-4400-8292-7f4d4877914c,2026-05-26T16:30:35.323170
20980e4f-885e-483e-b6d7-644f31d71b88,THE SHEEP DETECTIVES,21cineplex,,26SDES,"Comedy, Mystery",109 menit,SU,2D,2026-05-26,f583b2fb-d2fc-423a-9632-28daf6969800,2026-05-26T16:30:35.323338
20980e4f-885e-483e-b6d7-644f31d71b88,IN THE GREY,21cineplex,,26ITGY,"Action, Thriller",97 menit,13+,2D,2026-05-26,4ce86f09-fc74-4b56-b708-a9669843b617,2026-05-26T16:30:35.323449
20980e4f-885e-483e-b6d7-644f31d71b88,HOKUM,21cineplex,,26HOKM,Horror,107 menit,13+,2D,2026-05-26,b429fc32-ff4b-4d05-8269-c09300a7a0dd,2026-05-26T16:30:35.323554
20980e4f-885e-483e-b6d7-644f31d71b88,IN THE GREY,21cineplex,,26ITGY,"Action, Thriller",97 menit,13+,2D,2026-05-27,27b9fdbf-3f52-48d6-8c11-3b7ac04fb4ba,2026-05-26T16:30:35.323668
20980e4f-885e-483e-b6d7-644f31d71b88,SUAMIKU LUKAKU,21cineplex,,16SLUU,Drama,92 menit,D17+,2D,2026-05-27,64f2fc78-9f4f-426a-91bc-954de03380e8,2026-05-26T16:30:35.323750
20980e4f-885e-483e-b6d7-644f31d71b88,PASSENGER,21cineplex,,26PASR,Horror,94 menit,D17+,2D,2026-05-27,870f9678-ed95-4a30-b98c-c43a5948768f,2026-05-26T16:30:35.323913
20980e4f-885e-483e-b6d7-644f31d71b88,SALMOKJI: WHISPERING WATER,21cineplex,,26SWWR,Horror,95 menit,D17+,2D,2026-05-27,2288f50b-d963-4efb-92c3-5f707001ff08,2026-05-26T16:30:35.324056
20980e4f-885e-483e-b6d7-644f31d71b88,CHILDREN OF HEAVEN,21cineplex,,16COHN,"Drama, Family",97 menit,SU,2D,2026-05-27,006ef03e-42c1-47a2-8d21-2786e5fdda47,2026-05-26T16:30:35.324159
20980e4f-885e-483e-b6d7-644f31d71b88,HOKUM,21cineplex,,26HOKM,Horror,107 menit,13+,2D,2026-05-27,114b8135-c85a-41f2-90c1-afdbb1c570e8,2026-05-26T16:30:35.324303
20980e4f-885e-483e-b6d7-644f31d71b88,STAR WARS: THE MANDALORIAN AND GROGU,21cineplex,,26SWMG,"Fantasy, Sci-Fi",132 menit,13+,2D,2026-05-27,7a5ca5dc-1cd3-4e41-985c-8e38f89b1918,2026-05-26T16:30:35.324405
20980e4f-885e-483e-b6d7-644f31d71b88,GOHAN,21cineplex,,26GOHN,Drama,140 menit,SU,2D,2026-05-27,0eb5737f-ed4b-4db9-a7fe-13b475c188f8,2026-05-26T16:30:35.324528
20980e4f-885e-483e-b6d7-644f31d71b88,NOBODY LOVES KAY,21cineplex,,16NLKY,Drama,117 menit,D17+,2D,2026-05-28,79666d46-212d-4372-813a-9fdf9ced8ab4,2026-05-26T16:30:35.324640
20980e4f-885e-483e-b6d7-644f31d71b88,COLONY,21cineplex,,26COLY,"Horror, Thriller",122 menit,13+,2D,2026-06-03,18eab349-8329-458e-b370-a3c1c3d40de0,2026-05-26T16:30:35.324862
a4baa65e-fb39-47d7-88f2-5d9d3843f151,TUMBAL PROYEK,21cineplex,,16TPRK,Horror,106 menit,D17+,2D,2026-05-26,f2d9edaa-e593-454b-a42b-ef38bc596382,2026-05-26T16:30:38.333706
a4baa65e-fb39-47d7-88f2-5d9d3843f151,GOHAN,21cineplex,,26GOHN,Drama,140 menit,SU,2D,2026-05-26,8cc61e24-5991-4c9e-8503-bf2fd305e2f4,2026-05-26T16:30:38.333810
a4baa65e-fb39-47d7-88f2-5d9d3843f151,GUDANG MERICA,21cineplex,,16GMEA,"Comedy, Horror",98 menit,D17+,2D,2026-05-26,0cbcbb30-fec6-42d2-9d38-ff8c46423fdf,2026-05-26T16:30:38.333875
a4baa65e-fb39-47d7-88f2-5d9d3843f151,STAR WARS: THE MANDALORIAN AND GROGU,21cineplex,,26SWMG,"Fantasy, Sci-Fi",132 menit,13+,2D,2026-05-26,29c317f1-a680-454a-88a5-2b7c92bb585e,2026-05-26T16:30:38.333982
a4baa65e-fb39-47d7-88f2-5d9d3843f151,THE DEVIL WEARS PRADA 2,21cineplex,,26DWP2,"Comedy, Drama",119 menit,13+,2D,2026-05-26,f0923acd-4355-4e03-aa9d-dc9510a9c0b3,2026-05-26T16:30:38.334073
a4baa65e-fb39-47d7-88f2-5d9d3843f151,MORTAL KOMBAT II,21cineplex,,25MKT2,"Action, Adventure",116 menit,D17+,2D,2026-05-26,7db3941b-3bc2-428e-b89a-773f39ded0dd,2026-05-26T16:30:38.334125
a4baa65e-fb39-47d7-88f2-5d9d3843f151,CHILDREN OF HEAVEN,21cineplex,,16COHN,"Drama, Family",97 menit,SU,2D,2026-05-27,89a4f80a-1314-4a4c-ab67-67ece9ebf841,2026-05-26T16:30:38.334187
a4baa65e-fb39-47d7-88f2-5d9d3843f151,GUDANG MERICA,21cineplex,,16GMEA,"Comedy, Horror",98 menit,D17+,2D,2026-05-27,ac6d5493-4820-4da4-b6cc-7a65e9fc1b56,2026-05-26T16:30:38.334276
a4baa65e-fb39-47d7-88f2-5d9d3843f151,BADUT GENDONG,21cineplex,,16BGEG,"Action, Horror",101 menit,D17+,2D,2026-05-27,7b938d7c-a631-4668-9027-a72a1d2b5189,2026-05-26T16:30:38.334353
a4baa65e-fb39-47d7-88f2-5d9d3843f151,GOHAN,21cineplex,,26GOHN,Drama,140 menit,SU,2D,2026-05-27,a1a702ae-570d-4833-b1f5-48b5b8a2c17a,2026-05-26T16:30:38.334453
a4baa65e-fb39-47d7-88f2-5d9d3843f151,STAR WARS: THE MANDALORIAN AND GROGU,21cineplex,,26SWMG,"Fantasy, Sci-Fi",132 menit,13+,2D,2026-05-27,5093bb84-af50-4518-b0e1-26b50fcf42ac,2026-05-26T16:30:38.334510
a4baa65e-fb39-47d7-88f2-5d9d3843f151,SEKAWAN LIMO 2: GUNUNG KLAWIH,21cineplex,,16SK2G,"Comedy, Horror",122 menit,13+,2D,2026-05-27,e6e795c9-0253-4c37-acff-8696d71790f0,2026-05-26T16:30:38.334563
a4baa65e-fb39-47d7-88f2-5d9d3843f151,TUMBAL PROYEK,21cineplex,,16TPRK,Horror,106 menit,D17+,2D,2026-05-27,e771e6ad-48d3-4929-b5af-211317c21326,2026-05-26T16:30:38.334614
042234bb-84f4-428b-bf39-00a87f60dd17,HOKUM,21cineplex,,26HOKM,Horror,107 menit,13+,2D,2026-05-26,a09c81d0-6509-447f-b679-de68270788e9,2026-05-26T16:30:39.975656
042234bb-84f4-428b-bf39-00a87f60dd17,STAR WARS: THE MANDALORIAN AND GROGU,21cineplex,,26SWMG,"Fantasy, Sci-Fi",132 menit,13+,2D,2026-05-26,e3276732-af7c-4db3-b366-da396640dc05,2026-05-26T16:30:39.975829
042234bb-84f4-428b-bf39-00a87f60dd17,MORTAL KOMBAT II,21cineplex,,25MKT2,"Action, Adventure",116 menit,D17+,2D,2026-05-26,9b260b87-0eea-4e24-90a5-5e7bccbab5bf,2026-05-26T16:30:39.975943
042234bb-84f4-428b-bf39-00a87f60dd17,THE SHEEP DETECTIVES,21cineplex,,26SDES,"Comedy, Mystery",109 menit,SU,2D,2026-05-26,62479fe3-be6a-446c-bb5d-ee340b4d867f,2026-05-26T16:30:39.976033
042234bb-84f4-428b-bf39-00a87f60dd17,GOHAN,21cineplex,,26GOHN,Drama,140 menit,SU,2D,2026-05-26,9ef50745-91b8-4fb0-883b-ec2e9d00b58b,2026-05-26T16:30:39.976143
042234bb-84f4-428b-bf39-00a87f60dd17,HOKUM,21cineplex,,26HOKM,Horror,107 menit,13+,2D,2026-05-27,2bf5f2ae-1b44-4284-82ac-687152c16304,2026-05-26T16:30:39.976274
042234bb-84f4-428b-bf39-00a87f60dd17,GOHAN,21cineplex,,26GOHN,Drama,140 menit,SU,2D,2026-05-27,107f6ead-d53f-4156-91a8-3bac6e2f1311,2026-05-26T16:30:39.976358
042234bb-84f4-428b-bf39-00a87f60dd17,STAR WARS: THE MANDALORIAN AND GROGU,21cineplex,,26SWMG,"Fantasy, Sci-Fi",132 menit,13+,2D,2026-05-27,15de320e-0e91-4e19-9539-02070265d5b1,2026-05-26T16:30:39.976466
042234bb-84f4-428b-bf39-00a87f60dd17,THE SHEEP DETECTIVES,21cineplex,,26SDES,"Comedy, Mystery",109 menit,SU,2D,2026-05-27,cd20f068-6867-41b9-949d-fc9c204994ec,2026-05-26T16:30:39.976570
042234bb-84f4-428b-bf39-00a87f60dd17,PASSENGER,21cineplex,,26PASR,Horror,94 menit,D17+,2D,2026-05-27,78ef8da7-fa1b-42b9-8037-155b18b5cb35,2026-05-26T16:30:39.976641
042234bb-84f4-428b-bf39-00a87f60dd17,COLONY,21cineplex,,26COLY,"Horror, Thriller",122 menit,13+,2D,2026-06-03,d52d60a6-a6f6-4bf7-ae3f-e7bc3afcc684,2026-05-26T16:30:39.976773
3677b827-62c3-4984-b283-7ba1f18fc9d6,SALMOKJI: WHISPERING WATER,21cineplex,,26SWWR,Horror,95 menit,D17+,2D,2026-05-26,e833049c-e11b-4752-aa78-1740f95f9628,2026-05-26T16:30:47.393941
3677b827-62c3-4984-b283-7ba1f18fc9d6,MORTAL KOMBAT II,21cineplex,,25MKT2,"Action, Adventure",116 menit,D17+,2D,2026-05-26,7f9cfd95-6e6e-44b1-adca-84f3b568c521,2026-05-26T16:30:47.394140
3677b827-62c3-4984-b283-7ba1f18fc9d6,STAR WARS: THE MANDALORIAN AND GROGU,21cineplex,,26SWMG,"Fantasy, Sci-Fi",132 menit,13+,2D,2026-05-26,dd648fe6-3adb-42cc-8ff8-7aec94113d58,2026-05-26T16:30:47.394391
3677b827-62c3-4984-b283-7ba1f18fc9d6,HOKUM,21cineplex,,26HOKM,Horror,107 menit,13+,2D,2026-05-26,3bdb5b67-3ec9-4a92-aa89-c0edb5cc6c0c,2026-05-26T16:30:47.394561
3677b827-62c3-4984-b283-7ba1f18fc9d6,IN THE GREY,21cineplex,,26ITGY,"Action, Thriller",97 menit,13+,2D,2026-05-26,88f7a90e-d6c9-4345-b43d-27d63b4f62b2,2026-05-26T16:30:47.394762
3677b827-62c3-4984-b283-7ba1f18fc9d6,SEMUA AKAN BAIK-BAIK SAJA,21cineplex,,16SABB,Drama,113 menit,13+,2D,2026-05-26,b6e1061d-808b-4304-b919-916380bf26dc,2026-05-26T16:30:47.394874
3677b827-62c3-4984-b283-7ba1f18fc9d6,GOHAN,21cineplex,,26GOHN,Drama,140 menit,SU,2D,2026-05-26,ff1aaba8-d4de-46b9-bdbb-4ea5e740f0b3,2026-05-26T16:30:47.395142
3677b827-62c3-4984-b283-7ba1f18fc9d6,TUMBAL PROYEK,21cineplex,,16TPRK,Horror,106 menit,D17+,2D,2026-05-26,13515a58-0164-4931-9393-2a8f54d18203,2026-05-26T16:30:47.395260
3677b827-62c3-4984-b283-7ba1f18fc9d6,THE SHEEP DETECTIVES,21cineplex,,26SDES,"Comedy, Mystery",109 menit,SU,2D,2026-05-26,100bcb84-4979-4448-906e-03e4fa8cfc4d,2026-05-26T16:30:47.395459
3677b827-62c3-4984-b283-7ba1f18fc9d6,KELUARGA SUAMI ADALAH HAMA,21cineplex,,16KSAH,Drama,117 menit,13+,2D,2026-05-26,791df12f-fdc4-40d7-b475-b23cc8d8c64b,2026-05-26T16:30:47.395594
3677b827-62c3-4984-b283-7ba1f18fc9d6,THE DEVIL WEARS PRADA 2,21cineplex,,26DWP2,"Comedy, Drama",119 menit,13+,2D,2026-05-26,77468c78-9f96-4af3-9913-01ecef66038c,2026-05-26T16:30:47.395704
3677b827-62c3-4984-b283-7ba1f18fc9d6,CHILDREN OF HEAVEN,21cineplex,,16COHN,"Drama, Family",97 menit,SU,2D,2026-05-27,abdaf155-b8e3-42c8-802f-9d15fa801606,2026-05-26T16:30:47.395812
3677b827-62c3-4984-b283-7ba1f18fc9d6,BADUT GENDONG,21cineplex,,16BGEG,"Action, Horror",101 menit,D17+,2D,2026-05-27,2fc9504b-cf9e-41ad-9e7c-d7514afb6883,2026-05-26T16:30:47.395977
3677b827-62c3-4984-b283-7ba1f18fc9d6,THE SHEEP DETECTIVES,21cineplex,,26SDES,"Comedy, Mystery",109 menit,SU,2D,2026-05-27,227f0a4b-7c0f-46bb-a35a-4a792426b1f3,2026-05-26T16:30:47.396148
3677b827-62c3-4984-b283-7ba1f18fc9d6,STAR WARS: THE MANDALORIAN AND GROGU,21cineplex,,26SWMG,"Fantasy, Sci-Fi",132 menit,13+,2D,2026-05-27,0253a597-9a79-4eb3-9089-d8b51ade8756,2026-05-26T16:30:47.396261
3677b827-62c3-4984-b283-7ba1f18fc9d6,HOKUM,21cineplex,,26HOKM,Horror,107 menit,13+,2D,2026-05-27,b72a2d03-9567-4269-be28-9333dbed9f5c,2026-05-26T16:30:47.396337
3677b827-62c3-4984-b283-7ba1f18fc9d6,SEMUA AKAN BAIK-BAIK SAJA,21cineplex,,16SABB,Drama,113 menit,13+,2D,2026-05-27,df0c0dfc-8fb6-4b52-a49e-d1ba3b46dcac,2026-05-26T16:30:47.396477
3677b827-62c3-4984-b283-7ba1f18fc9d6,SUAMIKU LUKAKU,21cineplex,,16SLUU,Drama,92 menit,D17+,2D,2026-05-27,6bdf972b-1d26-474a-918b-5b18213c8ce7,2026-05-26T16:30:47.396589
3677b827-62c3-4984-b283-7ba1f18fc9d6,PASSENGER,21cineplex,,26PASR,Horror,94 menit,D17+,2D,2026-05-27,aec8019c-aab0-459d-b624-b80d5171d1ec,2026-05-26T16:30:47.396752
3677b827-62c3-4984-b283-7ba1f18fc9d6,TUMBAL PROYEK,21cineplex,,16TPRK,Horror,106 menit,D17+,2D,2026-05-27,896917cb-f2c9-438d-83e6-72973a38cfd3,2026-05-26T16:30:47.396908
3677b827-62c3-4984-b283-7ba1f18fc9d6,SEKAWAN LIMO 2: GUNUNG KLAWIH,21cineplex,,16SK2G,"Comedy, Horror",122 menit,13+,2D,2026-05-27,9274af0e-f523-4daf-ae0b-b4ec210ae1c7,2026-05-26T16:30:47.397042
3677b827-62c3-4984-b283-7ba1f18fc9d6,COLONY,21cineplex,,26COLY,"Horror, Thriller",122 menit,13+,2D,2026-06-03,ccc98298-1483-4c5e-9927-bc63e9b84d11,2026-05-26T16:30:47.397194
1dc75f72-efa3-429c-8619-147c039c06fc,MICHAEL,21cineplex,,26MICL,Biography,127 menit,SU,2D,2026-05-26,5d93cb9b-1126-42a2-bb1d-cbb57af1bb31,2026-05-26T16:30:50.232588
1dc75f72-efa3-429c-8619-147c039c06fc,KELUARGA SUAMI ADALAH HAMA,21cineplex,,16KSAH,Drama,117 menit,13+,2D,2026-05-26,dcf8455f-b4f3-4368-a8cb-5df67346f228,2026-05-26T16:30:50.232792
1dc75f72-efa3-429c-8619-147c039c06fc,SALMOKJI: WHISPERING WATER,21cineplex,,26SWWR,Horror,95 menit,D17+,2D,2026-05-26,8681b297-487a-45ac-ac76-2844ab3f1b52,2026-05-26T16:30:50.232909
1dc75f72-efa3-429c-8619-147c039c06fc,HOKUM,21cineplex,,26HOKM,Horror,107 menit,13+,2D,2026-05-26,dcbd3e49-a911-42a6-ab44-6a76de0770ef,2026-05-26T16:30:50.232996
1dc75f72-efa3-429c-8619-147c039c06fc,GOHAN,21cineplex,,26GOHN,Drama,140 menit,SU,2D,2026-05-26,36e94a1e-5bdd-4be6-bfa9-5706ef7c1de0,2026-05-26T16:30:50.233152
1dc75f72-efa3-429c-8619-147c039c06fc,GHOST IN THE CELL,21cineplex,,16GITC,"Comedy, Horror",106 menit,D17+,2D,2026-05-26,0bdfb53b-349e-42a6-9693-21482faf8ed0,2026-05-26T16:30:50.233253
1dc75f72-efa3-429c-8619-147c039c06fc,SEMUA AKAN BAIK-BAIK SAJA,21cineplex,,16SABB,Drama,113 menit,13+,2D,2026-05-26,13f62db3-e5e6-414d-a496-c648a3958490,2026-05-26T16:30:50.233402
1dc75f72-efa3-429c-8619-147c039c06fc,BADUT GENDONG,21cineplex,,16BGEG,"Action, Horror",101 menit,D17+,2D,2026-05-27,4b34bb1d-591c-4a41-9623-1bdac763d4b4,2026-05-26T16:30:50.233613
1dc75f72-efa3-429c-8619-147c039c06fc,PASSENGER,21cineplex,,26PASR,Horror,94 menit,D17+,2D,2026-05-27,af03d8a6-b10f-4277-a618-c226ba938017,2026-05-26T16:30:50.233773
1dc75f72-efa3-429c-8619-147c039c06fc,GHOST IN THE CELL,21cineplex,,16GITC,"Comedy, Horror",106 menit,D17+,2D,2026-05-27,fd8595da-cdda-45cc-9b2d-f7fd66031ef1,2026-05-26T16:30:50.233918
1dc75f72-efa3-429c-8619-147c039c06fc,HOKUM,21cineplex,,26HOKM,Horror,107 menit,13+,2D,2026-05-27,a3944078-b6a5-4a2c-bd9d-62ae2f740452,2026-05-26T16:30:50.233990
1dc75f72-efa3-429c-8619-147c039c06fc,GOHAN,21cineplex,,26GOHN,Drama,140 menit,SU,2D,2026-05-27,dea036a9-fa4a-4e62-a187-17ac8cf07790,2026-05-26T16:30:50.234048
1dc75f72-efa3-429c-8619-147c039c06fc,SEMUA AKAN BAIK-BAIK SAJA,21cineplex,,16SABB,Drama,113 menit,13+,2D,2026-05-27,a843d48f-4f9f-494e-9081-6a62461a72f4,2026-05-26T16:30:50.234118
1dc75f72-efa3-429c-8619-147c039c06fc,SEKAWAN LIMO 2: GUNUNG KLAWIH,21cineplex,,16SK2G,"Comedy, Horror",122 menit,13+,2D,2026-05-27,566dc9d5-0add-4866-b25a-53e7df413f25,2026-05-26T16:30:50.234231
1dc75f72-efa3-429c-8619-147c039c06fc,SUAMIKU LUKAKU,21cineplex,,16SLUU,Drama,92 menit,D17+,2D,2026-05-27,4aea7a20-3446-40fd-9f92-9ae5c76a7878,2026-05-26T16:30:50.234380
1dc75f72-efa3-429c-8619-147c039c06fc,COLONY,21cineplex,,26COLY,"Horror, Thriller",122 menit,13+,2D,2026-06-03,71aa005b-358c-4484-9850-057d0a6a069f,2026-05-26T16:30:50.234539
07210449-a423-4c5f-9f93-28714b00dd41,GUDANG MERICA,21cineplex,,16GMEA,"Comedy, Horror",98 menit,D17+,2D,2026-05-26,3ef114b7-9b2c-4ed4-9338-0c65b9601b33,2026-05-26T16:30:51.767474
07210449-a423-4c5f-9f93-28714b00dd41,HOKUM,21cineplex,,26HOKM,Horror,107 menit,13+,2D,2026-05-26,d1d6b652-8b6b-4a7b-a216-6cc533b38ff2,2026-05-26T16:30:51.767634
07210449-a423-4c5f-9f93-28714b00dd41,THE SHEEP DETECTIVES,21cineplex,,26SDES,"Comedy, Mystery",109 menit,SU,2D,2026-05-26,a9355bfd-fe76-4647-8eed-501c1b4959e5,2026-05-26T16:30:51.767812
07210449-a423-4c5f-9f93-28714b00dd41,GHOST IN THE CELL,21cineplex,,16GITC,"Comedy, Horror",106 menit,D17+,2D,2026-05-26,3280c5d3-441c-454c-8135-78d0ab79252a,2026-05-26T16:30:51.767962
07210449-a423-4c5f-9f93-28714b00dd41,SALMOKJI: WHISPERING WATER,21cineplex,,26SWWR,Horror,95 menit,D17+,2D,2026-05-26,5f15b844-9697-4cdc-a3c9-26c49c8c38f9,2026-05-26T16:30:51.768087
07210449-a423-4c5f-9f93-28714b00dd41,GOHAN,21cineplex,,26GOHN,Drama,140 menit,SU,2D,2026-05-26,c132ee28-2f9b-48a4-a6f9-3c95c8472630,2026-05-26T16:30:51.768270
07210449-a423-4c5f-9f93-28714b00dd41,SEMUA AKAN BAIK-BAIK SAJA,21cineplex,,16SABB,Drama,113 menit,13+,2D,2026-05-26,ca1dc84c-c8f4-4a78-b436-3df0e00244bb,2026-05-26T16:30:51.768460
07210449-a423-4c5f-9f93-28714b00dd41,STAR WARS: THE MANDALORIAN AND GROGU,21cineplex,,26SWMG,"Fantasy, Sci-Fi",132 menit,13+,2D,2026-05-26,7b8b90d2-77a7-4cee-84c0-492a913d1c4c,2026-05-26T16:30:51.768699
07210449-a423-4c5f-9f93-28714b00dd41,TUMBAL PROYEK,21cineplex,,16TPRK,Horror,106 menit,D17+,2D,2026-05-26,42af6c3f-a05c-4078-9787-b62de0e02237,2026-05-26T16:30:51.768823
07210449-a423-4c5f-9f93-28714b00dd41,BADUT GENDONG,21cineplex,,16BGEG,"Action, Horror",101 menit,D17+,2D,2026-05-27,3cee1fd1-8032-401b-b3d7-e340a20618de,2026-05-26T16:30:51.768981
07210449-a423-4c5f-9f93-28714b00dd41,TUMBAL PROYEK,21cineplex,,16TPRK,Horror,106 menit,D17+,2D,2026-05-27,dbcd4030-89ef-4261-a045-a5d79251fe7d,2026-05-26T16:30:51.769152
07210449-a423-4c5f-9f93-28714b00dd41,SEMUA AKAN BAIK-BAIK SAJA,21cineplex,,16SABB,Drama,113 menit,13+,2D,2026-05-27,d2b2b2be-98a7-45f3-8487-f7decefb1b0c,2026-05-26T16:30:51.769304
07210449-a423-4c5f-9f93-28714b00dd41,PASSENGER,21cineplex,,26PASR,Horror,94 menit,D17+,2D,2026-05-27,dc2ed647-e871-4e1f-ad78-9571e11f5325,2026-05-26T16:30:51.769471
07210449-a423-4c5f-9f93-28714b00dd41,GOHAN,21cineplex,,26GOHN,Drama,140 menit,SU,2D,2026-05-27,0822bf81-38ff-47d7-93a2-f2267fa57c2b,2026-05-26T16:30:51.769576
07210449-a423-4c5f-9f93-28714b00dd41,CHILDREN OF HEAVEN,21cineplex,,16COHN,"Drama, Family",97 menit,SU,2D,2026-05-27,b729f427-572e-4b41-9c36-fbaaf450d1d2,2026-05-26T16:30:51.769666
07210449-a423-4c5f-9f93-28714b00dd41,HOKUM,21cineplex,,26HOKM,Horror,107 menit,13+,2D,2026-05-27,36e5c7de-6752-4eb1-a58b-d75c2125d0a9,2026-05-26T16:30:51.769811
07210449-a423-4c5f-9f93-28714b00dd41,SUAMIKU LUKAKU,21cineplex,,16SLUU,Drama,92 menit,D17+,2D,2026-05-27,eb14fbad-c0cf-42a7-8235-960201fb1b04,2026-05-26T16:30:51.769948
07210449-a423-4c5f-9f93-28714b00dd41,COLONY,21cineplex,,26COLY,"Horror, Thriller",122 menit,13+,2D,2026-06-03,204d131b-7d7f-4d41-8507-e1921966e629,2026-05-26T16:30:51.770110
52a6b64e-baf1-4c0a-96bc-15df7249f1d6,STAR WARS: THE MANDALORIAN AND GROGU,21cineplex,,26SWMG,"Fantasy, Sci-Fi",132 menit,13+,2D,2026-05-26,96f86870-2cb9-4dcd-bb9a-fdb4d69210ac,2026-05-26T16:30:56.349360
52a6b64e-baf1-4c0a-96bc-15df7249f1d6,GOHAN,21cineplex,,26GOHN,Drama,140 menit,SU,2D,2026-05-26,e526d521-5c78-47fa-a8f1-f3423fab3ac9,2026-05-26T16:30:56.349601
52a6b64e-baf1-4c0a-96bc-15df7249f1d6,GUDANG MERICA,21cineplex,,16GMEA,"Comedy, Horror",98 menit,D17+,2D,2026-05-26,e6ffd206-e231-4fa6-8608-6b581e656b17,2026-05-26T16:30:56.349745
52a6b64e-baf1-4c0a-96bc-15df7249f1d6,YANG LAIN BOLEH HILANG ASAL KAU JANGAN,21cineplex,,16YLBH,Drama,113 menit,13+,2D,2026-05-26,7a848fb4-0539-4dd3-a0da-a39c44aed425,2026-05-26T16:30:56.349998
52a6b64e-baf1-4c0a-96bc-15df7249f1d6,SEMUA AKAN BAIK-BAIK SAJA,21cineplex,,16SABB,Drama,113 menit,13+,2D,2026-05-26,d69b42cc-62a6-4b22-b8eb-3ff26d3895e0,2026-05-26T16:30:56.350244
52a6b64e-baf1-4c0a-96bc-15df7249f1d6,GHOST IN THE CELL,21cineplex,,16GITC,"Comedy, Horror",106 menit,D17+,2D,2026-05-26,abd77534-f15b-41e4-b51c-5bd7116b6c9a,2026-05-26T16:30:56.350490
52a6b64e-baf1-4c0a-96bc-15df7249f1d6,KELUARGA SUAMI ADALAH HAMA,21cineplex,,16KSAH,Drama,117 menit,13+,2D,2026-05-26,d9e4ae61-79e0-4764-bec6-314b03d0812f,2026-05-26T16:30:56.350707
52a6b64e-baf1-4c0a-96bc-15df7249f1d6,MORTAL KOMBAT II,21cineplex,,25MKT2,"Action, Adventure",116 menit,D17+,2D,2026-05-26,124e45d0-a970-4c11-8885-3c6d823ad31c,2026-05-26T16:30:56.350849
52a6b64e-baf1-4c0a-96bc-15df7249f1d6,TUMBAL PROYEK,21cineplex,,16TPRK,Horror,106 menit,D17+,2D,2026-05-26,4cebd152-4526-4e05-8a36-5d0900871a91,2026-05-26T16:30:56.350950
52a6b64e-baf1-4c0a-96bc-15df7249f1d6,SUAMIKU LUKAKU,21cineplex,,16SLUU,Drama,92 menit,D17+,2D,2026-05-27,3a5b469b-f875-42fb-9711-9368beb62750,2026-05-26T16:30:56.351211
52a6b64e-baf1-4c0a-96bc-15df7249f1d6,TUMBAL PROYEK,21cineplex,,16TPRK,Horror,106 menit,D17+,2D,2026-05-27,8ae95d06-bd71-415f-baa5-8ffee954dfda,2026-05-26T16:30:56.351389
52a6b64e-baf1-4c0a-96bc-15df7249f1d6,SEMUA AKAN BAIK-BAIK SAJA,21cineplex,,16SABB,Drama,113 menit,13+,2D,2026-05-27,674ff8b2-498d-4e88-8f42-b07a43005501,2026-05-26T16:30:56.351549
52a6b64e-baf1-4c0a-96bc-15df7249f1d6,GOHAN,21cineplex,,26GOHN,Drama,140 menit,SU,2D,2026-05-27,4a81e773-7e42-4adc-a3f4-77ee16a5fc7a,2026-05-26T16:30:56.351663
52a6b64e-baf1-4c0a-96bc-15df7249f1d6,CHILDREN OF HEAVEN,21cineplex,,16COHN,"Drama, Family",97 menit,SU,2D,2026-05-27,c036be57-1829-400a-88f2-1b04dc10e2b6,2026-05-26T16:30:56.351737
52a6b64e-baf1-4c0a-96bc-15df7249f1d6,SEKAWAN LIMO 2: GUNUNG KLAWIH,21cineplex,,16SK2G,"Comedy, Horror",122 menit,13+,2D,2026-05-27,3163ed0e-fa31-4cb5-891f-3f6041a5172b,2026-05-26T16:30:56.351918
52a6b64e-baf1-4c0a-96bc-15df7249f1d6,PASSENGER,21cineplex,,26PASR,Horror,94 menit,D17+,2D,2026-05-27,41dbfbb3-8ee5-49fd-878d-dd150d91ca64,2026-05-26T16:30:56.352067
52a6b64e-baf1-4c0a-96bc-15df7249f1d6,MORTAL KOMBAT II,21cineplex,,25MKT2,"Action, Adventure",116 menit,D17+,2D,2026-05-27,0f66cdb7-4d92-4a6a-b582-e1bf4a2eaea2,2026-05-26T16:30:56.352211
52a6b64e-baf1-4c0a-96bc-15df7249f1d6,GUDANG MERICA,21cineplex,,16GMEA,"Comedy, Horror",98 menit,D17+,2D,2026-05-27,24d974d0-1572-4499-b328-69a37aa8ec72,2026-05-26T16:30:56.352280
52a6b64e-baf1-4c0a-96bc-15df7249f1d6,BADUT GENDONG,21cineplex,,16BGEG,"Action, Horror",101 menit,D17+,2D,2026-05-27,ae1e7043-6c8a-4d08-9435-fb332a1ab6ad,2026-05-26T16:30:56.352432
d5dc0a48-8187-4c32-be42-f3ea2e93009e,GUDANG MERICA,21cineplex,,16GMEA,"Comedy, Horror",98 menit,D17+,2D,2026-05-26,1db35055-89c4-4ecb-80ee-3ae3e6fff99e,2026-05-26T16:30:57.741707
d5dc0a48-8187-4c32-be42-f3ea2e93009e,TUMBAL PROYEK,21cineplex,,16TPRK,Horror,106 menit,D17+,2D,2026-05-26,a775574f-d4f4-43ac-8795-b354012d731e,2026-05-26T16:30:57.741960
d5dc0a48-8187-4c32-be42-f3ea2e93009e,SEMUA AKAN BAIK-BAIK SAJA,21cineplex,,16SABB,Drama,113 menit,13+,2D,2026-05-26,f6b250f4-b3f9-4091-be2f-1e7d36622533,2026-05-26T16:30:57.742165
d5dc0a48-8187-4c32-be42-f3ea2e93009e,STAR WARS: THE MANDALORIAN AND GROGU,21cineplex,,26SWMG,"Fantasy, Sci-Fi",132 menit,13+,2D,2026-05-26,9dbc44ab-519c-43e4-81d1-38ed507433cc,2026-05-26T16:30:57.742309
d5dc0a48-8187-4c32-be42-f3ea2e93009e,SUAMIKU LUKAKU,21cineplex,,16SLUU,Drama,92 menit,D17+,2D,2026-05-27,03d7ae24-1ed6-4055-ad27-39a50c99b639,2026-05-26T16:30:57.742418
d5dc0a48-8187-4c32-be42-f3ea2e93009e,CHILDREN OF HEAVEN,21cineplex,,16COHN,"Drama, Family",97 menit,SU,2D,2026-05-27,161495c3-ece5-4888-a230-d4f402259ab3,2026-05-26T16:30:57.742609
d5dc0a48-8187-4c32-be42-f3ea2e93009e,SEKAWAN LIMO 2: GUNUNG KLAWIH,21cineplex,,16SK2G,"Comedy, Horror",122 menit,13+,2D,2026-05-27,530c007b-ebef-49b2-b08b-2a3726e46cb3,2026-05-26T16:30:57.742799
d5dc0a48-8187-4c32-be42-f3ea2e93009e,BADUT GENDONG,21cineplex,,16BGEG,"Action, Horror",101 menit,D17+,2D,2026-05-27,db9fd18e-6c94-4066-928a-3e10e77b48c8,2026-05-26T16:30:57.742958
bdae136d-b8ef-4bed-be4b-a7a5d4686e8f,THE DEVIL WEARS PRADA 2,21cineplex,,26DWP2,"Comedy, Drama",119 menit,13+,2D,2026-05-26,179e133c-75ef-4775-b9f1-1ba96d24c68d,2026-05-26T16:30:59.305363
bdae136d-b8ef-4bed-be4b-a7a5d4686e8f,MICHAEL,21cineplex,,26MICL,Biography,127 menit,SU,2D,2026-05-26,a01fa2e1-48d7-47e6-98cd-29173d1b50c6,2026-05-26T16:30:59.305521
bdae136d-b8ef-4bed-be4b-a7a5d4686e8f,HOKUM,21cineplex,,26HOKM,Horror,107 menit,13+,2D,2026-05-26,eacf448b-d87b-47c7-891e-0721b392503c,2026-05-26T16:30:59.305667
bdae136d-b8ef-4bed-be4b-a7a5d4686e8f,CHILDREN OF HEAVEN,21cineplex,,16COHN,"Drama, Family",97 menit,SU,2D,2026-05-27,78d4843b-40fe-4cfc-81af-d407d98f3a3d,2026-05-26T16:30:59.305768
bdae136d-b8ef-4bed-be4b-a7a5d4686e8f,MICHAEL,21cineplex,,26MICL,Biography,127 menit,SU,2D,2026-05-27,292e2993-bd0c-4227-8907-bc21cd0471b0,2026-05-26T16:30:59.305883
bdae136d-b8ef-4bed-be4b-a7a5d4686e8f,GOHAN,21cineplex,,26GOHN,Drama,140 menit,SU,2D,2026-05-27,b6d63937-9372-4c00-b934-2e781ff43d86,2026-05-26T16:30:59.305976
bdae136d-b8ef-4bed-be4b-a7a5d4686e8f,SUAMIKU LUKAKU,21cineplex,,16SLUU,Drama,92 menit,D17+,2D,2026-05-27,f473003a-4f59-40e5-bbde-5a230cd25ffa,2026-05-26T16:30:59.306070
27b7435f-0342-452e-8bc8-9adb27b03440,STAR WARS: THE MANDALORIAN AND GROGU,21cineplex,,26SWMG,"Fantasy, Sci-Fi",132 menit,13+,2D,2026-05-26,1ddbfcfe-8fbb-4fc5-a08d-cab4c52ef884,2026-05-26T16:31:03.991659
27b7435f-0342-452e-8bc8-9adb27b03440,SEMUA AKAN BAIK-BAIK SAJA,21cineplex,,16SABB,Drama,113 menit,13+,2D,2026-05-26,b7bf42a9-f0d4-4620-b6c6-6da62766bff6,2026-05-26T16:31:03.991842
27b7435f-0342-452e-8bc8-9adb27b03440,GHOST IN THE CELL,21cineplex,,16GITC,"Comedy, Horror",106 menit,D17+,2D,2026-05-26,08910192-547e-467a-bd04-a443411c75a4,2026-05-26T16:31:03.992055
27b7435f-0342-452e-8bc8-9adb27b03440,TUMBAL PROYEK,21cineplex,,16TPRK,Horror,106 menit,D17+,2D,2026-05-26,8afa73a4-1e74-4486-84d6-0d21307aa9ff,2026-05-26T16:31:03.992174
27b7435f-0342-452e-8bc8-9adb27b03440,GOHAN,21cineplex,,26GOHN,Drama,140 menit,SU,2D,2026-05-26,71afa417-1776-4031-823e-71376abeaf41,2026-05-26T16:31:03.992322
27b7435f-0342-452e-8bc8-9adb27b03440,HOKUM,21cineplex,,26HOKM,Horror,107 menit,13+,2D,2026-05-26,e6866d18-97e0-4bef-98fa-3502b8846856,2026-05-26T16:31:03.992457
27b7435f-0342-452e-8bc8-9adb27b03440,SALMOKJI: WHISPERING WATER,21cineplex,,26SWWR,Horror,95 menit,D17+,2D,2026-05-26,125f51af-dce2-4845-938c-84148aff7547,2026-05-26T16:31:03.992600
27b7435f-0342-452e-8bc8-9adb27b03440,HOKUM,21cineplex,,26HOKM,Horror,107 menit,13+,2D,2026-05-27,48d4bb43-b8d1-4b79-9a19-40ee6794a7f8,2026-05-26T16:31:03.992705
27b7435f-0342-452e-8bc8-9adb27b03440,PASSENGER,21cineplex,,26PASR,Horror,94 menit,D17+,2D,2026-05-27,73ab9185-4359-4f2d-8caf-2ecc05c0c799,2026-05-26T16:31:03.992782
27b7435f-0342-452e-8bc8-9adb27b03440,SEKAWAN LIMO 2: GUNUNG KLAWIH,21cineplex,,16SK2G,"Comedy, Horror",122 menit,13+,2D,2026-05-27,5d5ee0f8-ee94-4e74-8920-0935acdff03e,2026-05-26T16:31:03.992951
27b7435f-0342-452e-8bc8-9adb27b03440,TUMBAL PROYEK,21cineplex,,16TPRK,Horror,106 menit,D17+,2D,2026-05-27,b9cc5790-9efd-4550-9d75-2c637686388e,2026-05-26T16:31:03.993103
27b7435f-0342-452e-8bc8-9adb27b03440,SEMUA AKAN BAIK-BAIK SAJA,21cineplex,,16SABB,Drama,113 menit,13+,2D,2026-05-27,dd622f7c-6536-44b1-a679-1dec45825a57,2026-05-26T16:31:03.993215
27b7435f-0342-452e-8bc8-9adb27b03440,SUAMIKU LUKAKU,21cineplex,,16SLUU,Drama,92 menit,D17+,2D,2026-05-27,18d05351-7d40-41d6-a035-80c73436a476,2026-05-26T16:31:03.993363
27b7435f-0342-452e-8bc8-9adb27b03440,CHILDREN OF HEAVEN,21cineplex,,16COHN,"Drama, Family",97 menit,SU,2D,2026-05-27,41479ab3-8c52-4dba-87da-e4034ab19797,2026-05-26T16:31:03.993528
27b7435f-0342-452e-8bc8-9adb27b03440,GOHAN,21cineplex,,26GOHN,Drama,140 menit,SU,2D,2026-05-27,ce6ad289-9828-4258-b084-f8dee11ec2b5,2026-05-26T16:31:03.993678
27b7435f-0342-452e-8bc8-9adb27b03440,COLONY,21cineplex,,26COLY,"Horror, Thriller",122 menit,13+,2D,2026-06-03,23fb32e7-dea1-46bd-817c-eaa7c98a37a2,2026-05-26T16:31:03.993775
1ec9defb-2e56-4b2a-b96b-5440c9121bae,SEMUA AKAN BAIK-BAIK SAJA,21cineplex,,16SABB,Drama,113 menit,13+,2D,2026-05-26,3480918f-ae79-4c12-b6cf-fe45f391e854,2026-05-26T16:31:05.222769
1ec9defb-2e56-4b2a-b96b-5440c9121bae,GUDANG MERICA,21cineplex,,16GMEA,"Comedy, Horror",98 menit,D17+,2D,2026-05-26,da69b280-b044-428b-9478-60cc28dfec50,2026-05-26T16:31:05.222882
1ec9defb-2e56-4b2a-b96b-5440c9121bae,TUMBAL PROYEK,21cineplex,,16TPRK,Horror,106 menit,D17+,2D,2026-05-26,7ed00b11-88fa-448b-850d-814adea8a4f5,2026-05-26T16:31:05.222958
1ec9defb-2e56-4b2a-b96b-5440c9121bae,STAR WARS: THE MANDALORIAN AND GROGU,21cineplex,,26SWMG,"Fantasy, Sci-Fi",132 menit,13+,2D,2026-05-26,bbc81843-7e08-4bed-bf25-b406f3bc57a6,2026-05-26T16:31:05.223027
1ec9defb-2e56-4b2a-b96b-5440c9121bae,BADUT GENDONG,21cineplex,,16BGEG,"Action, Horror",101 menit,D17+,2D,2026-05-27,88244f54-6365-483e-846b-0a286e8f98da,2026-05-26T16:31:05.223087
1ec9defb-2e56-4b2a-b96b-5440c9121bae,SEKAWAN LIMO 2: GUNUNG KLAWIH,21cineplex,,16SK2G,"Comedy, Horror",122 menit,13+,2D,2026-05-27,2ad1be9a-8360-4f05-883a-a5bf625e5799,2026-05-26T16:31:05.223160
1ec9defb-2e56-4b2a-b96b-5440c9121bae,CHILDREN OF HEAVEN,21cineplex,,16COHN,"Drama, Family",97 menit,SU,2D,2026-05-27,e297a810-b6c0-4fe9-9c1f-6fe3a426fc8c,2026-05-26T16:31:05.223228
1ec9defb-2e56-4b2a-b96b-5440c9121bae,SUAMIKU LUKAKU,21cineplex,,16SLUU,Drama,92 menit,D17+,2D,2026-05-27,b2f351bf-b610-4a38-959d-78193569ff54,2026-05-26T16:31:05.223299
3840f0a5-afce-4495-a194-29b8a9dd606a,GUDANG MERICA,21cineplex,,16GMEA,"Comedy, Horror",98 menit,D17+,2D,2026-05-26,e5e22be4-2d04-4c21-ba62-361b718c6341,2026-05-26T16:31:06.749919
3840f0a5-afce-4495-a194-29b8a9dd606a,KELUARGA SUAMI ADALAH HAMA,21cineplex,,16KSAH,Drama,117 menit,13+,2D,2026-05-26,0ec8fabc-3cd3-42fb-8876-d3d50854e582,2026-05-26T16:31:06.750126
3840f0a5-afce-4495-a194-29b8a9dd606a,YANG LAIN BOLEH HILANG ASAL KAU JANGAN,21cineplex,,16YLBH,Drama,113 menit,13+,2D,2026-05-26,2fcfa4a6-d629-45bc-94fe-b4226103e9c1,2026-05-26T16:31:06.750260
3840f0a5-afce-4495-a194-29b8a9dd606a,MORTAL KOMBAT II,21cineplex,,25MKT2,"Action, Adventure",116 menit,D17+,2D,2026-05-26,449f416c-c30f-4fd9-a678-ea296b2df3ae,2026-05-26T16:31:06.750466
3840f0a5-afce-4495-a194-29b8a9dd606a,TUMBAL PROYEK,21cineplex,,16TPRK,Horror,106 menit,D17+,2D,2026-05-26,98699b0b-a28a-428f-b488-9c874f39dd30,2026-05-26T16:31:06.750638
3840f0a5-afce-4495-a194-29b8a9dd606a,SEMUA AKAN BAIK-BAIK SAJA,21cineplex,,16SABB,Drama,113 menit,13+,2D,2026-05-26,f3d5ff70-fc5c-487c-8c66-f26c0aa60da3,2026-05-26T16:31:06.750805
3840f0a5-afce-4495-a194-29b8a9dd606a,PASSENGER,21cineplex,,26PASR,Horror,94 menit,D17+,2D,2026-05-27,436d92c1-663b-45b2-865a-7f19cf6f83df,2026-05-26T16:31:06.750995
3840f0a5-afce-4495-a194-29b8a9dd606a,TUMBAL PROYEK,21cineplex,,16TPRK,Horror,106 menit,D17+,2D,2026-05-27,1c01692d-01eb-4ae6-bdc0-90221c36cbab,2026-05-26T16:31:06.751157
3840f0a5-afce-4495-a194-29b8a9dd606a,CHILDREN OF HEAVEN,21cineplex,,16COHN,"Drama, Family",97 menit,SU,2D,2026-05-27,a1eb504a-d6b2-4a4f-8800-00b377e4ad3c,2026-05-26T16:31:06.751318
3840f0a5-afce-4495-a194-29b8a9dd606a,SEKAWAN LIMO 2: GUNUNG KLAWIH,21cineplex,,16SK2G,"Comedy, Horror",122 menit,13+,2D,2026-05-27,03394787-3f32-472f-ae4d-2e04e81d2174,2026-05-26T16:31:06.751486
3840f0a5-afce-4495-a194-29b8a9dd606a,BADUT GENDONG,21cineplex,,16BGEG,"Action, Horror",101 menit,D17+,2D,2026-05-27,f1776b55-27e9-4ea4-969f-3e2ffebb2d9a,2026-05-26T16:31:06.751636
0b096536-4112-45fd-a642-66609e72ad3a,HOKUM,21cineplex,,26HOKM,Horror,107 menit,13+,2D,2026-05-26,a20156f6-03b2-4f46-80c2-75ca32aad271,2026-05-26T16:31:08.278603
0b096536-4112-45fd-a642-66609e72ad3a,SALMOKJI: WHISPERING WATER,21cineplex,,26SWWR,Horror,95 menit,D17+,2D,2026-05-26,43de3c43-3684-4cdf-b491-aeeff62bc90a,2026-05-26T16:31:08.278815
0b096536-4112-45fd-a642-66609e72ad3a,TUMBAL PROYEK,21cineplex,,16TPRK,Horror,106 menit,D17+,2D,2026-05-26,dd511696-6ad5-4b02-9374-8e95bcfa394f,2026-05-26T16:31:08.278926
0b096536-4112-45fd-a642-66609e72ad3a,SEMUA AKAN BAIK-BAIK SAJA,21cineplex,,16SABB,Drama,113 menit,13+,2D,2026-05-26,62db4160-6788-470a-8500-40dabb1a70cc,2026-05-26T16:31:08.279095
0b096536-4112-45fd-a642-66609e72ad3a,GOHAN,21cineplex,,26GOHN,Drama,140 menit,SU,2D,2026-05-26,b65c9ec7-dfa1-4cc5-a6be-29644de7cc94,2026-05-26T16:31:08.279280
0b096536-4112-45fd-a642-66609e72ad3a,STAR WARS: THE MANDALORIAN AND GROGU,21cineplex,,26SWMG,"Fantasy, Sci-Fi",132 menit,13+,2D,2026-05-26,751eb44d-d3e7-444e-b2f2-fdb972d0b9d2,2026-05-26T16:31:08.279402
0b096536-4112-45fd-a642-66609e72ad3a,KELUARGA SUAMI ADALAH HAMA,21cineplex,,16KSAH,Drama,117 menit,13+,2D,2026-05-26,90f2e1ce-e0ee-4a7b-8fb6-7f376f41a05b,2026-05-26T16:31:08.279526
0b096536-4112-45fd-a642-66609e72ad3a,SUAMIKU LUKAKU,21cineplex,,16SLUU,Drama,92 menit,D17+,2D,2026-05-27,6d71c8b5-a46f-4862-89c9-5986b8e1d478,2026-05-26T16:31:08.279622
0b096536-4112-45fd-a642-66609e72ad3a,STAR WARS: THE MANDALORIAN AND GROGU,21cineplex,,26SWMG,"Fantasy, Sci-Fi",132 menit,13+,2D,2026-05-27,c82e1602-5919-4f43-8512-aa6ed1aeb9bb,2026-05-26T16:31:08.279790
0b096536-4112-45fd-a642-66609e72ad3a,CHILDREN OF HEAVEN,21cineplex,,16COHN,"Drama, Family",97 menit,SU,2D,2026-05-27,946ec385-0b2f-4e36-bb5b-a8e81268297f,2026-05-26T16:31:08.279843
0b096536-4112-45fd-a642-66609e72ad3a,TUMBAL PROYEK,21cineplex,,16TPRK,Horror,106 menit,D17+,2D,2026-05-27,0104f324-6e23-4d7f-92bb-ea1bb7dde7c4,2026-05-26T16:31:08.280141
0b096536-4112-45fd-a642-66609e72ad3a,PASSENGER,21cineplex,,26PASR,Horror,94 menit,D17+,2D,2026-05-27,010a6c26-50a1-4f1e-8a46-d36fe8eabc19,2026-05-26T16:31:08.280263
0b096536-4112-45fd-a642-66609e72ad3a,HOKUM,21cineplex,,26HOKM,Horror,107 menit,13+,2D,2026-05-27,6205a96f-cd29-4e10-b985-b4cb3b779895,2026-05-26T16:31:08.280509
0b096536-4112-45fd-a642-66609e72ad3a,SEMUA AKAN BAIK-BAIK SAJA,21cineplex,,16SABB,Drama,113 menit,13+,2D,2026-05-27,ac27fabe-8df3-4271-b788-567dbb28ed7c,2026-05-26T16:31:08.280608
0b096536-4112-45fd-a642-66609e72ad3a,SEKAWAN LIMO 2: GUNUNG KLAWIH,21cineplex,,16SK2G,"Comedy, Horror",122 menit,13+,2D,2026-05-27,d8760e34-280e-4c58-af76-da4635dfb7de,2026-05-26T16:31:08.280696
0b096536-4112-45fd-a642-66609e72ad3a,COLONY,21cineplex,,26COLY,"Horror, Thriller",122 menit,13+,2D,2026-06-03,158c1bd9-03c4-4114-9474-715a0228350a,2026-05-26T16:31:08.280854
3855f7bb-e7bb-4701-9b6f-a5d95209c2c7,GUDANG MERICA,21cineplex,,16GMEA,"Comedy, Horror",98 menit,D17+,2D,2026-05-26,ac64f440-d0b7-4a2d-ad3e-1e360ccc25dd,2026-05-26T16:31:09.968290
3855f7bb-e7bb-4701-9b6f-a5d95209c2c7,GHOST IN THE CELL,21cineplex,,16GITC,"Comedy, Horror",106 menit,D17+,2D,2026-05-26,90623631-178c-4873-ad46-6ecfe9f64adc,2026-05-26T16:31:09.968511
3855f7bb-e7bb-4701-9b6f-a5d95209c2c7,TUMBAL PROYEK,21cineplex,,16TPRK,Horror,106 menit,D17+,2D,2026-05-26,05683467-20a8-4507-8b86-228c0c636d49,2026-05-26T16:31:09.968658
3855f7bb-e7bb-4701-9b6f-a5d95209c2c7,KELUARGA SUAMI ADALAH HAMA,21cineplex,,16KSAH,Drama,117 menit,13+,2D,2026-05-26,a8b84a4b-4f8e-4f5a-a9c0-f3b81b4fa5d4,2026-05-26T16:31:09.968970
3855f7bb-e7bb-4701-9b6f-a5d95209c2c7,SEMUA AKAN BAIK-BAIK SAJA,21cineplex,,16SABB,Drama,113 menit,13+,2D,2026-05-26,d86dc2c3-052c-4a49-9edf-c245fddd7bde,2026-05-26T16:31:09.969141
3855f7bb-e7bb-4701-9b6f-a5d95209c2c7,HOKUM,21cineplex,,26HOKM,Horror,107 menit,13+,2D,2026-05-26,f1ffb26e-0f7c-4ed5-8bc9-da39f036242b,2026-05-26T16:31:09.969374
3855f7bb-e7bb-4701-9b6f-a5d95209c2c7,SEMUA AKAN BAIK-BAIK SAJA,21cineplex,,16SABB,Drama,113 menit,13+,2D,2026-05-27,05e9a1ff-5e8d-49e3-9bfd-0d0b9790c09f,2026-05-26T16:31:09.969575
3855f7bb-e7bb-4701-9b6f-a5d95209c2c7,TUMBAL PROYEK,21cineplex,,16TPRK,Horror,106 menit,D17+,2D,2026-05-27,01008484-2151-4877-9ce9-97dcae1180a0,2026-05-26T16:31:09.969726
3855f7bb-e7bb-4701-9b6f-a5d95209c2c7,SUAMIKU LUKAKU,21cineplex,,16SLUU,Drama,92 menit,D17+,2D,2026-05-27,17e01da4-a283-4abe-aec9-c5047d35bb1a,2026-05-26T16:31:09.969872
3855f7bb-e7bb-4701-9b6f-a5d95209c2c7,HOKUM,21cineplex,,26HOKM,Horror,107 menit,13+,2D,2026-05-27,847794f0-138c-47df-afe7-c0ec17feec45,2026-05-26T16:31:09.970048
3855f7bb-e7bb-4701-9b6f-a5d95209c2c7,CHILDREN OF HEAVEN,21cineplex,,16COHN,"Drama, Family",97 menit,SU,2D,2026-05-27,f86748d5-b20b-4b0a-9850-3e4d88b8d32f,2026-05-26T16:31:09.970157
3855f7bb-e7bb-4701-9b6f-a5d95209c2c7,BADUT GENDONG,21cineplex,,16BGEG,"Action, Horror",101 menit,D17+,2D,2026-05-27,9a5234db-7dc1-4063-89ee-4e9980db3f8d,2026-05-26T16:31:09.970379
a2d5efa6-e2c5-41ed-bc33-1461ce944a79,STAR WARS: THE MANDALORIAN AND GROGU,21cineplex,,26SWMG,"Fantasy, Sci-Fi",132 menit,13+,2D,2026-05-26,97517a2e-9a5b-41e9-93b1-5f23e895f466,2026-05-26T16:31:11.278244
a2d5efa6-e2c5-41ed-bc33-1461ce944a79,SEMUA AKAN BAIK-BAIK SAJA,21cineplex,,16SABB,Drama,113 menit,13+,2D,2026-05-26,fd9daa77-14a1-4f32-bb1a-c868f7832d31,2026-05-26T16:31:11.278437
a2d5efa6-e2c5-41ed-bc33-1461ce944a79,GHOST IN THE CELL,21cineplex,,16GITC,"Comedy, Horror",106 menit,D17+,2D,2026-05-26,ad49d66d-2269-4cbd-b349-d30800e0795b,2026-05-26T16:31:11.278641
a2d5efa6-e2c5-41ed-bc33-1461ce944a79,TUMBAL PROYEK,21cineplex,,16TPRK,Horror,106 menit,D17+,2D,2026-05-26,604fb44d-b429-484b-ae97-9faf58cdf14e,2026-05-26T16:31:11.278751
a2d5efa6-e2c5-41ed-bc33-1461ce944a79,THE SHEEP DETECTIVES,21cineplex,,26SDES,"Comedy, Mystery",109 menit,SU,2D,2026-05-26,956e1788-0ea1-463d-b44a-3c5cfd711da0,2026-05-26T16:31:11.278898
a2d5efa6-e2c5-41ed-bc33-1461ce944a79,HOKUM,21cineplex,,26HOKM,Horror,107 menit,13+,2D,2026-05-26,4d15bd44-7d58-4164-a040-5ec1567efc49,2026-05-26T16:31:11.278962
a2d5efa6-e2c5-41ed-bc33-1461ce944a79,STAR WARS: THE MANDALORIAN AND GROGU,21cineplex,,26SWMG,"Fantasy, Sci-Fi",132 menit,13+,2D,2026-05-27,876c832e-b1a7-4e77-acfa-384a470f5f1c,2026-05-26T16:31:11.279062
a2d5efa6-e2c5-41ed-bc33-1461ce944a79,HOKUM,21cineplex,,26HOKM,Horror,107 menit,13+,2D,2026-05-27,b6437cc7-d9d6-4d2a-9dd5-acfce0d6f04a,2026-05-26T16:31:11.279126
a2d5efa6-e2c5-41ed-bc33-1461ce944a79,SEMUA AKAN BAIK-BAIK SAJA,21cineplex,,16SABB,Drama,113 menit,13+,2D,2026-05-27,daf381de-11bb-4bc2-94c8-18122f8d37ab,2026-05-26T16:31:11.279176
a2d5efa6-e2c5-41ed-bc33-1461ce944a79,TUMBAL PROYEK,21cineplex,,16TPRK,Horror,106 menit,D17+,2D,2026-05-27,3f28ca8f-81e5-45d1-8f4f-cd0e35aa360a,2026-05-26T16:31:11.279257
a2d5efa6-e2c5-41ed-bc33-1461ce944a79,SEKAWAN LIMO 2: GUNUNG KLAWIH,21cineplex,,16SK2G,"Comedy, Horror",122 menit,13+,2D,2026-05-27,843df134-d7d3-461e-bdf7-02cfc4cb9b73,2026-05-26T16:31:11.279327
a2d5efa6-e2c5-41ed-bc33-1461ce944a79,CHILDREN OF HEAVEN,21cineplex,,16COHN,"Drama, Family",97 menit,SU,2D,2026-05-27,3f6fd2b9-8dc8-4934-b260-214a0409cd50,2026-05-26T16:31:11.279421
85364188-8890-47fa-a862-8b6bf22d76f6,HOKUM,21cineplex,,26HOKM,Horror,107 menit,13+,2D,2026-05-26,45b7c268-4378-4cf1-8886-166314ec894b,2026-05-26T16:31:12.767005
85364188-8890-47fa-a862-8b6bf22d76f6,SEMUA AKAN BAIK-BAIK SAJA,21cineplex,,16SABB,Drama,113 menit,13+,2D,2026-05-26,df99e299-5524-4e88-a79e-ef6e82802885,2026-05-26T16:31:12.767105
85364188-8890-47fa-a862-8b6bf22d76f6,TUMBAL PROYEK,21cineplex,,16TPRK,Horror,106 menit,D17+,2D,2026-05-26,a21e10b5-f890-47e7-aa0b-145d8cff700e,2026-05-26T16:31:12.767232
85364188-8890-47fa-a862-8b6bf22d76f6,STAR WARS: THE MANDALORIAN AND GROGU,21cineplex,,26SWMG,"Fantasy, Sci-Fi",132 menit,13+,2D,2026-05-26,ba507464-2e52-4078-9ec6-9bed719eab01,2026-05-26T16:31:12.767411
85364188-8890-47fa-a862-8b6bf22d76f6,GHOST IN THE CELL,21cineplex,,16GITC,"Comedy, Horror",106 menit,D17+,2D,2026-05-26,6dc25cae-3495-46aa-92d6-cd4cbff1fe12,2026-05-26T16:31:12.767490
85364188-8890-47fa-a862-8b6bf22d76f6,GUDANG MERICA,21cineplex,,16GMEA,"Comedy, Horror",98 menit,D17+,2D,2026-05-26,19a82896-fdd0-4da9-9158-582b5157badf,2026-05-26T16:31:12.767591
85364188-8890-47fa-a862-8b6bf22d76f6,KELUARGA SUAMI ADALAH HAMA,21cineplex,,16KSAH,Drama,117 menit,13+,2D,2026-05-26,c8d271d0-887d-48e7-9c74-5d4af6a57b53,2026-05-26T16:31:12.767701
85364188-8890-47fa-a862-8b6bf22d76f6,SEKAWAN LIMO 2: GUNUNG KLAWIH,21cineplex,,16SK2G,"Comedy, Horror",122 menit,13+,2D,2026-05-27,09e0b067-1a88-4b19-bfcd-399256ba3f4a,2026-05-26T16:31:12.767781
85364188-8890-47fa-a862-8b6bf22d76f6,GUDANG MERICA,21cineplex,,16GMEA,"Comedy, Horror",98 menit,D17+,2D,2026-05-27,fc92fbc3-8562-4f87-9416-b012eb0842b2,2026-05-26T16:31:12.767884
85364188-8890-47fa-a862-8b6bf22d76f6,CHILDREN OF HEAVEN,21cineplex,,16COHN,"Drama, Family",97 menit,SU,2D,2026-05-27,c5aa0a49-f19a-46fc-9ad7-ff1ab748946a,2026-05-26T16:31:12.767982
85364188-8890-47fa-a862-8b6bf22d76f6,BADUT GENDONG,21cineplex,,16BGEG,"Action, Horror",101 menit,D17+,2D,2026-05-27,7dce4f51-5d11-4ec1-80b7-9a57f4406adf,2026-05-26T16:31:12.768080
85364188-8890-47fa-a862-8b6bf22d76f6,SEMUA AKAN BAIK-BAIK SAJA,21cineplex,,16SABB,Drama,113 menit,13+,2D,2026-05-27,f95a36a6-f25d-4d86-a43b-c45fcffe2323,2026-05-26T16:31:12.768180
85364188-8890-47fa-a862-8b6bf22d76f6,SUAMIKU LUKAKU,21cineplex,,16SLUU,Drama,92 menit,D17+,2D,2026-05-27,e5827501-39c8-41ce-926e-67f364ce2fea,2026-05-26T16:31:12.768275
85364188-8890-47fa-a862-8b6bf22d76f6,STAR WARS: THE MANDALORIAN AND GROGU,21cineplex,,26SWMG,"Fantasy, Sci-Fi",132 menit,13+,2D,2026-05-27,4268d612-da67-462c-b51d-6dfa9cd8aa7b,2026-05-26T16:31:12.768381
85364188-8890-47fa-a862-8b6bf22d76f6,TUMBAL PROYEK,21cineplex,,16TPRK,Horror,106 menit,D17+,2D,2026-05-27,9b1b05fa-10c0-4754-985e-1f0069bad410,2026-05-26T16:31:12.768432
85364188-8890-47fa-a862-8b6bf22d76f6,COLONY,21cineplex,,26COLY,"Horror, Thriller",122 menit,13+,2D,2026-06-03,5e030ec2-bd5f-4983-b19c-fd7dcd1afe75,2026-05-26T16:31:12.768524
4f0eb754-933f-4553-9fe1-a650b596bf90,TUMBAL PROYEK,21cineplex,,16TPRK,Horror,106 menit,D17+,2D,2026-05-26,27c4c819-bbac-4d52-9ade-21914ca1e4a9,2026-05-26T16:31:14.298213
4f0eb754-933f-4553-9fe1-a650b596bf90,SEMUA AKAN BAIK-BAIK SAJA,21cineplex,,16SABB,Drama,113 menit,13+,2D,2026-05-26,58c0c1eb-d02a-472f-9f4f-348b5745560f,2026-05-26T16:31:14.298316
4f0eb754-933f-4553-9fe1-a650b596bf90,HOKUM,21cineplex,,26HOKM,Horror,107 menit,13+,2D,2026-05-26,6ddea8f2-2b92-4da3-9296-fa967381fd5d,2026-05-26T16:31:14.300486
4f0eb754-933f-4553-9fe1-a650b596bf90,GHOST IN THE CELL,21cineplex,,16GITC,"Comedy, Horror",106 menit,D17+,2D,2026-05-26,6eecfb8f-36de-4a5d-97c1-e99328502183,2026-05-26T16:31:14.301280
4f0eb754-933f-4553-9fe1-a650b596bf90,GUDANG MERICA,21cineplex,,16GMEA,"Comedy, Horror",98 menit,D17+,2D,2026-05-26,caa4c807-761f-4919-a9df-d75eb3628ef5,2026-05-26T16:31:14.301615
4f0eb754-933f-4553-9fe1-a650b596bf90,KELUARGA SUAMI ADALAH HAMA,21cineplex,,16KSAH,Drama,117 menit,13+,2D,2026-05-26,6e1e98ba-5768-4797-9632-a3f5b2cef652,2026-05-26T16:31:14.301701
4f0eb754-933f-4553-9fe1-a650b596bf90,STAR WARS: THE MANDALORIAN AND GROGU,21cineplex,,26SWMG,"Fantasy, Sci-Fi",132 menit,13+,2D,2026-05-26,cbf3fc30-33df-4080-a9f7-74199edbe0a4,2026-05-26T16:31:14.302460
4f0eb754-933f-4553-9fe1-a650b596bf90,YANG LAIN BOLEH HILANG ASAL KAU JANGAN,21cineplex,,16YLBH,Drama,113 menit,13+,2D,2026-05-26,7c9481b0-acfc-43a8-bfd2-f2a3674a2e3e,2026-05-26T16:31:14.303506
4f0eb754-933f-4553-9fe1-a650b596bf90,HOKUM,21cineplex,,26HOKM,Horror,107 menit,13+,2D,2026-05-27,4201588f-c430-48db-8e94-4e686b7905a6,2026-05-26T16:31:14.311523
4f0eb754-933f-4553-9fe1-a650b596bf90,YANG LAIN BOLEH HILANG ASAL KAU JANGAN,21cineplex,,16YLBH,Drama,113 menit,13+,2D,2026-05-27,ba341caf-e80a-4deb-a9ee-bbc9bce86e67,2026-05-26T16:31:14.314109
4f0eb754-933f-4553-9fe1-a650b596bf90,CHILDREN OF HEAVEN,21cineplex,,16COHN,"Drama, Family",97 menit,SU,2D,2026-05-27,99b945d5-cb81-41e4-bcbc-2b3b987580ea,2026-05-26T16:31:14.320318
4f0eb754-933f-4553-9fe1-a650b596bf90,BADUT GENDONG,21cineplex,,16BGEG,"Action, Horror",101 menit,D17+,2D,2026-05-27,67707ac6-9280-4b19-b3cf-22e5d0df4094,2026-05-26T16:31:14.320411
4f0eb754-933f-4553-9fe1-a650b596bf90,SUAMIKU LUKAKU,21cineplex,,16SLUU,Drama,92 menit,D17+,2D,2026-05-27,e0ee2e8c-936a-4821-9fe6-d4c9211a1e95,2026-05-26T16:31:14.320490
4f0eb754-933f-4553-9fe1-a650b596bf90,TUMBAL PROYEK,21cineplex,,16TPRK,Horror,106 menit,D17+,2D,2026-05-27,dc640405-79cc-4381-bd13-472e71aee711,2026-05-26T16:31:14.320617
4f0eb754-933f-4553-9fe1-a650b596bf90,GUDANG MERICA,21cineplex,,16GMEA,"Comedy, Horror",98 menit,D17+,2D,2026-05-27,3d501eb9-6f3d-43ad-a7d4-018511b43175,2026-05-26T16:31:14.320680
4f0eb754-933f-4553-9fe1-a650b596bf90,SEKAWAN LIMO 2: GUNUNG KLAWIH,21cineplex,,16SK2G,"Comedy, Horror",122 menit,13+,2D,2026-05-27,8cc55aca-aaa5-4e6a-91c4-21257352bb65,2026-05-26T16:31:14.320816
4f0eb754-933f-4553-9fe1-a650b596bf90,SEMUA AKAN BAIK-BAIK SAJA,21cineplex,,16SABB,Drama,113 menit,13+,2D,2026-05-27,e5b34aee-4928-488d-b58b-c0891ad156ef,2026-05-26T16:31:14.320887
4f0eb754-933f-4553-9fe1-a650b596bf90,COLONY,21cineplex,,26COLY,"Horror, Thriller",122 menit,13+,2D,2026-06-03,57483a4c-ad29-4962-a789-5726cf395d3b,2026-05-26T16:31:14.320975
470b2fc1-03cb-4cbc-9974-a1c299be2748,TUMBAL PROYEK,21cineplex,,16TPRK,Horror,106 menit,D17+,2D,2026-05-26,4453e4d9-5227-4444-8b8e-9de983c0e2de,2026-05-26T16:31:17.288927
470b2fc1-03cb-4cbc-9974-a1c299be2748,KELUARGA SUAMI ADALAH HAMA,21cineplex,,16KSAH,Drama,117 menit,13+,2D,2026-05-26,3b33d0e9-73e8-4fcd-ac5f-c0f1692a2cf0,2026-05-26T16:31:17.289232
470b2fc1-03cb-4cbc-9974-a1c299be2748,GHOST IN THE CELL,21cineplex,,16GITC,"Comedy, Horror",106 menit,D17+,2D,2026-05-26,f4cc51ec-0d84-4caa-a1c8-9eebf396756b,2026-05-26T16:31:17.289414
470b2fc1-03cb-4cbc-9974-a1c299be2748,GUDANG MERICA,21cineplex,,16GMEA,"Comedy, Horror",98 menit,D17+,2D,2026-05-26,184ec49e-c13e-4118-be35-11a45f10ee1e,2026-05-26T16:31:17.289672
470b2fc1-03cb-4cbc-9974-a1c299be2748,SEMUA AKAN BAIK-BAIK SAJA,21cineplex,,16SABB,Drama,113 menit,13+,2D,2026-05-26,723f8a7e-3e0d-49dc-82a0-9777bc2ade6a,2026-05-26T16:31:17.289830
470b2fc1-03cb-4cbc-9974-a1c299be2748,BADUT GENDONG,21cineplex,,16BGEG,"Action, Horror",101 menit,D17+,2D,2026-05-27,586973c0-f3f6-44f3-954b-5c3df95d7ffb,2026-05-26T16:31:17.290087
470b2fc1-03cb-4cbc-9974-a1c299be2748,SUAMIKU LUKAKU,21cineplex,,16SLUU,Drama,92 menit,D17+,2D,2026-05-27,582653bb-6914-4e02-a526-043a4a4f71f9,2026-05-26T16:31:17.290241
470b2fc1-03cb-4cbc-9974-a1c299be2748,TUMBAL PROYEK,21cineplex,,16TPRK,Horror,106 menit,D17+,2D,2026-05-27,6af6a6c4-f4b1-4658-ba5d-9286183471b9,2026-05-26T16:31:17.290582
470b2fc1-03cb-4cbc-9974-a1c299be2748,SEKAWAN LIMO 2: GUNUNG KLAWIH,21cineplex,,16SK2G,"Comedy, Horror",122 menit,13+,2D,2026-05-27,e4200cbc-860e-4e2b-a06f-07effa84f505,2026-05-26T16:31:17.290754
470b2fc1-03cb-4cbc-9974-a1c299be2748,CHILDREN OF HEAVEN,21cineplex,,16COHN,"Drama, Family",97 menit,SU,2D,2026-05-27,25ea546d-dd81-4b9d-bdd3-5e59f93301f3,2026-05-26T16:31:17.290927
f70b98a0-fc12-4f6d-8c62-4d6c3d882857,STAR WARS: THE MANDALORIAN AND GROGU,21cineplex,,26SWMG,"Fantasy, Sci-Fi",132 menit,13+,2D,2026-05-26,d1cdee92-4061-49ec-810a-4746cdd02d64,2026-05-26T16:31:18.980999
f70b98a0-fc12-4f6d-8c62-4d6c3d882857,YANG LAIN BOLEH HILANG ASAL KAU JANGAN,21cineplex,,16YLBH,Drama,113 menit,13+,2D,2026-05-26,2147f510-3af6-4a9e-b10b-cc822c49a393,2026-05-26T16:31:18.981136
f70b98a0-fc12-4f6d-8c62-4d6c3d882857,SEMUA AKAN BAIK-BAIK SAJA,21cineplex,,16SABB,Drama,113 menit,13+,2D,2026-05-26,efb23342-0efd-40d5-9f77-f9c33e36dc0a,2026-05-26T16:31:18.981268
f70b98a0-fc12-4f6d-8c62-4d6c3d882857,GUDANG MERICA,21cineplex,,16GMEA,"Comedy, Horror",98 menit,D17+,2D,2026-05-26,8cc6ae8a-ae91-42ae-b888-9345be182b72,2026-05-26T16:31:18.981457
f70b98a0-fc12-4f6d-8c62-4d6c3d882857,TUMBAL PROYEK,21cineplex,,16TPRK,Horror,106 menit,D17+,2D,2026-05-26,fa387f80-30c4-4878-8374-16fd570b3aa3,2026-05-26T16:31:18.981610
f70b98a0-fc12-4f6d-8c62-4d6c3d882857,GHOST IN THE CELL,21cineplex,,16GITC,"Comedy, Horror",106 menit,D17+,2D,2026-05-26,675d3e18-11d0-4a5e-8120-99b6c419cbfd,2026-05-26T16:31:18.981792
f70b98a0-fc12-4f6d-8c62-4d6c3d882857,SEMUA AKAN BAIK-BAIK SAJA,21cineplex,,16SABB,Drama,113 menit,13+,2D,2026-05-27,d525f66c-7d37-436b-9ad4-b76e9555e112,2026-05-26T16:31:18.981915
f70b98a0-fc12-4f6d-8c62-4d6c3d882857,CHILDREN OF HEAVEN,21cineplex,,16COHN,"Drama, Family",97 menit,SU,2D,2026-05-27,2b8e6ccc-5f02-4cfc-b53b-0d3c6fc60456,2026-05-26T16:31:18.982034
f70b98a0-fc12-4f6d-8c62-4d6c3d882857,SUAMIKU LUKAKU,21cineplex,,16SLUU,Drama,92 menit,D17+,2D,2026-05-27,76637601-3166-4f8d-af8a-873cd193d928,2026-05-26T16:31:18.982210
f70b98a0-fc12-4f6d-8c62-4d6c3d882857,SEKAWAN LIMO 2: GUNUNG KLAWIH,21cineplex,,16SK2G,"Comedy, Horror",122 menit,13+,2D,2026-05-27,92946442-8dcd-4d6d-bd98-0ee6cd89afcf,2026-05-26T16:31:18.982391
f70b98a0-fc12-4f6d-8c62-4d6c3d882857,TUMBAL PROYEK,21cineplex,,16TPRK,Horror,106 menit,D17+,2D,2026-05-27,e7926b57-8151-448a-9c53-a25e472fd5ef,2026-05-26T16:31:18.982513
410d2063-443c-4860-85cb-fc16108c4e3a,THE SHEEP DETECTIVES,21cineplex,,26SDES,"Comedy, Mystery",109 menit,SU,2D,2026-05-26,7d052990-b53e-4054-8120-d3d92d1fae07,2026-05-26T16:31:20.296253
410d2063-443c-4860-85cb-fc16108c4e3a,HOKUM,21cineplex,,26HOKM,Horror,107 menit,13+,2D,2026-05-26,578919fe-55d0-41ee-b906-f9ab47faba11,2026-05-26T16:31:20.296397
410d2063-443c-4860-85cb-fc16108c4e3a,MORTAL KOMBAT II,21cineplex,,25MKT2,"Action, Adventure",116 menit,D17+,2D,2026-05-26,7991ed29-c626-4954-a19a-ec179dbfb123,2026-05-26T16:31:20.296530
410d2063-443c-4860-85cb-fc16108c4e3a,MICHAEL,21cineplex,,26MICL,Biography,127 menit,SU,2D,2026-05-26,96d6d028-082d-4f1b-87ac-11e2657ebd6f,2026-05-26T16:31:20.296653
410d2063-443c-4860-85cb-fc16108c4e3a,STAR WARS: THE MANDALORIAN AND GROGU,21cineplex,,26SWMG,"Fantasy, Sci-Fi",132 menit,13+,2D,2026-05-26,1b310195-bd65-4384-910e-fcc89dfedf5d,2026-05-26T16:31:20.296752
410d2063-443c-4860-85cb-fc16108c4e3a,THE DEVIL WEARS PRADA 2,21cineplex,,26DWP2,"Comedy, Drama",119 menit,13+,2D,2026-05-26,b2fc6af5-a84b-44c2-83e7-6d322551d265,2026-05-26T16:31:20.296845
410d2063-443c-4860-85cb-fc16108c4e3a,HOKUM,21cineplex,,26HOKM,Horror,107 menit,13+,2D,2026-05-27,da84d7c3-9119-4526-9aec-7c337ed5183d,2026-05-26T16:31:20.296947
410d2063-443c-4860-85cb-fc16108c4e3a,SUAMIKU LUKAKU,21cineplex,,16SLUU,Drama,92 menit,D17+,2D,2026-05-27,e584508e-57a2-4bca-b869-30c15716efa8,2026-05-26T16:31:20.297017
410d2063-443c-4860-85cb-fc16108c4e3a,SEKAWAN LIMO 2: GUNUNG KLAWIH,21cineplex,,16SK2G,"Comedy, Horror",122 menit,13+,2D,2026-05-27,46a3a04a-d590-4d52-b176-125b41b0bcbc,2026-05-26T16:31:20.297144
410d2063-443c-4860-85cb-fc16108c4e3a,BADUT GENDONG,21cineplex,,16BGEG,"Action, Horror",101 menit,D17+,2D,2026-05-27,69b45273-ae66-4cdf-8b03-19caa2763cc6,2026-05-26T16:31:20.297254
410d2063-443c-4860-85cb-fc16108c4e3a,PASSENGER,21cineplex,,26PASR,Horror,94 menit,D17+,2D,2026-05-27,019f8b22-1748-4ff8-8f43-3d56dfb5e68f,2026-05-26T16:31:20.297375
410d2063-443c-4860-85cb-fc16108c4e3a,CHILDREN OF HEAVEN,21cineplex,,16COHN,"Drama, Family",97 menit,SU,2D,2026-05-27,b80bd93c-401a-45e3-89a0-6039e8f9996d,2026-05-26T16:31:20.297494
410d2063-443c-4860-85cb-fc16108c4e3a,GOHAN,21cineplex,,26GOHN,Drama,140 menit,SU,2D,2026-05-27,b4de68a6-d3fa-4299-af9e-789f5c7cf9da,2026-05-26T16:31:20.297614
410d2063-443c-4860-85cb-fc16108c4e3a,COLONY,21cineplex,,26COLY,"Horror, Thriller",122 menit,13+,2D,2026-06-03,5263b98f-0905-4f2f-8e23-4424b4812a4d,2026-05-26T16:31:20.297684
b29b5eb8-abff-4cd1-a28c-14daa3480d67,THE SHEEP DETECTIVES,21cineplex,,26SDES,"Comedy, Mystery",109 menit,SU,2D,2026-05-26,2ebd1732-91df-45ae-b0cb-be1a71339f46,2026-05-26T16:31:29.602546
b29b5eb8-abff-4cd1-a28c-14daa3480d67,TUMBAL PROYEK,21cineplex,,16TPRK,Horror,106 menit,D17+,2D,2026-05-26,a888e343-3829-4228-90a6-86157f795ad2,2026-05-26T16:31:29.602651
b29b5eb8-abff-4cd1-a28c-14daa3480d67,SEMUA AKAN BAIK-BAIK SAJA,21cineplex,,16SABB,Drama,113 menit,13+,2D,2026-05-26,e783efe3-4664-4e19-a156-4d63a1000982,2026-05-26T16:31:29.602789
b29b5eb8-abff-4cd1-a28c-14daa3480d67,GUDANG MERICA,21cineplex,,16GMEA,"Comedy, Horror",98 menit,D17+,2D,2026-05-26,3d9a1b73-22f4-4705-9830-3e85c1db1bad,2026-05-26T16:31:29.602923
b29b5eb8-abff-4cd1-a28c-14daa3480d67,BADUT GENDONG,21cineplex,,16BGEG,"Action, Horror",101 menit,D17+,2D,2026-05-27,1e21f8b7-f090-4e6a-92f5-8f2dfd9130d9,2026-05-26T16:31:29.603014
b29b5eb8-abff-4cd1-a28c-14daa3480d67,CHILDREN OF HEAVEN,21cineplex,,16COHN,"Drama, Family",97 menit,SU,2D,2026-05-27,5c380d7a-271e-4aad-8057-27eba006c99b,2026-05-26T16:31:29.603146
b29b5eb8-abff-4cd1-a28c-14daa3480d67,TUMBAL PROYEK,21cineplex,,16TPRK,Horror,106 menit,D17+,2D,2026-05-27,8c8934fa-11f1-46e1-9617-105af070a3f8,2026-05-26T16:31:29.603283
f707336a-43fc-46af-9a0b-0666a5d65ecf,TUMBAL PROYEK,21cineplex,,16TPRK,Horror,106 menit,D17+,2D,2026-05-26,376173b3-48c2-423e-8c51-9bde3012e570,2026-05-26T16:31:29.603657
f707336a-43fc-46af-9a0b-0666a5d65ecf,YANG LAIN BOLEH HILANG ASAL KAU JANGAN,21cineplex,,16YLBH,Drama,113 menit,13+,2D,2026-05-26,3b2a3dda-8492-4ce3-84e4-bf7e33fa873d,2026-05-26T16:31:29.603821
f707336a-43fc-46af-9a0b-0666a5d65ecf,SEMUA AKAN BAIK-BAIK SAJA,21cineplex,,16SABB,Drama,113 menit,13+,2D,2026-05-26,ef5a479d-4eff-4ae7-8647-ae11d7e228f5,2026-05-26T16:31:29.603920
f707336a-43fc-46af-9a0b-0666a5d65ecf,GHOST IN THE CELL,21cineplex,,16GITC,"Comedy, Horror",106 menit,D17+,2D,2026-05-26,c78fcf70-76d3-4b93-93fd-e1579e8988c9,2026-05-26T16:31:29.604061
f707336a-43fc-46af-9a0b-0666a5d65ecf,GUDANG MERICA,21cineplex,,16GMEA,"Comedy, Horror",98 menit,D17+,2D,2026-05-26,137b24f6-d693-43a6-94e0-84dc37b27e09,2026-05-26T16:31:29.604157
f707336a-43fc-46af-9a0b-0666a5d65ecf,GUDANG MERICA,21cineplex,,16GMEA,"Comedy, Horror",98 menit,D17+,2D,2026-05-27,66a582c7-a90b-4391-9889-e0f904ae0027,2026-05-26T16:31:29.604284
f707336a-43fc-46af-9a0b-0666a5d65ecf,SUAMIKU LUKAKU,21cineplex,,16SLUU,Drama,92 menit,D17+,2D,2026-05-27,2a09d8e6-e0d8-45fc-a98e-a85c5de9605a,2026-05-26T16:31:29.604394
f707336a-43fc-46af-9a0b-0666a5d65ecf,SEKAWAN LIMO 2: GUNUNG KLAWIH,21cineplex,,16SK2G,"Comedy, Horror",122 menit,13+,2D,2026-05-27,cffc4c47-974b-492a-88be-b3d0348510d4,2026-05-26T16:31:29.604486
f707336a-43fc-46af-9a0b-0666a5d65ecf,CHILDREN OF HEAVEN,21cineplex,,16COHN,"Drama, Family",97 menit,SU,2D,2026-05-27,19cda1fa-7542-4326-a501-6b1f0241541f,2026-05-26T16:31:29.604568
f707336a-43fc-46af-9a0b-0666a5d65ecf,BADUT GENDONG,21cineplex,,16BGEG,"Action, Horror",101 menit,D17+,2D,2026-05-27,ab34691e-2ed0-4c91-afda-49cda90828f2,2026-05-26T16:31:29.604693
c853b4e5-18cc-4340-bb46-396dda265ae7,GHOST IN THE CELL,21cineplex,,16GITC,"Comedy, Horror",106 menit,D17+,2D,2026-05-26,6343f2e9-3d1d-4375-9769-cfa8b38c8126,2026-05-26T16:31:29.605054
c853b4e5-18cc-4340-bb46-396dda265ae7,KAMU HARUS MATI,21cineplex,,16KHMI,"Horror, Mystery, Thriller",90 menit,13+,2D,2026-05-26,d53d1fb1-8e17-4923-ac0a-ee3655a676d6,2026-05-26T16:31:29.605208
c853b4e5-18cc-4340-bb46-396dda265ae7,STAR WARS: THE MANDALORIAN AND GROGU,21cineplex,,26SWMG,"Fantasy, Sci-Fi",132 menit,13+,2D,2026-05-26,29fa0f1a-7210-4298-9421-46f2130dc3d8,2026-05-26T16:31:29.605317
c853b4e5-18cc-4340-bb46-396dda265ae7,GUDANG MERICA,21cineplex,,16GMEA,"Comedy, Horror",98 menit,D17+,2D,2026-05-26,1cc275b9-f02b-49b2-a797-9ada924ef3c7,2026-05-26T16:31:29.605426
c853b4e5-18cc-4340-bb46-396dda265ae7,SEMUA AKAN BAIK-BAIK SAJA,21cineplex,,16SABB,Drama,113 menit,13+,2D,2026-05-26,a9c93798-1aaf-4a2d-9402-bcdfcfaff03c,2026-05-26T16:31:29.605544
c853b4e5-18cc-4340-bb46-396dda265ae7,YANG LAIN BOLEH HILANG ASAL KAU JANGAN,21cineplex,,16YLBH,Drama,113 menit,13+,2D,2026-05-26,c9551d6b-2580-4a45-9bc4-2fe53ebf622e,2026-05-26T16:31:29.605696
c853b4e5-18cc-4340-bb46-396dda265ae7,KELUARGA SUAMI ADALAH HAMA,21cineplex,,16KSAH,Drama,117 menit,13+,2D,2026-05-26,c3af16d4-9f78-40ad-a364-b92dba6778f2,2026-05-26T16:31:29.605790
c853b4e5-18cc-4340-bb46-396dda265ae7,TUMBAL PROYEK,21cineplex,,16TPRK,Horror,106 menit,D17+,2D,2026-05-26,dc48efbe-4171-4b69-8d5f-ae48fef4012c,2026-05-26T16:31:29.605873
c853b4e5-18cc-4340-bb46-396dda265ae7,STAR WARS: THE MANDALORIAN AND GROGU,21cineplex,,26SWMG,"Fantasy, Sci-Fi",132 menit,13+,2D,2026-05-27,5299d945-1613-454c-a9dc-a42554eef070,2026-05-26T16:31:29.605996
c853b4e5-18cc-4340-bb46-396dda265ae7,TUMBAL PROYEK,21cineplex,,16TPRK,Horror,106 menit,D17+,2D,2026-05-27,56508c71-6201-476e-b976-08151044d098,2026-05-26T16:31:29.606044
c853b4e5-18cc-4340-bb46-396dda265ae7,BADUT GENDONG,21cineplex,,16BGEG,"Action, Horror",101 menit,D17+,2D,2026-05-27,1303e43f-0954-466b-b302-b83733bb05a8,2026-05-26T16:31:29.606142
c853b4e5-18cc-4340-bb46-396dda265ae7,SEKAWAN LIMO 2: GUNUNG KLAWIH,21cineplex,,16SK2G,"Comedy, Horror",122 menit,13+,2D,2026-05-27,0e46a10e-e7cc-4a00-894b-31979b2b77c4,2026-05-26T16:31:29.606264
c853b4e5-18cc-4340-bb46-396dda265ae7,SUAMIKU LUKAKU,21cineplex,,16SLUU,Drama,92 menit,D17+,2D,2026-05-27,83addd34-f5f9-4912-8d7f-19005fd7275b,2026-05-26T16:31:29.606381
c853b4e5-18cc-4340-bb46-396dda265ae7,GUDANG MERICA,21cineplex,,16GMEA,"Comedy, Horror",98 menit,D17+,2D,2026-05-27,ee7a838a-91f7-4634-9dd5-94f4b63885df,2026-05-26T16:31:29.606493
c853b4e5-18cc-4340-bb46-396dda265ae7,SEMUA AKAN BAIK-BAIK SAJA,21cineplex,,16SABB,Drama,113 menit,13+,2D,2026-05-27,dedf0780-8071-46b6-87ce-6f5b8fb8c6dc,2026-05-26T16:31:29.606602
c853b4e5-18cc-4340-bb46-396dda265ae7,CHILDREN OF HEAVEN,21cineplex,,16COHN,"Drama, Family",97 menit,SU,2D,2026-05-27,da22b01e-d5f0-4c40-8c65-028eacaaaea5,2026-05-26T16:31:29.606709
315d6232-ef4c-40f8-8920-13471cf94665,SEMUA AKAN BAIK-BAIK SAJA,21cineplex,,16SABB,Drama,113 menit,13+,2D,2026-05-26,f85b9b26-5122-4fc4-a621-5d6e203b6af3,2026-05-26T16:31:29.606975
315d6232-ef4c-40f8-8920-13471cf94665,KELUARGA SUAMI ADALAH HAMA,21cineplex,,16KSAH,Drama,117 menit,13+,2D,2026-05-26,02c34286-79e3-45a4-91f3-902c07ec9e2b,2026-05-26T16:31:29.607224
315d6232-ef4c-40f8-8920-13471cf94665,TUMBAL PROYEK,21cineplex,,16TPRK,Horror,106 menit,D17+,2D,2026-05-26,9109f1ad-5145-4728-a16e-67e118520727,2026-05-26T16:31:29.607314
315d6232-ef4c-40f8-8920-13471cf94665,GUDANG MERICA,21cineplex,,16GMEA,"Comedy, Horror",98 menit,D17+,2D,2026-05-26,9db3c97b-3104-49b9-9968-09e27174bf55,2026-05-26T16:31:29.607495
315d6232-ef4c-40f8-8920-13471cf94665,SEKAWAN LIMO 2: GUNUNG KLAWIH,21cineplex,,16SK2G,"Comedy, Horror",122 menit,13+,2D,2026-05-27,b9b9f596-b932-430e-a845-4b1c1306db8c,2026-05-26T16:31:29.607589
315d6232-ef4c-40f8-8920-13471cf94665,TUMBAL PROYEK,21cineplex,,16TPRK,Horror,106 menit,D17+,2D,2026-05-27,c40745fa-5240-478d-81d0-62a6eb3689c2,2026-05-26T16:31:29.607700
315d6232-ef4c-40f8-8920-13471cf94665,SEMUA AKAN BAIK-BAIK SAJA,21cineplex,,16SABB,Drama,113 menit,13+,2D,2026-05-27,2a2c4597-b260-4c62-8a9b-e69b09f61b3c,2026-05-26T16:31:29.607803
315d6232-ef4c-40f8-8920-13471cf94665,SUAMIKU LUKAKU,21cineplex,,16SLUU,Drama,92 menit,D17+,2D,2026-05-27,66db576c-6db0-4eac-8b2b-3dbd170bddc4,2026-05-26T16:31:29.607883
315d6232-ef4c-40f8-8920-13471cf94665,CHILDREN OF HEAVEN,21cineplex,,16COHN,"Drama, Family",97 menit,SU,2D,2026-05-27,053e690f-ee42-4a04-8aa8-06914dda6435,2026-05-26T16:31:29.607968
ba7f7d19-f9fe-4232-b92f-8961b5242c2b,THE SHEEP DETECTIVES,21cineplex,,26SDES,"Comedy, Mystery",109 menit,SU,2D,2026-05-26,90b52fcb-7ca2-4fb1-af8b-a6da68b355a2,2026-05-26T16:31:29.608310
ba7f7d19-f9fe-4232-b92f-8961b5242c2b,IN THE GREY,21cineplex,,26ITGY,"Action, Thriller",97 menit,13+,2D,2026-05-26,62a3cabc-2524-423c-bca4-a73b44d19262,2026-05-26T16:31:29.608424
ba7f7d19-f9fe-4232-b92f-8961b5242c2b,HOKUM,21cineplex,,26HOKM,Horror,107 menit,13+,2D,2026-05-26,9a28c097-d273-4499-93a7-9c8c69ddb57d,2026-05-26T16:31:29.608484
ba7f7d19-f9fe-4232-b92f-8961b5242c2b,SEMUA AKAN BAIK-BAIK SAJA,21cineplex,,16SABB,Drama,113 menit,13+,2D,2026-05-26,41c3ffb1-8254-4073-a56d-0378c41ff5b2,2026-05-26T16:31:29.608555
ba7f7d19-f9fe-4232-b92f-8961b5242c2b,STAR WARS: THE MANDALORIAN AND GROGU,21cineplex,,26SWMG,"Fantasy, Sci-Fi",132 menit,13+,2D,2026-05-26,f9ef16a7-bec2-4fdd-bf5a-4e1cdbd97b7d,2026-05-26T16:31:29.608690
ba7f7d19-f9fe-4232-b92f-8961b5242c2b,MICHAEL,21cineplex,,26MICL,Biography,127 menit,SU,2D,2026-05-26,4f95c10c-5008-4abe-918b-505a0f309a24,2026-05-26T16:31:29.608788
ba7f7d19-f9fe-4232-b92f-8961b5242c2b,SEKAWAN LIMO 2: GUNUNG KLAWIH,21cineplex,,16SK2G,"Comedy, Horror",122 menit,13+,2D,2026-05-27,1211f62e-e5b3-400e-968f-0dd20a3a1716,2026-05-26T16:31:29.608887
ba7f7d19-f9fe-4232-b92f-8961b5242c2b,BADUT GENDONG,21cineplex,,16BGEG,"Action, Horror",101 menit,D17+,2D,2026-05-27,f586d330-5d81-4c86-8a81-e6c267ae9ebd,2026-05-26T16:31:29.608992
ba7f7d19-f9fe-4232-b92f-8961b5242c2b,SUAMIKU LUKAKU,21cineplex,,16SLUU,Drama,92 menit,D17+,2D,2026-05-27,85b28f0b-9394-4822-b44e-b305ed2026f3,2026-05-26T16:31:29.609102
ba7f7d19-f9fe-4232-b92f-8961b5242c2b,PASSENGER,21cineplex,,26PASR,Horror,94 menit,D17+,2D,2026-05-27,73e3aeb2-3958-4b9c-ba73-6dc62aff0555,2026-05-26T16:31:29.609221
ba7f7d19-f9fe-4232-b92f-8961b5242c2b,CHILDREN OF HEAVEN,21cineplex,,16COHN,"Drama, Family",97 menit,SU,2D,2026-05-27,4c2a9361-c491-47e0-afcd-a6d9401180f6,2026-05-26T16:31:29.609326
ba7f7d19-f9fe-4232-b92f-8961b5242c2b,COLONY,21cineplex,,26COLY,"Horror, Thriller",122 menit,13+,2D,2026-06-03,4e63dd53-bdc6-4634-bea5-913e750974ce,2026-05-26T16:31:29.609436
277d411f-d6a4-42c8-b3e4-1dc7261cc93e,HOKUM,21cineplex,,26HOKM,Horror,107 menit,13+,2D,2026-05-26,108dc050-3457-4585-80e4-6334b566dc30,2026-05-26T16:31:32.733439
277d411f-d6a4-42c8-b3e4-1dc7261cc93e,TUMBAL PROYEK,21cineplex,,16TPRK,Horror,106 menit,D17+,2D,2026-05-26,aa2f4678-2755-4466-a804-648156395e80,2026-05-26T16:31:32.733557
277d411f-d6a4-42c8-b3e4-1dc7261cc93e,GUDANG MERICA,21cineplex,,16GMEA,"Comedy, Horror",98 menit,D17+,2D,2026-05-26,044b52fa-7faa-472e-90be-a9c88d3ab3d2,2026-05-26T16:31:32.733694
277d411f-d6a4-42c8-b3e4-1dc7261cc93e,MORTAL KOMBAT II,21cineplex,,25MKT2,"Action, Adventure",116 menit,D17+,2D,2026-05-26,7afff89f-18b7-414b-a235-0af8d5ad4b1a,2026-05-26T16:31:32.733834
277d411f-d6a4-42c8-b3e4-1dc7261cc93e,SEMUA AKAN BAIK-BAIK SAJA,21cineplex,,16SABB,Drama,113 menit,13+,2D,2026-05-26,8b59e965-f65e-4a56-a323-38a1da28ee8f,2026-05-26T16:31:32.733942
277d411f-d6a4-42c8-b3e4-1dc7261cc93e,BADUT GENDONG,21cineplex,,16BGEG,"Action, Horror",101 menit,D17+,2D,2026-05-27,08e3f8ec-40b9-48cf-9cd4-79da9b968131,2026-05-26T16:31:32.734094
277d411f-d6a4-42c8-b3e4-1dc7261cc93e,SEKAWAN LIMO 2: GUNUNG KLAWIH,21cineplex,,16SK2G,"Comedy, Horror",122 menit,13+,2D,2026-05-27,67bfd68e-e3da-46df-af25-4ac209957272,2026-05-26T16:31:32.734229
277d411f-d6a4-42c8-b3e4-1dc7261cc93e,TUMBAL PROYEK,21cineplex,,16TPRK,Horror,106 menit,D17+,2D,2026-05-27,b7e4e48b-511a-4758-84a7-6b9b39283c8e,2026-05-26T16:31:32.734304
277d411f-d6a4-42c8-b3e4-1dc7261cc93e,SUAMIKU LUKAKU,21cineplex,,16SLUU,Drama,92 menit,D17+,2D,2026-05-27,f8d546b0-6eaf-4930-8536-83d23360eb51,2026-05-26T16:31:32.734423
277d411f-d6a4-42c8-b3e4-1dc7261cc93e,CHILDREN OF HEAVEN,21cineplex,,16COHN,"Drama, Family",97 menit,SU,2D,2026-05-27,7458be02-c039-484d-8e5e-f06b3cbfcb8f,2026-05-26T16:31:32.734550
cb51df65-883c-4d96-93b5-79cdbe734284,MORTAL KOMBAT II,21cineplex,,25MKT2,"Action, Adventure",116 menit,D17+,2D,2026-05-26,6d2547a6-a997-4a36-8437-42a53fdfc078,2026-05-26T16:31:34.237501
cb51df65-883c-4d96-93b5-79cdbe734284,HOKUM,21cineplex,,26HOKM,Horror,107 menit,13+,2D,2026-05-26,813da7bd-36d1-41d7-a442-82349010d96e,2026-05-26T16:31:34.237668
cb51df65-883c-4d96-93b5-79cdbe734284,GOHAN,21cineplex,,26GOHN,Drama,140 menit,SU,2D,2026-05-26,2c76b0c2-7bc1-4b96-acd2-8deb237c8cf6,2026-05-26T16:31:34.237793
cb51df65-883c-4d96-93b5-79cdbe734284,STAR WARS: THE MANDALORIAN AND GROGU,21cineplex,,26SWMG,"Fantasy, Sci-Fi",132 menit,13+,2D,2026-05-26,7da27983-a761-4a4b-bd7b-9b0f60ececdc,2026-05-26T16:31:34.237911
cb51df65-883c-4d96-93b5-79cdbe734284,TUMBAL PROYEK,21cineplex,,16TPRK,Horror,106 menit,D17+,2D,2026-05-26,decd1aff-2efe-40a5-91d6-bf06a8623641,2026-05-26T16:31:34.238003
cb51df65-883c-4d96-93b5-79cdbe734284,SEMUA AKAN BAIK-BAIK SAJA,21cineplex,,16SABB,Drama,113 menit,13+,2D,2026-05-26,ff5cf470-112d-4e75-b8e5-de0a92bda8d3,2026-05-26T16:31:34.238161
cb51df65-883c-4d96-93b5-79cdbe734284,SUAMIKU LUKAKU,21cineplex,,16SLUU,Drama,92 menit,D17+,2D,2026-05-27,5bca9a9c-4f7c-4bb7-aa79-0797ef5fcf2e,2026-05-26T16:31:34.238349
cb51df65-883c-4d96-93b5-79cdbe734284,SEKAWAN LIMO 2: GUNUNG KLAWIH,21cineplex,,16SK2G,"Comedy, Horror",122 menit,13+,2D,2026-05-27,626832aa-88c7-4377-9a2f-51d2e18443d7,2026-05-26T16:31:34.238527
cb51df65-883c-4d96-93b5-79cdbe734284,BADUT GENDONG,21cineplex,,16BGEG,"Action, Horror",101 menit,D17+,2D,2026-05-27,6ff7d022-5b7a-4315-baca-220db9101b9a,2026-05-26T16:31:34.238671
cb51df65-883c-4d96-93b5-79cdbe734284,GOHAN,21cineplex,,26GOHN,Drama,140 menit,SU,2D,2026-05-27,170805d3-ea71-47db-b517-5620c1a049a0,2026-05-26T16:31:34.238819
cb51df65-883c-4d96-93b5-79cdbe734284,CHILDREN OF HEAVEN,21cineplex,,16COHN,"Drama, Family",97 menit,SU,2D,2026-05-27,bb1b1f97-6eff-495f-b12b-5aef27270eb0,2026-05-26T16:31:34.238905
13696fc9-f9d1-4581-88e2-22c0c5b9ffca,MORTAL KOMBAT II,21cineplex,,25MKT2,"Action, Adventure",116 menit,D17+,2D,2026-05-26,719785e5-beb4-4b01-afbd-cb4f23a082b4,2026-05-26T16:31:35.936312
13696fc9-f9d1-4581-88e2-22c0c5b9ffca,STAR WARS: THE MANDALORIAN AND GROGU,21cineplex,,26SWMG,"Fantasy, Sci-Fi",132 menit,13+,2D,2026-05-26,fdc127f4-83ff-4245-9caf-46302d870502,2026-05-26T16:31:35.936489
13696fc9-f9d1-4581-88e2-22c0c5b9ffca,HOKUM,21cineplex,,26HOKM,Horror,107 menit,13+,2D,2026-05-26,4ad62b7c-c928-4a1f-9069-4fb8693c5143,2026-05-26T16:31:35.936599
13696fc9-f9d1-4581-88e2-22c0c5b9ffca,GUDANG MERICA,21cineplex,,16GMEA,"Comedy, Horror",98 menit,D17+,2D,2026-05-26,263d0298-69b5-4088-9a5e-c2b9e1e9c306,2026-05-26T16:31:35.936696
13696fc9-f9d1-4581-88e2-22c0c5b9ffca,THE DEVIL WEARS PRADA 2,21cineplex,,26DWP2,"Comedy, Drama",119 menit,13+,2D,2026-05-26,0b9392db-15f9-4070-b986-5995061a3ff1,2026-05-26T16:31:35.936790
13696fc9-f9d1-4581-88e2-22c0c5b9ffca,SEMUA AKAN BAIK-BAIK SAJA,21cineplex,,16SABB,Drama,113 menit,13+,2D,2026-05-26,ab44ddf2-1768-49b5-8cc9-e225f6658c24,2026-05-26T16:31:35.936853
13696fc9-f9d1-4581-88e2-22c0c5b9ffca,SUAMIKU LUKAKU,21cineplex,,16SLUU,Drama,92 menit,D17+,2D,2026-05-27,9bc644de-8819-42e8-ace1-2f63f13af970,2026-05-26T16:31:35.936994
13696fc9-f9d1-4581-88e2-22c0c5b9ffca,CHILDREN OF HEAVEN,21cineplex,,16COHN,"Drama, Family",97 menit,SU,2D,2026-05-27,3086b37c-62d5-423c-9bfd-337af253e413,2026-05-26T16:31:35.937111
13696fc9-f9d1-4581-88e2-22c0c5b9ffca,SEKAWAN LIMO 2: GUNUNG KLAWIH,21cineplex,,16SK2G,"Comedy, Horror",122 menit,13+,2D,2026-05-27,45e3f115-a4d3-45d1-9bb7-7ea8e1687d1b,2026-05-26T16:31:35.937225
13696fc9-f9d1-4581-88e2-22c0c5b9ffca,SEMUA AKAN BAIK-BAIK SAJA,21cineplex,,16SABB,Drama,113 menit,13+,2D,2026-05-27,616ac547-1fec-4fed-b8fd-00df446d79b8,2026-05-26T16:31:35.937342
9aed6cdd-4c71-4efc-a131-392579f1209d,GOHAN,21cineplex,,26GOHN,Drama,140 menit,SU,2D,2026-05-26,099b1d38-d60a-4be5-825a-17491cc5e33d,2026-05-26T16:31:37.201916
9aed6cdd-4c71-4efc-a131-392579f1209d,HOKUM,21cineplex,,26HOKM,Horror,107 menit,13+,2D,2026-05-26,4bc2309e-2869-46bd-b0b2-1e67ceb10649,2026-05-26T16:31:37.202033
9aed6cdd-4c71-4efc-a131-392579f1209d,STAR WARS: THE MANDALORIAN AND GROGU,21cineplex,,26SWMG,"Fantasy, Sci-Fi",132 menit,13+,2D,2026-05-26,92bb8360-9b1c-4af6-bdd4-f61c5510afbb,2026-05-26T16:31:37.202091
9aed6cdd-4c71-4efc-a131-392579f1209d,MORTAL KOMBAT II,21cineplex,,25MKT2,"Action, Adventure",116 menit,D17+,2D,2026-05-26,05c28749-4902-4506-8b40-49f23a646109,2026-05-26T16:31:37.202219
9aed6cdd-4c71-4efc-a131-392579f1209d,MICHAEL,21cineplex,,26MICL,Biography,127 menit,SU,2D,2026-05-26,aafc4f76-62ec-4ffa-92e0-b0056e14da7c,2026-05-26T16:31:37.202391
9aed6cdd-4c71-4efc-a131-392579f1209d,PASSENGER,21cineplex,,26PASR,Horror,94 menit,D17+,2D,2026-05-27,a681a3cd-b5ff-4c5f-ab61-8d031f88078a,2026-05-26T16:31:37.202503
9aed6cdd-4c71-4efc-a131-392579f1209d,BADUT GENDONG,21cineplex,,16BGEG,"Action, Horror",101 menit,D17+,2D,2026-05-27,1508ba9b-6d6f-4482-983c-69802dd9295b,2026-05-26T16:31:37.202615
9aed6cdd-4c71-4efc-a131-392579f1209d,SEKAWAN LIMO 2: GUNUNG KLAWIH,21cineplex,,16SK2G,"Comedy, Horror",122 menit,13+,2D,2026-05-27,5a1123a1-dda4-4bcc-ae34-cbcee61ef195,2026-05-26T16:31:37.202692
9aed6cdd-4c71-4efc-a131-392579f1209d,SUAMIKU LUKAKU,21cineplex,,16SLUU,Drama,92 menit,D17+,2D,2026-05-27,f5da631f-dd8b-48e5-9c63-9d971da0cae8,2026-05-26T16:31:37.202777
9aed6cdd-4c71-4efc-a131-392579f1209d,CHILDREN OF HEAVEN,21cineplex,,16COHN,"Drama, Family",97 menit,SU,2D,2026-05-27,bfea65a7-a627-4b9f-b906-58ca5ae11c01,2026-05-26T16:31:37.202909
34905b7c-9c98-4ac6-aec1-1901a4762742,SEMUA AKAN BAIK-BAIK SAJA,21cineplex,,16SABB,Drama,113 menit,13+,2D,2026-05-26,02dac86d-9bd7-4128-9499-d3c02a9c12d3,2026-05-26T16:31:40.404475
34905b7c-9c98-4ac6-aec1-1901a4762742,GUDANG MERICA,21cineplex,,16GMEA,"Comedy, Horror",98 menit,D17+,2D,2026-05-26,d86cac8a-9e77-492d-8ed9-fdaeecb1ee2a,2026-05-26T16:31:40.404556
34905b7c-9c98-4ac6-aec1-1901a4762742,GHOST IN THE CELL,21cineplex,,16GITC,"Comedy, Horror",106 menit,D17+,2D,2026-05-26,89062a55-f928-485e-be1c-69f9a8475886,2026-05-26T16:31:40.404613
34905b7c-9c98-4ac6-aec1-1901a4762742,STAR WARS: THE MANDALORIAN AND GROGU,21cineplex,,26SWMG,"Fantasy, Sci-Fi",132 menit,13+,2D,2026-05-26,eba453ef-4732-4834-b4c3-78e13ec02a84,2026-05-26T16:31:40.404668
34905b7c-9c98-4ac6-aec1-1901a4762742,SEKAWAN LIMO 2: GUNUNG KLAWIH,21cineplex,,16SK2G,"Comedy, Horror",122 menit,13+,2D,2026-05-27,0d440d27-7b73-4630-925d-bfe2851605fb,2026-05-26T16:31:40.404712
34905b7c-9c98-4ac6-aec1-1901a4762742,BADUT GENDONG,21cineplex,,16BGEG,"Action, Horror",101 menit,D17+,2D,2026-05-27,bbd28a5c-e0c6-488c-a386-7ad02b7e3716,2026-05-26T16:31:40.404753
34905b7c-9c98-4ac6-aec1-1901a4762742,CHILDREN OF HEAVEN,21cineplex,,16COHN,"Drama, Family",97 menit,SU,2D,2026-05-27,0d691748-45b6-4379-8b85-d4bae2920377,2026-05-26T16:31:40.404798
34905b7c-9c98-4ac6-aec1-1901a4762742,SUAMIKU LUKAKU,21cineplex,,16SLUU,Drama,92 menit,D17+,2D,2026-05-27,f0abe9a6-f020-4be6-b2da-efdfabd7d284,2026-05-26T16:31:40.404847
7513f74a-08c0-4e35-b10d-0ec1f80e6611,GOHAN,21cineplex,,26GOHN,Drama,140 menit,SU,2D,2026-05-26,12789ef5-a38a-4a98-b770-01280b6bfc5d,2026-05-26T16:31:41.732230
7513f74a-08c0-4e35-b10d-0ec1f80e6611,TUMBAL PROYEK,21cineplex,,16TPRK,Horror,106 menit,D17+,2D,2026-05-26,2c19deb4-5d0a-4eac-9e33-879c2d04184c,2026-05-26T16:31:41.732345
7513f74a-08c0-4e35-b10d-0ec1f80e6611,STAR WARS: THE MANDALORIAN AND GROGU,21cineplex,,26SWMG,"Fantasy, Sci-Fi",132 menit,13+,2D,2026-05-26,743cbb71-bab6-4311-8b59-23c02892123f,2026-05-26T16:31:41.732481
7513f74a-08c0-4e35-b10d-0ec1f80e6611,GHOST IN THE CELL,21cineplex,,16GITC,"Comedy, Horror",106 menit,D17+,2D,2026-05-26,52308c36-2c81-40d3-ab7a-b3a7698ef626,2026-05-26T16:31:41.732564
7513f74a-08c0-4e35-b10d-0ec1f80e6611,SEMUA AKAN BAIK-BAIK SAJA,21cineplex,,16SABB,Drama,113 menit,13+,2D,2026-05-26,a9d1d8b0-50dc-47c5-888a-e0c0498b4ed5,2026-05-26T16:31:41.732702
7513f74a-08c0-4e35-b10d-0ec1f80e6611,YANG LAIN BOLEH HILANG ASAL KAU JANGAN,21cineplex,,16YLBH,Drama,113 menit,13+,2D,2026-05-26,15195da4-e874-4c14-a4a4-d9a17f268b1a,2026-05-26T16:31:41.732855
7513f74a-08c0-4e35-b10d-0ec1f80e6611,GUDANG MERICA,21cineplex,,16GMEA,"Comedy, Horror",98 menit,D17+,2D,2026-05-26,6e0135ae-5ed5-4f71-823c-53e44ddfeaf8,2026-05-26T16:31:41.732990
7513f74a-08c0-4e35-b10d-0ec1f80e6611,GOHAN,21cineplex,,26GOHN,Drama,140 menit,SU,2D,2026-05-27,badd7618-ac4d-4bcd-a939-e47b5ba90261,2026-05-26T16:31:41.733123
7513f74a-08c0-4e35-b10d-0ec1f80e6611,CHILDREN OF HEAVEN,21cineplex,,16COHN,"Drama, Family",97 menit,SU,2D,2026-05-27,dcbb2c36-0268-4f05-837d-25691bc3d408,2026-05-26T16:31:41.733181
7513f74a-08c0-4e35-b10d-0ec1f80e6611,SUAMIKU LUKAKU,21cineplex,,16SLUU,Drama,92 menit,D17+,2D,2026-05-27,972be1cc-f82c-4b16-a7ff-12da3f1fb22a,2026-05-26T16:31:41.733310
7513f74a-08c0-4e35-b10d-0ec1f80e6611,BADUT GENDONG,21cineplex,,16BGEG,"Action, Horror",101 menit,D17+,2D,2026-05-27,ee9db094-2f46-43f6-b099-6c747e363b0f,2026-05-26T16:31:41.733452
7513f74a-08c0-4e35-b10d-0ec1f80e6611,TUMBAL PROYEK,21cineplex,,16TPRK,Horror,106 menit,D17+,2D,2026-05-27,85c16645-c2ac-4290-8877-7fc2eef37fe6,2026-05-26T16:31:41.733600
7513f74a-08c0-4e35-b10d-0ec1f80e6611,SEKAWAN LIMO 2: GUNUNG KLAWIH,21cineplex,,16SK2G,"Comedy, Horror",122 menit,13+,2D,2026-05-27,172b7e67-5e78-4c63-bb44-4ce2d717568d,2026-05-26T16:31:41.733719
7513f74a-08c0-4e35-b10d-0ec1f80e6611,SEMUA AKAN BAIK-BAIK SAJA,21cineplex,,16SABB,Drama,113 menit,13+,2D,2026-05-27,326ef1ea-1cf8-4b8f-b258-b330b5c463d3,2026-05-26T16:31:41.733845
7513f74a-08c0-4e35-b10d-0ec1f80e6611,GUDANG MERICA,21cineplex,,16GMEA,"Comedy, Horror",98 menit,D17+,2D,2026-05-27,4e973923-42f9-4f9b-9977-5fcfdb71c61b,2026-05-26T16:31:41.733935
39680e61-eb9f-4943-a74d-6fa7d7a9dce4,STAR WARS: THE MANDALORIAN AND GROGU,21cineplex,,26SWMG,"Fantasy, Sci-Fi",132 menit,13+,2D,2026-05-26,d9b8fb9e-b27a-4ea7-b1e9-dd016ba9e254,2026-05-26T16:31:43.396632
39680e61-eb9f-4943-a74d-6fa7d7a9dce4,GUDANG MERICA,21cineplex,,16GMEA,"Comedy, Horror",98 menit,D17+,2D,2026-05-26,f4104288-1a21-4924-a62e-dadc8396de59,2026-05-26T16:31:43.396876
39680e61-eb9f-4943-a74d-6fa7d7a9dce4,GOHAN,21cineplex,,26GOHN,Drama,140 menit,SU,2D,2026-05-26,561ca049-d268-4d14-bb23-4f7675bfc8dd,2026-05-26T16:31:43.397117
39680e61-eb9f-4943-a74d-6fa7d7a9dce4,TUMBAL PROYEK,21cineplex,,16TPRK,Horror,106 menit,D17+,2D,2026-05-26,f05f8dfa-ce68-4cf0-9204-1f09de089421,2026-05-26T16:31:43.397219
39680e61-eb9f-4943-a74d-6fa7d7a9dce4,SEMUA AKAN BAIK-BAIK SAJA,21cineplex,,16SABB,Drama,113 menit,13+,2D,2026-05-26,4c642591-57d4-4fd9-85d0-acfdf45c0ed8,2026-05-26T16:31:43.397434
39680e61-eb9f-4943-a74d-6fa7d7a9dce4,TUMBAL PROYEK,21cineplex,,16TPRK,Horror,106 menit,D17+,2D,2026-05-27,253e358d-093e-4904-830d-26e6cfc91a2d,2026-05-26T16:31:43.397677
39680e61-eb9f-4943-a74d-6fa7d7a9dce4,GUDANG MERICA,21cineplex,,16GMEA,"Comedy, Horror",98 menit,D17+,2D,2026-05-27,2f453c78-ba6a-4985-afb1-6fbce8f9c055,2026-05-26T16:31:43.397784
39680e61-eb9f-4943-a74d-6fa7d7a9dce4,SUAMIKU LUKAKU,21cineplex,,16SLUU,Drama,92 menit,D17+,2D,2026-05-27,ff8b4b1f-a40f-45be-bcb6-c85fed53be10,2026-05-26T16:31:43.397940
39680e61-eb9f-4943-a74d-6fa7d7a9dce4,CHILDREN OF HEAVEN,21cineplex,,16COHN,"Drama, Family",97 menit,SU,2D,2026-05-27,883e7769-84ae-412c-88c2-ef84b67fadea,2026-05-26T16:31:43.398106
39680e61-eb9f-4943-a74d-6fa7d7a9dce4,BADUT GENDONG,21cineplex,,16BGEG,"Action, Horror",101 menit,D17+,2D,2026-05-27,27bf1b50-7362-4141-bf6e-3050ea1c38cd,2026-05-26T16:31:43.398300
39680e61-eb9f-4943-a74d-6fa7d7a9dce4,SEKAWAN LIMO 2: GUNUNG KLAWIH,21cineplex,,16SK2G,"Comedy, Horror",122 menit,13+,2D,2026-05-27,f6e366de-6a4f-4900-afb0-0574cc9eb02d,2026-05-26T16:31:43.398436
2515b528-b6b4-4d30-9d1e-c4a420b1479a,SEMUA AKAN BAIK-BAIK SAJA,21cineplex,,16SABB,Drama,113 menit,13+,2D,2026-05-26,acdade40-68b1-4a2c-8243-f56f41899092,2026-05-26T16:31:45.014618
2515b528-b6b4-4d30-9d1e-c4a420b1479a,TUMBAL PROYEK,21cineplex,,16TPRK,Horror,106 menit,D17+,2D,2026-05-26,efd4182c-0a29-4346-ba89-d8a30aaf9456,2026-05-26T16:31:45.014801
2515b528-b6b4-4d30-9d1e-c4a420b1479a,STAR WARS: THE MANDALORIAN AND GROGU,21cineplex,,26SWMG,"Fantasy, Sci-Fi",132 menit,13+,2D,2026-05-26,3ec7c616-ef7b-4f0f-bf12-1ef2b5a9b052,2026-05-26T16:31:45.014858
2515b528-b6b4-4d30-9d1e-c4a420b1479a,HOKUM,21cineplex,,26HOKM,Horror,107 menit,13+,2D,2026-05-26,1390a8d3-0371-4df4-baae-2fe9b02a0122,2026-05-26T16:31:45.014913
2515b528-b6b4-4d30-9d1e-c4a420b1479a,YANG LAIN BOLEH HILANG ASAL KAU JANGAN,21cineplex,,16YLBH,Drama,113 menit,13+,2D,2026-05-26,6fd91e67-8d32-4dc0-813b-2e79258c331e,2026-05-26T16:31:45.014974
2515b528-b6b4-4d30-9d1e-c4a420b1479a,GUDANG MERICA,21cineplex,,16GMEA,"Comedy, Horror",98 menit,D17+,2D,2026-05-26,c86aaedf-d8dc-49e4-8389-e8ae0d51f6c2,2026-05-26T16:31:45.015012
2515b528-b6b4-4d30-9d1e-c4a420b1479a,BADUT GENDONG,21cineplex,,16BGEG,"Action, Horror",101 menit,D17+,2D,2026-05-27,4e163625-498a-481d-aec2-29f01be2796a,2026-05-26T16:31:45.015072
2515b528-b6b4-4d30-9d1e-c4a420b1479a,STAR WARS: THE MANDALORIAN AND GROGU,21cineplex,,26SWMG,"Fantasy, Sci-Fi",132 menit,13+,2D,2026-05-27,8e34bd0c-7069-4f45-a488-915356a5c4a6,2026-05-26T16:31:45.015134
2515b528-b6b4-4d30-9d1e-c4a420b1479a,PASSENGER,21cineplex,,26PASR,Horror,94 menit,D17+,2D,2026-05-27,3e6a4701-0679-4a5b-b66c-b111e79aa9f9,2026-05-26T16:31:45.015323
2515b528-b6b4-4d30-9d1e-c4a420b1479a,CHILDREN OF HEAVEN,21cineplex,,16COHN,"Drama, Family",97 menit,SU,2D,2026-05-27,f1d5bd69-e796-49d1-9fb2-6da40067265a,2026-05-26T16:31:45.015415
2515b528-b6b4-4d30-9d1e-c4a420b1479a,TUMBAL PROYEK,21cineplex,,16TPRK,Horror,106 menit,D17+,2D,2026-05-27,9416f0a7-0ad7-4374-a155-998069726303,2026-05-26T16:31:45.015482
2515b528-b6b4-4d30-9d1e-c4a420b1479a,SEMUA AKAN BAIK-BAIK SAJA,21cineplex,,16SABB,Drama,113 menit,13+,2D,2026-05-27,fe1a4c6c-fc6c-4412-8fab-a25d6dfb1d82,2026-05-26T16:31:45.015554
2515b528-b6b4-4d30-9d1e-c4a420b1479a,HOKUM,21cineplex,,26HOKM,Horror,107 menit,13+,2D,2026-05-27,119200d9-5825-4108-8aea-c41f9026e6d3,2026-05-26T16:31:45.015644
2515b528-b6b4-4d30-9d1e-c4a420b1479a,COLONY,21cineplex,,26COLY,"Horror, Thriller",122 menit,13+,2D,2026-06-03,c5a27267-d930-4c18-99b6-01d2e4533676,2026-05-26T16:31:45.015781
40eceb49-7f2d-47f6-94d9-6e58459e8b57,HOKUM,21cineplex,,26HOKM,Horror,107 menit,13+,2D,2026-05-26,001ebde3-a68c-4b6a-b000-dc9615ad48bb,2026-05-26T16:31:46.268068
40eceb49-7f2d-47f6-94d9-6e58459e8b57,GHOST IN THE CELL,21cineplex,,16GITC,"Comedy, Horror",106 menit,D17+,2D,2026-05-26,ce2f52e2-b67f-491a-b8ff-3f69b738361d,2026-05-26T16:31:46.268275
40eceb49-7f2d-47f6-94d9-6e58459e8b57,GUDANG MERICA,21cineplex,,16GMEA,"Comedy, Horror",98 menit,D17+,2D,2026-05-26,2f125192-c8cb-46d0-a935-496922dd8af5,2026-05-26T16:31:46.268556
40eceb49-7f2d-47f6-94d9-6e58459e8b57,GOHAN,21cineplex,,26GOHN,Drama,140 menit,SU,2D,2026-05-26,8390f4b0-140e-4eee-9d7d-2c37fd5876f0,2026-05-26T16:31:46.269097
40eceb49-7f2d-47f6-94d9-6e58459e8b57,SALMOKJI: WHISPERING WATER,21cineplex,,26SWWR,Horror,95 menit,D17+,2D,2026-05-26,3cc60270-1e68-402e-8caa-80a6140c8b13,2026-05-26T16:31:46.269308
40eceb49-7f2d-47f6-94d9-6e58459e8b57,SUAMIKU LUKAKU,21cineplex,,16SLUU,Drama,92 menit,D17+,2D,2026-05-27,059c9449-7488-4ea6-9890-41b65bea6ec8,2026-05-26T16:31:46.269410
40eceb49-7f2d-47f6-94d9-6e58459e8b57,CHILDREN OF HEAVEN,21cineplex,,16COHN,"Drama, Family",97 menit,SU,2D,2026-05-27,4767bc87-e117-40c6-878b-70d28b336abe,2026-05-26T16:31:46.269525
40eceb49-7f2d-47f6-94d9-6e58459e8b57,GOHAN,21cineplex,,26GOHN,Drama,140 menit,SU,2D,2026-05-27,b1a046e6-dfc5-4ca3-971c-9ee3c605775e,2026-05-26T16:31:46.269683
40eceb49-7f2d-47f6-94d9-6e58459e8b57,GUDANG MERICA,21cineplex,,16GMEA,"Comedy, Horror",98 menit,D17+,2D,2026-05-27,b08418cf-6cc2-40d3-9c6f-af30cb35f778,2026-05-26T16:31:46.269757
40eceb49-7f2d-47f6-94d9-6e58459e8b57,HOKUM,21cineplex,,26HOKM,Horror,107 menit,13+,2D,2026-05-27,338aaaf1-3d0c-4ffb-bec2-e73900b52cfc,2026-05-26T16:31:46.269839
40eceb49-7f2d-47f6-94d9-6e58459e8b57,PASSENGER,21cineplex,,26PASR,Horror,94 menit,D17+,2D,2026-05-27,4cba32c4-2702-4a4d-a425-b2c41e019110,2026-05-26T16:31:46.269902
7ec07175-5a66-404a-b59a-ff90b90ea17c,STAR WARS: THE MANDALORIAN AND GROGU,21cineplex,,26SWMG,"Fantasy, Sci-Fi",132 menit,13+,2D,2026-05-26,bce316ea-6887-4c62-93e5-a68be4b9d8ce,2026-05-26T16:31:51.102731
7ec07175-5a66-404a-b59a-ff90b90ea17c,SEMUA AKAN BAIK-BAIK SAJA,21cineplex,,16SABB,Drama,113 menit,13+,2D,2026-05-26,51cc5382-06d5-4350-812c-cb51700b6241,2026-05-26T16:31:51.102842
7ec07175-5a66-404a-b59a-ff90b90ea17c,GOHAN,21cineplex,,26GOHN,Drama,140 menit,SU,2D,2026-05-26,b922f07f-0372-4f34-8b8f-4938c0caaa0d,2026-05-26T16:31:51.102897
7ec07175-5a66-404a-b59a-ff90b90ea17c,MORTAL KOMBAT II,21cineplex,,25MKT2,"Action, Adventure",116 menit,D17+,2D,2026-05-26,02ee4900-fe9b-4acf-91eb-2e2e09bff70e,2026-05-26T16:31:51.102963
7ec07175-5a66-404a-b59a-ff90b90ea17c,MICHAEL,21cineplex,,26MICL,Biography,127 menit,SU,2D,2026-05-26,e1d2548c-66f1-473a-ae51-0e3fa0af31de,2026-05-26T16:31:51.103015
7ec07175-5a66-404a-b59a-ff90b90ea17c,HOKUM,21cineplex,,26HOKM,Horror,107 menit,13+,2D,2026-05-26,17ff9b6d-4902-400d-aa8a-a309470ab3b8,2026-05-26T16:31:51.103079
7ec07175-5a66-404a-b59a-ff90b90ea17c,TUMBAL PROYEK,21cineplex,,16TPRK,Horror,106 menit,D17+,2D,2026-05-26,5e7fbae3-0c9a-4794-b4f1-ce41f299e095,2026-05-26T16:31:51.103142
7ec07175-5a66-404a-b59a-ff90b90ea17c,PASSENGER,21cineplex,,26PASR,Horror,94 menit,D17+,2D,2026-05-27,b470edcc-c44b-49c1-b434-9dcba8c34c73,2026-05-26T16:31:51.103174
7ec07175-5a66-404a-b59a-ff90b90ea17c,GOHAN,21cineplex,,26GOHN,Drama,140 menit,SU,2D,2026-05-27,07c5a22c-d943-4ff4-a553-8bc7ecc5db26,2026-05-26T16:31:51.103245
7ec07175-5a66-404a-b59a-ff90b90ea17c,HOKUM,21cineplex,,26HOKM,Horror,107 menit,13+,2D,2026-05-27,d496c498-d103-427b-8dbf-f03e4004f185,2026-05-26T16:31:51.103285
7ec07175-5a66-404a-b59a-ff90b90ea17c,STAR WARS: THE MANDALORIAN AND GROGU,21cineplex,,26SWMG,"Fantasy, Sci-Fi",132 menit,13+,2D,2026-05-27,893f6001-e0c0-4170-aaaa-ff309f5abd48,2026-05-26T16:31:51.103330
7ec07175-5a66-404a-b59a-ff90b90ea17c,MICHAEL,21cineplex,,26MICL,Biography,127 menit,SU,2D,2026-05-27,60bd1e44-926e-415e-80b2-e071df21dcaf,2026-05-26T16:31:51.103368
7ec07175-5a66-404a-b59a-ff90b90ea17c,CHILDREN OF HEAVEN,21cineplex,,16COHN,"Drama, Family",97 menit,SU,2D,2026-05-27,3a90919a-70a6-4758-9e97-84a51d4a92d7,2026-05-26T16:31:51.103412
7ec07175-5a66-404a-b59a-ff90b90ea17c,SEKAWAN LIMO 2: GUNUNG KLAWIH,21cineplex,,16SK2G,"Comedy, Horror",122 menit,13+,2D,2026-05-27,ab7e5a1f-5d42-48fb-929e-a4f506226252,2026-05-26T16:31:51.103477
7ec07175-5a66-404a-b59a-ff90b90ea17c,COLONY,21cineplex,,26COLY,"Horror, Thriller",122 menit,13+,2D,2026-06-03,9e62c3bd-dd1b-432a-85ad-fcacf20f7bec,2026-05-26T16:31:51.103557
c0bd435a-0b10-4519-9d3c-e3e13c9e48df,STAR WARS: THE MANDALORIAN AND GROGU,21cineplex,,26SWMG,"Fantasy, Sci-Fi",132 menit,13+,2D,2026-05-26,c1ef51d3-42b3-4fd3-851f-cb4a025e4945,2026-05-26T16:31:53.922746
c0bd435a-0b10-4519-9d3c-e3e13c9e48df,GHOST IN THE CELL,21cineplex,,16GITC,"Comedy, Horror",106 menit,D17+,2D,2026-05-26,144394a7-637a-4f94-8bc0-a1fbdff2683c,2026-05-26T16:31:53.922962
c0bd435a-0b10-4519-9d3c-e3e13c9e48df,TUMBAL PROYEK,21cineplex,,16TPRK,Horror,106 menit,D17+,2D,2026-05-26,30d01317-2441-4dbe-ba4f-6ae9e435f8f3,2026-05-26T16:31:53.923104
c0bd435a-0b10-4519-9d3c-e3e13c9e48df,SEMUA AKAN BAIK-BAIK SAJA,21cineplex,,16SABB,Drama,113 menit,13+,2D,2026-05-26,f9445a8a-3bea-4e59-85dc-587a82fbeed5,2026-05-26T16:31:53.923407
c0bd435a-0b10-4519-9d3c-e3e13c9e48df,THE SHEEP DETECTIVES,21cineplex,,26SDES,"Comedy, Mystery",109 menit,SU,2D,2026-05-26,beb43bc5-369e-41a3-a4eb-3fd609e897fb,2026-05-26T16:31:53.923814
c0bd435a-0b10-4519-9d3c-e3e13c9e48df,MORTAL KOMBAT II,21cineplex,,25MKT2,"Action, Adventure",116 menit,D17+,2D,2026-05-26,55e548d3-5545-4668-8b02-13a9f8f13fd5,2026-05-26T16:31:53.924029
c0bd435a-0b10-4519-9d3c-e3e13c9e48df,GOHAN,21cineplex,,26GOHN,Drama,140 menit,SU,2D,2026-05-26,61f582a4-8abf-4c26-9910-4b54e5db8193,2026-05-26T16:31:53.924198
c0bd435a-0b10-4519-9d3c-e3e13c9e48df,STAR WARS: THE MANDALORIAN AND GROGU,21cineplex,,26SWMG,"Fantasy, Sci-Fi",132 menit,13+,2D,2026-05-27,eebac8b0-891e-4a5c-aff5-53ef2aeab7ee,2026-05-26T16:31:53.924309
c0bd435a-0b10-4519-9d3c-e3e13c9e48df,SUAMIKU LUKAKU,21cineplex,,16SLUU,Drama,92 menit,D17+,2D,2026-05-27,58e26241-240b-481c-b7f3-2e56e9e8366c,2026-05-26T16:31:53.924423
c0bd435a-0b10-4519-9d3c-e3e13c9e48df,CHILDREN OF HEAVEN,21cineplex,,16COHN,"Drama, Family",97 menit,SU,2D,2026-05-27,89e7e564-3e76-4fa5-ab79-95da8f04adf7,2026-05-26T16:31:53.924582
c0bd435a-0b10-4519-9d3c-e3e13c9e48df,TUMBAL PROYEK,21cineplex,,16TPRK,Horror,106 menit,D17+,2D,2026-05-27,78c4a7fc-a129-4cce-98b0-c4eda5315fd8,2026-05-26T16:31:53.924770
c0bd435a-0b10-4519-9d3c-e3e13c9e48df,SEMUA AKAN BAIK-BAIK SAJA,21cineplex,,16SABB,Drama,113 menit,13+,2D,2026-05-27,aa78844a-aa5c-4397-8b9c-bb2b0f4f8897,2026-05-26T16:31:53.924979
c0bd435a-0b10-4519-9d3c-e3e13c9e48df,SEKAWAN LIMO 2: GUNUNG KLAWIH,21cineplex,,16SK2G,"Comedy, Horror",122 menit,13+,2D,2026-05-27,01bd4c5a-96fc-413b-a9bf-ef3dc7458cec,2026-05-26T16:31:53.925204
c0bd435a-0b10-4519-9d3c-e3e13c9e48df,COLONY,21cineplex,,26COLY,"Horror, Thriller",122 menit,13+,2D,2026-06-03,8f4834a7-6fa8-42d1-a6c1-d804316b1fd6,2026-05-26T16:31:53.925403
72441211-c7b2-49ec-9948-dfe5e5e3322c,TUMBAL PROYEK,21cineplex,,16TPRK,Horror,106 menit,D17+,2D,2026-05-26,073173b1-b510-476f-a1eb-322b3e124824,2026-05-26T16:31:55.560579
72441211-c7b2-49ec-9948-dfe5e5e3322c,YANG LAIN BOLEH HILANG ASAL KAU JANGAN,21cineplex,,16YLBH,Drama,113 menit,13+,2D,2026-05-26,86b1571a-834c-4f76-a1ca-2165bb75724e,2026-05-26T16:31:55.561092
72441211-c7b2-49ec-9948-dfe5e5e3322c,SEMUA AKAN BAIK-BAIK SAJA,21cineplex,,16SABB,Drama,113 menit,13+,2D,2026-05-26,18ba144d-70af-4ed9-92df-8089f194e617,2026-05-26T16:31:55.561542
72441211-c7b2-49ec-9948-dfe5e5e3322c,GUDANG MERICA,21cineplex,,16GMEA,"Comedy, Horror",98 menit,D17+,2D,2026-05-26,7323f6c6-e83d-4c08-b047-756aaf11a9ae,2026-05-26T16:31:55.561844
72441211-c7b2-49ec-9948-dfe5e5e3322c,KAMU HARUS MATI,21cineplex,,16KHMI,"Horror, Mystery, Thriller",90 menit,13+,2D,2026-05-26,6e646c88-1e6d-4d65-ba19-11bfb608c2ff,2026-05-26T16:31:55.562016
72441211-c7b2-49ec-9948-dfe5e5e3322c,CHILDREN OF HEAVEN,21cineplex,,16COHN,"Drama, Family",97 menit,SU,2D,2026-05-27,ecb27dbe-a721-4660-bb15-e63a3ee3865f,2026-05-26T16:31:55.562237
72441211-c7b2-49ec-9948-dfe5e5e3322c,GUDANG MERICA,21cineplex,,16GMEA,"Comedy, Horror",98 menit,D17+,2D,2026-05-27,f0a7e33e-798f-4dec-b345-5e2634f88959,2026-05-26T16:31:55.562453
72441211-c7b2-49ec-9948-dfe5e5e3322c,TUMBAL PROYEK,21cineplex,,16TPRK,Horror,106 menit,D17+,2D,2026-05-27,0fbaaa90-4268-4d14-a507-aba3fa1ff00f,2026-05-26T16:31:55.562601
72441211-c7b2-49ec-9948-dfe5e5e3322c,BADUT GENDONG,21cineplex,,16BGEG,"Action, Horror",101 menit,D17+,2D,2026-05-27,564740e4-bfc0-4b2f-8f6a-c1b97e81a659,2026-05-26T16:31:55.562744
72441211-c7b2-49ec-9948-dfe5e5e3322c,YANG LAIN BOLEH HILANG ASAL KAU JANGAN,21cineplex,,16YLBH,Drama,113 menit,13+,2D,2026-05-27,2a6bb850-a8ff-48e6-b8fd-cf6ffb8b1e80,2026-05-26T16:31:55.562959
72441211-c7b2-49ec-9948-dfe5e5e3322c,SEMUA AKAN BAIK-BAIK SAJA,21cineplex,,16SABB,Drama,113 menit,13+,2D,2026-05-27,0c3c77d4-e56f-48bb-b0cc-dab2f7880cc6,2026-05-26T16:31:55.563097
72441211-c7b2-49ec-9948-dfe5e5e3322c,SUAMIKU LUKAKU,21cineplex,,16SLUU,Drama,92 menit,D17+,2D,2026-05-27,447f09cf-ca32-4032-bb93-e0b358eb41fc,2026-05-26T16:31:55.563239
9cc782f5-a4a6-4ef5-8f24-da049094f7a9,GHOST IN THE CELL,21cineplex,,16GITC,"Comedy, Horror",106 menit,D17+,2D,2026-05-26,143c534e-b824-4dbf-a913-343d113da3b0,2026-05-26T16:31:56.804667
9cc782f5-a4a6-4ef5-8f24-da049094f7a9,STAR WARS: THE MANDALORIAN AND GROGU,21cineplex,,26SWMG,"Fantasy, Sci-Fi",132 menit,13+,2D,2026-05-26,03963f71-2add-44d4-a7d6-b7a8fa83b3fe,2026-05-26T16:31:56.804900
9cc782f5-a4a6-4ef5-8f24-da049094f7a9,THE SHEEP DETECTIVES,21cineplex,,26SDES,"Comedy, Mystery",109 menit,SU,2D,2026-05-26,1c8c706e-a77c-4d29-ad41-a48e007924f3,2026-05-26T16:31:56.805005
9cc782f5-a4a6-4ef5-8f24-da049094f7a9,LEE CRONIN'S THE MUMMY,21cineplex,,26LCTM,Horror,134 menit,D17+,2D,2026-05-26,3d3f63f8-b835-4cc8-b7cc-5f0428df0c3a,2026-05-26T16:31:56.805086
9cc782f5-a4a6-4ef5-8f24-da049094f7a9,THE DEVIL WEARS PRADA 2,21cineplex,,26DWP2,"Comedy, Drama",119 menit,13+,2D,2026-05-26,3857b793-d507-4216-a367-15f5089bb1b8,2026-05-26T16:31:56.805174
9cc782f5-a4a6-4ef5-8f24-da049094f7a9,MICHAEL,21cineplex,,26MICL,Biography,127 menit,SU,2D,2026-05-26,53d9a188-a6e3-4edb-9400-b2815eb8ccb9,2026-05-26T16:31:56.805281
9cc782f5-a4a6-4ef5-8f24-da049094f7a9,HOKUM,21cineplex,,26HOKM,Horror,107 menit,13+,2D,2026-05-26,d353746c-021c-40b6-a67a-e9b1830bc51d,2026-05-26T16:31:56.805384
9cc782f5-a4a6-4ef5-8f24-da049094f7a9,SALMOKJI: WHISPERING WATER,21cineplex,,26SWWR,Horror,95 menit,D17+,2D,2026-05-26,fcf2d89f-8c00-4e49-ac31-3a19b3206c87,2026-05-26T16:31:56.805544
9cc782f5-a4a6-4ef5-8f24-da049094f7a9,GOHAN,21cineplex,,26GOHN,Drama,140 menit,SU,2D,2026-05-26,a7f28710-24ce-489f-928b-fdc8dcfc96ce,2026-05-26T16:31:56.805667
9cc782f5-a4a6-4ef5-8f24-da049094f7a9,HOKUM,21cineplex,,26HOKM,Horror,107 menit,13+,2D,2026-05-27,5dd77618-2f9f-49c4-9e0f-5f605562fe36,2026-05-26T16:31:56.805828
9cc782f5-a4a6-4ef5-8f24-da049094f7a9,GHOST IN THE CELL,21cineplex,,16GITC,"Comedy, Horror",106 menit,D17+,2D,2026-05-27,453f75e9-f396-4014-9e26-0fdb75f38903,2026-05-26T16:31:56.805969
9cc782f5-a4a6-4ef5-8f24-da049094f7a9,GOHAN,21cineplex,,26GOHN,Drama,140 menit,SU,2D,2026-05-27,5796929a-e654-40c7-920d-ce858622a1bb,2026-05-26T16:31:56.806123
9cc782f5-a4a6-4ef5-8f24-da049094f7a9,SUAMIKU LUKAKU,21cineplex,,16SLUU,Drama,92 menit,D17+,2D,2026-05-27,84f85a54-1aa0-450f-9df4-07ef2997e371,2026-05-26T16:31:56.806227
9cc782f5-a4a6-4ef5-8f24-da049094f7a9,BADUT GENDONG,21cineplex,,16BGEG,"Action, Horror",101 menit,D17+,2D,2026-05-27,0fc63e20-f41e-4725-ba0c-d04abaa769d2,2026-05-26T16:31:56.806478
9cc782f5-a4a6-4ef5-8f24-da049094f7a9,CHILDREN OF HEAVEN,21cineplex,,16COHN,"Drama, Family",97 menit,SU,2D,2026-05-27,dfae2503-ce1a-4977-89f2-3d724e281a59,2026-05-26T16:31:56.806809
9cc782f5-a4a6-4ef5-8f24-da049094f7a9,PASSENGER,21cineplex,,26PASR,Horror,94 menit,D17+,2D,2026-05-27,69511e0f-03b4-49e1-b62c-8c618458550a,2026-05-26T16:31:56.807011
9cc782f5-a4a6-4ef5-8f24-da049094f7a9,SEKAWAN LIMO 2: GUNUNG KLAWIH,21cineplex,,16SK2G,"Comedy, Horror",122 menit,13+,2D,2026-05-27,54b1bfa4-0573-4d64-b326-0c496a3e9421,2026-05-26T16:31:56.807210
9cc782f5-a4a6-4ef5-8f24-da049094f7a9,COLONY,21cineplex,,26COLY,"Horror, Thriller",122 menit,13+,2D,2026-06-03,2bee2ce8-bfdb-4dba-9618-34896cebb871,2026-05-26T16:31:56.807347
b4e5f494-5033-4d76-85db-36042fba1537,FUZE,21cineplex,,26FUZE,"Action, Crime",96 menit,D17+,2D,2026-05-26,8e9db5ea-6e2e-4346-b87f-dbdd267bb20f,2026-05-26T16:32:01.612350
b4e5f494-5033-4d76-85db-36042fba1537,HOKUM,21cineplex,,26HOKM,Horror,107 menit,13+,2D,2026-05-26,6c6d7a1c-73f4-495a-b53e-4ae5562ffd15,2026-05-26T16:32:01.612406
b4e5f494-5033-4d76-85db-36042fba1537,TUMBAL PROYEK,21cineplex,,16TPRK,Horror,106 menit,D17+,2D,2026-05-26,92fdadac-77ca-4eeb-8e67-fdaa3d11513f,2026-05-26T16:32:01.612463
b4e5f494-5033-4d76-85db-36042fba1537,GUDANG MERICA,21cineplex,,16GMEA,"Comedy, Horror",98 menit,D17+,2D,2026-05-26,3c2e4d49-daff-413b-9fa8-d2ff0d24aeb2,2026-05-26T16:32:01.612517
b4e5f494-5033-4d76-85db-36042fba1537,IN THE GREY,21cineplex,,26ITGY,"Action, Thriller",97 menit,13+,2D,2026-05-26,c1c34e88-f96a-4a3d-82f9-af226770142c,2026-05-26T16:32:01.612588
b4e5f494-5033-4d76-85db-36042fba1537,THE SHEEP DETECTIVES,21cineplex,,26SDES,"Comedy, Mystery",109 menit,SU,2D,2026-05-26,bf9d6ab4-9264-474f-b61b-44d0277806fc,2026-05-26T16:32:01.612627
b4e5f494-5033-4d76-85db-36042fba1537,STAR WARS: THE MANDALORIAN AND GROGU,21cineplex,,26SWMG,"Fantasy, Sci-Fi",132 menit,13+,2D,2026-05-26,c6561f86-01ee-48e7-9430-643725beb8ff,2026-05-26T16:32:01.612680
b4e5f494-5033-4d76-85db-36042fba1537,MORTAL KOMBAT II,21cineplex,,25MKT2,"Action, Adventure",116 menit,D17+,2D,2026-05-26,8c12bf40-7d0e-4909-9b94-ad78d1fadb7a,2026-05-26T16:32:01.612722
b4e5f494-5033-4d76-85db-36042fba1537,SEMUA AKAN BAIK-BAIK SAJA,21cineplex,,16SABB,Drama,113 menit,13+,2D,2026-05-26,dbea3262-42fd-4f7b-826d-366af1303dcf,2026-05-26T16:32:01.612776
b4e5f494-5033-4d76-85db-36042fba1537,YANG LAIN BOLEH HILANG ASAL KAU JANGAN,21cineplex,,16YLBH,Drama,113 menit,13+,2D,2026-05-26,8046f38f-671f-4f79-82ee-4e3a370d3bed,2026-05-26T16:32:01.612846
b4e5f494-5033-4d76-85db-36042fba1537,GHOST IN THE CELL,21cineplex,,16GITC,"Comedy, Horror",106 menit,D17+,2D,2026-05-26,c875a5aa-8e7b-4af6-b102-4a710a36090e,2026-05-26T16:32:01.612894
b4e5f494-5033-4d76-85db-36042fba1537,GOHAN,21cineplex,,26GOHN,Drama,140 menit,SU,2D,2026-05-26,067870ae-1172-4cd1-a277-fc660f56ad2a,2026-05-26T16:32:01.612952
b4e5f494-5033-4d76-85db-36042fba1537,GUDANG MERICA,21cineplex,,16GMEA,"Comedy, Horror",98 menit,D17+,2D,2026-05-27,3c3a4b7e-f5f6-4a7e-95ba-a98e586bfc4b,2026-05-26T16:32:01.612985
b4e5f494-5033-4d76-85db-36042fba1537,YANG LAIN BOLEH HILANG ASAL KAU JANGAN,21cineplex,,16YLBH,Drama,113 menit,13+,2D,2026-05-27,03e5a789-f898-4be9-b460-8ade5803f8ea,2026-05-26T16:32:01.613038
b4e5f494-5033-4d76-85db-36042fba1537,GOHAN,21cineplex,,26GOHN,Drama,140 menit,SU,2D,2026-05-27,eae6ad77-a46d-4bde-988e-1152ac03cd10,2026-05-26T16:32:01.613072
b4e5f494-5033-4d76-85db-36042fba1537,BADUT GENDONG,21cineplex,,16BGEG,"Action, Horror",101 menit,D17+,2D,2026-05-27,e6368fe4-7ced-4166-8731-e7ce73b7f4d4,2026-05-26T16:32:01.613101
b4e5f494-5033-4d76-85db-36042fba1537,SUAMIKU LUKAKU,21cineplex,,16SLUU,Drama,92 menit,D17+,2D,2026-05-27,4cc0c5a3-9123-4fb1-934d-ad1f75cc4730,2026-05-26T16:32:01.613154
b4e5f494-5033-4d76-85db-36042fba1537,SEKAWAN LIMO 2: GUNUNG KLAWIH,21cineplex,,16SK2G,"Comedy, Horror",122 menit,13+,2D,2026-05-27,1d89a7cb-2fe6-4747-abc0-4748a405d432,2026-05-26T16:32:01.613208
b4e5f494-5033-4d76-85db-36042fba1537,TUMBAL PROYEK,21cineplex,,16TPRK,Horror,106 menit,D17+,2D,2026-05-27,5440d8ce-ff91-4aad-aff6-3295f7bb0523,2026-05-26T16:32:01.613252
b4e5f494-5033-4d76-85db-36042fba1537,SEMUA AKAN BAIK-BAIK SAJA,21cineplex,,16SABB,Drama,113 menit,13+,2D,2026-05-27,5e0c3962-5b97-4e48-9338-94a76d2cf504,2026-05-26T16:32:01.613301
b4e5f494-5033-4d76-85db-36042fba1537,CHILDREN OF HEAVEN,21cineplex,,16COHN,"Drama, Family",97 menit,SU,2D,2026-05-27,baf1ac75-e97f-4b8d-9d92-5276c6e3a1ed,2026-05-26T16:32:01.613347
b4e5f494-5033-4d76-85db-36042fba1537,THE SHEEP DETECTIVES,21cineplex,,26SDES,"Comedy, Mystery",109 menit,SU,2D,2026-05-27,0865de5e-f749-413e-8943-d53da48cea21,2026-05-26T16:32:01.613398
b4e5f494-5033-4d76-85db-36042fba1537,PASSENGER,21cineplex,,26PASR,Horror,94 menit,D17+,2D,2026-05-27,2fc5e607-dab2-4a71-b77e-5c57e00200ef,2026-05-26T16:32:01.613428
b4e5f494-5033-4d76-85db-36042fba1537,STAR WARS: THE MANDALORIAN AND GROGU,21cineplex,,26SWMG,"Fantasy, Sci-Fi",132 menit,13+,2D,2026-05-27,fe7c766d-a7e6-46cd-b58b-59ef559b504e,2026-05-26T16:32:01.613478
b4e5f494-5033-4d76-85db-36042fba1537,COLONY,21cineplex,,26COLY,"Horror, Thriller",122 menit,13+,2D,2026-06-03,cc0f781c-0880-4056-8ead-92c7b44d92f1,2026-05-26T16:32:01.613525
02c47c4f-b753-4712-9153-9acf2740af95,SEMUA AKAN BAIK-BAIK SAJA,21cineplex,,16SABB,Drama,113 menit,13+,2D,2026-05-26,83af133d-e415-4816-870d-c15fc42ffdd9,2026-05-26T16:32:02.808598
02c47c4f-b753-4712-9153-9acf2740af95,GOHAN,21cineplex,,26GOHN,Drama,140 menit,SU,2D,2026-05-26,6e238157-37e0-481a-a26f-f35f68603ee4,2026-05-26T16:32:02.808853
02c47c4f-b753-4712-9153-9acf2740af95,HOKUM,21cineplex,,26HOKM,Horror,107 menit,13+,2D,2026-05-26,3659a739-597c-40ef-8d22-7db94a4d5bd0,2026-05-26T16:32:02.808926
02c47c4f-b753-4712-9153-9acf2740af95,STAR WARS: THE MANDALORIAN AND GROGU,21cineplex,,26SWMG,"Fantasy, Sci-Fi",132 menit,13+,2D,2026-05-26,f809a049-f285-440c-91b2-4faf08b94f66,2026-05-26T16:32:02.809259
02c47c4f-b753-4712-9153-9acf2740af95,GUDANG MERICA,21cineplex,,16GMEA,"Comedy, Horror",98 menit,D17+,2D,2026-05-26,914e4e5d-35a4-4bd3-a22b-598570d20d75,2026-05-26T16:32:02.809470
02c47c4f-b753-4712-9153-9acf2740af95,TUMBAL PROYEK,21cineplex,,16TPRK,Horror,106 menit,D17+,2D,2026-05-26,583a1bb0-6f17-4098-81cd-083871be30d1,2026-05-26T16:32:02.809641
02c47c4f-b753-4712-9153-9acf2740af95,TIBA TIBA SETAN,21cineplex,,16TTSN,"Comedy, Horror",113 menit,13+,2D,2026-05-26,8c89a7f7-b041-47e5-aec4-ba7e4d76ad7f,2026-05-26T16:32:02.809846
02c47c4f-b753-4712-9153-9acf2740af95,MORTAL KOMBAT II,21cineplex,,25MKT2,"Action, Adventure",116 menit,D17+,2D,2026-05-26,c95d69b2-830e-43eb-ade3-3fc274e7e756,2026-05-26T16:32:02.810028
02c47c4f-b753-4712-9153-9acf2740af95,KELUARGA SUAMI ADALAH HAMA,21cineplex,,16KSAH,Drama,117 menit,13+,2D,2026-05-26,d2dd2fd0-00c7-43f6-be48-bb870992ad5b,2026-05-26T16:32:02.810209
02c47c4f-b753-4712-9153-9acf2740af95,SEMUA AKAN BAIK-BAIK SAJA,21cineplex,,16SABB,Drama,113 menit,13+,2D,2026-05-27,f0945af1-2ed3-4f7d-adcf-100c5f284f22,2026-05-26T16:32:02.810374
02c47c4f-b753-4712-9153-9acf2740af95,GUDANG MERICA,21cineplex,,16GMEA,"Comedy, Horror",98 menit,D17+,2D,2026-05-27,f5758499-083e-41ea-9f25-d53bbbde6ea1,2026-05-26T16:32:02.810560
02c47c4f-b753-4712-9153-9acf2740af95,TUMBAL PROYEK,21cineplex,,16TPRK,Horror,106 menit,D17+,2D,2026-05-27,0215dcb2-2a03-4e8e-9eb5-6fcacc2f97a2,2026-05-26T16:32:02.810733
02c47c4f-b753-4712-9153-9acf2740af95,SEKAWAN LIMO 2: GUNUNG KLAWIH,21cineplex,,16SK2G,"Comedy, Horror",122 menit,13+,2D,2026-05-27,f6fd6bd5-84ec-4617-af4f-90e5d3954db5,2026-05-26T16:32:02.810901
02c47c4f-b753-4712-9153-9acf2740af95,SUAMIKU LUKAKU,21cineplex,,16SLUU,Drama,92 menit,D17+,2D,2026-05-27,f93556d8-e217-4f51-b783-142525ce98fa,2026-05-26T16:32:02.811080
02c47c4f-b753-4712-9153-9acf2740af95,CHILDREN OF HEAVEN,21cineplex,,16COHN,"Drama, Family",97 menit,SU,2D,2026-05-27,37b83ccf-e610-469a-a203-168ba772a20c,2026-05-26T16:32:02.811306
02c47c4f-b753-4712-9153-9acf2740af95,BADUT GENDONG,21cineplex,,16BGEG,"Action, Horror",101 menit,D17+,2D,2026-05-27,68e2093f-ed37-419d-a7ed-963160d5dc97,2026-05-26T16:32:02.811495
02c47c4f-b753-4712-9153-9acf2740af95,COLONY,21cineplex,,26COLY,"Horror, Thriller",122 menit,13+,2D,2026-06-03,149cbafe-9a5b-457c-8371-8436a73c7d38,2026-05-26T16:32:02.811778
80dd075c-7b52-47b1-9dbb-8c51f6cd8598,KELUARGA SUAMI ADALAH HAMA,21cineplex,,16KSAH,Drama,117 menit,13+,2D,2026-05-26,feeba8a7-3e86-44de-bae0-96b683e5b0db,2026-05-26T16:32:04.492477
80dd075c-7b52-47b1-9dbb-8c51f6cd8598,DILAN ITB 1997,21cineplex,,16DI97,"Drama, Romance",110 menit,13+,2D,2026-05-26,7dfa49ad-1a1c-42de-b16f-bfa91ea14b7b,2026-05-26T16:32:04.492641
80dd075c-7b52-47b1-9dbb-8c51f6cd8598,TUMBAL PROYEK,21cineplex,,16TPRK,Horror,106 menit,D17+,2D,2026-05-26,04a181a2-d670-4e98-9141-d175466ece75,2026-05-26T16:32:04.492831
80dd075c-7b52-47b1-9dbb-8c51f6cd8598,GUDANG MERICA,21cineplex,,16GMEA,"Comedy, Horror",98 menit,D17+,2D,2026-05-26,a232b0a2-ca79-42de-b235-12da7de1a30e,2026-05-26T16:32:04.493024
80dd075c-7b52-47b1-9dbb-8c51f6cd8598,SEMUA AKAN BAIK-BAIK SAJA,21cineplex,,16SABB,Drama,113 menit,13+,2D,2026-05-26,9fdca845-5047-4128-a081-62d2ea679680,2026-05-26T16:32:04.493231
80dd075c-7b52-47b1-9dbb-8c51f6cd8598,BADUT GENDONG,21cineplex,,16BGEG,"Action, Horror",101 menit,D17+,2D,2026-05-27,93bbb1fb-9bf3-4f9c-9895-1e0adbaab0aa,2026-05-26T16:32:04.493472
80dd075c-7b52-47b1-9dbb-8c51f6cd8598,GUDANG MERICA,21cineplex,,16GMEA,"Comedy, Horror",98 menit,D17+,2D,2026-05-27,94379475-b7b5-4ff2-9b96-abdf65710d99,2026-05-26T16:32:04.493597
80dd075c-7b52-47b1-9dbb-8c51f6cd8598,SEKAWAN LIMO 2: GUNUNG KLAWIH,21cineplex,,16SK2G,"Comedy, Horror",122 menit,13+,2D,2026-05-27,1302f80c-d3d3-4f95-95c5-b460378773a8,2026-05-26T16:32:04.493814
80dd075c-7b52-47b1-9dbb-8c51f6cd8598,CHILDREN OF HEAVEN,21cineplex,,16COHN,"Drama, Family",97 menit,SU,2D,2026-05-27,a96b3019-dcd3-4fc6-aac1-356204886126,2026-05-26T16:32:04.494022
80dd075c-7b52-47b1-9dbb-8c51f6cd8598,SUAMIKU LUKAKU,21cineplex,,16SLUU,Drama,92 menit,D17+,2D,2026-05-27,8d3916e3-f2d1-4ca8-9c92-013b6d1f5c3d,2026-05-26T16:32:04.494157
80fecbe1-03aa-45a6-9718-d4be573c78de,GOHAN,21cineplex,,26GOHN,Drama,140 menit,SU,2D,2026-05-26,b9d6a8d5-70fd-4a38-8300-8d64d8b01535,2026-05-26T16:32:05.763956
80fecbe1-03aa-45a6-9718-d4be573c78de,SALMOKJI: WHISPERING WATER,21cineplex,,26SWWR,Horror,95 menit,D17+,2D,2026-05-26,bcdc2331-c167-448a-a045-b12e8a957a34,2026-05-26T16:32:05.764135
80fecbe1-03aa-45a6-9718-d4be573c78de,GUDANG MERICA,21cineplex,,16GMEA,"Comedy, Horror",98 menit,D17+,2D,2026-05-26,14cb1d8c-dedb-4679-8745-4ad14ec586df,2026-05-26T16:32:05.764343
80fecbe1-03aa-45a6-9718-d4be573c78de,HOKUM,21cineplex,,26HOKM,Horror,107 menit,13+,2D,2026-05-26,3d00106f-8763-4494-865f-0e84490cd31b,2026-05-26T16:32:05.764505
80fecbe1-03aa-45a6-9718-d4be573c78de,SEMUA AKAN BAIK-BAIK SAJA,21cineplex,,16SABB,Drama,113 menit,13+,2D,2026-05-26,701c4879-e8f7-46f1-a99b-e6cc6291da70,2026-05-26T16:32:05.764641
80fecbe1-03aa-45a6-9718-d4be573c78de,STAR WARS: THE MANDALORIAN AND GROGU,21cineplex,,26SWMG,"Fantasy, Sci-Fi",132 menit,13+,2D,2026-05-26,b8968d23-be23-4cdf-a37a-895891a4de04,2026-05-26T16:32:05.764792
80fecbe1-03aa-45a6-9718-d4be573c78de,CHILDREN OF HEAVEN,21cineplex,,16COHN,"Drama, Family",97 menit,SU,2D,2026-05-27,baf6385d-2771-4688-bd82-5e603f9e8de6,2026-05-26T16:32:05.764962
80fecbe1-03aa-45a6-9718-d4be573c78de,SUAMIKU LUKAKU,21cineplex,,16SLUU,Drama,92 menit,D17+,2D,2026-05-27,760c3247-2a64-49b0-b612-b90b127d73b5,2026-05-26T16:32:05.765145
80fecbe1-03aa-45a6-9718-d4be573c78de,PASSENGER,21cineplex,,26PASR,Horror,94 menit,D17+,2D,2026-05-27,b63ba094-5c0e-4ea6-a2bd-67187f364d73,2026-05-26T16:32:05.765269
80fecbe1-03aa-45a6-9718-d4be573c78de,BADUT GENDONG,21cineplex,,16BGEG,"Action, Horror",101 menit,D17+,2D,2026-05-27,b9633761-820d-41d7-81cb-4ac6d27ee0f8,2026-05-26T16:32:05.765452
80fecbe1-03aa-45a6-9718-d4be573c78de,SEKAWAN LIMO 2: GUNUNG KLAWIH,21cineplex,,16SK2G,"Comedy, Horror",122 menit,13+,2D,2026-05-27,60928da0-7271-4ec8-b8cb-a36d81b27485,2026-05-26T16:32:05.765643
80fecbe1-03aa-45a6-9718-d4be573c78de,COLONY,21cineplex,,26COLY,"Horror, Thriller",122 menit,13+,2D,2026-06-03,ce0a6e5c-d7fe-459f-9a07-970199e588b2,2026-05-26T16:32:05.765758
8be4d532-2a6a-4282-861f-f033622a27ad,TUMBAL PROYEK,21cineplex,,16TPRK,Horror,106 menit,D17+,2D,2026-05-26,7cd0c095-0023-42ca-8fe0-6f16fc909f5b,2026-05-26T16:32:08.762858
8be4d532-2a6a-4282-861f-f033622a27ad,STAR WARS: THE MANDALORIAN AND GROGU,21cineplex,,26SWMG,"Fantasy, Sci-Fi",132 menit,13+,2D,2026-05-26,e6c0fe8f-1a04-439e-9a06-39797134b1b3,2026-05-26T16:32:08.763029
8be4d532-2a6a-4282-861f-f033622a27ad,HOKUM,21cineplex,,26HOKM,Horror,107 menit,13+,2D,2026-05-26,43128800-207b-47a3-b585-30da4b2a3541,2026-05-26T16:32:08.763143
8be4d532-2a6a-4282-861f-f033622a27ad,DILAN ITB 1997,21cineplex,,16DI97,"Drama, Romance",110 menit,13+,2D,2026-05-26,6dc7ae99-8a96-4569-8239-57cf09ab515d,2026-05-26T16:32:08.763234
8be4d532-2a6a-4282-861f-f033622a27ad,GOHAN,21cineplex,,26GOHN,Drama,140 menit,SU,2D,2026-05-26,2dff7ff2-669a-462a-bab7-35aba17094a2,2026-05-26T16:32:08.763313
8be4d532-2a6a-4282-861f-f033622a27ad,KELUARGA SUAMI ADALAH HAMA,21cineplex,,16KSAH,Drama,117 menit,13+,2D,2026-05-26,186543d3-d958-4121-9cef-8922c5a53e11,2026-05-26T16:32:08.763390
8be4d532-2a6a-4282-861f-f033622a27ad,SEMUA AKAN BAIK-BAIK SAJA,21cineplex,,16SABB,Drama,113 menit,13+,2D,2026-05-26,39b1010e-0a68-45ca-972d-092a148b4925,2026-05-26T16:32:08.763478
8be4d532-2a6a-4282-861f-f033622a27ad,THE SHEEP DETECTIVES,21cineplex,,26SDES,"Comedy, Mystery",109 menit,SU,2D,2026-05-26,d0788bd3-0c03-4d89-bd74-2b978ac5f7bd,2026-05-26T16:32:08.763620
8be4d532-2a6a-4282-861f-f033622a27ad,HOKUM,21cineplex,,26HOKM,Horror,107 menit,13+,2D,2026-05-27,3cd302d2-8dcd-49ba-88ab-629cd57379f2,2026-05-26T16:32:08.763752
8be4d532-2a6a-4282-861f-f033622a27ad,CHILDREN OF HEAVEN,21cineplex,,16COHN,"Drama, Family",97 menit,SU,2D,2026-05-27,cf80e2cf-24d4-4d36-a7bb-04e1e78b6d6b,2026-05-26T16:32:08.763801
8be4d532-2a6a-4282-861f-f033622a27ad,SUAMIKU LUKAKU,21cineplex,,16SLUU,Drama,92 menit,D17+,2D,2026-05-27,e56a132e-0ea8-4283-aca1-78e927a01d87,2026-05-26T16:32:08.763924
8be4d532-2a6a-4282-861f-f033622a27ad,SEKAWAN LIMO 2: GUNUNG KLAWIH,21cineplex,,16SK2G,"Comedy, Horror",122 menit,13+,2D,2026-05-27,678c353e-1e7a-47b8-9f6e-40216d61b890,2026-05-26T16:32:08.764054
8be4d532-2a6a-4282-861f-f033622a27ad,TUMBAL PROYEK,21cineplex,,16TPRK,Horror,106 menit,D17+,2D,2026-05-27,6ae9ae26-d727-48bb-80ca-6bfc99e89a3b,2026-05-26T16:32:08.764176
8be4d532-2a6a-4282-861f-f033622a27ad,STAR WARS: THE MANDALORIAN AND GROGU,21cineplex,,26SWMG,"Fantasy, Sci-Fi",132 menit,13+,2D,2026-05-27,c3b87061-7034-402e-aae8-c7d885fbc925,2026-05-26T16:32:08.764228
8be4d532-2a6a-4282-861f-f033622a27ad,PASSENGER,21cineplex,,26PASR,Horror,94 menit,D17+,2D,2026-05-27,674a26f3-2938-4b26-a354-399868ad1ad8,2026-05-26T16:32:08.764289
8be4d532-2a6a-4282-861f-f033622a27ad,SEMUA AKAN BAIK-BAIK SAJA,21cineplex,,16SABB,Drama,113 menit,13+,2D,2026-05-27,1617ede0-eb13-477a-af38-265568ebeff6,2026-05-26T16:32:08.764408
8be4d532-2a6a-4282-861f-f033622a27ad,BADUT GENDONG,21cineplex,,16BGEG,"Action, Horror",101 menit,D17+,2D,2026-05-27,d46e3c03-f6d6-49ef-8f7a-f11c2f66c3a3,2026-05-26T16:32:08.764499
dfeb4c09-826b-4b60-b830-077e41db5bc4,YANG LAIN BOLEH HILANG ASAL KAU JANGAN,21cineplex,,16YLBH,Drama,113 menit,13+,2D,2026-05-26,fc9fea94-5fe1-456c-b50d-3cf8c4bb2842,2026-05-26T16:32:11.799516
dfeb4c09-826b-4b60-b830-077e41db5bc4,GHOST IN THE CELL,21cineplex,,16GITC,"Comedy, Horror",106 menit,D17+,2D,2026-05-26,49c84bf9-10e3-4b8e-8188-a8769396b98a,2026-05-26T16:32:11.799652
dfeb4c09-826b-4b60-b830-077e41db5bc4,MORTAL KOMBAT II,21cineplex,,25MKT2,"Action, Adventure",116 menit,D17+,2D,2026-05-26,dfc6a8c7-9edc-4ac0-bd52-8ae0f18785cc,2026-05-26T16:32:11.799744
dfeb4c09-826b-4b60-b830-077e41db5bc4,SEMUA AKAN BAIK-BAIK SAJA,21cineplex,,16SABB,Drama,113 menit,13+,2D,2026-05-26,3ad79d9b-35bb-42f5-a23d-2766aeee2c0b,2026-05-26T16:32:11.799807
dfeb4c09-826b-4b60-b830-077e41db5bc4,TUMBAL PROYEK,21cineplex,,16TPRK,Horror,106 menit,D17+,2D,2026-05-26,c9ca975c-ef4a-43f1-a26d-fcca7e55d0cc,2026-05-26T16:32:11.799906
dfeb4c09-826b-4b60-b830-077e41db5bc4,STAR WARS: THE MANDALORIAN AND GROGU,21cineplex,,26SWMG,"Fantasy, Sci-Fi",132 menit,13+,2D,2026-05-26,5ac6fbb2-8e1e-450c-bb30-9981f2478cab,2026-05-26T16:32:11.799987
dfeb4c09-826b-4b60-b830-077e41db5bc4,GUDANG MERICA,21cineplex,,16GMEA,"Comedy, Horror",98 menit,D17+,2D,2026-05-26,b91d07bb-9644-4c6a-a8c2-48d6048af181,2026-05-26T16:32:11.800023
dfeb4c09-826b-4b60-b830-077e41db5bc4,GUDANG MERICA,21cineplex,,16GMEA,"Comedy, Horror",98 menit,D17+,2D,2026-05-27,5d53842e-73e5-415b-b324-69ccc1832bba,2026-05-26T16:32:11.800113
dfeb4c09-826b-4b60-b830-077e41db5bc4,TUMBAL PROYEK,21cineplex,,16TPRK,Horror,106 menit,D17+,2D,2026-05-27,f4aa4acd-a1d0-4b3d-9237-d9f14a8bdd50,2026-05-26T16:32:11.800194
dfeb4c09-826b-4b60-b830-077e41db5bc4,CHILDREN OF HEAVEN,21cineplex,,16COHN,"Drama, Family",97 menit,SU,2D,2026-05-27,cde02fc5-3695-4e74-85b1-d90d02d07445,2026-05-26T16:32:11.800273
dfeb4c09-826b-4b60-b830-077e41db5bc4,SEKAWAN LIMO 2: GUNUNG KLAWIH,21cineplex,,16SK2G,"Comedy, Horror",122 menit,13+,2D,2026-05-27,69c89d1d-23f5-4b90-b523-25ba90248f89,2026-05-26T16:32:11.800353
dfeb4c09-826b-4b60-b830-077e41db5bc4,BADUT GENDONG,21cineplex,,16BGEG,"Action, Horror",101 menit,D17+,2D,2026-05-27,87867736-33f3-4e5b-8810-d2c7ca05fcde,2026-05-26T16:32:11.800435
dfeb4c09-826b-4b60-b830-077e41db5bc4,SUAMIKU LUKAKU,21cineplex,,16SLUU,Drama,92 menit,D17+,2D,2026-05-27,6c7ff71f-c3e5-4566-93ac-67ce03e108d4,2026-05-26T16:32:11.800520
a96bcc93-f143-4a33-9f30-4f75675813c5,TUMBAL PROYEK,21cineplex,,16TPRK,Horror,106 menit,D17+,2D,2026-05-26,1359a801-8cfd-4047-8ce0-5bb00e9e4873,2026-05-26T16:32:13.227866
a96bcc93-f143-4a33-9f30-4f75675813c5,SEMUA AKAN BAIK-BAIK SAJA,21cineplex,,16SABB,Drama,113 menit,13+,2D,2026-05-26,2e97c585-5dbd-4b92-956f-90074865474b,2026-05-26T16:32:13.228048
a96bcc93-f143-4a33-9f30-4f75675813c5,GHOST IN THE CELL,21cineplex,,16GITC,"Comedy, Horror",106 menit,D17+,2D,2026-05-26,73eeeaea-4b81-49e1-ab54-e403ec92be79,2026-05-26T16:32:13.228223
a96bcc93-f143-4a33-9f30-4f75675813c5,GUDANG MERICA,21cineplex,,16GMEA,"Comedy, Horror",98 menit,D17+,2D,2026-05-26,8f0e2302-b3d9-475f-a31a-13facce5b4f1,2026-05-26T16:32:13.228305
a96bcc93-f143-4a33-9f30-4f75675813c5,THE SHEEP DETECTIVES,21cineplex,,26SDES,"Comedy, Mystery",109 menit,SU,2D,2026-05-26,fd9e2074-cab8-462c-ac6e-307c5670a496,2026-05-26T16:32:13.228436
a96bcc93-f143-4a33-9f30-4f75675813c5,SEMUA AKAN BAIK-BAIK SAJA,21cineplex,,16SABB,Drama,113 menit,13+,2D,2026-05-27,e8841cf5-94c6-462f-8e39-e88ab82e5c7d,2026-05-26T16:32:13.228529
a96bcc93-f143-4a33-9f30-4f75675813c5,GUDANG MERICA,21cineplex,,16GMEA,"Comedy, Horror",98 menit,D17+,2D,2026-05-27,f96565a9-3803-4607-95b5-daf074ae2522,2026-05-26T16:32:13.228647
a96bcc93-f143-4a33-9f30-4f75675813c5,TUMBAL PROYEK,21cineplex,,16TPRK,Horror,106 menit,D17+,2D,2026-05-27,15f1a2a0-bb96-497c-a9fa-08a9c3f9aade,2026-05-26T16:32:13.228776
a96bcc93-f143-4a33-9f30-4f75675813c5,CHILDREN OF HEAVEN,21cineplex,,16COHN,"Drama, Family",97 menit,SU,2D,2026-05-27,2b7df155-d134-4d46-8b75-05664a047c57,2026-05-26T16:32:13.228846
a96bcc93-f143-4a33-9f30-4f75675813c5,BADUT GENDONG,21cineplex,,16BGEG,"Action, Horror",101 menit,D17+,2D,2026-05-27,1086eba0-ae3c-41a7-a1af-09d239861698,2026-05-26T16:32:13.228979
6cc5e93f-cbc5-430c-9db5-98e9f060f849,GUDANG MERICA,21cineplex,,16GMEA,"Comedy, Horror",98 menit,D17+,2D,2026-05-26,bd5f91b7-11b6-4087-89a4-69075f0e0953,2026-05-26T16:32:14.826995
6cc5e93f-cbc5-430c-9db5-98e9f060f849,THE SHEEP DETECTIVES,21cineplex,,26SDES,"Comedy, Mystery",109 menit,SU,2D,2026-05-26,235a0e74-dd64-480c-a7ee-94bd5884992c,2026-05-26T16:32:14.827095
6cc5e93f-cbc5-430c-9db5-98e9f060f849,HOKUM,21cineplex,,26HOKM,Horror,107 menit,13+,2D,2026-05-26,0f3423cc-c6e3-4c52-9422-9ce86a5bb955,2026-05-26T16:32:14.827149
6cc5e93f-cbc5-430c-9db5-98e9f060f849,TUMBAL PROYEK,21cineplex,,16TPRK,Horror,106 menit,D17+,2D,2026-05-26,253522bd-ec4d-4524-be4f-c7908b3083da,2026-05-26T16:32:14.827197
6cc5e93f-cbc5-430c-9db5-98e9f060f849,SEMUA AKAN BAIK-BAIK SAJA,21cineplex,,16SABB,Drama,113 menit,13+,2D,2026-05-26,82d51694-4edd-4d22-a4f3-0e38de65fd75,2026-05-26T16:32:14.827262
6cc5e93f-cbc5-430c-9db5-98e9f060f849,CHILDREN OF HEAVEN,21cineplex,,16COHN,"Drama, Family",97 menit,SU,2D,2026-05-27,3349c610-644d-4b41-91e6-a9cb6c303d5f,2026-05-26T16:32:14.827346
6cc5e93f-cbc5-430c-9db5-98e9f060f849,GUDANG MERICA,21cineplex,,16GMEA,"Comedy, Horror",98 menit,D17+,2D,2026-05-27,afabac1b-a339-4e8e-8f37-b2b7a50157a1,2026-05-26T16:32:14.827411
6cc5e93f-cbc5-430c-9db5-98e9f060f849,BADUT GENDONG,21cineplex,,16BGEG,"Action, Horror",101 menit,D17+,2D,2026-05-27,a5e30ad8-6f45-4f37-a01a-d1d0c3b3e9a9,2026-05-26T16:32:14.827463
6cc5e93f-cbc5-430c-9db5-98e9f060f849,SUAMIKU LUKAKU,21cineplex,,16SLUU,Drama,92 menit,D17+,2D,2026-05-27,5c636ed3-e155-4a14-9209-c9638d525892,2026-05-26T16:32:14.827509
6cc5e93f-cbc5-430c-9db5-98e9f060f849,SEKAWAN LIMO 2: GUNUNG KLAWIH,21cineplex,,16SK2G,"Comedy, Horror",122 menit,13+,2D,2026-05-27,614cd4b8-0176-4ad7-9f2a-85be8bf15ae4,2026-05-26T16:32:14.827580
77a971fe-6c83-43b4-a98a-c1326b295c44,STAR WARS: THE MANDALORIAN AND GROGU,21cineplex,,26SWMG,"Fantasy, Sci-Fi",132 menit,13+,2D,2026-05-26,c8c5a0ab-3fea-4f73-8456-35a870817a1b,2026-05-26T16:32:16.510499
77a971fe-6c83-43b4-a98a-c1326b295c44,GUDANG MERICA,21cineplex,,16GMEA,"Comedy, Horror",98 menit,D17+,2D,2026-05-26,6fc098ac-e8b6-405a-aa66-96e92b468a95,2026-05-26T16:32:16.510684
77a971fe-6c83-43b4-a98a-c1326b295c44,SEMUA AKAN BAIK-BAIK SAJA,21cineplex,,16SABB,Drama,113 menit,13+,2D,2026-05-26,8cbf6272-d294-4c38-85a4-57244ed350b0,2026-05-26T16:32:16.510798
77a971fe-6c83-43b4-a98a-c1326b295c44,HOKUM,21cineplex,,26HOKM,Horror,107 menit,13+,2D,2026-05-26,9ff8b8f4-3d96-4b53-9224-6ae3a0da4464,2026-05-26T16:32:16.510995
77a971fe-6c83-43b4-a98a-c1326b295c44,SUAMIKU LUKAKU,21cineplex,,16SLUU,Drama,92 menit,D17+,2D,2026-05-27,9739d6a0-b2ee-4dbb-a243-c16e74db9a42,2026-05-26T16:32:16.511106
77a971fe-6c83-43b4-a98a-c1326b295c44,SEKAWAN LIMO 2: GUNUNG KLAWIH,21cineplex,,16SK2G,"Comedy, Horror",122 menit,13+,2D,2026-05-27,053d9a7f-d453-40fe-96f4-38fe78c81b54,2026-05-26T16:32:16.511235
77a971fe-6c83-43b4-a98a-c1326b295c44,BADUT GENDONG,21cineplex,,16BGEG,"Action, Horror",101 menit,D17+,2D,2026-05-27,837ca3c8-914f-4f95-a199-39799eebeb63,2026-05-26T16:32:16.511328
77a971fe-6c83-43b4-a98a-c1326b295c44,CHILDREN OF HEAVEN,21cineplex,,16COHN,"Drama, Family",97 menit,SU,2D,2026-05-27,1944c74e-acc7-41a9-a1a0-3d4bbff6ae56,2026-05-26T16:32:16.511487
8da57668-8c28-4e03-a52b-40af0032b60f,GOHAN,21cineplex,,26GOHN,Drama,140 menit,SU,2D,2026-05-26,23e08f42-020d-4069-982f-53af47871395,2026-05-26T16:32:17.732397
8da57668-8c28-4e03-a52b-40af0032b60f,MICHAEL,21cineplex,,26MICL,Biography,127 menit,SU,2D,2026-05-26,e5f47c07-2edc-4c46-944f-f0eb2811dd31,2026-05-26T16:32:17.732691
8da57668-8c28-4e03-a52b-40af0032b60f,STAR WARS: THE MANDALORIAN AND GROGU,21cineplex,,26SWMG,"Fantasy, Sci-Fi",132 menit,13+,2D,2026-05-26,aec4bace-5adb-4882-bb54-703271decad5,2026-05-26T16:32:17.732935
8da57668-8c28-4e03-a52b-40af0032b60f,STAR WARS: THE MANDALORIAN AND GROGU,21cineplex,,26SWMG,"Fantasy, Sci-Fi",132 menit,13+,2D,2026-05-27,ee3f2ca3-8222-4d08-bf27-97d4ad559715,2026-05-26T16:32:17.733230
8da57668-8c28-4e03-a52b-40af0032b60f,SEKAWAN LIMO 2: GUNUNG KLAWIH,21cineplex,,16SK2G,"Comedy, Horror",122 menit,13+,2D,2026-05-27,712e00da-718e-4dcd-9031-58a58e58f5bc,2026-05-26T16:32:17.733411
8da57668-8c28-4e03-a52b-40af0032b60f,SUAMIKU LUKAKU,21cineplex,,16SLUU,Drama,92 menit,D17+,2D,2026-05-27,45413d9d-7248-45a7-8624-0ea9548f97ed,2026-05-26T16:32:17.733609
8da57668-8c28-4e03-a52b-40af0032b60f,GOHAN,21cineplex,,26GOHN,Drama,140 menit,SU,2D,2026-05-27,0490d16e-1611-4ebc-b545-2ebadf4dc8b1,2026-05-26T16:32:17.733881
8da57668-8c28-4e03-a52b-40af0032b60f,CHILDREN OF HEAVEN,21cineplex,,16COHN,"Drama, Family",97 menit,SU,2D,2026-05-27,e4717c14-2207-4572-9289-94b58ae6b14a,2026-05-26T16:32:17.734011
213c7eff-9a78-483c-b5fe-c3c8469cea2a,YANG LAIN BOLEH HILANG ASAL KAU JANGAN,21cineplex,,16YLBH,Drama,113 menit,13+,2D,2026-05-26,64379858-822d-41e1-9bf3-5c477196c03d,2026-05-26T16:32:19.315615
213c7eff-9a78-483c-b5fe-c3c8469cea2a,STAR WARS: THE MANDALORIAN AND GROGU,21cineplex,,26SWMG,"Fantasy, Sci-Fi",132 menit,13+,2D,2026-05-26,a6bd8098-b14e-476d-944b-c77ba36e27af,2026-05-26T16:32:19.315979
213c7eff-9a78-483c-b5fe-c3c8469cea2a,SEMUA AKAN BAIK-BAIK SAJA,21cineplex,,16SABB,Drama,113 menit,13+,2D,2026-05-26,8e2784de-b036-46b6-9615-0aaedef3982d,2026-05-26T16:32:19.316081
213c7eff-9a78-483c-b5fe-c3c8469cea2a,TUMBAL PROYEK,21cineplex,,16TPRK,Horror,106 menit,D17+,2D,2026-05-26,e69e8fad-8cf4-4a55-91d6-10541ac97d54,2026-05-26T16:32:19.316330
213c7eff-9a78-483c-b5fe-c3c8469cea2a,GUDANG MERICA,21cineplex,,16GMEA,"Comedy, Horror",98 menit,D17+,2D,2026-05-26,dd44806d-aa85-48b2-b68f-c4c0e0920a5c,2026-05-26T16:32:19.316545
213c7eff-9a78-483c-b5fe-c3c8469cea2a,YANG LAIN BOLEH HILANG ASAL KAU JANGAN,21cineplex,,16YLBH,Drama,113 menit,13+,2D,2026-05-27,7e3d06c1-52cf-471c-acfe-8f4ac4c05975,2026-05-26T16:32:19.316771
213c7eff-9a78-483c-b5fe-c3c8469cea2a,SEKAWAN LIMO 2: GUNUNG KLAWIH,21cineplex,,16SK2G,"Comedy, Horror",122 menit,13+,2D,2026-05-27,83db3b90-b5c0-45c5-9086-c9837060c0cc,2026-05-26T16:32:19.316900
213c7eff-9a78-483c-b5fe-c3c8469cea2a,TUMBAL PROYEK,21cineplex,,16TPRK,Horror,106 menit,D17+,2D,2026-05-27,2ce56bbd-542e-487f-84de-b7b3ab6c7f3b,2026-05-26T16:32:19.317100
213c7eff-9a78-483c-b5fe-c3c8469cea2a,CHILDREN OF HEAVEN,21cineplex,,16COHN,"Drama, Family",97 menit,SU,2D,2026-05-27,698889b3-579d-4488-88ef-cdf8ea9d3e11,2026-05-26T16:32:19.317234
213c7eff-9a78-483c-b5fe-c3c8469cea2a,SUAMIKU LUKAKU,21cineplex,,16SLUU,Drama,92 menit,D17+,2D,2026-05-27,cb77e2d0-35d4-497b-a25f-a15ea9ddf12a,2026-05-26T16:32:19.317425
8f4d59d8-03f9-40f9-9680-645f60135c59,KELUARGA SUAMI ADALAH HAMA,21cineplex,,16KSAH,Drama,117 menit,13+,2D,2026-05-26,750789a2-5f6c-4412-899f-beb67862ea56,2026-05-26T16:32:20.749051
8f4d59d8-03f9-40f9-9680-645f60135c59,SEMUA AKAN BAIK-BAIK SAJA,21cineplex,,16SABB,Drama,113 menit,13+,2D,2026-05-26,6048c990-3db5-4cb5-ab45-d5c03fec0450,2026-05-26T16:32:20.749350
8f4d59d8-03f9-40f9-9680-645f60135c59,TUMBAL PROYEK,21cineplex,,16TPRK,Horror,106 menit,D17+,2D,2026-05-26,1f8676b3-f3e2-4554-b6c6-099357f0fc32,2026-05-26T16:32:20.749620
8f4d59d8-03f9-40f9-9680-645f60135c59,HOKUM,21cineplex,,26HOKM,Horror,107 menit,13+,2D,2026-05-26,4e6e52f6-ea4c-42d7-9870-d0221c667701,2026-05-26T16:32:20.749894
8f4d59d8-03f9-40f9-9680-645f60135c59,GUDANG MERICA,21cineplex,,16GMEA,"Comedy, Horror",98 menit,D17+,2D,2026-05-26,a96fa005-68ad-4328-833f-3b0e841c3b89,2026-05-26T16:32:20.750135
8f4d59d8-03f9-40f9-9680-645f60135c59,CHILDREN OF HEAVEN,21cineplex,,16COHN,"Drama, Family",97 menit,SU,2D,2026-05-27,f2c0a383-9146-4f32-9e1c-34596c7c9104,2026-05-26T16:32:20.750339
8f4d59d8-03f9-40f9-9680-645f60135c59,SUAMIKU LUKAKU,21cineplex,,16SLUU,Drama,92 menit,D17+,2D,2026-05-27,56764653-5bc7-4dde-b2a6-a4fa4ff9a4c2,2026-05-26T16:32:20.750663
8f4d59d8-03f9-40f9-9680-645f60135c59,BADUT GENDONG,21cineplex,,16BGEG,"Action, Horror",101 menit,D17+,2D,2026-05-27,b5d8e73a-6266-46ba-95fd-40504860d671,2026-05-26T16:32:20.750914
8f4d59d8-03f9-40f9-9680-645f60135c59,SEKAWAN LIMO 2: GUNUNG KLAWIH,21cineplex,,16SK2G,"Comedy, Horror",122 menit,13+,2D,2026-05-27,5ef6ce2b-3413-464d-a95e-48d40819adad,2026-05-26T16:32:20.751084
8f4d59d8-03f9-40f9-9680-645f60135c59,TUMBAL PROYEK,21cineplex,,16TPRK,Horror,106 menit,D17+,2D,2026-05-27,6583a09d-bc86-411c-9528-8bd5b4c98ead,2026-05-26T16:32:20.755581
5230e804-1f2b-4d46-b4db-a27e2767977f,STAR WARS: THE MANDALORIAN AND GROGU,21cineplex,,26SWMG,"Fantasy, Sci-Fi",132 menit,13+,2D,2026-05-26,e3f8c7f5-ee8b-4535-95ea-c2d5d13a448b,2026-05-26T16:32:22.539299
5230e804-1f2b-4d46-b4db-a27e2767977f,HOKUM,21cineplex,,26HOKM,Horror,107 menit,13+,2D,2026-05-26,fb2727f5-0c73-4e92-91fb-474c2a26685d,2026-05-26T16:32:22.539480
5230e804-1f2b-4d46-b4db-a27e2767977f,MORTAL KOMBAT II,21cineplex,,25MKT2,"Action, Adventure",116 menit,D17+,2D,2026-05-26,66b30279-3bd9-43cf-a903-b78c81b38699,2026-05-26T16:32:22.539634
5230e804-1f2b-4d46-b4db-a27e2767977f,SALMOKJI: WHISPERING WATER,21cineplex,,26SWWR,Horror,95 menit,D17+,2D,2026-05-26,ae12364a-5056-48af-9647-f7b011dc5587,2026-05-26T16:32:22.539759
5230e804-1f2b-4d46-b4db-a27e2767977f,SEMUA AKAN BAIK-BAIK SAJA,21cineplex,,16SABB,Drama,113 menit,13+,2D,2026-05-26,bdd35297-dfde-4c07-9717-881be291ba32,2026-05-26T16:32:22.539878
5230e804-1f2b-4d46-b4db-a27e2767977f,GOHAN,21cineplex,,26GOHN,Drama,140 menit,SU,2D,2026-05-26,994099f4-8a77-4da6-b57b-c33ccb577e4c,2026-05-26T16:32:22.540089
5230e804-1f2b-4d46-b4db-a27e2767977f,GHOST IN THE CELL,21cineplex,,16GITC,"Comedy, Horror",106 menit,D17+,2D,2026-05-26,edf2445c-5513-4727-b383-1b1a27c86617,2026-05-26T16:32:22.540188
5230e804-1f2b-4d46-b4db-a27e2767977f,TUMBAL PROYEK,21cineplex,,16TPRK,Horror,106 menit,D17+,2D,2026-05-26,0ed793a1-c9cc-400e-8a30-ea339fa658fb,2026-05-26T16:32:22.540321
5230e804-1f2b-4d46-b4db-a27e2767977f,PASSENGER,21cineplex,,26PASR,Horror,94 menit,D17+,2D,2026-05-27,260dd609-6eee-4481-91e2-15f375f425a7,2026-05-26T16:32:22.540473
5230e804-1f2b-4d46-b4db-a27e2767977f,CHILDREN OF HEAVEN,21cineplex,,16COHN,"Drama, Family",97 menit,SU,2D,2026-05-27,ef3374a9-b1e1-4679-9db1-02e300051cb8,2026-05-26T16:32:22.540648
5230e804-1f2b-4d46-b4db-a27e2767977f,SEMUA AKAN BAIK-BAIK SAJA,21cineplex,,16SABB,Drama,113 menit,13+,2D,2026-05-27,e300dfe2-8c37-4894-8933-938ec84f3940,2026-05-26T16:32:22.540792
5230e804-1f2b-4d46-b4db-a27e2767977f,SUAMIKU LUKAKU,21cineplex,,16SLUU,Drama,92 menit,D17+,2D,2026-05-27,3c85aa25-e37a-42dd-a20e-4e69062b4e00,2026-05-26T16:32:22.540934
5230e804-1f2b-4d46-b4db-a27e2767977f,TUMBAL PROYEK,21cineplex,,16TPRK,Horror,106 menit,D17+,2D,2026-05-27,3b042078-cfcb-4d32-a86a-012397e36efa,2026-05-26T16:32:22.541090
5230e804-1f2b-4d46-b4db-a27e2767977f,HOKUM,21cineplex,,26HOKM,Horror,107 menit,13+,2D,2026-05-27,e19b1130-65ea-4ff7-a6b8-e0f0ea915328,2026-05-26T16:32:22.541239
5230e804-1f2b-4d46-b4db-a27e2767977f,SEKAWAN LIMO 2: GUNUNG KLAWIH,21cineplex,,16SK2G,"Comedy, Horror",122 menit,13+,2D,2026-05-27,f12e37ee-5c4a-4b7b-bffa-5a9ccc3c8cb6,2026-05-26T16:32:22.541321
5230e804-1f2b-4d46-b4db-a27e2767977f,NOBODY LOVES KAY,21cineplex,,16NLKY,Drama,117 menit,D17+,2D,2026-05-31,f9b7fc57-7250-4191-b393-c27023156655,2026-05-26T16:32:22.541457
5230e804-1f2b-4d46-b4db-a27e2767977f,COLONY,21cineplex,,26COLY,"Horror, Thriller",122 menit,13+,2D,2026-06-03,1d8eb6c5-c718-4658-992c-3779ae51a29d,2026-05-26T16:32:22.541564
80e9bc4b-8e0c-4645-841a-4e9178f28f95,MICHAEL,21cineplex,,26MICL,Biography,127 menit,SU,2D,2026-05-26,1ef5f47a-a9c4-49b3-9814-a5007015b2b9,2026-05-26T16:32:26.773206
80e9bc4b-8e0c-4645-841a-4e9178f28f95,GOHAN,21cineplex,,26GOHN,Drama,140 menit,SU,2D,2026-05-26,1fd1b28c-c1b7-4f41-8d31-72988d04dd47,2026-05-26T16:32:26.773429
80e9bc4b-8e0c-4645-841a-4e9178f28f95,IN THE GREY,21cineplex,,26ITGY,"Action, Thriller",97 menit,13+,2D,2026-05-26,afd91032-38dd-44cd-94eb-5c39c25204bf,2026-05-26T16:32:26.773633
80e9bc4b-8e0c-4645-841a-4e9178f28f95,THE SHEEP DETECTIVES,21cineplex,,26SDES,"Comedy, Mystery",109 menit,SU,2D,2026-05-26,c5ec62cf-914e-4c61-a5c8-1fc6babce681,2026-05-26T16:32:26.773817
80e9bc4b-8e0c-4645-841a-4e9178f28f95,HOKUM,21cineplex,,26HOKM,Horror,107 menit,13+,2D,2026-05-26,b0fc1310-0cb8-475e-8c32-7674beba9040,2026-05-26T16:32:26.773995
80e9bc4b-8e0c-4645-841a-4e9178f28f95,SALMOKJI: WHISPERING WATER,21cineplex,,26SWWR,Horror,95 menit,D17+,2D,2026-05-26,cd6b9de0-4b75-411c-bd91-883a2a325f9b,2026-05-26T16:32:26.774173
80e9bc4b-8e0c-4645-841a-4e9178f28f95,STAR WARS: THE MANDALORIAN AND GROGU,21cineplex,,26SWMG,"Fantasy, Sci-Fi",132 menit,13+,2D,2026-05-26,62fc1c20-8a52-49cb-8884-1ac640c16645,2026-05-26T16:32:26.774280
80e9bc4b-8e0c-4645-841a-4e9178f28f95,FUZE,21cineplex,,26FUZE,"Action, Crime",96 menit,D17+,2D,2026-05-26,72801644-e5b0-4f71-ac86-ea3174218eaa,2026-05-26T16:32:26.774439
80e9bc4b-8e0c-4645-841a-4e9178f28f95,GOHAN,21cineplex,,26GOHN,Drama,140 menit,SU,2D,2026-05-27,4599b4d3-0e37-49b6-b28f-a9a62fb14502,2026-05-26T16:32:26.774565
80e9bc4b-8e0c-4645-841a-4e9178f28f95,BADUT GENDONG,21cineplex,,16BGEG,"Action, Horror",101 menit,D17+,2D,2026-05-27,799e13de-fb2d-4f08-b108-df39c9a82168,2026-05-26T16:32:26.774729
80e9bc4b-8e0c-4645-841a-4e9178f28f95,SUAMIKU LUKAKU,21cineplex,,16SLUU,Drama,92 menit,D17+,2D,2026-05-27,924621bd-616d-4cf0-ad4e-8127b5039919,2026-05-26T16:32:26.775182
80e9bc4b-8e0c-4645-841a-4e9178f28f95,HOKUM,21cineplex,,26HOKM,Horror,107 menit,13+,2D,2026-05-27,18f36575-1ef1-4494-a78c-bdadb40ee516,2026-05-26T16:32:26.775410
80e9bc4b-8e0c-4645-841a-4e9178f28f95,CHILDREN OF HEAVEN,21cineplex,,16COHN,"Drama, Family",97 menit,SU,2D,2026-05-27,f22e1211-3262-4e49-b401-b707278f7b24,2026-05-26T16:32:26.775572
80e9bc4b-8e0c-4645-841a-4e9178f28f95,PASSENGER,21cineplex,,26PASR,Horror,94 menit,D17+,2D,2026-05-27,b7b3bf7c-c332-4853-9647-17b68fcb0f1f,2026-05-26T16:32:26.775788
80e9bc4b-8e0c-4645-841a-4e9178f28f95,STAR WARS: THE MANDALORIAN AND GROGU,21cineplex,,26SWMG,"Fantasy, Sci-Fi",132 menit,13+,2D,2026-05-27,1aca4fa8-7698-4261-99ad-a412b0853fb6,2026-05-26T16:32:26.776011
80e9bc4b-8e0c-4645-841a-4e9178f28f95,COLONY,21cineplex,,26COLY,"Horror, Thriller",122 menit,13+,2D,2026-06-03,1231ede5-5800-4aa1-9ad5-b1af8aef3701,2026-05-26T16:32:26.776204
0cb0a992-af36-4f7f-82b2-e1567b9c1722,STAR WARS: THE MANDALORIAN AND GROGU,21cineplex,,26SWMG,"Fantasy, Sci-Fi",132 menit,13+,2D,2026-05-26,6c44a19c-4f04-49b0-95d1-909a5a3541cc,2026-05-26T16:32:31.501778
0cb0a992-af36-4f7f-82b2-e1567b9c1722,SALMOKJI: WHISPERING WATER,21cineplex,,26SWWR,Horror,95 menit,D17+,2D,2026-05-26,5e785bc5-7aa0-4c35-b8d1-d1d3e12a0865,2026-05-26T16:32:31.501977
0cb0a992-af36-4f7f-82b2-e1567b9c1722,KELUARGA SUAMI ADALAH HAMA,21cineplex,,16KSAH,Drama,117 menit,13+,2D,2026-05-26,7f470bb2-607c-46dc-83da-c18eeacb3a16,2026-05-26T16:32:31.502092
0cb0a992-af36-4f7f-82b2-e1567b9c1722,GOHAN,21cineplex,,26GOHN,Drama,140 menit,SU,2D,2026-05-26,8d89ce04-9bb6-485c-9cc3-7d0e1451e3a8,2026-05-26T16:32:31.502205
0cb0a992-af36-4f7f-82b2-e1567b9c1722,MORTAL KOMBAT II,21cineplex,,25MKT2,"Action, Adventure",116 menit,D17+,2D,2026-05-26,bb97ef6e-0cee-4311-a1e2-0ef95aeaec63,2026-05-26T16:32:31.502341
0cb0a992-af36-4f7f-82b2-e1567b9c1722,SEMUA AKAN BAIK-BAIK SAJA,21cineplex,,16SABB,Drama,113 menit,13+,2D,2026-05-26,15970d09-6308-458a-ab4c-137c83a6ff23,2026-05-26T16:32:31.502440
0cb0a992-af36-4f7f-82b2-e1567b9c1722,HOKUM,21cineplex,,26HOKM,Horror,107 menit,13+,2D,2026-05-26,787fb480-3f65-4ea4-863e-2d3eb3d31287,2026-05-26T16:32:31.502628
0cb0a992-af36-4f7f-82b2-e1567b9c1722,THE SHEEP DETECTIVES,21cineplex,,26SDES,"Comedy, Mystery",109 menit,SU,2D,2026-05-26,53fc19b4-212b-4179-b4ed-212e734e4d98,2026-05-26T16:32:31.502778
0cb0a992-af36-4f7f-82b2-e1567b9c1722,GHOST IN THE CELL,21cineplex,,16GITC,"Comedy, Horror",106 menit,D17+,2D,2026-05-26,11f89d9b-7f60-4efb-ad77-636e47033ea3,2026-05-26T16:32:31.502887
0cb0a992-af36-4f7f-82b2-e1567b9c1722,SUAMIKU LUKAKU,21cineplex,,16SLUU,Drama,92 menit,D17+,2D,2026-05-27,fb575322-027e-42c0-9619-ad10d27ffe75,2026-05-26T16:32:31.503061
0cb0a992-af36-4f7f-82b2-e1567b9c1722,BADUT GENDONG,21cineplex,,16BGEG,"Action, Horror",101 menit,D17+,2D,2026-05-27,3eb51c3e-cf0f-42a5-8019-262c42e7f77e,2026-05-26T16:32:31.503226
0cb0a992-af36-4f7f-82b2-e1567b9c1722,SALMOKJI: WHISPERING WATER,21cineplex,,26SWWR,Horror,95 menit,D17+,2D,2026-05-27,5fc7fb98-825e-414a-828e-b5e1c1b2fc7c,2026-05-26T16:32:31.503324
0cb0a992-af36-4f7f-82b2-e1567b9c1722,CHILDREN OF HEAVEN,21cineplex,,16COHN,"Drama, Family",97 menit,SU,2D,2026-05-27,5445a708-e3a5-43c5-a9f6-30ea9f8206ba,2026-05-26T16:32:31.503406
0cb0a992-af36-4f7f-82b2-e1567b9c1722,HOKUM,21cineplex,,26HOKM,Horror,107 menit,13+,2D,2026-05-27,2d78c54d-1737-4a01-a794-126b19599723,2026-05-26T16:32:31.503557
0cb0a992-af36-4f7f-82b2-e1567b9c1722,SEMUA AKAN BAIK-BAIK SAJA,21cineplex,,16SABB,Drama,113 menit,13+,2D,2026-05-27,d591fdb3-b459-4fe0-acdf-29de4cb1485a,2026-05-26T16:32:31.503655
0cb0a992-af36-4f7f-82b2-e1567b9c1722,GOHAN,21cineplex,,26GOHN,Drama,140 menit,SU,2D,2026-05-27,f11efd77-1c67-41b5-9a0c-c24b51e88273,2026-05-26T16:32:31.503794
0cb0a992-af36-4f7f-82b2-e1567b9c1722,PASSENGER,21cineplex,,26PASR,Horror,94 menit,D17+,2D,2026-05-27,4a962c46-a918-4eb2-8ae2-1d48ec30758f,2026-05-26T16:32:31.503881
0cb0a992-af36-4f7f-82b2-e1567b9c1722,SEKAWAN LIMO 2: GUNUNG KLAWIH,21cineplex,,16SK2G,"Comedy, Horror",122 menit,13+,2D,2026-05-27,89274691-ff62-42c1-bbe8-c29c37cd5261,2026-05-26T16:32:31.504032
0cb0a992-af36-4f7f-82b2-e1567b9c1722,STAR WARS: THE MANDALORIAN AND GROGU,21cineplex,,26SWMG,"Fantasy, Sci-Fi",132 menit,13+,2D,2026-05-27,b9b40037-81d7-4e70-81fe-2f752cd6a608,2026-05-26T16:32:31.504184
0cb0a992-af36-4f7f-82b2-e1567b9c1722,COLONY,21cineplex,,26COLY,"Horror, Thriller",122 menit,13+,2D,2026-06-03,9326d2e2-5090-4cd8-a2f3-993a2a9a7e96,2026-05-26T16:32:31.504271
543ffb51-57cd-4caa-9111-96fcc811bc4e,STAR WARS: THE MANDALORIAN AND GROGU,21cineplex,,26SWMG,"Fantasy, Sci-Fi",132 menit,13+,2D,2026-05-26,458b3668-5688-4cc5-84db-8a70b21187b0,2026-05-26T16:32:34.262158
543ffb51-57cd-4caa-9111-96fcc811bc4e,GHOST IN THE CELL,21cineplex,,16GITC,"Comedy, Horror",106 menit,D17+,2D,2026-05-26,0c87659c-c26d-484a-8498-898e94c21e02,2026-05-26T16:32:34.262337
543ffb51-57cd-4caa-9111-96fcc811bc4e,TUMBAL PROYEK,21cineplex,,16TPRK,Horror,106 menit,D17+,2D,2026-05-26,5e7b465f-9d43-498f-9f3e-ca01297e188c,2026-05-26T16:32:34.262448
543ffb51-57cd-4caa-9111-96fcc811bc4e,GUDANG MERICA,21cineplex,,16GMEA,"Comedy, Horror",98 menit,D17+,2D,2026-05-26,425469d7-25af-4359-8783-4c926744fb5a,2026-05-26T16:32:34.262698
543ffb51-57cd-4caa-9111-96fcc811bc4e,GOHAN,21cineplex,,26GOHN,Drama,140 menit,SU,2D,2026-05-26,4e826f8a-5647-4856-b772-1b0ed23c9506,2026-05-26T16:32:34.262861
543ffb51-57cd-4caa-9111-96fcc811bc4e,SEMUA AKAN BAIK-BAIK SAJA,21cineplex,,16SABB,Drama,113 menit,13+,2D,2026-05-26,ac0b746c-4f08-42ef-8ae1-4e17b2e64a85,2026-05-26T16:32:34.262956
543ffb51-57cd-4caa-9111-96fcc811bc4e,CHILDREN OF HEAVEN,21cineplex,,16COHN,"Drama, Family",97 menit,SU,2D,2026-05-27,fcaa763a-e8d8-4a80-b699-6f278661f93a,2026-05-26T16:32:34.263153
543ffb51-57cd-4caa-9111-96fcc811bc4e,SUAMIKU LUKAKU,21cineplex,,16SLUU,Drama,92 menit,D17+,2D,2026-05-27,67cbf6f4-443a-4054-b5ee-37ab9fa2d2c1,2026-05-26T16:32:34.263308
543ffb51-57cd-4caa-9111-96fcc811bc4e,BADUT GENDONG,21cineplex,,16BGEG,"Action, Horror",101 menit,D17+,2D,2026-05-27,4181ae26-0e34-4c9e-843a-b130f8507dca,2026-05-26T16:32:34.263491
543ffb51-57cd-4caa-9111-96fcc811bc4e,SEMUA AKAN BAIK-BAIK SAJA,21cineplex,,16SABB,Drama,113 menit,13+,2D,2026-05-27,eafdb12a-b308-42a9-be4b-668e6d56c645,2026-05-26T16:32:34.263651
543ffb51-57cd-4caa-9111-96fcc811bc4e,GUDANG MERICA,21cineplex,,16GMEA,"Comedy, Horror",98 menit,D17+,2D,2026-05-27,5ee34c69-744a-4845-883d-dffe4f8b8a98,2026-05-26T16:32:34.263787
543ffb51-57cd-4caa-9111-96fcc811bc4e,TUMBAL PROYEK,21cineplex,,16TPRK,Horror,106 menit,D17+,2D,2026-05-27,987150d6-452e-4b95-8d42-b3645f1759e4,2026-05-26T16:32:34.263940
543ffb51-57cd-4caa-9111-96fcc811bc4e,PASSENGER,21cineplex,,26PASR,Horror,94 menit,D17+,2D,2026-05-27,36270f69-f52c-4f14-8996-c20b5d3b85cb,2026-05-26T16:32:34.264049
e4654a11-b521-4fd8-89f3-b6fd3ba5730e,THE DEVIL WEARS PRADA 2,21cineplex,,26DWP2,"Comedy, Drama",119 menit,13+,2D,2026-05-26,6bb32cfa-c303-4d39-a880-07c0e944ab35,2026-05-26T16:32:35.801079
e4654a11-b521-4fd8-89f3-b6fd3ba5730e,GOHAN,21cineplex,,26GOHN,Drama,140 menit,SU,2D,2026-05-26,07f4dbd3-3809-4603-bf6e-102b71545852,2026-05-26T16:32:35.801152
e4654a11-b521-4fd8-89f3-b6fd3ba5730e,GOHAN,21cineplex,,26GOHN,Drama,140 menit,SU,2D,2026-05-27,09da1269-4e28-4943-8073-e8ff5a5a6669,2026-05-26T16:32:35.801205
e4654a11-b521-4fd8-89f3-b6fd3ba5730e,CHILDREN OF HEAVEN,21cineplex,,16COHN,"Drama, Family",97 menit,SU,2D,2026-05-27,12f84562-b508-4b39-b128-a1ab0d07b7ae,2026-05-26T16:32:35.801239
e4654a11-b521-4fd8-89f3-b6fd3ba5730e,SUAMIKU LUKAKU,21cineplex,,16SLUU,Drama,92 menit,D17+,2D,2026-05-27,2f86075a-fac1-47f8-951f-a7b27203b604,2026-05-26T16:32:35.801279
e4654a11-b521-4fd8-89f3-b6fd3ba5730e,PASSENGER,21cineplex,,26PASR,Horror,94 menit,D17+,2D,2026-05-27,69af301d-d899-4313-9bbe-28b91adfa06c,2026-05-26T16:32:35.801317
3c246bf4-c8a1-4b25-9573-091dca9585c3,SEMUA AKAN BAIK-BAIK SAJA,21cineplex,,16SABB,Drama,113 menit,13+,2D,2026-05-26,97667076-4492-4bd9-95e6-36f0b04afcb7,2026-05-26T16:32:40.488515
3c246bf4-c8a1-4b25-9573-091dca9585c3,SALMOKJI: WHISPERING WATER,21cineplex,,26SWWR,Horror,95 menit,D17+,2D,2026-05-26,9223f568-45b4-4eb5-817f-0586db84efea,2026-05-26T16:32:40.488615
3c246bf4-c8a1-4b25-9573-091dca9585c3,GHOST IN THE CELL,21cineplex,,16GITC,"Comedy, Horror",106 menit,D17+,2D,2026-05-26,7478cf47-461d-4471-97b2-51fbead4f2b3,2026-05-26T16:32:40.488652
3c246bf4-c8a1-4b25-9573-091dca9585c3,STAR WARS: THE MANDALORIAN AND GROGU,21cineplex,,26SWMG,"Fantasy, Sci-Fi",132 menit,13+,2D,2026-05-26,12d58e76-0c99-4086-8676-fd064852a03b,2026-05-26T16:32:40.488704
3c246bf4-c8a1-4b25-9573-091dca9585c3,TUMBAL PROYEK,21cineplex,,16TPRK,Horror,106 menit,D17+,2D,2026-05-26,cfb97e5a-100b-4c3c-87e5-ce65b24b1667,2026-05-26T16:32:40.488750
3c246bf4-c8a1-4b25-9573-091dca9585c3,MORTAL KOMBAT II,21cineplex,,25MKT2,"Action, Adventure",116 menit,D17+,2D,2026-05-26,fcb8a71c-0c00-4497-a62a-4c287723e2ad,2026-05-26T16:32:40.488803
3c246bf4-c8a1-4b25-9573-091dca9585c3,GUDANG MERICA,21cineplex,,16GMEA,"Comedy, Horror",98 menit,D17+,2D,2026-05-26,f326a463-f720-49e2-b261-ea9c896ee528,2026-05-26T16:32:40.488847
3c246bf4-c8a1-4b25-9573-091dca9585c3,SEMUA AKAN BAIK-BAIK SAJA,21cineplex,,16SABB,Drama,113 menit,13+,2D,2026-05-27,837cbaa8-f6b9-41b0-a79a-b85b97887f16,2026-05-26T16:32:40.488886
3c246bf4-c8a1-4b25-9573-091dca9585c3,SUAMIKU LUKAKU,21cineplex,,16SLUU,Drama,92 menit,D17+,2D,2026-05-27,8a9deebe-9329-4118-9446-ef62785e8ef7,2026-05-26T16:32:40.488940
3c246bf4-c8a1-4b25-9573-091dca9585c3,SEKAWAN LIMO 2: GUNUNG KLAWIH,21cineplex,,16SK2G,"Comedy, Horror",122 menit,13+,2D,2026-05-27,78f47948-fb29-4c18-8f68-ced5c7de0389,2026-05-26T16:32:40.488985
3c246bf4-c8a1-4b25-9573-091dca9585c3,STAR WARS: THE MANDALORIAN AND GROGU,21cineplex,,26SWMG,"Fantasy, Sci-Fi",132 menit,13+,2D,2026-05-27,b163f7f5-d617-43a3-b81a-e217505acafc,2026-05-26T16:32:40.489016
3c246bf4-c8a1-4b25-9573-091dca9585c3,TUMBAL PROYEK,21cineplex,,16TPRK,Horror,106 menit,D17+,2D,2026-05-27,c97dd619-59af-4adb-aadc-3d406eb256f6,2026-05-26T16:32:40.489037
3c246bf4-c8a1-4b25-9573-091dca9585c3,CHILDREN OF HEAVEN,21cineplex,,16COHN,"Drama, Family",97 menit,SU,2D,2026-05-27,43f6f4cb-8466-4c4b-83d6-5f38116e7b01,2026-05-26T16:32:40.489083
3c246bf4-c8a1-4b25-9573-091dca9585c3,BADUT GENDONG,21cineplex,,16BGEG,"Action, Horror",101 menit,D17+,2D,2026-05-27,f4416caa-e45c-49b1-b763-512ac07bc625,2026-05-26T16:32:40.489138
8e5465ef-cd43-48f7-86e7-192ad2092c5b,STAR WARS: THE MANDALORIAN AND GROGU,21cineplex,,26SWMG,"Fantasy, Sci-Fi",132 menit,13+,2D,2026-05-26,6f72032e-ab55-442b-9c30-f9c861af2701,2026-05-26T16:32:41.816512
8e5465ef-cd43-48f7-86e7-192ad2092c5b,TUMBAL PROYEK,21cineplex,,16TPRK,Horror,106 menit,D17+,2D,2026-05-26,83d0ed2e-8999-4c5f-8ff4-6485f0ac18ce,2026-05-26T16:32:41.816577
8e5465ef-cd43-48f7-86e7-192ad2092c5b,GUDANG MERICA,21cineplex,,16GMEA,"Comedy, Horror",98 menit,D17+,2D,2026-05-26,c18abcbd-9243-4687-a930-8e9b7ca21b74,2026-05-26T16:32:41.816610
8e5465ef-cd43-48f7-86e7-192ad2092c5b,GOHAN,21cineplex,,26GOHN,Drama,140 menit,SU,2D,2026-05-26,d4083ddb-3c60-4530-901d-2895d32cbaae,2026-05-26T16:32:41.816651
8e5465ef-cd43-48f7-86e7-192ad2092c5b,YANG LAIN BOLEH HILANG ASAL KAU JANGAN,21cineplex,,16YLBH,Drama,113 menit,13+,2D,2026-05-26,46cf99ff-c868-4237-a476-7cdcbed77865,2026-05-26T16:32:41.816686
8e5465ef-cd43-48f7-86e7-192ad2092c5b,SEMUA AKAN BAIK-BAIK SAJA,21cineplex,,16SABB,Drama,113 menit,13+,2D,2026-05-26,eb7842f4-b86a-43f1-9594-d65ceefd8d74,2026-05-26T16:32:41.816767
8e5465ef-cd43-48f7-86e7-192ad2092c5b,HOKUM,21cineplex,,26HOKM,Horror,107 menit,13+,2D,2026-05-26,3ccb22da-f9ad-4e8b-a1d0-44730abbafe4,2026-05-26T16:32:41.816846
8e5465ef-cd43-48f7-86e7-192ad2092c5b,SUAMIKU LUKAKU,21cineplex,,16SLUU,Drama,92 menit,D17+,2D,2026-05-27,0abf2675-1a14-454f-900e-3cc6daa79688,2026-05-26T16:32:41.816912
8e5465ef-cd43-48f7-86e7-192ad2092c5b,CHILDREN OF HEAVEN,21cineplex,,16COHN,"Drama, Family",97 menit,SU,2D,2026-05-27,a8efd6d6-4a6d-4621-972d-da0495208be3,2026-05-26T16:32:41.816985
8e5465ef-cd43-48f7-86e7-192ad2092c5b,HOKUM,21cineplex,,26HOKM,Horror,107 menit,13+,2D,2026-05-27,89457fd6-6047-46f5-a217-a506a1911cd8,2026-05-26T16:32:41.817041
8e5465ef-cd43-48f7-86e7-192ad2092c5b,YANG LAIN BOLEH HILANG ASAL KAU JANGAN,21cineplex,,16YLBH,Drama,113 menit,13+,2D,2026-05-27,49eb614c-e920-47a2-98b3-9a729d0552ae,2026-05-26T16:32:41.817068
8e5465ef-cd43-48f7-86e7-192ad2092c5b,SEMUA AKAN BAIK-BAIK SAJA,21cineplex,,16SABB,Drama,113 menit,13+,2D,2026-05-27,f2fc4754-4e50-472e-bfd3-687934d401d5,2026-05-26T16:32:41.817103
8e5465ef-cd43-48f7-86e7-192ad2092c5b,SEKAWAN LIMO 2: GUNUNG KLAWIH,21cineplex,,16SK2G,"Comedy, Horror",122 menit,13+,2D,2026-05-27,49df2f70-d072-4fa5-8075-949a40581677,2026-05-26T16:32:41.817144
8e5465ef-cd43-48f7-86e7-192ad2092c5b,BADUT GENDONG,21cineplex,,16BGEG,"Action, Horror",101 menit,D17+,2D,2026-05-27,4491d795-6402-4460-963c-e492624f5713,2026-05-26T16:32:41.817194
42576a33-e0e5-4863-afc2-d9592121bb83,GUDANG MERICA,21cineplex,,16GMEA,"Comedy, Horror",98 menit,D17+,2D,2026-05-26,6e05ee1d-261c-479d-a728-ef6503512566,2026-05-26T16:32:43.480151
42576a33-e0e5-4863-afc2-d9592121bb83,GHOST IN THE CELL,21cineplex,,16GITC,"Comedy, Horror",106 menit,D17+,2D,2026-05-26,b4648a6c-f129-448d-9fb2-9cac88ecdcb4,2026-05-26T16:32:43.480276
42576a33-e0e5-4863-afc2-d9592121bb83,YANG LAIN BOLEH HILANG ASAL KAU JANGAN,21cineplex,,16YLBH,Drama,113 menit,13+,2D,2026-05-26,95eaa5f3-34ed-4878-985a-f72bfe50cdc5,2026-05-26T16:32:43.480405
42576a33-e0e5-4863-afc2-d9592121bb83,TUMBAL PROYEK,21cineplex,,16TPRK,Horror,106 menit,D17+,2D,2026-05-26,69e00f70-65f2-4d8c-a7fa-f5a25213bdbe,2026-05-26T16:32:43.480486
42576a33-e0e5-4863-afc2-d9592121bb83,SEMUA AKAN BAIK-BAIK SAJA,21cineplex,,16SABB,Drama,113 menit,13+,2D,2026-05-26,b736b143-1f1e-48c8-9777-8082ad276e89,2026-05-26T16:32:43.480594
42576a33-e0e5-4863-afc2-d9592121bb83,BADUT GENDONG,21cineplex,,16BGEG,"Action, Horror",101 menit,D17+,2D,2026-05-27,e6ae3d55-3ea2-4861-87ce-145add06dc78,2026-05-26T16:32:43.480721
42576a33-e0e5-4863-afc2-d9592121bb83,SEKAWAN LIMO 2: GUNUNG KLAWIH,21cineplex,,16SK2G,"Comedy, Horror",122 menit,13+,2D,2026-05-27,e78e89f4-12c7-4ad6-84bd-2cfc75a45764,2026-05-26T16:32:43.480834
42576a33-e0e5-4863-afc2-d9592121bb83,CHILDREN OF HEAVEN,21cineplex,,16COHN,"Drama, Family",97 menit,SU,2D,2026-05-27,f5e2a7a3-9c52-48ba-831b-5d6378f716c4,2026-05-26T16:32:43.480942
42576a33-e0e5-4863-afc2-d9592121bb83,SUAMIKU LUKAKU,21cineplex,,16SLUU,Drama,92 menit,D17+,2D,2026-05-27,49953dd3-b758-4141-a7d4-9291ab0270db,2026-05-26T16:32:43.481046
4a130016-e4cb-4deb-9203-e79316bda843,TUMBAL PROYEK,21cineplex,,16TPRK,Horror,106 menit,D17+,2D,2026-05-26,589067ac-0a02-49b6-b684-1af31e59f5f2,2026-05-26T16:32:44.789645
4a130016-e4cb-4deb-9203-e79316bda843,SEMUA AKAN BAIK-BAIK SAJA,21cineplex,,16SABB,Drama,113 menit,13+,2D,2026-05-26,b5e2a37b-663f-4e55-8009-eda800bced60,2026-05-26T16:32:44.789902
4a130016-e4cb-4deb-9203-e79316bda843,HOKUM,21cineplex,,26HOKM,Horror,107 menit,13+,2D,2026-05-26,09166922-4cb4-4737-b9f5-c753bd947218,2026-05-26T16:32:44.790141
4a130016-e4cb-4deb-9203-e79316bda843,GUDANG MERICA,21cineplex,,16GMEA,"Comedy, Horror",98 menit,D17+,2D,2026-05-26,03f5c5a3-b85f-4110-b528-381bffa45e2a,2026-05-26T16:32:44.790289
4a130016-e4cb-4deb-9203-e79316bda843,STAR WARS: THE MANDALORIAN AND GROGU,21cineplex,,26SWMG,"Fantasy, Sci-Fi",132 menit,13+,3D,2026-05-26,e982e03f-1a60-4527-85e2-786a55f45397,2026-05-26T16:32:44.790419
4a130016-e4cb-4deb-9203-e79316bda843,THE DEVIL WEARS PRADA 2,21cineplex,,26DWP2,"Comedy, Drama",119 menit,13+,2D,2026-05-26,f7c5d37c-ddb6-452e-9fe3-a1ca65ecfa37,2026-05-26T16:32:44.790663
4a130016-e4cb-4deb-9203-e79316bda843,GOHAN,21cineplex,,26GOHN,Drama,140 menit,SU,2D,2026-05-26,d74f3ad2-fe3b-4328-8854-4518983df01d,2026-05-26T16:32:44.790759
4a130016-e4cb-4deb-9203-e79316bda843,SEKAWAN LIMO 2: GUNUNG KLAWIH,21cineplex,,16SK2G,"Comedy, Horror",122 menit,13+,2D,2026-05-27,2e3d4516-837a-4cc9-beb6-08fe78a77784,2026-05-26T16:32:44.790930
4a130016-e4cb-4deb-9203-e79316bda843,CHILDREN OF HEAVEN,21cineplex,,16COHN,"Drama, Family",97 menit,SU,2D,2026-05-27,27f9fdef-187c-4634-af0e-803c481d6b85,2026-05-26T16:32:44.791100
4a130016-e4cb-4deb-9203-e79316bda843,SUAMIKU LUKAKU,21cineplex,,16SLUU,Drama,92 menit,D17+,2D,2026-05-27,3fc1eaf4-6771-48c1-8476-27fa8e3d2f38,2026-05-26T16:32:44.791284
4a130016-e4cb-4deb-9203-e79316bda843,HOKUM,21cineplex,,26HOKM,Horror,107 menit,13+,2D,2026-05-27,61f68134-347a-4ee7-843b-f1b89fe23797,2026-05-26T16:32:44.791462
4a130016-e4cb-4deb-9203-e79316bda843,PASSENGER,21cineplex,,26PASR,Horror,94 menit,D17+,2D,2026-05-27,8302c0b7-78df-4912-b51f-64652da78a8f,2026-05-26T16:32:44.791529
4a130016-e4cb-4deb-9203-e79316bda843,BADUT GENDONG,21cineplex,,16BGEG,"Action, Horror",101 menit,D17+,2D,2026-05-27,8cd76b43-183b-4b71-b401-827981c90f30,2026-05-26T16:32:44.791696
4a130016-e4cb-4deb-9203-e79316bda843,TUMBAL PROYEK,21cineplex,,16TPRK,Horror,106 menit,D17+,2D,2026-05-27,00609900-af4d-4ba7-b94b-a018ab41880b,2026-05-26T16:32:44.791880
4a130016-e4cb-4deb-9203-e79316bda843,SEMUA AKAN BAIK-BAIK SAJA,21cineplex,,16SABB,Drama,113 menit,13+,2D,2026-05-27,e4231042-e8a5-48b4-bc8b-3a51ba36b54a,2026-05-26T16:32:44.792000
4a130016-e4cb-4deb-9203-e79316bda843,COLONY,21cineplex,,26COLY,"Horror, Thriller",122 menit,13+,2D,2026-06-03,1f9d82b1-cb30-4873-9b24-ac873c0b75fe,2026-05-26T16:32:44.792148
2520683f-46ee-41f7-ae63-845a8009866a,TUMBAL PROYEK,cgv,,26014300,,,,2D,2026-05-26,e777c8d3-b791-48e8-9b50-6d1873c91621,2026-05-26T16:28:25.965663
2520683f-46ee-41f7-ae63-845a8009866a,GUDANG MERICA,cgv,,26019400,,,,2D,2026-05-26,a681aaf8-0298-46c8-a2f6-41bf4d5298ee,2026-05-26T16:28:25.965684
2520683f-46ee-41f7-ae63-845a8009866a,STAR WARS THE MANDALORIAN AND GROGU,cgv,,26021200,,,,2D,2026-05-26,fb4838a7-b293-4076-ae13-bf0749b3fbaf,2026-05-26T16:28:25.965699
2520683f-46ee-41f7-ae63-845a8009866a,SEMUA AKAN BAIK BAIK SAJA,cgv,,26018100,,,,2D,2026-05-26,a7b29c0e-035d-4b8d-9de5-024a4f22cf66,2026-05-26T16:28:25.965713
2520683f-46ee-41f7-ae63-845a8009866a,GHOST IN THE CELL,cgv,,26011800,,,,2D,2026-05-26,e33abef3-5878-4942-802b-799ef39f1ee8,2026-05-26T16:28:25.965726
2520683f-46ee-41f7-ae63-845a8009866a,TEMAN TEGAR MAIRA,cgv,,26005400,,,,2D,2026-05-26,c83c9cbc-498c-4a82-90ee-34791bde71bd,2026-05-26T16:28:25.965738
2520683f-46ee-41f7-ae63-845a8009866a,TIBA TIBA SETAN,cgv,,26007500,,,,2D,2026-05-26,35717a47-5410-4fcd-a9dd-0d4c096de17c,2026-05-26T16:28:25.965751
2520683f-46ee-41f7-ae63-845a8009866a,HOKUM,cgv,,26024600,,,,2D,2026-05-26,1ac00738-f16d-46bb-87ad-9269d5df33c1,2026-05-26T16:28:25.965763
2520683f-46ee-41f7-ae63-845a8009866a,MORTAL KOMBAT II,cgv,,26018200,,,,2D,2026-05-26,75a5c1a9-36a8-450c-b17f-8ea5dd41fb9e,2026-05-26T16:28:25.965775
2520683f-46ee-41f7-ae63-845a8009866a,GOHAN,cgv,,26022500,,,,2D,2026-05-26,5d30dcb4-827d-4b38-8522-45a0ed15099d,2026-05-26T16:28:25.965787
2520683f-46ee-41f7-ae63-845a8009866a,AYAH INI ARAHNYA KEMANA YA,cgv,,26011000,,,,2D,2026-05-26,11bbcef9-fcb8-4238-9236-baca5d09b2af,2026-05-26T16:28:25.965799
2520683f-46ee-41f7-ae63-845a8009866a,YANG LAIN BOLEH HILANG ASAL KAU JANGAN,cgv,,26018300,,,,2D,2026-05-26,b8378a08-0614-49cd-ad49-8e0e7436b159,2026-05-26T16:28:25.965812
2520683f-46ee-41f7-ae63-845a8009866a,KELUARGA SUAMI ADALAH HAMA,cgv,,26017700,,,,2D,2026-05-26,0d236eda-bfd9-4a09-88d5-c4f44b94e479,2026-05-26T16:28:25.965824
2520683f-46ee-41f7-ae63-845a8009866a,THE SHEEP DETECTIVES,cgv,,26019500,,,,2D,2026-05-26,7b8dac5d-11e9-4b96-aef2-5468b93706b6,2026-05-26T16:28:25.965836
2520683f-46ee-41f7-ae63-845a8009866a,SEKAWAN LIMO RE RELEASE,cgv,,26024900,,,,2D,2026-05-26,c6d3b67b-6a41-4ca7-94e7-f95c2a0374e9,2026-05-26T16:28:25.965848
2520683f-46ee-41f7-ae63-845a8009866a,MONSTER,cgv,,23042200,,,,2D,2026-05-26,b9020df5-5c05-4cb7-8c61-6c36e2c75537,2026-05-26T16:28:25.965861
2520683f-46ee-41f7-ae63-845a8009866a,SALMOKJI WHISPERING WATER,cgv,,26019100,,,,2D,2026-05-26,5c58308b-accd-444e-aa36-c319240b01a8,2026-05-26T16:28:25.965876
2520683f-46ee-41f7-ae63-845a8009866a,THE DEVIL WEARS PRADA 2,cgv,,26019800,,,,2D,2026-05-26,26e22c95-370a-4815-b7e3-45fcbfa1e6af,2026-05-26T16:28:25.965889
2520683f-46ee-41f7-ae63-845a8009866a,STAR WARS THE MANDALORIAN AND GROGU 3D,cgv,,26025200,,,,2D,2026-05-26,849537e7-6675-44ef-9442-e4a0ac00a047,2026-05-26T16:28:25.965902
2520683f-46ee-41f7-ae63-845a8009866a,MOBILE SUIT GUNDAM HATHAWAY,cgv,,26021100,,,,2D,2026-05-26,f56a9c55-c7d9-4774-9db8-bdfade58efa4,2026-05-26T16:28:25.965914
2520683f-46ee-41f7-ae63-845a8009866a,METHOD ACTING,cgv,,26023400,,,,2D,2026-05-26,96d24f1b-9109-40f3-ae01-aed9fb581c80,2026-05-26T16:28:25.965926
2520683f-46ee-41f7-ae63-845a8009866a,CHAND MERA DIL,cgv,,26026000,,,,2D,2026-05-26,04a99f78-7034-4e2d-be96-a43d5af18eb4,2026-05-26T16:28:25.965938
2520683f-46ee-41f7-ae63-845a8009866a,THAT TIME I GOT REINCARNATED AS A SLIME THE MOVIE TEARS OF THE AZURE SEA,cgv,,26017900,,,,2D,2026-05-26,b922c062-b037-42da-ae88-4e26dba147c7,2026-05-26T16:28:25.965951
2520683f-46ee-41f7-ae63-845a8009866a,THE KINGS WARDEN,cgv,,26015000,,,,2D,2026-05-26,5fe5e0b7-4b45-4927-a1de-c4e48a79e260,2026-05-26T16:28:25.965963
2520683f-46ee-41f7-ae63-845a8009866a,KAMU HARUS MATI,cgv,,26023800,,,,2D,2026-05-26,044b16ec-96e1-4cae-89fc-8b8197ee703b,2026-05-26T16:28:25.965975
2520683f-46ee-41f7-ae63-845a8009866a,SUNSHINE WOMENS CHOIR,cgv,,26024400,,,,2D,2026-05-26,c12bb2b7-802c-4096-bc2a-e86577a892cc,2026-05-26T16:28:25.965987
2520683f-46ee-41f7-ae63-845a8009866a,NA WILLA,cgv,,26003200,,,,2D,2026-05-26,4065055e-ab7e-4e6f-afcd-6c7df7b001a6,2026-05-26T16:28:25.965999
2520683f-46ee-41f7-ae63-845a8009866a,DILAN ITB 1997,cgv,,26016100,,,,2D,2026-05-26,c5695d89-c4e9-4df9-828e-9d367609bbdc,2026-05-26T16:28:25.966011
2520683f-46ee-41f7-ae63-845a8009866a,PEGASUS 3,cgv,,26025100,,,,2D,2026-05-26,8c5f2897-8162-4c1e-b2b5-46ad7e9e12b9,2026-05-26T16:28:25.966022
21ea09f7-8229-49e8-a1ba-010d5a2d00e6,TUMBAL PROYEK,cgv,,26014300,,,,2D,2026-05-26,4678dc72-f67e-4ce3-b19c-ed354c3c63f7,2026-05-26T16:28:26.476879
21ea09f7-8229-49e8-a1ba-010d5a2d00e6,GUDANG MERICA,cgv,,26019400,,,,2D,2026-05-26,a8085305-0f43-4c3d-aa05-6d77cd7dc87e,2026-05-26T16:28:26.476923
21ea09f7-8229-49e8-a1ba-010d5a2d00e6,STAR WARS THE MANDALORIAN AND GROGU,cgv,,26021200,,,,2D,2026-05-26,779df778-2bd8-4719-897d-02ef3026ca9d,2026-05-26T16:28:26.476959
21ea09f7-8229-49e8-a1ba-010d5a2d00e6,SEMUA AKAN BAIK BAIK SAJA,cgv,,26018100,,,,2D,2026-05-26,48e7df64-1dfd-4d1f-81a0-4205b1d21fce,2026-05-26T16:28:26.476994
21ea09f7-8229-49e8-a1ba-010d5a2d00e6,GHOST IN THE CELL,cgv,,26011800,,,,2D,2026-05-26,b6db8a25-a51a-4bf8-ab6d-9287a83066e0,2026-05-26T16:28:26.477029
21ea09f7-8229-49e8-a1ba-010d5a2d00e6,TEMAN TEGAR MAIRA,cgv,,26005400,,,,2D,2026-05-26,00e3a82c-cd2a-4f69-ad28-b4eb04e1e013,2026-05-26T16:28:26.477064
21ea09f7-8229-49e8-a1ba-010d5a2d00e6,TIBA TIBA SETAN,cgv,,26007500,,,,2D,2026-05-26,593eda57-5c01-49bf-bfc3-aeca6f817e3f,2026-05-26T16:28:26.477247
21ea09f7-8229-49e8-a1ba-010d5a2d00e6,HOKUM,cgv,,26024600,,,,2D,2026-05-26,f87effa9-0133-45cf-aea3-593f87a41d30,2026-05-26T16:28:26.477294
21ea09f7-8229-49e8-a1ba-010d5a2d00e6,MORTAL KOMBAT II,cgv,,26018200,,,,2D,2026-05-26,f9d30b7f-79bd-422e-828a-d9337cabe2e0,2026-05-26T16:28:26.477321
21ea09f7-8229-49e8-a1ba-010d5a2d00e6,GOHAN,cgv,,26022500,,,,2D,2026-05-26,043c938d-e450-45c5-a8cd-a92d68709c9f,2026-05-26T16:28:26.477337
21ea09f7-8229-49e8-a1ba-010d5a2d00e6,AYAH INI ARAHNYA KEMANA YA,cgv,,26011000,,,,2D,2026-05-26,83270b87-e4e7-4061-82ad-bd9846a03957,2026-05-26T16:28:26.477350
21ea09f7-8229-49e8-a1ba-010d5a2d00e6,YANG LAIN BOLEH HILANG ASAL KAU JANGAN,cgv,,26018300,,,,2D,2026-05-26,530b02e3-354c-4589-8e17-6e33e430124e,2026-05-26T16:28:26.477361
21ea09f7-8229-49e8-a1ba-010d5a2d00e6,KELUARGA SUAMI ADALAH HAMA,cgv,,26017700,,,,2D,2026-05-26,178925b6-d813-4b58-b4a3-b6af619aeded,2026-05-26T16:28:26.477372
21ea09f7-8229-49e8-a1ba-010d5a2d00e6,THE SHEEP DETECTIVES,cgv,,26019500,,,,2D,2026-05-26,912824aa-52c6-44cc-9324-7b3ec4ecf332,2026-05-26T16:28:26.477400
21ea09f7-8229-49e8-a1ba-010d5a2d00e6,SEKAWAN LIMO RE RELEASE,cgv,,26024900,,,,2D,2026-05-26,d897d73e-78d8-4b39-979b-64312da9b36a,2026-05-26T16:28:26.477470
21ea09f7-8229-49e8-a1ba-010d5a2d00e6,MONSTER,cgv,,23042200,,,,2D,2026-05-26,33acfd72-42b9-4320-9aa3-7cd7a65df652,2026-05-26T16:28:26.477535
21ea09f7-8229-49e8-a1ba-010d5a2d00e6,SALMOKJI WHISPERING WATER,cgv,,26019100,,,,2D,2026-05-26,2ce046a6-b7f8-42e6-ade5-b2c11a5c6913,2026-05-26T16:28:26.477581
21ea09f7-8229-49e8-a1ba-010d5a2d00e6,THE DEVIL WEARS PRADA 2,cgv,,26019800,,,,2D,2026-05-26,f226eb64-3b0f-4ea5-97ad-26056ebfa534,2026-05-26T16:28:26.477617
21ea09f7-8229-49e8-a1ba-010d5a2d00e6,STAR WARS THE MANDALORIAN AND GROGU 3D,cgv,,26025200,,,,2D,2026-05-26,0e51a653-d141-4cbe-a290-a33ba49c961c,2026-05-26T16:28:26.477654
21ea09f7-8229-49e8-a1ba-010d5a2d00e6,MOBILE SUIT GUNDAM HATHAWAY,cgv,,26021100,,,,2D,2026-05-26,a3edd214-d52c-4e63-8453-b01ee209be5d,2026-05-26T16:28:26.477688
21ea09f7-8229-49e8-a1ba-010d5a2d00e6,METHOD ACTING,cgv,,26023400,,,,2D,2026-05-26,fc3b2057-eafc-454f-91b5-1a0d0e11bf8f,2026-05-26T16:28:26.477721
21ea09f7-8229-49e8-a1ba-010d5a2d00e6,CHAND MERA DIL,cgv,,26026000,,,,2D,2026-05-26,3fd11c49-ee74-46b8-8267-b7a7ba3277b2,2026-05-26T16:28:26.477755
21ea09f7-8229-49e8-a1ba-010d5a2d00e6,THAT TIME I GOT REINCARNATED AS A SLIME THE MOVIE TEARS OF THE AZURE SEA,cgv,,26017900,,,,2D,2026-05-26,2dffdb71-0d3d-42b4-8ab3-524389d8c1b9,2026-05-26T16:28:26.477788
21ea09f7-8229-49e8-a1ba-010d5a2d00e6,THE KINGS WARDEN,cgv,,26015000,,,,2D,2026-05-26,a9fe8a1f-fb39-4045-87a5-3c5c33857944,2026-05-26T16:28:26.477838
21ea09f7-8229-49e8-a1ba-010d5a2d00e6,KAMU HARUS MATI,cgv,,26023800,,,,2D,2026-05-26,74e377f9-82bc-4ec8-b313-7ace2cd9e0a1,2026-05-26T16:28:26.477865
21ea09f7-8229-49e8-a1ba-010d5a2d00e6,SUNSHINE WOMENS CHOIR,cgv,,26024400,,,,2D,2026-05-26,14acc8be-05f3-43aa-9658-45fb0543b5fd,2026-05-26T16:28:26.477880
21ea09f7-8229-49e8-a1ba-010d5a2d00e6,NA WILLA,cgv,,26003200,,,,2D,2026-05-26,3b539705-1790-4876-9597-f07b2107c1f5,2026-05-26T16:28:26.477893
21ea09f7-8229-49e8-a1ba-010d5a2d00e6,DILAN ITB 1997,cgv,,26016100,,,,2D,2026-05-26,6effb1d7-e2b0-4988-9c43-45b0e0b7f6e1,2026-05-26T16:28:26.477905
21ea09f7-8229-49e8-a1ba-010d5a2d00e6,PEGASUS 3,cgv,,26025100,,,,2D,2026-05-26,82d48449-e825-412d-bd5b-139c95815550,2026-05-26T16:28:26.477916
45bd2bf6-fff6-40aa-a67a-7fa11921e6e2,TUMBAL PROYEK,cgv,,26014300,,,,2D,2026-05-26,90bc0c7c-3efd-4fc4-8830-c15cc7adf718,2026-05-26T16:28:26.379000
45bd2bf6-fff6-40aa-a67a-7fa11921e6e2,GUDANG MERICA,cgv,,26019400,,,,2D,2026-05-26,e99f75b9-2c7d-4311-ba5c-00268d56b8b8,2026-05-26T16:28:26.379023
45bd2bf6-fff6-40aa-a67a-7fa11921e6e2,STAR WARS THE MANDALORIAN AND GROGU,cgv,,26021200,,,,2D,2026-05-26,153542d9-236b-4da7-93f7-9adfe4ed545e,2026-05-26T16:28:26.379041
45bd2bf6-fff6-40aa-a67a-7fa11921e6e2,SEMUA AKAN BAIK BAIK SAJA,cgv,,26018100,,,,2D,2026-05-26,faf1756d-794a-44d8-9e1a-0fdf51603068,2026-05-26T16:28:26.379056
45bd2bf6-fff6-40aa-a67a-7fa11921e6e2,GHOST IN THE CELL,cgv,,26011800,,,,2D,2026-05-26,5672039f-f19c-4c0f-be6c-aab4731670eb,2026-05-26T16:28:26.379072
45bd2bf6-fff6-40aa-a67a-7fa11921e6e2,TEMAN TEGAR MAIRA,cgv,,26005400,,,,2D,2026-05-26,df7470ec-81e5-4869-af56-2cd85b688d97,2026-05-26T16:28:26.379086
45bd2bf6-fff6-40aa-a67a-7fa11921e6e2,TIBA TIBA SETAN,cgv,,26007500,,,,2D,2026-05-26,2dbac6ed-f596-4213-b1cf-8ce437b69188,2026-05-26T16:28:26.379101
45bd2bf6-fff6-40aa-a67a-7fa11921e6e2,HOKUM,cgv,,26024600,,,,2D,2026-05-26,f806417c-30b1-40d8-9667-e6d6b97c25c3,2026-05-26T16:28:26.379116
45bd2bf6-fff6-40aa-a67a-7fa11921e6e2,MORTAL KOMBAT II,cgv,,26018200,,,,2D,2026-05-26,5e48b13b-3579-483c-9eee-5176b4998b1f,2026-05-26T16:28:26.379130
45bd2bf6-fff6-40aa-a67a-7fa11921e6e2,GOHAN,cgv,,26022500,,,,2D,2026-05-26,fed9c222-a0e4-46a3-ab36-625f9a7d9198,2026-05-26T16:28:26.379149
45bd2bf6-fff6-40aa-a67a-7fa11921e6e2,AYAH INI ARAHNYA KEMANA YA,cgv,,26011000,,,,2D,2026-05-26,79b60f20-5a61-4856-9a3a-b5cfb347b1f2,2026-05-26T16:28:26.379165
45bd2bf6-fff6-40aa-a67a-7fa11921e6e2,YANG LAIN BOLEH HILANG ASAL KAU JANGAN,cgv,,26018300,,,,2D,2026-05-26,d46374a4-070f-43d3-bc02-73fb33d776ae,2026-05-26T16:28:26.379180
45bd2bf6-fff6-40aa-a67a-7fa11921e6e2,KELUARGA SUAMI ADALAH HAMA,cgv,,26017700,,,,2D,2026-05-26,81a92be2-3476-4c8a-888c-9acda8784382,2026-05-26T16:28:26.379194
45bd2bf6-fff6-40aa-a67a-7fa11921e6e2,THE SHEEP DETECTIVES,cgv,,26019500,,,,2D,2026-05-26,ba001c11-87a3-4725-8f30-35fa1b00d5c6,2026-05-26T16:28:26.379209
45bd2bf6-fff6-40aa-a67a-7fa11921e6e2,SEKAWAN LIMO RE RELEASE,cgv,,26024900,,,,2D,2026-05-26,27e477b5-3026-49cc-a7ba-4f88a412a430,2026-05-26T16:28:26.379224
45bd2bf6-fff6-40aa-a67a-7fa11921e6e2,MONSTER,cgv,,23042200,,,,2D,2026-05-26,20ce6ec9-9a13-43aa-8889-5e4723c42efc,2026-05-26T16:28:26.379238
45bd2bf6-fff6-40aa-a67a-7fa11921e6e2,SALMOKJI WHISPERING WATER,cgv,,26019100,,,,2D,2026-05-26,e8df5973-6de5-4aff-baa5-a5ffa55588b5,2026-05-26T16:28:26.379252
45bd2bf6-fff6-40aa-a67a-7fa11921e6e2,THE DEVIL WEARS PRADA 2,cgv,,26019800,,,,2D,2026-05-26,eaecb46f-67ec-4fb5-8d4f-effb61db1b88,2026-05-26T16:28:26.379265
45bd2bf6-fff6-40aa-a67a-7fa11921e6e2,STAR WARS THE MANDALORIAN AND GROGU 3D,cgv,,26025200,,,,2D,2026-05-26,f4f1d056-dc5c-49fc-989c-f9cb3a67122b,2026-05-26T16:28:26.379280
45bd2bf6-fff6-40aa-a67a-7fa11921e6e2,MOBILE SUIT GUNDAM HATHAWAY,cgv,,26021100,,,,2D,2026-05-26,e290ce12-9483-4c6f-b341-0dd9af8b31f3,2026-05-26T16:28:26.379294
45bd2bf6-fff6-40aa-a67a-7fa11921e6e2,METHOD ACTING,cgv,,26023400,,,,2D,2026-05-26,1dd0b584-244c-48e6-abea-b2a68dfc5f8d,2026-05-26T16:28:26.379308
45bd2bf6-fff6-40aa-a67a-7fa11921e6e2,CHAND MERA DIL,cgv,,26026000,,,,2D,2026-05-26,bdf75c17-2331-45cc-aa39-bfd926ec0ee7,2026-05-26T16:28:26.379322
45bd2bf6-fff6-40aa-a67a-7fa11921e6e2,THAT TIME I GOT REINCARNATED AS A SLIME THE MOVIE TEARS OF THE AZURE SEA,cgv,,26017900,,,,2D,2026-05-26,a06c4abe-460a-46fb-9c8d-a7b5363d2e24,2026-05-26T16:28:26.379336
45bd2bf6-fff6-40aa-a67a-7fa11921e6e2,THE KINGS WARDEN,cgv,,26015000,,,,2D,2026-05-26,cd26ece3-b280-4005-95a9-edbb09f294aa,2026-05-26T16:28:26.379350
45bd2bf6-fff6-40aa-a67a-7fa11921e6e2,KAMU HARUS MATI,cgv,,26023800,,,,2D,2026-05-26,0ef1a0e6-bf5b-4126-a4c0-353ea5a3adb2,2026-05-26T16:28:26.379368
45bd2bf6-fff6-40aa-a67a-7fa11921e6e2,SUNSHINE WOMENS CHOIR,cgv,,26024400,,,,2D,2026-05-26,f6f4139c-1e02-482a-8f4e-ed73e70f8126,2026-05-26T16:28:26.379381
45bd2bf6-fff6-40aa-a67a-7fa11921e6e2,NA WILLA,cgv,,26003200,,,,2D,2026-05-26,3485dbf6-44f4-44ac-99fa-14f7bf6e8273,2026-05-26T16:28:26.379395
45bd2bf6-fff6-40aa-a67a-7fa11921e6e2,DILAN ITB 1997,cgv,,26016100,,,,2D,2026-05-26,a3fa4e73-0415-4376-b26d-312850e73d01,2026-05-26T16:28:26.379409
45bd2bf6-fff6-40aa-a67a-7fa11921e6e2,PEGASUS 3,cgv,,26025100,,,,2D,2026-05-26,75a0eb6e-f033-4bdc-88ab-137cd00305e4,2026-05-26T16:28:26.379422
bf2c9f43-017f-46e4-aa25-219bdc79f815,TUMBAL PROYEK,cgv,,26014300,,,,2D,2026-05-26,db6c7904-51b6-4b7b-8d21-f740a11c9e8e,2026-05-26T16:28:26.403411
bf2c9f43-017f-46e4-aa25-219bdc79f815,GUDANG MERICA,cgv,,26019400,,,,2D,2026-05-26,1e1d5e2e-b1dd-4ccb-b9e2-ac98c61f35d9,2026-05-26T16:28:26.403431
bf2c9f43-017f-46e4-aa25-219bdc79f815,STAR WARS THE MANDALORIAN AND GROGU,cgv,,26021200,,,,2D,2026-05-26,77c46eb7-c298-4f93-8be7-745f96ddb792,2026-05-26T16:28:26.403448
bf2c9f43-017f-46e4-aa25-219bdc79f815,SEMUA AKAN BAIK BAIK SAJA,cgv,,26018100,,,,2D,2026-05-26,390c7f2a-383b-4e12-b66d-d62c78860763,2026-05-26T16:28:26.403462
bf2c9f43-017f-46e4-aa25-219bdc79f815,GHOST IN THE CELL,cgv,,26011800,,,,2D,2026-05-26,4d35f4f3-9ba2-4466-a367-9fff107cbf23,2026-05-26T16:28:26.403477
bf2c9f43-017f-46e4-aa25-219bdc79f815,TEMAN TEGAR MAIRA,cgv,,26005400,,,,2D,2026-05-26,04dde450-71ba-45ae-9d18-621ba53b2a21,2026-05-26T16:28:26.403492
bf2c9f43-017f-46e4-aa25-219bdc79f815,TIBA TIBA SETAN,cgv,,26007500,,,,2D,2026-05-26,d8bbdf7e-275e-49d1-b7f8-10f612120483,2026-05-26T16:28:26.403506
bf2c9f43-017f-46e4-aa25-219bdc79f815,HOKUM,cgv,,26024600,,,,2D,2026-05-26,42e0da73-272b-47ef-a734-3f20f8fdf0fe,2026-05-26T16:28:26.403520
bf2c9f43-017f-46e4-aa25-219bdc79f815,MORTAL KOMBAT II,cgv,,26018200,,,,2D,2026-05-26,0cabfb38-34c9-4a8e-83e1-cc95d766d98e,2026-05-26T16:28:26.403535
bf2c9f43-017f-46e4-aa25-219bdc79f815,GOHAN,cgv,,26022500,,,,2D,2026-05-26,4c0a315b-9713-4aac-8684-5c7365c77fc5,2026-05-26T16:28:26.403548
bf2c9f43-017f-46e4-aa25-219bdc79f815,AYAH INI ARAHNYA KEMANA YA,cgv,,26011000,,,,2D,2026-05-26,7155b6e5-abf5-4052-b6c8-c6099d12f87f,2026-05-26T16:28:26.403562
bf2c9f43-017f-46e4-aa25-219bdc79f815,YANG LAIN BOLEH HILANG ASAL KAU JANGAN,cgv,,26018300,,,,2D,2026-05-26,784741a6-5664-44d8-b0ae-8ad3df656a26,2026-05-26T16:28:26.403576
bf2c9f43-017f-46e4-aa25-219bdc79f815,KELUARGA SUAMI ADALAH HAMA,cgv,,26017700,,,,2D,2026-05-26,fb30bb78-95cb-4f15-be51-e774283c277e,2026-05-26T16:28:26.403590
bf2c9f43-017f-46e4-aa25-219bdc79f815,THE SHEEP DETECTIVES,cgv,,26019500,,,,2D,2026-05-26,777d13c3-dff1-42b2-83e4-28b5882df1a0,2026-05-26T16:28:26.403604
bf2c9f43-017f-46e4-aa25-219bdc79f815,SEKAWAN LIMO RE RELEASE,cgv,,26024900,,,,2D,2026-05-26,a5dbd617-fa28-4b81-8b7e-aa77e6484394,2026-05-26T16:28:26.403619
bf2c9f43-017f-46e4-aa25-219bdc79f815,MONSTER,cgv,,23042200,,,,2D,2026-05-26,861690e0-8805-4d2c-9e65-ec9354b32a2d,2026-05-26T16:28:26.403633
bf2c9f43-017f-46e4-aa25-219bdc79f815,SALMOKJI WHISPERING WATER,cgv,,26019100,,,,2D,2026-05-26,73b764d7-34ca-457e-a3f8-70500127982b,2026-05-26T16:28:26.403646
bf2c9f43-017f-46e4-aa25-219bdc79f815,THE DEVIL WEARS PRADA 2,cgv,,26019800,,,,2D,2026-05-26,df4f4c77-3505-4bc1-9d11-438d97662d50,2026-05-26T16:28:26.403660
bf2c9f43-017f-46e4-aa25-219bdc79f815,STAR WARS THE MANDALORIAN AND GROGU 3D,cgv,,26025200,,,,2D,2026-05-26,2029510a-6429-462b-88ba-364dcbf6534f,2026-05-26T16:28:26.403676
bf2c9f43-017f-46e4-aa25-219bdc79f815,MOBILE SUIT GUNDAM HATHAWAY,cgv,,26021100,,,,2D,2026-05-26,b63661f8-2c1d-4480-bbd7-22962dffdf2c,2026-05-26T16:28:26.403690
bf2c9f43-017f-46e4-aa25-219bdc79f815,METHOD ACTING,cgv,,26023400,,,,2D,2026-05-26,efdc3272-47f4-452a-9ba9-828a7bbeffb5,2026-05-26T16:28:26.403704
bf2c9f43-017f-46e4-aa25-219bdc79f815,CHAND MERA DIL,cgv,,26026000,,,,2D,2026-05-26,5c398c6b-78da-4b09-966d-be8798a5c956,2026-05-26T16:28:26.403718
bf2c9f43-017f-46e4-aa25-219bdc79f815,THAT TIME I GOT REINCARNATED AS A SLIME THE MOVIE TEARS OF THE AZURE SEA,cgv,,26017900,,,,2D,2026-05-26,784d2f8b-fc31-4012-ab7c-345aab88cc86,2026-05-26T16:28:26.403732
bf2c9f43-017f-46e4-aa25-219bdc79f815,THE KINGS WARDEN,cgv,,26015000,,,,2D,2026-05-26,62919e27-80c6-4c20-963f-984c53da6986,2026-05-26T16:28:26.403747
bf2c9f43-017f-46e4-aa25-219bdc79f815,KAMU HARUS MATI,cgv,,26023800,,,,2D,2026-05-26,17b762db-59d8-4579-bcc9-117b25c8004f,2026-05-26T16:28:26.403761
bf2c9f43-017f-46e4-aa25-219bdc79f815,SUNSHINE WOMENS CHOIR,cgv,,26024400,,,,2D,2026-05-26,578a43ab-07ef-4d08-9314-af0c52974276,2026-05-26T16:28:26.403775
bf2c9f43-017f-46e4-aa25-219bdc79f815,NA WILLA,cgv,,26003200,,,,2D,2026-05-26,20530245-6914-42c3-b445-0ee579b33af6,2026-05-26T16:28:26.403788
bf2c9f43-017f-46e4-aa25-219bdc79f815,DILAN ITB 1997,cgv,,26016100,,,,2D,2026-05-26,3b2c5978-e738-44ac-9c41-8be14c1cbcac,2026-05-26T16:28:26.403802
bf2c9f43-017f-46e4-aa25-219bdc79f815,PEGASUS 3,cgv,,26025100,,,,2D,2026-05-26,7da4c987-ca12-4266-86bb-6ec42eb18100,2026-05-26T16:28:26.403816
a9b7a29a-5fd5-4509-b184-961a9f553830,TUMBAL PROYEK,cgv,,26014300,,,,2D,2026-05-26,1334e445-6ecc-4370-ad05-ca5f6f53a3f5,2026-05-26T16:28:26.409945
a9b7a29a-5fd5-4509-b184-961a9f553830,GUDANG MERICA,cgv,,26019400,,,,2D,2026-05-26,6b8bb327-8e6c-4426-b2ee-b3ee0a8a1229,2026-05-26T16:28:26.409966
a9b7a29a-5fd5-4509-b184-961a9f553830,STAR WARS THE MANDALORIAN AND GROGU,cgv,,26021200,,,,2D,2026-05-26,806534ec-2a11-4477-aa53-b9a789fd2361,2026-05-26T16:28:26.409983
a9b7a29a-5fd5-4509-b184-961a9f553830,SEMUA AKAN BAIK BAIK SAJA,cgv,,26018100,,,,2D,2026-05-26,e524a472-3a61-40e3-a185-ae1c0fe514e3,2026-05-26T16:28:26.409998
a9b7a29a-5fd5-4509-b184-961a9f553830,GHOST IN THE CELL,cgv,,26011800,,,,2D,2026-05-26,37753729-9721-41ae-a853-e9a4fc614a0c,2026-05-26T16:28:26.410013
a9b7a29a-5fd5-4509-b184-961a9f553830,TEMAN TEGAR MAIRA,cgv,,26005400,,,,2D,2026-05-26,fa2590d2-8d44-49ca-987a-e0d0d7ff2bbd,2026-05-26T16:28:26.410028
a9b7a29a-5fd5-4509-b184-961a9f553830,TIBA TIBA SETAN,cgv,,26007500,,,,2D,2026-05-26,4922971b-bc9f-4c53-839c-ff974ce618cf,2026-05-26T16:28:26.410043
a9b7a29a-5fd5-4509-b184-961a9f553830,HOKUM,cgv,,26024600,,,,2D,2026-05-26,9d82af80-576f-4246-a4d2-5af6d1eaecdc,2026-05-26T16:28:26.410057
a9b7a29a-5fd5-4509-b184-961a9f553830,MORTAL KOMBAT II,cgv,,26018200,,,,2D,2026-05-26,418f2280-7a04-47fe-905d-a0885b243ba4,2026-05-26T16:28:26.410071
a9b7a29a-5fd5-4509-b184-961a9f553830,GOHAN,cgv,,26022500,,,,2D,2026-05-26,cfb8c8c9-db6a-4fdc-a9ad-b8c04e01cb19,2026-05-26T16:28:26.410085
a9b7a29a-5fd5-4509-b184-961a9f553830,AYAH INI ARAHNYA KEMANA YA,cgv,,26011000,,,,2D,2026-05-26,06f7feae-0c0d-44a7-9117-bdd57959f596,2026-05-26T16:28:26.410102
a9b7a29a-5fd5-4509-b184-961a9f553830,YANG LAIN BOLEH HILANG ASAL KAU JANGAN,cgv,,26018300,,,,2D,2026-05-26,d5e97b1d-a11f-4c01-85b3-f352219eeb28,2026-05-26T16:28:26.410118
a9b7a29a-5fd5-4509-b184-961a9f553830,KELUARGA SUAMI ADALAH HAMA,cgv,,26017700,,,,2D,2026-05-26,11e25f59-505a-40c5-b78e-39f52c41ae3c,2026-05-26T16:28:26.410133
a9b7a29a-5fd5-4509-b184-961a9f553830,THE SHEEP DETECTIVES,cgv,,26019500,,,,2D,2026-05-26,85d62388-1748-4759-ae2f-256136b20d98,2026-05-26T16:28:26.410147
a9b7a29a-5fd5-4509-b184-961a9f553830,SEKAWAN LIMO RE RELEASE,cgv,,26024900,,,,2D,2026-05-26,30281759-69e1-4a3a-bc77-38e101e8190a,2026-05-26T16:28:26.410161
a9b7a29a-5fd5-4509-b184-961a9f553830,MONSTER,cgv,,23042200,,,,2D,2026-05-26,e134c5cc-d73f-45c7-a8e0-7d4cffaf175b,2026-05-26T16:28:26.410179
a9b7a29a-5fd5-4509-b184-961a9f553830,SALMOKJI WHISPERING WATER,cgv,,26019100,,,,2D,2026-05-26,e11dcf00-d12a-4b61-8204-f6e886298068,2026-05-26T16:28:26.410194
a9b7a29a-5fd5-4509-b184-961a9f553830,THE DEVIL WEARS PRADA 2,cgv,,26019800,,,,2D,2026-05-26,d396e4f5-194c-4485-afd5-18c88bd9b17b,2026-05-26T16:28:26.410208
a9b7a29a-5fd5-4509-b184-961a9f553830,STAR WARS THE MANDALORIAN AND GROGU 3D,cgv,,26025200,,,,2D,2026-05-26,47962292-5180-414a-9140-e72fafda65e2,2026-05-26T16:28:26.410223
a9b7a29a-5fd5-4509-b184-961a9f553830,MOBILE SUIT GUNDAM HATHAWAY,cgv,,26021100,,,,2D,2026-05-26,f0800555-a0cd-445f-9753-f617651a1c07,2026-05-26T16:28:26.410238
a9b7a29a-5fd5-4509-b184-961a9f553830,METHOD ACTING,cgv,,26023400,,,,2D,2026-05-26,91415cde-224f-43f1-ab37-45ca84ab1c64,2026-05-26T16:28:26.410252
a9b7a29a-5fd5-4509-b184-961a9f553830,CHAND MERA DIL,cgv,,26026000,,,,2D,2026-05-26,39ce16c2-e3c3-43db-bbd3-7633974c54a8,2026-05-26T16:28:26.410273
a9b7a29a-5fd5-4509-b184-961a9f553830,THAT TIME I GOT REINCARNATED AS A SLIME THE MOVIE TEARS OF THE AZURE SEA,cgv,,26017900,,,,2D,2026-05-26,fec8e358-c3f7-4796-90d6-2ac22d669bcd,2026-05-26T16:28:26.410288
a9b7a29a-5fd5-4509-b184-961a9f553830,THE KINGS WARDEN,cgv,,26015000,,,,2D,2026-05-26,70c7dfd0-0b63-49d3-a7ce-33908c346b04,2026-05-26T16:28:26.410301
a9b7a29a-5fd5-4509-b184-961a9f553830,KAMU HARUS MATI,cgv,,26023800,,,,2D,2026-05-26,74dc8c08-23b2-422e-bb83-e71155c63fb2,2026-05-26T16:28:26.410315
a9b7a29a-5fd5-4509-b184-961a9f553830,SUNSHINE WOMENS CHOIR,cgv,,26024400,,,,2D,2026-05-26,91060a2e-a3f7-4e2a-9a71-56d14fc14321,2026-05-26T16:28:26.410329
a9b7a29a-5fd5-4509-b184-961a9f553830,NA WILLA,cgv,,26003200,,,,2D,2026-05-26,6f239e70-e475-435f-aba6-5fc1f5fff050,2026-05-26T16:28:26.410342
a9b7a29a-5fd5-4509-b184-961a9f553830,DILAN ITB 1997,cgv,,26016100,,,,2D,2026-05-26,657adeee-4788-4d09-8b0e-1bb6c3a31d9d,2026-05-26T16:28:26.410356
a9b7a29a-5fd5-4509-b184-961a9f553830,PEGASUS 3,cgv,,26025100,,,,2D,2026-05-26,234dd4ee-0507-4cc3-8fa0-bf3cc6a66cb6,2026-05-26T16:28:26.410370
87c15163-556a-49fc-97d7-8f29e2c8b03d,TUMBAL PROYEK,cgv,,26014300,,,,2D,2026-05-26,547d0d5d-afcb-46b7-be3a-d04e1c6cc338,2026-05-26T16:28:29.372195
87c15163-556a-49fc-97d7-8f29e2c8b03d,GUDANG MERICA,cgv,,26019400,,,,2D,2026-05-26,6c96c1a7-4835-4f46-b771-3a6bbd7c3d77,2026-05-26T16:28:29.372230
87c15163-556a-49fc-97d7-8f29e2c8b03d,STAR WARS THE MANDALORIAN AND GROGU,cgv,,26021200,,,,2D,2026-05-26,ae032704-54f0-43a2-9965-8e63cb212575,2026-05-26T16:28:29.372256
87c15163-556a-49fc-97d7-8f29e2c8b03d,SEMUA AKAN BAIK BAIK SAJA,cgv,,26018100,,,,2D,2026-05-26,c2d001de-f36f-4e08-aa2b-2c2e8c2bab14,2026-05-26T16:28:29.372279
87c15163-556a-49fc-97d7-8f29e2c8b03d,GHOST IN THE CELL,cgv,,26011800,,,,2D,2026-05-26,8ecf1ec6-4a89-4d27-9e98-2d8ba9b19f65,2026-05-26T16:28:29.372301
87c15163-556a-49fc-97d7-8f29e2c8b03d,TEMAN TEGAR MAIRA,cgv,,26005400,,,,2D,2026-05-26,1c1286a3-7a79-4fc1-9259-75711bcd00ac,2026-05-26T16:28:29.372324
87c15163-556a-49fc-97d7-8f29e2c8b03d,TIBA TIBA SETAN,cgv,,26007500,,,,2D,2026-05-26,9619fa15-3d44-46ef-aba6-76219644ae4d,2026-05-26T16:28:29.372346
87c15163-556a-49fc-97d7-8f29e2c8b03d,HOKUM,cgv,,26024600,,,,2D,2026-05-26,ee7566e5-42f6-41ab-84e3-ef9f5c881d0c,2026-05-26T16:28:29.372367
87c15163-556a-49fc-97d7-8f29e2c8b03d,MORTAL KOMBAT II,cgv,,26018200,,,,2D,2026-05-26,c30c08e2-369a-40dc-8223-9e025d03c187,2026-05-26T16:28:29.372388
87c15163-556a-49fc-97d7-8f29e2c8b03d,GOHAN,cgv,,26022500,,,,2D,2026-05-26,1b5d635f-7925-4da3-a5a4-7d87bfb17d78,2026-05-26T16:28:29.372410
87c15163-556a-49fc-97d7-8f29e2c8b03d,AYAH INI ARAHNYA KEMANA YA,cgv,,26011000,,,,2D,2026-05-26,c5bb5d96-a608-401f-b5c5-0438cfb2c7dc,2026-05-26T16:28:29.372431
87c15163-556a-49fc-97d7-8f29e2c8b03d,YANG LAIN BOLEH HILANG ASAL KAU JANGAN,cgv,,26018300,,,,2D,2026-05-26,32fb72c7-b240-463f-b588-5665257a72a7,2026-05-26T16:28:29.372452
87c15163-556a-49fc-97d7-8f29e2c8b03d,KELUARGA SUAMI ADALAH HAMA,cgv,,26017700,,,,2D,2026-05-26,dd639787-de29-47c7-bf44-59f8bf640af2,2026-05-26T16:28:29.372473
87c15163-556a-49fc-97d7-8f29e2c8b03d,THE SHEEP DETECTIVES,cgv,,26019500,,,,2D,2026-05-26,94914e69-3bbd-4931-a5ee-00a42687f4ec,2026-05-26T16:28:29.372494
87c15163-556a-49fc-97d7-8f29e2c8b03d,SEKAWAN LIMO RE RELEASE,cgv,,26024900,,,,2D,2026-05-26,1a396bd6-c6c7-476b-859d-2ecdc0514da4,2026-05-26T16:28:29.372514
87c15163-556a-49fc-97d7-8f29e2c8b03d,MONSTER,cgv,,23042200,,,,2D,2026-05-26,eecd5fcc-85da-4608-8e5f-a3d4475182e9,2026-05-26T16:28:29.372536
87c15163-556a-49fc-97d7-8f29e2c8b03d,SALMOKJI WHISPERING WATER,cgv,,26019100,,,,2D,2026-05-26,63490e2c-61e4-4c15-af5f-fb1dec720589,2026-05-26T16:28:29.372556
87c15163-556a-49fc-97d7-8f29e2c8b03d,THE DEVIL WEARS PRADA 2,cgv,,26019800,,,,2D,2026-05-26,0a35df0c-2ff0-4a3b-8585-009bc678a13b,2026-05-26T16:28:29.372577
87c15163-556a-49fc-97d7-8f29e2c8b03d,STAR WARS THE MANDALORIAN AND GROGU 3D,cgv,,26025200,,,,2D,2026-05-26,7dc0c5b5-70da-4cf0-8993-abe05c5b425b,2026-05-26T16:28:29.372598
87c15163-556a-49fc-97d7-8f29e2c8b03d,MOBILE SUIT GUNDAM HATHAWAY,cgv,,26021100,,,,2D,2026-05-26,979034e6-78f3-439a-bb79-ab033978219b,2026-05-26T16:28:29.372622
87c15163-556a-49fc-97d7-8f29e2c8b03d,METHOD ACTING,cgv,,26023400,,,,2D,2026-05-26,1ee241b2-85a9-4d25-a0e0-6e95ee97f0e9,2026-05-26T16:28:29.372644
87c15163-556a-49fc-97d7-8f29e2c8b03d,CHAND MERA DIL,cgv,,26026000,,,,2D,2026-05-26,9dfc2b63-57f5-4279-9f96-4e1402bb3c7d,2026-05-26T16:28:29.372665
87c15163-556a-49fc-97d7-8f29e2c8b03d,THAT TIME I GOT REINCARNATED AS A SLIME THE MOVIE TEARS OF THE AZURE SEA,cgv,,26017900,,,,2D,2026-05-26,67dd7fd3-059f-4dd9-94b3-ad1ab456b8cc,2026-05-26T16:28:29.372685
87c15163-556a-49fc-97d7-8f29e2c8b03d,THE KINGS WARDEN,cgv,,26015000,,,,2D,2026-05-26,021b1362-52ed-4ba2-a849-320ea2564027,2026-05-26T16:28:29.372706
87c15163-556a-49fc-97d7-8f29e2c8b03d,KAMU HARUS MATI,cgv,,26023800,,,,2D,2026-05-26,561b7ed1-8b85-4a9e-a4d6-3f91872037f6,2026-05-26T16:28:29.372844
87c15163-556a-49fc-97d7-8f29e2c8b03d,SUNSHINE WOMENS CHOIR,cgv,,26024400,,,,2D,2026-05-26,c9f88d76-11be-4fb8-b14c-177730496b42,2026-05-26T16:28:29.372866
87c15163-556a-49fc-97d7-8f29e2c8b03d,NA WILLA,cgv,,26003200,,,,2D,2026-05-26,7127d8d6-e1de-400f-9498-61671eed270d,2026-05-26T16:28:29.372887
87c15163-556a-49fc-97d7-8f29e2c8b03d,DILAN ITB 1997,cgv,,26016100,,,,2D,2026-05-26,11137e0d-a439-43af-826b-ab74766be738,2026-05-26T16:28:29.372908
87c15163-556a-49fc-97d7-8f29e2c8b03d,PEGASUS 3,cgv,,26025100,,,,2D,2026-05-26,ec59f698-802a-4ff8-8d85-d37dd99c4176,2026-05-26T16:28:29.372929
66841c15-7af6-44fa-b884-8f1cececc754,TUMBAL PROYEK,cgv,,26014300,,,,2D,2026-05-26,346c15cf-4b47-45be-a4de-250fec9b1b8f,2026-05-26T16:28:30.038739
66841c15-7af6-44fa-b884-8f1cececc754,GUDANG MERICA,cgv,,26019400,,,,2D,2026-05-26,d659a993-ce7b-44d2-b359-6503e91ec53a,2026-05-26T16:28:30.038763
66841c15-7af6-44fa-b884-8f1cececc754,STAR WARS THE MANDALORIAN AND GROGU,cgv,,26021200,,,,2D,2026-05-26,0174e9b4-9970-44d4-971d-195c53269555,2026-05-26T16:28:30.038781
66841c15-7af6-44fa-b884-8f1cececc754,SEMUA AKAN BAIK BAIK SAJA,cgv,,26018100,,,,2D,2026-05-26,296a1f6c-df54-47b8-90ca-73a3284810f4,2026-05-26T16:28:30.038797
66841c15-7af6-44fa-b884-8f1cececc754,GHOST IN THE CELL,cgv,,26011800,,,,2D,2026-05-26,53c2f2d6-a1c1-45e7-9a38-893e5b00d090,2026-05-26T16:28:30.038812
66841c15-7af6-44fa-b884-8f1cececc754,TEMAN TEGAR MAIRA,cgv,,26005400,,,,2D,2026-05-26,5e8939a8-3162-4dde-a2fc-e03b9d47bcce,2026-05-26T16:28:30.038827
66841c15-7af6-44fa-b884-8f1cececc754,TIBA TIBA SETAN,cgv,,26007500,,,,2D,2026-05-26,2500a205-417b-463f-a127-5ef8742d7317,2026-05-26T16:28:30.038842
66841c15-7af6-44fa-b884-8f1cececc754,HOKUM,cgv,,26024600,,,,2D,2026-05-26,3f4de8c5-1ce2-4132-b6cc-812ccef9a2a8,2026-05-26T16:28:30.038856
66841c15-7af6-44fa-b884-8f1cececc754,MORTAL KOMBAT II,cgv,,26018200,,,,2D,2026-05-26,b21ab966-02e8-428c-a41a-815f99cc9155,2026-05-26T16:28:30.038870
66841c15-7af6-44fa-b884-8f1cececc754,GOHAN,cgv,,26022500,,,,2D,2026-05-26,28bae9d8-1422-4aee-914c-59046631a0cd,2026-05-26T16:28:30.038885
66841c15-7af6-44fa-b884-8f1cececc754,AYAH INI ARAHNYA KEMANA YA,cgv,,26011000,,,,2D,2026-05-26,bc065071-6420-4ffe-a6bc-c6c69f943c4a,2026-05-26T16:28:30.038899
66841c15-7af6-44fa-b884-8f1cececc754,YANG LAIN BOLEH HILANG ASAL KAU JANGAN,cgv,,26018300,,,,2D,2026-05-26,7672d0d5-e8d1-46f0-8c64-0aab10696ecc,2026-05-26T16:28:30.038914
66841c15-7af6-44fa-b884-8f1cececc754,KELUARGA SUAMI ADALAH HAMA,cgv,,26017700,,,,2D,2026-05-26,e05fb323-6b28-4f91-aeff-451a006c9640,2026-05-26T16:28:30.038928
66841c15-7af6-44fa-b884-8f1cececc754,THE SHEEP DETECTIVES,cgv,,26019500,,,,2D,2026-05-26,dc18b2f5-1074-476c-bb43-81b27888cce5,2026-05-26T16:28:30.038942
66841c15-7af6-44fa-b884-8f1cececc754,SEKAWAN LIMO RE RELEASE,cgv,,26024900,,,,2D,2026-05-26,0d5c7c35-effc-45fd-999c-ebda070a7467,2026-05-26T16:28:30.038956
66841c15-7af6-44fa-b884-8f1cececc754,MONSTER,cgv,,23042200,,,,2D,2026-05-26,36cf5645-7901-442f-8bde-f2a11fc69e57,2026-05-26T16:28:30.038970
66841c15-7af6-44fa-b884-8f1cececc754,SALMOKJI WHISPERING WATER,cgv,,26019100,,,,2D,2026-05-26,7401bfb7-f4a7-41dc-affc-ea7c0b1f98cc,2026-05-26T16:28:30.038984
66841c15-7af6-44fa-b884-8f1cececc754,THE DEVIL WEARS PRADA 2,cgv,,26019800,,,,2D,2026-05-26,b5a7d8d9-f974-45e0-b35a-580444dfebcc,2026-05-26T16:28:30.038998
66841c15-7af6-44fa-b884-8f1cececc754,STAR WARS THE MANDALORIAN AND GROGU 3D,cgv,,26025200,,,,2D,2026-05-26,249c4f96-f744-469c-93ae-fa974a2633de,2026-05-26T16:28:30.039013
66841c15-7af6-44fa-b884-8f1cececc754,MOBILE SUIT GUNDAM HATHAWAY,cgv,,26021100,,,,2D,2026-05-26,0e3753d1-c9d8-4db5-bcb8-a734a223238b,2026-05-26T16:28:30.039028
66841c15-7af6-44fa-b884-8f1cececc754,METHOD ACTING,cgv,,26023400,,,,2D,2026-05-26,12cd90da-be50-46a0-8b38-8189c70db533,2026-05-26T16:28:30.039042
66841c15-7af6-44fa-b884-8f1cececc754,CHAND MERA DIL,cgv,,26026000,,,,2D,2026-05-26,0c2d24ea-f0f6-4e15-98d1-328439841a44,2026-05-26T16:28:30.039057
66841c15-7af6-44fa-b884-8f1cececc754,THAT TIME I GOT REINCARNATED AS A SLIME THE MOVIE TEARS OF THE AZURE SEA,cgv,,26017900,,,,2D,2026-05-26,a8f543b5-9d9c-4de9-aaa1-e9a90a7c26bc,2026-05-26T16:28:30.039073
66841c15-7af6-44fa-b884-8f1cececc754,THE KINGS WARDEN,cgv,,26015000,,,,2D,2026-05-26,ab667fad-36fe-4aa2-9e56-39f8e54d2cb9,2026-05-26T16:28:30.039087
66841c15-7af6-44fa-b884-8f1cececc754,KAMU HARUS MATI,cgv,,26023800,,,,2D,2026-05-26,ae83fda6-2c62-4b93-a221-93025d036ad6,2026-05-26T16:28:30.039101
66841c15-7af6-44fa-b884-8f1cececc754,SUNSHINE WOMENS CHOIR,cgv,,26024400,,,,2D,2026-05-26,25c415ff-2d0c-42c3-8d1d-34dbcc97e273,2026-05-26T16:28:30.039115
66841c15-7af6-44fa-b884-8f1cececc754,NA WILLA,cgv,,26003200,,,,2D,2026-05-26,2f5b1c5e-90a3-4f66-bacd-ad9272f6ba5a,2026-05-26T16:28:30.039129
66841c15-7af6-44fa-b884-8f1cececc754,DILAN ITB 1997,cgv,,26016100,,,,2D,2026-05-26,1d74886a-9ecc-4b82-8af4-39ace055246e,2026-05-26T16:28:30.039143
66841c15-7af6-44fa-b884-8f1cececc754,PEGASUS 3,cgv,,26025100,,,,2D,2026-05-26,d3ba9135-aa02-4f35-92d3-e9dabd420fde,2026-05-26T16:28:30.039157
7db464ae-689b-4290-b349-6f7bd6644326,TUMBAL PROYEK,cgv,,26014300,,,,2D,2026-05-26,e2db9aa1-54fc-4f65-bb97-3c9088751f2b,2026-05-26T16:28:30.807385
7db464ae-689b-4290-b349-6f7bd6644326,GUDANG MERICA,cgv,,26019400,,,,2D,2026-05-26,f275731c-9595-43c2-aeba-598386f847d9,2026-05-26T16:28:30.807425
7db464ae-689b-4290-b349-6f7bd6644326,STAR WARS THE MANDALORIAN AND GROGU,cgv,,26021200,,,,2D,2026-05-26,62a58c45-5906-4f2d-b198-489c2517d23e,2026-05-26T16:28:30.807454
7db464ae-689b-4290-b349-6f7bd6644326,SEMUA AKAN BAIK BAIK SAJA,cgv,,26018100,,,,2D,2026-05-26,b9444b7e-aa9b-4a78-9801-7cbbe62b26f4,2026-05-26T16:28:30.807481
7db464ae-689b-4290-b349-6f7bd6644326,GHOST IN THE CELL,cgv,,26011800,,,,2D,2026-05-26,55a67518-f799-456e-bd0b-73096342a8e5,2026-05-26T16:28:30.807507
7db464ae-689b-4290-b349-6f7bd6644326,TEMAN TEGAR MAIRA,cgv,,26005400,,,,2D,2026-05-26,0bac9653-5686-49e7-a6d7-80a91938ec29,2026-05-26T16:28:30.807533
7db464ae-689b-4290-b349-6f7bd6644326,TIBA TIBA SETAN,cgv,,26007500,,,,2D,2026-05-26,30987cca-a5ce-4172-861e-e6426cc87b05,2026-05-26T16:28:30.807558
7db464ae-689b-4290-b349-6f7bd6644326,HOKUM,cgv,,26024600,,,,2D,2026-05-26,db04e324-81d3-4d6a-9c9a-014c38c66b25,2026-05-26T16:28:30.807582
7db464ae-689b-4290-b349-6f7bd6644326,MORTAL KOMBAT II,cgv,,26018200,,,,2D,2026-05-26,a4963e4f-edc9-4d0d-b6dd-ec00e0fc6ad8,2026-05-26T16:28:30.807606
7db464ae-689b-4290-b349-6f7bd6644326,GOHAN,cgv,,26022500,,,,2D,2026-05-26,6be11eab-39dd-457d-81e9-424c74787913,2026-05-26T16:28:30.807630
7db464ae-689b-4290-b349-6f7bd6644326,AYAH INI ARAHNYA KEMANA YA,cgv,,26011000,,,,2D,2026-05-26,704a6774-fc9a-465d-b636-fdc03de76b5b,2026-05-26T16:28:30.807655
7db464ae-689b-4290-b349-6f7bd6644326,YANG LAIN BOLEH HILANG ASAL KAU JANGAN,cgv,,26018300,,,,2D,2026-05-26,0e44fbc6-fd49-4de0-a6c4-cd0f90380323,2026-05-26T16:28:30.807681
7db464ae-689b-4290-b349-6f7bd6644326,KELUARGA SUAMI ADALAH HAMA,cgv,,26017700,,,,2D,2026-05-26,9b657706-3606-4742-8415-744768bbb2ae,2026-05-26T16:28:30.807705
7db464ae-689b-4290-b349-6f7bd6644326,THE SHEEP DETECTIVES,cgv,,26019500,,,,2D,2026-05-26,a200d81b-f429-4617-8cb3-017b8fef7612,2026-05-26T16:28:30.807731
7db464ae-689b-4290-b349-6f7bd6644326,SEKAWAN LIMO RE RELEASE,cgv,,26024900,,,,2D,2026-05-26,aa327dd7-a25d-4a01-bb65-52de18a3ebf6,2026-05-26T16:28:30.807755
7db464ae-689b-4290-b349-6f7bd6644326,MONSTER,cgv,,23042200,,,,2D,2026-05-26,68302b81-843a-42a2-9d1c-dc0e74fa5f71,2026-05-26T16:28:30.807779
7db464ae-689b-4290-b349-6f7bd6644326,SALMOKJI WHISPERING WATER,cgv,,26019100,,,,2D,2026-05-26,7c3194c3-2f44-4b06-a456-599067f56f69,2026-05-26T16:28:30.807803
7db464ae-689b-4290-b349-6f7bd6644326,THE DEVIL WEARS PRADA 2,cgv,,26019800,,,,2D,2026-05-26,e78d0e09-d93f-46d0-af22-45def17f62c0,2026-05-26T16:28:30.807828
7db464ae-689b-4290-b349-6f7bd6644326,STAR WARS THE MANDALORIAN AND GROGU 3D,cgv,,26025200,,,,2D,2026-05-26,608fe2c5-824f-4160-a094-21013f156f2b,2026-05-26T16:28:30.807853
7db464ae-689b-4290-b349-6f7bd6644326,MOBILE SUIT GUNDAM HATHAWAY,cgv,,26021100,,,,2D,2026-05-26,04aa4adb-fd3c-4b98-892d-4979c0c5ea99,2026-05-26T16:28:30.807877
7db464ae-689b-4290-b349-6f7bd6644326,METHOD ACTING,cgv,,26023400,,,,2D,2026-05-26,fa4b2987-1d81-40ea-ae92-c1868489aeb0,2026-05-26T16:28:30.807901
7db464ae-689b-4290-b349-6f7bd6644326,CHAND MERA DIL,cgv,,26026000,,,,2D,2026-05-26,ef1f035a-7277-4f12-99a1-a585185a8959,2026-05-26T16:28:30.807925
7db464ae-689b-4290-b349-6f7bd6644326,THAT TIME I GOT REINCARNATED AS A SLIME THE MOVIE TEARS OF THE AZURE SEA,cgv,,26017900,,,,2D,2026-05-26,13a85431-2292-4a3d-8468-3b9f09d310d4,2026-05-26T16:28:30.807949
7db464ae-689b-4290-b349-6f7bd6644326,THE KINGS WARDEN,cgv,,26015000,,,,2D,2026-05-26,a9df3bdf-93d7-462f-9230-63a2f6d7828c,2026-05-26T16:28:30.808210
7db464ae-689b-4290-b349-6f7bd6644326,KAMU HARUS MATI,cgv,,26023800,,,,2D,2026-05-26,56042edc-2fe4-450d-8348-ba656b32004f,2026-05-26T16:28:30.808239
7db464ae-689b-4290-b349-6f7bd6644326,SUNSHINE WOMENS CHOIR,cgv,,26024400,,,,2D,2026-05-26,e5a361c3-55c1-4bd7-be27-f6555513d0be,2026-05-26T16:28:30.808263
7db464ae-689b-4290-b349-6f7bd6644326,NA WILLA,cgv,,26003200,,,,2D,2026-05-26,9bc519d8-2750-4c3c-b84f-56219ff258a3,2026-05-26T16:28:30.808287
7db464ae-689b-4290-b349-6f7bd6644326,DILAN ITB 1997,cgv,,26016100,,,,2D,2026-05-26,80604775-9ee0-4d0c-a516-db652cbcda73,2026-05-26T16:28:30.808311
7db464ae-689b-4290-b349-6f7bd6644326,PEGASUS 3,cgv,,26025100,,,,2D,2026-05-26,ce008e64-d8a3-4423-87ac-241aaa461b6a,2026-05-26T16:28:30.808336
0c667d59-5cd1-4ec4-aaca-f92a02d6e757,TUMBAL PROYEK,cgv,,26014300,,,,2D,2026-05-26,68456bf5-1c4c-49b6-a9fc-6903b224d88a,2026-05-26T16:28:30.026772
0c667d59-5cd1-4ec4-aaca-f92a02d6e757,GUDANG MERICA,cgv,,26019400,,,,2D,2026-05-26,870e4dbd-2321-4d6a-9b28-1f98a290f919,2026-05-26T16:28:30.026794
0c667d59-5cd1-4ec4-aaca-f92a02d6e757,STAR WARS THE MANDALORIAN AND GROGU,cgv,,26021200,,,,2D,2026-05-26,9a98d367-e517-4dd9-b49f-8c6c4b31fd29,2026-05-26T16:28:30.026811
0c667d59-5cd1-4ec4-aaca-f92a02d6e757,SEMUA AKAN BAIK BAIK SAJA,cgv,,26018100,,,,2D,2026-05-26,6f80ad5b-a172-49c9-9984-4eec928d6b45,2026-05-26T16:28:30.026827
0c667d59-5cd1-4ec4-aaca-f92a02d6e757,GHOST IN THE CELL,cgv,,26011800,,,,2D,2026-05-26,640f374b-9481-4e05-bd76-d89b8e7e3573,2026-05-26T16:28:30.026842
0c667d59-5cd1-4ec4-aaca-f92a02d6e757,TEMAN TEGAR MAIRA,cgv,,26005400,,,,2D,2026-05-26,d12fdbaf-4653-4d52-affa-a707555af472,2026-05-26T16:28:30.026857
0c667d59-5cd1-4ec4-aaca-f92a02d6e757,TIBA TIBA SETAN,cgv,,26007500,,,,2D,2026-05-26,40601428-379b-452c-b020-3b2b1a2dfc5f,2026-05-26T16:28:30.026871
0c667d59-5cd1-4ec4-aaca-f92a02d6e757,HOKUM,cgv,,26024600,,,,2D,2026-05-26,68e0f10f-82c5-46e8-bf92-08af2ef480ae,2026-05-26T16:28:30.026886
0c667d59-5cd1-4ec4-aaca-f92a02d6e757,MORTAL KOMBAT II,cgv,,26018200,,,,2D,2026-05-26,125d0892-af40-469a-a459-a3f2099064c3,2026-05-26T16:28:30.026900
0c667d59-5cd1-4ec4-aaca-f92a02d6e757,GOHAN,cgv,,26022500,,,,2D,2026-05-26,8d4aa5b0-288b-4cca-93fe-bb2316a9b305,2026-05-26T16:28:30.026914
0c667d59-5cd1-4ec4-aaca-f92a02d6e757,AYAH INI ARAHNYA KEMANA YA,cgv,,26011000,,,,2D,2026-05-26,137fcb66-79d4-4fba-9da4-0bcf597c5d37,2026-05-26T16:28:30.026929
0c667d59-5cd1-4ec4-aaca-f92a02d6e757,YANG LAIN BOLEH HILANG ASAL KAU JANGAN,cgv,,26018300,,,,2D,2026-05-26,bc346792-57c3-4530-b77f-524941174cc7,2026-05-26T16:28:30.026943
0c667d59-5cd1-4ec4-aaca-f92a02d6e757,KELUARGA SUAMI ADALAH HAMA,cgv,,26017700,,,,2D,2026-05-26,78b8e99a-c6dc-47a4-9cac-77f72755fdad,2026-05-26T16:28:30.026957
0c667d59-5cd1-4ec4-aaca-f92a02d6e757,THE SHEEP DETECTIVES,cgv,,26019500,,,,2D,2026-05-26,ed475316-03d0-4ede-8bfa-a09dddc8fabb,2026-05-26T16:28:30.026971
0c667d59-5cd1-4ec4-aaca-f92a02d6e757,SEKAWAN LIMO RE RELEASE,cgv,,26024900,,,,2D,2026-05-26,47ebc73a-59b2-4802-8cbd-212adf8a8c04,2026-05-26T16:28:30.026985
0c667d59-5cd1-4ec4-aaca-f92a02d6e757,MONSTER,cgv,,23042200,,,,2D,2026-05-26,91bc9cc9-6e6e-4a6e-bbf2-2c73f29f73d9,2026-05-26T16:28:30.026998
0c667d59-5cd1-4ec4-aaca-f92a02d6e757,SALMOKJI WHISPERING WATER,cgv,,26019100,,,,2D,2026-05-26,c682c69f-8684-4e07-a751-234605eb7cd2,2026-05-26T16:28:30.027012
0c667d59-5cd1-4ec4-aaca-f92a02d6e757,THE DEVIL WEARS PRADA 2,cgv,,26019800,,,,2D,2026-05-26,3518e0cc-2a7e-42d9-ab65-31e0c417eaab,2026-05-26T16:28:30.027026
0c667d59-5cd1-4ec4-aaca-f92a02d6e757,STAR WARS THE MANDALORIAN AND GROGU 3D,cgv,,26025200,,,,2D,2026-05-26,5de5046e-1556-4e81-8fb7-7eb4925afd28,2026-05-26T16:28:30.027041
0c667d59-5cd1-4ec4-aaca-f92a02d6e757,MOBILE SUIT GUNDAM HATHAWAY,cgv,,26021100,,,,2D,2026-05-26,4a90e5f8-32aa-4316-89dc-0a475477fe65,2026-05-26T16:28:30.027054
0c667d59-5cd1-4ec4-aaca-f92a02d6e757,METHOD ACTING,cgv,,26023400,,,,2D,2026-05-26,0fa71043-89a0-47f1-8781-930274ba5737,2026-05-26T16:28:30.027069
0c667d59-5cd1-4ec4-aaca-f92a02d6e757,CHAND MERA DIL,cgv,,26026000,,,,2D,2026-05-26,f3369088-be87-4183-8206-b50b43fd5d8c,2026-05-26T16:28:30.027083
0c667d59-5cd1-4ec4-aaca-f92a02d6e757,THAT TIME I GOT REINCARNATED AS A SLIME THE MOVIE TEARS OF THE AZURE SEA,cgv,,26017900,,,,2D,2026-05-26,cba33aee-d5b6-44b1-b638-b6c74effa462,2026-05-26T16:28:30.027097
0c667d59-5cd1-4ec4-aaca-f92a02d6e757,THE KINGS WARDEN,cgv,,26015000,,,,2D,2026-05-26,9447346a-f77e-4667-8aa9-d240b0a7a9c0,2026-05-26T16:28:30.027110
0c667d59-5cd1-4ec4-aaca-f92a02d6e757,KAMU HARUS MATI,cgv,,26023800,,,,2D,2026-05-26,d9194168-2ecc-4b52-a36c-c2fb7f8a955a,2026-05-26T16:28:30.027126
0c667d59-5cd1-4ec4-aaca-f92a02d6e757,SUNSHINE WOMENS CHOIR,cgv,,26024400,,,,2D,2026-05-26,74c891b0-a582-4326-8fa5-2e411f4d0c81,2026-05-26T16:28:30.027140
0c667d59-5cd1-4ec4-aaca-f92a02d6e757,NA WILLA,cgv,,26003200,,,,2D,2026-05-26,cda6a880-2edf-4440-a192-9f6d9ba9aeac,2026-05-26T16:28:30.027154
0c667d59-5cd1-4ec4-aaca-f92a02d6e757,DILAN ITB 1997,cgv,,26016100,,,,2D,2026-05-26,33f39ead-6f09-4b26-98cd-d13147039c6f,2026-05-26T16:28:30.027168
0c667d59-5cd1-4ec4-aaca-f92a02d6e757,PEGASUS 3,cgv,,26025100,,,,2D,2026-05-26,608f5417-f40e-4c35-8adb-599799b95cbd,2026-05-26T16:28:30.027181
195a5cc5-aad5-4c30-9ce8-84eb4d079198,TUMBAL PROYEK,cgv,,26014300,,,,2D,2026-05-26,7ebe98ac-a4ba-4034-92eb-ae23fe35c366,2026-05-26T16:28:29.783450
195a5cc5-aad5-4c30-9ce8-84eb4d079198,GUDANG MERICA,cgv,,26019400,,,,2D,2026-05-26,b1f7b8b7-5043-48f1-b927-1b7b7186b181,2026-05-26T16:28:29.783472
195a5cc5-aad5-4c30-9ce8-84eb4d079198,STAR WARS THE MANDALORIAN AND GROGU,cgv,,26021200,,,,2D,2026-05-26,cdefe4cd-efa0-47da-bab2-9b34265ce51f,2026-05-26T16:28:29.783488
195a5cc5-aad5-4c30-9ce8-84eb4d079198,SEMUA AKAN BAIK BAIK SAJA,cgv,,26018100,,,,2D,2026-05-26,4dd9a3d8-c21c-46a9-81fd-a7e08a522b13,2026-05-26T16:28:29.783503
195a5cc5-aad5-4c30-9ce8-84eb4d079198,GHOST IN THE CELL,cgv,,26011800,,,,2D,2026-05-26,8665dc87-d65a-4f7a-944e-9f0a2ee397f8,2026-05-26T16:28:29.783518
195a5cc5-aad5-4c30-9ce8-84eb4d079198,TEMAN TEGAR MAIRA,cgv,,26005400,,,,2D,2026-05-26,36248209-d735-47a9-9604-fc43bb615b69,2026-05-26T16:28:29.783531
195a5cc5-aad5-4c30-9ce8-84eb4d079198,TIBA TIBA SETAN,cgv,,26007500,,,,2D,2026-05-26,505aa7e9-7d7a-472f-ab1b-bb752c20b0d8,2026-05-26T16:28:29.783545
195a5cc5-aad5-4c30-9ce8-84eb4d079198,HOKUM,cgv,,26024600,,,,2D,2026-05-26,6fdfca16-5044-40f3-87f4-03a07d2d78e2,2026-05-26T16:28:29.783558
195a5cc5-aad5-4c30-9ce8-84eb4d079198,MORTAL KOMBAT II,cgv,,26018200,,,,2D,2026-05-26,219f919f-dcb8-41f0-b27b-a8736ceeddb1,2026-05-26T16:28:29.783571
195a5cc5-aad5-4c30-9ce8-84eb4d079198,GOHAN,cgv,,26022500,,,,2D,2026-05-26,8f107d9d-78a8-42cb-90fc-0c4977ee8cc7,2026-05-26T16:28:29.783584
195a5cc5-aad5-4c30-9ce8-84eb4d079198,AYAH INI ARAHNYA KEMANA YA,cgv,,26011000,,,,2D,2026-05-26,9f2ae924-6e02-4298-bc58-74b8170f785d,2026-05-26T16:28:29.783597
195a5cc5-aad5-4c30-9ce8-84eb4d079198,YANG LAIN BOLEH HILANG ASAL KAU JANGAN,cgv,,26018300,,,,2D,2026-05-26,26a55005-4c49-4b3f-804a-9323c5b0bc8c,2026-05-26T16:28:29.783610
195a5cc5-aad5-4c30-9ce8-84eb4d079198,KELUARGA SUAMI ADALAH HAMA,cgv,,26017700,,,,2D,2026-05-26,268e0c85-2671-4afc-91aa-d8074af4813f,2026-05-26T16:28:29.783623
195a5cc5-aad5-4c30-9ce8-84eb4d079198,THE SHEEP DETECTIVES,cgv,,26019500,,,,2D,2026-05-26,f9f0572d-45ab-4902-b2aa-7e1fbdc7049a,2026-05-26T16:28:29.783636
195a5cc5-aad5-4c30-9ce8-84eb4d079198,SEKAWAN LIMO RE RELEASE,cgv,,26024900,,,,2D,2026-05-26,15c3733a-2822-4f73-8f0c-00aa984b3b79,2026-05-26T16:28:29.783648
195a5cc5-aad5-4c30-9ce8-84eb4d079198,MONSTER,cgv,,23042200,,,,2D,2026-05-26,9c5d39b7-9341-4148-9e0b-1e66c633f1fd,2026-05-26T16:28:29.783661
195a5cc5-aad5-4c30-9ce8-84eb4d079198,SALMOKJI WHISPERING WATER,cgv,,26019100,,,,2D,2026-05-26,d8b6574d-7606-4af9-a2a9-b76c75c0d20a,2026-05-26T16:28:29.783674
195a5cc5-aad5-4c30-9ce8-84eb4d079198,THE DEVIL WEARS PRADA 2,cgv,,26019800,,,,2D,2026-05-26,a93899ce-edee-472d-bc30-20b348a8509d,2026-05-26T16:28:29.783686
195a5cc5-aad5-4c30-9ce8-84eb4d079198,STAR WARS THE MANDALORIAN AND GROGU 3D,cgv,,26025200,,,,2D,2026-05-26,61d0937b-ddbb-48c9-9ef9-74e8d5a34c7f,2026-05-26T16:28:29.783701
195a5cc5-aad5-4c30-9ce8-84eb4d079198,MOBILE SUIT GUNDAM HATHAWAY,cgv,,26021100,,,,2D,2026-05-26,232023f1-50dc-47e0-8d96-ac9302bf1ca5,2026-05-26T16:28:29.783714
195a5cc5-aad5-4c30-9ce8-84eb4d079198,METHOD ACTING,cgv,,26023400,,,,2D,2026-05-26,f9d9b428-aec8-43f6-9bc9-d5ed886a307f,2026-05-26T16:28:29.783727
195a5cc5-aad5-4c30-9ce8-84eb4d079198,CHAND MERA DIL,cgv,,26026000,,,,2D,2026-05-26,b8ba7b56-5bd7-405b-b2d6-6ece37514c88,2026-05-26T16:28:29.783743
195a5cc5-aad5-4c30-9ce8-84eb4d079198,THAT TIME I GOT REINCARNATED AS A SLIME THE MOVIE TEARS OF THE AZURE SEA,cgv,,26017900,,,,2D,2026-05-26,8fe2c3d8-052c-4a60-8652-a173efe19907,2026-05-26T16:28:29.783757
195a5cc5-aad5-4c30-9ce8-84eb4d079198,THE KINGS WARDEN,cgv,,26015000,,,,2D,2026-05-26,96ae92d7-2c5c-4ee6-83f0-ee969d0b9a19,2026-05-26T16:28:29.783769
195a5cc5-aad5-4c30-9ce8-84eb4d079198,KAMU HARUS MATI,cgv,,26023800,,,,2D,2026-05-26,7c05e1c4-c946-445b-acc1-9862ab43a9d4,2026-05-26T16:28:29.783782
195a5cc5-aad5-4c30-9ce8-84eb4d079198,SUNSHINE WOMENS CHOIR,cgv,,26024400,,,,2D,2026-05-26,d4687559-fc59-49c3-8529-c8faf20ea41c,2026-05-26T16:28:29.783795
195a5cc5-aad5-4c30-9ce8-84eb4d079198,NA WILLA,cgv,,26003200,,,,2D,2026-05-26,79b5fc3d-937e-47d5-8e68-8af007aab511,2026-05-26T16:28:29.783807
195a5cc5-aad5-4c30-9ce8-84eb4d079198,DILAN ITB 1997,cgv,,26016100,,,,2D,2026-05-26,93ef313c-ca26-485f-a9ef-5d772e6d164d,2026-05-26T16:28:29.783820
195a5cc5-aad5-4c30-9ce8-84eb4d079198,PEGASUS 3,cgv,,26025100,,,,2D,2026-05-26,1f10fa79-edaf-4b52-a203-5b7250ff4a59,2026-05-26T16:28:29.783832
0a1a1e24-c17e-4ad9-a1fe-f135c6f5f31c,TUMBAL PROYEK,cgv,,26014300,,,,2D,2026-05-26,ec294c09-d4ed-41b0-a8c1-22a6749027f1,2026-05-26T16:28:33.007541
0a1a1e24-c17e-4ad9-a1fe-f135c6f5f31c,GUDANG MERICA,cgv,,26019400,,,,2D,2026-05-26,0059fe33-5ffc-4f35-b553-0e073b03dfc7,2026-05-26T16:28:33.007589
0a1a1e24-c17e-4ad9-a1fe-f135c6f5f31c,STAR WARS THE MANDALORIAN AND GROGU,cgv,,26021200,,,,2D,2026-05-26,404bf639-f525-431e-a5db-e3f6d6413155,2026-05-26T16:28:33.007626
0a1a1e24-c17e-4ad9-a1fe-f135c6f5f31c,SEMUA AKAN BAIK BAIK SAJA,cgv,,26018100,,,,2D,2026-05-26,527cc41a-937b-4469-90df-d041f026ba9f,2026-05-26T16:28:33.007659
0a1a1e24-c17e-4ad9-a1fe-f135c6f5f31c,GHOST IN THE CELL,cgv,,26011800,,,,2D,2026-05-26,e55482bd-4141-4f69-a742-0fe941002fc5,2026-05-26T16:28:33.007691
0a1a1e24-c17e-4ad9-a1fe-f135c6f5f31c,TEMAN TEGAR MAIRA,cgv,,26005400,,,,2D,2026-05-26,0f235ec4-5c30-4586-aebc-a968f48f3a39,2026-05-26T16:28:33.007722
0a1a1e24-c17e-4ad9-a1fe-f135c6f5f31c,TIBA TIBA SETAN,cgv,,26007500,,,,2D,2026-05-26,960a664c-cd29-45c5-8fdf-f4e4e40a3651,2026-05-26T16:28:33.007753
0a1a1e24-c17e-4ad9-a1fe-f135c6f5f31c,HOKUM,cgv,,26024600,,,,2D,2026-05-26,ebcc3227-5847-4bb9-b2c5-cca87850bb70,2026-05-26T16:28:33.007783
0a1a1e24-c17e-4ad9-a1fe-f135c6f5f31c,MORTAL KOMBAT II,cgv,,26018200,,,,2D,2026-05-26,22641989-41e8-4e4a-a969-05994f55f6f6,2026-05-26T16:28:33.007824
0a1a1e24-c17e-4ad9-a1fe-f135c6f5f31c,GOHAN,cgv,,26022500,,,,2D,2026-05-26,a3815fa8-4694-4289-8da2-302590eb6f6d,2026-05-26T16:28:33.007859
0a1a1e24-c17e-4ad9-a1fe-f135c6f5f31c,AYAH INI ARAHNYA KEMANA YA,cgv,,26011000,,,,2D,2026-05-26,704a11d8-fe50-4c39-95ef-217a9779a960,2026-05-26T16:28:33.007889
0a1a1e24-c17e-4ad9-a1fe-f135c6f5f31c,YANG LAIN BOLEH HILANG ASAL KAU JANGAN,cgv,,26018300,,,,2D,2026-05-26,ab7a3325-ccfe-466d-860f-a8d9d6a6e857,2026-05-26T16:28:33.007919
0a1a1e24-c17e-4ad9-a1fe-f135c6f5f31c,KELUARGA SUAMI ADALAH HAMA,cgv,,26017700,,,,2D,2026-05-26,57f515d6-3c39-4024-8de0-607865964fb3,2026-05-26T16:28:33.007955
0a1a1e24-c17e-4ad9-a1fe-f135c6f5f31c,THE SHEEP DETECTIVES,cgv,,26019500,,,,2D,2026-05-26,0519275e-721f-4cbf-a5c1-fbc090d80b57,2026-05-26T16:28:33.007992
0a1a1e24-c17e-4ad9-a1fe-f135c6f5f31c,SEKAWAN LIMO RE RELEASE,cgv,,26024900,,,,2D,2026-05-26,1826d6c5-b03b-43a2-b4df-59f15a28450e,2026-05-26T16:28:33.008020
0a1a1e24-c17e-4ad9-a1fe-f135c6f5f31c,MONSTER,cgv,,23042200,,,,2D,2026-05-26,971cc74e-e002-4e85-85f7-213c064ebc9d,2026-05-26T16:28:33.008049
0a1a1e24-c17e-4ad9-a1fe-f135c6f5f31c,SALMOKJI WHISPERING WATER,cgv,,26019100,,,,2D,2026-05-26,704a0593-e078-4630-944c-a1127ce99f9c,2026-05-26T16:28:33.008085
0a1a1e24-c17e-4ad9-a1fe-f135c6f5f31c,THE DEVIL WEARS PRADA 2,cgv,,26019800,,,,2D,2026-05-26,0209f82a-41b5-4bd9-9ce0-f5d76df1bbe1,2026-05-26T16:28:33.008115
0a1a1e24-c17e-4ad9-a1fe-f135c6f5f31c,STAR WARS THE MANDALORIAN AND GROGU 3D,cgv,,26025200,,,,2D,2026-05-26,739d2bf3-5d0f-45c0-b275-4e865597fd76,2026-05-26T16:28:33.008157
0a1a1e24-c17e-4ad9-a1fe-f135c6f5f31c,MOBILE SUIT GUNDAM HATHAWAY,cgv,,26021100,,,,2D,2026-05-26,a94711f9-30d9-45d2-9267-4a4b77239372,2026-05-26T16:28:33.008187
0a1a1e24-c17e-4ad9-a1fe-f135c6f5f31c,METHOD ACTING,cgv,,26023400,,,,2D,2026-05-26,739d2457-b0ae-4c32-9847-da3e44640666,2026-05-26T16:28:33.008219
0a1a1e24-c17e-4ad9-a1fe-f135c6f5f31c,CHAND MERA DIL,cgv,,26026000,,,,2D,2026-05-26,d704ee52-834e-48d8-aee2-97f6782e5ba0,2026-05-26T16:28:33.008250
0a1a1e24-c17e-4ad9-a1fe-f135c6f5f31c,THAT TIME I GOT REINCARNATED AS A SLIME THE MOVIE TEARS OF THE AZURE SEA,cgv,,26017900,,,,2D,2026-05-26,f25ede86-5786-4d6a-a687-a59a34e9ff92,2026-05-26T16:28:33.008281
0a1a1e24-c17e-4ad9-a1fe-f135c6f5f31c,THE KINGS WARDEN,cgv,,26015000,,,,2D,2026-05-26,d2cfad9b-e156-43b9-acb1-82dd8491f25f,2026-05-26T16:28:33.008311
0a1a1e24-c17e-4ad9-a1fe-f135c6f5f31c,KAMU HARUS MATI,cgv,,26023800,,,,2D,2026-05-26,2a2efbaf-1595-4307-bd60-146c28b43487,2026-05-26T16:28:33.008340
0a1a1e24-c17e-4ad9-a1fe-f135c6f5f31c,SUNSHINE WOMENS CHOIR,cgv,,26024400,,,,2D,2026-05-26,f71fc136-a2e7-40fb-aa71-1e7a2d18339d,2026-05-26T16:28:33.008368
0a1a1e24-c17e-4ad9-a1fe-f135c6f5f31c,NA WILLA,cgv,,26003200,,,,2D,2026-05-26,ed9c222b-8e25-44d0-a72e-c698cbb24d55,2026-05-26T16:28:33.008403
0a1a1e24-c17e-4ad9-a1fe-f135c6f5f31c,DILAN ITB 1997,cgv,,26016100,,,,2D,2026-05-26,4106d783-923b-4fab-b12a-324b9bb6c73a,2026-05-26T16:28:33.008432
0a1a1e24-c17e-4ad9-a1fe-f135c6f5f31c,PEGASUS 3,cgv,,26025100,,,,2D,2026-05-26,2da6a8eb-a58f-4625-bd86-12c5ae2e4a1f,2026-05-26T16:28:33.008461
4fa9fd4a-b0ef-43be-98d0-7099364962a5,TUMBAL PROYEK,cgv,,26014300,,,,2D,2026-05-26,27fe5f04-c012-4cad-b403-2b7c8e36b7c3,2026-05-26T16:28:33.270372
4fa9fd4a-b0ef-43be-98d0-7099364962a5,GUDANG MERICA,cgv,,26019400,,,,2D,2026-05-26,dd9fe687-7bd4-4ed3-820c-8b7746dd7902,2026-05-26T16:28:33.270426
4fa9fd4a-b0ef-43be-98d0-7099364962a5,STAR WARS THE MANDALORIAN AND GROGU,cgv,,26021200,,,,2D,2026-05-26,fe136a9e-fe29-468b-91bf-969d018e399a,2026-05-26T16:28:33.270478
4fa9fd4a-b0ef-43be-98d0-7099364962a5,SEMUA AKAN BAIK BAIK SAJA,cgv,,26018100,,,,2D,2026-05-26,6b295a4d-7962-483c-88cd-3f6b9aa2a195,2026-05-26T16:28:33.270513
4fa9fd4a-b0ef-43be-98d0-7099364962a5,GHOST IN THE CELL,cgv,,26011800,,,,2D,2026-05-26,a9779892-dc58-450e-9bb2-bc9ddd64b324,2026-05-26T16:28:33.270551
4fa9fd4a-b0ef-43be-98d0-7099364962a5,TEMAN TEGAR MAIRA,cgv,,26005400,,,,2D,2026-05-26,3960d828-9e15-4621-89a3-0894149a121f,2026-05-26T16:28:33.270585
4fa9fd4a-b0ef-43be-98d0-7099364962a5,TIBA TIBA SETAN,cgv,,26007500,,,,2D,2026-05-26,b1861e83-c937-42b8-b90c-5e664e4d3f69,2026-05-26T16:28:33.270618
4fa9fd4a-b0ef-43be-98d0-7099364962a5,HOKUM,cgv,,26024600,,,,2D,2026-05-26,065c8bd6-4bcb-4ba4-a087-c05f15c8b766,2026-05-26T16:28:33.270653
4fa9fd4a-b0ef-43be-98d0-7099364962a5,MORTAL KOMBAT II,cgv,,26018200,,,,2D,2026-05-26,246285b1-317e-49b6-a75a-f5e59bb4337f,2026-05-26T16:28:33.270686
4fa9fd4a-b0ef-43be-98d0-7099364962a5,GOHAN,cgv,,26022500,,,,2D,2026-05-26,311328d7-fea8-40c5-a62e-f8a389aaa571,2026-05-26T16:28:33.270721
4fa9fd4a-b0ef-43be-98d0-7099364962a5,AYAH INI ARAHNYA KEMANA YA,cgv,,26011000,,,,2D,2026-05-26,2e608982-e86a-48c3-9e2d-62863261dbf0,2026-05-26T16:28:33.270753
4fa9fd4a-b0ef-43be-98d0-7099364962a5,YANG LAIN BOLEH HILANG ASAL KAU JANGAN,cgv,,26018300,,,,2D,2026-05-26,df1270a7-a3fd-4cd9-9c59-2e34c65f279d,2026-05-26T16:28:33.270785
4fa9fd4a-b0ef-43be-98d0-7099364962a5,KELUARGA SUAMI ADALAH HAMA,cgv,,26017700,,,,2D,2026-05-26,b10ea465-cd33-4a77-8c28-b1c16b134551,2026-05-26T16:28:33.270820
4fa9fd4a-b0ef-43be-98d0-7099364962a5,THE SHEEP DETECTIVES,cgv,,26019500,,,,2D,2026-05-26,4f2b8306-2126-4c9b-8769-e17ef52757b8,2026-05-26T16:28:33.270851
4fa9fd4a-b0ef-43be-98d0-7099364962a5,SEKAWAN LIMO RE RELEASE,cgv,,26024900,,,,2D,2026-05-26,9a7b45f6-2b31-4256-9a52-062f5848f90e,2026-05-26T16:28:33.270882
4fa9fd4a-b0ef-43be-98d0-7099364962a5,MONSTER,cgv,,23042200,,,,2D,2026-05-26,7f2566e7-a376-426f-857d-49781ceed08d,2026-05-26T16:28:33.270912
4fa9fd4a-b0ef-43be-98d0-7099364962a5,SALMOKJI WHISPERING WATER,cgv,,26019100,,,,2D,2026-05-26,91a4af6e-3b63-4405-aef6-88878dfa657e,2026-05-26T16:28:33.270960
4fa9fd4a-b0ef-43be-98d0-7099364962a5,THE DEVIL WEARS PRADA 2,cgv,,26019800,,,,2D,2026-05-26,2579bbd5-a8ba-4b9f-ad8b-c66530e4d3a7,2026-05-26T16:28:33.270990
4fa9fd4a-b0ef-43be-98d0-7099364962a5,STAR WARS THE MANDALORIAN AND GROGU 3D,cgv,,26025200,,,,2D,2026-05-26,f99da05f-b8de-4ac9-a85e-ae1513cc728d,2026-05-26T16:28:33.271030
4fa9fd4a-b0ef-43be-98d0-7099364962a5,MOBILE SUIT GUNDAM HATHAWAY,cgv,,26021100,,,,2D,2026-05-26,b26669a5-02d7-493c-b327-5411d1704eee,2026-05-26T16:28:33.271060
4fa9fd4a-b0ef-43be-98d0-7099364962a5,METHOD ACTING,cgv,,26023400,,,,2D,2026-05-26,bd56de9f-8675-43a4-bc66-2d2d5a3859ab,2026-05-26T16:28:33.271091
4fa9fd4a-b0ef-43be-98d0-7099364962a5,CHAND MERA DIL,cgv,,26026000,,,,2D,2026-05-26,037def44-6711-46e5-b803-2125e1d3b42a,2026-05-26T16:28:33.271125
4fa9fd4a-b0ef-43be-98d0-7099364962a5,THAT TIME I GOT REINCARNATED AS A SLIME THE MOVIE TEARS OF THE AZURE SEA,cgv,,26017900,,,,2D,2026-05-26,8483907c-743f-47db-bdef-e33197491cd5,2026-05-26T16:28:33.271165
4fa9fd4a-b0ef-43be-98d0-7099364962a5,THE KINGS WARDEN,cgv,,26015000,,,,2D,2026-05-26,9142703f-475b-4265-8dc3-594cfc730530,2026-05-26T16:28:33.271196
4fa9fd4a-b0ef-43be-98d0-7099364962a5,KAMU HARUS MATI,cgv,,26023800,,,,2D,2026-05-26,cb3f53ed-5a1d-40c5-8b44-d7836789cca4,2026-05-26T16:28:33.271235
4fa9fd4a-b0ef-43be-98d0-7099364962a5,SUNSHINE WOMENS CHOIR,cgv,,26024400,,,,2D,2026-05-26,5f1dfc70-f2b9-496d-a545-df101cfd8398,2026-05-26T16:28:33.271267
4fa9fd4a-b0ef-43be-98d0-7099364962a5,NA WILLA,cgv,,26003200,,,,2D,2026-05-26,5042a7f9-6a77-4653-bf36-e1973fe1635e,2026-05-26T16:28:33.271297
4fa9fd4a-b0ef-43be-98d0-7099364962a5,DILAN ITB 1997,cgv,,26016100,,,,2D,2026-05-26,cdc345b5-0f83-42c0-b241-7e77b186aa1d,2026-05-26T16:28:33.271330
4fa9fd4a-b0ef-43be-98d0-7099364962a5,PEGASUS 3,cgv,,26025100,,,,2D,2026-05-26,f30e62d5-30a0-46ea-b91c-dbdd746c0609,2026-05-26T16:28:33.271361
2fc13ba5-90ba-4e7c-be86-bc0914028ff5,TUMBAL PROYEK,cgv,,26014300,,,,2D,2026-05-26,e628b0be-ea01-4ae9-8be6-4401881d255c,2026-05-26T16:28:33.329920
2fc13ba5-90ba-4e7c-be86-bc0914028ff5,GUDANG MERICA,cgv,,26019400,,,,2D,2026-05-26,63dc71e7-5f2c-419e-b2fc-5d702ab5a23c,2026-05-26T16:28:33.329969
2fc13ba5-90ba-4e7c-be86-bc0914028ff5,STAR WARS THE MANDALORIAN AND GROGU,cgv,,26021200,,,,2D,2026-05-26,4aea4e08-3c4a-4eb3-ba49-87d17e113004,2026-05-26T16:28:33.330007
2fc13ba5-90ba-4e7c-be86-bc0914028ff5,SEMUA AKAN BAIK BAIK SAJA,cgv,,26018100,,,,2D,2026-05-26,e2f6ef80-599c-46b3-ae7a-6fab186dec3f,2026-05-26T16:28:33.330040
2fc13ba5-90ba-4e7c-be86-bc0914028ff5,GHOST IN THE CELL,cgv,,26011800,,,,2D,2026-05-26,6e6a1349-fd00-4216-876d-25bf96bce799,2026-05-26T16:28:33.330073
2fc13ba5-90ba-4e7c-be86-bc0914028ff5,TEMAN TEGAR MAIRA,cgv,,26005400,,,,2D,2026-05-26,818e1db4-d671-4a07-9b1a-0c74f50eb7ac,2026-05-26T16:28:33.330105
2fc13ba5-90ba-4e7c-be86-bc0914028ff5,TIBA TIBA SETAN,cgv,,26007500,,,,2D,2026-05-26,f4084a7b-a22e-4635-bace-8a75b13a5e0a,2026-05-26T16:28:33.330136
2fc13ba5-90ba-4e7c-be86-bc0914028ff5,HOKUM,cgv,,26024600,,,,2D,2026-05-26,ea48fc70-7766-4f86-800c-6996a2de56e0,2026-05-26T16:28:33.330167
2fc13ba5-90ba-4e7c-be86-bc0914028ff5,MORTAL KOMBAT II,cgv,,26018200,,,,2D,2026-05-26,930c9c23-eafd-4b34-a2c5-b12585fdca94,2026-05-26T16:28:33.330197
2fc13ba5-90ba-4e7c-be86-bc0914028ff5,GOHAN,cgv,,26022500,,,,2D,2026-05-26,fff5bdec-9554-4d26-b6c8-ef962631c6d3,2026-05-26T16:28:33.330226
2fc13ba5-90ba-4e7c-be86-bc0914028ff5,AYAH INI ARAHNYA KEMANA YA,cgv,,26011000,,,,2D,2026-05-26,6306648f-816b-46d7-b92d-352b082e78b8,2026-05-26T16:28:33.330256
2fc13ba5-90ba-4e7c-be86-bc0914028ff5,YANG LAIN BOLEH HILANG ASAL KAU JANGAN,cgv,,26018300,,,,2D,2026-05-26,f6b1e343-1683-465b-8c56-7ad18d96948a,2026-05-26T16:28:33.330293
2fc13ba5-90ba-4e7c-be86-bc0914028ff5,KELUARGA SUAMI ADALAH HAMA,cgv,,26017700,,,,2D,2026-05-26,49b3c503-3fd9-4909-8cb2-e3ef728acfe4,2026-05-26T16:28:33.330323
2fc13ba5-90ba-4e7c-be86-bc0914028ff5,THE SHEEP DETECTIVES,cgv,,26019500,,,,2D,2026-05-26,d8c0be1c-dc61-4c43-8f96-26456f944af6,2026-05-26T16:28:33.330352
2fc13ba5-90ba-4e7c-be86-bc0914028ff5,SEKAWAN LIMO RE RELEASE,cgv,,26024900,,,,2D,2026-05-26,8812c6f4-6a4f-450b-b90e-a5bfe5c2d27b,2026-05-26T16:28:33.330381
2fc13ba5-90ba-4e7c-be86-bc0914028ff5,MONSTER,cgv,,23042200,,,,2D,2026-05-26,ce45034f-750a-47ff-9c27-ba3a21592ed0,2026-05-26T16:28:33.330410
2fc13ba5-90ba-4e7c-be86-bc0914028ff5,SALMOKJI WHISPERING WATER,cgv,,26019100,,,,2D,2026-05-26,0a20865f-76bd-4df9-a7aa-8297df563022,2026-05-26T16:28:33.330444
2fc13ba5-90ba-4e7c-be86-bc0914028ff5,THE DEVIL WEARS PRADA 2,cgv,,26019800,,,,2D,2026-05-26,2776b0ca-abf9-472a-9e8d-d5a02067f1e3,2026-05-26T16:28:33.330473
2fc13ba5-90ba-4e7c-be86-bc0914028ff5,STAR WARS THE MANDALORIAN AND GROGU 3D,cgv,,26025200,,,,2D,2026-05-26,db788b3a-e1a5-49b6-9211-527c792440c4,2026-05-26T16:28:33.330505
2fc13ba5-90ba-4e7c-be86-bc0914028ff5,MOBILE SUIT GUNDAM HATHAWAY,cgv,,26021100,,,,2D,2026-05-26,3cca4257-a9cf-4ad8-ab8f-10aa7460c139,2026-05-26T16:28:33.330533
2fc13ba5-90ba-4e7c-be86-bc0914028ff5,METHOD ACTING,cgv,,26023400,,,,2D,2026-05-26,66bdcd93-f77e-4878-9316-3ba339e0ce0d,2026-05-26T16:28:33.330561
2fc13ba5-90ba-4e7c-be86-bc0914028ff5,CHAND MERA DIL,cgv,,26026000,,,,2D,2026-05-26,dee41efe-df98-4f6b-8d9b-9764e5e2cda0,2026-05-26T16:28:33.330589
2fc13ba5-90ba-4e7c-be86-bc0914028ff5,THAT TIME I GOT REINCARNATED AS A SLIME THE MOVIE TEARS OF THE AZURE SEA,cgv,,26017900,,,,2D,2026-05-26,6983f845-3cd8-480e-9632-8d1190c9505e,2026-05-26T16:28:33.330618
2fc13ba5-90ba-4e7c-be86-bc0914028ff5,THE KINGS WARDEN,cgv,,26015000,,,,2D,2026-05-26,b2d8d245-ae19-48b3-bcff-0e46278ca467,2026-05-26T16:28:33.330647
2fc13ba5-90ba-4e7c-be86-bc0914028ff5,KAMU HARUS MATI,cgv,,26023800,,,,2D,2026-05-26,bfd5e52b-a6b3-4a07-909b-504d52446c7e,2026-05-26T16:28:33.330682
2fc13ba5-90ba-4e7c-be86-bc0914028ff5,SUNSHINE WOMENS CHOIR,cgv,,26024400,,,,2D,2026-05-26,cdd99bee-dacc-4a79-9933-18e6fce78cd3,2026-05-26T16:28:33.330712
2fc13ba5-90ba-4e7c-be86-bc0914028ff5,NA WILLA,cgv,,26003200,,,,2D,2026-05-26,7f178e40-2083-4358-81f5-4540f0624167,2026-05-26T16:28:33.330741
2fc13ba5-90ba-4e7c-be86-bc0914028ff5,DILAN ITB 1997,cgv,,26016100,,,,2D,2026-05-26,33e9f749-00a9-499d-a6d2-d63d99db0887,2026-05-26T16:28:33.330769
2fc13ba5-90ba-4e7c-be86-bc0914028ff5,PEGASUS 3,cgv,,26025100,,,,2D,2026-05-26,0becb3e1-5449-4080-b400-5f6618cb28a7,2026-05-26T16:28:33.330798
dc167e32-cb4a-4aef-8168-43885d2ef2b4,TUMBAL PROYEK,cgv,,26014300,,,,2D,2026-05-26,e5c02480-ee9f-49e9-a589-c54aec5a7050,2026-05-26T16:28:33.572221
dc167e32-cb4a-4aef-8168-43885d2ef2b4,GUDANG MERICA,cgv,,26019400,,,,2D,2026-05-26,62cc8f3c-2fa0-4552-8735-9f6a942069da,2026-05-26T16:28:33.572284
dc167e32-cb4a-4aef-8168-43885d2ef2b4,STAR WARS THE MANDALORIAN AND GROGU,cgv,,26021200,,,,2D,2026-05-26,a93d4306-d811-42bf-9bde-061b2cfcec69,2026-05-26T16:28:33.572332
dc167e32-cb4a-4aef-8168-43885d2ef2b4,SEMUA AKAN BAIK BAIK SAJA,cgv,,26018100,,,,2D,2026-05-26,ef8cc6ec-3c75-4099-b871-7e3d524fb2c2,2026-05-26T16:28:33.572376
dc167e32-cb4a-4aef-8168-43885d2ef2b4,GHOST IN THE CELL,cgv,,26011800,,,,2D,2026-05-26,4b96d18f-bc42-4b21-9999-d2b57e25eb05,2026-05-26T16:28:33.572421
dc167e32-cb4a-4aef-8168-43885d2ef2b4,TEMAN TEGAR MAIRA,cgv,,26005400,,,,2D,2026-05-26,c4fae835-ede1-44df-b73a-cafef76895fa,2026-05-26T16:28:33.572460
dc167e32-cb4a-4aef-8168-43885d2ef2b4,TIBA TIBA SETAN,cgv,,26007500,,,,2D,2026-05-26,706964b0-842b-4032-b9b8-d5faf22635da,2026-05-26T16:28:33.572502
dc167e32-cb4a-4aef-8168-43885d2ef2b4,HOKUM,cgv,,26024600,,,,2D,2026-05-26,71873d6a-2e97-4a3a-ab51-edb78e324e03,2026-05-26T16:28:33.572545
dc167e32-cb4a-4aef-8168-43885d2ef2b4,MORTAL KOMBAT II,cgv,,26018200,,,,2D,2026-05-26,8ae07bd4-6ec5-4485-b900-3d770f65a237,2026-05-26T16:28:33.572584
dc167e32-cb4a-4aef-8168-43885d2ef2b4,GOHAN,cgv,,26022500,,,,2D,2026-05-26,47e73533-043e-41d7-8125-2c17e2d7b4de,2026-05-26T16:28:33.572621
dc167e32-cb4a-4aef-8168-43885d2ef2b4,AYAH INI ARAHNYA KEMANA YA,cgv,,26011000,,,,2D,2026-05-26,4c4d72ab-9b79-4ffa-8393-d2b0049cb131,2026-05-26T16:28:33.572660
dc167e32-cb4a-4aef-8168-43885d2ef2b4,YANG LAIN BOLEH HILANG ASAL KAU JANGAN,cgv,,26018300,,,,2D,2026-05-26,e5612b13-1d06-4fb0-b2a7-ae5dd50d5c0a,2026-05-26T16:28:33.572695
dc167e32-cb4a-4aef-8168-43885d2ef2b4,KELUARGA SUAMI ADALAH HAMA,cgv,,26017700,,,,2D,2026-05-26,9a5b0be0-75de-4154-9c9d-dc6652add841,2026-05-26T16:28:33.572724
dc167e32-cb4a-4aef-8168-43885d2ef2b4,THE SHEEP DETECTIVES,cgv,,26019500,,,,2D,2026-05-26,e625c7e5-6056-480c-adc9-9eba72ec28d8,2026-05-26T16:28:33.572753
dc167e32-cb4a-4aef-8168-43885d2ef2b4,SEKAWAN LIMO RE RELEASE,cgv,,26024900,,,,2D,2026-05-26,e53ac9d7-10df-4383-a302-71d5e6cfe5ee,2026-05-26T16:28:33.572782
dc167e32-cb4a-4aef-8168-43885d2ef2b4,MONSTER,cgv,,23042200,,,,2D,2026-05-26,9c2804c5-42b4-45ee-82f5-3e991900a8fd,2026-05-26T16:28:33.572816
dc167e32-cb4a-4aef-8168-43885d2ef2b4,SALMOKJI WHISPERING WATER,cgv,,26019100,,,,2D,2026-05-26,fa97a6d6-9cf2-454d-bb41-d91b04f1cd98,2026-05-26T16:28:33.572845
dc167e32-cb4a-4aef-8168-43885d2ef2b4,THE DEVIL WEARS PRADA 2,cgv,,26019800,,,,2D,2026-05-26,4a603433-be24-4510-bc5e-2b21ef7eaaa9,2026-05-26T16:28:33.572874
dc167e32-cb4a-4aef-8168-43885d2ef2b4,STAR WARS THE MANDALORIAN AND GROGU 3D,cgv,,26025200,,,,2D,2026-05-26,2fb1da82-7390-4249-91ea-c46797018d1c,2026-05-26T16:28:33.572909
dc167e32-cb4a-4aef-8168-43885d2ef2b4,MOBILE SUIT GUNDAM HATHAWAY,cgv,,26021100,,,,2D,2026-05-26,058567cb-9ed8-49ff-bda8-5785085e7ec9,2026-05-26T16:28:33.572947
dc167e32-cb4a-4aef-8168-43885d2ef2b4,METHOD ACTING,cgv,,26023400,,,,2D,2026-05-26,713ffa5c-e5bf-4bc0-9bd8-4caf1cd2399c,2026-05-26T16:28:33.572976
dc167e32-cb4a-4aef-8168-43885d2ef2b4,CHAND MERA DIL,cgv,,26026000,,,,2D,2026-05-26,73a952df-015e-42e5-bc75-59ecbeba8c7e,2026-05-26T16:28:33.573005
dc167e32-cb4a-4aef-8168-43885d2ef2b4,THAT TIME I GOT REINCARNATED AS A SLIME THE MOVIE TEARS OF THE AZURE SEA,cgv,,26017900,,,,2D,2026-05-26,e6bf34fc-29bb-48a2-95b7-8a6c1a9eeae6,2026-05-26T16:28:33.573037
dc167e32-cb4a-4aef-8168-43885d2ef2b4,THE KINGS WARDEN,cgv,,26015000,,,,2D,2026-05-26,00fb2be0-23d8-4249-88a3-8b5297377a53,2026-05-26T16:28:33.573068
dc167e32-cb4a-4aef-8168-43885d2ef2b4,KAMU HARUS MATI,cgv,,26023800,,,,2D,2026-05-26,4cdc3342-6de2-4469-84cb-d3f36d12aba2,2026-05-26T16:28:33.573099
dc167e32-cb4a-4aef-8168-43885d2ef2b4,SUNSHINE WOMENS CHOIR,cgv,,26024400,,,,2D,2026-05-26,5f5dd470-d683-47bb-b8fe-0e5270471064,2026-05-26T16:28:33.573128
dc167e32-cb4a-4aef-8168-43885d2ef2b4,NA WILLA,cgv,,26003200,,,,2D,2026-05-26,f5dc5c3b-7958-4376-a141-f0b5fd4d790f,2026-05-26T16:28:33.573157
dc167e32-cb4a-4aef-8168-43885d2ef2b4,DILAN ITB 1997,cgv,,26016100,,,,2D,2026-05-26,3a1f1135-5207-4eae-bd8b-c5254e6802ca,2026-05-26T16:28:33.573186
dc167e32-cb4a-4aef-8168-43885d2ef2b4,PEGASUS 3,cgv,,26025100,,,,2D,2026-05-26,d4d60d41-e16f-477d-bbfd-a7758b1cf747,2026-05-26T16:28:33.573215
26088f07-8825-4ed5-a6dc-06e854ba1ff7,TUMBAL PROYEK,cgv,,26014300,,,,2D,2026-05-26,f28ce5eb-92ba-44f2-bab5-f42fd9472601,2026-05-26T16:28:34.184637
26088f07-8825-4ed5-a6dc-06e854ba1ff7,GUDANG MERICA,cgv,,26019400,,,,2D,2026-05-26,13cd4d16-950e-4a99-aee3-d74924b72ba8,2026-05-26T16:28:34.184682
26088f07-8825-4ed5-a6dc-06e854ba1ff7,STAR WARS THE MANDALORIAN AND GROGU,cgv,,26021200,,,,2D,2026-05-26,96c3384a-e294-46b5-b1f4-6eb04978e865,2026-05-26T16:28:34.184721
26088f07-8825-4ed5-a6dc-06e854ba1ff7,SEMUA AKAN BAIK BAIK SAJA,cgv,,26018100,,,,2D,2026-05-26,7acc4541-f4df-4a4f-9780-21c6b08d813b,2026-05-26T16:28:34.184756
26088f07-8825-4ed5-a6dc-06e854ba1ff7,GHOST IN THE CELL,cgv,,26011800,,,,2D,2026-05-26,415f5277-0205-420e-afa8-aaee1ed28eb9,2026-05-26T16:28:34.184791
26088f07-8825-4ed5-a6dc-06e854ba1ff7,TEMAN TEGAR MAIRA,cgv,,26005400,,,,2D,2026-05-26,71ce2858-95b1-4d81-860d-8fff0770ff23,2026-05-26T16:28:34.184821
26088f07-8825-4ed5-a6dc-06e854ba1ff7,TIBA TIBA SETAN,cgv,,26007500,,,,2D,2026-05-26,438fb639-78fc-4843-a8dc-6112db5f3dc0,2026-05-26T16:28:34.184851
26088f07-8825-4ed5-a6dc-06e854ba1ff7,HOKUM,cgv,,26024600,,,,2D,2026-05-26,741e9e81-c148-449e-86ae-d0fe57ded12e,2026-05-26T16:28:34.184885
26088f07-8825-4ed5-a6dc-06e854ba1ff7,MORTAL KOMBAT II,cgv,,26018200,,,,2D,2026-05-26,e63ee0c3-5606-4965-a639-cb7cafe6dd42,2026-05-26T16:28:34.184915
26088f07-8825-4ed5-a6dc-06e854ba1ff7,GOHAN,cgv,,26022500,,,,2D,2026-05-26,18ca555f-9b24-42ac-a404-ecd3f23d9ef4,2026-05-26T16:28:34.184945
26088f07-8825-4ed5-a6dc-06e854ba1ff7,AYAH INI ARAHNYA KEMANA YA,cgv,,26011000,,,,2D,2026-05-26,2145d6c4-513f-4f9d-bc7a-683b3e1cd3e8,2026-05-26T16:28:34.184975
26088f07-8825-4ed5-a6dc-06e854ba1ff7,YANG LAIN BOLEH HILANG ASAL KAU JANGAN,cgv,,26018300,,,,2D,2026-05-26,c59d1b80-db90-47c5-be97-10b3c3bb2748,2026-05-26T16:28:34.185008
26088f07-8825-4ed5-a6dc-06e854ba1ff7,KELUARGA SUAMI ADALAH HAMA,cgv,,26017700,,,,2D,2026-05-26,81e6d9cf-e3df-47ce-b56e-ef817a079c12,2026-05-26T16:28:34.185043
26088f07-8825-4ed5-a6dc-06e854ba1ff7,THE SHEEP DETECTIVES,cgv,,26019500,,,,2D,2026-05-26,d697091a-955a-458d-810b-aced9fba6326,2026-05-26T16:28:34.185078
26088f07-8825-4ed5-a6dc-06e854ba1ff7,SEKAWAN LIMO RE RELEASE,cgv,,26024900,,,,2D,2026-05-26,1fe562dc-87cd-4d7e-8654-315e58f3ea9b,2026-05-26T16:28:34.185108
26088f07-8825-4ed5-a6dc-06e854ba1ff7,MONSTER,cgv,,23042200,,,,2D,2026-05-26,316c9a47-25df-46e6-8677-b8d9292c1318,2026-05-26T16:28:34.185137
26088f07-8825-4ed5-a6dc-06e854ba1ff7,SALMOKJI WHISPERING WATER,cgv,,26019100,,,,2D,2026-05-26,9f39fbdd-05e2-486e-8bbc-3e14c0cb43ba,2026-05-26T16:28:34.185165
26088f07-8825-4ed5-a6dc-06e854ba1ff7,THE DEVIL WEARS PRADA 2,cgv,,26019800,,,,2D,2026-05-26,791685be-51e8-4a2d-8798-950cbccaac36,2026-05-26T16:28:34.185195
26088f07-8825-4ed5-a6dc-06e854ba1ff7,STAR WARS THE MANDALORIAN AND GROGU 3D,cgv,,26025200,,,,2D,2026-05-26,b35ff48b-f1ce-400a-9e11-45cf3236fa9f,2026-05-26T16:28:34.185227
26088f07-8825-4ed5-a6dc-06e854ba1ff7,MOBILE SUIT GUNDAM HATHAWAY,cgv,,26021100,,,,2D,2026-05-26,591785a3-f4fb-4eae-b4b9-d31abbf977a3,2026-05-26T16:28:34.185265
26088f07-8825-4ed5-a6dc-06e854ba1ff7,METHOD ACTING,cgv,,26023400,,,,2D,2026-05-26,63fa5bdb-71f4-4d59-b211-7ea99cc91c2b,2026-05-26T16:28:34.185296
26088f07-8825-4ed5-a6dc-06e854ba1ff7,CHAND MERA DIL,cgv,,26026000,,,,2D,2026-05-26,f09b9477-74dd-42a2-aa01-83a6013833db,2026-05-26T16:28:34.185325
26088f07-8825-4ed5-a6dc-06e854ba1ff7,THAT TIME I GOT REINCARNATED AS A SLIME THE MOVIE TEARS OF THE AZURE SEA,cgv,,26017900,,,,2D,2026-05-26,efac4716-6df7-4daf-8f9e-b8303cab51cd,2026-05-26T16:28:34.185355
26088f07-8825-4ed5-a6dc-06e854ba1ff7,THE KINGS WARDEN,cgv,,26015000,,,,2D,2026-05-26,b5407af2-696a-4f21-9ade-7d202fb33985,2026-05-26T16:28:34.185384
26088f07-8825-4ed5-a6dc-06e854ba1ff7,KAMU HARUS MATI,cgv,,26023800,,,,2D,2026-05-26,e5789235-9775-4c6c-bacd-f23e401ce0ec,2026-05-26T16:28:34.185412
26088f07-8825-4ed5-a6dc-06e854ba1ff7,SUNSHINE WOMENS CHOIR,cgv,,26024400,,,,2D,2026-05-26,c45de60e-e65f-4027-a670-91704c5ca5c6,2026-05-26T16:28:34.185440
26088f07-8825-4ed5-a6dc-06e854ba1ff7,NA WILLA,cgv,,26003200,,,,2D,2026-05-26,a408c011-edef-43e5-89dd-529e0dbdc2c8,2026-05-26T16:28:34.185468
26088f07-8825-4ed5-a6dc-06e854ba1ff7,DILAN ITB 1997,cgv,,26016100,,,,2D,2026-05-26,7184f6e1-e413-4ca2-b3f5-13744419144f,2026-05-26T16:28:34.185497
26088f07-8825-4ed5-a6dc-06e854ba1ff7,PEGASUS 3,cgv,,26025100,,,,2D,2026-05-26,730701f0-4ef6-4447-a59e-e492eeea69a8,2026-05-26T16:28:34.185525
789708ea-229c-41b0-b824-c1001ac2f706,TUMBAL PROYEK,cgv,,26014300,,,,2D,2026-05-26,350d1fb2-e24f-46df-aa5e-a7ae5ebd8d41,2026-05-26T16:28:36.703724
789708ea-229c-41b0-b824-c1001ac2f706,GUDANG MERICA,cgv,,26019400,,,,2D,2026-05-26,99d961a1-f7e5-4381-8714-698a689d4016,2026-05-26T16:28:36.703757
789708ea-229c-41b0-b824-c1001ac2f706,STAR WARS THE MANDALORIAN AND GROGU,cgv,,26021200,,,,2D,2026-05-26,fb59f5e2-3379-433c-92e9-920b5e897a9e,2026-05-26T16:28:36.703783
789708ea-229c-41b0-b824-c1001ac2f706,SEMUA AKAN BAIK BAIK SAJA,cgv,,26018100,,,,2D,2026-05-26,8a331920-f768-4c9f-ad4e-0c1acc65b3c6,2026-05-26T16:28:36.703805
789708ea-229c-41b0-b824-c1001ac2f706,GHOST IN THE CELL,cgv,,26011800,,,,2D,2026-05-26,619b2630-a966-4d97-9dc7-1290484c1a7c,2026-05-26T16:28:36.703828
789708ea-229c-41b0-b824-c1001ac2f706,TEMAN TEGAR MAIRA,cgv,,26005400,,,,2D,2026-05-26,016fdc11-bbc3-47ba-819d-79a54112bbde,2026-05-26T16:28:36.703851
789708ea-229c-41b0-b824-c1001ac2f706,TIBA TIBA SETAN,cgv,,26007500,,,,2D,2026-05-26,a29b7bbf-8d81-4a2b-a235-6a18c684fcee,2026-05-26T16:28:36.703873
789708ea-229c-41b0-b824-c1001ac2f706,HOKUM,cgv,,26024600,,,,2D,2026-05-26,09f04f89-3915-4ae3-a075-a289e17db566,2026-05-26T16:28:36.703895
789708ea-229c-41b0-b824-c1001ac2f706,MORTAL KOMBAT II,cgv,,26018200,,,,2D,2026-05-26,7522b6e0-ee54-4e8c-b791-60d5a1738d11,2026-05-26T16:28:36.703916
789708ea-229c-41b0-b824-c1001ac2f706,GOHAN,cgv,,26022500,,,,2D,2026-05-26,34b8992d-32c9-43fa-bf22-0f77183d86be,2026-05-26T16:28:36.703937
789708ea-229c-41b0-b824-c1001ac2f706,AYAH INI ARAHNYA KEMANA YA,cgv,,26011000,,,,2D,2026-05-26,da192d80-fcc3-4ae5-9aec-e98ba138be14,2026-05-26T16:28:36.703958
789708ea-229c-41b0-b824-c1001ac2f706,YANG LAIN BOLEH HILANG ASAL KAU JANGAN,cgv,,26018300,,,,2D,2026-05-26,f688e622-52f4-4c54-9e47-ac8311bb9c8c,2026-05-26T16:28:36.703979
789708ea-229c-41b0-b824-c1001ac2f706,KELUARGA SUAMI ADALAH HAMA,cgv,,26017700,,,,2D,2026-05-26,4f84d21f-448d-409f-91e0-68989afdfc2b,2026-05-26T16:28:36.704000
789708ea-229c-41b0-b824-c1001ac2f706,THE SHEEP DETECTIVES,cgv,,26019500,,,,2D,2026-05-26,f8ca6406-088d-4c44-aa5a-7c3e2eb736ef,2026-05-26T16:28:36.704020
789708ea-229c-41b0-b824-c1001ac2f706,SEKAWAN LIMO RE RELEASE,cgv,,26024900,,,,2D,2026-05-26,7243c463-2e23-42f1-ab57-8ff8eaad8251,2026-05-26T16:28:36.704040
789708ea-229c-41b0-b824-c1001ac2f706,MONSTER,cgv,,23042200,,,,2D,2026-05-26,914c6d23-338a-4710-9106-8018282704aa,2026-05-26T16:28:36.704060
789708ea-229c-41b0-b824-c1001ac2f706,SALMOKJI WHISPERING WATER,cgv,,26019100,,,,2D,2026-05-26,23b01b28-c17d-43a1-97be-cc39ccd38e2d,2026-05-26T16:28:36.704087
789708ea-229c-41b0-b824-c1001ac2f706,THE DEVIL WEARS PRADA 2,cgv,,26019800,,,,2D,2026-05-26,47168648-5389-4664-9ab7-b051719e032a,2026-05-26T16:28:36.704108
789708ea-229c-41b0-b824-c1001ac2f706,STAR WARS THE MANDALORIAN AND GROGU 3D,cgv,,26025200,,,,2D,2026-05-26,01f4ed6c-200f-4258-96c1-3162b9cd01e7,2026-05-26T16:28:36.704134
789708ea-229c-41b0-b824-c1001ac2f706,MOBILE SUIT GUNDAM HATHAWAY,cgv,,26021100,,,,2D,2026-05-26,f2301ea4-6e02-450f-a7ff-29f83cde1ae2,2026-05-26T16:28:36.704154
789708ea-229c-41b0-b824-c1001ac2f706,METHOD ACTING,cgv,,26023400,,,,2D,2026-05-26,26ebb2ac-0f42-4a46-9068-f9abfd13d294,2026-05-26T16:28:36.704174
789708ea-229c-41b0-b824-c1001ac2f706,CHAND MERA DIL,cgv,,26026000,,,,2D,2026-05-26,2a95b32d-ae60-4b62-a350-10202a1f9261,2026-05-26T16:28:36.704194
789708ea-229c-41b0-b824-c1001ac2f706,THAT TIME I GOT REINCARNATED AS A SLIME THE MOVIE TEARS OF THE AZURE SEA,cgv,,26017900,,,,2D,2026-05-26,b1b17984-a0e0-4611-ad4f-24261fbd7d66,2026-05-26T16:28:36.704216
789708ea-229c-41b0-b824-c1001ac2f706,THE KINGS WARDEN,cgv,,26015000,,,,2D,2026-05-26,ff5ff076-e4d2-48b8-aa47-61ad99239853,2026-05-26T16:28:36.704242
789708ea-229c-41b0-b824-c1001ac2f706,KAMU HARUS MATI,cgv,,26023800,,,,2D,2026-05-26,f793afe4-691d-404c-bd0c-6483905e24c8,2026-05-26T16:28:36.704263
789708ea-229c-41b0-b824-c1001ac2f706,SUNSHINE WOMENS CHOIR,cgv,,26024400,,,,2D,2026-05-26,1175e498-c37e-440f-8d18-a18b662705ff,2026-05-26T16:28:36.704282
789708ea-229c-41b0-b824-c1001ac2f706,NA WILLA,cgv,,26003200,,,,2D,2026-05-26,f3559519-431a-4499-86aa-f855780ca70c,2026-05-26T16:28:36.704320
789708ea-229c-41b0-b824-c1001ac2f706,DILAN ITB 1997,cgv,,26016100,,,,2D,2026-05-26,82247ebb-5170-4caf-92b4-35b64e436060,2026-05-26T16:28:36.704342
789708ea-229c-41b0-b824-c1001ac2f706,PEGASUS 3,cgv,,26025100,,,,2D,2026-05-26,656125d0-6e17-406e-8e17-74fd215d8cd3,2026-05-26T16:28:36.704362
2ad3b48e-287b-44f6-8f4d-4992b7651a0a,TUMBAL PROYEK,cgv,,26014300,,,,2D,2026-05-26,38d69194-0c9a-421c-8caf-83060ae77195,2026-05-26T16:28:36.820384
2ad3b48e-287b-44f6-8f4d-4992b7651a0a,GUDANG MERICA,cgv,,26019400,,,,2D,2026-05-26,b9586c86-ae14-477e-9496-f20cd3893771,2026-05-26T16:28:36.820423
2ad3b48e-287b-44f6-8f4d-4992b7651a0a,STAR WARS THE MANDALORIAN AND GROGU,cgv,,26021200,,,,2D,2026-05-26,8adfbfe9-e2b0-4f7d-ac45-1a5063fda6c6,2026-05-26T16:28:36.820453
2ad3b48e-287b-44f6-8f4d-4992b7651a0a,SEMUA AKAN BAIK BAIK SAJA,cgv,,26018100,,,,2D,2026-05-26,02da8c1c-9fe9-46ff-9bb6-288a3ba56fe6,2026-05-26T16:28:36.820481
2ad3b48e-287b-44f6-8f4d-4992b7651a0a,GHOST IN THE CELL,cgv,,26011800,,,,2D,2026-05-26,b06b8ec0-a03e-4738-9b16-aca16466473a,2026-05-26T16:28:36.820507
2ad3b48e-287b-44f6-8f4d-4992b7651a0a,TEMAN TEGAR MAIRA,cgv,,26005400,,,,2D,2026-05-26,9cf2433f-4e20-4001-80c1-a9b11164ebfb,2026-05-26T16:28:36.820532
2ad3b48e-287b-44f6-8f4d-4992b7651a0a,TIBA TIBA SETAN,cgv,,26007500,,,,2D,2026-05-26,9a6583ba-c77b-43b4-9083-7f77d22685c3,2026-05-26T16:28:36.820557
2ad3b48e-287b-44f6-8f4d-4992b7651a0a,HOKUM,cgv,,26024600,,,,2D,2026-05-26,fa93fba9-3551-4d85-a026-6ec42be4e938,2026-05-26T16:28:36.820581
2ad3b48e-287b-44f6-8f4d-4992b7651a0a,MORTAL KOMBAT II,cgv,,26018200,,,,2D,2026-05-26,806639d2-47ec-4086-9fdb-769e2b670847,2026-05-26T16:28:36.820605
2ad3b48e-287b-44f6-8f4d-4992b7651a0a,GOHAN,cgv,,26022500,,,,2D,2026-05-26,51b5b9be-48f4-4174-a122-e2a8bb8c0953,2026-05-26T16:28:36.820629
2ad3b48e-287b-44f6-8f4d-4992b7651a0a,AYAH INI ARAHNYA KEMANA YA,cgv,,26011000,,,,2D,2026-05-26,e554bd6c-bb5a-4093-9a1d-a200f1b3ab23,2026-05-26T16:28:36.820653
2ad3b48e-287b-44f6-8f4d-4992b7651a0a,YANG LAIN BOLEH HILANG ASAL KAU JANGAN,cgv,,26018300,,,,2D,2026-05-26,a75d5ec0-3ac7-4b4d-a2b2-9dd33c873b10,2026-05-26T16:28:36.820677
2ad3b48e-287b-44f6-8f4d-4992b7651a0a,KELUARGA SUAMI ADALAH HAMA,cgv,,26017700,,,,2D,2026-05-26,ab57de83-6f95-4fb7-b6e7-21f4a6ded1f4,2026-05-26T16:28:36.820701
2ad3b48e-287b-44f6-8f4d-4992b7651a0a,THE SHEEP DETECTIVES,cgv,,26019500,,,,2D,2026-05-26,75ef125d-bd20-462a-93c5-cbff60f7e5b5,2026-05-26T16:28:36.820724
2ad3b48e-287b-44f6-8f4d-4992b7651a0a,SEKAWAN LIMO RE RELEASE,cgv,,26024900,,,,2D,2026-05-26,a72e699a-f1e2-4f96-b782-2d25c9e6e559,2026-05-26T16:28:36.820747
2ad3b48e-287b-44f6-8f4d-4992b7651a0a,MONSTER,cgv,,23042200,,,,2D,2026-05-26,6ae9fa01-14a6-43eb-bec8-24ba7631d2d6,2026-05-26T16:28:36.820770
2ad3b48e-287b-44f6-8f4d-4992b7651a0a,SALMOKJI WHISPERING WATER,cgv,,26019100,,,,2D,2026-05-26,1cd1bf37-a247-45de-9f6e-8cc6cab7ec19,2026-05-26T16:28:36.820982
2ad3b48e-287b-44f6-8f4d-4992b7651a0a,THE DEVIL WEARS PRADA 2,cgv,,26019800,,,,2D,2026-05-26,8c69a987-b4d6-4d47-a687-f452e17a60f5,2026-05-26T16:28:36.821008
2ad3b48e-287b-44f6-8f4d-4992b7651a0a,STAR WARS THE MANDALORIAN AND GROGU 3D,cgv,,26025200,,,,2D,2026-05-26,bdcaa35d-16a9-446d-81b5-821e32d43669,2026-05-26T16:28:36.821035
2ad3b48e-287b-44f6-8f4d-4992b7651a0a,MOBILE SUIT GUNDAM HATHAWAY,cgv,,26021100,,,,2D,2026-05-26,49c000fc-81e7-49da-84f4-a7eec3345e0d,2026-05-26T16:28:36.821059
2ad3b48e-287b-44f6-8f4d-4992b7651a0a,METHOD ACTING,cgv,,26023400,,,,2D,2026-05-26,5bc79b59-a07f-4a01-9488-308d24673bfc,2026-05-26T16:28:36.821083
2ad3b48e-287b-44f6-8f4d-4992b7651a0a,CHAND MERA DIL,cgv,,26026000,,,,2D,2026-05-26,0bafedfd-d6de-49eb-a04d-309724c52766,2026-05-26T16:28:36.821108
2ad3b48e-287b-44f6-8f4d-4992b7651a0a,THAT TIME I GOT REINCARNATED AS A SLIME THE MOVIE TEARS OF THE AZURE SEA,cgv,,26017900,,,,2D,2026-05-26,af2557d1-1086-423c-9e02-1bebda9a8e5d,2026-05-26T16:28:36.821133
2ad3b48e-287b-44f6-8f4d-4992b7651a0a,THE KINGS WARDEN,cgv,,26015000,,,,2D,2026-05-26,4356d48f-c38a-492b-8d22-2a7b60f38c9f,2026-05-26T16:28:36.821156
2ad3b48e-287b-44f6-8f4d-4992b7651a0a,KAMU HARUS MATI,cgv,,26023800,,,,2D,2026-05-26,e3828444-13bd-47ff-a9c2-dc76814229ca,2026-05-26T16:28:36.821179
2ad3b48e-287b-44f6-8f4d-4992b7651a0a,SUNSHINE WOMENS CHOIR,cgv,,26024400,,,,2D,2026-05-26,3dd2173e-f772-4d7a-a77f-5f9016cfa095,2026-05-26T16:28:36.821203
2ad3b48e-287b-44f6-8f4d-4992b7651a0a,NA WILLA,cgv,,26003200,,,,2D,2026-05-26,465bc14f-6e19-444d-af80-320bf3e4882c,2026-05-26T16:28:36.821226
2ad3b48e-287b-44f6-8f4d-4992b7651a0a,DILAN ITB 1997,cgv,,26016100,,,,2D,2026-05-26,ada4ca44-3973-4c18-8c59-24a7f1f9e7c0,2026-05-26T16:28:36.821250
2ad3b48e-287b-44f6-8f4d-4992b7651a0a,PEGASUS 3,cgv,,26025100,,,,2D,2026-05-26,64fbe212-e822-482f-80f7-970f0a6d028f,2026-05-26T16:28:36.821273
16e5cbf0-f966-4b05-a289-5ac46662bf9f,TUMBAL PROYEK,cgv,,26014300,,,,2D,2026-05-26,b10cb0b1-8e40-4944-8f83-6d8b56205c86,2026-05-26T16:28:36.707641
16e5cbf0-f966-4b05-a289-5ac46662bf9f,GUDANG MERICA,cgv,,26019400,,,,2D,2026-05-26,bc43a7f1-c57d-450f-a3f7-ff23bb4e4085,2026-05-26T16:28:36.707662
16e5cbf0-f966-4b05-a289-5ac46662bf9f,STAR WARS THE MANDALORIAN AND GROGU,cgv,,26021200,,,,2D,2026-05-26,2d9c4570-bc6d-42fc-b552-24c1c312fd6f,2026-05-26T16:28:36.707682
16e5cbf0-f966-4b05-a289-5ac46662bf9f,SEMUA AKAN BAIK BAIK SAJA,cgv,,26018100,,,,2D,2026-05-26,ea7b057e-89bc-4e3d-80ad-f7ae0bfe9787,2026-05-26T16:28:36.707699
16e5cbf0-f966-4b05-a289-5ac46662bf9f,GHOST IN THE CELL,cgv,,26011800,,,,2D,2026-05-26,07d761de-b888-40f6-89d1-acf3afeecf42,2026-05-26T16:28:36.707718
16e5cbf0-f966-4b05-a289-5ac46662bf9f,TEMAN TEGAR MAIRA,cgv,,26005400,,,,2D,2026-05-26,199bb98a-f94b-45d9-be73-4eac8ddab6a1,2026-05-26T16:28:36.707736
16e5cbf0-f966-4b05-a289-5ac46662bf9f,TIBA TIBA SETAN,cgv,,26007500,,,,2D,2026-05-26,784707bf-025a-4f28-85ca-ccce6efcb9a0,2026-05-26T16:28:36.707754
16e5cbf0-f966-4b05-a289-5ac46662bf9f,HOKUM,cgv,,26024600,,,,2D,2026-05-26,23c7508b-e6de-41e9-a59c-54d368dbe422,2026-05-26T16:28:36.707772
16e5cbf0-f966-4b05-a289-5ac46662bf9f,MORTAL KOMBAT II,cgv,,26018200,,,,2D,2026-05-26,8636d1d5-66a8-4500-997c-84534e486350,2026-05-26T16:28:36.707789
16e5cbf0-f966-4b05-a289-5ac46662bf9f,GOHAN,cgv,,26022500,,,,2D,2026-05-26,7e241d39-65d5-4dec-901e-40cc3dd70434,2026-05-26T16:28:36.707807
16e5cbf0-f966-4b05-a289-5ac46662bf9f,AYAH INI ARAHNYA KEMANA YA,cgv,,26011000,,,,2D,2026-05-26,ee17b14a-15e2-4b8e-a0da-339d646dfc32,2026-05-26T16:28:36.707824
16e5cbf0-f966-4b05-a289-5ac46662bf9f,YANG LAIN BOLEH HILANG ASAL KAU JANGAN,cgv,,26018300,,,,2D,2026-05-26,e38224ac-3701-4bb4-97e2-3f26aa5fba67,2026-05-26T16:28:36.707842
16e5cbf0-f966-4b05-a289-5ac46662bf9f,KELUARGA SUAMI ADALAH HAMA,cgv,,26017700,,,,2D,2026-05-26,775bc2b3-1df3-460f-8278-eb5e0ebf7c11,2026-05-26T16:28:36.707860
16e5cbf0-f966-4b05-a289-5ac46662bf9f,THE SHEEP DETECTIVES,cgv,,26019500,,,,2D,2026-05-26,105cde5e-d8f7-4129-9f65-04dfa10f077b,2026-05-26T16:28:36.707877
16e5cbf0-f966-4b05-a289-5ac46662bf9f,SEKAWAN LIMO RE RELEASE,cgv,,26024900,,,,2D,2026-05-26,c150fc64-f89b-4535-be1f-633f5ea06ddc,2026-05-26T16:28:36.707895
16e5cbf0-f966-4b05-a289-5ac46662bf9f,MONSTER,cgv,,23042200,,,,2D,2026-05-26,89b034bd-6020-4448-8da5-ca80e512484a,2026-05-26T16:28:36.707912
16e5cbf0-f966-4b05-a289-5ac46662bf9f,SALMOKJI WHISPERING WATER,cgv,,26019100,,,,2D,2026-05-26,76114083-a8b2-4fe5-b80a-841205a617b9,2026-05-26T16:28:36.707930
16e5cbf0-f966-4b05-a289-5ac46662bf9f,THE DEVIL WEARS PRADA 2,cgv,,26019800,,,,2D,2026-05-26,65d496c2-21cd-43bb-b4c3-09366da63511,2026-05-26T16:28:36.707948
16e5cbf0-f966-4b05-a289-5ac46662bf9f,STAR WARS THE MANDALORIAN AND GROGU 3D,cgv,,26025200,,,,2D,2026-05-26,badab56a-f7fa-4a79-86aa-efe2458bb07d,2026-05-26T16:28:36.707966
16e5cbf0-f966-4b05-a289-5ac46662bf9f,MOBILE SUIT GUNDAM HATHAWAY,cgv,,26021100,,,,2D,2026-05-26,d8e62a04-6c6f-47c1-b092-d17f4597958c,2026-05-26T16:28:36.707984
16e5cbf0-f966-4b05-a289-5ac46662bf9f,METHOD ACTING,cgv,,26023400,,,,2D,2026-05-26,b940166a-9e52-497b-a76d-4f1d5f07d360,2026-05-26T16:28:36.708001
16e5cbf0-f966-4b05-a289-5ac46662bf9f,CHAND MERA DIL,cgv,,26026000,,,,2D,2026-05-26,2ffc7098-8d29-4a31-a1fb-4d10a3b475d7,2026-05-26T16:28:36.708018
16e5cbf0-f966-4b05-a289-5ac46662bf9f,THAT TIME I GOT REINCARNATED AS A SLIME THE MOVIE TEARS OF THE AZURE SEA,cgv,,26017900,,,,2D,2026-05-26,fb6d2504-5da0-42e9-baf4-2b3c760837f1,2026-05-26T16:28:36.708036
16e5cbf0-f966-4b05-a289-5ac46662bf9f,THE KINGS WARDEN,cgv,,26015000,,,,2D,2026-05-26,8f38462c-08b3-444f-9ec9-fad4b47724ed,2026-05-26T16:28:36.708054
16e5cbf0-f966-4b05-a289-5ac46662bf9f,KAMU HARUS MATI,cgv,,26023800,,,,2D,2026-05-26,c73b68f1-c1cc-4062-8c83-2e59cfc60677,2026-05-26T16:28:36.708071
16e5cbf0-f966-4b05-a289-5ac46662bf9f,SUNSHINE WOMENS CHOIR,cgv,,26024400,,,,2D,2026-05-26,5a899946-346c-49cc-a685-197ea9e33f8d,2026-05-26T16:28:36.708089
16e5cbf0-f966-4b05-a289-5ac46662bf9f,NA WILLA,cgv,,26003200,,,,2D,2026-05-26,80977446-0059-49cb-9933-5ea9b5605ec2,2026-05-26T16:28:36.708106
16e5cbf0-f966-4b05-a289-5ac46662bf9f,DILAN ITB 1997,cgv,,26016100,,,,2D,2026-05-26,bf222998-d17a-48c8-b3e5-27df54792b07,2026-05-26T16:28:36.708123
16e5cbf0-f966-4b05-a289-5ac46662bf9f,PEGASUS 3,cgv,,26025100,,,,2D,2026-05-26,88a09bcf-f158-4c70-94d0-903f3feb6491,2026-05-26T16:28:36.708141
ef26e2ab-98a0-4a08-9931-8663306c7bb2,TUMBAL PROYEK,cgv,,26014300,,,,2D,2026-05-26,ec41c1a8-6278-4b9b-83df-47d811b8f5b0,2026-05-26T16:28:37.299025
ef26e2ab-98a0-4a08-9931-8663306c7bb2,GUDANG MERICA,cgv,,26019400,,,,2D,2026-05-26,64fb808b-2ae1-4793-92dc-78c5e4371c14,2026-05-26T16:28:37.299043
ef26e2ab-98a0-4a08-9931-8663306c7bb2,STAR WARS THE MANDALORIAN AND GROGU,cgv,,26021200,,,,2D,2026-05-26,72e0510e-c776-4b9b-8ccc-25490de250d2,2026-05-26T16:28:37.299056
ef26e2ab-98a0-4a08-9931-8663306c7bb2,SEMUA AKAN BAIK BAIK SAJA,cgv,,26018100,,,,2D,2026-05-26,0a40bc28-d579-472a-8e2a-93e07da49af9,2026-05-26T16:28:37.299069
ef26e2ab-98a0-4a08-9931-8663306c7bb2,GHOST IN THE CELL,cgv,,26011800,,,,2D,2026-05-26,f5a4d2ea-a0de-473e-b96d-17936b9094d4,2026-05-26T16:28:37.299080
ef26e2ab-98a0-4a08-9931-8663306c7bb2,TEMAN TEGAR MAIRA,cgv,,26005400,,,,2D,2026-05-26,ded61e33-69eb-4120-a9e0-517de4d96422,2026-05-26T16:28:37.299091
ef26e2ab-98a0-4a08-9931-8663306c7bb2,TIBA TIBA SETAN,cgv,,26007500,,,,2D,2026-05-26,10491ddf-f2a0-43fe-b84f-6db9f3b2d99b,2026-05-26T16:28:37.299102
ef26e2ab-98a0-4a08-9931-8663306c7bb2,HOKUM,cgv,,26024600,,,,2D,2026-05-26,a461e068-c06a-46f1-8ccc-d279c7e6f1e9,2026-05-26T16:28:37.299113
ef26e2ab-98a0-4a08-9931-8663306c7bb2,MORTAL KOMBAT II,cgv,,26018200,,,,2D,2026-05-26,e477cbf6-08cd-4fcd-ac07-d9ca069908ea,2026-05-26T16:28:37.299124
ef26e2ab-98a0-4a08-9931-8663306c7bb2,GOHAN,cgv,,26022500,,,,2D,2026-05-26,8e571179-9a07-4f64-a249-a2dcffd58959,2026-05-26T16:28:37.299135
ef26e2ab-98a0-4a08-9931-8663306c7bb2,AYAH INI ARAHNYA KEMANA YA,cgv,,26011000,,,,2D,2026-05-26,17e34c6d-1465-4423-876a-4213b24f94f5,2026-05-26T16:28:37.299145
ef26e2ab-98a0-4a08-9931-8663306c7bb2,YANG LAIN BOLEH HILANG ASAL KAU JANGAN,cgv,,26018300,,,,2D,2026-05-26,fc9044a3-122d-4a7f-a2a3-e750b356ef7f,2026-05-26T16:28:37.299157
ef26e2ab-98a0-4a08-9931-8663306c7bb2,KELUARGA SUAMI ADALAH HAMA,cgv,,26017700,,,,2D,2026-05-26,0ee76058-15e5-42d7-9090-51eba91c3e20,2026-05-26T16:28:37.299168
ef26e2ab-98a0-4a08-9931-8663306c7bb2,THE SHEEP DETECTIVES,cgv,,26019500,,,,2D,2026-05-26,e3ff7915-07e5-4cfa-b45a-a9f733b9fc4d,2026-05-26T16:28:37.299179
ef26e2ab-98a0-4a08-9931-8663306c7bb2,SEKAWAN LIMO RE RELEASE,cgv,,26024900,,,,2D,2026-05-26,8afb064f-f00f-4d96-bd4f-d93e82fa994b,2026-05-26T16:28:37.299190
ef26e2ab-98a0-4a08-9931-8663306c7bb2,MONSTER,cgv,,23042200,,,,2D,2026-05-26,bce9be91-9667-4230-9177-316d92c4b517,2026-05-26T16:28:37.299201
ef26e2ab-98a0-4a08-9931-8663306c7bb2,SALMOKJI WHISPERING WATER,cgv,,26019100,,,,2D,2026-05-26,00f2d940-99b4-48aa-b0c6-14842b3a877b,2026-05-26T16:28:37.299212
ef26e2ab-98a0-4a08-9931-8663306c7bb2,THE DEVIL WEARS PRADA 2,cgv,,26019800,,,,2D,2026-05-26,8e365169-9b22-4da4-833d-2c207ea549ba,2026-05-26T16:28:37.299223
ef26e2ab-98a0-4a08-9931-8663306c7bb2,STAR WARS THE MANDALORIAN AND GROGU 3D,cgv,,26025200,,,,2D,2026-05-26,578bbff2-18ab-48b2-9ee2-90b8e8d8a072,2026-05-26T16:28:37.299235
ef26e2ab-98a0-4a08-9931-8663306c7bb2,MOBILE SUIT GUNDAM HATHAWAY,cgv,,26021100,,,,2D,2026-05-26,05e60d09-5482-4284-b20b-df3297e09053,2026-05-26T16:28:37.299245
ef26e2ab-98a0-4a08-9931-8663306c7bb2,METHOD ACTING,cgv,,26023400,,,,2D,2026-05-26,a4c8f629-3d0d-418e-8b6a-b61be34cf617,2026-05-26T16:28:37.299256
ef26e2ab-98a0-4a08-9931-8663306c7bb2,CHAND MERA DIL,cgv,,26026000,,,,2D,2026-05-26,76ff31a0-9718-4cbb-a662-f028278ebbd2,2026-05-26T16:28:37.299267
ef26e2ab-98a0-4a08-9931-8663306c7bb2,THAT TIME I GOT REINCARNATED AS A SLIME THE MOVIE TEARS OF THE AZURE SEA,cgv,,26017900,,,,2D,2026-05-26,1caa70a0-d3ba-4e6b-9de4-babfa4588d8e,2026-05-26T16:28:37.299278
ef26e2ab-98a0-4a08-9931-8663306c7bb2,THE KINGS WARDEN,cgv,,26015000,,,,2D,2026-05-26,1751f3e7-961f-476c-bbdc-552ba6e18501,2026-05-26T16:28:37.299288
ef26e2ab-98a0-4a08-9931-8663306c7bb2,KAMU HARUS MATI,cgv,,26023800,,,,2D,2026-05-26,ceb5e80d-7218-4b39-a04c-ee12e9476300,2026-05-26T16:28:37.299298
ef26e2ab-98a0-4a08-9931-8663306c7bb2,SUNSHINE WOMENS CHOIR,cgv,,26024400,,,,2D,2026-05-26,7f2d6ca1-83cc-4d01-830e-54feb1a22291,2026-05-26T16:28:37.299308
ef26e2ab-98a0-4a08-9931-8663306c7bb2,NA WILLA,cgv,,26003200,,,,2D,2026-05-26,19f96ead-4719-498b-bd10-1bca75d826dd,2026-05-26T16:28:37.299318
ef26e2ab-98a0-4a08-9931-8663306c7bb2,DILAN ITB 1997,cgv,,26016100,,,,2D,2026-05-26,51a361a3-7c38-467c-8cb9-6363f758e678,2026-05-26T16:28:37.299329
ef26e2ab-98a0-4a08-9931-8663306c7bb2,PEGASUS 3,cgv,,26025100,,,,2D,2026-05-26,9f48faf8-1ea9-47ea-98e8-fde65127ffb4,2026-05-26T16:28:37.299339
b4619314-5d76-4064-940a-06b6753b7c6b,TUMBAL PROYEK,cgv,,26014300,,,,2D,2026-05-26,1bcd78dc-f90c-491c-b123-91de0e99267a,2026-05-26T16:28:37.860507
b4619314-5d76-4064-940a-06b6753b7c6b,GUDANG MERICA,cgv,,26019400,,,,2D,2026-05-26,93a3ec0e-252a-4f5d-bbef-f7f3a44dbd7d,2026-05-26T16:28:37.860556
b4619314-5d76-4064-940a-06b6753b7c6b,STAR WARS THE MANDALORIAN AND GROGU,cgv,,26021200,,,,2D,2026-05-26,99224102-e00c-413d-9207-2f4d415a65df,2026-05-26T16:28:37.860594
b4619314-5d76-4064-940a-06b6753b7c6b,SEMUA AKAN BAIK BAIK SAJA,cgv,,26018100,,,,2D,2026-05-26,89283896-74f1-421c-85ab-917cca2c2016,2026-05-26T16:28:37.860627
b4619314-5d76-4064-940a-06b6753b7c6b,GHOST IN THE CELL,cgv,,26011800,,,,2D,2026-05-26,4f6337cc-9e7a-4f3d-9430-1faa3b3f99c3,2026-05-26T16:28:37.860659
b4619314-5d76-4064-940a-06b6753b7c6b,TEMAN TEGAR MAIRA,cgv,,26005400,,,,2D,2026-05-26,43fcb16f-6879-4ce4-839f-6934080a8263,2026-05-26T16:28:37.860690
b4619314-5d76-4064-940a-06b6753b7c6b,TIBA TIBA SETAN,cgv,,26007500,,,,2D,2026-05-26,58f62b9b-6749-4524-b3a1-3e83bcc86444,2026-05-26T16:28:37.860720
b4619314-5d76-4064-940a-06b6753b7c6b,HOKUM,cgv,,26024600,,,,2D,2026-05-26,e1eadc28-2df3-4b6d-8770-29d294626fd7,2026-05-26T16:28:37.860750
b4619314-5d76-4064-940a-06b6753b7c6b,MORTAL KOMBAT II,cgv,,26018200,,,,2D,2026-05-26,d9ede5fc-7d8a-4e51-9583-d10745289742,2026-05-26T16:28:37.860779
b4619314-5d76-4064-940a-06b6753b7c6b,GOHAN,cgv,,26022500,,,,2D,2026-05-26,953ec563-9b3f-48fd-b8e4-62abe64c1505,2026-05-26T16:28:37.860808
b4619314-5d76-4064-940a-06b6753b7c6b,AYAH INI ARAHNYA KEMANA YA,cgv,,26011000,,,,2D,2026-05-26,a2a4342c-f0e2-4603-ac57-c04ceba536b2,2026-05-26T16:28:37.860840
b4619314-5d76-4064-940a-06b6753b7c6b,YANG LAIN BOLEH HILANG ASAL KAU JANGAN,cgv,,26018300,,,,2D,2026-05-26,b08e904b-c1d5-4b2d-9e9f-15eb5ca92340,2026-05-26T16:28:37.860871
b4619314-5d76-4064-940a-06b6753b7c6b,KELUARGA SUAMI ADALAH HAMA,cgv,,26017700,,,,2D,2026-05-26,fe9e7b9e-ecb0-45db-b472-a9dc5a3ba79a,2026-05-26T16:28:37.860900
b4619314-5d76-4064-940a-06b6753b7c6b,THE SHEEP DETECTIVES,cgv,,26019500,,,,2D,2026-05-26,d198c9ac-5b54-4ba6-8c57-fc32d2f908b7,2026-05-26T16:28:37.860930
b4619314-5d76-4064-940a-06b6753b7c6b,SEKAWAN LIMO RE RELEASE,cgv,,26024900,,,,2D,2026-05-26,e91d6ea1-df5d-4029-a5a0-1a05f9e25fbd,2026-05-26T16:28:37.860960
b4619314-5d76-4064-940a-06b6753b7c6b,MONSTER,cgv,,23042200,,,,2D,2026-05-26,d4cc70d7-c04b-4314-b08a-c3292edb0287,2026-05-26T16:28:37.860989
b4619314-5d76-4064-940a-06b6753b7c6b,SALMOKJI WHISPERING WATER,cgv,,26019100,,,,2D,2026-05-26,e6ad3d36-9130-40a0-91fd-3aa412e66b81,2026-05-26T16:28:37.861025
b4619314-5d76-4064-940a-06b6753b7c6b,THE DEVIL WEARS PRADA 2,cgv,,26019800,,,,2D,2026-05-26,2db1d5e9-1b3a-4b19-9b9f-a30a2bf658ac,2026-05-26T16:28:37.861054
b4619314-5d76-4064-940a-06b6753b7c6b,STAR WARS THE MANDALORIAN AND GROGU 3D,cgv,,26025200,,,,2D,2026-05-26,60bf50d0-2509-4ac9-a27b-b72cab8779ba,2026-05-26T16:28:37.861090
b4619314-5d76-4064-940a-06b6753b7c6b,MOBILE SUIT GUNDAM HATHAWAY,cgv,,26021100,,,,2D,2026-05-26,3b2faa31-0666-4034-834c-6609497fd801,2026-05-26T16:28:37.861119
b4619314-5d76-4064-940a-06b6753b7c6b,METHOD ACTING,cgv,,26023400,,,,2D,2026-05-26,f8299d05-99dc-4ecc-8baf-4c6e7d5d6651,2026-05-26T16:28:37.861148
b4619314-5d76-4064-940a-06b6753b7c6b,CHAND MERA DIL,cgv,,26026000,,,,2D,2026-05-26,04d1d0f8-e8f9-4ea1-991d-7ee1d20eabca,2026-05-26T16:28:37.861184
b4619314-5d76-4064-940a-06b6753b7c6b,THAT TIME I GOT REINCARNATED AS A SLIME THE MOVIE TEARS OF THE AZURE SEA,cgv,,26017900,,,,2D,2026-05-26,4c1bbe26-7fc8-4791-89d9-c1d73996248e,2026-05-26T16:28:37.861220
b4619314-5d76-4064-940a-06b6753b7c6b,THE KINGS WARDEN,cgv,,26015000,,,,2D,2026-05-26,15f6e96c-dcf4-4bb9-b343-6b2a0e6ad40b,2026-05-26T16:28:37.861257
b4619314-5d76-4064-940a-06b6753b7c6b,KAMU HARUS MATI,cgv,,26023800,,,,2D,2026-05-26,5f141d9d-9894-474d-a69f-1a8b0bad5515,2026-05-26T16:28:37.861286
b4619314-5d76-4064-940a-06b6753b7c6b,SUNSHINE WOMENS CHOIR,cgv,,26024400,,,,2D,2026-05-26,07e30c2d-ef79-4312-be74-3b6c37b307db,2026-05-26T16:28:37.861316
b4619314-5d76-4064-940a-06b6753b7c6b,NA WILLA,cgv,,26003200,,,,2D,2026-05-26,68eb2f9c-07ca-42db-ab21-d2bffaff8ad5,2026-05-26T16:28:37.861344
b4619314-5d76-4064-940a-06b6753b7c6b,DILAN ITB 1997,cgv,,26016100,,,,2D,2026-05-26,76cf279b-55a0-40cb-b144-d24f1c24e882,2026-05-26T16:28:37.861373
b4619314-5d76-4064-940a-06b6753b7c6b,PEGASUS 3,cgv,,26025100,,,,2D,2026-05-26,ceaa3970-0a8f-4255-8a1e-9dd3616b70d6,2026-05-26T16:28:37.861402
d4920855-7d01-4b72-bffb-33eb9d32d975,TUMBAL PROYEK,cgv,,26014300,,,,2D,2026-05-26,7e92c698-105f-45dd-89f4-fce5432df0d8,2026-05-26T16:28:40.165905
d4920855-7d01-4b72-bffb-33eb9d32d975,GUDANG MERICA,cgv,,26019400,,,,2D,2026-05-26,9eca2731-2b73-4e85-8b7f-f782376dbfb8,2026-05-26T16:28:40.165943
d4920855-7d01-4b72-bffb-33eb9d32d975,STAR WARS THE MANDALORIAN AND GROGU,cgv,,26021200,,,,2D,2026-05-26,e5ec03f0-aff2-4cab-bc7a-3e1c7fe27a97,2026-05-26T16:28:40.165974
d4920855-7d01-4b72-bffb-33eb9d32d975,SEMUA AKAN BAIK BAIK SAJA,cgv,,26018100,,,,2D,2026-05-26,facf89f6-cace-4049-9781-dac376ab8b46,2026-05-26T16:28:40.166001
d4920855-7d01-4b72-bffb-33eb9d32d975,GHOST IN THE CELL,cgv,,26011800,,,,2D,2026-05-26,e8338376-a4a2-41a4-bd6a-06a72d7f8caa,2026-05-26T16:28:40.166027
d4920855-7d01-4b72-bffb-33eb9d32d975,TEMAN TEGAR MAIRA,cgv,,26005400,,,,2D,2026-05-26,623d43c0-09eb-44e7-8a13-6db2184a435c,2026-05-26T16:28:40.166051
d4920855-7d01-4b72-bffb-33eb9d32d975,TIBA TIBA SETAN,cgv,,26007500,,,,2D,2026-05-26,787b63f2-7f63-47e4-a4f3-9161e2880743,2026-05-26T16:28:40.166077
d4920855-7d01-4b72-bffb-33eb9d32d975,HOKUM,cgv,,26024600,,,,2D,2026-05-26,5e134089-c632-44fd-aad2-5d80c97f0577,2026-05-26T16:28:40.166102
d4920855-7d01-4b72-bffb-33eb9d32d975,MORTAL KOMBAT II,cgv,,26018200,,,,2D,2026-05-26,2c116cba-92eb-4a54-a5eb-d8727cbc6e82,2026-05-26T16:28:40.166127
d4920855-7d01-4b72-bffb-33eb9d32d975,GOHAN,cgv,,26022500,,,,2D,2026-05-26,40118f1f-c578-44c6-b40a-30713ea8c7f2,2026-05-26T16:28:40.166152
d4920855-7d01-4b72-bffb-33eb9d32d975,AYAH INI ARAHNYA KEMANA YA,cgv,,26011000,,,,2D,2026-05-26,637fe147-e2f9-4dbc-ba37-8b25f0b0080b,2026-05-26T16:28:40.166178
d4920855-7d01-4b72-bffb-33eb9d32d975,YANG LAIN BOLEH HILANG ASAL KAU JANGAN,cgv,,26018300,,,,2D,2026-05-26,64ec68ea-ca7b-464c-8a3b-7b804cdc20f6,2026-05-26T16:28:40.166203
d4920855-7d01-4b72-bffb-33eb9d32d975,KELUARGA SUAMI ADALAH HAMA,cgv,,26017700,,,,2D,2026-05-26,34119d0a-74aa-4852-b685-1524c970ee8a,2026-05-26T16:28:40.166227
d4920855-7d01-4b72-bffb-33eb9d32d975,THE SHEEP DETECTIVES,cgv,,26019500,,,,2D,2026-05-26,4db25d26-a9bd-4e8e-b58f-8c3fdf649eb7,2026-05-26T16:28:40.166252
d4920855-7d01-4b72-bffb-33eb9d32d975,SEKAWAN LIMO RE RELEASE,cgv,,26024900,,,,2D,2026-05-26,0678614e-0f48-4710-b9d3-f4c7e2c53d4a,2026-05-26T16:28:40.166277
d4920855-7d01-4b72-bffb-33eb9d32d975,MONSTER,cgv,,23042200,,,,2D,2026-05-26,87c9226e-31ee-4def-b742-d892ae2aabf7,2026-05-26T16:28:40.166301
d4920855-7d01-4b72-bffb-33eb9d32d975,SALMOKJI WHISPERING WATER,cgv,,26019100,,,,2D,2026-05-26,eaa92447-e79a-4e50-9820-abfd6df49b1b,2026-05-26T16:28:40.166325
d4920855-7d01-4b72-bffb-33eb9d32d975,THE DEVIL WEARS PRADA 2,cgv,,26019800,,,,2D,2026-05-26,e9177240-dbf2-4b59-8ff5-cf8a90a6f9a1,2026-05-26T16:28:40.166349
d4920855-7d01-4b72-bffb-33eb9d32d975,STAR WARS THE MANDALORIAN AND GROGU 3D,cgv,,26025200,,,,2D,2026-05-26,d9b94d1e-0442-49dd-9790-aeb598f998ff,2026-05-26T16:28:40.166386
d4920855-7d01-4b72-bffb-33eb9d32d975,MOBILE SUIT GUNDAM HATHAWAY,cgv,,26021100,,,,2D,2026-05-26,dbf2a3b4-e2d7-435c-8d76-eebfd9ccd6e1,2026-05-26T16:28:40.166410
d4920855-7d01-4b72-bffb-33eb9d32d975,METHOD ACTING,cgv,,26023400,,,,2D,2026-05-26,5f2ddb71-36ee-42f0-932e-e5a348cbc9b1,2026-05-26T16:28:40.166433
d4920855-7d01-4b72-bffb-33eb9d32d975,CHAND MERA DIL,cgv,,26026000,,,,2D,2026-05-26,78b7d331-2418-46c0-adb3-a2f318b75d91,2026-05-26T16:28:40.166456
d4920855-7d01-4b72-bffb-33eb9d32d975,THAT TIME I GOT REINCARNATED AS A SLIME THE MOVIE TEARS OF THE AZURE SEA,cgv,,26017900,,,,2D,2026-05-26,75555dc8-418d-4e4e-b722-72b219243e64,2026-05-26T16:28:40.166482
d4920855-7d01-4b72-bffb-33eb9d32d975,THE KINGS WARDEN,cgv,,26015000,,,,2D,2026-05-26,c22d3b15-cbe7-4fb6-b357-d15e6a116236,2026-05-26T16:28:40.166505
d4920855-7d01-4b72-bffb-33eb9d32d975,KAMU HARUS MATI,cgv,,26023800,,,,2D,2026-05-26,1ca5c3a8-2e4b-4006-a8f0-3b57880dd57f,2026-05-26T16:28:40.166533
d4920855-7d01-4b72-bffb-33eb9d32d975,SUNSHINE WOMENS CHOIR,cgv,,26024400,,,,2D,2026-05-26,fb961ad4-4cd1-4aa8-916e-481947888ec6,2026-05-26T16:28:40.166557
d4920855-7d01-4b72-bffb-33eb9d32d975,NA WILLA,cgv,,26003200,,,,2D,2026-05-26,144b01c4-19a2-419f-87cc-aa286ec26e03,2026-05-26T16:28:40.166580
d4920855-7d01-4b72-bffb-33eb9d32d975,DILAN ITB 1997,cgv,,26016100,,,,2D,2026-05-26,9baa0096-7918-4678-b025-d1e56ef3bcb0,2026-05-26T16:28:40.166602
d4920855-7d01-4b72-bffb-33eb9d32d975,PEGASUS 3,cgv,,26025100,,,,2D,2026-05-26,fa64f3e7-8faf-4e43-8738-1022ac82ea81,2026-05-26T16:28:40.166635
f7b8bc16-d522-434f-a11e-eda927ef8e6a,TUMBAL PROYEK,cgv,,26014300,,,,2D,2026-05-26,07100dd4-ed76-4f87-a1d8-70768594b533,2026-05-26T16:28:40.032264
f7b8bc16-d522-434f-a11e-eda927ef8e6a,GUDANG MERICA,cgv,,26019400,,,,2D,2026-05-26,bc8b7afb-4f5f-4f67-a2c9-f60be21c327e,2026-05-26T16:28:40.032299
f7b8bc16-d522-434f-a11e-eda927ef8e6a,STAR WARS THE MANDALORIAN AND GROGU,cgv,,26021200,,,,2D,2026-05-26,3fe03c1b-7933-4ed2-8549-812a7f1bc8ab,2026-05-26T16:28:40.032322
f7b8bc16-d522-434f-a11e-eda927ef8e6a,SEMUA AKAN BAIK BAIK SAJA,cgv,,26018100,,,,2D,2026-05-26,6fd23333-c02d-48e5-88d8-b27649a535b8,2026-05-26T16:28:40.032343
f7b8bc16-d522-434f-a11e-eda927ef8e6a,GHOST IN THE CELL,cgv,,26011800,,,,2D,2026-05-26,35ce9079-465d-43c9-9524-382ec8a3eb3f,2026-05-26T16:28:40.032362
f7b8bc16-d522-434f-a11e-eda927ef8e6a,TEMAN TEGAR MAIRA,cgv,,26005400,,,,2D,2026-05-26,5d4be912-dfed-4dff-9868-7059cb24ee69,2026-05-26T16:28:40.032380
f7b8bc16-d522-434f-a11e-eda927ef8e6a,TIBA TIBA SETAN,cgv,,26007500,,,,2D,2026-05-26,8e2b81eb-b03c-419d-b184-6158a702121b,2026-05-26T16:28:40.032399
f7b8bc16-d522-434f-a11e-eda927ef8e6a,HOKUM,cgv,,26024600,,,,2D,2026-05-26,27a57d38-7c92-494a-b233-a6b0c92df3c9,2026-05-26T16:28:40.032417
f7b8bc16-d522-434f-a11e-eda927ef8e6a,MORTAL KOMBAT II,cgv,,26018200,,,,2D,2026-05-26,5c3c064d-ef41-44b7-bad1-1d0e62f3f5cf,2026-05-26T16:28:40.032436
f7b8bc16-d522-434f-a11e-eda927ef8e6a,GOHAN,cgv,,26022500,,,,2D,2026-05-26,189943a1-5c35-4eb0-be9e-56ba24f2ac46,2026-05-26T16:28:40.032454
f7b8bc16-d522-434f-a11e-eda927ef8e6a,AYAH INI ARAHNYA KEMANA YA,cgv,,26011000,,,,2D,2026-05-26,bf94bbf8-de56-4c7c-ac04-87ddb6348c71,2026-05-26T16:28:40.032472
f7b8bc16-d522-434f-a11e-eda927ef8e6a,YANG LAIN BOLEH HILANG ASAL KAU JANGAN,cgv,,26018300,,,,2D,2026-05-26,6fdae1af-0941-4c2c-9f73-fe52c80f60db,2026-05-26T16:28:40.032491
f7b8bc16-d522-434f-a11e-eda927ef8e6a,KELUARGA SUAMI ADALAH HAMA,cgv,,26017700,,,,2D,2026-05-26,95d00a18-f468-4abe-9096-bd9c840adca3,2026-05-26T16:28:40.032509
f7b8bc16-d522-434f-a11e-eda927ef8e6a,THE SHEEP DETECTIVES,cgv,,26019500,,,,2D,2026-05-26,ffce908e-eaad-46df-a0f0-8200cf7553ea,2026-05-26T16:28:40.032527
f7b8bc16-d522-434f-a11e-eda927ef8e6a,SEKAWAN LIMO RE RELEASE,cgv,,26024900,,,,2D,2026-05-26,11ca6db0-f9a6-4262-8ef1-4875f92d8a3e,2026-05-26T16:28:40.032546
f7b8bc16-d522-434f-a11e-eda927ef8e6a,MONSTER,cgv,,23042200,,,,2D,2026-05-26,694ef5b8-77ed-4d68-802b-b203b9dde82c,2026-05-26T16:28:40.032565
f7b8bc16-d522-434f-a11e-eda927ef8e6a,SALMOKJI WHISPERING WATER,cgv,,26019100,,,,2D,2026-05-26,4eb7c6f2-e4b4-4083-b14c-ebc7a7c6d60a,2026-05-26T16:28:40.032583
f7b8bc16-d522-434f-a11e-eda927ef8e6a,THE DEVIL WEARS PRADA 2,cgv,,26019800,,,,2D,2026-05-26,c8d40e1d-09bc-4174-a2fc-ee90d919c517,2026-05-26T16:28:40.032601
f7b8bc16-d522-434f-a11e-eda927ef8e6a,STAR WARS THE MANDALORIAN AND GROGU 3D,cgv,,26025200,,,,2D,2026-05-26,45952f74-bd36-4d42-bb2c-a9bb14bbfd40,2026-05-26T16:28:40.032640
f7b8bc16-d522-434f-a11e-eda927ef8e6a,MOBILE SUIT GUNDAM HATHAWAY,cgv,,26021100,,,,2D,2026-05-26,665abb52-d58e-4abe-ab46-e7dba3c2067e,2026-05-26T16:28:40.032658
f7b8bc16-d522-434f-a11e-eda927ef8e6a,METHOD ACTING,cgv,,26023400,,,,2D,2026-05-26,469b5449-9ead-4591-86e2-64129855f0d2,2026-05-26T16:28:40.032675
f7b8bc16-d522-434f-a11e-eda927ef8e6a,CHAND MERA DIL,cgv,,26026000,,,,2D,2026-05-26,42212364-e6a5-4c7c-a008-1ff8137688e9,2026-05-26T16:28:40.032693
f7b8bc16-d522-434f-a11e-eda927ef8e6a,THAT TIME I GOT REINCARNATED AS A SLIME THE MOVIE TEARS OF THE AZURE SEA,cgv,,26017900,,,,2D,2026-05-26,7efc6dc2-3409-44a1-9450-31cadd341e50,2026-05-26T16:28:40.032713
f7b8bc16-d522-434f-a11e-eda927ef8e6a,THE KINGS WARDEN,cgv,,26015000,,,,2D,2026-05-26,8f7a4df7-7b2b-49f2-8d7e-be9d17c885f7,2026-05-26T16:28:40.032730
f7b8bc16-d522-434f-a11e-eda927ef8e6a,KAMU HARUS MATI,cgv,,26023800,,,,2D,2026-05-26,15b6bf55-062f-405a-8234-a059a7532f7c,2026-05-26T16:28:40.032748
f7b8bc16-d522-434f-a11e-eda927ef8e6a,SUNSHINE WOMENS CHOIR,cgv,,26024400,,,,2D,2026-05-26,2326ce61-e31c-4d23-bff2-6fe9f21396a8,2026-05-26T16:28:40.032766
f7b8bc16-d522-434f-a11e-eda927ef8e6a,NA WILLA,cgv,,26003200,,,,2D,2026-05-26,bb05b00c-8350-40f0-97b8-1bd519a7a537,2026-05-26T16:28:40.032783
f7b8bc16-d522-434f-a11e-eda927ef8e6a,DILAN ITB 1997,cgv,,26016100,,,,2D,2026-05-26,10c896af-937e-4eef-9489-8b88f4635c0b,2026-05-26T16:28:40.032802
f7b8bc16-d522-434f-a11e-eda927ef8e6a,PEGASUS 3,cgv,,26025100,,,,2D,2026-05-26,4e2c76f7-03f9-4d29-b6ea-40b02ca166ac,2026-05-26T16:28:40.032820
f286f9b1-43b3-490c-9b62-e9f1da210ce7,TUMBAL PROYEK,cgv,,26014300,,,,2D,2026-05-26,886d6e3b-142a-4d46-84e4-ab9eec4f728f,2026-05-26T16:28:40.473623
f286f9b1-43b3-490c-9b62-e9f1da210ce7,GUDANG MERICA,cgv,,26019400,,,,2D,2026-05-26,08f3e7aa-4634-45d7-ad05-f304d2b54c4a,2026-05-26T16:28:40.473705
f286f9b1-43b3-490c-9b62-e9f1da210ce7,STAR WARS THE MANDALORIAN AND GROGU,cgv,,26021200,,,,2D,2026-05-26,533e2fbf-60cf-4e69-84a0-dee8de7cf5f1,2026-05-26T16:28:40.473753
f286f9b1-43b3-490c-9b62-e9f1da210ce7,SEMUA AKAN BAIK BAIK SAJA,cgv,,26018100,,,,2D,2026-05-26,140d2df1-697f-4f7c-ac83-c76592c2736b,2026-05-26T16:28:40.473792
f286f9b1-43b3-490c-9b62-e9f1da210ce7,GHOST IN THE CELL,cgv,,26011800,,,,2D,2026-05-26,f22ebd0e-305c-4241-85be-4e935e6539fc,2026-05-26T16:28:40.473830
f286f9b1-43b3-490c-9b62-e9f1da210ce7,TEMAN TEGAR MAIRA,cgv,,26005400,,,,2D,2026-05-26,30b21cae-2c72-4cc0-b422-513f49f70b76,2026-05-26T16:28:40.473865
f286f9b1-43b3-490c-9b62-e9f1da210ce7,TIBA TIBA SETAN,cgv,,26007500,,,,2D,2026-05-26,72f76ff1-50db-4d7c-9170-e32947ef1cf0,2026-05-26T16:28:40.473900
f286f9b1-43b3-490c-9b62-e9f1da210ce7,HOKUM,cgv,,26024600,,,,2D,2026-05-26,e06a2547-6048-4ce8-b6cc-943bea2f95dc,2026-05-26T16:28:40.473933
f286f9b1-43b3-490c-9b62-e9f1da210ce7,MORTAL KOMBAT II,cgv,,26018200,,,,2D,2026-05-26,ec3e7c25-2194-43e8-b710-670f70cf056d,2026-05-26T16:28:40.473966
f286f9b1-43b3-490c-9b62-e9f1da210ce7,GOHAN,cgv,,26022500,,,,2D,2026-05-26,05ebb3e0-7e65-4753-a8c9-780689ffaa0e,2026-05-26T16:28:40.473999
f286f9b1-43b3-490c-9b62-e9f1da210ce7,AYAH INI ARAHNYA KEMANA YA,cgv,,26011000,,,,2D,2026-05-26,092bedcb-4993-4306-beb8-c794c1fdfd7f,2026-05-26T16:28:40.474031
f286f9b1-43b3-490c-9b62-e9f1da210ce7,YANG LAIN BOLEH HILANG ASAL KAU JANGAN,cgv,,26018300,,,,2D,2026-05-26,22ff53d2-2939-4ed3-88b4-84683dedeee8,2026-05-26T16:28:40.474063
f286f9b1-43b3-490c-9b62-e9f1da210ce7,KELUARGA SUAMI ADALAH HAMA,cgv,,26017700,,,,2D,2026-05-26,228db737-70db-4e15-9c72-b545b6d8ea02,2026-05-26T16:28:40.474095
f286f9b1-43b3-490c-9b62-e9f1da210ce7,THE SHEEP DETECTIVES,cgv,,26019500,,,,2D,2026-05-26,9ed11844-6672-4167-86ec-7ca2fabadc9a,2026-05-26T16:28:40.474126
f286f9b1-43b3-490c-9b62-e9f1da210ce7,SEKAWAN LIMO RE RELEASE,cgv,,26024900,,,,2D,2026-05-26,35f65801-64c6-4a1f-8a31-eab562ea74eb,2026-05-26T16:28:40.474157
f286f9b1-43b3-490c-9b62-e9f1da210ce7,MONSTER,cgv,,23042200,,,,2D,2026-05-26,3a1dba88-0687-4a3e-8da2-6f76f6cbdce1,2026-05-26T16:28:40.474187
f286f9b1-43b3-490c-9b62-e9f1da210ce7,SALMOKJI WHISPERING WATER,cgv,,26019100,,,,2D,2026-05-26,b86038e5-e104-4040-be13-49d4c17917f3,2026-05-26T16:28:40.474219
f286f9b1-43b3-490c-9b62-e9f1da210ce7,THE DEVIL WEARS PRADA 2,cgv,,26019800,,,,2D,2026-05-26,844eb4a9-fbe5-42df-9594-99119af278ba,2026-05-26T16:28:40.474250
f286f9b1-43b3-490c-9b62-e9f1da210ce7,STAR WARS THE MANDALORIAN AND GROGU 3D,cgv,,26025200,,,,2D,2026-05-26,374f3344-9d7a-4c2e-b578-b34bda664a03,2026-05-26T16:28:40.474284
f286f9b1-43b3-490c-9b62-e9f1da210ce7,MOBILE SUIT GUNDAM HATHAWAY,cgv,,26021100,,,,2D,2026-05-26,d60932a5-0e5a-4196-9207-a28984c3ecb9,2026-05-26T16:28:40.474315
f286f9b1-43b3-490c-9b62-e9f1da210ce7,METHOD ACTING,cgv,,26023400,,,,2D,2026-05-26,c91e31ed-1d07-4c2c-aa54-4f98bd5b85d9,2026-05-26T16:28:40.474346
f286f9b1-43b3-490c-9b62-e9f1da210ce7,CHAND MERA DIL,cgv,,26026000,,,,2D,2026-05-26,8a1b5006-31b1-4eb0-bd5c-b970b1987eb4,2026-05-26T16:28:40.474376
f286f9b1-43b3-490c-9b62-e9f1da210ce7,THAT TIME I GOT REINCARNATED AS A SLIME THE MOVIE TEARS OF THE AZURE SEA,cgv,,26017900,,,,2D,2026-05-26,a102c00e-af64-4604-b03a-0be6118ea599,2026-05-26T16:28:40.474408
f286f9b1-43b3-490c-9b62-e9f1da210ce7,THE KINGS WARDEN,cgv,,26015000,,,,2D,2026-05-26,92566f6d-4970-4aa1-8d25-5944cf710f73,2026-05-26T16:28:40.474438
f286f9b1-43b3-490c-9b62-e9f1da210ce7,KAMU HARUS MATI,cgv,,26023800,,,,2D,2026-05-26,9268d44d-4748-4177-87bc-cbdf0c0fa8a4,2026-05-26T16:28:40.474468
f286f9b1-43b3-490c-9b62-e9f1da210ce7,SUNSHINE WOMENS CHOIR,cgv,,26024400,,,,2D,2026-05-26,f506f258-7f67-4945-90d8-afecc53b8569,2026-05-26T16:28:40.474499
f286f9b1-43b3-490c-9b62-e9f1da210ce7,NA WILLA,cgv,,26003200,,,,2D,2026-05-26,bd5fcb8a-af43-40f8-8df8-58e8b1dd5151,2026-05-26T16:28:40.474530
f286f9b1-43b3-490c-9b62-e9f1da210ce7,DILAN ITB 1997,cgv,,26016100,,,,2D,2026-05-26,74035de6-e0bc-4815-8775-9ef4e431ec87,2026-05-26T16:28:40.474560
f286f9b1-43b3-490c-9b62-e9f1da210ce7,PEGASUS 3,cgv,,26025100,,,,2D,2026-05-26,23780b59-972e-4bb1-b6a5-abf9bb5cd5d9,2026-05-26T16:28:40.474591
b5002a70-153d-4ac8-8099-7e3c264eb77f,TUMBAL PROYEK,cgv,,26014300,,,,2D,2026-05-26,1b7744eb-1f62-47d8-93ab-049214facc81,2026-05-26T16:28:41.019749
b5002a70-153d-4ac8-8099-7e3c264eb77f,GUDANG MERICA,cgv,,26019400,,,,2D,2026-05-26,75a668bb-1f0e-481a-914e-e4326b3f6189,2026-05-26T16:28:41.019799
b5002a70-153d-4ac8-8099-7e3c264eb77f,STAR WARS THE MANDALORIAN AND GROGU,cgv,,26021200,,,,2D,2026-05-26,b75805a7-221b-470f-8d46-7f4cda5cff5d,2026-05-26T16:28:41.019837
b5002a70-153d-4ac8-8099-7e3c264eb77f,SEMUA AKAN BAIK BAIK SAJA,cgv,,26018100,,,,2D,2026-05-26,56179cab-786b-4fa0-9b8e-639906dab350,2026-05-26T16:28:41.019870
b5002a70-153d-4ac8-8099-7e3c264eb77f,GHOST IN THE CELL,cgv,,26011800,,,,2D,2026-05-26,d7b2c621-7998-45e9-a519-5022b7052c33,2026-05-26T16:28:41.019906
b5002a70-153d-4ac8-8099-7e3c264eb77f,TEMAN TEGAR MAIRA,cgv,,26005400,,,,2D,2026-05-26,7c2c4eff-fef6-48b6-8fd7-72c24b86240b,2026-05-26T16:28:41.019936
b5002a70-153d-4ac8-8099-7e3c264eb77f,TIBA TIBA SETAN,cgv,,26007500,,,,2D,2026-05-26,cfc470f0-0d46-40a2-916c-b644a011bc21,2026-05-26T16:28:41.019966
b5002a70-153d-4ac8-8099-7e3c264eb77f,HOKUM,cgv,,26024600,,,,2D,2026-05-26,60aa8651-0eae-417d-a7ac-e4a33921872c,2026-05-26T16:28:41.019996
b5002a70-153d-4ac8-8099-7e3c264eb77f,MORTAL KOMBAT II,cgv,,26018200,,,,2D,2026-05-26,1346d378-d306-4348-83b5-66d279e23ce3,2026-05-26T16:28:41.020025
b5002a70-153d-4ac8-8099-7e3c264eb77f,GOHAN,cgv,,26022500,,,,2D,2026-05-26,9a96aed5-da44-4215-80e3-b5c2ead74b9b,2026-05-26T16:28:41.020054
b5002a70-153d-4ac8-8099-7e3c264eb77f,AYAH INI ARAHNYA KEMANA YA,cgv,,26011000,,,,2D,2026-05-26,12b2c5b8-090a-4a60-bfdf-6d148b5f2492,2026-05-26T16:28:41.020084
b5002a70-153d-4ac8-8099-7e3c264eb77f,YANG LAIN BOLEH HILANG ASAL KAU JANGAN,cgv,,26018300,,,,2D,2026-05-26,4e460cc3-0848-45a9-ba41-e13950074c76,2026-05-26T16:28:41.020114
b5002a70-153d-4ac8-8099-7e3c264eb77f,KELUARGA SUAMI ADALAH HAMA,cgv,,26017700,,,,2D,2026-05-26,25193029-c3d7-4526-9171-3dfd53163804,2026-05-26T16:28:41.020143
b5002a70-153d-4ac8-8099-7e3c264eb77f,THE SHEEP DETECTIVES,cgv,,26019500,,,,2D,2026-05-26,23bdb179-951c-496c-9192-7988c608a8b0,2026-05-26T16:28:41.020172
b5002a70-153d-4ac8-8099-7e3c264eb77f,SEKAWAN LIMO RE RELEASE,cgv,,26024900,,,,2D,2026-05-26,a64829d4-8806-4dbd-9ec1-0b155944cb03,2026-05-26T16:28:41.020201
b5002a70-153d-4ac8-8099-7e3c264eb77f,MONSTER,cgv,,23042200,,,,2D,2026-05-26,155c6b3e-5712-466b-9835-83d6e5cf0a8d,2026-05-26T16:28:41.020230
b5002a70-153d-4ac8-8099-7e3c264eb77f,SALMOKJI WHISPERING WATER,cgv,,26019100,,,,2D,2026-05-26,5b4ef531-a49f-40c4-9c0d-63ca3f2643c6,2026-05-26T16:28:41.020260
b5002a70-153d-4ac8-8099-7e3c264eb77f,THE DEVIL WEARS PRADA 2,cgv,,26019800,,,,2D,2026-05-26,23f2d7b4-d36c-4f50-9019-0f42ae8fbcbf,2026-05-26T16:28:41.020289
b5002a70-153d-4ac8-8099-7e3c264eb77f,STAR WARS THE MANDALORIAN AND GROGU 3D,cgv,,26025200,,,,2D,2026-05-26,1ef1bd56-19da-4b4e-981f-9a9520f5213b,2026-05-26T16:28:41.020320
b5002a70-153d-4ac8-8099-7e3c264eb77f,MOBILE SUIT GUNDAM HATHAWAY,cgv,,26021100,,,,2D,2026-05-26,c2756aef-d307-4742-a271-0712860aea94,2026-05-26T16:28:41.020348
b5002a70-153d-4ac8-8099-7e3c264eb77f,METHOD ACTING,cgv,,26023400,,,,2D,2026-05-26,98db8a44-5201-4718-916c-e959c33bcb3b,2026-05-26T16:28:41.020376
b5002a70-153d-4ac8-8099-7e3c264eb77f,CHAND MERA DIL,cgv,,26026000,,,,2D,2026-05-26,3e449265-c5a3-4e27-9db6-17d7b1ddfbe5,2026-05-26T16:28:41.020404
b5002a70-153d-4ac8-8099-7e3c264eb77f,THAT TIME I GOT REINCARNATED AS A SLIME THE MOVIE TEARS OF THE AZURE SEA,cgv,,26017900,,,,2D,2026-05-26,7298f769-886e-480c-9333-cdf12daeff60,2026-05-26T16:28:41.020434
b5002a70-153d-4ac8-8099-7e3c264eb77f,THE KINGS WARDEN,cgv,,26015000,,,,2D,2026-05-26,d69bca33-b577-4fbb-b219-fbc0fc6391c0,2026-05-26T16:28:41.020462
b5002a70-153d-4ac8-8099-7e3c264eb77f,KAMU HARUS MATI,cgv,,26023800,,,,2D,2026-05-26,d92083d3-5f85-4735-a5fb-c2d1ba9a94f9,2026-05-26T16:28:41.020492
b5002a70-153d-4ac8-8099-7e3c264eb77f,SUNSHINE WOMENS CHOIR,cgv,,26024400,,,,2D,2026-05-26,4c5652f5-2d4a-4218-9814-339fcd6cb553,2026-05-26T16:28:41.020522
b5002a70-153d-4ac8-8099-7e3c264eb77f,NA WILLA,cgv,,26003200,,,,2D,2026-05-26,75ffe762-be94-44c0-bf3b-6aae77c76171,2026-05-26T16:28:41.020551
b5002a70-153d-4ac8-8099-7e3c264eb77f,DILAN ITB 1997,cgv,,26016100,,,,2D,2026-05-26,067d61a0-6eb8-475b-af6d-2a31b2a7836f,2026-05-26T16:28:41.020582
b5002a70-153d-4ac8-8099-7e3c264eb77f,PEGASUS 3,cgv,,26025100,,,,2D,2026-05-26,c0d6d9a9-7ac4-44e8-887b-a46e49c51aee,2026-05-26T16:28:41.020611
4a7b895e-d648-4738-9d15-926edf87d218,TUMBAL PROYEK,cgv,,26014300,,,,2D,2026-05-26,09bad228-78ed-4bcf-a298-b6ead4d333dc,2026-05-26T16:28:41.137903
4a7b895e-d648-4738-9d15-926edf87d218,GUDANG MERICA,cgv,,26019400,,,,2D,2026-05-26,b4f0b514-92d9-44df-9515-4c8dc2240007,2026-05-26T16:28:41.137950
4a7b895e-d648-4738-9d15-926edf87d218,STAR WARS THE MANDALORIAN AND GROGU,cgv,,26021200,,,,2D,2026-05-26,8fcbf2bd-aa78-4950-ab79-f0fed0005fa9,2026-05-26T16:28:41.137986
4a7b895e-d648-4738-9d15-926edf87d218,SEMUA AKAN BAIK BAIK SAJA,cgv,,26018100,,,,2D,2026-05-26,4494bab1-63d6-4fd7-a165-3a83d4e0383d,2026-05-26T16:28:41.138020
4a7b895e-d648-4738-9d15-926edf87d218,GHOST IN THE CELL,cgv,,26011800,,,,2D,2026-05-26,c7217c22-121f-41ce-8b88-ba4213363c64,2026-05-26T16:28:41.138053
4a7b895e-d648-4738-9d15-926edf87d218,TEMAN TEGAR MAIRA,cgv,,26005400,,,,2D,2026-05-26,66f8540c-3b88-4116-8598-65d2164f8154,2026-05-26T16:28:41.138086
4a7b895e-d648-4738-9d15-926edf87d218,TIBA TIBA SETAN,cgv,,26007500,,,,2D,2026-05-26,7dd7154c-8362-4760-8307-108f8ca834fe,2026-05-26T16:28:41.138117
4a7b895e-d648-4738-9d15-926edf87d218,HOKUM,cgv,,26024600,,,,2D,2026-05-26,dee1623e-9dda-489b-b8b8-c06d600fdd94,2026-05-26T16:28:41.138147
4a7b895e-d648-4738-9d15-926edf87d218,MORTAL KOMBAT II,cgv,,26018200,,,,2D,2026-05-26,037d309d-2227-4143-bff2-9d94544bdd8c,2026-05-26T16:28:41.138177
4a7b895e-d648-4738-9d15-926edf87d218,GOHAN,cgv,,26022500,,,,2D,2026-05-26,0ca92b64-f8f2-4a7c-bc03-4faa7c03cbf6,2026-05-26T16:28:41.138207
4a7b895e-d648-4738-9d15-926edf87d218,AYAH INI ARAHNYA KEMANA YA,cgv,,26011000,,,,2D,2026-05-26,5b5596e9-45df-4d73-b777-037da44cc3a3,2026-05-26T16:28:41.138237
4a7b895e-d648-4738-9d15-926edf87d218,YANG LAIN BOLEH HILANG ASAL KAU JANGAN,cgv,,26018300,,,,2D,2026-05-26,e278fae1-6b69-46b8-a83a-e558007f94cc,2026-05-26T16:28:41.138268
4a7b895e-d648-4738-9d15-926edf87d218,KELUARGA SUAMI ADALAH HAMA,cgv,,26017700,,,,2D,2026-05-26,0eacbcce-54d4-42d7-b9bb-1f5e0029dca7,2026-05-26T16:28:41.138297
4a7b895e-d648-4738-9d15-926edf87d218,THE SHEEP DETECTIVES,cgv,,26019500,,,,2D,2026-05-26,3c78c55a-45ab-4ef7-bbfb-9d3fea88fe62,2026-05-26T16:28:41.138327
4a7b895e-d648-4738-9d15-926edf87d218,SEKAWAN LIMO RE RELEASE,cgv,,26024900,,,,2D,2026-05-26,93319321-bc30-4e16-940f-1d62f8244616,2026-05-26T16:28:41.138357
4a7b895e-d648-4738-9d15-926edf87d218,MONSTER,cgv,,23042200,,,,2D,2026-05-26,24916f97-116d-4f49-bd1e-a3fce44ed1a3,2026-05-26T16:28:41.138393
4a7b895e-d648-4738-9d15-926edf87d218,SALMOKJI WHISPERING WATER,cgv,,26019100,,,,2D,2026-05-26,be1ed81b-9e42-4d45-ae4b-9cb8c7ae2a6b,2026-05-26T16:28:41.138423
4a7b895e-d648-4738-9d15-926edf87d218,THE DEVIL WEARS PRADA 2,cgv,,26019800,,,,2D,2026-05-26,12113783-c278-4f0a-91ac-f1d9731ed488,2026-05-26T16:28:41.138453
4a7b895e-d648-4738-9d15-926edf87d218,STAR WARS THE MANDALORIAN AND GROGU 3D,cgv,,26025200,,,,2D,2026-05-26,214716fe-a3c2-4efc-9e38-bd81fc5be847,2026-05-26T16:28:41.138488
4a7b895e-d648-4738-9d15-926edf87d218,MOBILE SUIT GUNDAM HATHAWAY,cgv,,26021100,,,,2D,2026-05-26,723814ed-b2ba-4b7f-97f9-be555c6e6e75,2026-05-26T16:28:41.138521
4a7b895e-d648-4738-9d15-926edf87d218,METHOD ACTING,cgv,,26023400,,,,2D,2026-05-26,9c07e8d9-f013-4c1c-8993-264f2c0c40c0,2026-05-26T16:28:41.138550
4a7b895e-d648-4738-9d15-926edf87d218,CHAND MERA DIL,cgv,,26026000,,,,2D,2026-05-26,bc5e9c0a-b4e5-477b-895c-2312cfe74fc7,2026-05-26T16:28:41.138579
4a7b895e-d648-4738-9d15-926edf87d218,THAT TIME I GOT REINCARNATED AS A SLIME THE MOVIE TEARS OF THE AZURE SEA,cgv,,26017900,,,,2D,2026-05-26,68a2a492-51a7-402d-9372-7a1e89e8e221,2026-05-26T16:28:41.138618
4a7b895e-d648-4738-9d15-926edf87d218,THE KINGS WARDEN,cgv,,26015000,,,,2D,2026-05-26,f06ddf38-d0c4-43bc-a8d8-0417b2b40fed,2026-05-26T16:28:41.138647
4a7b895e-d648-4738-9d15-926edf87d218,KAMU HARUS MATI,cgv,,26023800,,,,2D,2026-05-26,3fdbb085-6088-421f-a2c4-12f5a392d993,2026-05-26T16:28:41.138676
4a7b895e-d648-4738-9d15-926edf87d218,SUNSHINE WOMENS CHOIR,cgv,,26024400,,,,2D,2026-05-26,95ae1ab0-e696-4782-930b-516e6bad00f8,2026-05-26T16:28:41.138713
4a7b895e-d648-4738-9d15-926edf87d218,NA WILLA,cgv,,26003200,,,,2D,2026-05-26,31a116fb-8263-4a52-a101-ad5405ae103d,2026-05-26T16:28:41.138741
4a7b895e-d648-4738-9d15-926edf87d218,DILAN ITB 1997,cgv,,26016100,,,,2D,2026-05-26,f8c9dc11-bdd3-4f08-88c1-3d39644fddfd,2026-05-26T16:28:41.138769
4a7b895e-d648-4738-9d15-926edf87d218,PEGASUS 3,cgv,,26025100,,,,2D,2026-05-26,08dd0f41-51c8-4b8e-a9d3-83645ca45dc1,2026-05-26T16:28:41.138801
50829a49-d20c-4ebe-bc88-d44085cb3d63,TUMBAL PROYEK,cgv,,26014300,,,,2D,2026-05-26,2203c514-6d49-4c41-abad-d0078c1532cc,2026-05-26T16:28:43.659485
50829a49-d20c-4ebe-bc88-d44085cb3d63,GUDANG MERICA,cgv,,26019400,,,,2D,2026-05-26,a990bc26-0273-476b-8f8c-426715705d90,2026-05-26T16:28:43.659535
50829a49-d20c-4ebe-bc88-d44085cb3d63,STAR WARS THE MANDALORIAN AND GROGU,cgv,,26021200,,,,2D,2026-05-26,0c1c2e44-6162-489c-9df2-8c773539c5d7,2026-05-26T16:28:43.659573
50829a49-d20c-4ebe-bc88-d44085cb3d63,SEMUA AKAN BAIK BAIK SAJA,cgv,,26018100,,,,2D,2026-05-26,2f9b65b2-400e-4418-b2ab-c5dbc1e1feec,2026-05-26T16:28:43.659606
50829a49-d20c-4ebe-bc88-d44085cb3d63,GHOST IN THE CELL,cgv,,26011800,,,,2D,2026-05-26,3826647f-e132-44a5-a595-bbbf512176ae,2026-05-26T16:28:43.659638
50829a49-d20c-4ebe-bc88-d44085cb3d63,TEMAN TEGAR MAIRA,cgv,,26005400,,,,2D,2026-05-26,8e60d870-0f5d-436a-8538-1cb005da3991,2026-05-26T16:28:43.659668
50829a49-d20c-4ebe-bc88-d44085cb3d63,TIBA TIBA SETAN,cgv,,26007500,,,,2D,2026-05-26,588fc643-f161-4ccd-8c63-debee37ec120,2026-05-26T16:28:43.659698
50829a49-d20c-4ebe-bc88-d44085cb3d63,HOKUM,cgv,,26024600,,,,2D,2026-05-26,03ae0fbe-9ebf-45da-bb47-dba437c61fc2,2026-05-26T16:28:43.659728
50829a49-d20c-4ebe-bc88-d44085cb3d63,MORTAL KOMBAT II,cgv,,26018200,,,,2D,2026-05-26,ca09e6ec-5116-4f9c-ae8b-ae992bb59a52,2026-05-26T16:28:43.659758
50829a49-d20c-4ebe-bc88-d44085cb3d63,GOHAN,cgv,,26022500,,,,2D,2026-05-26,11abff42-1f9b-42ab-9e43-91de6c1552ca,2026-05-26T16:28:43.659786
50829a49-d20c-4ebe-bc88-d44085cb3d63,AYAH INI ARAHNYA KEMANA YA,cgv,,26011000,,,,2D,2026-05-26,6429eecd-2db5-4521-a14a-1574ea857d81,2026-05-26T16:28:43.659816
50829a49-d20c-4ebe-bc88-d44085cb3d63,YANG LAIN BOLEH HILANG ASAL KAU JANGAN,cgv,,26018300,,,,2D,2026-05-26,a1a76335-20b0-47fe-b79c-75d18e81ee7f,2026-05-26T16:28:43.659846
50829a49-d20c-4ebe-bc88-d44085cb3d63,KELUARGA SUAMI ADALAH HAMA,cgv,,26017700,,,,2D,2026-05-26,0d579c8f-0df7-418e-80f1-2de3b48e2839,2026-05-26T16:28:43.659877
50829a49-d20c-4ebe-bc88-d44085cb3d63,THE SHEEP DETECTIVES,cgv,,26019500,,,,2D,2026-05-26,096f7883-a7eb-4ad4-896b-cf88ab87c083,2026-05-26T16:28:43.659907
50829a49-d20c-4ebe-bc88-d44085cb3d63,SEKAWAN LIMO RE RELEASE,cgv,,26024900,,,,2D,2026-05-26,1059aa85-aa92-4125-810c-c6a8e3f33f44,2026-05-26T16:28:43.659936
50829a49-d20c-4ebe-bc88-d44085cb3d63,MONSTER,cgv,,23042200,,,,2D,2026-05-26,c065efd0-5ebc-4e32-be24-07ef9c7fcd36,2026-05-26T16:28:43.659964
50829a49-d20c-4ebe-bc88-d44085cb3d63,SALMOKJI WHISPERING WATER,cgv,,26019100,,,,2D,2026-05-26,7a88f5b9-d501-4887-ad51-f96e947ac673,2026-05-26T16:28:43.659993
50829a49-d20c-4ebe-bc88-d44085cb3d63,THE DEVIL WEARS PRADA 2,cgv,,26019800,,,,2D,2026-05-26,71cbf448-b06a-4aa8-8882-30a74ff8331b,2026-05-26T16:28:43.660021
50829a49-d20c-4ebe-bc88-d44085cb3d63,STAR WARS THE MANDALORIAN AND GROGU 3D,cgv,,26025200,,,,2D,2026-05-26,5b6abf9b-f3bc-4c5e-b80c-61a45824207d,2026-05-26T16:28:43.660065
50829a49-d20c-4ebe-bc88-d44085cb3d63,MOBILE SUIT GUNDAM HATHAWAY,cgv,,26021100,,,,2D,2026-05-26,b20189b2-bb4a-45c0-ad6e-ff01a20526af,2026-05-26T16:28:43.660093
50829a49-d20c-4ebe-bc88-d44085cb3d63,METHOD ACTING,cgv,,26023400,,,,2D,2026-05-26,c835a889-6f1a-4b6e-8730-efee87ad1ad3,2026-05-26T16:28:43.660121
50829a49-d20c-4ebe-bc88-d44085cb3d63,CHAND MERA DIL,cgv,,26026000,,,,2D,2026-05-26,0eff55eb-4ea9-4f76-8709-576c77f123d5,2026-05-26T16:28:43.660162
50829a49-d20c-4ebe-bc88-d44085cb3d63,THAT TIME I GOT REINCARNATED AS A SLIME THE MOVIE TEARS OF THE AZURE SEA,cgv,,26017900,,,,2D,2026-05-26,4f792b29-3e13-45d2-bac0-8d2b3d41d86c,2026-05-26T16:28:43.660194
50829a49-d20c-4ebe-bc88-d44085cb3d63,THE KINGS WARDEN,cgv,,26015000,,,,2D,2026-05-26,fc4113d9-bf7b-4bce-af02-5f6ef534ef79,2026-05-26T16:28:43.660224
50829a49-d20c-4ebe-bc88-d44085cb3d63,KAMU HARUS MATI,cgv,,26023800,,,,2D,2026-05-26,0dc4a7d3-4712-47a5-bd64-b8563cf1719a,2026-05-26T16:28:43.660253
50829a49-d20c-4ebe-bc88-d44085cb3d63,SUNSHINE WOMENS CHOIR,cgv,,26024400,,,,2D,2026-05-26,0ee3d02e-7285-497c-8fb1-4c9f4232eb60,2026-05-26T16:28:43.660282
50829a49-d20c-4ebe-bc88-d44085cb3d63,NA WILLA,cgv,,26003200,,,,2D,2026-05-26,8350817c-9a29-4c5c-b1b9-c3602b8b7e55,2026-05-26T16:28:43.660311
50829a49-d20c-4ebe-bc88-d44085cb3d63,DILAN ITB 1997,cgv,,26016100,,,,2D,2026-05-26,a42cb723-8d2f-4e95-8698-edf5e8ae78ba,2026-05-26T16:28:43.660340
50829a49-d20c-4ebe-bc88-d44085cb3d63,PEGASUS 3,cgv,,26025100,,,,2D,2026-05-26,0506e911-55dc-4e7f-b3fd-11181df42d30,2026-05-26T16:28:43.660369
0be46518-a307-4c63-843c-ffa9a889f2f2,TUMBAL PROYEK,cgv,,26014300,,,,2D,2026-05-26,adba35c1-4b98-49f6-afab-59a504cfb2ea,2026-05-26T16:28:43.667289
0be46518-a307-4c63-843c-ffa9a889f2f2,GUDANG MERICA,cgv,,26019400,,,,2D,2026-05-26,4647ea43-b901-44cb-a030-fff8a68d06d0,2026-05-26T16:28:43.667322
0be46518-a307-4c63-843c-ffa9a889f2f2,STAR WARS THE MANDALORIAN AND GROGU,cgv,,26021200,,,,2D,2026-05-26,2eefaa5b-f794-4322-b01e-db0fe41a0980,2026-05-26T16:28:43.667350
0be46518-a307-4c63-843c-ffa9a889f2f2,SEMUA AKAN BAIK BAIK SAJA,cgv,,26018100,,,,2D,2026-05-26,b067fa33-3b75-402c-b358-646b69a15778,2026-05-26T16:28:43.667380
0be46518-a307-4c63-843c-ffa9a889f2f2,GHOST IN THE CELL,cgv,,26011800,,,,2D,2026-05-26,e11d373a-2584-4355-a07e-971b313aae37,2026-05-26T16:28:43.667407
0be46518-a307-4c63-843c-ffa9a889f2f2,TEMAN TEGAR MAIRA,cgv,,26005400,,,,2D,2026-05-26,d4e24586-b7ec-4710-9603-1a4b2c1dc710,2026-05-26T16:28:43.667431
0be46518-a307-4c63-843c-ffa9a889f2f2,TIBA TIBA SETAN,cgv,,26007500,,,,2D,2026-05-26,5c88e57e-8409-4b7a-8fe6-786d93bfd046,2026-05-26T16:28:43.667456
0be46518-a307-4c63-843c-ffa9a889f2f2,HOKUM,cgv,,26024600,,,,2D,2026-05-26,b138aef0-98c3-4fe5-be63-0c05bbd501e9,2026-05-26T16:28:43.667480
0be46518-a307-4c63-843c-ffa9a889f2f2,MORTAL KOMBAT II,cgv,,26018200,,,,2D,2026-05-26,09853aa9-3903-4336-ab48-76cf445acd3d,2026-05-26T16:28:43.667539
0be46518-a307-4c63-843c-ffa9a889f2f2,GOHAN,cgv,,26022500,,,,2D,2026-05-26,2e871bd3-76c9-41ad-9a08-6b72644fa607,2026-05-26T16:28:43.667705
0be46518-a307-4c63-843c-ffa9a889f2f2,AYAH INI ARAHNYA KEMANA YA,cgv,,26011000,,,,2D,2026-05-26,feea5bbc-76b0-4179-99d1-927dfa40e4e2,2026-05-26T16:28:43.667749
0be46518-a307-4c63-843c-ffa9a889f2f2,YANG LAIN BOLEH HILANG ASAL KAU JANGAN,cgv,,26018300,,,,2D,2026-05-26,48039b80-ea3a-41b3-ac7a-c6e4db86ed14,2026-05-26T16:28:43.667779
0be46518-a307-4c63-843c-ffa9a889f2f2,KELUARGA SUAMI ADALAH HAMA,cgv,,26017700,,,,2D,2026-05-26,6928c857-a4b7-4a7a-9c49-7ffdceacf581,2026-05-26T16:28:43.667810
0be46518-a307-4c63-843c-ffa9a889f2f2,THE SHEEP DETECTIVES,cgv,,26019500,,,,2D,2026-05-26,94ea9b2c-2c75-41d7-ae13-92059ebacd6d,2026-05-26T16:28:43.667836
0be46518-a307-4c63-843c-ffa9a889f2f2,SEKAWAN LIMO RE RELEASE,cgv,,26024900,,,,2D,2026-05-26,0ff8c93e-4dc4-4706-9a55-14306ff75f05,2026-05-26T16:28:43.667863
0be46518-a307-4c63-843c-ffa9a889f2f2,MONSTER,cgv,,23042200,,,,2D,2026-05-26,3f0645c8-a1e3-402e-b82b-fe50fa6d1f7a,2026-05-26T16:28:43.667888
0be46518-a307-4c63-843c-ffa9a889f2f2,SALMOKJI WHISPERING WATER,cgv,,26019100,,,,2D,2026-05-26,cea3e4d7-7a18-4efb-9d4e-3ccd7ddb9009,2026-05-26T16:28:43.667913
0be46518-a307-4c63-843c-ffa9a889f2f2,THE DEVIL WEARS PRADA 2,cgv,,26019800,,,,2D,2026-05-26,af2cf59d-a47a-48f3-90eb-b94514fe766b,2026-05-26T16:28:43.667939
0be46518-a307-4c63-843c-ffa9a889f2f2,STAR WARS THE MANDALORIAN AND GROGU 3D,cgv,,26025200,,,,2D,2026-05-26,77cd24dc-593f-4693-b22f-cd1b9c0cf136,2026-05-26T16:28:43.667965
0be46518-a307-4c63-843c-ffa9a889f2f2,MOBILE SUIT GUNDAM HATHAWAY,cgv,,26021100,,,,2D,2026-05-26,60fbcf9a-be95-409a-afcb-1e0a31f22537,2026-05-26T16:28:43.667990
0be46518-a307-4c63-843c-ffa9a889f2f2,METHOD ACTING,cgv,,26023400,,,,2D,2026-05-26,dc131f0d-fdf1-4aea-9506-a58febf2bfb1,2026-05-26T16:28:43.668024
0be46518-a307-4c63-843c-ffa9a889f2f2,CHAND MERA DIL,cgv,,26026000,,,,2D,2026-05-26,b856416a-82fd-4a86-9fe0-1dcbd19f2787,2026-05-26T16:28:43.668051
0be46518-a307-4c63-843c-ffa9a889f2f2,THAT TIME I GOT REINCARNATED AS A SLIME THE MOVIE TEARS OF THE AZURE SEA,cgv,,26017900,,,,2D,2026-05-26,72615206-b5f5-40f6-a518-d8faa2a70fa2,2026-05-26T16:28:43.668076
0be46518-a307-4c63-843c-ffa9a889f2f2,THE KINGS WARDEN,cgv,,26015000,,,,2D,2026-05-26,eab7e398-0ef0-42bf-aecc-bb63f1631e3d,2026-05-26T16:28:43.668101
0be46518-a307-4c63-843c-ffa9a889f2f2,KAMU HARUS MATI,cgv,,26023800,,,,2D,2026-05-26,c53b7e9f-c154-4a96-82a3-93b1e4994ab9,2026-05-26T16:28:43.668125
0be46518-a307-4c63-843c-ffa9a889f2f2,SUNSHINE WOMENS CHOIR,cgv,,26024400,,,,2D,2026-05-26,4fa919b9-98fb-4d1d-b896-8d033f9e406a,2026-05-26T16:28:43.668149
0be46518-a307-4c63-843c-ffa9a889f2f2,NA WILLA,cgv,,26003200,,,,2D,2026-05-26,ac5f9116-57d9-4712-b25a-be38841217ff,2026-05-26T16:28:43.668172
0be46518-a307-4c63-843c-ffa9a889f2f2,DILAN ITB 1997,cgv,,26016100,,,,2D,2026-05-26,efd431cf-1cfd-484b-b168-9beccb33ce7e,2026-05-26T16:28:43.668196
0be46518-a307-4c63-843c-ffa9a889f2f2,PEGASUS 3,cgv,,26025100,,,,2D,2026-05-26,b5addbd8-8545-4218-889f-475093f35ea8,2026-05-26T16:28:43.668220
41cf5d57-78db-454a-a31f-e1615e52a024,TUMBAL PROYEK,cgv,,26014300,,,,2D,2026-05-26,0180a5d0-2b48-4500-91df-a55dd0df0d96,2026-05-26T16:28:43.943219
41cf5d57-78db-454a-a31f-e1615e52a024,GUDANG MERICA,cgv,,26019400,,,,2D,2026-05-26,f6b9528d-6788-4e92-8d59-8b39e2558421,2026-05-26T16:28:43.943268
41cf5d57-78db-454a-a31f-e1615e52a024,STAR WARS THE MANDALORIAN AND GROGU,cgv,,26021200,,,,2D,2026-05-26,e3e0411b-3ddc-4595-8c5c-bd41abd8d9b8,2026-05-26T16:28:43.943304
41cf5d57-78db-454a-a31f-e1615e52a024,SEMUA AKAN BAIK BAIK SAJA,cgv,,26018100,,,,2D,2026-05-26,a78fc984-6b66-47f4-b975-ae6b4e0fce3a,2026-05-26T16:28:43.943339
41cf5d57-78db-454a-a31f-e1615e52a024,GHOST IN THE CELL,cgv,,26011800,,,,2D,2026-05-26,2f4f478e-dc7e-4b7e-9155-5e42ca1bf306,2026-05-26T16:28:43.943376
41cf5d57-78db-454a-a31f-e1615e52a024,TEMAN TEGAR MAIRA,cgv,,26005400,,,,2D,2026-05-26,8460169e-1ee9-45c2-be07-4b5abde27c41,2026-05-26T16:28:43.943406
41cf5d57-78db-454a-a31f-e1615e52a024,TIBA TIBA SETAN,cgv,,26007500,,,,2D,2026-05-26,83422cf5-7860-475b-a46b-02375fb9aab9,2026-05-26T16:28:43.943436
41cf5d57-78db-454a-a31f-e1615e52a024,HOKUM,cgv,,26024600,,,,2D,2026-05-26,a16d513d-2d5f-4cdf-83a5-2ec48a555cf7,2026-05-26T16:28:43.943466
41cf5d57-78db-454a-a31f-e1615e52a024,MORTAL KOMBAT II,cgv,,26018200,,,,2D,2026-05-26,b21d781e-a7cd-43f8-8389-a6d55a3915f4,2026-05-26T16:28:43.943495
41cf5d57-78db-454a-a31f-e1615e52a024,GOHAN,cgv,,26022500,,,,2D,2026-05-26,39601b58-9b5a-4dde-857d-f9f7d7f00487,2026-05-26T16:28:43.943524
41cf5d57-78db-454a-a31f-e1615e52a024,AYAH INI ARAHNYA KEMANA YA,cgv,,26011000,,,,2D,2026-05-26,81fbcd9f-8528-4018-8e03-98f03dcd5563,2026-05-26T16:28:43.943558
41cf5d57-78db-454a-a31f-e1615e52a024,YANG LAIN BOLEH HILANG ASAL KAU JANGAN,cgv,,26018300,,,,2D,2026-05-26,0cf3a77f-3782-4536-b3fa-fcc5b3e5f244,2026-05-26T16:28:43.943591
41cf5d57-78db-454a-a31f-e1615e52a024,KELUARGA SUAMI ADALAH HAMA,cgv,,26017700,,,,2D,2026-05-26,4822edf9-1a85-4441-9b1d-874e521db5b2,2026-05-26T16:28:43.943620
41cf5d57-78db-454a-a31f-e1615e52a024,THE SHEEP DETECTIVES,cgv,,26019500,,,,2D,2026-05-26,499e4428-68bf-47b6-bf31-2ab79b17f32d,2026-05-26T16:28:43.943649
41cf5d57-78db-454a-a31f-e1615e52a024,SEKAWAN LIMO RE RELEASE,cgv,,26024900,,,,2D,2026-05-26,a5ad3255-3e10-419e-bd2c-30d79f4e950a,2026-05-26T16:28:43.943678
41cf5d57-78db-454a-a31f-e1615e52a024,MONSTER,cgv,,23042200,,,,2D,2026-05-26,e569aa0f-a616-4515-a046-d759db3083e7,2026-05-26T16:28:43.943706
41cf5d57-78db-454a-a31f-e1615e52a024,SALMOKJI WHISPERING WATER,cgv,,26019100,,,,2D,2026-05-26,1cdc65f5-0bfa-48b5-b53a-64ea7e4e128a,2026-05-26T16:28:43.943736
41cf5d57-78db-454a-a31f-e1615e52a024,THE DEVIL WEARS PRADA 2,cgv,,26019800,,,,2D,2026-05-26,433c1090-2c9a-4312-b737-ef00fa5eabd2,2026-05-26T16:28:43.943764
41cf5d57-78db-454a-a31f-e1615e52a024,STAR WARS THE MANDALORIAN AND GROGU 3D,cgv,,26025200,,,,2D,2026-05-26,1b7cadce-6cd7-45f3-a07d-45ca0df99293,2026-05-26T16:28:43.943794
41cf5d57-78db-454a-a31f-e1615e52a024,MOBILE SUIT GUNDAM HATHAWAY,cgv,,26021100,,,,2D,2026-05-26,575d75e0-9969-4574-a6f9-9c49c63a3db6,2026-05-26T16:28:43.943827
41cf5d57-78db-454a-a31f-e1615e52a024,METHOD ACTING,cgv,,26023400,,,,2D,2026-05-26,80187e36-615b-4f23-b154-77cde07f259d,2026-05-26T16:28:43.943856
41cf5d57-78db-454a-a31f-e1615e52a024,CHAND MERA DIL,cgv,,26026000,,,,2D,2026-05-26,589649d4-1d5e-420d-8813-6b9335355191,2026-05-26T16:28:43.943885
41cf5d57-78db-454a-a31f-e1615e52a024,THAT TIME I GOT REINCARNATED AS A SLIME THE MOVIE TEARS OF THE AZURE SEA,cgv,,26017900,,,,2D,2026-05-26,34b231ab-2083-4997-bc5e-9b3d4a51c2a1,2026-05-26T16:28:43.943920
41cf5d57-78db-454a-a31f-e1615e52a024,THE KINGS WARDEN,cgv,,26015000,,,,2D,2026-05-26,e468574f-5dc9-4ba8-b330-e0bc99d5b222,2026-05-26T16:28:43.943950
41cf5d57-78db-454a-a31f-e1615e52a024,KAMU HARUS MATI,cgv,,26023800,,,,2D,2026-05-26,639c11c9-a416-406b-a5ce-08f953857427,2026-05-26T16:28:43.943980
41cf5d57-78db-454a-a31f-e1615e52a024,SUNSHINE WOMENS CHOIR,cgv,,26024400,,,,2D,2026-05-26,b83454c6-6c69-42bc-831a-a5db8bc9affa,2026-05-26T16:28:43.944012
41cf5d57-78db-454a-a31f-e1615e52a024,NA WILLA,cgv,,26003200,,,,2D,2026-05-26,18394516-7d4e-486d-9f69-99f6c9c885d2,2026-05-26T16:28:43.944043
41cf5d57-78db-454a-a31f-e1615e52a024,DILAN ITB 1997,cgv,,26016100,,,,2D,2026-05-26,0fbe9d38-2376-46c5-99c4-8af8d07280ea,2026-05-26T16:28:43.944072
41cf5d57-78db-454a-a31f-e1615e52a024,PEGASUS 3,cgv,,26025100,,,,2D,2026-05-26,0f57f86b-9e2a-4f1b-b50e-0dde0c789373,2026-05-26T16:28:43.944102
02d3fd43-c7ce-42a7-826b-9e6830b5c0c8,TUMBAL PROYEK,cgv,,26014300,,,,2D,2026-05-26,39243d69-a066-4666-8a8b-c9682aebadf9,2026-05-26T16:28:44.709590
02d3fd43-c7ce-42a7-826b-9e6830b5c0c8,GUDANG MERICA,cgv,,26019400,,,,2D,2026-05-26,90891db9-977c-49de-bda2-5ad4d55935f0,2026-05-26T16:28:44.709610
02d3fd43-c7ce-42a7-826b-9e6830b5c0c8,STAR WARS THE MANDALORIAN AND GROGU,cgv,,26021200,,,,2D,2026-05-26,d5dc9533-b1c2-4415-a938-be4813afa803,2026-05-26T16:28:44.709627
02d3fd43-c7ce-42a7-826b-9e6830b5c0c8,SEMUA AKAN BAIK BAIK SAJA,cgv,,26018100,,,,2D,2026-05-26,55898192-469a-46fe-a449-0d162bfca385,2026-05-26T16:28:44.709642
02d3fd43-c7ce-42a7-826b-9e6830b5c0c8,GHOST IN THE CELL,cgv,,26011800,,,,2D,2026-05-26,ff5b0419-cf45-426b-96e7-02beb09e49a8,2026-05-26T16:28:44.709656
02d3fd43-c7ce-42a7-826b-9e6830b5c0c8,TEMAN TEGAR MAIRA,cgv,,26005400,,,,2D,2026-05-26,c7433c31-cac2-4a0e-bf9f-9e11b4332e24,2026-05-26T16:28:44.709671
02d3fd43-c7ce-42a7-826b-9e6830b5c0c8,TIBA TIBA SETAN,cgv,,26007500,,,,2D,2026-05-26,80173673-f09d-466e-8af9-e8c2254f4db5,2026-05-26T16:28:44.709684
02d3fd43-c7ce-42a7-826b-9e6830b5c0c8,HOKUM,cgv,,26024600,,,,2D,2026-05-26,83c985d7-8a47-4d58-8f6e-37922ee542eb,2026-05-26T16:28:44.709698
02d3fd43-c7ce-42a7-826b-9e6830b5c0c8,MORTAL KOMBAT II,cgv,,26018200,,,,2D,2026-05-26,0e9b8a70-bf3d-4ed7-afdd-06b2761e4d28,2026-05-26T16:28:44.709712
02d3fd43-c7ce-42a7-826b-9e6830b5c0c8,GOHAN,cgv,,26022500,,,,2D,2026-05-26,778ea5c5-7713-4a3b-88e3-a4cf33342b9d,2026-05-26T16:28:44.709726
02d3fd43-c7ce-42a7-826b-9e6830b5c0c8,AYAH INI ARAHNYA KEMANA YA,cgv,,26011000,,,,2D,2026-05-26,a229c4d2-d32f-42a5-806e-7a3f927d5424,2026-05-26T16:28:44.709740
02d3fd43-c7ce-42a7-826b-9e6830b5c0c8,YANG LAIN BOLEH HILANG ASAL KAU JANGAN,cgv,,26018300,,,,2D,2026-05-26,2fae8321-c6d2-4d83-b2c9-7e463a2c66ef,2026-05-26T16:28:44.709753
02d3fd43-c7ce-42a7-826b-9e6830b5c0c8,KELUARGA SUAMI ADALAH HAMA,cgv,,26017700,,,,2D,2026-05-26,11577ccb-3396-4281-b5c3-c3199e817dd3,2026-05-26T16:28:44.709766
02d3fd43-c7ce-42a7-826b-9e6830b5c0c8,THE SHEEP DETECTIVES,cgv,,26019500,,,,2D,2026-05-26,a63e7527-93da-4e57-a0a9-e01348d40026,2026-05-26T16:28:44.709780
02d3fd43-c7ce-42a7-826b-9e6830b5c0c8,SEKAWAN LIMO RE RELEASE,cgv,,26024900,,,,2D,2026-05-26,87cc1657-9547-4414-b91c-a49d71184f98,2026-05-26T16:28:44.709793
02d3fd43-c7ce-42a7-826b-9e6830b5c0c8,MONSTER,cgv,,23042200,,,,2D,2026-05-26,73353045-c320-4bf2-b9f4-b6e478bc40d3,2026-05-26T16:28:44.709807
02d3fd43-c7ce-42a7-826b-9e6830b5c0c8,SALMOKJI WHISPERING WATER,cgv,,26019100,,,,2D,2026-05-26,1a4e18ce-2bd4-4ba8-a3e0-b5e8254d1389,2026-05-26T16:28:44.709820
02d3fd43-c7ce-42a7-826b-9e6830b5c0c8,THE DEVIL WEARS PRADA 2,cgv,,26019800,,,,2D,2026-05-26,22711b3d-39e4-4ace-9474-a91491d96671,2026-05-26T16:28:44.709833
02d3fd43-c7ce-42a7-826b-9e6830b5c0c8,STAR WARS THE MANDALORIAN AND GROGU 3D,cgv,,26025200,,,,2D,2026-05-26,aa1a5142-f160-4409-b49b-6158d089a412,2026-05-26T16:28:44.709847
02d3fd43-c7ce-42a7-826b-9e6830b5c0c8,MOBILE SUIT GUNDAM HATHAWAY,cgv,,26021100,,,,2D,2026-05-26,bb7b776a-05f1-4c78-9deb-2349c3171d61,2026-05-26T16:28:44.709860
02d3fd43-c7ce-42a7-826b-9e6830b5c0c8,METHOD ACTING,cgv,,26023400,,,,2D,2026-05-26,685af964-e6ac-4240-b2e4-188e5419d735,2026-05-26T16:28:44.709873
02d3fd43-c7ce-42a7-826b-9e6830b5c0c8,CHAND MERA DIL,cgv,,26026000,,,,2D,2026-05-26,53053f16-4de1-4e57-9b8c-a9d12694f27a,2026-05-26T16:28:44.709887
02d3fd43-c7ce-42a7-826b-9e6830b5c0c8,THAT TIME I GOT REINCARNATED AS A SLIME THE MOVIE TEARS OF THE AZURE SEA,cgv,,26017900,,,,2D,2026-05-26,e7d1a8e5-887e-4a49-8cef-540c1cc1fdf0,2026-05-26T16:28:44.709900
02d3fd43-c7ce-42a7-826b-9e6830b5c0c8,THE KINGS WARDEN,cgv,,26015000,,,,2D,2026-05-26,ea9c72f2-81fc-45bf-999e-9fab62b226b2,2026-05-26T16:28:44.709914
02d3fd43-c7ce-42a7-826b-9e6830b5c0c8,KAMU HARUS MATI,cgv,,26023800,,,,2D,2026-05-26,f284f5b5-5324-42f7-9e3e-dd86e113e824,2026-05-26T16:28:44.709927
02d3fd43-c7ce-42a7-826b-9e6830b5c0c8,SUNSHINE WOMENS CHOIR,cgv,,26024400,,,,2D,2026-05-26,8411a996-115c-441c-a2b5-071ffa52b586,2026-05-26T16:28:44.709940
02d3fd43-c7ce-42a7-826b-9e6830b5c0c8,NA WILLA,cgv,,26003200,,,,2D,2026-05-26,a498693b-ab9c-4b30-a037-61938fa6a1b1,2026-05-26T16:28:44.709953
02d3fd43-c7ce-42a7-826b-9e6830b5c0c8,DILAN ITB 1997,cgv,,26016100,,,,2D,2026-05-26,4afba26a-21aa-48b4-bbaa-fa90f9d46fa4,2026-05-26T16:28:44.709967
02d3fd43-c7ce-42a7-826b-9e6830b5c0c8,PEGASUS 3,cgv,,26025100,,,,2D,2026-05-26,7154859b-fcb1-4164-b3d3-82e9e05ea082,2026-05-26T16:28:44.709980
96b7996f-101c-4a4e-aa02-08cca0eed238,TUMBAL PROYEK,cgv,,26014300,,,,2D,2026-05-26,28ae7ea5-e2cf-4e82-af03-9d11d6ec400f,2026-05-26T16:28:44.675005
96b7996f-101c-4a4e-aa02-08cca0eed238,GUDANG MERICA,cgv,,26019400,,,,2D,2026-05-26,3d08135a-3614-4bf5-8c40-dc2ad894c21a,2026-05-26T16:28:44.675026
96b7996f-101c-4a4e-aa02-08cca0eed238,STAR WARS THE MANDALORIAN AND GROGU,cgv,,26021200,,,,2D,2026-05-26,b3dd7874-5ac2-4e3d-9143-fc269a6d51ac,2026-05-26T16:28:44.675042
96b7996f-101c-4a4e-aa02-08cca0eed238,SEMUA AKAN BAIK BAIK SAJA,cgv,,26018100,,,,2D,2026-05-26,03436272-1961-4cf0-b20a-6b9c89b4b9f4,2026-05-26T16:28:44.675057
96b7996f-101c-4a4e-aa02-08cca0eed238,GHOST IN THE CELL,cgv,,26011800,,,,2D,2026-05-26,3ec15b23-981d-40b6-9aab-bbf3ba8195cc,2026-05-26T16:28:44.675072
96b7996f-101c-4a4e-aa02-08cca0eed238,TEMAN TEGAR MAIRA,cgv,,26005400,,,,2D,2026-05-26,5f851de2-666d-4479-9015-16ca1d76a282,2026-05-26T16:28:44.675085
96b7996f-101c-4a4e-aa02-08cca0eed238,TIBA TIBA SETAN,cgv,,26007500,,,,2D,2026-05-26,be9f41e0-5bb1-4e62-9943-2cac82daebb8,2026-05-26T16:28:44.675099
96b7996f-101c-4a4e-aa02-08cca0eed238,HOKUM,cgv,,26024600,,,,2D,2026-05-26,22c13c09-5fe2-49b6-8659-bc1c8623ca8d,2026-05-26T16:28:44.675112
96b7996f-101c-4a4e-aa02-08cca0eed238,MORTAL KOMBAT II,cgv,,26018200,,,,2D,2026-05-26,9a57ed06-41ed-4092-850f-01a0cfe92cfc,2026-05-26T16:28:44.675125
96b7996f-101c-4a4e-aa02-08cca0eed238,GOHAN,cgv,,26022500,,,,2D,2026-05-26,9e8b403c-b882-483d-be2d-341d0dedc97d,2026-05-26T16:28:44.675138
96b7996f-101c-4a4e-aa02-08cca0eed238,AYAH INI ARAHNYA KEMANA YA,cgv,,26011000,,,,2D,2026-05-26,81d7e534-cfd4-4039-a7e2-39a9f094ac1c,2026-05-26T16:28:44.675151
96b7996f-101c-4a4e-aa02-08cca0eed238,YANG LAIN BOLEH HILANG ASAL KAU JANGAN,cgv,,26018300,,,,2D,2026-05-26,852b131e-1acc-49a7-ac61-05f9cd6d777c,2026-05-26T16:28:44.675163
96b7996f-101c-4a4e-aa02-08cca0eed238,KELUARGA SUAMI ADALAH HAMA,cgv,,26017700,,,,2D,2026-05-26,5d074365-a1a3-47f0-aa4c-47507d065cc6,2026-05-26T16:28:44.675176
96b7996f-101c-4a4e-aa02-08cca0eed238,THE SHEEP DETECTIVES,cgv,,26019500,,,,2D,2026-05-26,f37e2839-898d-43c9-86f9-2de328f2a1eb,2026-05-26T16:28:44.675189
96b7996f-101c-4a4e-aa02-08cca0eed238,SEKAWAN LIMO RE RELEASE,cgv,,26024900,,,,2D,2026-05-26,6a53b148-528e-470d-9918-d065f58f8f2a,2026-05-26T16:28:44.675201
96b7996f-101c-4a4e-aa02-08cca0eed238,MONSTER,cgv,,23042200,,,,2D,2026-05-26,0b89c58a-d593-4865-82d9-c24c0612dc18,2026-05-26T16:28:44.675214
96b7996f-101c-4a4e-aa02-08cca0eed238,SALMOKJI WHISPERING WATER,cgv,,26019100,,,,2D,2026-05-26,a665c9ec-a76a-4512-b370-b37a83aafbde,2026-05-26T16:28:44.675227
96b7996f-101c-4a4e-aa02-08cca0eed238,THE DEVIL WEARS PRADA 2,cgv,,26019800,,,,2D,2026-05-26,8604ab5a-7d51-469b-98f4-6cd508ed8629,2026-05-26T16:28:44.675240
96b7996f-101c-4a4e-aa02-08cca0eed238,STAR WARS THE MANDALORIAN AND GROGU 3D,cgv,,26025200,,,,2D,2026-05-26,9eca94c6-26d1-4883-88f0-e9caee42ac84,2026-05-26T16:28:44.675253
96b7996f-101c-4a4e-aa02-08cca0eed238,MOBILE SUIT GUNDAM HATHAWAY,cgv,,26021100,,,,2D,2026-05-26,c4ce5c77-6b3f-4339-aafa-5ae05a9e3a8a,2026-05-26T16:28:44.675266
96b7996f-101c-4a4e-aa02-08cca0eed238,METHOD ACTING,cgv,,26023400,,,,2D,2026-05-26,f304059a-e0b5-4ed6-b2ee-8e9c77397941,2026-05-26T16:28:44.675279
96b7996f-101c-4a4e-aa02-08cca0eed238,CHAND MERA DIL,cgv,,26026000,,,,2D,2026-05-26,22c7cbf3-90b0-4175-9b67-a96ee988481a,2026-05-26T16:28:44.675292
96b7996f-101c-4a4e-aa02-08cca0eed238,THAT TIME I GOT REINCARNATED AS A SLIME THE MOVIE TEARS OF THE AZURE SEA,cgv,,26017900,,,,2D,2026-05-26,14aa2cea-b92b-44a7-b27a-145baea25393,2026-05-26T16:28:44.675306
96b7996f-101c-4a4e-aa02-08cca0eed238,THE KINGS WARDEN,cgv,,26015000,,,,2D,2026-05-26,e9e3b23a-0cf4-41e7-9cad-f32a45cc0e3b,2026-05-26T16:28:44.675318
96b7996f-101c-4a4e-aa02-08cca0eed238,KAMU HARUS MATI,cgv,,26023800,,,,2D,2026-05-26,fba9174c-5376-497a-a6b1-51ca03d12266,2026-05-26T16:28:44.675331
96b7996f-101c-4a4e-aa02-08cca0eed238,SUNSHINE WOMENS CHOIR,cgv,,26024400,,,,2D,2026-05-26,ff06b5bf-2d4e-405e-992a-ecb629636abf,2026-05-26T16:28:44.675343
96b7996f-101c-4a4e-aa02-08cca0eed238,NA WILLA,cgv,,26003200,,,,2D,2026-05-26,ab32fdd4-60ab-4ce5-bebc-fabef16c9abc,2026-05-26T16:28:44.675356
96b7996f-101c-4a4e-aa02-08cca0eed238,DILAN ITB 1997,cgv,,26016100,,,,2D,2026-05-26,14bac5b5-ef9a-4a4e-ae96-4fe8aa3c0da4,2026-05-26T16:28:44.675369
96b7996f-101c-4a4e-aa02-08cca0eed238,PEGASUS 3,cgv,,26025100,,,,2D,2026-05-26,cede52a3-6ea4-46f1-9646-8ccf1037db1a,2026-05-26T16:28:44.675382
a9e74500-6dfc-446e-8a32-a1aaaf7e1717,TUMBAL PROYEK,cgv,,26014300,,,,2D,2026-05-26,917450cb-3236-4070-874e-7643d7017d64,2026-05-26T16:28:47.325321
a9e74500-6dfc-446e-8a32-a1aaaf7e1717,GUDANG MERICA,cgv,,26019400,,,,2D,2026-05-26,f73e2a7c-ab37-43e3-9dcc-bd89b7aa8d37,2026-05-26T16:28:47.325342
a9e74500-6dfc-446e-8a32-a1aaaf7e1717,STAR WARS THE MANDALORIAN AND GROGU,cgv,,26021200,,,,2D,2026-05-26,fb9b0589-b523-49ea-9a14-38b3bd102833,2026-05-26T16:28:47.325358
a9e74500-6dfc-446e-8a32-a1aaaf7e1717,SEMUA AKAN BAIK BAIK SAJA,cgv,,26018100,,,,2D,2026-05-26,6de7d6cc-9ddf-4004-944b-a53d9ca29141,2026-05-26T16:28:47.325372
a9e74500-6dfc-446e-8a32-a1aaaf7e1717,GHOST IN THE CELL,cgv,,26011800,,,,2D,2026-05-26,aeff5afa-f769-4504-9f24-29f094cdd8ba,2026-05-26T16:28:47.325386
a9e74500-6dfc-446e-8a32-a1aaaf7e1717,TEMAN TEGAR MAIRA,cgv,,26005400,,,,2D,2026-05-26,b4438374-29b8-415e-aa55-a4da54cc37b8,2026-05-26T16:28:47.325400
a9e74500-6dfc-446e-8a32-a1aaaf7e1717,TIBA TIBA SETAN,cgv,,26007500,,,,2D,2026-05-26,60010db2-3ff5-47f2-8f3b-a5185406908f,2026-05-26T16:28:47.325413
a9e74500-6dfc-446e-8a32-a1aaaf7e1717,HOKUM,cgv,,26024600,,,,2D,2026-05-26,ec360c8a-80cb-4f72-8f7a-8d16e221f4c5,2026-05-26T16:28:47.325426
a9e74500-6dfc-446e-8a32-a1aaaf7e1717,MORTAL KOMBAT II,cgv,,26018200,,,,2D,2026-05-26,6844f2c0-c739-43b8-a66d-6d1323e53dc6,2026-05-26T16:28:47.325439
a9e74500-6dfc-446e-8a32-a1aaaf7e1717,GOHAN,cgv,,26022500,,,,2D,2026-05-26,14b8f077-562b-441c-a149-4c9ef8641e82,2026-05-26T16:28:47.325452
a9e74500-6dfc-446e-8a32-a1aaaf7e1717,AYAH INI ARAHNYA KEMANA YA,cgv,,26011000,,,,2D,2026-05-26,50248acc-574a-4082-9272-a2b1b95e18e7,2026-05-26T16:28:47.325465
a9e74500-6dfc-446e-8a32-a1aaaf7e1717,YANG LAIN BOLEH HILANG ASAL KAU JANGAN,cgv,,26018300,,,,2D,2026-05-26,9bb7242e-0a0b-4ac8-b54c-394c2b496548,2026-05-26T16:28:47.325478
a9e74500-6dfc-446e-8a32-a1aaaf7e1717,KELUARGA SUAMI ADALAH HAMA,cgv,,26017700,,,,2D,2026-05-26,288059d1-1f1b-43ce-b037-0c8caff8753b,2026-05-26T16:28:47.325492
a9e74500-6dfc-446e-8a32-a1aaaf7e1717,THE SHEEP DETECTIVES,cgv,,26019500,,,,2D,2026-05-26,4d87c867-c50e-4672-9404-0e8eab103ff8,2026-05-26T16:28:47.325505
a9e74500-6dfc-446e-8a32-a1aaaf7e1717,SEKAWAN LIMO RE RELEASE,cgv,,26024900,,,,2D,2026-05-26,dba9ed3d-3995-464f-91af-78f64f314e27,2026-05-26T16:28:47.325518
a9e74500-6dfc-446e-8a32-a1aaaf7e1717,MONSTER,cgv,,23042200,,,,2D,2026-05-26,2708cae5-e8a8-4919-85f1-7c66a064e92a,2026-05-26T16:28:47.325532
a9e74500-6dfc-446e-8a32-a1aaaf7e1717,SALMOKJI WHISPERING WATER,cgv,,26019100,,,,2D,2026-05-26,726eaf6b-bce4-4db5-be04-0d2ae2dc5397,2026-05-26T16:28:47.325545
a9e74500-6dfc-446e-8a32-a1aaaf7e1717,THE DEVIL WEARS PRADA 2,cgv,,26019800,,,,2D,2026-05-26,3566b0b9-7575-47f7-8ba5-d15f7efbd382,2026-05-26T16:28:47.325558
a9e74500-6dfc-446e-8a32-a1aaaf7e1717,STAR WARS THE MANDALORIAN AND GROGU 3D,cgv,,26025200,,,,2D,2026-05-26,ccfdd623-5910-4661-b1b6-13270f72c77e,2026-05-26T16:28:47.325572
a9e74500-6dfc-446e-8a32-a1aaaf7e1717,MOBILE SUIT GUNDAM HATHAWAY,cgv,,26021100,,,,2D,2026-05-26,ffa25d81-cc68-41d4-92e8-e205c6007511,2026-05-26T16:28:47.325585
a9e74500-6dfc-446e-8a32-a1aaaf7e1717,METHOD ACTING,cgv,,26023400,,,,2D,2026-05-26,673c92d8-ccef-4fa5-ae36-ed96ab0b8b9c,2026-05-26T16:28:47.325597
a9e74500-6dfc-446e-8a32-a1aaaf7e1717,CHAND MERA DIL,cgv,,26026000,,,,2D,2026-05-26,1666c595-d422-406a-9bb4-97208f05452a,2026-05-26T16:28:47.325610
a9e74500-6dfc-446e-8a32-a1aaaf7e1717,THAT TIME I GOT REINCARNATED AS A SLIME THE MOVIE TEARS OF THE AZURE SEA,cgv,,26017900,,,,2D,2026-05-26,b0865f14-8b64-4e48-9b5a-6498373f46c0,2026-05-26T16:28:47.325624
a9e74500-6dfc-446e-8a32-a1aaaf7e1717,THE KINGS WARDEN,cgv,,26015000,,,,2D,2026-05-26,c209b882-d9c7-4904-a25b-09a19436f049,2026-05-26T16:28:47.325636
a9e74500-6dfc-446e-8a32-a1aaaf7e1717,KAMU HARUS MATI,cgv,,26023800,,,,2D,2026-05-26,d2d21ceb-4aad-4b99-8f17-a9d032f195a3,2026-05-26T16:28:47.325649
a9e74500-6dfc-446e-8a32-a1aaaf7e1717,SUNSHINE WOMENS CHOIR,cgv,,26024400,,,,2D,2026-05-26,4e0d33d0-21da-4141-b99a-329ddf22239a,2026-05-26T16:28:47.325661
a9e74500-6dfc-446e-8a32-a1aaaf7e1717,NA WILLA,cgv,,26003200,,,,2D,2026-05-26,459bb2aa-d672-4035-b5b2-05cce2968b4f,2026-05-26T16:28:47.325674
a9e74500-6dfc-446e-8a32-a1aaaf7e1717,DILAN ITB 1997,cgv,,26016100,,,,2D,2026-05-26,e1088016-8925-4883-9246-53c17de4054c,2026-05-26T16:28:47.325687
a9e74500-6dfc-446e-8a32-a1aaaf7e1717,PEGASUS 3,cgv,,26025100,,,,2D,2026-05-26,128ccbfc-025b-4782-a628-9fdbff83a71f,2026-05-26T16:28:47.325700
1d627926-ea56-4538-a6c2-c7d5e22faae3,TUMBAL PROYEK,cgv,,26014300,,,,2D,2026-05-26,0b0f45a0-df60-42a1-9e11-76cf17332e65,2026-05-26T16:28:46.983836
1d627926-ea56-4538-a6c2-c7d5e22faae3,GUDANG MERICA,cgv,,26019400,,,,2D,2026-05-26,439db6e2-fc02-4830-800a-0a7e6edefe74,2026-05-26T16:28:46.983857
1d627926-ea56-4538-a6c2-c7d5e22faae3,STAR WARS THE MANDALORIAN AND GROGU,cgv,,26021200,,,,2D,2026-05-26,15afa5f5-8927-497e-9cd6-4660c5284e10,2026-05-26T16:28:46.983873
1d627926-ea56-4538-a6c2-c7d5e22faae3,SEMUA AKAN BAIK BAIK SAJA,cgv,,26018100,,,,2D,2026-05-26,6413c38e-f543-4cd4-8ba5-5f5532ac8db0,2026-05-26T16:28:46.983888
1d627926-ea56-4538-a6c2-c7d5e22faae3,GHOST IN THE CELL,cgv,,26011800,,,,2D,2026-05-26,9621b9ba-41a7-4a67-9499-350c86ea359c,2026-05-26T16:28:46.983902
1d627926-ea56-4538-a6c2-c7d5e22faae3,TEMAN TEGAR MAIRA,cgv,,26005400,,,,2D,2026-05-26,e90879ad-938c-490d-8291-68849cb2f465,2026-05-26T16:28:46.983915
1d627926-ea56-4538-a6c2-c7d5e22faae3,TIBA TIBA SETAN,cgv,,26007500,,,,2D,2026-05-26,02a5346e-2b2e-490e-a89b-b5b4d56e5b97,2026-05-26T16:28:46.983929
1d627926-ea56-4538-a6c2-c7d5e22faae3,HOKUM,cgv,,26024600,,,,2D,2026-05-26,9f770386-f2aa-47ec-90cd-2bfad35b0ef1,2026-05-26T16:28:46.983942
1d627926-ea56-4538-a6c2-c7d5e22faae3,MORTAL KOMBAT II,cgv,,26018200,,,,2D,2026-05-26,37cbb21d-4052-4806-9d71-e0074786fc04,2026-05-26T16:28:46.983955
1d627926-ea56-4538-a6c2-c7d5e22faae3,GOHAN,cgv,,26022500,,,,2D,2026-05-26,653ad6d6-fb98-476f-879a-5c8582933815,2026-05-26T16:28:46.983968
1d627926-ea56-4538-a6c2-c7d5e22faae3,AYAH INI ARAHNYA KEMANA YA,cgv,,26011000,,,,2D,2026-05-26,22c8d643-7e1e-4150-8e00-4ad3caabf6aa,2026-05-26T16:28:46.983981
1d627926-ea56-4538-a6c2-c7d5e22faae3,YANG LAIN BOLEH HILANG ASAL KAU JANGAN,cgv,,26018300,,,,2D,2026-05-26,64ed6e77-a3e0-418e-8b08-b5b1c3328f0d,2026-05-26T16:28:46.983994
1d627926-ea56-4538-a6c2-c7d5e22faae3,KELUARGA SUAMI ADALAH HAMA,cgv,,26017700,,,,2D,2026-05-26,5a394ec8-4ac3-45da-81ee-ccbc7493da67,2026-05-26T16:28:46.984007
1d627926-ea56-4538-a6c2-c7d5e22faae3,THE SHEEP DETECTIVES,cgv,,26019500,,,,2D,2026-05-26,ee63fa81-3686-499b-b305-886bb17f4c09,2026-05-26T16:28:46.984019
1d627926-ea56-4538-a6c2-c7d5e22faae3,SEKAWAN LIMO RE RELEASE,cgv,,26024900,,,,2D,2026-05-26,1175a18d-3470-4181-a906-5884ea83c0ad,2026-05-26T16:28:46.984032
1d627926-ea56-4538-a6c2-c7d5e22faae3,MONSTER,cgv,,23042200,,,,2D,2026-05-26,130e2cd2-e10e-4e5c-b8cd-1fdf89041043,2026-05-26T16:28:46.984045
1d627926-ea56-4538-a6c2-c7d5e22faae3,SALMOKJI WHISPERING WATER,cgv,,26019100,,,,2D,2026-05-26,62a164ee-d971-4529-9034-08b4ef284c22,2026-05-26T16:28:46.984058
1d627926-ea56-4538-a6c2-c7d5e22faae3,THE DEVIL WEARS PRADA 2,cgv,,26019800,,,,2D,2026-05-26,57eabe26-a25c-4b0c-ac0c-93e2ec206d0e,2026-05-26T16:28:46.984071
1d627926-ea56-4538-a6c2-c7d5e22faae3,STAR WARS THE MANDALORIAN AND GROGU 3D,cgv,,26025200,,,,2D,2026-05-26,0e067ec7-4801-4ac4-b695-e1f428f8a38b,2026-05-26T16:28:46.984085
1d627926-ea56-4538-a6c2-c7d5e22faae3,MOBILE SUIT GUNDAM HATHAWAY,cgv,,26021100,,,,2D,2026-05-26,9656d8bf-dbc3-45b3-b43a-228ae6f076d3,2026-05-26T16:28:46.984098
1d627926-ea56-4538-a6c2-c7d5e22faae3,METHOD ACTING,cgv,,26023400,,,,2D,2026-05-26,94b1d7a0-e038-4a38-9b31-65150d2a1f32,2026-05-26T16:28:46.984110
1d627926-ea56-4538-a6c2-c7d5e22faae3,CHAND MERA DIL,cgv,,26026000,,,,2D,2026-05-26,ee9e3344-5448-4a9a-a8e4-1f7102831344,2026-05-26T16:28:46.984123
1d627926-ea56-4538-a6c2-c7d5e22faae3,THAT TIME I GOT REINCARNATED AS A SLIME THE MOVIE TEARS OF THE AZURE SEA,cgv,,26017900,,,,2D,2026-05-26,832ae1dd-802d-4bef-b341-ae3defa89dc8,2026-05-26T16:28:46.984136
1d627926-ea56-4538-a6c2-c7d5e22faae3,THE KINGS WARDEN,cgv,,26015000,,,,2D,2026-05-26,d696a6e4-3cb8-465b-a150-c198d4c8bd49,2026-05-26T16:28:46.984149
1d627926-ea56-4538-a6c2-c7d5e22faae3,KAMU HARUS MATI,cgv,,26023800,,,,2D,2026-05-26,07c6a343-fa14-4740-b718-ae9e40eb03a3,2026-05-26T16:28:46.984162
1d627926-ea56-4538-a6c2-c7d5e22faae3,SUNSHINE WOMENS CHOIR,cgv,,26024400,,,,2D,2026-05-26,a020abec-3c99-4065-8d73-2bb38430cf5f,2026-05-26T16:28:46.984174
1d627926-ea56-4538-a6c2-c7d5e22faae3,NA WILLA,cgv,,26003200,,,,2D,2026-05-26,13914bed-f69b-4e61-9d0e-60523f46e65e,2026-05-26T16:28:46.984188
1d627926-ea56-4538-a6c2-c7d5e22faae3,DILAN ITB 1997,cgv,,26016100,,,,2D,2026-05-26,1ea836b9-74cc-42c6-b856-23a88113c338,2026-05-26T16:28:46.984201
1d627926-ea56-4538-a6c2-c7d5e22faae3,PEGASUS 3,cgv,,26025100,,,,2D,2026-05-26,3c893b89-e7d3-4637-a081-3988ce23c3f0,2026-05-26T16:28:46.984213
f40a717e-9210-4342-827f-1f90c71cf9bd,TUMBAL PROYEK,cgv,,26014300,,,,2D,2026-05-26,a34ba46e-6be4-422b-8fa0-2e1f0c6baee5,2026-05-26T16:28:47.375196
f40a717e-9210-4342-827f-1f90c71cf9bd,GUDANG MERICA,cgv,,26019400,,,,2D,2026-05-26,85d46467-4bdb-4f5f-aace-c9c4de68cca1,2026-05-26T16:28:47.375217
f40a717e-9210-4342-827f-1f90c71cf9bd,STAR WARS THE MANDALORIAN AND GROGU,cgv,,26021200,,,,2D,2026-05-26,b845aab1-3289-4dbb-bdf7-ba0d2d94d835,2026-05-26T16:28:47.375233
f40a717e-9210-4342-827f-1f90c71cf9bd,SEMUA AKAN BAIK BAIK SAJA,cgv,,26018100,,,,2D,2026-05-26,4faf398e-ff88-415b-92c8-8b2deaf97d19,2026-05-26T16:28:47.375247
f40a717e-9210-4342-827f-1f90c71cf9bd,GHOST IN THE CELL,cgv,,26011800,,,,2D,2026-05-26,0044d8ef-f6e2-4261-a1a6-d87cb4cd3489,2026-05-26T16:28:47.375262
f40a717e-9210-4342-827f-1f90c71cf9bd,TEMAN TEGAR MAIRA,cgv,,26005400,,,,2D,2026-05-26,ae63f9df-7cdb-4cef-b097-61700a51327d,2026-05-26T16:28:47.375276
f40a717e-9210-4342-827f-1f90c71cf9bd,TIBA TIBA SETAN,cgv,,26007500,,,,2D,2026-05-26,2bdb9d8d-f356-4828-af45-27cc154dad5a,2026-05-26T16:28:47.375289
f40a717e-9210-4342-827f-1f90c71cf9bd,HOKUM,cgv,,26024600,,,,2D,2026-05-26,6ca8d4f3-dcac-4b10-b4a0-2696d58d8a70,2026-05-26T16:28:47.375302
f40a717e-9210-4342-827f-1f90c71cf9bd,MORTAL KOMBAT II,cgv,,26018200,,,,2D,2026-05-26,dadb811e-4298-4a1e-a866-1baafeb397ae,2026-05-26T16:28:47.375316
f40a717e-9210-4342-827f-1f90c71cf9bd,GOHAN,cgv,,26022500,,,,2D,2026-05-26,440700c9-5b66-41e3-badb-92dad5bf60bd,2026-05-26T16:28:47.375329
f40a717e-9210-4342-827f-1f90c71cf9bd,AYAH INI ARAHNYA KEMANA YA,cgv,,26011000,,,,2D,2026-05-26,be6a0327-402b-4d17-aa29-152e2f4dbd64,2026-05-26T16:28:47.375342
f40a717e-9210-4342-827f-1f90c71cf9bd,YANG LAIN BOLEH HILANG ASAL KAU JANGAN,cgv,,26018300,,,,2D,2026-05-26,33d00641-5405-45d2-b369-576d0ae8f1d9,2026-05-26T16:28:47.375355
f40a717e-9210-4342-827f-1f90c71cf9bd,KELUARGA SUAMI ADALAH HAMA,cgv,,26017700,,,,2D,2026-05-26,b085e510-175e-496c-9278-007995688481,2026-05-26T16:28:47.375368
f40a717e-9210-4342-827f-1f90c71cf9bd,THE SHEEP DETECTIVES,cgv,,26019500,,,,2D,2026-05-26,247eb274-5147-46f0-98d1-b1db9a15e2f2,2026-05-26T16:28:47.375381
f40a717e-9210-4342-827f-1f90c71cf9bd,SEKAWAN LIMO RE RELEASE,cgv,,26024900,,,,2D,2026-05-26,68801d62-17e1-4e0f-9de1-78b63a64ad44,2026-05-26T16:28:47.375393
f40a717e-9210-4342-827f-1f90c71cf9bd,MONSTER,cgv,,23042200,,,,2D,2026-05-26,46a997a6-8cc9-4c5f-ae3a-c65b9c72485f,2026-05-26T16:28:47.375406
f40a717e-9210-4342-827f-1f90c71cf9bd,SALMOKJI WHISPERING WATER,cgv,,26019100,,,,2D,2026-05-26,9d81d541-62c2-48cc-b1ec-c7996a7b4cb3,2026-05-26T16:28:47.375418
f40a717e-9210-4342-827f-1f90c71cf9bd,THE DEVIL WEARS PRADA 2,cgv,,26019800,,,,2D,2026-05-26,0482b136-e3ea-48d0-b942-ece297ef65b5,2026-05-26T16:28:47.375431
f40a717e-9210-4342-827f-1f90c71cf9bd,STAR WARS THE MANDALORIAN AND GROGU 3D,cgv,,26025200,,,,2D,2026-05-26,7984f80b-0ff8-4e74-94e5-04773062a02c,2026-05-26T16:28:47.375445
f40a717e-9210-4342-827f-1f90c71cf9bd,MOBILE SUIT GUNDAM HATHAWAY,cgv,,26021100,,,,2D,2026-05-26,474be97d-fa08-499b-bd8b-8cbcc8955bfd,2026-05-26T16:28:47.375458
f40a717e-9210-4342-827f-1f90c71cf9bd,METHOD ACTING,cgv,,26023400,,,,2D,2026-05-26,9625dc34-06e0-41de-a72c-d7162daa089d,2026-05-26T16:28:47.375471
f40a717e-9210-4342-827f-1f90c71cf9bd,CHAND MERA DIL,cgv,,26026000,,,,2D,2026-05-26,9c940429-dd6d-4bdf-8c91-7cd49a6ca91e,2026-05-26T16:28:47.375483
f40a717e-9210-4342-827f-1f90c71cf9bd,THAT TIME I GOT REINCARNATED AS A SLIME THE MOVIE TEARS OF THE AZURE SEA,cgv,,26017900,,,,2D,2026-05-26,49754aac-9f28-47a0-beb5-dd4fb0bf4dec,2026-05-26T16:28:47.375496
f40a717e-9210-4342-827f-1f90c71cf9bd,THE KINGS WARDEN,cgv,,26015000,,,,2D,2026-05-26,67b74ef7-2233-4e4b-8d85-0cc7b4a8925e,2026-05-26T16:28:47.375509
f40a717e-9210-4342-827f-1f90c71cf9bd,KAMU HARUS MATI,cgv,,26023800,,,,2D,2026-05-26,182f87cd-2628-4f0a-9cb1-5e3f720c3f69,2026-05-26T16:28:47.375522
f40a717e-9210-4342-827f-1f90c71cf9bd,SUNSHINE WOMENS CHOIR,cgv,,26024400,,,,2D,2026-05-26,0d0a57b3-2211-4108-b0d4-d50ccc3432db,2026-05-26T16:28:47.375534
f40a717e-9210-4342-827f-1f90c71cf9bd,NA WILLA,cgv,,26003200,,,,2D,2026-05-26,438efcde-aa6d-487b-b487-dd4da2c4ff6d,2026-05-26T16:28:47.375547
f40a717e-9210-4342-827f-1f90c71cf9bd,DILAN ITB 1997,cgv,,26016100,,,,2D,2026-05-26,e136df46-871c-48c5-9fb2-00dadbc1eb5f,2026-05-26T16:28:47.375560
f40a717e-9210-4342-827f-1f90c71cf9bd,PEGASUS 3,cgv,,26025100,,,,2D,2026-05-26,f8364a4f-8a7f-4bd2-a92d-63cda5ccb8d0,2026-05-26T16:28:47.375572
65f5d5db-fd43-463a-b386-9b251ceb294a,TUMBAL PROYEK,cgv,,26014300,,,,2D,2026-05-26,5fcdb375-f71e-4e62-b010-e03873d5347e,2026-05-26T16:28:47.971724
65f5d5db-fd43-463a-b386-9b251ceb294a,GUDANG MERICA,cgv,,26019400,,,,2D,2026-05-26,2a439617-6821-4af1-9d02-c4fd33cef9e0,2026-05-26T16:28:47.971741
65f5d5db-fd43-463a-b386-9b251ceb294a,STAR WARS THE MANDALORIAN AND GROGU,cgv,,26021200,,,,2D,2026-05-26,0962f717-a66f-4354-beff-bf20985b21e9,2026-05-26T16:28:47.971754
65f5d5db-fd43-463a-b386-9b251ceb294a,SEMUA AKAN BAIK BAIK SAJA,cgv,,26018100,,,,2D,2026-05-26,1d17fd1b-20c3-4702-9fde-e6968900fdde,2026-05-26T16:28:47.971766
65f5d5db-fd43-463a-b386-9b251ceb294a,GHOST IN THE CELL,cgv,,26011800,,,,2D,2026-05-26,7226c8f3-e4e2-4638-acb3-9591de9e1594,2026-05-26T16:28:47.971780
65f5d5db-fd43-463a-b386-9b251ceb294a,TEMAN TEGAR MAIRA,cgv,,26005400,,,,2D,2026-05-26,d07cec99-2e4e-4c6c-8672-7668b75436be,2026-05-26T16:28:47.971791
65f5d5db-fd43-463a-b386-9b251ceb294a,TIBA TIBA SETAN,cgv,,26007500,,,,2D,2026-05-26,ba82b33f-f7c2-48ad-ac12-e280a5406d17,2026-05-26T16:28:47.971801
65f5d5db-fd43-463a-b386-9b251ceb294a,HOKUM,cgv,,26024600,,,,2D,2026-05-26,d9a016c4-080c-440b-b226-0dd8d4ab3ffe,2026-05-26T16:28:47.971811
65f5d5db-fd43-463a-b386-9b251ceb294a,MORTAL KOMBAT II,cgv,,26018200,,,,2D,2026-05-26,54d1e930-895a-4099-ac72-d9ba2a97e3d2,2026-05-26T16:28:47.971821
65f5d5db-fd43-463a-b386-9b251ceb294a,GOHAN,cgv,,26022500,,,,2D,2026-05-26,9095be54-6890-4c3f-996a-0fa0be4223ae,2026-05-26T16:28:47.971831
65f5d5db-fd43-463a-b386-9b251ceb294a,AYAH INI ARAHNYA KEMANA YA,cgv,,26011000,,,,2D,2026-05-26,9f26ed55-b770-4377-a704-d089b5ffd1e7,2026-05-26T16:28:47.971841
65f5d5db-fd43-463a-b386-9b251ceb294a,YANG LAIN BOLEH HILANG ASAL KAU JANGAN,cgv,,26018300,,,,2D,2026-05-26,bec9ef1d-1a3c-4fd0-b893-57a182782176,2026-05-26T16:28:47.971851
65f5d5db-fd43-463a-b386-9b251ceb294a,KELUARGA SUAMI ADALAH HAMA,cgv,,26017700,,,,2D,2026-05-26,6288374e-45e8-48fc-95ff-162f69f44fd9,2026-05-26T16:28:47.971864
65f5d5db-fd43-463a-b386-9b251ceb294a,THE SHEEP DETECTIVES,cgv,,26019500,,,,2D,2026-05-26,88a72711-57f7-40e9-b4ba-6ec31fef2cd0,2026-05-26T16:28:47.971874
65f5d5db-fd43-463a-b386-9b251ceb294a,SEKAWAN LIMO RE RELEASE,cgv,,26024900,,,,2D,2026-05-26,9c688229-f668-4de6-b8b1-ca24349962c4,2026-05-26T16:28:47.971884
65f5d5db-fd43-463a-b386-9b251ceb294a,MONSTER,cgv,,23042200,,,,2D,2026-05-26,5c3350ed-ac61-4385-8ebf-3079349c90e5,2026-05-26T16:28:47.971894
65f5d5db-fd43-463a-b386-9b251ceb294a,SALMOKJI WHISPERING WATER,cgv,,26019100,,,,2D,2026-05-26,6da6ee42-3379-4a67-9dde-9b8e0e231875,2026-05-26T16:28:47.971903
65f5d5db-fd43-463a-b386-9b251ceb294a,THE DEVIL WEARS PRADA 2,cgv,,26019800,,,,2D,2026-05-26,c81db306-2d36-4b56-ba86-2653c012f556,2026-05-26T16:28:47.971913
65f5d5db-fd43-463a-b386-9b251ceb294a,STAR WARS THE MANDALORIAN AND GROGU 3D,cgv,,26025200,,,,2D,2026-05-26,2aec7963-1b2e-4a50-91f8-ede17a9c81b0,2026-05-26T16:28:47.971924
65f5d5db-fd43-463a-b386-9b251ceb294a,MOBILE SUIT GUNDAM HATHAWAY,cgv,,26021100,,,,2D,2026-05-26,0820ec90-7cf6-49a9-90bf-a22d1ba43dc3,2026-05-26T16:28:47.971934
65f5d5db-fd43-463a-b386-9b251ceb294a,METHOD ACTING,cgv,,26023400,,,,2D,2026-05-26,1e29670b-387c-495b-83c0-2a17a95b09d2,2026-05-26T16:28:47.971944
65f5d5db-fd43-463a-b386-9b251ceb294a,CHAND MERA DIL,cgv,,26026000,,,,2D,2026-05-26,df625ad9-7087-45ce-ad4d-507a28c44b6f,2026-05-26T16:28:47.971954
65f5d5db-fd43-463a-b386-9b251ceb294a,THAT TIME I GOT REINCARNATED AS A SLIME THE MOVIE TEARS OF THE AZURE SEA,cgv,,26017900,,,,2D,2026-05-26,1fd7496d-5e52-4a64-b11a-8b0bde131ba7,2026-05-26T16:28:47.971964
65f5d5db-fd43-463a-b386-9b251ceb294a,THE KINGS WARDEN,cgv,,26015000,,,,2D,2026-05-26,41e2528b-4230-4369-99ea-15fd3ed0f928,2026-05-26T16:28:47.971973
65f5d5db-fd43-463a-b386-9b251ceb294a,KAMU HARUS MATI,cgv,,26023800,,,,2D,2026-05-26,d1cc5886-ff0a-4a8d-a142-275b526c1fad,2026-05-26T16:28:47.971983
65f5d5db-fd43-463a-b386-9b251ceb294a,SUNSHINE WOMENS CHOIR,cgv,,26024400,,,,2D,2026-05-26,fb65be2d-f4e8-4f13-8c0b-876730b6412a,2026-05-26T16:28:47.971993
65f5d5db-fd43-463a-b386-9b251ceb294a,NA WILLA,cgv,,26003200,,,,2D,2026-05-26,d9dae1ea-d27b-42bc-9c9f-5df9efccb9ad,2026-05-26T16:28:47.972003
65f5d5db-fd43-463a-b386-9b251ceb294a,DILAN ITB 1997,cgv,,26016100,,,,2D,2026-05-26,b327f2c5-5047-43f6-9642-444059d0a80b,2026-05-26T16:28:47.972013
65f5d5db-fd43-463a-b386-9b251ceb294a,PEGASUS 3,cgv,,26025100,,,,2D,2026-05-26,dd910e82-90e1-463b-a65d-4dbd2cf1f3fd,2026-05-26T16:28:47.972022
e243bbc0-23fd-4351-983a-4053e5fd9e82,TUMBAL PROYEK,cgv,,26014300,,,,2D,2026-05-26,83b3ebbc-b59f-42f1-8db5-77e1398fb2dd,2026-05-26T16:28:47.983987
e243bbc0-23fd-4351-983a-4053e5fd9e82,GUDANG MERICA,cgv,,26019400,,,,2D,2026-05-26,ebd0676f-fbb3-4c49-acb5-67a96ee8737d,2026-05-26T16:28:47.984003
e243bbc0-23fd-4351-983a-4053e5fd9e82,STAR WARS THE MANDALORIAN AND GROGU,cgv,,26021200,,,,2D,2026-05-26,e0c7c9ee-e2fe-4809-acf7-7c1e6b18af48,2026-05-26T16:28:47.984015
e243bbc0-23fd-4351-983a-4053e5fd9e82,SEMUA AKAN BAIK BAIK SAJA,cgv,,26018100,,,,2D,2026-05-26,63d040c9-c3fe-4baf-9579-4970515c298a,2026-05-26T16:28:47.984026
e243bbc0-23fd-4351-983a-4053e5fd9e82,GHOST IN THE CELL,cgv,,26011800,,,,2D,2026-05-26,40265d6a-2f0a-4677-b3f9-3d1703a1e373,2026-05-26T16:28:47.984037
e243bbc0-23fd-4351-983a-4053e5fd9e82,TEMAN TEGAR MAIRA,cgv,,26005400,,,,2D,2026-05-26,b0f276ef-c460-4d78-afe8-68b05821bb0d,2026-05-26T16:28:47.984047
e243bbc0-23fd-4351-983a-4053e5fd9e82,TIBA TIBA SETAN,cgv,,26007500,,,,2D,2026-05-26,d6d93134-4476-4fff-8406-bfeb6c52d341,2026-05-26T16:28:47.984058
e243bbc0-23fd-4351-983a-4053e5fd9e82,HOKUM,cgv,,26024600,,,,2D,2026-05-26,3fe9275e-deb8-474d-ad77-bc1a097c60d3,2026-05-26T16:28:47.984068
e243bbc0-23fd-4351-983a-4053e5fd9e82,MORTAL KOMBAT II,cgv,,26018200,,,,2D,2026-05-26,05ff6385-40de-4ecb-a9c4-46e07226e261,2026-05-26T16:28:47.984078
e243bbc0-23fd-4351-983a-4053e5fd9e82,GOHAN,cgv,,26022500,,,,2D,2026-05-26,449fc5d2-6b88-4479-8191-a885a865a0d1,2026-05-26T16:28:47.984088
e243bbc0-23fd-4351-983a-4053e5fd9e82,AYAH INI ARAHNYA KEMANA YA,cgv,,26011000,,,,2D,2026-05-26,b5f5eff0-2275-48cf-b209-b82091b03de7,2026-05-26T16:28:47.984098
e243bbc0-23fd-4351-983a-4053e5fd9e82,YANG LAIN BOLEH HILANG ASAL KAU JANGAN,cgv,,26018300,,,,2D,2026-05-26,67d047f2-5041-4faf-a155-8cd77ee9dda5,2026-05-26T16:28:47.984109
e243bbc0-23fd-4351-983a-4053e5fd9e82,KELUARGA SUAMI ADALAH HAMA,cgv,,26017700,,,,2D,2026-05-26,22e84af7-b1dc-4503-955f-53932bf36618,2026-05-26T16:28:47.984119
e243bbc0-23fd-4351-983a-4053e5fd9e82,THE SHEEP DETECTIVES,cgv,,26019500,,,,2D,2026-05-26,3f6d8df5-de4b-49b3-be7b-a3c8621a608b,2026-05-26T16:28:47.984129
e243bbc0-23fd-4351-983a-4053e5fd9e82,SEKAWAN LIMO RE RELEASE,cgv,,26024900,,,,2D,2026-05-26,bff19a3f-8554-4e2a-9453-148305152885,2026-05-26T16:28:47.984139
e243bbc0-23fd-4351-983a-4053e5fd9e82,MONSTER,cgv,,23042200,,,,2D,2026-05-26,b5bf57dc-4236-4d8a-a47f-d36b57df5936,2026-05-26T16:28:47.984149
e243bbc0-23fd-4351-983a-4053e5fd9e82,SALMOKJI WHISPERING WATER,cgv,,26019100,,,,2D,2026-05-26,bb3c3c0e-d123-4ae2-8d9c-bf4d92a97f2f,2026-05-26T16:28:47.984159
e243bbc0-23fd-4351-983a-4053e5fd9e82,THE DEVIL WEARS PRADA 2,cgv,,26019800,,,,2D,2026-05-26,ce7828be-c1c3-453c-891b-b50195577cd3,2026-05-26T16:28:47.984168
e243bbc0-23fd-4351-983a-4053e5fd9e82,STAR WARS THE MANDALORIAN AND GROGU 3D,cgv,,26025200,,,,2D,2026-05-26,c7e416fc-c310-44c5-9d68-a97971dc591f,2026-05-26T16:28:47.984179
e243bbc0-23fd-4351-983a-4053e5fd9e82,MOBILE SUIT GUNDAM HATHAWAY,cgv,,26021100,,,,2D,2026-05-26,e3c9d19b-e257-4bb5-bdcb-2a5e525ff48a,2026-05-26T16:28:47.984188
e243bbc0-23fd-4351-983a-4053e5fd9e82,METHOD ACTING,cgv,,26023400,,,,2D,2026-05-26,2545b8f8-3bd7-455b-b015-f4ce0974fd0c,2026-05-26T16:28:47.984198
e243bbc0-23fd-4351-983a-4053e5fd9e82,CHAND MERA DIL,cgv,,26026000,,,,2D,2026-05-26,8b570a84-82f2-4101-a972-06b4c96222c7,2026-05-26T16:28:47.984208
e243bbc0-23fd-4351-983a-4053e5fd9e82,THAT TIME I GOT REINCARNATED AS A SLIME THE MOVIE TEARS OF THE AZURE SEA,cgv,,26017900,,,,2D,2026-05-26,95232789-b4dd-485e-8952-770fbafe9e6e,2026-05-26T16:28:47.984218
e243bbc0-23fd-4351-983a-4053e5fd9e82,THE KINGS WARDEN,cgv,,26015000,,,,2D,2026-05-26,4d346dc4-7021-4c87-b5e4-2704eaa22a0a,2026-05-26T16:28:47.984228
e243bbc0-23fd-4351-983a-4053e5fd9e82,KAMU HARUS MATI,cgv,,26023800,,,,2D,2026-05-26,ec033145-1758-491b-8bfb-5f4f266610e0,2026-05-26T16:28:47.984237
e243bbc0-23fd-4351-983a-4053e5fd9e82,SUNSHINE WOMENS CHOIR,cgv,,26024400,,,,2D,2026-05-26,8189fb2f-7fde-406b-b112-c1c90b7203f0,2026-05-26T16:28:47.984247
e243bbc0-23fd-4351-983a-4053e5fd9e82,NA WILLA,cgv,,26003200,,,,2D,2026-05-26,449ac4d0-4700-4737-ae7a-491221925350,2026-05-26T16:28:47.984257
e243bbc0-23fd-4351-983a-4053e5fd9e82,DILAN ITB 1997,cgv,,26016100,,,,2D,2026-05-26,7dbf1120-3e9b-4007-b176-3d24feb8add7,2026-05-26T16:28:47.984267
e243bbc0-23fd-4351-983a-4053e5fd9e82,PEGASUS 3,cgv,,26025100,,,,2D,2026-05-26,d47fc780-ace9-4b8a-90a6-413dc18ec9e0,2026-05-26T16:28:47.984276
40234554-96b5-4657-8a40-b71a56da9b59,TUMBAL PROYEK,cgv,,26014300,,,,2D,2026-05-26,7a778c2a-b3b7-4e92-a7af-f4181e223763,2026-05-26T16:28:50.498488
40234554-96b5-4657-8a40-b71a56da9b59,GUDANG MERICA,cgv,,26019400,,,,2D,2026-05-26,0341a8ae-358e-4592-ba80-427876ab45b5,2026-05-26T16:28:50.498506
40234554-96b5-4657-8a40-b71a56da9b59,STAR WARS THE MANDALORIAN AND GROGU,cgv,,26021200,,,,2D,2026-05-26,2535a1b9-4b45-48b9-9ab1-ffa927694cfa,2026-05-26T16:28:50.498519
40234554-96b5-4657-8a40-b71a56da9b59,SEMUA AKAN BAIK BAIK SAJA,cgv,,26018100,,,,2D,2026-05-26,507188b5-b77f-4faa-9483-05ef55e74222,2026-05-26T16:28:50.498530
40234554-96b5-4657-8a40-b71a56da9b59,GHOST IN THE CELL,cgv,,26011800,,,,2D,2026-05-26,df958b4d-280d-4981-a56d-76456f6e71f0,2026-05-26T16:28:50.498541
40234554-96b5-4657-8a40-b71a56da9b59,TEMAN TEGAR MAIRA,cgv,,26005400,,,,2D,2026-05-26,6f5bd86b-fcd6-4e6f-b670-3cab3e6bb87b,2026-05-26T16:28:50.498553
40234554-96b5-4657-8a40-b71a56da9b59,TIBA TIBA SETAN,cgv,,26007500,,,,2D,2026-05-26,857f8b4e-ec85-4728-bea1-c8b2640d0374,2026-05-26T16:28:50.498563
40234554-96b5-4657-8a40-b71a56da9b59,HOKUM,cgv,,26024600,,,,2D,2026-05-26,d19294df-ba48-48b6-bc95-b46af629a775,2026-05-26T16:28:50.498573
40234554-96b5-4657-8a40-b71a56da9b59,MORTAL KOMBAT II,cgv,,26018200,,,,2D,2026-05-26,79870e55-3797-4f64-a212-48a7494f92fe,2026-05-26T16:28:50.498585
40234554-96b5-4657-8a40-b71a56da9b59,GOHAN,cgv,,26022500,,,,2D,2026-05-26,ef4ec86e-281e-4ce8-a498-39a4ac27f124,2026-05-26T16:28:50.498595
40234554-96b5-4657-8a40-b71a56da9b59,AYAH INI ARAHNYA KEMANA YA,cgv,,26011000,,,,2D,2026-05-26,c0476dd1-55e5-4256-99df-ce1fc25ab5c6,2026-05-26T16:28:50.498606
40234554-96b5-4657-8a40-b71a56da9b59,YANG LAIN BOLEH HILANG ASAL KAU JANGAN,cgv,,26018300,,,,2D,2026-05-26,e9000020-294f-4635-a27d-f628b4727ae3,2026-05-26T16:28:50.498616
40234554-96b5-4657-8a40-b71a56da9b59,KELUARGA SUAMI ADALAH HAMA,cgv,,26017700,,,,2D,2026-05-26,3699a7e3-6294-4763-897d-0d27e1c72569,2026-05-26T16:28:50.498626
40234554-96b5-4657-8a40-b71a56da9b59,THE SHEEP DETECTIVES,cgv,,26019500,,,,2D,2026-05-26,3527fc10-a6a8-4a54-b911-d1d0a3801ab1,2026-05-26T16:28:50.498636
40234554-96b5-4657-8a40-b71a56da9b59,SEKAWAN LIMO RE RELEASE,cgv,,26024900,,,,2D,2026-05-26,7c7390c5-2c68-4b24-987f-e06939ebbc2f,2026-05-26T16:28:50.498645
40234554-96b5-4657-8a40-b71a56da9b59,MONSTER,cgv,,23042200,,,,2D,2026-05-26,d9bceac5-6baf-4979-ae79-e300583e061c,2026-05-26T16:28:50.498655
40234554-96b5-4657-8a40-b71a56da9b59,SALMOKJI WHISPERING WATER,cgv,,26019100,,,,2D,2026-05-26,ff47c77d-f160-4d08-b5e3-3032f4d27b84,2026-05-26T16:28:50.498664
40234554-96b5-4657-8a40-b71a56da9b59,THE DEVIL WEARS PRADA 2,cgv,,26019800,,,,2D,2026-05-26,7a3ce36f-a53e-41d0-8848-fc944fde6556,2026-05-26T16:28:50.498673
40234554-96b5-4657-8a40-b71a56da9b59,STAR WARS THE MANDALORIAN AND GROGU 3D,cgv,,26025200,,,,2D,2026-05-26,53df9479-c572-4516-8852-aac0377c6632,2026-05-26T16:28:50.498683
40234554-96b5-4657-8a40-b71a56da9b59,MOBILE SUIT GUNDAM HATHAWAY,cgv,,26021100,,,,2D,2026-05-26,05c8c5c5-9b47-4d9e-bd0e-b239c4e1cd08,2026-05-26T16:28:50.498696
40234554-96b5-4657-8a40-b71a56da9b59,METHOD ACTING,cgv,,26023400,,,,2D,2026-05-26,ae544d4a-7d93-445d-9b00-37d297f29772,2026-05-26T16:28:50.498710
40234554-96b5-4657-8a40-b71a56da9b59,CHAND MERA DIL,cgv,,26026000,,,,2D,2026-05-26,7bedc7a7-e194-4937-9e41-1a10e9e3b26d,2026-05-26T16:28:50.498719
40234554-96b5-4657-8a40-b71a56da9b59,THAT TIME I GOT REINCARNATED AS A SLIME THE MOVIE TEARS OF THE AZURE SEA,cgv,,26017900,,,,2D,2026-05-26,be5f9774-a1c0-49a9-a3b7-85ce29888b74,2026-05-26T16:28:50.498729
40234554-96b5-4657-8a40-b71a56da9b59,THE KINGS WARDEN,cgv,,26015000,,,,2D,2026-05-26,18012e1e-abec-463c-8a64-e324df7e7da7,2026-05-26T16:28:50.498738
40234554-96b5-4657-8a40-b71a56da9b59,KAMU HARUS MATI,cgv,,26023800,,,,2D,2026-05-26,78b847be-aa1c-4181-aad0-b36647b08732,2026-05-26T16:28:50.498747
40234554-96b5-4657-8a40-b71a56da9b59,SUNSHINE WOMENS CHOIR,cgv,,26024400,,,,2D,2026-05-26,908e7535-6636-4cc7-abf4-f91fab2b4fc8,2026-05-26T16:28:50.498760
40234554-96b5-4657-8a40-b71a56da9b59,NA WILLA,cgv,,26003200,,,,2D,2026-05-26,fb5b3ab9-b8d3-4593-a385-7e3245e63a82,2026-05-26T16:28:50.498770
40234554-96b5-4657-8a40-b71a56da9b59,DILAN ITB 1997,cgv,,26016100,,,,2D,2026-05-26,b59a6d6c-7380-4d75-9f61-8643665503d4,2026-05-26T16:28:50.498779
40234554-96b5-4657-8a40-b71a56da9b59,PEGASUS 3,cgv,,26025100,,,,2D,2026-05-26,c723814d-cdae-48d6-8eee-17162481c11b,2026-05-26T16:28:50.498788
bdae4fc5-af5b-4f31-9ff2-81582095c36f,TUMBAL PROYEK,cgv,,26014300,,,,2D,2026-05-26,9116b157-067d-4c60-ae25-2f05fd65696c,2026-05-26T16:28:50.624281
bdae4fc5-af5b-4f31-9ff2-81582095c36f,GUDANG MERICA,cgv,,26019400,,,,2D,2026-05-26,8784bfc6-0089-4545-b6da-935dd60e0f0c,2026-05-26T16:28:50.624301
bdae4fc5-af5b-4f31-9ff2-81582095c36f,STAR WARS THE MANDALORIAN AND GROGU,cgv,,26021200,,,,2D,2026-05-26,25b8dd08-0b9a-45ae-8df1-82dee0611478,2026-05-26T16:28:50.624317
bdae4fc5-af5b-4f31-9ff2-81582095c36f,SEMUA AKAN BAIK BAIK SAJA,cgv,,26018100,,,,2D,2026-05-26,36656fae-64df-40e1-a197-c9032607d559,2026-05-26T16:28:50.624331
bdae4fc5-af5b-4f31-9ff2-81582095c36f,GHOST IN THE CELL,cgv,,26011800,,,,2D,2026-05-26,6561c400-d259-4cd9-b23f-5ef9270540cc,2026-05-26T16:28:50.624344
bdae4fc5-af5b-4f31-9ff2-81582095c36f,TEMAN TEGAR MAIRA,cgv,,26005400,,,,2D,2026-05-26,d9a4e553-c151-4e3f-82fb-b8922f8c0710,2026-05-26T16:28:50.624357
bdae4fc5-af5b-4f31-9ff2-81582095c36f,TIBA TIBA SETAN,cgv,,26007500,,,,2D,2026-05-26,90edd31e-dfdb-40d5-8a2f-42ed2f279076,2026-05-26T16:28:50.624370
bdae4fc5-af5b-4f31-9ff2-81582095c36f,HOKUM,cgv,,26024600,,,,2D,2026-05-26,c85a2695-7807-47bb-b21b-5f1d2f672e7b,2026-05-26T16:28:50.624384
bdae4fc5-af5b-4f31-9ff2-81582095c36f,MORTAL KOMBAT II,cgv,,26018200,,,,2D,2026-05-26,25316022-7dbf-40ad-b14a-255fbd49ca65,2026-05-26T16:28:50.624397
bdae4fc5-af5b-4f31-9ff2-81582095c36f,GOHAN,cgv,,26022500,,,,2D,2026-05-26,489ef20d-c5bb-441f-a5cc-75e88ac3e71a,2026-05-26T16:28:50.624410
bdae4fc5-af5b-4f31-9ff2-81582095c36f,AYAH INI ARAHNYA KEMANA YA,cgv,,26011000,,,,2D,2026-05-26,36da63ed-1e41-4cdb-905b-e5c5647cb15d,2026-05-26T16:28:50.624424
bdae4fc5-af5b-4f31-9ff2-81582095c36f,YANG LAIN BOLEH HILANG ASAL KAU JANGAN,cgv,,26018300,,,,2D,2026-05-26,33e1f281-86a0-4edd-96f7-141116828c81,2026-05-26T16:28:50.624437
bdae4fc5-af5b-4f31-9ff2-81582095c36f,KELUARGA SUAMI ADALAH HAMA,cgv,,26017700,,,,2D,2026-05-26,9f799654-75a3-4ff5-b05b-b24f9cadfdc9,2026-05-26T16:28:50.624451
bdae4fc5-af5b-4f31-9ff2-81582095c36f,THE SHEEP DETECTIVES,cgv,,26019500,,,,2D,2026-05-26,2481b74f-16da-41ef-9507-d418394d9643,2026-05-26T16:28:50.624464
bdae4fc5-af5b-4f31-9ff2-81582095c36f,SEKAWAN LIMO RE RELEASE,cgv,,26024900,,,,2D,2026-05-26,fc14a0fc-73f8-4439-848b-a50fa6e29bb1,2026-05-26T16:28:50.624477
bdae4fc5-af5b-4f31-9ff2-81582095c36f,MONSTER,cgv,,23042200,,,,2D,2026-05-26,2888dcf0-6f58-4b68-9ad7-15273b567fb4,2026-05-26T16:28:50.624490
bdae4fc5-af5b-4f31-9ff2-81582095c36f,SALMOKJI WHISPERING WATER,cgv,,26019100,,,,2D,2026-05-26,13d35a54-c039-446d-963a-8da44ba3583f,2026-05-26T16:28:50.624503
bdae4fc5-af5b-4f31-9ff2-81582095c36f,THE DEVIL WEARS PRADA 2,cgv,,26019800,,,,2D,2026-05-26,fae456dd-045d-46bf-961e-048ebfad5f02,2026-05-26T16:28:50.624515
bdae4fc5-af5b-4f31-9ff2-81582095c36f,STAR WARS THE MANDALORIAN AND GROGU 3D,cgv,,26025200,,,,2D,2026-05-26,bec80015-fb96-468a-9dff-fec4a443875d,2026-05-26T16:28:50.624529
bdae4fc5-af5b-4f31-9ff2-81582095c36f,MOBILE SUIT GUNDAM HATHAWAY,cgv,,26021100,,,,2D,2026-05-26,39297992-442e-4f81-b577-f5bd637c8186,2026-05-26T16:28:50.624542
bdae4fc5-af5b-4f31-9ff2-81582095c36f,METHOD ACTING,cgv,,26023400,,,,2D,2026-05-26,cf1b4440-300f-4f0c-8933-3823d7118cb8,2026-05-26T16:28:50.624556
bdae4fc5-af5b-4f31-9ff2-81582095c36f,CHAND MERA DIL,cgv,,26026000,,,,2D,2026-05-26,b70ac363-f719-4f71-bbcb-774cdabe1be2,2026-05-26T16:28:50.624568
bdae4fc5-af5b-4f31-9ff2-81582095c36f,THAT TIME I GOT REINCARNATED AS A SLIME THE MOVIE TEARS OF THE AZURE SEA,cgv,,26017900,,,,2D,2026-05-26,a55d600c-8ccf-43a3-8259-b87ac28d97bc,2026-05-26T16:28:50.624582
bdae4fc5-af5b-4f31-9ff2-81582095c36f,THE KINGS WARDEN,cgv,,26015000,,,,2D,2026-05-26,eb408599-d9ba-477c-a17f-10f487b0ddae,2026-05-26T16:28:50.624594
bdae4fc5-af5b-4f31-9ff2-81582095c36f,KAMU HARUS MATI,cgv,,26023800,,,,2D,2026-05-26,1e6942a2-f8b2-4dd6-8eb9-ab8520888af3,2026-05-26T16:28:50.624607
bdae4fc5-af5b-4f31-9ff2-81582095c36f,SUNSHINE WOMENS CHOIR,cgv,,26024400,,,,2D,2026-05-26,1cfac026-0c9c-4179-9f3b-cac2d5ac93ef,2026-05-26T16:28:50.624619
bdae4fc5-af5b-4f31-9ff2-81582095c36f,NA WILLA,cgv,,26003200,,,,2D,2026-05-26,d5d6aeab-4fab-46eb-b83f-ad9c35bf693f,2026-05-26T16:28:50.624632
bdae4fc5-af5b-4f31-9ff2-81582095c36f,DILAN ITB 1997,cgv,,26016100,,,,2D,2026-05-26,84da8a79-c1b8-4275-b9d9-ed7625ac0a43,2026-05-26T16:28:50.624644
bdae4fc5-af5b-4f31-9ff2-81582095c36f,PEGASUS 3,cgv,,26025100,,,,2D,2026-05-26,1095d368-b987-4587-8b18-e88ba6f31831,2026-05-26T16:28:50.624657
ece9f07d-a93e-431a-9f00-892ed43840b5,TUMBAL PROYEK,cgv,,26014300,,,,2D,2026-05-26,26b386f8-d101-470a-af77-4e929f3af14e,2026-05-26T16:28:51.565414
ece9f07d-a93e-431a-9f00-892ed43840b5,GUDANG MERICA,cgv,,26019400,,,,2D,2026-05-26,ed6235e0-140a-4a35-90be-6d43b24a6433,2026-05-26T16:28:51.565484
ece9f07d-a93e-431a-9f00-892ed43840b5,STAR WARS THE MANDALORIAN AND GROGU,cgv,,26021200,,,,2D,2026-05-26,e432442d-2833-4683-bede-d101b40bbe97,2026-05-26T16:28:51.565526
ece9f07d-a93e-431a-9f00-892ed43840b5,SEMUA AKAN BAIK BAIK SAJA,cgv,,26018100,,,,2D,2026-05-26,ad52a943-99a4-497e-bc33-510403f833e3,2026-05-26T16:28:51.565561
ece9f07d-a93e-431a-9f00-892ed43840b5,GHOST IN THE CELL,cgv,,26011800,,,,2D,2026-05-26,0986a714-b94b-412c-a341-7c1d7afd78c4,2026-05-26T16:28:51.565604
ece9f07d-a93e-431a-9f00-892ed43840b5,TEMAN TEGAR MAIRA,cgv,,26005400,,,,2D,2026-05-26,634a85d4-4c72-4f03-b579-0d79aa72be87,2026-05-26T16:28:51.565634
ece9f07d-a93e-431a-9f00-892ed43840b5,TIBA TIBA SETAN,cgv,,26007500,,,,2D,2026-05-26,9e566648-a0ed-4246-a43e-17a0933ec880,2026-05-26T16:28:51.565665
ece9f07d-a93e-431a-9f00-892ed43840b5,HOKUM,cgv,,26024600,,,,2D,2026-05-26,f3e6629e-21e5-411c-a350-a5718770acaf,2026-05-26T16:28:51.565695
ece9f07d-a93e-431a-9f00-892ed43840b5,MORTAL KOMBAT II,cgv,,26018200,,,,2D,2026-05-26,b8f49003-a24c-4d40-865d-c218838793dc,2026-05-26T16:28:51.565724
ece9f07d-a93e-431a-9f00-892ed43840b5,GOHAN,cgv,,26022500,,,,2D,2026-05-26,65c87049-e004-49cd-972c-1d8f20ddf4a1,2026-05-26T16:28:51.565753
ece9f07d-a93e-431a-9f00-892ed43840b5,AYAH INI ARAHNYA KEMANA YA,cgv,,26011000,,,,2D,2026-05-26,ada2912e-2377-458c-804b-b49576092cd3,2026-05-26T16:28:51.565782
ece9f07d-a93e-431a-9f00-892ed43840b5,YANG LAIN BOLEH HILANG ASAL KAU JANGAN,cgv,,26018300,,,,2D,2026-05-26,eb7071cb-2c7d-416e-b75a-db150e787c5b,2026-05-26T16:28:51.565811
ece9f07d-a93e-431a-9f00-892ed43840b5,KELUARGA SUAMI ADALAH HAMA,cgv,,26017700,,,,2D,2026-05-26,92c6c26f-566e-499b-a2e6-a5095397a810,2026-05-26T16:28:51.565840
ece9f07d-a93e-431a-9f00-892ed43840b5,THE SHEEP DETECTIVES,cgv,,26019500,,,,2D,2026-05-26,e4a3f3de-ad4c-4d1c-baf3-65ca4e7225ad,2026-05-26T16:28:51.565868
ece9f07d-a93e-431a-9f00-892ed43840b5,SEKAWAN LIMO RE RELEASE,cgv,,26024900,,,,2D,2026-05-26,169cb1a2-c031-46b2-a4ab-310364d3f2ff,2026-05-26T16:28:51.565896
ece9f07d-a93e-431a-9f00-892ed43840b5,MONSTER,cgv,,23042200,,,,2D,2026-05-26,a278dd2c-6473-4eab-8651-45b5bea0b4d3,2026-05-26T16:28:51.565924
ece9f07d-a93e-431a-9f00-892ed43840b5,SALMOKJI WHISPERING WATER,cgv,,26019100,,,,2D,2026-05-26,665dd3ee-659c-4210-8cc2-098ed7d403d7,2026-05-26T16:28:51.565952
ece9f07d-a93e-431a-9f00-892ed43840b5,THE DEVIL WEARS PRADA 2,cgv,,26019800,,,,2D,2026-05-26,322c0521-e989-4562-a7bc-8bf3902d2f7b,2026-05-26T16:28:51.565981
ece9f07d-a93e-431a-9f00-892ed43840b5,STAR WARS THE MANDALORIAN AND GROGU 3D,cgv,,26025200,,,,2D,2026-05-26,9b08a036-c146-4e93-963e-b3c0165723a4,2026-05-26T16:28:51.566012
ece9f07d-a93e-431a-9f00-892ed43840b5,MOBILE SUIT GUNDAM HATHAWAY,cgv,,26021100,,,,2D,2026-05-26,7a089a8a-9c38-4777-a723-988ca5b87c31,2026-05-26T16:28:51.566041
ece9f07d-a93e-431a-9f00-892ed43840b5,METHOD ACTING,cgv,,26023400,,,,2D,2026-05-26,496d2910-728e-4ed5-b857-270b9af9d487,2026-05-26T16:28:51.566069
ece9f07d-a93e-431a-9f00-892ed43840b5,CHAND MERA DIL,cgv,,26026000,,,,2D,2026-05-26,4df2147b-dc50-4c1e-a02a-720f165ba18b,2026-05-26T16:28:51.566097
ece9f07d-a93e-431a-9f00-892ed43840b5,THAT TIME I GOT REINCARNATED AS A SLIME THE MOVIE TEARS OF THE AZURE SEA,cgv,,26017900,,,,2D,2026-05-26,8ee888d6-2b74-4698-9595-724d4ba34ca4,2026-05-26T16:28:51.566126
ece9f07d-a93e-431a-9f00-892ed43840b5,THE KINGS WARDEN,cgv,,26015000,,,,2D,2026-05-26,96575c27-a54f-4891-b41c-cf595359cead,2026-05-26T16:28:51.566154
ece9f07d-a93e-431a-9f00-892ed43840b5,KAMU HARUS MATI,cgv,,26023800,,,,2D,2026-05-26,a4ada9b9-17f1-44cc-a6dd-46d1351a7324,2026-05-26T16:28:51.566182
ece9f07d-a93e-431a-9f00-892ed43840b5,SUNSHINE WOMENS CHOIR,cgv,,26024400,,,,2D,2026-05-26,f3e66b99-8456-4a82-a2f8-c407bdd33f5c,2026-05-26T16:28:51.566211
ece9f07d-a93e-431a-9f00-892ed43840b5,NA WILLA,cgv,,26003200,,,,2D,2026-05-26,91c34246-4f58-4cf9-98c3-47a86146968b,2026-05-26T16:28:51.566240
ece9f07d-a93e-431a-9f00-892ed43840b5,DILAN ITB 1997,cgv,,26016100,,,,2D,2026-05-26,161c6a74-5dac-468a-9fa0-d7ed78447d6e,2026-05-26T16:28:51.566267
ece9f07d-a93e-431a-9f00-892ed43840b5,PEGASUS 3,cgv,,26025100,,,,2D,2026-05-26,978dd604-cbec-4d0a-8030-5e75101b3346,2026-05-26T16:28:51.566295
994ac8e1-6a3e-4787-baaf-0d8bdea57499,TUMBAL PROYEK,cgv,,26014300,,,,2D,2026-05-26,8c7151f1-64b3-430f-868e-790bc037707c,2026-05-26T16:28:51.386053
994ac8e1-6a3e-4787-baaf-0d8bdea57499,GUDANG MERICA,cgv,,26019400,,,,2D,2026-05-26,99188ec6-dd43-4169-a6f1-32ff3219b154,2026-05-26T16:28:51.386098
994ac8e1-6a3e-4787-baaf-0d8bdea57499,STAR WARS THE MANDALORIAN AND GROGU,cgv,,26021200,,,,2D,2026-05-26,a11dfc08-7973-4270-8fb6-88a932ffd64d,2026-05-26T16:28:51.386136
994ac8e1-6a3e-4787-baaf-0d8bdea57499,SEMUA AKAN BAIK BAIK SAJA,cgv,,26018100,,,,2D,2026-05-26,47f1c628-402d-4bcd-b680-966a06646201,2026-05-26T16:28:51.386169
994ac8e1-6a3e-4787-baaf-0d8bdea57499,GHOST IN THE CELL,cgv,,26011800,,,,2D,2026-05-26,63aed4e2-6c34-4229-b851-253b6cacb3d3,2026-05-26T16:28:51.386200
994ac8e1-6a3e-4787-baaf-0d8bdea57499,TEMAN TEGAR MAIRA,cgv,,26005400,,,,2D,2026-05-26,9aead8f4-9705-4cdc-b50b-a44b7aa891ae,2026-05-26T16:28:51.386230
994ac8e1-6a3e-4787-baaf-0d8bdea57499,TIBA TIBA SETAN,cgv,,26007500,,,,2D,2026-05-26,6e610ef4-bc2c-4ef0-a7bc-0328e87d47aa,2026-05-26T16:28:51.386259
994ac8e1-6a3e-4787-baaf-0d8bdea57499,HOKUM,cgv,,26024600,,,,2D,2026-05-26,138a4566-4eec-4351-b890-bbf496a808cd,2026-05-26T16:28:51.386289
994ac8e1-6a3e-4787-baaf-0d8bdea57499,MORTAL KOMBAT II,cgv,,26018200,,,,2D,2026-05-26,2a02ef7f-ee47-4bed-9a6c-641cb1aac7f2,2026-05-26T16:28:51.386318
994ac8e1-6a3e-4787-baaf-0d8bdea57499,GOHAN,cgv,,26022500,,,,2D,2026-05-26,a15315dc-b66c-4460-a2ae-7c877bd99bcc,2026-05-26T16:28:51.386346
994ac8e1-6a3e-4787-baaf-0d8bdea57499,AYAH INI ARAHNYA KEMANA YA,cgv,,26011000,,,,2D,2026-05-26,980e1975-4e55-4934-9f0b-39c2049c2630,2026-05-26T16:28:51.386376
994ac8e1-6a3e-4787-baaf-0d8bdea57499,YANG LAIN BOLEH HILANG ASAL KAU JANGAN,cgv,,26018300,,,,2D,2026-05-26,769e45af-c7a2-4152-9ff4-c0db7c504f23,2026-05-26T16:28:51.386405
994ac8e1-6a3e-4787-baaf-0d8bdea57499,KELUARGA SUAMI ADALAH HAMA,cgv,,26017700,,,,2D,2026-05-26,131497a8-ba49-4041-a951-407133bda66b,2026-05-26T16:28:51.386433
994ac8e1-6a3e-4787-baaf-0d8bdea57499,THE SHEEP DETECTIVES,cgv,,26019500,,,,2D,2026-05-26,6f1812eb-82f8-4e46-b174-219a0873b24a,2026-05-26T16:28:51.386461
994ac8e1-6a3e-4787-baaf-0d8bdea57499,SEKAWAN LIMO RE RELEASE,cgv,,26024900,,,,2D,2026-05-26,faa93f09-a75a-4f89-832b-5625e75c5d53,2026-05-26T16:28:51.386489
994ac8e1-6a3e-4787-baaf-0d8bdea57499,MONSTER,cgv,,23042200,,,,2D,2026-05-26,02aac2dd-3a9d-4f12-a8c1-9c3ce6b8d8a4,2026-05-26T16:28:51.386518
994ac8e1-6a3e-4787-baaf-0d8bdea57499,SALMOKJI WHISPERING WATER,cgv,,26019100,,,,2D,2026-05-26,ffd3b745-2ad1-4cf0-b496-0ee7b154b139,2026-05-26T16:28:51.386546
994ac8e1-6a3e-4787-baaf-0d8bdea57499,THE DEVIL WEARS PRADA 2,cgv,,26019800,,,,2D,2026-05-26,4230fd3b-7037-4cea-b8a3-3d6c1a4cb243,2026-05-26T16:28:51.386575
994ac8e1-6a3e-4787-baaf-0d8bdea57499,STAR WARS THE MANDALORIAN AND GROGU 3D,cgv,,26025200,,,,2D,2026-05-26,d24d615d-c805-4409-93b3-24e5d140180a,2026-05-26T16:28:51.386605
994ac8e1-6a3e-4787-baaf-0d8bdea57499,MOBILE SUIT GUNDAM HATHAWAY,cgv,,26021100,,,,2D,2026-05-26,d3630e98-dcc9-4e66-baf6-7c2b54a999e0,2026-05-26T16:28:51.386634
994ac8e1-6a3e-4787-baaf-0d8bdea57499,METHOD ACTING,cgv,,26023400,,,,2D,2026-05-26,3e025d12-5611-4fb3-b770-c47e66fa68fa,2026-05-26T16:28:51.386662
994ac8e1-6a3e-4787-baaf-0d8bdea57499,CHAND MERA DIL,cgv,,26026000,,,,2D,2026-05-26,03f127d6-68f7-4e81-8bc7-0614f10038f0,2026-05-26T16:28:51.386690
994ac8e1-6a3e-4787-baaf-0d8bdea57499,THAT TIME I GOT REINCARNATED AS A SLIME THE MOVIE TEARS OF THE AZURE SEA,cgv,,26017900,,,,2D,2026-05-26,5055a8b0-296a-4d5a-ba02-1c7197021d53,2026-05-26T16:28:51.386719
994ac8e1-6a3e-4787-baaf-0d8bdea57499,THE KINGS WARDEN,cgv,,26015000,,,,2D,2026-05-26,7a2c551b-5710-4e51-b37a-4ac830ee85cb,2026-05-26T16:28:51.386749
994ac8e1-6a3e-4787-baaf-0d8bdea57499,KAMU HARUS MATI,cgv,,26023800,,,,2D,2026-05-26,69d83d03-0d19-43bf-bf47-3df15797f5c2,2026-05-26T16:28:51.386778
994ac8e1-6a3e-4787-baaf-0d8bdea57499,SUNSHINE WOMENS CHOIR,cgv,,26024400,,,,2D,2026-05-26,aca4d63b-5471-47f1-ba4e-56672328d9ad,2026-05-26T16:28:51.386807
994ac8e1-6a3e-4787-baaf-0d8bdea57499,NA WILLA,cgv,,26003200,,,,2D,2026-05-26,3fefacc7-e9fc-4c25-99ca-f094ebd84ef9,2026-05-26T16:28:51.386836
994ac8e1-6a3e-4787-baaf-0d8bdea57499,DILAN ITB 1997,cgv,,26016100,,,,2D,2026-05-26,389e8ff6-ebe7-46b6-9d89-f0f6788d9045,2026-05-26T16:28:51.386864
994ac8e1-6a3e-4787-baaf-0d8bdea57499,PEGASUS 3,cgv,,26025100,,,,2D,2026-05-26,e2660292-5a51-45d6-b6b3-f6d64521a46e,2026-05-26T16:28:51.386893
332ff979-e774-41d0-a1be-3df1501948f9,TUMBAL PROYEK,cgv,,26014300,,,,2D,2026-05-26,269edd2c-cf9a-4db2-8d72-6af03080d882,2026-05-26T16:28:51.250314
332ff979-e774-41d0-a1be-3df1501948f9,GUDANG MERICA,cgv,,26019400,,,,2D,2026-05-26,5275beaa-2450-4690-9ffb-17c89b4024ce,2026-05-26T16:28:51.250352
332ff979-e774-41d0-a1be-3df1501948f9,STAR WARS THE MANDALORIAN AND GROGU,cgv,,26021200,,,,2D,2026-05-26,c2e154bf-38a3-4067-b171-4b8da16f3028,2026-05-26T16:28:51.250381
332ff979-e774-41d0-a1be-3df1501948f9,SEMUA AKAN BAIK BAIK SAJA,cgv,,26018100,,,,2D,2026-05-26,147fc50d-7228-4da0-9157-ffabd9bbf45b,2026-05-26T16:28:51.250408
332ff979-e774-41d0-a1be-3df1501948f9,GHOST IN THE CELL,cgv,,26011800,,,,2D,2026-05-26,177813cb-ae80-447a-9e27-d4e39e26fb2b,2026-05-26T16:28:51.250434
332ff979-e774-41d0-a1be-3df1501948f9,TEMAN TEGAR MAIRA,cgv,,26005400,,,,2D,2026-05-26,05832827-332e-411e-a068-fa33eb23514e,2026-05-26T16:28:51.250460
332ff979-e774-41d0-a1be-3df1501948f9,TIBA TIBA SETAN,cgv,,26007500,,,,2D,2026-05-26,1e567ddd-9692-47f4-a6b6-710834924d8c,2026-05-26T16:28:51.250485
332ff979-e774-41d0-a1be-3df1501948f9,HOKUM,cgv,,26024600,,,,2D,2026-05-26,48fcb1a9-70bc-4119-bd13-bfdc812c56cd,2026-05-26T16:28:51.250512
332ff979-e774-41d0-a1be-3df1501948f9,MORTAL KOMBAT II,cgv,,26018200,,,,2D,2026-05-26,e5063899-6986-457e-a727-cff3c78647ab,2026-05-26T16:28:51.250536
332ff979-e774-41d0-a1be-3df1501948f9,GOHAN,cgv,,26022500,,,,2D,2026-05-26,98ba4411-cbc7-44a2-8b6e-09dbd5a3987c,2026-05-26T16:28:51.250560
332ff979-e774-41d0-a1be-3df1501948f9,AYAH INI ARAHNYA KEMANA YA,cgv,,26011000,,,,2D,2026-05-26,693d4216-3338-4923-bfe8-35a82bf496a3,2026-05-26T16:28:51.250586
332ff979-e774-41d0-a1be-3df1501948f9,YANG LAIN BOLEH HILANG ASAL KAU JANGAN,cgv,,26018300,,,,2D,2026-05-26,ef9d0e12-3926-4078-9bda-65027a6caaa5,2026-05-26T16:28:51.250614
332ff979-e774-41d0-a1be-3df1501948f9,KELUARGA SUAMI ADALAH HAMA,cgv,,26017700,,,,2D,2026-05-26,101bec24-b6e6-49b4-80d5-29784275c2d0,2026-05-26T16:28:51.250639
332ff979-e774-41d0-a1be-3df1501948f9,THE SHEEP DETECTIVES,cgv,,26019500,,,,2D,2026-05-26,95e966cb-626a-4e1e-93a8-22f7a70077cc,2026-05-26T16:28:51.250663
332ff979-e774-41d0-a1be-3df1501948f9,SEKAWAN LIMO RE RELEASE,cgv,,26024900,,,,2D,2026-05-26,0e1bccd3-fa5a-4bd3-9649-a91fe80fde88,2026-05-26T16:28:51.250688
332ff979-e774-41d0-a1be-3df1501948f9,MONSTER,cgv,,23042200,,,,2D,2026-05-26,dd2935b8-6b75-4709-b9ab-bd493cb8e240,2026-05-26T16:28:51.250712
332ff979-e774-41d0-a1be-3df1501948f9,SALMOKJI WHISPERING WATER,cgv,,26019100,,,,2D,2026-05-26,82492e1f-dd43-4890-b8c1-b0e8fb859a36,2026-05-26T16:28:51.250736
332ff979-e774-41d0-a1be-3df1501948f9,THE DEVIL WEARS PRADA 2,cgv,,26019800,,,,2D,2026-05-26,2a278453-ef38-411c-82bf-07bc6ec58a45,2026-05-26T16:28:51.250828
332ff979-e774-41d0-a1be-3df1501948f9,STAR WARS THE MANDALORIAN AND GROGU 3D,cgv,,26025200,,,,2D,2026-05-26,8a02afdf-8529-4375-9b43-f28dc0a542ae,2026-05-26T16:28:51.251200
332ff979-e774-41d0-a1be-3df1501948f9,MOBILE SUIT GUNDAM HATHAWAY,cgv,,26021100,,,,2D,2026-05-26,cf36cc89-1a59-4712-9765-750020d7e2d6,2026-05-26T16:28:51.251244
332ff979-e774-41d0-a1be-3df1501948f9,METHOD ACTING,cgv,,26023400,,,,2D,2026-05-26,74a6cfcb-e948-486e-abf6-b93c6bd8798c,2026-05-26T16:28:51.251274
332ff979-e774-41d0-a1be-3df1501948f9,CHAND MERA DIL,cgv,,26026000,,,,2D,2026-05-26,cba30dec-b878-4749-b998-315a6532401b,2026-05-26T16:28:51.251303
332ff979-e774-41d0-a1be-3df1501948f9,THAT TIME I GOT REINCARNATED AS A SLIME THE MOVIE TEARS OF THE AZURE SEA,cgv,,26017900,,,,2D,2026-05-26,a15902b1-37e3-4266-8583-b3a884bc7980,2026-05-26T16:28:51.251329
332ff979-e774-41d0-a1be-3df1501948f9,THE KINGS WARDEN,cgv,,26015000,,,,2D,2026-05-26,c6ced619-ee5c-47f1-9e4d-282e153f8a4c,2026-05-26T16:28:51.251354
332ff979-e774-41d0-a1be-3df1501948f9,KAMU HARUS MATI,cgv,,26023800,,,,2D,2026-05-26,83dcd6bb-167d-436e-a327-6e98120ee510,2026-05-26T16:28:51.251379
332ff979-e774-41d0-a1be-3df1501948f9,SUNSHINE WOMENS CHOIR,cgv,,26024400,,,,2D,2026-05-26,9e225c41-7410-4e16-8bd6-ca1c0a13152a,2026-05-26T16:28:51.251406
332ff979-e774-41d0-a1be-3df1501948f9,NA WILLA,cgv,,26003200,,,,2D,2026-05-26,1e1c3634-5fd8-4db9-a6a9-a60f7f0414b5,2026-05-26T16:28:51.251431
332ff979-e774-41d0-a1be-3df1501948f9,DILAN ITB 1997,cgv,,26016100,,,,2D,2026-05-26,1268aa1a-b2d1-4038-b8c1-a8fd8670362f,2026-05-26T16:28:51.251455
332ff979-e774-41d0-a1be-3df1501948f9,PEGASUS 3,cgv,,26025100,,,,2D,2026-05-26,ce64a242-2316-437e-9f87-126268a6855e,2026-05-26T16:28:51.251479
cca1f2eb-afae-4122-8301-4ac1176db9b1,TUMBAL PROYEK,cgv,,26014300,,,,2D,2026-05-26,f175ab17-402d-4612-ac2f-90abede8126c,2026-05-26T16:28:53.903041
cca1f2eb-afae-4122-8301-4ac1176db9b1,GUDANG MERICA,cgv,,26019400,,,,2D,2026-05-26,3bbe1282-44d6-4d8f-b598-97a8276036df,2026-05-26T16:28:53.903150
cca1f2eb-afae-4122-8301-4ac1176db9b1,STAR WARS THE MANDALORIAN AND GROGU,cgv,,26021200,,,,2D,2026-05-26,68d6959b-8796-48ac-95f8-525c4124095f,2026-05-26T16:28:53.903195
cca1f2eb-afae-4122-8301-4ac1176db9b1,SEMUA AKAN BAIK BAIK SAJA,cgv,,26018100,,,,2D,2026-05-26,e700a70f-0634-48fe-84c9-22291a075ebe,2026-05-26T16:28:53.903233
cca1f2eb-afae-4122-8301-4ac1176db9b1,GHOST IN THE CELL,cgv,,26011800,,,,2D,2026-05-26,fcfba481-bb5b-401a-81df-943b783a72ee,2026-05-26T16:28:53.903275
cca1f2eb-afae-4122-8301-4ac1176db9b1,TEMAN TEGAR MAIRA,cgv,,26005400,,,,2D,2026-05-26,be0d4e3d-d6ea-42a3-b7d1-919e9833869a,2026-05-26T16:28:53.903313
cca1f2eb-afae-4122-8301-4ac1176db9b1,TIBA TIBA SETAN,cgv,,26007500,,,,2D,2026-05-26,3cd5a36a-ba40-45c8-9222-fca4cedf64ba,2026-05-26T16:28:53.903345
cca1f2eb-afae-4122-8301-4ac1176db9b1,HOKUM,cgv,,26024600,,,,2D,2026-05-26,fe3ed918-98be-47b6-9d76-8124ef74ffa2,2026-05-26T16:28:53.903376
cca1f2eb-afae-4122-8301-4ac1176db9b1,MORTAL KOMBAT II,cgv,,26018200,,,,2D,2026-05-26,2c03ca89-e961-4271-bdf0-dee67fe2f691,2026-05-26T16:28:53.903406
cca1f2eb-afae-4122-8301-4ac1176db9b1,GOHAN,cgv,,26022500,,,,2D,2026-05-26,e97c6a21-7d6b-4a28-8bfd-e6d3611dcdcd,2026-05-26T16:28:53.903530
cca1f2eb-afae-4122-8301-4ac1176db9b1,AYAH INI ARAHNYA KEMANA YA,cgv,,26011000,,,,2D,2026-05-26,314a2a0a-9ef6-433c-927d-0ad14ac9bd28,2026-05-26T16:28:53.903643
cca1f2eb-afae-4122-8301-4ac1176db9b1,YANG LAIN BOLEH HILANG ASAL KAU JANGAN,cgv,,26018300,,,,2D,2026-05-26,6bcc8531-f8d9-4d3c-b34c-7a2252fdc752,2026-05-26T16:28:53.903681
cca1f2eb-afae-4122-8301-4ac1176db9b1,KELUARGA SUAMI ADALAH HAMA,cgv,,26017700,,,,2D,2026-05-26,441cd0c6-785d-4866-bc5d-bed3f52d92f1,2026-05-26T16:28:53.903713
cca1f2eb-afae-4122-8301-4ac1176db9b1,THE SHEEP DETECTIVES,cgv,,26019500,,,,2D,2026-05-26,af947530-9995-43ad-a978-53d77811b596,2026-05-26T16:28:53.903744
cca1f2eb-afae-4122-8301-4ac1176db9b1,SEKAWAN LIMO RE RELEASE,cgv,,26024900,,,,2D,2026-05-26,8e215d6e-b43a-4f60-9190-b8d9b88fdec4,2026-05-26T16:28:53.903774
cca1f2eb-afae-4122-8301-4ac1176db9b1,MONSTER,cgv,,23042200,,,,2D,2026-05-26,cd219925-7e46-4591-aed5-a9cfc68b437d,2026-05-26T16:28:53.903804
cca1f2eb-afae-4122-8301-4ac1176db9b1,SALMOKJI WHISPERING WATER,cgv,,26019100,,,,2D,2026-05-26,88d3247d-8887-45b9-a99c-186f5e91384a,2026-05-26T16:28:53.903834
cca1f2eb-afae-4122-8301-4ac1176db9b1,THE DEVIL WEARS PRADA 2,cgv,,26019800,,,,2D,2026-05-26,34c08e5b-9c13-4fd2-9ec6-7c049911d676,2026-05-26T16:28:53.903863
cca1f2eb-afae-4122-8301-4ac1176db9b1,STAR WARS THE MANDALORIAN AND GROGU 3D,cgv,,26025200,,,,2D,2026-05-26,4bc31acd-f143-4143-a75d-8f7e07666477,2026-05-26T16:28:53.903896
cca1f2eb-afae-4122-8301-4ac1176db9b1,MOBILE SUIT GUNDAM HATHAWAY,cgv,,26021100,,,,2D,2026-05-26,fb19a055-5f13-4b4c-b4e2-07d9b6df5231,2026-05-26T16:28:53.903926
cca1f2eb-afae-4122-8301-4ac1176db9b1,METHOD ACTING,cgv,,26023400,,,,2D,2026-05-26,876ae5dc-7c4c-426c-b46a-61296a1127cd,2026-05-26T16:28:53.903955
cca1f2eb-afae-4122-8301-4ac1176db9b1,CHAND MERA DIL,cgv,,26026000,,,,2D,2026-05-26,663c74a6-93b1-405f-bb94-460f242bdf83,2026-05-26T16:28:53.903984
cca1f2eb-afae-4122-8301-4ac1176db9b1,THAT TIME I GOT REINCARNATED AS A SLIME THE MOVIE TEARS OF THE AZURE SEA,cgv,,26017900,,,,2D,2026-05-26,121d83eb-4dd3-400c-b3be-e446435b579d,2026-05-26T16:28:53.904089
cca1f2eb-afae-4122-8301-4ac1176db9b1,THE KINGS WARDEN,cgv,,26015000,,,,2D,2026-05-26,6b8710af-9ab6-4c9c-98ac-fe2937f60126,2026-05-26T16:28:53.904132
cca1f2eb-afae-4122-8301-4ac1176db9b1,KAMU HARUS MATI,cgv,,26023800,,,,2D,2026-05-26,1464424f-daf4-47ce-bcf1-b7eb75d7c31e,2026-05-26T16:28:53.904170
cca1f2eb-afae-4122-8301-4ac1176db9b1,SUNSHINE WOMENS CHOIR,cgv,,26024400,,,,2D,2026-05-26,d9abb0e3-23c1-4a56-a3f2-4f358734cb76,2026-05-26T16:28:53.904205
cca1f2eb-afae-4122-8301-4ac1176db9b1,NA WILLA,cgv,,26003200,,,,2D,2026-05-26,ad6dffc5-7f7a-4bf4-9a7c-957a752297c5,2026-05-26T16:28:53.904239
cca1f2eb-afae-4122-8301-4ac1176db9b1,DILAN ITB 1997,cgv,,26016100,,,,2D,2026-05-26,0b11f1e9-e979-442c-8722-0e0acc5d0593,2026-05-26T16:28:53.904271
cca1f2eb-afae-4122-8301-4ac1176db9b1,PEGASUS 3,cgv,,26025100,,,,2D,2026-05-26,fcc60059-c0ca-424b-a04f-33c39e15a302,2026-05-26T16:28:53.904302
5436b9e9-7172-459c-a60f-b1d5b1912632,TUMBAL PROYEK,cgv,,26014300,,,,2D,2026-05-26,c9017f72-0225-4995-b4b3-35699f1e34d2,2026-05-26T16:28:53.922891
5436b9e9-7172-459c-a60f-b1d5b1912632,GUDANG MERICA,cgv,,26019400,,,,2D,2026-05-26,f862e9d4-ef20-4724-b270-58f718f2e275,2026-05-26T16:28:53.922927
5436b9e9-7172-459c-a60f-b1d5b1912632,STAR WARS THE MANDALORIAN AND GROGU,cgv,,26021200,,,,2D,2026-05-26,c1458207-e7e6-47f1-bea8-a92fb78f188e,2026-05-26T16:28:53.922955
5436b9e9-7172-459c-a60f-b1d5b1912632,SEMUA AKAN BAIK BAIK SAJA,cgv,,26018100,,,,2D,2026-05-26,15f4b036-dc19-43ef-8aa8-e090e41a3e35,2026-05-26T16:28:53.922981
5436b9e9-7172-459c-a60f-b1d5b1912632,GHOST IN THE CELL,cgv,,26011800,,,,2D,2026-05-26,dc9e5cba-be83-4f0b-a5d7-4e2da55143a4,2026-05-26T16:28:53.923006
5436b9e9-7172-459c-a60f-b1d5b1912632,TEMAN TEGAR MAIRA,cgv,,26005400,,,,2D,2026-05-26,bdfeb0c6-027e-45df-96d8-759a209dcd23,2026-05-26T16:28:53.923030
5436b9e9-7172-459c-a60f-b1d5b1912632,TIBA TIBA SETAN,cgv,,26007500,,,,2D,2026-05-26,73d0f4df-23ac-4614-b9b2-c0e50658ad1e,2026-05-26T16:28:53.923054
5436b9e9-7172-459c-a60f-b1d5b1912632,HOKUM,cgv,,26024600,,,,2D,2026-05-26,42e39343-2588-4555-b411-ac44a9f5a230,2026-05-26T16:28:53.923077
5436b9e9-7172-459c-a60f-b1d5b1912632,MORTAL KOMBAT II,cgv,,26018200,,,,2D,2026-05-26,325d3928-755a-4ac9-8d20-1d24a8dbf40d,2026-05-26T16:28:53.923101
5436b9e9-7172-459c-a60f-b1d5b1912632,GOHAN,cgv,,26022500,,,,2D,2026-05-26,f8ec2166-130a-4e91-85a2-a2e683bf771e,2026-05-26T16:28:53.923124
5436b9e9-7172-459c-a60f-b1d5b1912632,AYAH INI ARAHNYA KEMANA YA,cgv,,26011000,,,,2D,2026-05-26,d25fde83-89af-4c3d-9b94-db48f2994369,2026-05-26T16:28:53.923147
5436b9e9-7172-459c-a60f-b1d5b1912632,YANG LAIN BOLEH HILANG ASAL KAU JANGAN,cgv,,26018300,,,,2D,2026-05-26,95812b92-8d72-4a8a-a16b-3d2c32e22515,2026-05-26T16:28:53.923171
5436b9e9-7172-459c-a60f-b1d5b1912632,KELUARGA SUAMI ADALAH HAMA,cgv,,26017700,,,,2D,2026-05-26,ad64fdc0-5e11-4104-9446-2ecd1c3e835d,2026-05-26T16:28:53.923195
5436b9e9-7172-459c-a60f-b1d5b1912632,THE SHEEP DETECTIVES,cgv,,26019500,,,,2D,2026-05-26,e2ee1f38-9ce3-4959-ab93-4b500006766d,2026-05-26T16:28:53.923219
5436b9e9-7172-459c-a60f-b1d5b1912632,SEKAWAN LIMO RE RELEASE,cgv,,26024900,,,,2D,2026-05-26,099ef1b2-b440-41e7-a52f-122586f7c4e4,2026-05-26T16:28:53.923244
5436b9e9-7172-459c-a60f-b1d5b1912632,MONSTER,cgv,,23042200,,,,2D,2026-05-26,4ccfdf37-ffd6-4936-a26a-2dcc5c74e63e,2026-05-26T16:28:53.923271
5436b9e9-7172-459c-a60f-b1d5b1912632,SALMOKJI WHISPERING WATER,cgv,,26019100,,,,2D,2026-05-26,616edda1-c679-4920-9125-e3c70006721d,2026-05-26T16:28:53.923296
5436b9e9-7172-459c-a60f-b1d5b1912632,THE DEVIL WEARS PRADA 2,cgv,,26019800,,,,2D,2026-05-26,0487ddf2-d4d2-4809-92c4-adc5779f3382,2026-05-26T16:28:53.923320
5436b9e9-7172-459c-a60f-b1d5b1912632,STAR WARS THE MANDALORIAN AND GROGU 3D,cgv,,26025200,,,,2D,2026-05-26,831c2183-3c79-4bb6-b090-873050860be3,2026-05-26T16:28:53.923346
5436b9e9-7172-459c-a60f-b1d5b1912632,MOBILE SUIT GUNDAM HATHAWAY,cgv,,26021100,,,,2D,2026-05-26,cf7847ac-0c3f-45f0-995b-dbba8b6caae0,2026-05-26T16:28:53.923370
5436b9e9-7172-459c-a60f-b1d5b1912632,METHOD ACTING,cgv,,26023400,,,,2D,2026-05-26,16c7c41b-ce5d-45ef-981d-a18ae5b32b0e,2026-05-26T16:28:53.923393
5436b9e9-7172-459c-a60f-b1d5b1912632,CHAND MERA DIL,cgv,,26026000,,,,2D,2026-05-26,4c1acf30-7b9b-4a9f-bd83-953353e78772,2026-05-26T16:28:53.923417
5436b9e9-7172-459c-a60f-b1d5b1912632,THAT TIME I GOT REINCARNATED AS A SLIME THE MOVIE TEARS OF THE AZURE SEA,cgv,,26017900,,,,2D,2026-05-26,474c0c6f-312f-4b49-8448-389862dbe82b,2026-05-26T16:28:53.923443
5436b9e9-7172-459c-a60f-b1d5b1912632,THE KINGS WARDEN,cgv,,26015000,,,,2D,2026-05-26,f613ea9c-f135-44d8-94e9-b6945629a083,2026-05-26T16:28:53.923467
5436b9e9-7172-459c-a60f-b1d5b1912632,KAMU HARUS MATI,cgv,,26023800,,,,2D,2026-05-26,293515a1-958a-4da5-b96b-5eb02cfb674e,2026-05-26T16:28:53.923490
5436b9e9-7172-459c-a60f-b1d5b1912632,SUNSHINE WOMENS CHOIR,cgv,,26024400,,,,2D,2026-05-26,96871b62-6912-46b0-8675-e16e036bd4fd,2026-05-26T16:28:53.923513
5436b9e9-7172-459c-a60f-b1d5b1912632,NA WILLA,cgv,,26003200,,,,2D,2026-05-26,2b40d001-3818-4f58-a498-afa8ec0abc7d,2026-05-26T16:28:53.923536
5436b9e9-7172-459c-a60f-b1d5b1912632,DILAN ITB 1997,cgv,,26016100,,,,2D,2026-05-26,057903b1-99b9-4472-a117-075ad1d461b9,2026-05-26T16:28:53.923560
5436b9e9-7172-459c-a60f-b1d5b1912632,PEGASUS 3,cgv,,26025100,,,,2D,2026-05-26,98f2360f-9857-41bb-a0df-4388cfa62ea2,2026-05-26T16:28:53.923583
2bfe665c-18d6-4dba-a32d-aeb87ef9b1ec,TUMBAL PROYEK,cgv,,26014300,,,,2D,2026-05-26,840fef82-f5e6-430d-a1e7-97164bd16935,2026-05-26T16:28:54.629277
2bfe665c-18d6-4dba-a32d-aeb87ef9b1ec,GUDANG MERICA,cgv,,26019400,,,,2D,2026-05-26,9e880c23-9309-4ed7-a896-f486e501c7fc,2026-05-26T16:28:54.629332
2bfe665c-18d6-4dba-a32d-aeb87ef9b1ec,STAR WARS THE MANDALORIAN AND GROGU,cgv,,26021200,,,,2D,2026-05-26,f98da40b-09ca-42da-ae79-5b4d759cee32,2026-05-26T16:28:54.629377
2bfe665c-18d6-4dba-a32d-aeb87ef9b1ec,SEMUA AKAN BAIK BAIK SAJA,cgv,,26018100,,,,2D,2026-05-26,1f3f7f60-35dc-4adf-9776-354f1cb07c8a,2026-05-26T16:28:54.629417
2bfe665c-18d6-4dba-a32d-aeb87ef9b1ec,GHOST IN THE CELL,cgv,,26011800,,,,2D,2026-05-26,d43f1819-6a14-42eb-ad66-c88e0eb82efb,2026-05-26T16:28:54.629456
2bfe665c-18d6-4dba-a32d-aeb87ef9b1ec,TEMAN TEGAR MAIRA,cgv,,26005400,,,,2D,2026-05-26,3321b8e6-549e-4210-a646-87e3ccba95b3,2026-05-26T16:28:54.629494
2bfe665c-18d6-4dba-a32d-aeb87ef9b1ec,TIBA TIBA SETAN,cgv,,26007500,,,,2D,2026-05-26,dee98d48-8869-40f4-b6e6-ca3ce6ad6516,2026-05-26T16:28:54.629532
2bfe665c-18d6-4dba-a32d-aeb87ef9b1ec,HOKUM,cgv,,26024600,,,,2D,2026-05-26,a28fc850-fc75-4a29-b5ca-2458983fc8ed,2026-05-26T16:28:54.629572
2bfe665c-18d6-4dba-a32d-aeb87ef9b1ec,MORTAL KOMBAT II,cgv,,26018200,,,,2D,2026-05-26,ab404b5e-a222-49b4-9ef7-10eec6a7e05d,2026-05-26T16:28:54.629611
2bfe665c-18d6-4dba-a32d-aeb87ef9b1ec,GOHAN,cgv,,26022500,,,,2D,2026-05-26,ae0d12b3-7559-4539-87a0-764f6379be4f,2026-05-26T16:28:54.629648
2bfe665c-18d6-4dba-a32d-aeb87ef9b1ec,AYAH INI ARAHNYA KEMANA YA,cgv,,26011000,,,,2D,2026-05-26,c5a83d1b-2969-443b-ae3d-3850c1d402dc,2026-05-26T16:28:54.629685
2bfe665c-18d6-4dba-a32d-aeb87ef9b1ec,YANG LAIN BOLEH HILANG ASAL KAU JANGAN,cgv,,26018300,,,,2D,2026-05-26,46619067-6667-4a5c-8f00-3f71b43fd1c8,2026-05-26T16:28:54.629722
2bfe665c-18d6-4dba-a32d-aeb87ef9b1ec,KELUARGA SUAMI ADALAH HAMA,cgv,,26017700,,,,2D,2026-05-26,6a49a206-1a8f-4413-8c9f-c63baca39817,2026-05-26T16:28:54.629758
2bfe665c-18d6-4dba-a32d-aeb87ef9b1ec,THE SHEEP DETECTIVES,cgv,,26019500,,,,2D,2026-05-26,e6c15a2c-9f88-494f-90bf-59b4469c819b,2026-05-26T16:28:54.629794
2bfe665c-18d6-4dba-a32d-aeb87ef9b1ec,SEKAWAN LIMO RE RELEASE,cgv,,26024900,,,,2D,2026-05-26,6e295025-1dea-4cb0-95db-c947fbaac2fb,2026-05-26T16:28:54.629830
2bfe665c-18d6-4dba-a32d-aeb87ef9b1ec,MONSTER,cgv,,23042200,,,,2D,2026-05-26,3b847eb5-495d-4c1a-b058-d57d04a58da6,2026-05-26T16:28:54.629866
2bfe665c-18d6-4dba-a32d-aeb87ef9b1ec,SALMOKJI WHISPERING WATER,cgv,,26019100,,,,2D,2026-05-26,574b7c0b-6545-4c64-acaf-83bab26e5935,2026-05-26T16:28:54.629902
2bfe665c-18d6-4dba-a32d-aeb87ef9b1ec,THE DEVIL WEARS PRADA 2,cgv,,26019800,,,,2D,2026-05-26,e8b37af6-8120-4406-a9e7-2ec43de8d2db,2026-05-26T16:28:54.629946
2bfe665c-18d6-4dba-a32d-aeb87ef9b1ec,STAR WARS THE MANDALORIAN AND GROGU 3D,cgv,,26025200,,,,2D,2026-05-26,588968ff-0911-49f5-bb7c-79cfcfb977e2,2026-05-26T16:28:54.629985
2bfe665c-18d6-4dba-a32d-aeb87ef9b1ec,MOBILE SUIT GUNDAM HATHAWAY,cgv,,26021100,,,,2D,2026-05-26,2300b765-0ce0-4657-b7a3-574b72104c4b,2026-05-26T16:28:54.630021
2bfe665c-18d6-4dba-a32d-aeb87ef9b1ec,METHOD ACTING,cgv,,26023400,,,,2D,2026-05-26,b9ef3a86-3fc8-41b9-b7ad-c8a914fee18c,2026-05-26T16:28:54.630058
2bfe665c-18d6-4dba-a32d-aeb87ef9b1ec,CHAND MERA DIL,cgv,,26026000,,,,2D,2026-05-26,77c937c4-7125-42d5-9858-a75f9f9693af,2026-05-26T16:28:54.630102
2bfe665c-18d6-4dba-a32d-aeb87ef9b1ec,THAT TIME I GOT REINCARNATED AS A SLIME THE MOVIE TEARS OF THE AZURE SEA,cgv,,26017900,,,,2D,2026-05-26,69a3f1a2-7dc0-4b7c-99ff-5ca89e777932,2026-05-26T16:28:54.630143
2bfe665c-18d6-4dba-a32d-aeb87ef9b1ec,THE KINGS WARDEN,cgv,,26015000,,,,2D,2026-05-26,20986db1-3015-4f7e-9c30-53583e51bcdc,2026-05-26T16:28:54.630185
2bfe665c-18d6-4dba-a32d-aeb87ef9b1ec,KAMU HARUS MATI,cgv,,26023800,,,,2D,2026-05-26,1f495c76-d6ed-4fa1-8739-154cfe009c93,2026-05-26T16:28:54.630221
2bfe665c-18d6-4dba-a32d-aeb87ef9b1ec,SUNSHINE WOMENS CHOIR,cgv,,26024400,,,,2D,2026-05-26,c63a5685-90ba-43f8-a78b-bc6ef93e5c9b,2026-05-26T16:28:54.630257
2bfe665c-18d6-4dba-a32d-aeb87ef9b1ec,NA WILLA,cgv,,26003200,,,,2D,2026-05-26,1240f96a-0628-46db-aaf7-04f5c6ce18b2,2026-05-26T16:28:54.630293
2bfe665c-18d6-4dba-a32d-aeb87ef9b1ec,DILAN ITB 1997,cgv,,26016100,,,,2D,2026-05-26,d345e914-6f4f-4a61-b7bb-fd7f583c8b78,2026-05-26T16:28:54.630329
2bfe665c-18d6-4dba-a32d-aeb87ef9b1ec,PEGASUS 3,cgv,,26025100,,,,2D,2026-05-26,7fbd919f-76c5-4744-8c13-8bb0202585f3,2026-05-26T16:28:54.630365
c2440021-7b4b-43d2-b25f-278624a50f16,TUMBAL PROYEK,cgv,,26014300,,,,2D,2026-05-26,4b347bf1-a360-45da-bfa2-7d1cfaa3ac61,2026-05-26T16:28:54.916583
c2440021-7b4b-43d2-b25f-278624a50f16,GUDANG MERICA,cgv,,26019400,,,,2D,2026-05-26,acb2386f-b5ee-4c60-b44e-4233c8ab3a54,2026-05-26T16:28:54.916624
c2440021-7b4b-43d2-b25f-278624a50f16,STAR WARS THE MANDALORIAN AND GROGU,cgv,,26021200,,,,2D,2026-05-26,a178e450-def3-4672-9fcb-76659c781ca8,2026-05-26T16:28:54.916653
c2440021-7b4b-43d2-b25f-278624a50f16,SEMUA AKAN BAIK BAIK SAJA,cgv,,26018100,,,,2D,2026-05-26,042c10b3-5607-4f41-8529-f6b9f76a0c55,2026-05-26T16:28:54.916681
c2440021-7b4b-43d2-b25f-278624a50f16,GHOST IN THE CELL,cgv,,26011800,,,,2D,2026-05-26,8e96b0ad-857d-46aa-974a-ccf80cdb88eb,2026-05-26T16:28:54.916708
c2440021-7b4b-43d2-b25f-278624a50f16,TEMAN TEGAR MAIRA,cgv,,26005400,,,,2D,2026-05-26,16ee8f7a-b2a5-4ee6-9651-808149ed77df,2026-05-26T16:28:54.916733
c2440021-7b4b-43d2-b25f-278624a50f16,TIBA TIBA SETAN,cgv,,26007500,,,,2D,2026-05-26,88c9f6bc-2f25-48fe-96e7-647cb9d7cf16,2026-05-26T16:28:54.916759
c2440021-7b4b-43d2-b25f-278624a50f16,HOKUM,cgv,,26024600,,,,2D,2026-05-26,1446f8b1-9311-4e6e-a139-894ba2f6b44c,2026-05-26T16:28:54.916783
c2440021-7b4b-43d2-b25f-278624a50f16,MORTAL KOMBAT II,cgv,,26018200,,,,2D,2026-05-26,1f3cab52-6891-47f8-8f80-71ed9cdb3f4a,2026-05-26T16:28:54.916808
c2440021-7b4b-43d2-b25f-278624a50f16,GOHAN,cgv,,26022500,,,,2D,2026-05-26,498c4f3d-0ec9-481b-a2e6-e331fd00d27c,2026-05-26T16:28:54.916832
c2440021-7b4b-43d2-b25f-278624a50f16,AYAH INI ARAHNYA KEMANA YA,cgv,,26011000,,,,2D,2026-05-26,da5eead9-4231-4d8a-a9e1-af5d0f525f5b,2026-05-26T16:28:54.916857
c2440021-7b4b-43d2-b25f-278624a50f16,YANG LAIN BOLEH HILANG ASAL KAU JANGAN,cgv,,26018300,,,,2D,2026-05-26,3906485b-464c-4798-850d-e60379e85f61,2026-05-26T16:28:54.916882
c2440021-7b4b-43d2-b25f-278624a50f16,KELUARGA SUAMI ADALAH HAMA,cgv,,26017700,,,,2D,2026-05-26,c029b8bd-0b01-4555-b30d-89a94f4a4a8a,2026-05-26T16:28:54.916908
c2440021-7b4b-43d2-b25f-278624a50f16,THE SHEEP DETECTIVES,cgv,,26019500,,,,2D,2026-05-26,c2e6130d-fa46-431d-a7ef-03174cd6df39,2026-05-26T16:28:54.916932
c2440021-7b4b-43d2-b25f-278624a50f16,SEKAWAN LIMO RE RELEASE,cgv,,26024900,,,,2D,2026-05-26,44020fa8-4231-4f09-8d48-6fcbf4f08bf5,2026-05-26T16:28:54.916956
c2440021-7b4b-43d2-b25f-278624a50f16,MONSTER,cgv,,23042200,,,,2D,2026-05-26,cb1ec594-eac9-4f37-b4fe-13d6795a3eb3,2026-05-26T16:28:54.916978
c2440021-7b4b-43d2-b25f-278624a50f16,SALMOKJI WHISPERING WATER,cgv,,26019100,,,,2D,2026-05-26,2f3a6eba-c45d-4f04-92f6-191e56e5abf5,2026-05-26T16:28:54.917001
c2440021-7b4b-43d2-b25f-278624a50f16,THE DEVIL WEARS PRADA 2,cgv,,26019800,,,,2D,2026-05-26,bd0473a4-2725-449e-8567-410972dcbd41,2026-05-26T16:28:54.917024
c2440021-7b4b-43d2-b25f-278624a50f16,STAR WARS THE MANDALORIAN AND GROGU 3D,cgv,,26025200,,,,2D,2026-05-26,cd0d7a1a-8c4a-4a4f-bb06-8d7153368370,2026-05-26T16:28:54.917049
c2440021-7b4b-43d2-b25f-278624a50f16,MOBILE SUIT GUNDAM HATHAWAY,cgv,,26021100,,,,2D,2026-05-26,66b50d86-1eda-48ce-8aab-1b02093e1a17,2026-05-26T16:28:54.917072
c2440021-7b4b-43d2-b25f-278624a50f16,METHOD ACTING,cgv,,26023400,,,,2D,2026-05-26,91e4d371-4b1b-41ed-997a-55aa1665b2e0,2026-05-26T16:28:54.917095
c2440021-7b4b-43d2-b25f-278624a50f16,CHAND MERA DIL,cgv,,26026000,,,,2D,2026-05-26,bf25d9c6-37a2-4891-884e-4dbc0c565337,2026-05-26T16:28:54.917118
c2440021-7b4b-43d2-b25f-278624a50f16,THAT TIME I GOT REINCARNATED AS A SLIME THE MOVIE TEARS OF THE AZURE SEA,cgv,,26017900,,,,2D,2026-05-26,cd3a5310-b3cf-444a-825c-00746d05c5dd,2026-05-26T16:28:54.917146
c2440021-7b4b-43d2-b25f-278624a50f16,THE KINGS WARDEN,cgv,,26015000,,,,2D,2026-05-26,99570efa-a510-4492-9c37-80bced42061d,2026-05-26T16:28:54.917170
c2440021-7b4b-43d2-b25f-278624a50f16,KAMU HARUS MATI,cgv,,26023800,,,,2D,2026-05-26,6524d53e-694f-4870-ae21-46d54132ea0e,2026-05-26T16:28:54.917193
c2440021-7b4b-43d2-b25f-278624a50f16,SUNSHINE WOMENS CHOIR,cgv,,26024400,,,,2D,2026-05-26,52afe7f6-fe90-495c-90ed-6e513b79951c,2026-05-26T16:28:54.917216
c2440021-7b4b-43d2-b25f-278624a50f16,NA WILLA,cgv,,26003200,,,,2D,2026-05-26,f43e35d5-7c0c-4a2f-9287-202f02d5d839,2026-05-26T16:28:54.917240
c2440021-7b4b-43d2-b25f-278624a50f16,DILAN ITB 1997,cgv,,26016100,,,,2D,2026-05-26,4605ef3b-0151-4889-8417-58d9646f62ad,2026-05-26T16:28:54.917263
c2440021-7b4b-43d2-b25f-278624a50f16,PEGASUS 3,cgv,,26025100,,,,2D,2026-05-26,a1da6785-199d-4b8d-9114-57455f0ebe50,2026-05-26T16:28:54.917286
eb1f7e52-b44e-4ba7-917d-71ab0adbfa18,TUMBAL PROYEK,cgv,,26014300,,,,2D,2026-05-26,2b2efbc2-61d3-4a7d-bdde-fd18f2171d8e,2026-05-26T16:28:54.906684
eb1f7e52-b44e-4ba7-917d-71ab0adbfa18,GUDANG MERICA,cgv,,26019400,,,,2D,2026-05-26,fc616104-330b-4040-adc5-93607b978665,2026-05-26T16:28:54.906753
eb1f7e52-b44e-4ba7-917d-71ab0adbfa18,STAR WARS THE MANDALORIAN AND GROGU,cgv,,26021200,,,,2D,2026-05-26,f9967547-6d6c-428e-9181-17feced9d7e9,2026-05-26T16:28:54.906793
eb1f7e52-b44e-4ba7-917d-71ab0adbfa18,SEMUA AKAN BAIK BAIK SAJA,cgv,,26018100,,,,2D,2026-05-26,6c6c18b4-4bc1-48ce-9fff-db3b98c86385,2026-05-26T16:28:54.906838
eb1f7e52-b44e-4ba7-917d-71ab0adbfa18,GHOST IN THE CELL,cgv,,26011800,,,,2D,2026-05-26,98021fd5-4322-4619-8f2e-1b9c1ea77f62,2026-05-26T16:28:54.906872
eb1f7e52-b44e-4ba7-917d-71ab0adbfa18,TEMAN TEGAR MAIRA,cgv,,26005400,,,,2D,2026-05-26,ddef24ee-55e0-4d0c-9402-3ca13165719c,2026-05-26T16:28:54.906903
eb1f7e52-b44e-4ba7-917d-71ab0adbfa18,TIBA TIBA SETAN,cgv,,26007500,,,,2D,2026-05-26,b0cdeb88-8c35-4750-ac07-f11237bfc2b1,2026-05-26T16:28:54.906934
eb1f7e52-b44e-4ba7-917d-71ab0adbfa18,HOKUM,cgv,,26024600,,,,2D,2026-05-26,5e62a156-c5c5-4220-8ceb-8cf0625bc3b4,2026-05-26T16:28:54.906965
eb1f7e52-b44e-4ba7-917d-71ab0adbfa18,MORTAL KOMBAT II,cgv,,26018200,,,,2D,2026-05-26,aa37b266-bea1-4468-b92d-ae91255eefc4,2026-05-26T16:28:54.906995
eb1f7e52-b44e-4ba7-917d-71ab0adbfa18,GOHAN,cgv,,26022500,,,,2D,2026-05-26,8eae1c1e-47dd-47ff-9d6c-3a84384f53e8,2026-05-26T16:28:54.907025
eb1f7e52-b44e-4ba7-917d-71ab0adbfa18,AYAH INI ARAHNYA KEMANA YA,cgv,,26011000,,,,2D,2026-05-26,dc3d37d7-8ad1-4528-9784-cc62b1f9ad4a,2026-05-26T16:28:54.907054
eb1f7e52-b44e-4ba7-917d-71ab0adbfa18,YANG LAIN BOLEH HILANG ASAL KAU JANGAN,cgv,,26018300,,,,2D,2026-05-26,725858a7-9ac8-4123-9177-d38846c0adc6,2026-05-26T16:28:54.907099
eb1f7e52-b44e-4ba7-917d-71ab0adbfa18,KELUARGA SUAMI ADALAH HAMA,cgv,,26017700,,,,2D,2026-05-26,4129233d-3add-4e31-bf1b-ea7043dbd2eb,2026-05-26T16:28:54.907130
eb1f7e52-b44e-4ba7-917d-71ab0adbfa18,THE SHEEP DETECTIVES,cgv,,26019500,,,,2D,2026-05-26,951cee08-70bc-4377-9647-ff299133cb3d,2026-05-26T16:28:54.907159
eb1f7e52-b44e-4ba7-917d-71ab0adbfa18,SEKAWAN LIMO RE RELEASE,cgv,,26024900,,,,2D,2026-05-26,a41ff273-44be-49ac-8c8b-4aaa680d5932,2026-05-26T16:28:54.907188
eb1f7e52-b44e-4ba7-917d-71ab0adbfa18,MONSTER,cgv,,23042200,,,,2D,2026-05-26,d521b61e-cfe8-435c-8295-1c0a6bc80038,2026-05-26T16:28:54.907217
eb1f7e52-b44e-4ba7-917d-71ab0adbfa18,SALMOKJI WHISPERING WATER,cgv,,26019100,,,,2D,2026-05-26,e5d30fa8-dd44-4d77-8f71-2f6bcf9c1ef5,2026-05-26T16:28:54.907247
eb1f7e52-b44e-4ba7-917d-71ab0adbfa18,THE DEVIL WEARS PRADA 2,cgv,,26019800,,,,2D,2026-05-26,94815a3d-b2dd-41f4-8c85-fd737875df2a,2026-05-26T16:28:54.907276
eb1f7e52-b44e-4ba7-917d-71ab0adbfa18,STAR WARS THE MANDALORIAN AND GROGU 3D,cgv,,26025200,,,,2D,2026-05-26,1f045ae4-43ca-4a13-8a61-bd7e8b592e74,2026-05-26T16:28:54.907307
eb1f7e52-b44e-4ba7-917d-71ab0adbfa18,MOBILE SUIT GUNDAM HATHAWAY,cgv,,26021100,,,,2D,2026-05-26,178e5dc0-4d8c-4062-a123-3b530fd087e5,2026-05-26T16:28:54.907336
eb1f7e52-b44e-4ba7-917d-71ab0adbfa18,METHOD ACTING,cgv,,26023400,,,,2D,2026-05-26,b5634b82-ded3-474c-9e8a-ea32fe3c78af,2026-05-26T16:28:54.907365
eb1f7e52-b44e-4ba7-917d-71ab0adbfa18,CHAND MERA DIL,cgv,,26026000,,,,2D,2026-05-26,d6df840d-7b40-46fc-aae2-f66ed8b56fc6,2026-05-26T16:28:54.907393
eb1f7e52-b44e-4ba7-917d-71ab0adbfa18,THAT TIME I GOT REINCARNATED AS A SLIME THE MOVIE TEARS OF THE AZURE SEA,cgv,,26017900,,,,2D,2026-05-26,a58bfa91-0a10-443c-8da0-5dd850c6eb13,2026-05-26T16:28:54.907423
eb1f7e52-b44e-4ba7-917d-71ab0adbfa18,THE KINGS WARDEN,cgv,,26015000,,,,2D,2026-05-26,10ebebfc-03e7-4a31-899f-44d121752f21,2026-05-26T16:28:54.907451
eb1f7e52-b44e-4ba7-917d-71ab0adbfa18,KAMU HARUS MATI,cgv,,26023800,,,,2D,2026-05-26,0255d57f-7bc8-418d-afac-64daab81a7ff,2026-05-26T16:28:54.907484
eb1f7e52-b44e-4ba7-917d-71ab0adbfa18,SUNSHINE WOMENS CHOIR,cgv,,26024400,,,,2D,2026-05-26,ea093f3a-455b-4df0-bcbb-ab6edfc4f079,2026-05-26T16:28:54.907517
eb1f7e52-b44e-4ba7-917d-71ab0adbfa18,NA WILLA,cgv,,26003200,,,,2D,2026-05-26,da60be29-f842-4b97-ad2c-09e00e2fbdfd,2026-05-26T16:28:54.907545
eb1f7e52-b44e-4ba7-917d-71ab0adbfa18,DILAN ITB 1997,cgv,,26016100,,,,2D,2026-05-26,1342a508-c022-41ea-bb8b-157005233fe6,2026-05-26T16:28:54.907574
eb1f7e52-b44e-4ba7-917d-71ab0adbfa18,PEGASUS 3,cgv,,26025100,,,,2D,2026-05-26,44e3dd07-9b28-4266-8a86-6e60a712f331,2026-05-26T16:28:54.907602
9b6e63ff-1810-4cc0-b01d-c41161112b77,TUMBAL PROYEK,cgv,,26014300,,,,2D,2026-05-26,521240de-b023-4fd7-b837-53b32adbdf7d,2026-05-26T16:28:57.278610
9b6e63ff-1810-4cc0-b01d-c41161112b77,GUDANG MERICA,cgv,,26019400,,,,2D,2026-05-26,45b69112-40c7-4805-b222-49080ae31ecd,2026-05-26T16:28:57.278651
9b6e63ff-1810-4cc0-b01d-c41161112b77,STAR WARS THE MANDALORIAN AND GROGU,cgv,,26021200,,,,2D,2026-05-26,21cfa38e-228f-4004-b004-82bf658d82df,2026-05-26T16:28:57.278677
9b6e63ff-1810-4cc0-b01d-c41161112b77,SEMUA AKAN BAIK BAIK SAJA,cgv,,26018100,,,,2D,2026-05-26,c93cb146-ff2c-4bb6-b53f-e9560da05059,2026-05-26T16:28:57.278701
9b6e63ff-1810-4cc0-b01d-c41161112b77,GHOST IN THE CELL,cgv,,26011800,,,,2D,2026-05-26,2c01ff74-558c-43e9-8f4f-1f5c68e4f879,2026-05-26T16:28:57.278723
9b6e63ff-1810-4cc0-b01d-c41161112b77,TEMAN TEGAR MAIRA,cgv,,26005400,,,,2D,2026-05-26,fd5f7eb2-df72-4403-9b54-7ba1e4fd94c1,2026-05-26T16:28:57.278745
9b6e63ff-1810-4cc0-b01d-c41161112b77,TIBA TIBA SETAN,cgv,,26007500,,,,2D,2026-05-26,c687d1be-1eb8-412a-aa31-93f49f6033d4,2026-05-26T16:28:57.278766
9b6e63ff-1810-4cc0-b01d-c41161112b77,HOKUM,cgv,,26024600,,,,2D,2026-05-26,79c1b57b-2ecc-44b2-b446-314ac1065ac8,2026-05-26T16:28:57.278788
9b6e63ff-1810-4cc0-b01d-c41161112b77,MORTAL KOMBAT II,cgv,,26018200,,,,2D,2026-05-26,e1af9f32-c53d-4d8f-9775-8fca1ba69c40,2026-05-26T16:28:57.278809
9b6e63ff-1810-4cc0-b01d-c41161112b77,GOHAN,cgv,,26022500,,,,2D,2026-05-26,950bf955-8ba2-41f8-b7de-35311945abe8,2026-05-26T16:28:57.278830
9b6e63ff-1810-4cc0-b01d-c41161112b77,AYAH INI ARAHNYA KEMANA YA,cgv,,26011000,,,,2D,2026-05-26,5a644230-6e61-4b86-b5dd-e02f901ce62a,2026-05-26T16:28:57.278853
9b6e63ff-1810-4cc0-b01d-c41161112b77,YANG LAIN BOLEH HILANG ASAL KAU JANGAN,cgv,,26018300,,,,2D,2026-05-26,cbd48c81-6492-4712-a0a3-563176980161,2026-05-26T16:28:57.278876
9b6e63ff-1810-4cc0-b01d-c41161112b77,KELUARGA SUAMI ADALAH HAMA,cgv,,26017700,,,,2D,2026-05-26,e6a3e354-722c-446a-af46-8c13cf36781c,2026-05-26T16:28:57.278898
9b6e63ff-1810-4cc0-b01d-c41161112b77,THE SHEEP DETECTIVES,cgv,,26019500,,,,2D,2026-05-26,bd865325-9e27-4ac0-899a-665f4bb3525d,2026-05-26T16:28:57.278919
9b6e63ff-1810-4cc0-b01d-c41161112b77,SEKAWAN LIMO RE RELEASE,cgv,,26024900,,,,2D,2026-05-26,113a3d56-fbb7-44b5-8279-5eabe5cf567a,2026-05-26T16:28:57.279254
9b6e63ff-1810-4cc0-b01d-c41161112b77,MONSTER,cgv,,23042200,,,,2D,2026-05-26,997b1691-3170-41e6-b18b-e08ff443664c,2026-05-26T16:28:57.279282
9b6e63ff-1810-4cc0-b01d-c41161112b77,SALMOKJI WHISPERING WATER,cgv,,26019100,,,,2D,2026-05-26,e18ae1f4-cdd6-4949-9863-c1d24cf62216,2026-05-26T16:28:57.279303
9b6e63ff-1810-4cc0-b01d-c41161112b77,THE DEVIL WEARS PRADA 2,cgv,,26019800,,,,2D,2026-05-26,0a4a1a25-bc92-499f-b4b6-0d57620e024f,2026-05-26T16:28:57.279324
9b6e63ff-1810-4cc0-b01d-c41161112b77,STAR WARS THE MANDALORIAN AND GROGU 3D,cgv,,26025200,,,,2D,2026-05-26,d780732a-479f-4ae9-8dd2-88f5a0cf4a34,2026-05-26T16:28:57.279346
9b6e63ff-1810-4cc0-b01d-c41161112b77,MOBILE SUIT GUNDAM HATHAWAY,cgv,,26021100,,,,2D,2026-05-26,1e55c91e-21c6-4236-bbfe-b77fd7917d9f,2026-05-26T16:28:57.279366
9b6e63ff-1810-4cc0-b01d-c41161112b77,METHOD ACTING,cgv,,26023400,,,,2D,2026-05-26,82722b57-3930-40a9-b27b-616a8f1da5bd,2026-05-26T16:28:57.279386
9b6e63ff-1810-4cc0-b01d-c41161112b77,CHAND MERA DIL,cgv,,26026000,,,,2D,2026-05-26,641cd5b2-8f64-4042-98bd-350e2132e784,2026-05-26T16:28:57.279406
9b6e63ff-1810-4cc0-b01d-c41161112b77,THAT TIME I GOT REINCARNATED AS A SLIME THE MOVIE TEARS OF THE AZURE SEA,cgv,,26017900,,,,2D,2026-05-26,bf75ddbc-1223-4437-91d7-6ca87f37a07b,2026-05-26T16:28:57.279427
9b6e63ff-1810-4cc0-b01d-c41161112b77,THE KINGS WARDEN,cgv,,26015000,,,,2D,2026-05-26,9d565459-d5ad-4ed7-838a-09c3b96707df,2026-05-26T16:28:57.279447
9b6e63ff-1810-4cc0-b01d-c41161112b77,KAMU HARUS MATI,cgv,,26023800,,,,2D,2026-05-26,c99aa474-bcae-45ec-ab2f-609a91a7bd8f,2026-05-26T16:28:57.279468
9b6e63ff-1810-4cc0-b01d-c41161112b77,SUNSHINE WOMENS CHOIR,cgv,,26024400,,,,2D,2026-05-26,c74c3df4-57e2-429e-a644-0adce36cfae9,2026-05-26T16:28:57.279529
9b6e63ff-1810-4cc0-b01d-c41161112b77,NA WILLA,cgv,,26003200,,,,2D,2026-05-26,9e99df97-ac15-42de-995f-f317cb8646f1,2026-05-26T16:28:57.279576
9b6e63ff-1810-4cc0-b01d-c41161112b77,DILAN ITB 1997,cgv,,26016100,,,,2D,2026-05-26,c58d2019-3567-4f1d-8b8e-6c5d96a370c6,2026-05-26T16:28:57.279603
9b6e63ff-1810-4cc0-b01d-c41161112b77,PEGASUS 3,cgv,,26025100,,,,2D,2026-05-26,cc25f2d4-55d3-4314-bc48-b62593e2b1d6,2026-05-26T16:28:57.279626
c37a24aa-153c-473e-a2cd-af9ec36d91be,TUMBAL PROYEK,cgv,,26014300,,,,2D,2026-05-26,9cb352d4-57e7-45c8-bd68-fcdfcf23f891,2026-05-26T16:28:57.300219
c37a24aa-153c-473e-a2cd-af9ec36d91be,GUDANG MERICA,cgv,,26019400,,,,2D,2026-05-26,7b5b6a9d-e313-4c03-a1b2-7280b5e914fd,2026-05-26T16:28:57.300244
c37a24aa-153c-473e-a2cd-af9ec36d91be,STAR WARS THE MANDALORIAN AND GROGU,cgv,,26021200,,,,2D,2026-05-26,5de321a2-9366-458c-9224-1a17cfe51a19,2026-05-26T16:28:57.300264
c37a24aa-153c-473e-a2cd-af9ec36d91be,SEMUA AKAN BAIK BAIK SAJA,cgv,,26018100,,,,2D,2026-05-26,66ba930d-d496-46e8-9e20-b83fcd3f6f8d,2026-05-26T16:28:57.300285
c37a24aa-153c-473e-a2cd-af9ec36d91be,GHOST IN THE CELL,cgv,,26011800,,,,2D,2026-05-26,c60b8e34-0914-4f93-8e34-728628ea6f0d,2026-05-26T16:28:57.300303
c37a24aa-153c-473e-a2cd-af9ec36d91be,TEMAN TEGAR MAIRA,cgv,,26005400,,,,2D,2026-05-26,893310d5-4461-4a8c-b5ea-b4a8a83c3ebf,2026-05-26T16:28:57.300320
c37a24aa-153c-473e-a2cd-af9ec36d91be,TIBA TIBA SETAN,cgv,,26007500,,,,2D,2026-05-26,94d04c0c-e495-4931-820f-360072e099c5,2026-05-26T16:28:57.300347
c37a24aa-153c-473e-a2cd-af9ec36d91be,HOKUM,cgv,,26024600,,,,2D,2026-05-26,194dc8e1-8ad7-4659-aa60-5a0ee8f0eb01,2026-05-26T16:28:57.300484
c37a24aa-153c-473e-a2cd-af9ec36d91be,MORTAL KOMBAT II,cgv,,26018200,,,,2D,2026-05-26,26884d71-6da4-4648-bea2-14b2f3a95d1e,2026-05-26T16:28:57.300522
c37a24aa-153c-473e-a2cd-af9ec36d91be,GOHAN,cgv,,26022500,,,,2D,2026-05-26,aeca5bd5-cb19-40e0-81e1-b224cf9b1a3e,2026-05-26T16:28:57.300542
c37a24aa-153c-473e-a2cd-af9ec36d91be,AYAH INI ARAHNYA KEMANA YA,cgv,,26011000,,,,2D,2026-05-26,46c4f7bd-b888-42e1-9ab0-49bd9161009e,2026-05-26T16:28:57.300561
c37a24aa-153c-473e-a2cd-af9ec36d91be,YANG LAIN BOLEH HILANG ASAL KAU JANGAN,cgv,,26018300,,,,2D,2026-05-26,9c2e168b-e49e-4515-97ed-aafd283b07a0,2026-05-26T16:28:57.300579
c37a24aa-153c-473e-a2cd-af9ec36d91be,KELUARGA SUAMI ADALAH HAMA,cgv,,26017700,,,,2D,2026-05-26,9568924d-84af-4a8a-ac6f-ddeb989ac1d3,2026-05-26T16:28:57.300595
c37a24aa-153c-473e-a2cd-af9ec36d91be,THE SHEEP DETECTIVES,cgv,,26019500,,,,2D,2026-05-26,251f7693-6fe4-4841-a343-886faf1d18ae,2026-05-26T16:28:57.300611
c37a24aa-153c-473e-a2cd-af9ec36d91be,SEKAWAN LIMO RE RELEASE,cgv,,26024900,,,,2D,2026-05-26,ddf85900-eb44-4bbe-9aad-0315a25b1cea,2026-05-26T16:28:57.300628
c37a24aa-153c-473e-a2cd-af9ec36d91be,MONSTER,cgv,,23042200,,,,2D,2026-05-26,b52d50c9-5f78-43e4-97a1-cc3c9a8556fc,2026-05-26T16:28:57.300644
c37a24aa-153c-473e-a2cd-af9ec36d91be,SALMOKJI WHISPERING WATER,cgv,,26019100,,,,2D,2026-05-26,4e9d2c52-ff38-4561-b184-d58f56edc6d2,2026-05-26T16:28:57.300660
c37a24aa-153c-473e-a2cd-af9ec36d91be,THE DEVIL WEARS PRADA 2,cgv,,26019800,,,,2D,2026-05-26,ec739168-d044-4ab1-8013-4dc09f41e9f4,2026-05-26T16:28:57.300676
c37a24aa-153c-473e-a2cd-af9ec36d91be,STAR WARS THE MANDALORIAN AND GROGU 3D,cgv,,26025200,,,,2D,2026-05-26,8124f710-3566-40c8-bd8e-9108a5199915,2026-05-26T16:28:57.300693
c37a24aa-153c-473e-a2cd-af9ec36d91be,MOBILE SUIT GUNDAM HATHAWAY,cgv,,26021100,,,,2D,2026-05-26,b1db2c38-26cb-4a69-a1fe-29b383479b9e,2026-05-26T16:28:57.300709
c37a24aa-153c-473e-a2cd-af9ec36d91be,METHOD ACTING,cgv,,26023400,,,,2D,2026-05-26,72240575-c30e-4554-b960-fcdaf70baa18,2026-05-26T16:28:57.300724
c37a24aa-153c-473e-a2cd-af9ec36d91be,CHAND MERA DIL,cgv,,26026000,,,,2D,2026-05-26,31b2a32b-e929-4e84-9eae-071fadddc667,2026-05-26T16:28:57.300740
c37a24aa-153c-473e-a2cd-af9ec36d91be,THAT TIME I GOT REINCARNATED AS A SLIME THE MOVIE TEARS OF THE AZURE SEA,cgv,,26017900,,,,2D,2026-05-26,57ee282f-1135-4861-b6f9-195b338a0f81,2026-05-26T16:28:57.300756
c37a24aa-153c-473e-a2cd-af9ec36d91be,THE KINGS WARDEN,cgv,,26015000,,,,2D,2026-05-26,6b9af7e7-8a8a-4211-a204-5bcce7f14186,2026-05-26T16:28:57.300772
c37a24aa-153c-473e-a2cd-af9ec36d91be,KAMU HARUS MATI,cgv,,26023800,,,,2D,2026-05-26,d7426f4f-888c-412a-8f46-fa22ce9a477d,2026-05-26T16:28:57.300788
c37a24aa-153c-473e-a2cd-af9ec36d91be,SUNSHINE WOMENS CHOIR,cgv,,26024400,,,,2D,2026-05-26,063e21d1-3de8-4ff8-84f6-d9e83f3c4912,2026-05-26T16:28:57.300804
c37a24aa-153c-473e-a2cd-af9ec36d91be,NA WILLA,cgv,,26003200,,,,2D,2026-05-26,6ce38945-ab3e-4ddc-a31d-5beca0a4d527,2026-05-26T16:28:57.300819
c37a24aa-153c-473e-a2cd-af9ec36d91be,DILAN ITB 1997,cgv,,26016100,,,,2D,2026-05-26,32b59df5-5130-4ee0-843b-70ad1593febe,2026-05-26T16:28:57.300835
c37a24aa-153c-473e-a2cd-af9ec36d91be,PEGASUS 3,cgv,,26025100,,,,2D,2026-05-26,2bb9a53d-b6a0-483b-b509-256dbcd2ac3e,2026-05-26T16:28:57.300850
fe0e3375-8f74-4373-b7fe-852b43f371c8,TUMBAL PROYEK,cgv,,26014300,,,,2D,2026-05-26,7394c183-cb5c-4cd4-91bf-6f5e6c2b5c77,2026-05-26T16:28:58.182820
fe0e3375-8f74-4373-b7fe-852b43f371c8,GUDANG MERICA,cgv,,26019400,,,,2D,2026-05-26,8e156ade-b6aa-4000-a447-cdb2378e05fc,2026-05-26T16:28:58.182842
fe0e3375-8f74-4373-b7fe-852b43f371c8,STAR WARS THE MANDALORIAN AND GROGU,cgv,,26021200,,,,2D,2026-05-26,f27f5091-85bf-4006-97ed-291035eba47f,2026-05-26T16:28:58.182857
fe0e3375-8f74-4373-b7fe-852b43f371c8,SEMUA AKAN BAIK BAIK SAJA,cgv,,26018100,,,,2D,2026-05-26,661c9a89-bdae-4c5f-a9e4-791535c5827b,2026-05-26T16:28:58.182869
fe0e3375-8f74-4373-b7fe-852b43f371c8,GHOST IN THE CELL,cgv,,26011800,,,,2D,2026-05-26,8ceca834-d02a-496f-9130-17b05fd8bb94,2026-05-26T16:28:58.182883
fe0e3375-8f74-4373-b7fe-852b43f371c8,TEMAN TEGAR MAIRA,cgv,,26005400,,,,2D,2026-05-26,0e37e248-c351-47fb-951e-8315d9986816,2026-05-26T16:28:58.182894
fe0e3375-8f74-4373-b7fe-852b43f371c8,TIBA TIBA SETAN,cgv,,26007500,,,,2D,2026-05-26,f1408fb6-881d-486c-9be1-f2b65e8fbdf6,2026-05-26T16:28:58.182907
fe0e3375-8f74-4373-b7fe-852b43f371c8,HOKUM,cgv,,26024600,,,,2D,2026-05-26,5f414c2a-80dd-4c61-b524-5a683b923919,2026-05-26T16:28:58.182922
fe0e3375-8f74-4373-b7fe-852b43f371c8,MORTAL KOMBAT II,cgv,,26018200,,,,2D,2026-05-26,1f5548f6-4a38-4af8-8c13-68cf468604b4,2026-05-26T16:28:58.182932
fe0e3375-8f74-4373-b7fe-852b43f371c8,GOHAN,cgv,,26022500,,,,2D,2026-05-26,ae60d525-2972-4894-81ec-6c3f201b45ca,2026-05-26T16:28:58.182946
fe0e3375-8f74-4373-b7fe-852b43f371c8,AYAH INI ARAHNYA KEMANA YA,cgv,,26011000,,,,2D,2026-05-26,795d89ca-8519-42bd-ad81-237e9f1ee87e,2026-05-26T16:28:58.182956
fe0e3375-8f74-4373-b7fe-852b43f371c8,YANG LAIN BOLEH HILANG ASAL KAU JANGAN,cgv,,26018300,,,,2D,2026-05-26,2fb5e646-c793-4e3d-a0f4-dd691cc6780c,2026-05-26T16:28:58.182967
fe0e3375-8f74-4373-b7fe-852b43f371c8,KELUARGA SUAMI ADALAH HAMA,cgv,,26017700,,,,2D,2026-05-26,0d3e9e55-4fb8-4ad4-ade9-382e342b6286,2026-05-26T16:28:58.182977
fe0e3375-8f74-4373-b7fe-852b43f371c8,THE SHEEP DETECTIVES,cgv,,26019500,,,,2D,2026-05-26,5b43475c-aca2-47da-8c71-b0fe0b76825e,2026-05-26T16:28:58.182987
fe0e3375-8f74-4373-b7fe-852b43f371c8,SEKAWAN LIMO RE RELEASE,cgv,,26024900,,,,2D,2026-05-26,3cc06493-c12c-4e64-874e-f0331c110b63,2026-05-26T16:28:58.183001
fe0e3375-8f74-4373-b7fe-852b43f371c8,MONSTER,cgv,,23042200,,,,2D,2026-05-26,2a1eb279-8fa9-4250-9745-57b06423b238,2026-05-26T16:28:58.183012
fe0e3375-8f74-4373-b7fe-852b43f371c8,SALMOKJI WHISPERING WATER,cgv,,26019100,,,,2D,2026-05-26,a1706c5e-0918-4208-bd2d-684618b440d1,2026-05-26T16:28:58.183022
fe0e3375-8f74-4373-b7fe-852b43f371c8,THE DEVIL WEARS PRADA 2,cgv,,26019800,,,,2D,2026-05-26,fa35dbea-59bc-422f-be1a-3753afe3b3ff,2026-05-26T16:28:58.183032
fe0e3375-8f74-4373-b7fe-852b43f371c8,STAR WARS THE MANDALORIAN AND GROGU 3D,cgv,,26025200,,,,2D,2026-05-26,aa9059c1-ce30-4b1d-8790-241b767fe1b5,2026-05-26T16:28:58.183044
fe0e3375-8f74-4373-b7fe-852b43f371c8,MOBILE SUIT GUNDAM HATHAWAY,cgv,,26021100,,,,2D,2026-05-26,2be611c0-8dc4-4602-8f3a-3f46011be8f2,2026-05-26T16:28:58.183054
fe0e3375-8f74-4373-b7fe-852b43f371c8,METHOD ACTING,cgv,,26023400,,,,2D,2026-05-26,31ebff60-172b-4dfd-8469-e7e2252e50b2,2026-05-26T16:28:58.183064
fe0e3375-8f74-4373-b7fe-852b43f371c8,CHAND MERA DIL,cgv,,26026000,,,,2D,2026-05-26,1cad5665-4604-44af-9b59-e8708288e2da,2026-05-26T16:28:58.183073
fe0e3375-8f74-4373-b7fe-852b43f371c8,THAT TIME I GOT REINCARNATED AS A SLIME THE MOVIE TEARS OF THE AZURE SEA,cgv,,26017900,,,,2D,2026-05-26,e7e3ee48-83aa-46f4-b56f-4cb1a4725b12,2026-05-26T16:28:58.183084
fe0e3375-8f74-4373-b7fe-852b43f371c8,THE KINGS WARDEN,cgv,,26015000,,,,2D,2026-05-26,9d78733f-8077-491b-9e60-e86c70b63629,2026-05-26T16:28:58.183094
fe0e3375-8f74-4373-b7fe-852b43f371c8,KAMU HARUS MATI,cgv,,26023800,,,,2D,2026-05-26,08e35a7a-cfc0-4843-b280-6b7d4fd437dd,2026-05-26T16:28:58.183105
fe0e3375-8f74-4373-b7fe-852b43f371c8,SUNSHINE WOMENS CHOIR,cgv,,26024400,,,,2D,2026-05-26,509bf64c-6352-4d8a-bf41-ce83088b202f,2026-05-26T16:28:58.183115
fe0e3375-8f74-4373-b7fe-852b43f371c8,NA WILLA,cgv,,26003200,,,,2D,2026-05-26,2dd12991-772c-4e40-8525-e1c50da82735,2026-05-26T16:28:58.183126
fe0e3375-8f74-4373-b7fe-852b43f371c8,DILAN ITB 1997,cgv,,26016100,,,,2D,2026-05-26,8c307d37-b671-424d-ae78-184e7d27c699,2026-05-26T16:28:58.183136
fe0e3375-8f74-4373-b7fe-852b43f371c8,PEGASUS 3,cgv,,26025100,,,,2D,2026-05-26,67b9fc03-18e3-4368-a97a-a58b58ba9ae1,2026-05-26T16:28:58.183146
3da51c57-3207-43a8-9fbb-25fe768693a7,TUMBAL PROYEK,cgv,,26014300,,,,2D,2026-05-26,87390bec-696e-4eef-bd85-fc534c7f7228,2026-05-26T16:28:58.315910
3da51c57-3207-43a8-9fbb-25fe768693a7,GUDANG MERICA,cgv,,26019400,,,,2D,2026-05-26,858e9e9a-3ddf-4569-9d63-183b8d21b212,2026-05-26T16:28:58.315954
3da51c57-3207-43a8-9fbb-25fe768693a7,STAR WARS THE MANDALORIAN AND GROGU,cgv,,26021200,,,,2D,2026-05-26,e36bc936-7a43-4300-9f2f-13bd87319ef3,2026-05-26T16:28:58.315992
3da51c57-3207-43a8-9fbb-25fe768693a7,SEMUA AKAN BAIK BAIK SAJA,cgv,,26018100,,,,2D,2026-05-26,26dc3aef-9234-4e0e-907b-64098653205e,2026-05-26T16:28:58.316025
3da51c57-3207-43a8-9fbb-25fe768693a7,GHOST IN THE CELL,cgv,,26011800,,,,2D,2026-05-26,ace6e5ef-6476-449e-adeb-d592a68dccf5,2026-05-26T16:28:58.316057
3da51c57-3207-43a8-9fbb-25fe768693a7,TEMAN TEGAR MAIRA,cgv,,26005400,,,,2D,2026-05-26,40687194-8541-4f3e-a167-4094a4f8662e,2026-05-26T16:28:58.316092
3da51c57-3207-43a8-9fbb-25fe768693a7,TIBA TIBA SETAN,cgv,,26007500,,,,2D,2026-05-26,1b8310b7-283b-4db8-9702-7a2e8e270068,2026-05-26T16:28:58.316125
3da51c57-3207-43a8-9fbb-25fe768693a7,HOKUM,cgv,,26024600,,,,2D,2026-05-26,6ad34b95-bded-4c2a-a2fe-d1f09fbd4002,2026-05-26T16:28:58.316154
3da51c57-3207-43a8-9fbb-25fe768693a7,MORTAL KOMBAT II,cgv,,26018200,,,,2D,2026-05-26,63c8df9e-25ed-4085-8861-38404d488aff,2026-05-26T16:28:58.316187
3da51c57-3207-43a8-9fbb-25fe768693a7,GOHAN,cgv,,26022500,,,,2D,2026-05-26,e001dfa5-730c-42d2-997e-29b3cd71ee0c,2026-05-26T16:28:58.316216
3da51c57-3207-43a8-9fbb-25fe768693a7,AYAH INI ARAHNYA KEMANA YA,cgv,,26011000,,,,2D,2026-05-26,ef1adfdf-f7dc-4025-9c20-cf539cb5f771,2026-05-26T16:28:58.316247
3da51c57-3207-43a8-9fbb-25fe768693a7,YANG LAIN BOLEH HILANG ASAL KAU JANGAN,cgv,,26018300,,,,2D,2026-05-26,cc6fd083-03ba-48e1-9b3b-d3107d15c09b,2026-05-26T16:28:58.316291
3da51c57-3207-43a8-9fbb-25fe768693a7,KELUARGA SUAMI ADALAH HAMA,cgv,,26017700,,,,2D,2026-05-26,d2d88932-3a60-4870-bd50-db3375223275,2026-05-26T16:28:58.316324
3da51c57-3207-43a8-9fbb-25fe768693a7,THE SHEEP DETECTIVES,cgv,,26019500,,,,2D,2026-05-26,3ecc782b-f267-489c-87ce-8ce89c11d4ff,2026-05-26T16:28:58.316355
3da51c57-3207-43a8-9fbb-25fe768693a7,SEKAWAN LIMO RE RELEASE,cgv,,26024900,,,,2D,2026-05-26,4b373326-7847-43e3-acdc-2f14877ffd3c,2026-05-26T16:28:58.316395
3da51c57-3207-43a8-9fbb-25fe768693a7,MONSTER,cgv,,23042200,,,,2D,2026-05-26,71c3c8bb-65f7-4421-a48f-618bfc876a69,2026-05-26T16:28:58.316424
3da51c57-3207-43a8-9fbb-25fe768693a7,SALMOKJI WHISPERING WATER,cgv,,26019100,,,,2D,2026-05-26,a664845e-236d-4dc5-b1b0-5baf77fd0bb1,2026-05-26T16:28:58.316458
3da51c57-3207-43a8-9fbb-25fe768693a7,THE DEVIL WEARS PRADA 2,cgv,,26019800,,,,2D,2026-05-26,c5d9c932-9f21-4f6c-8556-378f8dac7d94,2026-05-26T16:28:58.316489
3da51c57-3207-43a8-9fbb-25fe768693a7,STAR WARS THE MANDALORIAN AND GROGU 3D,cgv,,26025200,,,,2D,2026-05-26,1341d47c-4875-4c8d-8b69-d931af3de65c,2026-05-26T16:28:58.316519
3da51c57-3207-43a8-9fbb-25fe768693a7,MOBILE SUIT GUNDAM HATHAWAY,cgv,,26021100,,,,2D,2026-05-26,e8b9b8c5-09cf-4ab3-86c8-4f2028d8d0f3,2026-05-26T16:28:58.316547
3da51c57-3207-43a8-9fbb-25fe768693a7,METHOD ACTING,cgv,,26023400,,,,2D,2026-05-26,053be27b-683e-4a9b-a7f3-cbbcc57dcbf2,2026-05-26T16:28:58.316581
3da51c57-3207-43a8-9fbb-25fe768693a7,CHAND MERA DIL,cgv,,26026000,,,,2D,2026-05-26,c0e68ff5-b18f-4f28-aa4f-ef5d806db981,2026-05-26T16:28:58.316606
3da51c57-3207-43a8-9fbb-25fe768693a7,THAT TIME I GOT REINCARNATED AS A SLIME THE MOVIE TEARS OF THE AZURE SEA,cgv,,26017900,,,,2D,2026-05-26,89d48db7-c1ba-4542-8122-520e3aa8565b,2026-05-26T16:28:58.316630
3da51c57-3207-43a8-9fbb-25fe768693a7,THE KINGS WARDEN,cgv,,26015000,,,,2D,2026-05-26,a223165f-f182-4048-81fa-03aa54376474,2026-05-26T16:28:58.316654
3da51c57-3207-43a8-9fbb-25fe768693a7,KAMU HARUS MATI,cgv,,26023800,,,,2D,2026-05-26,978ddcbc-a190-42e6-95ed-03a3e333690b,2026-05-26T16:28:58.316690
3da51c57-3207-43a8-9fbb-25fe768693a7,SUNSHINE WOMENS CHOIR,cgv,,26024400,,,,2D,2026-05-26,2d930c7a-1d26-44fd-8d57-8fb59eca7c58,2026-05-26T16:28:58.316715
3da51c57-3207-43a8-9fbb-25fe768693a7,NA WILLA,cgv,,26003200,,,,2D,2026-05-26,59b24e2d-d34c-4210-b807-fed039ea3d14,2026-05-26T16:28:58.316739
3da51c57-3207-43a8-9fbb-25fe768693a7,DILAN ITB 1997,cgv,,26016100,,,,2D,2026-05-26,73752a63-3e93-4c13-929a-ca7e3cb1d3a0,2026-05-26T16:28:58.316763
3da51c57-3207-43a8-9fbb-25fe768693a7,PEGASUS 3,cgv,,26025100,,,,2D,2026-05-26,b6b0a671-39ee-4cde-9bd7-090588be488b,2026-05-26T16:28:58.316786
2d15a01e-9a79-43ae-9e6b-acc8fea1f2c4,TUMBAL PROYEK,cgv,,26014300,,,,2D,2026-05-26,c8e0201a-91c0-4053-a2d6-1dc3a5e5b454,2026-05-26T16:28:58.501846
2d15a01e-9a79-43ae-9e6b-acc8fea1f2c4,GUDANG MERICA,cgv,,26019400,,,,2D,2026-05-26,f77b3e18-635e-4d4f-a4f2-7d1d28c5503b,2026-05-26T16:28:58.501905
2d15a01e-9a79-43ae-9e6b-acc8fea1f2c4,STAR WARS THE MANDALORIAN AND GROGU,cgv,,26021200,,,,2D,2026-05-26,9363b914-fed8-4c33-bbc0-a03e9f37308d,2026-05-26T16:28:58.501951
2d15a01e-9a79-43ae-9e6b-acc8fea1f2c4,SEMUA AKAN BAIK BAIK SAJA,cgv,,26018100,,,,2D,2026-05-26,dcd37b9a-9111-41e9-b9b2-bffe99fd478d,2026-05-26T16:28:58.501992
2d15a01e-9a79-43ae-9e6b-acc8fea1f2c4,GHOST IN THE CELL,cgv,,26011800,,,,2D,2026-05-26,7d275d2e-74ae-4b3b-a00e-f623d50dc914,2026-05-26T16:28:58.502032
2d15a01e-9a79-43ae-9e6b-acc8fea1f2c4,TEMAN TEGAR MAIRA,cgv,,26005400,,,,2D,2026-05-26,ae223557-b8d7-4fdb-af40-b3526177c889,2026-05-26T16:28:58.502070
2d15a01e-9a79-43ae-9e6b-acc8fea1f2c4,TIBA TIBA SETAN,cgv,,26007500,,,,2D,2026-05-26,84b0ae25-8be8-4769-a43a-4a2fad15516b,2026-05-26T16:28:58.502108
2d15a01e-9a79-43ae-9e6b-acc8fea1f2c4,HOKUM,cgv,,26024600,,,,2D,2026-05-26,d368a7ee-63b8-476f-b226-ede3d07ec7fc,2026-05-26T16:28:58.502164
2d15a01e-9a79-43ae-9e6b-acc8fea1f2c4,MORTAL KOMBAT II,cgv,,26018200,,,,2D,2026-05-26,09c42f20-0981-493f-ac74-b34bc1719e14,2026-05-26T16:28:58.502204
2d15a01e-9a79-43ae-9e6b-acc8fea1f2c4,GOHAN,cgv,,26022500,,,,2D,2026-05-26,28d56e87-0f26-475e-8d9f-29bed9460ed5,2026-05-26T16:28:58.502241
2d15a01e-9a79-43ae-9e6b-acc8fea1f2c4,AYAH INI ARAHNYA KEMANA YA,cgv,,26011000,,,,2D,2026-05-26,ba1297f4-f8e9-4e1a-8618-fe1a400b0d45,2026-05-26T16:28:58.502279
2d15a01e-9a79-43ae-9e6b-acc8fea1f2c4,YANG LAIN BOLEH HILANG ASAL KAU JANGAN,cgv,,26018300,,,,2D,2026-05-26,b4a67864-d078-4785-805f-d9dbe31a9512,2026-05-26T16:28:58.502316
2d15a01e-9a79-43ae-9e6b-acc8fea1f2c4,KELUARGA SUAMI ADALAH HAMA,cgv,,26017700,,,,2D,2026-05-26,f4307006-2b17-48f7-ac8a-64310d898a72,2026-05-26T16:28:58.502353
2d15a01e-9a79-43ae-9e6b-acc8fea1f2c4,THE SHEEP DETECTIVES,cgv,,26019500,,,,2D,2026-05-26,e6e5d1ca-b007-489f-a848-a7521f9c8665,2026-05-26T16:28:58.502388
2d15a01e-9a79-43ae-9e6b-acc8fea1f2c4,SEKAWAN LIMO RE RELEASE,cgv,,26024900,,,,2D,2026-05-26,bdd25bd4-119d-49fb-b1fb-4f4f7ae1576d,2026-05-26T16:28:58.502416
2d15a01e-9a79-43ae-9e6b-acc8fea1f2c4,MONSTER,cgv,,23042200,,,,2D,2026-05-26,dd2e56eb-626b-42b7-ad7e-62bb3361b515,2026-05-26T16:28:58.502446
2d15a01e-9a79-43ae-9e6b-acc8fea1f2c4,SALMOKJI WHISPERING WATER,cgv,,26019100,,,,2D,2026-05-26,98187b5f-d516-4ce8-8563-3be7d2a0fc09,2026-05-26T16:28:58.502484
2d15a01e-9a79-43ae-9e6b-acc8fea1f2c4,THE DEVIL WEARS PRADA 2,cgv,,26019800,,,,2D,2026-05-26,b9268445-fef7-4eae-a241-923cb7be48bb,2026-05-26T16:28:58.502515
2d15a01e-9a79-43ae-9e6b-acc8fea1f2c4,STAR WARS THE MANDALORIAN AND GROGU 3D,cgv,,26025200,,,,2D,2026-05-26,e5e3ea50-edfb-48b6-a5ac-2a1ea362e70c,2026-05-26T16:28:58.502547
2d15a01e-9a79-43ae-9e6b-acc8fea1f2c4,MOBILE SUIT GUNDAM HATHAWAY,cgv,,26021100,,,,2D,2026-05-26,f5eb17ba-1bb7-41bc-8104-28ed5857c305,2026-05-26T16:28:58.502583
2d15a01e-9a79-43ae-9e6b-acc8fea1f2c4,METHOD ACTING,cgv,,26023400,,,,2D,2026-05-26,b15a5bb3-5cff-4b07-9b72-b4642678f9a4,2026-05-26T16:28:58.502614
2d15a01e-9a79-43ae-9e6b-acc8fea1f2c4,CHAND MERA DIL,cgv,,26026000,,,,2D,2026-05-26,af543f7f-c810-4acd-9000-e913095234a0,2026-05-26T16:28:58.502643
2d15a01e-9a79-43ae-9e6b-acc8fea1f2c4,THAT TIME I GOT REINCARNATED AS A SLIME THE MOVIE TEARS OF THE AZURE SEA,cgv,,26017900,,,,2D,2026-05-26,f2fc914b-46d3-495a-8ad3-c773c8271ce0,2026-05-26T16:28:58.502673
2d15a01e-9a79-43ae-9e6b-acc8fea1f2c4,THE KINGS WARDEN,cgv,,26015000,,,,2D,2026-05-26,ed478014-a033-4964-866e-4c0dc0fb9b9a,2026-05-26T16:28:58.502701
2d15a01e-9a79-43ae-9e6b-acc8fea1f2c4,KAMU HARUS MATI,cgv,,26023800,,,,2D,2026-05-26,fede19c0-37e7-46a5-b7e8-5e187a2350b4,2026-05-26T16:28:58.502737
2d15a01e-9a79-43ae-9e6b-acc8fea1f2c4,SUNSHINE WOMENS CHOIR,cgv,,26024400,,,,2D,2026-05-26,cceec505-a6ff-45f6-8230-d1f916791abf,2026-05-26T16:28:58.502767
2d15a01e-9a79-43ae-9e6b-acc8fea1f2c4,NA WILLA,cgv,,26003200,,,,2D,2026-05-26,10026485-49cd-405a-860a-bf8c47cbfef3,2026-05-26T16:28:58.502800
2d15a01e-9a79-43ae-9e6b-acc8fea1f2c4,DILAN ITB 1997,cgv,,26016100,,,,2D,2026-05-26,50b28f8b-4fd4-4a08-8336-246ab9587151,2026-05-26T16:28:58.502830
2d15a01e-9a79-43ae-9e6b-acc8fea1f2c4,PEGASUS 3,cgv,,26025100,,,,2D,2026-05-26,d470ac39-bdfb-4f78-ab09-d5c63ed7f39d,2026-05-26T16:28:58.502859
f94dedcb-39ea-4224-bd32-41082e1c7285,TUMBAL PROYEK,cgv,,26014300,,,,2D,2026-05-26,0c269bd3-8b8c-4012-a32d-215f18f81d02,2026-05-26T16:29:00.832418
f94dedcb-39ea-4224-bd32-41082e1c7285,GUDANG MERICA,cgv,,26019400,,,,2D,2026-05-26,ca7c8286-b7c1-4151-9ad8-9c977d7cb471,2026-05-26T16:29:00.832472
f94dedcb-39ea-4224-bd32-41082e1c7285,STAR WARS THE MANDALORIAN AND GROGU,cgv,,26021200,,,,2D,2026-05-26,b6e32dca-584e-4eb4-ac23-f675340136e2,2026-05-26T16:29:00.832511
f94dedcb-39ea-4224-bd32-41082e1c7285,SEMUA AKAN BAIK BAIK SAJA,cgv,,26018100,,,,2D,2026-05-26,32d584f0-2579-4f40-b4ed-cd686b1d14c5,2026-05-26T16:29:00.832542
f94dedcb-39ea-4224-bd32-41082e1c7285,GHOST IN THE CELL,cgv,,26011800,,,,2D,2026-05-26,b11dd7f7-1492-4fd5-b97c-d7251f193f8d,2026-05-26T16:29:00.832573
f94dedcb-39ea-4224-bd32-41082e1c7285,TEMAN TEGAR MAIRA,cgv,,26005400,,,,2D,2026-05-26,069765c8-1729-4eb2-b199-756d6c75dd21,2026-05-26T16:29:00.832606
f94dedcb-39ea-4224-bd32-41082e1c7285,TIBA TIBA SETAN,cgv,,26007500,,,,2D,2026-05-26,6d077f93-b50b-420b-a161-af2125b4c6dc,2026-05-26T16:29:00.832636
f94dedcb-39ea-4224-bd32-41082e1c7285,HOKUM,cgv,,26024600,,,,2D,2026-05-26,78ea56d5-131a-4cad-b379-6ef9d42c7bc0,2026-05-26T16:29:00.832665
f94dedcb-39ea-4224-bd32-41082e1c7285,MORTAL KOMBAT II,cgv,,26018200,,,,2D,2026-05-26,710ec224-92eb-4612-a7be-2f09874fecca,2026-05-26T16:29:00.832694
f94dedcb-39ea-4224-bd32-41082e1c7285,GOHAN,cgv,,26022500,,,,2D,2026-05-26,f2629352-b761-463b-9149-b93fe6e65684,2026-05-26T16:29:00.832723
f94dedcb-39ea-4224-bd32-41082e1c7285,AYAH INI ARAHNYA KEMANA YA,cgv,,26011000,,,,2D,2026-05-26,aa8f4c52-b9ff-4d9d-8b5c-cfc53096e966,2026-05-26T16:29:00.832753
f94dedcb-39ea-4224-bd32-41082e1c7285,YANG LAIN BOLEH HILANG ASAL KAU JANGAN,cgv,,26018300,,,,2D,2026-05-26,cf9f21a8-b978-4a46-a602-26cd3754df8f,2026-05-26T16:29:00.832783
f94dedcb-39ea-4224-bd32-41082e1c7285,KELUARGA SUAMI ADALAH HAMA,cgv,,26017700,,,,2D,2026-05-26,6853afbf-d63a-40ac-b323-9a58cf014a1f,2026-05-26T16:29:00.832812
f94dedcb-39ea-4224-bd32-41082e1c7285,THE SHEEP DETECTIVES,cgv,,26019500,,,,2D,2026-05-26,879244d5-2b2d-4bc9-bef0-35cbccca8f49,2026-05-26T16:29:00.832840
f94dedcb-39ea-4224-bd32-41082e1c7285,SEKAWAN LIMO RE RELEASE,cgv,,26024900,,,,2D,2026-05-26,bada7e83-7fff-4729-a5e8-428e9ca01760,2026-05-26T16:29:00.832869
f94dedcb-39ea-4224-bd32-41082e1c7285,MONSTER,cgv,,23042200,,,,2D,2026-05-26,c626cf3a-0cfd-4ec0-adb8-ca46c01aa0fc,2026-05-26T16:29:00.832897
f94dedcb-39ea-4224-bd32-41082e1c7285,SALMOKJI WHISPERING WATER,cgv,,26019100,,,,2D,2026-05-26,3d958ae2-0296-409e-a3cd-6979c09a8c1c,2026-05-26T16:29:00.832926
f94dedcb-39ea-4224-bd32-41082e1c7285,THE DEVIL WEARS PRADA 2,cgv,,26019800,,,,2D,2026-05-26,704b1d75-d163-46ca-8d40-dffb1f8c90fe,2026-05-26T16:29:00.832956
f94dedcb-39ea-4224-bd32-41082e1c7285,STAR WARS THE MANDALORIAN AND GROGU 3D,cgv,,26025200,,,,2D,2026-05-26,905beff0-b36a-4a63-980f-9d6906495166,2026-05-26T16:29:00.832986
f94dedcb-39ea-4224-bd32-41082e1c7285,MOBILE SUIT GUNDAM HATHAWAY,cgv,,26021100,,,,2D,2026-05-26,4e6fd531-aad1-4af2-bbc9-ad30a32d7a44,2026-05-26T16:29:00.833015
f94dedcb-39ea-4224-bd32-41082e1c7285,METHOD ACTING,cgv,,26023400,,,,2D,2026-05-26,b2743303-b333-4877-bb40-73c07f72ff6c,2026-05-26T16:29:00.833062
f94dedcb-39ea-4224-bd32-41082e1c7285,CHAND MERA DIL,cgv,,26026000,,,,2D,2026-05-26,6820383d-4cfd-4f57-ba53-11620136ba87,2026-05-26T16:29:00.833094
f94dedcb-39ea-4224-bd32-41082e1c7285,THAT TIME I GOT REINCARNATED AS A SLIME THE MOVIE TEARS OF THE AZURE SEA,cgv,,26017900,,,,2D,2026-05-26,0c18bffe-d52a-4dd8-986c-53d03ff6ff29,2026-05-26T16:29:00.833125
f94dedcb-39ea-4224-bd32-41082e1c7285,THE KINGS WARDEN,cgv,,26015000,,,,2D,2026-05-26,8781e235-b62e-489e-82b4-842fe8ef56af,2026-05-26T16:29:00.833153
f94dedcb-39ea-4224-bd32-41082e1c7285,KAMU HARUS MATI,cgv,,26023800,,,,2D,2026-05-26,139b677a-e7b1-42e8-9ebc-3e2de43f6ae9,2026-05-26T16:29:00.833183
f94dedcb-39ea-4224-bd32-41082e1c7285,SUNSHINE WOMENS CHOIR,cgv,,26024400,,,,2D,2026-05-26,4c6b4d96-6ce0-496d-99d2-ce4b9622e66c,2026-05-26T16:29:00.833212
f94dedcb-39ea-4224-bd32-41082e1c7285,NA WILLA,cgv,,26003200,,,,2D,2026-05-26,afd3801c-7a48-42a2-827a-cbdfc0304217,2026-05-26T16:29:00.833240
f94dedcb-39ea-4224-bd32-41082e1c7285,DILAN ITB 1997,cgv,,26016100,,,,2D,2026-05-26,2a5e2760-e0d1-4a7b-9719-5c3ee7378afc,2026-05-26T16:29:00.833268
f94dedcb-39ea-4224-bd32-41082e1c7285,PEGASUS 3,cgv,,26025100,,,,2D,2026-05-26,9733b61d-4f1e-474a-8ded-9bc9bc592ebf,2026-05-26T16:29:00.833297
e118f86b-8f50-48d9-b20d-4ef6e8547c10,TUMBAL PROYEK,cgv,,26014300,,,,2D,2026-05-26,be32e28a-d7e0-47e4-9cff-5fbd735841ba,2026-05-26T16:29:00.838909
e118f86b-8f50-48d9-b20d-4ef6e8547c10,GUDANG MERICA,cgv,,26019400,,,,2D,2026-05-26,aea2f73e-ba38-4e10-8db3-4a2086de2913,2026-05-26T16:29:00.838946
e118f86b-8f50-48d9-b20d-4ef6e8547c10,STAR WARS THE MANDALORIAN AND GROGU,cgv,,26021200,,,,2D,2026-05-26,9da10f9c-f3ba-4316-9de9-d32e3b77d480,2026-05-26T16:29:00.838976
e118f86b-8f50-48d9-b20d-4ef6e8547c10,SEMUA AKAN BAIK BAIK SAJA,cgv,,26018100,,,,2D,2026-05-26,21b81ec8-066d-4036-b1bb-8fa4e4cde994,2026-05-26T16:29:00.839003
e118f86b-8f50-48d9-b20d-4ef6e8547c10,GHOST IN THE CELL,cgv,,26011800,,,,2D,2026-05-26,371f79ca-989f-4b30-90f1-a360d0680b4f,2026-05-26T16:29:00.839043
e118f86b-8f50-48d9-b20d-4ef6e8547c10,TEMAN TEGAR MAIRA,cgv,,26005400,,,,2D,2026-05-26,6b7fb8f5-9ce2-467c-a077-7b94d8c33084,2026-05-26T16:29:00.839067
e118f86b-8f50-48d9-b20d-4ef6e8547c10,TIBA TIBA SETAN,cgv,,26007500,,,,2D,2026-05-26,ebfb0ab8-0ae3-4548-8754-cd1e3455ad22,2026-05-26T16:29:00.839092
e118f86b-8f50-48d9-b20d-4ef6e8547c10,HOKUM,cgv,,26024600,,,,2D,2026-05-26,3c9d4520-999b-437f-a4a2-64b230107c61,2026-05-26T16:29:00.839125
e118f86b-8f50-48d9-b20d-4ef6e8547c10,MORTAL KOMBAT II,cgv,,26018200,,,,2D,2026-05-26,f34ab6a8-ac98-457b-b24f-964528ff0a08,2026-05-26T16:29:00.839152
e118f86b-8f50-48d9-b20d-4ef6e8547c10,GOHAN,cgv,,26022500,,,,2D,2026-05-26,41c98821-3166-4739-a7b1-8ed411071d38,2026-05-26T16:29:00.839177
e118f86b-8f50-48d9-b20d-4ef6e8547c10,AYAH INI ARAHNYA KEMANA YA,cgv,,26011000,,,,2D,2026-05-26,b196b61d-3332-46fd-9e05-887cbca42865,2026-05-26T16:29:00.839201
e118f86b-8f50-48d9-b20d-4ef6e8547c10,YANG LAIN BOLEH HILANG ASAL KAU JANGAN,cgv,,26018300,,,,2D,2026-05-26,8dad603d-c62e-4733-8f69-94cd6e436837,2026-05-26T16:29:00.839225
e118f86b-8f50-48d9-b20d-4ef6e8547c10,KELUARGA SUAMI ADALAH HAMA,cgv,,26017700,,,,2D,2026-05-26,64c6581a-807a-4cab-8ca3-af15e42b240b,2026-05-26T16:29:00.839249
e118f86b-8f50-48d9-b20d-4ef6e8547c10,THE SHEEP DETECTIVES,cgv,,26019500,,,,2D,2026-05-26,4077e73b-ea0d-42ba-8408-6ad17627c97c,2026-05-26T16:29:00.839272
e118f86b-8f50-48d9-b20d-4ef6e8547c10,SEKAWAN LIMO RE RELEASE,cgv,,26024900,,,,2D,2026-05-26,d3713a67-12ae-4d7f-b543-bcb91d505546,2026-05-26T16:29:00.839296
e118f86b-8f50-48d9-b20d-4ef6e8547c10,MONSTER,cgv,,23042200,,,,2D,2026-05-26,ef12615d-1752-4cc1-931a-8aaa3553b38a,2026-05-26T16:29:00.839320
e118f86b-8f50-48d9-b20d-4ef6e8547c10,SALMOKJI WHISPERING WATER,cgv,,26019100,,,,2D,2026-05-26,3d0a9107-1f55-4449-8f11-ff506dc067bf,2026-05-26T16:29:00.839344
e118f86b-8f50-48d9-b20d-4ef6e8547c10,THE DEVIL WEARS PRADA 2,cgv,,26019800,,,,2D,2026-05-26,3953f78a-ff60-4287-9ecf-fbf165ae69ac,2026-05-26T16:29:00.839368
e118f86b-8f50-48d9-b20d-4ef6e8547c10,STAR WARS THE MANDALORIAN AND GROGU 3D,cgv,,26025200,,,,2D,2026-05-26,7d2e9c71-a6d0-4863-8fae-805617f38748,2026-05-26T16:29:00.839394
e118f86b-8f50-48d9-b20d-4ef6e8547c10,MOBILE SUIT GUNDAM HATHAWAY,cgv,,26021100,,,,2D,2026-05-26,452f94f8-395a-4d9c-9d24-77983bd6844d,2026-05-26T16:29:00.839418
e118f86b-8f50-48d9-b20d-4ef6e8547c10,METHOD ACTING,cgv,,26023400,,,,2D,2026-05-26,4dc39d3a-5c43-49d9-8604-6b2a8813dba8,2026-05-26T16:29:00.839442
e118f86b-8f50-48d9-b20d-4ef6e8547c10,CHAND MERA DIL,cgv,,26026000,,,,2D,2026-05-26,f10a7f86-8e16-4899-8707-bc806fe3f614,2026-05-26T16:29:00.839484
e118f86b-8f50-48d9-b20d-4ef6e8547c10,THAT TIME I GOT REINCARNATED AS A SLIME THE MOVIE TEARS OF THE AZURE SEA,cgv,,26017900,,,,2D,2026-05-26,dcee5048-d79a-4d53-a047-51c84ea81017,2026-05-26T16:29:00.839512
e118f86b-8f50-48d9-b20d-4ef6e8547c10,THE KINGS WARDEN,cgv,,26015000,,,,2D,2026-05-26,3107c279-4fff-4966-80ad-7c665568fffe,2026-05-26T16:29:00.839535
e118f86b-8f50-48d9-b20d-4ef6e8547c10,KAMU HARUS MATI,cgv,,26023800,,,,2D,2026-05-26,a22c7c0c-c267-4aaa-83c1-02f8ee35a7c5,2026-05-26T16:29:00.839558
e118f86b-8f50-48d9-b20d-4ef6e8547c10,SUNSHINE WOMENS CHOIR,cgv,,26024400,,,,2D,2026-05-26,e80c7ab0-59aa-4c98-92db-7dee05578196,2026-05-26T16:29:00.839581
e118f86b-8f50-48d9-b20d-4ef6e8547c10,NA WILLA,cgv,,26003200,,,,2D,2026-05-26,03bae853-8474-4430-9a6d-924c8ca69b01,2026-05-26T16:29:00.839605
e118f86b-8f50-48d9-b20d-4ef6e8547c10,DILAN ITB 1997,cgv,,26016100,,,,2D,2026-05-26,f0c45138-d7ea-495d-bd11-4c1581419993,2026-05-26T16:29:00.839628
e118f86b-8f50-48d9-b20d-4ef6e8547c10,PEGASUS 3,cgv,,26025100,,,,2D,2026-05-26,912aeb1b-5b17-4d4f-a2db-0a17a3bf497f,2026-05-26T16:29:00.839650
92bf22b7-2198-4a06-91c6-39beace7402a,TUMBAL PROYEK,cgv,,26014300,,,,2D,2026-05-26,960f7fe9-15d8-483f-a8a2-81662623e6d1,2026-05-26T16:29:01.577963
92bf22b7-2198-4a06-91c6-39beace7402a,GUDANG MERICA,cgv,,26019400,,,,2D,2026-05-26,dbc6da5e-002c-4c28-a187-2fd7907c1f3d,2026-05-26T16:29:01.578035
92bf22b7-2198-4a06-91c6-39beace7402a,STAR WARS THE MANDALORIAN AND GROGU,cgv,,26021200,,,,2D,2026-05-26,4d94920f-855f-4a69-857b-1bacb3f81be5,2026-05-26T16:29:01.578075
92bf22b7-2198-4a06-91c6-39beace7402a,SEMUA AKAN BAIK BAIK SAJA,cgv,,26018100,,,,2D,2026-05-26,023b1569-334e-4c32-a735-77daf2057c25,2026-05-26T16:29:01.578114
92bf22b7-2198-4a06-91c6-39beace7402a,GHOST IN THE CELL,cgv,,26011800,,,,2D,2026-05-26,88fcdc88-8c92-4e6a-a03b-ccea3d1c77a3,2026-05-26T16:29:01.578149
92bf22b7-2198-4a06-91c6-39beace7402a,TEMAN TEGAR MAIRA,cgv,,26005400,,,,2D,2026-05-26,e62e5ec9-d6bf-4f8a-829a-a41989d19e33,2026-05-26T16:29:01.578215
92bf22b7-2198-4a06-91c6-39beace7402a,TIBA TIBA SETAN,cgv,,26007500,,,,2D,2026-05-26,7475551d-911f-47b2-b22b-cc463ca6d379,2026-05-26T16:29:01.578292
92bf22b7-2198-4a06-91c6-39beace7402a,HOKUM,cgv,,26024600,,,,2D,2026-05-26,5c6c0ace-d751-4bf0-b4e7-8da595d1d1ba,2026-05-26T16:29:01.578332
92bf22b7-2198-4a06-91c6-39beace7402a,MORTAL KOMBAT II,cgv,,26018200,,,,2D,2026-05-26,847b6b55-52f1-49d4-b985-7466f29b9245,2026-05-26T16:29:01.578366
92bf22b7-2198-4a06-91c6-39beace7402a,GOHAN,cgv,,26022500,,,,2D,2026-05-26,2d65dc3d-fb9b-40d8-a633-6b1c0ef321bd,2026-05-26T16:29:01.578397
92bf22b7-2198-4a06-91c6-39beace7402a,AYAH INI ARAHNYA KEMANA YA,cgv,,26011000,,,,2D,2026-05-26,defe824e-c981-49bf-8046-718796e517b4,2026-05-26T16:29:01.578427
92bf22b7-2198-4a06-91c6-39beace7402a,YANG LAIN BOLEH HILANG ASAL KAU JANGAN,cgv,,26018300,,,,2D,2026-05-26,ed25c601-0cbe-4648-9812-3ec21ab64112,2026-05-26T16:29:01.578458
92bf22b7-2198-4a06-91c6-39beace7402a,KELUARGA SUAMI ADALAH HAMA,cgv,,26017700,,,,2D,2026-05-26,bb5d57a9-5987-47f9-9383-e934d2321e9f,2026-05-26T16:29:01.578487
92bf22b7-2198-4a06-91c6-39beace7402a,THE SHEEP DETECTIVES,cgv,,26019500,,,,2D,2026-05-26,2cebc47c-07e2-4b53-b0db-89fd289e8b5c,2026-05-26T16:29:01.578516
92bf22b7-2198-4a06-91c6-39beace7402a,SEKAWAN LIMO RE RELEASE,cgv,,26024900,,,,2D,2026-05-26,6a404366-4529-43f8-a60c-9c030a022d11,2026-05-26T16:29:01.578546
92bf22b7-2198-4a06-91c6-39beace7402a,MONSTER,cgv,,23042200,,,,2D,2026-05-26,2fbbd622-077a-49dd-bb3b-3cf9daa38f70,2026-05-26T16:29:01.578577
92bf22b7-2198-4a06-91c6-39beace7402a,SALMOKJI WHISPERING WATER,cgv,,26019100,,,,2D,2026-05-26,7ffaaed8-de63-4c72-b9aa-06dd7e99f5fa,2026-05-26T16:29:01.578606
92bf22b7-2198-4a06-91c6-39beace7402a,THE DEVIL WEARS PRADA 2,cgv,,26019800,,,,2D,2026-05-26,99c91e67-e339-4c60-9e71-6f22b87c2dcc,2026-05-26T16:29:01.578636
92bf22b7-2198-4a06-91c6-39beace7402a,STAR WARS THE MANDALORIAN AND GROGU 3D,cgv,,26025200,,,,2D,2026-05-26,ef6075bf-c2bd-4c01-a8bf-d2e19290c668,2026-05-26T16:29:01.578668
92bf22b7-2198-4a06-91c6-39beace7402a,MOBILE SUIT GUNDAM HATHAWAY,cgv,,26021100,,,,2D,2026-05-26,4cec9efd-857b-481d-bbb7-00dcd9727154,2026-05-26T16:29:01.578789
92bf22b7-2198-4a06-91c6-39beace7402a,METHOD ACTING,cgv,,26023400,,,,2D,2026-05-26,4f1c101f-a51b-4435-b13b-b25d6573f706,2026-05-26T16:29:01.578860
92bf22b7-2198-4a06-91c6-39beace7402a,CHAND MERA DIL,cgv,,26026000,,,,2D,2026-05-26,74a9f2d2-22d5-4c78-a067-6530303d9e2a,2026-05-26T16:29:01.578898
92bf22b7-2198-4a06-91c6-39beace7402a,THAT TIME I GOT REINCARNATED AS A SLIME THE MOVIE TEARS OF THE AZURE SEA,cgv,,26017900,,,,2D,2026-05-26,60985e10-d047-4b45-8434-33208e2d6dea,2026-05-26T16:29:01.578960
92bf22b7-2198-4a06-91c6-39beace7402a,THE KINGS WARDEN,cgv,,26015000,,,,2D,2026-05-26,a9943bbb-6048-480d-9cfb-e8ea846b9ee9,2026-05-26T16:29:01.578996
92bf22b7-2198-4a06-91c6-39beace7402a,KAMU HARUS MATI,cgv,,26023800,,,,2D,2026-05-26,8f1b058c-cf3f-4784-9122-640639a1f845,2026-05-26T16:29:01.579026
92bf22b7-2198-4a06-91c6-39beace7402a,SUNSHINE WOMENS CHOIR,cgv,,26024400,,,,2D,2026-05-26,2b0bdc40-4960-4537-9298-e3ff07603312,2026-05-26T16:29:01.579056
92bf22b7-2198-4a06-91c6-39beace7402a,NA WILLA,cgv,,26003200,,,,2D,2026-05-26,976dbc60-d5fb-48ee-889b-ade71aeb6de3,2026-05-26T16:29:01.579084
92bf22b7-2198-4a06-91c6-39beace7402a,DILAN ITB 1997,cgv,,26016100,,,,2D,2026-05-26,ecfae586-610f-44eb-b326-a03c303634cd,2026-05-26T16:29:01.579112
92bf22b7-2198-4a06-91c6-39beace7402a,PEGASUS 3,cgv,,26025100,,,,2D,2026-05-26,05166f0d-c1aa-41a0-8e64-0e3bae2a8f70,2026-05-26T16:29:01.579220
4d6ce17a-7d08-47c8-a143-1ed7d0d38907,TUMBAL PROYEK,cgv,,26014300,,,,2D,2026-05-26,a0733068-baec-4dde-b20e-69290308c12e,2026-05-26T16:29:01.969754
4d6ce17a-7d08-47c8-a143-1ed7d0d38907,GUDANG MERICA,cgv,,26019400,,,,2D,2026-05-26,9a93c645-c495-4ecf-a308-2c74d0860f42,2026-05-26T16:29:01.969800
4d6ce17a-7d08-47c8-a143-1ed7d0d38907,STAR WARS THE MANDALORIAN AND GROGU,cgv,,26021200,,,,2D,2026-05-26,27cd8a6a-2ceb-4951-a2af-ce126b038532,2026-05-26T16:29:01.969837
4d6ce17a-7d08-47c8-a143-1ed7d0d38907,SEMUA AKAN BAIK BAIK SAJA,cgv,,26018100,,,,2D,2026-05-26,2ae08e53-9fd2-478b-8137-2e9bb2a78dc7,2026-05-26T16:29:01.969870
4d6ce17a-7d08-47c8-a143-1ed7d0d38907,GHOST IN THE CELL,cgv,,26011800,,,,2D,2026-05-26,dad8e8cd-4819-4919-80ff-4e32639d4918,2026-05-26T16:29:01.969904
4d6ce17a-7d08-47c8-a143-1ed7d0d38907,TEMAN TEGAR MAIRA,cgv,,26005400,,,,2D,2026-05-26,4adf3023-56aa-4cf5-aa75-05aa6f428a48,2026-05-26T16:29:01.969940
4d6ce17a-7d08-47c8-a143-1ed7d0d38907,TIBA TIBA SETAN,cgv,,26007500,,,,2D,2026-05-26,3eae7d44-b441-447d-9072-c353793b7b19,2026-05-26T16:29:01.969972
4d6ce17a-7d08-47c8-a143-1ed7d0d38907,HOKUM,cgv,,26024600,,,,2D,2026-05-26,a2fa28d1-b4ba-4428-8cf1-3c6747b991a8,2026-05-26T16:29:01.970004
4d6ce17a-7d08-47c8-a143-1ed7d0d38907,MORTAL KOMBAT II,cgv,,26018200,,,,2D,2026-05-26,4dc07dbd-a36b-4ca5-bea2-cabeab40f977,2026-05-26T16:29:01.970037
4d6ce17a-7d08-47c8-a143-1ed7d0d38907,GOHAN,cgv,,26022500,,,,2D,2026-05-26,03782127-2116-49fb-8ba3-f4699a235a11,2026-05-26T16:29:01.970071
4d6ce17a-7d08-47c8-a143-1ed7d0d38907,AYAH INI ARAHNYA KEMANA YA,cgv,,26011000,,,,2D,2026-05-26,eb76fd42-9ccd-4b09-8fcc-7d5049082ff6,2026-05-26T16:29:01.970431
4d6ce17a-7d08-47c8-a143-1ed7d0d38907,YANG LAIN BOLEH HILANG ASAL KAU JANGAN,cgv,,26018300,,,,2D,2026-05-26,50239a0c-c11e-4d63-b517-d10247120e57,2026-05-26T16:29:01.970471
4d6ce17a-7d08-47c8-a143-1ed7d0d38907,KELUARGA SUAMI ADALAH HAMA,cgv,,26017700,,,,2D,2026-05-26,542f4e54-1bad-4288-96b3-754ffaa0eb23,2026-05-26T16:29:01.970504
4d6ce17a-7d08-47c8-a143-1ed7d0d38907,THE SHEEP DETECTIVES,cgv,,26019500,,,,2D,2026-05-26,2d1147ff-ea15-4e54-a62f-dfa0c89be0b4,2026-05-26T16:29:01.970537
4d6ce17a-7d08-47c8-a143-1ed7d0d38907,SEKAWAN LIMO RE RELEASE,cgv,,26024900,,,,2D,2026-05-26,7e9fe491-42a9-4b45-a98d-6c52ec6de3ac,2026-05-26T16:29:01.970570
4d6ce17a-7d08-47c8-a143-1ed7d0d38907,MONSTER,cgv,,23042200,,,,2D,2026-05-26,aaad0f9b-8358-4668-88da-da857aa306fd,2026-05-26T16:29:01.970602
4d6ce17a-7d08-47c8-a143-1ed7d0d38907,SALMOKJI WHISPERING WATER,cgv,,26019100,,,,2D,2026-05-26,3d6430ff-a4f0-4024-8287-f0c83ee022e8,2026-05-26T16:29:01.970634
4d6ce17a-7d08-47c8-a143-1ed7d0d38907,THE DEVIL WEARS PRADA 2,cgv,,26019800,,,,2D,2026-05-26,24fe5b3c-4dfa-4fb2-a09d-7753933bfb0f,2026-05-26T16:29:01.970666
4d6ce17a-7d08-47c8-a143-1ed7d0d38907,STAR WARS THE MANDALORIAN AND GROGU 3D,cgv,,26025200,,,,2D,2026-05-26,80318011-1a0f-4490-bc23-5744261d4058,2026-05-26T16:29:01.970700
4d6ce17a-7d08-47c8-a143-1ed7d0d38907,MOBILE SUIT GUNDAM HATHAWAY,cgv,,26021100,,,,2D,2026-05-26,ad4ce088-9626-422b-9f89-ba3025f03e13,2026-05-26T16:29:01.970731
4d6ce17a-7d08-47c8-a143-1ed7d0d38907,METHOD ACTING,cgv,,26023400,,,,2D,2026-05-26,e2c53d47-77f7-43a5-81d1-d048b1a74272,2026-05-26T16:29:01.970763
4d6ce17a-7d08-47c8-a143-1ed7d0d38907,CHAND MERA DIL,cgv,,26026000,,,,2D,2026-05-26,c678bab8-324a-4199-a047-e9eba3d56470,2026-05-26T16:29:01.970793
4d6ce17a-7d08-47c8-a143-1ed7d0d38907,THAT TIME I GOT REINCARNATED AS A SLIME THE MOVIE TEARS OF THE AZURE SEA,cgv,,26017900,,,,2D,2026-05-26,ac5d4e34-33e5-4240-83a4-9602c527f738,2026-05-26T16:29:01.970825
4d6ce17a-7d08-47c8-a143-1ed7d0d38907,THE KINGS WARDEN,cgv,,26015000,,,,2D,2026-05-26,e776605b-ffc5-469a-ab6b-94ba1499c835,2026-05-26T16:29:01.970856
4d6ce17a-7d08-47c8-a143-1ed7d0d38907,KAMU HARUS MATI,cgv,,26023800,,,,2D,2026-05-26,c2746a5a-474b-457e-bd1e-c3946e62ab1d,2026-05-26T16:29:01.970887
4d6ce17a-7d08-47c8-a143-1ed7d0d38907,SUNSHINE WOMENS CHOIR,cgv,,26024400,,,,2D,2026-05-26,4a501499-4276-47bf-9662-18b6d7ed93f8,2026-05-26T16:29:01.970918
4d6ce17a-7d08-47c8-a143-1ed7d0d38907,NA WILLA,cgv,,26003200,,,,2D,2026-05-26,d8b93a1e-5c11-4c7b-b52c-16fbe3162d32,2026-05-26T16:29:01.970948
4d6ce17a-7d08-47c8-a143-1ed7d0d38907,DILAN ITB 1997,cgv,,26016100,,,,2D,2026-05-26,b881c51e-30c5-4476-b565-9a64310f49f7,2026-05-26T16:29:01.970979
4d6ce17a-7d08-47c8-a143-1ed7d0d38907,PEGASUS 3,cgv,,26025100,,,,2D,2026-05-26,d11c8053-566e-4c85-945e-5445bc289354,2026-05-26T16:29:01.971206
3da38b6d-b1e0-47ff-a9b9-2ae76f0409cf,TUMBAL PROYEK,cgv,,26014300,,,,2D,2026-05-26,e2b91f34-146b-423a-8f5c-5c8ffbf811f8,2026-05-26T16:29:02.053753
3da38b6d-b1e0-47ff-a9b9-2ae76f0409cf,GUDANG MERICA,cgv,,26019400,,,,2D,2026-05-26,963143f3-dfc3-48eb-a9d5-7dd1883ca25e,2026-05-26T16:29:02.053900
3da38b6d-b1e0-47ff-a9b9-2ae76f0409cf,STAR WARS THE MANDALORIAN AND GROGU,cgv,,26021200,,,,2D,2026-05-26,4c8ae6fe-9ec3-42cc-828d-819116e9ae9d,2026-05-26T16:29:02.054226
3da38b6d-b1e0-47ff-a9b9-2ae76f0409cf,SEMUA AKAN BAIK BAIK SAJA,cgv,,26018100,,,,2D,2026-05-26,211bcc6f-37ee-45e1-8543-717b10fbf86e,2026-05-26T16:29:02.054304
3da38b6d-b1e0-47ff-a9b9-2ae76f0409cf,GHOST IN THE CELL,cgv,,26011800,,,,2D,2026-05-26,4db6ebbb-6b6e-4d66-9dce-9fbc80fd4168,2026-05-26T16:29:02.054654
3da38b6d-b1e0-47ff-a9b9-2ae76f0409cf,TEMAN TEGAR MAIRA,cgv,,26005400,,,,2D,2026-05-26,38488620-423c-42bf-bea2-335391337ff7,2026-05-26T16:29:02.054784
3da38b6d-b1e0-47ff-a9b9-2ae76f0409cf,TIBA TIBA SETAN,cgv,,26007500,,,,2D,2026-05-26,131b336c-14c0-46dd-bb29-c891f8f6ac0c,2026-05-26T16:29:02.054801
3da38b6d-b1e0-47ff-a9b9-2ae76f0409cf,HOKUM,cgv,,26024600,,,,2D,2026-05-26,24ccf403-d772-4a7f-aee2-aeac300fa635,2026-05-26T16:29:02.054827
3da38b6d-b1e0-47ff-a9b9-2ae76f0409cf,MORTAL KOMBAT II,cgv,,26018200,,,,2D,2026-05-26,8c8d0451-cf5f-4b8d-b653-d4ea9b94132a,2026-05-26T16:29:02.054852
3da38b6d-b1e0-47ff-a9b9-2ae76f0409cf,GOHAN,cgv,,26022500,,,,2D,2026-05-26,a74c64b5-fc60-49e3-8363-94e1976ddf0e,2026-05-26T16:29:02.054939
3da38b6d-b1e0-47ff-a9b9-2ae76f0409cf,AYAH INI ARAHNYA KEMANA YA,cgv,,26011000,,,,2D,2026-05-26,fa936370-ae59-44cc-9b57-58a4cec5c18c,2026-05-26T16:29:02.054979
3da38b6d-b1e0-47ff-a9b9-2ae76f0409cf,YANG LAIN BOLEH HILANG ASAL KAU JANGAN,cgv,,26018300,,,,2D,2026-05-26,4108d1db-8dc5-438a-ad1e-68a0c3647748,2026-05-26T16:29:02.055015
3da38b6d-b1e0-47ff-a9b9-2ae76f0409cf,KELUARGA SUAMI ADALAH HAMA,cgv,,26017700,,,,2D,2026-05-26,a6c3488d-e293-4263-b5b5-323590c3e597,2026-05-26T16:29:02.055048
3da38b6d-b1e0-47ff-a9b9-2ae76f0409cf,THE SHEEP DETECTIVES,cgv,,26019500,,,,2D,2026-05-26,9cf052c7-f9ca-49ef-ad15-43c04cf65ed5,2026-05-26T16:29:02.055081
3da38b6d-b1e0-47ff-a9b9-2ae76f0409cf,SEKAWAN LIMO RE RELEASE,cgv,,26024900,,,,2D,2026-05-26,11827e57-06a5-47d8-a3e1-81035762a4c5,2026-05-26T16:29:02.055114
3da38b6d-b1e0-47ff-a9b9-2ae76f0409cf,MONSTER,cgv,,23042200,,,,2D,2026-05-26,2a804a4d-8cae-43f8-a8ae-c6e6637a9501,2026-05-26T16:29:02.055147
3da38b6d-b1e0-47ff-a9b9-2ae76f0409cf,SALMOKJI WHISPERING WATER,cgv,,26019100,,,,2D,2026-05-26,c5c114fd-5490-44a1-bef9-fe404fe6228a,2026-05-26T16:29:02.055179
3da38b6d-b1e0-47ff-a9b9-2ae76f0409cf,THE DEVIL WEARS PRADA 2,cgv,,26019800,,,,2D,2026-05-26,e5ed5578-5136-4e12-bb75-6dda4792920b,2026-05-26T16:29:02.055212
3da38b6d-b1e0-47ff-a9b9-2ae76f0409cf,STAR WARS THE MANDALORIAN AND GROGU 3D,cgv,,26025200,,,,2D,2026-05-26,4a26e1f9-a5d6-4db3-9210-4832c9a38e17,2026-05-26T16:29:02.055246
3da38b6d-b1e0-47ff-a9b9-2ae76f0409cf,MOBILE SUIT GUNDAM HATHAWAY,cgv,,26021100,,,,2D,2026-05-26,35370a4d-76f7-497a-b1cf-8d4489a3b17c,2026-05-26T16:29:02.055277
3da38b6d-b1e0-47ff-a9b9-2ae76f0409cf,METHOD ACTING,cgv,,26023400,,,,2D,2026-05-26,04697a00-3516-409e-93e7-62103eb8e30a,2026-05-26T16:29:02.055386
3da38b6d-b1e0-47ff-a9b9-2ae76f0409cf,CHAND MERA DIL,cgv,,26026000,,,,2D,2026-05-26,643a508e-1f41-4f5f-affa-bcaa20c02611,2026-05-26T16:29:02.055421
3da38b6d-b1e0-47ff-a9b9-2ae76f0409cf,THAT TIME I GOT REINCARNATED AS A SLIME THE MOVIE TEARS OF THE AZURE SEA,cgv,,26017900,,,,2D,2026-05-26,fe7b0686-bec5-400f-ab5a-5175f6057c57,2026-05-26T16:29:02.055457
3da38b6d-b1e0-47ff-a9b9-2ae76f0409cf,THE KINGS WARDEN,cgv,,26015000,,,,2D,2026-05-26,b57c096a-8b14-49b6-8d1e-ad4984014cc1,2026-05-26T16:29:02.055491
3da38b6d-b1e0-47ff-a9b9-2ae76f0409cf,KAMU HARUS MATI,cgv,,26023800,,,,2D,2026-05-26,08ee9400-c4b0-4bc0-aee9-43ace29acdcc,2026-05-26T16:29:02.055523
3da38b6d-b1e0-47ff-a9b9-2ae76f0409cf,SUNSHINE WOMENS CHOIR,cgv,,26024400,,,,2D,2026-05-26,93bf6210-282f-421b-9f10-d6754caa2bd1,2026-05-26T16:29:02.055556
3da38b6d-b1e0-47ff-a9b9-2ae76f0409cf,NA WILLA,cgv,,26003200,,,,2D,2026-05-26,8a966663-a0b8-4844-8f1a-79377d919f7f,2026-05-26T16:29:02.055588
3da38b6d-b1e0-47ff-a9b9-2ae76f0409cf,DILAN ITB 1997,cgv,,26016100,,,,2D,2026-05-26,20d59b14-da08-485b-8eda-e69c140d6419,2026-05-26T16:29:02.055620
3da38b6d-b1e0-47ff-a9b9-2ae76f0409cf,PEGASUS 3,cgv,,26025100,,,,2D,2026-05-26,0de956b0-bd18-442b-bcfc-fe89ed3c4c91,2026-05-26T16:29:02.055652
b50a58fb-ae58-41b3-ae08-e48226c54a72,TUMBAL PROYEK,cgv,,26014300,,,,2D,2026-05-26,012c083d-0aa6-48ab-bd92-f6d9be8ad1ac,2026-05-26T16:29:04.191065
b50a58fb-ae58-41b3-ae08-e48226c54a72,GUDANG MERICA,cgv,,26019400,,,,2D,2026-05-26,d0753436-f2be-4c99-9441-db370fe9af9c,2026-05-26T16:29:04.191103
b50a58fb-ae58-41b3-ae08-e48226c54a72,STAR WARS THE MANDALORIAN AND GROGU,cgv,,26021200,,,,2D,2026-05-26,cd1d1dff-0933-40fc-b51e-bd3ccf8ecc61,2026-05-26T16:29:04.191133
b50a58fb-ae58-41b3-ae08-e48226c54a72,SEMUA AKAN BAIK BAIK SAJA,cgv,,26018100,,,,2D,2026-05-26,1249a0ac-5764-4804-a45d-1aa16d240bb3,2026-05-26T16:29:04.191160
b50a58fb-ae58-41b3-ae08-e48226c54a72,GHOST IN THE CELL,cgv,,26011800,,,,2D,2026-05-26,b17758fc-515b-43e2-894c-4b778242bf18,2026-05-26T16:29:04.191185
b50a58fb-ae58-41b3-ae08-e48226c54a72,TEMAN TEGAR MAIRA,cgv,,26005400,,,,2D,2026-05-26,50c6540f-dbe0-44c3-aecb-10df0e052bf1,2026-05-26T16:29:04.191210
b50a58fb-ae58-41b3-ae08-e48226c54a72,TIBA TIBA SETAN,cgv,,26007500,,,,2D,2026-05-26,8a867ddb-d458-49fa-8c24-7d19cb8d0879,2026-05-26T16:29:04.191235
b50a58fb-ae58-41b3-ae08-e48226c54a72,HOKUM,cgv,,26024600,,,,2D,2026-05-26,ef2138b6-29a6-4566-b3d1-dae943a0fd16,2026-05-26T16:29:04.191267
b50a58fb-ae58-41b3-ae08-e48226c54a72,MORTAL KOMBAT II,cgv,,26018200,,,,2D,2026-05-26,8f81436a-ec67-4ad4-b15d-6f5194e75068,2026-05-26T16:29:04.191291
b50a58fb-ae58-41b3-ae08-e48226c54a72,GOHAN,cgv,,26022500,,,,2D,2026-05-26,dae0fa18-34f8-4596-b863-3a0da8c843ec,2026-05-26T16:29:04.191315
b50a58fb-ae58-41b3-ae08-e48226c54a72,AYAH INI ARAHNYA KEMANA YA,cgv,,26011000,,,,2D,2026-05-26,d312773e-019d-4124-9367-81984962fb44,2026-05-26T16:29:04.191340
b50a58fb-ae58-41b3-ae08-e48226c54a72,YANG LAIN BOLEH HILANG ASAL KAU JANGAN,cgv,,26018300,,,,2D,2026-05-26,543dddc3-dac1-4772-8370-b4d7f23d9bc7,2026-05-26T16:29:04.191365
b50a58fb-ae58-41b3-ae08-e48226c54a72,KELUARGA SUAMI ADALAH HAMA,cgv,,26017700,,,,2D,2026-05-26,9012d032-dc59-494c-aaba-1bdc64880a74,2026-05-26T16:29:04.191398
b50a58fb-ae58-41b3-ae08-e48226c54a72,THE SHEEP DETECTIVES,cgv,,26019500,,,,2D,2026-05-26,f61dd1e6-e5c0-47d4-961e-35e02446bbcf,2026-05-26T16:29:04.191422
b50a58fb-ae58-41b3-ae08-e48226c54a72,SEKAWAN LIMO RE RELEASE,cgv,,26024900,,,,2D,2026-05-26,7a3e1caa-1338-4e15-8791-b444b4752db0,2026-05-26T16:29:04.191452
b50a58fb-ae58-41b3-ae08-e48226c54a72,MONSTER,cgv,,23042200,,,,2D,2026-05-26,fa9e0014-70c2-4221-9fe8-a020a561fd1d,2026-05-26T16:29:04.191476
b50a58fb-ae58-41b3-ae08-e48226c54a72,SALMOKJI WHISPERING WATER,cgv,,26019100,,,,2D,2026-05-26,48d51b23-ffa0-4033-ba29-5a1aa9a6ebfc,2026-05-26T16:29:04.191500
b50a58fb-ae58-41b3-ae08-e48226c54a72,THE DEVIL WEARS PRADA 2,cgv,,26019800,,,,2D,2026-05-26,bbf04755-5fb6-4804-82e5-18245b6c5c9e,2026-05-26T16:29:04.191523
b50a58fb-ae58-41b3-ae08-e48226c54a72,STAR WARS THE MANDALORIAN AND GROGU 3D,cgv,,26025200,,,,2D,2026-05-26,5625a4a7-d2a7-448a-9b3f-1dc966bfb36e,2026-05-26T16:29:04.191548
b50a58fb-ae58-41b3-ae08-e48226c54a72,MOBILE SUIT GUNDAM HATHAWAY,cgv,,26021100,,,,2D,2026-05-26,522d2089-65a8-4ad4-890e-9ae9d2a3f1e6,2026-05-26T16:29:04.191571
b50a58fb-ae58-41b3-ae08-e48226c54a72,METHOD ACTING,cgv,,26023400,,,,2D,2026-05-26,cf5aa820-4b2d-4a3f-b281-ced208107105,2026-05-26T16:29:04.191594
b50a58fb-ae58-41b3-ae08-e48226c54a72,CHAND MERA DIL,cgv,,26026000,,,,2D,2026-05-26,6feb505c-565e-40eb-aec7-3265009bfcec,2026-05-26T16:29:04.191618
b50a58fb-ae58-41b3-ae08-e48226c54a72,THAT TIME I GOT REINCARNATED AS A SLIME THE MOVIE TEARS OF THE AZURE SEA,cgv,,26017900,,,,2D,2026-05-26,24dced05-0629-4ac3-ab23-7cc8012ba4be,2026-05-26T16:29:04.191643
b50a58fb-ae58-41b3-ae08-e48226c54a72,THE KINGS WARDEN,cgv,,26015000,,,,2D,2026-05-26,4dc37825-ed41-4061-b216-32f24b6e1b40,2026-05-26T16:29:04.191669
b50a58fb-ae58-41b3-ae08-e48226c54a72,KAMU HARUS MATI,cgv,,26023800,,,,2D,2026-05-26,4af1aba9-7ee9-4efc-bcd3-2b1d257fda0f,2026-05-26T16:29:04.191692
b50a58fb-ae58-41b3-ae08-e48226c54a72,SUNSHINE WOMENS CHOIR,cgv,,26024400,,,,2D,2026-05-26,048e304c-b1c0-4b52-b683-bac343107315,2026-05-26T16:29:04.191717
b50a58fb-ae58-41b3-ae08-e48226c54a72,NA WILLA,cgv,,26003200,,,,2D,2026-05-26,fd71f0e2-5c46-40a3-9f86-6d8819b61909,2026-05-26T16:29:04.191741
b50a58fb-ae58-41b3-ae08-e48226c54a72,DILAN ITB 1997,cgv,,26016100,,,,2D,2026-05-26,b1cd6f9f-052a-4279-a363-b30fb2d6fc4c,2026-05-26T16:29:04.191764
b50a58fb-ae58-41b3-ae08-e48226c54a72,PEGASUS 3,cgv,,26025100,,,,2D,2026-05-26,4b2cede7-9741-44ce-9218-b3511fef6ee5,2026-05-26T16:29:04.191796
571a05ee-23c7-4e18-83cd-96bb244da03d,TUMBAL PROYEK,cgv,,26014300,,,,2D,2026-05-26,738e70a4-e217-455d-95db-157397f118ec,2026-05-26T16:29:04.196816
571a05ee-23c7-4e18-83cd-96bb244da03d,GUDANG MERICA,cgv,,26019400,,,,2D,2026-05-26,7205d688-b5c1-4fc8-b642-11f4f7237184,2026-05-26T16:29:04.196848
571a05ee-23c7-4e18-83cd-96bb244da03d,STAR WARS THE MANDALORIAN AND GROGU,cgv,,26021200,,,,2D,2026-05-26,32ec9474-8e3b-4d00-b8b3-543acb866a45,2026-05-26T16:29:04.196872
571a05ee-23c7-4e18-83cd-96bb244da03d,SEMUA AKAN BAIK BAIK SAJA,cgv,,26018100,,,,2D,2026-05-26,ec3cef6d-8e43-41ed-bbb7-32856954a64d,2026-05-26T16:29:04.196895
571a05ee-23c7-4e18-83cd-96bb244da03d,GHOST IN THE CELL,cgv,,26011800,,,,2D,2026-05-26,574fd856-268d-4f11-8e95-37828769bd60,2026-05-26T16:29:04.196917
571a05ee-23c7-4e18-83cd-96bb244da03d,TEMAN TEGAR MAIRA,cgv,,26005400,,,,2D,2026-05-26,41800613-8c96-4343-89a1-63d434cb5b42,2026-05-26T16:29:04.196938
571a05ee-23c7-4e18-83cd-96bb244da03d,TIBA TIBA SETAN,cgv,,26007500,,,,2D,2026-05-26,2443e9bf-1d75-451a-99e4-125482fe7c23,2026-05-26T16:29:04.196959
571a05ee-23c7-4e18-83cd-96bb244da03d,HOKUM,cgv,,26024600,,,,2D,2026-05-26,a1b4c3c5-bc57-42b6-a0bf-2d1bbc6e4b0a,2026-05-26T16:29:04.196979
571a05ee-23c7-4e18-83cd-96bb244da03d,MORTAL KOMBAT II,cgv,,26018200,,,,2D,2026-05-26,2b8477cb-cf3c-46f3-b51d-78c6ac8af5c2,2026-05-26T16:29:04.197000
571a05ee-23c7-4e18-83cd-96bb244da03d,GOHAN,cgv,,26022500,,,,2D,2026-05-26,106f84f3-e55d-4500-b31a-2da3a32025ac,2026-05-26T16:29:04.197019
571a05ee-23c7-4e18-83cd-96bb244da03d,AYAH INI ARAHNYA KEMANA YA,cgv,,26011000,,,,2D,2026-05-26,60021659-1e32-4fcd-9983-b0dce064ed4a,2026-05-26T16:29:04.197039
571a05ee-23c7-4e18-83cd-96bb244da03d,YANG LAIN BOLEH HILANG ASAL KAU JANGAN,cgv,,26018300,,,,2D,2026-05-26,c44157d6-6990-4e4d-a81f-59fa4ad36dbc,2026-05-26T16:29:04.197068
571a05ee-23c7-4e18-83cd-96bb244da03d,KELUARGA SUAMI ADALAH HAMA,cgv,,26017700,,,,2D,2026-05-26,15048860-e428-4e6b-b287-d49a15aff880,2026-05-26T16:29:04.197088
571a05ee-23c7-4e18-83cd-96bb244da03d,THE SHEEP DETECTIVES,cgv,,26019500,,,,2D,2026-05-26,4595b916-09bc-487d-b2f3-f95147c04f64,2026-05-26T16:29:04.197109
571a05ee-23c7-4e18-83cd-96bb244da03d,SEKAWAN LIMO RE RELEASE,cgv,,26024900,,,,2D,2026-05-26,8bce7a32-e6aa-40f2-b928-8439f779425c,2026-05-26T16:29:04.197129
571a05ee-23c7-4e18-83cd-96bb244da03d,MONSTER,cgv,,23042200,,,,2D,2026-05-26,65145e15-c5be-42c5-bc11-a9a9d047ae6d,2026-05-26T16:29:04.197148
571a05ee-23c7-4e18-83cd-96bb244da03d,SALMOKJI WHISPERING WATER,cgv,,26019100,,,,2D,2026-05-26,aaff9ea7-2d3f-4aa1-8666-d4635af9a9c1,2026-05-26T16:29:04.197168
571a05ee-23c7-4e18-83cd-96bb244da03d,THE DEVIL WEARS PRADA 2,cgv,,26019800,,,,2D,2026-05-26,754a206f-9707-4063-b5da-551404f1a4f9,2026-05-26T16:29:04.197188
571a05ee-23c7-4e18-83cd-96bb244da03d,STAR WARS THE MANDALORIAN AND GROGU 3D,cgv,,26025200,,,,2D,2026-05-26,0084ad78-8646-4078-bc8f-9a905a1d48ba,2026-05-26T16:29:04.197210
571a05ee-23c7-4e18-83cd-96bb244da03d,MOBILE SUIT GUNDAM HATHAWAY,cgv,,26021100,,,,2D,2026-05-26,820aa2d9-3578-4595-9dfe-23780a5dfcf6,2026-05-26T16:29:04.197231
571a05ee-23c7-4e18-83cd-96bb244da03d,METHOD ACTING,cgv,,26023400,,,,2D,2026-05-26,20410c80-e99a-48ff-8838-3c853e41a135,2026-05-26T16:29:04.197251
571a05ee-23c7-4e18-83cd-96bb244da03d,CHAND MERA DIL,cgv,,26026000,,,,2D,2026-05-26,162d59b8-4070-49d3-ac6c-bc3ba7e54ad8,2026-05-26T16:29:04.197271
571a05ee-23c7-4e18-83cd-96bb244da03d,THAT TIME I GOT REINCARNATED AS A SLIME THE MOVIE TEARS OF THE AZURE SEA,cgv,,26017900,,,,2D,2026-05-26,dbd3c0af-d594-48ce-89e1-8c697c4798f4,2026-05-26T16:29:04.197291
571a05ee-23c7-4e18-83cd-96bb244da03d,THE KINGS WARDEN,cgv,,26015000,,,,2D,2026-05-26,ba43199c-56e2-4bdc-a209-6045f94fced6,2026-05-26T16:29:04.197312
571a05ee-23c7-4e18-83cd-96bb244da03d,KAMU HARUS MATI,cgv,,26023800,,,,2D,2026-05-26,1a81311b-6ead-4f19-b629-20be2c715c17,2026-05-26T16:29:04.197332
571a05ee-23c7-4e18-83cd-96bb244da03d,SUNSHINE WOMENS CHOIR,cgv,,26024400,,,,2D,2026-05-26,c97d5e01-c53a-4d3c-b1e2-1c380e075751,2026-05-26T16:29:04.197353
571a05ee-23c7-4e18-83cd-96bb244da03d,NA WILLA,cgv,,26003200,,,,2D,2026-05-26,14baf4a8-dae4-4143-9b36-cbb6a962e58a,2026-05-26T16:29:04.197372
571a05ee-23c7-4e18-83cd-96bb244da03d,DILAN ITB 1997,cgv,,26016100,,,,2D,2026-05-26,fb5b998b-4ac6-4d9b-890e-1da6fe5d01ec,2026-05-26T16:29:04.197392
571a05ee-23c7-4e18-83cd-96bb244da03d,PEGASUS 3,cgv,,26025100,,,,2D,2026-05-26,9fb7b7c3-e2fa-487d-af92-af8ddc6e941c,2026-05-26T16:29:04.197412
0784e6f6-bec6-446c-abde-b5acba2cb967,TUMBAL PROYEK,cgv,,26014300,,,,2D,2026-05-26,1a244003-ef99-4c8a-a52d-d7b56cd72da2,2026-05-26T16:29:05.130805
0784e6f6-bec6-446c-abde-b5acba2cb967,GUDANG MERICA,cgv,,26019400,,,,2D,2026-05-26,387fc8e8-fb88-428b-bc63-8b055b07aa52,2026-05-26T16:29:05.130852
0784e6f6-bec6-446c-abde-b5acba2cb967,STAR WARS THE MANDALORIAN AND GROGU,cgv,,26021200,,,,2D,2026-05-26,1c8c8a79-cd17-43fd-88ee-609c4fc75bb6,2026-05-26T16:29:05.130887
0784e6f6-bec6-446c-abde-b5acba2cb967,SEMUA AKAN BAIK BAIK SAJA,cgv,,26018100,,,,2D,2026-05-26,57682776-d364-4e55-a63f-1cc704686353,2026-05-26T16:29:05.130919
0784e6f6-bec6-446c-abde-b5acba2cb967,GHOST IN THE CELL,cgv,,26011800,,,,2D,2026-05-26,50230d04-9063-452d-8089-ad685c470e5f,2026-05-26T16:29:05.130950
0784e6f6-bec6-446c-abde-b5acba2cb967,TEMAN TEGAR MAIRA,cgv,,26005400,,,,2D,2026-05-26,07b508e0-be26-4ce0-b4b8-f94d2d2e0d41,2026-05-26T16:29:05.130983
0784e6f6-bec6-446c-abde-b5acba2cb967,TIBA TIBA SETAN,cgv,,26007500,,,,2D,2026-05-26,f6eeb1e5-1256-49f6-97c1-9650513673fa,2026-05-26T16:29:05.131013
0784e6f6-bec6-446c-abde-b5acba2cb967,HOKUM,cgv,,26024600,,,,2D,2026-05-26,79c22405-f31b-41f2-817c-37c78868ceba,2026-05-26T16:29:05.131042
0784e6f6-bec6-446c-abde-b5acba2cb967,MORTAL KOMBAT II,cgv,,26018200,,,,2D,2026-05-26,8b36c336-b3a9-445e-ac3e-95ed8fa71d7e,2026-05-26T16:29:05.131072
0784e6f6-bec6-446c-abde-b5acba2cb967,GOHAN,cgv,,26022500,,,,2D,2026-05-26,b4e2ec50-f6b2-433a-ae38-7885ff9aa85b,2026-05-26T16:29:05.131102
0784e6f6-bec6-446c-abde-b5acba2cb967,AYAH INI ARAHNYA KEMANA YA,cgv,,26011000,,,,2D,2026-05-26,18ac62ab-ba34-4a2e-ac3b-e2e90c9ea9e4,2026-05-26T16:29:05.131132
0784e6f6-bec6-446c-abde-b5acba2cb967,YANG LAIN BOLEH HILANG ASAL KAU JANGAN,cgv,,26018300,,,,2D,2026-05-26,55c28cfb-4f81-4067-ae0c-6a93e217bf89,2026-05-26T16:29:05.131162
0784e6f6-bec6-446c-abde-b5acba2cb967,KELUARGA SUAMI ADALAH HAMA,cgv,,26017700,,,,2D,2026-05-26,f84c224f-1eda-4492-b78f-b9fd7e0cdcd9,2026-05-26T16:29:05.131191
0784e6f6-bec6-446c-abde-b5acba2cb967,THE SHEEP DETECTIVES,cgv,,26019500,,,,2D,2026-05-26,af17adb8-ec20-460f-bc83-68725e4dadee,2026-05-26T16:29:05.131220
0784e6f6-bec6-446c-abde-b5acba2cb967,SEKAWAN LIMO RE RELEASE,cgv,,26024900,,,,2D,2026-05-26,6dd01fca-5217-455c-a1bf-3c3ed0136ddd,2026-05-26T16:29:05.131249
0784e6f6-bec6-446c-abde-b5acba2cb967,MONSTER,cgv,,23042200,,,,2D,2026-05-26,c6f6a083-7415-4a42-b381-d55d1893220a,2026-05-26T16:29:05.131278
0784e6f6-bec6-446c-abde-b5acba2cb967,SALMOKJI WHISPERING WATER,cgv,,26019100,,,,2D,2026-05-26,19e10b5b-a136-4d1a-af74-ece95d5415ce,2026-05-26T16:29:05.131307
0784e6f6-bec6-446c-abde-b5acba2cb967,THE DEVIL WEARS PRADA 2,cgv,,26019800,,,,2D,2026-05-26,7d8b10da-7eb6-4072-a5c1-2c06f20c4b6d,2026-05-26T16:29:05.131336
0784e6f6-bec6-446c-abde-b5acba2cb967,STAR WARS THE MANDALORIAN AND GROGU 3D,cgv,,26025200,,,,2D,2026-05-26,8da2b7b1-22ab-4e45-92b3-72bc3173395b,2026-05-26T16:29:05.131366
0784e6f6-bec6-446c-abde-b5acba2cb967,MOBILE SUIT GUNDAM HATHAWAY,cgv,,26021100,,,,2D,2026-05-26,50d5560c-cf9d-48bc-a618-309cd392c251,2026-05-26T16:29:05.131395
0784e6f6-bec6-446c-abde-b5acba2cb967,METHOD ACTING,cgv,,26023400,,,,2D,2026-05-26,bb15958d-e82b-4fae-84c4-75c83b61c765,2026-05-26T16:29:05.131423
0784e6f6-bec6-446c-abde-b5acba2cb967,CHAND MERA DIL,cgv,,26026000,,,,2D,2026-05-26,104928ae-53e6-49b4-b670-bf348d240024,2026-05-26T16:29:05.131451
0784e6f6-bec6-446c-abde-b5acba2cb967,THAT TIME I GOT REINCARNATED AS A SLIME THE MOVIE TEARS OF THE AZURE SEA,cgv,,26017900,,,,2D,2026-05-26,cec9f536-cd22-4ec4-8e9a-627b342e0eba,2026-05-26T16:29:05.131481
0784e6f6-bec6-446c-abde-b5acba2cb967,THE KINGS WARDEN,cgv,,26015000,,,,2D,2026-05-26,fda64e99-44e9-4758-8c53-8e93fc65ae84,2026-05-26T16:29:05.131509
0784e6f6-bec6-446c-abde-b5acba2cb967,KAMU HARUS MATI,cgv,,26023800,,,,2D,2026-05-26,6217a98d-cf5f-4764-a568-2ff1fa2dde22,2026-05-26T16:29:05.131536
0784e6f6-bec6-446c-abde-b5acba2cb967,SUNSHINE WOMENS CHOIR,cgv,,26024400,,,,2D,2026-05-26,6c95570b-cac4-4f33-a5fc-b34d518d2dde,2026-05-26T16:29:05.131565
0784e6f6-bec6-446c-abde-b5acba2cb967,NA WILLA,cgv,,26003200,,,,2D,2026-05-26,9c42ee03-9c9b-4414-8363-bca1a9a7e371,2026-05-26T16:29:05.131593
0784e6f6-bec6-446c-abde-b5acba2cb967,DILAN ITB 1997,cgv,,26016100,,,,2D,2026-05-26,c16237b5-9a84-4607-b655-1abdddd5c21e,2026-05-26T16:29:05.131620
0784e6f6-bec6-446c-abde-b5acba2cb967,PEGASUS 3,cgv,,26025100,,,,2D,2026-05-26,eb1b0a25-3b83-4828-9144-b49ee70b4d81,2026-05-26T16:29:05.131648
ca436f3c-9197-4d78-af7e-1c3a94c80522,TUMBAL PROYEK,cgv,,26014300,,,,2D,2026-05-26,1642887c-0274-4047-b352-0453156b6ab2,2026-05-26T16:29:05.641610
ca436f3c-9197-4d78-af7e-1c3a94c80522,GUDANG MERICA,cgv,,26019400,,,,2D,2026-05-26,e12c9cd7-ecac-4adf-86e9-c0b5a2fca9d9,2026-05-26T16:29:05.641660
ca436f3c-9197-4d78-af7e-1c3a94c80522,STAR WARS THE MANDALORIAN AND GROGU,cgv,,26021200,,,,2D,2026-05-26,c77b0560-f65c-4f6a-9dd6-7c577dbc8e24,2026-05-26T16:29:05.641696
ca436f3c-9197-4d78-af7e-1c3a94c80522,SEMUA AKAN BAIK BAIK SAJA,cgv,,26018100,,,,2D,2026-05-26,52059261-0886-4b19-8a32-821fe2274c9f,2026-05-26T16:29:05.641728
ca436f3c-9197-4d78-af7e-1c3a94c80522,GHOST IN THE CELL,cgv,,26011800,,,,2D,2026-05-26,5823aafa-bf8f-4303-9a32-ddfdd362c214,2026-05-26T16:29:05.641760
ca436f3c-9197-4d78-af7e-1c3a94c80522,TEMAN TEGAR MAIRA,cgv,,26005400,,,,2D,2026-05-26,bec10b73-86f5-4104-a842-66893fc4c0b1,2026-05-26T16:29:05.641791
ca436f3c-9197-4d78-af7e-1c3a94c80522,TIBA TIBA SETAN,cgv,,26007500,,,,2D,2026-05-26,ec6af9d0-bdc7-4755-9f71-3c40a0bf49fe,2026-05-26T16:29:05.641822
ca436f3c-9197-4d78-af7e-1c3a94c80522,HOKUM,cgv,,26024600,,,,2D,2026-05-26,f68f14c8-1a70-4a37-8fb3-7ba6043e004e,2026-05-26T16:29:05.641851
ca436f3c-9197-4d78-af7e-1c3a94c80522,MORTAL KOMBAT II,cgv,,26018200,,,,2D,2026-05-26,869612cc-1fad-422e-94b9-b0ac7c991b40,2026-05-26T16:29:05.641880
ca436f3c-9197-4d78-af7e-1c3a94c80522,GOHAN,cgv,,26022500,,,,2D,2026-05-26,88ca4a74-3201-4885-b964-444f20a3c9bc,2026-05-26T16:29:05.641910
ca436f3c-9197-4d78-af7e-1c3a94c80522,AYAH INI ARAHNYA KEMANA YA,cgv,,26011000,,,,2D,2026-05-26,9a7a067e-aeb2-4177-b0e7-e0d31b0e0501,2026-05-26T16:29:05.641940
ca436f3c-9197-4d78-af7e-1c3a94c80522,YANG LAIN BOLEH HILANG ASAL KAU JANGAN,cgv,,26018300,,,,2D,2026-05-26,e0f07dae-6582-4353-909f-d6372ef65369,2026-05-26T16:29:05.641971
ca436f3c-9197-4d78-af7e-1c3a94c80522,KELUARGA SUAMI ADALAH HAMA,cgv,,26017700,,,,2D,2026-05-26,f6c98f5c-2695-4170-84e7-5d698c3048bf,2026-05-26T16:29:05.642008
ca436f3c-9197-4d78-af7e-1c3a94c80522,THE SHEEP DETECTIVES,cgv,,26019500,,,,2D,2026-05-26,d79c2f56-e86c-4ba8-97f1-1e59f01fa488,2026-05-26T16:29:05.642037
ca436f3c-9197-4d78-af7e-1c3a94c80522,SEKAWAN LIMO RE RELEASE,cgv,,26024900,,,,2D,2026-05-26,29e7a0aa-2667-4c87-acf2-8950298c9588,2026-05-26T16:29:05.642066
ca436f3c-9197-4d78-af7e-1c3a94c80522,MONSTER,cgv,,23042200,,,,2D,2026-05-26,77d698f6-3c7b-448d-84bc-c364ef9e113c,2026-05-26T16:29:05.642095
ca436f3c-9197-4d78-af7e-1c3a94c80522,SALMOKJI WHISPERING WATER,cgv,,26019100,,,,2D,2026-05-26,2c11934b-6d10-4af4-b51e-0279c80d78db,2026-05-26T16:29:05.642124
ca436f3c-9197-4d78-af7e-1c3a94c80522,THE DEVIL WEARS PRADA 2,cgv,,26019800,,,,2D,2026-05-26,b5e86e7c-4f34-465b-8ab9-398f66595462,2026-05-26T16:29:05.642153
ca436f3c-9197-4d78-af7e-1c3a94c80522,STAR WARS THE MANDALORIAN AND GROGU 3D,cgv,,26025200,,,,2D,2026-05-26,e7c34a46-0423-4d43-8679-7f6a16dd841a,2026-05-26T16:29:05.642190
ca436f3c-9197-4d78-af7e-1c3a94c80522,MOBILE SUIT GUNDAM HATHAWAY,cgv,,26021100,,,,2D,2026-05-26,474881f6-1cf6-4ca1-bd01-6e91a98d2345,2026-05-26T16:29:05.642220
ca436f3c-9197-4d78-af7e-1c3a94c80522,METHOD ACTING,cgv,,26023400,,,,2D,2026-05-26,6d009d99-4ade-4b20-96a4-4948c7a95206,2026-05-26T16:29:05.642249
ca436f3c-9197-4d78-af7e-1c3a94c80522,CHAND MERA DIL,cgv,,26026000,,,,2D,2026-05-26,33513ef9-2296-4650-a493-c06b99c7d918,2026-05-26T16:29:05.642278
ca436f3c-9197-4d78-af7e-1c3a94c80522,THAT TIME I GOT REINCARNATED AS A SLIME THE MOVIE TEARS OF THE AZURE SEA,cgv,,26017900,,,,2D,2026-05-26,c895f5ca-4ae8-47ef-bcd2-3729f23217bb,2026-05-26T16:29:05.642309
ca436f3c-9197-4d78-af7e-1c3a94c80522,THE KINGS WARDEN,cgv,,26015000,,,,2D,2026-05-26,14abd77a-249d-4d54-a399-a096b9bd74f1,2026-05-26T16:29:05.642338
ca436f3c-9197-4d78-af7e-1c3a94c80522,KAMU HARUS MATI,cgv,,26023800,,,,2D,2026-05-26,e4d75f39-e48d-4260-b30f-2ceb291f3f93,2026-05-26T16:29:05.642367
ca436f3c-9197-4d78-af7e-1c3a94c80522,SUNSHINE WOMENS CHOIR,cgv,,26024400,,,,2D,2026-05-26,85f71879-55a9-4e67-806e-a2c86ff9bc14,2026-05-26T16:29:05.642396
ca436f3c-9197-4d78-af7e-1c3a94c80522,NA WILLA,cgv,,26003200,,,,2D,2026-05-26,515e1b11-c9c5-414f-bc75-564ed0c567db,2026-05-26T16:29:05.642448
ca436f3c-9197-4d78-af7e-1c3a94c80522,DILAN ITB 1997,cgv,,26016100,,,,2D,2026-05-26,fbedc56f-71f1-4561-845c-4fe4c5b2b4f7,2026-05-26T16:29:05.642626
ca436f3c-9197-4d78-af7e-1c3a94c80522,PEGASUS 3,cgv,,26025100,,,,2D,2026-05-26,90c8eb8b-f773-4806-90a7-39e427cd7310,2026-05-26T16:29:05.642690
a9a9cc6e-bdbf-461b-bcae-9e652a3299f6,TUMBAL PROYEK,cgv,,26014300,,,,2D,2026-05-26,8d883f9c-3d18-4533-9a28-82a6c8ce9e44,2026-05-26T16:29:05.677291
a9a9cc6e-bdbf-461b-bcae-9e652a3299f6,GUDANG MERICA,cgv,,26019400,,,,2D,2026-05-26,8fc8d0bf-42d7-4988-bc37-be0c393d697b,2026-05-26T16:29:05.677334
a9a9cc6e-bdbf-461b-bcae-9e652a3299f6,STAR WARS THE MANDALORIAN AND GROGU,cgv,,26021200,,,,2D,2026-05-26,54ec0b6b-211a-4d5f-afb2-59dac93ee7d0,2026-05-26T16:29:05.677369
a9a9cc6e-bdbf-461b-bcae-9e652a3299f6,SEMUA AKAN BAIK BAIK SAJA,cgv,,26018100,,,,2D,2026-05-26,8cbabcbb-8fb5-4697-922a-8e4169d95744,2026-05-26T16:29:05.677401
a9a9cc6e-bdbf-461b-bcae-9e652a3299f6,GHOST IN THE CELL,cgv,,26011800,,,,2D,2026-05-26,698244ab-b03d-4f27-8282-7f87b253f642,2026-05-26T16:29:05.677433
a9a9cc6e-bdbf-461b-bcae-9e652a3299f6,TEMAN TEGAR MAIRA,cgv,,26005400,,,,2D,2026-05-26,1193c11d-d6e9-4b8c-8b31-8444fcf366a2,2026-05-26T16:29:05.677463
a9a9cc6e-bdbf-461b-bcae-9e652a3299f6,TIBA TIBA SETAN,cgv,,26007500,,,,2D,2026-05-26,6e9aca69-088b-4892-804e-58e9050f6c65,2026-05-26T16:29:05.677493
a9a9cc6e-bdbf-461b-bcae-9e652a3299f6,HOKUM,cgv,,26024600,,,,2D,2026-05-26,d3fe165a-27a3-49dd-9f08-ee8d91a0f908,2026-05-26T16:29:05.677522
a9a9cc6e-bdbf-461b-bcae-9e652a3299f6,MORTAL KOMBAT II,cgv,,26018200,,,,2D,2026-05-26,e7e71f7b-4477-4d95-a3dd-2c7997cebf12,2026-05-26T16:29:05.677551
a9a9cc6e-bdbf-461b-bcae-9e652a3299f6,GOHAN,cgv,,26022500,,,,2D,2026-05-26,0176e038-9468-498e-a693-8438a1d6b404,2026-05-26T16:29:05.677582
a9a9cc6e-bdbf-461b-bcae-9e652a3299f6,AYAH INI ARAHNYA KEMANA YA,cgv,,26011000,,,,2D,2026-05-26,3b4177b4-b23c-40cf-89d3-a6a3e3e34f0e,2026-05-26T16:29:05.677612
a9a9cc6e-bdbf-461b-bcae-9e652a3299f6,YANG LAIN BOLEH HILANG ASAL KAU JANGAN,cgv,,26018300,,,,2D,2026-05-26,ed7c970f-1294-4d2e-929f-9d2f1bdef714,2026-05-26T16:29:05.677641
a9a9cc6e-bdbf-461b-bcae-9e652a3299f6,KELUARGA SUAMI ADALAH HAMA,cgv,,26017700,,,,2D,2026-05-26,78c52b0a-9953-4bcf-8e98-d2e04fff623d,2026-05-26T16:29:05.677681
a9a9cc6e-bdbf-461b-bcae-9e652a3299f6,THE SHEEP DETECTIVES,cgv,,26019500,,,,2D,2026-05-26,0ce746b7-e44d-47a1-aca4-2f9c5e0f32f8,2026-05-26T16:29:05.677710
a9a9cc6e-bdbf-461b-bcae-9e652a3299f6,SEKAWAN LIMO RE RELEASE,cgv,,26024900,,,,2D,2026-05-26,a9d51fa2-8b29-4869-b1eb-2deab6afb4dd,2026-05-26T16:29:05.677743
a9a9cc6e-bdbf-461b-bcae-9e652a3299f6,MONSTER,cgv,,23042200,,,,2D,2026-05-26,09f3cb07-ffa4-49c3-970d-64dac69cd991,2026-05-26T16:29:05.677773
a9a9cc6e-bdbf-461b-bcae-9e652a3299f6,SALMOKJI WHISPERING WATER,cgv,,26019100,,,,2D,2026-05-26,b1c4e791-291c-44cf-8f60-de2be980d326,2026-05-26T16:29:05.677802
a9a9cc6e-bdbf-461b-bcae-9e652a3299f6,THE DEVIL WEARS PRADA 2,cgv,,26019800,,,,2D,2026-05-26,5401de02-31fb-42cb-bc7a-a4a9f834cac6,2026-05-26T16:29:05.677830
a9a9cc6e-bdbf-461b-bcae-9e652a3299f6,STAR WARS THE MANDALORIAN AND GROGU 3D,cgv,,26025200,,,,2D,2026-05-26,c0004477-c3cd-4547-b0be-3cb0d97bcd1b,2026-05-26T16:29:05.677878
a9a9cc6e-bdbf-461b-bcae-9e652a3299f6,MOBILE SUIT GUNDAM HATHAWAY,cgv,,26021100,,,,2D,2026-05-26,776dd907-1606-4b0b-9bea-8ef41127254f,2026-05-26T16:29:05.677970
a9a9cc6e-bdbf-461b-bcae-9e652a3299f6,METHOD ACTING,cgv,,26023400,,,,2D,2026-05-26,1b23a649-c072-44a3-979c-c89d0a3df5ba,2026-05-26T16:29:05.678016
a9a9cc6e-bdbf-461b-bcae-9e652a3299f6,CHAND MERA DIL,cgv,,26026000,,,,2D,2026-05-26,a1fe8b7b-01cb-4e01-bc00-6b1f03d8bf71,2026-05-26T16:29:05.678052
a9a9cc6e-bdbf-461b-bcae-9e652a3299f6,THAT TIME I GOT REINCARNATED AS A SLIME THE MOVIE TEARS OF THE AZURE SEA,cgv,,26017900,,,,2D,2026-05-26,2ed495e7-4bbd-4bf4-b03c-8ccf384af34a,2026-05-26T16:29:05.678085
a9a9cc6e-bdbf-461b-bcae-9e652a3299f6,THE KINGS WARDEN,cgv,,26015000,,,,2D,2026-05-26,103d6dea-5600-4878-b555-c3f44b2976fa,2026-05-26T16:29:05.678117
a9a9cc6e-bdbf-461b-bcae-9e652a3299f6,KAMU HARUS MATI,cgv,,26023800,,,,2D,2026-05-26,baa4ad2d-8f8e-4156-85c0-e6970ee8c7a8,2026-05-26T16:29:05.678148
a9a9cc6e-bdbf-461b-bcae-9e652a3299f6,SUNSHINE WOMENS CHOIR,cgv,,26024400,,,,2D,2026-05-26,e4ad959c-2589-4314-9787-ba934b27431b,2026-05-26T16:29:05.678179
a9a9cc6e-bdbf-461b-bcae-9e652a3299f6,NA WILLA,cgv,,26003200,,,,2D,2026-05-26,bec9032a-e08d-428e-8cbe-252d9d83f479,2026-05-26T16:29:05.678209
a9a9cc6e-bdbf-461b-bcae-9e652a3299f6,DILAN ITB 1997,cgv,,26016100,,,,2D,2026-05-26,4ea263dc-1652-43a0-80d9-f3919ff8a963,2026-05-26T16:29:05.678239
a9a9cc6e-bdbf-461b-bcae-9e652a3299f6,PEGASUS 3,cgv,,26025100,,,,2D,2026-05-26,3885f193-8b40-496a-a90b-e9d9812deb0b,2026-05-26T16:29:05.678268
bd160470-7ed1-4e57-94ca-a69c4b3b9aad,TUMBAL PROYEK,cgv,,26014300,,,,2D,2026-05-26,4e446495-d2e3-439a-b1ab-7c054b506090,2026-05-26T16:29:07.559564
bd160470-7ed1-4e57-94ca-a69c4b3b9aad,GUDANG MERICA,cgv,,26019400,,,,2D,2026-05-26,ed478488-4f20-4eeb-99af-d3de98251403,2026-05-26T16:29:07.559597
bd160470-7ed1-4e57-94ca-a69c4b3b9aad,STAR WARS THE MANDALORIAN AND GROGU,cgv,,26021200,,,,2D,2026-05-26,0c9f62e5-7b4c-4fe9-8e13-942ed6528b82,2026-05-26T16:29:07.559622
bd160470-7ed1-4e57-94ca-a69c4b3b9aad,SEMUA AKAN BAIK BAIK SAJA,cgv,,26018100,,,,2D,2026-05-26,85b2ee27-b24c-4d27-b029-b909cc159ba4,2026-05-26T16:29:07.559645
bd160470-7ed1-4e57-94ca-a69c4b3b9aad,GHOST IN THE CELL,cgv,,26011800,,,,2D,2026-05-26,e8eda922-0880-4b59-b719-39d0e97b9df0,2026-05-26T16:29:07.559667
bd160470-7ed1-4e57-94ca-a69c4b3b9aad,TEMAN TEGAR MAIRA,cgv,,26005400,,,,2D,2026-05-26,59568f94-62a4-4ea8-8fca-037983955b66,2026-05-26T16:29:07.559688
bd160470-7ed1-4e57-94ca-a69c4b3b9aad,TIBA TIBA SETAN,cgv,,26007500,,,,2D,2026-05-26,65cbec56-f569-470c-86f6-ec16458b5cb1,2026-05-26T16:29:07.559709
bd160470-7ed1-4e57-94ca-a69c4b3b9aad,HOKUM,cgv,,26024600,,,,2D,2026-05-26,c4153e10-b5d0-42d2-b3ba-8d6ba06085b3,2026-05-26T16:29:07.559730
bd160470-7ed1-4e57-94ca-a69c4b3b9aad,MORTAL KOMBAT II,cgv,,26018200,,,,2D,2026-05-26,dc17241e-79c7-43b6-8cd7-e4ff66eae4e0,2026-05-26T16:29:07.559751
bd160470-7ed1-4e57-94ca-a69c4b3b9aad,GOHAN,cgv,,26022500,,,,2D,2026-05-26,bd2219b8-0b03-4d68-88a3-37ffec9c89e2,2026-05-26T16:29:07.559771
bd160470-7ed1-4e57-94ca-a69c4b3b9aad,AYAH INI ARAHNYA KEMANA YA,cgv,,26011000,,,,2D,2026-05-26,b46961f9-d524-41c5-ac0e-a6e4d0e5df39,2026-05-26T16:29:07.559792
bd160470-7ed1-4e57-94ca-a69c4b3b9aad,YANG LAIN BOLEH HILANG ASAL KAU JANGAN,cgv,,26018300,,,,2D,2026-05-26,7bffbd14-98e5-4d14-9c12-533920fb8542,2026-05-26T16:29:07.559814
bd160470-7ed1-4e57-94ca-a69c4b3b9aad,KELUARGA SUAMI ADALAH HAMA,cgv,,26017700,,,,2D,2026-05-26,7d727e10-ea88-43d8-a578-01b449054845,2026-05-26T16:29:07.559835
bd160470-7ed1-4e57-94ca-a69c4b3b9aad,THE SHEEP DETECTIVES,cgv,,26019500,,,,2D,2026-05-26,4919f588-b3c3-4bf0-bdfe-185e4e0a8474,2026-05-26T16:29:07.559856
bd160470-7ed1-4e57-94ca-a69c4b3b9aad,SEKAWAN LIMO RE RELEASE,cgv,,26024900,,,,2D,2026-05-26,b3a6c7c3-3dd6-4d7f-846f-031a06158748,2026-05-26T16:29:07.559876
bd160470-7ed1-4e57-94ca-a69c4b3b9aad,MONSTER,cgv,,23042200,,,,2D,2026-05-26,906e3030-1a13-4bf1-bc03-f71ad3e8c89f,2026-05-26T16:29:07.559896
bd160470-7ed1-4e57-94ca-a69c4b3b9aad,SALMOKJI WHISPERING WATER,cgv,,26019100,,,,2D,2026-05-26,2b11baa2-c7ff-4581-9664-019984240e83,2026-05-26T16:29:07.559917
bd160470-7ed1-4e57-94ca-a69c4b3b9aad,THE DEVIL WEARS PRADA 2,cgv,,26019800,,,,2D,2026-05-26,904773fa-7f90-43b9-91f1-48a3a374ef84,2026-05-26T16:29:07.559937
bd160470-7ed1-4e57-94ca-a69c4b3b9aad,STAR WARS THE MANDALORIAN AND GROGU 3D,cgv,,26025200,,,,2D,2026-05-26,e7f885a0-73fc-471e-81ac-d7875255bc8e,2026-05-26T16:29:07.559959
bd160470-7ed1-4e57-94ca-a69c4b3b9aad,MOBILE SUIT GUNDAM HATHAWAY,cgv,,26021100,,,,2D,2026-05-26,2f85380e-3db3-449c-8193-686eb898de86,2026-05-26T16:29:07.559979
bd160470-7ed1-4e57-94ca-a69c4b3b9aad,METHOD ACTING,cgv,,26023400,,,,2D,2026-05-26,90498ba2-6c8a-40a6-b60a-c52cb554ad95,2026-05-26T16:29:07.559999
bd160470-7ed1-4e57-94ca-a69c4b3b9aad,CHAND MERA DIL,cgv,,26026000,,,,2D,2026-05-26,c03bfe25-b053-4ca9-aaf4-a619e6af7293,2026-05-26T16:29:07.560019
bd160470-7ed1-4e57-94ca-a69c4b3b9aad,THAT TIME I GOT REINCARNATED AS A SLIME THE MOVIE TEARS OF THE AZURE SEA,cgv,,26017900,,,,2D,2026-05-26,ea335c64-d385-454b-820d-bddb9a45926b,2026-05-26T16:29:07.560040
bd160470-7ed1-4e57-94ca-a69c4b3b9aad,THE KINGS WARDEN,cgv,,26015000,,,,2D,2026-05-26,db5e3520-fccf-48aa-98ab-5f823fef9ee0,2026-05-26T16:29:07.560060
bd160470-7ed1-4e57-94ca-a69c4b3b9aad,KAMU HARUS MATI,cgv,,26023800,,,,2D,2026-05-26,018f1cee-5af2-4c46-af46-b8da39128876,2026-05-26T16:29:07.560078
bd160470-7ed1-4e57-94ca-a69c4b3b9aad,SUNSHINE WOMENS CHOIR,cgv,,26024400,,,,2D,2026-05-26,1eb05a89-9712-4599-909b-79f700c52a20,2026-05-26T16:29:07.560096
bd160470-7ed1-4e57-94ca-a69c4b3b9aad,NA WILLA,cgv,,26003200,,,,2D,2026-05-26,f3f8f271-7206-458b-a88e-f00223125305,2026-05-26T16:29:07.560113
bd160470-7ed1-4e57-94ca-a69c4b3b9aad,DILAN ITB 1997,cgv,,26016100,,,,2D,2026-05-26,6e716e6e-6f7b-4e76-9117-75771b2d7db1,2026-05-26T16:29:07.560130
bd160470-7ed1-4e57-94ca-a69c4b3b9aad,PEGASUS 3,cgv,,26025100,,,,2D,2026-05-26,4b723c39-9c9e-428d-8e55-5231a650e660,2026-05-26T16:29:07.560147
cf3f442a-a6fa-4ab4-8f12-3befffa64997,TUMBAL PROYEK,cgv,,26014300,,,,2D,2026-05-26,e9a9b05c-ea6a-462f-bf00-1646ccc58538,2026-05-26T16:29:08.005212
cf3f442a-a6fa-4ab4-8f12-3befffa64997,GUDANG MERICA,cgv,,26019400,,,,2D,2026-05-26,2c1ae61b-a9a9-43d6-a78f-02cf839df4fc,2026-05-26T16:29:08.005259
cf3f442a-a6fa-4ab4-8f12-3befffa64997,STAR WARS THE MANDALORIAN AND GROGU,cgv,,26021200,,,,2D,2026-05-26,f126d246-d1b7-4a65-8f71-c544ed36fa73,2026-05-26T16:29:08.005296
cf3f442a-a6fa-4ab4-8f12-3befffa64997,SEMUA AKAN BAIK BAIK SAJA,cgv,,26018100,,,,2D,2026-05-26,c9693c65-deba-4046-8201-71bcb9dd4721,2026-05-26T16:29:08.005330
cf3f442a-a6fa-4ab4-8f12-3befffa64997,GHOST IN THE CELL,cgv,,26011800,,,,2D,2026-05-26,52840a83-5208-4584-9d9b-2442990aa797,2026-05-26T16:29:08.005361
cf3f442a-a6fa-4ab4-8f12-3befffa64997,TEMAN TEGAR MAIRA,cgv,,26005400,,,,2D,2026-05-26,14853466-954a-489d-81a7-b447bdb67994,2026-05-26T16:29:08.005393
cf3f442a-a6fa-4ab4-8f12-3befffa64997,TIBA TIBA SETAN,cgv,,26007500,,,,2D,2026-05-26,eabb66dd-ca83-4c4a-a915-3810f50f8ed5,2026-05-26T16:29:08.005423
cf3f442a-a6fa-4ab4-8f12-3befffa64997,HOKUM,cgv,,26024600,,,,2D,2026-05-26,145e67fa-bdf5-4ef6-9d51-a519968112aa,2026-05-26T16:29:08.005452
cf3f442a-a6fa-4ab4-8f12-3befffa64997,MORTAL KOMBAT II,cgv,,26018200,,,,2D,2026-05-26,363b18c0-c5eb-4a10-ba76-d57d04c0b9d9,2026-05-26T16:29:08.005481
cf3f442a-a6fa-4ab4-8f12-3befffa64997,GOHAN,cgv,,26022500,,,,2D,2026-05-26,53e03956-77bc-408e-bf1e-6ce01e307019,2026-05-26T16:29:08.005511
cf3f442a-a6fa-4ab4-8f12-3befffa64997,AYAH INI ARAHNYA KEMANA YA,cgv,,26011000,,,,2D,2026-05-26,3a07d02a-1e0e-4fe8-ad6c-025fe2b8c3e0,2026-05-26T16:29:08.005540
cf3f442a-a6fa-4ab4-8f12-3befffa64997,YANG LAIN BOLEH HILANG ASAL KAU JANGAN,cgv,,26018300,,,,2D,2026-05-26,df396e2d-7271-489b-843e-47da91b4adea,2026-05-26T16:29:08.005569
cf3f442a-a6fa-4ab4-8f12-3befffa64997,KELUARGA SUAMI ADALAH HAMA,cgv,,26017700,,,,2D,2026-05-26,4239e6a2-ab8f-453b-a55f-0e1e71a1aa47,2026-05-26T16:29:08.005598
cf3f442a-a6fa-4ab4-8f12-3befffa64997,THE SHEEP DETECTIVES,cgv,,26019500,,,,2D,2026-05-26,8ee6e738-97f6-4b41-be5a-b4c77f911fc7,2026-05-26T16:29:08.005627
cf3f442a-a6fa-4ab4-8f12-3befffa64997,SEKAWAN LIMO RE RELEASE,cgv,,26024900,,,,2D,2026-05-26,023520cc-97be-486e-ae32-9fe341d4f2a6,2026-05-26T16:29:08.005658
cf3f442a-a6fa-4ab4-8f12-3befffa64997,MONSTER,cgv,,23042200,,,,2D,2026-05-26,84d8255e-5c0d-43e5-aa6a-4b1389d1c646,2026-05-26T16:29:08.005686
cf3f442a-a6fa-4ab4-8f12-3befffa64997,SALMOKJI WHISPERING WATER,cgv,,26019100,,,,2D,2026-05-26,bf6a2573-b60b-4377-b427-1e86f3ea7f03,2026-05-26T16:29:08.005715
cf3f442a-a6fa-4ab4-8f12-3befffa64997,THE DEVIL WEARS PRADA 2,cgv,,26019800,,,,2D,2026-05-26,f70a5ea5-f9d1-4690-ba39-ddec4bc74508,2026-05-26T16:29:08.005743
cf3f442a-a6fa-4ab4-8f12-3befffa64997,STAR WARS THE MANDALORIAN AND GROGU 3D,cgv,,26025200,,,,2D,2026-05-26,b1770e66-274a-45b1-99cb-ec2e4cb168e3,2026-05-26T16:29:08.005773
cf3f442a-a6fa-4ab4-8f12-3befffa64997,MOBILE SUIT GUNDAM HATHAWAY,cgv,,26021100,,,,2D,2026-05-26,dd3c0c64-bc7f-4c68-a0e4-b1db862f487c,2026-05-26T16:29:08.005802
cf3f442a-a6fa-4ab4-8f12-3befffa64997,METHOD ACTING,cgv,,26023400,,,,2D,2026-05-26,4ced75c8-c65e-4947-953c-709cc369eed6,2026-05-26T16:29:08.005830
cf3f442a-a6fa-4ab4-8f12-3befffa64997,CHAND MERA DIL,cgv,,26026000,,,,2D,2026-05-26,2f6aa1d9-7330-4c20-abdc-fc0119e978e7,2026-05-26T16:29:08.005858
cf3f442a-a6fa-4ab4-8f12-3befffa64997,THAT TIME I GOT REINCARNATED AS A SLIME THE MOVIE TEARS OF THE AZURE SEA,cgv,,26017900,,,,2D,2026-05-26,f5e616f5-9013-453f-af98-1cfa5c63d0f5,2026-05-26T16:29:08.005889
cf3f442a-a6fa-4ab4-8f12-3befffa64997,THE KINGS WARDEN,cgv,,26015000,,,,2D,2026-05-26,a596e2b9-3dd4-4a36-9a0d-ccbde067f23b,2026-05-26T16:29:08.005917
cf3f442a-a6fa-4ab4-8f12-3befffa64997,KAMU HARUS MATI,cgv,,26023800,,,,2D,2026-05-26,e5c89b53-6baa-4ef0-b5c1-11525edb339d,2026-05-26T16:29:08.005945
cf3f442a-a6fa-4ab4-8f12-3befffa64997,SUNSHINE WOMENS CHOIR,cgv,,26024400,,,,2D,2026-05-26,d609bd20-b927-42ca-bb9e-08f9b7895ead,2026-05-26T16:29:08.005974
cf3f442a-a6fa-4ab4-8f12-3befffa64997,NA WILLA,cgv,,26003200,,,,2D,2026-05-26,a9732f2e-1de6-4a7c-9c80-d702faf02737,2026-05-26T16:29:08.006002
cf3f442a-a6fa-4ab4-8f12-3befffa64997,DILAN ITB 1997,cgv,,26016100,,,,2D,2026-05-26,fb3fb15c-a310-43fc-b575-e306e39a303f,2026-05-26T16:29:08.006029
cf3f442a-a6fa-4ab4-8f12-3befffa64997,PEGASUS 3,cgv,,26025100,,,,2D,2026-05-26,7b08ce98-112d-470c-a841-13a34648ad46,2026-05-26T16:29:08.006057
60707313-0b6a-4579-8aa1-d14b11736b30,TUMBAL PROYEK,cgv,,26014300,,,,2D,2026-05-26,1f29cd28-17e5-4e37-8894-9e473d04e476,2026-05-26T16:29:08.449128
60707313-0b6a-4579-8aa1-d14b11736b30,GUDANG MERICA,cgv,,26019400,,,,2D,2026-05-26,0843696e-ffae-430f-8931-47ab624f204d,2026-05-26T16:29:08.449160
60707313-0b6a-4579-8aa1-d14b11736b30,STAR WARS THE MANDALORIAN AND GROGU,cgv,,26021200,,,,2D,2026-05-26,d5e0a10c-fd46-443b-9a7d-c52281b1e810,2026-05-26T16:29:08.449185
60707313-0b6a-4579-8aa1-d14b11736b30,SEMUA AKAN BAIK BAIK SAJA,cgv,,26018100,,,,2D,2026-05-26,004a0a7b-156e-4ab4-bf75-9a572f7d088a,2026-05-26T16:29:08.449208
60707313-0b6a-4579-8aa1-d14b11736b30,GHOST IN THE CELL,cgv,,26011800,,,,2D,2026-05-26,3b482d22-b3d1-4ff1-bcd9-0f9de4edf9df,2026-05-26T16:29:08.449230
60707313-0b6a-4579-8aa1-d14b11736b30,TEMAN TEGAR MAIRA,cgv,,26005400,,,,2D,2026-05-26,5fdef70a-f04f-4cb5-b21e-ac82ab7eaa4f,2026-05-26T16:29:08.449251
60707313-0b6a-4579-8aa1-d14b11736b30,TIBA TIBA SETAN,cgv,,26007500,,,,2D,2026-05-26,d3a50bd7-4732-4816-af9d-64c107e51e3c,2026-05-26T16:29:08.449272
60707313-0b6a-4579-8aa1-d14b11736b30,HOKUM,cgv,,26024600,,,,2D,2026-05-26,ef03c595-719d-4a76-b204-bc542366251e,2026-05-26T16:29:08.449292
60707313-0b6a-4579-8aa1-d14b11736b30,MORTAL KOMBAT II,cgv,,26018200,,,,2D,2026-05-26,c9c5cafd-8e93-478c-a629-1e9747b3ab0b,2026-05-26T16:29:08.449313
60707313-0b6a-4579-8aa1-d14b11736b30,GOHAN,cgv,,26022500,,,,2D,2026-05-26,4211d231-9eb4-4b01-a4b8-aaea786756e8,2026-05-26T16:29:08.449333
60707313-0b6a-4579-8aa1-d14b11736b30,AYAH INI ARAHNYA KEMANA YA,cgv,,26011000,,,,2D,2026-05-26,8866cd14-b76a-40c1-8ea6-8f7798a5a252,2026-05-26T16:29:08.449354
60707313-0b6a-4579-8aa1-d14b11736b30,YANG LAIN BOLEH HILANG ASAL KAU JANGAN,cgv,,26018300,,,,2D,2026-05-26,86de7e11-3c76-4171-8ef8-a44b95893b6d,2026-05-26T16:29:08.449375
60707313-0b6a-4579-8aa1-d14b11736b30,KELUARGA SUAMI ADALAH HAMA,cgv,,26017700,,,,2D,2026-05-26,c967825e-6a69-4b42-bde4-074d070eeda5,2026-05-26T16:29:08.449395
60707313-0b6a-4579-8aa1-d14b11736b30,THE SHEEP DETECTIVES,cgv,,26019500,,,,2D,2026-05-26,e405e796-38c1-4337-86cc-97c14bded2e9,2026-05-26T16:29:08.449416
60707313-0b6a-4579-8aa1-d14b11736b30,SEKAWAN LIMO RE RELEASE,cgv,,26024900,,,,2D,2026-05-26,3465321f-7e56-485b-aca4-d8f01aafac3d,2026-05-26T16:29:08.449437
60707313-0b6a-4579-8aa1-d14b11736b30,MONSTER,cgv,,23042200,,,,2D,2026-05-26,80c76c8a-5676-42cf-9412-fb8962089183,2026-05-26T16:29:08.449457
60707313-0b6a-4579-8aa1-d14b11736b30,SALMOKJI WHISPERING WATER,cgv,,26019100,,,,2D,2026-05-26,0eb50b12-49bd-4010-8d24-4c45505ce8bc,2026-05-26T16:29:08.449478
60707313-0b6a-4579-8aa1-d14b11736b30,THE DEVIL WEARS PRADA 2,cgv,,26019800,,,,2D,2026-05-26,9cccd6ef-60dd-453c-8e29-993725876b5e,2026-05-26T16:29:08.449499
60707313-0b6a-4579-8aa1-d14b11736b30,STAR WARS THE MANDALORIAN AND GROGU 3D,cgv,,26025200,,,,2D,2026-05-26,742258dd-6575-45c3-8d92-69f76540dffd,2026-05-26T16:29:08.449521
60707313-0b6a-4579-8aa1-d14b11736b30,MOBILE SUIT GUNDAM HATHAWAY,cgv,,26021100,,,,2D,2026-05-26,6f564f2c-ec50-40cc-8676-21d2f34b86a2,2026-05-26T16:29:08.449541
60707313-0b6a-4579-8aa1-d14b11736b30,METHOD ACTING,cgv,,26023400,,,,2D,2026-05-26,35c6b32e-1027-4d66-afe4-20804cfbe1a8,2026-05-26T16:29:08.449561
60707313-0b6a-4579-8aa1-d14b11736b30,CHAND MERA DIL,cgv,,26026000,,,,2D,2026-05-26,83befa2d-ae0f-43e6-a9ef-bb954ce92db0,2026-05-26T16:29:08.449587
60707313-0b6a-4579-8aa1-d14b11736b30,THAT TIME I GOT REINCARNATED AS A SLIME THE MOVIE TEARS OF THE AZURE SEA,cgv,,26017900,,,,2D,2026-05-26,71a2c66b-e8f2-4585-8107-49b03c237850,2026-05-26T16:29:08.449615
60707313-0b6a-4579-8aa1-d14b11736b30,THE KINGS WARDEN,cgv,,26015000,,,,2D,2026-05-26,cdc0eaf4-6fba-4093-ac79-27fe752bd9a1,2026-05-26T16:29:08.449647
60707313-0b6a-4579-8aa1-d14b11736b30,KAMU HARUS MATI,cgv,,26023800,,,,2D,2026-05-26,5d87e92b-0f34-4744-89f5-60597bee63c2,2026-05-26T16:29:08.449667
60707313-0b6a-4579-8aa1-d14b11736b30,SUNSHINE WOMENS CHOIR,cgv,,26024400,,,,2D,2026-05-26,46d5cec1-414a-4167-bf4e-7e3fe711ecbe,2026-05-26T16:29:08.449687
60707313-0b6a-4579-8aa1-d14b11736b30,NA WILLA,cgv,,26003200,,,,2D,2026-05-26,fcb0191f-3722-417f-bf08-40c1359096a7,2026-05-26T16:29:08.449706
60707313-0b6a-4579-8aa1-d14b11736b30,DILAN ITB 1997,cgv,,26016100,,,,2D,2026-05-26,151691e9-07e7-40ad-9efe-98e41d8780d0,2026-05-26T16:29:08.449726
60707313-0b6a-4579-8aa1-d14b11736b30,PEGASUS 3,cgv,,26025100,,,,2D,2026-05-26,a55690ef-6fc3-44a7-8e9d-6fc56f1bf182,2026-05-26T16:29:08.449746
5e16265d-b7cf-429b-a513-3079f6bc909a,TUMBAL PROYEK,cgv,,26014300,,,,2D,2026-05-26,c37c51bd-dcfb-4fec-97b6-a3b6d5ae939e,2026-05-26T16:29:09.084902
5e16265d-b7cf-429b-a513-3079f6bc909a,GUDANG MERICA,cgv,,26019400,,,,2D,2026-05-26,b5838ccd-e171-4cf4-8ae4-16f217302840,2026-05-26T16:29:09.084938
5e16265d-b7cf-429b-a513-3079f6bc909a,STAR WARS THE MANDALORIAN AND GROGU,cgv,,26021200,,,,2D,2026-05-26,27dc6287-9eab-4b7b-8480-4542a9227bb2,2026-05-26T16:29:09.084965
5e16265d-b7cf-429b-a513-3079f6bc909a,SEMUA AKAN BAIK BAIK SAJA,cgv,,26018100,,,,2D,2026-05-26,f105a2b5-b404-4acf-a4ca-365a605eca4c,2026-05-26T16:29:09.084991
5e16265d-b7cf-429b-a513-3079f6bc909a,GHOST IN THE CELL,cgv,,26011800,,,,2D,2026-05-26,f07729bf-c85c-4919-bf73-7b17c1135bc8,2026-05-26T16:29:09.085017
5e16265d-b7cf-429b-a513-3079f6bc909a,TEMAN TEGAR MAIRA,cgv,,26005400,,,,2D,2026-05-26,deb406a0-12a2-451b-b72f-22be1d902868,2026-05-26T16:29:09.085041
5e16265d-b7cf-429b-a513-3079f6bc909a,TIBA TIBA SETAN,cgv,,26007500,,,,2D,2026-05-26,f98ad448-9f32-43c8-9015-774f28b6663b,2026-05-26T16:29:09.085070
5e16265d-b7cf-429b-a513-3079f6bc909a,HOKUM,cgv,,26024600,,,,2D,2026-05-26,b5bc716d-bbb8-408b-b51e-eeb2df457b7f,2026-05-26T16:29:09.085094
5e16265d-b7cf-429b-a513-3079f6bc909a,MORTAL KOMBAT II,cgv,,26018200,,,,2D,2026-05-26,ada231fe-c15b-443d-bc0c-4acc72fa993e,2026-05-26T16:29:09.085119
5e16265d-b7cf-429b-a513-3079f6bc909a,GOHAN,cgv,,26022500,,,,2D,2026-05-26,2c38f4db-94b3-44a9-a8d1-3b62b4e177fe,2026-05-26T16:29:09.085142
5e16265d-b7cf-429b-a513-3079f6bc909a,AYAH INI ARAHNYA KEMANA YA,cgv,,26011000,,,,2D,2026-05-26,65030ba3-17a2-4f16-a23d-9941eb052e23,2026-05-26T16:29:09.085166
5e16265d-b7cf-429b-a513-3079f6bc909a,YANG LAIN BOLEH HILANG ASAL KAU JANGAN,cgv,,26018300,,,,2D,2026-05-26,2827d1ab-b369-4268-95f1-b750caae1603,2026-05-26T16:29:09.085190
5e16265d-b7cf-429b-a513-3079f6bc909a,KELUARGA SUAMI ADALAH HAMA,cgv,,26017700,,,,2D,2026-05-26,f11cbd34-e6f6-4b9c-9162-9f8858a76b41,2026-05-26T16:29:09.085214
5e16265d-b7cf-429b-a513-3079f6bc909a,THE SHEEP DETECTIVES,cgv,,26019500,,,,2D,2026-05-26,f80cdff6-1b6a-4bdd-8019-f0eff234fdeb,2026-05-26T16:29:09.085237
5e16265d-b7cf-429b-a513-3079f6bc909a,SEKAWAN LIMO RE RELEASE,cgv,,26024900,,,,2D,2026-05-26,b1a71cef-d934-4862-bace-39ae5a1dc374,2026-05-26T16:29:09.085261
5e16265d-b7cf-429b-a513-3079f6bc909a,MONSTER,cgv,,23042200,,,,2D,2026-05-26,d92da941-5904-4183-bc70-3c76339bf1e6,2026-05-26T16:29:09.085284
5e16265d-b7cf-429b-a513-3079f6bc909a,SALMOKJI WHISPERING WATER,cgv,,26019100,,,,2D,2026-05-26,a2bca52b-1408-4ef1-bfa5-6bc4e7e09d7d,2026-05-26T16:29:09.085308
5e16265d-b7cf-429b-a513-3079f6bc909a,THE DEVIL WEARS PRADA 2,cgv,,26019800,,,,2D,2026-05-26,2c814ae9-79f4-4f52-a4db-746181d1eebf,2026-05-26T16:29:09.085331
5e16265d-b7cf-429b-a513-3079f6bc909a,STAR WARS THE MANDALORIAN AND GROGU 3D,cgv,,26025200,,,,2D,2026-05-26,6427112e-c390-4470-b21e-f1c48a220da3,2026-05-26T16:29:09.085356
5e16265d-b7cf-429b-a513-3079f6bc909a,MOBILE SUIT GUNDAM HATHAWAY,cgv,,26021100,,,,2D,2026-05-26,aa164ff3-c698-4ed8-aa32-ec7dd5d57fc3,2026-05-26T16:29:09.085380
5e16265d-b7cf-429b-a513-3079f6bc909a,METHOD ACTING,cgv,,26023400,,,,2D,2026-05-26,9e3dcb75-7d77-4e77-88ee-faf4c4275770,2026-05-26T16:29:09.085404
5e16265d-b7cf-429b-a513-3079f6bc909a,CHAND MERA DIL,cgv,,26026000,,,,2D,2026-05-26,db59158a-3f14-4aeb-8678-9921051b1fad,2026-05-26T16:29:09.085428
5e16265d-b7cf-429b-a513-3079f6bc909a,THAT TIME I GOT REINCARNATED AS A SLIME THE MOVIE TEARS OF THE AZURE SEA,cgv,,26017900,,,,2D,2026-05-26,4f36c580-acce-4067-a770-3c3a39ff6b4e,2026-05-26T16:29:09.085452
5e16265d-b7cf-429b-a513-3079f6bc909a,THE KINGS WARDEN,cgv,,26015000,,,,2D,2026-05-26,ce996bed-b727-4a69-90ec-69fcfa7510cb,2026-05-26T16:29:09.085475
5e16265d-b7cf-429b-a513-3079f6bc909a,KAMU HARUS MATI,cgv,,26023800,,,,2D,2026-05-26,9c49ab2b-606e-449b-96be-a542d11dc51b,2026-05-26T16:29:09.085499
5e16265d-b7cf-429b-a513-3079f6bc909a,SUNSHINE WOMENS CHOIR,cgv,,26024400,,,,2D,2026-05-26,a0b49432-a9ec-4434-9f9b-8e85958e094d,2026-05-26T16:29:09.085525
5e16265d-b7cf-429b-a513-3079f6bc909a,NA WILLA,cgv,,26003200,,,,2D,2026-05-26,0bcb84e8-a8f9-4d82-9ee0-96ef5925dbe2,2026-05-26T16:29:09.085549
5e16265d-b7cf-429b-a513-3079f6bc909a,DILAN ITB 1997,cgv,,26016100,,,,2D,2026-05-26,7cb6d538-6fe8-493c-983c-d9756be38264,2026-05-26T16:29:09.085573
5e16265d-b7cf-429b-a513-3079f6bc909a,PEGASUS 3,cgv,,26025100,,,,2D,2026-05-26,f31838c7-849e-4700-a26e-6caad4e51eb5,2026-05-26T16:29:09.085597
70578be5-e7ad-4f10-8355-5ff16db93ab5,TUMBAL PROYEK,cgv,,26014300,,,,2D,2026-05-26,705f6157-076b-42aa-9587-f3c6d1c42d1d,2026-05-26T16:29:09.069298
70578be5-e7ad-4f10-8355-5ff16db93ab5,GUDANG MERICA,cgv,,26019400,,,,2D,2026-05-26,3d567ee1-79cc-40a6-918c-1d1234007e75,2026-05-26T16:29:09.069384
70578be5-e7ad-4f10-8355-5ff16db93ab5,STAR WARS THE MANDALORIAN AND GROGU,cgv,,26021200,,,,2D,2026-05-26,1f4d48b1-1cf8-4e29-9a4c-6a75bf931f5d,2026-05-26T16:29:09.069488
70578be5-e7ad-4f10-8355-5ff16db93ab5,SEMUA AKAN BAIK BAIK SAJA,cgv,,26018100,,,,2D,2026-05-26,3b9ccea5-50e1-4cf3-a04f-a27de456555f,2026-05-26T16:29:09.069597
70578be5-e7ad-4f10-8355-5ff16db93ab5,GHOST IN THE CELL,cgv,,26011800,,,,2D,2026-05-26,ab4fb335-6b33-4223-9759-2f3a5053c2c1,2026-05-26T16:29:09.069635
70578be5-e7ad-4f10-8355-5ff16db93ab5,TEMAN TEGAR MAIRA,cgv,,26005400,,,,2D,2026-05-26,0fce918f-1123-4427-9a38-e966ab25de67,2026-05-26T16:29:09.069668
70578be5-e7ad-4f10-8355-5ff16db93ab5,TIBA TIBA SETAN,cgv,,26007500,,,,2D,2026-05-26,0d0d18a6-50e6-425a-bfd5-c905d33ada10,2026-05-26T16:29:09.069701
70578be5-e7ad-4f10-8355-5ff16db93ab5,HOKUM,cgv,,26024600,,,,2D,2026-05-26,ace4824c-90cb-4ce7-aec9-b23453c0cc83,2026-05-26T16:29:09.069731
70578be5-e7ad-4f10-8355-5ff16db93ab5,MORTAL KOMBAT II,cgv,,26018200,,,,2D,2026-05-26,10ad2079-4f9e-4f29-8c9a-d41ac0875b26,2026-05-26T16:29:09.069761
70578be5-e7ad-4f10-8355-5ff16db93ab5,GOHAN,cgv,,26022500,,,,2D,2026-05-26,13694f77-6178-4d63-b028-fe9828df3c3f,2026-05-26T16:29:09.069790
70578be5-e7ad-4f10-8355-5ff16db93ab5,AYAH INI ARAHNYA KEMANA YA,cgv,,26011000,,,,2D,2026-05-26,ef884a2b-c6a9-4d2f-8b26-865885654a36,2026-05-26T16:29:09.069820
70578be5-e7ad-4f10-8355-5ff16db93ab5,YANG LAIN BOLEH HILANG ASAL KAU JANGAN,cgv,,26018300,,,,2D,2026-05-26,6561b785-797a-470a-96a6-cab6f2bb272f,2026-05-26T16:29:09.069850
70578be5-e7ad-4f10-8355-5ff16db93ab5,KELUARGA SUAMI ADALAH HAMA,cgv,,26017700,,,,2D,2026-05-26,cfeff979-3ef9-431b-88a3-7cbea35e5e37,2026-05-26T16:29:09.069879
70578be5-e7ad-4f10-8355-5ff16db93ab5,THE SHEEP DETECTIVES,cgv,,26019500,,,,2D,2026-05-26,19263944-2136-4e2a-9e4a-5ee9a348a15d,2026-05-26T16:29:09.069908
70578be5-e7ad-4f10-8355-5ff16db93ab5,SEKAWAN LIMO RE RELEASE,cgv,,26024900,,,,2D,2026-05-26,b07f6580-a13f-4e26-ae90-a8f0aa4524d2,2026-05-26T16:29:09.069939
70578be5-e7ad-4f10-8355-5ff16db93ab5,MONSTER,cgv,,23042200,,,,2D,2026-05-26,1ec3c2e6-9260-4c54-aa65-33ea1c003d6e,2026-05-26T16:29:09.070258
70578be5-e7ad-4f10-8355-5ff16db93ab5,SALMOKJI WHISPERING WATER,cgv,,26019100,,,,2D,2026-05-26,bc2048c0-f56f-4fed-a01f-c67247b83759,2026-05-26T16:29:09.070294
70578be5-e7ad-4f10-8355-5ff16db93ab5,THE DEVIL WEARS PRADA 2,cgv,,26019800,,,,2D,2026-05-26,62165a42-85e6-4041-8413-fc49783eaaf2,2026-05-26T16:29:09.070325
70578be5-e7ad-4f10-8355-5ff16db93ab5,STAR WARS THE MANDALORIAN AND GROGU 3D,cgv,,26025200,,,,2D,2026-05-26,0e84dc8f-c7e5-4219-a479-0297c5c697a6,2026-05-26T16:29:09.070356
70578be5-e7ad-4f10-8355-5ff16db93ab5,MOBILE SUIT GUNDAM HATHAWAY,cgv,,26021100,,,,2D,2026-05-26,9f8f2467-70a0-4051-95c1-2acee86f86e0,2026-05-26T16:29:09.070386
70578be5-e7ad-4f10-8355-5ff16db93ab5,METHOD ACTING,cgv,,26023400,,,,2D,2026-05-26,9c0d7287-ab7b-49c1-9536-e9dcd8729ee8,2026-05-26T16:29:09.070416
70578be5-e7ad-4f10-8355-5ff16db93ab5,CHAND MERA DIL,cgv,,26026000,,,,2D,2026-05-26,974bf911-be4e-4642-8295-82a203e8b909,2026-05-26T16:29:09.070445
70578be5-e7ad-4f10-8355-5ff16db93ab5,THAT TIME I GOT REINCARNATED AS A SLIME THE MOVIE TEARS OF THE AZURE SEA,cgv,,26017900,,,,2D,2026-05-26,48dc52c5-3dd4-4251-8a04-a2490bab7f71,2026-05-26T16:29:09.070474
70578be5-e7ad-4f10-8355-5ff16db93ab5,THE KINGS WARDEN,cgv,,26015000,,,,2D,2026-05-26,9949e3b4-3fc8-47d7-be20-9b600f844868,2026-05-26T16:29:09.070502
70578be5-e7ad-4f10-8355-5ff16db93ab5,KAMU HARUS MATI,cgv,,26023800,,,,2D,2026-05-26,d798e58d-1bf2-4495-ac08-8b944802e8a6,2026-05-26T16:29:09.070531
70578be5-e7ad-4f10-8355-5ff16db93ab5,SUNSHINE WOMENS CHOIR,cgv,,26024400,,,,2D,2026-05-26,79565683-13e2-41e6-a8ca-ff8d1dd11682,2026-05-26T16:29:09.070560
70578be5-e7ad-4f10-8355-5ff16db93ab5,NA WILLA,cgv,,26003200,,,,2D,2026-05-26,21003773-64b1-4d79-a2a1-accd1f668525,2026-05-26T16:29:09.070589
70578be5-e7ad-4f10-8355-5ff16db93ab5,DILAN ITB 1997,cgv,,26016100,,,,2D,2026-05-26,2c3dc5a6-bc5f-405a-8b97-8dddf494e342,2026-05-26T16:29:09.070617
70578be5-e7ad-4f10-8355-5ff16db93ab5,PEGASUS 3,cgv,,26025100,,,,2D,2026-05-26,9ad0d0c1-32cb-41e0-a89f-963a0dcdd669,2026-05-26T16:29:09.070650
93acc568-2090-45e7-afd8-3c26d5ab0478,TUMBAL PROYEK,cgv,,26014300,,,,2D,2026-05-26,ae0246c4-fce9-4904-aeec-db87642613cd,2026-05-26T16:29:10.977620
93acc568-2090-45e7-afd8-3c26d5ab0478,GUDANG MERICA,cgv,,26019400,,,,2D,2026-05-26,f3240d91-02c2-4c62-a972-4742b7e3f426,2026-05-26T16:29:10.977648
93acc568-2090-45e7-afd8-3c26d5ab0478,STAR WARS THE MANDALORIAN AND GROGU,cgv,,26021200,,,,2D,2026-05-26,9829f934-ef4f-40e2-838e-d42a0164c592,2026-05-26T16:29:10.977669
93acc568-2090-45e7-afd8-3c26d5ab0478,SEMUA AKAN BAIK BAIK SAJA,cgv,,26018100,,,,2D,2026-05-26,76828faa-d840-4161-b54d-e8f5dfa4de41,2026-05-26T16:29:10.977689
93acc568-2090-45e7-afd8-3c26d5ab0478,GHOST IN THE CELL,cgv,,26011800,,,,2D,2026-05-26,dbd1dfc3-78ff-4302-ad72-f4c5b94be0bc,2026-05-26T16:29:10.977709
93acc568-2090-45e7-afd8-3c26d5ab0478,TEMAN TEGAR MAIRA,cgv,,26005400,,,,2D,2026-05-26,e825a435-cd95-4431-8402-54ab0b83a2df,2026-05-26T16:29:10.977728
93acc568-2090-45e7-afd8-3c26d5ab0478,TIBA TIBA SETAN,cgv,,26007500,,,,2D,2026-05-26,d7fc7dc4-b16c-4be9-8609-34ca857c0922,2026-05-26T16:29:10.977746
93acc568-2090-45e7-afd8-3c26d5ab0478,HOKUM,cgv,,26024600,,,,2D,2026-05-26,154cb2a7-1ef0-4d45-abe5-52c2ce3ce4db,2026-05-26T16:29:10.977764
93acc568-2090-45e7-afd8-3c26d5ab0478,MORTAL KOMBAT II,cgv,,26018200,,,,2D,2026-05-26,499403ff-78cf-4a6e-bbd9-17c94a5e247f,2026-05-26T16:29:10.977782
93acc568-2090-45e7-afd8-3c26d5ab0478,GOHAN,cgv,,26022500,,,,2D,2026-05-26,f403b18a-c783-4f42-9180-677e9cd1a6f2,2026-05-26T16:29:10.977800
93acc568-2090-45e7-afd8-3c26d5ab0478,AYAH INI ARAHNYA KEMANA YA,cgv,,26011000,,,,2D,2026-05-26,7e19a0d1-ad0d-42a6-b4c2-477fa827977d,2026-05-26T16:29:10.977818
93acc568-2090-45e7-afd8-3c26d5ab0478,YANG LAIN BOLEH HILANG ASAL KAU JANGAN,cgv,,26018300,,,,2D,2026-05-26,39c06fca-2a21-4cc3-93f1-28b89b0fbc19,2026-05-26T16:29:10.977841
93acc568-2090-45e7-afd8-3c26d5ab0478,KELUARGA SUAMI ADALAH HAMA,cgv,,26017700,,,,2D,2026-05-26,f2237f05-cba9-4d71-857f-7f9d312515b1,2026-05-26T16:29:10.977883
93acc568-2090-45e7-afd8-3c26d5ab0478,THE SHEEP DETECTIVES,cgv,,26019500,,,,2D,2026-05-26,7a5cb857-17e9-4d3b-946f-040643d554ff,2026-05-26T16:29:10.977930
93acc568-2090-45e7-afd8-3c26d5ab0478,SEKAWAN LIMO RE RELEASE,cgv,,26024900,,,,2D,2026-05-26,582396fa-6c17-43e0-8178-96531dad2bc2,2026-05-26T16:29:10.977954
93acc568-2090-45e7-afd8-3c26d5ab0478,MONSTER,cgv,,23042200,,,,2D,2026-05-26,1e1e0e1f-c54e-4088-a580-137eba40b222,2026-05-26T16:29:10.977974
93acc568-2090-45e7-afd8-3c26d5ab0478,SALMOKJI WHISPERING WATER,cgv,,26019100,,,,2D,2026-05-26,73ce845f-9e1b-4e8f-8cc6-261327d38a9f,2026-05-26T16:29:10.977993
93acc568-2090-45e7-afd8-3c26d5ab0478,THE DEVIL WEARS PRADA 2,cgv,,26019800,,,,2D,2026-05-26,81f8c8b1-0ff0-4b44-b107-99daa2b7e22c,2026-05-26T16:29:10.978012
93acc568-2090-45e7-afd8-3c26d5ab0478,STAR WARS THE MANDALORIAN AND GROGU 3D,cgv,,26025200,,,,2D,2026-05-26,1e95765b-efda-4da5-a232-54a131a6afe0,2026-05-26T16:29:10.978032
93acc568-2090-45e7-afd8-3c26d5ab0478,MOBILE SUIT GUNDAM HATHAWAY,cgv,,26021100,,,,2D,2026-05-26,65a96724-3444-4795-bd40-2e7d7d0041d3,2026-05-26T16:29:10.978050
93acc568-2090-45e7-afd8-3c26d5ab0478,METHOD ACTING,cgv,,26023400,,,,2D,2026-05-26,747f0dc2-0813-4cd0-a2b4-79e23ef88042,2026-05-26T16:29:10.978067
93acc568-2090-45e7-afd8-3c26d5ab0478,CHAND MERA DIL,cgv,,26026000,,,,2D,2026-05-26,ac86e2c6-c9a9-4a5d-8b88-dd1a4412e870,2026-05-26T16:29:10.978085
93acc568-2090-45e7-afd8-3c26d5ab0478,THAT TIME I GOT REINCARNATED AS A SLIME THE MOVIE TEARS OF THE AZURE SEA,cgv,,26017900,,,,2D,2026-05-26,994ab76d-4d71-48dd-bb3a-f98862593c8d,2026-05-26T16:29:10.978103
93acc568-2090-45e7-afd8-3c26d5ab0478,THE KINGS WARDEN,cgv,,26015000,,,,2D,2026-05-26,052e8969-aed5-46eb-a1e5-7b715fe2a98f,2026-05-26T16:29:10.978128
93acc568-2090-45e7-afd8-3c26d5ab0478,KAMU HARUS MATI,cgv,,26023800,,,,2D,2026-05-26,ee2359ce-6c32-44a6-ba88-9f892ffdfd6d,2026-05-26T16:29:10.978146
93acc568-2090-45e7-afd8-3c26d5ab0478,SUNSHINE WOMENS CHOIR,cgv,,26024400,,,,2D,2026-05-26,7fe24253-c978-4d5b-8362-39fbdbd000bb,2026-05-26T16:29:10.978164
93acc568-2090-45e7-afd8-3c26d5ab0478,NA WILLA,cgv,,26003200,,,,2D,2026-05-26,f7bf3772-e3f3-4e04-aa49-777aa44e146d,2026-05-26T16:29:10.978181
93acc568-2090-45e7-afd8-3c26d5ab0478,DILAN ITB 1997,cgv,,26016100,,,,2D,2026-05-26,693fcc62-b896-4cdc-b3f4-860eb70f31bc,2026-05-26T16:29:10.978198
93acc568-2090-45e7-afd8-3c26d5ab0478,PEGASUS 3,cgv,,26025100,,,,2D,2026-05-26,7bfb1af9-10e5-4482-afdd-68e272bb795a,2026-05-26T16:29:10.978215
dc92315e-a275-471e-9c94-6899a070c49d,TUMBAL PROYEK,cgv,,26014300,,,,2D,2026-05-26,9916d2ca-48db-4953-8a66-9310f38f25c5,2026-05-26T16:29:11.502782
dc92315e-a275-471e-9c94-6899a070c49d,GUDANG MERICA,cgv,,26019400,,,,2D,2026-05-26,7d5ba90f-9022-4709-b4b6-47dc97a6eec2,2026-05-26T16:29:11.502830
dc92315e-a275-471e-9c94-6899a070c49d,STAR WARS THE MANDALORIAN AND GROGU,cgv,,26021200,,,,2D,2026-05-26,2683c0ee-152c-4207-a526-f83b78ccf3e1,2026-05-26T16:29:11.502865
dc92315e-a275-471e-9c94-6899a070c49d,SEMUA AKAN BAIK BAIK SAJA,cgv,,26018100,,,,2D,2026-05-26,de1297e4-308d-40f7-904c-e88973484307,2026-05-26T16:29:11.502896
dc92315e-a275-471e-9c94-6899a070c49d,GHOST IN THE CELL,cgv,,26011800,,,,2D,2026-05-26,ce38202b-e08f-4ef9-b102-8998a5c2c900,2026-05-26T16:29:11.502927
dc92315e-a275-471e-9c94-6899a070c49d,TEMAN TEGAR MAIRA,cgv,,26005400,,,,2D,2026-05-26,54a695e4-08e7-486f-8f3f-d319a2d186e9,2026-05-26T16:29:11.502957
dc92315e-a275-471e-9c94-6899a070c49d,TIBA TIBA SETAN,cgv,,26007500,,,,2D,2026-05-26,a136b101-e553-4f0f-a9b2-d6cb834c11eb,2026-05-26T16:29:11.502986
dc92315e-a275-471e-9c94-6899a070c49d,HOKUM,cgv,,26024600,,,,2D,2026-05-26,8af6dcbe-228c-4ed4-928a-ddc3daf481a1,2026-05-26T16:29:11.503015
dc92315e-a275-471e-9c94-6899a070c49d,MORTAL KOMBAT II,cgv,,26018200,,,,2D,2026-05-26,80483c14-fe5b-424f-949b-af2ad958d40d,2026-05-26T16:29:11.503043
dc92315e-a275-471e-9c94-6899a070c49d,GOHAN,cgv,,26022500,,,,2D,2026-05-26,26e2d58b-ffa7-4bf4-b733-2dc7b204e137,2026-05-26T16:29:11.503072
dc92315e-a275-471e-9c94-6899a070c49d,AYAH INI ARAHNYA KEMANA YA,cgv,,26011000,,,,2D,2026-05-26,0ed7b59f-086c-4ed8-b54d-44533602b0c5,2026-05-26T16:29:11.503104
dc92315e-a275-471e-9c94-6899a070c49d,YANG LAIN BOLEH HILANG ASAL KAU JANGAN,cgv,,26018300,,,,2D,2026-05-26,32f35be7-7096-41ac-8cf2-8aa18742d913,2026-05-26T16:29:11.503137
dc92315e-a275-471e-9c94-6899a070c49d,KELUARGA SUAMI ADALAH HAMA,cgv,,26017700,,,,2D,2026-05-26,6e263430-b585-42c8-bf96-f71c635ea514,2026-05-26T16:29:11.503178
dc92315e-a275-471e-9c94-6899a070c49d,THE SHEEP DETECTIVES,cgv,,26019500,,,,2D,2026-05-26,de49048c-479a-449b-a0a5-ce5f62a3c894,2026-05-26T16:29:11.503207
dc92315e-a275-471e-9c94-6899a070c49d,SEKAWAN LIMO RE RELEASE,cgv,,26024900,,,,2D,2026-05-26,716928c4-11c6-4ed4-8e72-e154d8666e73,2026-05-26T16:29:11.503237
dc92315e-a275-471e-9c94-6899a070c49d,MONSTER,cgv,,23042200,,,,2D,2026-05-26,23f7d24f-9b6a-4b7d-b43e-44cb7b7e7284,2026-05-26T16:29:11.503267
dc92315e-a275-471e-9c94-6899a070c49d,SALMOKJI WHISPERING WATER,cgv,,26019100,,,,2D,2026-05-26,28020222-9c58-46f8-8a7a-083e551718db,2026-05-26T16:29:11.503296
dc92315e-a275-471e-9c94-6899a070c49d,THE DEVIL WEARS PRADA 2,cgv,,26019800,,,,2D,2026-05-26,10d42f64-f196-45e2-b7df-2324dae40d16,2026-05-26T16:29:11.503325
dc92315e-a275-471e-9c94-6899a070c49d,STAR WARS THE MANDALORIAN AND GROGU 3D,cgv,,26025200,,,,2D,2026-05-26,602fec7d-9a3d-465c-9c0c-a251e5a5afb3,2026-05-26T16:29:11.503369
dc92315e-a275-471e-9c94-6899a070c49d,MOBILE SUIT GUNDAM HATHAWAY,cgv,,26021100,,,,2D,2026-05-26,cf45ff2d-b7cb-4d4a-81e7-9042b453839e,2026-05-26T16:29:11.503400
dc92315e-a275-471e-9c94-6899a070c49d,METHOD ACTING,cgv,,26023400,,,,2D,2026-05-26,29559d2e-8f56-43e4-a84e-90a3a6860056,2026-05-26T16:29:11.503432
dc92315e-a275-471e-9c94-6899a070c49d,CHAND MERA DIL,cgv,,26026000,,,,2D,2026-05-26,ee82399a-8ca2-41ca-b3ad-ecbf6af431d3,2026-05-26T16:29:11.503460
dc92315e-a275-471e-9c94-6899a070c49d,THAT TIME I GOT REINCARNATED AS A SLIME THE MOVIE TEARS OF THE AZURE SEA,cgv,,26017900,,,,2D,2026-05-26,8e9b81b7-efa7-41f2-8a43-4cc6c52e8a45,2026-05-26T16:29:11.503498
dc92315e-a275-471e-9c94-6899a070c49d,THE KINGS WARDEN,cgv,,26015000,,,,2D,2026-05-26,14ed2631-f666-4d40-9a4e-1fc1d4fb369d,2026-05-26T16:29:11.503527
dc92315e-a275-471e-9c94-6899a070c49d,KAMU HARUS MATI,cgv,,26023800,,,,2D,2026-05-26,4e6aa7f6-0698-4928-91b8-6ca2123df6f3,2026-05-26T16:29:11.503555
dc92315e-a275-471e-9c94-6899a070c49d,SUNSHINE WOMENS CHOIR,cgv,,26024400,,,,2D,2026-05-26,a96a8aae-da4a-44fe-8dda-d1b50360b939,2026-05-26T16:29:11.503593
dc92315e-a275-471e-9c94-6899a070c49d,NA WILLA,cgv,,26003200,,,,2D,2026-05-26,3926c4ef-3408-4b3a-a6f5-ea1122281a0f,2026-05-26T16:29:11.503621
dc92315e-a275-471e-9c94-6899a070c49d,DILAN ITB 1997,cgv,,26016100,,,,2D,2026-05-26,ec22d4d0-adfa-4309-9982-7adc408533b4,2026-05-26T16:29:11.503653
dc92315e-a275-471e-9c94-6899a070c49d,PEGASUS 3,cgv,,26025100,,,,2D,2026-05-26,1f742fbe-63cd-455e-85e5-9f532b668219,2026-05-26T16:29:11.503682
a2184011-7d6e-4c59-8055-35016f2c6299,TUMBAL PROYEK,cgv,,26014300,,,,2D,2026-05-26,f34d7815-af9e-436d-b56c-f0aad0a42fb0,2026-05-26T16:29:11.769679
a2184011-7d6e-4c59-8055-35016f2c6299,GUDANG MERICA,cgv,,26019400,,,,2D,2026-05-26,da4967d1-8e56-4048-9c7d-ff60ee314964,2026-05-26T16:29:11.769725
a2184011-7d6e-4c59-8055-35016f2c6299,STAR WARS THE MANDALORIAN AND GROGU,cgv,,26021200,,,,2D,2026-05-26,b7ea8466-3f73-4c13-84fb-bbb76b0b30bc,2026-05-26T16:29:11.769760
a2184011-7d6e-4c59-8055-35016f2c6299,SEMUA AKAN BAIK BAIK SAJA,cgv,,26018100,,,,2D,2026-05-26,b1a85e7a-f1c5-4fdc-ba84-69005e90653f,2026-05-26T16:29:11.769791
a2184011-7d6e-4c59-8055-35016f2c6299,GHOST IN THE CELL,cgv,,26011800,,,,2D,2026-05-26,11309950-5354-47cd-825d-ab0958af564e,2026-05-26T16:29:11.769823
a2184011-7d6e-4c59-8055-35016f2c6299,TEMAN TEGAR MAIRA,cgv,,26005400,,,,2D,2026-05-26,0e86402e-4811-40ad-8cb9-457df3f274cb,2026-05-26T16:29:11.769854
a2184011-7d6e-4c59-8055-35016f2c6299,TIBA TIBA SETAN,cgv,,26007500,,,,2D,2026-05-26,35a4e2f1-0a2e-456a-be51-1d1417b5f72e,2026-05-26T16:29:11.769884
a2184011-7d6e-4c59-8055-35016f2c6299,HOKUM,cgv,,26024600,,,,2D,2026-05-26,099e7e8e-041d-45a0-9cac-4d6c70392cfb,2026-05-26T16:29:11.769915
a2184011-7d6e-4c59-8055-35016f2c6299,MORTAL KOMBAT II,cgv,,26018200,,,,2D,2026-05-26,dd7e960b-5948-47f1-9ed8-3229ba5b77fc,2026-05-26T16:29:11.769944
a2184011-7d6e-4c59-8055-35016f2c6299,GOHAN,cgv,,26022500,,,,2D,2026-05-26,548eecbc-8c18-42b7-9921-24e7072d7ded,2026-05-26T16:29:11.769972
a2184011-7d6e-4c59-8055-35016f2c6299,AYAH INI ARAHNYA KEMANA YA,cgv,,26011000,,,,2D,2026-05-26,19a5113d-963b-4946-b501-2d9f9a8e07e6,2026-05-26T16:29:11.770002
a2184011-7d6e-4c59-8055-35016f2c6299,YANG LAIN BOLEH HILANG ASAL KAU JANGAN,cgv,,26018300,,,,2D,2026-05-26,0178a5d9-b50c-437e-8326-f62221bde59a,2026-05-26T16:29:11.770031
a2184011-7d6e-4c59-8055-35016f2c6299,KELUARGA SUAMI ADALAH HAMA,cgv,,26017700,,,,2D,2026-05-26,e56db930-cdac-47e9-b8f1-f1930ca5b615,2026-05-26T16:29:11.770061
a2184011-7d6e-4c59-8055-35016f2c6299,THE SHEEP DETECTIVES,cgv,,26019500,,,,2D,2026-05-26,fbca005e-de92-4e31-a710-b3cb1f36320e,2026-05-26T16:29:11.770090
a2184011-7d6e-4c59-8055-35016f2c6299,SEKAWAN LIMO RE RELEASE,cgv,,26024900,,,,2D,2026-05-26,6dc039ad-4fdd-4718-8702-7e543e382ba9,2026-05-26T16:29:11.770119
a2184011-7d6e-4c59-8055-35016f2c6299,MONSTER,cgv,,23042200,,,,2D,2026-05-26,44bd93fe-0f08-4322-a218-86fc907f81ae,2026-05-26T16:29:11.770148
a2184011-7d6e-4c59-8055-35016f2c6299,SALMOKJI WHISPERING WATER,cgv,,26019100,,,,2D,2026-05-26,480bc8e6-022a-43cc-bb4a-d2905eb77c7b,2026-05-26T16:29:11.770176
a2184011-7d6e-4c59-8055-35016f2c6299,THE DEVIL WEARS PRADA 2,cgv,,26019800,,,,2D,2026-05-26,fd90a83f-d35e-432c-bfaf-994a7d59b84c,2026-05-26T16:29:11.770205
a2184011-7d6e-4c59-8055-35016f2c6299,STAR WARS THE MANDALORIAN AND GROGU 3D,cgv,,26025200,,,,2D,2026-05-26,5f2be7dc-116f-45b9-9c11-26b7f6a59152,2026-05-26T16:29:11.770235
a2184011-7d6e-4c59-8055-35016f2c6299,MOBILE SUIT GUNDAM HATHAWAY,cgv,,26021100,,,,2D,2026-05-26,f8b6e186-220c-4c5c-9196-dafdb98a287b,2026-05-26T16:29:11.770263
a2184011-7d6e-4c59-8055-35016f2c6299,METHOD ACTING,cgv,,26023400,,,,2D,2026-05-26,cbe34334-3166-45dd-836b-e618b6b1ec3e,2026-05-26T16:29:11.770291
a2184011-7d6e-4c59-8055-35016f2c6299,CHAND MERA DIL,cgv,,26026000,,,,2D,2026-05-26,3d34e443-a7b2-4444-9560-0d9ed33562cd,2026-05-26T16:29:11.770320
a2184011-7d6e-4c59-8055-35016f2c6299,THAT TIME I GOT REINCARNATED AS A SLIME THE MOVIE TEARS OF THE AZURE SEA,cgv,,26017900,,,,2D,2026-05-26,70946b7b-52ba-4af4-87aa-4050c4549c22,2026-05-26T16:29:11.770348
a2184011-7d6e-4c59-8055-35016f2c6299,THE KINGS WARDEN,cgv,,26015000,,,,2D,2026-05-26,9e562f8d-1973-491e-848a-99d3c0a33d2f,2026-05-26T16:29:11.770377
a2184011-7d6e-4c59-8055-35016f2c6299,KAMU HARUS MATI,cgv,,26023800,,,,2D,2026-05-26,2e4f4f60-30ba-4484-8533-a081f9fb91b8,2026-05-26T16:29:11.770405
a2184011-7d6e-4c59-8055-35016f2c6299,SUNSHINE WOMENS CHOIR,cgv,,26024400,,,,2D,2026-05-26,4a58fc28-f39c-411e-9a14-05989b51e4a2,2026-05-26T16:29:11.770434
a2184011-7d6e-4c59-8055-35016f2c6299,NA WILLA,cgv,,26003200,,,,2D,2026-05-26,9d466bcd-f400-4767-8349-3f7c30787a73,2026-05-26T16:29:11.770463
a2184011-7d6e-4c59-8055-35016f2c6299,DILAN ITB 1997,cgv,,26016100,,,,2D,2026-05-26,c543e0ae-3bbc-4e4c-8541-fc1e5b038198,2026-05-26T16:29:11.770493
a2184011-7d6e-4c59-8055-35016f2c6299,PEGASUS 3,cgv,,26025100,,,,2D,2026-05-26,4d02862e-bc7b-4d2a-8204-b530714cb10c,2026-05-26T16:29:11.770522
0b430345-b97d-4a90-a0fb-0c7d9711bbed,TUMBAL PROYEK,cgv,,26014300,,,,2D,2026-05-26,201e926f-b94f-467a-94e1-efff0f4698aa,2026-05-26T16:29:12.498937
0b430345-b97d-4a90-a0fb-0c7d9711bbed,GUDANG MERICA,cgv,,26019400,,,,2D,2026-05-26,e89a50fe-9f05-4b1e-96c3-76af10158e3b,2026-05-26T16:29:12.498982
0b430345-b97d-4a90-a0fb-0c7d9711bbed,STAR WARS THE MANDALORIAN AND GROGU,cgv,,26021200,,,,2D,2026-05-26,e0ea552f-b855-404a-9410-c3bcec65828d,2026-05-26T16:29:12.499017
0b430345-b97d-4a90-a0fb-0c7d9711bbed,SEMUA AKAN BAIK BAIK SAJA,cgv,,26018100,,,,2D,2026-05-26,750d94ce-a066-4169-a6cc-91b384526acc,2026-05-26T16:29:12.499050
0b430345-b97d-4a90-a0fb-0c7d9711bbed,GHOST IN THE CELL,cgv,,26011800,,,,2D,2026-05-26,356d4e52-b8c9-4883-918a-cb3e8c3a7821,2026-05-26T16:29:12.499081
0b430345-b97d-4a90-a0fb-0c7d9711bbed,TEMAN TEGAR MAIRA,cgv,,26005400,,,,2D,2026-05-26,4e373055-94ac-4ac1-be27-2253ddbb8589,2026-05-26T16:29:12.499155
0b430345-b97d-4a90-a0fb-0c7d9711bbed,TIBA TIBA SETAN,cgv,,26007500,,,,2D,2026-05-26,4a097dbc-22fd-46ac-8df3-a0b5f099c611,2026-05-26T16:29:12.499264
0b430345-b97d-4a90-a0fb-0c7d9711bbed,HOKUM,cgv,,26024600,,,,2D,2026-05-26,2f45c6a5-14f8-40f6-ac00-4046f65d172f,2026-05-26T16:29:12.499323
0b430345-b97d-4a90-a0fb-0c7d9711bbed,MORTAL KOMBAT II,cgv,,26018200,,,,2D,2026-05-26,0d3e631a-50b4-44a1-999e-fa4590854526,2026-05-26T16:29:12.499361
0b430345-b97d-4a90-a0fb-0c7d9711bbed,GOHAN,cgv,,26022500,,,,2D,2026-05-26,27d11a2f-a978-405e-8b8c-1a584f860efb,2026-05-26T16:29:12.499394
0b430345-b97d-4a90-a0fb-0c7d9711bbed,AYAH INI ARAHNYA KEMANA YA,cgv,,26011000,,,,2D,2026-05-26,41085de5-2a70-4858-8d63-f3ff77677b4f,2026-05-26T16:29:12.499426
0b430345-b97d-4a90-a0fb-0c7d9711bbed,YANG LAIN BOLEH HILANG ASAL KAU JANGAN,cgv,,26018300,,,,2D,2026-05-26,421e55ff-b983-498e-99fb-3382c7c6db41,2026-05-26T16:29:12.499457
0b430345-b97d-4a90-a0fb-0c7d9711bbed,KELUARGA SUAMI ADALAH HAMA,cgv,,26017700,,,,2D,2026-05-26,4a991753-4a6a-41c2-85a1-d3a94612cd5b,2026-05-26T16:29:12.499487
0b430345-b97d-4a90-a0fb-0c7d9711bbed,THE SHEEP DETECTIVES,cgv,,26019500,,,,2D,2026-05-26,5fe5336c-0ebe-4200-ad3b-4504ed575d28,2026-05-26T16:29:12.499516
0b430345-b97d-4a90-a0fb-0c7d9711bbed,SEKAWAN LIMO RE RELEASE,cgv,,26024900,,,,2D,2026-05-26,f8a3135c-9e7c-414a-b33d-49ec10a140e5,2026-05-26T16:29:12.499545
0b430345-b97d-4a90-a0fb-0c7d9711bbed,MONSTER,cgv,,23042200,,,,2D,2026-05-26,591b3668-72df-40ee-a921-fdfd4bc55a11,2026-05-26T16:29:12.499573
0b430345-b97d-4a90-a0fb-0c7d9711bbed,SALMOKJI WHISPERING WATER,cgv,,26019100,,,,2D,2026-05-26,fc0789c9-09b1-4d49-a9e5-b343c4acd517,2026-05-26T16:29:12.499601
0b430345-b97d-4a90-a0fb-0c7d9711bbed,THE DEVIL WEARS PRADA 2,cgv,,26019800,,,,2D,2026-05-26,9e03387e-afb2-4ab6-8527-e452cfa0efe3,2026-05-26T16:29:12.499630
0b430345-b97d-4a90-a0fb-0c7d9711bbed,STAR WARS THE MANDALORIAN AND GROGU 3D,cgv,,26025200,,,,2D,2026-05-26,b15f6ef2-ded2-4523-8c60-479634d3ba04,2026-05-26T16:29:12.499660
0b430345-b97d-4a90-a0fb-0c7d9711bbed,MOBILE SUIT GUNDAM HATHAWAY,cgv,,26021100,,,,2D,2026-05-26,8f6ca156-4e4a-4de7-9ac9-23317942afdf,2026-05-26T16:29:12.499688
0b430345-b97d-4a90-a0fb-0c7d9711bbed,METHOD ACTING,cgv,,26023400,,,,2D,2026-05-26,0aa1b539-ea75-48a2-a535-40278153dd93,2026-05-26T16:29:12.499717
0b430345-b97d-4a90-a0fb-0c7d9711bbed,CHAND MERA DIL,cgv,,26026000,,,,2D,2026-05-26,f7adb54c-2f9f-4064-96db-e9af19940539,2026-05-26T16:29:12.499745
0b430345-b97d-4a90-a0fb-0c7d9711bbed,THAT TIME I GOT REINCARNATED AS A SLIME THE MOVIE TEARS OF THE AZURE SEA,cgv,,26017900,,,,2D,2026-05-26,b65b7e74-7c52-4c38-a71d-2e42fb3eb0ce,2026-05-26T16:29:12.499774
0b430345-b97d-4a90-a0fb-0c7d9711bbed,THE KINGS WARDEN,cgv,,26015000,,,,2D,2026-05-26,4fe57dad-5af3-411a-9ce3-6066b5d4c3ce,2026-05-26T16:29:12.499802
0b430345-b97d-4a90-a0fb-0c7d9711bbed,KAMU HARUS MATI,cgv,,26023800,,,,2D,2026-05-26,acac54f7-9fe8-4757-b78b-a43889fab114,2026-05-26T16:29:12.499838
0b430345-b97d-4a90-a0fb-0c7d9711bbed,SUNSHINE WOMENS CHOIR,cgv,,26024400,,,,2D,2026-05-26,3e78fcde-fcec-4f53-bc96-1f3e6c13b49d,2026-05-26T16:29:12.499868
0b430345-b97d-4a90-a0fb-0c7d9711bbed,NA WILLA,cgv,,26003200,,,,2D,2026-05-26,322b8d66-4a8f-453d-9b0d-df4948344941,2026-05-26T16:29:12.499897
0b430345-b97d-4a90-a0fb-0c7d9711bbed,DILAN ITB 1997,cgv,,26016100,,,,2D,2026-05-26,af35dd0a-fdde-47b6-ac10-880725a17561,2026-05-26T16:29:12.499925
0b430345-b97d-4a90-a0fb-0c7d9711bbed,PEGASUS 3,cgv,,26025100,,,,2D,2026-05-26,d4f234cb-53f2-40b5-aef2-7c95052f7878,2026-05-26T16:29:12.499953
2a502005-7e7b-42ff-bc10-f0d9f147d31a,TUMBAL PROYEK,cgv,,26014300,,,,2D,2026-05-26,5fe8b7f5-d945-4fb5-b863-798a68fbc4d3,2026-05-26T16:29:12.641826
2a502005-7e7b-42ff-bc10-f0d9f147d31a,GUDANG MERICA,cgv,,26019400,,,,2D,2026-05-26,abab360e-0eb1-41a5-b7d6-e0dc2d6c2701,2026-05-26T16:29:12.641870
2a502005-7e7b-42ff-bc10-f0d9f147d31a,STAR WARS THE MANDALORIAN AND GROGU,cgv,,26021200,,,,2D,2026-05-26,d46f187b-3d9b-482f-abab-b004c0685ef3,2026-05-26T16:29:12.641907
2a502005-7e7b-42ff-bc10-f0d9f147d31a,SEMUA AKAN BAIK BAIK SAJA,cgv,,26018100,,,,2D,2026-05-26,757ae9ce-f78d-4238-8226-6663a8633a3b,2026-05-26T16:29:12.641939
2a502005-7e7b-42ff-bc10-f0d9f147d31a,GHOST IN THE CELL,cgv,,26011800,,,,2D,2026-05-26,255d49c1-f071-4372-8fef-bd3059bc8131,2026-05-26T16:29:12.641971
2a502005-7e7b-42ff-bc10-f0d9f147d31a,TEMAN TEGAR MAIRA,cgv,,26005400,,,,2D,2026-05-26,09ac3be4-664a-4d6d-8056-a1b3468d0ff6,2026-05-26T16:29:12.642002
2a502005-7e7b-42ff-bc10-f0d9f147d31a,TIBA TIBA SETAN,cgv,,26007500,,,,2D,2026-05-26,05a760be-d447-45fa-9791-58bca26dad45,2026-05-26T16:29:12.642032
2a502005-7e7b-42ff-bc10-f0d9f147d31a,HOKUM,cgv,,26024600,,,,2D,2026-05-26,f5d3434d-edcd-4f25-a923-baf928c5ff58,2026-05-26T16:29:12.642061
2a502005-7e7b-42ff-bc10-f0d9f147d31a,MORTAL KOMBAT II,cgv,,26018200,,,,2D,2026-05-26,6b8fe45b-e88b-46e7-bc3f-81979ac5d5b3,2026-05-26T16:29:12.642099
2a502005-7e7b-42ff-bc10-f0d9f147d31a,GOHAN,cgv,,26022500,,,,2D,2026-05-26,785f8e4e-d3c5-467a-8c2e-686be3fe7d67,2026-05-26T16:29:12.642127
2a502005-7e7b-42ff-bc10-f0d9f147d31a,AYAH INI ARAHNYA KEMANA YA,cgv,,26011000,,,,2D,2026-05-26,c0d6bb6d-0bd0-479d-a7c3-5f3cc27c3c82,2026-05-26T16:29:12.642157
2a502005-7e7b-42ff-bc10-f0d9f147d31a,YANG LAIN BOLEH HILANG ASAL KAU JANGAN,cgv,,26018300,,,,2D,2026-05-26,dd58e276-19e5-422b-9495-35d8b5aed1d2,2026-05-26T16:29:12.642186
2a502005-7e7b-42ff-bc10-f0d9f147d31a,KELUARGA SUAMI ADALAH HAMA,cgv,,26017700,,,,2D,2026-05-26,ad755fb1-7447-46bc-ab6a-4219310df995,2026-05-26T16:29:12.642214
2a502005-7e7b-42ff-bc10-f0d9f147d31a,THE SHEEP DETECTIVES,cgv,,26019500,,,,2D,2026-05-26,b4561fc4-67c4-4d3b-9b95-3677c7b19437,2026-05-26T16:29:12.642250
2a502005-7e7b-42ff-bc10-f0d9f147d31a,SEKAWAN LIMO RE RELEASE,cgv,,26024900,,,,2D,2026-05-26,730c6c89-fdbe-486f-96f9-9c26e0c31ecf,2026-05-26T16:29:12.642286
2a502005-7e7b-42ff-bc10-f0d9f147d31a,MONSTER,cgv,,23042200,,,,2D,2026-05-26,85ff2cf6-ec24-4861-817a-5cc94eb10830,2026-05-26T16:29:12.642324
2a502005-7e7b-42ff-bc10-f0d9f147d31a,SALMOKJI WHISPERING WATER,cgv,,26019100,,,,2D,2026-05-26,5ba98d3b-48ab-4ac0-8468-49a127571215,2026-05-26T16:29:12.642369
2a502005-7e7b-42ff-bc10-f0d9f147d31a,THE DEVIL WEARS PRADA 2,cgv,,26019800,,,,2D,2026-05-26,3ef1848e-4e49-4f6f-8341-cbd6619145ef,2026-05-26T16:29:12.642405
2a502005-7e7b-42ff-bc10-f0d9f147d31a,STAR WARS THE MANDALORIAN AND GROGU 3D,cgv,,26025200,,,,2D,2026-05-26,9e818c2d-46e3-4a70-953d-d008c6dbc726,2026-05-26T16:29:12.642435
2a502005-7e7b-42ff-bc10-f0d9f147d31a,MOBILE SUIT GUNDAM HATHAWAY,cgv,,26021100,,,,2D,2026-05-26,3737b65a-25f1-4e4d-a228-8ee913454b85,2026-05-26T16:29:12.642463
2a502005-7e7b-42ff-bc10-f0d9f147d31a,METHOD ACTING,cgv,,26023400,,,,2D,2026-05-26,89b59591-c010-4534-9aff-720d5757edbe,2026-05-26T16:29:12.642496
2a502005-7e7b-42ff-bc10-f0d9f147d31a,CHAND MERA DIL,cgv,,26026000,,,,2D,2026-05-26,e42525e4-7ab9-46af-b8c5-ef785ad6fcac,2026-05-26T16:29:12.642524
2a502005-7e7b-42ff-bc10-f0d9f147d31a,THAT TIME I GOT REINCARNATED AS A SLIME THE MOVIE TEARS OF THE AZURE SEA,cgv,,26017900,,,,2D,2026-05-26,97efe145-e95a-400e-8d5e-5c27d6ad5051,2026-05-26T16:29:12.642554
2a502005-7e7b-42ff-bc10-f0d9f147d31a,THE KINGS WARDEN,cgv,,26015000,,,,2D,2026-05-26,a9860554-cb99-4318-9e2c-9503b353a75e,2026-05-26T16:29:12.642581
2a502005-7e7b-42ff-bc10-f0d9f147d31a,KAMU HARUS MATI,cgv,,26023800,,,,2D,2026-05-26,a87551a1-7f23-4a4a-a480-c0a39b561588,2026-05-26T16:29:12.642616
2a502005-7e7b-42ff-bc10-f0d9f147d31a,SUNSHINE WOMENS CHOIR,cgv,,26024400,,,,2D,2026-05-26,4e06255c-2dae-42e7-8752-03df4767130a,2026-05-26T16:29:12.642643
2a502005-7e7b-42ff-bc10-f0d9f147d31a,NA WILLA,cgv,,26003200,,,,2D,2026-05-26,0e379047-e08b-42b8-a199-d8fa0a70f4cb,2026-05-26T16:29:12.642679
2a502005-7e7b-42ff-bc10-f0d9f147d31a,DILAN ITB 1997,cgv,,26016100,,,,2D,2026-05-26,5498c8d7-84f9-4ad4-845a-563aacfad301,2026-05-26T16:29:12.642706
2a502005-7e7b-42ff-bc10-f0d9f147d31a,PEGASUS 3,cgv,,26025100,,,,2D,2026-05-26,91e18fb7-7de2-4c7a-9d1c-d1f8c2c155d4,2026-05-26T16:29:12.642733
f5146ebf-1b4a-4ef3-aedd-a4ac57bcceeb,TUMBAL PROYEK,cgv,,26014300,,,,2D,2026-05-26,5a221119-9eaf-40cd-8f32-6900b8409476,2026-05-26T16:29:15.604846
f5146ebf-1b4a-4ef3-aedd-a4ac57bcceeb,GUDANG MERICA,cgv,,26019400,,,,2D,2026-05-26,9e2189fe-2251-4e4c-8c53-6f4bc2840f4f,2026-05-26T16:29:15.604905
f5146ebf-1b4a-4ef3-aedd-a4ac57bcceeb,STAR WARS THE MANDALORIAN AND GROGU,cgv,,26021200,,,,2D,2026-05-26,ae4e83d8-de8c-4c8e-ac0e-d7f0d217bae1,2026-05-26T16:29:15.604951
f5146ebf-1b4a-4ef3-aedd-a4ac57bcceeb,SEMUA AKAN BAIK BAIK SAJA,cgv,,26018100,,,,2D,2026-05-26,b1dc5329-136f-480e-a4cf-ffa0dec2578c,2026-05-26T16:29:15.604993
f5146ebf-1b4a-4ef3-aedd-a4ac57bcceeb,GHOST IN THE CELL,cgv,,26011800,,,,2D,2026-05-26,25d0e786-c463-47b2-86a5-f17a2e723a35,2026-05-26T16:29:15.605034
f5146ebf-1b4a-4ef3-aedd-a4ac57bcceeb,TEMAN TEGAR MAIRA,cgv,,26005400,,,,2D,2026-05-26,0b6917fc-3efb-428f-8d32-6928a59502a4,2026-05-26T16:29:15.605078
f5146ebf-1b4a-4ef3-aedd-a4ac57bcceeb,TIBA TIBA SETAN,cgv,,26007500,,,,2D,2026-05-26,88d9ea28-b016-4c60-808b-78ed64642e80,2026-05-26T16:29:15.605118
f5146ebf-1b4a-4ef3-aedd-a4ac57bcceeb,HOKUM,cgv,,26024600,,,,2D,2026-05-26,2f59a2d2-957c-4560-9209-cf8081d73369,2026-05-26T16:29:15.605159
f5146ebf-1b4a-4ef3-aedd-a4ac57bcceeb,MORTAL KOMBAT II,cgv,,26018200,,,,2D,2026-05-26,d312516b-b77a-48c4-9246-fd5631e52b5a,2026-05-26T16:29:15.605197
f5146ebf-1b4a-4ef3-aedd-a4ac57bcceeb,GOHAN,cgv,,26022500,,,,2D,2026-05-26,f42ce2f7-1506-49e1-8154-93bfff083477,2026-05-26T16:29:15.605236
f5146ebf-1b4a-4ef3-aedd-a4ac57bcceeb,AYAH INI ARAHNYA KEMANA YA,cgv,,26011000,,,,2D,2026-05-26,8c76ce04-ce43-4cb3-a235-dd9f5b48ed06,2026-05-26T16:29:15.605275
f5146ebf-1b4a-4ef3-aedd-a4ac57bcceeb,YANG LAIN BOLEH HILANG ASAL KAU JANGAN,cgv,,26018300,,,,2D,2026-05-26,6392a0d4-40c5-4d14-b8da-e6a756b3e744,2026-05-26T16:29:15.605314
f5146ebf-1b4a-4ef3-aedd-a4ac57bcceeb,KELUARGA SUAMI ADALAH HAMA,cgv,,26017700,,,,2D,2026-05-26,f41af47b-3736-4919-8f04-a1c2ac417bc6,2026-05-26T16:29:15.605351
f5146ebf-1b4a-4ef3-aedd-a4ac57bcceeb,THE SHEEP DETECTIVES,cgv,,26019500,,,,2D,2026-05-26,56255112-2180-47b2-bd81-703ddf55650b,2026-05-26T16:29:15.605391
f5146ebf-1b4a-4ef3-aedd-a4ac57bcceeb,SEKAWAN LIMO RE RELEASE,cgv,,26024900,,,,2D,2026-05-26,bb4dbdb9-1ef1-4eb9-a022-c294e23916bb,2026-05-26T16:29:15.605427
f5146ebf-1b4a-4ef3-aedd-a4ac57bcceeb,MONSTER,cgv,,23042200,,,,2D,2026-05-26,59dae3ed-00f9-4d0b-a2b5-cc959acb6101,2026-05-26T16:29:15.605463
f5146ebf-1b4a-4ef3-aedd-a4ac57bcceeb,SALMOKJI WHISPERING WATER,cgv,,26019100,,,,2D,2026-05-26,833ce63d-d63b-40bd-b904-180ff7af3410,2026-05-26T16:29:15.605501
f5146ebf-1b4a-4ef3-aedd-a4ac57bcceeb,THE DEVIL WEARS PRADA 2,cgv,,26019800,,,,2D,2026-05-26,de73668b-63b0-4199-b759-4d00a0fe5c56,2026-05-26T16:29:15.605536
f5146ebf-1b4a-4ef3-aedd-a4ac57bcceeb,STAR WARS THE MANDALORIAN AND GROGU 3D,cgv,,26025200,,,,2D,2026-05-26,eaef53a2-4b08-4d54-8546-94d96771627e,2026-05-26T16:29:15.605575
f5146ebf-1b4a-4ef3-aedd-a4ac57bcceeb,MOBILE SUIT GUNDAM HATHAWAY,cgv,,26021100,,,,2D,2026-05-26,b81ba294-1fee-4451-bf7d-201861d56727,2026-05-26T16:29:15.605611
f5146ebf-1b4a-4ef3-aedd-a4ac57bcceeb,METHOD ACTING,cgv,,26023400,,,,2D,2026-05-26,f7bedc98-11e1-4f58-9760-de82bfc59941,2026-05-26T16:29:15.605646
f5146ebf-1b4a-4ef3-aedd-a4ac57bcceeb,CHAND MERA DIL,cgv,,26026000,,,,2D,2026-05-26,8c2c5b87-45e5-4b0a-99f7-dd78323696d5,2026-05-26T16:29:15.605681
f5146ebf-1b4a-4ef3-aedd-a4ac57bcceeb,THAT TIME I GOT REINCARNATED AS A SLIME THE MOVIE TEARS OF THE AZURE SEA,cgv,,26017900,,,,2D,2026-05-26,eda2de3f-e747-4174-943d-9a929ec125eb,2026-05-26T16:29:15.605718
f5146ebf-1b4a-4ef3-aedd-a4ac57bcceeb,THE KINGS WARDEN,cgv,,26015000,,,,2D,2026-05-26,c5e80ca8-dd8d-4972-9a31-e96b2e0e138b,2026-05-26T16:29:15.605755
f5146ebf-1b4a-4ef3-aedd-a4ac57bcceeb,KAMU HARUS MATI,cgv,,26023800,,,,2D,2026-05-26,14ea4d36-d755-4bf6-ab86-15b5b3623b1e,2026-05-26T16:29:15.605790
f5146ebf-1b4a-4ef3-aedd-a4ac57bcceeb,SUNSHINE WOMENS CHOIR,cgv,,26024400,,,,2D,2026-05-26,423d1447-830c-4a0a-afeb-3124b6e2010b,2026-05-26T16:29:15.606124
f5146ebf-1b4a-4ef3-aedd-a4ac57bcceeb,NA WILLA,cgv,,26003200,,,,2D,2026-05-26,4fe2cbc3-db61-4eef-9e6d-2137f5d62d1e,2026-05-26T16:29:15.606163
f5146ebf-1b4a-4ef3-aedd-a4ac57bcceeb,DILAN ITB 1997,cgv,,26016100,,,,2D,2026-05-26,2a91de7f-6dc2-4f90-91a4-3dc356c2356e,2026-05-26T16:29:15.606200
f5146ebf-1b4a-4ef3-aedd-a4ac57bcceeb,PEGASUS 3,cgv,,26025100,,,,2D,2026-05-26,849a93bf-8150-4fa2-9f99-6082be1a5368,2026-05-26T16:29:15.606235
9f88b0ae-29fa-42a3-a9e2-6ce1438a5bc3,TUMBAL PROYEK,cgv,,26014300,,,,2D,2026-05-26,5ae0c7da-ff77-431e-ad4c-e498f6825636,2026-05-26T16:29:15.167083
9f88b0ae-29fa-42a3-a9e2-6ce1438a5bc3,GUDANG MERICA,cgv,,26019400,,,,2D,2026-05-26,f5a37b21-1dd1-494e-a255-c78a73f3252a,2026-05-26T16:29:15.167128
9f88b0ae-29fa-42a3-a9e2-6ce1438a5bc3,STAR WARS THE MANDALORIAN AND GROGU,cgv,,26021200,,,,2D,2026-05-26,ff7540d8-ef35-485d-9e52-4a1bd364b2a7,2026-05-26T16:29:15.167163
9f88b0ae-29fa-42a3-a9e2-6ce1438a5bc3,SEMUA AKAN BAIK BAIK SAJA,cgv,,26018100,,,,2D,2026-05-26,d9618a8a-52c7-4a3e-88d3-5ee691e3d26a,2026-05-26T16:29:15.167195
9f88b0ae-29fa-42a3-a9e2-6ce1438a5bc3,GHOST IN THE CELL,cgv,,26011800,,,,2D,2026-05-26,83b2e6d8-46ce-4880-92ef-379e99ccbe26,2026-05-26T16:29:15.167229
9f88b0ae-29fa-42a3-a9e2-6ce1438a5bc3,TEMAN TEGAR MAIRA,cgv,,26005400,,,,2D,2026-05-26,3366e100-455f-4c5a-8356-e3e51de33458,2026-05-26T16:29:15.167258
9f88b0ae-29fa-42a3-a9e2-6ce1438a5bc3,TIBA TIBA SETAN,cgv,,26007500,,,,2D,2026-05-26,4720621a-fcb7-4a5b-bc3a-b851bec54a72,2026-05-26T16:29:15.167290
9f88b0ae-29fa-42a3-a9e2-6ce1438a5bc3,HOKUM,cgv,,26024600,,,,2D,2026-05-26,5387f51a-1728-44c4-ab1d-1c3646d0e17f,2026-05-26T16:29:15.167319
9f88b0ae-29fa-42a3-a9e2-6ce1438a5bc3,MORTAL KOMBAT II,cgv,,26018200,,,,2D,2026-05-26,7b499ae4-e8b4-4907-b34c-8072eb2d93ab,2026-05-26T16:29:15.167351
9f88b0ae-29fa-42a3-a9e2-6ce1438a5bc3,GOHAN,cgv,,26022500,,,,2D,2026-05-26,91497fc3-1ec8-4729-ae71-85dc461b6cb7,2026-05-26T16:29:15.167395
9f88b0ae-29fa-42a3-a9e2-6ce1438a5bc3,AYAH INI ARAHNYA KEMANA YA,cgv,,26011000,,,,2D,2026-05-26,096c3b2d-ac2b-4e3e-9f5f-8485796f5e33,2026-05-26T16:29:15.167426
9f88b0ae-29fa-42a3-a9e2-6ce1438a5bc3,YANG LAIN BOLEH HILANG ASAL KAU JANGAN,cgv,,26018300,,,,2D,2026-05-26,bf3147a2-eb53-4050-a898-7b9b31fa4e6c,2026-05-26T16:29:15.167456
9f88b0ae-29fa-42a3-a9e2-6ce1438a5bc3,KELUARGA SUAMI ADALAH HAMA,cgv,,26017700,,,,2D,2026-05-26,5d97962d-395b-44d4-8726-75cc06f28286,2026-05-26T16:29:15.167484
9f88b0ae-29fa-42a3-a9e2-6ce1438a5bc3,THE SHEEP DETECTIVES,cgv,,26019500,,,,2D,2026-05-26,084ef526-11e4-4b49-a329-75c5fe43eab6,2026-05-26T16:29:15.167513
9f88b0ae-29fa-42a3-a9e2-6ce1438a5bc3,SEKAWAN LIMO RE RELEASE,cgv,,26024900,,,,2D,2026-05-26,48f04973-0d9d-4e17-8eed-0c773ba6ca1c,2026-05-26T16:29:15.167545
9f88b0ae-29fa-42a3-a9e2-6ce1438a5bc3,MONSTER,cgv,,23042200,,,,2D,2026-05-26,7cc51482-e1db-4744-9dca-fc28b60d11f8,2026-05-26T16:29:15.167572
9f88b0ae-29fa-42a3-a9e2-6ce1438a5bc3,SALMOKJI WHISPERING WATER,cgv,,26019100,,,,2D,2026-05-26,f293db81-a3aa-4145-8f5f-8c274762c7ef,2026-05-26T16:29:15.167601
9f88b0ae-29fa-42a3-a9e2-6ce1438a5bc3,THE DEVIL WEARS PRADA 2,cgv,,26019800,,,,2D,2026-05-26,a1522d22-3fe0-4974-97d3-d9d254a4b2eb,2026-05-26T16:29:15.167636
9f88b0ae-29fa-42a3-a9e2-6ce1438a5bc3,STAR WARS THE MANDALORIAN AND GROGU 3D,cgv,,26025200,,,,2D,2026-05-26,0bc27190-c18d-475d-9495-b0c983e76a82,2026-05-26T16:29:15.167668
9f88b0ae-29fa-42a3-a9e2-6ce1438a5bc3,MOBILE SUIT GUNDAM HATHAWAY,cgv,,26021100,,,,2D,2026-05-26,4d23b084-b6e3-470a-918e-c4f13cf8ea0e,2026-05-26T16:29:15.167696
9f88b0ae-29fa-42a3-a9e2-6ce1438a5bc3,METHOD ACTING,cgv,,26023400,,,,2D,2026-05-26,d690e6e1-3ddf-4e0d-ad13-a0ff0bdc3a95,2026-05-26T16:29:15.167724
9f88b0ae-29fa-42a3-a9e2-6ce1438a5bc3,CHAND MERA DIL,cgv,,26026000,,,,2D,2026-05-26,e8a072d5-c2df-40e9-bbe6-c00211d471c8,2026-05-26T16:29:15.167752
9f88b0ae-29fa-42a3-a9e2-6ce1438a5bc3,THAT TIME I GOT REINCARNATED AS A SLIME THE MOVIE TEARS OF THE AZURE SEA,cgv,,26017900,,,,2D,2026-05-26,5279d342-bf27-4878-8eff-b27376f4c406,2026-05-26T16:29:15.167781
9f88b0ae-29fa-42a3-a9e2-6ce1438a5bc3,THE KINGS WARDEN,cgv,,26015000,,,,2D,2026-05-26,9ad2d308-1614-400c-87bc-9ea49f9a9532,2026-05-26T16:29:15.167810
9f88b0ae-29fa-42a3-a9e2-6ce1438a5bc3,KAMU HARUS MATI,cgv,,26023800,,,,2D,2026-05-26,86e517f8-f0e1-4c8e-a196-8c6ef6f53a26,2026-05-26T16:29:15.167839
9f88b0ae-29fa-42a3-a9e2-6ce1438a5bc3,SUNSHINE WOMENS CHOIR,cgv,,26024400,,,,2D,2026-05-26,4b27f783-fb7b-4290-bfb2-c5bfe995e5c4,2026-05-26T16:29:15.167867
9f88b0ae-29fa-42a3-a9e2-6ce1438a5bc3,NA WILLA,cgv,,26003200,,,,2D,2026-05-26,3617ec77-4212-4037-bb07-db70fcc05924,2026-05-26T16:29:15.167895
9f88b0ae-29fa-42a3-a9e2-6ce1438a5bc3,DILAN ITB 1997,cgv,,26016100,,,,2D,2026-05-26,d7063f54-f4e0-44f4-8505-426c06eaa639,2026-05-26T16:29:15.167923
9f88b0ae-29fa-42a3-a9e2-6ce1438a5bc3,PEGASUS 3,cgv,,26025100,,,,2D,2026-05-26,be2edd39-c750-4f21-a017-0ccf0ae2c5e7,2026-05-26T16:29:15.167951
1d716806-7ac2-49b0-9a13-d84537a3f0cd,SEKAWAN LIMO 2: GUNUNG KLAWIH,cinepolis,,7a5e33ac-ba36-4c3f-bd38-0f7f00a79a1d,COMEDY,2h 2m,13+,2D,2026-05-26,ac1f394b-536f-42ff-a001-b553815038a3,2026-05-26T16:30:01.966245
1d716806-7ac2-49b0-9a13-d84537a3f0cd,CHILDREN OF HEAVEN,cinepolis,,0ae5ff7b-e255-45b6-a488-c0feb89dc653,DRAMA,1h 37m,SU,2D,2026-05-26,bbf3b16d-2749-4d0c-8ecd-7ebf13186ee4,2026-05-26T16:30:02.156643
1d716806-7ac2-49b0-9a13-d84537a3f0cd,PASSENGER,cinepolis,,f99ed192-5c3c-4e8c-b507-05e2d244ecfd,HORROR,1h 34m,D17+,2D,2026-05-26,78e2a69d-406b-4fc3-939d-c8abfece97b2,2026-05-26T16:30:04.529991
1d716806-7ac2-49b0-9a13-d84537a3f0cd,BADUT GENDONG,cinepolis,,3c747edf-0b24-47d3-a687-cce565db1452,HORROR,1h 41m,D17+,2D,2026-05-26,d8b866cb-bbaa-4a29-a83d-15607e309127,2026-05-26T16:30:05.921174
1d716806-7ac2-49b0-9a13-d84537a3f0cd,TUMBAL PROYEK,cinepolis,,0b14c075-63cc-4a3b-b0a7-a3578ae1590b,HORROR,1h 46m,D17+,2D,2026-05-26,6de5a1b4-601c-40e5-8f00-df0361ce4067,2026-05-26T16:30:06.670041
8d49c20b-9b5b-49aa-a519-e2418cf96b42,SEKAWAN LIMO 2: GUNUNG KLAWIH,cinepolis,,7a5e33ac-ba36-4c3f-bd38-0f7f00a79a1d,COMEDY,2h 2m,13+,2D,2026-05-26,cd1b75c5-4e84-48ff-8ba5-4160baba60c5,2026-05-26T16:30:06.944937
8d49c20b-9b5b-49aa-a519-e2418cf96b42,CHILDREN OF HEAVEN,cinepolis,,0ae5ff7b-e255-45b6-a488-c0feb89dc653,DRAMA,1h 37m,SU,2D,2026-05-26,d736580f-f335-4dbd-8dd0-94451a359b2f,2026-05-26T16:30:06.946249
8d49c20b-9b5b-49aa-a519-e2418cf96b42,BADUT GENDONG,cinepolis,,3c747edf-0b24-47d3-a687-cce565db1452,HORROR,1h 41m,D17+,2D,2026-05-26,7895a1bb-b70d-4a6f-931c-fadb29e5e6c1,2026-05-26T16:30:06.948205
8d49c20b-9b5b-49aa-a519-e2418cf96b42,TUMBAL PROYEK,cinepolis,,0b14c075-63cc-4a3b-b0a7-a3578ae1590b,HORROR,1h 46m,D17+,2D,2026-05-26,56533015-ebeb-4abd-97d4-543cbb614cd3,2026-05-26T16:30:06.949417
8d49c20b-9b5b-49aa-a519-e2418cf96b42,SEMUA AKAN BAIK-BAIK SAJA,cinepolis,,cae94e25-4386-417b-8bdf-0dea2d0b0c71,DRAMA,1h 53m,13+,2D,2026-05-26,59c0d3fe-7046-4d52-9fcb-e1bfffff3942,2026-05-26T16:30:08.453709
8d49c20b-9b5b-49aa-a519-e2418cf96b42,GUDANG MERICA,cinepolis,,0e87a4c9-10fb-496b-b0a4-4d60d71c222d,COMEDY,1h 38m,D17+,2D,2026-05-26,9f945d6b-2085-471d-82ae-0dd39b6f8ce4,2026-05-26T16:30:10.818259
8d49c20b-9b5b-49aa-a519-e2418cf96b42,STAR WARS: THE MANDALORIAN AND GROGU,cinepolis,,488b0e44-9328-4660-827f-bf3341602b6d,FANTASY,2h 12m,13+,2D,2026-05-26,72ccbd2c-9e3d-45b0-b459-f6cae0a3876e,2026-05-26T16:30:11.146521
8d49c20b-9b5b-49aa-a519-e2418cf96b42,YANG LAIN BOLEH HILANG ASAL KAU JANGAN,cinepolis,,ff59e4ab-92e1-4aa6-bfd8-ab6521930738,DRAMA,1h 53m,13+,2D,2026-05-26,81e3892c-8223-4fc6-8195-24057f110cba,2026-05-26T16:30:12.686744
ba6e98e8-013c-44c3-a745-4756585dedc4,SEKAWAN LIMO 2: GUNUNG KLAWIH,cinepolis,,7a5e33ac-ba36-4c3f-bd38-0f7f00a79a1d,COMEDY,2h 2m,13+,2D,2026-05-26,ae2dba52-6410-4428-af4f-94678bc03bc9,2026-05-26T16:30:13.138623
ba6e98e8-013c-44c3-a745-4756585dedc4,CHILDREN OF HEAVEN,cinepolis,,0ae5ff7b-e255-45b6-a488-c0feb89dc653,DRAMA,1h 37m,SU,2D,2026-05-26,7f776232-5b9a-4e2a-8386-ac1db9664543,2026-05-26T16:30:13.139754
ba6e98e8-013c-44c3-a745-4756585dedc4,PASSENGER,cinepolis,,f99ed192-5c3c-4e8c-b507-05e2d244ecfd,HORROR,1h 34m,D17+,2D,2026-05-26,8725a124-6430-4100-a04f-a5b6e54f6110,2026-05-26T16:30:13.141764
ba6e98e8-013c-44c3-a745-4756585dedc4,TUMBAL PROYEK,cinepolis,,0b14c075-63cc-4a3b-b0a7-a3578ae1590b,HORROR,1h 46m,D17+,2D,2026-05-26,02b6f5db-2abc-437a-91e3-173e94a95a0e,2026-05-26T16:30:13.142808
ba6e98e8-013c-44c3-a745-4756585dedc4,SEMUA AKAN BAIK-BAIK SAJA,cinepolis,,cae94e25-4386-417b-8bdf-0dea2d0b0c71,DRAMA,1h 53m,13+,2D,2026-05-26,d7ab8044-a1d8-44ae-9585-035ce2555434,2026-05-26T16:30:13.144652
ba6e98e8-013c-44c3-a745-4756585dedc4,GUDANG MERICA,cinepolis,,0e87a4c9-10fb-496b-b0a4-4d60d71c222d,COMEDY,1h 38m,D17+,2D,2026-05-26,bcde9ce2-b455-436f-b716-3b8a263104cf,2026-05-26T16:30:13.146156
ba6e98e8-013c-44c3-a745-4756585dedc4,STAR WARS: THE MANDALORIAN AND GROGU,cinepolis,,488b0e44-9328-4660-827f-bf3341602b6d,FANTASY,2h 12m,13+,2D,2026-05-26,0a07d96d-4deb-4dc3-9c72-af3baab5adb7,2026-05-26T16:30:13.147170
ba6e98e8-013c-44c3-a745-4756585dedc4,GHOST IN THE CELL,cinepolis,,1859bb5f-f638-4a41-854c-a114f6f8a608,HORROR,1h 46m,D17+,2D,2026-05-26,87612c70-ab4e-49a6-a6d8-d9a53666577a,2026-05-26T16:30:14.227946
88a2b43d-faa1-47aa-96fe-4eea05668ecb,SEKAWAN LIMO 2: GUNUNG KLAWIH,cinepolis,,7a5e33ac-ba36-4c3f-bd38-0f7f00a79a1d,COMEDY,2h 2m,13+,2D,2026-05-26,61352a04-f7da-4a14-adbe-d4bfd64b417c,2026-05-26T16:30:18.432518
88a2b43d-faa1-47aa-96fe-4eea05668ecb,CHILDREN OF HEAVEN,cinepolis,,0ae5ff7b-e255-45b6-a488-c0feb89dc653,DRAMA,1h 37m,SU,2D,2026-05-26,73339743-8b4f-4987-9ab5-4d069d643812,2026-05-26T16:30:18.433940
88a2b43d-faa1-47aa-96fe-4eea05668ecb,BADUT GENDONG,cinepolis,,3c747edf-0b24-47d3-a687-cce565db1452,HORROR,1h 41m,D17+,2D,2026-05-26,f02fdb70-b30c-41a9-95e4-2f9c0845f5bd,2026-05-26T16:30:18.435183
88a2b43d-faa1-47aa-96fe-4eea05668ecb,TUMBAL PROYEK,cinepolis,,0b14c075-63cc-4a3b-b0a7-a3578ae1590b,HORROR,1h 46m,D17+,2D,2026-05-26,f86c82f3-4e65-45cd-a9ac-00614683a108,2026-05-26T16:30:18.436393
17fe5f08-ad45-43f3-8030-0eca5bc51e41,SEKAWAN LIMO 2: GUNUNG KLAWIH,cinepolis,,7a5e33ac-ba36-4c3f-bd38-0f7f00a79a1d,COMEDY,2h 2m,13+,2D,2026-05-26,8df366ea-94fd-4d87-acf6-be8517663184,2026-05-26T16:30:24.608147
17fe5f08-ad45-43f3-8030-0eca5bc51e41,CHILDREN OF HEAVEN,cinepolis,,0ae5ff7b-e255-45b6-a488-c0feb89dc653,DRAMA,1h 37m,SU,2D,2026-05-26,f5d5b463-9e78-479e-bec7-b5ab39dc4138,2026-05-26T16:30:24.610399
17fe5f08-ad45-43f3-8030-0eca5bc51e41,BADUT GENDONG,cinepolis,,3c747edf-0b24-47d3-a687-cce565db1452,HORROR,1h 41m,D17+,2D,2026-05-26,bf25acf5-5cbc-4935-8dcb-87b4b3957ff1,2026-05-26T16:30:24.613100
17fe5f08-ad45-43f3-8030-0eca5bc51e41,TUMBAL PROYEK,cinepolis,,0b14c075-63cc-4a3b-b0a7-a3578ae1590b,HORROR,1h 46m,D17+,2D,2026-05-26,32d70e47-26bb-486e-ae02-0749766bba16,2026-05-26T16:30:24.614602
17fe5f08-ad45-43f3-8030-0eca5bc51e41,SEMUA AKAN BAIK-BAIK SAJA,cinepolis,,cae94e25-4386-417b-8bdf-0dea2d0b0c71,DRAMA,1h 53m,13+,2D,2026-05-26,d78290ca-fbbc-4523-ad17-04437877d21b,2026-05-26T16:30:24.615872
17fe5f08-ad45-43f3-8030-0eca5bc51e41,GUDANG MERICA,cinepolis,,0e87a4c9-10fb-496b-b0a4-4d60d71c222d,COMEDY,1h 38m,D17+,2D,2026-05-26,ae378f23-1aac-48b3-9fdb-b37c9633a063,2026-05-26T16:30:24.616880
5088de0e-f7cc-4023-a11f-ebc7f0cccb2a,SEKAWAN LIMO 2: GUNUNG KLAWIH,cinepolis,,7a5e33ac-ba36-4c3f-bd38-0f7f00a79a1d,COMEDY,2h 2m,13+,2D,2026-05-26,aa92be5f-e143-400a-bdce-0237e87e8b73,2026-05-26T16:30:30.908301
5088de0e-f7cc-4023-a11f-ebc7f0cccb2a,CHILDREN OF HEAVEN,cinepolis,,0ae5ff7b-e255-45b6-a488-c0feb89dc653,DRAMA,1h 37m,SU,2D,2026-05-26,6aa933ef-26d1-423e-a0bb-c472c80e5afa,2026-05-26T16:30:30.909869
5088de0e-f7cc-4023-a11f-ebc7f0cccb2a,PASSENGER,cinepolis,,f99ed192-5c3c-4e8c-b507-05e2d244ecfd,HORROR,1h 34m,D17+,2D,2026-05-26,5672f002-3048-4115-ae28-2b272ca300d4,2026-05-26T16:30:30.911244
5088de0e-f7cc-4023-a11f-ebc7f0cccb2a,BADUT GENDONG,cinepolis,,3c747edf-0b24-47d3-a687-cce565db1452,HORROR,1h 41m,D17+,2D,2026-05-26,db15cef2-ecec-417e-b571-56e2ae517e1f,2026-05-26T16:30:30.913488
5088de0e-f7cc-4023-a11f-ebc7f0cccb2a,TUMBAL PROYEK,cinepolis,,0b14c075-63cc-4a3b-b0a7-a3578ae1590b,HORROR,1h 46m,D17+,2D,2026-05-26,dd2079e1-44bc-47a4-b1a7-bab8ffb167b2,2026-05-26T16:30:30.915566
5088de0e-f7cc-4023-a11f-ebc7f0cccb2a,SEMUA AKAN BAIK-BAIK SAJA,cinepolis,,cae94e25-4386-417b-8bdf-0dea2d0b0c71,DRAMA,1h 53m,13+,2D,2026-05-26,20263484-97f5-4a2a-a723-518d39fe59b5,2026-05-26T16:30:30.917039
5088de0e-f7cc-4023-a11f-ebc7f0cccb2a,GUDANG MERICA,cinepolis,,0e87a4c9-10fb-496b-b0a4-4d60d71c222d,COMEDY,1h 38m,D17+,2D,2026-05-26,818f212d-3327-4c81-b426-4225cd854c73,2026-05-26T16:30:30.918150
0cfe6d82-1fca-4b91-8c6b-333a662a5a21,SEKAWAN LIMO 2: GUNUNG KLAWIH,cinepolis,,7a5e33ac-ba36-4c3f-bd38-0f7f00a79a1d,COMEDY,2h 2m,13+,2D,2026-05-26,f1553808-c877-4b1b-857c-b1a923eecb64,2026-05-26T16:30:36.221932
0cfe6d82-1fca-4b91-8c6b-333a662a5a21,CHILDREN OF HEAVEN,cinepolis,,0ae5ff7b-e255-45b6-a488-c0feb89dc653,DRAMA,1h 37m,SU,2D,2026-05-26,d63432c0-c856-42ba-a8c6-a2e9bea07adf,2026-05-26T16:30:36.223365
0cfe6d82-1fca-4b91-8c6b-333a662a5a21,TUMBAL PROYEK,cinepolis,,0b14c075-63cc-4a3b-b0a7-a3578ae1590b,HORROR,1h 46m,D17+,2D,2026-05-26,91a68a8a-7ac0-4696-9b90-e1b089710171,2026-05-26T16:30:36.224598
0cfe6d82-1fca-4b91-8c6b-333a662a5a21,SEMUA AKAN BAIK-BAIK SAJA,cinepolis,,cae94e25-4386-417b-8bdf-0dea2d0b0c71,DRAMA,1h 53m,13+,2D,2026-05-26,0204a90e-ae94-4dba-b891-563fef5f68f9,2026-05-26T16:30:36.225749
0cfe6d82-1fca-4b91-8c6b-333a662a5a21,GUDANG MERICA,cinepolis,,0e87a4c9-10fb-496b-b0a4-4d60d71c222d,COMEDY,1h 38m,D17+,2D,2026-05-26,8ff8e26e-3571-4844-b722-ea6111accd02,2026-05-26T16:30:36.227742
f605727e-e146-41c5-b204-d774da29de98,SEKAWAN LIMO 2: GUNUNG KLAWIH,cinepolis,,7a5e33ac-ba36-4c3f-bd38-0f7f00a79a1d,COMEDY,2h 2m,13+,2D,2026-05-26,f4c746b5-89bf-48f9-9262-ebe1140edf88,2026-05-26T16:30:41.509341
f605727e-e146-41c5-b204-d774da29de98,CHILDREN OF HEAVEN,cinepolis,,0ae5ff7b-e255-45b6-a488-c0feb89dc653,DRAMA,1h 37m,SU,2D,2026-05-26,219e74d5-2088-4483-a089-bb71d70872b7,2026-05-26T16:30:41.510708
f605727e-e146-41c5-b204-d774da29de98,PASSENGER,cinepolis,,f99ed192-5c3c-4e8c-b507-05e2d244ecfd,HORROR,1h 34m,D17+,2D,2026-05-26,501a137d-f245-495e-bbd5-b6e5016b8d91,2026-05-26T16:30:41.512235
f605727e-e146-41c5-b204-d774da29de98,BADUT GENDONG,cinepolis,,3c747edf-0b24-47d3-a687-cce565db1452,HORROR,1h 41m,D17+,2D,2026-05-26,403bb4b9-a23f-434e-9cc5-2dc6af725cc6,2026-05-26T16:30:41.513574
f605727e-e146-41c5-b204-d774da29de98,TUMBAL PROYEK,cinepolis,,0b14c075-63cc-4a3b-b0a7-a3578ae1590b,HORROR,1h 46m,D17+,2D,2026-05-26,d68f8c1c-91ee-4ee8-87d9-f6e6c1e00719,2026-05-26T16:30:41.515724
7301407c-9551-4c01-b35a-c00824f050fe,SEKAWAN LIMO 2: GUNUNG KLAWIH,cinepolis,,7a5e33ac-ba36-4c3f-bd38-0f7f00a79a1d,COMEDY,2h 2m,13+,2D,2026-05-26,aa412728-4b5c-4b38-9a18-4d1091585dde,2026-05-26T16:30:46.769258
7301407c-9551-4c01-b35a-c00824f050fe,CHILDREN OF HEAVEN,cinepolis,,0ae5ff7b-e255-45b6-a488-c0feb89dc653,DRAMA,1h 37m,SU,2D,2026-05-26,9f2e103c-d076-4e73-8e21-52d3be65cf5c,2026-05-26T16:30:46.770541
7301407c-9551-4c01-b35a-c00824f050fe,PASSENGER,cinepolis,,f99ed192-5c3c-4e8c-b507-05e2d244ecfd,HORROR,1h 34m,D17+,2D,2026-05-26,bd4e2beb-d81d-4c73-8784-999c13e32c45,2026-05-26T16:30:46.772090
7301407c-9551-4c01-b35a-c00824f050fe,BADUT GENDONG,cinepolis,,3c747edf-0b24-47d3-a687-cce565db1452,HORROR,1h 41m,D17+,2D,2026-05-26,09f0583c-ccc7-4423-9cad-8d53f294e494,2026-05-26T16:30:46.772915
7301407c-9551-4c01-b35a-c00824f050fe,TUMBAL PROYEK,cinepolis,,0b14c075-63cc-4a3b-b0a7-a3578ae1590b,HORROR,1h 46m,D17+,2D,2026-05-26,111c6f64-a2b1-4cb7-ac10-791a2cbeb0a4,2026-05-26T16:30:46.773700
7301407c-9551-4c01-b35a-c00824f050fe,SEMUA AKAN BAIK-BAIK SAJA,cinepolis,,cae94e25-4386-417b-8bdf-0dea2d0b0c71,DRAMA,1h 53m,13+,2D,2026-05-26,d2e42777-eeb1-42e3-b16f-0d28db294c34,2026-05-26T16:30:46.774537
7301407c-9551-4c01-b35a-c00824f050fe,GUDANG MERICA,cinepolis,,0e87a4c9-10fb-496b-b0a4-4d60d71c222d,COMEDY,1h 38m,D17+,2D,2026-05-26,68911ee8-aa35-4288-98df-2713098d3ad9,2026-05-26T16:30:46.775313
7301407c-9551-4c01-b35a-c00824f050fe,STAR WARS: THE MANDALORIAN AND GROGU,cinepolis,,488b0e44-9328-4660-827f-bf3341602b6d,FANTASY,2h 12m,13+,2D,2026-05-26,9f6feeb5-ff2a-41f8-9210-578e7a28e2a1,2026-05-26T16:30:46.775993
7301407c-9551-4c01-b35a-c00824f050fe,SUAMIKU LUKAKU,cinepolis,,f3e0cc94-be0d-4b52-8559-e87edeb75793,DRAMA,1h 32m,D17+,2D,2026-05-26,df103eed-2356-4040-9ca4-1bdd0171af7d,2026-05-26T16:30:47.919571
7301407c-9551-4c01-b35a-c00824f050fe,GHOST IN THE CELL,cinepolis,,1859bb5f-f638-4a41-854c-a114f6f8a608,HORROR,1h 46m,D17+,2D,2026-05-26,45cb9766-b07c-483d-a6c0-58128c68ee0a,2026-05-26T16:30:47.920518
3031f12b-f5c1-4674-9663-911de8e71bd1,SEKAWAN LIMO 2: GUNUNG KLAWIH,cinepolis,,7a5e33ac-ba36-4c3f-bd38-0f7f00a79a1d,COMEDY,2h 2m,13+,2D,2026-05-26,0efbaa53-86a5-4878-abbb-d909f8abe74f,2026-05-26T16:30:52.941804
3031f12b-f5c1-4674-9663-911de8e71bd1,CHILDREN OF HEAVEN,cinepolis,,0ae5ff7b-e255-45b6-a488-c0feb89dc653,DRAMA,1h 37m,SU,2D,2026-05-26,c77cf4a8-218a-4afb-8e05-cd7f9e4d1ec0,2026-05-26T16:30:52.943711
3031f12b-f5c1-4674-9663-911de8e71bd1,TUMBAL PROYEK,cinepolis,,0b14c075-63cc-4a3b-b0a7-a3578ae1590b,HORROR,1h 46m,D17+,2D,2026-05-26,49ee38d1-db3c-40bf-9adb-c16c20085fec,2026-05-26T16:30:52.945646
3031f12b-f5c1-4674-9663-911de8e71bd1,SEMUA AKAN BAIK-BAIK SAJA,cinepolis,,cae94e25-4386-417b-8bdf-0dea2d0b0c71,DRAMA,1h 53m,13+,2D,2026-05-26,6e83a7f2-eb89-4a96-b36c-4cf9dd57d5e2,2026-05-26T16:30:52.946836
3031f12b-f5c1-4674-9663-911de8e71bd1,SUAMIKU LUKAKU,cinepolis,,f3e0cc94-be0d-4b52-8559-e87edeb75793,DRAMA,1h 32m,D17+,2D,2026-05-26,4dad8e29-cc55-4c0c-ba2b-136ec7cdf686,2026-05-26T16:30:52.949130
17e9fcff-67b4-4daf-833f-0e6442f505f4,SEKAWAN LIMO 2: GUNUNG KLAWIH,cinepolis,,7a5e33ac-ba36-4c3f-bd38-0f7f00a79a1d,COMEDY,2h 2m,13+,2D,2026-05-26,b5976e56-d567-4827-8646-a094295c163d,2026-05-26T16:30:59.030642
17e9fcff-67b4-4daf-833f-0e6442f505f4,CHILDREN OF HEAVEN,cinepolis,,0ae5ff7b-e255-45b6-a488-c0feb89dc653,DRAMA,1h 37m,SU,2D,2026-05-26,a6620572-26b6-4302-9637-2f3fe5e5009b,2026-05-26T16:30:59.033835
17e9fcff-67b4-4daf-833f-0e6442f505f4,PASSENGER,cinepolis,,f99ed192-5c3c-4e8c-b507-05e2d244ecfd,HORROR,1h 34m,D17+,2D,2026-05-26,fc567f4d-731d-40e7-a962-2710c5e74d3c,2026-05-26T16:30:59.035870
17e9fcff-67b4-4daf-833f-0e6442f505f4,TUMBAL PROYEK,cinepolis,,0b14c075-63cc-4a3b-b0a7-a3578ae1590b,HORROR,1h 46m,D17+,2D,2026-05-26,8547d393-f12c-4e1c-8d53-dda738846b94,2026-05-26T16:30:59.036883
17e9fcff-67b4-4daf-833f-0e6442f505f4,SEMUA AKAN BAIK-BAIK SAJA,cinepolis,,cae94e25-4386-417b-8bdf-0dea2d0b0c71,DRAMA,1h 53m,13+,2D,2026-05-26,94ed5ba8-474d-4617-97fb-67469dfda35f,2026-05-26T16:30:59.038237
17e9fcff-67b4-4daf-833f-0e6442f505f4,GUDANG MERICA,cinepolis,,0e87a4c9-10fb-496b-b0a4-4d60d71c222d,COMEDY,1h 38m,D17+,2D,2026-05-26,920b3659-cce1-48bb-9e57-207cc28096ff,2026-05-26T16:30:59.039272
17e9fcff-67b4-4daf-833f-0e6442f505f4,STAR WARS: THE MANDALORIAN AND GROGU,cinepolis,,488b0e44-9328-4660-827f-bf3341602b6d,FANTASY,2h 12m,13+,2D,2026-05-26,247cea82-dfd0-4a10-9b93-8ec651664a1b,2026-05-26T16:30:59.041234
17e9fcff-67b4-4daf-833f-0e6442f505f4,HOKUM,cinepolis,,6eb5558d-edd2-45f7-a295-6a10c7c57aaf,HORROR,1h 47m,13+,2D,2026-05-26,0593d6dd-cf6f-4ea0-81b6-cee275e35951,2026-05-26T16:31:00.113334
7f2fde84-4a80-4abf-8e8c-4ecc36ad5a64,SEKAWAN LIMO 2: GUNUNG KLAWIH,cinepolis,,7a5e33ac-ba36-4c3f-bd38-0f7f00a79a1d,COMEDY,2h 2m,13+,2D,2026-05-26,07673dff-77bc-4cf4-8ddd-792bf9a93359,2026-05-26T16:31:05.131047
7f2fde84-4a80-4abf-8e8c-4ecc36ad5a64,CHILDREN OF HEAVEN,cinepolis,,0ae5ff7b-e255-45b6-a488-c0feb89dc653,DRAMA,1h 37m,SU,2D,2026-05-26,645c078c-2755-4d17-aa5b-633ad87a60ff,2026-05-26T16:31:05.131966
7f2fde84-4a80-4abf-8e8c-4ecc36ad5a64,PASSENGER,cinepolis,,f99ed192-5c3c-4e8c-b507-05e2d244ecfd,HORROR,1h 34m,D17+,2D,2026-05-26,24b1f236-8d26-4c64-b09d-bbcd2ef4d4eb,2026-05-26T16:31:05.132706
7f2fde84-4a80-4abf-8e8c-4ecc36ad5a64,TUMBAL PROYEK,cinepolis,,0b14c075-63cc-4a3b-b0a7-a3578ae1590b,HORROR,1h 46m,D17+,2D,2026-05-26,ebda26d4-b25c-471b-8348-1b5ece046c05,2026-05-26T16:31:05.134162
7f2fde84-4a80-4abf-8e8c-4ecc36ad5a64,SEMUA AKAN BAIK-BAIK SAJA,cinepolis,,cae94e25-4386-417b-8bdf-0dea2d0b0c71,DRAMA,1h 53m,13+,2D,2026-05-26,fc515d7a-372a-4e5e-99d3-76e3516efce5,2026-05-26T16:31:05.135064
7f2fde84-4a80-4abf-8e8c-4ecc36ad5a64,GUDANG MERICA,cinepolis,,0e87a4c9-10fb-496b-b0a4-4d60d71c222d,COMEDY,1h 38m,D17+,2D,2026-05-26,1d518330-b366-4d45-89dc-0857901362f2,2026-05-26T16:31:05.136129
7f2fde84-4a80-4abf-8e8c-4ecc36ad5a64,STAR WARS: THE MANDALORIAN AND GROGU,cinepolis,,488b0e44-9328-4660-827f-bf3341602b6d,FANTASY,2h 12m,13+,2D,2026-05-26,ced28875-502d-434e-828a-19d1a159ea39,2026-05-26T16:31:05.137066
bfdc89d4-c52c-4582-996b-a282004ea1b7,SEKAWAN LIMO 2: GUNUNG KLAWIH,cinepolis,,7a5e33ac-ba36-4c3f-bd38-0f7f00a79a1d,COMEDY,2h 2m,13+,2D,2026-05-26,6f038c3f-bc0b-4389-98fd-cd72324ea682,2026-05-26T16:31:11.265524
bfdc89d4-c52c-4582-996b-a282004ea1b7,CHILDREN OF HEAVEN,cinepolis,,0ae5ff7b-e255-45b6-a488-c0feb89dc653,DRAMA,1h 37m,SU,2D,2026-05-26,0f65c1b1-e744-4e39-9337-df835f1377a6,2026-05-26T16:31:11.267095
bfdc89d4-c52c-4582-996b-a282004ea1b7,PASSENGER,cinepolis,,f99ed192-5c3c-4e8c-b507-05e2d244ecfd,HORROR,1h 34m,D17+,2D,2026-05-26,cae5a714-bd7d-46f3-92c7-6fda1915eb20,2026-05-26T16:31:11.268511
bfdc89d4-c52c-4582-996b-a282004ea1b7,BADUT GENDONG,cinepolis,,3c747edf-0b24-47d3-a687-cce565db1452,HORROR,1h 41m,D17+,2D,2026-05-26,f7d9ba04-d2fe-40f7-8cd1-fd84ec2323fd,2026-05-26T16:31:11.269761
bfdc89d4-c52c-4582-996b-a282004ea1b7,TUMBAL PROYEK,cinepolis,,0b14c075-63cc-4a3b-b0a7-a3578ae1590b,HORROR,1h 46m,D17+,2D,2026-05-26,b98beade-a6c9-416d-b995-71332a7423eb,2026-05-26T16:31:11.270782
bfdc89d4-c52c-4582-996b-a282004ea1b7,SEMUA AKAN BAIK-BAIK SAJA,cinepolis,,cae94e25-4386-417b-8bdf-0dea2d0b0c71,DRAMA,1h 53m,13+,2D,2026-05-26,6e376f29-c526-4a7a-ab69-5e933cfbbb15,2026-05-26T16:31:11.274750
ef1727a8-595a-494b-b7bc-59e108c2b307,SEKAWAN LIMO 2: GUNUNG KLAWIH,cinepolis,,7a5e33ac-ba36-4c3f-bd38-0f7f00a79a1d,COMEDY,2h 2m,13+,2D,2026-05-26,465e4605-594f-4632-a7ee-49695272717e,2026-05-26T16:31:17.544234
ef1727a8-595a-494b-b7bc-59e108c2b307,CHILDREN OF HEAVEN,cinepolis,,0ae5ff7b-e255-45b6-a488-c0feb89dc653,DRAMA,1h 37m,SU,2D,2026-05-26,5e097c3a-5f2e-4723-adc6-a33d8a306827,2026-05-26T16:31:17.545429
ef1727a8-595a-494b-b7bc-59e108c2b307,PASSENGER,cinepolis,,f99ed192-5c3c-4e8c-b507-05e2d244ecfd,HORROR,1h 34m,D17+,2D,2026-05-26,cea62903-747f-4165-93d2-aca31475664a,2026-05-26T16:31:17.546477
ef1727a8-595a-494b-b7bc-59e108c2b307,TUMBAL PROYEK,cinepolis,,0b14c075-63cc-4a3b-b0a7-a3578ae1590b,HORROR,1h 46m,D17+,2D,2026-05-26,3db5b4ef-2d4e-45fd-a284-8b135d903e52,2026-05-26T16:31:17.547619
ef1727a8-595a-494b-b7bc-59e108c2b307,SEMUA AKAN BAIK-BAIK SAJA,cinepolis,,cae94e25-4386-417b-8bdf-0dea2d0b0c71,DRAMA,1h 53m,13+,2D,2026-05-26,244f3331-5618-4939-8fb6-59d18cc73058,2026-05-26T16:31:17.549181
ef1727a8-595a-494b-b7bc-59e108c2b307,GUDANG MERICA,cinepolis,,0e87a4c9-10fb-496b-b0a4-4d60d71c222d,COMEDY,1h 38m,D17+,2D,2026-05-26,b468ca6c-c794-4023-94f4-821c0b76b73e,2026-05-26T16:31:17.550577
ef1727a8-595a-494b-b7bc-59e108c2b307,STAR WARS: THE MANDALORIAN AND GROGU,cinepolis,,488b0e44-9328-4660-827f-bf3341602b6d,FANTASY,2h 12m,13+,2D,2026-05-26,72c71306-0669-43bd-8f53-6dff06ba3f17,2026-05-26T16:31:17.551481
ef1727a8-595a-494b-b7bc-59e108c2b307,"AYAH, INI ARAHNYA KEMANA, YA?",cinepolis,,47fccbc0-f843-4918-ad66-28fcef4aa048,DRAMA,1h 43m,13+,2D,2026-05-26,5d93f803-cbb7-4834-8861-4c4af2dc166e,2026-05-26T16:31:18.618813
ef1727a8-595a-494b-b7bc-59e108c2b307,THE KING`S WARDEN,cinepolis,,65881b59-8a2d-43fe-b61c-5d8b58e2b312,DRAMA,1h 57m,13+,2D,2026-05-26,d4cc1023-c466-4d77-a0f8-99f239aed57c,2026-05-26T16:31:19.858600
4d7ceebb-8076-4e48-af40-029ee0a63669,SEKAWAN LIMO 2: GUNUNG KLAWIH,cinepolis,,7a5e33ac-ba36-4c3f-bd38-0f7f00a79a1d,COMEDY,2h 2m,13+,2D,2026-05-26,09a046a5-65bd-49da-bb48-78c17281ce81,2026-05-26T16:31:22.800047
4d7ceebb-8076-4e48-af40-029ee0a63669,CHILDREN OF HEAVEN,cinepolis,,0ae5ff7b-e255-45b6-a488-c0feb89dc653,DRAMA,1h 37m,SU,2D,2026-05-26,b75b9877-412d-4f38-a71c-2e61de2b1966,2026-05-26T16:31:22.801318
4d7ceebb-8076-4e48-af40-029ee0a63669,BADUT GENDONG,cinepolis,,3c747edf-0b24-47d3-a687-cce565db1452,HORROR,1h 41m,D17+,2D,2026-05-26,f63b5eea-e3c6-4d8b-8e56-945694b955f2,2026-05-26T16:31:22.802563
4d7ceebb-8076-4e48-af40-029ee0a63669,TUMBAL PROYEK,cinepolis,,0b14c075-63cc-4a3b-b0a7-a3578ae1590b,HORROR,1h 46m,D17+,2D,2026-05-26,a4283b41-4f53-49ca-9fd9-e17a245d3d65,2026-05-26T16:31:22.803915
4d7ceebb-8076-4e48-af40-029ee0a63669,GUDANG MERICA,cinepolis,,0e87a4c9-10fb-496b-b0a4-4d60d71c222d,COMEDY,1h 38m,D17+,2D,2026-05-26,ed8b48b2-f19a-4322-9842-ce67f777a576,2026-05-26T16:31:22.805119
54739495-df5d-4c40-ab2f-8362a2abb4e5,SEKAWAN LIMO 2: GUNUNG KLAWIH,cinepolis,,7a5e33ac-ba36-4c3f-bd38-0f7f00a79a1d,COMEDY,2h 2m,13+,2D,2026-05-26,ab871e42-0f65-4889-80c7-caa072d8c61a,2026-05-26T16:31:28.033830
54739495-df5d-4c40-ab2f-8362a2abb4e5,CHILDREN OF HEAVEN,cinepolis,,0ae5ff7b-e255-45b6-a488-c0feb89dc653,DRAMA,1h 37m,SU,2D,2026-05-26,fa82e642-5ca9-46b4-9873-963c8740c7b8,2026-05-26T16:31:28.035130
54739495-df5d-4c40-ab2f-8362a2abb4e5,TUMBAL PROYEK,cinepolis,,0b14c075-63cc-4a3b-b0a7-a3578ae1590b,HORROR,1h 46m,D17+,2D,2026-05-26,91737259-b882-4a34-936f-aafc716d44ac,2026-05-26T16:31:28.036182
54739495-df5d-4c40-ab2f-8362a2abb4e5,SEMUA AKAN BAIK-BAIK SAJA,cinepolis,,cae94e25-4386-417b-8bdf-0dea2d0b0c71,DRAMA,1h 53m,13+,2D,2026-05-26,7b818f6f-2764-450f-8668-f301fdccfe9e,2026-05-26T16:31:28.037194
ae20678e-5968-4796-a514-a5b28692e377,SEKAWAN LIMO 2: GUNUNG KLAWIH,cinepolis,,7a5e33ac-ba36-4c3f-bd38-0f7f00a79a1d,COMEDY,2h 2m,13+,2D,2026-05-26,3816b514-5e80-49c3-b125-ced1ae639020,2026-05-26T16:31:33.292952
ae20678e-5968-4796-a514-a5b28692e377,CHILDREN OF HEAVEN,cinepolis,,0ae5ff7b-e255-45b6-a488-c0feb89dc653,DRAMA,1h 37m,SU,2D,2026-05-26,aa8b9bb8-f624-4d1b-948a-5eedeec0c347,2026-05-26T16:31:33.294095
ae20678e-5968-4796-a514-a5b28692e377,PASSENGER,cinepolis,,f99ed192-5c3c-4e8c-b507-05e2d244ecfd,HORROR,1h 34m,D17+,2D,2026-05-26,8b61fca2-be65-49e8-99cf-2914013ea17a,2026-05-26T16:31:33.295787
ae20678e-5968-4796-a514-a5b28692e377,BADUT GENDONG,cinepolis,,3c747edf-0b24-47d3-a687-cce565db1452,HORROR,1h 41m,D17+,2D,2026-05-26,33a4cefd-f556-49d6-a5e3-f8fa9b40a192,2026-05-26T16:31:33.296947
ae20678e-5968-4796-a514-a5b28692e377,TUMBAL PROYEK,cinepolis,,0b14c075-63cc-4a3b-b0a7-a3578ae1590b,HORROR,1h 46m,D17+,2D,2026-05-26,7ce6b672-bfb0-482d-8e91-bdec2534c2fb,2026-05-26T16:31:33.298159
ae20678e-5968-4796-a514-a5b28692e377,STAR WARS: THE MANDALORIAN AND GROGU,cinepolis,,488b0e44-9328-4660-827f-bf3341602b6d,FANTASY,2h 12m,13+,2D,2026-05-26,5a7f3369-0df6-4e2d-b7a6-7625f8ebb1bb,2026-05-26T16:31:33.299637
ae20678e-5968-4796-a514-a5b28692e377,HOKUM,cinepolis,,6eb5558d-edd2-45f7-a295-6a10c7c57aaf,HORROR,1h 47m,13+,2D,2026-05-26,2cda9dcb-6eac-4403-bb15-6955bb50cc62,2026-05-26T16:31:33.301068
ae20678e-5968-4796-a514-a5b28692e377,GOHAN,cinepolis,,15718ddd-e8db-449b-9313-73b98733d485,DRAMA,2h 20m,SU,2D,2026-05-26,aa7dd3bd-5fb1-4f3c-975b-4f603e9115d0,2026-05-26T16:31:34.476136
ae20678e-5968-4796-a514-a5b28692e377,PEGASUS 3,cinepolis,,8f125633-ac6b-459d-afbc-d1a0e529da32,ACTION,2h 6m,13+,2D,2026-05-26,5e9c5773-ca19-4a26-9762-61c037e172d6,2026-05-26T16:31:34.883825
f87e3da2-eb94-48e2-ab48-b203246bd472,SEKAWAN LIMO 2: GUNUNG KLAWIH,cinepolis,,7a5e33ac-ba36-4c3f-bd38-0f7f00a79a1d,COMEDY,2h 2m,13+,2D,2026-05-26,97f5103b-3b64-4ba7-a5fb-7049e2c8070b,2026-05-26T16:31:39.422280
f87e3da2-eb94-48e2-ab48-b203246bd472,CHILDREN OF HEAVEN,cinepolis,,0ae5ff7b-e255-45b6-a488-c0feb89dc653,DRAMA,1h 37m,SU,2D,2026-05-26,5090be11-0543-4cba-9694-15fb0e56e112,2026-05-26T16:31:39.423073
f87e3da2-eb94-48e2-ab48-b203246bd472,PASSENGER,cinepolis,,f99ed192-5c3c-4e8c-b507-05e2d244ecfd,HORROR,1h 34m,D17+,2D,2026-05-26,ae618bb6-9ba5-4bc7-80f9-9658ca3cc116,2026-05-26T16:31:39.423819
f87e3da2-eb94-48e2-ab48-b203246bd472,STAR WARS: THE MANDALORIAN AND GROGU,cinepolis,,488b0e44-9328-4660-827f-bf3341602b6d,FANTASY,2h 12m,13+,2D,2026-05-26,eb4cc7d8-ef3f-4d02-9121-c72e142c1658,2026-05-26T16:31:39.424503
f87e3da2-eb94-48e2-ab48-b203246bd472,GHOST IN THE CELL,cinepolis,,1859bb5f-f638-4a41-854c-a114f6f8a608,HORROR,1h 46m,D17+,2D,2026-05-26,4904d68b-b6fd-416b-8652-9ba10d27d28a,2026-05-26T16:31:39.425136
f87e3da2-eb94-48e2-ab48-b203246bd472,HOKUM,cinepolis,,6eb5558d-edd2-45f7-a295-6a10c7c57aaf,HORROR,1h 47m,13+,2D,2026-05-26,c930f7dd-66d9-44ef-af14-ffdebcb13a71,2026-05-26T16:31:39.425770
f87e3da2-eb94-48e2-ab48-b203246bd472,GOHAN,cinepolis,,15718ddd-e8db-449b-9313-73b98733d485,DRAMA,2h 20m,SU,2D,2026-05-26,9a7dddd7-60e0-41ce-8c06-02072fa26d7f,2026-05-26T16:31:39.426402
97bd2c75-4ddc-4ab7-8e8a-832e27eae582,SEKAWAN LIMO 2: GUNUNG KLAWIH,cinepolis,,7a5e33ac-ba36-4c3f-bd38-0f7f00a79a1d,COMEDY,2h 2m,13+,2D,2026-05-26,fc7ccb01-9b1f-4df2-b996-70f06723baa0,2026-05-26T16:31:44.667667
97bd2c75-4ddc-4ab7-8e8a-832e27eae582,CHILDREN OF HEAVEN,cinepolis,,0ae5ff7b-e255-45b6-a488-c0feb89dc653,DRAMA,1h 37m,SU,2D,2026-05-26,5c3fc8e4-be6c-4fe0-aab7-92dcc73f184a,2026-05-26T16:31:44.669314
97bd2c75-4ddc-4ab7-8e8a-832e27eae582,TUMBAL PROYEK,cinepolis,,0b14c075-63cc-4a3b-b0a7-a3578ae1590b,HORROR,1h 46m,D17+,2D,2026-05-26,262c36d4-dba4-4ab6-b790-ec9aba45ad52,2026-05-26T16:31:44.670538
97bd2c75-4ddc-4ab7-8e8a-832e27eae582,SUAMIKU LUKAKU,cinepolis,,f3e0cc94-be0d-4b52-8559-e87edeb75793,DRAMA,1h 32m,D17+,2D,2026-05-26,e2968d89-92c0-4786-920e-84d88a3567b3,2026-05-26T16:31:44.671704
91c0c972-2fdd-405c-b6b7-e2756183b813,SEKAWAN LIMO 2: GUNUNG KLAWIH,cinepolis,,7a5e33ac-ba36-4c3f-bd38-0f7f00a79a1d,COMEDY,2h 2m,13+,2D,2026-05-26,be24312d-e6c3-4b22-a1ec-d7a95e1b3116,2026-05-26T16:31:49.946199
91c0c972-2fdd-405c-b6b7-e2756183b813,CHILDREN OF HEAVEN,cinepolis,,0ae5ff7b-e255-45b6-a488-c0feb89dc653,DRAMA,1h 37m,SU,2D,2026-05-26,2077acb1-ecf5-4e0a-a65f-42b92046c172,2026-05-26T16:31:49.947523
91c0c972-2fdd-405c-b6b7-e2756183b813,BADUT GENDONG,cinepolis,,3c747edf-0b24-47d3-a687-cce565db1452,HORROR,1h 41m,D17+,2D,2026-05-26,1c43d3b1-a8f8-44d9-b3c5-5d93cef13be5,2026-05-26T16:31:49.948767
91c0c972-2fdd-405c-b6b7-e2756183b813,TUMBAL PROYEK,cinepolis,,0b14c075-63cc-4a3b-b0a7-a3578ae1590b,HORROR,1h 46m,D17+,2D,2026-05-26,841c64c2-0a35-44fc-a9fe-14a98894f164,2026-05-26T16:31:49.950143
91c0c972-2fdd-405c-b6b7-e2756183b813,SEMUA AKAN BAIK-BAIK SAJA,cinepolis,,cae94e25-4386-417b-8bdf-0dea2d0b0c71,DRAMA,1h 53m,13+,2D,2026-05-26,ba063c46-8b7e-4a17-9724-67ee4adaebc8,2026-05-26T16:31:49.951318
60657efd-96d0-458d-b7f7-93d71137a7ee,SEKAWAN LIMO 2: GUNUNG KLAWIH,cinepolis,,7a5e33ac-ba36-4c3f-bd38-0f7f00a79a1d,COMEDY,2h 2m,13+,2D,2026-05-26,801ee28a-2e8a-4291-96ea-403a47e99d64,2026-05-26T16:31:55.187580
60657efd-96d0-458d-b7f7-93d71137a7ee,CHILDREN OF HEAVEN,cinepolis,,0ae5ff7b-e255-45b6-a488-c0feb89dc653,DRAMA,1h 37m,SU,2D,2026-05-26,093ef5e5-b29e-4a08-a765-2f1d2bb0b1fe,2026-05-26T16:31:55.188769
60657efd-96d0-458d-b7f7-93d71137a7ee,PASSENGER,cinepolis,,f99ed192-5c3c-4e8c-b507-05e2d244ecfd,HORROR,1h 34m,D17+,2D,2026-05-26,c3315382-8793-4da4-a7b8-34a3db99fa3b,2026-05-26T16:31:55.190581
60657efd-96d0-458d-b7f7-93d71137a7ee,TUMBAL PROYEK,cinepolis,,0b14c075-63cc-4a3b-b0a7-a3578ae1590b,HORROR,1h 46m,D17+,2D,2026-05-26,c1b011bd-abe6-46f5-ae25-642bd8beb732,2026-05-26T16:31:55.191334
60657efd-96d0-458d-b7f7-93d71137a7ee,SEMUA AKAN BAIK-BAIK SAJA,cinepolis,,cae94e25-4386-417b-8bdf-0dea2d0b0c71,DRAMA,1h 53m,13+,2D,2026-05-26,aaacc5eb-7c3d-4c70-a87c-1240d6e9de05,2026-05-26T16:31:55.191960
60657efd-96d0-458d-b7f7-93d71137a7ee,GUDANG MERICA,cinepolis,,0e87a4c9-10fb-496b-b0a4-4d60d71c222d,COMEDY,1h 38m,D17+,2D,2026-05-26,673e045b-d0a6-4d43-99b0-7de518254a01,2026-05-26T16:31:55.192567
60657efd-96d0-458d-b7f7-93d71137a7ee,STAR WARS: THE MANDALORIAN AND GROGU,cinepolis,,488b0e44-9328-4660-827f-bf3341602b6d,FANTASY,2h 12m,13+,2D,2026-05-26,dc5df814-d764-420c-a3e8-db36fb766686,2026-05-26T16:31:55.193184
60657efd-96d0-458d-b7f7-93d71137a7ee,GOHAN,cinepolis,,15718ddd-e8db-449b-9313-73b98733d485,DRAMA,2h 20m,SU,2D,2026-05-26,559f5206-9df0-4f9b-9ed4-4de836ea9db7,2026-05-26T16:31:55.194041
60657efd-96d0-458d-b7f7-93d71137a7ee,MORTAL KOMBAT II,cinepolis,,420e1f44-2534-4ed9-9d6f-84cf6406d5a8,ACTION,1h 56m,D17+,2D,2026-05-26,bb594184-1df2-41ed-bce8-3fddc2186ab6,2026-05-26T16:31:55.878175
60657efd-96d0-458d-b7f7-93d71137a7ee,THE DEVIL WEARS PRADA 2,cinepolis,,97d5d4ac-9e2f-476f-a0ee-729bdefb04b1,COMEDY,1h 59m,13+,2D,2026-05-26,6c5884d4-465c-4057-9a6d-f826fb7239f8,2026-05-26T16:31:57.437735
882b6264-3723-405b-9b22-b96f8fa949da,SEKAWAN LIMO 2: GUNUNG KLAWIH,cinepolis,,7a5e33ac-ba36-4c3f-bd38-0f7f00a79a1d,COMEDY,2h 2m,13+,2D,2026-05-26,380c6ecb-0247-46bd-98b4-53a22465106b,2026-05-26T16:32:01.293079
882b6264-3723-405b-9b22-b96f8fa949da,CHILDREN OF HEAVEN,cinepolis,,0ae5ff7b-e255-45b6-a488-c0feb89dc653,DRAMA,1h 37m,SU,2D,2026-05-26,d627470f-5833-41c7-895e-8a29a6bfd507,2026-05-26T16:32:01.294249
882b6264-3723-405b-9b22-b96f8fa949da,PASSENGER,cinepolis,,f99ed192-5c3c-4e8c-b507-05e2d244ecfd,HORROR,1h 34m,D17+,2D,2026-05-26,49931b7b-3b5e-4154-b318-b7596dfaeb4f,2026-05-26T16:32:01.295302
882b6264-3723-405b-9b22-b96f8fa949da,BADUT GENDONG,cinepolis,,3c747edf-0b24-47d3-a687-cce565db1452,HORROR,1h 41m,D17+,2D,2026-05-26,b9cf11fe-5ca0-4d66-901c-dcb624520e83,2026-05-26T16:32:01.296377
882b6264-3723-405b-9b22-b96f8fa949da,TUMBAL PROYEK,cinepolis,,0b14c075-63cc-4a3b-b0a7-a3578ae1590b,HORROR,1h 46m,D17+,2D,2026-05-26,223c496b-1979-42c0-9cbe-b19c72e8c1ed,2026-05-26T16:32:01.297340
882b6264-3723-405b-9b22-b96f8fa949da,SEMUA AKAN BAIK-BAIK SAJA,cinepolis,,cae94e25-4386-417b-8bdf-0dea2d0b0c71,DRAMA,1h 53m,13+,2D,2026-05-26,93d05fbe-146b-41b6-9398-0f1197d25f47,2026-05-26T16:32:01.298525
882b6264-3723-405b-9b22-b96f8fa949da,GUDANG MERICA,cinepolis,,0e87a4c9-10fb-496b-b0a4-4d60d71c222d,COMEDY,1h 38m,D17+,2D,2026-05-26,b13b2350-233b-4d24-a3c6-f5c2879b9ac3,2026-05-26T16:32:01.299410
7f8c53a9-9238-43a0-af60-b43de85647dc,SEKAWAN LIMO 2: GUNUNG KLAWIH,cinepolis,,7a5e33ac-ba36-4c3f-bd38-0f7f00a79a1d,COMEDY,2h 2m,13+,2D,2026-05-26,0ff4923f-554d-4a37-af5a-c3b518fa42af,2026-05-26T16:32:06.534222
7f8c53a9-9238-43a0-af60-b43de85647dc,CHILDREN OF HEAVEN,cinepolis,,0ae5ff7b-e255-45b6-a488-c0feb89dc653,DRAMA,1h 37m,SU,2D,2026-05-26,2182c6e9-2e9a-4a2d-a40f-8abaa0568709,2026-05-26T16:32:06.535418
7f8c53a9-9238-43a0-af60-b43de85647dc,PASSENGER,cinepolis,,f99ed192-5c3c-4e8c-b507-05e2d244ecfd,HORROR,1h 34m,D17+,2D,2026-05-26,37ba6e01-f90b-4e96-ae3f-22148f55a663,2026-05-26T16:32:06.536587
7f8c53a9-9238-43a0-af60-b43de85647dc,BADUT GENDONG,cinepolis,,3c747edf-0b24-47d3-a687-cce565db1452,HORROR,1h 41m,D17+,2D,2026-05-26,1c119b48-1290-4818-b0e8-faa7cb0bf5ce,2026-05-26T16:32:06.537875
7f8c53a9-9238-43a0-af60-b43de85647dc,TUMBAL PROYEK,cinepolis,,0b14c075-63cc-4a3b-b0a7-a3578ae1590b,HORROR,1h 46m,D17+,2D,2026-05-26,bfff53d9-a647-4cbb-878f-d723fb602f3c,2026-05-26T16:32:06.538846
7f8c53a9-9238-43a0-af60-b43de85647dc,SEMUA AKAN BAIK-BAIK SAJA,cinepolis,,cae94e25-4386-417b-8bdf-0dea2d0b0c71,DRAMA,1h 53m,13+,2D,2026-05-26,11a92170-1911-4cfe-a6d2-e11582234628,2026-05-26T16:32:06.540241
7f8c53a9-9238-43a0-af60-b43de85647dc,GUDANG MERICA,cinepolis,,0e87a4c9-10fb-496b-b0a4-4d60d71c222d,COMEDY,1h 38m,D17+,2D,2026-05-26,ad11a405-5c94-460e-b0b2-6442959ee927,2026-05-26T16:32:06.541849
7f8c53a9-9238-43a0-af60-b43de85647dc,SUAMIKU LUKAKU,cinepolis,,f3e0cc94-be0d-4b52-8559-e87edeb75793,DRAMA,1h 32m,D17+,2D,2026-05-26,47c31804-d595-4797-879a-ed70eb39926f,2026-05-26T16:32:06.543510
42317bdc-9dcb-4684-8b18-c4ab051df75d,SEKAWAN LIMO 2: GUNUNG KLAWIH,cinepolis,,7a5e33ac-ba36-4c3f-bd38-0f7f00a79a1d,COMEDY,2h 2m,13+,2D,2026-05-26,d0c5e4e6-6f9e-4236-8b37-64e41138d9ea,2026-05-26T16:32:11.785832
42317bdc-9dcb-4684-8b18-c4ab051df75d,CHILDREN OF HEAVEN,cinepolis,,0ae5ff7b-e255-45b6-a488-c0feb89dc653,DRAMA,1h 37m,SU,2D,2026-05-26,b090312c-ccdc-47ac-8d06-8bf80ed0a02d,2026-05-26T16:32:11.787884
42317bdc-9dcb-4684-8b18-c4ab051df75d,PASSENGER,cinepolis,,f99ed192-5c3c-4e8c-b507-05e2d244ecfd,HORROR,1h 34m,D17+,2D,2026-05-26,7ee95890-f9a0-4cfe-9912-c5ac5aef3975,2026-05-26T16:32:11.790527
42317bdc-9dcb-4684-8b18-c4ab051df75d,BADUT GENDONG,cinepolis,,3c747edf-0b24-47d3-a687-cce565db1452,HORROR,1h 41m,D17+,2D,2026-05-26,3be650d1-ce9c-4b5f-8c94-0569f64a4722,2026-05-26T16:32:11.792024
42317bdc-9dcb-4684-8b18-c4ab051df75d,TUMBAL PROYEK,cinepolis,,0b14c075-63cc-4a3b-b0a7-a3578ae1590b,HORROR,1h 46m,D17+,2D,2026-05-26,e83eeded-181a-48c6-b5dc-6166615e4dd7,2026-05-26T16:32:11.793542
42317bdc-9dcb-4684-8b18-c4ab051df75d,GUDANG MERICA,cinepolis,,0e87a4c9-10fb-496b-b0a4-4d60d71c222d,COMEDY,1h 38m,D17+,2D,2026-05-26,9b6c28d9-ba87-45bf-9281-9cf7d0bcbb8c,2026-05-26T16:32:11.794979
08329fce-25b2-488d-8538-3da7340a744f,SEKAWAN LIMO 2: GUNUNG KLAWIH,cinepolis,,7a5e33ac-ba36-4c3f-bd38-0f7f00a79a1d,COMEDY,2h 2m,13+,2D,2026-05-26,c20fa5e8-ddd2-4666-bfba-da961d615c36,2026-05-26T16:32:17.057821
08329fce-25b2-488d-8538-3da7340a744f,CHILDREN OF HEAVEN,cinepolis,,0ae5ff7b-e255-45b6-a488-c0feb89dc653,DRAMA,1h 37m,SU,2D,2026-05-26,f84baa80-b696-4d9c-b0a4-a95f015551d6,2026-05-26T16:32:17.060224
08329fce-25b2-488d-8538-3da7340a744f,BADUT GENDONG,cinepolis,,3c747edf-0b24-47d3-a687-cce565db1452,HORROR,1h 41m,D17+,2D,2026-05-26,d7bde20e-3126-4d07-82ec-12414e03fb8a,2026-05-26T16:32:17.061711
08329fce-25b2-488d-8538-3da7340a744f,TUMBAL PROYEK,cinepolis,,0b14c075-63cc-4a3b-b0a7-a3578ae1590b,HORROR,1h 46m,D17+,2D,2026-05-26,031ed8cf-79ea-4393-8ca5-13201872e107,2026-05-26T16:32:17.062792
08329fce-25b2-488d-8538-3da7340a744f,SEMUA AKAN BAIK-BAIK SAJA,cinepolis,,cae94e25-4386-417b-8bdf-0dea2d0b0c71,DRAMA,1h 53m,13+,2D,2026-05-26,1d523d41-1e47-4b45-9f49-015a626ba528,2026-05-26T16:32:17.063827
08329fce-25b2-488d-8538-3da7340a744f,STAR WARS: THE MANDALORIAN AND GROGU,cinepolis,,488b0e44-9328-4660-827f-bf3341602b6d,FANTASY,2h 12m,13+,2D,2026-05-26,4d99d1ef-a1f8-43f1-bcab-1c65cd3729ee,2026-05-26T16:32:17.064833
08329fce-25b2-488d-8538-3da7340a744f,SUAMIKU LUKAKU,cinepolis,,f3e0cc94-be0d-4b52-8559-e87edeb75793,DRAMA,1h 32m,D17+,2D,2026-05-26,c304c27f-daf4-4416-afa2-804ef6c38078,2026-05-26T16:32:17.065948
08329fce-25b2-488d-8538-3da7340a744f,GHOST IN THE CELL,cinepolis,,1859bb5f-f638-4a41-854c-a114f6f8a608,HORROR,1h 46m,D17+,2D,2026-05-26,98533d0c-821f-4826-b465-b34caab5b601,2026-05-26T16:32:17.066966
edaa5bb8-92da-40c6-8763-3f10ecbff8c1,SEKAWAN LIMO 2: GUNUNG KLAWIH,cinepolis,,7a5e33ac-ba36-4c3f-bd38-0f7f00a79a1d,COMEDY,2h 2m,13+,2D,2026-05-26,2d01b178-d0af-4db7-96ef-7ce0b790369a,2026-05-26T16:32:23.182417
edaa5bb8-92da-40c6-8763-3f10ecbff8c1,CHILDREN OF HEAVEN,cinepolis,,0ae5ff7b-e255-45b6-a488-c0feb89dc653,DRAMA,1h 37m,SU,2D,2026-05-26,2364da8d-350f-4fbf-b4cb-933d9c7e82e8,2026-05-26T16:32:23.183731
edaa5bb8-92da-40c6-8763-3f10ecbff8c1,BADUT GENDONG,cinepolis,,3c747edf-0b24-47d3-a687-cce565db1452,HORROR,1h 41m,D17+,2D,2026-05-26,d113cbaf-d389-4760-9a4c-0c6f4623af32,2026-05-26T16:32:23.185154
edaa5bb8-92da-40c6-8763-3f10ecbff8c1,TUMBAL PROYEK,cinepolis,,0b14c075-63cc-4a3b-b0a7-a3578ae1590b,HORROR,1h 46m,D17+,2D,2026-05-26,2cc805da-f4f0-4a6a-ad27-c453e91ab3a3,2026-05-26T16:32:23.186410
edaa5bb8-92da-40c6-8763-3f10ecbff8c1,GUDANG MERICA,cinepolis,,0e87a4c9-10fb-496b-b0a4-4d60d71c222d,COMEDY,1h 38m,D17+,2D,2026-05-26,6eeb12a3-671a-45cf-9158-fcbe8eec56c6,2026-05-26T16:32:23.188311
c2632e94-2e94-439a-ad91-45952963b115,SEKAWAN LIMO 2: GUNUNG KLAWIH,cinepolis,,7a5e33ac-ba36-4c3f-bd38-0f7f00a79a1d,COMEDY,2h 2m,13+,2D,2026-05-26,76406d64-da65-4fff-b784-325939c0f4e9,2026-05-26T16:32:29.365097
c2632e94-2e94-439a-ad91-45952963b115,CHILDREN OF HEAVEN,cinepolis,,0ae5ff7b-e255-45b6-a488-c0feb89dc653,DRAMA,1h 37m,SU,2D,2026-05-26,d01aba33-7b2d-4dfe-8a39-a4f7f2344b61,2026-05-26T16:32:29.367232
c2632e94-2e94-439a-ad91-45952963b115,BADUT GENDONG,cinepolis,,3c747edf-0b24-47d3-a687-cce565db1452,HORROR,1h 41m,D17+,2D,2026-05-26,f9926fdf-a26a-480a-82cb-5208d12916e4,2026-05-26T16:32:29.368416
c2632e94-2e94-439a-ad91-45952963b115,TUMBAL PROYEK,cinepolis,,0b14c075-63cc-4a3b-b0a7-a3578ae1590b,HORROR,1h 46m,D17+,2D,2026-05-26,f71ad7e6-b85b-4122-8086-9403cb6be69f,2026-05-26T16:32:29.369451
c2632e94-2e94-439a-ad91-45952963b115,SEMUA AKAN BAIK-BAIK SAJA,cinepolis,,cae94e25-4386-417b-8bdf-0dea2d0b0c71,DRAMA,1h 53m,13+,2D,2026-05-26,cf940ba0-81ca-4801-b966-a8e37bbe5958,2026-05-26T16:32:29.370564
c2632e94-2e94-439a-ad91-45952963b115,STAR WARS: THE MANDALORIAN AND GROGU,cinepolis,,488b0e44-9328-4660-827f-bf3341602b6d,FANTASY,2h 12m,13+,2D,2026-05-26,aa382858-df0f-4450-ab3b-ea16726efe2c,2026-05-26T16:32:29.371609
c2632e94-2e94-439a-ad91-45952963b115,SUAMIKU LUKAKU,cinepolis,,f3e0cc94-be0d-4b52-8559-e87edeb75793,DRAMA,1h 32m,D17+,2D,2026-05-26,d780abde-f388-4862-9577-eebd3f276dd3,2026-05-26T16:32:29.372682
c2632e94-2e94-439a-ad91-45952963b115,YANG LAIN BOLEH HILANG ASAL KAU JANGAN,cinepolis,,ff59e4ab-92e1-4aa6-bfd8-ab6521930738,DRAMA,1h 53m,13+,2D,2026-05-26,fb82d702-310c-4295-b591-94b7fdb4786b,2026-05-26T16:32:29.373698
c653228d-897f-4166-833e-ea4178f4b29b,SEKAWAN LIMO 2: GUNUNG KLAWIH,cinepolis,,7a5e33ac-ba36-4c3f-bd38-0f7f00a79a1d,COMEDY,2h 2m,13+,2D,2026-05-26,48450b9d-181f-41dd-8407-93f175706aa6,2026-05-26T16:32:34.679876
c653228d-897f-4166-833e-ea4178f4b29b,CHILDREN OF HEAVEN,cinepolis,,0ae5ff7b-e255-45b6-a488-c0feb89dc653,DRAMA,1h 37m,SU,2D,2026-05-26,8db086e9-b7be-47aa-a95e-934c355c9d8e,2026-05-26T16:32:34.681170
c653228d-897f-4166-833e-ea4178f4b29b,BADUT GENDONG,cinepolis,,3c747edf-0b24-47d3-a687-cce565db1452,HORROR,1h 41m,D17+,2D,2026-05-26,65aa184a-f145-4a0c-8ba0-33d3da8776a5,2026-05-26T16:32:34.682689
c653228d-897f-4166-833e-ea4178f4b29b,TUMBAL PROYEK,cinepolis,,0b14c075-63cc-4a3b-b0a7-a3578ae1590b,HORROR,1h 46m,D17+,2D,2026-05-26,1c29e723-6551-43d9-9f80-29534798c68c,2026-05-26T16:32:34.683973
c653228d-897f-4166-833e-ea4178f4b29b,SEMUA AKAN BAIK-BAIK SAJA,cinepolis,,cae94e25-4386-417b-8bdf-0dea2d0b0c71,DRAMA,1h 53m,13+,2D,2026-05-26,38f4ca63-0f04-49a4-aa2a-83f6370defee,2026-05-26T16:32:34.685135
c653228d-897f-4166-833e-ea4178f4b29b,"AYAH, INI ARAHNYA KEMANA, YA?",cinepolis,,47fccbc0-f843-4918-ad66-28fcef4aa048,DRAMA,1h 43m,13+,2D,2026-05-26,cfa81622-d57c-473e-83df-dd17c39c4fbc,2026-05-26T16:32:34.687482
f74a8f57-1121-4d2b-8c3d-515e3ff8b3eb,SEKAWAN LIMO 2: GUNUNG KLAWIH,cinepolis,,7a5e33ac-ba36-4c3f-bd38-0f7f00a79a1d,COMEDY,2h 2m,13+,2D,2026-05-26,1985ccde-01e9-4793-9532-0fb0f3d9e4c8,2026-05-26T16:32:40.890794
f74a8f57-1121-4d2b-8c3d-515e3ff8b3eb,CHILDREN OF HEAVEN,cinepolis,,0ae5ff7b-e255-45b6-a488-c0feb89dc653,DRAMA,1h 37m,SU,2D,2026-05-26,aad57e21-7505-460f-bd67-fae023b53168,2026-05-26T16:32:40.891497
f74a8f57-1121-4d2b-8c3d-515e3ff8b3eb,PASSENGER,cinepolis,,f99ed192-5c3c-4e8c-b507-05e2d244ecfd,HORROR,1h 34m,D17+,2D,2026-05-26,0f3ee50a-f7f7-4ee6-a785-e5bdf180c3b0,2026-05-26T16:32:40.892365
f74a8f57-1121-4d2b-8c3d-515e3ff8b3eb,BADUT GENDONG,cinepolis,,3c747edf-0b24-47d3-a687-cce565db1452,HORROR,1h 41m,D17+,2D,2026-05-26,bd66ae9e-8b75-49e3-a5cf-4e5efb788010,2026-05-26T16:32:40.893067
f74a8f57-1121-4d2b-8c3d-515e3ff8b3eb,TUMBAL PROYEK,cinepolis,,0b14c075-63cc-4a3b-b0a7-a3578ae1590b,HORROR,1h 46m,D17+,2D,2026-05-26,3deb8265-9e67-4df3-8892-839a0e65155b,2026-05-26T16:32:40.893688
f74a8f57-1121-4d2b-8c3d-515e3ff8b3eb,SEMUA AKAN BAIK-BAIK SAJA,cinepolis,,cae94e25-4386-417b-8bdf-0dea2d0b0c71,DRAMA,1h 53m,13+,2D,2026-05-26,a6274b4b-6cbf-4c7a-94ac-8181e67fd493,2026-05-26T16:32:40.894368
f74a8f57-1121-4d2b-8c3d-515e3ff8b3eb,STAR WARS: THE MANDALORIAN AND GROGU,cinepolis,,488b0e44-9328-4660-827f-bf3341602b6d,FANTASY,2h 12m,13+,2D,2026-05-26,96508c43-c3ad-4c4b-9beb-9343be972829,2026-05-26T16:32:40.894964
f74a8f57-1121-4d2b-8c3d-515e3ff8b3eb,GOHAN,cinepolis,,15718ddd-e8db-449b-9313-73b98733d485,DRAMA,2h 20m,SU,2D,2026-05-26,929b5efd-f64c-4f67-9b2d-1f95cbb87842,2026-05-26T16:32:40.895675
f74a8f57-1121-4d2b-8c3d-515e3ff8b3eb,MORTAL KOMBAT II,cinepolis,,420e1f44-2534-4ed9-9d6f-84cf6406d5a8,ACTION,1h 56m,D17+,2D,2026-05-26,0f53cf80-f9af-46cb-947a-c9611be12329,2026-05-26T16:32:40.896251
68b5169d-befd-468b-812a-50d1fc73f8f3,SEKAWAN LIMO 2: GUNUNG KLAWIH,cinepolis,,7a5e33ac-ba36-4c3f-bd38-0f7f00a79a1d,COMEDY,2h 2m,13+,2D,2026-05-26,3e9a9d2b-43ec-4869-a4c0-3b2f3ff4c1ae,2026-05-26T16:32:46.206533
68b5169d-befd-468b-812a-50d1fc73f8f3,CHILDREN OF HEAVEN,cinepolis,,0ae5ff7b-e255-45b6-a488-c0feb89dc653,DRAMA,1h 37m,SU,2D,2026-05-26,6b238330-419d-445c-a62d-d73528a58451,2026-05-26T16:32:46.207746
68b5169d-befd-468b-812a-50d1fc73f8f3,TUMBAL PROYEK,cinepolis,,0b14c075-63cc-4a3b-b0a7-a3578ae1590b,HORROR,1h 46m,D17+,2D,2026-05-26,4ddbd86c-dc16-4fc5-9f87-81574d38e963,2026-05-26T16:32:46.209520
68b5169d-befd-468b-812a-50d1fc73f8f3,SEMUA AKAN BAIK-BAIK SAJA,cinepolis,,cae94e25-4386-417b-8bdf-0dea2d0b0c71,DRAMA,1h 53m,13+,2D,2026-05-26,492ab0ae-10ff-46d1-9a49-913d74ec547f,2026-05-26T16:32:46.210859
68b5169d-befd-468b-812a-50d1fc73f8f3,STAR WARS: THE MANDALORIAN AND GROGU,cinepolis,,488b0e44-9328-4660-827f-bf3341602b6d,FANTASY,2h 12m,13+,2D,2026-05-26,3e7fea7a-f1fd-4071-9aec-0f95db37eb5a,2026-05-26T16:32:46.211772
68b5169d-befd-468b-812a-50d1fc73f8f3,MORTAL KOMBAT II,cinepolis,,420e1f44-2534-4ed9-9d6f-84cf6406d5a8,ACTION,1h 56m,D17+,2D,2026-05-26,2bdee9a3-c133-4924-a581-079c972221d6,2026-05-26T16:32:46.212645
68b5169d-befd-468b-812a-50d1fc73f8f3,PEGASUS 3,cinepolis,,8f125633-ac6b-459d-afbc-d1a0e529da32,ACTION,2h 6m,13+,2D,2026-05-26,a9fbd93c-7c53-4038-833e-cd0ed47c72fa,2026-05-26T16:32:46.213508
68b5169d-befd-468b-812a-50d1fc73f8f3,SUNSHINE WOMEN`S CHOIR,cinepolis,,33062671-0ce9-4273-90a4-86ac43173ab4,COMEDY,2h 14m,13+,2D,2026-05-26,2bc99ed9-86e0-46f8-a2d0-fc8e31658024,2026-05-26T16:32:47.964615
9e319cb5-2f1b-4cea-9eeb-3c08a4af04eb,SEKAWAN LIMO 2: GUNUNG KLAWIH,cinepolis,,7a5e33ac-ba36-4c3f-bd38-0f7f00a79a1d,COMEDY,2h 2m,13+,2D,2026-05-26,d133ddcb-5c89-4956-8620-b7fb2c1aac9d,2026-05-26T16:32:52.293581
9e319cb5-2f1b-4cea-9eeb-3c08a4af04eb,CHILDREN OF HEAVEN,cinepolis,,0ae5ff7b-e255-45b6-a488-c0feb89dc653,DRAMA,1h 37m,SU,2D,2026-05-26,3c619f7a-bdb7-459f-8f4a-342bcc31beae,2026-05-26T16:32:52.294904
9e319cb5-2f1b-4cea-9eeb-3c08a4af04eb,TUMBAL PROYEK,cinepolis,,0b14c075-63cc-4a3b-b0a7-a3578ae1590b,HORROR,1h 46m,D17+,2D,2026-05-26,2e6622e3-4c48-4f0c-82ed-fadbd71938d0,2026-05-26T16:32:52.296003
9e319cb5-2f1b-4cea-9eeb-3c08a4af04eb,SEMUA AKAN BAIK-BAIK SAJA,cinepolis,,cae94e25-4386-417b-8bdf-0dea2d0b0c71,DRAMA,1h 53m,13+,2D,2026-05-26,1a9e9413-9700-4e6e-a19e-89190ddc087b,2026-05-26T16:32:52.297453
9e319cb5-2f1b-4cea-9eeb-3c08a4af04eb,GHOST IN THE CELL,cinepolis,,1859bb5f-f638-4a41-854c-a114f6f8a608,HORROR,1h 46m,D17+,2D,2026-05-26,7435b487-2da2-4654-8966-45dd3e8ece03,2026-05-26T16:32:52.298722
9e319cb5-2f1b-4cea-9eeb-3c08a4af04eb,"AYAH, INI ARAHNYA KEMANA, YA?",cinepolis,,47fccbc0-f843-4918-ad66-28fcef4aa048,DRAMA,1h 43m,13+,2D,2026-05-26,8dfb3c9d-fac1-449b-8d88-dd3d2fc18247,2026-05-26T16:32:52.299599
67ad8389-a433-4482-9fab-6c216245c4ea,SEKAWAN LIMO 2: GUNUNG KLAWIH,cinepolis,,7a5e33ac-ba36-4c3f-bd38-0f7f00a79a1d,COMEDY,2h 2m,13+,2D,2026-05-26,ee60a6d7-1692-407f-a979-ed5d012b2cfd,2026-05-26T16:32:58.360255
67ad8389-a433-4482-9fab-6c216245c4ea,CHILDREN OF HEAVEN,cinepolis,,0ae5ff7b-e255-45b6-a488-c0feb89dc653,DRAMA,1h 37m,SU,2D,2026-05-26,0b965f65-3f32-45b6-9876-5be34aa79c82,2026-05-26T16:32:58.362417
67ad8389-a433-4482-9fab-6c216245c4ea,TUMBAL PROYEK,cinepolis,,0b14c075-63cc-4a3b-b0a7-a3578ae1590b,HORROR,1h 46m,D17+,2D,2026-05-26,1fcd498b-29be-47fb-a2dc-13019e1e053e,2026-05-26T16:32:58.363688
67ad8389-a433-4482-9fab-6c216245c4ea,SEMUA AKAN BAIK-BAIK SAJA,cinepolis,,cae94e25-4386-417b-8bdf-0dea2d0b0c71,DRAMA,1h 53m,13+,2D,2026-05-26,5ecbafc7-446d-4163-b782-c7418c39bd0d,2026-05-26T16:32:58.364682
67ad8389-a433-4482-9fab-6c216245c4ea,GUDANG MERICA,cinepolis,,0e87a4c9-10fb-496b-b0a4-4d60d71c222d,COMEDY,1h 38m,D17+,2D,2026-05-26,2c53553e-4b4b-462d-a601-1adb9848dfdf,2026-05-26T16:32:58.365665
67ad8389-a433-4482-9fab-6c216245c4ea,STAR WARS: THE MANDALORIAN AND GROGU,cinepolis,,488b0e44-9328-4660-827f-bf3341602b6d,FANTASY,2h 12m,13+,2D,2026-05-26,df029857-5811-46df-8299-76a9bbf5cfa9,2026-05-26T16:32:58.366632
67ad8389-a433-4482-9fab-6c216245c4ea,YANG LAIN BOLEH HILANG ASAL KAU JANGAN,cinepolis,,ff59e4ab-92e1-4aa6-bfd8-ab6521930738,DRAMA,1h 53m,13+,2D,2026-05-26,be619828-d032-4f17-aecc-5cdf2d19359b,2026-05-26T16:32:58.367622
67ad8389-a433-4482-9fab-6c216245c4ea,MORTAL KOMBAT II,cinepolis,,420e1f44-2534-4ed9-9d6f-84cf6406d5a8,ACTION,1h 56m,D17+,2D,2026-05-26,1b32a231-9bba-4087-b8e6-86ce7931cdcd,2026-05-26T16:32:58.368884
67ad8389-a433-4482-9fab-6c216245c4ea,THE KING`S WARDEN,cinepolis,,65881b59-8a2d-43fe-b61c-5d8b58e2b312,DRAMA,1h 57m,13+,2D,2026-05-26,d02b2ec8-1c8c-462b-a7df-6684874d209b,2026-05-26T16:32:58.370121
30f4cb77-704b-43b3-a603-315ffbd3608f,SEKAWAN LIMO 2: GUNUNG KLAWIH,cinepolis,,7a5e33ac-ba36-4c3f-bd38-0f7f00a79a1d,COMEDY,2h 2m,13+,2D,2026-05-26,66494c7c-c5e4-4aef-83ae-2e9bb847bc63,2026-05-26T16:33:03.630306
30f4cb77-704b-43b3-a603-315ffbd3608f,CHILDREN OF HEAVEN,cinepolis,,0ae5ff7b-e255-45b6-a488-c0feb89dc653,DRAMA,1h 37m,SU,2D,2026-05-26,4976e061-590a-4153-85a4-f93fab07e3bb,2026-05-26T16:33:03.631322
30f4cb77-704b-43b3-a603-315ffbd3608f,PASSENGER,cinepolis,,f99ed192-5c3c-4e8c-b507-05e2d244ecfd,HORROR,1h 34m,D17+,2D,2026-05-26,ec5b42c1-3cfe-4e2e-817f-193ddb3d73bd,2026-05-26T16:33:03.633396
30f4cb77-704b-43b3-a603-315ffbd3608f,BADUT GENDONG,cinepolis,,3c747edf-0b24-47d3-a687-cce565db1452,HORROR,1h 41m,D17+,2D,2026-05-26,2d8aa74e-6125-46ec-835b-8e077fa2518d,2026-05-26T16:33:03.635090
30f4cb77-704b-43b3-a603-315ffbd3608f,TUMBAL PROYEK,cinepolis,,0b14c075-63cc-4a3b-b0a7-a3578ae1590b,HORROR,1h 46m,D17+,2D,2026-05-26,d358c0eb-3fa5-435d-b70e-181358d67c91,2026-05-26T16:33:03.636492
30f4cb77-704b-43b3-a603-315ffbd3608f,SEMUA AKAN BAIK-BAIK SAJA,cinepolis,,cae94e25-4386-417b-8bdf-0dea2d0b0c71,DRAMA,1h 53m,13+,2D,2026-05-26,8ff9c29b-7d56-486c-a56b-65b73c9cdf8e,2026-05-26T16:33:03.637877
30f4cb77-704b-43b3-a603-315ffbd3608f,GUDANG MERICA,cinepolis,,0e87a4c9-10fb-496b-b0a4-4d60d71c222d,COMEDY,1h 38m,D17+,2D,2026-05-26,15170c42-aeee-4686-b906-a1cbd62272fd,2026-05-26T16:33:03.638771
30f4cb77-704b-43b3-a603-315ffbd3608f,STAR WARS: THE MANDALORIAN AND GROGU,cinepolis,,488b0e44-9328-4660-827f-bf3341602b6d,FANTASY,2h 12m,13+,2D,2026-05-26,24b81d5b-93c1-484b-8583-73dd573f01ec,2026-05-26T16:33:03.639559
30f4cb77-704b-43b3-a603-315ffbd3608f,GHOST IN THE CELL,cinepolis,,1859bb5f-f638-4a41-854c-a114f6f8a608,HORROR,1h 46m,D17+,2D,2026-05-26,9aa184d5-bab6-4285-8b86-58209fbade3b,2026-05-26T16:33:03.640330
30f4cb77-704b-43b3-a603-315ffbd3608f,HOKUM,cinepolis,,6eb5558d-edd2-45f7-a295-6a10c7c57aaf,HORROR,1h 47m,13+,2D,2026-05-26,b5b66aea-faf3-4b58-ab35-de293aec484c,2026-05-26T16:33:03.641098
30f4cb77-704b-43b3-a603-315ffbd3608f,MORTAL KOMBAT II,cinepolis,,420e1f44-2534-4ed9-9d6f-84cf6406d5a8,ACTION,1h 56m,D17+,2D,2026-05-26,51740995-0442-4eca-abb6-60815e738d07,2026-05-26T16:33:03.641858
30f4cb77-704b-43b3-a603-315ffbd3608f,KELUARGA SUAMI ADALAH HAMA,cinepolis,,6a227c4d-1483-455f-842b-37ab7ddccdc2,DRAMA,1h 57m,13+,2D,2026-05-26,48e4374c-018f-48fa-bf04-0ff7ab594b85,2026-05-26T16:33:04.007202
18b04d0d-c637-43c6-8126-bade82e11e68,SEKAWAN LIMO 2: GUNUNG KLAWIH,cinepolis,,7a5e33ac-ba36-4c3f-bd38-0f7f00a79a1d,COMEDY,2h 2m,13+,2D,2026-05-26,3d88d52a-1a37-4f8c-a892-ca773d4905b6,2026-05-26T16:33:09.749714
18b04d0d-c637-43c6-8126-bade82e11e68,CHILDREN OF HEAVEN,cinepolis,,0ae5ff7b-e255-45b6-a488-c0feb89dc653,DRAMA,1h 37m,SU,2D,2026-05-26,a2a35ec2-9d59-43cd-a068-d049bcb32987,2026-05-26T16:33:09.751444
18b04d0d-c637-43c6-8126-bade82e11e68,PASSENGER,cinepolis,,f99ed192-5c3c-4e8c-b507-05e2d244ecfd,HORROR,1h 34m,D17+,2D,2026-05-26,72db45ec-6f72-42c2-a46e-cf47eabfec53,2026-05-26T16:33:09.753192
18b04d0d-c637-43c6-8126-bade82e11e68,TUMBAL PROYEK,cinepolis,,0b14c075-63cc-4a3b-b0a7-a3578ae1590b,HORROR,1h 46m,D17+,2D,2026-05-26,11a4e884-7e0e-45f6-bec8-8c269da032e0,2026-05-26T16:33:09.754969
18b04d0d-c637-43c6-8126-bade82e11e68,SEMUA AKAN BAIK-BAIK SAJA,cinepolis,,cae94e25-4386-417b-8bdf-0dea2d0b0c71,DRAMA,1h 53m,13+,2D,2026-05-26,6d5a8193-905c-4962-a87f-faa22d9fc185,2026-05-26T16:33:09.755829
18b04d0d-c637-43c6-8126-bade82e11e68,GUDANG MERICA,cinepolis,,0e87a4c9-10fb-496b-b0a4-4d60d71c222d,COMEDY,1h 38m,D17+,2D,2026-05-26,d0a54d78-520d-48a3-b7a6-83b9bed92f20,2026-05-26T16:33:09.756646
18b04d0d-c637-43c6-8126-bade82e11e68,STAR WARS: THE MANDALORIAN AND GROGU,cinepolis,,488b0e44-9328-4660-827f-bf3341602b6d,FANTASY,2h 12m,13+,2D,2026-05-26,fd1acaf4-e1d9-4ef7-b522-58c2b199769a,2026-05-26T16:33:09.757444
18b04d0d-c637-43c6-8126-bade82e11e68,GHOST IN THE CELL,cinepolis,,1859bb5f-f638-4a41-854c-a114f6f8a608,HORROR,1h 46m,D17+,2D,2026-05-26,1fb7dd62-85a7-4ef7-b42e-835470995093,2026-05-26T16:33:09.758213
18b04d0d-c637-43c6-8126-bade82e11e68,THE SUPER MARIO GALAXY MOVIE,cinepolis,,4d0f64f0-c009-46e2-bac7-7bb5c43057f8,ANIMATION,1h 38m,SU,2D,2026-05-26,22fdf9f4-2ca4-46b2-a29a-207ff7af7e32,2026-05-26T16:33:10.641478
18b04d0d-c637-43c6-8126-bade82e11e68,YANG LAIN BOLEH HILANG ASAL KAU JANGAN,cinepolis,,ff59e4ab-92e1-4aa6-bfd8-ab6521930738,DRAMA,1h 53m,13+,2D,2026-05-26,d4355995-4e13-4b41-9483-e78b57cc4f37,2026-05-26T16:33:10.643193
18b04d0d-c637-43c6-8126-bade82e11e68,THE SHEEP DETECTIVES,cinepolis,,71865891-a162-4fb5-bcc1-eda6d7edf3e9,COMEDY,1h 49m,SU,2D,2026-05-26,fe0f7ecd-4f9d-48c4-9d23-8087406ea397,2026-05-26T16:33:11.986411
10979710-4e85-4ea2-b3b1-b10d9e1935e2,SEKAWAN LIMO 2: GUNUNG KLAWIH,cinepolis,,7a5e33ac-ba36-4c3f-bd38-0f7f00a79a1d,COMEDY,2h 2m,13+,2D,2026-05-26,af84bbac-597c-4f4e-b1b8-2d95b5365a1a,2026-05-26T16:33:14.994187
10979710-4e85-4ea2-b3b1-b10d9e1935e2,CHILDREN OF HEAVEN,cinepolis,,0ae5ff7b-e255-45b6-a488-c0feb89dc653,DRAMA,1h 37m,SU,2D,2026-05-26,f9ae9dc1-9af3-4930-82e2-dd657685a696,2026-05-26T16:33:14.995628
10979710-4e85-4ea2-b3b1-b10d9e1935e2,PASSENGER,cinepolis,,f99ed192-5c3c-4e8c-b507-05e2d244ecfd,HORROR,1h 34m,D17+,2D,2026-05-26,fd3f5546-70e2-47db-b988-3e1a0a52ef43,2026-05-26T16:33:15.000056
10979710-4e85-4ea2-b3b1-b10d9e1935e2,BADUT GENDONG,cinepolis,,3c747edf-0b24-47d3-a687-cce565db1452,HORROR,1h 41m,D17+,2D,2026-05-26,fc519ff3-4bb4-43da-90c6-0c7c08245b48,2026-05-26T16:33:15.001188
10979710-4e85-4ea2-b3b1-b10d9e1935e2,TUMBAL PROYEK,cinepolis,,0b14c075-63cc-4a3b-b0a7-a3578ae1590b,HORROR,1h 46m,D17+,2D,2026-05-26,5e35ff9c-d817-43e8-bcd2-3cbbad8de9cf,2026-05-26T16:33:15.002296
10979710-4e85-4ea2-b3b1-b10d9e1935e2,SEMUA AKAN BAIK-BAIK SAJA,cinepolis,,cae94e25-4386-417b-8bdf-0dea2d0b0c71,DRAMA,1h 53m,13+,2D,2026-05-26,866eb034-aa7f-4be3-bffc-2aef87d9cfe7,2026-05-26T16:33:15.003306
02c67391-ad65-4ef8-b2c4-ad5a8b5d56f9,SEKAWAN LIMO 2: GUNUNG KLAWIH,cinepolis,,7a5e33ac-ba36-4c3f-bd38-0f7f00a79a1d,COMEDY,2h 2m,13+,2D,2026-05-26,feab091b-3025-42dd-a5a9-67214a28891b,2026-05-26T16:33:21.098070
02c67391-ad65-4ef8-b2c4-ad5a8b5d56f9,CHILDREN OF HEAVEN,cinepolis,,0ae5ff7b-e255-45b6-a488-c0feb89dc653,DRAMA,1h 37m,SU,2D,2026-05-26,e9b4f0d5-4fba-434a-9d89-ac6e74c72588,2026-05-26T16:33:21.099279
02c67391-ad65-4ef8-b2c4-ad5a8b5d56f9,PASSENGER,cinepolis,,f99ed192-5c3c-4e8c-b507-05e2d244ecfd,HORROR,1h 34m,D17+,2D,2026-05-26,be394bdb-db39-4b44-a521-df00ca2222f7,2026-05-26T16:33:21.100238
02c67391-ad65-4ef8-b2c4-ad5a8b5d56f9,BADUT GENDONG,cinepolis,,3c747edf-0b24-47d3-a687-cce565db1452,HORROR,1h 41m,D17+,2D,2026-05-26,e0e247c7-5a1a-410f-94d9-8af2bcb0883a,2026-05-26T16:33:21.102069
02c67391-ad65-4ef8-b2c4-ad5a8b5d56f9,TUMBAL PROYEK,cinepolis,,0b14c075-63cc-4a3b-b0a7-a3578ae1590b,HORROR,1h 46m,D17+,2D,2026-05-26,b7adc712-4bf5-4557-adbd-b21d03272e82,2026-05-26T16:33:21.103124
02c67391-ad65-4ef8-b2c4-ad5a8b5d56f9,SEMUA AKAN BAIK-BAIK SAJA,cinepolis,,cae94e25-4386-417b-8bdf-0dea2d0b0c71,DRAMA,1h 53m,13+,2D,2026-05-26,6af5b933-cec1-481a-a8ac-ad0e446b8e57,2026-05-26T16:33:21.104028
02c67391-ad65-4ef8-b2c4-ad5a8b5d56f9,GUDANG MERICA,cinepolis,,0e87a4c9-10fb-496b-b0a4-4d60d71c222d,COMEDY,1h 38m,D17+,2D,2026-05-26,b08cc3fb-965c-44ac-a3b4-8fcbdb74f7b3,2026-05-26T16:33:21.104998
570f7b8d-eeeb-4d03-a969-f6208c03a1ec,SEKAWAN LIMO 2: GUNUNG KLAWIH,cinepolis,,7a5e33ac-ba36-4c3f-bd38-0f7f00a79a1d,COMEDY,2h 2m,13+,2D,2026-05-26,523289bf-bf4a-4ab7-b942-ad94d97c5044,2026-05-26T16:33:27.277856
570f7b8d-eeeb-4d03-a969-f6208c03a1ec,CHILDREN OF HEAVEN,cinepolis,,0ae5ff7b-e255-45b6-a488-c0feb89dc653,DRAMA,1h 37m,SU,2D,2026-05-26,7e759b4f-e167-4602-a409-2def15e273e8,2026-05-26T16:33:27.278963
570f7b8d-eeeb-4d03-a969-f6208c03a1ec,PASSENGER,cinepolis,,f99ed192-5c3c-4e8c-b507-05e2d244ecfd,HORROR,1h 34m,D17+,2D,2026-05-26,6ffab594-2fdd-405a-826b-5b449d7acfa4,2026-05-26T16:33:27.279754
570f7b8d-eeeb-4d03-a969-f6208c03a1ec,BADUT GENDONG,cinepolis,,3c747edf-0b24-47d3-a687-cce565db1452,HORROR,1h 41m,D17+,2D,2026-05-26,bf22c60a-e566-496a-ad31-89452667a29a,2026-05-26T16:33:27.280858
570f7b8d-eeeb-4d03-a969-f6208c03a1ec,TUMBAL PROYEK,cinepolis,,0b14c075-63cc-4a3b-b0a7-a3578ae1590b,HORROR,1h 46m,D17+,2D,2026-05-26,0ddd97da-2793-431c-8cc9-4bd70798a9a0,2026-05-26T16:33:27.281902
570f7b8d-eeeb-4d03-a969-f6208c03a1ec,SEMUA AKAN BAIK-BAIK SAJA,cinepolis,,cae94e25-4386-417b-8bdf-0dea2d0b0c71,DRAMA,1h 53m,13+,2D,2026-05-26,d78a5415-3b6d-4529-98e1-5bfec0fc9df8,2026-05-26T16:33:27.282797
ef1be654-631e-4c90-ad94-f5f21e05a957,SEKAWAN LIMO 2: GUNUNG KLAWIH,cinepolis,,7a5e33ac-ba36-4c3f-bd38-0f7f00a79a1d,COMEDY,2h 2m,13+,2D,2026-05-26,a56e713a-b1ae-446a-8fce-d28991436fc1,2026-05-26T16:33:32.567437
ef1be654-631e-4c90-ad94-f5f21e05a957,CHILDREN OF HEAVEN,cinepolis,,0ae5ff7b-e255-45b6-a488-c0feb89dc653,DRAMA,1h 37m,SU,2D,2026-05-26,8d2dd8b9-16a7-43bb-b199-124235377f03,2026-05-26T16:33:32.568841
ef1be654-631e-4c90-ad94-f5f21e05a957,PASSENGER,cinepolis,,f99ed192-5c3c-4e8c-b507-05e2d244ecfd,HORROR,1h 34m,D17+,2D,2026-05-26,142eb192-c482-4214-bd4c-4904960e094e,2026-05-26T16:33:32.570547
ef1be654-631e-4c90-ad94-f5f21e05a957,BADUT GENDONG,cinepolis,,3c747edf-0b24-47d3-a687-cce565db1452,HORROR,1h 41m,D17+,2D,2026-05-26,0388f6be-9fe7-4dfc-8497-939d67d47a85,2026-05-26T16:33:32.572714
ef1be654-631e-4c90-ad94-f5f21e05a957,TUMBAL PROYEK,cinepolis,,0b14c075-63cc-4a3b-b0a7-a3578ae1590b,HORROR,1h 46m,D17+,2D,2026-05-26,094176ca-b311-40e8-9b76-ee30ef2bb414,2026-05-26T16:33:32.574682
ef1be654-631e-4c90-ad94-f5f21e05a957,SEMUA AKAN BAIK-BAIK SAJA,cinepolis,,cae94e25-4386-417b-8bdf-0dea2d0b0c71,DRAMA,1h 53m,13+,2D,2026-05-26,1bb08db9-4b41-478b-9ecf-40dbd57fdfd2,2026-05-26T16:33:32.575556
ef1be654-631e-4c90-ad94-f5f21e05a957,GUDANG MERICA,cinepolis,,0e87a4c9-10fb-496b-b0a4-4d60d71c222d,COMEDY,1h 38m,D17+,2D,2026-05-26,c599dcc0-6742-4ebc-936d-db462796abe2,2026-05-26T16:33:32.576340
ef1be654-631e-4c90-ad94-f5f21e05a957,STAR WARS: THE MANDALORIAN AND GROGU,cinepolis,,488b0e44-9328-4660-827f-bf3341602b6d,FANTASY,2h 12m,13+,2D,2026-05-26,04c3491e-1da3-4712-aeb5-7d033de5b4df,2026-05-26T16:33:32.577131
ef1be654-631e-4c90-ad94-f5f21e05a957,GHOST IN THE CELL,cinepolis,,1859bb5f-f638-4a41-854c-a114f6f8a608,HORROR,1h 46m,D17+,2D,2026-05-26,a441ed12-445f-4d71-bd00-98e211a2692e,2026-05-26T16:33:32.577903
7bab7256-6246-4ac9-84ce-726056c2a040,SEKAWAN LIMO 2: GUNUNG KLAWIH,cinepolis,,7a5e33ac-ba36-4c3f-bd38-0f7f00a79a1d,COMEDY,2h 2m,13+,2D,2026-05-26,ec7ce0c3-af1b-4418-a75f-2a5b1a7f576c,2026-05-26T16:33:38.697563
7bab7256-6246-4ac9-84ce-726056c2a040,CHILDREN OF HEAVEN,cinepolis,,0ae5ff7b-e255-45b6-a488-c0feb89dc653,DRAMA,1h 37m,SU,2D,2026-05-26,d39a6db7-a52f-49de-92fb-ed3227988ed5,2026-05-26T16:33:38.698795
7bab7256-6246-4ac9-84ce-726056c2a040,PASSENGER,cinepolis,,f99ed192-5c3c-4e8c-b507-05e2d244ecfd,HORROR,1h 34m,D17+,2D,2026-05-26,8c0b3ea9-9446-4cae-97de-e851c0b42059,2026-05-26T16:33:38.699852
7bab7256-6246-4ac9-84ce-726056c2a040,BADUT GENDONG,cinepolis,,3c747edf-0b24-47d3-a687-cce565db1452,HORROR,1h 41m,D17+,2D,2026-05-26,48b5c746-2d70-42c3-9418-b7599f52c620,2026-05-26T16:33:38.700916
7bab7256-6246-4ac9-84ce-726056c2a040,TUMBAL PROYEK,cinepolis,,0b14c075-63cc-4a3b-b0a7-a3578ae1590b,HORROR,1h 46m,D17+,2D,2026-05-26,214dd7ed-811a-4e6f-9a23-34c7d2574332,2026-05-26T16:33:38.701872
7bab7256-6246-4ac9-84ce-726056c2a040,SEMUA AKAN BAIK-BAIK SAJA,cinepolis,,cae94e25-4386-417b-8bdf-0dea2d0b0c71,DRAMA,1h 53m,13+,2D,2026-05-26,dbe8ad77-3b1d-4e93-ada7-c356bba50db9,2026-05-26T16:33:38.702802
fd89fe8f-4a94-4106-af39-fe9a78b79a64,SEKAWAN LIMO 2: GUNUNG KLAWIH,cinepolis,,7a5e33ac-ba36-4c3f-bd38-0f7f00a79a1d,COMEDY,2h 2m,13+,2D,2026-05-26,15c27320-4b36-4f81-98c9-76eaa7ab9397,2026-05-26T16:33:43.985961
fd89fe8f-4a94-4106-af39-fe9a78b79a64,CHILDREN OF HEAVEN,cinepolis,,0ae5ff7b-e255-45b6-a488-c0feb89dc653,DRAMA,1h 37m,SU,2D,2026-05-26,657f4fa6-8e15-4b10-a822-5a4a4676a632,2026-05-26T16:33:43.987575
fd89fe8f-4a94-4106-af39-fe9a78b79a64,PASSENGER,cinepolis,,f99ed192-5c3c-4e8c-b507-05e2d244ecfd,HORROR,1h 34m,D17+,2D,2026-05-26,4ee9041f-f634-45ae-abdb-8f9f998b76be,2026-05-26T16:33:43.988451
fd89fe8f-4a94-4106-af39-fe9a78b79a64,BADUT GENDONG,cinepolis,,3c747edf-0b24-47d3-a687-cce565db1452,HORROR,1h 41m,D17+,2D,2026-05-26,974d42c0-8059-4e44-a7cb-4f044ca09238,2026-05-26T16:33:43.989431
fd89fe8f-4a94-4106-af39-fe9a78b79a64,TUMBAL PROYEK,cinepolis,,0b14c075-63cc-4a3b-b0a7-a3578ae1590b,HORROR,1h 46m,D17+,2D,2026-05-26,38749f5c-1872-42d2-b578-14cb9fe6221b,2026-05-26T16:33:43.990227
fd89fe8f-4a94-4106-af39-fe9a78b79a64,SEMUA AKAN BAIK-BAIK SAJA,cinepolis,,cae94e25-4386-417b-8bdf-0dea2d0b0c71,DRAMA,1h 53m,13+,2D,2026-05-26,fb2ef099-c650-4c18-a14a-5b488b51ca21,2026-05-26T16:33:43.990840
fd89fe8f-4a94-4106-af39-fe9a78b79a64,GUDANG MERICA,cinepolis,,0e87a4c9-10fb-496b-b0a4-4d60d71c222d,COMEDY,1h 38m,D17+,2D,2026-05-26,c39bc31f-5eaa-4604-aeeb-7b671a2221ae,2026-05-26T16:33:43.991444
fd89fe8f-4a94-4106-af39-fe9a78b79a64,STAR WARS: THE MANDALORIAN AND GROGU,cinepolis,,488b0e44-9328-4660-827f-bf3341602b6d,FANTASY,2h 12m,13+,2D,2026-05-26,3050ea17-a356-4a5c-a1f7-4126d1a21165,2026-05-26T16:33:43.992016
fd89fe8f-4a94-4106-af39-fe9a78b79a64,SUAMIKU LUKAKU,cinepolis,,f3e0cc94-be0d-4b52-8559-e87edeb75793,DRAMA,1h 32m,D17+,2D,2026-05-26,fd95d26a-ff2c-4881-8037-467c71a09228,2026-05-26T16:33:43.992582
fd89fe8f-4a94-4106-af39-fe9a78b79a64,"AYAH, INI ARAHNYA KEMANA, YA?",cinepolis,,47fccbc0-f843-4918-ad66-28fcef4aa048,DRAMA,1h 43m,13+,2D,2026-05-26,fd1bab33-6edd-4e44-928d-e0785ae473cd,2026-05-26T16:33:43.993171
fd89fe8f-4a94-4106-af39-fe9a78b79a64,KELUARGA SUAMI ADALAH HAMA,cinepolis,,6a227c4d-1483-455f-842b-37ab7ddccdc2,DRAMA,1h 57m,13+,2D,2026-05-26,eb8c5572-7027-49ac-a09b-9dbb6b4bc36f,2026-05-26T16:33:43.993741
25f31fd3-a4d7-4311-a998-aff4086051b1,SEKAWAN LIMO 2: GUNUNG KLAWIH,cinepolis,,7a5e33ac-ba36-4c3f-bd38-0f7f00a79a1d,COMEDY,2h 2m,13+,2D,2026-05-26,c589a39d-8d44-4e86-b9ed-a82156fea1e2,2026-05-26T16:33:50.153059
25f31fd3-a4d7-4311-a998-aff4086051b1,CHILDREN OF HEAVEN,cinepolis,,0ae5ff7b-e255-45b6-a488-c0feb89dc653,DRAMA,1h 37m,SU,2D,2026-05-26,ad05eb84-a48a-4df8-b39b-04410d669c98,2026-05-26T16:33:50.154090
25f31fd3-a4d7-4311-a998-aff4086051b1,PASSENGER,cinepolis,,f99ed192-5c3c-4e8c-b507-05e2d244ecfd,HORROR,1h 34m,D17+,2D,2026-05-26,568f0c30-3792-4924-b0b8-df7348aa4af7,2026-05-26T16:33:50.155589
25f31fd3-a4d7-4311-a998-aff4086051b1,BADUT GENDONG,cinepolis,,3c747edf-0b24-47d3-a687-cce565db1452,HORROR,1h 41m,D17+,2D,2026-05-26,891aaeda-bae0-40c3-b3af-95d33dbe1f09,2026-05-26T16:33:50.156682
25f31fd3-a4d7-4311-a998-aff4086051b1,TUMBAL PROYEK,cinepolis,,0b14c075-63cc-4a3b-b0a7-a3578ae1590b,HORROR,1h 46m,D17+,2D,2026-05-26,42eda4b8-18b7-4bd0-9216-e7093030fc48,2026-05-26T16:33:50.157618
25f31fd3-a4d7-4311-a998-aff4086051b1,SEMUA AKAN BAIK-BAIK SAJA,cinepolis,,cae94e25-4386-417b-8bdf-0dea2d0b0c71,DRAMA,1h 53m,13+,2D,2026-05-26,14c24121-bd0e-423f-a55f-a8863163b06e,2026-05-26T16:33:50.158738
25f31fd3-a4d7-4311-a998-aff4086051b1,STAR WARS: THE MANDALORIAN AND GROGU,cinepolis,,488b0e44-9328-4660-827f-bf3341602b6d,FANTASY,2h 12m,13+,2D,2026-05-26,3cd771f6-61c5-4a83-b5cc-08443860be91,2026-05-26T16:33:50.160378
25f31fd3-a4d7-4311-a998-aff4086051b1,HOKUM,cinepolis,,6eb5558d-edd2-45f7-a295-6a10c7c57aaf,HORROR,1h 47m,13+,2D,2026-05-26,43933b78-d9d3-435a-904e-789f56b2f909,2026-05-26T16:33:50.161647
25f31fd3-a4d7-4311-a998-aff4086051b1,GOHAN,cinepolis,,15718ddd-e8db-449b-9313-73b98733d485,DRAMA,2h 20m,SU,2D,2026-05-26,2e37c1b3-7f4d-4e05-8707-ce24bc427d3b,2026-05-26T16:33:50.162469
25f31fd3-a4d7-4311-a998-aff4086051b1,MORTAL KOMBAT II,cinepolis,,420e1f44-2534-4ed9-9d6f-84cf6406d5a8,ACTION,1h 56m,D17+,2D,2026-05-26,6f5c641e-390d-4a54-993d-9264a5605402,2026-05-26T16:33:50.164052
b2c3b1ee-6a5d-46e3-a9f2-2febea2aae02,SEKAWAN LIMO 2: GUNUNG KLAWIH,cinepolis,,7a5e33ac-ba36-4c3f-bd38-0f7f00a79a1d,COMEDY,2h 2m,13+,2D,2026-05-26,aafdf304-d42b-47d0-9a46-da39802332f2,2026-05-26T16:33:56.290251
b2c3b1ee-6a5d-46e3-a9f2-2febea2aae02,CHILDREN OF HEAVEN,cinepolis,,0ae5ff7b-e255-45b6-a488-c0feb89dc653,DRAMA,1h 37m,SU,2D,2026-05-26,9d0a7dda-47af-49b1-a83b-8467d80be5c5,2026-05-26T16:33:56.291661
b2c3b1ee-6a5d-46e3-a9f2-2febea2aae02,TUMBAL PROYEK,cinepolis,,0b14c075-63cc-4a3b-b0a7-a3578ae1590b,HORROR,1h 46m,D17+,2D,2026-05-26,e53500b6-743e-4d2f-b003-f40ef6d7d087,2026-05-26T16:33:56.293897
b2c3b1ee-6a5d-46e3-a9f2-2febea2aae02,SEMUA AKAN BAIK-BAIK SAJA,cinepolis,,cae94e25-4386-417b-8bdf-0dea2d0b0c71,DRAMA,1h 53m,13+,2D,2026-05-26,75ad1f55-1fa8-4461-b67f-c05726c0e87a,2026-05-26T16:33:56.295166
b2c3b1ee-6a5d-46e3-a9f2-2febea2aae02,GUDANG MERICA,cinepolis,,0e87a4c9-10fb-496b-b0a4-4d60d71c222d,COMEDY,1h 38m,D17+,2D,2026-05-26,c066ae73-b5dc-4bf6-9ff6-c897ade69702,2026-05-26T16:33:56.296243
e6ccea2f-92a8-457a-8801-abdb6959cde1,SEKAWAN LIMO 2: GUNUNG KLAWIH,cinepolis,,7a5e33ac-ba36-4c3f-bd38-0f7f00a79a1d,COMEDY,2h 2m,13+,2D,2026-05-26,cee7f908-a3ee-4936-8192-47bd71415f08,2026-05-26T16:34:01.645649
e6ccea2f-92a8-457a-8801-abdb6959cde1,CHILDREN OF HEAVEN,cinepolis,,0ae5ff7b-e255-45b6-a488-c0feb89dc653,DRAMA,1h 37m,SU,2D,2026-05-26,248021c0-7ff3-40a3-b784-c93609e6293f,2026-05-26T16:34:01.647855
e6ccea2f-92a8-457a-8801-abdb6959cde1,BADUT GENDONG,cinepolis,,3c747edf-0b24-47d3-a687-cce565db1452,HORROR,1h 41m,D17+,2D,2026-05-26,a778862e-bb38-4796-b88f-d99bbcfd6219,2026-05-26T16:34:01.649044
e6ccea2f-92a8-457a-8801-abdb6959cde1,TUMBAL PROYEK,cinepolis,,0b14c075-63cc-4a3b-b0a7-a3578ae1590b,HORROR,1h 46m,D17+,2D,2026-05-26,d37fb641-8eeb-4cb5-92d8-ded2a869d70b,2026-05-26T16:34:01.650519
e6ccea2f-92a8-457a-8801-abdb6959cde1,SEMUA AKAN BAIK-BAIK SAJA,cinepolis,,cae94e25-4386-417b-8bdf-0dea2d0b0c71,DRAMA,1h 53m,13+,2D,2026-05-26,8b9698f7-3cb3-48b5-aaea-f7a096f37b60,2026-05-26T16:34:01.651618
e6ccea2f-92a8-457a-8801-abdb6959cde1,STAR WARS: THE MANDALORIAN AND GROGU,cinepolis,,488b0e44-9328-4660-827f-bf3341602b6d,FANTASY,2h 12m,13+,2D,2026-05-26,e989a5ff-8882-41d7-8e81-e452ea653dd4,2026-05-26T16:34:01.652618
e6ccea2f-92a8-457a-8801-abdb6959cde1,SUAMIKU LUKAKU,cinepolis,,f3e0cc94-be0d-4b52-8559-e87edeb75793,DRAMA,1h 32m,D17+,2D,2026-05-26,f0cbaaf7-a552-46e6-8748-20ebf7d4b48f,2026-05-26T16:34:01.653655
65da9c27-227e-4d32-9e79-f1e8883d5941,SEKAWAN LIMO 2: GUNUNG KLAWIH,cinepolis,,7a5e33ac-ba36-4c3f-bd38-0f7f00a79a1d,COMEDY,2h 2m,13+,2D,2026-05-26,7ea83c96-dca6-438c-bd31-e325cfa1f9ac,2026-05-26T16:34:06.961965
65da9c27-227e-4d32-9e79-f1e8883d5941,CHILDREN OF HEAVEN,cinepolis,,0ae5ff7b-e255-45b6-a488-c0feb89dc653,DRAMA,1h 37m,SU,2D,2026-05-26,2a51a48f-f7a3-46d4-be06-ec9fa7441794,2026-05-26T16:34:06.963093
65da9c27-227e-4d32-9e79-f1e8883d5941,PASSENGER,cinepolis,,f99ed192-5c3c-4e8c-b507-05e2d244ecfd,HORROR,1h 34m,D17+,2D,2026-05-26,da76d967-62f2-40b6-a60f-f2ff010c349c,2026-05-26T16:34:06.965032
65da9c27-227e-4d32-9e79-f1e8883d5941,TUMBAL PROYEK,cinepolis,,0b14c075-63cc-4a3b-b0a7-a3578ae1590b,HORROR,1h 46m,D17+,2D,2026-05-26,9883efd0-048a-4548-8d77-a8ce2f1d0bc8,2026-05-26T16:34:06.966341
65da9c27-227e-4d32-9e79-f1e8883d5941,SEMUA AKAN BAIK-BAIK SAJA,cinepolis,,cae94e25-4386-417b-8bdf-0dea2d0b0c71,DRAMA,1h 53m,13+,2D,2026-05-26,b1ed14d5-8af7-4825-9f68-6d0794e729b5,2026-05-26T16:34:06.967250
65da9c27-227e-4d32-9e79-f1e8883d5941,GUDANG MERICA,cinepolis,,0e87a4c9-10fb-496b-b0a4-4d60d71c222d,COMEDY,1h 38m,D17+,2D,2026-05-26,02258806-f134-4a79-a5fa-1e114877f6d3,2026-05-26T16:34:06.968146
65da9c27-227e-4d32-9e79-f1e8883d5941,STAR WARS: THE MANDALORIAN AND GROGU,cinepolis,,488b0e44-9328-4660-827f-bf3341602b6d,FANTASY,2h 12m,13+,2D,2026-05-26,8989596a-c3a2-4e83-8669-9b84b2248539,2026-05-26T16:34:06.969030
65da9c27-227e-4d32-9e79-f1e8883d5941,HOKUM,cinepolis,,6eb5558d-edd2-45f7-a295-6a10c7c57aaf,HORROR,1h 47m,13+,2D,2026-05-26,8cee9e44-52d6-4c52-9a1f-b78d6937a782,2026-05-26T16:34:06.970590
65da9c27-227e-4d32-9e79-f1e8883d5941,GOHAN,cinepolis,,15718ddd-e8db-449b-9313-73b98733d485,DRAMA,2h 20m,SU,2D,2026-05-26,6bcf4d1d-bfe9-47d1-a412-fe1f14992972,2026-05-26T16:34:06.971976
65da9c27-227e-4d32-9e79-f1e8883d5941,THE SUPER MARIO GALAXY MOVIE,cinepolis,,4d0f64f0-c009-46e2-bac7-7bb5c43057f8,ANIMATION,1h 38m,SU,2D,2026-05-26,165f9dfa-b15e-4d72-a2bb-8271e89e4cb9,2026-05-26T16:34:06.973694
65da9c27-227e-4d32-9e79-f1e8883d5941,THE DEVIL WEARS PRADA 2,cinepolis,,97d5d4ac-9e2f-476f-a0ee-729bdefb04b1,COMEDY,1h 59m,13+,2D,2026-05-26,23e35426-cc05-417a-a267-968525bdc773,2026-05-26T16:34:06.974633
65da9c27-227e-4d32-9e79-f1e8883d5941,THE SHEEP DETECTIVES,cinepolis,,71865891-a162-4fb5-bcc1-eda6d7edf3e9,COMEDY,1h 49m,SU,2D,2026-05-26,d4202d93-e646-41e3-a35d-8496fc1e8407,2026-05-26T16:34:06.975479
65da9c27-227e-4d32-9e79-f1e8883d5941,THE KING`S WARDEN,cinepolis,,65881b59-8a2d-43fe-b61c-5d8b58e2b312,DRAMA,1h 57m,13+,2D,2026-05-26,094a270d-61b7-419a-b094-ad24d7ee69ac,2026-05-26T16:34:06.976243
f3a1d3de-ba83-4996-aaab-455c0558584d,SEKAWAN LIMO 2: GUNUNG KLAWIH,cinepolis,,7a5e33ac-ba36-4c3f-bd38-0f7f00a79a1d,COMEDY,2h 2m,13+,2D,2026-05-26,1f228625-5991-4774-832e-83dd705f089d,2026-05-26T16:34:12.187764
f3a1d3de-ba83-4996-aaab-455c0558584d,CHILDREN OF HEAVEN,cinepolis,,0ae5ff7b-e255-45b6-a488-c0feb89dc653,DRAMA,1h 37m,SU,2D,2026-05-26,7487d34e-c8c8-423f-a500-e023dd3544f3,2026-05-26T16:34:12.189229
f3a1d3de-ba83-4996-aaab-455c0558584d,PASSENGER,cinepolis,,f99ed192-5c3c-4e8c-b507-05e2d244ecfd,HORROR,1h 34m,D17+,2D,2026-05-26,fceb79d8-7b3c-4ad0-8527-2b2ee09a0e75,2026-05-26T16:34:12.190301
f3a1d3de-ba83-4996-aaab-455c0558584d,BADUT GENDONG,cinepolis,,3c747edf-0b24-47d3-a687-cce565db1452,HORROR,1h 41m,D17+,2D,2026-05-26,3ab24ece-80ea-442d-a14d-8f72ac448001,2026-05-26T16:34:12.191376
f3a1d3de-ba83-4996-aaab-455c0558584d,TUMBAL PROYEK,cinepolis,,0b14c075-63cc-4a3b-b0a7-a3578ae1590b,HORROR,1h 46m,D17+,2D,2026-05-26,b26f2638-a025-43c7-b929-f56f689d9471,2026-05-26T16:34:12.192514
f3a1d3de-ba83-4996-aaab-455c0558584d,SEMUA AKAN BAIK-BAIK SAJA,cinepolis,,cae94e25-4386-417b-8bdf-0dea2d0b0c71,DRAMA,1h 53m,13+,2D,2026-05-26,c0fb8acf-5652-4d62-acdb-9b55f8af9053,2026-05-26T16:34:12.193384
f3a1d3de-ba83-4996-aaab-455c0558584d,GUDANG MERICA,cinepolis,,0e87a4c9-10fb-496b-b0a4-4d60d71c222d,COMEDY,1h 38m,D17+,2D,2026-05-26,1301cbfc-d99b-4e65-b41d-2188070e30e0,2026-05-26T16:34:12.194237
a62a30b9-cf39-4edb-be85-347a05269f29,SEKAWAN LIMO 2: GUNUNG KLAWIH,cinepolis,,7a5e33ac-ba36-4c3f-bd38-0f7f00a79a1d,COMEDY,2h 2m,13+,2D,2026-05-26,7e178678-b125-4b5d-a90f-ba7d0dcf0a08,2026-05-26T16:34:17.481997
a62a30b9-cf39-4edb-be85-347a05269f29,CHILDREN OF HEAVEN,cinepolis,,0ae5ff7b-e255-45b6-a488-c0feb89dc653,DRAMA,1h 37m,SU,2D,2026-05-26,6188e21e-fc68-425a-b734-a94af8e10ca2,2026-05-26T16:34:17.483397
a62a30b9-cf39-4edb-be85-347a05269f29,PASSENGER,cinepolis,,f99ed192-5c3c-4e8c-b507-05e2d244ecfd,HORROR,1h 34m,D17+,2D,2026-05-26,5d00af0f-adc3-48ce-8f86-676acda79adb,2026-05-26T16:34:17.484899
a62a30b9-cf39-4edb-be85-347a05269f29,BADUT GENDONG,cinepolis,,3c747edf-0b24-47d3-a687-cce565db1452,HORROR,1h 41m,D17+,2D,2026-05-26,6beccd48-de15-4ffd-9758-505efdb54a32,2026-05-26T16:34:17.485972
a62a30b9-cf39-4edb-be85-347a05269f29,TUMBAL PROYEK,cinepolis,,0b14c075-63cc-4a3b-b0a7-a3578ae1590b,HORROR,1h 46m,D17+,2D,2026-05-26,a0ef1e87-5bf9-4c38-85d3-f4b4a97dcde1,2026-05-26T16:34:17.487556
a62a30b9-cf39-4edb-be85-347a05269f29,SEMUA AKAN BAIK-BAIK SAJA,cinepolis,,cae94e25-4386-417b-8bdf-0dea2d0b0c71,DRAMA,1h 53m,13+,2D,2026-05-26,77dbed9f-f1cf-46ce-9df0-deb89d72138f,2026-05-26T16:34:17.489044
a62a30b9-cf39-4edb-be85-347a05269f29,GUDANG MERICA,cinepolis,,0e87a4c9-10fb-496b-b0a4-4d60d71c222d,COMEDY,1h 38m,D17+,2D,2026-05-26,e0726e82-8990-49eb-848e-607fac5b6f9a,2026-05-26T16:34:17.490598
a62a30b9-cf39-4edb-be85-347a05269f29,STAR WARS: THE MANDALORIAN AND GROGU,cinepolis,,488b0e44-9328-4660-827f-bf3341602b6d,FANTASY,2h 12m,13+,2D,2026-05-26,7329b779-78ec-43e8-8582-afdc717289f3,2026-05-26T16:34:17.492428
a62a30b9-cf39-4edb-be85-347a05269f29,"AYAH, INI ARAHNYA KEMANA, YA?",cinepolis,,47fccbc0-f843-4918-ad66-28fcef4aa048,DRAMA,1h 43m,13+,2D,2026-05-26,5a1163ab-f04c-4cbf-bbab-311bc9153dec,2026-05-26T16:34:17.493359
a62a30b9-cf39-4edb-be85-347a05269f29,YANG LAIN BOLEH HILANG ASAL KAU JANGAN,cinepolis,,ff59e4ab-92e1-4aa6-bfd8-ab6521930738,DRAMA,1h 53m,13+,2D,2026-05-26,869d5862-78ac-47d4-a91e-9a81adbe84da,2026-05-26T16:34:17.494253
780a94d4-4262-4338-8b3e-ffcf3474290f,SEKAWAN LIMO 2: GUNUNG KLAWIH,cinepolis,,7a5e33ac-ba36-4c3f-bd38-0f7f00a79a1d,COMEDY,2h 2m,13+,2D,2026-05-26,d43e7aba-9106-4573-8e60-553ada45a66b,2026-05-26T16:34:23.600149
780a94d4-4262-4338-8b3e-ffcf3474290f,CHILDREN OF HEAVEN,cinepolis,,0ae5ff7b-e255-45b6-a488-c0feb89dc653,DRAMA,1h 37m,SU,2D,2026-05-26,cf3e81ae-37ff-4baa-96b6-ad74be6e46d8,2026-05-26T16:34:23.601303
780a94d4-4262-4338-8b3e-ffcf3474290f,PASSENGER,cinepolis,,f99ed192-5c3c-4e8c-b507-05e2d244ecfd,HORROR,1h 34m,D17+,2D,2026-05-26,5f58a364-f900-4913-a22d-2c99b3c99f58,2026-05-26T16:34:23.602755
780a94d4-4262-4338-8b3e-ffcf3474290f,BADUT GENDONG,cinepolis,,3c747edf-0b24-47d3-a687-cce565db1452,HORROR,1h 41m,D17+,2D,2026-05-26,d4eb29d6-59a1-40fc-8ecb-7e361a482d20,2026-05-26T16:34:23.604142
780a94d4-4262-4338-8b3e-ffcf3474290f,TUMBAL PROYEK,cinepolis,,0b14c075-63cc-4a3b-b0a7-a3578ae1590b,HORROR,1h 46m,D17+,2D,2026-05-26,9a690ac7-a89b-451a-bf49-ec150b759b73,2026-05-26T16:34:23.605287
780a94d4-4262-4338-8b3e-ffcf3474290f,SEMUA AKAN BAIK-BAIK SAJA,cinepolis,,cae94e25-4386-417b-8bdf-0dea2d0b0c71,DRAMA,1h 53m,13+,2D,2026-05-26,990cdfcb-be12-4241-8303-2a89ced2da03,2026-05-26T16:34:23.606240
780a94d4-4262-4338-8b3e-ffcf3474290f,GUDANG MERICA,cinepolis,,0e87a4c9-10fb-496b-b0a4-4d60d71c222d,COMEDY,1h 38m,D17+,2D,2026-05-26,c25b9044-69e5-4a56-9790-1e2a0d55330c,2026-05-26T16:34:23.607170
780a94d4-4262-4338-8b3e-ffcf3474290f,SUAMIKU LUKAKU,cinepolis,,f3e0cc94-be0d-4b52-8559-e87edeb75793,DRAMA,1h 32m,D17+,2D,2026-05-26,7e1908ba-7d2d-4945-8d08-0e5bee1746d0,2026-05-26T16:34:23.608793
780a94d4-4262-4338-8b3e-ffcf3474290f,GHOST IN THE CELL,cinepolis,,1859bb5f-f638-4a41-854c-a114f6f8a608,HORROR,1h 46m,D17+,2D,2026-05-26,a62a56ad-2ca0-4573-bb13-0b0f6b761460,2026-05-26T16:34:23.610100
780a94d4-4262-4338-8b3e-ffcf3474290f,"AYAH, INI ARAHNYA KEMANA, YA?",cinepolis,,47fccbc0-f843-4918-ad66-28fcef4aa048,DRAMA,1h 43m,13+,2D,2026-05-26,faeb258e-0e86-4d8a-9baf-1f858de996b4,2026-05-26T16:34:23.611286
780a94d4-4262-4338-8b3e-ffcf3474290f,YANG LAIN BOLEH HILANG ASAL KAU JANGAN,cinepolis,,ff59e4ab-92e1-4aa6-bfd8-ab6521930738,DRAMA,1h 53m,13+,2D,2026-05-26,e823944c-7017-4d85-9137-c709feb7b7d7,2026-05-26T16:34:23.612221
780a94d4-4262-4338-8b3e-ffcf3474290f,KELUARGA SUAMI ADALAH HAMA,cinepolis,,6a227c4d-1483-455f-842b-37ab7ddccdc2,DRAMA,1h 57m,13+,2D,2026-05-26,c55f03bf-f5a6-4125-8189-fa21e2de6da2,2026-05-26T16:34:23.613088
780a94d4-4262-4338-8b3e-ffcf3474290f,TIBA TIBA SETAN,cinepolis,,1d967795-fc67-4246-984c-e494ece3054c,COMEDY,1h 53m,13+,2D,2026-05-26,d683f681-dc2a-40bb-9422-5d8134f3061f,2026-05-26T16:34:24.862837
30df8a38-f3ff-4b15-bb24-04c9af23b1ce,SEKAWAN LIMO 2: GUNUNG KLAWIH,cinepolis,,7a5e33ac-ba36-4c3f-bd38-0f7f00a79a1d,COMEDY,2h 2m,13+,2D,2026-05-26,a6a5829d-f8af-41c0-9ba2-e3ec33234858,2026-05-26T16:34:29.706916
30df8a38-f3ff-4b15-bb24-04c9af23b1ce,CHILDREN OF HEAVEN,cinepolis,,0ae5ff7b-e255-45b6-a488-c0feb89dc653,DRAMA,1h 37m,SU,2D,2026-05-26,65962ae3-6a95-4e67-a85f-1da40ad9c692,2026-05-26T16:34:29.708336
30df8a38-f3ff-4b15-bb24-04c9af23b1ce,PASSENGER,cinepolis,,f99ed192-5c3c-4e8c-b507-05e2d244ecfd,HORROR,1h 34m,D17+,2D,2026-05-26,3df7a94c-f4cf-4a1f-bdf0-dcc343f8194c,2026-05-26T16:34:29.709565
30df8a38-f3ff-4b15-bb24-04c9af23b1ce,TUMBAL PROYEK,cinepolis,,0b14c075-63cc-4a3b-b0a7-a3578ae1590b,HORROR,1h 46m,D17+,2D,2026-05-26,d5b10ef2-a3f9-4d87-aa52-999c52ee8f14,2026-05-26T16:34:29.710699
30df8a38-f3ff-4b15-bb24-04c9af23b1ce,SEMUA AKAN BAIK-BAIK SAJA,cinepolis,,cae94e25-4386-417b-8bdf-0dea2d0b0c71,DRAMA,1h 53m,13+,2D,2026-05-26,2889c597-26f1-4add-a276-07f9b90df1f1,2026-05-26T16:34:29.712035
30df8a38-f3ff-4b15-bb24-04c9af23b1ce,HOKUM,cinepolis,,6eb5558d-edd2-45f7-a295-6a10c7c57aaf,HORROR,1h 47m,13+,2D,2026-05-26,cb08c5e9-bfda-45bb-8cb8-a19190492c79,2026-05-26T16:34:29.713864
bf2be854-1dc8-46ce-8d81-413e37484fd9,SEKAWAN LIMO 2: GUNUNG KLAWIH,cinepolis,,7a5e33ac-ba36-4c3f-bd38-0f7f00a79a1d,COMEDY,2h 2m,13+,2D,2026-05-26,306d70cc-91ce-416c-9be3-8caba554ca66,2026-05-26T16:34:35.026562
bf2be854-1dc8-46ce-8d81-413e37484fd9,CHILDREN OF HEAVEN,cinepolis,,0ae5ff7b-e255-45b6-a488-c0feb89dc653,DRAMA,1h 37m,SU,2D,2026-05-26,200ee413-7f97-4087-aa3c-1b4607b9f3f5,2026-05-26T16:34:35.027741
bf2be854-1dc8-46ce-8d81-413e37484fd9,PASSENGER,cinepolis,,f99ed192-5c3c-4e8c-b507-05e2d244ecfd,HORROR,1h 34m,D17+,2D,2026-05-26,7aa40045-e13e-4652-a99a-f7b2d1ffd1a0,2026-05-26T16:34:35.029220
bf2be854-1dc8-46ce-8d81-413e37484fd9,BADUT GENDONG,cinepolis,,3c747edf-0b24-47d3-a687-cce565db1452,HORROR,1h 41m,D17+,2D,2026-05-26,b909a4bd-8677-4a20-9289-e600958525b6,2026-05-26T16:34:35.030296
bf2be854-1dc8-46ce-8d81-413e37484fd9,TUMBAL PROYEK,cinepolis,,0b14c075-63cc-4a3b-b0a7-a3578ae1590b,HORROR,1h 46m,D17+,2D,2026-05-26,18e8a26b-4ce0-48b9-8c13-2949839c7839,2026-05-26T16:34:35.031545
bf2be854-1dc8-46ce-8d81-413e37484fd9,SEMUA AKAN BAIK-BAIK SAJA,cinepolis,,cae94e25-4386-417b-8bdf-0dea2d0b0c71,DRAMA,1h 53m,13+,2D,2026-05-26,2abb1f16-5b05-4cd1-946e-9bc4df0d7ab8,2026-05-26T16:34:35.032465
bf2be854-1dc8-46ce-8d81-413e37484fd9,STAR WARS: THE MANDALORIAN AND GROGU,cinepolis,,488b0e44-9328-4660-827f-bf3341602b6d,FANTASY,2h 12m,13+,2D,2026-05-26,8be6f5a2-d3dc-4409-8b3e-d4c5ef5121cd,2026-05-26T16:34:35.034674
bf2be854-1dc8-46ce-8d81-413e37484fd9,PEGASUS 3,cinepolis,,8f125633-ac6b-459d-afbc-d1a0e529da32,ACTION,2h 6m,13+,2D,2026-05-26,bc28ac41-ba87-4c46-964b-fe25d0565b72,2026-05-26T16:34:35.035798
bf2be854-1dc8-46ce-8d81-413e37484fd9,SUNSHINE WOMEN`S CHOIR,cinepolis,,33062671-0ce9-4273-90a4-86ac43173ab4,COMEDY,2h 14m,13+,2D,2026-05-26,bc1b76c2-753e-4eb4-9fc1-ec1831bd4ea8,2026-05-26T16:34:35.037021
52251596-8067-47d9-b617-c1ab14e9cf21,SEKAWAN LIMO 2: GUNUNG KLAWIH,cinepolis,,7a5e33ac-ba36-4c3f-bd38-0f7f00a79a1d,COMEDY,2h 2m,13+,2D,2026-05-26,cf1d78ce-66d2-40e7-aa26-f2943d0800d8,2026-05-26T16:34:40.305361
52251596-8067-47d9-b617-c1ab14e9cf21,CHILDREN OF HEAVEN,cinepolis,,0ae5ff7b-e255-45b6-a488-c0feb89dc653,DRAMA,1h 37m,SU,2D,2026-05-26,e8cc5ee3-5aee-427b-9c70-e9763228bd39,2026-05-26T16:34:40.306930
52251596-8067-47d9-b617-c1ab14e9cf21,TUMBAL PROYEK,cinepolis,,0b14c075-63cc-4a3b-b0a7-a3578ae1590b,HORROR,1h 46m,D17+,2D,2026-05-26,1c231ed4-5319-4b9a-b19c-06b9bf18a24a,2026-05-26T16:34:40.308051
52251596-8067-47d9-b617-c1ab14e9cf21,SEMUA AKAN BAIK-BAIK SAJA,cinepolis,,cae94e25-4386-417b-8bdf-0dea2d0b0c71,DRAMA,1h 53m,13+,2D,2026-05-26,2b58cfc6-a0a5-4164-9713-aefb3e3ba5c4,2026-05-26T16:34:40.308904
52251596-8067-47d9-b617-c1ab14e9cf21,GUDANG MERICA,cinepolis,,0e87a4c9-10fb-496b-b0a4-4d60d71c222d,COMEDY,1h 38m,D17+,2D,2026-05-26,0dc119d1-01fb-4f5b-8603-294a0fc7d8ed,2026-05-26T16:34:40.309738
52251596-8067-47d9-b617-c1ab14e9cf21,STAR WARS: THE MANDALORIAN AND GROGU,cinepolis,,488b0e44-9328-4660-827f-bf3341602b6d,FANTASY,2h 12m,13+,2D,2026-05-26,6de58bb3-fe0e-4115-91c3-52bac79ccccc,2026-05-26T16:34:40.310985
52251596-8067-47d9-b617-c1ab14e9cf21,GHOST IN THE CELL,cinepolis,,1859bb5f-f638-4a41-854c-a114f6f8a608,HORROR,1h 46m,D17+,2D,2026-05-26,b95d7f52-dac6-42a7-8f91-29257519b56f,2026-05-26T16:34:40.311663
52251596-8067-47d9-b617-c1ab14e9cf21,MORTAL KOMBAT II,cinepolis,,420e1f44-2534-4ed9-9d6f-84cf6406d5a8,ACTION,1h 56m,D17+,2D,2026-05-26,6c208254-5e67-401a-b457-657c7ec02963,2026-05-26T16:34:40.312361
52251596-8067-47d9-b617-c1ab14e9cf21,KELUARGA SUAMI ADALAH HAMA,cinepolis,,6a227c4d-1483-455f-842b-37ab7ddccdc2,DRAMA,1h 57m,13+,2D,2026-05-26,2fc0aad8-3aa8-4060-a502-dd2e246ddfce,2026-05-26T16:34:40.312961
3ca77a13-997b-4e0c-a740-62826e78b2c2,SEKAWAN LIMO 2: GUNUNG KLAWIH,cinepolis,,7a5e33ac-ba36-4c3f-bd38-0f7f00a79a1d,COMEDY,2h 2m,13+,2D,2026-05-26,39703657-efc8-4181-9250-c58b198be1cc,2026-05-26T16:34:45.540782
3ca77a13-997b-4e0c-a740-62826e78b2c2,CHILDREN OF HEAVEN,cinepolis,,0ae5ff7b-e255-45b6-a488-c0feb89dc653,DRAMA,1h 37m,SU,2D,2026-05-26,777135eb-5147-4c3b-ba78-9fc7d1b6ab3d,2026-05-26T16:34:45.542112
3ca77a13-997b-4e0c-a740-62826e78b2c2,TUMBAL PROYEK,cinepolis,,0b14c075-63cc-4a3b-b0a7-a3578ae1590b,HORROR,1h 46m,D17+,2D,2026-05-26,c6457e9a-b462-4574-8007-8e590ea775b5,2026-05-26T16:34:45.543326
3ca77a13-997b-4e0c-a740-62826e78b2c2,GUDANG MERICA,cinepolis,,0e87a4c9-10fb-496b-b0a4-4d60d71c222d,COMEDY,1h 38m,D17+,2D,2026-05-26,952583a1-e4c9-412c-a209-c41ed8f74c50,2026-05-26T16:34:45.544442
4d9592a4-99a1-4a2b-b262-2d1f61d14a0f,SEKAWAN LIMO 2: GUNUNG KLAWIH,cinepolis,,7a5e33ac-ba36-4c3f-bd38-0f7f00a79a1d,COMEDY,2h 2m,13+,2D,2026-05-26,6e9ae7ee-131e-4c47-93f7-3d36a949b4fe,2026-05-26T16:34:51.626309
4d9592a4-99a1-4a2b-b262-2d1f61d14a0f,CHILDREN OF HEAVEN,cinepolis,,0ae5ff7b-e255-45b6-a488-c0feb89dc653,DRAMA,1h 37m,SU,2D,2026-05-26,08e1d30d-4b6b-498e-81f1-7c29174005f3,2026-05-26T16:34:51.627637
4d9592a4-99a1-4a2b-b262-2d1f61d14a0f,PASSENGER,cinepolis,,f99ed192-5c3c-4e8c-b507-05e2d244ecfd,HORROR,1h 34m,D17+,2D,2026-05-26,46e1e4f5-414e-4c62-b9b8-cef80fa40740,2026-05-26T16:34:51.628991
4d9592a4-99a1-4a2b-b262-2d1f61d14a0f,BADUT GENDONG,cinepolis,,3c747edf-0b24-47d3-a687-cce565db1452,HORROR,1h 41m,D17+,2D,2026-05-26,78654815-dd44-4f6f-bc31-94d25d5b719e,2026-05-26T16:34:51.629941
4d9592a4-99a1-4a2b-b262-2d1f61d14a0f,TUMBAL PROYEK,cinepolis,,0b14c075-63cc-4a3b-b0a7-a3578ae1590b,HORROR,1h 46m,D17+,2D,2026-05-26,bf4aac36-650c-45f3-8d33-46fac582492a,2026-05-26T16:34:51.631179
4d9592a4-99a1-4a2b-b262-2d1f61d14a0f,SEMUA AKAN BAIK-BAIK SAJA,cinepolis,,cae94e25-4386-417b-8bdf-0dea2d0b0c71,DRAMA,1h 53m,13+,2D,2026-05-26,1c3aa34d-7ae0-464c-8463-70ca62371197,2026-05-26T16:34:51.632639
4d9592a4-99a1-4a2b-b262-2d1f61d14a0f,GUDANG MERICA,cinepolis,,0e87a4c9-10fb-496b-b0a4-4d60d71c222d,COMEDY,1h 38m,D17+,2D,2026-05-26,f5b1131c-e49e-4c22-a66b-e4af7835956e,2026-05-26T16:34:51.634100
0ec7c85f-50ef-4edd-8c7a-e429abec18c1,SEKAWAN LIMO 2: GUNUNG KLAWIH,cinepolis,,7a5e33ac-ba36-4c3f-bd38-0f7f00a79a1d,COMEDY,2h 2m,13+,2D,2026-05-26,703aecbe-47b2-43eb-945a-69d051783df4,2026-05-26T16:34:56.874625
0ec7c85f-50ef-4edd-8c7a-e429abec18c1,CHILDREN OF HEAVEN,cinepolis,,0ae5ff7b-e255-45b6-a488-c0feb89dc653,DRAMA,1h 37m,SU,2D,2026-05-26,db2d9815-740e-44d0-9f01-c79c92495c81,2026-05-26T16:34:56.876377
0ec7c85f-50ef-4edd-8c7a-e429abec18c1,PASSENGER,cinepolis,,f99ed192-5c3c-4e8c-b507-05e2d244ecfd,HORROR,1h 34m,D17+,2D,2026-05-26,01888bd1-97ba-4f33-9911-d1819b0584d0,2026-05-26T16:34:56.878336
0ec7c85f-50ef-4edd-8c7a-e429abec18c1,BADUT GENDONG,cinepolis,,3c747edf-0b24-47d3-a687-cce565db1452,HORROR,1h 41m,D17+,2D,2026-05-26,ea2b0544-945c-4bca-89c9-5c1c36f4f844,2026-05-26T16:34:56.879274
0ec7c85f-50ef-4edd-8c7a-e429abec18c1,TUMBAL PROYEK,cinepolis,,0b14c075-63cc-4a3b-b0a7-a3578ae1590b,HORROR,1h 46m,D17+,2D,2026-05-26,5cc6b860-a4f4-4fba-9d3c-31dcd41730b0,2026-05-26T16:34:56.880093
0ec7c85f-50ef-4edd-8c7a-e429abec18c1,SEMUA AKAN BAIK-BAIK SAJA,cinepolis,,cae94e25-4386-417b-8bdf-0dea2d0b0c71,DRAMA,1h 53m,13+,2D,2026-05-26,12928fe8-1599-411c-ba36-d49e898173e7,2026-05-26T16:34:56.880871
0ec7c85f-50ef-4edd-8c7a-e429abec18c1,GUDANG MERICA,cinepolis,,0e87a4c9-10fb-496b-b0a4-4d60d71c222d,COMEDY,1h 38m,D17+,2D,2026-05-26,490453ed-a8a8-4356-921b-a0ec2a65a3dd,2026-05-26T16:34:56.881985
0ec7c85f-50ef-4edd-8c7a-e429abec18c1,STAR WARS: THE MANDALORIAN AND GROGU,cinepolis,,488b0e44-9328-4660-827f-bf3341602b6d,FANTASY,2h 12m,13+,2D,2026-05-26,4f1bf4dc-ac78-4bcc-b6fd-b548bfd87f67,2026-05-26T16:34:56.883090
0ec7c85f-50ef-4edd-8c7a-e429abec18c1,HOKUM,cinepolis,,6eb5558d-edd2-45f7-a295-6a10c7c57aaf,HORROR,1h 47m,13+,2D,2026-05-26,69e95065-6ca0-40df-b60f-f924b362b1a7,2026-05-26T16:34:56.884188
0ec7c85f-50ef-4edd-8c7a-e429abec18c1,GOHAN,cinepolis,,15718ddd-e8db-449b-9313-73b98733d485,DRAMA,2h 20m,SU,2D,2026-05-26,93dbbcd4-d56d-4b1c-b0f5-649b26032b26,2026-05-26T16:34:56.885289
0ec7c85f-50ef-4edd-8c7a-e429abec18c1,THE DEVIL WEARS PRADA 2,cinepolis,,97d5d4ac-9e2f-476f-a0ee-729bdefb04b1,COMEDY,1h 59m,13+,2D,2026-05-26,c2b6fe5d-5c08-4bf2-9d9b-4a742ff1df60,2026-05-26T16:34:56.886323
0ec7c85f-50ef-4edd-8c7a-e429abec18c1,THE KING`S WARDEN,cinepolis,,65881b59-8a2d-43fe-b61c-5d8b58e2b312,DRAMA,1h 57m,13+,2D,2026-05-26,1cde9a22-8139-431d-872c-f6a57ffca8c1,2026-05-26T16:34:56.887042
5c67e8f6-af69-41e1-b9cc-3ccec87b7b9e,SEKAWAN LIMO 2: GUNUNG KLAWIH,cinepolis,,7a5e33ac-ba36-4c3f-bd38-0f7f00a79a1d,COMEDY,2h 2m,13+,2D,2026-05-26,82e0330f-d242-4ead-aa6c-45a1700f2216,2026-05-26T16:35:02.991485
5c67e8f6-af69-41e1-b9cc-3ccec87b7b9e,CHILDREN OF HEAVEN,cinepolis,,0ae5ff7b-e255-45b6-a488-c0feb89dc653,DRAMA,1h 37m,SU,2D,2026-05-26,bf469247-ecaa-401d-b1cc-9d362dc8eea7,2026-05-26T16:35:02.992551
5c67e8f6-af69-41e1-b9cc-3ccec87b7b9e,PASSENGER,cinepolis,,f99ed192-5c3c-4e8c-b507-05e2d244ecfd,HORROR,1h 34m,D17+,2D,2026-05-26,5a77ba8a-48c8-445e-9be2-0aa885e1984d,2026-05-26T16:35:02.993517
5c67e8f6-af69-41e1-b9cc-3ccec87b7b9e,BADUT GENDONG,cinepolis,,3c747edf-0b24-47d3-a687-cce565db1452,HORROR,1h 41m,D17+,2D,2026-05-26,6b728685-e1d2-4379-861a-bf4a42056db9,2026-05-26T16:35:02.994508
5c67e8f6-af69-41e1-b9cc-3ccec87b7b9e,TUMBAL PROYEK,cinepolis,,0b14c075-63cc-4a3b-b0a7-a3578ae1590b,HORROR,1h 46m,D17+,2D,2026-05-26,ab3bab98-339d-43e0-984f-8c6369311008,2026-05-26T16:35:02.995569
5c67e8f6-af69-41e1-b9cc-3ccec87b7b9e,GUDANG MERICA,cinepolis,,0e87a4c9-10fb-496b-b0a4-4d60d71c222d,COMEDY,1h 38m,D17+,2D,2026-05-26,a170378c-d530-4139-8aa6-56526f16ba20,2026-05-26T16:35:02.996454
5c67e8f6-af69-41e1-b9cc-3ccec87b7b9e,SUAMIKU LUKAKU,cinepolis,,f3e0cc94-be0d-4b52-8559-e87edeb75793,DRAMA,1h 32m,D17+,2D,2026-05-26,99aca7eb-8ea0-45c3-9202-dcab285894cb,2026-05-26T16:35:02.997428
1e62a6b6-002d-49df-a614-6d49d22cd0e4,SEKAWAN LIMO 2: GUNUNG KLAWIH,cinepolis,,7a5e33ac-ba36-4c3f-bd38-0f7f00a79a1d,COMEDY,2h 2m,13+,2D,2026-05-26,405493a4-f651-490c-8c06-4b1469b67854,2026-05-26T16:35:08.304561
1e62a6b6-002d-49df-a614-6d49d22cd0e4,CHILDREN OF HEAVEN,cinepolis,,0ae5ff7b-e255-45b6-a488-c0feb89dc653,DRAMA,1h 37m,SU,2D,2026-05-26,04770220-8ccd-4ad3-a2f5-7ad326729153,2026-05-26T16:35:08.305938
1e62a6b6-002d-49df-a614-6d49d22cd0e4,PASSENGER,cinepolis,,f99ed192-5c3c-4e8c-b507-05e2d244ecfd,HORROR,1h 34m,D17+,2D,2026-05-26,ae219f27-3eb9-4e2b-a674-4f1ae08234be,2026-05-26T16:35:08.308068
1e62a6b6-002d-49df-a614-6d49d22cd0e4,TUMBAL PROYEK,cinepolis,,0b14c075-63cc-4a3b-b0a7-a3578ae1590b,HORROR,1h 46m,D17+,2D,2026-05-26,653a07f0-49dc-4e70-8ec1-000bb755a076,2026-05-26T16:35:08.309535
1e62a6b6-002d-49df-a614-6d49d22cd0e4,GUDANG MERICA,cinepolis,,0e87a4c9-10fb-496b-b0a4-4d60d71c222d,COMEDY,1h 38m,D17+,2D,2026-05-26,403ea571-e049-4f01-ab20-5f534293c7cb,2026-05-26T16:35:08.310526
1e62a6b6-002d-49df-a614-6d49d22cd0e4,STAR WARS: THE MANDALORIAN AND GROGU,cinepolis,,488b0e44-9328-4660-827f-bf3341602b6d,FANTASY,2h 12m,13+,2D,2026-05-26,541d06b0-f784-4c35-9922-5c506182b3d8,2026-05-26T16:35:08.311530
1e62a6b6-002d-49df-a614-6d49d22cd0e4,THE SHEEP DETECTIVES,cinepolis,,71865891-a162-4fb5-bcc1-eda6d7edf3e9,COMEDY,1h 49m,SU,2D,2026-05-26,01c72acd-d984-452f-b64d-4f9310d7eee1,2026-05-26T16:35:08.312520
1d12117e-75a2-473d-88a3-8d9a3080b892,SEKAWAN LIMO 2: GUNUNG KLAWIH,cinepolis,,7a5e33ac-ba36-4c3f-bd38-0f7f00a79a1d,COMEDY,2h 2m,13+,2D,2026-05-26,3849f127-58a6-4547-8234-383c5eba7d6f,2026-05-26T16:35:14.400980
1d12117e-75a2-473d-88a3-8d9a3080b892,CHILDREN OF HEAVEN,cinepolis,,0ae5ff7b-e255-45b6-a488-c0feb89dc653,DRAMA,1h 37m,SU,2D,2026-05-26,c6b30801-096f-42a6-b23e-28deee7e298b,2026-05-26T16:35:14.402098
1d12117e-75a2-473d-88a3-8d9a3080b892,PASSENGER,cinepolis,,f99ed192-5c3c-4e8c-b507-05e2d244ecfd,HORROR,1h 34m,D17+,2D,2026-05-26,f68b19fe-240a-4a63-9953-a281aa90ec8c,2026-05-26T16:35:14.405957
1d12117e-75a2-473d-88a3-8d9a3080b892,TUMBAL PROYEK,cinepolis,,0b14c075-63cc-4a3b-b0a7-a3578ae1590b,HORROR,1h 46m,D17+,2D,2026-05-26,f5be20f8-f848-4bf6-99c2-07494f717d6a,2026-05-26T16:35:14.407882
1d12117e-75a2-473d-88a3-8d9a3080b892,SEMUA AKAN BAIK-BAIK SAJA,cinepolis,,cae94e25-4386-417b-8bdf-0dea2d0b0c71,DRAMA,1h 53m,13+,2D,2026-05-26,6c4237e8-2b93-4003-b339-7687c09c88ec,2026-05-26T16:35:14.408821
1d12117e-75a2-473d-88a3-8d9a3080b892,STAR WARS: THE MANDALORIAN AND GROGU,cinepolis,,488b0e44-9328-4660-827f-bf3341602b6d,FANTASY,2h 12m,13+,2D,2026-05-26,f32d8e36-f17a-4b4f-9f2b-332b545f336e,2026-05-26T16:35:14.409765
1d12117e-75a2-473d-88a3-8d9a3080b892,GHOST IN THE CELL,cinepolis,,1859bb5f-f638-4a41-854c-a114f6f8a608,HORROR,1h 46m,D17+,2D,2026-05-26,3960c988-f86e-4919-874f-f1c79edbb33b,2026-05-26T16:35:14.412018
1d12117e-75a2-473d-88a3-8d9a3080b892,HOKUM,cinepolis,,6eb5558d-edd2-45f7-a295-6a10c7c57aaf,HORROR,1h 47m,13+,2D,2026-05-26,7abfc97e-e338-4803-85a5-3d08676079fd,2026-05-26T16:35:14.413344
1d12117e-75a2-473d-88a3-8d9a3080b892,GOHAN,cinepolis,,15718ddd-e8db-449b-9313-73b98733d485,DRAMA,2h 20m,SU,2D,2026-05-26,6619f726-b50b-4591-a570-a7f7ac6b056e,2026-05-26T16:35:14.414431
1d12117e-75a2-473d-88a3-8d9a3080b892,THE SUPER MARIO GALAXY MOVIE,cinepolis,,4d0f64f0-c009-46e2-bac7-7bb5c43057f8,ANIMATION,1h 38m,SU,2D,2026-05-26,d2a17235-f188-4262-8672-80bb150fa139,2026-05-26T16:35:14.415591
1d12117e-75a2-473d-88a3-8d9a3080b892,THE SHEEP DETECTIVES,cinepolis,,71865891-a162-4fb5-bcc1-eda6d7edf3e9,COMEDY,1h 49m,SU,2D,2026-05-26,0fee3c73-fed3-41d5-8494-9e358837bd82,2026-05-26T16:35:14.416510
1d12117e-75a2-473d-88a3-8d9a3080b892,SALMOKJI: WHISPERING WATER,cinepolis,,a71f8c7d-5bdf-4b91-b207-9acbafa2417a,HORROR,1h 35m,D17+,2D,2026-05-26,6c1a7c04-434f-4444-9df5-557c92360671,2026-05-26T16:35:14.863401
8e98d7de-b1fb-4c3e-bed7-f061f3a9b015,SEKAWAN LIMO 2: GUNUNG KLAWIH,cinepolis,,7a5e33ac-ba36-4c3f-bd38-0f7f00a79a1d,COMEDY,2h 2m,13+,2D,2026-05-26,2372c23d-3b09-4151-9cb7-b660e5b6a2bc,2026-05-26T16:35:19.664151
8e98d7de-b1fb-4c3e-bed7-f061f3a9b015,CHILDREN OF HEAVEN,cinepolis,,0ae5ff7b-e255-45b6-a488-c0feb89dc653,DRAMA,1h 37m,SU,2D,2026-05-26,6ffc33fd-49bb-48e6-b31c-21f71270994a,2026-05-26T16:35:19.665590
8e98d7de-b1fb-4c3e-bed7-f061f3a9b015,BADUT GENDONG,cinepolis,,3c747edf-0b24-47d3-a687-cce565db1452,HORROR,1h 41m,D17+,2D,2026-05-26,c0db31d9-4c7c-4757-9767-d4285bc78236,2026-05-26T16:35:19.666869
8e98d7de-b1fb-4c3e-bed7-f061f3a9b015,TUMBAL PROYEK,cinepolis,,0b14c075-63cc-4a3b-b0a7-a3578ae1590b,HORROR,1h 46m,D17+,2D,2026-05-26,0d5465ce-332b-4ad1-8cb4-548d7319f3d1,2026-05-26T16:35:19.668235
8e98d7de-b1fb-4c3e-bed7-f061f3a9b015,GUDANG MERICA,cinepolis,,0e87a4c9-10fb-496b-b0a4-4d60d71c222d,COMEDY,1h 38m,D17+,2D,2026-05-26,25a6eca5-346c-4d5c-a051-b4510646b8d1,2026-05-26T16:35:19.669433
5744355c-c21a-47f8-867b-a42834a71c02,SEKAWAN LIMO 2: GUNUNG KLAWIH,cinepolis,,7a5e33ac-ba36-4c3f-bd38-0f7f00a79a1d,COMEDY,2h 2m,13+,2D,2026-05-26,0ee0cf52-8f8c-4d7a-9d3c-c43831c1afaa,2026-05-26T16:35:24.974252
5744355c-c21a-47f8-867b-a42834a71c02,CHILDREN OF HEAVEN,cinepolis,,0ae5ff7b-e255-45b6-a488-c0feb89dc653,DRAMA,1h 37m,SU,2D,2026-05-26,28ccd95d-2f86-4369-bd96-6daed6807859,2026-05-26T16:35:24.975522
5744355c-c21a-47f8-867b-a42834a71c02,PASSENGER,cinepolis,,f99ed192-5c3c-4e8c-b507-05e2d244ecfd,HORROR,1h 34m,D17+,2D,2026-05-26,9b7fb37c-162b-4f33-a339-fee5223931b6,2026-05-26T16:35:24.977106
5744355c-c21a-47f8-867b-a42834a71c02,TUMBAL PROYEK,cinepolis,,0b14c075-63cc-4a3b-b0a7-a3578ae1590b,HORROR,1h 46m,D17+,2D,2026-05-26,cacf5ae8-af77-4352-a04d-a71048ae9fea,2026-05-26T16:35:24.978158
5744355c-c21a-47f8-867b-a42834a71c02,SEMUA AKAN BAIK-BAIK SAJA,cinepolis,,cae94e25-4386-417b-8bdf-0dea2d0b0c71,DRAMA,1h 53m,13+,2D,2026-05-26,93a7cdaf-567d-4a32-978a-e1a700c1a091,2026-05-26T16:35:24.979715
5744355c-c21a-47f8-867b-a42834a71c02,STAR WARS: THE MANDALORIAN AND GROGU,cinepolis,,488b0e44-9328-4660-827f-bf3341602b6d,FANTASY,2h 12m,13+,2D,2026-05-26,b364a1cb-1846-4fc5-84d0-ee5399f60162,2026-05-26T16:35:24.981413
5744355c-c21a-47f8-867b-a42834a71c02,SUAMIKU LUKAKU,cinepolis,,f3e0cc94-be0d-4b52-8559-e87edeb75793,DRAMA,1h 32m,D17+,2D,2026-05-26,2b8a652f-d190-47c1-9e1c-a632e0e24002,2026-05-26T16:35:24.982426
5744355c-c21a-47f8-867b-a42834a71c02,HOKUM,cinepolis,,6eb5558d-edd2-45f7-a295-6a10c7c57aaf,HORROR,1h 47m,13+,2D,2026-05-26,fd464240-7f38-4be4-bff9-6c5421cae143,2026-05-26T16:35:24.983654
5744355c-c21a-47f8-867b-a42834a71c02,"AYAH, INI ARAHNYA KEMANA, YA?",cinepolis,,47fccbc0-f843-4918-ad66-28fcef4aa048,DRAMA,1h 43m,13+,2D,2026-05-26,b51a7ef2-33f6-4f9a-9aae-38a2059be891,2026-05-26T16:35:24.985282
5744355c-c21a-47f8-867b-a42834a71c02,MORTAL KOMBAT II,cinepolis,,420e1f44-2534-4ed9-9d6f-84cf6406d5a8,ACTION,1h 56m,D17+,2D,2026-05-26,7a85d332-f871-4207-8503-b7919357cc3b,2026-05-26T16:35:24.987208
