cinema_id,title,source,movie_id,movie_code,genre,duration,age_rating,format,show_date,id,created_at
f549d7d0-4a14-43ac-979e-d4cb4868dd32,SEMUA AKAN BAIK-BAIK SAJA,21cineplex,,16SABB,Drama,113 menit,13+,2D,2026-05-27,c96553ba-8aff-4bbb-ab1b-5c2ab2b06c36,2026-05-27T16:20:16.330827
f549d7d0-4a14-43ac-979e-d4cb4868dd32,SUAMIKU LUKAKU,21cineplex,,16SLUU,Drama,92 menit,D17+,2D,2026-05-27,bb050061-031f-4e33-873c-d848787cc459,2026-05-27T16:20:16.331533
f549d7d0-4a14-43ac-979e-d4cb4868dd32,SEKAWAN LIMO 2: GUNUNG KLAWIH,21cineplex,,16SK2G,"Comedy, Horror",122 menit,13+,2D,2026-05-27,f162229f-e377-42d8-b804-4f3358235ce4,2026-05-27T16:20:16.332031
f549d7d0-4a14-43ac-979e-d4cb4868dd32,CHILDREN OF HEAVEN,21cineplex,,16COHN,"Drama, Family",97 menit,SU,2D,2026-05-27,d91b0614-3e43-4df9-bdb9-8e5d96903971,2026-05-27T16:20:16.332468
f549d7d0-4a14-43ac-979e-d4cb4868dd32,TUMBAL PROYEK,21cineplex,,16TPRK,Horror,106 menit,D17+,2D,2026-05-27,5b77e024-0c1b-4e3e-9e75-b2b86c92d7f6,2026-05-27T16:20:16.332655
c9a60767-7589-4c1e-bfdc-0d0fdb4186b3,BADUT GENDONG,21cineplex,,16BGEG,"Action, Horror",101 menit,D17+,2D,2026-05-27,0dd863a0-08a9-45c6-b97f-49a6783cf1fe,2026-05-27T16:20:16.333209
c9a60767-7589-4c1e-bfdc-0d0fdb4186b3,PASSENGER,21cineplex,,26PASR,Horror,94 menit,D17+,2D,2026-05-27,8dbf2206-5a3b-4321-86bd-af59b417d1da,2026-05-27T16:20:16.333427
c9a60767-7589-4c1e-bfdc-0d0fdb4186b3,GOHAN,21cineplex,,26GOHN,Drama,140 menit,SU,2D,2026-05-27,053de4e7-ee66-4b39-82d0-a5a6f0ecc046,2026-05-27T16:20:16.333592
c9a60767-7589-4c1e-bfdc-0d0fdb4186b3,HOKUM,21cineplex,,26HOKM,Horror,107 menit,13+,2D,2026-05-27,e73c8a8e-4e2b-4d22-891a-82c68c92a2c4,2026-05-27T16:20:16.333693
c9a60767-7589-4c1e-bfdc-0d0fdb4186b3,SEKAWAN LIMO 2: GUNUNG KLAWIH,21cineplex,,16SK2G,"Comedy, Horror",122 menit,13+,2D,2026-05-27,be03e963-620e-4113-8a23-7effa22e3e91,2026-05-27T16:20:16.333804
c9a60767-7589-4c1e-bfdc-0d0fdb4186b3,CHILDREN OF HEAVEN,21cineplex,,16COHN,"Drama, Family",97 menit,SU,2D,2026-05-27,fdb15774-0a64-46e8-9111-461684586837,2026-05-27T16:20:16.333970
c9a60767-7589-4c1e-bfdc-0d0fdb4186b3,COLONY,21cineplex,,26COLY,"Horror, Thriller",122 menit,13+,2D,2026-06-03,92533020-4bf8-49c4-80dc-7157b5e8a575,2026-05-27T16:20:16.334126
47d2d6d3-a734-4baa-b627-6e321776422a,TUMBAL PROYEK,21cineplex,,16TPRK,Horror,106 menit,D17+,2D,2026-05-27,1d15a9de-d84d-435d-8b22-13e07d02667d,2026-05-27T16:20:16.335079
47d2d6d3-a734-4baa-b627-6e321776422a,CHILDREN OF HEAVEN,21cineplex,,16COHN,"Drama, Family",97 menit,SU,2D,2026-05-27,ca626e11-c2d5-4b47-815b-5ed93bfcdd17,2026-05-27T16:20:16.335279
47d2d6d3-a734-4baa-b627-6e321776422a,SUAMIKU LUKAKU,21cineplex,,16SLUU,Drama,92 menit,D17+,2D,2026-05-27,4be4f533-6f26-4e36-b010-97cdcf900903,2026-05-27T16:20:16.335440
c46525b4-270c-4750-a1ee-404d0239e114,GUDANG MERICA,21cineplex,,16GMEA,"Comedy, Horror",98 menit,D17+,2D,2026-05-27,92017aa0-71e4-4137-b97d-46c9953494fe,2026-05-27T16:20:17.938105
c46525b4-270c-4750-a1ee-404d0239e114,STAR WARS: THE MANDALORIAN AND GROGU,21cineplex,,26SWMG,"Fantasy, Sci-Fi",132 menit,13+,2D,2026-05-27,726a58e6-8178-4892-80a6-7c7e52751a7d,2026-05-27T16:20:17.938317
c46525b4-270c-4750-a1ee-404d0239e114,SEKAWAN LIMO 2: GUNUNG KLAWIH,21cineplex,,16SK2G,"Comedy, Horror",122 menit,13+,2D,2026-05-27,ff9e7996-50c7-47cf-8107-304b9f3e1724,2026-05-27T16:20:17.938420
c46525b4-270c-4750-a1ee-404d0239e114,SEMUA AKAN BAIK-BAIK SAJA,21cineplex,,16SABB,Drama,113 menit,13+,2D,2026-05-27,2b80083b-d108-4a59-a786-5b25917e264b,2026-05-27T16:20:17.938646
c46525b4-270c-4750-a1ee-404d0239e114,HOKUM,21cineplex,,26HOKM,Horror,107 menit,13+,2D,2026-05-27,f5f26ec2-e179-4667-8521-4aa86328f575,2026-05-27T16:20:17.938781
c46525b4-270c-4750-a1ee-404d0239e114,SUAMIKU LUKAKU,21cineplex,,16SLUU,Drama,92 menit,D17+,2D,2026-05-27,eff77a03-604c-431c-b1fc-a14327056549,2026-05-27T16:20:17.938864
c46525b4-270c-4750-a1ee-404d0239e114,BADUT GENDONG,21cineplex,,16BGEG,"Action, Horror",101 menit,D17+,2D,2026-05-27,f58c497d-7c22-48c0-83fd-ef16b95c6c58,2026-05-27T16:20:17.939031
c46525b4-270c-4750-a1ee-404d0239e114,PASSENGER,21cineplex,,26PASR,Horror,94 menit,D17+,2D,2026-05-27,02bf90b0-4936-433a-af5b-047de052f402,2026-05-27T16:20:17.939151
c46525b4-270c-4750-a1ee-404d0239e114,COLONY,21cineplex,,26COLY,"Horror, Thriller",122 menit,13+,2D,2026-06-03,bd249cbb-cc28-4da0-8b94-795bca7166cf,2026-05-27T16:20:17.939326
dede199c-0d5b-43e2-8108-9ff87e7628ce,BADUT GENDONG,21cineplex,,16BGEG,"Action, Horror",101 menit,D17+,2D,2026-05-27,7f3468f7-7994-4ac3-a2c5-1246feb98fe1,2026-05-27T16:20:19.460135
dede199c-0d5b-43e2-8108-9ff87e7628ce,PASSENGER,21cineplex,,26PASR,Horror,94 menit,D17+,2D,2026-05-27,defb58c7-8c71-4031-a640-fed5b8b17cdb,2026-05-27T16:20:19.460373
dede199c-0d5b-43e2-8108-9ff87e7628ce,SUAMIKU LUKAKU,21cineplex,,16SLUU,Drama,92 menit,D17+,2D,2026-05-27,35a3bee2-0429-4d32-93d1-e2d7678d459b,2026-05-27T16:20:19.460549
dede199c-0d5b-43e2-8108-9ff87e7628ce,SEKAWAN LIMO 2: GUNUNG KLAWIH,21cineplex,,16SK2G,"Comedy, Horror",122 menit,13+,2D,2026-05-27,708570cf-506a-4775-96ae-815a2725775a,2026-05-27T16:20:19.460750
dede199c-0d5b-43e2-8108-9ff87e7628ce,CHILDREN OF HEAVEN,21cineplex,,16COHN,"Drama, Family",97 menit,SU,2D,2026-05-27,47af15ff-cbf5-4ff9-837f-8a53e253c319,2026-05-27T16:20:19.460909
22d1997e-b0f6-4380-abff-54a3ec4d327e,HOKUM,21cineplex,,26HOKM,Horror,107 menit,13+,2D,2026-05-27,e8c80c86-eb1f-4b17-964c-5a6b0e22ba97,2026-05-27T16:20:21.589374
22d1997e-b0f6-4380-abff-54a3ec4d327e,BADUT GENDONG,21cineplex,,16BGEG,"Action, Horror",101 menit,D17+,2D,2026-05-27,ea80bc27-584b-4026-8d00-9afd243f05ac,2026-05-27T16:20:21.589569
22d1997e-b0f6-4380-abff-54a3ec4d327e,STAR WARS: THE MANDALORIAN AND GROGU,21cineplex,,26SWMG,"Fantasy, Sci-Fi",132 menit,13+,2D,2026-05-27,cbb34dc4-5d10-4379-9cc6-545379b9bf69,2026-05-27T16:20:21.589750
22d1997e-b0f6-4380-abff-54a3ec4d327e,CHILDREN OF HEAVEN,21cineplex,,16COHN,"Drama, Family",97 menit,SU,2D,2026-05-27,8a0d773c-7f9d-4c7b-b3a1-d0ea2b560e82,2026-05-27T16:20:21.589822
22d1997e-b0f6-4380-abff-54a3ec4d327e,GOHAN,21cineplex,,26GOHN,Drama,140 menit,SU,2D,2026-05-27,e91de5a1-907e-42c4-a279-f160e2d4beab,2026-05-27T16:20:21.590005
22d1997e-b0f6-4380-abff-54a3ec4d327e,PASSENGER,21cineplex,,26PASR,Horror,94 menit,D17+,2D,2026-05-27,d244d2d4-5c8f-4286-959a-6dbff0a756f1,2026-05-27T16:20:21.590123
22d1997e-b0f6-4380-abff-54a3ec4d327e,COLONY,21cineplex,,26COLY,"Horror, Thriller",122 menit,13+,2D,2026-06-03,d7288684-282e-4ada-8b58-450a0ec028c3,2026-05-27T16:20:21.590290
aa2c65a3-965b-4151-a01b-44281f246d1b,TUMBAL PROYEK,21cineplex,,16TPRK,Horror,106 menit,D17+,2D,2026-05-27,ca6ccaf3-8aa8-41b3-bb3e-ecbfe9f83194,2026-05-27T16:20:24.121842
aa2c65a3-965b-4151-a01b-44281f246d1b,BADUT GENDONG,21cineplex,,16BGEG,"Action, Horror",101 menit,D17+,2D,2026-05-27,b9f13932-4220-465d-a8bf-0baf3a97f30a,2026-05-27T16:20:24.122044
aa2c65a3-965b-4151-a01b-44281f246d1b,GUDANG MERICA,21cineplex,,16GMEA,"Comedy, Horror",98 menit,D17+,2D,2026-05-27,4f4ca2f9-96ea-43f6-897c-7326daa31388,2026-05-27T16:20:24.122233
aa2c65a3-965b-4151-a01b-44281f246d1b,SUAMIKU LUKAKU,21cineplex,,16SLUU,Drama,92 menit,D17+,2D,2026-05-27,45f373ec-4565-43fe-a194-6cee14fd786a,2026-05-27T16:20:24.122403
aa2c65a3-965b-4151-a01b-44281f246d1b,CHILDREN OF HEAVEN,21cineplex,,16COHN,"Drama, Family",97 menit,SU,2D,2026-05-27,c3d7e344-c1a5-496e-b302-3ca98578dec4,2026-05-27T16:20:24.122589
aa2c65a3-965b-4151-a01b-44281f246d1b,SEMUA AKAN BAIK-BAIK SAJA,21cineplex,,16SABB,Drama,113 menit,13+,2D,2026-05-27,4327d583-c3a0-4006-8424-523b78121eb2,2026-05-27T16:20:24.122741
aa2c65a3-965b-4151-a01b-44281f246d1b,YANG LAIN BOLEH HILANG ASAL KAU JANGAN,21cineplex,,16YLBH,Drama,113 menit,13+,2D,2026-05-27,85680025-c437-4ed3-956c-fbf88aba262a,2026-05-27T16:20:24.122889
89ece199-d71a-4405-86e1-a1596466183c,HOKUM,21cineplex,,26HOKM,Horror,107 menit,13+,2D,2026-05-27,36a5fd55-f857-4bba-82b7-0c0de8a68b1e,2026-05-27T16:20:25.395173
89ece199-d71a-4405-86e1-a1596466183c,GHOST IN THE CELL,21cineplex,,16GITC,"Comedy, Horror",106 menit,D17+,2D,2026-05-27,3bc4dd50-9214-401c-99e4-178fb7f85f4f,2026-05-27T16:20:25.395360
89ece199-d71a-4405-86e1-a1596466183c,SUAMIKU LUKAKU,21cineplex,,16SLUU,Drama,92 menit,D17+,2D,2026-05-27,bf4292b4-9a0b-4640-9aaf-93027034c5ce,2026-05-27T16:20:25.395519
89ece199-d71a-4405-86e1-a1596466183c,TUMBAL PROYEK,21cineplex,,16TPRK,Horror,106 menit,D17+,2D,2026-05-27,d5f9fb57-440f-4294-9db2-735d3056239e,2026-05-27T16:20:25.395716
89ece199-d71a-4405-86e1-a1596466183c,PASSENGER,21cineplex,,26PASR,Horror,94 menit,D17+,2D,2026-05-27,906a176c-97ea-49ce-8ae9-5ee1933fe457,2026-05-27T16:20:25.395903
89ece199-d71a-4405-86e1-a1596466183c,SEKAWAN LIMO 2: GUNUNG KLAWIH,21cineplex,,16SK2G,"Comedy, Horror",122 menit,13+,2D,2026-05-27,794fbc21-c718-43a0-ae83-7f394747c3f1,2026-05-27T16:20:25.396110
89ece199-d71a-4405-86e1-a1596466183c,CHILDREN OF HEAVEN,21cineplex,,16COHN,"Drama, Family",97 menit,SU,2D,2026-05-27,7d2cb74d-48ad-4265-bb46-21a74dc339a8,2026-05-27T16:20:25.396336
89ece199-d71a-4405-86e1-a1596466183c,SEMUA AKAN BAIK-BAIK SAJA,21cineplex,,16SABB,Drama,113 menit,13+,2D,2026-05-27,f81da6fe-8f42-4956-aaa4-7118e0e2fee8,2026-05-27T16:20:25.396696
89ece199-d71a-4405-86e1-a1596466183c,COLONY,21cineplex,,26COLY,"Horror, Thriller",122 menit,13+,2D,2026-06-03,98b7dafd-1b4f-4e78-a42c-b52d160d8a2c,2026-05-27T16:20:25.396924
1a684970-80d3-4138-a7d0-7af64f5759ee,TUMBAL PROYEK,21cineplex,,16TPRK,Horror,106 menit,D17+,2D,2026-05-27,57eb1384-62e5-4407-acce-89220a186167,2026-05-27T16:20:27.192358
1a684970-80d3-4138-a7d0-7af64f5759ee,BADUT GENDONG,21cineplex,,16BGEG,"Action, Horror",101 menit,D17+,2D,2026-05-27,762fd112-ac6b-4540-80b3-9864af288eaf,2026-05-27T16:20:27.192527
1a684970-80d3-4138-a7d0-7af64f5759ee,SEKAWAN LIMO 2: GUNUNG KLAWIH,21cineplex,,16SK2G,"Comedy, Horror",122 menit,13+,2D,2026-05-27,3aea86a0-14f5-45d9-8279-fdf3d61c65c1,2026-05-27T16:20:27.192798
1a684970-80d3-4138-a7d0-7af64f5759ee,SUAMIKU LUKAKU,21cineplex,,16SLUU,Drama,92 menit,D17+,2D,2026-05-27,f4fbea60-9835-40c9-878f-0d100e8f5a46,2026-05-27T16:20:27.192950
1a684970-80d3-4138-a7d0-7af64f5759ee,CHILDREN OF HEAVEN,21cineplex,,16COHN,"Drama, Family",97 menit,SU,2D,2026-05-27,a1d52a46-4bbf-4d3c-a594-26e574bddbe1,2026-05-27T16:20:27.193103
1a684970-80d3-4138-a7d0-7af64f5759ee,GUDANG MERICA,21cineplex,,16GMEA,"Comedy, Horror",98 menit,D17+,2D,2026-05-27,364c2f70-ddd5-4f42-8541-289fb480ad82,2026-05-27T16:20:27.193296
41d7e500-0d8b-467e-bcd0-3f69991df65d,SEMUA AKAN BAIK-BAIK SAJA,21cineplex,,16SABB,Drama,113 menit,13+,2D,2026-05-27,eb5b3afe-dfc3-47b8-813a-df6d2f75321c,2026-05-27T16:20:28.449620
41d7e500-0d8b-467e-bcd0-3f69991df65d,TUMBAL PROYEK,21cineplex,,16TPRK,Horror,106 menit,D17+,2D,2026-05-27,a25d40b4-935a-4717-b6b4-0335b90fc6ea,2026-05-27T16:20:28.449770
41d7e500-0d8b-467e-bcd0-3f69991df65d,CHILDREN OF HEAVEN,21cineplex,,16COHN,"Drama, Family",97 menit,SU,2D,2026-05-27,36c71907-9827-4b11-829a-752dc7d484ca,2026-05-27T16:20:28.449873
41d7e500-0d8b-467e-bcd0-3f69991df65d,GOHAN,21cineplex,,26GOHN,Drama,140 menit,SU,2D,2026-05-27,306bbb48-f6b5-4578-b728-bb1274d36954,2026-05-27T16:20:28.450030
41d7e500-0d8b-467e-bcd0-3f69991df65d,BADUT GENDONG,21cineplex,,16BGEG,"Action, Horror",101 menit,D17+,2D,2026-05-27,9fa7ebcd-6deb-4e4a-9666-075867909fed,2026-05-27T16:20:28.450105
41d7e500-0d8b-467e-bcd0-3f69991df65d,SEKAWAN LIMO 2: GUNUNG KLAWIH,21cineplex,,16SK2G,"Comedy, Horror",122 menit,13+,2D,2026-05-27,e0a6952b-1f3d-4141-9cee-d59c7471ec11,2026-05-27T16:20:28.450285
41d7e500-0d8b-467e-bcd0-3f69991df65d,STAR WARS: THE MANDALORIAN AND GROGU,21cineplex,,26SWMG,"Fantasy, Sci-Fi",132 menit,13+,2D,2026-05-27,afa712d0-4041-464b-96da-e5248266767b,2026-05-27T16:20:28.450548
733fa379-bf2d-4322-b743-6f31c003ca54,BADUT GENDONG,21cineplex,,16BGEG,"Action, Horror",101 menit,D17+,2D,2026-05-27,45519b3d-550d-476f-8f9f-891b6290a868,2026-05-27T16:20:30.147828
733fa379-bf2d-4322-b743-6f31c003ca54,CHILDREN OF HEAVEN,21cineplex,,16COHN,"Drama, Family",97 menit,SU,2D,2026-05-27,42357676-e752-434d-80dd-fd06298d0265,2026-05-27T16:20:30.147940
733fa379-bf2d-4322-b743-6f31c003ca54,SEKAWAN LIMO 2: GUNUNG KLAWIH,21cineplex,,16SK2G,"Comedy, Horror",122 menit,13+,2D,2026-05-27,14713106-a2e5-4f9e-ae65-7bb727c3b9a3,2026-05-27T16:20:30.148056
733fa379-bf2d-4322-b743-6f31c003ca54,GUDANG MERICA,21cineplex,,16GMEA,"Comedy, Horror",98 menit,D17+,2D,2026-05-27,0f442291-65ba-4d0b-a9ba-1033fbcaf882,2026-05-27T16:20:30.148106
a53266e9-da05-429c-90c5-cc1dc98321e5,SEKAWAN LIMO 2: GUNUNG KLAWIH,21cineplex,,16SK2G,"Comedy, Horror",122 menit,13+,2D,2026-05-27,5c09e7ef-94bf-4cfd-ba4d-fc7b51c983b3,2026-05-27T16:20:31.410485
a53266e9-da05-429c-90c5-cc1dc98321e5,TUMBAL PROYEK,21cineplex,,16TPRK,Horror,106 menit,D17+,2D,2026-05-27,63bce36b-4381-4c1a-8261-d9c4893d0dce,2026-05-27T16:20:31.410602
a53266e9-da05-429c-90c5-cc1dc98321e5,CHILDREN OF HEAVEN,21cineplex,,16COHN,"Drama, Family",97 menit,SU,2D,2026-05-27,cf51d80b-41ae-433a-92c5-4339a66e1684,2026-05-27T16:20:31.410692
a53266e9-da05-429c-90c5-cc1dc98321e5,SUAMIKU LUKAKU,21cineplex,,16SLUU,Drama,92 menit,D17+,2D,2026-05-27,07af6a73-e608-4698-bed6-bf3bbfb4b717,2026-05-27T16:20:31.410800
a53266e9-da05-429c-90c5-cc1dc98321e5,BADUT GENDONG,21cineplex,,16BGEG,"Action, Horror",101 menit,D17+,2D,2026-05-27,89cdf1d3-748c-49a4-ae78-a305a3827d7c,2026-05-27T16:20:31.410884
25de67a5-f8e5-4b23-9120-7fa3e557b990,SUAMIKU LUKAKU,21cineplex,,16SLUU,Drama,92 menit,D17+,2D,2026-05-27,4eb6e5d8-08b7-4f8f-8045-160abd3f14f6,2026-05-27T16:20:33.175518
25de67a5-f8e5-4b23-9120-7fa3e557b990,PASSENGER,21cineplex,,26PASR,Horror,94 menit,D17+,2D,2026-05-27,fd18eba7-c372-46c9-aabe-fa44c67b29db,2026-05-27T16:20:33.175733
25de67a5-f8e5-4b23-9120-7fa3e557b990,TUMBAL PROYEK,21cineplex,,16TPRK,Horror,106 menit,D17+,2D,2026-05-27,107722e4-9cbb-4386-8434-eb59bcb08cf9,2026-05-27T16:20:33.175914
25de67a5-f8e5-4b23-9120-7fa3e557b990,BADUT GENDONG,21cineplex,,16BGEG,"Action, Horror",101 menit,D17+,2D,2026-05-27,0e904e73-c9fd-4342-b737-f92dc92bcdbb,2026-05-27T16:20:33.176007
25de67a5-f8e5-4b23-9120-7fa3e557b990,SEKAWAN LIMO 2: GUNUNG KLAWIH,21cineplex,,16SK2G,"Comedy, Horror",122 menit,13+,2D,2026-05-27,fc04be38-b0d0-45aa-a126-059390edcf9e,2026-05-27T16:20:33.176137
98a2416e-c4ca-4ce2-be19-ee2a9659f018,PASSENGER,21cineplex,,26PASR,Horror,94 menit,D17+,2D,2026-05-27,f3c2be79-3d2e-42b5-9b0d-ca70e3ce06d4,2026-05-27T16:20:34.400366
98a2416e-c4ca-4ce2-be19-ee2a9659f018,SEKAWAN LIMO 2: GUNUNG KLAWIH,21cineplex,,16SK2G,"Comedy, Horror",122 menit,13+,2D,2026-05-27,018c8e1e-3049-453d-96d9-cd4d08936269,2026-05-27T16:20:34.400580
98a2416e-c4ca-4ce2-be19-ee2a9659f018,CHILDREN OF HEAVEN,21cineplex,,16COHN,"Drama, Family",97 menit,SU,2D,2026-05-27,579862af-1072-481d-9b10-beb53c0f305a,2026-05-27T16:20:34.400753
98a2416e-c4ca-4ce2-be19-ee2a9659f018,GUDANG MERICA,21cineplex,,16GMEA,"Comedy, Horror",98 menit,D17+,2D,2026-05-27,13ea19cf-6af2-4ee6-b0b9-e0653aabbd5c,2026-05-27T16:20:34.400942
98a2416e-c4ca-4ce2-be19-ee2a9659f018,BADUT GENDONG,21cineplex,,16BGEG,"Action, Horror",101 menit,D17+,2D,2026-05-27,a144a3c1-ad0c-4298-9553-247fbacbbed9,2026-05-27T16:20:34.401078
98a2416e-c4ca-4ce2-be19-ee2a9659f018,TUMBAL PROYEK,21cineplex,,16TPRK,Horror,106 menit,D17+,2D,2026-05-27,8a1b8d46-f6ff-42f4-8292-0486590cb4d5,2026-05-27T16:20:34.401259
98a2416e-c4ca-4ce2-be19-ee2a9659f018,COLONY,21cineplex,,26COLY,"Horror, Thriller",122 menit,13+,2D,2026-06-03,c8b736a6-430b-4b38-8baa-ced626671ab1,2026-05-27T16:20:34.401358
045cc49c-13af-4b35-a000-ba908b6f7bc9,SUAMIKU LUKAKU,21cineplex,,16SLUU,Drama,92 menit,D17+,2D,2026-05-27,91f1ff4d-3764-4d64-a162-051940b98708,2026-05-27T16:20:36.266600
045cc49c-13af-4b35-a000-ba908b6f7bc9,CHILDREN OF HEAVEN,21cineplex,,16COHN,"Drama, Family",97 menit,SU,2D,2026-05-27,b99b32e5-c81b-47b7-8c0b-cea87edb7534,2026-05-27T16:20:36.266713
045cc49c-13af-4b35-a000-ba908b6f7bc9,BADUT GENDONG,21cineplex,,16BGEG,"Action, Horror",101 menit,D17+,2D,2026-05-27,77e3e807-9d7a-4e20-8904-62f63c35c45d,2026-05-27T16:20:36.266781
045cc49c-13af-4b35-a000-ba908b6f7bc9,SEKAWAN LIMO 2: GUNUNG KLAWIH,21cineplex,,16SK2G,"Comedy, Horror",122 menit,13+,2D,2026-05-27,45f7de4b-cadb-4d11-a1f3-ea3f151b1173,2026-05-27T16:20:36.266843
045cc49c-13af-4b35-a000-ba908b6f7bc9,TUMBAL PROYEK,21cineplex,,16TPRK,Horror,106 menit,D17+,2D,2026-05-27,a9b3adfe-1974-4951-be82-943f9787c2b8,2026-05-27T16:20:36.266886
599f7c1c-af22-4256-b8b7-35ec181f746a,SUAMIKU LUKAKU,21cineplex,,16SLUU,Drama,92 menit,D17+,2D,2026-05-27,dcf279c4-f6cd-47d6-8ab6-d75a4513c95b,2026-05-27T16:20:37.426079
599f7c1c-af22-4256-b8b7-35ec181f746a,CHILDREN OF HEAVEN,21cineplex,,16COHN,"Drama, Family",97 menit,SU,2D,2026-05-27,4a14fc75-74cc-4146-8b44-8f9ff9f03e2c,2026-05-27T16:20:37.426169
599f7c1c-af22-4256-b8b7-35ec181f746a,GUDANG MERICA,21cineplex,,16GMEA,"Comedy, Horror",98 menit,D17+,2D,2026-05-27,004afb39-d0ad-4a51-b122-ebc0424793bc,2026-05-27T16:20:37.426236
599f7c1c-af22-4256-b8b7-35ec181f746a,SEMUA AKAN BAIK-BAIK SAJA,21cineplex,,16SABB,Drama,113 menit,13+,2D,2026-05-27,b02af4ce-69fb-46e2-b3f7-e5099f7db37c,2026-05-27T16:20:37.426284
599f7c1c-af22-4256-b8b7-35ec181f746a,BADUT GENDONG,21cineplex,,16BGEG,"Action, Horror",101 menit,D17+,2D,2026-05-27,53bca1c9-6ece-4004-bfa3-9544df9f75cf,2026-05-27T16:20:37.426368
ae6e6f94-8868-4a38-89d0-0df68a6b1bd5,PASSENGER,21cineplex,,26PASR,Horror,94 menit,D17+,2D,2026-05-27,4a1c706e-8d22-4836-bba2-1330c7189868,2026-05-27T16:20:39.168315
ae6e6f94-8868-4a38-89d0-0df68a6b1bd5,CHILDREN OF HEAVEN,21cineplex,,16COHN,"Drama, Family",97 menit,SU,2D,2026-05-27,738ca027-38ef-4629-af9d-ec77f1047feb,2026-05-27T16:20:39.168476
ae6e6f94-8868-4a38-89d0-0df68a6b1bd5,SEKAWAN LIMO 2: GUNUNG KLAWIH,21cineplex,,16SK2G,"Comedy, Horror",122 menit,13+,2D,2026-05-27,312b54cc-d689-4673-82c8-c62a41109a1d,2026-05-27T16:20:39.168565
ae6e6f94-8868-4a38-89d0-0df68a6b1bd5,COLONY,21cineplex,,26COLY,"Horror, Thriller",122 menit,13+,2D,2026-06-03,cf30d575-7384-4396-8175-6dc289e9ec17,2026-05-27T16:20:39.168640
2fa5999d-2c6c-44f6-900e-5b32dd8f5318,HOKUM,21cineplex,,26HOKM,Horror,107 menit,13+,2D,2026-05-27,76c59b1e-390d-404a-8d61-93d120c07c09,2026-05-27T16:20:40.478657
2fa5999d-2c6c-44f6-900e-5b32dd8f5318,PASSENGER,21cineplex,,26PASR,Horror,94 menit,D17+,2D,2026-05-27,655e5caf-4443-4946-ac6d-df95c9b0942c,2026-05-27T16:20:40.478805
2fa5999d-2c6c-44f6-900e-5b32dd8f5318,STAR WARS: THE MANDALORIAN AND GROGU,21cineplex,,26SWMG,"Fantasy, Sci-Fi",132 menit,13+,2D,2026-05-27,cae800a9-d1a3-4a2a-8bb2-a84648dc4983,2026-05-27T16:20:40.478995
2fa5999d-2c6c-44f6-900e-5b32dd8f5318,CHILDREN OF HEAVEN,21cineplex,,16COHN,"Drama, Family",97 menit,SU,2D,2026-05-27,7eefc812-b2c9-4a51-8cb4-778e76b15de4,2026-05-27T16:20:40.479097
2fa5999d-2c6c-44f6-900e-5b32dd8f5318,MORTAL KOMBAT II,21cineplex,,25MKT2,"Action, Adventure",116 menit,D17+,2D,2026-05-27,235b8051-cd0a-4776-9cf4-12a8772c1524,2026-05-27T16:20:40.479423
2fa5999d-2c6c-44f6-900e-5b32dd8f5318,GOHAN,21cineplex,,26GOHN,Drama,140 menit,SU,2D,2026-05-27,25a8be89-f2b1-4dfe-91ee-9c122fe73234,2026-05-27T16:20:40.480448
2fa5999d-2c6c-44f6-900e-5b32dd8f5318,COLONY,21cineplex,,26COLY,"Horror, Thriller",122 menit,13+,2D,2026-06-03,c625dae9-36c3-4f60-b006-5331436930c1,2026-05-27T16:20:40.480626
bedd2a96-2879-463b-8b7e-4b508f36ad83,SEKAWAN LIMO 2: GUNUNG KLAWIH,21cineplex,,16SK2G,"Comedy, Horror",122 menit,13+,2D,2026-05-27,445699dd-4a77-4b0c-ac83-230dbf4c8066,2026-05-27T16:20:43.469220
bedd2a96-2879-463b-8b7e-4b508f36ad83,CHILDREN OF HEAVEN,21cineplex,,16COHN,"Drama, Family",97 menit,SU,2D,2026-05-27,d20a7649-b90b-490d-af28-897267ea1230,2026-05-27T16:20:43.469368
bedd2a96-2879-463b-8b7e-4b508f36ad83,PASSENGER,21cineplex,,26PASR,Horror,94 menit,D17+,2D,2026-05-27,6f2f7f90-da01-49d9-8933-8cb1760f4f3c,2026-05-27T16:20:43.469423
bedd2a96-2879-463b-8b7e-4b508f36ad83,HOKUM,21cineplex,,26HOKM,Horror,107 menit,13+,2D,2026-05-27,e3399497-1262-42f2-89bd-c6ed6adcbef8,2026-05-27T16:20:43.469478
14fc736c-0d77-4720-b996-68f337564abf,MICHAEL,21cineplex,,26MICL,Biography,127 menit,SU,2D,2026-05-27,dab1af35-c2b0-4962-853d-2558935c8bb9,2026-05-27T16:20:45.192635
14fc736c-0d77-4720-b996-68f337564abf,SEKAWAN LIMO 2: GUNUNG KLAWIH,21cineplex,,16SK2G,"Comedy, Horror",122 menit,13+,2D,2026-05-27,7e988573-1fef-4780-b351-36240a4ecc4d,2026-05-27T16:20:45.192812
14fc736c-0d77-4720-b996-68f337564abf,GOHAN,21cineplex,,26GOHN,Drama,140 menit,SU,2D,2026-05-27,a307d709-7b18-43d2-93a4-9134dfea5b46,2026-05-27T16:20:45.192978
14fc736c-0d77-4720-b996-68f337564abf,SUAMIKU LUKAKU,21cineplex,,16SLUU,Drama,92 menit,D17+,2D,2026-05-27,487b81fc-24b5-47b2-ae4a-cf11870e0fa2,2026-05-27T16:20:45.193099
14fc736c-0d77-4720-b996-68f337564abf,HOKUM,21cineplex,,26HOKM,Horror,107 menit,13+,2D,2026-05-27,1569026d-5dcc-4a84-a0b7-a99c20e7c0e4,2026-05-27T16:20:45.193315
14fc736c-0d77-4720-b996-68f337564abf,PASSENGER,21cineplex,,26PASR,Horror,94 menit,D17+,2D,2026-05-27,04023e91-04f9-47c9-9fa6-f60740a03b7c,2026-05-27T16:20:45.193481
14fc736c-0d77-4720-b996-68f337564abf,COLONY,21cineplex,,26COLY,"Horror, Thriller",122 menit,13+,2D,2026-06-03,4dc6dadb-dd44-436d-9218-099d4f7e8805,2026-05-27T16:20:45.193678
9d6ca27c-f306-4995-81ee-297f3cddcef7,SUAMIKU LUKAKU,21cineplex,,16SLUU,Drama,92 menit,D17+,2D,2026-05-27,70a7667b-541b-4e36-b95d-521a0cfdbc35,2026-05-27T16:20:49.508275
9d6ca27c-f306-4995-81ee-297f3cddcef7,SEKAWAN LIMO 2: GUNUNG KLAWIH,21cineplex,,16SK2G,"Comedy, Horror",122 menit,13+,2D,2026-05-27,b3164bea-b66e-41ea-b295-d4ad3f6e387a,2026-05-27T16:20:49.508725
9d6ca27c-f306-4995-81ee-297f3cddcef7,TUMBAL PROYEK,21cineplex,,16TPRK,Horror,106 menit,D17+,2D,2026-05-27,8ec0257f-82bd-45bb-9f84-2b9cb9fe9237,2026-05-27T16:20:49.508964
9d6ca27c-f306-4995-81ee-297f3cddcef7,HOKUM,21cineplex,,26HOKM,Horror,107 menit,13+,2D,2026-05-27,5953ee0c-adbf-42fb-89db-292b9c4f5792,2026-05-27T16:20:49.509128
9d6ca27c-f306-4995-81ee-297f3cddcef7,STAR WARS: THE MANDALORIAN AND GROGU,21cineplex,,26SWMG,"Fantasy, Sci-Fi",132 menit,13+,2D,2026-05-27,3c668ac3-19ab-4726-a6db-707168c7c278,2026-05-27T16:20:49.509333
9d6ca27c-f306-4995-81ee-297f3cddcef7,CHILDREN OF HEAVEN,21cineplex,,16COHN,"Drama, Family",97 menit,SU,2D,2026-05-27,ac16861a-0163-42ad-969e-07c45e61a62a,2026-05-27T16:20:49.509473
9d6ca27c-f306-4995-81ee-297f3cddcef7,BADUT GENDONG,21cineplex,,16BGEG,"Action, Horror",101 menit,D17+,2D,2026-05-27,74b9c4ac-5795-4b3a-a854-cb223437543d,2026-05-27T16:20:49.509740
9d6ca27c-f306-4995-81ee-297f3cddcef7,GOHAN,21cineplex,,26GOHN,Drama,140 menit,SU,2D,2026-05-27,ada24073-92d5-488a-a10a-c6ed90bd6084,2026-05-27T16:20:49.509885
9d6ca27c-f306-4995-81ee-297f3cddcef7,PASSENGER,21cineplex,,26PASR,Horror,94 menit,D17+,2D,2026-05-27,b03d4465-49a9-4a49-aa06-2d3037dcfe6c,2026-05-27T16:20:49.510011
9d6ca27c-f306-4995-81ee-297f3cddcef7,COLONY,21cineplex,,26COLY,"Horror, Thriller",122 menit,13+,2D,2026-06-03,d0b06eb9-024d-4eb5-a50e-29dede7fcb3b,2026-05-27T16:20:49.510289
723afc8b-7906-4085-ba77-9e6364cf9889,GOHAN,21cineplex,,26GOHN,Drama,140 menit,SU,2D,2026-05-27,56d4310f-1140-4079-ac7c-47be5c08896e,2026-05-27T16:20:51.178556
723afc8b-7906-4085-ba77-9e6364cf9889,PASSENGER,21cineplex,,26PASR,Horror,94 menit,D17+,2D,2026-05-27,af638fbc-3b1a-466c-9999-5c39ba0a956f,2026-05-27T16:20:51.178692
723afc8b-7906-4085-ba77-9e6364cf9889,CHILDREN OF HEAVEN,21cineplex,,16COHN,"Drama, Family",97 menit,SU,2D,2026-05-27,427653fe-d34a-4888-9702-77eab61614f8,2026-05-27T16:20:51.178830
723afc8b-7906-4085-ba77-9e6364cf9889,SEKAWAN LIMO 2: GUNUNG KLAWIH,21cineplex,,16SK2G,"Comedy, Horror",122 menit,13+,2D,2026-05-27,35041c86-2b18-412e-85c4-89c23d1b7b3d,2026-05-27T16:20:51.178927
723afc8b-7906-4085-ba77-9e6364cf9889,SUAMIKU LUKAKU,21cineplex,,16SLUU,Drama,92 menit,D17+,2D,2026-05-27,7ac37dac-14ae-4936-b821-2ec930f17a0e,2026-05-27T16:20:51.179058
069f0c0a-b59d-46fe-b752-4c92c391eb39,SUAMIKU LUKAKU,21cineplex,,16SLUU,Drama,92 menit,D17+,2D,2026-05-27,7099a8ad-d43b-49f5-be09-b2f29dcaa1a2,2026-05-27T16:20:52.490946
069f0c0a-b59d-46fe-b752-4c92c391eb39,PASSENGER,21cineplex,,26PASR,Horror,94 menit,D17+,2D,2026-05-27,21a6f89f-bed4-4a3b-8177-54b301835f04,2026-05-27T16:20:52.491250
069f0c0a-b59d-46fe-b752-4c92c391eb39,SEKAWAN LIMO 2: GUNUNG KLAWIH,21cineplex,,16SK2G,"Comedy, Horror",122 menit,13+,2D,2026-05-27,17a48cef-3be6-4557-9e48-1dcf972b943e,2026-05-27T16:20:52.491702
069f0c0a-b59d-46fe-b752-4c92c391eb39,CHILDREN OF HEAVEN,21cineplex,,16COHN,"Drama, Family",97 menit,SU,2D,2026-05-27,145f6ea1-5cec-49ef-9bf0-fbd8262e759d,2026-05-27T16:20:52.491959
069f0c0a-b59d-46fe-b752-4c92c391eb39,TUMBAL PROYEK,21cineplex,,16TPRK,Horror,106 menit,D17+,2D,2026-05-27,0f4c4a4b-6be1-437e-83a6-0b8f94dda9f6,2026-05-27T16:20:52.492242
069f0c0a-b59d-46fe-b752-4c92c391eb39,GUDANG MERICA,21cineplex,,16GMEA,"Comedy, Horror",98 menit,D17+,2D,2026-05-27,ac64d060-7218-4d8f-a4bd-7d800b3c0be4,2026-05-27T16:20:52.492409
069f0c0a-b59d-46fe-b752-4c92c391eb39,COLONY,21cineplex,,26COLY,"Horror, Thriller",122 menit,13+,2D,2026-06-03,a2b65981-014a-47eb-baa4-b24f8aae52b2,2026-05-27T16:20:52.492606
f0e48bb0-ba97-4280-8e4f-756887ed1dd1,SEMUA AKAN BAIK-BAIK SAJA,21cineplex,,16SABB,Drama,113 menit,13+,2D,2026-05-27,bc06243f-3963-4bf3-9d99-6c6bcdd4a569,2026-05-27T16:20:54.195268
f0e48bb0-ba97-4280-8e4f-756887ed1dd1,SUAMIKU LUKAKU,21cineplex,,16SLUU,Drama,92 menit,D17+,2D,2026-05-27,e51f3456-5a91-40d2-adbb-ab7d7719a49d,2026-05-27T16:20:54.195579
f0e48bb0-ba97-4280-8e4f-756887ed1dd1,CHILDREN OF HEAVEN,21cineplex,,16COHN,"Drama, Family",97 menit,SU,2D,2026-05-27,7b77a949-901b-4550-8808-9b845f590f16,2026-05-27T16:20:54.195814
f0e48bb0-ba97-4280-8e4f-756887ed1dd1,SEKAWAN LIMO 2: GUNUNG KLAWIH,21cineplex,,16SK2G,"Comedy, Horror",122 menit,13+,2D,2026-05-27,1bd4caf7-2eb2-4efa-b6d2-aba9a3468f11,2026-05-27T16:20:54.196040
f0e48bb0-ba97-4280-8e4f-756887ed1dd1,GUDANG MERICA,21cineplex,,16GMEA,"Comedy, Horror",98 menit,D17+,2D,2026-05-27,066280ab-31c8-4e6c-b4bf-85bf6a23c2d4,2026-05-27T16:20:54.196249
9e25f96f-c3bb-45ec-92f4-be44b9ce7215,SEKAWAN LIMO 2: GUNUNG KLAWIH,21cineplex,,16SK2G,"Comedy, Horror",122 menit,13+,2D,2026-05-27,58ed3a4d-936a-4bd1-b780-166005c0925a,2026-05-27T16:20:55.542134
9e25f96f-c3bb-45ec-92f4-be44b9ce7215,SUAMIKU LUKAKU,21cineplex,,16SLUU,Drama,92 menit,D17+,2D,2026-05-27,3c810c2b-a9a3-46e6-abc2-38bcb9e1add1,2026-05-27T16:20:55.542321
9e25f96f-c3bb-45ec-92f4-be44b9ce7215,HOKUM,21cineplex,,26HOKM,Horror,107 menit,13+,2D,2026-05-27,35094fc4-d7f5-4ac8-9df7-5efa51aacc91,2026-05-27T16:20:55.542538
9e25f96f-c3bb-45ec-92f4-be44b9ce7215,PASSENGER,21cineplex,,26PASR,Horror,94 menit,D17+,2D,2026-05-27,d4838030-c672-4e63-bc35-d663bbf1eeb2,2026-05-27T16:20:55.542716
9e25f96f-c3bb-45ec-92f4-be44b9ce7215,STAR WARS: THE MANDALORIAN AND GROGU,21cineplex,,26SWMG,"Fantasy, Sci-Fi",132 menit,13+,2D,2026-05-27,628f049b-e80c-42e7-8c37-e3d545bc22fb,2026-05-27T16:20:55.542895
9e25f96f-c3bb-45ec-92f4-be44b9ce7215,MICHAEL,21cineplex,,26MICL,Biography,127 menit,SU,2D,2026-05-27,6d196bc4-a40b-4334-990c-8db1b463c845,2026-05-27T16:20:55.543051
9e25f96f-c3bb-45ec-92f4-be44b9ce7215,TUMBAL PROYEK,21cineplex,,16TPRK,Horror,106 menit,D17+,2D,2026-05-27,fe1387c5-d045-4528-99d3-b1ef71551097,2026-05-27T16:20:55.543149
9e25f96f-c3bb-45ec-92f4-be44b9ce7215,GOHAN,21cineplex,,26GOHN,Drama,140 menit,SU,2D,2026-05-27,a0ef45b2-4dde-410b-b56a-c2c2991002e7,2026-05-27T16:20:55.543273
9e25f96f-c3bb-45ec-92f4-be44b9ce7215,CHAND MERA DIL,21cineplex,,26CMDL,"Drama, Romance",142 menit,D17+,2D,2026-05-27,20beb246-cc7b-4596-9c3e-48d04df6d0c7,2026-05-27T16:20:55.543402
9e25f96f-c3bb-45ec-92f4-be44b9ce7215,SEMUA AKAN BAIK-BAIK SAJA,21cineplex,,16SABB,Drama,113 menit,13+,2D,2026-05-27,c08874c2-1fb2-47ac-8665-8c0033299051,2026-05-27T16:20:55.543455
9e25f96f-c3bb-45ec-92f4-be44b9ce7215,CHILDREN OF HEAVEN,21cineplex,,16COHN,"Drama, Family",97 menit,SU,2D,2026-05-27,a1ee631a-89a4-45a5-a03f-9943719e7829,2026-05-27T16:20:55.543539
9e25f96f-c3bb-45ec-92f4-be44b9ce7215,BADUT GENDONG,21cineplex,,16BGEG,"Action, Horror",101 menit,D17+,2D,2026-05-27,dd3cb30f-c11f-406e-a4bd-8c055732dad7,2026-05-27T16:20:55.543603
9e25f96f-c3bb-45ec-92f4-be44b9ce7215,COLONY,21cineplex,,26COLY,"Horror, Thriller",122 menit,13+,2D,2026-06-03,c3d22263-9afe-4df2-9da4-7a85bfc4d736,2026-05-27T16:20:55.543675
af9090ab-80f2-4d5d-9947-9fa5db83eaa3,BADUT GENDONG,21cineplex,,16BGEG,"Action, Horror",101 menit,D17+,2D,2026-05-27,84d4804c-3d5c-48ee-9d45-c7728acb0a6e,2026-05-27T16:21:00.351324
af9090ab-80f2-4d5d-9947-9fa5db83eaa3,MICHAEL,21cineplex,,26MICL,Biography,127 menit,SU,2D,2026-05-27,dee6c7be-ba7e-4c15-8679-b0aee195fdc7,2026-05-27T16:21:00.351602
af9090ab-80f2-4d5d-9947-9fa5db83eaa3,HOKUM,21cineplex,,26HOKM,Horror,107 menit,13+,2D,2026-05-27,09ccd65f-53ff-4a9f-b1f0-8cf19ec9421a,2026-05-27T16:21:00.351727
af9090ab-80f2-4d5d-9947-9fa5db83eaa3,PASSENGER,21cineplex,,26PASR,Horror,94 menit,D17+,2D,2026-05-27,c1fe653b-8a74-45c3-acc6-476128334596,2026-05-27T16:21:00.351832
af9090ab-80f2-4d5d-9947-9fa5db83eaa3,GOHAN,21cineplex,,26GOHN,Drama,140 menit,SU,2D,2026-05-27,77bf0faf-a3f3-476b-9e9b-922b35c45ab7,2026-05-27T16:21:00.352047
af9090ab-80f2-4d5d-9947-9fa5db83eaa3,STAR WARS: THE MANDALORIAN AND GROGU,21cineplex,,26SWMG,"Fantasy, Sci-Fi",132 menit,13+,2D,2026-05-27,ee122fc4-4d36-4191-9852-b89bb95fbb10,2026-05-27T16:21:00.352199
af9090ab-80f2-4d5d-9947-9fa5db83eaa3,SUAMIKU LUKAKU,21cineplex,,16SLUU,Drama,92 menit,D17+,2D,2026-05-27,fd6beb63-2a89-4f7d-9b75-89916f3c852e,2026-05-27T16:21:00.352327
af9090ab-80f2-4d5d-9947-9fa5db83eaa3,CHILDREN OF HEAVEN,21cineplex,,16COHN,"Drama, Family",97 menit,SU,2D,2026-05-27,4cec89ba-d696-4fb4-a546-00b3cf28045e,2026-05-27T16:21:00.352502
af9090ab-80f2-4d5d-9947-9fa5db83eaa3,SEKAWAN LIMO 2: GUNUNG KLAWIH,21cineplex,,16SK2G,"Comedy, Horror",122 menit,13+,2D,2026-05-27,c79de3fa-c428-49ee-b81c-d5e4d2c4af63,2026-05-27T16:21:00.352798
af9090ab-80f2-4d5d-9947-9fa5db83eaa3,COLONY,21cineplex,,26COLY,"Horror, Thriller",122 menit,13+,2D,2026-06-03,6aa1db0b-540a-4f2e-be70-ebe5849fcdf1,2026-05-27T16:21:00.353217
548258d8-7f1c-4604-ba3a-879725e29860,GOHAN,21cineplex,,26GOHN,Drama,140 menit,SU,2D,2026-05-27,20676194-37ef-43ba-bd23-52e74156f9c0,2026-05-27T16:21:03.254562
548258d8-7f1c-4604-ba3a-879725e29860,SEKAWAN LIMO 2: GUNUNG KLAWIH,21cineplex,,16SK2G,"Comedy, Horror",122 menit,13+,2D,2026-05-27,54c3e801-8f22-4fd4-b833-5afa0129dbe4,2026-05-27T16:21:03.254776
548258d8-7f1c-4604-ba3a-879725e29860,PASSENGER,21cineplex,,26PASR,Horror,94 menit,D17+,2D,2026-05-27,9e2886b9-5e29-4a89-94c3-a78ef77b3504,2026-05-27T16:21:03.254975
548258d8-7f1c-4604-ba3a-879725e29860,TUMBAL PROYEK,21cineplex,,16TPRK,Horror,106 menit,D17+,2D,2026-05-27,7de0e20f-8000-4bc9-80fe-40498a8f0792,2026-05-27T16:21:03.255209
548258d8-7f1c-4604-ba3a-879725e29860,CHILDREN OF HEAVEN,21cineplex,,16COHN,"Drama, Family",97 menit,SU,2D,2026-05-27,d5ce5a6c-caec-4f25-a4c4-f5139c857f1a,2026-05-27T16:21:03.255333
548258d8-7f1c-4604-ba3a-879725e29860,BADUT GENDONG,21cineplex,,16BGEG,"Action, Horror",101 menit,D17+,2D,2026-05-27,de0a970c-211f-44eb-ae23-69dc2b82e414,2026-05-27T16:21:03.255530
548258d8-7f1c-4604-ba3a-879725e29860,STAR WARS: THE MANDALORIAN AND GROGU,21cineplex,,26SWMG,"Fantasy, Sci-Fi",132 menit,13+,2D,2026-05-27,eddbad9f-07f9-4e6d-bef0-85394626b2c7,2026-05-27T16:21:03.255672
548258d8-7f1c-4604-ba3a-879725e29860,SEMUA AKAN BAIK-BAIK SAJA,21cineplex,,16SABB,Drama,113 menit,13+,2D,2026-05-27,b9218a0e-0a58-439a-abc0-1d193996af47,2026-05-27T16:21:03.255806
548258d8-7f1c-4604-ba3a-879725e29860,HOKUM,21cineplex,,26HOKM,Horror,107 menit,13+,2D,2026-05-27,3dcbe4cb-2af8-4774-bd0f-7662419de124,2026-05-27T16:21:03.256018
548258d8-7f1c-4604-ba3a-879725e29860,COLONY,21cineplex,,26COLY,"Horror, Thriller",122 menit,13+,2D,2026-06-03,b982603a-c36a-4dbb-a259-9ff6e9ef70c5,2026-05-27T16:21:03.256131
bc032cc9-649b-4c84-b871-c7cf030481a1,BADUT GENDONG,21cineplex,,16BGEG,"Action, Horror",101 menit,D17+,2D,2026-05-27,f3816426-d742-43b8-ae6e-e0eb137f1a34,2026-05-27T16:21:06.196791
bc032cc9-649b-4c84-b871-c7cf030481a1,SEMUA AKAN BAIK-BAIK SAJA,21cineplex,,16SABB,Drama,113 menit,13+,2D,2026-05-27,e02c086f-7406-4ab9-aeb6-dd07e809f846,2026-05-27T16:21:06.196941
bc032cc9-649b-4c84-b871-c7cf030481a1,TUMBAL PROYEK,21cineplex,,16TPRK,Horror,106 menit,D17+,2D,2026-05-27,38070c65-0f7a-4d67-be67-f7928ad20395,2026-05-27T16:21:06.197042
bc032cc9-649b-4c84-b871-c7cf030481a1,CHILDREN OF HEAVEN,21cineplex,,16COHN,"Drama, Family",97 menit,SU,2D,2026-05-27,baf70331-8425-41ca-86a0-bbaf4c9d04d7,2026-05-27T16:21:06.197173
bc032cc9-649b-4c84-b871-c7cf030481a1,SEKAWAN LIMO 2: GUNUNG KLAWIH,21cineplex,,16SK2G,"Comedy, Horror",122 menit,13+,2D,2026-05-27,266e69c8-015e-4bf7-80a0-ce8e27648e89,2026-05-27T16:21:06.197344
bc032cc9-649b-4c84-b871-c7cf030481a1,SUAMIKU LUKAKU,21cineplex,,16SLUU,Drama,92 menit,D17+,2D,2026-05-27,4a8630f4-ead2-4ae0-95cb-0758f1424b18,2026-05-27T16:21:06.197503
a5f4fc41-cc70-40a1-b10b-166372ce3a1a,GOHAN,21cineplex,,26GOHN,Drama,140 menit,SU,2D,2026-05-27,8b02aa71-08c4-412c-a874-d12ffa13fc2b,2026-05-27T16:21:07.503553
a5f4fc41-cc70-40a1-b10b-166372ce3a1a,CHILDREN OF HEAVEN,21cineplex,,16COHN,"Drama, Family",97 menit,SU,2D,2026-05-27,796b721f-f967-47dc-9338-1fa295933a74,2026-05-27T16:21:07.503706
a5f4fc41-cc70-40a1-b10b-166372ce3a1a,STAR WARS: THE MANDALORIAN AND GROGU,21cineplex,,26SWMG,"Fantasy, Sci-Fi",132 menit,13+,2D,2026-05-27,e53a14b3-f741-443c-8298-ac09542d6803,2026-05-27T16:21:07.503870
a5f4fc41-cc70-40a1-b10b-166372ce3a1a,SUAMIKU LUKAKU,21cineplex,,16SLUU,Drama,92 menit,D17+,2D,2026-05-27,59a528c8-7cdd-4e21-b262-62193a853f0f,2026-05-27T16:21:07.503995
a5f4fc41-cc70-40a1-b10b-166372ce3a1a,TUMBAL PROYEK,21cineplex,,16TPRK,Horror,106 menit,D17+,2D,2026-05-27,a5eaf8c4-0295-43ac-9684-9523d0f85abe,2026-05-27T16:21:07.504467
a5f4fc41-cc70-40a1-b10b-166372ce3a1a,HOKUM,21cineplex,,26HOKM,Horror,107 menit,13+,2D,2026-05-27,35c7cd92-adab-4be7-b2c8-525da6116567,2026-05-27T16:21:07.504640
a5f4fc41-cc70-40a1-b10b-166372ce3a1a,SEKAWAN LIMO 2: GUNUNG KLAWIH,21cineplex,,16SK2G,"Comedy, Horror",122 menit,13+,2D,2026-05-27,c9bec4a1-48c1-4a8b-95c1-a156853aa3f0,2026-05-27T16:21:07.504818
a5f4fc41-cc70-40a1-b10b-166372ce3a1a,SEMUA AKAN BAIK-BAIK SAJA,21cineplex,,16SABB,Drama,113 menit,13+,2D,2026-05-27,388e13f6-7faf-4454-96e0-d860be2855de,2026-05-27T16:21:07.505067
0afda3e0-4b32-42a9-bd1e-8f1efc1cbdae,HOKUM,21cineplex,,26HOKM,Horror,107 menit,13+,2D,2026-05-27,3d79e4eb-d605-4f46-9099-6c55a1019651,2026-05-27T16:21:09.230961
0afda3e0-4b32-42a9-bd1e-8f1efc1cbdae,STAR WARS: THE MANDALORIAN AND GROGU,21cineplex,,26SWMG,"Fantasy, Sci-Fi",132 menit,13+,2D,2026-05-27,cfc87ec9-1de0-4396-8297-9f699b6dfdc1,2026-05-27T16:21:09.231115
0afda3e0-4b32-42a9-bd1e-8f1efc1cbdae,SEKAWAN LIMO 2: GUNUNG KLAWIH,21cineplex,,16SK2G,"Comedy, Horror",122 menit,13+,2D,2026-05-27,e69a7e55-8554-4b26-9f06-7c8237d68089,2026-05-27T16:21:09.231259
0afda3e0-4b32-42a9-bd1e-8f1efc1cbdae,CHILDREN OF HEAVEN,21cineplex,,16COHN,"Drama, Family",97 menit,SU,2D,2026-05-27,e4ede9f4-5103-4f2d-9bb5-975ddaf071c8,2026-05-27T16:21:09.231403
0afda3e0-4b32-42a9-bd1e-8f1efc1cbdae,GOHAN,21cineplex,,26GOHN,Drama,140 menit,SU,2D,2026-05-27,d1e59ba7-cdb5-46a1-831f-2c200c83084d,2026-05-27T16:21:09.231559
0afda3e0-4b32-42a9-bd1e-8f1efc1cbdae,MICHAEL,21cineplex,,26MICL,Biography,127 menit,SU,2D,2026-05-27,d4872677-e5d0-468b-bfe4-00d53b63d4fc,2026-05-27T16:21:09.231730
0afda3e0-4b32-42a9-bd1e-8f1efc1cbdae,SEMUA AKAN BAIK-BAIK SAJA,21cineplex,,16SABB,Drama,113 menit,13+,2D,2026-05-27,11f03211-bf62-4c5a-9792-4692522c4d94,2026-05-27T16:21:09.231835
0afda3e0-4b32-42a9-bd1e-8f1efc1cbdae,PASSENGER,21cineplex,,26PASR,Horror,94 menit,D17+,2D,2026-05-27,0529e274-c509-4f52-bdf2-aeebf8d82f63,2026-05-27T16:21:09.232024
0afda3e0-4b32-42a9-bd1e-8f1efc1cbdae,SUAMIKU LUKAKU,21cineplex,,16SLUU,Drama,92 menit,D17+,2D,2026-05-27,533a5140-4ea0-443f-abd2-2d1949a5aa5f,2026-05-27T16:21:09.232185
0afda3e0-4b32-42a9-bd1e-8f1efc1cbdae,COLONY,21cineplex,,26COLY,"Horror, Thriller",122 menit,13+,2D,2026-06-03,b220cb96-3d66-436b-b9a1-b9596f26eb83,2026-05-27T16:21:09.232355
33a0197a-d219-4fa6-a37b-b31ef294abb3,BADUT GENDONG,21cineplex,,16BGEG,"Action, Horror",101 menit,D17+,2D,2026-05-27,1b1f839f-bc72-4f8f-bcd8-5b0f204724ee,2026-05-27T16:21:12.067397
33a0197a-d219-4fa6-a37b-b31ef294abb3,SUAMIKU LUKAKU,21cineplex,,16SLUU,Drama,92 menit,D17+,2D,2026-05-27,d272a2a8-df95-4e0c-a6d7-790bf51df37a,2026-05-27T16:21:12.067565
33a0197a-d219-4fa6-a37b-b31ef294abb3,PASSENGER,21cineplex,,26PASR,Horror,94 menit,D17+,2D,2026-05-27,9072212b-090c-496c-b0d6-d066abd4deea,2026-05-27T16:21:12.067688
33a0197a-d219-4fa6-a37b-b31ef294abb3,MICHAEL,21cineplex,,26MICL,Biography,127 menit,SU,2D,2026-05-27,552009a4-4ab1-48b2-a118-d1a8cb597d0f,2026-05-27T16:21:12.067787
33a0197a-d219-4fa6-a37b-b31ef294abb3,HOKUM,21cineplex,,26HOKM,Horror,107 menit,13+,2D,2026-05-27,dbf4970c-6d67-4c82-9576-994bb29cf871,2026-05-27T16:21:12.067857
33a0197a-d219-4fa6-a37b-b31ef294abb3,THE DEVIL WEARS PRADA 2,21cineplex,,26DWP2,"Comedy, Drama",119 menit,13+,2D,2026-05-27,4e8a35cd-8e04-41af-8321-f44d3f118ef1,2026-05-27T16:21:12.067936
33a0197a-d219-4fa6-a37b-b31ef294abb3,CHILDREN OF HEAVEN,21cineplex,,16COHN,"Drama, Family",97 menit,SU,2D,2026-05-27,9183668d-7404-4824-843c-e4debb6a42dc,2026-05-27T16:21:12.067999
33a0197a-d219-4fa6-a37b-b31ef294abb3,STAR WARS: THE MANDALORIAN AND GROGU,21cineplex,,26SWMG,"Fantasy, Sci-Fi",132 menit,13+,2D,2026-05-27,bfa0befb-b565-488e-bf4e-9a2903f50acc,2026-05-27T16:21:12.068115
33a0197a-d219-4fa6-a37b-b31ef294abb3,COLONY,21cineplex,,26COLY,"Horror, Thriller",122 menit,13+,2D,2026-06-03,96b17e5a-664b-418f-a1ea-9ad2cfd7afa8,2026-05-27T16:21:12.068183
906e2018-3c8f-433a-9d02-752bd4b2bdf1,TUMBAL PROYEK,21cineplex,,16TPRK,Horror,106 menit,D17+,2D,2026-05-27,88806155-9bc9-4be8-acf3-580d06aa50e5,2026-05-27T16:21:15.190640
906e2018-3c8f-433a-9d02-752bd4b2bdf1,SUAMIKU LUKAKU,21cineplex,,16SLUU,Drama,92 menit,D17+,2D,2026-05-27,1ec738af-a868-4173-83f4-11e28c3ac62b,2026-05-27T16:21:15.190846
906e2018-3c8f-433a-9d02-752bd4b2bdf1,GUDANG MERICA,21cineplex,,16GMEA,"Comedy, Horror",98 menit,D17+,2D,2026-05-27,249da63d-adcc-4a55-b39f-da11675bab73,2026-05-27T16:21:15.191051
906e2018-3c8f-433a-9d02-752bd4b2bdf1,CHILDREN OF HEAVEN,21cineplex,,16COHN,"Drama, Family",97 menit,SU,2D,2026-05-27,a7804c26-97b0-4502-b04e-3a286fc6a8a1,2026-05-27T16:21:15.191223
906e2018-3c8f-433a-9d02-752bd4b2bdf1,BADUT GENDONG,21cineplex,,16BGEG,"Action, Horror",101 menit,D17+,2D,2026-05-27,a258ddd7-f4cf-47e9-b2b8-41bdd2c4b3d5,2026-05-27T16:21:15.191444
906e2018-3c8f-433a-9d02-752bd4b2bdf1,SEKAWAN LIMO 2: GUNUNG KLAWIH,21cineplex,,16SK2G,"Comedy, Horror",122 menit,13+,2D,2026-05-27,c611baad-1a14-4b51-8a60-5a0bd71ae6a4,2026-05-27T16:21:15.191657
d44a63cb-9325-4ffc-adda-884dd245f12c,SEMUA AKAN BAIK-BAIK SAJA,21cineplex,,16SABB,Drama,113 menit,13+,2D,2026-05-27,d68df894-2fc0-4d10-a346-6333ddf0abcc,2026-05-27T16:21:16.506210
d44a63cb-9325-4ffc-adda-884dd245f12c,SUAMIKU LUKAKU,21cineplex,,16SLUU,Drama,92 menit,D17+,2D,2026-05-27,0bb4948d-56ab-4061-b427-5a9f3ea0b8d4,2026-05-27T16:21:16.506796
d44a63cb-9325-4ffc-adda-884dd245f12c,GUDANG MERICA,21cineplex,,16GMEA,"Comedy, Horror",98 menit,D17+,2D,2026-05-27,987a13a7-a0c2-455b-b31e-80e02f5b42ba,2026-05-27T16:21:16.507034
d44a63cb-9325-4ffc-adda-884dd245f12c,CHILDREN OF HEAVEN,21cineplex,,16COHN,"Drama, Family",97 menit,SU,2D,2026-05-27,6df1b034-fe21-4242-81ac-56ac035ef378,2026-05-27T16:21:16.507285
d44a63cb-9325-4ffc-adda-884dd245f12c,TUMBAL PROYEK,21cineplex,,16TPRK,Horror,106 menit,D17+,2D,2026-05-27,be2562df-5ee2-49d5-827b-82a46d2cd394,2026-05-27T16:21:16.507365
d44a63cb-9325-4ffc-adda-884dd245f12c,SEKAWAN LIMO 2: GUNUNG KLAWIH,21cineplex,,16SK2G,"Comedy, Horror",122 menit,13+,2D,2026-05-27,72c40f07-498a-4aad-b316-f0344240f83a,2026-05-27T16:21:16.507415
13536383-ee0b-49d7-b0f7-88180f1f20c2,PASSENGER,21cineplex,,26PASR,Horror,94 menit,D17+,2D,2026-05-27,262c0ee0-2228-4c22-80c0-2cf75ca326ab,2026-05-27T16:21:17.986518
13536383-ee0b-49d7-b0f7-88180f1f20c2,BADUT GENDONG,21cineplex,,16BGEG,"Action, Horror",101 menit,D17+,2D,2026-05-27,3da841e1-14e5-4a76-bc1b-63b90d6a0066,2026-05-27T16:21:17.986722
13536383-ee0b-49d7-b0f7-88180f1f20c2,STAR WARS: THE MANDALORIAN AND GROGU,21cineplex,,26SWMG,"Fantasy, Sci-Fi",132 menit,13+,2D,2026-05-27,78027510-bd58-4960-9c8a-0198a8bd9ea5,2026-05-27T16:21:17.986944
13536383-ee0b-49d7-b0f7-88180f1f20c2,CHILDREN OF HEAVEN,21cineplex,,16COHN,"Drama, Family",97 menit,SU,2D,2026-05-27,d681b82b-b841-4264-9f19-3ce6f38e8e6c,2026-05-27T16:21:17.987047
13536383-ee0b-49d7-b0f7-88180f1f20c2,HOKUM,21cineplex,,26HOKM,Horror,107 menit,13+,2D,2026-05-27,22620173-43f7-48c7-82b0-5060a3d3f740,2026-05-27T16:21:17.987201
13536383-ee0b-49d7-b0f7-88180f1f20c2,COLONY,21cineplex,,26COLY,"Horror, Thriller",122 menit,13+,2D,2026-06-03,b9f82843-1a15-4067-b7ed-d3096c7d7ba0,2026-05-27T16:21:17.987322
c8193d6b-6fab-4154-9dcf-3811ffb0bbda,SUAMIKU LUKAKU,21cineplex,,16SLUU,Drama,92 menit,D17+,2D,2026-05-27,590cf8a5-708c-4a89-a19d-ae77373fe856,2026-05-27T16:21:21.213120
c8193d6b-6fab-4154-9dcf-3811ffb0bbda,GOHAN,21cineplex,,26GOHN,Drama,140 menit,SU,2D,2026-05-27,7ef10d15-d29c-4770-956b-4fb6927c6733,2026-05-27T16:21:21.213484
c8193d6b-6fab-4154-9dcf-3811ffb0bbda,PASSENGER,21cineplex,,26PASR,Horror,94 menit,D17+,2D,2026-05-27,e8783088-19f1-46a6-8f71-a09c266b9c66,2026-05-27T16:21:21.213649
c8193d6b-6fab-4154-9dcf-3811ffb0bbda,BADUT GENDONG,21cineplex,,16BGEG,"Action, Horror",101 menit,D17+,2D,2026-05-27,49699bc5-3073-4784-9915-d3778e61ba69,2026-05-27T16:21:21.213924
c8193d6b-6fab-4154-9dcf-3811ffb0bbda,STAR WARS: THE MANDALORIAN AND GROGU,21cineplex,,26SWMG,"Fantasy, Sci-Fi",132 menit,13+,2D,2026-05-27,9de71977-382e-40d3-9a30-6eb184574533,2026-05-27T16:21:21.214175
c8193d6b-6fab-4154-9dcf-3811ffb0bbda,SEKAWAN LIMO 2: GUNUNG KLAWIH,21cineplex,,16SK2G,"Comedy, Horror",122 menit,13+,2D,2026-05-27,bf23ea3c-1afe-4cf4-91a3-f2be4cdb1c01,2026-05-27T16:21:21.214509
c8193d6b-6fab-4154-9dcf-3811ffb0bbda,COLONY,21cineplex,,26COLY,"Horror, Thriller",122 menit,13+,2D,2026-06-03,fe4d051b-40c3-4b63-8625-48912f1658d4,2026-05-27T16:21:21.214774
fe1dc63b-595b-4e2c-8821-47aadc7db655,BADUT GENDONG,21cineplex,,16BGEG,"Action, Horror",101 menit,D17+,2D,2026-05-27,7e989d37-1802-44e3-96c3-7834e81723c8,2026-05-27T16:21:24.550017
fe1dc63b-595b-4e2c-8821-47aadc7db655,SUAMIKU LUKAKU,21cineplex,,16SLUU,Drama,92 menit,D17+,2D,2026-05-27,1ce11cb6-86a2-4d23-b4be-95d8249fa8ca,2026-05-27T16:21:24.550309
fe1dc63b-595b-4e2c-8821-47aadc7db655,TUMBAL PROYEK,21cineplex,,16TPRK,Horror,106 menit,D17+,2D,2026-05-27,55d35e46-7a87-4c76-b1f5-fbe442881e51,2026-05-27T16:21:24.550740
fe1dc63b-595b-4e2c-8821-47aadc7db655,GUDANG MERICA,21cineplex,,16GMEA,"Comedy, Horror",98 menit,D17+,2D,2026-05-27,a7bcd9bd-5e3d-4582-8a41-5e6a48a3c889,2026-05-27T16:21:24.550865
fe1dc63b-595b-4e2c-8821-47aadc7db655,SEKAWAN LIMO 2: GUNUNG KLAWIH,21cineplex,,16SK2G,"Comedy, Horror",122 menit,13+,2D,2026-05-27,ab25e7d0-5ab9-4239-912c-5424e514032d,2026-05-27T16:21:24.551096
64a6e054-77ed-42de-882c-1ee2dcd95540,CHILDREN OF HEAVEN,21cineplex,,16COHN,"Drama, Family",97 menit,SU,2D,2026-05-27,c28082af-d956-47a8-962f-3b19e62a3cf2,2026-05-27T16:21:25.512242
64a6e054-77ed-42de-882c-1ee2dcd95540,MICHAEL,21cineplex,,26MICL,Biography,127 menit,SU,2D,2026-05-27,34e24537-6fb8-4ac8-92f8-35f244595490,2026-05-27T16:21:25.512542
64a6e054-77ed-42de-882c-1ee2dcd95540,STAR WARS: THE MANDALORIAN AND GROGU,21cineplex,,26SWMG,"Fantasy, Sci-Fi",132 menit,13+,2D,2026-05-27,e41d469e-ccac-4b01-b3c0-12fbc9b2c0b6,2026-05-27T16:21:25.512739
64a6e054-77ed-42de-882c-1ee2dcd95540,HOKUM,21cineplex,,26HOKM,Horror,107 menit,13+,2D,2026-05-27,54b4bf30-a89c-435f-9a12-acc051eba87b,2026-05-27T16:21:25.512819
64a6e054-77ed-42de-882c-1ee2dcd95540,PASSENGER,21cineplex,,26PASR,Horror,94 menit,D17+,2D,2026-05-27,960a66bb-b758-4790-91db-9e66af01d053,2026-05-27T16:21:25.512953
64a6e054-77ed-42de-882c-1ee2dcd95540,THE DEVIL WEARS PRADA 2,21cineplex,,26DWP2,"Comedy, Drama",119 menit,13+,2D,2026-05-27,46ae588c-660f-41c9-a728-060754af8421,2026-05-27T16:21:25.513126
64a6e054-77ed-42de-882c-1ee2dcd95540,COLONY,21cineplex,,26COLY,"Horror, Thriller",122 menit,13+,2D,2026-06-03,32ee5f6e-f323-4602-acc5-156cc93ca178,2026-05-27T16:21:25.513321
98035daa-856e-406c-b44b-c8049fb4bc06,MICHAEL,21cineplex,,26MICL,Biography,127 menit,SU,2D,2026-05-27,2b25f3c4-ba8f-4f8c-8251-5981cc39a687,2026-05-27T16:21:28.546117
98035daa-856e-406c-b44b-c8049fb4bc06,SEMUA AKAN BAIK-BAIK SAJA,21cineplex,,16SABB,Drama,113 menit,13+,2D,2026-05-27,3c95402f-f5e5-4b37-bf53-68cc51c25e94,2026-05-27T16:21:28.546174
98035daa-856e-406c-b44b-c8049fb4bc06,THE DEVIL WEARS PRADA 2,21cineplex,,26DWP2,"Comedy, Drama",119 menit,13+,2D,2026-05-27,1eebb526-1ccf-4043-baac-8bb4c264ef33,2026-05-27T16:21:28.546350
98035daa-856e-406c-b44b-c8049fb4bc06,PROJECT HAIL MARY,21cineplex,,26PHMY,Sci-Fi,157 menit,13+,2D,2026-05-27,c0222ed9-87b6-4c3e-9453-6b22f2b404f5,2026-05-27T16:21:28.546400
98035daa-856e-406c-b44b-c8049fb4bc06,PASSENGER,21cineplex,,26PASR,Horror,94 menit,D17+,2D,2026-05-27,38878f53-9ff1-4e09-9238-1ad3ddbeeda8,2026-05-27T16:21:28.546434
98035daa-856e-406c-b44b-c8049fb4bc06,STAR WARS: THE MANDALORIAN AND GROGU,21cineplex,,26SWMG,"Fantasy, Sci-Fi",132 menit,13+,2D,2026-05-27,4a72f0bd-50bb-471c-b5f4-d3e8c546fac8,2026-05-27T16:21:28.546498
98035daa-856e-406c-b44b-c8049fb4bc06,CHILDREN OF HEAVEN,21cineplex,,16COHN,"Drama, Family",97 menit,SU,2D,2026-05-27,a780ef09-639f-4f2a-af10-e8bb3c865a5f,2026-05-27T16:21:28.546697
98035daa-856e-406c-b44b-c8049fb4bc06,BADUT GENDONG,21cineplex,,16BGEG,"Action, Horror",101 menit,D17+,2D,2026-05-27,94d9736b-2b47-4eb3-8e73-a1c6f0f3c9d3,2026-05-27T16:21:28.546876
98035daa-856e-406c-b44b-c8049fb4bc06,SEKAWAN LIMO 2: GUNUNG KLAWIH,21cineplex,,16SK2G,"Comedy, Horror",122 menit,13+,2D,2026-05-27,6d187f4b-3d17-4b10-84db-96cc1d809cc5,2026-05-27T16:21:28.546953
98035daa-856e-406c-b44b-c8049fb4bc06,CHAND MERA DIL,21cineplex,,26CMDL,"Drama, Romance",142 menit,D17+,2D,2026-05-27,56bbb7da-24b2-4c27-becb-42ff175533e7,2026-05-27T16:21:28.547013
98035daa-856e-406c-b44b-c8049fb4bc06,SUAMIKU LUKAKU,21cineplex,,16SLUU,Drama,92 menit,D17+,2D,2026-05-27,7a03a397-77f6-4670-a990-2e33a11b2b77,2026-05-27T16:21:28.547045
98035daa-856e-406c-b44b-c8049fb4bc06,HOKUM,21cineplex,,26HOKM,Horror,107 menit,13+,2D,2026-05-27,20ba2cdc-0ee8-453b-9ff8-9a82acf72dbb,2026-05-27T16:21:28.547104
98035daa-856e-406c-b44b-c8049fb4bc06,COLONY,21cineplex,,26COLY,"Horror, Thriller",122 menit,13+,2D,2026-06-03,eee53b85-a969-4435-a489-789803b7bfc5,2026-05-27T16:21:28.547188
f81dfcbc-6999-46be-9965-5a3987761da1,PASSENGER,21cineplex,,26PASR,Horror,94 menit,D17+,2D,2026-05-27,cff308a8-a1f0-4726-b7eb-495db34d0ab2,2026-05-27T16:21:31.558034
f81dfcbc-6999-46be-9965-5a3987761da1,CHILDREN OF HEAVEN,21cineplex,,16COHN,"Drama, Family",97 menit,SU,2D,2026-05-27,e3138973-84cf-4d8c-bd88-11ee3360ddbb,2026-05-27T16:21:31.558174
f81dfcbc-6999-46be-9965-5a3987761da1,MICHAEL,21cineplex,,26MICL,Biography,127 menit,SU,2D,2026-05-27,6a19da0a-c169-41c8-9b03-4cb018669f2f,2026-05-27T16:21:31.558272
f81dfcbc-6999-46be-9965-5a3987761da1,STAR WARS: THE MANDALORIAN AND GROGU,21cineplex,,26SWMG,"Fantasy, Sci-Fi",132 menit,13+,2D,2026-05-27,824e713b-27ee-4427-8da2-cacb442f464b,2026-05-27T16:21:31.558342
f81dfcbc-6999-46be-9965-5a3987761da1,COLONY,21cineplex,,26COLY,"Horror, Thriller",122 menit,13+,2D,2026-06-03,fe1cb72a-d5c5-48a8-81ee-ff5b8e028877,2026-05-27T16:21:31.558411
ab4b5019-c4fb-4a2c-9371-1b66ea857071,CHILDREN OF HEAVEN,21cineplex,,16COHN,"Drama, Family",97 menit,SU,2D,2026-05-27,69825e4e-b9aa-4e7e-a15e-cd900ea87d17,2026-05-27T16:21:34.561454
ab4b5019-c4fb-4a2c-9371-1b66ea857071,STAR WARS: THE MANDALORIAN AND GROGU,21cineplex,,26SWMG,"Fantasy, Sci-Fi",132 menit,13+,2D,2026-05-27,3fa02152-cda1-4c8b-b78f-3b3c5d6df643,2026-05-27T16:21:34.561637
ab4b5019-c4fb-4a2c-9371-1b66ea857071,PASSENGER,21cineplex,,26PASR,Horror,94 menit,D17+,2D,2026-05-27,386b6e79-98e1-4b0d-875f-b55adf8dc3ec,2026-05-27T16:21:34.561714
ab4b5019-c4fb-4a2c-9371-1b66ea857071,SEKAWAN LIMO 2: GUNUNG KLAWIH,21cineplex,,16SK2G,"Comedy, Horror",122 menit,13+,2D,2026-05-27,0f5ced06-9f9a-4f91-b622-ff9e2908a0be,2026-05-27T16:21:34.561837
ab4b5019-c4fb-4a2c-9371-1b66ea857071,TUMBAL PROYEK,21cineplex,,16TPRK,Horror,106 menit,D17+,2D,2026-05-27,0987d829-be64-4c24-bd06-91ab4ce44228,2026-05-27T16:21:34.561954
ab4b5019-c4fb-4a2c-9371-1b66ea857071,BADUT GENDONG,21cineplex,,16BGEG,"Action, Horror",101 menit,D17+,2D,2026-05-27,8faea57a-c772-442e-950b-45e383f473ac,2026-05-27T16:21:34.562066
ab4b5019-c4fb-4a2c-9371-1b66ea857071,MICHAEL,21cineplex,,26MICL,Biography,127 menit,SU,2D,2026-05-27,a826d461-7eff-45ba-bb18-a80316d86cb2,2026-05-27T16:21:34.562182
ab4b5019-c4fb-4a2c-9371-1b66ea857071,HOKUM,21cineplex,,26HOKM,Horror,107 menit,13+,2D,2026-05-27,030faa37-d0d0-4f8b-8ae5-def6a55951d6,2026-05-27T16:21:34.562252
ab4b5019-c4fb-4a2c-9371-1b66ea857071,GOHAN,21cineplex,,26GOHN,Drama,140 menit,SU,2D,2026-05-27,cfd4465c-341f-49bf-864a-a75964de61ac,2026-05-27T16:21:34.562335
ab4b5019-c4fb-4a2c-9371-1b66ea857071,NOBODY LOVES KAY,21cineplex,,16NLKY,Drama,117 menit,D17+,2D,2026-05-31,eeffacfc-55f0-439b-b4b3-5f71c6192c6a,2026-05-27T16:21:34.562406
ab4b5019-c4fb-4a2c-9371-1b66ea857071,COLONY,21cineplex,,26COLY,"Horror, Thriller",122 menit,13+,2D,2026-06-03,e1eb1ef8-1541-41b7-a736-993abc04e83a,2026-05-27T16:21:34.562478
d3d201f7-f05d-476a-bc94-b10b02b857b4,SEKAWAN LIMO 2: GUNUNG KLAWIH,21cineplex,,16SK2G,"Comedy, Horror",122 menit,13+,2D,2026-05-27,2b7dd372-a236-4302-8f55-dea329cebe0a,2026-05-27T16:21:37.505135
d3d201f7-f05d-476a-bc94-b10b02b857b4,BADUT GENDONG,21cineplex,,16BGEG,"Action, Horror",101 menit,D17+,2D,2026-05-27,a470db87-eca6-4e53-99cb-80d27111de8d,2026-05-27T16:21:37.505357
d3d201f7-f05d-476a-bc94-b10b02b857b4,TUMBAL PROYEK,21cineplex,,16TPRK,Horror,106 menit,D17+,2D,2026-05-27,6cb111e8-fe89-4a1f-ad8b-71f51aae01d1,2026-05-27T16:21:37.505476
d3d201f7-f05d-476a-bc94-b10b02b857b4,SUAMIKU LUKAKU,21cineplex,,16SLUU,Drama,92 menit,D17+,2D,2026-05-27,9296f013-3785-43ff-a609-77082709f9f9,2026-05-27T16:21:37.505588
d3d201f7-f05d-476a-bc94-b10b02b857b4,CHILDREN OF HEAVEN,21cineplex,,16COHN,"Drama, Family",97 menit,SU,2D,2026-05-27,a590e641-55fb-4f77-99d9-d7af7bc3f2a3,2026-05-27T16:21:37.505719
a2b6a1d4-7408-45ee-8442-1a0580a74e30,PASSENGER,21cineplex,,26PASR,Horror,94 menit,D17+,2D,2026-05-27,27acfb12-85a6-4c06-80a1-7e7f397e69c6,2026-05-27T16:21:39.325369
a2b6a1d4-7408-45ee-8442-1a0580a74e30,STAR WARS: THE MANDALORIAN AND GROGU,21cineplex,,26SWMG,"Fantasy, Sci-Fi",132 menit,13+,2D,2026-05-27,cf95b1d0-adf4-4834-85f7-3e30eb9bbc48,2026-05-27T16:21:39.325501
a2b6a1d4-7408-45ee-8442-1a0580a74e30,GOHAN,21cineplex,,26GOHN,Drama,140 menit,SU,2D,2026-05-27,b5d7c9d3-0587-4d47-8d4e-c66bb5b8aa5b,2026-05-27T16:21:39.325580
a2b6a1d4-7408-45ee-8442-1a0580a74e30,IN THE GREY,21cineplex,,26ITGY,"Action, Thriller",97 menit,13+,2D,2026-05-27,23049d04-8ccd-4b4f-8fcc-f270226981c8,2026-05-27T16:21:39.325641
a2b6a1d4-7408-45ee-8442-1a0580a74e30,SALMOKJI: WHISPERING WATER,21cineplex,,26SWWR,Horror,95 menit,D17+,2D,2026-05-27,787248d7-5b3e-4387-8e36-4fa3050a6566,2026-05-27T16:21:39.325691
a2b6a1d4-7408-45ee-8442-1a0580a74e30,CHILDREN OF HEAVEN,21cineplex,,16COHN,"Drama, Family",97 menit,SU,2D,2026-05-27,7b0618c9-ea80-4186-804f-cfb542790d30,2026-05-27T16:21:39.325751
a2b6a1d4-7408-45ee-8442-1a0580a74e30,SUAMIKU LUKAKU,21cineplex,,16SLUU,Drama,92 menit,D17+,2D,2026-05-27,a746b736-bce2-4f15-a632-783778a3764f,2026-05-27T16:21:39.325831
a2b6a1d4-7408-45ee-8442-1a0580a74e30,HOKUM,21cineplex,,26HOKM,Horror,107 menit,13+,2D,2026-05-27,00f70b8c-f6d2-4527-85f5-d1e4474686b3,2026-05-27T16:21:39.325924
a2b6a1d4-7408-45ee-8442-1a0580a74e30,NOBODY LOVES KAY,21cineplex,,16NLKY,Drama,117 menit,D17+,2D,2026-05-28,98cdb68a-4c47-42a4-bbc9-d8771254220d,2026-05-27T16:21:39.325989
a2b6a1d4-7408-45ee-8442-1a0580a74e30,COLONY,21cineplex,,26COLY,"Horror, Thriller",122 menit,13+,2D,2026-06-03,a1a1aa09-1afe-4c84-9a42-ae1b46057eff,2026-05-27T16:21:39.326040
52c00c8b-b4db-4eb7-9df9-d9f7750419bc,TUMBAL PROYEK,21cineplex,,16TPRK,Horror,106 menit,D17+,2D,2026-05-27,1cfe6f5f-9d43-4937-8685-ab697399eb16,2026-05-27T16:21:42.301592
52c00c8b-b4db-4eb7-9df9-d9f7750419bc,CHILDREN OF HEAVEN,21cineplex,,16COHN,"Drama, Family",97 menit,SU,2D,2026-05-27,234aec08-f9ae-4842-813f-9670e7e287b6,2026-05-27T16:21:42.302468
52c00c8b-b4db-4eb7-9df9-d9f7750419bc,SEKAWAN LIMO 2: GUNUNG KLAWIH,21cineplex,,16SK2G,"Comedy, Horror",122 menit,13+,2D,2026-05-27,04988e06-f063-463d-b242-a2756e992949,2026-05-27T16:21:42.302938
52c00c8b-b4db-4eb7-9df9-d9f7750419bc,STAR WARS: THE MANDALORIAN AND GROGU,21cineplex,,26SWMG,"Fantasy, Sci-Fi",132 menit,13+,2D,2026-05-27,d202a4f7-d32a-49f5-b210-b1c0116fc74d,2026-05-27T16:21:42.303232
52c00c8b-b4db-4eb7-9df9-d9f7750419bc,BADUT GENDONG,21cineplex,,16BGEG,"Action, Horror",101 menit,D17+,2D,2026-05-27,95fd88d8-42e8-47f5-bf90-7ede019f4c60,2026-05-27T16:21:42.303391
52c00c8b-b4db-4eb7-9df9-d9f7750419bc,GUDANG MERICA,21cineplex,,16GMEA,"Comedy, Horror",98 menit,D17+,2D,2026-05-27,92a3e061-fc69-48cd-a9af-e0aa54c5aadb,2026-05-27T16:21:42.303510
52c00c8b-b4db-4eb7-9df9-d9f7750419bc,GOHAN,21cineplex,,26GOHN,Drama,140 menit,SU,2D,2026-05-27,5d1e865d-9c72-4e2c-a66f-ef66f299c51d,2026-05-27T16:21:42.303810
8634720f-b984-4871-a0b6-43175c7e65f9,THE SHEEP DETECTIVES,21cineplex,,26SDES,"Comedy, Mystery",109 menit,SU,2D,2026-05-27,064b18ba-663e-4909-b5a2-8f8c03cf3bd9,2026-05-27T16:21:43.520075
8634720f-b984-4871-a0b6-43175c7e65f9,HOKUM,21cineplex,,26HOKM,Horror,107 menit,13+,2D,2026-05-27,13d766f8-b793-4e60-919a-bf6343416982,2026-05-27T16:21:43.520147
8634720f-b984-4871-a0b6-43175c7e65f9,STAR WARS: THE MANDALORIAN AND GROGU,21cineplex,,26SWMG,"Fantasy, Sci-Fi",132 menit,13+,2D,2026-05-27,f697cabc-3419-43c4-be1c-ba7f22e8fbb2,2026-05-27T16:21:43.520200
8634720f-b984-4871-a0b6-43175c7e65f9,PASSENGER,21cineplex,,26PASR,Horror,94 menit,D17+,2D,2026-05-27,cac603b7-b83a-481f-a273-474080d876e5,2026-05-27T16:21:43.520254
8634720f-b984-4871-a0b6-43175c7e65f9,GOHAN,21cineplex,,26GOHN,Drama,140 menit,SU,2D,2026-05-27,e46d2c5b-7aae-4d6e-8fed-2dbbc09aa107,2026-05-27T16:21:43.520311
8634720f-b984-4871-a0b6-43175c7e65f9,COLONY,21cineplex,,26COLY,"Horror, Thriller",122 menit,13+,2D,2026-06-03,1492992b-d665-4ee3-ac8a-1a83729c6f07,2026-05-27T16:21:43.520364
dfb55771-0c15-480c-af67-df33313eeea0,SUAMIKU LUKAKU,21cineplex,,16SLUU,Drama,92 menit,D17+,2D,2026-05-27,222f05da-acff-4c1b-b7bc-d9b302452429,2026-05-27T16:21:52.894725
dfb55771-0c15-480c-af67-df33313eeea0,SEMUA AKAN BAIK-BAIK SAJA,21cineplex,,16SABB,Drama,113 menit,13+,2D,2026-05-27,e1f4f104-536e-4d69-8196-b526217c5fa4,2026-05-27T16:21:52.895073
dfb55771-0c15-480c-af67-df33313eeea0,BADUT GENDONG,21cineplex,,16BGEG,"Action, Horror",101 menit,D17+,2D,2026-05-27,4d52216d-a07a-4c48-b1c1-23bb7c2121c4,2026-05-27T16:21:52.895239
dfb55771-0c15-480c-af67-df33313eeea0,CHILDREN OF HEAVEN,21cineplex,,16COHN,"Drama, Family",97 menit,SU,2D,2026-05-27,24a3fb57-8b55-4432-92ff-d47317332698,2026-05-27T16:21:52.895423
dfb55771-0c15-480c-af67-df33313eeea0,SEKAWAN LIMO 2: GUNUNG KLAWIH,21cineplex,,16SK2G,"Comedy, Horror",122 menit,13+,2D,2026-05-27,405504ce-00ec-4d2c-b505-797b3d803904,2026-05-27T16:21:52.895601
dfb55771-0c15-480c-af67-df33313eeea0,THE SHEEP DETECTIVES,21cineplex,,26SDES,"Comedy, Mystery",109 menit,SU,2D,2026-05-27,43d04164-c536-4400-86ec-a65abc92e8f9,2026-05-27T16:21:52.895772
dfb55771-0c15-480c-af67-df33313eeea0,HOKUM,21cineplex,,26HOKM,Horror,107 menit,13+,2D,2026-05-27,e15f9198-fe65-424a-868b-e5feb3c4162b,2026-05-27T16:21:52.895889
dfb55771-0c15-480c-af67-df33313eeea0,PASSENGER,21cineplex,,26PASR,Horror,94 menit,D17+,2D,2026-05-27,a24e6c6a-c92f-4b2c-b8fe-9262374fef7e,2026-05-27T16:21:52.896083
dfb55771-0c15-480c-af67-df33313eeea0,TUMBAL PROYEK,21cineplex,,16TPRK,Horror,106 menit,D17+,2D,2026-05-27,26b8f87f-e771-47ee-bbe1-f8a0deee063b,2026-05-27T16:21:52.896259
dfb55771-0c15-480c-af67-df33313eeea0,STAR WARS: THE MANDALORIAN AND GROGU,21cineplex,,26SWMG,"Fantasy, Sci-Fi",132 menit,13+,2D,2026-05-27,c1fdf21c-334f-4455-9007-d0b0ba5dcd7b,2026-05-27T16:21:52.896400
dfb55771-0c15-480c-af67-df33313eeea0,COLONY,21cineplex,,26COLY,"Horror, Thriller",122 menit,13+,2D,2026-06-03,d2ba61d5-1dd1-4800-b6ee-d4b0e22887b8,2026-05-27T16:21:52.896494
2ca8fed1-17d3-40b6-b51c-e0ca576f100a,SUAMIKU LUKAKU,21cineplex,,16SLUU,Drama,92 menit,D17+,2D,2026-05-27,2ed28b45-9c1e-42af-82ba-8e369a0ed215,2026-05-27T16:21:54.096513
2ca8fed1-17d3-40b6-b51c-e0ca576f100a,GOHAN,21cineplex,,26GOHN,Drama,140 menit,SU,2D,2026-05-27,86b2fad5-b2b6-4bb4-8252-3c020323f5b8,2026-05-27T16:21:54.096597
2ca8fed1-17d3-40b6-b51c-e0ca576f100a,HOKUM,21cineplex,,26HOKM,Horror,107 menit,13+,2D,2026-05-27,8cb260e5-5cc6-443c-88aa-2bdb49370fcc,2026-05-27T16:21:54.096627
2ca8fed1-17d3-40b6-b51c-e0ca576f100a,PASSENGER,21cineplex,,26PASR,Horror,94 menit,D17+,2D,2026-05-27,59f96b07-595a-476c-baa3-aac5845736fb,2026-05-27T16:21:54.096650
2ca8fed1-17d3-40b6-b51c-e0ca576f100a,SEKAWAN LIMO 2: GUNUNG KLAWIH,21cineplex,,16SK2G,"Comedy, Horror",122 menit,13+,2D,2026-05-27,63b65e75-f264-4d8e-a414-cc3cdcc28bc5,2026-05-27T16:21:54.096713
2ca8fed1-17d3-40b6-b51c-e0ca576f100a,BADUT GENDONG,21cineplex,,16BGEG,"Action, Horror",101 menit,D17+,2D,2026-05-27,35946a61-5f02-4c58-9014-8923cb9eb245,2026-05-27T16:21:54.096769
2ca8fed1-17d3-40b6-b51c-e0ca576f100a,GHOST IN THE CELL,21cineplex,,16GITC,"Comedy, Horror",106 menit,D17+,2D,2026-05-27,3e04c744-ed19-42ed-b47d-8cc74e6bc3ee,2026-05-27T16:21:54.096837
2ca8fed1-17d3-40b6-b51c-e0ca576f100a,SEMUA AKAN BAIK-BAIK SAJA,21cineplex,,16SABB,Drama,113 menit,13+,2D,2026-05-27,6645391a-6ec4-4c65-820a-5436f4210c74,2026-05-27T16:21:54.096864
2ca8fed1-17d3-40b6-b51c-e0ca576f100a,COLONY,21cineplex,,26COLY,"Horror, Thriller",122 menit,13+,2D,2026-06-03,64d18117-7a36-4aec-816a-2173e7aebae5,2026-05-27T16:21:54.096907
3bc523bd-b7c9-474c-b575-d74c02efa180,BADUT GENDONG,21cineplex,,16BGEG,"Action, Horror",101 menit,D17+,2D,2026-05-27,5c772116-d498-462c-a2fb-ea20f2eb3649,2026-05-27T16:21:55.565748
3bc523bd-b7c9-474c-b575-d74c02efa180,PASSENGER,21cineplex,,26PASR,Horror,94 menit,D17+,2D,2026-05-27,5b4d7dd4-5cc4-453e-a96a-c9a64e179ee2,2026-05-27T16:21:55.566075
3bc523bd-b7c9-474c-b575-d74c02efa180,GOHAN,21cineplex,,26GOHN,Drama,140 menit,SU,2D,2026-05-27,922fa04b-d881-4aa6-a42b-b5ea19ea8a29,2026-05-27T16:21:55.566239
3bc523bd-b7c9-474c-b575-d74c02efa180,HOKUM,21cineplex,,26HOKM,Horror,107 menit,13+,2D,2026-05-27,4563dfc0-71cf-47c3-9b4d-fb36ffe3b6fd,2026-05-27T16:21:55.566373
3bc523bd-b7c9-474c-b575-d74c02efa180,CHILDREN OF HEAVEN,21cineplex,,16COHN,"Drama, Family",97 menit,SU,2D,2026-05-27,b8da534b-345f-44e3-9478-18c7d9c70293,2026-05-27T16:21:55.566565
3bc523bd-b7c9-474c-b575-d74c02efa180,SEMUA AKAN BAIK-BAIK SAJA,21cineplex,,16SABB,Drama,113 menit,13+,2D,2026-05-27,07bf2b24-7f48-4ff1-9d21-1cc14533ede6,2026-05-27T16:21:55.566755
3bc523bd-b7c9-474c-b575-d74c02efa180,TUMBAL PROYEK,21cineplex,,16TPRK,Horror,106 menit,D17+,2D,2026-05-27,91a13f67-458b-4d50-aa4e-0f36ba57b4ca,2026-05-27T16:21:55.567011
3bc523bd-b7c9-474c-b575-d74c02efa180,SUAMIKU LUKAKU,21cineplex,,16SLUU,Drama,92 menit,D17+,2D,2026-05-27,b5ed6e00-d8e2-40f4-a630-5eb7c35c579b,2026-05-27T16:21:55.567227
3bc523bd-b7c9-474c-b575-d74c02efa180,COLONY,21cineplex,,26COLY,"Horror, Thriller",122 menit,13+,2D,2026-06-03,f6729dbf-29be-42ae-a7d8-43ea37e64443,2026-05-27T16:21:55.567463
9e1344aa-73d1-4e25-bcb9-e3423d49fac0,CHILDREN OF HEAVEN,21cineplex,,16COHN,"Drama, Family",97 menit,SU,2D,2026-05-27,ba0fe9bd-3c16-44e4-b2c9-d8a1e02806bd,2026-05-27T16:22:00.333964
9e1344aa-73d1-4e25-bcb9-e3423d49fac0,GOHAN,21cineplex,,26GOHN,Drama,140 menit,SU,2D,2026-05-27,d59bbbdf-077a-472e-b8f0-431b3c07c1ff,2026-05-27T16:22:00.334063
9e1344aa-73d1-4e25-bcb9-e3423d49fac0,GUDANG MERICA,21cineplex,,16GMEA,"Comedy, Horror",98 menit,D17+,2D,2026-05-27,83520c67-591e-46ad-80b4-c3bebfad9893,2026-05-27T16:22:00.334115
9e1344aa-73d1-4e25-bcb9-e3423d49fac0,SEKAWAN LIMO 2: GUNUNG KLAWIH,21cineplex,,16SK2G,"Comedy, Horror",122 menit,13+,2D,2026-05-27,051c98b1-79e4-4d11-bee7-bbeaa451664b,2026-05-27T16:22:00.334189
9e1344aa-73d1-4e25-bcb9-e3423d49fac0,PASSENGER,21cineplex,,26PASR,Horror,94 menit,D17+,2D,2026-05-27,638431a4-348b-4cc8-a11c-34c630763ee9,2026-05-27T16:22:00.334259
9e1344aa-73d1-4e25-bcb9-e3423d49fac0,SUAMIKU LUKAKU,21cineplex,,16SLUU,Drama,92 menit,D17+,2D,2026-05-27,41b6c3ca-0244-4660-9ae1-bb6ad67c6cea,2026-05-27T16:22:00.334322
9e1344aa-73d1-4e25-bcb9-e3423d49fac0,MORTAL KOMBAT II,21cineplex,,25MKT2,"Action, Adventure",116 menit,D17+,2D,2026-05-27,77ef2474-e59a-4454-a6e7-a36bf70a9846,2026-05-27T16:22:00.334392
9e1344aa-73d1-4e25-bcb9-e3423d49fac0,BADUT GENDONG,21cineplex,,16BGEG,"Action, Horror",101 menit,D17+,2D,2026-05-27,7e12f326-c596-4441-b9fb-ef5ef9b6064a,2026-05-27T16:22:00.334423
9e1344aa-73d1-4e25-bcb9-e3423d49fac0,TUMBAL PROYEK,21cineplex,,16TPRK,Horror,106 menit,D17+,2D,2026-05-27,19417814-f35d-41c1-aec5-ff6fc45d2bc8,2026-05-27T16:22:00.334490
9e1344aa-73d1-4e25-bcb9-e3423d49fac0,SEMUA AKAN BAIK-BAIK SAJA,21cineplex,,16SABB,Drama,113 menit,13+,2D,2026-05-27,3aead97c-3a11-4f7a-b4aa-f91a32161d6a,2026-05-27T16:22:00.334547
2ec7c44a-3792-4ea3-8c98-73cc2f966829,SEKAWAN LIMO 2: GUNUNG KLAWIH,21cineplex,,16SK2G,"Comedy, Horror",122 menit,13+,2D,2026-05-27,622a986c-8306-4de1-abdb-846c6608455b,2026-05-27T16:22:01.538724
2ec7c44a-3792-4ea3-8c98-73cc2f966829,BADUT GENDONG,21cineplex,,16BGEG,"Action, Horror",101 menit,D17+,2D,2026-05-27,bf0ca983-2a3f-432e-a942-bbe0188eae27,2026-05-27T16:22:01.538815
2ec7c44a-3792-4ea3-8c98-73cc2f966829,CHILDREN OF HEAVEN,21cineplex,,16COHN,"Drama, Family",97 menit,SU,2D,2026-05-27,49617967-778d-432f-a466-67d788885e56,2026-05-27T16:22:01.538895
2ec7c44a-3792-4ea3-8c98-73cc2f966829,SUAMIKU LUKAKU,21cineplex,,16SLUU,Drama,92 menit,D17+,2D,2026-05-27,4ccee31f-a168-4bc0-8488-5d8355783545,2026-05-27T16:22:01.538979
362a76b9-2202-4447-86aa-2eb99f286458,GOHAN,21cineplex,,26GOHN,Drama,140 menit,SU,2D,2026-05-27,9c126232-fcef-4e94-8c97-c7b58196b1be,2026-05-27T16:22:03.340649
362a76b9-2202-4447-86aa-2eb99f286458,MICHAEL,21cineplex,,26MICL,Biography,127 menit,SU,2D,2026-05-27,67dcab80-b455-455f-81d2-090efc6e5ff7,2026-05-27T16:22:03.340909
362a76b9-2202-4447-86aa-2eb99f286458,CHILDREN OF HEAVEN,21cineplex,,16COHN,"Drama, Family",97 menit,SU,2D,2026-05-27,2764a15e-ed30-48c2-8950-56e1ae074edf,2026-05-27T16:22:03.341059
362a76b9-2202-4447-86aa-2eb99f286458,SUAMIKU LUKAKU,21cineplex,,16SLUU,Drama,92 menit,D17+,2D,2026-05-27,48aca02b-99cf-4299-b952-2499ed0d0c7c,2026-05-27T16:22:03.341275
ebeeb422-4d3b-4f56-af95-e42d6a0c70fa,TUMBAL PROYEK,21cineplex,,16TPRK,Horror,106 menit,D17+,2D,2026-05-27,27a2003d-12b7-468c-9dd3-aeca66c25e92,2026-05-27T16:22:07.556091
ebeeb422-4d3b-4f56-af95-e42d6a0c70fa,SEMUA AKAN BAIK-BAIK SAJA,21cineplex,,16SABB,Drama,113 menit,13+,2D,2026-05-27,270ea334-f423-47eb-a6f6-8defe778fe24,2026-05-27T16:22:07.556180
ebeeb422-4d3b-4f56-af95-e42d6a0c70fa,SUAMIKU LUKAKU,21cineplex,,16SLUU,Drama,92 menit,D17+,2D,2026-05-27,065197c1-d8a4-4715-bba1-9d47dd9e2d85,2026-05-27T16:22:07.556255
ebeeb422-4d3b-4f56-af95-e42d6a0c70fa,HOKUM,21cineplex,,26HOKM,Horror,107 menit,13+,2D,2026-05-27,daeca0f0-cf9e-439a-8d5d-c31e053b974f,2026-05-27T16:22:07.556345
ebeeb422-4d3b-4f56-af95-e42d6a0c70fa,GOHAN,21cineplex,,26GOHN,Drama,140 menit,SU,2D,2026-05-27,bcd18777-acf1-439f-b6bc-80195d93ba38,2026-05-27T16:22:07.556386
ebeeb422-4d3b-4f56-af95-e42d6a0c70fa,PASSENGER,21cineplex,,26PASR,Horror,94 menit,D17+,2D,2026-05-27,05a0d9e1-963d-449d-9e63-32b90eac8297,2026-05-27T16:22:07.556439
ebeeb422-4d3b-4f56-af95-e42d6a0c70fa,CHILDREN OF HEAVEN,21cineplex,,16COHN,"Drama, Family",97 menit,SU,2D,2026-05-27,41c7fd2b-6760-4ac4-9b8d-69b24082ef0f,2026-05-27T16:22:07.556512
ebeeb422-4d3b-4f56-af95-e42d6a0c70fa,SEKAWAN LIMO 2: GUNUNG KLAWIH,21cineplex,,16SK2G,"Comedy, Horror",122 menit,13+,2D,2026-05-27,a79a81c5-992f-4b62-ab32-26d564cd8a09,2026-05-27T16:22:07.556589
ebeeb422-4d3b-4f56-af95-e42d6a0c70fa,COLONY,21cineplex,,26COLY,"Horror, Thriller",122 menit,13+,2D,2026-06-03,69139322-51be-4ae7-9c36-9a241489b3c8,2026-05-27T16:22:07.556664
0c8a0b00-1be2-4538-b6d2-c503d3b291dd,SUAMIKU LUKAKU,21cineplex,,16SLUU,Drama,92 menit,D17+,2D,2026-05-27,f3ab9bfe-3a74-4bce-b100-ff7d97f3c66b,2026-05-27T16:22:09.302187
0c8a0b00-1be2-4538-b6d2-c503d3b291dd,BADUT GENDONG,21cineplex,,16BGEG,"Action, Horror",101 menit,D17+,2D,2026-05-27,fcff6209-de30-48f9-bc48-6d526495cac9,2026-05-27T16:22:09.302319
0c8a0b00-1be2-4538-b6d2-c503d3b291dd,CHILDREN OF HEAVEN,21cineplex,,16COHN,"Drama, Family",97 menit,SU,2D,2026-05-27,2455e100-f2cf-4291-9077-95ef762d91fe,2026-05-27T16:22:09.302389
0c8a0b00-1be2-4538-b6d2-c503d3b291dd,SEKAWAN LIMO 2: GUNUNG KLAWIH,21cineplex,,16SK2G,"Comedy, Horror",122 menit,13+,2D,2026-05-27,764806ce-4d8b-41cf-a05b-a7c5911595d7,2026-05-27T16:22:09.302463
c8e9c279-3797-489e-b17e-bd1a42d6b1cf,CHILDREN OF HEAVEN,21cineplex,,16COHN,"Drama, Family",97 menit,SU,2D,2026-05-27,c2786d16-3362-44f4-997b-f9b94c2a1a60,2026-05-27T16:22:10.600392
c8e9c279-3797-489e-b17e-bd1a42d6b1cf,TUMBAL PROYEK,21cineplex,,16TPRK,Horror,106 menit,D17+,2D,2026-05-27,eda3a510-3d15-4b76-a085-015cb3cdd3a0,2026-05-27T16:22:10.600469
c8e9c279-3797-489e-b17e-bd1a42d6b1cf,BADUT GENDONG,21cineplex,,16BGEG,"Action, Horror",101 menit,D17+,2D,2026-05-27,f0318177-09b5-4650-b202-fb20a201e30a,2026-05-27T16:22:10.600533
c8e9c279-3797-489e-b17e-bd1a42d6b1cf,PASSENGER,21cineplex,,26PASR,Horror,94 menit,D17+,2D,2026-05-27,28ddc4c8-88c6-4554-9ff4-6220e6d18867,2026-05-27T16:22:10.600596
c8e9c279-3797-489e-b17e-bd1a42d6b1cf,SEKAWAN LIMO 2: GUNUNG KLAWIH,21cineplex,,16SK2G,"Comedy, Horror",122 menit,13+,2D,2026-05-27,33539406-b064-49d2-9159-9c09546d11a5,2026-05-27T16:22:10.600664
d904d414-9bee-4d10-9f6e-808ac131649e,SEKAWAN LIMO 2: GUNUNG KLAWIH,21cineplex,,16SK2G,"Comedy, Horror",122 menit,13+,2D,2026-05-27,a1c29b7e-ba0b-45fb-a4ff-b902c539d8e3,2026-05-27T16:22:12.312346
d904d414-9bee-4d10-9f6e-808ac131649e,PASSENGER,21cineplex,,26PASR,Horror,94 menit,D17+,2D,2026-05-27,3551fc7e-cc18-43fa-b019-160c68b120de,2026-05-27T16:22:12.312424
d904d414-9bee-4d10-9f6e-808ac131649e,CHILDREN OF HEAVEN,21cineplex,,16COHN,"Drama, Family",97 menit,SU,2D,2026-05-27,aa03b276-c130-4c57-8db3-0ee7063f087f,2026-05-27T16:22:12.312490
d904d414-9bee-4d10-9f6e-808ac131649e,SUAMIKU LUKAKU,21cineplex,,16SLUU,Drama,92 menit,D17+,2D,2026-05-27,7bc1bb5a-bc30-4be3-8637-6f3e381d564b,2026-05-27T16:22:12.312553
d904d414-9bee-4d10-9f6e-808ac131649e,SEMUA AKAN BAIK-BAIK SAJA,21cineplex,,16SABB,Drama,113 menit,13+,2D,2026-05-27,8d8b4c39-0ea5-454e-bdd0-e68ea506f98f,2026-05-27T16:22:12.312623
d904d414-9bee-4d10-9f6e-808ac131649e,TUMBAL PROYEK,21cineplex,,16TPRK,Horror,106 menit,D17+,2D,2026-05-27,c85dffef-01aa-4b36-a48c-6216491a1b68,2026-05-27T16:22:12.312683
d904d414-9bee-4d10-9f6e-808ac131649e,STAR WARS: THE MANDALORIAN AND GROGU,21cineplex,,26SWMG,"Fantasy, Sci-Fi",132 menit,13+,2D,2026-05-27,bbf66754-51f0-4387-bc05-bcc565fbe02f,2026-05-27T16:22:12.312728
d904d414-9bee-4d10-9f6e-808ac131649e,HOKUM,21cineplex,,26HOKM,Horror,107 menit,13+,2D,2026-05-27,9f883d5d-d3c6-41fd-8056-4744e0b5dabf,2026-05-27T16:22:12.312756
d904d414-9bee-4d10-9f6e-808ac131649e,COLONY,21cineplex,,26COLY,"Horror, Thriller",122 menit,13+,2D,2026-06-03,5c4bd45f-f33f-4aa8-8a66-405535c2d9e1,2026-05-27T16:22:12.312808
c9957ec5-c23f-437e-b18e-6af522b8d621,SUAMIKU LUKAKU,21cineplex,,16SLUU,Drama,92 menit,D17+,2D,2026-05-27,a3bea418-d07d-4548-a823-c0a1b2abfb4c,2026-05-27T16:22:13.548871
c9957ec5-c23f-437e-b18e-6af522b8d621,TUMBAL PROYEK,21cineplex,,16TPRK,Horror,106 menit,D17+,2D,2026-05-27,a0d63cc7-3d3b-429b-8597-9c385d783e67,2026-05-27T16:22:13.548975
c9957ec5-c23f-437e-b18e-6af522b8d621,BADUT GENDONG,21cineplex,,16BGEG,"Action, Horror",101 menit,D17+,2D,2026-05-27,4baa6c55-785d-43d9-83ac-c066920a888c,2026-05-27T16:22:13.549023
c9957ec5-c23f-437e-b18e-6af522b8d621,SEMUA AKAN BAIK-BAIK SAJA,21cineplex,,16SABB,Drama,113 menit,13+,2D,2026-05-27,31f072a0-5bef-4dfc-8388-f8ce42ec7497,2026-05-27T16:22:13.549099
c9957ec5-c23f-437e-b18e-6af522b8d621,HOKUM,21cineplex,,26HOKM,Horror,107 menit,13+,2D,2026-05-27,03538b0d-2dcd-48b7-b25d-59ecce0074a5,2026-05-27T16:22:13.549159
c9957ec5-c23f-437e-b18e-6af522b8d621,CHILDREN OF HEAVEN,21cineplex,,16COHN,"Drama, Family",97 menit,SU,2D,2026-05-27,731896c2-60c6-48b5-9c81-7df4148dde4a,2026-05-27T16:22:13.549199
96230ad9-fb27-4f89-952d-06aa28fd4fba,CHILDREN OF HEAVEN,21cineplex,,16COHN,"Drama, Family",97 menit,SU,2D,2026-05-27,febb39a8-ac4d-42b2-86ae-101e5c64c05f,2026-05-27T16:22:15.304862
96230ad9-fb27-4f89-952d-06aa28fd4fba,TUMBAL PROYEK,21cineplex,,16TPRK,Horror,106 menit,D17+,2D,2026-05-27,f681b2e4-9928-4d31-bc21-fb35699cfebf,2026-05-27T16:22:15.305011
96230ad9-fb27-4f89-952d-06aa28fd4fba,SEMUA AKAN BAIK-BAIK SAJA,21cineplex,,16SABB,Drama,113 menit,13+,2D,2026-05-27,76b28935-ebdf-4664-b507-78603608d187,2026-05-27T16:22:15.305075
96230ad9-fb27-4f89-952d-06aa28fd4fba,STAR WARS: THE MANDALORIAN AND GROGU,21cineplex,,26SWMG,"Fantasy, Sci-Fi",132 menit,13+,2D,2026-05-27,ab64b0b2-f8d1-4fd6-b8ff-2c196b9a2f86,2026-05-27T16:22:15.305180
96230ad9-fb27-4f89-952d-06aa28fd4fba,HOKUM,21cineplex,,26HOKM,Horror,107 menit,13+,2D,2026-05-27,e2a8ae2e-573a-4454-8452-c8c774125f36,2026-05-27T16:22:15.305230
96230ad9-fb27-4f89-952d-06aa28fd4fba,SEKAWAN LIMO 2: GUNUNG KLAWIH,21cineplex,,16SK2G,"Comedy, Horror",122 menit,13+,2D,2026-05-27,9ce6ce59-6076-4920-90da-9da911d22c5f,2026-05-27T16:22:15.305287
48412318-0fa7-4140-89ac-0ac1e8d8dc51,SUAMIKU LUKAKU,21cineplex,,16SLUU,Drama,92 menit,D17+,2D,2026-05-27,14f7cd91-e026-4c39-a0cc-46f01fdaedcd,2026-05-27T16:22:16.593333
48412318-0fa7-4140-89ac-0ac1e8d8dc51,CHILDREN OF HEAVEN,21cineplex,,16COHN,"Drama, Family",97 menit,SU,2D,2026-05-27,2f863244-470f-45ee-a076-738420b33ad2,2026-05-27T16:22:16.593720
48412318-0fa7-4140-89ac-0ac1e8d8dc51,TUMBAL PROYEK,21cineplex,,16TPRK,Horror,106 menit,D17+,2D,2026-05-27,81bbb959-ab1b-4365-952c-3db27de11b41,2026-05-27T16:22:16.594064
48412318-0fa7-4140-89ac-0ac1e8d8dc51,STAR WARS: THE MANDALORIAN AND GROGU,21cineplex,,26SWMG,"Fantasy, Sci-Fi",132 menit,13+,2D,2026-05-27,2b0ccee1-7df9-4b68-ab8a-7b0f6179c998,2026-05-27T16:22:16.594312
48412318-0fa7-4140-89ac-0ac1e8d8dc51,SEMUA AKAN BAIK-BAIK SAJA,21cineplex,,16SABB,Drama,113 menit,13+,2D,2026-05-27,e1477869-c6f5-4bdd-9085-6c055e9690b0,2026-05-27T16:22:16.594421
48412318-0fa7-4140-89ac-0ac1e8d8dc51,BADUT GENDONG,21cineplex,,16BGEG,"Action, Horror",101 menit,D17+,2D,2026-05-27,595f0710-6b84-4acd-8b4b-b2b5f73aad9d,2026-05-27T16:22:16.594641
48412318-0fa7-4140-89ac-0ac1e8d8dc51,SEKAWAN LIMO 2: GUNUNG KLAWIH,21cineplex,,16SK2G,"Comedy, Horror",122 menit,13+,2D,2026-05-27,f7ecf983-71d6-4581-bd33-b3d7ae467b51,2026-05-27T16:22:16.595838
48412318-0fa7-4140-89ac-0ac1e8d8dc51,GUDANG MERICA,21cineplex,,16GMEA,"Comedy, Horror",98 menit,D17+,2D,2026-05-27,e35f3b16-c9f3-4d16-91a8-f918934d818b,2026-05-27T16:22:16.596088
48412318-0fa7-4140-89ac-0ac1e8d8dc51,COLONY,21cineplex,,26COLY,"Horror, Thriller",122 menit,13+,2D,2026-06-03,a337f8f2-34ee-4320-8299-40b0b7ecdc0e,2026-05-27T16:22:16.596407
ff28d8f8-0bd5-4cd7-b576-977290286612,SEKAWAN LIMO 2: GUNUNG KLAWIH,21cineplex,,16SK2G,"Comedy, Horror",122 menit,13+,2D,2026-05-27,89b20bdb-3a75-43a1-beef-4d4b2a9c8afc,2026-05-27T16:22:18.313926
ff28d8f8-0bd5-4cd7-b576-977290286612,SUAMIKU LUKAKU,21cineplex,,16SLUU,Drama,92 menit,D17+,2D,2026-05-27,44b4aa5a-923c-4762-a672-4aab5ac9fd7e,2026-05-27T16:22:18.314061
ff28d8f8-0bd5-4cd7-b576-977290286612,HOKUM,21cineplex,,26HOKM,Horror,107 menit,13+,2D,2026-05-27,4b219456-776d-4dba-b88f-046b43ff7a10,2026-05-27T16:22:18.314297
ff28d8f8-0bd5-4cd7-b576-977290286612,TUMBAL PROYEK,21cineplex,,16TPRK,Horror,106 menit,D17+,2D,2026-05-27,2a8a4579-46e1-4a89-8379-53a09450f944,2026-05-27T16:22:18.314326
ff28d8f8-0bd5-4cd7-b576-977290286612,BADUT GENDONG,21cineplex,,16BGEG,"Action, Horror",101 menit,D17+,2D,2026-05-27,45408818-592a-4070-b705-c62e55aca76c,2026-05-27T16:22:18.314687
ff28d8f8-0bd5-4cd7-b576-977290286612,CHILDREN OF HEAVEN,21cineplex,,16COHN,"Drama, Family",97 menit,SU,2D,2026-05-27,c511ffbc-35e3-4da2-991b-9fe33f9f17d2,2026-05-27T16:22:18.314895
ff28d8f8-0bd5-4cd7-b576-977290286612,GUDANG MERICA,21cineplex,,16GMEA,"Comedy, Horror",98 menit,D17+,2D,2026-05-27,62472254-32a7-45ee-a932-85eac76cea2c,2026-05-27T16:22:18.315189
ff28d8f8-0bd5-4cd7-b576-977290286612,SEMUA AKAN BAIK-BAIK SAJA,21cineplex,,16SABB,Drama,113 menit,13+,2D,2026-05-27,c8018492-7028-48ca-96f5-73976103b136,2026-05-27T16:22:18.315522
ff28d8f8-0bd5-4cd7-b576-977290286612,YANG LAIN BOLEH HILANG ASAL KAU JANGAN,21cineplex,,16YLBH,Drama,113 menit,13+,2D,2026-05-27,3e2fcc4c-89d6-4aae-8fca-a5c3f6d79b28,2026-05-27T16:22:18.315809
ff28d8f8-0bd5-4cd7-b576-977290286612,COLONY,21cineplex,,26COLY,"Horror, Thriller",122 menit,13+,2D,2026-06-03,9d8e3158-10e1-4684-8d64-98053564f684,2026-05-27T16:22:18.315989
c2efd5e4-2c9f-42b0-8e19-682446babbf4,BADUT GENDONG,21cineplex,,16BGEG,"Action, Horror",101 menit,D17+,2D,2026-05-27,ad3ed5ec-4eb0-464a-b6f1-b5bc35f58644,2026-05-27T16:22:21.619143
c2efd5e4-2c9f-42b0-8e19-682446babbf4,CHILDREN OF HEAVEN,21cineplex,,16COHN,"Drama, Family",97 menit,SU,2D,2026-05-27,b7a69d5c-b87b-4b34-b755-87d6f7b6761d,2026-05-27T16:22:21.619256
c2efd5e4-2c9f-42b0-8e19-682446babbf4,SUAMIKU LUKAKU,21cineplex,,16SLUU,Drama,92 menit,D17+,2D,2026-05-27,50dc5552-a3ff-46df-bd6e-81e894ecfef2,2026-05-27T16:22:21.619367
c2efd5e4-2c9f-42b0-8e19-682446babbf4,SEKAWAN LIMO 2: GUNUNG KLAWIH,21cineplex,,16SK2G,"Comedy, Horror",122 menit,13+,2D,2026-05-27,e663237f-f788-42a8-98ef-5764949a6ec9,2026-05-27T16:22:21.619479
c2efd5e4-2c9f-42b0-8e19-682446babbf4,TUMBAL PROYEK,21cineplex,,16TPRK,Horror,106 menit,D17+,2D,2026-05-27,c7f1cc18-09f4-423f-814f-1d6cf19ad60c,2026-05-27T16:22:21.619572
a051d594-6319-4a92-a88c-9f623c7be916,SUAMIKU LUKAKU,21cineplex,,16SLUU,Drama,92 menit,D17+,2D,2026-05-27,7a533c67-532e-47e6-bf3f-ecf516a99f14,2026-05-27T16:22:22.580934
a051d594-6319-4a92-a88c-9f623c7be916,TUMBAL PROYEK,21cineplex,,16TPRK,Horror,106 menit,D17+,2D,2026-05-27,f2708cf4-418a-4d12-b013-877ba149c424,2026-05-27T16:22:22.581206
a051d594-6319-4a92-a88c-9f623c7be916,SEMUA AKAN BAIK-BAIK SAJA,21cineplex,,16SABB,Drama,113 menit,13+,2D,2026-05-27,3eb4d203-aa49-4b0f-9d72-fa76da206397,2026-05-27T16:22:22.581368
a051d594-6319-4a92-a88c-9f623c7be916,CHILDREN OF HEAVEN,21cineplex,,16COHN,"Drama, Family",97 menit,SU,2D,2026-05-27,01379507-c641-40d3-a625-8178c069e92f,2026-05-27T16:22:22.581506
a051d594-6319-4a92-a88c-9f623c7be916,SEKAWAN LIMO 2: GUNUNG KLAWIH,21cineplex,,16SK2G,"Comedy, Horror",122 menit,13+,2D,2026-05-27,e4d7e421-656e-4be6-be36-fe0ef66b741a,2026-05-27T16:22:22.581672
bdb50666-43cf-4716-82cb-ba86cb5b3c04,HOKUM,21cineplex,,26HOKM,Horror,107 menit,13+,2D,2026-05-27,213b4b6e-45b9-4954-96fc-ffaf94137262,2026-05-27T16:22:24.308927
bdb50666-43cf-4716-82cb-ba86cb5b3c04,CHILDREN OF HEAVEN,21cineplex,,16COHN,"Drama, Family",97 menit,SU,2D,2026-05-27,9428b578-3ad4-44fd-b956-95480b406c11,2026-05-27T16:22:24.309153
bdb50666-43cf-4716-82cb-ba86cb5b3c04,BADUT GENDONG,21cineplex,,16BGEG,"Action, Horror",101 menit,D17+,2D,2026-05-27,e9e163e0-2c33-4a0c-945f-12e7054fe786,2026-05-27T16:22:24.309244
bdb50666-43cf-4716-82cb-ba86cb5b3c04,PASSENGER,21cineplex,,26PASR,Horror,94 menit,D17+,2D,2026-05-27,24d8c496-91ef-4f95-af92-c7d05b54de37,2026-05-27T16:22:24.309356
bdb50666-43cf-4716-82cb-ba86cb5b3c04,SUAMIKU LUKAKU,21cineplex,,16SLUU,Drama,92 menit,D17+,2D,2026-05-27,a4792af3-c931-435b-b95a-3baf839e41d9,2026-05-27T16:22:24.309432
bdb50666-43cf-4716-82cb-ba86cb5b3c04,GOHAN,21cineplex,,26GOHN,Drama,140 menit,SU,2D,2026-05-27,e871766b-1c3e-4231-902b-87c88abb6971,2026-05-27T16:22:24.309501
bdb50666-43cf-4716-82cb-ba86cb5b3c04,SEKAWAN LIMO 2: GUNUNG KLAWIH,21cineplex,,16SK2G,"Comedy, Horror",122 menit,13+,2D,2026-05-27,9701186a-4616-4f07-9035-f404f71fc295,2026-05-27T16:22:24.309645
bdb50666-43cf-4716-82cb-ba86cb5b3c04,COLONY,21cineplex,,26COLY,"Horror, Thriller",122 menit,13+,2D,2026-06-03,27bba52a-7052-4d8a-bc60-e01c5479a22a,2026-05-27T16:22:24.309750
4df0ed6b-764c-4d1c-b323-929913466747,CHILDREN OF HEAVEN,21cineplex,,16COHN,"Drama, Family",97 menit,SU,2D,2026-05-27,6e8bdfc5-855c-494b-b679-8b42f779cac0,2026-05-27T16:22:32.053521
4df0ed6b-764c-4d1c-b323-929913466747,BADUT GENDONG,21cineplex,,16BGEG,"Action, Horror",101 menit,D17+,2D,2026-05-27,6d77e0b9-afe5-434f-aee8-0686322214ee,2026-05-27T16:22:32.053731
4df0ed6b-764c-4d1c-b323-929913466747,TUMBAL PROYEK,21cineplex,,16TPRK,Horror,106 menit,D17+,2D,2026-05-27,4e885022-6e76-4d9b-8a5e-e1eca3f0b552,2026-05-27T16:22:32.053886
8bfc1db1-e7ce-4c98-82a6-edc328ae9ce7,BADUT GENDONG,21cineplex,,16BGEG,"Action, Horror",101 menit,D17+,2D,2026-05-27,ac5437bc-65ec-49b6-97ed-aaf4ef1dcd59,2026-05-27T16:22:32.054388
8bfc1db1-e7ce-4c98-82a6-edc328ae9ce7,GUDANG MERICA,21cineplex,,16GMEA,"Comedy, Horror",98 menit,D17+,2D,2026-05-27,168719b2-c790-4da1-9744-322881918923,2026-05-27T16:22:32.054557
8bfc1db1-e7ce-4c98-82a6-edc328ae9ce7,CHILDREN OF HEAVEN,21cineplex,,16COHN,"Drama, Family",97 menit,SU,2D,2026-05-27,f9a583cb-18e1-453b-b5b3-aab56588a68c,2026-05-27T16:22:32.054710
8bfc1db1-e7ce-4c98-82a6-edc328ae9ce7,SEKAWAN LIMO 2: GUNUNG KLAWIH,21cineplex,,16SK2G,"Comedy, Horror",122 menit,13+,2D,2026-05-27,99b5bc94-a2f4-40d5-9189-5522cf3430db,2026-05-27T16:22:32.054863
8bfc1db1-e7ce-4c98-82a6-edc328ae9ce7,SUAMIKU LUKAKU,21cineplex,,16SLUU,Drama,92 menit,D17+,2D,2026-05-27,98495881-155c-4edf-bda1-ee1907d2270c,2026-05-27T16:22:32.054959
42fc8df2-3455-4a11-b0c4-b1aaecb1a51a,SUAMIKU LUKAKU,21cineplex,,16SLUU,Drama,92 menit,D17+,2D,2026-05-27,c3ef4abb-5f8b-4bb9-8792-d3c9d944fcff,2026-05-27T16:22:32.055352
42fc8df2-3455-4a11-b0c4-b1aaecb1a51a,STAR WARS: THE MANDALORIAN AND GROGU,21cineplex,,26SWMG,"Fantasy, Sci-Fi",132 menit,13+,2D,2026-05-27,60b4128b-b170-4bcf-bbb5-a8549e28b4c5,2026-05-27T16:22:32.055534
42fc8df2-3455-4a11-b0c4-b1aaecb1a51a,BADUT GENDONG,21cineplex,,16BGEG,"Action, Horror",101 menit,D17+,2D,2026-05-27,661558ee-e287-4ea8-817a-f3ecab9a2dee,2026-05-27T16:22:32.055594
42fc8df2-3455-4a11-b0c4-b1aaecb1a51a,GUDANG MERICA,21cineplex,,16GMEA,"Comedy, Horror",98 menit,D17+,2D,2026-05-27,de3c7bed-ea0c-48b3-8f73-4c24180e86fa,2026-05-27T16:22:32.055884
42fc8df2-3455-4a11-b0c4-b1aaecb1a51a,SEMUA AKAN BAIK-BAIK SAJA,21cineplex,,16SABB,Drama,113 menit,13+,2D,2026-05-27,34ed1a37-8fe9-4399-9772-c190ab324e5e,2026-05-27T16:22:32.056023
42fc8df2-3455-4a11-b0c4-b1aaecb1a51a,CHILDREN OF HEAVEN,21cineplex,,16COHN,"Drama, Family",97 menit,SU,2D,2026-05-27,6891e01f-5294-45e2-905e-3166123f7fcb,2026-05-27T16:22:32.056151
42fc8df2-3455-4a11-b0c4-b1aaecb1a51a,TUMBAL PROYEK,21cineplex,,16TPRK,Horror,106 menit,D17+,2D,2026-05-27,19337d5c-3450-4d1d-867f-e82a0aec2056,2026-05-27T16:22:32.056308
42fc8df2-3455-4a11-b0c4-b1aaecb1a51a,SEKAWAN LIMO 2: GUNUNG KLAWIH,21cineplex,,16SK2G,"Comedy, Horror",122 menit,13+,2D,2026-05-27,576e217d-2cf7-4ac2-b19a-5eecf47624ea,2026-05-27T16:22:32.056421
30512a85-32af-4110-a0e7-3b2d63fe2474,CHILDREN OF HEAVEN,21cineplex,,16COHN,"Drama, Family",97 menit,SU,2D,2026-05-27,3c845379-45a6-45da-a85d-a4f2f9c02747,2026-05-27T16:22:32.056859
30512a85-32af-4110-a0e7-3b2d63fe2474,SUAMIKU LUKAKU,21cineplex,,16SLUU,Drama,92 menit,D17+,2D,2026-05-27,d4b3b482-e0cb-4d2d-9a2f-f1fbb43ff347,2026-05-27T16:22:32.057008
30512a85-32af-4110-a0e7-3b2d63fe2474,TUMBAL PROYEK,21cineplex,,16TPRK,Horror,106 menit,D17+,2D,2026-05-27,372e2819-11f9-4f0a-a059-136379e3210e,2026-05-27T16:22:32.057113
30512a85-32af-4110-a0e7-3b2d63fe2474,SEKAWAN LIMO 2: GUNUNG KLAWIH,21cineplex,,16SK2G,"Comedy, Horror",122 menit,13+,2D,2026-05-27,a601e37d-e19f-4cae-bf6c-15f830a1b108,2026-05-27T16:22:32.057224
30512a85-32af-4110-a0e7-3b2d63fe2474,SEMUA AKAN BAIK-BAIK SAJA,21cineplex,,16SABB,Drama,113 menit,13+,2D,2026-05-27,99d78d32-b93a-45f5-aa84-14cece820857,2026-05-27T16:22:32.057336
985dc2e6-a87a-4746-9b15-b026898981d3,PASSENGER,21cineplex,,26PASR,Horror,94 menit,D17+,2D,2026-05-27,3667c793-4dd0-469f-91c6-a6bde410acf9,2026-05-27T16:22:33.080745
985dc2e6-a87a-4746-9b15-b026898981d3,BADUT GENDONG,21cineplex,,16BGEG,"Action, Horror",101 menit,D17+,2D,2026-05-27,d30be7bb-50a8-4ff4-be61-918ccf5b354f,2026-05-27T16:22:33.080848
985dc2e6-a87a-4746-9b15-b026898981d3,SUAMIKU LUKAKU,21cineplex,,16SLUU,Drama,92 menit,D17+,2D,2026-05-27,a26f87bd-6f52-4382-9504-afc740008eff,2026-05-27T16:22:33.080930
985dc2e6-a87a-4746-9b15-b026898981d3,CHILDREN OF HEAVEN,21cineplex,,16COHN,"Drama, Family",97 menit,SU,2D,2026-05-27,52b50015-da8a-438f-b5b5-ce0315078911,2026-05-27T16:22:33.081011
985dc2e6-a87a-4746-9b15-b026898981d3,SEKAWAN LIMO 2: GUNUNG KLAWIH,21cineplex,,16SK2G,"Comedy, Horror",122 menit,13+,2D,2026-05-27,67bdb315-4764-4490-b7f8-148c869724e6,2026-05-27T16:22:33.081086
985dc2e6-a87a-4746-9b15-b026898981d3,COLONY,21cineplex,,26COLY,"Horror, Thriller",122 menit,13+,2D,2026-06-03,0d61663d-884f-4c09-831e-2fb8585ea202,2026-05-27T16:22:33.081168
56b05df7-cd6d-4421-8321-f0b605ae83f9,CHILDREN OF HEAVEN,21cineplex,,16COHN,"Drama, Family",97 menit,SU,2D,2026-05-27,ecbba37f-272f-474a-a546-4ee72864167d,2026-05-27T16:22:36.613650
56b05df7-cd6d-4421-8321-f0b605ae83f9,SUAMIKU LUKAKU,21cineplex,,16SLUU,Drama,92 menit,D17+,2D,2026-05-27,2e72cbe0-6e76-4c0d-a481-c6d530a7a200,2026-05-27T16:22:36.614030
56b05df7-cd6d-4421-8321-f0b605ae83f9,BADUT GENDONG,21cineplex,,16BGEG,"Action, Horror",101 menit,D17+,2D,2026-05-27,9d6896db-9348-4725-8938-15b699f93e51,2026-05-27T16:22:36.614279
56b05df7-cd6d-4421-8321-f0b605ae83f9,TUMBAL PROYEK,21cineplex,,16TPRK,Horror,106 menit,D17+,2D,2026-05-27,6bdce168-3d48-4643-a662-8ba12e579ae2,2026-05-27T16:22:36.614412
56b05df7-cd6d-4421-8321-f0b605ae83f9,SEKAWAN LIMO 2: GUNUNG KLAWIH,21cineplex,,16SK2G,"Comedy, Horror",122 menit,13+,2D,2026-05-27,d541bd0d-0736-4388-80a7-fd449af57767,2026-05-27T16:22:36.614511
04cd71f1-91ed-4c1b-945c-462c77258988,BADUT GENDONG,21cineplex,,16BGEG,"Action, Horror",101 menit,D17+,2D,2026-05-27,91778139-8dce-435e-8bcc-c180edcebcc4,2026-05-27T16:22:37.570662
04cd71f1-91ed-4c1b-945c-462c77258988,CHILDREN OF HEAVEN,21cineplex,,16COHN,"Drama, Family",97 menit,SU,2D,2026-05-27,d878e2ff-3abe-4f19-a2b5-eecccde7dbab,2026-05-27T16:22:37.571072
04cd71f1-91ed-4c1b-945c-462c77258988,GOHAN,21cineplex,,26GOHN,Drama,140 menit,SU,2D,2026-05-27,9cddb623-2db1-4ec7-b59e-19cd32d20ba4,2026-05-27T16:22:37.571661
04cd71f1-91ed-4c1b-945c-462c77258988,SUAMIKU LUKAKU,21cineplex,,16SLUU,Drama,92 menit,D17+,2D,2026-05-27,f0ced130-cc58-4875-a42b-57be4f8c7095,2026-05-27T16:22:37.571850
04cd71f1-91ed-4c1b-945c-462c77258988,SEKAWAN LIMO 2: GUNUNG KLAWIH,21cineplex,,16SK2G,"Comedy, Horror",122 menit,13+,2D,2026-05-27,ac0e8a7f-9394-48f4-a35a-976353cf45cc,2026-05-27T16:22:37.572046
5895e75a-59e9-4afc-ace6-4a157ce62704,CHILDREN OF HEAVEN,21cineplex,,16COHN,"Drama, Family",97 menit,SU,2D,2026-05-27,007a1719-b440-4368-a4e5-a47607a9e8af,2026-05-27T16:22:39.304275
5895e75a-59e9-4afc-ace6-4a157ce62704,SUAMIKU LUKAKU,21cineplex,,16SLUU,Drama,92 menit,D17+,2D,2026-05-27,d523a0ae-dcf3-42c7-baf9-189b51a6bf00,2026-05-27T16:22:39.304399
5895e75a-59e9-4afc-ace6-4a157ce62704,SEKAWAN LIMO 2: GUNUNG KLAWIH,21cineplex,,16SK2G,"Comedy, Horror",122 menit,13+,2D,2026-05-27,4573aff3-ecc1-47b7-a2f7-31980ba59498,2026-05-27T16:22:39.304500
5895e75a-59e9-4afc-ace6-4a157ce62704,SEMUA AKAN BAIK-BAIK SAJA,21cineplex,,16SABB,Drama,113 menit,13+,2D,2026-05-27,6185f5f1-c363-4f32-ba37-6f4e996a61c6,2026-05-27T16:22:39.304586
01a1f735-0a93-4691-8a85-2d84709e8007,BADUT GENDONG,21cineplex,,16BGEG,"Action, Horror",101 menit,D17+,2D,2026-05-27,60f1618a-ca91-4220-8855-c889db849035,2026-05-27T16:22:40.582970
01a1f735-0a93-4691-8a85-2d84709e8007,CHILDREN OF HEAVEN,21cineplex,,16COHN,"Drama, Family",97 menit,SU,2D,2026-05-27,70fdc6ba-b60f-4cba-83df-e9dc6d9f11a6,2026-05-27T16:22:40.583349
01a1f735-0a93-4691-8a85-2d84709e8007,SEKAWAN LIMO 2: GUNUNG KLAWIH,21cineplex,,16SK2G,"Comedy, Horror",122 menit,13+,2D,2026-05-27,fbee205e-ef2e-4a17-a090-ebc4dc9dfc7a,2026-05-27T16:22:40.583699
01a1f735-0a93-4691-8a85-2d84709e8007,SUAMIKU LUKAKU,21cineplex,,16SLUU,Drama,92 menit,D17+,2D,2026-05-27,c0f67170-6cdc-46d0-bb43-03b0562a06d3,2026-05-27T16:22:40.583933
01a1f735-0a93-4691-8a85-2d84709e8007,PASSENGER,21cineplex,,26PASR,Horror,94 menit,D17+,2D,2026-05-27,9427f867-1844-4e35-882a-6ea625c2d1f3,2026-05-27T16:22:40.584310
bc8b6bbd-2c60-426f-bc4f-821bd0b20bd5,BADUT GENDONG,21cineplex,,16BGEG,"Action, Horror",101 menit,D17+,2D,2026-05-27,b2c0bf79-6b14-40d0-b41a-f531d9c2cf84,2026-05-27T16:22:43.569755
bc8b6bbd-2c60-426f-bc4f-821bd0b20bd5,SEKAWAN LIMO 2: GUNUNG KLAWIH,21cineplex,,16SK2G,"Comedy, Horror",122 menit,13+,2D,2026-05-27,f02bebb7-2983-4dc9-93b5-3af6c2ab25ba,2026-05-27T16:22:43.569915
bc8b6bbd-2c60-426f-bc4f-821bd0b20bd5,SUAMIKU LUKAKU,21cineplex,,16SLUU,Drama,92 menit,D17+,2D,2026-05-27,fe963a84-c7f1-4510-8f5f-14709a3476c4,2026-05-27T16:22:43.569985
bc8b6bbd-2c60-426f-bc4f-821bd0b20bd5,CHILDREN OF HEAVEN,21cineplex,,16COHN,"Drama, Family",97 menit,SU,2D,2026-05-27,e5e511c6-27b8-47c3-ac53-aaf85b6c5dfc,2026-05-27T16:22:43.570087
36e90645-9c7f-4a76-838a-d1d874903daf,GUDANG MERICA,21cineplex,,16GMEA,"Comedy, Horror",98 menit,D17+,2D,2026-05-27,22c276ce-dd7c-49c1-8e76-7c45dae81cb2,2026-05-27T16:22:45.302192
36e90645-9c7f-4a76-838a-d1d874903daf,CHILDREN OF HEAVEN,21cineplex,,16COHN,"Drama, Family",97 menit,SU,2D,2026-05-27,d9c23572-7e42-48b8-b130-42cca0c54e12,2026-05-27T16:22:45.302363
36e90645-9c7f-4a76-838a-d1d874903daf,BADUT GENDONG,21cineplex,,16BGEG,"Action, Horror",101 menit,D17+,2D,2026-05-27,34b2fe57-0fcb-4a69-b570-fb01522f9aa5,2026-05-27T16:22:45.302547
36e90645-9c7f-4a76-838a-d1d874903daf,SEMUA AKAN BAIK-BAIK SAJA,21cineplex,,16SABB,Drama,113 menit,13+,2D,2026-05-27,3c9c13e2-13b1-4c2c-b1ec-52dda3548c98,2026-05-27T16:22:45.302734
36e90645-9c7f-4a76-838a-d1d874903daf,TUMBAL PROYEK,21cineplex,,16TPRK,Horror,106 menit,D17+,2D,2026-05-27,cb7f4688-6a78-4ea1-945b-4a4a00daa224,2026-05-27T16:22:45.302873
36e90645-9c7f-4a76-838a-d1d874903daf,GOHAN,21cineplex,,26GOHN,Drama,140 menit,SU,2D,2026-05-27,674ce3d9-153f-48f0-b72b-7408fbd19de7,2026-05-27T16:22:45.303023
36e90645-9c7f-4a76-838a-d1d874903daf,SEKAWAN LIMO 2: GUNUNG KLAWIH,21cineplex,,16SK2G,"Comedy, Horror",122 menit,13+,2D,2026-05-27,fc6385b6-c7b3-46e5-81af-39d6caa64fa2,2026-05-27T16:22:45.303099
36e90645-9c7f-4a76-838a-d1d874903daf,SUAMIKU LUKAKU,21cineplex,,16SLUU,Drama,92 menit,D17+,2D,2026-05-27,4d1b0ac4-1d8a-4242-81b9-ac0fba4e229b,2026-05-27T16:22:45.303262
cb648205-e98e-4501-8117-916ce31f2c47,SUAMIKU LUKAKU,21cineplex,,16SLUU,Drama,92 menit,D17+,2D,2026-05-27,b42118f5-7508-4223-9eea-0085cb09bf3a,2026-05-27T16:22:46.574227
cb648205-e98e-4501-8117-916ce31f2c47,BADUT GENDONG,21cineplex,,16BGEG,"Action, Horror",101 menit,D17+,2D,2026-05-27,833f088d-ad1e-4686-8b0a-58b7f528ee92,2026-05-27T16:22:46.574411
cb648205-e98e-4501-8117-916ce31f2c47,GUDANG MERICA,21cineplex,,16GMEA,"Comedy, Horror",98 menit,D17+,2D,2026-05-27,93a8f1b5-ea50-4d9f-bebe-125d6949fb30,2026-05-27T16:22:46.574503
cb648205-e98e-4501-8117-916ce31f2c47,TUMBAL PROYEK,21cineplex,,16TPRK,Horror,106 menit,D17+,2D,2026-05-27,b7beeea8-26e1-482d-8728-3aa4ec1af658,2026-05-27T16:22:46.574620
cb648205-e98e-4501-8117-916ce31f2c47,CHILDREN OF HEAVEN,21cineplex,,16COHN,"Drama, Family",97 menit,SU,2D,2026-05-27,c7028253-f486-400a-9f04-1ab971e24e2c,2026-05-27T16:22:46.574702
cb648205-e98e-4501-8117-916ce31f2c47,SEKAWAN LIMO 2: GUNUNG KLAWIH,21cineplex,,16SK2G,"Comedy, Horror",122 menit,13+,2D,2026-05-27,e13714e1-e38b-49da-bc81-b8172a1d55d2,2026-05-27T16:22:46.574868
c60061ab-b1df-43ef-8072-338a3ac471ac,STAR WARS: THE MANDALORIAN AND GROGU,21cineplex,,26SWMG,"Fantasy, Sci-Fi",132 menit,13+,2D,2026-05-27,4daed3cd-0b1b-4142-897d-0268b70dbb08,2026-05-27T16:22:48.367236
c60061ab-b1df-43ef-8072-338a3ac471ac,HOKUM,21cineplex,,26HOKM,Horror,107 menit,13+,2D,2026-05-27,baf5a4c9-13e7-405e-883e-b0374f35a80f,2026-05-27T16:22:48.367456
c60061ab-b1df-43ef-8072-338a3ac471ac,PASSENGER,21cineplex,,26PASR,Horror,94 menit,D17+,2D,2026-05-27,c3ec8b87-aba8-45fa-9013-28b08a092792,2026-05-27T16:22:48.367600
c60061ab-b1df-43ef-8072-338a3ac471ac,TUMBAL PROYEK,21cineplex,,16TPRK,Horror,106 menit,D17+,2D,2026-05-27,ab14a6aa-463c-41c1-b9f3-72b78caca1dd,2026-05-27T16:22:48.367835
c60061ab-b1df-43ef-8072-338a3ac471ac,CHILDREN OF HEAVEN,21cineplex,,16COHN,"Drama, Family",97 menit,SU,2D,2026-05-27,dc107be4-df52-455d-8403-fdc5df3ec0bc,2026-05-27T16:22:48.368012
c60061ab-b1df-43ef-8072-338a3ac471ac,SEMUA AKAN BAIK-BAIK SAJA,21cineplex,,16SABB,Drama,113 menit,13+,2D,2026-05-27,ed95426a-55e1-45d4-a234-e11cc2dde27f,2026-05-27T16:22:48.368215
c60061ab-b1df-43ef-8072-338a3ac471ac,BADUT GENDONG,21cineplex,,16BGEG,"Action, Horror",101 menit,D17+,2D,2026-05-27,b5f6abcf-c726-4038-961f-e70daaa9fde8,2026-05-27T16:22:48.368400
c60061ab-b1df-43ef-8072-338a3ac471ac,COLONY,21cineplex,,26COLY,"Horror, Thriller",122 menit,13+,2D,2026-06-03,d5a48924-5488-4e13-b5cd-aff0a801d52a,2026-05-27T16:22:48.368644
180bd2aa-4090-4321-a5d6-04f0f686774d,HOKUM,21cineplex,,26HOKM,Horror,107 menit,13+,2D,2026-05-27,691c2b7f-252e-442f-8252-2afe548aa1bd,2026-05-27T16:22:49.580773
180bd2aa-4090-4321-a5d6-04f0f686774d,GOHAN,21cineplex,,26GOHN,Drama,140 menit,SU,2D,2026-05-27,3b17f6fe-9753-4010-80ed-108b1cb3194f,2026-05-27T16:22:49.580896
180bd2aa-4090-4321-a5d6-04f0f686774d,PASSENGER,21cineplex,,26PASR,Horror,94 menit,D17+,2D,2026-05-27,194fd3f2-5e4b-49b3-aafa-bb2819d0f5ea,2026-05-27T16:22:49.581027
180bd2aa-4090-4321-a5d6-04f0f686774d,GUDANG MERICA,21cineplex,,16GMEA,"Comedy, Horror",98 menit,D17+,2D,2026-05-27,34121564-46b6-443b-8c7a-0aade8876f96,2026-05-27T16:22:49.581230
180bd2aa-4090-4321-a5d6-04f0f686774d,SUAMIKU LUKAKU,21cineplex,,16SLUU,Drama,92 menit,D17+,2D,2026-05-27,5d24e12f-0ac9-4900-80f5-9090e9d156dc,2026-05-27T16:22:49.581343
180bd2aa-4090-4321-a5d6-04f0f686774d,CHILDREN OF HEAVEN,21cineplex,,16COHN,"Drama, Family",97 menit,SU,2D,2026-05-27,6748cbdc-b42c-451d-87eb-68a9443fbb38,2026-05-27T16:22:49.581477
307ebef0-974f-47df-97a4-4851e3361a75,STAR WARS: THE MANDALORIAN AND GROGU,21cineplex,,26SWMG,"Fantasy, Sci-Fi",132 menit,13+,2D,2026-05-27,9840aa75-c855-4e82-a5cb-840c22e5b5d4,2026-05-27T16:22:54.310023
307ebef0-974f-47df-97a4-4851e3361a75,SEKAWAN LIMO 2: GUNUNG KLAWIH,21cineplex,,16SK2G,"Comedy, Horror",122 menit,13+,2D,2026-05-27,46aaf372-acf2-47f3-9cf2-a69ead083fb8,2026-05-27T16:22:54.310222
307ebef0-974f-47df-97a4-4851e3361a75,GOHAN,21cineplex,,26GOHN,Drama,140 menit,SU,2D,2026-05-27,38ada8bc-424d-43a6-8cfc-aadda99bf803,2026-05-27T16:22:54.310453
307ebef0-974f-47df-97a4-4851e3361a75,CHILDREN OF HEAVEN,21cineplex,,16COHN,"Drama, Family",97 menit,SU,2D,2026-05-27,d4636784-63fa-48d7-8a83-0a4b2a7aeabe,2026-05-27T16:22:54.310588
307ebef0-974f-47df-97a4-4851e3361a75,PASSENGER,21cineplex,,26PASR,Horror,94 menit,D17+,2D,2026-05-27,6ca0f4bc-dc04-4e0b-ab84-e5b5da02c476,2026-05-27T16:22:54.310776
307ebef0-974f-47df-97a4-4851e3361a75,MICHAEL,21cineplex,,26MICL,Biography,127 menit,SU,2D,2026-05-27,0ea06297-bd3b-480b-800d-aa3d99a80ffe,2026-05-27T16:22:54.311062
307ebef0-974f-47df-97a4-4851e3361a75,HOKUM,21cineplex,,26HOKM,Horror,107 menit,13+,2D,2026-05-27,21c32b9b-df68-4899-beb1-90f9e0a4c0c2,2026-05-27T16:22:54.311181
307ebef0-974f-47df-97a4-4851e3361a75,COLONY,21cineplex,,26COLY,"Horror, Thriller",122 menit,13+,2D,2026-06-03,449e0c20-5f72-43fa-bf32-cc7c74516ea2,2026-05-27T16:22:54.311481
0c1eead3-183f-4791-be84-dc284766133d,STAR WARS: THE MANDALORIAN AND GROGU,21cineplex,,26SWMG,"Fantasy, Sci-Fi",132 menit,13+,2D,2026-05-27,2d63eba4-a458-4bae-b01d-8d333b1d4cf5,2026-05-27T16:22:57.609916
0c1eead3-183f-4791-be84-dc284766133d,CHILDREN OF HEAVEN,21cineplex,,16COHN,"Drama, Family",97 menit,SU,2D,2026-05-27,2886c7a0-2ffa-4a6a-a20d-f3c0be1fd5ef,2026-05-27T16:22:57.610089
0c1eead3-183f-4791-be84-dc284766133d,SUAMIKU LUKAKU,21cineplex,,16SLUU,Drama,92 menit,D17+,2D,2026-05-27,a93c0b1e-debd-498c-803e-8da5b7681433,2026-05-27T16:22:57.610323
0c1eead3-183f-4791-be84-dc284766133d,TUMBAL PROYEK,21cineplex,,16TPRK,Horror,106 menit,D17+,2D,2026-05-27,afabdc57-11af-4981-b3c8-4292b8a5fece,2026-05-27T16:22:57.610489
0c1eead3-183f-4791-be84-dc284766133d,SEMUA AKAN BAIK-BAIK SAJA,21cineplex,,16SABB,Drama,113 menit,13+,2D,2026-05-27,b49ec082-8d67-4179-934f-37ecf8830187,2026-05-27T16:22:57.610667
0c1eead3-183f-4791-be84-dc284766133d,SEKAWAN LIMO 2: GUNUNG KLAWIH,21cineplex,,16SK2G,"Comedy, Horror",122 menit,13+,2D,2026-05-27,7ca34009-cead-4090-b2bd-2d2416edc428,2026-05-27T16:22:57.610883
0c1eead3-183f-4791-be84-dc284766133d,COLONY,21cineplex,,26COLY,"Horror, Thriller",122 menit,13+,2D,2026-06-03,bda606ca-aa17-46c3-b1d8-0f3b50477e18,2026-05-27T16:22:57.611088
d7ed5d4e-0d25-411f-b75d-aa423b2a5ae3,GUDANG MERICA,21cineplex,,16GMEA,"Comedy, Horror",98 menit,D17+,2D,2026-05-27,8f3ddc87-e111-46ea-921c-ae7776bf80fe,2026-05-27T16:22:58.576836
d7ed5d4e-0d25-411f-b75d-aa423b2a5ae3,CHILDREN OF HEAVEN,21cineplex,,16COHN,"Drama, Family",97 menit,SU,2D,2026-05-27,2c744b99-7019-4291-a183-e040130b70cb,2026-05-27T16:22:58.576977
d7ed5d4e-0d25-411f-b75d-aa423b2a5ae3,TUMBAL PROYEK,21cineplex,,16TPRK,Horror,106 menit,D17+,2D,2026-05-27,b2a49983-aa8a-4f75-adfb-87b80683ed8f,2026-05-27T16:22:58.577086
d7ed5d4e-0d25-411f-b75d-aa423b2a5ae3,SEMUA AKAN BAIK-BAIK SAJA,21cineplex,,16SABB,Drama,113 menit,13+,2D,2026-05-27,0a58f63e-c8f9-432a-b25b-89f57873bffa,2026-05-27T16:22:58.577162
d7ed5d4e-0d25-411f-b75d-aa423b2a5ae3,YANG LAIN BOLEH HILANG ASAL KAU JANGAN,21cineplex,,16YLBH,Drama,113 menit,13+,2D,2026-05-27,6a5e79f0-f19a-461c-a992-16b961f6c044,2026-05-27T16:22:58.577242
d7ed5d4e-0d25-411f-b75d-aa423b2a5ae3,BADUT GENDONG,21cineplex,,16BGEG,"Action, Horror",101 menit,D17+,2D,2026-05-27,aa9b1f1c-dfb1-4150-bd0f-926c1d5a621f,2026-05-27T16:22:58.577316
d7ed5d4e-0d25-411f-b75d-aa423b2a5ae3,SUAMIKU LUKAKU,21cineplex,,16SLUU,Drama,92 menit,D17+,2D,2026-05-27,840297fd-f21b-4b09-934e-29f90edf09b2,2026-05-27T16:22:58.577404
dd2a7063-77f3-417f-a4b4-22810cafd7ef,HOKUM,21cineplex,,26HOKM,Horror,107 menit,13+,2D,2026-05-27,ec87c726-6c63-4ccd-8c75-241d65b62889,2026-05-27T16:23:00.319277
dd2a7063-77f3-417f-a4b4-22810cafd7ef,PASSENGER,21cineplex,,26PASR,Horror,94 menit,D17+,2D,2026-05-27,2ef358a5-fed0-4b97-889f-2705aca2f102,2026-05-27T16:23:00.319342
dd2a7063-77f3-417f-a4b4-22810cafd7ef,CHILDREN OF HEAVEN,21cineplex,,16COHN,"Drama, Family",97 menit,SU,2D,2026-05-27,8fd7dcc7-68f0-4804-9a7e-7ff0e0c767fb,2026-05-27T16:23:00.319411
dd2a7063-77f3-417f-a4b4-22810cafd7ef,BADUT GENDONG,21cineplex,,16BGEG,"Action, Horror",101 menit,D17+,2D,2026-05-27,478306ff-4cb3-402b-a1fa-05f9b40f854d,2026-05-27T16:23:00.319473
dd2a7063-77f3-417f-a4b4-22810cafd7ef,GOHAN,21cineplex,,26GOHN,Drama,140 menit,SU,2D,2026-05-27,f6ea3073-854b-4aba-8fcf-08c120cf6840,2026-05-27T16:23:00.319535
dd2a7063-77f3-417f-a4b4-22810cafd7ef,SUAMIKU LUKAKU,21cineplex,,16SLUU,Drama,92 menit,D17+,2D,2026-05-27,c19b36c5-bbe4-4d3c-94e8-900783712a8d,2026-05-27T16:23:00.319607
dd2a7063-77f3-417f-a4b4-22810cafd7ef,SEKAWAN LIMO 2: GUNUNG KLAWIH,21cineplex,,16SK2G,"Comedy, Horror",122 menit,13+,2D,2026-05-27,2fc2f6f9-e312-4ef4-ad78-3cb1430c2d2c,2026-05-27T16:23:00.319671
dd2a7063-77f3-417f-a4b4-22810cafd7ef,GHOST IN THE CELL,21cineplex,,16GITC,"Comedy, Horror",106 menit,D17+,2D,2026-05-27,89924fcc-35e6-4452-9e4c-d22eec6adb46,2026-05-27T16:23:00.319720
dd2a7063-77f3-417f-a4b4-22810cafd7ef,COLONY,21cineplex,,26COLY,"Horror, Thriller",122 menit,13+,2D,2026-06-03,fcdeec81-8fc0-4f03-9476-585efe94f8f3,2026-05-27T16:23:00.319789
28786baa-6f65-46f2-b2cf-b2481a48fde1,SUAMIKU LUKAKU,21cineplex,,16SLUU,Drama,92 menit,D17+,2D,2026-05-27,5145e48d-4a06-491d-ad94-49db5567e9b1,2026-05-27T16:23:04.612345
28786baa-6f65-46f2-b2cf-b2481a48fde1,CHILDREN OF HEAVEN,21cineplex,,16COHN,"Drama, Family",97 menit,SU,2D,2026-05-27,4fae4a29-b7e1-4d02-83bb-6571fff1e634,2026-05-27T16:23:04.612686
28786baa-6f65-46f2-b2cf-b2481a48fde1,GOHAN,21cineplex,,26GOHN,Drama,140 menit,SU,2D,2026-05-27,92c4bc1c-2a8c-45c8-bab6-785002b8981a,2026-05-27T16:23:04.612898
28786baa-6f65-46f2-b2cf-b2481a48fde1,THE SHEEP DETECTIVES,21cineplex,,26SDES,"Comedy, Mystery",109 menit,SU,2D,2026-05-27,495dec3f-382a-4261-a85b-06036f730c78,2026-05-27T16:23:04.613120
28786baa-6f65-46f2-b2cf-b2481a48fde1,YANG LAIN BOLEH HILANG ASAL KAU JANGAN,21cineplex,,16YLBH,Drama,113 menit,13+,2D,2026-05-27,d1e284bc-d05e-4c69-9e2e-ae6a4cb16199,2026-05-27T16:23:04.613288
28786baa-6f65-46f2-b2cf-b2481a48fde1,PASSENGER,21cineplex,,26PASR,Horror,94 menit,D17+,2D,2026-05-27,2cfcb6d8-5371-4dba-a98a-a29801789a22,2026-05-27T16:23:04.613502
28786baa-6f65-46f2-b2cf-b2481a48fde1,STAR WARS: THE MANDALORIAN AND GROGU,21cineplex,,26SWMG,"Fantasy, Sci-Fi",132 menit,13+,2D,2026-05-27,56edd76c-e9dd-42b2-9e09-4ba3e59abded,2026-05-27T16:23:04.613777
28786baa-6f65-46f2-b2cf-b2481a48fde1,SEKAWAN LIMO 2: GUNUNG KLAWIH,21cineplex,,16SK2G,"Comedy, Horror",122 menit,13+,2D,2026-05-27,a4d734b4-5307-4895-a33d-30f19f67437c,2026-05-27T16:23:04.614021
28786baa-6f65-46f2-b2cf-b2481a48fde1,TUMBAL PROYEK,21cineplex,,16TPRK,Horror,106 menit,D17+,2D,2026-05-27,36c715d8-9ea2-44dc-bb6f-730b5acd0b47,2026-05-27T16:23:04.614268
28786baa-6f65-46f2-b2cf-b2481a48fde1,GUDANG MERICA,21cineplex,,16GMEA,"Comedy, Horror",98 menit,D17+,2D,2026-05-27,fd711ab6-b9da-424d-a348-c40a1032150d,2026-05-27T16:23:04.614541
28786baa-6f65-46f2-b2cf-b2481a48fde1,BADUT GENDONG,21cineplex,,16BGEG,"Action, Horror",101 menit,D17+,2D,2026-05-27,a3d9af05-e191-4dab-b306-a44e56dd0b5d,2026-05-27T16:23:04.614837
28786baa-6f65-46f2-b2cf-b2481a48fde1,SEMUA AKAN BAIK-BAIK SAJA,21cineplex,,16SABB,Drama,113 menit,13+,2D,2026-05-27,89d19d15-400e-4282-822f-7513c8fc7370,2026-05-27T16:23:04.615115
28786baa-6f65-46f2-b2cf-b2481a48fde1,COLONY,21cineplex,,26COLY,"Horror, Thriller",122 menit,13+,2D,2026-06-03,562c924c-11ef-4a3f-bd2f-01f6b231c923,2026-05-27T16:23:04.615357
08c82ede-adc3-47dd-ae05-3c6b41796b30,SEKAWAN LIMO 2: GUNUNG KLAWIH,21cineplex,,16SK2G,"Comedy, Horror",122 menit,13+,2D,2026-05-27,7b925a43-32a5-4d9e-a107-6e50d6dc8e4a,2026-05-27T16:23:06.213804
08c82ede-adc3-47dd-ae05-3c6b41796b30,SUAMIKU LUKAKU,21cineplex,,16SLUU,Drama,92 menit,D17+,2D,2026-05-27,29ae4059-73d0-4252-9ebf-5eaf94f8b0d3,2026-05-27T16:23:06.215556
08c82ede-adc3-47dd-ae05-3c6b41796b30,CHILDREN OF HEAVEN,21cineplex,,16COHN,"Drama, Family",97 menit,SU,2D,2026-05-27,89998307-ec88-4729-9dd0-638c1dd744c7,2026-05-27T16:23:06.216464
08c82ede-adc3-47dd-ae05-3c6b41796b30,GUDANG MERICA,21cineplex,,16GMEA,"Comedy, Horror",98 menit,D17+,2D,2026-05-27,8f868d96-a1e9-4efb-b61c-4443923ba636,2026-05-27T16:23:06.217182
08c82ede-adc3-47dd-ae05-3c6b41796b30,BADUT GENDONG,21cineplex,,16BGEG,"Action, Horror",101 menit,D17+,2D,2026-05-27,02b2a732-f34f-4d53-8d2f-c6414ea480ee,2026-05-27T16:23:06.217460
08c82ede-adc3-47dd-ae05-3c6b41796b30,TUMBAL PROYEK,21cineplex,,16TPRK,Horror,106 menit,D17+,2D,2026-05-27,c02c2d94-b5cc-4f72-bb6b-241a4888e073,2026-05-27T16:23:06.219507
08c82ede-adc3-47dd-ae05-3c6b41796b30,SEMUA AKAN BAIK-BAIK SAJA,21cineplex,,16SABB,Drama,113 menit,13+,2D,2026-05-27,ce1241fc-11e3-45c4-94f2-bc025f501a33,2026-05-27T16:23:06.222340
08c82ede-adc3-47dd-ae05-3c6b41796b30,COLONY,21cineplex,,26COLY,"Horror, Thriller",122 menit,13+,2D,2026-06-03,eb5d7bff-bac8-45f5-ad7b-1361923adcab,2026-05-27T16:23:06.230967
3b1158cc-53e9-4895-8088-8e1b1130c57d,CHILDREN OF HEAVEN,21cineplex,,16COHN,"Drama, Family",97 menit,SU,2D,2026-05-27,71244bd2-3dfe-48d2-8145-a1bbe8259959,2026-05-27T16:23:07.574395
3b1158cc-53e9-4895-8088-8e1b1130c57d,SEKAWAN LIMO 2: GUNUNG KLAWIH,21cineplex,,16SK2G,"Comedy, Horror",122 menit,13+,2D,2026-05-27,1c2d7688-90bb-4fdc-b45b-e8bb26436ba4,2026-05-27T16:23:07.574594
3b1158cc-53e9-4895-8088-8e1b1130c57d,GUDANG MERICA,21cineplex,,16GMEA,"Comedy, Horror",98 menit,D17+,2D,2026-05-27,84d7dd27-152d-41b0-8095-d05fa1aa7f2a,2026-05-27T16:23:07.574782
3b1158cc-53e9-4895-8088-8e1b1130c57d,BADUT GENDONG,21cineplex,,16BGEG,"Action, Horror",101 menit,D17+,2D,2026-05-27,3cf5595c-5147-4716-8620-505412405269,2026-05-27T16:23:07.575015
3b1158cc-53e9-4895-8088-8e1b1130c57d,SUAMIKU LUKAKU,21cineplex,,16SLUU,Drama,92 menit,D17+,2D,2026-05-27,0c893d7e-144e-4241-804a-e30a6d454dd6,2026-05-27T16:23:07.575140
4fc965d3-18e3-418e-9e85-b2ccb0a9de77,SUAMIKU LUKAKU,21cineplex,,16SLUU,Drama,92 menit,D17+,2D,2026-05-27,6fe48fcc-a8bd-44f3-b63c-c3fff254fcb3,2026-05-27T16:23:09.333221
4fc965d3-18e3-418e-9e85-b2ccb0a9de77,PASSENGER,21cineplex,,26PASR,Horror,94 menit,D17+,2D,2026-05-27,98861037-a640-4a68-9ccf-a8f8d4968faa,2026-05-27T16:23:09.333311
4fc965d3-18e3-418e-9e85-b2ccb0a9de77,BADUT GENDONG,21cineplex,,16BGEG,"Action, Horror",101 menit,D17+,2D,2026-05-27,4b54b7a8-da97-4838-b990-a12dd541c579,2026-05-27T16:23:09.333373
4fc965d3-18e3-418e-9e85-b2ccb0a9de77,CHILDREN OF HEAVEN,21cineplex,,16COHN,"Drama, Family",97 menit,SU,2D,2026-05-27,9f22bbbe-8c55-40b7-be5b-11ddf27f496a,2026-05-27T16:23:09.333435
4fc965d3-18e3-418e-9e85-b2ccb0a9de77,SEKAWAN LIMO 2: GUNUNG KLAWIH,21cineplex,,16SK2G,"Comedy, Horror",122 menit,13+,2D,2026-05-27,63701492-7ded-4d50-a501-48ec87cbea30,2026-05-27T16:23:09.333501
4fc965d3-18e3-418e-9e85-b2ccb0a9de77,COLONY,21cineplex,,26COLY,"Horror, Thriller",122 menit,13+,2D,2026-06-03,df0e8b81-c672-4131-a79b-0955bac6a565,2026-05-27T16:23:09.333551
7ccf1abb-31be-4870-86d9-04b32b25adb2,STAR WARS: THE MANDALORIAN AND GROGU,21cineplex,,26SWMG,"Fantasy, Sci-Fi",132 menit,13+,2D,2026-05-27,9bc9bcb7-7028-41e7-bfdd-a90cda1f53bc,2026-05-27T16:23:12.658770
7ccf1abb-31be-4870-86d9-04b32b25adb2,BADUT GENDONG,21cineplex,,16BGEG,"Action, Horror",101 menit,D17+,2D,2026-05-27,746cd0af-eb93-4034-b298-63df868b1e14,2026-05-27T16:23:12.658851
7ccf1abb-31be-4870-86d9-04b32b25adb2,SEMUA AKAN BAIK-BAIK SAJA,21cineplex,,16SABB,Drama,113 menit,13+,2D,2026-05-27,579ae0dc-bf33-4301-b911-4beda8e76d75,2026-05-27T16:23:12.658950
7ccf1abb-31be-4870-86d9-04b32b25adb2,SEKAWAN LIMO 2: GUNUNG KLAWIH,21cineplex,,16SK2G,"Comedy, Horror",122 menit,13+,2D,2026-05-27,42aaf1c2-85f6-4a78-95a1-353292d85a07,2026-05-27T16:23:12.659039
7ccf1abb-31be-4870-86d9-04b32b25adb2,PASSENGER,21cineplex,,26PASR,Horror,94 menit,D17+,2D,2026-05-27,73436051-58bf-4af6-8a6f-5bcabe61b666,2026-05-27T16:23:12.659119
7ccf1abb-31be-4870-86d9-04b32b25adb2,HOKUM,21cineplex,,26HOKM,Horror,107 menit,13+,2D,2026-05-27,e4dcbae5-3c88-48ab-8991-b89aeea98764,2026-05-27T16:23:12.659190
7ccf1abb-31be-4870-86d9-04b32b25adb2,CHILDREN OF HEAVEN,21cineplex,,16COHN,"Drama, Family",97 menit,SU,2D,2026-05-27,e0e06016-d06c-49aa-8eef-92af96ff6c3a,2026-05-27T16:23:12.659219
7ccf1abb-31be-4870-86d9-04b32b25adb2,SUAMIKU LUKAKU,21cineplex,,16SLUU,Drama,92 menit,D17+,2D,2026-05-27,5db1d3be-cf59-4dfd-a6ec-2cb2346cb73b,2026-05-27T16:23:12.659302
7ccf1abb-31be-4870-86d9-04b32b25adb2,TUMBAL PROYEK,21cineplex,,16TPRK,Horror,106 menit,D17+,2D,2026-05-27,56cd6fda-1dfd-4cc8-815d-0d0a3fbbac95,2026-05-27T16:23:12.659390
c2c8f10d-ad64-4fc2-808e-c27598972bdb,TUMBAL PROYEK,21cineplex,,16TPRK,Horror,106 menit,D17+,2D,2026-05-27,9fb00330-3393-4c4c-8cd3-7c0ba6729f93,2026-05-27T16:23:15.332022
c2c8f10d-ad64-4fc2-808e-c27598972bdb,SUAMIKU LUKAKU,21cineplex,,16SLUU,Drama,92 menit,D17+,2D,2026-05-27,cc5af17a-56d4-40ae-ac9b-6c0aa6836e3d,2026-05-27T16:23:15.332547
c2c8f10d-ad64-4fc2-808e-c27598972bdb,BADUT GENDONG,21cineplex,,16BGEG,"Action, Horror",101 menit,D17+,2D,2026-05-27,48522124-0b92-4b9a-bdbb-e1f4e9d1aed9,2026-05-27T16:23:15.333032
c2c8f10d-ad64-4fc2-808e-c27598972bdb,GUDANG MERICA,21cineplex,,16GMEA,"Comedy, Horror",98 menit,D17+,2D,2026-05-27,5ff230b6-fe56-4d48-98a5-133f129bc8db,2026-05-27T16:23:15.333511
c2c8f10d-ad64-4fc2-808e-c27598972bdb,CHILDREN OF HEAVEN,21cineplex,,16COHN,"Drama, Family",97 menit,SU,2D,2026-05-27,296e9e1b-7e33-4af2-9687-d590dcc7029d,2026-05-27T16:23:15.333943
c2c8f10d-ad64-4fc2-808e-c27598972bdb,SEKAWAN LIMO 2: GUNUNG KLAWIH,21cineplex,,16SK2G,"Comedy, Horror",122 menit,13+,2D,2026-05-27,eddaba88-359d-4843-8e02-866929433141,2026-05-27T16:23:15.334316
6c337c81-d58e-4685-93e9-18a25e3e46fe,SEMUA AKAN BAIK-BAIK SAJA,21cineplex,,16SABB,Drama,113 menit,13+,2D,2026-05-27,44a1f1ab-b901-4b8c-a082-ddaf2e64a262,2026-05-27T16:23:16.692730
6c337c81-d58e-4685-93e9-18a25e3e46fe,TUMBAL PROYEK,21cineplex,,16TPRK,Horror,106 menit,D17+,2D,2026-05-27,1abea572-3a63-47ef-b20d-8ecd0cd61594,2026-05-27T16:23:16.693246
6c337c81-d58e-4685-93e9-18a25e3e46fe,GUDANG MERICA,21cineplex,,16GMEA,"Comedy, Horror",98 menit,D17+,2D,2026-05-27,be722f61-78a2-4017-9c0a-3a3f324c98ec,2026-05-27T16:23:16.693299
6c337c81-d58e-4685-93e9-18a25e3e46fe,CHILDREN OF HEAVEN,21cineplex,,16COHN,"Drama, Family",97 menit,SU,2D,2026-05-27,dcff0d5e-3dae-4d7f-91db-774d6033fae9,2026-05-27T16:23:16.693475
6c337c81-d58e-4685-93e9-18a25e3e46fe,BADUT GENDONG,21cineplex,,16BGEG,"Action, Horror",101 menit,D17+,2D,2026-05-27,b4fd195a-a959-4a34-b4a3-75769d9c792e,2026-05-27T16:23:16.693737
64a0227f-6d54-4747-9212-68602446b080,GUDANG MERICA,21cineplex,,16GMEA,"Comedy, Horror",98 menit,D17+,2D,2026-05-27,9be20d6b-639b-4230-9b54-33f0708d5038,2026-05-27T16:23:18.089350
64a0227f-6d54-4747-9212-68602446b080,SUAMIKU LUKAKU,21cineplex,,16SLUU,Drama,92 menit,D17+,2D,2026-05-27,915cfb43-96d3-411b-af24-1c63905974bc,2026-05-27T16:23:18.089437
64a0227f-6d54-4747-9212-68602446b080,BADUT GENDONG,21cineplex,,16BGEG,"Action, Horror",101 menit,D17+,2D,2026-05-27,bf1b1943-b5ed-4d6b-b2ae-f1c71a1a7e2e,2026-05-27T16:23:18.089513
64a0227f-6d54-4747-9212-68602446b080,SEKAWAN LIMO 2: GUNUNG KLAWIH,21cineplex,,16SK2G,"Comedy, Horror",122 menit,13+,2D,2026-05-27,40f037c3-3481-4855-90f6-f418f31b5381,2026-05-27T16:23:18.089550
64a0227f-6d54-4747-9212-68602446b080,CHILDREN OF HEAVEN,21cineplex,,16COHN,"Drama, Family",97 menit,SU,2D,2026-05-27,7c26305d-55de-41cd-abaf-0a88c02a41b1,2026-05-27T16:23:18.089613
9b9049d8-dfa6-477a-99e7-076c15887087,CHILDREN OF HEAVEN,21cineplex,,16COHN,"Drama, Family",97 menit,SU,2D,2026-05-27,4cd09130-32f2-426e-b01c-d03590fd646c,2026-05-27T16:23:19.580320
9b9049d8-dfa6-477a-99e7-076c15887087,SUAMIKU LUKAKU,21cineplex,,16SLUU,Drama,92 menit,D17+,2D,2026-05-27,59061a37-60e6-4db1-ac08-2f92ae1c407c,2026-05-27T16:23:19.580472
9b9049d8-dfa6-477a-99e7-076c15887087,SEKAWAN LIMO 2: GUNUNG KLAWIH,21cineplex,,16SK2G,"Comedy, Horror",122 menit,13+,2D,2026-05-27,684e8dd3-bb25-4f0a-9a92-820444aed20f,2026-05-27T16:23:19.580602
9b9049d8-dfa6-477a-99e7-076c15887087,BADUT GENDONG,21cineplex,,16BGEG,"Action, Horror",101 menit,D17+,2D,2026-05-27,69245a47-f950-4153-8f9f-4db86c3f19a2,2026-05-27T16:23:19.580682
ead37032-dbe3-4373-b31d-fedcc3dcf264,SUAMIKU LUKAKU,21cineplex,,16SLUU,Drama,92 menit,D17+,2D,2026-05-27,049b462d-aaf0-4c3e-a7b0-4bc08e3229ff,2026-05-27T16:23:21.330971
ead37032-dbe3-4373-b31d-fedcc3dcf264,STAR WARS: THE MANDALORIAN AND GROGU,21cineplex,,26SWMG,"Fantasy, Sci-Fi",132 menit,13+,2D,2026-05-27,f4b3ab7b-1888-4b24-9631-ad0b463b2e2b,2026-05-27T16:23:21.331275
ead37032-dbe3-4373-b31d-fedcc3dcf264,GOHAN,21cineplex,,26GOHN,Drama,140 menit,SU,2D,2026-05-27,61999c4b-fec7-422a-beac-136b073f44cf,2026-05-27T16:23:21.331431
ead37032-dbe3-4373-b31d-fedcc3dcf264,CHILDREN OF HEAVEN,21cineplex,,16COHN,"Drama, Family",97 menit,SU,2D,2026-05-27,634a2c64-c6ec-42dc-82a5-13a8f688451d,2026-05-27T16:23:21.331600
ead37032-dbe3-4373-b31d-fedcc3dcf264,SEKAWAN LIMO 2: GUNUNG KLAWIH,21cineplex,,16SK2G,"Comedy, Horror",122 menit,13+,2D,2026-05-27,733c7828-54cc-4e67-84c5-f67f13b07feb,2026-05-27T16:23:21.331820
c3f28150-a55a-4ae9-aae4-cfee360b7dd4,SUAMIKU LUKAKU,21cineplex,,16SLUU,Drama,92 menit,D17+,2D,2026-05-27,72beaef3-181e-4208-be20-19e509ae5d87,2026-05-27T16:23:22.601347
c3f28150-a55a-4ae9-aae4-cfee360b7dd4,CHILDREN OF HEAVEN,21cineplex,,16COHN,"Drama, Family",97 menit,SU,2D,2026-05-27,373586f0-42bf-45fa-b84b-8920d4169c60,2026-05-27T16:23:22.601750
c3f28150-a55a-4ae9-aae4-cfee360b7dd4,TUMBAL PROYEK,21cineplex,,16TPRK,Horror,106 menit,D17+,2D,2026-05-27,5f75c2c0-f664-493d-8383-b7c4c22de857,2026-05-27T16:23:22.602059
c3f28150-a55a-4ae9-aae4-cfee360b7dd4,SEKAWAN LIMO 2: GUNUNG KLAWIH,21cineplex,,16SK2G,"Comedy, Horror",122 menit,13+,2D,2026-05-27,59ed5e50-abd9-4281-abde-e09761720012,2026-05-27T16:23:22.602260
c3f28150-a55a-4ae9-aae4-cfee360b7dd4,YANG LAIN BOLEH HILANG ASAL KAU JANGAN,21cineplex,,16YLBH,Drama,113 menit,13+,2D,2026-05-27,b981c955-b044-4af9-901d-db1d7742d8cb,2026-05-27T16:23:22.602527
05b1035e-4f60-4062-b4f4-172050f47feb,SUAMIKU LUKAKU,21cineplex,,16SLUU,Drama,92 menit,D17+,2D,2026-05-27,3ec138e4-b886-4e54-95f7-185d743c5133,2026-05-27T16:23:24.110097
05b1035e-4f60-4062-b4f4-172050f47feb,SEKAWAN LIMO 2: GUNUNG KLAWIH,21cineplex,,16SK2G,"Comedy, Horror",122 menit,13+,2D,2026-05-27,f9ff5019-a4ac-498f-8b9e-aa68bd525881,2026-05-27T16:23:24.110718
05b1035e-4f60-4062-b4f4-172050f47feb,BADUT GENDONG,21cineplex,,16BGEG,"Action, Horror",101 menit,D17+,2D,2026-05-27,00853e5a-b9e8-45a9-8d42-75ba9927a658,2026-05-27T16:23:24.111236
05b1035e-4f60-4062-b4f4-172050f47feb,CHILDREN OF HEAVEN,21cineplex,,16COHN,"Drama, Family",97 menit,SU,2D,2026-05-27,a06baec8-0eae-43d3-b987-9522f59c56db,2026-05-27T16:23:24.111837
05b1035e-4f60-4062-b4f4-172050f47feb,TUMBAL PROYEK,21cineplex,,16TPRK,Horror,106 menit,D17+,2D,2026-05-27,ea315864-7c65-4212-88da-2f639a530f66,2026-05-27T16:23:24.112752
968c1575-7422-4045-a1b1-a0d1d3a568b3,SUAMIKU LUKAKU,21cineplex,,16SLUU,Drama,92 menit,D17+,2D,2026-05-27,aaad2fad-ac01-4f11-b64c-8dd2f11a71a1,2026-05-27T16:23:25.629062
968c1575-7422-4045-a1b1-a0d1d3a568b3,CHILDREN OF HEAVEN,21cineplex,,16COHN,"Drama, Family",97 menit,SU,2D,2026-05-27,306819b8-39c3-42b5-9608-c3be02ed925c,2026-05-27T16:23:25.629254
968c1575-7422-4045-a1b1-a0d1d3a568b3,PASSENGER,21cineplex,,26PASR,Horror,94 menit,D17+,2D,2026-05-27,c50d6d02-9abb-46b7-a9c7-75e86862c3f9,2026-05-27T16:23:25.629388
968c1575-7422-4045-a1b1-a0d1d3a568b3,TUMBAL PROYEK,21cineplex,,16TPRK,Horror,106 menit,D17+,2D,2026-05-27,b8c9d8dd-09ff-4243-bfbf-8c5ab71d944f,2026-05-27T16:23:25.629526
968c1575-7422-4045-a1b1-a0d1d3a568b3,HOKUM,21cineplex,,26HOKM,Horror,107 menit,13+,2D,2026-05-27,d268d133-ea62-4617-b44e-104866850936,2026-05-27T16:23:25.629690
968c1575-7422-4045-a1b1-a0d1d3a568b3,SEMUA AKAN BAIK-BAIK SAJA,21cineplex,,16SABB,Drama,113 menit,13+,2D,2026-05-27,204db685-6b48-4a98-b1ce-216399eacc15,2026-05-27T16:23:25.629775
968c1575-7422-4045-a1b1-a0d1d3a568b3,SEKAWAN LIMO 2: GUNUNG KLAWIH,21cineplex,,16SK2G,"Comedy, Horror",122 menit,13+,2D,2026-05-27,af6592f9-6a35-4274-b364-75d7c11346f0,2026-05-27T16:23:25.629905
968c1575-7422-4045-a1b1-a0d1d3a568b3,NOBODY LOVES KAY,21cineplex,,16NLKY,Drama,117 menit,D17+,2D,2026-05-31,31aa49e0-ffa4-4fac-a443-76fe9e72a2ee,2026-05-27T16:23:25.630020
968c1575-7422-4045-a1b1-a0d1d3a568b3,COLONY,21cineplex,,26COLY,"Horror, Thriller",122 menit,13+,2D,2026-06-03,3d59a196-a54f-4fca-8ee1-ca1a54d4562b,2026-05-27T16:23:25.630103
9876e1d6-7d70-4034-b338-c3e9d1dc7fbd,PASSENGER,21cineplex,,26PASR,Horror,94 menit,D17+,2D,2026-05-27,b2e115e6-1a4a-4b06-9252-7b384bc96965,2026-05-27T16:23:30.119615
9876e1d6-7d70-4034-b338-c3e9d1dc7fbd,STAR WARS: THE MANDALORIAN AND GROGU,21cineplex,,26SWMG,"Fantasy, Sci-Fi",132 menit,13+,2D,2026-05-27,53d75605-93be-49d6-9f8e-7606afaa3c8c,2026-05-27T16:23:30.119753
9876e1d6-7d70-4034-b338-c3e9d1dc7fbd,GOHAN,21cineplex,,26GOHN,Drama,140 menit,SU,2D,2026-05-27,0124579d-1b56-46d9-93e8-aad524d135b6,2026-05-27T16:23:30.119846
9876e1d6-7d70-4034-b338-c3e9d1dc7fbd,CHILDREN OF HEAVEN,21cineplex,,16COHN,"Drama, Family",97 menit,SU,2D,2026-05-27,339cb035-8e1c-4b4b-ae6a-dfa1bf49f0b7,2026-05-27T16:23:30.119939
9876e1d6-7d70-4034-b338-c3e9d1dc7fbd,SUAMIKU LUKAKU,21cineplex,,16SLUU,Drama,92 menit,D17+,2D,2026-05-27,c3c39213-a91f-40dc-9e42-e0923ae11991,2026-05-27T16:23:30.120042
9876e1d6-7d70-4034-b338-c3e9d1dc7fbd,HOKUM,21cineplex,,26HOKM,Horror,107 menit,13+,2D,2026-05-27,11bd0321-0533-427d-937b-aaacfaa015b5,2026-05-27T16:23:30.120111
9876e1d6-7d70-4034-b338-c3e9d1dc7fbd,BADUT GENDONG,21cineplex,,16BGEG,"Action, Horror",101 menit,D17+,2D,2026-05-27,62f01b70-9140-4432-89dc-582ecc630063,2026-05-27T16:23:30.120174
9876e1d6-7d70-4034-b338-c3e9d1dc7fbd,COLONY,21cineplex,,26COLY,"Horror, Thriller",122 menit,13+,2D,2026-06-03,4286f612-36f8-4b6b-9698-925c1b1b020e,2026-05-27T16:23:30.120288
58e9bca8-9a82-415d-98ea-d16d1183f969,STAR WARS: THE MANDALORIAN AND GROGU,21cineplex,,26SWMG,"Fantasy, Sci-Fi",132 menit,13+,2D,2026-05-27,1ad7b2a2-2240-4376-906d-b21065de393e,2026-05-27T16:23:34.612426
58e9bca8-9a82-415d-98ea-d16d1183f969,SUAMIKU LUKAKU,21cineplex,,16SLUU,Drama,92 menit,D17+,2D,2026-05-27,64d6f44f-28d2-4987-b15c-86de0ca71bdc,2026-05-27T16:23:34.612528
58e9bca8-9a82-415d-98ea-d16d1183f969,SALMOKJI: WHISPERING WATER,21cineplex,,26SWWR,Horror,95 menit,D17+,2D,2026-05-27,a925012b-b8dd-42ef-b762-b22b78c2188b,2026-05-27T16:23:34.612679
58e9bca8-9a82-415d-98ea-d16d1183f969,CHILDREN OF HEAVEN,21cineplex,,16COHN,"Drama, Family",97 menit,SU,2D,2026-05-27,bfc67928-eb2b-487a-9de5-457612e8992d,2026-05-27T16:23:34.612746
58e9bca8-9a82-415d-98ea-d16d1183f969,BADUT GENDONG,21cineplex,,16BGEG,"Action, Horror",101 menit,D17+,2D,2026-05-27,46916bcf-f66d-461e-aa56-ee0a357003a8,2026-05-27T16:23:34.612855
58e9bca8-9a82-415d-98ea-d16d1183f969,SEKAWAN LIMO 2: GUNUNG KLAWIH,21cineplex,,16SK2G,"Comedy, Horror",122 menit,13+,2D,2026-05-27,c83e3d6d-671d-4566-bc8c-3536be1c3997,2026-05-27T16:23:34.612927
58e9bca8-9a82-415d-98ea-d16d1183f969,HOKUM,21cineplex,,26HOKM,Horror,107 menit,13+,2D,2026-05-27,c86d6ae8-984a-498d-ac72-5d0e8c4dcd6f,2026-05-27T16:23:34.613029
58e9bca8-9a82-415d-98ea-d16d1183f969,SEMUA AKAN BAIK-BAIK SAJA,21cineplex,,16SABB,Drama,113 menit,13+,2D,2026-05-27,900c8182-b8d0-4561-b827-87135c4a2a2b,2026-05-27T16:23:34.613106
58e9bca8-9a82-415d-98ea-d16d1183f969,GOHAN,21cineplex,,26GOHN,Drama,140 menit,SU,2D,2026-05-27,7c071c5f-adf7-4fa0-9e83-87beb28f8eab,2026-05-27T16:23:34.613198
58e9bca8-9a82-415d-98ea-d16d1183f969,PASSENGER,21cineplex,,26PASR,Horror,94 menit,D17+,2D,2026-05-27,0f9d292f-b373-428b-9cb5-09d6cbf677f9,2026-05-27T16:23:34.613251
58e9bca8-9a82-415d-98ea-d16d1183f969,COLONY,21cineplex,,26COLY,"Horror, Thriller",122 menit,13+,2D,2026-06-03,dc11c929-8fad-416a-ae46-ed3b03e7a782,2026-05-27T16:23:34.613351
1dcf1274-64ef-4880-b59b-bf46a2f9c414,SUAMIKU LUKAKU,21cineplex,,16SLUU,Drama,92 menit,D17+,2D,2026-05-27,a9c5fcc8-769a-4b0e-915d-3c374afefc81,2026-05-27T16:23:37.639438
1dcf1274-64ef-4880-b59b-bf46a2f9c414,PASSENGER,21cineplex,,26PASR,Horror,94 menit,D17+,2D,2026-05-27,6a6bc980-0ad6-4611-b872-e3a836df346a,2026-05-27T16:23:37.639704
1dcf1274-64ef-4880-b59b-bf46a2f9c414,CHILDREN OF HEAVEN,21cineplex,,16COHN,"Drama, Family",97 menit,SU,2D,2026-05-27,cac5b61e-36d5-4e65-a76e-df60d50b0943,2026-05-27T16:23:37.639829
1dcf1274-64ef-4880-b59b-bf46a2f9c414,GUDANG MERICA,21cineplex,,16GMEA,"Comedy, Horror",98 menit,D17+,2D,2026-05-27,75521f57-d558-4f9d-884b-affd86645fe0,2026-05-27T16:23:37.640349
1dcf1274-64ef-4880-b59b-bf46a2f9c414,TUMBAL PROYEK,21cineplex,,16TPRK,Horror,106 menit,D17+,2D,2026-05-27,00e43a9e-8aa8-4f10-8fcc-bcbb89d44133,2026-05-27T16:23:37.640568
1dcf1274-64ef-4880-b59b-bf46a2f9c414,SEMUA AKAN BAIK-BAIK SAJA,21cineplex,,16SABB,Drama,113 menit,13+,2D,2026-05-27,fc27b2bf-bf9a-4910-97ff-51a07c95db0c,2026-05-27T16:23:37.640701
1dcf1274-64ef-4880-b59b-bf46a2f9c414,BADUT GENDONG,21cineplex,,16BGEG,"Action, Horror",101 menit,D17+,2D,2026-05-27,d69995cb-25fe-48ec-b6b4-2bdcd1fb3f63,2026-05-27T16:23:37.640895
e57f43e7-1c58-4684-b608-a68fe86ee22d,SUAMIKU LUKAKU,21cineplex,,16SLUU,Drama,92 menit,D17+,2D,2026-05-27,95dff95b-077c-410d-8115-274c2c59c30c,2026-05-27T16:23:39.331332
e57f43e7-1c58-4684-b608-a68fe86ee22d,PASSENGER,21cineplex,,26PASR,Horror,94 menit,D17+,2D,2026-05-27,f0afb823-d7c7-403a-a07d-caef5bd963bf,2026-05-27T16:23:39.331573
e57f43e7-1c58-4684-b608-a68fe86ee22d,GOHAN,21cineplex,,26GOHN,Drama,140 menit,SU,2D,2026-05-27,f02943da-349e-49aa-9288-c20a77b67e94,2026-05-27T16:23:39.331730
e57f43e7-1c58-4684-b608-a68fe86ee22d,CHILDREN OF HEAVEN,21cineplex,,16COHN,"Drama, Family",97 menit,SU,2D,2026-05-27,438d37dd-83a8-4233-abee-25194a9e385b,2026-05-27T16:23:39.331877
a8a5adc9-e7b3-4f4f-a461-592e21d4a764,CHILDREN OF HEAVEN,21cineplex,,16COHN,"Drama, Family",97 menit,SU,2D,2026-05-27,011fd35d-c456-4474-84d8-c9c9a3b8bc73,2026-05-27T16:23:43.616968
a8a5adc9-e7b3-4f4f-a461-592e21d4a764,SEKAWAN LIMO 2: GUNUNG KLAWIH,21cineplex,,16SK2G,"Comedy, Horror",122 menit,13+,2D,2026-05-27,0bec768a-ce04-4626-ae78-bf506a450b9f,2026-05-27T16:23:43.617092
a8a5adc9-e7b3-4f4f-a461-592e21d4a764,TUMBAL PROYEK,21cineplex,,16TPRK,Horror,106 menit,D17+,2D,2026-05-27,ae26427b-90f9-4eb0-95c4-6ab3d908cdc7,2026-05-27T16:23:43.617142
a8a5adc9-e7b3-4f4f-a461-592e21d4a764,BADUT GENDONG,21cineplex,,16BGEG,"Action, Horror",101 menit,D17+,2D,2026-05-27,f5a114a9-0c5c-4206-b180-bdfbeb6b7d48,2026-05-27T16:23:43.617216
a8a5adc9-e7b3-4f4f-a461-592e21d4a764,SEMUA AKAN BAIK-BAIK SAJA,21cineplex,,16SABB,Drama,113 menit,13+,2D,2026-05-27,292613e1-be98-4be4-bbb4-1b6c67e709f7,2026-05-27T16:23:43.617298
a8a5adc9-e7b3-4f4f-a461-592e21d4a764,SUAMIKU LUKAKU,21cineplex,,16SLUU,Drama,92 menit,D17+,2D,2026-05-27,48136523-0ca8-44ea-8180-181b8856f0d0,2026-05-27T16:23:43.617375
a8a5adc9-e7b3-4f4f-a461-592e21d4a764,STAR WARS: THE MANDALORIAN AND GROGU,21cineplex,,26SWMG,"Fantasy, Sci-Fi",132 menit,13+,2D,2026-05-27,60b4b9f0-6d65-4bec-bd03-ace19f39d3cc,2026-05-27T16:23:43.617445
cb187f1f-5a36-4d42-b901-c54fb080ec96,SEMUA AKAN BAIK-BAIK SAJA,21cineplex,,16SABB,Drama,113 menit,13+,2D,2026-05-27,f9b74e7e-d961-4e3a-b8f6-e7d07fa238b5,2026-05-27T16:23:45.324968
cb187f1f-5a36-4d42-b901-c54fb080ec96,SEKAWAN LIMO 2: GUNUNG KLAWIH,21cineplex,,16SK2G,"Comedy, Horror",122 menit,13+,2D,2026-05-27,f4505ec5-fbfe-4a29-abbf-a2227e9c50fb,2026-05-27T16:23:45.325183
cb187f1f-5a36-4d42-b901-c54fb080ec96,YANG LAIN BOLEH HILANG ASAL KAU JANGAN,21cineplex,,16YLBH,Drama,113 menit,13+,2D,2026-05-27,ecd3f74b-eb11-477e-9d81-8402dbcdb624,2026-05-27T16:23:45.325363
cb187f1f-5a36-4d42-b901-c54fb080ec96,HOKUM,21cineplex,,26HOKM,Horror,107 menit,13+,2D,2026-05-27,44c65495-0206-4414-9c3a-4eeff3a95d38,2026-05-27T16:23:45.325473
cb187f1f-5a36-4d42-b901-c54fb080ec96,SUAMIKU LUKAKU,21cineplex,,16SLUU,Drama,92 menit,D17+,2D,2026-05-27,24446135-2128-4a96-9f51-e1bed05e2961,2026-05-27T16:23:45.325550
cb187f1f-5a36-4d42-b901-c54fb080ec96,BADUT GENDONG,21cineplex,,16BGEG,"Action, Horror",101 menit,D17+,2D,2026-05-27,5e0d3185-fa96-41b2-b344-565a07a639e3,2026-05-27T16:23:45.325734
cb187f1f-5a36-4d42-b901-c54fb080ec96,CHILDREN OF HEAVEN,21cineplex,,16COHN,"Drama, Family",97 menit,SU,2D,2026-05-27,068b012a-744d-4b10-a277-bb8ea4df71c9,2026-05-27T16:23:45.325929
31aa291d-5f62-44c8-8a97-77ba012bef49,SEKAWAN LIMO 2: GUNUNG KLAWIH,21cineplex,,16SK2G,"Comedy, Horror",122 menit,13+,2D,2026-05-27,ce8d2255-dd61-4a36-8b24-0182ce438db2,2026-05-27T16:23:46.611523
31aa291d-5f62-44c8-8a97-77ba012bef49,CHILDREN OF HEAVEN,21cineplex,,16COHN,"Drama, Family",97 menit,SU,2D,2026-05-27,e52d445a-7bbb-48ea-94fb-a6c85be48600,2026-05-27T16:23:46.611620
31aa291d-5f62-44c8-8a97-77ba012bef49,SUAMIKU LUKAKU,21cineplex,,16SLUU,Drama,92 menit,D17+,2D,2026-05-27,00914823-a274-4cd1-adce-0cb087578901,2026-05-27T16:23:46.611692
31aa291d-5f62-44c8-8a97-77ba012bef49,BADUT GENDONG,21cineplex,,16BGEG,"Action, Horror",101 menit,D17+,2D,2026-05-27,12138ce8-2d80-4154-809f-c5f2d2c1a815,2026-05-27T16:23:46.611762
c67c56bd-8e57-42b8-ba7c-be1053210627,SEKAWAN LIMO 2: GUNUNG KLAWIH,21cineplex,,16SK2G,"Comedy, Horror",122 menit,13+,2D,2026-05-27,bcc3e05e-aeac-4a66-85f6-3813275860c9,2026-05-27T16:23:48.214887
c67c56bd-8e57-42b8-ba7c-be1053210627,CHILDREN OF HEAVEN,21cineplex,,16COHN,"Drama, Family",97 menit,SU,2D,2026-05-27,5983cdba-7395-44ce-acf6-6407fef3fbd2,2026-05-27T16:23:48.215230
c67c56bd-8e57-42b8-ba7c-be1053210627,HOKUM,21cineplex,,26HOKM,Horror,107 menit,13+,2D,2026-05-27,b93a58de-eb9f-4e9c-ba30-269625820adf,2026-05-27T16:23:48.215460
c67c56bd-8e57-42b8-ba7c-be1053210627,SEMUA AKAN BAIK-BAIK SAJA,21cineplex,,16SABB,Drama,113 menit,13+,2D,2026-05-27,8c46bbd4-adcf-4b71-ad42-c0a1144aacea,2026-05-27T16:23:48.215555
c67c56bd-8e57-42b8-ba7c-be1053210627,SUAMIKU LUKAKU,21cineplex,,16SLUU,Drama,92 menit,D17+,2D,2026-05-27,96cf111e-b0b4-42ae-b2b9-db1722540d64,2026-05-27T16:23:48.215718
c67c56bd-8e57-42b8-ba7c-be1053210627,TUMBAL PROYEK,21cineplex,,16TPRK,Horror,106 menit,D17+,2D,2026-05-27,bf9ad0bd-c0c4-4c6a-9b8f-b81ea6492824,2026-05-27T16:23:48.215942
c67c56bd-8e57-42b8-ba7c-be1053210627,PASSENGER,21cineplex,,26PASR,Horror,94 menit,D17+,2D,2026-05-27,0743cbaf-0d8e-4433-a4fc-5c503a50dad7,2026-05-27T16:23:48.216108
c67c56bd-8e57-42b8-ba7c-be1053210627,BADUT GENDONG,21cineplex,,16BGEG,"Action, Horror",101 menit,D17+,2D,2026-05-27,1b42fc5e-2aa3-4f3f-9dee-ece8e96ccf54,2026-05-27T16:23:48.216320
c67c56bd-8e57-42b8-ba7c-be1053210627,COLONY,21cineplex,,26COLY,"Horror, Thriller",122 menit,13+,2D,2026-06-03,0f8fe8cb-031e-45d5-9e1a-6765479e869e,2026-05-27T16:23:48.216493
9672291d-644b-4801-a159-ac36b97b84da,SEKAWAN LIMO 2 GUNUNG KLAWIH,cgv,,26023300,,,,2D,2026-05-27,f1f5e681-788f-43ac-9dad-65471fb7f745,2026-05-27T16:19:43.245859
9672291d-644b-4801-a159-ac36b97b84da,CHILDREN OF HEAVEN,cgv,,26012100,,,,2D,2026-05-27,350ee2ff-ff5e-473b-b75b-a84523b19b53,2026-05-27T16:19:43.245878
9672291d-644b-4801-a159-ac36b97b84da,BADUT GENDONG,cgv,,26016800,,,,2D,2026-05-27,21c1a1b8-7f28-4aff-9b40-7995e3df0a1a,2026-05-27T16:19:43.245890
9672291d-644b-4801-a159-ac36b97b84da,TUMBAL PROYEK,cgv,,26014300,,,,2D,2026-05-27,324d7f1b-88db-4385-aaa4-dfad8703a312,2026-05-27T16:19:43.245900
9672291d-644b-4801-a159-ac36b97b84da,STAR WARS THE MANDALORIAN AND GROGU,cgv,,26021200,,,,2D,2026-05-27,3eba7ea4-01ba-4bb6-abb3-10dbc9fbecc1,2026-05-27T16:19:43.245911
9672291d-644b-4801-a159-ac36b97b84da,SUAMIKU LUKAKU,cgv,,26025400,,,,2D,2026-05-27,bf82f273-7a08-4e7a-b620-4dcbc61de132,2026-05-27T16:19:43.245922
9672291d-644b-4801-a159-ac36b97b84da,SEMUA AKAN BAIK BAIK SAJA,cgv,,26018100,,,,2D,2026-05-27,e5b1ff65-1e17-4b69-b838-a1f5c16bc971,2026-05-27T16:19:43.245932
9672291d-644b-4801-a159-ac36b97b84da,PASSENGER,cgv,,26023100,,,,2D,2026-05-27,ab350872-7e1a-4e27-b32e-295a4ee0846c,2026-05-27T16:19:43.245942
9672291d-644b-4801-a159-ac36b97b84da,GUDANG MERICA,cgv,,26019400,,,,2D,2026-05-27,56dcdb09-aa9a-43d4-a336-d974bafeea9a,2026-05-27T16:19:43.245951
9672291d-644b-4801-a159-ac36b97b84da,GHOST IN THE CELL,cgv,,26011800,,,,2D,2026-05-27,321a2d00-877b-441b-8de2-edd178e04a82,2026-05-27T16:19:43.245961
9672291d-644b-4801-a159-ac36b97b84da,MORTAL KOMBAT II,cgv,,26018200,,,,2D,2026-05-27,ad531d44-a3ed-4035-89d7-8469ff5c697c,2026-05-27T16:19:43.245971
9672291d-644b-4801-a159-ac36b97b84da,HOKUM,cgv,,26024600,,,,2D,2026-05-27,c4686bb2-3b8e-49ea-854f-ef5da99705c0,2026-05-27T16:19:43.245982
9672291d-644b-4801-a159-ac36b97b84da,TIBA TIBA SETAN,cgv,,26007500,,,,2D,2026-05-27,2adda56e-a684-425c-a8cf-a0437a711404,2026-05-27T16:19:43.245992
9672291d-644b-4801-a159-ac36b97b84da,DILAN ITB 1997,cgv,,26016100,,,,2D,2026-05-27,0d4a2a87-2590-4560-8160-80f0f86cb5ab,2026-05-27T16:19:43.246002
9672291d-644b-4801-a159-ac36b97b84da,YANG LAIN BOLEH HILANG ASAL KAU JANGAN,cgv,,26018300,,,,2D,2026-05-27,914d9fc0-66eb-4848-95ef-e55cae10f481,2026-05-27T16:19:43.246012
9672291d-644b-4801-a159-ac36b97b84da,SALMOKJI WHISPERING WATER,cgv,,26019100,,,,2D,2026-05-27,f01a8c35-9537-4abb-a7fc-2871b9ef67cb,2026-05-27T16:19:43.246022
9672291d-644b-4801-a159-ac36b97b84da,THE KINGS WARDEN,cgv,,26015000,,,,2D,2026-05-27,17acdd46-1d5f-4d6a-86e1-d01cb53fd60e,2026-05-27T16:19:43.246031
9672291d-644b-4801-a159-ac36b97b84da,GOHAN,cgv,,26022500,,,,2D,2026-05-27,cdc78417-adb0-471b-bdae-495bc6792da1,2026-05-27T16:19:43.246041
9672291d-644b-4801-a159-ac36b97b84da,THE SHEEP DETECTIVES,cgv,,26019500,,,,2D,2026-05-27,cfa8164e-f577-4a0b-b0ef-eaf61b42c883,2026-05-27T16:19:43.246051
9672291d-644b-4801-a159-ac36b97b84da,AYAH INI ARAHNYA KEMANA YA,cgv,,26011000,,,,2D,2026-05-27,a675dd2f-373e-490d-99f3-77e04f3ce53a,2026-05-27T16:19:43.246061
9672291d-644b-4801-a159-ac36b97b84da,STAR WARS THE MANDALORIAN AND GROGU 3D,cgv,,26025200,,,,2D,2026-05-27,efb7c219-f36b-4239-84e8-3d7cd8c9fdec,2026-05-27T16:19:43.246070
9672291d-644b-4801-a159-ac36b97b84da,THE DEVIL WEARS PRADA 2,cgv,,26019800,,,,2D,2026-05-27,781bb3a4-59a9-42a4-8162-551463b503b9,2026-05-27T16:19:43.246080
9672291d-644b-4801-a159-ac36b97b84da,NA WILLA,cgv,,26003200,,,,2D,2026-05-27,e6cec088-c425-4878-bc13-bb6361175414,2026-05-27T16:19:43.246090
9672291d-644b-4801-a159-ac36b97b84da,KELUARGA SUAMI ADALAH HAMA,cgv,,26017700,,,,2D,2026-05-27,6beac8bf-cc59-4565-b60a-165e61541df6,2026-05-27T16:19:43.246100
21341883-103c-44c1-ab00-54c68b96b8c5,SEKAWAN LIMO 2 GUNUNG KLAWIH,cgv,,26023300,,,,2D,2026-05-27,89d33427-222c-4084-b36b-8bc953ace62d,2026-05-27T16:19:44.854226
21341883-103c-44c1-ab00-54c68b96b8c5,CHILDREN OF HEAVEN,cgv,,26012100,,,,2D,2026-05-27,a1ff494d-fc94-4395-a89f-bcf55e8710e2,2026-05-27T16:19:44.854272
21341883-103c-44c1-ab00-54c68b96b8c5,BADUT GENDONG,cgv,,26016800,,,,2D,2026-05-27,d479c99f-733d-4fe8-8f80-ce14d0accd99,2026-05-27T16:19:44.854305
21341883-103c-44c1-ab00-54c68b96b8c5,TUMBAL PROYEK,cgv,,26014300,,,,2D,2026-05-27,7d355823-ee24-4eff-b383-3bad552a6189,2026-05-27T16:19:44.854335
21341883-103c-44c1-ab00-54c68b96b8c5,STAR WARS THE MANDALORIAN AND GROGU,cgv,,26021200,,,,2D,2026-05-27,5e970322-0bb6-4b7f-9554-915ff26c68c6,2026-05-27T16:19:44.854363
21341883-103c-44c1-ab00-54c68b96b8c5,SUAMIKU LUKAKU,cgv,,26025400,,,,2D,2026-05-27,374d7f7c-3278-4a3d-bdfe-8575d1eb8701,2026-05-27T16:19:44.854390
21341883-103c-44c1-ab00-54c68b96b8c5,SEMUA AKAN BAIK BAIK SAJA,cgv,,26018100,,,,2D,2026-05-27,b8a84bbc-1e83-4045-814a-3b0b9357aee2,2026-05-27T16:19:44.854415
21341883-103c-44c1-ab00-54c68b96b8c5,PASSENGER,cgv,,26023100,,,,2D,2026-05-27,5cfa338c-81fa-4144-bc68-57b72cc7c6ac,2026-05-27T16:19:44.854440
21341883-103c-44c1-ab00-54c68b96b8c5,GUDANG MERICA,cgv,,26019400,,,,2D,2026-05-27,2ee08a6e-0e3d-4132-bf50-1a49704f3069,2026-05-27T16:19:44.854465
21341883-103c-44c1-ab00-54c68b96b8c5,GHOST IN THE CELL,cgv,,26011800,,,,2D,2026-05-27,1b54f88a-bc9e-4b79-8010-9275cd1fb9c8,2026-05-27T16:19:44.854493
21341883-103c-44c1-ab00-54c68b96b8c5,MORTAL KOMBAT II,cgv,,26018200,,,,2D,2026-05-27,a0d6e479-7d8e-45e6-bf4f-4e9b7ee23257,2026-05-27T16:19:44.854519
21341883-103c-44c1-ab00-54c68b96b8c5,HOKUM,cgv,,26024600,,,,2D,2026-05-27,f545a4fa-2258-4d68-bb79-59077c5677a4,2026-05-27T16:19:44.854831
21341883-103c-44c1-ab00-54c68b96b8c5,TIBA TIBA SETAN,cgv,,26007500,,,,2D,2026-05-27,da5230c7-b594-484b-b577-b52f88ff37f0,2026-05-27T16:19:44.854970
21341883-103c-44c1-ab00-54c68b96b8c5,DILAN ITB 1997,cgv,,26016100,,,,2D,2026-05-27,a570d7c3-2753-4c85-86b3-a883e1665191,2026-05-27T16:19:44.855013
21341883-103c-44c1-ab00-54c68b96b8c5,YANG LAIN BOLEH HILANG ASAL KAU JANGAN,cgv,,26018300,,,,2D,2026-05-27,29ddb295-7a7c-4cde-98fd-24b19b1f31e2,2026-05-27T16:19:44.855044
21341883-103c-44c1-ab00-54c68b96b8c5,SALMOKJI WHISPERING WATER,cgv,,26019100,,,,2D,2026-05-27,c41baa1d-5786-4106-b34b-8af41bb3b32d,2026-05-27T16:19:44.855072
21341883-103c-44c1-ab00-54c68b96b8c5,THE KINGS WARDEN,cgv,,26015000,,,,2D,2026-05-27,922ce1c3-c7a0-49dc-b640-030f28c25cb5,2026-05-27T16:19:44.855098
21341883-103c-44c1-ab00-54c68b96b8c5,GOHAN,cgv,,26022500,,,,2D,2026-05-27,c769b4fd-5c72-4302-bf83-6957032eefa4,2026-05-27T16:19:44.855125
21341883-103c-44c1-ab00-54c68b96b8c5,THE SHEEP DETECTIVES,cgv,,26019500,,,,2D,2026-05-27,2bc0ee27-08e0-4a85-bca9-fef9765c8a73,2026-05-27T16:19:44.855153
21341883-103c-44c1-ab00-54c68b96b8c5,AYAH INI ARAHNYA KEMANA YA,cgv,,26011000,,,,2D,2026-05-27,93293820-e340-4b56-bd6d-262ef834a380,2026-05-27T16:19:44.855179
21341883-103c-44c1-ab00-54c68b96b8c5,STAR WARS THE MANDALORIAN AND GROGU 3D,cgv,,26025200,,,,2D,2026-05-27,e10dfcc8-239c-4fe5-a959-4c199c6f7bff,2026-05-27T16:19:44.855205
21341883-103c-44c1-ab00-54c68b96b8c5,THE DEVIL WEARS PRADA 2,cgv,,26019800,,,,2D,2026-05-27,06ff0caa-0c3b-4da1-bff3-3b8acdb990ce,2026-05-27T16:19:44.855231
21341883-103c-44c1-ab00-54c68b96b8c5,NA WILLA,cgv,,26003200,,,,2D,2026-05-27,3fc26fdb-0b69-4f23-94b2-e6c87defecc0,2026-05-27T16:19:44.855256
21341883-103c-44c1-ab00-54c68b96b8c5,KELUARGA SUAMI ADALAH HAMA,cgv,,26017700,,,,2D,2026-05-27,476505ec-e108-45e1-abc1-e71650b87e13,2026-05-27T16:19:44.855281
d8ff9b59-0316-4b9f-beea-4ae62521ee1c,SEKAWAN LIMO 2 GUNUNG KLAWIH,cgv,,26023300,,,,2D,2026-05-27,6addb9c5-2121-4ae5-84fe-f2e01cc373fb,2026-05-27T16:19:44.628828
d8ff9b59-0316-4b9f-beea-4ae62521ee1c,CHILDREN OF HEAVEN,cgv,,26012100,,,,2D,2026-05-27,0d383b8d-5a66-4355-a642-5676c06eadcd,2026-05-27T16:19:44.628869
d8ff9b59-0316-4b9f-beea-4ae62521ee1c,BADUT GENDONG,cgv,,26016800,,,,2D,2026-05-27,41ece3e7-f882-4e18-af0f-0325756f9e2d,2026-05-27T16:19:44.628899
d8ff9b59-0316-4b9f-beea-4ae62521ee1c,TUMBAL PROYEK,cgv,,26014300,,,,2D,2026-05-27,9846778e-fec9-45eb-9ae7-44570a6e8cea,2026-05-27T16:19:44.628925
d8ff9b59-0316-4b9f-beea-4ae62521ee1c,STAR WARS THE MANDALORIAN AND GROGU,cgv,,26021200,,,,2D,2026-05-27,fc5eb057-cda7-4863-ab9e-0d6ad787f1fa,2026-05-27T16:19:44.628953
d8ff9b59-0316-4b9f-beea-4ae62521ee1c,SUAMIKU LUKAKU,cgv,,26025400,,,,2D,2026-05-27,4c189bd4-60dc-493a-970f-0ef3fd821de3,2026-05-27T16:19:44.628978
d8ff9b59-0316-4b9f-beea-4ae62521ee1c,SEMUA AKAN BAIK BAIK SAJA,cgv,,26018100,,,,2D,2026-05-27,8a397d1b-2498-4abe-b858-bdd2ad250390,2026-05-27T16:19:44.629003
d8ff9b59-0316-4b9f-beea-4ae62521ee1c,PASSENGER,cgv,,26023100,,,,2D,2026-05-27,863c5fc2-726b-4988-a78c-e54cb3a996c8,2026-05-27T16:19:44.629029
d8ff9b59-0316-4b9f-beea-4ae62521ee1c,GUDANG MERICA,cgv,,26019400,,,,2D,2026-05-27,90d60bf5-2a9a-4200-81a0-b55729c35d9a,2026-05-27T16:19:44.629054
d8ff9b59-0316-4b9f-beea-4ae62521ee1c,GHOST IN THE CELL,cgv,,26011800,,,,2D,2026-05-27,4764a409-226e-4b9c-9a2e-07a7b6e4320c,2026-05-27T16:19:44.629079
d8ff9b59-0316-4b9f-beea-4ae62521ee1c,MORTAL KOMBAT II,cgv,,26018200,,,,2D,2026-05-27,2d8d7f30-6ecb-447c-99a0-8f401e760002,2026-05-27T16:19:44.629105
d8ff9b59-0316-4b9f-beea-4ae62521ee1c,HOKUM,cgv,,26024600,,,,2D,2026-05-27,226ed50b-6033-4149-a8b7-71a95ea8b69c,2026-05-27T16:19:44.629129
d8ff9b59-0316-4b9f-beea-4ae62521ee1c,TIBA TIBA SETAN,cgv,,26007500,,,,2D,2026-05-27,281afd4b-d17e-4e20-a1d5-cd125cbc8163,2026-05-27T16:19:44.629153
d8ff9b59-0316-4b9f-beea-4ae62521ee1c,DILAN ITB 1997,cgv,,26016100,,,,2D,2026-05-27,e75ad7b0-81eb-443f-a48b-f5ce546ccdb3,2026-05-27T16:19:44.629177
d8ff9b59-0316-4b9f-beea-4ae62521ee1c,YANG LAIN BOLEH HILANG ASAL KAU JANGAN,cgv,,26018300,,,,2D,2026-05-27,2fcd0071-41e0-424b-a0c2-9917a5f49502,2026-05-27T16:19:44.629202
d8ff9b59-0316-4b9f-beea-4ae62521ee1c,SALMOKJI WHISPERING WATER,cgv,,26019100,,,,2D,2026-05-27,6b1a89f0-8c03-4f0c-9c43-b09a37cbd0c7,2026-05-27T16:19:44.629226
d8ff9b59-0316-4b9f-beea-4ae62521ee1c,THE KINGS WARDEN,cgv,,26015000,,,,2D,2026-05-27,b27c4c2a-6a4c-41a2-8d1b-9a160f2a4aa4,2026-05-27T16:19:44.629249
d8ff9b59-0316-4b9f-beea-4ae62521ee1c,GOHAN,cgv,,26022500,,,,2D,2026-05-27,8dc335de-93ec-42b9-8706-b7b8c60bf2b7,2026-05-27T16:19:44.629273
d8ff9b59-0316-4b9f-beea-4ae62521ee1c,THE SHEEP DETECTIVES,cgv,,26019500,,,,2D,2026-05-27,335fef39-f000-491e-8838-9267ad8a660c,2026-05-27T16:19:44.629299
d8ff9b59-0316-4b9f-beea-4ae62521ee1c,AYAH INI ARAHNYA KEMANA YA,cgv,,26011000,,,,2D,2026-05-27,59e833a4-721e-441b-a727-b646fefa3a0e,2026-05-27T16:19:44.629323
d8ff9b59-0316-4b9f-beea-4ae62521ee1c,STAR WARS THE MANDALORIAN AND GROGU 3D,cgv,,26025200,,,,2D,2026-05-27,c2919e4a-71bd-42b0-9c46-98f4a3cb5d54,2026-05-27T16:19:44.629349
d8ff9b59-0316-4b9f-beea-4ae62521ee1c,THE DEVIL WEARS PRADA 2,cgv,,26019800,,,,2D,2026-05-27,d7d5f148-42ac-4d6e-93f2-f4c124132092,2026-05-27T16:19:44.629376
d8ff9b59-0316-4b9f-beea-4ae62521ee1c,NA WILLA,cgv,,26003200,,,,2D,2026-05-27,be579a6c-371b-4099-a012-9e22e8de01fc,2026-05-27T16:19:44.629403
d8ff9b59-0316-4b9f-beea-4ae62521ee1c,KELUARGA SUAMI ADALAH HAMA,cgv,,26017700,,,,2D,2026-05-27,82fdd2af-425b-4ff0-b27b-3fe2f0ca0004,2026-05-27T16:19:44.629429
3c48b608-6f90-4577-a16d-ac8fc97f4407,SEKAWAN LIMO 2 GUNUNG KLAWIH,cgv,,26023300,,,,2D,2026-05-27,fcee59ea-08c9-4d50-8043-a09a5a963143,2026-05-27T16:19:44.740405
3c48b608-6f90-4577-a16d-ac8fc97f4407,CHILDREN OF HEAVEN,cgv,,26012100,,,,2D,2026-05-27,1fe0e199-c291-4621-8c75-7e260861c90a,2026-05-27T16:19:44.740444
3c48b608-6f90-4577-a16d-ac8fc97f4407,BADUT GENDONG,cgv,,26016800,,,,2D,2026-05-27,4c767623-9672-42ec-95e0-475d2a9f58e6,2026-05-27T16:19:44.740474
3c48b608-6f90-4577-a16d-ac8fc97f4407,TUMBAL PROYEK,cgv,,26014300,,,,2D,2026-05-27,ba2226c7-477c-43df-92f6-3b1c5f7c3f02,2026-05-27T16:19:44.740501
3c48b608-6f90-4577-a16d-ac8fc97f4407,STAR WARS THE MANDALORIAN AND GROGU,cgv,,26021200,,,,2D,2026-05-27,b2bfe833-98af-47fb-9fcb-5645819a4a36,2026-05-27T16:19:44.740529
3c48b608-6f90-4577-a16d-ac8fc97f4407,SUAMIKU LUKAKU,cgv,,26025400,,,,2D,2026-05-27,49dda5a7-5531-43d5-9182-b7210615367f,2026-05-27T16:19:44.740555
3c48b608-6f90-4577-a16d-ac8fc97f4407,SEMUA AKAN BAIK BAIK SAJA,cgv,,26018100,,,,2D,2026-05-27,70bd3615-dfab-4024-85fe-50b313a85a10,2026-05-27T16:19:44.740581
3c48b608-6f90-4577-a16d-ac8fc97f4407,PASSENGER,cgv,,26023100,,,,2D,2026-05-27,04f682b9-6e20-4423-a108-a57e2be13964,2026-05-27T16:19:44.740609
3c48b608-6f90-4577-a16d-ac8fc97f4407,GUDANG MERICA,cgv,,26019400,,,,2D,2026-05-27,98a07130-8936-42cf-a9da-e8fcfb00dd01,2026-05-27T16:19:44.740635
3c48b608-6f90-4577-a16d-ac8fc97f4407,GHOST IN THE CELL,cgv,,26011800,,,,2D,2026-05-27,8337d27b-fd69-4d8b-8b05-555efdbfb4d1,2026-05-27T16:19:44.740661
3c48b608-6f90-4577-a16d-ac8fc97f4407,MORTAL KOMBAT II,cgv,,26018200,,,,2D,2026-05-27,b0163d2d-981b-465b-85a4-ba41114c63a7,2026-05-27T16:19:44.740686
3c48b608-6f90-4577-a16d-ac8fc97f4407,HOKUM,cgv,,26024600,,,,2D,2026-05-27,3bf37356-fcf3-490f-a9db-fa8dcc355443,2026-05-27T16:19:44.740712
3c48b608-6f90-4577-a16d-ac8fc97f4407,TIBA TIBA SETAN,cgv,,26007500,,,,2D,2026-05-27,0ba52e06-3352-4024-ad6e-8acad78f8e63,2026-05-27T16:19:44.740738
3c48b608-6f90-4577-a16d-ac8fc97f4407,DILAN ITB 1997,cgv,,26016100,,,,2D,2026-05-27,61b7c45e-a700-4ebe-bf0b-6f547ae312dd,2026-05-27T16:19:44.740764
3c48b608-6f90-4577-a16d-ac8fc97f4407,YANG LAIN BOLEH HILANG ASAL KAU JANGAN,cgv,,26018300,,,,2D,2026-05-27,8405bebc-00b8-4c4e-840a-fbd30eea25f9,2026-05-27T16:19:44.740793
3c48b608-6f90-4577-a16d-ac8fc97f4407,SALMOKJI WHISPERING WATER,cgv,,26019100,,,,2D,2026-05-27,dc031c88-5d05-4779-82c0-71677b8c6c2e,2026-05-27T16:19:44.740819
3c48b608-6f90-4577-a16d-ac8fc97f4407,THE KINGS WARDEN,cgv,,26015000,,,,2D,2026-05-27,51e54214-976f-4082-8b6e-ef4e7005596b,2026-05-27T16:19:44.740845
3c48b608-6f90-4577-a16d-ac8fc97f4407,GOHAN,cgv,,26022500,,,,2D,2026-05-27,519f76eb-ca6d-4aa3-bb36-ca360f3a9cf2,2026-05-27T16:19:44.740870
3c48b608-6f90-4577-a16d-ac8fc97f4407,THE SHEEP DETECTIVES,cgv,,26019500,,,,2D,2026-05-27,e11bc2da-d82e-4486-b692-327632d27d7d,2026-05-27T16:19:44.740896
3c48b608-6f90-4577-a16d-ac8fc97f4407,AYAH INI ARAHNYA KEMANA YA,cgv,,26011000,,,,2D,2026-05-27,b4648b6d-8667-4038-8a96-f694a287b7c8,2026-05-27T16:19:44.740922
3c48b608-6f90-4577-a16d-ac8fc97f4407,STAR WARS THE MANDALORIAN AND GROGU 3D,cgv,,26025200,,,,2D,2026-05-27,ac0bee0d-f4a0-484e-a631-32186ce4ae00,2026-05-27T16:19:44.740946
3c48b608-6f90-4577-a16d-ac8fc97f4407,THE DEVIL WEARS PRADA 2,cgv,,26019800,,,,2D,2026-05-27,9ce3c6c2-4003-4d9c-9b17-fe8d1c3ae294,2026-05-27T16:19:44.740972
3c48b608-6f90-4577-a16d-ac8fc97f4407,NA WILLA,cgv,,26003200,,,,2D,2026-05-27,e8451bfe-a572-41cc-a895-010d982db9bc,2026-05-27T16:19:44.740998
3c48b608-6f90-4577-a16d-ac8fc97f4407,KELUARGA SUAMI ADALAH HAMA,cgv,,26017700,,,,2D,2026-05-27,74c7417c-fdcf-48ce-a45a-fa7eda6e8543,2026-05-27T16:19:44.741023
d023dbe2-5709-42d8-8071-7c6cd7371ec4,SEKAWAN LIMO 2 GUNUNG KLAWIH,cgv,,26023300,,,,2D,2026-05-27,3f36b0c5-aa97-47ed-a248-152285aa57e6,2026-05-27T16:19:44.847489
d023dbe2-5709-42d8-8071-7c6cd7371ec4,CHILDREN OF HEAVEN,cgv,,26012100,,,,2D,2026-05-27,01687b62-c625-4644-8b1c-4b66e25087fe,2026-05-27T16:19:44.847535
d023dbe2-5709-42d8-8071-7c6cd7371ec4,BADUT GENDONG,cgv,,26016800,,,,2D,2026-05-27,0f461c6d-cca3-4534-a106-6c4ab69b16b5,2026-05-27T16:19:44.847570
d023dbe2-5709-42d8-8071-7c6cd7371ec4,TUMBAL PROYEK,cgv,,26014300,,,,2D,2026-05-27,bea4d034-c4f7-4719-9e8c-07aa1e2d9245,2026-05-27T16:19:44.847602
d023dbe2-5709-42d8-8071-7c6cd7371ec4,STAR WARS THE MANDALORIAN AND GROGU,cgv,,26021200,,,,2D,2026-05-27,5ce1ccce-4986-475b-8dfb-4bc54b7b461e,2026-05-27T16:19:44.847643
d023dbe2-5709-42d8-8071-7c6cd7371ec4,SUAMIKU LUKAKU,cgv,,26025400,,,,2D,2026-05-27,b29eb7a5-89a7-48a2-bb66-2bfe333bd802,2026-05-27T16:19:44.847674
d023dbe2-5709-42d8-8071-7c6cd7371ec4,SEMUA AKAN BAIK BAIK SAJA,cgv,,26018100,,,,2D,2026-05-27,ab03c083-1864-4e34-a6cb-511a3c03e019,2026-05-27T16:19:44.847706
d023dbe2-5709-42d8-8071-7c6cd7371ec4,PASSENGER,cgv,,26023100,,,,2D,2026-05-27,fb997b2c-01f8-4655-906c-b242445fa8a1,2026-05-27T16:19:44.847738
d023dbe2-5709-42d8-8071-7c6cd7371ec4,GUDANG MERICA,cgv,,26019400,,,,2D,2026-05-27,33665b2b-f2e1-4dcc-9383-cea9ecf3ce54,2026-05-27T16:19:44.847769
d023dbe2-5709-42d8-8071-7c6cd7371ec4,GHOST IN THE CELL,cgv,,26011800,,,,2D,2026-05-27,6170aa9d-1de8-4f04-ae01-a8cd250f2af5,2026-05-27T16:19:44.847800
d023dbe2-5709-42d8-8071-7c6cd7371ec4,MORTAL KOMBAT II,cgv,,26018200,,,,2D,2026-05-27,b7982a14-ef6c-4229-97c9-00fae0c5d0f7,2026-05-27T16:19:44.847830
d023dbe2-5709-42d8-8071-7c6cd7371ec4,HOKUM,cgv,,26024600,,,,2D,2026-05-27,3a9c4406-0ed4-481b-b639-94249f36d65d,2026-05-27T16:19:44.847860
d023dbe2-5709-42d8-8071-7c6cd7371ec4,TIBA TIBA SETAN,cgv,,26007500,,,,2D,2026-05-27,3a6f9efb-f726-4851-9a09-2500dcf78eef,2026-05-27T16:19:44.847890
d023dbe2-5709-42d8-8071-7c6cd7371ec4,DILAN ITB 1997,cgv,,26016100,,,,2D,2026-05-27,ffb23db4-3195-4d4a-a7f1-46618d425af4,2026-05-27T16:19:44.847920
d023dbe2-5709-42d8-8071-7c6cd7371ec4,YANG LAIN BOLEH HILANG ASAL KAU JANGAN,cgv,,26018300,,,,2D,2026-05-27,5e278577-7028-4ec6-97a7-77a4bda555a2,2026-05-27T16:19:44.847950
d023dbe2-5709-42d8-8071-7c6cd7371ec4,SALMOKJI WHISPERING WATER,cgv,,26019100,,,,2D,2026-05-27,04d44d7b-3497-418e-a142-77ebba26c530,2026-05-27T16:19:44.847980
d023dbe2-5709-42d8-8071-7c6cd7371ec4,THE KINGS WARDEN,cgv,,26015000,,,,2D,2026-05-27,afe5de15-7df9-4a4f-a7ad-3410384b97c9,2026-05-27T16:19:44.848010
d023dbe2-5709-42d8-8071-7c6cd7371ec4,GOHAN,cgv,,26022500,,,,2D,2026-05-27,2eb18a1f-44a6-4fd8-86a5-8730fcfbe254,2026-05-27T16:19:44.848040
d023dbe2-5709-42d8-8071-7c6cd7371ec4,THE SHEEP DETECTIVES,cgv,,26019500,,,,2D,2026-05-27,e6cdd268-5a2d-475f-9269-a63a2a7b59f7,2026-05-27T16:19:44.848072
d023dbe2-5709-42d8-8071-7c6cd7371ec4,AYAH INI ARAHNYA KEMANA YA,cgv,,26011000,,,,2D,2026-05-27,fde425a4-1ffa-4ef2-9ce3-33f54d4b040c,2026-05-27T16:19:44.848102
d023dbe2-5709-42d8-8071-7c6cd7371ec4,STAR WARS THE MANDALORIAN AND GROGU 3D,cgv,,26025200,,,,2D,2026-05-27,6a5f3031-d2d3-4b66-b651-69a0d803b47a,2026-05-27T16:19:44.848131
d023dbe2-5709-42d8-8071-7c6cd7371ec4,THE DEVIL WEARS PRADA 2,cgv,,26019800,,,,2D,2026-05-27,56d5fe07-d563-4ac7-8a39-b8ac1c166fc8,2026-05-27T16:19:44.848160
d023dbe2-5709-42d8-8071-7c6cd7371ec4,NA WILLA,cgv,,26003200,,,,2D,2026-05-27,74cd71d6-6652-4a94-844b-70045d144bc4,2026-05-27T16:19:44.848204
d023dbe2-5709-42d8-8071-7c6cd7371ec4,KELUARGA SUAMI ADALAH HAMA,cgv,,26017700,,,,2D,2026-05-27,9407ecb1-8da5-49db-91a8-eaa6ade754da,2026-05-27T16:19:44.848236
f6193e1f-1d65-4bca-bd25-fb7d394995ec,SEKAWAN LIMO 2 GUNUNG KLAWIH,cgv,,26023300,,,,2D,2026-05-27,d8d4785b-1ea6-4e5a-86b9-7ee25714f306,2026-05-27T16:19:47.067329
f6193e1f-1d65-4bca-bd25-fb7d394995ec,CHILDREN OF HEAVEN,cgv,,26012100,,,,2D,2026-05-27,9b3cc1df-8c6b-468a-9bba-a3378fea5b3d,2026-05-27T16:19:47.067351
f6193e1f-1d65-4bca-bd25-fb7d394995ec,BADUT GENDONG,cgv,,26016800,,,,2D,2026-05-27,c929e020-c146-4c5a-ab68-35a65cdd3a58,2026-05-27T16:19:47.067364
f6193e1f-1d65-4bca-bd25-fb7d394995ec,TUMBAL PROYEK,cgv,,26014300,,,,2D,2026-05-27,f4dc930a-9e0e-44f1-ad1b-dc5b339277cd,2026-05-27T16:19:47.067376
f6193e1f-1d65-4bca-bd25-fb7d394995ec,STAR WARS THE MANDALORIAN AND GROGU,cgv,,26021200,,,,2D,2026-05-27,02345433-a752-4137-be6f-95b0caf6a264,2026-05-27T16:19:47.067389
f6193e1f-1d65-4bca-bd25-fb7d394995ec,SUAMIKU LUKAKU,cgv,,26025400,,,,2D,2026-05-27,0bf75d85-33c0-4c22-87fc-f592f5469b19,2026-05-27T16:19:47.067401
f6193e1f-1d65-4bca-bd25-fb7d394995ec,SEMUA AKAN BAIK BAIK SAJA,cgv,,26018100,,,,2D,2026-05-27,61baab99-7ee9-47af-8c84-44c5ffd56cb3,2026-05-27T16:19:47.067412
f6193e1f-1d65-4bca-bd25-fb7d394995ec,PASSENGER,cgv,,26023100,,,,2D,2026-05-27,c06bb1d0-5a5e-4355-9de0-830a5d9b3f4f,2026-05-27T16:19:47.067423
f6193e1f-1d65-4bca-bd25-fb7d394995ec,GUDANG MERICA,cgv,,26019400,,,,2D,2026-05-27,ac2ab375-e119-4771-8922-63dbd7502568,2026-05-27T16:19:47.067434
f6193e1f-1d65-4bca-bd25-fb7d394995ec,GHOST IN THE CELL,cgv,,26011800,,,,2D,2026-05-27,a125e962-f72d-4859-a57a-f10ef9668f0c,2026-05-27T16:19:47.067445
f6193e1f-1d65-4bca-bd25-fb7d394995ec,MORTAL KOMBAT II,cgv,,26018200,,,,2D,2026-05-27,3a7f0689-a5e6-4aa2-be85-13a6d529745c,2026-05-27T16:19:47.067456
f6193e1f-1d65-4bca-bd25-fb7d394995ec,HOKUM,cgv,,26024600,,,,2D,2026-05-27,abf0bae4-8ed7-4822-a7f1-94f166979771,2026-05-27T16:19:47.067466
f6193e1f-1d65-4bca-bd25-fb7d394995ec,TIBA TIBA SETAN,cgv,,26007500,,,,2D,2026-05-27,dc05f757-3680-4f62-a6a7-e4d833128345,2026-05-27T16:19:47.067477
f6193e1f-1d65-4bca-bd25-fb7d394995ec,DILAN ITB 1997,cgv,,26016100,,,,2D,2026-05-27,080ecafd-feae-4230-8431-7bc2fef1b789,2026-05-27T16:19:47.067487
f6193e1f-1d65-4bca-bd25-fb7d394995ec,YANG LAIN BOLEH HILANG ASAL KAU JANGAN,cgv,,26018300,,,,2D,2026-05-27,c0b9527a-ac59-4cc3-acae-96311625bde7,2026-05-27T16:19:47.067498
f6193e1f-1d65-4bca-bd25-fb7d394995ec,SALMOKJI WHISPERING WATER,cgv,,26019100,,,,2D,2026-05-27,97cb6b73-7483-4ada-a869-a63735599245,2026-05-27T16:19:47.067508
f6193e1f-1d65-4bca-bd25-fb7d394995ec,THE KINGS WARDEN,cgv,,26015000,,,,2D,2026-05-27,bd0032e3-0057-4507-9ace-80d0d9e068ed,2026-05-27T16:19:47.067518
f6193e1f-1d65-4bca-bd25-fb7d394995ec,GOHAN,cgv,,26022500,,,,2D,2026-05-27,dc723820-0461-49b3-8a39-a8a3b9d85b7c,2026-05-27T16:19:47.067529
f6193e1f-1d65-4bca-bd25-fb7d394995ec,THE SHEEP DETECTIVES,cgv,,26019500,,,,2D,2026-05-27,915cfe4e-1028-41c0-803a-aa73746f0458,2026-05-27T16:19:47.067540
f6193e1f-1d65-4bca-bd25-fb7d394995ec,AYAH INI ARAHNYA KEMANA YA,cgv,,26011000,,,,2D,2026-05-27,5edda1db-a800-48eb-9358-ed79901cc08d,2026-05-27T16:19:47.067551
f6193e1f-1d65-4bca-bd25-fb7d394995ec,STAR WARS THE MANDALORIAN AND GROGU 3D,cgv,,26025200,,,,2D,2026-05-27,04e5bd3b-8aec-4e96-ab42-771d61e64e5b,2026-05-27T16:19:47.067562
f6193e1f-1d65-4bca-bd25-fb7d394995ec,THE DEVIL WEARS PRADA 2,cgv,,26019800,,,,2D,2026-05-27,24229b60-bf76-4fd4-8090-1ac2b56a9c88,2026-05-27T16:19:47.067572
f6193e1f-1d65-4bca-bd25-fb7d394995ec,NA WILLA,cgv,,26003200,,,,2D,2026-05-27,a38b3583-36b2-4f50-94dc-9937074ede37,2026-05-27T16:19:47.067583
f6193e1f-1d65-4bca-bd25-fb7d394995ec,KELUARGA SUAMI ADALAH HAMA,cgv,,26017700,,,,2D,2026-05-27,63278ad1-67ea-4699-87a1-0c13cb23a009,2026-05-27T16:19:47.067593
b7deabd9-3105-493e-9a50-6350cc4d0e30,SEKAWAN LIMO 2 GUNUNG KLAWIH,cgv,,26023300,,,,2D,2026-05-27,419e0f06-e5e0-48c3-be06-6209a0df6579,2026-05-27T16:19:47.993643
b7deabd9-3105-493e-9a50-6350cc4d0e30,CHILDREN OF HEAVEN,cgv,,26012100,,,,2D,2026-05-27,de5f3745-4a46-4225-bedc-194daf8e26fc,2026-05-27T16:19:47.993665
b7deabd9-3105-493e-9a50-6350cc4d0e30,BADUT GENDONG,cgv,,26016800,,,,2D,2026-05-27,46094b30-ff56-48dc-8c15-ce721917ff3f,2026-05-27T16:19:47.993682
b7deabd9-3105-493e-9a50-6350cc4d0e30,TUMBAL PROYEK,cgv,,26014300,,,,2D,2026-05-27,715d5448-3877-4a6b-a608-d8fbb0271983,2026-05-27T16:19:47.993696
b7deabd9-3105-493e-9a50-6350cc4d0e30,STAR WARS THE MANDALORIAN AND GROGU,cgv,,26021200,,,,2D,2026-05-27,5fca636b-7577-451d-b520-dace6643a3a5,2026-05-27T16:19:47.993711
b7deabd9-3105-493e-9a50-6350cc4d0e30,SUAMIKU LUKAKU,cgv,,26025400,,,,2D,2026-05-27,a293de15-a9e0-4d5d-a49e-ad6c87c831d9,2026-05-27T16:19:47.993727
b7deabd9-3105-493e-9a50-6350cc4d0e30,SEMUA AKAN BAIK BAIK SAJA,cgv,,26018100,,,,2D,2026-05-27,0f08874e-9df6-4de9-914e-8129cd7b3560,2026-05-27T16:19:47.993741
b7deabd9-3105-493e-9a50-6350cc4d0e30,PASSENGER,cgv,,26023100,,,,2D,2026-05-27,95c1e19d-0296-4ec3-902c-0218faf5543a,2026-05-27T16:19:47.993755
b7deabd9-3105-493e-9a50-6350cc4d0e30,GUDANG MERICA,cgv,,26019400,,,,2D,2026-05-27,de63a2d9-cb69-4de0-baf6-9db62bb20527,2026-05-27T16:19:47.993767
b7deabd9-3105-493e-9a50-6350cc4d0e30,GHOST IN THE CELL,cgv,,26011800,,,,2D,2026-05-27,d2ee77b6-aa50-4339-bf68-3ce719ec0373,2026-05-27T16:19:47.993781
b7deabd9-3105-493e-9a50-6350cc4d0e30,MORTAL KOMBAT II,cgv,,26018200,,,,2D,2026-05-27,b37458c1-c023-4445-9f9f-65faa0ad4612,2026-05-27T16:19:47.993794
b7deabd9-3105-493e-9a50-6350cc4d0e30,HOKUM,cgv,,26024600,,,,2D,2026-05-27,a9adbb6d-49f7-4b35-aafb-98d6cfa9ebf3,2026-05-27T16:19:47.993807
b7deabd9-3105-493e-9a50-6350cc4d0e30,TIBA TIBA SETAN,cgv,,26007500,,,,2D,2026-05-27,abb1f60d-4a76-43fd-ac5d-b16db0831e22,2026-05-27T16:19:47.993820
b7deabd9-3105-493e-9a50-6350cc4d0e30,DILAN ITB 1997,cgv,,26016100,,,,2D,2026-05-27,5d9fd68d-089e-4d30-b957-585dddaaa2a8,2026-05-27T16:19:47.993833
b7deabd9-3105-493e-9a50-6350cc4d0e30,YANG LAIN BOLEH HILANG ASAL KAU JANGAN,cgv,,26018300,,,,2D,2026-05-27,a2e6a805-61f3-4070-9d0a-af66a64a8e4e,2026-05-27T16:19:47.993859
b7deabd9-3105-493e-9a50-6350cc4d0e30,SALMOKJI WHISPERING WATER,cgv,,26019100,,,,2D,2026-05-27,f23865d4-3b75-4b2b-afeb-c50a4cd3c110,2026-05-27T16:19:47.993888
b7deabd9-3105-493e-9a50-6350cc4d0e30,THE KINGS WARDEN,cgv,,26015000,,,,2D,2026-05-27,67a1054b-1e77-4b70-93ad-53e91ccab57b,2026-05-27T16:19:47.993917
b7deabd9-3105-493e-9a50-6350cc4d0e30,GOHAN,cgv,,26022500,,,,2D,2026-05-27,2a7e7f34-f95d-4fc2-84c7-2884a535099c,2026-05-27T16:19:47.993946
b7deabd9-3105-493e-9a50-6350cc4d0e30,THE SHEEP DETECTIVES,cgv,,26019500,,,,2D,2026-05-27,04420ae2-e021-4f32-82a4-c45fe22942c7,2026-05-27T16:19:47.993978
b7deabd9-3105-493e-9a50-6350cc4d0e30,AYAH INI ARAHNYA KEMANA YA,cgv,,26011000,,,,2D,2026-05-27,4961ec02-b0d7-4895-8e5e-733b1211f104,2026-05-27T16:19:47.994008
b7deabd9-3105-493e-9a50-6350cc4d0e30,STAR WARS THE MANDALORIAN AND GROGU 3D,cgv,,26025200,,,,2D,2026-05-27,d4b6e467-3821-4dfd-98b8-74ae482a54a4,2026-05-27T16:19:47.994027
b7deabd9-3105-493e-9a50-6350cc4d0e30,THE DEVIL WEARS PRADA 2,cgv,,26019800,,,,2D,2026-05-27,398b06d2-62c9-401f-abce-783bbcfdf158,2026-05-27T16:19:47.994040
b7deabd9-3105-493e-9a50-6350cc4d0e30,NA WILLA,cgv,,26003200,,,,2D,2026-05-27,4517080d-53ce-4c55-9578-527b0d929f7e,2026-05-27T16:19:47.994053
b7deabd9-3105-493e-9a50-6350cc4d0e30,KELUARGA SUAMI ADALAH HAMA,cgv,,26017700,,,,2D,2026-05-27,920c14a4-3829-4ce6-88d1-58a95b1194d0,2026-05-27T16:19:47.994066
bac56926-7834-4756-a9c3-a77bb4e34b4b,SEKAWAN LIMO 2 GUNUNG KLAWIH,cgv,,26023300,,,,2D,2026-05-27,8a8fbc8c-e868-4da0-b129-0e826e6bac36,2026-05-27T16:19:48.119210
bac56926-7834-4756-a9c3-a77bb4e34b4b,CHILDREN OF HEAVEN,cgv,,26012100,,,,2D,2026-05-27,75b6ae1d-187b-4d5c-95ba-163423a4caf9,2026-05-27T16:19:48.119257
bac56926-7834-4756-a9c3-a77bb4e34b4b,BADUT GENDONG,cgv,,26016800,,,,2D,2026-05-27,40bf77fa-c9e6-4b25-b598-36b3b63f2390,2026-05-27T16:19:48.119293
bac56926-7834-4756-a9c3-a77bb4e34b4b,TUMBAL PROYEK,cgv,,26014300,,,,2D,2026-05-27,2d1e3027-73e2-475c-bba1-6dc9daf6c9de,2026-05-27T16:19:48.119326
bac56926-7834-4756-a9c3-a77bb4e34b4b,STAR WARS THE MANDALORIAN AND GROGU,cgv,,26021200,,,,2D,2026-05-27,63afb5ee-0caa-41f9-8098-ef173b0b4701,2026-05-27T16:19:48.119366
bac56926-7834-4756-a9c3-a77bb4e34b4b,SUAMIKU LUKAKU,cgv,,26025400,,,,2D,2026-05-27,9b1c6aeb-0ad6-4215-b245-2fe4beae3f39,2026-05-27T16:19:48.119399
bac56926-7834-4756-a9c3-a77bb4e34b4b,SEMUA AKAN BAIK BAIK SAJA,cgv,,26018100,,,,2D,2026-05-27,91eff9bf-8f38-4c0b-811c-9cc2d32ee40e,2026-05-27T16:19:48.119430
bac56926-7834-4756-a9c3-a77bb4e34b4b,PASSENGER,cgv,,26023100,,,,2D,2026-05-27,3ac96b17-b685-49b8-acaf-c8ae160de7a9,2026-05-27T16:19:48.119491
bac56926-7834-4756-a9c3-a77bb4e34b4b,GUDANG MERICA,cgv,,26019400,,,,2D,2026-05-27,228622e6-9b92-4df5-b9fd-5328003f5148,2026-05-27T16:19:48.119570
bac56926-7834-4756-a9c3-a77bb4e34b4b,GHOST IN THE CELL,cgv,,26011800,,,,2D,2026-05-27,46663264-c37f-4d52-9c5f-55e2dda86aee,2026-05-27T16:19:48.119611
bac56926-7834-4756-a9c3-a77bb4e34b4b,MORTAL KOMBAT II,cgv,,26018200,,,,2D,2026-05-27,00951177-dbb6-4252-ae0d-e5fa3782a459,2026-05-27T16:19:48.119647
bac56926-7834-4756-a9c3-a77bb4e34b4b,HOKUM,cgv,,26024600,,,,2D,2026-05-27,bbefa120-fe62-46c9-9877-2f5d534c9d54,2026-05-27T16:19:48.119679
bac56926-7834-4756-a9c3-a77bb4e34b4b,TIBA TIBA SETAN,cgv,,26007500,,,,2D,2026-05-27,813834de-5984-419a-a146-5a860b97dcdd,2026-05-27T16:19:48.119710
bac56926-7834-4756-a9c3-a77bb4e34b4b,DILAN ITB 1997,cgv,,26016100,,,,2D,2026-05-27,2c051c55-ff9e-41c7-849b-c68a01b20eca,2026-05-27T16:19:48.119741
bac56926-7834-4756-a9c3-a77bb4e34b4b,YANG LAIN BOLEH HILANG ASAL KAU JANGAN,cgv,,26018300,,,,2D,2026-05-27,1465ddb4-0c60-465d-9d58-3a34daf84ae6,2026-05-27T16:19:48.119773
bac56926-7834-4756-a9c3-a77bb4e34b4b,SALMOKJI WHISPERING WATER,cgv,,26019100,,,,2D,2026-05-27,6c496cd3-abc7-45bf-a025-18869138eb33,2026-05-27T16:19:48.119831
bac56926-7834-4756-a9c3-a77bb4e34b4b,THE KINGS WARDEN,cgv,,26015000,,,,2D,2026-05-27,9200ad0d-a6f1-442b-8b1e-442cec37e05e,2026-05-27T16:19:48.119864
bac56926-7834-4756-a9c3-a77bb4e34b4b,GOHAN,cgv,,26022500,,,,2D,2026-05-27,aa8add30-3a0e-4608-9998-ca4c4544bd5f,2026-05-27T16:19:48.119894
bac56926-7834-4756-a9c3-a77bb4e34b4b,THE SHEEP DETECTIVES,cgv,,26019500,,,,2D,2026-05-27,ccb7190c-5141-4418-ac8f-f82fe8ce830f,2026-05-27T16:19:48.119926
bac56926-7834-4756-a9c3-a77bb4e34b4b,AYAH INI ARAHNYA KEMANA YA,cgv,,26011000,,,,2D,2026-05-27,222c01ad-f608-4af1-9bdf-e3daa4aa5583,2026-05-27T16:19:48.119956
bac56926-7834-4756-a9c3-a77bb4e34b4b,STAR WARS THE MANDALORIAN AND GROGU 3D,cgv,,26025200,,,,2D,2026-05-27,a92a9b1b-3190-4105-b739-ac1430972c75,2026-05-27T16:19:48.119985
bac56926-7834-4756-a9c3-a77bb4e34b4b,THE DEVIL WEARS PRADA 2,cgv,,26019800,,,,2D,2026-05-27,99b974a9-353f-4f26-85e7-cc967ae2cff3,2026-05-27T16:19:48.120015
bac56926-7834-4756-a9c3-a77bb4e34b4b,NA WILLA,cgv,,26003200,,,,2D,2026-05-27,8e3208c7-40b5-47a2-b64c-c11903c54a28,2026-05-27T16:19:48.120044
bac56926-7834-4756-a9c3-a77bb4e34b4b,KELUARGA SUAMI ADALAH HAMA,cgv,,26017700,,,,2D,2026-05-27,7ffdf70b-083a-462c-9bf1-085cfdbabd5c,2026-05-27T16:19:48.120073
e834ef2a-d438-45c1-9b48-f528668c5490,SEKAWAN LIMO 2 GUNUNG KLAWIH,cgv,,26023300,,,,2D,2026-05-27,c91a0102-3e1c-4e7c-8fce-0b97b5dc61fa,2026-05-27T16:19:48.613199
e834ef2a-d438-45c1-9b48-f528668c5490,CHILDREN OF HEAVEN,cgv,,26012100,,,,2D,2026-05-27,b45fbbf4-b9bb-4a53-a90e-4f075b089f94,2026-05-27T16:19:48.613232
e834ef2a-d438-45c1-9b48-f528668c5490,BADUT GENDONG,cgv,,26016800,,,,2D,2026-05-27,8cccb65f-d9d9-451f-b8e7-a2aebbf288ca,2026-05-27T16:19:48.613257
e834ef2a-d438-45c1-9b48-f528668c5490,TUMBAL PROYEK,cgv,,26014300,,,,2D,2026-05-27,7ced34c3-d788-4014-9a31-7a5c171bc4bf,2026-05-27T16:19:48.613280
e834ef2a-d438-45c1-9b48-f528668c5490,STAR WARS THE MANDALORIAN AND GROGU,cgv,,26021200,,,,2D,2026-05-27,412cdb11-fe79-44f9-b1b5-d4fce113ff41,2026-05-27T16:19:48.613304
e834ef2a-d438-45c1-9b48-f528668c5490,SUAMIKU LUKAKU,cgv,,26025400,,,,2D,2026-05-27,be61fd17-62c5-40be-9254-c915124cbcdc,2026-05-27T16:19:48.613326
e834ef2a-d438-45c1-9b48-f528668c5490,SEMUA AKAN BAIK BAIK SAJA,cgv,,26018100,,,,2D,2026-05-27,885e4fd6-ceed-4627-9e6a-3d0664a1b738,2026-05-27T16:19:48.613348
e834ef2a-d438-45c1-9b48-f528668c5490,PASSENGER,cgv,,26023100,,,,2D,2026-05-27,32071d6e-d829-4afd-b9a4-c5da9f036682,2026-05-27T16:19:48.613387
e834ef2a-d438-45c1-9b48-f528668c5490,GUDANG MERICA,cgv,,26019400,,,,2D,2026-05-27,0fe08ac2-ef0b-453b-a4c1-0e1f0f2a5b8f,2026-05-27T16:19:48.613414
e834ef2a-d438-45c1-9b48-f528668c5490,GHOST IN THE CELL,cgv,,26011800,,,,2D,2026-05-27,166ae49a-f5ad-4455-bab0-0e0fb56460bc,2026-05-27T16:19:48.613436
e834ef2a-d438-45c1-9b48-f528668c5490,MORTAL KOMBAT II,cgv,,26018200,,,,2D,2026-05-27,78f667a8-1f3a-4ca7-9776-1f51ace75998,2026-05-27T16:19:48.613458
e834ef2a-d438-45c1-9b48-f528668c5490,HOKUM,cgv,,26024600,,,,2D,2026-05-27,ce90656c-65cc-4903-b9b2-270de29d22e7,2026-05-27T16:19:48.613478
e834ef2a-d438-45c1-9b48-f528668c5490,TIBA TIBA SETAN,cgv,,26007500,,,,2D,2026-05-27,dc7ff173-6be6-40fe-8272-d2d82ea0a671,2026-05-27T16:19:48.613499
e834ef2a-d438-45c1-9b48-f528668c5490,DILAN ITB 1997,cgv,,26016100,,,,2D,2026-05-27,778cf09a-87d1-4bb5-bd10-65fdda2e1fcc,2026-05-27T16:19:48.613520
e834ef2a-d438-45c1-9b48-f528668c5490,YANG LAIN BOLEH HILANG ASAL KAU JANGAN,cgv,,26018300,,,,2D,2026-05-27,8dcf1361-0e35-41cb-bb4d-7f11c979364d,2026-05-27T16:19:48.613541
e834ef2a-d438-45c1-9b48-f528668c5490,SALMOKJI WHISPERING WATER,cgv,,26019100,,,,2D,2026-05-27,12e72fde-f89c-4161-be87-3e97ba328215,2026-05-27T16:19:48.613561
e834ef2a-d438-45c1-9b48-f528668c5490,THE KINGS WARDEN,cgv,,26015000,,,,2D,2026-05-27,caec9c23-520e-42c6-bd04-7c0345a6943b,2026-05-27T16:19:48.613582
e834ef2a-d438-45c1-9b48-f528668c5490,GOHAN,cgv,,26022500,,,,2D,2026-05-27,b6656391-13e0-4636-a6e3-424d3e16b0f8,2026-05-27T16:19:48.613602
e834ef2a-d438-45c1-9b48-f528668c5490,THE SHEEP DETECTIVES,cgv,,26019500,,,,2D,2026-05-27,7fe05275-b167-466a-b741-ba39f8e5e339,2026-05-27T16:19:48.613623
e834ef2a-d438-45c1-9b48-f528668c5490,AYAH INI ARAHNYA KEMANA YA,cgv,,26011000,,,,2D,2026-05-27,fcd7ecd6-be7f-46de-9982-290aefe73dee,2026-05-27T16:19:48.613644
e834ef2a-d438-45c1-9b48-f528668c5490,STAR WARS THE MANDALORIAN AND GROGU 3D,cgv,,26025200,,,,2D,2026-05-27,ccd849f1-9ddb-4c8b-b48b-de86091a6b35,2026-05-27T16:19:48.613664
e834ef2a-d438-45c1-9b48-f528668c5490,THE DEVIL WEARS PRADA 2,cgv,,26019800,,,,2D,2026-05-27,53a6b976-5a2e-4236-aa79-7c4888022eed,2026-05-27T16:19:48.613684
e834ef2a-d438-45c1-9b48-f528668c5490,NA WILLA,cgv,,26003200,,,,2D,2026-05-27,7034bfd9-a4ef-4904-9e03-8eefe526dc65,2026-05-27T16:19:48.613704
e834ef2a-d438-45c1-9b48-f528668c5490,KELUARGA SUAMI ADALAH HAMA,cgv,,26017700,,,,2D,2026-05-27,3b612619-4cce-49d1-85d2-982f0baeabe9,2026-05-27T16:19:48.613723
2c12301e-5633-43d8-849d-3489c1d07ecf,SEKAWAN LIMO 2 GUNUNG KLAWIH,cgv,,26023300,,,,2D,2026-05-27,188dc43c-d04f-411f-946f-b7694d5e72ca,2026-05-27T16:19:48.142820
2c12301e-5633-43d8-849d-3489c1d07ecf,CHILDREN OF HEAVEN,cgv,,26012100,,,,2D,2026-05-27,040f3e84-03b0-40c5-95bf-883e05bedec1,2026-05-27T16:19:48.142862
2c12301e-5633-43d8-849d-3489c1d07ecf,BADUT GENDONG,cgv,,26016800,,,,2D,2026-05-27,88917070-9725-427e-b2fe-540bdde01415,2026-05-27T16:19:48.142892
2c12301e-5633-43d8-849d-3489c1d07ecf,TUMBAL PROYEK,cgv,,26014300,,,,2D,2026-05-27,d2b102de-7bee-4842-89f2-15054ae0ba4e,2026-05-27T16:19:48.142919
2c12301e-5633-43d8-849d-3489c1d07ecf,STAR WARS THE MANDALORIAN AND GROGU,cgv,,26021200,,,,2D,2026-05-27,977d210e-1cda-406a-b063-9c86e5f758d8,2026-05-27T16:19:48.142948
2c12301e-5633-43d8-849d-3489c1d07ecf,SUAMIKU LUKAKU,cgv,,26025400,,,,2D,2026-05-27,4c564cb7-1f6d-4622-866a-098eb6e4404a,2026-05-27T16:19:48.142974
2c12301e-5633-43d8-849d-3489c1d07ecf,SEMUA AKAN BAIK BAIK SAJA,cgv,,26018100,,,,2D,2026-05-27,4fa57214-3e82-44b9-af5f-65d9cb6c1145,2026-05-27T16:19:48.142999
2c12301e-5633-43d8-849d-3489c1d07ecf,PASSENGER,cgv,,26023100,,,,2D,2026-05-27,47b762bb-c884-4e84-9217-f8529c2768f8,2026-05-27T16:19:48.143025
2c12301e-5633-43d8-849d-3489c1d07ecf,GUDANG MERICA,cgv,,26019400,,,,2D,2026-05-27,f076c74a-ceae-4d9e-b7ea-3b07ff7eb64a,2026-05-27T16:19:48.143049
2c12301e-5633-43d8-849d-3489c1d07ecf,GHOST IN THE CELL,cgv,,26011800,,,,2D,2026-05-27,55973047-fb85-4f1c-8f02-cbe02ccb0d4e,2026-05-27T16:19:48.143073
2c12301e-5633-43d8-849d-3489c1d07ecf,MORTAL KOMBAT II,cgv,,26018200,,,,2D,2026-05-27,a349d5ff-fd0f-4876-963c-7b7ab98788b0,2026-05-27T16:19:48.143098
2c12301e-5633-43d8-849d-3489c1d07ecf,HOKUM,cgv,,26024600,,,,2D,2026-05-27,c1534dc0-411a-4319-bf8e-adba76405804,2026-05-27T16:19:48.143122
2c12301e-5633-43d8-849d-3489c1d07ecf,TIBA TIBA SETAN,cgv,,26007500,,,,2D,2026-05-27,da4b9c2d-3725-485a-bdc2-d3408761a2e3,2026-05-27T16:19:48.143147
2c12301e-5633-43d8-849d-3489c1d07ecf,DILAN ITB 1997,cgv,,26016100,,,,2D,2026-05-27,d408282e-8c4f-471f-90fc-7b9d1b3eb50d,2026-05-27T16:19:48.143172
2c12301e-5633-43d8-849d-3489c1d07ecf,YANG LAIN BOLEH HILANG ASAL KAU JANGAN,cgv,,26018300,,,,2D,2026-05-27,ebbc62e4-956e-4f5d-bc55-713635da3e02,2026-05-27T16:19:48.143196
2c12301e-5633-43d8-849d-3489c1d07ecf,SALMOKJI WHISPERING WATER,cgv,,26019100,,,,2D,2026-05-27,345c6d34-3f22-4ff4-8052-949e863dedc2,2026-05-27T16:19:48.143221
2c12301e-5633-43d8-849d-3489c1d07ecf,THE KINGS WARDEN,cgv,,26015000,,,,2D,2026-05-27,2870794b-d8c2-4874-b5b9-bdbc4bc1833c,2026-05-27T16:19:48.143245
2c12301e-5633-43d8-849d-3489c1d07ecf,GOHAN,cgv,,26022500,,,,2D,2026-05-27,d1e5bbcd-c58e-4055-80f9-85431d05122f,2026-05-27T16:19:48.143270
2c12301e-5633-43d8-849d-3489c1d07ecf,THE SHEEP DETECTIVES,cgv,,26019500,,,,2D,2026-05-27,4d82ca1e-afbe-4619-96e9-1e7f5edeee07,2026-05-27T16:19:48.143298
2c12301e-5633-43d8-849d-3489c1d07ecf,AYAH INI ARAHNYA KEMANA YA,cgv,,26011000,,,,2D,2026-05-27,5f123aba-0f97-4e16-acab-a0979bc6e2ad,2026-05-27T16:19:48.143322
2c12301e-5633-43d8-849d-3489c1d07ecf,STAR WARS THE MANDALORIAN AND GROGU 3D,cgv,,26025200,,,,2D,2026-05-27,9b5bcbf6-a3b5-4a3a-8677-4a73f2e4fd72,2026-05-27T16:19:48.143347
2c12301e-5633-43d8-849d-3489c1d07ecf,THE DEVIL WEARS PRADA 2,cgv,,26019800,,,,2D,2026-05-27,b3c8a1b0-110e-4487-8669-9f8904e96e03,2026-05-27T16:19:48.143371
2c12301e-5633-43d8-849d-3489c1d07ecf,NA WILLA,cgv,,26003200,,,,2D,2026-05-27,4fd63ef6-e16b-4e28-8b94-498be5d4ea41,2026-05-27T16:19:48.143395
2c12301e-5633-43d8-849d-3489c1d07ecf,KELUARGA SUAMI ADALAH HAMA,cgv,,26017700,,,,2D,2026-05-27,2c4f9562-8b05-4a13-8ce5-88c74f2a2123,2026-05-27T16:19:48.143419
21ba1f29-ba2f-4848-a94b-da71124f056d,SEKAWAN LIMO 2 GUNUNG KLAWIH,cgv,,26023300,,,,2D,2026-05-27,84a0d8ee-919b-41d4-abf6-b9620a9000e6,2026-05-27T16:19:50.549160
21ba1f29-ba2f-4848-a94b-da71124f056d,CHILDREN OF HEAVEN,cgv,,26012100,,,,2D,2026-05-27,8ccc9466-c4e2-410d-917b-76b3a4cbbdb9,2026-05-27T16:19:50.549208
21ba1f29-ba2f-4848-a94b-da71124f056d,BADUT GENDONG,cgv,,26016800,,,,2D,2026-05-27,7a68c6f3-5ff7-4909-88fe-292894e48b8b,2026-05-27T16:19:50.549244
21ba1f29-ba2f-4848-a94b-da71124f056d,TUMBAL PROYEK,cgv,,26014300,,,,2D,2026-05-27,70cfa255-4f98-4631-b0dd-dea1861508c4,2026-05-27T16:19:50.549277
21ba1f29-ba2f-4848-a94b-da71124f056d,STAR WARS THE MANDALORIAN AND GROGU,cgv,,26021200,,,,2D,2026-05-27,08c4d718-9d5c-4338-901e-8b7019de34c0,2026-05-27T16:19:50.549310
21ba1f29-ba2f-4848-a94b-da71124f056d,SUAMIKU LUKAKU,cgv,,26025400,,,,2D,2026-05-27,ea186ab3-5abd-4164-9f58-f87b09280c3f,2026-05-27T16:19:50.549341
21ba1f29-ba2f-4848-a94b-da71124f056d,SEMUA AKAN BAIK BAIK SAJA,cgv,,26018100,,,,2D,2026-05-27,d54d576e-6230-48ee-ae2c-8656c298b438,2026-05-27T16:19:50.549372
21ba1f29-ba2f-4848-a94b-da71124f056d,PASSENGER,cgv,,26023100,,,,2D,2026-05-27,48459564-704d-4f41-9999-f89aeaf3c036,2026-05-27T16:19:50.549402
21ba1f29-ba2f-4848-a94b-da71124f056d,GUDANG MERICA,cgv,,26019400,,,,2D,2026-05-27,46e3527a-0d83-4db0-83cd-a55c3c25cceb,2026-05-27T16:19:50.549433
21ba1f29-ba2f-4848-a94b-da71124f056d,GHOST IN THE CELL,cgv,,26011800,,,,2D,2026-05-27,81f4c3a8-a894-4835-ad8d-63b82d12a235,2026-05-27T16:19:50.549464
21ba1f29-ba2f-4848-a94b-da71124f056d,MORTAL KOMBAT II,cgv,,26018200,,,,2D,2026-05-27,1179956e-def6-4b12-9aba-4c86b7e6bb00,2026-05-27T16:19:50.549495
21ba1f29-ba2f-4848-a94b-da71124f056d,HOKUM,cgv,,26024600,,,,2D,2026-05-27,027419b5-0137-4295-a3be-8f20c97b9d65,2026-05-27T16:19:50.549525
21ba1f29-ba2f-4848-a94b-da71124f056d,TIBA TIBA SETAN,cgv,,26007500,,,,2D,2026-05-27,5885ffde-1b64-4fb6-acb7-8f2e314de74d,2026-05-27T16:19:50.549555
21ba1f29-ba2f-4848-a94b-da71124f056d,DILAN ITB 1997,cgv,,26016100,,,,2D,2026-05-27,c4d8de37-03ce-49b4-bf0a-bdc262a56de8,2026-05-27T16:19:50.549584
21ba1f29-ba2f-4848-a94b-da71124f056d,YANG LAIN BOLEH HILANG ASAL KAU JANGAN,cgv,,26018300,,,,2D,2026-05-27,8132307a-dd42-43a1-a3ba-ce7e953176d2,2026-05-27T16:19:50.549615
21ba1f29-ba2f-4848-a94b-da71124f056d,SALMOKJI WHISPERING WATER,cgv,,26019100,,,,2D,2026-05-27,0e3d7cdc-d8a2-4db9-bf87-b98ca64a516b,2026-05-27T16:19:50.549647
21ba1f29-ba2f-4848-a94b-da71124f056d,THE KINGS WARDEN,cgv,,26015000,,,,2D,2026-05-27,ff2aef0f-ed81-4506-a753-d773cd21f4e8,2026-05-27T16:19:50.549678
21ba1f29-ba2f-4848-a94b-da71124f056d,GOHAN,cgv,,26022500,,,,2D,2026-05-27,d336f78d-c2f1-4a96-af06-b854f2c5a85b,2026-05-27T16:19:50.549708
21ba1f29-ba2f-4848-a94b-da71124f056d,THE SHEEP DETECTIVES,cgv,,26019500,,,,2D,2026-05-27,3f31d13f-9dd6-4a6b-a894-580b3c3834df,2026-05-27T16:19:50.549740
21ba1f29-ba2f-4848-a94b-da71124f056d,AYAH INI ARAHNYA KEMANA YA,cgv,,26011000,,,,2D,2026-05-27,2a00516d-2959-4cb7-a916-3dfdbb4b9530,2026-05-27T16:19:50.549770
21ba1f29-ba2f-4848-a94b-da71124f056d,STAR WARS THE MANDALORIAN AND GROGU 3D,cgv,,26025200,,,,2D,2026-05-27,bed7820f-7d59-44f3-a322-a12b2edefd97,2026-05-27T16:19:50.549799
21ba1f29-ba2f-4848-a94b-da71124f056d,THE DEVIL WEARS PRADA 2,cgv,,26019800,,,,2D,2026-05-27,2c61d085-dcf6-4775-ba4b-7869c0a72b1e,2026-05-27T16:19:50.549829
21ba1f29-ba2f-4848-a94b-da71124f056d,NA WILLA,cgv,,26003200,,,,2D,2026-05-27,843496ca-51d9-423f-8db8-296d3a8dc452,2026-05-27T16:19:50.549859
21ba1f29-ba2f-4848-a94b-da71124f056d,KELUARGA SUAMI ADALAH HAMA,cgv,,26017700,,,,2D,2026-05-27,e6743786-fdca-423e-ae91-7ed80e494524,2026-05-27T16:19:50.549887
4aed2e08-a8bb-4eca-a739-a68abcab54b3,SEKAWAN LIMO 2 GUNUNG KLAWIH,cgv,,26023300,,,,2D,2026-05-27,23cc94c4-a047-4cb9-9e04-13ed58c2c8a1,2026-05-27T16:19:51.331886
4aed2e08-a8bb-4eca-a739-a68abcab54b3,CHILDREN OF HEAVEN,cgv,,26012100,,,,2D,2026-05-27,6306d15d-788b-4489-a227-23c6f64f4222,2026-05-27T16:19:51.331907
4aed2e08-a8bb-4eca-a739-a68abcab54b3,BADUT GENDONG,cgv,,26016800,,,,2D,2026-05-27,b0298047-6ad0-4a54-9b2c-af063432c1bb,2026-05-27T16:19:51.331923
4aed2e08-a8bb-4eca-a739-a68abcab54b3,TUMBAL PROYEK,cgv,,26014300,,,,2D,2026-05-27,aa9f144c-dc52-4daf-8c27-df9c0452a214,2026-05-27T16:19:51.331937
4aed2e08-a8bb-4eca-a739-a68abcab54b3,STAR WARS THE MANDALORIAN AND GROGU,cgv,,26021200,,,,2D,2026-05-27,3f954df8-bac4-4823-9c98-573d97324bd7,2026-05-27T16:19:51.331952
4aed2e08-a8bb-4eca-a739-a68abcab54b3,SUAMIKU LUKAKU,cgv,,26025400,,,,2D,2026-05-27,0256e47d-3032-4f84-b53c-41a65ba1f4cc,2026-05-27T16:19:51.331965
4aed2e08-a8bb-4eca-a739-a68abcab54b3,SEMUA AKAN BAIK BAIK SAJA,cgv,,26018100,,,,2D,2026-05-27,8cfe2ab2-e692-4bd4-bb79-b06147b308a0,2026-05-27T16:19:51.331978
4aed2e08-a8bb-4eca-a739-a68abcab54b3,PASSENGER,cgv,,26023100,,,,2D,2026-05-27,e7c21c13-6480-4bb4-8c66-c627a01e2d90,2026-05-27T16:19:51.331990
4aed2e08-a8bb-4eca-a739-a68abcab54b3,GUDANG MERICA,cgv,,26019400,,,,2D,2026-05-27,afe49f83-59b6-48e4-bdbb-82d3a98066cd,2026-05-27T16:19:51.332002
4aed2e08-a8bb-4eca-a739-a68abcab54b3,GHOST IN THE CELL,cgv,,26011800,,,,2D,2026-05-27,e70dde57-e0c0-40c7-bb88-e138ea5d27bb,2026-05-27T16:19:51.332014
4aed2e08-a8bb-4eca-a739-a68abcab54b3,MORTAL KOMBAT II,cgv,,26018200,,,,2D,2026-05-27,859b95bd-2c35-4330-a7a3-98190aa21ec7,2026-05-27T16:19:51.332031
4aed2e08-a8bb-4eca-a739-a68abcab54b3,HOKUM,cgv,,26024600,,,,2D,2026-05-27,9a26b421-685f-4c4b-b96d-5c2ae496a891,2026-05-27T16:19:51.332044
4aed2e08-a8bb-4eca-a739-a68abcab54b3,TIBA TIBA SETAN,cgv,,26007500,,,,2D,2026-05-27,c29b74ea-7279-4a05-ae96-4bc8037f7b93,2026-05-27T16:19:51.332056
4aed2e08-a8bb-4eca-a739-a68abcab54b3,DILAN ITB 1997,cgv,,26016100,,,,2D,2026-05-27,d1b974c3-2434-40c7-a254-d6cd703fe127,2026-05-27T16:19:51.332068
4aed2e08-a8bb-4eca-a739-a68abcab54b3,YANG LAIN BOLEH HILANG ASAL KAU JANGAN,cgv,,26018300,,,,2D,2026-05-27,2d016695-8096-4401-81bb-579de7ade514,2026-05-27T16:19:51.332080
4aed2e08-a8bb-4eca-a739-a68abcab54b3,SALMOKJI WHISPERING WATER,cgv,,26019100,,,,2D,2026-05-27,c0e12c60-8d3f-4498-b890-236942f1ab65,2026-05-27T16:19:51.332093
4aed2e08-a8bb-4eca-a739-a68abcab54b3,THE KINGS WARDEN,cgv,,26015000,,,,2D,2026-05-27,29806d6a-0563-4e50-a773-a8d6bda88672,2026-05-27T16:19:51.332105
4aed2e08-a8bb-4eca-a739-a68abcab54b3,GOHAN,cgv,,26022500,,,,2D,2026-05-27,64039487-83e6-4de4-bd00-96d6da9b3e0c,2026-05-27T16:19:51.332117
4aed2e08-a8bb-4eca-a739-a68abcab54b3,THE SHEEP DETECTIVES,cgv,,26019500,,,,2D,2026-05-27,0f1e8854-2812-4fd0-b11c-9539cf5ddf1f,2026-05-27T16:19:51.332131
4aed2e08-a8bb-4eca-a739-a68abcab54b3,AYAH INI ARAHNYA KEMANA YA,cgv,,26011000,,,,2D,2026-05-27,83a7e9b4-7d86-4ab3-b801-2749e8dc353a,2026-05-27T16:19:51.332143
4aed2e08-a8bb-4eca-a739-a68abcab54b3,STAR WARS THE MANDALORIAN AND GROGU 3D,cgv,,26025200,,,,2D,2026-05-27,a5c7879b-e395-4234-a732-87e3fee10b76,2026-05-27T16:19:51.332154
4aed2e08-a8bb-4eca-a739-a68abcab54b3,THE DEVIL WEARS PRADA 2,cgv,,26019800,,,,2D,2026-05-27,fad7a5ff-953e-4a58-a5f2-fe5749d86296,2026-05-27T16:19:51.332166
4aed2e08-a8bb-4eca-a739-a68abcab54b3,NA WILLA,cgv,,26003200,,,,2D,2026-05-27,3573de1f-6899-414a-83a2-4f47d3494dd3,2026-05-27T16:19:51.332177
4aed2e08-a8bb-4eca-a739-a68abcab54b3,KELUARGA SUAMI ADALAH HAMA,cgv,,26017700,,,,2D,2026-05-27,5fb66f63-3528-4c7b-8da5-7f333fa84c78,2026-05-27T16:19:51.332189
2b9673a2-a7ae-457d-bb2c-3cfb0b4a7cc4,SEKAWAN LIMO 2 GUNUNG KLAWIH,cgv,,26023300,,,,2D,2026-05-27,4eb985a6-f5f8-4e8b-8b80-c4a691634900,2026-05-27T16:19:51.541373
2b9673a2-a7ae-457d-bb2c-3cfb0b4a7cc4,CHILDREN OF HEAVEN,cgv,,26012100,,,,2D,2026-05-27,abeb2979-e46d-475f-a77b-7346062529b4,2026-05-27T16:19:51.541398
2b9673a2-a7ae-457d-bb2c-3cfb0b4a7cc4,BADUT GENDONG,cgv,,26016800,,,,2D,2026-05-27,00f8c069-91cd-4224-a0b8-ee193bc39c6c,2026-05-27T16:19:51.541416
2b9673a2-a7ae-457d-bb2c-3cfb0b4a7cc4,TUMBAL PROYEK,cgv,,26014300,,,,2D,2026-05-27,fdefc817-f6fc-48ce-a5af-908961260227,2026-05-27T16:19:51.541432
2b9673a2-a7ae-457d-bb2c-3cfb0b4a7cc4,STAR WARS THE MANDALORIAN AND GROGU,cgv,,26021200,,,,2D,2026-05-27,95c77ef5-02da-4912-b18e-369c55fc7b83,2026-05-27T16:19:51.541448
2b9673a2-a7ae-457d-bb2c-3cfb0b4a7cc4,SUAMIKU LUKAKU,cgv,,26025400,,,,2D,2026-05-27,3afc3a86-e5d8-493f-bd73-ab9f1ee63235,2026-05-27T16:19:51.541463
2b9673a2-a7ae-457d-bb2c-3cfb0b4a7cc4,SEMUA AKAN BAIK BAIK SAJA,cgv,,26018100,,,,2D,2026-05-27,334998df-9f02-451c-a4ab-bf694db99e80,2026-05-27T16:19:51.541477
2b9673a2-a7ae-457d-bb2c-3cfb0b4a7cc4,PASSENGER,cgv,,26023100,,,,2D,2026-05-27,68eab800-9535-4332-abbc-7ba1bc2434e5,2026-05-27T16:19:51.541492
2b9673a2-a7ae-457d-bb2c-3cfb0b4a7cc4,GUDANG MERICA,cgv,,26019400,,,,2D,2026-05-27,99545251-8360-4919-b91e-c260ad6334be,2026-05-27T16:19:51.541507
2b9673a2-a7ae-457d-bb2c-3cfb0b4a7cc4,GHOST IN THE CELL,cgv,,26011800,,,,2D,2026-05-27,14ec997a-b9b0-4f2f-8d88-d44233819491,2026-05-27T16:19:51.541522
2b9673a2-a7ae-457d-bb2c-3cfb0b4a7cc4,MORTAL KOMBAT II,cgv,,26018200,,,,2D,2026-05-27,008de645-a81b-4198-af21-923c6553ec15,2026-05-27T16:19:51.541537
2b9673a2-a7ae-457d-bb2c-3cfb0b4a7cc4,HOKUM,cgv,,26024600,,,,2D,2026-05-27,4f077d17-4aa3-44ff-b602-3414a040c6d8,2026-05-27T16:19:51.541552
2b9673a2-a7ae-457d-bb2c-3cfb0b4a7cc4,TIBA TIBA SETAN,cgv,,26007500,,,,2D,2026-05-27,1e06da40-92af-48cd-8982-e6429fbe6f68,2026-05-27T16:19:51.541567
2b9673a2-a7ae-457d-bb2c-3cfb0b4a7cc4,DILAN ITB 1997,cgv,,26016100,,,,2D,2026-05-27,7f9d0f91-427c-4f0b-a47b-d3e9588f4e42,2026-05-27T16:19:51.541581
2b9673a2-a7ae-457d-bb2c-3cfb0b4a7cc4,YANG LAIN BOLEH HILANG ASAL KAU JANGAN,cgv,,26018300,,,,2D,2026-05-27,3d477bec-2538-407c-9a46-7008acf3b39a,2026-05-27T16:19:51.541595
2b9673a2-a7ae-457d-bb2c-3cfb0b4a7cc4,SALMOKJI WHISPERING WATER,cgv,,26019100,,,,2D,2026-05-27,9cea5403-0213-4b32-bc7e-54e0ba384ca7,2026-05-27T16:19:51.541609
2b9673a2-a7ae-457d-bb2c-3cfb0b4a7cc4,THE KINGS WARDEN,cgv,,26015000,,,,2D,2026-05-27,dddad96d-0a9e-4cc0-915b-178149350983,2026-05-27T16:19:51.541623
2b9673a2-a7ae-457d-bb2c-3cfb0b4a7cc4,GOHAN,cgv,,26022500,,,,2D,2026-05-27,d4a18148-cec1-4257-b13c-f87e50e8ee12,2026-05-27T16:19:51.541637
2b9673a2-a7ae-457d-bb2c-3cfb0b4a7cc4,THE SHEEP DETECTIVES,cgv,,26019500,,,,2D,2026-05-27,cef08826-c62b-45fd-a4ee-c30c8b4a6404,2026-05-27T16:19:51.541652
2b9673a2-a7ae-457d-bb2c-3cfb0b4a7cc4,AYAH INI ARAHNYA KEMANA YA,cgv,,26011000,,,,2D,2026-05-27,8c07d90d-d1b2-4225-9d45-e8e0489fa43e,2026-05-27T16:19:51.541666
2b9673a2-a7ae-457d-bb2c-3cfb0b4a7cc4,STAR WARS THE MANDALORIAN AND GROGU 3D,cgv,,26025200,,,,2D,2026-05-27,e421c299-54b4-4d4d-807e-73db05b56b7c,2026-05-27T16:19:51.541679
2b9673a2-a7ae-457d-bb2c-3cfb0b4a7cc4,THE DEVIL WEARS PRADA 2,cgv,,26019800,,,,2D,2026-05-27,eee7a57a-dfaf-4485-ba33-a0ed8406b008,2026-05-27T16:19:51.541693
2b9673a2-a7ae-457d-bb2c-3cfb0b4a7cc4,NA WILLA,cgv,,26003200,,,,2D,2026-05-27,38c7a784-5f30-4162-8bbd-d978e7d73ae5,2026-05-27T16:19:51.541707
2b9673a2-a7ae-457d-bb2c-3cfb0b4a7cc4,KELUARGA SUAMI ADALAH HAMA,cgv,,26017700,,,,2D,2026-05-27,b4afaeb4-694c-47bb-af81-ad14ac82e5ad,2026-05-27T16:19:51.541721
3eac1311-cb00-460d-aa32-05c6789259e4,SEKAWAN LIMO 2 GUNUNG KLAWIH,cgv,,26023300,,,,2D,2026-05-27,4d0fb13a-eec1-446c-92bc-e2aac9545485,2026-05-27T16:19:51.573127
3eac1311-cb00-460d-aa32-05c6789259e4,CHILDREN OF HEAVEN,cgv,,26012100,,,,2D,2026-05-27,71ad6519-877c-4f88-9bb1-6a9cf7cca789,2026-05-27T16:19:51.573150
3eac1311-cb00-460d-aa32-05c6789259e4,BADUT GENDONG,cgv,,26016800,,,,2D,2026-05-27,d571bfb2-a9ef-4567-9904-7e535065bf5c,2026-05-27T16:19:51.573167
3eac1311-cb00-460d-aa32-05c6789259e4,TUMBAL PROYEK,cgv,,26014300,,,,2D,2026-05-27,73eacdb7-9a45-4d4e-b666-77f9137f7756,2026-05-27T16:19:51.573183
3eac1311-cb00-460d-aa32-05c6789259e4,STAR WARS THE MANDALORIAN AND GROGU,cgv,,26021200,,,,2D,2026-05-27,3605ad02-6a9f-4a0d-b8c7-b753e857be57,2026-05-27T16:19:51.573199
3eac1311-cb00-460d-aa32-05c6789259e4,SUAMIKU LUKAKU,cgv,,26025400,,,,2D,2026-05-27,07b365dd-ab68-4f3f-b885-6cadf75df75a,2026-05-27T16:19:51.573215
3eac1311-cb00-460d-aa32-05c6789259e4,SEMUA AKAN BAIK BAIK SAJA,cgv,,26018100,,,,2D,2026-05-27,94fabcd1-9850-4e5c-b4d9-3ab48905961d,2026-05-27T16:19:51.573230
3eac1311-cb00-460d-aa32-05c6789259e4,PASSENGER,cgv,,26023100,,,,2D,2026-05-27,1fc44088-f592-475d-994a-c5278c72af1d,2026-05-27T16:19:51.573245
3eac1311-cb00-460d-aa32-05c6789259e4,GUDANG MERICA,cgv,,26019400,,,,2D,2026-05-27,f06c2b61-79cc-4eb7-ba86-5a6c63b5a62e,2026-05-27T16:19:51.573260
3eac1311-cb00-460d-aa32-05c6789259e4,GHOST IN THE CELL,cgv,,26011800,,,,2D,2026-05-27,c5456a82-e187-44b8-8562-10f305bfd702,2026-05-27T16:19:51.573274
3eac1311-cb00-460d-aa32-05c6789259e4,MORTAL KOMBAT II,cgv,,26018200,,,,2D,2026-05-27,ecf6c983-6987-4e59-b22a-0dd95ea29656,2026-05-27T16:19:51.573288
3eac1311-cb00-460d-aa32-05c6789259e4,HOKUM,cgv,,26024600,,,,2D,2026-05-27,33dfa0c8-76a2-4129-800e-37a0e8e29f25,2026-05-27T16:19:51.573303
3eac1311-cb00-460d-aa32-05c6789259e4,TIBA TIBA SETAN,cgv,,26007500,,,,2D,2026-05-27,57aad421-2af8-478a-bbd6-9378e8d212e0,2026-05-27T16:19:51.573317
3eac1311-cb00-460d-aa32-05c6789259e4,DILAN ITB 1997,cgv,,26016100,,,,2D,2026-05-27,4deb7a61-a4fa-477c-96e4-771e60f2268a,2026-05-27T16:19:51.573331
3eac1311-cb00-460d-aa32-05c6789259e4,YANG LAIN BOLEH HILANG ASAL KAU JANGAN,cgv,,26018300,,,,2D,2026-05-27,ccd8e252-4c68-4e05-be08-f5b68a2624fa,2026-05-27T16:19:51.573346
3eac1311-cb00-460d-aa32-05c6789259e4,SALMOKJI WHISPERING WATER,cgv,,26019100,,,,2D,2026-05-27,bc0c8b1c-cf1c-481a-81f4-785a65619c57,2026-05-27T16:19:51.573360
3eac1311-cb00-460d-aa32-05c6789259e4,THE KINGS WARDEN,cgv,,26015000,,,,2D,2026-05-27,64656690-b1fc-4405-805a-e62d453e89be,2026-05-27T16:19:51.573374
3eac1311-cb00-460d-aa32-05c6789259e4,GOHAN,cgv,,26022500,,,,2D,2026-05-27,b0d71971-905a-4c02-bded-de17e24f5223,2026-05-27T16:19:51.573388
3eac1311-cb00-460d-aa32-05c6789259e4,THE SHEEP DETECTIVES,cgv,,26019500,,,,2D,2026-05-27,3f6841e6-625c-475f-9b83-40f4a36d049e,2026-05-27T16:19:51.573403
3eac1311-cb00-460d-aa32-05c6789259e4,AYAH INI ARAHNYA KEMANA YA,cgv,,26011000,,,,2D,2026-05-27,559d2ebc-5ebf-43c1-a634-5cb64f763dfa,2026-05-27T16:19:51.573417
3eac1311-cb00-460d-aa32-05c6789259e4,STAR WARS THE MANDALORIAN AND GROGU 3D,cgv,,26025200,,,,2D,2026-05-27,e0ef7527-afe6-4a7f-b132-7e0d472112a3,2026-05-27T16:19:51.573430
3eac1311-cb00-460d-aa32-05c6789259e4,THE DEVIL WEARS PRADA 2,cgv,,26019800,,,,2D,2026-05-27,251c012a-07fe-40c0-b2b6-05d2523cd3b1,2026-05-27T16:19:51.573444
3eac1311-cb00-460d-aa32-05c6789259e4,NA WILLA,cgv,,26003200,,,,2D,2026-05-27,3601e82d-6dd8-4529-9900-7bbe9dfcade9,2026-05-27T16:19:51.573458
3eac1311-cb00-460d-aa32-05c6789259e4,KELUARGA SUAMI ADALAH HAMA,cgv,,26017700,,,,2D,2026-05-27,deed7c74-2371-4e72-aadd-92afa2766a78,2026-05-27T16:19:51.573472
a097845d-4409-4759-8660-40cffb20cb79,SEKAWAN LIMO 2 GUNUNG KLAWIH,cgv,,26023300,,,,2D,2026-05-27,fe98f27d-8392-4676-86b1-b306d9f7ae79,2026-05-27T16:19:51.936601
a097845d-4409-4759-8660-40cffb20cb79,CHILDREN OF HEAVEN,cgv,,26012100,,,,2D,2026-05-27,9e78851d-48f3-45ef-b914-bd9f9e0c4b71,2026-05-27T16:19:51.936642
a097845d-4409-4759-8660-40cffb20cb79,BADUT GENDONG,cgv,,26016800,,,,2D,2026-05-27,0f7608cd-c8e9-4d9f-b155-4ce08b43f938,2026-05-27T16:19:51.936674
a097845d-4409-4759-8660-40cffb20cb79,TUMBAL PROYEK,cgv,,26014300,,,,2D,2026-05-27,5cb5069b-f452-49b9-9046-e8203966f629,2026-05-27T16:19:51.936702
a097845d-4409-4759-8660-40cffb20cb79,STAR WARS THE MANDALORIAN AND GROGU,cgv,,26021200,,,,2D,2026-05-27,5a75cb63-6175-426e-889e-024e8a70265b,2026-05-27T16:19:51.936730
a097845d-4409-4759-8660-40cffb20cb79,SUAMIKU LUKAKU,cgv,,26025400,,,,2D,2026-05-27,9096058d-e0cc-4ae9-8df8-d875f8a5468d,2026-05-27T16:19:51.936756
a097845d-4409-4759-8660-40cffb20cb79,SEMUA AKAN BAIK BAIK SAJA,cgv,,26018100,,,,2D,2026-05-27,df6dbe51-1b4d-4f64-b30c-4779bbc04b5e,2026-05-27T16:19:51.936782
a097845d-4409-4759-8660-40cffb20cb79,PASSENGER,cgv,,26023100,,,,2D,2026-05-27,31035aae-f3ab-46a7-a08b-fc80b52800b6,2026-05-27T16:19:51.936807
a097845d-4409-4759-8660-40cffb20cb79,GUDANG MERICA,cgv,,26019400,,,,2D,2026-05-27,b2d467a2-2a5e-4555-b0d1-fa0b9eefd108,2026-05-27T16:19:51.936832
a097845d-4409-4759-8660-40cffb20cb79,GHOST IN THE CELL,cgv,,26011800,,,,2D,2026-05-27,c6cde4c5-42bf-4979-92bd-c20840e712f3,2026-05-27T16:19:51.936858
a097845d-4409-4759-8660-40cffb20cb79,MORTAL KOMBAT II,cgv,,26018200,,,,2D,2026-05-27,ff8edff6-726b-49b0-a65e-4d8e765b769d,2026-05-27T16:19:51.936884
a097845d-4409-4759-8660-40cffb20cb79,HOKUM,cgv,,26024600,,,,2D,2026-05-27,518c8b38-552d-452a-a719-a8ffdb878f0f,2026-05-27T16:19:51.936909
a097845d-4409-4759-8660-40cffb20cb79,TIBA TIBA SETAN,cgv,,26007500,,,,2D,2026-05-27,c9200ecb-a136-4f39-9c77-e5d33c70950f,2026-05-27T16:19:51.936935
a097845d-4409-4759-8660-40cffb20cb79,DILAN ITB 1997,cgv,,26016100,,,,2D,2026-05-27,bf2b1483-61ac-4138-81b5-4bca0a8950d5,2026-05-27T16:19:51.936960
a097845d-4409-4759-8660-40cffb20cb79,YANG LAIN BOLEH HILANG ASAL KAU JANGAN,cgv,,26018300,,,,2D,2026-05-27,1ace1410-8d95-4b33-bc31-54f83be19be9,2026-05-27T16:19:51.936985
a097845d-4409-4759-8660-40cffb20cb79,SALMOKJI WHISPERING WATER,cgv,,26019100,,,,2D,2026-05-27,365b5bc4-96d6-45ee-85c6-344ddb96900c,2026-05-27T16:19:51.937011
a097845d-4409-4759-8660-40cffb20cb79,THE KINGS WARDEN,cgv,,26015000,,,,2D,2026-05-27,ccd2a82f-e742-4b87-8aad-33d37d5b0c8b,2026-05-27T16:19:51.937035
a097845d-4409-4759-8660-40cffb20cb79,GOHAN,cgv,,26022500,,,,2D,2026-05-27,da7b6814-26f5-4b7c-ad05-939820e77e4b,2026-05-27T16:19:51.937060
a097845d-4409-4759-8660-40cffb20cb79,THE SHEEP DETECTIVES,cgv,,26019500,,,,2D,2026-05-27,ed29dbc3-72a6-462d-84ea-1d48bdb2f383,2026-05-27T16:19:51.937087
a097845d-4409-4759-8660-40cffb20cb79,AYAH INI ARAHNYA KEMANA YA,cgv,,26011000,,,,2D,2026-05-27,bf0a155d-c843-41f1-8b5a-7f5d219dedc2,2026-05-27T16:19:51.937111
a097845d-4409-4759-8660-40cffb20cb79,STAR WARS THE MANDALORIAN AND GROGU 3D,cgv,,26025200,,,,2D,2026-05-27,aeef1cce-1882-403b-b58b-0482e32c6def,2026-05-27T16:19:51.937136
a097845d-4409-4759-8660-40cffb20cb79,THE DEVIL WEARS PRADA 2,cgv,,26019800,,,,2D,2026-05-27,de918e2f-a5bb-4f34-ba74-383acbf94beb,2026-05-27T16:19:51.937160
a097845d-4409-4759-8660-40cffb20cb79,NA WILLA,cgv,,26003200,,,,2D,2026-05-27,741c1ce6-fd39-49dc-a114-368687b8a437,2026-05-27T16:19:51.937185
a097845d-4409-4759-8660-40cffb20cb79,KELUARGA SUAMI ADALAH HAMA,cgv,,26017700,,,,2D,2026-05-27,75ee3b61-e094-4eb2-83ec-63a151bae398,2026-05-27T16:19:51.937209
10786735-4c2d-450e-bde6-4a15a4ada40e,SEKAWAN LIMO 2 GUNUNG KLAWIH,cgv,,26023300,,,,2D,2026-05-27,2cd26a65-35a7-4a3b-8024-797ab0d1447c,2026-05-27T16:19:53.964650
10786735-4c2d-450e-bde6-4a15a4ada40e,CHILDREN OF HEAVEN,cgv,,26012100,,,,2D,2026-05-27,1f6f213f-b103-4dfd-9b40-b37b8550156f,2026-05-27T16:19:53.964672
10786735-4c2d-450e-bde6-4a15a4ada40e,BADUT GENDONG,cgv,,26016800,,,,2D,2026-05-27,dfccb301-fd8a-499e-9462-541c9098e718,2026-05-27T16:19:53.964688
10786735-4c2d-450e-bde6-4a15a4ada40e,TUMBAL PROYEK,cgv,,26014300,,,,2D,2026-05-27,d398bfef-c188-4f2a-945c-0eafa6ba8591,2026-05-27T16:19:53.964702
10786735-4c2d-450e-bde6-4a15a4ada40e,STAR WARS THE MANDALORIAN AND GROGU,cgv,,26021200,,,,2D,2026-05-27,1dacbe05-9e72-4511-b916-1d6e20962ac9,2026-05-27T16:19:53.964717
10786735-4c2d-450e-bde6-4a15a4ada40e,SUAMIKU LUKAKU,cgv,,26025400,,,,2D,2026-05-27,b82d0449-b0a9-476a-a835-7ad487bfda03,2026-05-27T16:19:53.964731
10786735-4c2d-450e-bde6-4a15a4ada40e,SEMUA AKAN BAIK BAIK SAJA,cgv,,26018100,,,,2D,2026-05-27,f511efc3-6598-474a-a746-2591e8119413,2026-05-27T16:19:53.964744
10786735-4c2d-450e-bde6-4a15a4ada40e,PASSENGER,cgv,,26023100,,,,2D,2026-05-27,21ecc78a-c9b3-49d3-9aef-bc65a59f5075,2026-05-27T16:19:53.964757
10786735-4c2d-450e-bde6-4a15a4ada40e,GUDANG MERICA,cgv,,26019400,,,,2D,2026-05-27,75c1e62f-4802-49de-8b3c-f731e216854b,2026-05-27T16:19:53.964770
10786735-4c2d-450e-bde6-4a15a4ada40e,GHOST IN THE CELL,cgv,,26011800,,,,2D,2026-05-27,34b0d840-b406-4076-b4ee-0744a73c2e1f,2026-05-27T16:19:53.964784
10786735-4c2d-450e-bde6-4a15a4ada40e,MORTAL KOMBAT II,cgv,,26018200,,,,2D,2026-05-27,e454062a-ca6f-4925-b61d-c3b1bbb238d5,2026-05-27T16:19:53.964797
10786735-4c2d-450e-bde6-4a15a4ada40e,HOKUM,cgv,,26024600,,,,2D,2026-05-27,b6060789-2809-47ca-a3b6-1f0837a3f6f8,2026-05-27T16:19:53.964809
10786735-4c2d-450e-bde6-4a15a4ada40e,TIBA TIBA SETAN,cgv,,26007500,,,,2D,2026-05-27,419b6131-73e1-495c-a624-4126073b8c8c,2026-05-27T16:19:53.964822
10786735-4c2d-450e-bde6-4a15a4ada40e,DILAN ITB 1997,cgv,,26016100,,,,2D,2026-05-27,810586d2-c27c-4112-a986-57a76504ce2f,2026-05-27T16:19:53.964835
10786735-4c2d-450e-bde6-4a15a4ada40e,YANG LAIN BOLEH HILANG ASAL KAU JANGAN,cgv,,26018300,,,,2D,2026-05-27,fb22184a-c68a-46e0-8bd3-e5ed1d41278c,2026-05-27T16:19:53.964848
10786735-4c2d-450e-bde6-4a15a4ada40e,SALMOKJI WHISPERING WATER,cgv,,26019100,,,,2D,2026-05-27,0e75614b-4f4c-47d1-81c6-a0379c541e71,2026-05-27T16:19:53.964862
10786735-4c2d-450e-bde6-4a15a4ada40e,THE KINGS WARDEN,cgv,,26015000,,,,2D,2026-05-27,87d7aacf-69e6-432c-a4c5-316886e95c34,2026-05-27T16:19:53.964875
10786735-4c2d-450e-bde6-4a15a4ada40e,GOHAN,cgv,,26022500,,,,2D,2026-05-27,925211c8-46e1-438e-b657-aba3b05def44,2026-05-27T16:19:53.964965
10786735-4c2d-450e-bde6-4a15a4ada40e,THE SHEEP DETECTIVES,cgv,,26019500,,,,2D,2026-05-27,59c795ed-3874-48ac-85e3-85837549231d,2026-05-27T16:19:53.964982
10786735-4c2d-450e-bde6-4a15a4ada40e,AYAH INI ARAHNYA KEMANA YA,cgv,,26011000,,,,2D,2026-05-27,61a91af9-0acb-41b3-be3b-4defc525baf8,2026-05-27T16:19:53.964996
10786735-4c2d-450e-bde6-4a15a4ada40e,STAR WARS THE MANDALORIAN AND GROGU 3D,cgv,,26025200,,,,2D,2026-05-27,6cdb9bbf-9196-4763-90fc-c1e7d29299e5,2026-05-27T16:19:53.965009
10786735-4c2d-450e-bde6-4a15a4ada40e,THE DEVIL WEARS PRADA 2,cgv,,26019800,,,,2D,2026-05-27,92cbfebe-6cdb-4e5b-89cf-89fa4d96df1c,2026-05-27T16:19:53.965023
10786735-4c2d-450e-bde6-4a15a4ada40e,NA WILLA,cgv,,26003200,,,,2D,2026-05-27,72105e27-811e-49fd-a017-54a4c3114234,2026-05-27T16:19:53.965036
10786735-4c2d-450e-bde6-4a15a4ada40e,KELUARGA SUAMI ADALAH HAMA,cgv,,26017700,,,,2D,2026-05-27,79a5aa6f-442a-445f-9f0f-b48f7ad7aaee,2026-05-27T16:19:53.965049
dd324123-970e-49f2-b718-f5c190969a1b,SEKAWAN LIMO 2 GUNUNG KLAWIH,cgv,,26023300,,,,2D,2026-05-27,0679a074-4c03-4f4c-9c6f-409d67ba5f58,2026-05-27T16:19:54.656928
dd324123-970e-49f2-b718-f5c190969a1b,CHILDREN OF HEAVEN,cgv,,26012100,,,,2D,2026-05-27,2f26d993-3d40-4a14-8b33-56c0866f1bd8,2026-05-27T16:19:54.656975
dd324123-970e-49f2-b718-f5c190969a1b,BADUT GENDONG,cgv,,26016800,,,,2D,2026-05-27,758af355-dd6c-408c-a335-8a286dff2e10,2026-05-27T16:19:54.657010
dd324123-970e-49f2-b718-f5c190969a1b,TUMBAL PROYEK,cgv,,26014300,,,,2D,2026-05-27,f0a1ae24-5aa5-46b0-98ad-c1a74bf8756e,2026-05-27T16:19:54.657042
dd324123-970e-49f2-b718-f5c190969a1b,STAR WARS THE MANDALORIAN AND GROGU,cgv,,26021200,,,,2D,2026-05-27,00dd2351-70e7-4068-9126-bddddb914934,2026-05-27T16:19:54.657077
dd324123-970e-49f2-b718-f5c190969a1b,SUAMIKU LUKAKU,cgv,,26025400,,,,2D,2026-05-27,ec8ded78-3d4d-47cc-8688-748aef9d0bb9,2026-05-27T16:19:54.657125
dd324123-970e-49f2-b718-f5c190969a1b,SEMUA AKAN BAIK BAIK SAJA,cgv,,26018100,,,,2D,2026-05-27,ffa9572b-5172-4e65-939c-945e1f742261,2026-05-27T16:19:54.657160
dd324123-970e-49f2-b718-f5c190969a1b,PASSENGER,cgv,,26023100,,,,2D,2026-05-27,be80d749-8a49-44ec-b7ee-17523e836e77,2026-05-27T16:19:54.657191
dd324123-970e-49f2-b718-f5c190969a1b,GUDANG MERICA,cgv,,26019400,,,,2D,2026-05-27,33dd9b22-6eb8-4cc7-b7c4-95637e628a40,2026-05-27T16:19:54.657220
dd324123-970e-49f2-b718-f5c190969a1b,GHOST IN THE CELL,cgv,,26011800,,,,2D,2026-05-27,a6905588-dd13-4014-b48d-3b84c7869dc7,2026-05-27T16:19:54.657251
dd324123-970e-49f2-b718-f5c190969a1b,MORTAL KOMBAT II,cgv,,26018200,,,,2D,2026-05-27,4335e5d9-ba5b-4107-bdb8-cf186e19db0d,2026-05-27T16:19:54.657280
dd324123-970e-49f2-b718-f5c190969a1b,HOKUM,cgv,,26024600,,,,2D,2026-05-27,ba44060b-4095-46b0-a7ed-b92260e1ef62,2026-05-27T16:19:54.657310
dd324123-970e-49f2-b718-f5c190969a1b,TIBA TIBA SETAN,cgv,,26007500,,,,2D,2026-05-27,a451dc69-4653-4b02-ba35-7b64fb0ab776,2026-05-27T16:19:54.657340
dd324123-970e-49f2-b718-f5c190969a1b,DILAN ITB 1997,cgv,,26016100,,,,2D,2026-05-27,16c2e383-038e-4bb8-8bec-e718fac1a7ab,2026-05-27T16:19:54.657369
dd324123-970e-49f2-b718-f5c190969a1b,YANG LAIN BOLEH HILANG ASAL KAU JANGAN,cgv,,26018300,,,,2D,2026-05-27,a41c0c0e-2e32-4a63-b660-edaec9eff1ab,2026-05-27T16:19:54.657399
dd324123-970e-49f2-b718-f5c190969a1b,SALMOKJI WHISPERING WATER,cgv,,26019100,,,,2D,2026-05-27,907d4614-6c4e-451f-800f-b88a8bbf79a3,2026-05-27T16:19:54.657429
dd324123-970e-49f2-b718-f5c190969a1b,THE KINGS WARDEN,cgv,,26015000,,,,2D,2026-05-27,044a2714-a6e7-4369-94e0-d0a97884d8f8,2026-05-27T16:19:54.657461
dd324123-970e-49f2-b718-f5c190969a1b,GOHAN,cgv,,26022500,,,,2D,2026-05-27,107bd528-9ab5-4970-b6a3-2b932e3e3ee1,2026-05-27T16:19:54.657491
dd324123-970e-49f2-b718-f5c190969a1b,THE SHEEP DETECTIVES,cgv,,26019500,,,,2D,2026-05-27,ed666fc9-545b-47fc-9288-65c2f5d9f8f2,2026-05-27T16:19:54.657523
dd324123-970e-49f2-b718-f5c190969a1b,AYAH INI ARAHNYA KEMANA YA,cgv,,26011000,,,,2D,2026-05-27,99e3a47f-025d-4b65-8fa3-ee741f8b4f32,2026-05-27T16:19:54.657552
dd324123-970e-49f2-b718-f5c190969a1b,STAR WARS THE MANDALORIAN AND GROGU 3D,cgv,,26025200,,,,2D,2026-05-27,e8ddebfc-edbe-414a-82a3-104097ed628f,2026-05-27T16:19:54.657581
dd324123-970e-49f2-b718-f5c190969a1b,THE DEVIL WEARS PRADA 2,cgv,,26019800,,,,2D,2026-05-27,67e9ac61-e9b3-4a0d-b1ec-4fd8da570719,2026-05-27T16:19:54.657610
dd324123-970e-49f2-b718-f5c190969a1b,NA WILLA,cgv,,26003200,,,,2D,2026-05-27,8427183c-0f09-44e3-ae9c-79d5c7ec911b,2026-05-27T16:19:54.657639
dd324123-970e-49f2-b718-f5c190969a1b,KELUARGA SUAMI ADALAH HAMA,cgv,,26017700,,,,2D,2026-05-27,bf87975b-ea35-4f07-8db2-35cdb2b61afa,2026-05-27T16:19:54.657668
9fb41859-1209-4f6d-9b28-6dbcfbbfb49c,SEKAWAN LIMO 2 GUNUNG KLAWIH,cgv,,26023300,,,,2D,2026-05-27,2b42b2ad-134a-4a7c-b6db-f8c90d6cfe03,2026-05-27T16:19:54.961574
9fb41859-1209-4f6d-9b28-6dbcfbbfb49c,CHILDREN OF HEAVEN,cgv,,26012100,,,,2D,2026-05-27,10284ee1-5fd0-4d7f-9f10-f89e5c0b909f,2026-05-27T16:19:54.961672
9fb41859-1209-4f6d-9b28-6dbcfbbfb49c,BADUT GENDONG,cgv,,26016800,,,,2D,2026-05-27,70d3e4a2-8e58-4cf4-9345-e5753e13d225,2026-05-27T16:19:54.961711
9fb41859-1209-4f6d-9b28-6dbcfbbfb49c,TUMBAL PROYEK,cgv,,26014300,,,,2D,2026-05-27,05998d0a-e093-4291-88d4-2bfa3ce24450,2026-05-27T16:19:54.961747
9fb41859-1209-4f6d-9b28-6dbcfbbfb49c,STAR WARS THE MANDALORIAN AND GROGU,cgv,,26021200,,,,2D,2026-05-27,da426b58-93db-4869-88b4-9f16e06eb3dd,2026-05-27T16:19:54.961783
9fb41859-1209-4f6d-9b28-6dbcfbbfb49c,SUAMIKU LUKAKU,cgv,,26025400,,,,2D,2026-05-27,31442e53-b1d8-4aa8-b745-46cc2b4c8cc4,2026-05-27T16:19:54.961816
9fb41859-1209-4f6d-9b28-6dbcfbbfb49c,SEMUA AKAN BAIK BAIK SAJA,cgv,,26018100,,,,2D,2026-05-27,f8f9dd46-ecf7-4980-9e50-2e63dda0fc0f,2026-05-27T16:19:54.961848
9fb41859-1209-4f6d-9b28-6dbcfbbfb49c,PASSENGER,cgv,,26023100,,,,2D,2026-05-27,7c0aec70-9f3f-4995-8008-f1d8a95f5ad5,2026-05-27T16:19:54.961878
9fb41859-1209-4f6d-9b28-6dbcfbbfb49c,GUDANG MERICA,cgv,,26019400,,,,2D,2026-05-27,a8355e46-6189-47d2-9621-758b6a0134cf,2026-05-27T16:19:54.961909
9fb41859-1209-4f6d-9b28-6dbcfbbfb49c,GHOST IN THE CELL,cgv,,26011800,,,,2D,2026-05-27,77e401f9-2fbf-42c7-9a1c-b4ce4078b38d,2026-05-27T16:19:54.961940
9fb41859-1209-4f6d-9b28-6dbcfbbfb49c,MORTAL KOMBAT II,cgv,,26018200,,,,2D,2026-05-27,c950a0de-4273-47fe-8104-f5134f15c5b7,2026-05-27T16:19:54.962071
9fb41859-1209-4f6d-9b28-6dbcfbbfb49c,HOKUM,cgv,,26024600,,,,2D,2026-05-27,abed1be3-dd85-493b-b14c-59f8827f63d1,2026-05-27T16:19:54.962129
9fb41859-1209-4f6d-9b28-6dbcfbbfb49c,TIBA TIBA SETAN,cgv,,26007500,,,,2D,2026-05-27,4743938f-3a5d-4e47-ad3f-afd2f54ebe20,2026-05-27T16:19:54.962224
9fb41859-1209-4f6d-9b28-6dbcfbbfb49c,DILAN ITB 1997,cgv,,26016100,,,,2D,2026-05-27,06e659e5-9922-44d8-99ff-cb0953ebf78b,2026-05-27T16:19:54.962262
9fb41859-1209-4f6d-9b28-6dbcfbbfb49c,YANG LAIN BOLEH HILANG ASAL KAU JANGAN,cgv,,26018300,,,,2D,2026-05-27,caf749a7-c73c-4233-b2bc-6a534e870888,2026-05-27T16:19:54.962390
9fb41859-1209-4f6d-9b28-6dbcfbbfb49c,SALMOKJI WHISPERING WATER,cgv,,26019100,,,,2D,2026-05-27,21a2e35c-08a0-4eaf-ba9c-41eaeb8944c6,2026-05-27T16:19:54.962474
9fb41859-1209-4f6d-9b28-6dbcfbbfb49c,THE KINGS WARDEN,cgv,,26015000,,,,2D,2026-05-27,a31f80b4-1e98-44ab-bdd6-0d21171c1c4d,2026-05-27T16:19:54.962511
9fb41859-1209-4f6d-9b28-6dbcfbbfb49c,GOHAN,cgv,,26022500,,,,2D,2026-05-27,1c16998b-9afc-44fa-9654-f38ca36b6ea6,2026-05-27T16:19:54.962542
9fb41859-1209-4f6d-9b28-6dbcfbbfb49c,THE SHEEP DETECTIVES,cgv,,26019500,,,,2D,2026-05-27,77ff9978-7107-472f-be44-ab68508dffb6,2026-05-27T16:19:54.962575
9fb41859-1209-4f6d-9b28-6dbcfbbfb49c,AYAH INI ARAHNYA KEMANA YA,cgv,,26011000,,,,2D,2026-05-27,12aef10f-1221-47fe-89a8-6d161458ed04,2026-05-27T16:19:54.962607
9fb41859-1209-4f6d-9b28-6dbcfbbfb49c,STAR WARS THE MANDALORIAN AND GROGU 3D,cgv,,26025200,,,,2D,2026-05-27,ac25befd-41e3-471a-af53-ab464b2ce8ef,2026-05-27T16:19:54.962638
9fb41859-1209-4f6d-9b28-6dbcfbbfb49c,THE DEVIL WEARS PRADA 2,cgv,,26019800,,,,2D,2026-05-27,f2949e12-3d1c-42bf-b0a8-87d2ef9636c1,2026-05-27T16:19:54.962663
9fb41859-1209-4f6d-9b28-6dbcfbbfb49c,NA WILLA,cgv,,26003200,,,,2D,2026-05-27,8099031b-38fb-46d1-b634-613cefb097cf,2026-05-27T16:19:54.962764
9fb41859-1209-4f6d-9b28-6dbcfbbfb49c,KELUARGA SUAMI ADALAH HAMA,cgv,,26017700,,,,2D,2026-05-27,2e0dcaa3-0969-4643-a0d7-53e4a870f46c,2026-05-27T16:19:54.962804
2e0fb4ac-2ca8-4a51-b51a-5840f4df8298,SEKAWAN LIMO 2 GUNUNG KLAWIH,cgv,,26023300,,,,2D,2026-05-27,028d589c-a7d3-4de4-8d37-38efd0a9f445,2026-05-27T16:19:54.951385
2e0fb4ac-2ca8-4a51-b51a-5840f4df8298,CHILDREN OF HEAVEN,cgv,,26012100,,,,2D,2026-05-27,33266076-9e3b-4f93-81bf-ddfc3075c6c8,2026-05-27T16:19:54.951434
2e0fb4ac-2ca8-4a51-b51a-5840f4df8298,BADUT GENDONG,cgv,,26016800,,,,2D,2026-05-27,b7009a09-46e4-4e66-8604-60c0fa0306b3,2026-05-27T16:19:54.951471
2e0fb4ac-2ca8-4a51-b51a-5840f4df8298,TUMBAL PROYEK,cgv,,26014300,,,,2D,2026-05-27,6a551303-e417-4a50-9d4a-5039d93c10c4,2026-05-27T16:19:54.951505
2e0fb4ac-2ca8-4a51-b51a-5840f4df8298,STAR WARS THE MANDALORIAN AND GROGU,cgv,,26021200,,,,2D,2026-05-27,4d8037b6-38e3-46f1-8006-daa64da3d897,2026-05-27T16:19:54.951539
2e0fb4ac-2ca8-4a51-b51a-5840f4df8298,SUAMIKU LUKAKU,cgv,,26025400,,,,2D,2026-05-27,b6cc1fcb-fb85-43fd-af8b-4d36d9a60d3b,2026-05-27T16:19:54.951571
2e0fb4ac-2ca8-4a51-b51a-5840f4df8298,SEMUA AKAN BAIK BAIK SAJA,cgv,,26018100,,,,2D,2026-05-27,6ef039f1-6760-431e-b76b-fa2795ec70c6,2026-05-27T16:19:54.951679
2e0fb4ac-2ca8-4a51-b51a-5840f4df8298,PASSENGER,cgv,,26023100,,,,2D,2026-05-27,44ed19b7-dcc4-47c1-8cee-8dbb75d214c1,2026-05-27T16:19:54.951730
2e0fb4ac-2ca8-4a51-b51a-5840f4df8298,GUDANG MERICA,cgv,,26019400,,,,2D,2026-05-27,fa720716-5fbf-46ab-a48a-9539077878e5,2026-05-27T16:19:54.951768
2e0fb4ac-2ca8-4a51-b51a-5840f4df8298,GHOST IN THE CELL,cgv,,26011800,,,,2D,2026-05-27,0ebe1016-3fa3-42f7-8298-2ebacd68ee88,2026-05-27T16:19:54.951802
2e0fb4ac-2ca8-4a51-b51a-5840f4df8298,MORTAL KOMBAT II,cgv,,26018200,,,,2D,2026-05-27,288efa7b-2894-4a00-adc3-4f57f68b3cba,2026-05-27T16:19:54.951835
2e0fb4ac-2ca8-4a51-b51a-5840f4df8298,HOKUM,cgv,,26024600,,,,2D,2026-05-27,5f6b8a67-642c-40d2-94c4-6cc513da5e9e,2026-05-27T16:19:54.951865
2e0fb4ac-2ca8-4a51-b51a-5840f4df8298,TIBA TIBA SETAN,cgv,,26007500,,,,2D,2026-05-27,b5bc4515-4d72-4e60-bf79-b90ace477883,2026-05-27T16:19:54.951898
2e0fb4ac-2ca8-4a51-b51a-5840f4df8298,DILAN ITB 1997,cgv,,26016100,,,,2D,2026-05-27,73c2ee39-d501-4f57-a39a-538ca415c3eb,2026-05-27T16:19:54.951932
2e0fb4ac-2ca8-4a51-b51a-5840f4df8298,YANG LAIN BOLEH HILANG ASAL KAU JANGAN,cgv,,26018300,,,,2D,2026-05-27,35016f84-c309-4d85-8560-23fde60c77c9,2026-05-27T16:19:54.951969
2e0fb4ac-2ca8-4a51-b51a-5840f4df8298,SALMOKJI WHISPERING WATER,cgv,,26019100,,,,2D,2026-05-27,811d2fb4-6332-468e-87be-f21d414345af,2026-05-27T16:19:54.952010
2e0fb4ac-2ca8-4a51-b51a-5840f4df8298,THE KINGS WARDEN,cgv,,26015000,,,,2D,2026-05-27,0ae65b71-701e-4548-adce-ea27279c69c5,2026-05-27T16:19:54.952046
2e0fb4ac-2ca8-4a51-b51a-5840f4df8298,GOHAN,cgv,,26022500,,,,2D,2026-05-27,0cf308cf-15b7-4971-b9ec-354c4f126e35,2026-05-27T16:19:54.952079
2e0fb4ac-2ca8-4a51-b51a-5840f4df8298,THE SHEEP DETECTIVES,cgv,,26019500,,,,2D,2026-05-27,ef627e1f-7d8b-43a5-b0cd-59cbfc0cb088,2026-05-27T16:19:54.952115
2e0fb4ac-2ca8-4a51-b51a-5840f4df8298,AYAH INI ARAHNYA KEMANA YA,cgv,,26011000,,,,2D,2026-05-27,3b9af6f0-a3e9-42f7-a7fb-9af8dac87ef6,2026-05-27T16:19:54.952154
2e0fb4ac-2ca8-4a51-b51a-5840f4df8298,STAR WARS THE MANDALORIAN AND GROGU 3D,cgv,,26025200,,,,2D,2026-05-27,d4409927-d257-4b2f-aca9-b128e834761e,2026-05-27T16:19:54.952188
2e0fb4ac-2ca8-4a51-b51a-5840f4df8298,THE DEVIL WEARS PRADA 2,cgv,,26019800,,,,2D,2026-05-27,c47dd0c5-fe74-4a12-b069-cb1562a4aa36,2026-05-27T16:19:54.952221
2e0fb4ac-2ca8-4a51-b51a-5840f4df8298,NA WILLA,cgv,,26003200,,,,2D,2026-05-27,474c7ad6-520c-4f5f-9bd7-8d817d0d2031,2026-05-27T16:19:54.952252
2e0fb4ac-2ca8-4a51-b51a-5840f4df8298,KELUARGA SUAMI ADALAH HAMA,cgv,,26017700,,,,2D,2026-05-27,6ec84986-2f58-4ff5-aa7a-91cea062a3d9,2026-05-27T16:19:54.952282
0d57ab91-7a5d-4e9c-8072-19dbdd44af09,SEKAWAN LIMO 2 GUNUNG KLAWIH,cgv,,26023300,,,,2D,2026-05-27,454e5af6-2277-4c5c-944f-26e00ff10a94,2026-05-27T16:19:55.346880
0d57ab91-7a5d-4e9c-8072-19dbdd44af09,CHILDREN OF HEAVEN,cgv,,26012100,,,,2D,2026-05-27,9d987258-6eeb-43dc-8347-a5b160e1ba0a,2026-05-27T16:19:55.346927
0d57ab91-7a5d-4e9c-8072-19dbdd44af09,BADUT GENDONG,cgv,,26016800,,,,2D,2026-05-27,7f809ddc-9cf8-46ba-ac3f-bf85965e8157,2026-05-27T16:19:55.346963
0d57ab91-7a5d-4e9c-8072-19dbdd44af09,TUMBAL PROYEK,cgv,,26014300,,,,2D,2026-05-27,7f30de04-7735-4092-8f9d-df38abbf985f,2026-05-27T16:19:55.346995
0d57ab91-7a5d-4e9c-8072-19dbdd44af09,STAR WARS THE MANDALORIAN AND GROGU,cgv,,26021200,,,,2D,2026-05-27,a38b5b29-ee31-4bb3-aaef-06d994534b68,2026-05-27T16:19:55.347028
0d57ab91-7a5d-4e9c-8072-19dbdd44af09,SUAMIKU LUKAKU,cgv,,26025400,,,,2D,2026-05-27,3b69e49a-262d-487c-9331-b77cfc579004,2026-05-27T16:19:55.347059
0d57ab91-7a5d-4e9c-8072-19dbdd44af09,SEMUA AKAN BAIK BAIK SAJA,cgv,,26018100,,,,2D,2026-05-27,68ff0ecd-718d-4fd9-95f0-4ef41c237b13,2026-05-27T16:19:55.347090
0d57ab91-7a5d-4e9c-8072-19dbdd44af09,PASSENGER,cgv,,26023100,,,,2D,2026-05-27,bf24663e-abda-465d-b53b-8324d85528a0,2026-05-27T16:19:55.347121
0d57ab91-7a5d-4e9c-8072-19dbdd44af09,GUDANG MERICA,cgv,,26019400,,,,2D,2026-05-27,d4a134f8-61dd-4866-ba49-1d11a1f585f5,2026-05-27T16:19:55.347156
0d57ab91-7a5d-4e9c-8072-19dbdd44af09,GHOST IN THE CELL,cgv,,26011800,,,,2D,2026-05-27,8507c3f9-57e6-49f0-ab98-c06589560722,2026-05-27T16:19:55.347188
0d57ab91-7a5d-4e9c-8072-19dbdd44af09,MORTAL KOMBAT II,cgv,,26018200,,,,2D,2026-05-27,f88d3a5d-facc-4844-af28-ca955f38dfe0,2026-05-27T16:19:55.347218
0d57ab91-7a5d-4e9c-8072-19dbdd44af09,HOKUM,cgv,,26024600,,,,2D,2026-05-27,d3ba651b-089a-4ef6-8406-5b2c2f9cc598,2026-05-27T16:19:55.347247
0d57ab91-7a5d-4e9c-8072-19dbdd44af09,TIBA TIBA SETAN,cgv,,26007500,,,,2D,2026-05-27,d0fb4f99-0e14-453a-a1bc-1dd1c185142b,2026-05-27T16:19:55.347277
0d57ab91-7a5d-4e9c-8072-19dbdd44af09,DILAN ITB 1997,cgv,,26016100,,,,2D,2026-05-27,f3c51d77-0a2d-44e4-868f-b2563ccfd9f3,2026-05-27T16:19:55.347307
0d57ab91-7a5d-4e9c-8072-19dbdd44af09,YANG LAIN BOLEH HILANG ASAL KAU JANGAN,cgv,,26018300,,,,2D,2026-05-27,b3cdcad6-0399-4fef-956f-c878efe43a2a,2026-05-27T16:19:55.347337
0d57ab91-7a5d-4e9c-8072-19dbdd44af09,SALMOKJI WHISPERING WATER,cgv,,26019100,,,,2D,2026-05-27,2a84d5d5-ceff-4e6d-858c-d90516ed7b45,2026-05-27T16:19:55.347366
0d57ab91-7a5d-4e9c-8072-19dbdd44af09,THE KINGS WARDEN,cgv,,26015000,,,,2D,2026-05-27,70d0cf1e-2ebf-47b7-96ae-9889b5b61d8f,2026-05-27T16:19:55.347395
0d57ab91-7a5d-4e9c-8072-19dbdd44af09,GOHAN,cgv,,26022500,,,,2D,2026-05-27,dab73753-e6ea-4cf0-9842-28e4b93690f3,2026-05-27T16:19:55.347424
0d57ab91-7a5d-4e9c-8072-19dbdd44af09,THE SHEEP DETECTIVES,cgv,,26019500,,,,2D,2026-05-27,3d6f1eeb-45ab-42e7-87df-6361cfe034d5,2026-05-27T16:19:55.347455
0d57ab91-7a5d-4e9c-8072-19dbdd44af09,AYAH INI ARAHNYA KEMANA YA,cgv,,26011000,,,,2D,2026-05-27,dff7f9a2-105e-4ca8-a169-09679ea187aa,2026-05-27T16:19:55.347484
0d57ab91-7a5d-4e9c-8072-19dbdd44af09,STAR WARS THE MANDALORIAN AND GROGU 3D,cgv,,26025200,,,,2D,2026-05-27,d7592096-8562-4391-b474-8e793b3f14ea,2026-05-27T16:19:55.347513
0d57ab91-7a5d-4e9c-8072-19dbdd44af09,THE DEVIL WEARS PRADA 2,cgv,,26019800,,,,2D,2026-05-27,42a5f506-8e21-4c66-a847-475dc438977c,2026-05-27T16:19:55.347542
0d57ab91-7a5d-4e9c-8072-19dbdd44af09,NA WILLA,cgv,,26003200,,,,2D,2026-05-27,8baba068-5233-427c-955e-587bccc2b7d1,2026-05-27T16:19:55.347571
0d57ab91-7a5d-4e9c-8072-19dbdd44af09,KELUARGA SUAMI ADALAH HAMA,cgv,,26017700,,,,2D,2026-05-27,fc124fa7-4485-4761-99b6-f7574afbf0bf,2026-05-27T16:19:55.347599
bacb3d2d-ccc5-41f0-9073-bde87df9ab6e,SEKAWAN LIMO 2 GUNUNG KLAWIH,cgv,,26023300,,,,2D,2026-05-27,fa823e8c-ef6a-4c19-95ca-d25e5204b75c,2026-05-27T16:19:57.260963
bacb3d2d-ccc5-41f0-9073-bde87df9ab6e,CHILDREN OF HEAVEN,cgv,,26012100,,,,2D,2026-05-27,fcbf1d7c-a490-4550-ae5d-297d03855380,2026-05-27T16:19:57.260985
bacb3d2d-ccc5-41f0-9073-bde87df9ab6e,BADUT GENDONG,cgv,,26016800,,,,2D,2026-05-27,30bc10cf-bae8-4857-9999-f7fd8a24f669,2026-05-27T16:19:57.261000
bacb3d2d-ccc5-41f0-9073-bde87df9ab6e,TUMBAL PROYEK,cgv,,26014300,,,,2D,2026-05-27,457565f7-e2d2-46dd-8bce-5db749cc7a7f,2026-05-27T16:19:57.261014
bacb3d2d-ccc5-41f0-9073-bde87df9ab6e,STAR WARS THE MANDALORIAN AND GROGU,cgv,,26021200,,,,2D,2026-05-27,273792b6-e376-4ef6-bf78-49ae209c5cae,2026-05-27T16:19:57.261027
bacb3d2d-ccc5-41f0-9073-bde87df9ab6e,SUAMIKU LUKAKU,cgv,,26025400,,,,2D,2026-05-27,29fd16fd-85f2-4024-851c-28e4fdb07242,2026-05-27T16:19:57.261040
bacb3d2d-ccc5-41f0-9073-bde87df9ab6e,SEMUA AKAN BAIK BAIK SAJA,cgv,,26018100,,,,2D,2026-05-27,cb497305-e9dd-41fb-86d0-96e33aa21c6c,2026-05-27T16:19:57.261052
bacb3d2d-ccc5-41f0-9073-bde87df9ab6e,PASSENGER,cgv,,26023100,,,,2D,2026-05-27,11378050-1551-4351-857f-dac906c15507,2026-05-27T16:19:57.261064
bacb3d2d-ccc5-41f0-9073-bde87df9ab6e,GUDANG MERICA,cgv,,26019400,,,,2D,2026-05-27,cecd4bc6-a435-47e4-a349-2a9c9660b7b0,2026-05-27T16:19:57.261076
bacb3d2d-ccc5-41f0-9073-bde87df9ab6e,GHOST IN THE CELL,cgv,,26011800,,,,2D,2026-05-27,beb56c7f-30c9-4313-8173-b7ed32ed35eb,2026-05-27T16:19:57.261088
bacb3d2d-ccc5-41f0-9073-bde87df9ab6e,MORTAL KOMBAT II,cgv,,26018200,,,,2D,2026-05-27,915daea1-9d49-4fa5-a838-d1b61762b43f,2026-05-27T16:19:57.261100
bacb3d2d-ccc5-41f0-9073-bde87df9ab6e,HOKUM,cgv,,26024600,,,,2D,2026-05-27,70f9e424-a771-460f-8722-546968be1de9,2026-05-27T16:19:57.261112
bacb3d2d-ccc5-41f0-9073-bde87df9ab6e,TIBA TIBA SETAN,cgv,,26007500,,,,2D,2026-05-27,1dcb5b35-5beb-4b14-af11-97cda9ca5833,2026-05-27T16:19:57.261124
bacb3d2d-ccc5-41f0-9073-bde87df9ab6e,DILAN ITB 1997,cgv,,26016100,,,,2D,2026-05-27,a4384723-67e5-4f32-8494-c1473cc29498,2026-05-27T16:19:57.261136
bacb3d2d-ccc5-41f0-9073-bde87df9ab6e,YANG LAIN BOLEH HILANG ASAL KAU JANGAN,cgv,,26018300,,,,2D,2026-05-27,733bbcf6-f611-4cf8-b60a-33c9eaf8ee49,2026-05-27T16:19:57.261148
bacb3d2d-ccc5-41f0-9073-bde87df9ab6e,SALMOKJI WHISPERING WATER,cgv,,26019100,,,,2D,2026-05-27,91dfb590-f878-4ea2-a6cd-73f261ab9699,2026-05-27T16:19:57.261160
bacb3d2d-ccc5-41f0-9073-bde87df9ab6e,THE KINGS WARDEN,cgv,,26015000,,,,2D,2026-05-27,b13c2901-942b-4233-8954-080c61f5c39c,2026-05-27T16:19:57.261172
bacb3d2d-ccc5-41f0-9073-bde87df9ab6e,GOHAN,cgv,,26022500,,,,2D,2026-05-27,e9dd7fd0-5cb0-4a87-8930-98edd72fa801,2026-05-27T16:19:57.261184
bacb3d2d-ccc5-41f0-9073-bde87df9ab6e,THE SHEEP DETECTIVES,cgv,,26019500,,,,2D,2026-05-27,3892ee03-52df-4005-b843-3606db403c82,2026-05-27T16:19:57.261196
bacb3d2d-ccc5-41f0-9073-bde87df9ab6e,AYAH INI ARAHNYA KEMANA YA,cgv,,26011000,,,,2D,2026-05-27,163e2ee6-44d7-4ed1-9acb-ef0b4159faac,2026-05-27T16:19:57.261209
bacb3d2d-ccc5-41f0-9073-bde87df9ab6e,STAR WARS THE MANDALORIAN AND GROGU 3D,cgv,,26025200,,,,2D,2026-05-27,f861882b-4b60-4a24-8153-9e9b7b6268bd,2026-05-27T16:19:57.261221
bacb3d2d-ccc5-41f0-9073-bde87df9ab6e,THE DEVIL WEARS PRADA 2,cgv,,26019800,,,,2D,2026-05-27,d98c350d-aa58-4e43-b986-5d8471169954,2026-05-27T16:19:57.261234
bacb3d2d-ccc5-41f0-9073-bde87df9ab6e,NA WILLA,cgv,,26003200,,,,2D,2026-05-27,b827cadb-bcb1-40b5-939a-a237b2b4ddf7,2026-05-27T16:19:57.261245
bacb3d2d-ccc5-41f0-9073-bde87df9ab6e,KELUARGA SUAMI ADALAH HAMA,cgv,,26017700,,,,2D,2026-05-27,3bd35b04-b996-479e-b952-cb48d5d8af55,2026-05-27T16:19:57.261258
835abd25-9d11-4f95-9b6d-a3ca72f963c1,SEKAWAN LIMO 2 GUNUNG KLAWIH,cgv,,26023300,,,,2D,2026-05-27,c8d38c98-5763-4c55-8e3d-96d14ac71c1c,2026-05-27T16:19:58.019779
835abd25-9d11-4f95-9b6d-a3ca72f963c1,CHILDREN OF HEAVEN,cgv,,26012100,,,,2D,2026-05-27,fd80557e-8e18-4ea4-9842-91514f9cbf8f,2026-05-27T16:19:58.019817
835abd25-9d11-4f95-9b6d-a3ca72f963c1,BADUT GENDONG,cgv,,26016800,,,,2D,2026-05-27,58294a1e-c19e-45d2-afe9-14f57323d21b,2026-05-27T16:19:58.019845
835abd25-9d11-4f95-9b6d-a3ca72f963c1,TUMBAL PROYEK,cgv,,26014300,,,,2D,2026-05-27,779d95d3-7e8b-4512-aca1-530b14e06332,2026-05-27T16:19:58.019868
835abd25-9d11-4f95-9b6d-a3ca72f963c1,STAR WARS THE MANDALORIAN AND GROGU,cgv,,26021200,,,,2D,2026-05-27,6942d83b-18f4-4847-b86e-5e81e9759730,2026-05-27T16:19:58.019892
835abd25-9d11-4f95-9b6d-a3ca72f963c1,SUAMIKU LUKAKU,cgv,,26025400,,,,2D,2026-05-27,b19820be-d1bc-4edc-b6d2-de6f484b4820,2026-05-27T16:19:58.019915
835abd25-9d11-4f95-9b6d-a3ca72f963c1,SEMUA AKAN BAIK BAIK SAJA,cgv,,26018100,,,,2D,2026-05-27,34656446-0352-4fca-9e91-1ffee122e68f,2026-05-27T16:19:58.019937
835abd25-9d11-4f95-9b6d-a3ca72f963c1,PASSENGER,cgv,,26023100,,,,2D,2026-05-27,a1b84602-388a-4c41-9d83-be811863e627,2026-05-27T16:19:58.019959
835abd25-9d11-4f95-9b6d-a3ca72f963c1,GUDANG MERICA,cgv,,26019400,,,,2D,2026-05-27,fd915d2c-0a62-4f4f-a3bf-f8f334ff8246,2026-05-27T16:19:58.019980
835abd25-9d11-4f95-9b6d-a3ca72f963c1,GHOST IN THE CELL,cgv,,26011800,,,,2D,2026-05-27,276e9274-8676-47ca-9c6d-dcc305810ee6,2026-05-27T16:19:58.020002
835abd25-9d11-4f95-9b6d-a3ca72f963c1,MORTAL KOMBAT II,cgv,,26018200,,,,2D,2026-05-27,bd8b358e-c4fc-485a-b3ea-1060b9d7ada0,2026-05-27T16:19:58.020024
835abd25-9d11-4f95-9b6d-a3ca72f963c1,HOKUM,cgv,,26024600,,,,2D,2026-05-27,5fb058a3-e8f0-448f-9891-6749f4bb313c,2026-05-27T16:19:58.020045
835abd25-9d11-4f95-9b6d-a3ca72f963c1,TIBA TIBA SETAN,cgv,,26007500,,,,2D,2026-05-27,a9d96a02-0a64-4ea8-9063-f1d4e863c75a,2026-05-27T16:19:58.020067
835abd25-9d11-4f95-9b6d-a3ca72f963c1,DILAN ITB 1997,cgv,,26016100,,,,2D,2026-05-27,cd07fa1b-63af-41ad-a59e-c7ee49a50644,2026-05-27T16:19:58.020087
835abd25-9d11-4f95-9b6d-a3ca72f963c1,YANG LAIN BOLEH HILANG ASAL KAU JANGAN,cgv,,26018300,,,,2D,2026-05-27,8d528aa2-77ca-4812-8334-50a57632d32b,2026-05-27T16:19:58.020108
835abd25-9d11-4f95-9b6d-a3ca72f963c1,SALMOKJI WHISPERING WATER,cgv,,26019100,,,,2D,2026-05-27,ff54e8e9-c576-46d9-9d60-3f6a36b81fbb,2026-05-27T16:19:58.020129
835abd25-9d11-4f95-9b6d-a3ca72f963c1,THE KINGS WARDEN,cgv,,26015000,,,,2D,2026-05-27,25caa1d6-3cb9-4132-a70a-82dccdb1ee23,2026-05-27T16:19:58.020150
835abd25-9d11-4f95-9b6d-a3ca72f963c1,GOHAN,cgv,,26022500,,,,2D,2026-05-27,4c188ca9-6333-49c0-a2c6-5f074edf23fb,2026-05-27T16:19:58.020171
835abd25-9d11-4f95-9b6d-a3ca72f963c1,THE SHEEP DETECTIVES,cgv,,26019500,,,,2D,2026-05-27,9a9851c6-9385-4c77-8b12-c6b560e5f96f,2026-05-27T16:19:58.020193
835abd25-9d11-4f95-9b6d-a3ca72f963c1,AYAH INI ARAHNYA KEMANA YA,cgv,,26011000,,,,2D,2026-05-27,bba413df-f731-4994-a6ff-670ed7f889b6,2026-05-27T16:19:58.020214
835abd25-9d11-4f95-9b6d-a3ca72f963c1,STAR WARS THE MANDALORIAN AND GROGU 3D,cgv,,26025200,,,,2D,2026-05-27,049b1e78-ce92-464b-8153-95965a695d7d,2026-05-27T16:19:58.020235
835abd25-9d11-4f95-9b6d-a3ca72f963c1,THE DEVIL WEARS PRADA 2,cgv,,26019800,,,,2D,2026-05-27,8f498d91-e3e4-40e6-b08a-28d3001e007a,2026-05-27T16:19:58.020257
835abd25-9d11-4f95-9b6d-a3ca72f963c1,NA WILLA,cgv,,26003200,,,,2D,2026-05-27,980fc9c3-e6cb-4b9d-9186-074f95d93db7,2026-05-27T16:19:58.020277
835abd25-9d11-4f95-9b6d-a3ca72f963c1,KELUARGA SUAMI ADALAH HAMA,cgv,,26017700,,,,2D,2026-05-27,c74b328c-c57a-4912-951d-cf9543f2ef69,2026-05-27T16:19:58.020297
757fb2d3-b37c-4e25-a039-5edbd07b1df2,SEKAWAN LIMO 2 GUNUNG KLAWIH,cgv,,26023300,,,,2D,2026-05-27,c757bfb7-d893-4912-94c6-7c0a638a502b,2026-05-27T16:19:58.289625
757fb2d3-b37c-4e25-a039-5edbd07b1df2,CHILDREN OF HEAVEN,cgv,,26012100,,,,2D,2026-05-27,764c1b18-1e18-43b3-ae67-72b38632bff9,2026-05-27T16:19:58.289671
757fb2d3-b37c-4e25-a039-5edbd07b1df2,BADUT GENDONG,cgv,,26016800,,,,2D,2026-05-27,db47e067-da21-49c1-a829-cbda723f41be,2026-05-27T16:19:58.289707
757fb2d3-b37c-4e25-a039-5edbd07b1df2,TUMBAL PROYEK,cgv,,26014300,,,,2D,2026-05-27,05a1bb68-6595-4100-995e-ea2213da4a6f,2026-05-27T16:19:58.289740
757fb2d3-b37c-4e25-a039-5edbd07b1df2,STAR WARS THE MANDALORIAN AND GROGU,cgv,,26021200,,,,2D,2026-05-27,27a44a46-4007-4c4f-b801-7ce5fd264156,2026-05-27T16:19:58.289774
757fb2d3-b37c-4e25-a039-5edbd07b1df2,SUAMIKU LUKAKU,cgv,,26025400,,,,2D,2026-05-27,5399c706-b286-4aea-b184-94a26b9a9673,2026-05-27T16:19:58.289806
757fb2d3-b37c-4e25-a039-5edbd07b1df2,SEMUA AKAN BAIK BAIK SAJA,cgv,,26018100,,,,2D,2026-05-27,5c113031-cb2b-42f6-8a85-9e12d60fd5c0,2026-05-27T16:19:58.289836
757fb2d3-b37c-4e25-a039-5edbd07b1df2,PASSENGER,cgv,,26023100,,,,2D,2026-05-27,f4f75b83-6eb7-4059-9a7d-631ff097eaba,2026-05-27T16:19:58.289867
757fb2d3-b37c-4e25-a039-5edbd07b1df2,GUDANG MERICA,cgv,,26019400,,,,2D,2026-05-27,b78d292c-0c3e-45d9-9daa-dcc212264f33,2026-05-27T16:19:58.289897
757fb2d3-b37c-4e25-a039-5edbd07b1df2,GHOST IN THE CELL,cgv,,26011800,,,,2D,2026-05-27,0b1a5f33-d07e-4747-b9bf-2aa7bc013d98,2026-05-27T16:19:58.289928
757fb2d3-b37c-4e25-a039-5edbd07b1df2,MORTAL KOMBAT II,cgv,,26018200,,,,2D,2026-05-27,c77ff68f-f636-44c1-bee0-10cb131895bf,2026-05-27T16:19:58.289958
757fb2d3-b37c-4e25-a039-5edbd07b1df2,HOKUM,cgv,,26024600,,,,2D,2026-05-27,9b01f953-b4d7-434a-ba6f-889ce5f0713a,2026-05-27T16:19:58.289988
757fb2d3-b37c-4e25-a039-5edbd07b1df2,TIBA TIBA SETAN,cgv,,26007500,,,,2D,2026-05-27,b40e565d-5132-4901-b60b-f11547fd28b8,2026-05-27T16:19:58.290018
757fb2d3-b37c-4e25-a039-5edbd07b1df2,DILAN ITB 1997,cgv,,26016100,,,,2D,2026-05-27,577bc155-595a-4e79-8fdb-aa63ef202936,2026-05-27T16:19:58.290048
757fb2d3-b37c-4e25-a039-5edbd07b1df2,YANG LAIN BOLEH HILANG ASAL KAU JANGAN,cgv,,26018300,,,,2D,2026-05-27,36bd0bb2-0f18-4548-b2be-3728443f91b7,2026-05-27T16:19:58.290078
757fb2d3-b37c-4e25-a039-5edbd07b1df2,SALMOKJI WHISPERING WATER,cgv,,26019100,,,,2D,2026-05-27,46b82710-e71c-40e0-a35f-f5004920d567,2026-05-27T16:19:58.290107
757fb2d3-b37c-4e25-a039-5edbd07b1df2,THE KINGS WARDEN,cgv,,26015000,,,,2D,2026-05-27,1ed341f0-b916-4bee-8772-9ff508b85ce8,2026-05-27T16:19:58.290137
757fb2d3-b37c-4e25-a039-5edbd07b1df2,GOHAN,cgv,,26022500,,,,2D,2026-05-27,912790d0-29bc-4335-a075-1fbc11806976,2026-05-27T16:19:58.290166
757fb2d3-b37c-4e25-a039-5edbd07b1df2,THE SHEEP DETECTIVES,cgv,,26019500,,,,2D,2026-05-27,96d9a49d-d519-4877-bb65-6349b420d033,2026-05-27T16:19:58.290197
757fb2d3-b37c-4e25-a039-5edbd07b1df2,AYAH INI ARAHNYA KEMANA YA,cgv,,26011000,,,,2D,2026-05-27,971dbd13-8764-4fd7-beed-89846fe30125,2026-05-27T16:19:58.290226
757fb2d3-b37c-4e25-a039-5edbd07b1df2,STAR WARS THE MANDALORIAN AND GROGU 3D,cgv,,26025200,,,,2D,2026-05-27,06646cf8-48ea-4d6a-81bc-776ca4e048b9,2026-05-27T16:19:58.290256
757fb2d3-b37c-4e25-a039-5edbd07b1df2,THE DEVIL WEARS PRADA 2,cgv,,26019800,,,,2D,2026-05-27,380ac94f-5a4c-4f2c-bbd7-dfb88a8ecc0e,2026-05-27T16:19:58.290287
757fb2d3-b37c-4e25-a039-5edbd07b1df2,NA WILLA,cgv,,26003200,,,,2D,2026-05-27,78507b73-e1ac-4254-b1e7-1adf67050683,2026-05-27T16:19:58.290316
757fb2d3-b37c-4e25-a039-5edbd07b1df2,KELUARGA SUAMI ADALAH HAMA,cgv,,26017700,,,,2D,2026-05-27,b5dfdc23-f770-4506-aa8c-2b5c6cd07c37,2026-05-27T16:19:58.290346
1cf8058b-ab27-4e37-9003-7bff020a0f2e,SEKAWAN LIMO 2 GUNUNG KLAWIH,cgv,,26023300,,,,2D,2026-05-27,fb2a52c0-f184-4360-a0ea-68053a275bba,2026-05-27T16:19:58.578755
1cf8058b-ab27-4e37-9003-7bff020a0f2e,CHILDREN OF HEAVEN,cgv,,26012100,,,,2D,2026-05-27,6c6e943d-93cd-4a21-a913-49e8d96fd1d1,2026-05-27T16:19:58.578784
1cf8058b-ab27-4e37-9003-7bff020a0f2e,BADUT GENDONG,cgv,,26016800,,,,2D,2026-05-27,19f6b87e-9ed9-4279-82b4-b12ad3846d72,2026-05-27T16:19:58.578801
1cf8058b-ab27-4e37-9003-7bff020a0f2e,TUMBAL PROYEK,cgv,,26014300,,,,2D,2026-05-27,a27d5cda-8ca4-4199-856d-14a09575cfb6,2026-05-27T16:19:58.578816
1cf8058b-ab27-4e37-9003-7bff020a0f2e,STAR WARS THE MANDALORIAN AND GROGU,cgv,,26021200,,,,2D,2026-05-27,aa2df421-5838-4fe7-86d9-1e4aa5b33a76,2026-05-27T16:19:58.578832
1cf8058b-ab27-4e37-9003-7bff020a0f2e,SUAMIKU LUKAKU,cgv,,26025400,,,,2D,2026-05-27,e742e7e2-21eb-47e4-bb1a-4fc04661f553,2026-05-27T16:19:58.578847
1cf8058b-ab27-4e37-9003-7bff020a0f2e,SEMUA AKAN BAIK BAIK SAJA,cgv,,26018100,,,,2D,2026-05-27,d00217a6-1127-4838-8d53-1e4467ccc163,2026-05-27T16:19:58.578861
1cf8058b-ab27-4e37-9003-7bff020a0f2e,PASSENGER,cgv,,26023100,,,,2D,2026-05-27,2390c2e2-316b-48f3-9a7d-0415f32aef65,2026-05-27T16:19:58.578876
1cf8058b-ab27-4e37-9003-7bff020a0f2e,GUDANG MERICA,cgv,,26019400,,,,2D,2026-05-27,e264119f-9457-4d87-a583-3b71c5ebd46f,2026-05-27T16:19:58.578890
1cf8058b-ab27-4e37-9003-7bff020a0f2e,GHOST IN THE CELL,cgv,,26011800,,,,2D,2026-05-27,52ea3c15-d266-4bda-bb76-cfdf277943e3,2026-05-27T16:19:58.578905
1cf8058b-ab27-4e37-9003-7bff020a0f2e,MORTAL KOMBAT II,cgv,,26018200,,,,2D,2026-05-27,baaa9b6f-eb0d-476a-a51f-59fc624e121f,2026-05-27T16:19:58.578921
1cf8058b-ab27-4e37-9003-7bff020a0f2e,HOKUM,cgv,,26024600,,,,2D,2026-05-27,8e2c7f29-4bbd-463e-92d7-de564633bc05,2026-05-27T16:19:58.578935
1cf8058b-ab27-4e37-9003-7bff020a0f2e,TIBA TIBA SETAN,cgv,,26007500,,,,2D,2026-05-27,1333511f-5636-41bd-8a37-0c972d52df47,2026-05-27T16:19:58.578950
1cf8058b-ab27-4e37-9003-7bff020a0f2e,DILAN ITB 1997,cgv,,26016100,,,,2D,2026-05-27,f0fde8fc-ac2c-401a-a73f-4687405c6449,2026-05-27T16:19:58.578965
1cf8058b-ab27-4e37-9003-7bff020a0f2e,YANG LAIN BOLEH HILANG ASAL KAU JANGAN,cgv,,26018300,,,,2D,2026-05-27,c69e5d88-2740-47af-bb40-856b9acd103a,2026-05-27T16:19:58.578980
1cf8058b-ab27-4e37-9003-7bff020a0f2e,SALMOKJI WHISPERING WATER,cgv,,26019100,,,,2D,2026-05-27,17d42d02-03d9-4b64-b428-a65a9c221f8c,2026-05-27T16:19:58.578994
1cf8058b-ab27-4e37-9003-7bff020a0f2e,THE KINGS WARDEN,cgv,,26015000,,,,2D,2026-05-27,ccc4e45a-7210-4c3d-abdc-9bcfb0ff3ab4,2026-05-27T16:19:58.579008
1cf8058b-ab27-4e37-9003-7bff020a0f2e,GOHAN,cgv,,26022500,,,,2D,2026-05-27,6443ee22-e688-4a46-8ef6-2246861f9f28,2026-05-27T16:19:58.579021
1cf8058b-ab27-4e37-9003-7bff020a0f2e,THE SHEEP DETECTIVES,cgv,,26019500,,,,2D,2026-05-27,7bc12f52-8132-4098-a195-582f82912f1f,2026-05-27T16:19:58.579036
1cf8058b-ab27-4e37-9003-7bff020a0f2e,AYAH INI ARAHNYA KEMANA YA,cgv,,26011000,,,,2D,2026-05-27,87ab07e7-00ce-46db-ab28-ee002472d67f,2026-05-27T16:19:58.579051
1cf8058b-ab27-4e37-9003-7bff020a0f2e,STAR WARS THE MANDALORIAN AND GROGU 3D,cgv,,26025200,,,,2D,2026-05-27,0a980083-a0b9-46fe-ad1c-2c0fa835c22d,2026-05-27T16:19:58.579067
1cf8058b-ab27-4e37-9003-7bff020a0f2e,THE DEVIL WEARS PRADA 2,cgv,,26019800,,,,2D,2026-05-27,cad2d467-6615-4437-8a9c-bdf46eba7b7c,2026-05-27T16:19:58.579081
1cf8058b-ab27-4e37-9003-7bff020a0f2e,NA WILLA,cgv,,26003200,,,,2D,2026-05-27,0c9b16e0-e356-4f0b-a648-2c1ae46ade43,2026-05-27T16:19:58.579096
1cf8058b-ab27-4e37-9003-7bff020a0f2e,KELUARGA SUAMI ADALAH HAMA,cgv,,26017700,,,,2D,2026-05-27,3951c11c-7cd6-46e5-a407-7d5d2172000b,2026-05-27T16:19:58.579110
40926b06-ed85-4f30-a27a-2bead7ec71ab,SEKAWAN LIMO 2 GUNUNG KLAWIH,cgv,,26023300,,,,2D,2026-05-27,fe1c3146-e6df-4ddf-8a19-bbd7479d3a76,2026-05-27T16:19:58.757552
40926b06-ed85-4f30-a27a-2bead7ec71ab,CHILDREN OF HEAVEN,cgv,,26012100,,,,2D,2026-05-27,89761ccc-3df8-4f1b-a3a9-e90b254be657,2026-05-27T16:19:58.757572
40926b06-ed85-4f30-a27a-2bead7ec71ab,BADUT GENDONG,cgv,,26016800,,,,2D,2026-05-27,956357de-5a8c-4a3e-8066-7ba21485ca43,2026-05-27T16:19:58.757587
40926b06-ed85-4f30-a27a-2bead7ec71ab,TUMBAL PROYEK,cgv,,26014300,,,,2D,2026-05-27,46347271-2bca-4a65-b32c-6536b16566d6,2026-05-27T16:19:58.757600
40926b06-ed85-4f30-a27a-2bead7ec71ab,STAR WARS THE MANDALORIAN AND GROGU,cgv,,26021200,,,,2D,2026-05-27,46e18206-66cc-4323-b52e-2e5104da7801,2026-05-27T16:19:58.757614
40926b06-ed85-4f30-a27a-2bead7ec71ab,SUAMIKU LUKAKU,cgv,,26025400,,,,2D,2026-05-27,448c6853-6fd8-41fa-818b-484eedc19378,2026-05-27T16:19:58.757626
40926b06-ed85-4f30-a27a-2bead7ec71ab,SEMUA AKAN BAIK BAIK SAJA,cgv,,26018100,,,,2D,2026-05-27,9e9db592-65e1-4161-84d1-e6b5edd343a7,2026-05-27T16:19:58.757639
40926b06-ed85-4f30-a27a-2bead7ec71ab,PASSENGER,cgv,,26023100,,,,2D,2026-05-27,a6b924af-1de1-42cf-b171-d50b6d8da3e5,2026-05-27T16:19:58.757651
40926b06-ed85-4f30-a27a-2bead7ec71ab,GUDANG MERICA,cgv,,26019400,,,,2D,2026-05-27,00792ac5-e906-44e9-a75f-6ffc975cd879,2026-05-27T16:19:58.757665
40926b06-ed85-4f30-a27a-2bead7ec71ab,GHOST IN THE CELL,cgv,,26011800,,,,2D,2026-05-27,6aa9994d-1363-4e76-900c-666a154a508d,2026-05-27T16:19:58.757678
40926b06-ed85-4f30-a27a-2bead7ec71ab,MORTAL KOMBAT II,cgv,,26018200,,,,2D,2026-05-27,e906a6d2-99f9-42ed-9e8d-016b9c7d0911,2026-05-27T16:19:58.757690
40926b06-ed85-4f30-a27a-2bead7ec71ab,HOKUM,cgv,,26024600,,,,2D,2026-05-27,c16213ce-f448-4b5f-8d51-8f452bd35105,2026-05-27T16:19:58.757702
40926b06-ed85-4f30-a27a-2bead7ec71ab,TIBA TIBA SETAN,cgv,,26007500,,,,2D,2026-05-27,a1a1ebf6-f5d9-44e1-836a-de075658e145,2026-05-27T16:19:58.757714
40926b06-ed85-4f30-a27a-2bead7ec71ab,DILAN ITB 1997,cgv,,26016100,,,,2D,2026-05-27,db33ec1e-11a3-4fb6-8b2d-099d65c651c3,2026-05-27T16:19:58.757726
40926b06-ed85-4f30-a27a-2bead7ec71ab,YANG LAIN BOLEH HILANG ASAL KAU JANGAN,cgv,,26018300,,,,2D,2026-05-27,533d170c-ad92-4fce-8daf-2c69b8203f89,2026-05-27T16:19:58.757738
40926b06-ed85-4f30-a27a-2bead7ec71ab,SALMOKJI WHISPERING WATER,cgv,,26019100,,,,2D,2026-05-27,5acc3286-57cd-4b1f-a94a-f055b9efa445,2026-05-27T16:19:58.757750
40926b06-ed85-4f30-a27a-2bead7ec71ab,THE KINGS WARDEN,cgv,,26015000,,,,2D,2026-05-27,b08f2705-a1c2-44c5-9e7a-b712e12b6383,2026-05-27T16:19:58.757763
40926b06-ed85-4f30-a27a-2bead7ec71ab,GOHAN,cgv,,26022500,,,,2D,2026-05-27,9d64f929-5597-4e36-a239-e2f224cb798f,2026-05-27T16:19:58.757775
40926b06-ed85-4f30-a27a-2bead7ec71ab,THE SHEEP DETECTIVES,cgv,,26019500,,,,2D,2026-05-27,8e8ca9f4-01ce-4015-be0e-70a9bf0af7b3,2026-05-27T16:19:58.757788
40926b06-ed85-4f30-a27a-2bead7ec71ab,AYAH INI ARAHNYA KEMANA YA,cgv,,26011000,,,,2D,2026-05-27,f24b252f-c359-4528-8c6c-69c4440411f0,2026-05-27T16:19:58.757800
40926b06-ed85-4f30-a27a-2bead7ec71ab,STAR WARS THE MANDALORIAN AND GROGU 3D,cgv,,26025200,,,,2D,2026-05-27,66cd1dc9-184a-4370-9601-1c36f606da9f,2026-05-27T16:19:58.757814
40926b06-ed85-4f30-a27a-2bead7ec71ab,THE DEVIL WEARS PRADA 2,cgv,,26019800,,,,2D,2026-05-27,02966b7e-faed-4f7d-8eb0-55d02c57afad,2026-05-27T16:19:58.757827
40926b06-ed85-4f30-a27a-2bead7ec71ab,NA WILLA,cgv,,26003200,,,,2D,2026-05-27,1e0a9af6-ceac-480a-80ed-61d69b0ca602,2026-05-27T16:19:58.757839
40926b06-ed85-4f30-a27a-2bead7ec71ab,KELUARGA SUAMI ADALAH HAMA,cgv,,26017700,,,,2D,2026-05-27,9000084f-147c-4dbf-87b2-1b4e79e41be3,2026-05-27T16:19:58.757851
644b9722-fdb0-4177-a598-31eaf1fa9525,SEKAWAN LIMO 2 GUNUNG KLAWIH,cgv,,26023300,,,,2D,2026-05-27,ee207f01-6ecf-40fe-8e08-62b6f6734e25,2026-05-27T16:20:00.690790
644b9722-fdb0-4177-a598-31eaf1fa9525,CHILDREN OF HEAVEN,cgv,,26012100,,,,2D,2026-05-27,e4d3e65e-cc98-4ef4-a593-edf28aa39845,2026-05-27T16:20:00.690828
644b9722-fdb0-4177-a598-31eaf1fa9525,BADUT GENDONG,cgv,,26016800,,,,2D,2026-05-27,74bba23a-8784-4a97-8014-aeb917e88ed3,2026-05-27T16:20:00.690861
644b9722-fdb0-4177-a598-31eaf1fa9525,TUMBAL PROYEK,cgv,,26014300,,,,2D,2026-05-27,a27addba-9d39-42c6-9485-0e1b6a3ca7e1,2026-05-27T16:20:00.690889
644b9722-fdb0-4177-a598-31eaf1fa9525,STAR WARS THE MANDALORIAN AND GROGU,cgv,,26021200,,,,2D,2026-05-27,e2f283fd-f9ff-4886-99e3-4b645a0da69b,2026-05-27T16:20:00.690917
644b9722-fdb0-4177-a598-31eaf1fa9525,SUAMIKU LUKAKU,cgv,,26025400,,,,2D,2026-05-27,20cb0b04-58ed-4753-b503-92e01593ed75,2026-05-27T16:20:00.690942
644b9722-fdb0-4177-a598-31eaf1fa9525,SEMUA AKAN BAIK BAIK SAJA,cgv,,26018100,,,,2D,2026-05-27,0aa1393d-b981-4c4a-aed1-f0e3fc0a5e9a,2026-05-27T16:20:00.690968
644b9722-fdb0-4177-a598-31eaf1fa9525,PASSENGER,cgv,,26023100,,,,2D,2026-05-27,79a097eb-4ccb-463a-ae97-3ca7821fb2c1,2026-05-27T16:20:00.690993
644b9722-fdb0-4177-a598-31eaf1fa9525,GUDANG MERICA,cgv,,26019400,,,,2D,2026-05-27,16178c23-af9e-4534-98eb-c7ee8409e1c7,2026-05-27T16:20:00.691018
644b9722-fdb0-4177-a598-31eaf1fa9525,GHOST IN THE CELL,cgv,,26011800,,,,2D,2026-05-27,f792bfb3-9567-4175-a771-73d1cf1f8fd4,2026-05-27T16:20:00.691043
644b9722-fdb0-4177-a598-31eaf1fa9525,MORTAL KOMBAT II,cgv,,26018200,,,,2D,2026-05-27,b3dc458f-0b73-45d4-805f-d17aa9a7d71b,2026-05-27T16:20:00.691068
644b9722-fdb0-4177-a598-31eaf1fa9525,HOKUM,cgv,,26024600,,,,2D,2026-05-27,daad8579-54b7-4bbc-8238-03a8a4e06020,2026-05-27T16:20:00.691092
644b9722-fdb0-4177-a598-31eaf1fa9525,TIBA TIBA SETAN,cgv,,26007500,,,,2D,2026-05-27,dcebdad1-d2e5-44d4-a767-a979c32d0a37,2026-05-27T16:20:00.691117
644b9722-fdb0-4177-a598-31eaf1fa9525,DILAN ITB 1997,cgv,,26016100,,,,2D,2026-05-27,92c6ab48-4876-4861-a242-ffa83ffc5269,2026-05-27T16:20:00.691141
644b9722-fdb0-4177-a598-31eaf1fa9525,YANG LAIN BOLEH HILANG ASAL KAU JANGAN,cgv,,26018300,,,,2D,2026-05-27,e69a23fa-b8fc-4db8-9c1c-29ede7393b0b,2026-05-27T16:20:00.691165
644b9722-fdb0-4177-a598-31eaf1fa9525,SALMOKJI WHISPERING WATER,cgv,,26019100,,,,2D,2026-05-27,ef953194-4bc8-49c7-884b-1aa16f3d4751,2026-05-27T16:20:00.691191
644b9722-fdb0-4177-a598-31eaf1fa9525,THE KINGS WARDEN,cgv,,26015000,,,,2D,2026-05-27,f23e6ce7-4d49-4a25-89b3-5241f8d93119,2026-05-27T16:20:00.691214
644b9722-fdb0-4177-a598-31eaf1fa9525,GOHAN,cgv,,26022500,,,,2D,2026-05-27,f581f938-862b-44cf-9f24-a7908ab86c60,2026-05-27T16:20:00.691238
644b9722-fdb0-4177-a598-31eaf1fa9525,THE SHEEP DETECTIVES,cgv,,26019500,,,,2D,2026-05-27,f732a7cd-5e82-4a96-b9cd-b6e85cc33f55,2026-05-27T16:20:00.691443
644b9722-fdb0-4177-a598-31eaf1fa9525,AYAH INI ARAHNYA KEMANA YA,cgv,,26011000,,,,2D,2026-05-27,d355280b-d158-4ff6-8b71-db3e30675f9f,2026-05-27T16:20:00.691471
644b9722-fdb0-4177-a598-31eaf1fa9525,STAR WARS THE MANDALORIAN AND GROGU 3D,cgv,,26025200,,,,2D,2026-05-27,e3599e1e-7331-472a-8e09-f4d1f6755d5f,2026-05-27T16:20:00.691496
644b9722-fdb0-4177-a598-31eaf1fa9525,THE DEVIL WEARS PRADA 2,cgv,,26019800,,,,2D,2026-05-27,6a81dcd6-88d4-40fb-bd9f-99d1ffbc7e8b,2026-05-27T16:20:00.691522
644b9722-fdb0-4177-a598-31eaf1fa9525,NA WILLA,cgv,,26003200,,,,2D,2026-05-27,9405407b-421b-4882-9ef1-1df26287894d,2026-05-27T16:20:00.691547
644b9722-fdb0-4177-a598-31eaf1fa9525,KELUARGA SUAMI ADALAH HAMA,cgv,,26017700,,,,2D,2026-05-27,19accabb-a23f-486b-a56e-f4b7093b8bca,2026-05-27T16:20:00.691571
6526167d-7580-47e4-84dd-92d919551f07,SEKAWAN LIMO 2 GUNUNG KLAWIH,cgv,,26023300,,,,2D,2026-05-27,23619b80-5545-499d-a4de-c0b983bb4538,2026-05-27T16:20:01.332329
6526167d-7580-47e4-84dd-92d919551f07,CHILDREN OF HEAVEN,cgv,,26012100,,,,2D,2026-05-27,e0fa8bcf-1d54-422a-83b5-bafd610c766e,2026-05-27T16:20:01.332411
6526167d-7580-47e4-84dd-92d919551f07,BADUT GENDONG,cgv,,26016800,,,,2D,2026-05-27,00ab4f52-d9f6-4cbf-8320-3a8d07b98d09,2026-05-27T16:20:01.332435
6526167d-7580-47e4-84dd-92d919551f07,TUMBAL PROYEK,cgv,,26014300,,,,2D,2026-05-27,633eb0af-60aa-4f22-966e-f400bc82c674,2026-05-27T16:20:01.332449
6526167d-7580-47e4-84dd-92d919551f07,STAR WARS THE MANDALORIAN AND GROGU,cgv,,26021200,,,,2D,2026-05-27,80793df8-9a14-4808-8940-9778df29d36e,2026-05-27T16:20:01.332462
6526167d-7580-47e4-84dd-92d919551f07,SUAMIKU LUKAKU,cgv,,26025400,,,,2D,2026-05-27,08192475-da1c-44d8-b0d8-df81538db8e0,2026-05-27T16:20:01.332473
6526167d-7580-47e4-84dd-92d919551f07,SEMUA AKAN BAIK BAIK SAJA,cgv,,26018100,,,,2D,2026-05-27,b8cdb695-90de-4e1f-82fe-4678b973bb55,2026-05-27T16:20:01.332485
6526167d-7580-47e4-84dd-92d919551f07,PASSENGER,cgv,,26023100,,,,2D,2026-05-27,d40248a7-ca72-4700-bf34-a3d21879b1a9,2026-05-27T16:20:01.332496
6526167d-7580-47e4-84dd-92d919551f07,GUDANG MERICA,cgv,,26019400,,,,2D,2026-05-27,e263cc03-c393-40fe-bf4f-d0c98223d5cb,2026-05-27T16:20:01.332506
6526167d-7580-47e4-84dd-92d919551f07,GHOST IN THE CELL,cgv,,26011800,,,,2D,2026-05-27,ff645c47-c2f1-4ddd-be83-57f08a372e85,2026-05-27T16:20:01.332517
6526167d-7580-47e4-84dd-92d919551f07,MORTAL KOMBAT II,cgv,,26018200,,,,2D,2026-05-27,2a7e7918-6ac2-43bf-a71d-947552fe731f,2026-05-27T16:20:01.332528
6526167d-7580-47e4-84dd-92d919551f07,HOKUM,cgv,,26024600,,,,2D,2026-05-27,c0995a6d-5c4c-4a21-8f4a-d3aa5b0637b1,2026-05-27T16:20:01.332538
6526167d-7580-47e4-84dd-92d919551f07,TIBA TIBA SETAN,cgv,,26007500,,,,2D,2026-05-27,7717e9ea-d4cc-4916-bfd7-32658be7faf9,2026-05-27T16:20:01.332549
6526167d-7580-47e4-84dd-92d919551f07,DILAN ITB 1997,cgv,,26016100,,,,2D,2026-05-27,9a41d3e9-06fc-4eb3-af64-d2f3cc856f6e,2026-05-27T16:20:01.332560
6526167d-7580-47e4-84dd-92d919551f07,YANG LAIN BOLEH HILANG ASAL KAU JANGAN,cgv,,26018300,,,,2D,2026-05-27,40d5cccd-e3dd-4e88-8eb3-73a05bdf8eb0,2026-05-27T16:20:01.332571
6526167d-7580-47e4-84dd-92d919551f07,SALMOKJI WHISPERING WATER,cgv,,26019100,,,,2D,2026-05-27,4a23791d-2674-475f-a174-2c5a86b61cde,2026-05-27T16:20:01.332582
6526167d-7580-47e4-84dd-92d919551f07,THE KINGS WARDEN,cgv,,26015000,,,,2D,2026-05-27,4d10177e-d65b-4c6d-9fb9-f3e83cad0e79,2026-05-27T16:20:01.332592
6526167d-7580-47e4-84dd-92d919551f07,GOHAN,cgv,,26022500,,,,2D,2026-05-27,9636269a-f410-49ae-8d9d-f94790249b50,2026-05-27T16:20:01.332605
6526167d-7580-47e4-84dd-92d919551f07,THE SHEEP DETECTIVES,cgv,,26019500,,,,2D,2026-05-27,d741c478-246f-40c8-9155-4f8d28bdf7f0,2026-05-27T16:20:01.332617
6526167d-7580-47e4-84dd-92d919551f07,AYAH INI ARAHNYA KEMANA YA,cgv,,26011000,,,,2D,2026-05-27,011505c9-e1f2-412c-b997-94df0aa189f6,2026-05-27T16:20:01.332628
6526167d-7580-47e4-84dd-92d919551f07,STAR WARS THE MANDALORIAN AND GROGU 3D,cgv,,26025200,,,,2D,2026-05-27,9e7d5541-258a-41fc-91f9-688899a3a3d6,2026-05-27T16:20:01.332638
6526167d-7580-47e4-84dd-92d919551f07,THE DEVIL WEARS PRADA 2,cgv,,26019800,,,,2D,2026-05-27,fe9f7c2d-0eeb-47b8-b56f-b391729eddf7,2026-05-27T16:20:01.332648
6526167d-7580-47e4-84dd-92d919551f07,NA WILLA,cgv,,26003200,,,,2D,2026-05-27,1570a384-b6a5-46b2-b1ee-bed96d285860,2026-05-27T16:20:01.332659
6526167d-7580-47e4-84dd-92d919551f07,KELUARGA SUAMI ADALAH HAMA,cgv,,26017700,,,,2D,2026-05-27,0a2e80ca-3b9f-446d-a815-9e4bc31835e7,2026-05-27T16:20:01.332669
d8e06f3c-7ffe-4aae-8cdc-94e149b0349a,SEKAWAN LIMO 2 GUNUNG KLAWIH,cgv,,26023300,,,,2D,2026-05-27,1d16f54f-97b5-411f-8d91-795bae5279cd,2026-05-27T16:20:01.622198
d8e06f3c-7ffe-4aae-8cdc-94e149b0349a,CHILDREN OF HEAVEN,cgv,,26012100,,,,2D,2026-05-27,bb1f08af-fd4f-4aae-9fd9-9d06083eefde,2026-05-27T16:20:01.622219
d8e06f3c-7ffe-4aae-8cdc-94e149b0349a,BADUT GENDONG,cgv,,26016800,,,,2D,2026-05-27,65f32148-2bd9-4ef4-bb3b-68cfdb6cf185,2026-05-27T16:20:01.622234
d8e06f3c-7ffe-4aae-8cdc-94e149b0349a,TUMBAL PROYEK,cgv,,26014300,,,,2D,2026-05-27,9763032e-ddb4-408d-9cb8-b30f5a97d44d,2026-05-27T16:20:01.622248
d8e06f3c-7ffe-4aae-8cdc-94e149b0349a,STAR WARS THE MANDALORIAN AND GROGU,cgv,,26021200,,,,2D,2026-05-27,d4f8df41-fe67-487f-ae26-4bb38df59615,2026-05-27T16:20:01.622262
d8e06f3c-7ffe-4aae-8cdc-94e149b0349a,SUAMIKU LUKAKU,cgv,,26025400,,,,2D,2026-05-27,e40b8801-60a0-4b7b-ae1e-c3ac15be31b6,2026-05-27T16:20:01.622274
d8e06f3c-7ffe-4aae-8cdc-94e149b0349a,SEMUA AKAN BAIK BAIK SAJA,cgv,,26018100,,,,2D,2026-05-27,74a1992e-77dc-4cce-91d4-0c03d4693ece,2026-05-27T16:20:01.622287
d8e06f3c-7ffe-4aae-8cdc-94e149b0349a,PASSENGER,cgv,,26023100,,,,2D,2026-05-27,8664e90b-e580-44ce-9fca-9cda0980b348,2026-05-27T16:20:01.622299
d8e06f3c-7ffe-4aae-8cdc-94e149b0349a,GUDANG MERICA,cgv,,26019400,,,,2D,2026-05-27,2138ffee-bced-4b8e-9152-03397926eedb,2026-05-27T16:20:01.622311
d8e06f3c-7ffe-4aae-8cdc-94e149b0349a,GHOST IN THE CELL,cgv,,26011800,,,,2D,2026-05-27,cfd0edfe-2b58-4e17-afe2-e8c0ef6e10bd,2026-05-27T16:20:01.622323
d8e06f3c-7ffe-4aae-8cdc-94e149b0349a,MORTAL KOMBAT II,cgv,,26018200,,,,2D,2026-05-27,5d34015a-0e2b-442a-9b26-df3de57e251f,2026-05-27T16:20:01.622335
d8e06f3c-7ffe-4aae-8cdc-94e149b0349a,HOKUM,cgv,,26024600,,,,2D,2026-05-27,0904f9bf-bdab-45fc-9670-b5804586e1c0,2026-05-27T16:20:01.622348
d8e06f3c-7ffe-4aae-8cdc-94e149b0349a,TIBA TIBA SETAN,cgv,,26007500,,,,2D,2026-05-27,65723f75-8334-425c-80cb-094d3a943fec,2026-05-27T16:20:01.622360
d8e06f3c-7ffe-4aae-8cdc-94e149b0349a,DILAN ITB 1997,cgv,,26016100,,,,2D,2026-05-27,eaff8659-19a5-40d5-957b-90c5f6f9d0fd,2026-05-27T16:20:01.622371
d8e06f3c-7ffe-4aae-8cdc-94e149b0349a,YANG LAIN BOLEH HILANG ASAL KAU JANGAN,cgv,,26018300,,,,2D,2026-05-27,829f4750-d16d-4e70-9b79-46d9d35e432f,2026-05-27T16:20:01.622384
d8e06f3c-7ffe-4aae-8cdc-94e149b0349a,SALMOKJI WHISPERING WATER,cgv,,26019100,,,,2D,2026-05-27,331afef0-6c0e-42c1-93c0-d97407376431,2026-05-27T16:20:01.622396
d8e06f3c-7ffe-4aae-8cdc-94e149b0349a,THE KINGS WARDEN,cgv,,26015000,,,,2D,2026-05-27,4b56ea39-e0b6-45f1-85a1-2f58e0ceeb77,2026-05-27T16:20:01.622407
d8e06f3c-7ffe-4aae-8cdc-94e149b0349a,GOHAN,cgv,,26022500,,,,2D,2026-05-27,9d57ec31-59c9-47fa-84a6-933c1445660b,2026-05-27T16:20:01.622419
d8e06f3c-7ffe-4aae-8cdc-94e149b0349a,THE SHEEP DETECTIVES,cgv,,26019500,,,,2D,2026-05-27,69dbd4ae-4b0e-4b08-9efd-bad76022000d,2026-05-27T16:20:01.622432
d8e06f3c-7ffe-4aae-8cdc-94e149b0349a,AYAH INI ARAHNYA KEMANA YA,cgv,,26011000,,,,2D,2026-05-27,3691c2ea-f506-4573-8858-119ed658965d,2026-05-27T16:20:01.622455
d8e06f3c-7ffe-4aae-8cdc-94e149b0349a,STAR WARS THE MANDALORIAN AND GROGU 3D,cgv,,26025200,,,,2D,2026-05-27,c9b61f26-b809-4550-9ab4-3a18bb0d3516,2026-05-27T16:20:01.622469
d8e06f3c-7ffe-4aae-8cdc-94e149b0349a,THE DEVIL WEARS PRADA 2,cgv,,26019800,,,,2D,2026-05-27,5410a9a4-8ccc-4e06-978a-2ed619b9d398,2026-05-27T16:20:01.622481
d8e06f3c-7ffe-4aae-8cdc-94e149b0349a,NA WILLA,cgv,,26003200,,,,2D,2026-05-27,3b761e3e-4a7d-4f54-89bf-1a08ef8b6426,2026-05-27T16:20:01.622493
d8e06f3c-7ffe-4aae-8cdc-94e149b0349a,KELUARGA SUAMI ADALAH HAMA,cgv,,26017700,,,,2D,2026-05-27,ebb4f7c9-8ea8-4c9c-9b1b-efa4e5be0e43,2026-05-27T16:20:01.622505
64fec991-0011-43f6-aa75-eae9463f879b,SEKAWAN LIMO 2 GUNUNG KLAWIH,cgv,,26023300,,,,2D,2026-05-27,dfac78d6-7685-433a-9962-0e1c7bb4ec3c,2026-05-27T16:20:02.110857
64fec991-0011-43f6-aa75-eae9463f879b,CHILDREN OF HEAVEN,cgv,,26012100,,,,2D,2026-05-27,cd811b42-a17b-4c96-a40e-98736fc2cd05,2026-05-27T16:20:02.110898
64fec991-0011-43f6-aa75-eae9463f879b,BADUT GENDONG,cgv,,26016800,,,,2D,2026-05-27,319c3c3f-4782-4e5f-b95d-c1ef94b97c1f,2026-05-27T16:20:02.110929
64fec991-0011-43f6-aa75-eae9463f879b,TUMBAL PROYEK,cgv,,26014300,,,,2D,2026-05-27,022255d2-5bd8-47b8-b8b5-443c66739f46,2026-05-27T16:20:02.110958
64fec991-0011-43f6-aa75-eae9463f879b,STAR WARS THE MANDALORIAN AND GROGU,cgv,,26021200,,,,2D,2026-05-27,d728ad39-6989-42c1-9086-9c3d9692a849,2026-05-27T16:20:02.110987
64fec991-0011-43f6-aa75-eae9463f879b,SUAMIKU LUKAKU,cgv,,26025400,,,,2D,2026-05-27,954e146c-5dd8-400a-af45-52fc483042d8,2026-05-27T16:20:02.111015
64fec991-0011-43f6-aa75-eae9463f879b,SEMUA AKAN BAIK BAIK SAJA,cgv,,26018100,,,,2D,2026-05-27,5ffa4a5a-fa85-4b62-8550-4c6a2c0f7d3e,2026-05-27T16:20:02.111042
64fec991-0011-43f6-aa75-eae9463f879b,PASSENGER,cgv,,26023100,,,,2D,2026-05-27,b500a2a8-7644-424b-b39b-d1aa5479f5d4,2026-05-27T16:20:02.111068
64fec991-0011-43f6-aa75-eae9463f879b,GUDANG MERICA,cgv,,26019400,,,,2D,2026-05-27,37c828f9-56fa-4b20-a86e-f1d4b3734a02,2026-05-27T16:20:02.111094
64fec991-0011-43f6-aa75-eae9463f879b,GHOST IN THE CELL,cgv,,26011800,,,,2D,2026-05-27,b4532bc2-d36b-48a3-b277-5a4145a8bfe4,2026-05-27T16:20:02.111120
64fec991-0011-43f6-aa75-eae9463f879b,MORTAL KOMBAT II,cgv,,26018200,,,,2D,2026-05-27,57c9aa10-c848-4cf1-8f2d-c4dcf054662d,2026-05-27T16:20:02.111147
64fec991-0011-43f6-aa75-eae9463f879b,HOKUM,cgv,,26024600,,,,2D,2026-05-27,ec6ffcdf-21a4-44e1-9425-37dd1871c304,2026-05-27T16:20:02.111175
64fec991-0011-43f6-aa75-eae9463f879b,TIBA TIBA SETAN,cgv,,26007500,,,,2D,2026-05-27,26b666c2-23d0-4428-91e3-178b533708aa,2026-05-27T16:20:02.111200
64fec991-0011-43f6-aa75-eae9463f879b,DILAN ITB 1997,cgv,,26016100,,,,2D,2026-05-27,3b00d872-d4d5-4629-9d00-00a80c5cdb05,2026-05-27T16:20:02.111225
64fec991-0011-43f6-aa75-eae9463f879b,YANG LAIN BOLEH HILANG ASAL KAU JANGAN,cgv,,26018300,,,,2D,2026-05-27,ad7da5f2-4da1-4eb0-afc1-2761bc295c6a,2026-05-27T16:20:02.111250
64fec991-0011-43f6-aa75-eae9463f879b,SALMOKJI WHISPERING WATER,cgv,,26019100,,,,2D,2026-05-27,984934ce-600d-44cc-a3a8-a7438cae7e13,2026-05-27T16:20:02.111275
64fec991-0011-43f6-aa75-eae9463f879b,THE KINGS WARDEN,cgv,,26015000,,,,2D,2026-05-27,6f9c429f-e67c-41c7-8aa8-1d9dd23398b8,2026-05-27T16:20:02.111299
64fec991-0011-43f6-aa75-eae9463f879b,GOHAN,cgv,,26022500,,,,2D,2026-05-27,2aec226e-10e2-4536-9b5b-151374e6f774,2026-05-27T16:20:02.111324
64fec991-0011-43f6-aa75-eae9463f879b,THE SHEEP DETECTIVES,cgv,,26019500,,,,2D,2026-05-27,84adc0db-68f7-4a0d-a547-0f95b262d753,2026-05-27T16:20:02.111351
64fec991-0011-43f6-aa75-eae9463f879b,AYAH INI ARAHNYA KEMANA YA,cgv,,26011000,,,,2D,2026-05-27,5e4cd58f-03a2-4cb1-9daf-27465937b4b0,2026-05-27T16:20:02.111376
64fec991-0011-43f6-aa75-eae9463f879b,STAR WARS THE MANDALORIAN AND GROGU 3D,cgv,,26025200,,,,2D,2026-05-27,a43cd44b-a0d6-44f7-a48b-a8ae443fbd08,2026-05-27T16:20:02.111401
64fec991-0011-43f6-aa75-eae9463f879b,THE DEVIL WEARS PRADA 2,cgv,,26019800,,,,2D,2026-05-27,6aa03c8c-d696-47d6-9e75-f5bbf540fa01,2026-05-27T16:20:02.111426
64fec991-0011-43f6-aa75-eae9463f879b,NA WILLA,cgv,,26003200,,,,2D,2026-05-27,d5d77e98-74ce-49ff-9114-b316c7f2fc00,2026-05-27T16:20:02.111452
64fec991-0011-43f6-aa75-eae9463f879b,KELUARGA SUAMI ADALAH HAMA,cgv,,26017700,,,,2D,2026-05-27,c20fa78d-8cc4-4504-a9d2-45da3c35f636,2026-05-27T16:20:02.111477
0da0c572-b69e-4f47-80f3-46e80d7c37b4,SEKAWAN LIMO 2 GUNUNG KLAWIH,cgv,,26023300,,,,2D,2026-05-27,6255b544-b8d8-4686-a405-7cb69b4d836b,2026-05-27T16:20:02.121120
0da0c572-b69e-4f47-80f3-46e80d7c37b4,CHILDREN OF HEAVEN,cgv,,26012100,,,,2D,2026-05-27,73460554-78d4-45a0-b351-3133aa1793af,2026-05-27T16:20:02.121149
0da0c572-b69e-4f47-80f3-46e80d7c37b4,BADUT GENDONG,cgv,,26016800,,,,2D,2026-05-27,e5899bbc-d06f-4c94-9152-e899e683ba87,2026-05-27T16:20:02.121173
0da0c572-b69e-4f47-80f3-46e80d7c37b4,TUMBAL PROYEK,cgv,,26014300,,,,2D,2026-05-27,f4375062-af40-4533-9c71-d1024f9d60c7,2026-05-27T16:20:02.121195
0da0c572-b69e-4f47-80f3-46e80d7c37b4,STAR WARS THE MANDALORIAN AND GROGU,cgv,,26021200,,,,2D,2026-05-27,2ecedef9-61a5-46e7-bda6-147396585039,2026-05-27T16:20:02.121218
0da0c572-b69e-4f47-80f3-46e80d7c37b4,SUAMIKU LUKAKU,cgv,,26025400,,,,2D,2026-05-27,0b79f9fb-2b15-4c18-8e05-ca61f4cf7e87,2026-05-27T16:20:02.121240
0da0c572-b69e-4f47-80f3-46e80d7c37b4,SEMUA AKAN BAIK BAIK SAJA,cgv,,26018100,,,,2D,2026-05-27,92eedec9-fd4d-4da6-9600-c2f40a239449,2026-05-27T16:20:02.121262
0da0c572-b69e-4f47-80f3-46e80d7c37b4,PASSENGER,cgv,,26023100,,,,2D,2026-05-27,71241d93-edc3-44d5-9d05-7a793caf5e93,2026-05-27T16:20:02.121283
0da0c572-b69e-4f47-80f3-46e80d7c37b4,GUDANG MERICA,cgv,,26019400,,,,2D,2026-05-27,bec96dcb-334b-4073-b9bd-0a1d4717b7af,2026-05-27T16:20:02.121304
0da0c572-b69e-4f47-80f3-46e80d7c37b4,GHOST IN THE CELL,cgv,,26011800,,,,2D,2026-05-27,7cf63903-7947-403a-92a5-48e9eda116e4,2026-05-27T16:20:02.121324
0da0c572-b69e-4f47-80f3-46e80d7c37b4,MORTAL KOMBAT II,cgv,,26018200,,,,2D,2026-05-27,be815c30-e855-48b7-ab47-5df8bd54e904,2026-05-27T16:20:02.121345
0da0c572-b69e-4f47-80f3-46e80d7c37b4,HOKUM,cgv,,26024600,,,,2D,2026-05-27,d2a0c52e-8c51-44b6-a7a4-547add4f6ac0,2026-05-27T16:20:02.121366
0da0c572-b69e-4f47-80f3-46e80d7c37b4,TIBA TIBA SETAN,cgv,,26007500,,,,2D,2026-05-27,47f3c1bf-1db6-4916-8231-0f63adc3a279,2026-05-27T16:20:02.121387
0da0c572-b69e-4f47-80f3-46e80d7c37b4,DILAN ITB 1997,cgv,,26016100,,,,2D,2026-05-27,0cbaefe0-1048-48b4-87d2-181749a4314c,2026-05-27T16:20:02.121409
0da0c572-b69e-4f47-80f3-46e80d7c37b4,YANG LAIN BOLEH HILANG ASAL KAU JANGAN,cgv,,26018300,,,,2D,2026-05-27,c166255b-cf43-48f7-b9c3-15a45184f3a5,2026-05-27T16:20:02.121430
0da0c572-b69e-4f47-80f3-46e80d7c37b4,SALMOKJI WHISPERING WATER,cgv,,26019100,,,,2D,2026-05-27,702f29da-ca38-4f66-b022-ec12dc9e9d61,2026-05-27T16:20:02.121451
0da0c572-b69e-4f47-80f3-46e80d7c37b4,THE KINGS WARDEN,cgv,,26015000,,,,2D,2026-05-27,4e3eab2e-6726-45fa-84d7-98c240b4915c,2026-05-27T16:20:02.121471
0da0c572-b69e-4f47-80f3-46e80d7c37b4,GOHAN,cgv,,26022500,,,,2D,2026-05-27,44e4b217-5e26-436d-a058-ad6ba0bdc2af,2026-05-27T16:20:02.121492
0da0c572-b69e-4f47-80f3-46e80d7c37b4,THE SHEEP DETECTIVES,cgv,,26019500,,,,2D,2026-05-27,12188af4-90ad-4188-8439-d774c2d190a6,2026-05-27T16:20:02.121515
0da0c572-b69e-4f47-80f3-46e80d7c37b4,AYAH INI ARAHNYA KEMANA YA,cgv,,26011000,,,,2D,2026-05-27,d13c0b37-75ba-4d8a-9448-27996c928392,2026-05-27T16:20:02.121535
0da0c572-b69e-4f47-80f3-46e80d7c37b4,STAR WARS THE MANDALORIAN AND GROGU 3D,cgv,,26025200,,,,2D,2026-05-27,22e19205-d5d1-4cc5-906b-799d42fbf353,2026-05-27T16:20:02.121556
0da0c572-b69e-4f47-80f3-46e80d7c37b4,THE DEVIL WEARS PRADA 2,cgv,,26019800,,,,2D,2026-05-27,9d926625-11e0-434b-a2fa-f9c95b55a5fc,2026-05-27T16:20:02.121577
0da0c572-b69e-4f47-80f3-46e80d7c37b4,NA WILLA,cgv,,26003200,,,,2D,2026-05-27,c74ea66d-ef5b-4888-a453-5349556fbfc2,2026-05-27T16:20:02.121598
0da0c572-b69e-4f47-80f3-46e80d7c37b4,KELUARGA SUAMI ADALAH HAMA,cgv,,26017700,,,,2D,2026-05-27,187379ce-4d0a-46b6-8c15-f4def00db73a,2026-05-27T16:20:02.121618
7259573f-e92a-42ae-b211-fe6fcd5d2401,SEKAWAN LIMO 2 GUNUNG KLAWIH,cgv,,26023300,,,,2D,2026-05-27,9b117c86-9e55-4ab4-94f9-deb9d0bff3e9,2026-05-27T16:20:05.925625
7259573f-e92a-42ae-b211-fe6fcd5d2401,CHILDREN OF HEAVEN,cgv,,26012100,,,,2D,2026-05-27,50ef3b27-42da-4b8f-83a2-bbd9a1a619a6,2026-05-27T16:20:05.925668
7259573f-e92a-42ae-b211-fe6fcd5d2401,BADUT GENDONG,cgv,,26016800,,,,2D,2026-05-27,3a733ab0-dba4-42b9-b9cb-41b8bd4e9608,2026-05-27T16:20:05.925703
7259573f-e92a-42ae-b211-fe6fcd5d2401,TUMBAL PROYEK,cgv,,26014300,,,,2D,2026-05-27,85d8a5ff-337c-4697-8c71-8fa577071558,2026-05-27T16:20:05.925736
7259573f-e92a-42ae-b211-fe6fcd5d2401,STAR WARS THE MANDALORIAN AND GROGU,cgv,,26021200,,,,2D,2026-05-27,0a8ed6f7-4109-45cb-9d08-aa54b0a51bba,2026-05-27T16:20:05.925772
7259573f-e92a-42ae-b211-fe6fcd5d2401,SUAMIKU LUKAKU,cgv,,26025400,,,,2D,2026-05-27,3f86b43b-bc7d-40e6-8dfa-2bae97300004,2026-05-27T16:20:05.925805
7259573f-e92a-42ae-b211-fe6fcd5d2401,SEMUA AKAN BAIK BAIK SAJA,cgv,,26018100,,,,2D,2026-05-27,c7e0ac75-bd66-4183-8264-e4b6011c19b5,2026-05-27T16:20:05.925838
7259573f-e92a-42ae-b211-fe6fcd5d2401,PASSENGER,cgv,,26023100,,,,2D,2026-05-27,d6c00f9c-9903-48e1-b904-ca7ecf02fb38,2026-05-27T16:20:05.925869
7259573f-e92a-42ae-b211-fe6fcd5d2401,GUDANG MERICA,cgv,,26019400,,,,2D,2026-05-27,67f35904-d518-4321-8b2d-2f065af9c07f,2026-05-27T16:20:05.925901
7259573f-e92a-42ae-b211-fe6fcd5d2401,GHOST IN THE CELL,cgv,,26011800,,,,2D,2026-05-27,d1b04d6d-3728-4a58-adf7-9cf8eb534035,2026-05-27T16:20:05.925934
7259573f-e92a-42ae-b211-fe6fcd5d2401,MORTAL KOMBAT II,cgv,,26018200,,,,2D,2026-05-27,561706fa-e318-42a3-a239-a953a9077245,2026-05-27T16:20:05.925966
7259573f-e92a-42ae-b211-fe6fcd5d2401,HOKUM,cgv,,26024600,,,,2D,2026-05-27,d7577d24-40c2-44df-86c1-a4cafa1a22ea,2026-05-27T16:20:05.925998
7259573f-e92a-42ae-b211-fe6fcd5d2401,TIBA TIBA SETAN,cgv,,26007500,,,,2D,2026-05-27,342c2e35-2b25-479f-9550-3d537eeb27e4,2026-05-27T16:20:05.926030
7259573f-e92a-42ae-b211-fe6fcd5d2401,DILAN ITB 1997,cgv,,26016100,,,,2D,2026-05-27,409d04b1-17f7-4c02-94c2-5311c88aa1c4,2026-05-27T16:20:05.926062
7259573f-e92a-42ae-b211-fe6fcd5d2401,YANG LAIN BOLEH HILANG ASAL KAU JANGAN,cgv,,26018300,,,,2D,2026-05-27,472ade0b-7ce3-48c3-9c0e-12d6ebd02049,2026-05-27T16:20:05.926094
7259573f-e92a-42ae-b211-fe6fcd5d2401,SALMOKJI WHISPERING WATER,cgv,,26019100,,,,2D,2026-05-27,dcded2b8-1fe8-4f34-b873-d308da428ceb,2026-05-27T16:20:05.926126
7259573f-e92a-42ae-b211-fe6fcd5d2401,THE KINGS WARDEN,cgv,,26015000,,,,2D,2026-05-27,3837aafa-e35c-4d53-848e-25b365a59833,2026-05-27T16:20:05.926158
7259573f-e92a-42ae-b211-fe6fcd5d2401,GOHAN,cgv,,26022500,,,,2D,2026-05-27,6132e11e-ec15-429d-bb84-8c8495422e26,2026-05-27T16:20:05.926190
7259573f-e92a-42ae-b211-fe6fcd5d2401,THE SHEEP DETECTIVES,cgv,,26019500,,,,2D,2026-05-27,37dda579-ed8f-4a1e-9eaa-9a2d9744dd37,2026-05-27T16:20:05.926227
7259573f-e92a-42ae-b211-fe6fcd5d2401,AYAH INI ARAHNYA KEMANA YA,cgv,,26011000,,,,2D,2026-05-27,bf61b518-cf40-4b6c-aaff-342c21b480ae,2026-05-27T16:20:05.926262
7259573f-e92a-42ae-b211-fe6fcd5d2401,STAR WARS THE MANDALORIAN AND GROGU 3D,cgv,,26025200,,,,2D,2026-05-27,e8431790-5290-4875-b1bd-4e8287d341ae,2026-05-27T16:20:05.926295
7259573f-e92a-42ae-b211-fe6fcd5d2401,THE DEVIL WEARS PRADA 2,cgv,,26019800,,,,2D,2026-05-27,3ce62676-e196-4e32-b729-50641f05d864,2026-05-27T16:20:05.926328
7259573f-e92a-42ae-b211-fe6fcd5d2401,NA WILLA,cgv,,26003200,,,,2D,2026-05-27,735ba39c-e2fc-481a-8397-80500861e6b4,2026-05-27T16:20:05.926360
7259573f-e92a-42ae-b211-fe6fcd5d2401,KELUARGA SUAMI ADALAH HAMA,cgv,,26017700,,,,2D,2026-05-27,c190e990-5bc1-4f7d-891a-8546676d6c45,2026-05-27T16:20:05.926394
32ca1612-b7b6-4e28-8372-ba9ec71d34e2,SEKAWAN LIMO 2 GUNUNG KLAWIH,cgv,,26023300,,,,2D,2026-05-27,2c99caae-7c71-4f40-afe3-9577d272676c,2026-05-27T16:20:04.774503
32ca1612-b7b6-4e28-8372-ba9ec71d34e2,CHILDREN OF HEAVEN,cgv,,26012100,,,,2D,2026-05-27,ae2e89f7-961b-4b75-b12f-6d6a39d95287,2026-05-27T16:20:04.774547
32ca1612-b7b6-4e28-8372-ba9ec71d34e2,BADUT GENDONG,cgv,,26016800,,,,2D,2026-05-27,5088ff9e-75b8-45e9-99f9-ffab5ba2122e,2026-05-27T16:20:04.774571
32ca1612-b7b6-4e28-8372-ba9ec71d34e2,TUMBAL PROYEK,cgv,,26014300,,,,2D,2026-05-27,37ddba3a-b151-45f1-8b95-c0c7cb529aea,2026-05-27T16:20:04.774591
32ca1612-b7b6-4e28-8372-ba9ec71d34e2,STAR WARS THE MANDALORIAN AND GROGU,cgv,,26021200,,,,2D,2026-05-27,c2c8156a-4915-446c-a347-6dba9122e5e6,2026-05-27T16:20:04.774610
32ca1612-b7b6-4e28-8372-ba9ec71d34e2,SUAMIKU LUKAKU,cgv,,26025400,,,,2D,2026-05-27,7656fe6b-a78f-4246-995b-094a7a6032b4,2026-05-27T16:20:04.774628
32ca1612-b7b6-4e28-8372-ba9ec71d34e2,SEMUA AKAN BAIK BAIK SAJA,cgv,,26018100,,,,2D,2026-05-27,4f93bb2c-8409-425c-be5d-7c87e61030df,2026-05-27T16:20:04.774646
32ca1612-b7b6-4e28-8372-ba9ec71d34e2,PASSENGER,cgv,,26023100,,,,2D,2026-05-27,16f35491-9002-4b39-8cfb-90ba19f79593,2026-05-27T16:20:04.774663
32ca1612-b7b6-4e28-8372-ba9ec71d34e2,GUDANG MERICA,cgv,,26019400,,,,2D,2026-05-27,3543ec58-6763-4015-b360-d5b937eb7385,2026-05-27T16:20:04.774680
32ca1612-b7b6-4e28-8372-ba9ec71d34e2,GHOST IN THE CELL,cgv,,26011800,,,,2D,2026-05-27,30246b27-4b04-49c6-b31e-1acd90c2cf90,2026-05-27T16:20:04.774697
32ca1612-b7b6-4e28-8372-ba9ec71d34e2,MORTAL KOMBAT II,cgv,,26018200,,,,2D,2026-05-27,1654613c-131f-480a-b885-b4d15bebff68,2026-05-27T16:20:04.774714
32ca1612-b7b6-4e28-8372-ba9ec71d34e2,HOKUM,cgv,,26024600,,,,2D,2026-05-27,62fa6658-78e3-4fc9-bf36-f061b36240ea,2026-05-27T16:20:04.774730
32ca1612-b7b6-4e28-8372-ba9ec71d34e2,TIBA TIBA SETAN,cgv,,26007500,,,,2D,2026-05-27,8f7252c5-0db0-468a-99fe-e58f19ae702c,2026-05-27T16:20:04.774747
32ca1612-b7b6-4e28-8372-ba9ec71d34e2,DILAN ITB 1997,cgv,,26016100,,,,2D,2026-05-27,c0b8df33-5a23-43fa-9169-93da13e45fbe,2026-05-27T16:20:04.774763
32ca1612-b7b6-4e28-8372-ba9ec71d34e2,YANG LAIN BOLEH HILANG ASAL KAU JANGAN,cgv,,26018300,,,,2D,2026-05-27,423162a0-a3c8-4bbf-8440-49dbd9467145,2026-05-27T16:20:04.774780
32ca1612-b7b6-4e28-8372-ba9ec71d34e2,SALMOKJI WHISPERING WATER,cgv,,26019100,,,,2D,2026-05-27,f247bf0c-fa77-4148-a378-e865e073a363,2026-05-27T16:20:04.774796
32ca1612-b7b6-4e28-8372-ba9ec71d34e2,THE KINGS WARDEN,cgv,,26015000,,,,2D,2026-05-27,4f2fa384-39af-4956-921c-f9c0a65992a5,2026-05-27T16:20:04.774812
32ca1612-b7b6-4e28-8372-ba9ec71d34e2,GOHAN,cgv,,26022500,,,,2D,2026-05-27,bb718722-6490-4f63-a6a3-fea6118fc21e,2026-05-27T16:20:04.774828
32ca1612-b7b6-4e28-8372-ba9ec71d34e2,THE SHEEP DETECTIVES,cgv,,26019500,,,,2D,2026-05-27,92404e9c-4acf-4471-b5d4-648dd60aa7ac,2026-05-27T16:20:04.774846
32ca1612-b7b6-4e28-8372-ba9ec71d34e2,AYAH INI ARAHNYA KEMANA YA,cgv,,26011000,,,,2D,2026-05-27,41830405-d3b9-4412-9764-3b11eeff86ac,2026-05-27T16:20:04.774862
32ca1612-b7b6-4e28-8372-ba9ec71d34e2,STAR WARS THE MANDALORIAN AND GROGU 3D,cgv,,26025200,,,,2D,2026-05-27,065633a1-f727-4310-888c-3bb954b38017,2026-05-27T16:20:04.774879
32ca1612-b7b6-4e28-8372-ba9ec71d34e2,THE DEVIL WEARS PRADA 2,cgv,,26019800,,,,2D,2026-05-27,3356095a-2a57-4c16-abe3-c2615c5b559b,2026-05-27T16:20:04.774895
32ca1612-b7b6-4e28-8372-ba9ec71d34e2,NA WILLA,cgv,,26003200,,,,2D,2026-05-27,64c508a3-2843-492a-8d01-7a2de2d0e7cc,2026-05-27T16:20:04.774911
32ca1612-b7b6-4e28-8372-ba9ec71d34e2,KELUARGA SUAMI ADALAH HAMA,cgv,,26017700,,,,2D,2026-05-27,e463e8ee-b8f9-484e-8bbb-304e57d6b366,2026-05-27T16:20:04.774927
a8733884-b745-424b-82bd-e12d4137621c,SEKAWAN LIMO 2 GUNUNG KLAWIH,cgv,,26023300,,,,2D,2026-05-27,1f7cb2bd-e9d6-43e7-8d3a-fb43cdd75a79,2026-05-27T16:20:04.904785
a8733884-b745-424b-82bd-e12d4137621c,CHILDREN OF HEAVEN,cgv,,26012100,,,,2D,2026-05-27,a2b9dfb5-c975-4f23-b30b-3e548529803f,2026-05-27T16:20:04.904808
a8733884-b745-424b-82bd-e12d4137621c,BADUT GENDONG,cgv,,26016800,,,,2D,2026-05-27,e4bf5adf-8ce5-41ca-ba8e-220afc37dc43,2026-05-27T16:20:04.904825
a8733884-b745-424b-82bd-e12d4137621c,TUMBAL PROYEK,cgv,,26014300,,,,2D,2026-05-27,a8d1f1fe-97bc-4bdc-bbdf-0d75922369c7,2026-05-27T16:20:04.904840
a8733884-b745-424b-82bd-e12d4137621c,STAR WARS THE MANDALORIAN AND GROGU,cgv,,26021200,,,,2D,2026-05-27,49c0586d-a8b7-4161-845c-caeb66656ed6,2026-05-27T16:20:04.904856
a8733884-b745-424b-82bd-e12d4137621c,SUAMIKU LUKAKU,cgv,,26025400,,,,2D,2026-05-27,26a06475-548b-4ec7-8ddd-72a453782b3f,2026-05-27T16:20:04.904871
a8733884-b745-424b-82bd-e12d4137621c,SEMUA AKAN BAIK BAIK SAJA,cgv,,26018100,,,,2D,2026-05-27,d4592986-1e1a-4964-9da3-05784957ffb0,2026-05-27T16:20:04.904886
a8733884-b745-424b-82bd-e12d4137621c,PASSENGER,cgv,,26023100,,,,2D,2026-05-27,7963c934-d521-481e-941b-658cbeaef610,2026-05-27T16:20:04.904900
a8733884-b745-424b-82bd-e12d4137621c,GUDANG MERICA,cgv,,26019400,,,,2D,2026-05-27,a5430638-ce18-4fe9-9489-68ecebd00211,2026-05-27T16:20:04.904915
a8733884-b745-424b-82bd-e12d4137621c,GHOST IN THE CELL,cgv,,26011800,,,,2D,2026-05-27,f7259971-750f-4b97-b855-7ad23b781d10,2026-05-27T16:20:04.904929
a8733884-b745-424b-82bd-e12d4137621c,MORTAL KOMBAT II,cgv,,26018200,,,,2D,2026-05-27,af9865f9-4a88-4693-b7f8-ba2ed51ca5cd,2026-05-27T16:20:04.904944
a8733884-b745-424b-82bd-e12d4137621c,HOKUM,cgv,,26024600,,,,2D,2026-05-27,ad61a0c6-5982-46cf-b0b6-c7f036e33fb6,2026-05-27T16:20:04.904957
a8733884-b745-424b-82bd-e12d4137621c,TIBA TIBA SETAN,cgv,,26007500,,,,2D,2026-05-27,0c8383ce-3e6f-4495-be1c-800c481c2cfd,2026-05-27T16:20:04.904972
a8733884-b745-424b-82bd-e12d4137621c,DILAN ITB 1997,cgv,,26016100,,,,2D,2026-05-27,f0328a2f-bc16-4194-8aea-540a1c3749c0,2026-05-27T16:20:04.904987
a8733884-b745-424b-82bd-e12d4137621c,YANG LAIN BOLEH HILANG ASAL KAU JANGAN,cgv,,26018300,,,,2D,2026-05-27,917a2deb-b465-4de4-8d90-1d35604915a6,2026-05-27T16:20:04.905001
a8733884-b745-424b-82bd-e12d4137621c,SALMOKJI WHISPERING WATER,cgv,,26019100,,,,2D,2026-05-27,12aa1da5-164c-4582-91ce-405d736715d4,2026-05-27T16:20:04.905015
a8733884-b745-424b-82bd-e12d4137621c,THE KINGS WARDEN,cgv,,26015000,,,,2D,2026-05-27,9eb0a2c4-961c-4ea4-8f91-05ef02bb16cc,2026-05-27T16:20:04.905030
a8733884-b745-424b-82bd-e12d4137621c,GOHAN,cgv,,26022500,,,,2D,2026-05-27,fcc119c4-70b9-4fa0-8c06-218dbab044c3,2026-05-27T16:20:04.905043
a8733884-b745-424b-82bd-e12d4137621c,THE SHEEP DETECTIVES,cgv,,26019500,,,,2D,2026-05-27,b8780900-29a1-4b64-a1a5-cf2f1d3de0fb,2026-05-27T16:20:04.905059
a8733884-b745-424b-82bd-e12d4137621c,AYAH INI ARAHNYA KEMANA YA,cgv,,26011000,,,,2D,2026-05-27,ea8cb995-5507-4514-b876-c4efad8fa54e,2026-05-27T16:20:04.905073
a8733884-b745-424b-82bd-e12d4137621c,STAR WARS THE MANDALORIAN AND GROGU 3D,cgv,,26025200,,,,2D,2026-05-27,4e1c7072-8e30-4efc-bc46-23d84b382ff1,2026-05-27T16:20:04.905088
a8733884-b745-424b-82bd-e12d4137621c,THE DEVIL WEARS PRADA 2,cgv,,26019800,,,,2D,2026-05-27,9c53bd51-8399-4d9d-ae63-f7dd6819ac0d,2026-05-27T16:20:04.905102
a8733884-b745-424b-82bd-e12d4137621c,NA WILLA,cgv,,26003200,,,,2D,2026-05-27,3afc9c6b-ea69-4fad-8595-c0fa6a5869ad,2026-05-27T16:20:04.905116
a8733884-b745-424b-82bd-e12d4137621c,KELUARGA SUAMI ADALAH HAMA,cgv,,26017700,,,,2D,2026-05-27,fd0d882e-2f3f-4b49-b81c-98c532464132,2026-05-27T16:20:04.905130
9ad7cea6-0b2d-4576-8d75-8dd4ad4ee7bb,SEKAWAN LIMO 2 GUNUNG KLAWIH,cgv,,26023300,,,,2D,2026-05-27,aff3cd4b-4b41-4327-8368-97602c57e7db,2026-05-27T16:20:05.664415
9ad7cea6-0b2d-4576-8d75-8dd4ad4ee7bb,CHILDREN OF HEAVEN,cgv,,26012100,,,,2D,2026-05-27,e341e70f-ccd8-43a6-9124-47810a397f55,2026-05-27T16:20:05.664444
9ad7cea6-0b2d-4576-8d75-8dd4ad4ee7bb,BADUT GENDONG,cgv,,26016800,,,,2D,2026-05-27,38b7e2d6-7f70-4c88-82ed-f1eb96072c72,2026-05-27T16:20:05.664463
9ad7cea6-0b2d-4576-8d75-8dd4ad4ee7bb,TUMBAL PROYEK,cgv,,26014300,,,,2D,2026-05-27,6112e907-ca5c-4769-bf19-9dcd2e05bfae,2026-05-27T16:20:05.664481
9ad7cea6-0b2d-4576-8d75-8dd4ad4ee7bb,STAR WARS THE MANDALORIAN AND GROGU,cgv,,26021200,,,,2D,2026-05-27,39b95f20-6973-47d8-9206-4cf6a9b2d656,2026-05-27T16:20:05.664498
9ad7cea6-0b2d-4576-8d75-8dd4ad4ee7bb,SUAMIKU LUKAKU,cgv,,26025400,,,,2D,2026-05-27,3e9e6024-38aa-48bc-a505-44563015cc9c,2026-05-27T16:20:05.664515
9ad7cea6-0b2d-4576-8d75-8dd4ad4ee7bb,SEMUA AKAN BAIK BAIK SAJA,cgv,,26018100,,,,2D,2026-05-27,0594ddb3-dfa1-470d-82be-9763937fb2a6,2026-05-27T16:20:05.664533
9ad7cea6-0b2d-4576-8d75-8dd4ad4ee7bb,PASSENGER,cgv,,26023100,,,,2D,2026-05-27,c64acd88-5bfb-4062-af58-50d3c26fb1c6,2026-05-27T16:20:05.664549
9ad7cea6-0b2d-4576-8d75-8dd4ad4ee7bb,GUDANG MERICA,cgv,,26019400,,,,2D,2026-05-27,ebd316d0-88fa-4883-824e-e1ce1e277726,2026-05-27T16:20:05.664565
9ad7cea6-0b2d-4576-8d75-8dd4ad4ee7bb,GHOST IN THE CELL,cgv,,26011800,,,,2D,2026-05-27,47329dc1-d08c-4bcc-a5ce-25046e3a6764,2026-05-27T16:20:05.664583
9ad7cea6-0b2d-4576-8d75-8dd4ad4ee7bb,MORTAL KOMBAT II,cgv,,26018200,,,,2D,2026-05-27,e35cb50e-91c1-4cea-b6b1-cb8d44bdecbb,2026-05-27T16:20:05.664599
9ad7cea6-0b2d-4576-8d75-8dd4ad4ee7bb,HOKUM,cgv,,26024600,,,,2D,2026-05-27,57305ddc-c21d-4f68-b8bf-dd884525b6f7,2026-05-27T16:20:05.664615
9ad7cea6-0b2d-4576-8d75-8dd4ad4ee7bb,TIBA TIBA SETAN,cgv,,26007500,,,,2D,2026-05-27,dc1f923a-12c9-42a0-b129-233951d4126f,2026-05-27T16:20:05.664631
9ad7cea6-0b2d-4576-8d75-8dd4ad4ee7bb,DILAN ITB 1997,cgv,,26016100,,,,2D,2026-05-27,af6eb584-ae6c-43e1-aadd-192957e0e474,2026-05-27T16:20:05.664646
9ad7cea6-0b2d-4576-8d75-8dd4ad4ee7bb,YANG LAIN BOLEH HILANG ASAL KAU JANGAN,cgv,,26018300,,,,2D,2026-05-27,42c82f38-a90d-48c2-b2da-17c88ae2d0ea,2026-05-27T16:20:05.664662
9ad7cea6-0b2d-4576-8d75-8dd4ad4ee7bb,SALMOKJI WHISPERING WATER,cgv,,26019100,,,,2D,2026-05-27,8eb8b113-7a02-47bb-9e1c-7dcde3e5babc,2026-05-27T16:20:05.664677
9ad7cea6-0b2d-4576-8d75-8dd4ad4ee7bb,THE KINGS WARDEN,cgv,,26015000,,,,2D,2026-05-27,e0a2942b-583b-42bd-b172-44ee706d62a1,2026-05-27T16:20:05.664693
9ad7cea6-0b2d-4576-8d75-8dd4ad4ee7bb,GOHAN,cgv,,26022500,,,,2D,2026-05-27,0d6dfa86-83b7-4bd5-9bc6-9b2610c26cdf,2026-05-27T16:20:05.664709
9ad7cea6-0b2d-4576-8d75-8dd4ad4ee7bb,THE SHEEP DETECTIVES,cgv,,26019500,,,,2D,2026-05-27,035554ed-f5fa-4191-b57d-89b008c8f015,2026-05-27T16:20:05.664725
9ad7cea6-0b2d-4576-8d75-8dd4ad4ee7bb,AYAH INI ARAHNYA KEMANA YA,cgv,,26011000,,,,2D,2026-05-27,181cebee-c1a0-474a-9241-309ce9da1088,2026-05-27T16:20:05.664741
9ad7cea6-0b2d-4576-8d75-8dd4ad4ee7bb,STAR WARS THE MANDALORIAN AND GROGU 3D,cgv,,26025200,,,,2D,2026-05-27,fedc6558-5145-4192-b897-4b503c572991,2026-05-27T16:20:05.664757
9ad7cea6-0b2d-4576-8d75-8dd4ad4ee7bb,THE DEVIL WEARS PRADA 2,cgv,,26019800,,,,2D,2026-05-27,4b33e30b-2a8a-460d-8eb8-0175effcb94e,2026-05-27T16:20:05.664773
9ad7cea6-0b2d-4576-8d75-8dd4ad4ee7bb,NA WILLA,cgv,,26003200,,,,2D,2026-05-27,53f4abe9-61bf-414f-bb1d-c5877704df7a,2026-05-27T16:20:05.664788
9ad7cea6-0b2d-4576-8d75-8dd4ad4ee7bb,KELUARGA SUAMI ADALAH HAMA,cgv,,26017700,,,,2D,2026-05-27,2a461e8d-e600-4eee-bb98-bb5fbcef40a1,2026-05-27T16:20:05.664804
75910834-3910-4aaf-b9b4-98f802aa14d1,SEKAWAN LIMO 2 GUNUNG KLAWIH,cgv,,26023300,,,,2D,2026-05-27,afdff96c-9ec1-4958-b067-3eb669d6a190,2026-05-27T16:20:05.621736
75910834-3910-4aaf-b9b4-98f802aa14d1,CHILDREN OF HEAVEN,cgv,,26012100,,,,2D,2026-05-27,5e1e70c6-4814-43f5-9f0f-b4788004e386,2026-05-27T16:20:05.621760
75910834-3910-4aaf-b9b4-98f802aa14d1,BADUT GENDONG,cgv,,26016800,,,,2D,2026-05-27,5db4928c-744c-4c3b-adff-5807ebcc31a6,2026-05-27T16:20:05.621778
75910834-3910-4aaf-b9b4-98f802aa14d1,TUMBAL PROYEK,cgv,,26014300,,,,2D,2026-05-27,f3e9ae65-5247-4c55-802f-c376c7c83bfc,2026-05-27T16:20:05.621794
75910834-3910-4aaf-b9b4-98f802aa14d1,STAR WARS THE MANDALORIAN AND GROGU,cgv,,26021200,,,,2D,2026-05-27,df785632-5b2c-446b-9ac6-548b6b090993,2026-05-27T16:20:05.621810
75910834-3910-4aaf-b9b4-98f802aa14d1,SUAMIKU LUKAKU,cgv,,26025400,,,,2D,2026-05-27,4362cd88-5af2-4edb-92f8-d7afe5d31f8e,2026-05-27T16:20:05.621824
75910834-3910-4aaf-b9b4-98f802aa14d1,SEMUA AKAN BAIK BAIK SAJA,cgv,,26018100,,,,2D,2026-05-27,8ea0d296-cb00-4f59-9794-c5da995b3941,2026-05-27T16:20:05.621839
75910834-3910-4aaf-b9b4-98f802aa14d1,PASSENGER,cgv,,26023100,,,,2D,2026-05-27,e14f6346-807d-4561-a9d8-e16846537bfc,2026-05-27T16:20:05.621853
75910834-3910-4aaf-b9b4-98f802aa14d1,GUDANG MERICA,cgv,,26019400,,,,2D,2026-05-27,d205305b-6f71-493d-bec0-3f720855682b,2026-05-27T16:20:05.621867
75910834-3910-4aaf-b9b4-98f802aa14d1,GHOST IN THE CELL,cgv,,26011800,,,,2D,2026-05-27,58c7ef76-1a50-49a9-9e79-b7cedfec7a67,2026-05-27T16:20:05.621881
75910834-3910-4aaf-b9b4-98f802aa14d1,MORTAL KOMBAT II,cgv,,26018200,,,,2D,2026-05-27,c2d4493d-4789-418d-abfa-3c6a72356e16,2026-05-27T16:20:05.621895
75910834-3910-4aaf-b9b4-98f802aa14d1,HOKUM,cgv,,26024600,,,,2D,2026-05-27,57f10d9d-0bc1-4903-8e5a-0788b0909715,2026-05-27T16:20:05.621909
75910834-3910-4aaf-b9b4-98f802aa14d1,TIBA TIBA SETAN,cgv,,26007500,,,,2D,2026-05-27,b7cea516-26bf-498c-bb20-916f364e6297,2026-05-27T16:20:05.621923
75910834-3910-4aaf-b9b4-98f802aa14d1,DILAN ITB 1997,cgv,,26016100,,,,2D,2026-05-27,5e0c6ffc-be5e-42a4-ada2-332d1a0be948,2026-05-27T16:20:05.621937
75910834-3910-4aaf-b9b4-98f802aa14d1,YANG LAIN BOLEH HILANG ASAL KAU JANGAN,cgv,,26018300,,,,2D,2026-05-27,dc2085b4-0c88-49cc-a166-88e39954c4a2,2026-05-27T16:20:05.621951
75910834-3910-4aaf-b9b4-98f802aa14d1,SALMOKJI WHISPERING WATER,cgv,,26019100,,,,2D,2026-05-27,4d83b806-b6ad-4d0e-8467-f5a26ab159a2,2026-05-27T16:20:05.621965
75910834-3910-4aaf-b9b4-98f802aa14d1,THE KINGS WARDEN,cgv,,26015000,,,,2D,2026-05-27,1c98ffd7-7110-4d47-9f7f-8388e4d243f3,2026-05-27T16:20:05.621979
75910834-3910-4aaf-b9b4-98f802aa14d1,GOHAN,cgv,,26022500,,,,2D,2026-05-27,90d3f4fd-6913-4d7e-8545-590e5e0dda24,2026-05-27T16:20:05.621993
75910834-3910-4aaf-b9b4-98f802aa14d1,THE SHEEP DETECTIVES,cgv,,26019500,,,,2D,2026-05-27,ec7cf1fc-aed5-49ed-8c31-7bcb2bd4ecb2,2026-05-27T16:20:05.622008
75910834-3910-4aaf-b9b4-98f802aa14d1,AYAH INI ARAHNYA KEMANA YA,cgv,,26011000,,,,2D,2026-05-27,adc093b1-dba6-4fb0-99f5-40ebebc420d8,2026-05-27T16:20:05.622022
75910834-3910-4aaf-b9b4-98f802aa14d1,STAR WARS THE MANDALORIAN AND GROGU 3D,cgv,,26025200,,,,2D,2026-05-27,c2a14ba1-6991-4a34-a19f-24d9b27c1052,2026-05-27T16:20:05.622037
75910834-3910-4aaf-b9b4-98f802aa14d1,THE DEVIL WEARS PRADA 2,cgv,,26019800,,,,2D,2026-05-27,57843bc9-1971-4605-9593-76dc457bb04b,2026-05-27T16:20:05.622052
75910834-3910-4aaf-b9b4-98f802aa14d1,NA WILLA,cgv,,26003200,,,,2D,2026-05-27,d2859936-f44b-438a-aeff-eb6f1153fc46,2026-05-27T16:20:05.622066
75910834-3910-4aaf-b9b4-98f802aa14d1,KELUARGA SUAMI ADALAH HAMA,cgv,,26017700,,,,2D,2026-05-27,6ada93c7-12cf-4ec2-9c8a-39ae05e802c2,2026-05-27T16:20:05.622079
f4a978ab-2b96-4c64-bfe0-8ad3f835367c,SEKAWAN LIMO 2 GUNUNG KLAWIH,cgv,,26023300,,,,2D,2026-05-27,ce1a3776-5cff-42f3-afcd-fe1fe8b39f84,2026-05-27T16:20:08.070706
f4a978ab-2b96-4c64-bfe0-8ad3f835367c,CHILDREN OF HEAVEN,cgv,,26012100,,,,2D,2026-05-27,ef83bd37-5844-4402-8729-9b9682ab5c8c,2026-05-27T16:20:08.070780
f4a978ab-2b96-4c64-bfe0-8ad3f835367c,BADUT GENDONG,cgv,,26016800,,,,2D,2026-05-27,21bc4a97-0575-4c59-bdfe-dd945ea7ead4,2026-05-27T16:20:08.070815
f4a978ab-2b96-4c64-bfe0-8ad3f835367c,TUMBAL PROYEK,cgv,,26014300,,,,2D,2026-05-27,a178a250-ed92-456b-bd1c-a73db6492821,2026-05-27T16:20:08.070846
f4a978ab-2b96-4c64-bfe0-8ad3f835367c,STAR WARS THE MANDALORIAN AND GROGU,cgv,,26021200,,,,2D,2026-05-27,c05e849e-71da-4986-9f44-a44159f12d65,2026-05-27T16:20:08.070875
f4a978ab-2b96-4c64-bfe0-8ad3f835367c,SUAMIKU LUKAKU,cgv,,26025400,,,,2D,2026-05-27,67352e0e-9661-47e8-a900-507391162e68,2026-05-27T16:20:08.070904
f4a978ab-2b96-4c64-bfe0-8ad3f835367c,SEMUA AKAN BAIK BAIK SAJA,cgv,,26018100,,,,2D,2026-05-27,510f117a-c61c-41e2-ad74-9a4646491ee3,2026-05-27T16:20:08.070931
f4a978ab-2b96-4c64-bfe0-8ad3f835367c,PASSENGER,cgv,,26023100,,,,2D,2026-05-27,8f9e6e45-8c27-47af-a4c7-a6d23347bcba,2026-05-27T16:20:08.070959
f4a978ab-2b96-4c64-bfe0-8ad3f835367c,GUDANG MERICA,cgv,,26019400,,,,2D,2026-05-27,4e186995-20ff-4584-8596-92c9150e00ea,2026-05-27T16:20:08.070986
f4a978ab-2b96-4c64-bfe0-8ad3f835367c,GHOST IN THE CELL,cgv,,26011800,,,,2D,2026-05-27,1ca88dbc-d04a-4e18-bd65-3468b097524f,2026-05-27T16:20:08.071013
f4a978ab-2b96-4c64-bfe0-8ad3f835367c,MORTAL KOMBAT II,cgv,,26018200,,,,2D,2026-05-27,381fb438-a676-41c1-8647-35ed06eea8c6,2026-05-27T16:20:08.071039
f4a978ab-2b96-4c64-bfe0-8ad3f835367c,HOKUM,cgv,,26024600,,,,2D,2026-05-27,69f12c6a-9f8f-49ca-9ae3-a02313fc2640,2026-05-27T16:20:08.071065
f4a978ab-2b96-4c64-bfe0-8ad3f835367c,TIBA TIBA SETAN,cgv,,26007500,,,,2D,2026-05-27,b83e4e86-f6e2-46dd-b381-00b7a23b3f58,2026-05-27T16:20:08.071091
f4a978ab-2b96-4c64-bfe0-8ad3f835367c,DILAN ITB 1997,cgv,,26016100,,,,2D,2026-05-27,a2989a07-ec05-4a3e-a32d-276ffc56217a,2026-05-27T16:20:08.071117
f4a978ab-2b96-4c64-bfe0-8ad3f835367c,YANG LAIN BOLEH HILANG ASAL KAU JANGAN,cgv,,26018300,,,,2D,2026-05-27,9e1a1b49-d4f0-4968-af6b-9adbec377aae,2026-05-27T16:20:08.071143
f4a978ab-2b96-4c64-bfe0-8ad3f835367c,SALMOKJI WHISPERING WATER,cgv,,26019100,,,,2D,2026-05-27,c184ab81-6400-434d-9943-bb927e58a4bb,2026-05-27T16:20:08.071169
f4a978ab-2b96-4c64-bfe0-8ad3f835367c,THE KINGS WARDEN,cgv,,26015000,,,,2D,2026-05-27,c86b4529-020f-4239-a0cf-4617607dd0e6,2026-05-27T16:20:08.071194
f4a978ab-2b96-4c64-bfe0-8ad3f835367c,GOHAN,cgv,,26022500,,,,2D,2026-05-27,723cc4ff-1974-4849-8c5f-90711b25e52a,2026-05-27T16:20:08.071219
f4a978ab-2b96-4c64-bfe0-8ad3f835367c,THE SHEEP DETECTIVES,cgv,,26019500,,,,2D,2026-05-27,db10d9ca-825f-4c86-98c4-2adbd0de1ca0,2026-05-27T16:20:08.071247
f4a978ab-2b96-4c64-bfe0-8ad3f835367c,AYAH INI ARAHNYA KEMANA YA,cgv,,26011000,,,,2D,2026-05-27,60456469-859a-474a-80e8-cf3805b63391,2026-05-27T16:20:08.071272
f4a978ab-2b96-4c64-bfe0-8ad3f835367c,STAR WARS THE MANDALORIAN AND GROGU 3D,cgv,,26025200,,,,2D,2026-05-27,f1bbe5ee-8d18-4a88-a485-b50bf0fc9832,2026-05-27T16:20:08.071298
f4a978ab-2b96-4c64-bfe0-8ad3f835367c,THE DEVIL WEARS PRADA 2,cgv,,26019800,,,,2D,2026-05-27,bbe81b37-a849-416e-9e1f-71a1c3bc4a1e,2026-05-27T16:20:08.071328
f4a978ab-2b96-4c64-bfe0-8ad3f835367c,NA WILLA,cgv,,26003200,,,,2D,2026-05-27,eb822274-ea75-4185-9f74-33daf6517ab7,2026-05-27T16:20:08.071356
f4a978ab-2b96-4c64-bfe0-8ad3f835367c,KELUARGA SUAMI ADALAH HAMA,cgv,,26017700,,,,2D,2026-05-27,f345fb55-9f0c-476d-9931-66d454465f1b,2026-05-27T16:20:08.071381
3a361ecc-be7d-453a-b3e9-b2c058989ba4,SEKAWAN LIMO 2 GUNUNG KLAWIH,cgv,,26023300,,,,2D,2026-05-27,c8d9320f-3659-4ba1-b45f-f238ae1d61f1,2026-05-27T16:20:08.186580
3a361ecc-be7d-453a-b3e9-b2c058989ba4,CHILDREN OF HEAVEN,cgv,,26012100,,,,2D,2026-05-27,c607bf9d-903b-4ec6-aa0f-8ac0c675671c,2026-05-27T16:20:08.186618
3a361ecc-be7d-453a-b3e9-b2c058989ba4,BADUT GENDONG,cgv,,26016800,,,,2D,2026-05-27,bdb5c31d-c27d-4800-a6e9-2667e2fc8abe,2026-05-27T16:20:08.186647
3a361ecc-be7d-453a-b3e9-b2c058989ba4,TUMBAL PROYEK,cgv,,26014300,,,,2D,2026-05-27,81062071-cfbb-48c9-958b-af2ec8e7ed0e,2026-05-27T16:20:08.186674
3a361ecc-be7d-453a-b3e9-b2c058989ba4,STAR WARS THE MANDALORIAN AND GROGU,cgv,,26021200,,,,2D,2026-05-27,0311c3fe-1d3a-4a89-bd09-d49c2ec0888f,2026-05-27T16:20:08.186701
3a361ecc-be7d-453a-b3e9-b2c058989ba4,SUAMIKU LUKAKU,cgv,,26025400,,,,2D,2026-05-27,57eb47c7-571a-40ae-a62b-3836f80e5c90,2026-05-27T16:20:08.186727
3a361ecc-be7d-453a-b3e9-b2c058989ba4,SEMUA AKAN BAIK BAIK SAJA,cgv,,26018100,,,,2D,2026-05-27,e10a57c4-410b-4149-9cef-5d38e4823938,2026-05-27T16:20:08.186752
3a361ecc-be7d-453a-b3e9-b2c058989ba4,PASSENGER,cgv,,26023100,,,,2D,2026-05-27,0e822ede-5cc7-4f5a-a8dc-38e8b3924ae5,2026-05-27T16:20:08.186777
3a361ecc-be7d-453a-b3e9-b2c058989ba4,GUDANG MERICA,cgv,,26019400,,,,2D,2026-05-27,520bb9ef-7786-4470-835a-288bf93293ba,2026-05-27T16:20:08.186802
3a361ecc-be7d-453a-b3e9-b2c058989ba4,GHOST IN THE CELL,cgv,,26011800,,,,2D,2026-05-27,c5ec1322-6b9c-4633-a275-0269cfa7d705,2026-05-27T16:20:08.186826
3a361ecc-be7d-453a-b3e9-b2c058989ba4,MORTAL KOMBAT II,cgv,,26018200,,,,2D,2026-05-27,e5589fdc-5057-48b6-81cc-9ca44cc541db,2026-05-27T16:20:08.186851
3a361ecc-be7d-453a-b3e9-b2c058989ba4,HOKUM,cgv,,26024600,,,,2D,2026-05-27,a5c97564-8b07-4f40-ae14-f4c4121bbf5f,2026-05-27T16:20:08.186875
3a361ecc-be7d-453a-b3e9-b2c058989ba4,TIBA TIBA SETAN,cgv,,26007500,,,,2D,2026-05-27,1fe806ee-e1ee-4fd7-9925-191d157731ba,2026-05-27T16:20:08.186900
3a361ecc-be7d-453a-b3e9-b2c058989ba4,DILAN ITB 1997,cgv,,26016100,,,,2D,2026-05-27,c601b8ae-d337-4bfc-bdec-4af6b49ec8e3,2026-05-27T16:20:08.186924
3a361ecc-be7d-453a-b3e9-b2c058989ba4,YANG LAIN BOLEH HILANG ASAL KAU JANGAN,cgv,,26018300,,,,2D,2026-05-27,172f3a7a-68f6-4b17-b3dd-9f762080d350,2026-05-27T16:20:08.186949
3a361ecc-be7d-453a-b3e9-b2c058989ba4,SALMOKJI WHISPERING WATER,cgv,,26019100,,,,2D,2026-05-27,6fdd6a4f-3d21-4082-9335-f3fc3b0d8dcf,2026-05-27T16:20:08.186973
3a361ecc-be7d-453a-b3e9-b2c058989ba4,THE KINGS WARDEN,cgv,,26015000,,,,2D,2026-05-27,047120dc-039a-4fe4-a78b-69dcb5b4937c,2026-05-27T16:20:08.186999
3a361ecc-be7d-453a-b3e9-b2c058989ba4,GOHAN,cgv,,26022500,,,,2D,2026-05-27,948fa4ab-8310-4167-916d-c77fed59d383,2026-05-27T16:20:08.187024
3a361ecc-be7d-453a-b3e9-b2c058989ba4,THE SHEEP DETECTIVES,cgv,,26019500,,,,2D,2026-05-27,261fcb08-1a32-450b-83f1-3d10e42abb41,2026-05-27T16:20:08.187050
3a361ecc-be7d-453a-b3e9-b2c058989ba4,AYAH INI ARAHNYA KEMANA YA,cgv,,26011000,,,,2D,2026-05-27,950a528a-ee32-43bf-9391-965b14a51bc3,2026-05-27T16:20:08.187074
3a361ecc-be7d-453a-b3e9-b2c058989ba4,STAR WARS THE MANDALORIAN AND GROGU 3D,cgv,,26025200,,,,2D,2026-05-27,00fd919d-ebab-4301-9efe-04dcc37ab57f,2026-05-27T16:20:08.187099
3a361ecc-be7d-453a-b3e9-b2c058989ba4,THE DEVIL WEARS PRADA 2,cgv,,26019800,,,,2D,2026-05-27,a8268720-3954-4416-85f2-3519b4450148,2026-05-27T16:20:08.187123
3a361ecc-be7d-453a-b3e9-b2c058989ba4,NA WILLA,cgv,,26003200,,,,2D,2026-05-27,f447962d-15b0-4036-801c-56f9b9189872,2026-05-27T16:20:08.187148
3a361ecc-be7d-453a-b3e9-b2c058989ba4,KELUARGA SUAMI ADALAH HAMA,cgv,,26017700,,,,2D,2026-05-27,b0ae8bf8-54b9-4872-800d-c339af0f1676,2026-05-27T16:20:08.187172
3cba786e-0080-4d64-968c-ce1c9e53dd50,SEKAWAN LIMO 2 GUNUNG KLAWIH,cgv,,26023300,,,,2D,2026-05-27,771fc5b7-b11c-4e39-8a7f-4fa07403a8ca,2026-05-27T16:20:09.070665
3cba786e-0080-4d64-968c-ce1c9e53dd50,CHILDREN OF HEAVEN,cgv,,26012100,,,,2D,2026-05-27,c8109d02-0b64-454e-9c41-228fd6f8bee3,2026-05-27T16:20:09.070686
3cba786e-0080-4d64-968c-ce1c9e53dd50,BADUT GENDONG,cgv,,26016800,,,,2D,2026-05-27,b2e6db79-5cfe-4bac-a044-17c73bd61baa,2026-05-27T16:20:09.070701
3cba786e-0080-4d64-968c-ce1c9e53dd50,TUMBAL PROYEK,cgv,,26014300,,,,2D,2026-05-27,852cca2a-2a23-4861-994e-4d9840f86955,2026-05-27T16:20:09.070715
3cba786e-0080-4d64-968c-ce1c9e53dd50,STAR WARS THE MANDALORIAN AND GROGU,cgv,,26021200,,,,2D,2026-05-27,db67d5db-7773-49e1-9e16-35f10f64a5b0,2026-05-27T16:20:09.070730
3cba786e-0080-4d64-968c-ce1c9e53dd50,SUAMIKU LUKAKU,cgv,,26025400,,,,2D,2026-05-27,ec8da2a7-45aa-4be0-881e-a91ff04bccf9,2026-05-27T16:20:09.070743
3cba786e-0080-4d64-968c-ce1c9e53dd50,SEMUA AKAN BAIK BAIK SAJA,cgv,,26018100,,,,2D,2026-05-27,3ca7d305-f4ee-4da0-a147-cf7ebf1eb007,2026-05-27T16:20:09.070757
3cba786e-0080-4d64-968c-ce1c9e53dd50,PASSENGER,cgv,,26023100,,,,2D,2026-05-27,e1ea84d5-3e3c-4230-a5bd-b7ef3adb05eb,2026-05-27T16:20:09.070770
3cba786e-0080-4d64-968c-ce1c9e53dd50,GUDANG MERICA,cgv,,26019400,,,,2D,2026-05-27,7c9e8958-4ef7-4ff0-9ff5-905b9158b266,2026-05-27T16:20:09.070783
3cba786e-0080-4d64-968c-ce1c9e53dd50,GHOST IN THE CELL,cgv,,26011800,,,,2D,2026-05-27,e85512ec-6085-4b71-9ca3-15013d19d4a9,2026-05-27T16:20:09.070796
3cba786e-0080-4d64-968c-ce1c9e53dd50,MORTAL KOMBAT II,cgv,,26018200,,,,2D,2026-05-27,76633faa-c29b-4415-91f2-b5642968b7d0,2026-05-27T16:20:09.070809
3cba786e-0080-4d64-968c-ce1c9e53dd50,HOKUM,cgv,,26024600,,,,2D,2026-05-27,b1fc7610-e64e-4888-8fc7-c5b1af46903d,2026-05-27T16:20:09.070822
3cba786e-0080-4d64-968c-ce1c9e53dd50,TIBA TIBA SETAN,cgv,,26007500,,,,2D,2026-05-27,f184b9b3-004c-4981-98a5-a21184b526d4,2026-05-27T16:20:09.070835
3cba786e-0080-4d64-968c-ce1c9e53dd50,DILAN ITB 1997,cgv,,26016100,,,,2D,2026-05-27,6ba9f0d4-0915-4a7b-941d-f0a105a63801,2026-05-27T16:20:09.070848
3cba786e-0080-4d64-968c-ce1c9e53dd50,YANG LAIN BOLEH HILANG ASAL KAU JANGAN,cgv,,26018300,,,,2D,2026-05-27,99d20064-e30f-482e-a3dd-48fa63c1d2e5,2026-05-27T16:20:09.070862
3cba786e-0080-4d64-968c-ce1c9e53dd50,SALMOKJI WHISPERING WATER,cgv,,26019100,,,,2D,2026-05-27,4548473b-c7d6-47c6-86a8-91dfe97d5995,2026-05-27T16:20:09.070875
3cba786e-0080-4d64-968c-ce1c9e53dd50,THE KINGS WARDEN,cgv,,26015000,,,,2D,2026-05-27,8bae51aa-76fd-4306-8426-32b073cca9de,2026-05-27T16:20:09.070888
3cba786e-0080-4d64-968c-ce1c9e53dd50,GOHAN,cgv,,26022500,,,,2D,2026-05-27,1d136c14-f881-40a3-b995-eabe24ed9fda,2026-05-27T16:20:09.070900
3cba786e-0080-4d64-968c-ce1c9e53dd50,THE SHEEP DETECTIVES,cgv,,26019500,,,,2D,2026-05-27,6027bda9-696d-44a5-815b-5a6bf338d301,2026-05-27T16:20:09.070914
3cba786e-0080-4d64-968c-ce1c9e53dd50,AYAH INI ARAHNYA KEMANA YA,cgv,,26011000,,,,2D,2026-05-27,408a6f88-aff6-4807-a67b-b047c564f4b4,2026-05-27T16:20:09.070926
3cba786e-0080-4d64-968c-ce1c9e53dd50,STAR WARS THE MANDALORIAN AND GROGU 3D,cgv,,26025200,,,,2D,2026-05-27,a808094b-0442-43ce-9a6f-4bb216393a75,2026-05-27T16:20:09.070939
3cba786e-0080-4d64-968c-ce1c9e53dd50,THE DEVIL WEARS PRADA 2,cgv,,26019800,,,,2D,2026-05-27,c20ba7d7-7c9a-4213-8375-2ac563b1ab74,2026-05-27T16:20:09.070951
3cba786e-0080-4d64-968c-ce1c9e53dd50,NA WILLA,cgv,,26003200,,,,2D,2026-05-27,8dded140-0fb2-4706-8192-98e652e43410,2026-05-27T16:20:09.070964
3cba786e-0080-4d64-968c-ce1c9e53dd50,KELUARGA SUAMI ADALAH HAMA,cgv,,26017700,,,,2D,2026-05-27,6994f6ca-5c99-4721-9b66-3c22671f7173,2026-05-27T16:20:09.070977
bed320b4-fd31-4bc7-8b2e-aa66a0523ab2,SEKAWAN LIMO 2 GUNUNG KLAWIH,cgv,,26023300,,,,2D,2026-05-27,ae593885-1609-4de4-86f5-ad5b9c393004,2026-05-27T16:20:08.975967
bed320b4-fd31-4bc7-8b2e-aa66a0523ab2,CHILDREN OF HEAVEN,cgv,,26012100,,,,2D,2026-05-27,b4be2b02-85df-448a-a524-3d743bd02535,2026-05-27T16:20:08.976006
bed320b4-fd31-4bc7-8b2e-aa66a0523ab2,BADUT GENDONG,cgv,,26016800,,,,2D,2026-05-27,d709bf2d-41d5-4d5a-a774-4e68e81d479c,2026-05-27T16:20:08.976035
bed320b4-fd31-4bc7-8b2e-aa66a0523ab2,TUMBAL PROYEK,cgv,,26014300,,,,2D,2026-05-27,88dd7136-c280-456e-935b-5b82c5a8c212,2026-05-27T16:20:08.976062
bed320b4-fd31-4bc7-8b2e-aa66a0523ab2,STAR WARS THE MANDALORIAN AND GROGU,cgv,,26021200,,,,2D,2026-05-27,383ce1eb-b87b-4cf9-a5ef-83fee52629db,2026-05-27T16:20:08.976096
bed320b4-fd31-4bc7-8b2e-aa66a0523ab2,SUAMIKU LUKAKU,cgv,,26025400,,,,2D,2026-05-27,7ece84ee-98d8-4ae0-81f8-e9df60cee7f2,2026-05-27T16:20:08.976121
bed320b4-fd31-4bc7-8b2e-aa66a0523ab2,SEMUA AKAN BAIK BAIK SAJA,cgv,,26018100,,,,2D,2026-05-27,d9c0c392-122e-4c72-9397-d4571be2bd34,2026-05-27T16:20:08.976147
bed320b4-fd31-4bc7-8b2e-aa66a0523ab2,PASSENGER,cgv,,26023100,,,,2D,2026-05-27,db36b78f-ce48-440f-b35e-83dfa04491fc,2026-05-27T16:20:08.976172
bed320b4-fd31-4bc7-8b2e-aa66a0523ab2,GUDANG MERICA,cgv,,26019400,,,,2D,2026-05-27,89605c01-8eab-4c9c-a627-f3c1bedb53a1,2026-05-27T16:20:08.976196
bed320b4-fd31-4bc7-8b2e-aa66a0523ab2,GHOST IN THE CELL,cgv,,26011800,,,,2D,2026-05-27,b1234b97-220b-4a4a-87b2-c33f0d026cac,2026-05-27T16:20:08.976220
bed320b4-fd31-4bc7-8b2e-aa66a0523ab2,MORTAL KOMBAT II,cgv,,26018200,,,,2D,2026-05-27,0cdb2fff-f7e0-4333-ba31-750bb05003c1,2026-05-27T16:20:08.976242
bed320b4-fd31-4bc7-8b2e-aa66a0523ab2,HOKUM,cgv,,26024600,,,,2D,2026-05-27,b2680ece-8346-4548-97ec-a99695871128,2026-05-27T16:20:08.976263
bed320b4-fd31-4bc7-8b2e-aa66a0523ab2,TIBA TIBA SETAN,cgv,,26007500,,,,2D,2026-05-27,ca4caf32-e2b3-4b9d-9b31-083f964f329a,2026-05-27T16:20:08.976284
bed320b4-fd31-4bc7-8b2e-aa66a0523ab2,DILAN ITB 1997,cgv,,26016100,,,,2D,2026-05-27,67aac3e1-05c6-42cc-829a-c18a3743a093,2026-05-27T16:20:08.976306
bed320b4-fd31-4bc7-8b2e-aa66a0523ab2,YANG LAIN BOLEH HILANG ASAL KAU JANGAN,cgv,,26018300,,,,2D,2026-05-27,ed787464-ac48-4c78-bdf8-911c4f3b646b,2026-05-27T16:20:08.976326
bed320b4-fd31-4bc7-8b2e-aa66a0523ab2,SALMOKJI WHISPERING WATER,cgv,,26019100,,,,2D,2026-05-27,40129cd5-2caf-435f-974c-15c24de4b836,2026-05-27T16:20:08.976347
bed320b4-fd31-4bc7-8b2e-aa66a0523ab2,THE KINGS WARDEN,cgv,,26015000,,,,2D,2026-05-27,cb57b4a8-0435-45b0-ae10-998c3353fe92,2026-05-27T16:20:08.976367
bed320b4-fd31-4bc7-8b2e-aa66a0523ab2,GOHAN,cgv,,26022500,,,,2D,2026-05-27,a0fbaeff-41f1-4110-b2f2-784d5a3e92ac,2026-05-27T16:20:08.976387
bed320b4-fd31-4bc7-8b2e-aa66a0523ab2,THE SHEEP DETECTIVES,cgv,,26019500,,,,2D,2026-05-27,983d94fb-0c5b-4d75-adba-f76453767a36,2026-05-27T16:20:08.976409
bed320b4-fd31-4bc7-8b2e-aa66a0523ab2,AYAH INI ARAHNYA KEMANA YA,cgv,,26011000,,,,2D,2026-05-27,3678aec3-4b5a-4535-8cca-ffffaf29b136,2026-05-27T16:20:08.976429
bed320b4-fd31-4bc7-8b2e-aa66a0523ab2,STAR WARS THE MANDALORIAN AND GROGU 3D,cgv,,26025200,,,,2D,2026-05-27,b0a155cf-2c2e-427e-8cfc-884e3d378169,2026-05-27T16:20:08.976455
bed320b4-fd31-4bc7-8b2e-aa66a0523ab2,THE DEVIL WEARS PRADA 2,cgv,,26019800,,,,2D,2026-05-27,66f82813-0c25-41aa-8a85-c569e167c003,2026-05-27T16:20:08.976475
bed320b4-fd31-4bc7-8b2e-aa66a0523ab2,NA WILLA,cgv,,26003200,,,,2D,2026-05-27,7f7198ea-3037-4f86-910a-9b8d640456f9,2026-05-27T16:20:08.976496
bed320b4-fd31-4bc7-8b2e-aa66a0523ab2,KELUARGA SUAMI ADALAH HAMA,cgv,,26017700,,,,2D,2026-05-27,d11119e0-8d4c-4958-bda8-56327fdfb1bd,2026-05-27T16:20:08.976516
38162479-8516-4d22-9290-cdd68a86a811,SEKAWAN LIMO 2 GUNUNG KLAWIH,cgv,,26023300,,,,2D,2026-05-27,55c1ef6c-28a1-499e-875c-853afbec1168,2026-05-27T16:20:09.600800
38162479-8516-4d22-9290-cdd68a86a811,CHILDREN OF HEAVEN,cgv,,26012100,,,,2D,2026-05-27,2442a551-49cf-410d-ad5c-ec2937438a86,2026-05-27T16:20:09.600846
38162479-8516-4d22-9290-cdd68a86a811,BADUT GENDONG,cgv,,26016800,,,,2D,2026-05-27,4bdd25d0-f4bf-4dc0-a292-5cc8f74f22ba,2026-05-27T16:20:09.600883
38162479-8516-4d22-9290-cdd68a86a811,TUMBAL PROYEK,cgv,,26014300,,,,2D,2026-05-27,3ad56d7b-5cde-43f0-8f34-95bca60265a2,2026-05-27T16:20:09.600916
38162479-8516-4d22-9290-cdd68a86a811,STAR WARS THE MANDALORIAN AND GROGU,cgv,,26021200,,,,2D,2026-05-27,44c614a6-9673-4b6e-b9d0-651318d83c86,2026-05-27T16:20:09.600949
38162479-8516-4d22-9290-cdd68a86a811,SUAMIKU LUKAKU,cgv,,26025400,,,,2D,2026-05-27,d232e3c2-68ad-40c6-8f65-c8b5effddc7c,2026-05-27T16:20:09.600980
38162479-8516-4d22-9290-cdd68a86a811,SEMUA AKAN BAIK BAIK SAJA,cgv,,26018100,,,,2D,2026-05-27,90f7e076-2350-46c6-bc9f-b15b6bc07ff8,2026-05-27T16:20:09.601010
38162479-8516-4d22-9290-cdd68a86a811,PASSENGER,cgv,,26023100,,,,2D,2026-05-27,fdd63f62-76c9-48dd-a959-7edc17ef11f2,2026-05-27T16:20:09.601040
38162479-8516-4d22-9290-cdd68a86a811,GUDANG MERICA,cgv,,26019400,,,,2D,2026-05-27,326c600f-efc7-45c4-91ad-1f900d3baa2d,2026-05-27T16:20:09.601069
38162479-8516-4d22-9290-cdd68a86a811,GHOST IN THE CELL,cgv,,26011800,,,,2D,2026-05-27,8aa9698e-099f-4c08-95e1-de6368657fbf,2026-05-27T16:20:09.601098
38162479-8516-4d22-9290-cdd68a86a811,MORTAL KOMBAT II,cgv,,26018200,,,,2D,2026-05-27,c86ddf3a-9351-4969-9e05-387f8143f70c,2026-05-27T16:20:09.601127
38162479-8516-4d22-9290-cdd68a86a811,HOKUM,cgv,,26024600,,,,2D,2026-05-27,8ba0fb05-2bc5-4673-ac82-26ab0b1470bc,2026-05-27T16:20:09.601156
38162479-8516-4d22-9290-cdd68a86a811,TIBA TIBA SETAN,cgv,,26007500,,,,2D,2026-05-27,870b5112-350d-4ad8-9b3c-789e94c876f1,2026-05-27T16:20:09.601185
38162479-8516-4d22-9290-cdd68a86a811,DILAN ITB 1997,cgv,,26016100,,,,2D,2026-05-27,aa8160b6-17a1-4e47-9d95-a395fd522714,2026-05-27T16:20:09.601214
38162479-8516-4d22-9290-cdd68a86a811,YANG LAIN BOLEH HILANG ASAL KAU JANGAN,cgv,,26018300,,,,2D,2026-05-27,9395f8bd-f87e-418c-8861-7e68097f9847,2026-05-27T16:20:09.601243
38162479-8516-4d22-9290-cdd68a86a811,SALMOKJI WHISPERING WATER,cgv,,26019100,,,,2D,2026-05-27,e1c9968f-a788-4efc-826c-03121d345bff,2026-05-27T16:20:09.601272
38162479-8516-4d22-9290-cdd68a86a811,THE KINGS WARDEN,cgv,,26015000,,,,2D,2026-05-27,ee4f4f4a-d5b1-46b0-8c19-5b3de3948d90,2026-05-27T16:20:09.601301
38162479-8516-4d22-9290-cdd68a86a811,GOHAN,cgv,,26022500,,,,2D,2026-05-27,7cc8de03-2b47-4d10-9ab1-afb3f55e6b6e,2026-05-27T16:20:09.601329
38162479-8516-4d22-9290-cdd68a86a811,THE SHEEP DETECTIVES,cgv,,26019500,,,,2D,2026-05-27,cb5ee592-83db-4991-9ba9-64c81c58c39d,2026-05-27T16:20:09.601360
38162479-8516-4d22-9290-cdd68a86a811,AYAH INI ARAHNYA KEMANA YA,cgv,,26011000,,,,2D,2026-05-27,e83d5df2-7df4-4ced-8f22-592f45930b78,2026-05-27T16:20:09.601389
38162479-8516-4d22-9290-cdd68a86a811,STAR WARS THE MANDALORIAN AND GROGU 3D,cgv,,26025200,,,,2D,2026-05-27,cf7345b1-2541-4e89-b874-d0d60f038dbe,2026-05-27T16:20:09.601431
38162479-8516-4d22-9290-cdd68a86a811,THE DEVIL WEARS PRADA 2,cgv,,26019800,,,,2D,2026-05-27,7daf8756-dc64-4666-8fac-d885ac863551,2026-05-27T16:20:09.601467
38162479-8516-4d22-9290-cdd68a86a811,NA WILLA,cgv,,26003200,,,,2D,2026-05-27,65ff064a-94f6-49b4-b313-094c7fddf36a,2026-05-27T16:20:09.601497
38162479-8516-4d22-9290-cdd68a86a811,KELUARGA SUAMI ADALAH HAMA,cgv,,26017700,,,,2D,2026-05-27,e60ffbce-254b-4cb5-bfab-a50d1d080e9d,2026-05-27T16:20:09.601526
570cbae6-66e7-442c-8bde-22b7e9e9b09c,SEKAWAN LIMO 2 GUNUNG KLAWIH,cgv,,26023300,,,,2D,2026-05-27,8a723cf6-f7a5-4246-b927-f9fcc7d75524,2026-05-27T16:20:11.688378
570cbae6-66e7-442c-8bde-22b7e9e9b09c,CHILDREN OF HEAVEN,cgv,,26012100,,,,2D,2026-05-27,bcf2b0d6-9e17-4adb-90f6-f51f323b6879,2026-05-27T16:20:11.688407
570cbae6-66e7-442c-8bde-22b7e9e9b09c,BADUT GENDONG,cgv,,26016800,,,,2D,2026-05-27,d6a27d61-2bf6-40b5-ab68-c3a3de2dc6a3,2026-05-27T16:20:11.688426
570cbae6-66e7-442c-8bde-22b7e9e9b09c,TUMBAL PROYEK,cgv,,26014300,,,,2D,2026-05-27,e622f205-7193-40f3-a12e-5c1e96fc1317,2026-05-27T16:20:11.688443
570cbae6-66e7-442c-8bde-22b7e9e9b09c,STAR WARS THE MANDALORIAN AND GROGU,cgv,,26021200,,,,2D,2026-05-27,097558c6-4f9f-4bd6-9dc4-da90b000b68e,2026-05-27T16:20:11.688462
570cbae6-66e7-442c-8bde-22b7e9e9b09c,SUAMIKU LUKAKU,cgv,,26025400,,,,2D,2026-05-27,d2515edc-4c5e-4985-8160-c092146e2cec,2026-05-27T16:20:11.688479
570cbae6-66e7-442c-8bde-22b7e9e9b09c,SEMUA AKAN BAIK BAIK SAJA,cgv,,26018100,,,,2D,2026-05-27,42fcf367-baf4-49fd-b94d-b81ea590c520,2026-05-27T16:20:11.688495
570cbae6-66e7-442c-8bde-22b7e9e9b09c,PASSENGER,cgv,,26023100,,,,2D,2026-05-27,835cd6b4-ac06-42ce-8da7-8c9a0e4a1be4,2026-05-27T16:20:11.688511
570cbae6-66e7-442c-8bde-22b7e9e9b09c,GUDANG MERICA,cgv,,26019400,,,,2D,2026-05-27,abce9322-95e7-4746-87b0-c4b243e1ddce,2026-05-27T16:20:11.688528
570cbae6-66e7-442c-8bde-22b7e9e9b09c,GHOST IN THE CELL,cgv,,26011800,,,,2D,2026-05-27,b94f9446-fa31-429d-840d-1c8870cb25e3,2026-05-27T16:20:11.688543
570cbae6-66e7-442c-8bde-22b7e9e9b09c,MORTAL KOMBAT II,cgv,,26018200,,,,2D,2026-05-27,62b1825d-41ce-4b28-95c1-d55cb1253a4c,2026-05-27T16:20:11.688559
570cbae6-66e7-442c-8bde-22b7e9e9b09c,HOKUM,cgv,,26024600,,,,2D,2026-05-27,0dee7212-eed6-4ac9-befb-ac6abf7b2ad3,2026-05-27T16:20:11.688588
570cbae6-66e7-442c-8bde-22b7e9e9b09c,TIBA TIBA SETAN,cgv,,26007500,,,,2D,2026-05-27,fc8e2d33-fe6c-4eb0-8d96-160733942a80,2026-05-27T16:20:11.688606
570cbae6-66e7-442c-8bde-22b7e9e9b09c,DILAN ITB 1997,cgv,,26016100,,,,2D,2026-05-27,fa85d7cf-f177-4fdc-b2a9-7e8ff625088c,2026-05-27T16:20:11.688621
570cbae6-66e7-442c-8bde-22b7e9e9b09c,YANG LAIN BOLEH HILANG ASAL KAU JANGAN,cgv,,26018300,,,,2D,2026-05-27,b5e38bff-05b3-49b4-a461-76d5f6990e10,2026-05-27T16:20:11.688637
570cbae6-66e7-442c-8bde-22b7e9e9b09c,SALMOKJI WHISPERING WATER,cgv,,26019100,,,,2D,2026-05-27,056de2fc-f816-4dd4-92e6-b0d99239453b,2026-05-27T16:20:11.688652
570cbae6-66e7-442c-8bde-22b7e9e9b09c,THE KINGS WARDEN,cgv,,26015000,,,,2D,2026-05-27,5430f9ae-9b92-499a-afb9-25806a76d91e,2026-05-27T16:20:11.688669
570cbae6-66e7-442c-8bde-22b7e9e9b09c,GOHAN,cgv,,26022500,,,,2D,2026-05-27,8045c36a-8b65-4231-b463-e3629a6f1669,2026-05-27T16:20:11.688685
570cbae6-66e7-442c-8bde-22b7e9e9b09c,THE SHEEP DETECTIVES,cgv,,26019500,,,,2D,2026-05-27,a932bd6d-a7ad-48cc-b182-4bebbf4ce382,2026-05-27T16:20:11.688702
570cbae6-66e7-442c-8bde-22b7e9e9b09c,AYAH INI ARAHNYA KEMANA YA,cgv,,26011000,,,,2D,2026-05-27,4a286c0c-2a41-41f2-a172-a1c28c903789,2026-05-27T16:20:11.688717
570cbae6-66e7-442c-8bde-22b7e9e9b09c,STAR WARS THE MANDALORIAN AND GROGU 3D,cgv,,26025200,,,,2D,2026-05-27,2f79ad15-b173-437f-acfa-641967b17862,2026-05-27T16:20:11.688740
570cbae6-66e7-442c-8bde-22b7e9e9b09c,THE DEVIL WEARS PRADA 2,cgv,,26019800,,,,2D,2026-05-27,c3dedb73-e0c9-4c09-a89c-e43ae6fe7778,2026-05-27T16:20:11.688755
570cbae6-66e7-442c-8bde-22b7e9e9b09c,NA WILLA,cgv,,26003200,,,,2D,2026-05-27,862b268d-1c0a-4467-8b2b-99fa6cad06aa,2026-05-27T16:20:11.688771
570cbae6-66e7-442c-8bde-22b7e9e9b09c,KELUARGA SUAMI ADALAH HAMA,cgv,,26017700,,,,2D,2026-05-27,cc3878bf-6343-4336-8910-01aa617c41c0,2026-05-27T16:20:11.688786
263c497b-ebd2-4a94-8edf-832c76c3665c,SEKAWAN LIMO 2 GUNUNG KLAWIH,cgv,,26023300,,,,2D,2026-05-27,a75a8cf9-a473-4ed9-99e4-cd20886cc80d,2026-05-27T16:20:11.465749
263c497b-ebd2-4a94-8edf-832c76c3665c,CHILDREN OF HEAVEN,cgv,,26012100,,,,2D,2026-05-27,75bd5a44-9a81-4206-ad19-7c3b26849848,2026-05-27T16:20:11.465810
263c497b-ebd2-4a94-8edf-832c76c3665c,BADUT GENDONG,cgv,,26016800,,,,2D,2026-05-27,364db705-8f38-42f6-9d43-3119385ff804,2026-05-27T16:20:11.465856
263c497b-ebd2-4a94-8edf-832c76c3665c,TUMBAL PROYEK,cgv,,26014300,,,,2D,2026-05-27,e1beb46c-6db1-42b5-88cf-aca3a0ce6389,2026-05-27T16:20:11.465896
263c497b-ebd2-4a94-8edf-832c76c3665c,STAR WARS THE MANDALORIAN AND GROGU,cgv,,26021200,,,,2D,2026-05-27,fa2f529d-2ef5-4ecc-8022-5a3265f8f73d,2026-05-27T16:20:11.465938
263c497b-ebd2-4a94-8edf-832c76c3665c,SUAMIKU LUKAKU,cgv,,26025400,,,,2D,2026-05-27,0642a958-ae7b-40a1-bb52-e7dffe2774ab,2026-05-27T16:20:11.465979
263c497b-ebd2-4a94-8edf-832c76c3665c,SEMUA AKAN BAIK BAIK SAJA,cgv,,26018100,,,,2D,2026-05-27,90ffded6-9d9c-443e-a31e-bcf55c226732,2026-05-27T16:20:11.466019
263c497b-ebd2-4a94-8edf-832c76c3665c,PASSENGER,cgv,,26023100,,,,2D,2026-05-27,09a0ebb0-124f-40a5-ac11-19e60b6b2fbe,2026-05-27T16:20:11.466058
263c497b-ebd2-4a94-8edf-832c76c3665c,GUDANG MERICA,cgv,,26019400,,,,2D,2026-05-27,63a0d479-c8af-4075-8cd0-3d6b49af7709,2026-05-27T16:20:11.466095
263c497b-ebd2-4a94-8edf-832c76c3665c,GHOST IN THE CELL,cgv,,26011800,,,,2D,2026-05-27,0c2a8f5d-4f7a-4a6f-8256-f112ba874150,2026-05-27T16:20:11.466134
263c497b-ebd2-4a94-8edf-832c76c3665c,MORTAL KOMBAT II,cgv,,26018200,,,,2D,2026-05-27,0d375a5d-5f42-410e-9b13-d6ccb55714d0,2026-05-27T16:20:11.466173
263c497b-ebd2-4a94-8edf-832c76c3665c,HOKUM,cgv,,26024600,,,,2D,2026-05-27,c7f796cc-91a3-40d3-bbeb-bb52e7854052,2026-05-27T16:20:11.466214
263c497b-ebd2-4a94-8edf-832c76c3665c,TIBA TIBA SETAN,cgv,,26007500,,,,2D,2026-05-27,b46083e2-b0d4-44b2-8429-52eb8dde95fc,2026-05-27T16:20:11.466251
263c497b-ebd2-4a94-8edf-832c76c3665c,DILAN ITB 1997,cgv,,26016100,,,,2D,2026-05-27,ffb6b182-b69d-4c35-84bd-63fd9e8c884f,2026-05-27T16:20:11.466288
263c497b-ebd2-4a94-8edf-832c76c3665c,YANG LAIN BOLEH HILANG ASAL KAU JANGAN,cgv,,26018300,,,,2D,2026-05-27,9cba74ec-1abf-4f7e-89ba-a7b72d7808a2,2026-05-27T16:20:11.466325
263c497b-ebd2-4a94-8edf-832c76c3665c,SALMOKJI WHISPERING WATER,cgv,,26019100,,,,2D,2026-05-27,5e409a07-16ea-4a8a-af56-097d60510218,2026-05-27T16:20:11.466361
263c497b-ebd2-4a94-8edf-832c76c3665c,THE KINGS WARDEN,cgv,,26015000,,,,2D,2026-05-27,ba838123-8c44-4254-b5d0-3ddc25a7ab43,2026-05-27T16:20:11.466403
263c497b-ebd2-4a94-8edf-832c76c3665c,GOHAN,cgv,,26022500,,,,2D,2026-05-27,126cb83d-e911-4ae8-87b1-5d2ca84f734c,2026-05-27T16:20:11.466439
263c497b-ebd2-4a94-8edf-832c76c3665c,THE SHEEP DETECTIVES,cgv,,26019500,,,,2D,2026-05-27,a47b3661-973e-4b06-ab11-e80663d6c0f1,2026-05-27T16:20:11.466478
263c497b-ebd2-4a94-8edf-832c76c3665c,AYAH INI ARAHNYA KEMANA YA,cgv,,26011000,,,,2D,2026-05-27,a4524fe3-4f74-450f-9834-7d15cec77b87,2026-05-27T16:20:11.466522
263c497b-ebd2-4a94-8edf-832c76c3665c,STAR WARS THE MANDALORIAN AND GROGU 3D,cgv,,26025200,,,,2D,2026-05-27,bf2fb652-2d55-4776-916f-c8b7efcace73,2026-05-27T16:20:11.466559
263c497b-ebd2-4a94-8edf-832c76c3665c,THE DEVIL WEARS PRADA 2,cgv,,26019800,,,,2D,2026-05-27,0b25d5cf-b3f5-4e02-828f-31d0a2a51ad4,2026-05-27T16:20:11.466597
263c497b-ebd2-4a94-8edf-832c76c3665c,NA WILLA,cgv,,26003200,,,,2D,2026-05-27,5a22295a-a4e3-472b-94c1-be59e16b7078,2026-05-27T16:20:11.466634
263c497b-ebd2-4a94-8edf-832c76c3665c,KELUARGA SUAMI ADALAH HAMA,cgv,,26017700,,,,2D,2026-05-27,53a44ef6-1e0b-4d78-8e5a-65caf1dc1817,2026-05-27T16:20:11.466688
5ff08d3a-0925-4579-bfc8-1b1564e4b188,SEKAWAN LIMO 2 GUNUNG KLAWIH,cgv,,26023300,,,,2D,2026-05-27,27cd95ff-04e5-4c3d-86f1-7f0ff63014ef,2026-05-27T16:20:12.287286
5ff08d3a-0925-4579-bfc8-1b1564e4b188,CHILDREN OF HEAVEN,cgv,,26012100,,,,2D,2026-05-27,085679ac-86b7-4fa9-ab5f-f4a0a6c37d9f,2026-05-27T16:20:12.287333
5ff08d3a-0925-4579-bfc8-1b1564e4b188,BADUT GENDONG,cgv,,26016800,,,,2D,2026-05-27,193c1b16-25a4-47f5-b50e-ff5c8d25cb94,2026-05-27T16:20:12.287368
5ff08d3a-0925-4579-bfc8-1b1564e4b188,TUMBAL PROYEK,cgv,,26014300,,,,2D,2026-05-27,7bc660e7-f144-4fab-bbc5-9db3c9fede16,2026-05-27T16:20:12.287401
5ff08d3a-0925-4579-bfc8-1b1564e4b188,STAR WARS THE MANDALORIAN AND GROGU,cgv,,26021200,,,,2D,2026-05-27,7c76ac4a-6346-4a78-ba65-c0afbdc58395,2026-05-27T16:20:12.287434
5ff08d3a-0925-4579-bfc8-1b1564e4b188,SUAMIKU LUKAKU,cgv,,26025400,,,,2D,2026-05-27,61e0971a-cbcf-4125-b585-72fc0ef3b800,2026-05-27T16:20:12.287465
5ff08d3a-0925-4579-bfc8-1b1564e4b188,SEMUA AKAN BAIK BAIK SAJA,cgv,,26018100,,,,2D,2026-05-27,4a6fa873-5d89-4f8d-8446-b9972d283b39,2026-05-27T16:20:12.287494
5ff08d3a-0925-4579-bfc8-1b1564e4b188,PASSENGER,cgv,,26023100,,,,2D,2026-05-27,016b7c9e-003b-4ee1-9826-dde275c3258d,2026-05-27T16:20:12.287525
5ff08d3a-0925-4579-bfc8-1b1564e4b188,GUDANG MERICA,cgv,,26019400,,,,2D,2026-05-27,6e09d34a-1305-4335-905c-e80e3ba5678e,2026-05-27T16:20:12.287554
5ff08d3a-0925-4579-bfc8-1b1564e4b188,GHOST IN THE CELL,cgv,,26011800,,,,2D,2026-05-27,1b2cf757-e7f5-4db9-87ad-15acadaf0427,2026-05-27T16:20:12.287584
5ff08d3a-0925-4579-bfc8-1b1564e4b188,MORTAL KOMBAT II,cgv,,26018200,,,,2D,2026-05-27,becc66b5-05d5-4907-bfe5-a8ff0b3305fb,2026-05-27T16:20:12.287614
5ff08d3a-0925-4579-bfc8-1b1564e4b188,HOKUM,cgv,,26024600,,,,2D,2026-05-27,039767c0-7c6a-4984-8e08-e79bdfc603e7,2026-05-27T16:20:12.287644
5ff08d3a-0925-4579-bfc8-1b1564e4b188,TIBA TIBA SETAN,cgv,,26007500,,,,2D,2026-05-27,77cffefd-f5a2-4fe2-ab77-71606dbb035b,2026-05-27T16:20:12.287674
5ff08d3a-0925-4579-bfc8-1b1564e4b188,DILAN ITB 1997,cgv,,26016100,,,,2D,2026-05-27,c17c1a29-bcf7-4cd9-9d7b-93fd1ab7fd68,2026-05-27T16:20:12.287703
5ff08d3a-0925-4579-bfc8-1b1564e4b188,YANG LAIN BOLEH HILANG ASAL KAU JANGAN,cgv,,26018300,,,,2D,2026-05-27,d2c78ef4-10cc-47fd-9b2c-d1a5de6166c2,2026-05-27T16:20:12.287743
5ff08d3a-0925-4579-bfc8-1b1564e4b188,SALMOKJI WHISPERING WATER,cgv,,26019100,,,,2D,2026-05-27,818b074f-061f-437d-856d-63a860f749a4,2026-05-27T16:20:12.287776
5ff08d3a-0925-4579-bfc8-1b1564e4b188,THE KINGS WARDEN,cgv,,26015000,,,,2D,2026-05-27,2ca73fd1-2ae6-44b1-84e9-87b8770d518e,2026-05-27T16:20:12.287805
5ff08d3a-0925-4579-bfc8-1b1564e4b188,GOHAN,cgv,,26022500,,,,2D,2026-05-27,af1b48d8-82d5-4fc8-b2f3-5c91bf68c827,2026-05-27T16:20:12.287844
5ff08d3a-0925-4579-bfc8-1b1564e4b188,THE SHEEP DETECTIVES,cgv,,26019500,,,,2D,2026-05-27,e1c511ea-806a-48f7-af88-7e19e4dead8d,2026-05-27T16:20:12.287875
5ff08d3a-0925-4579-bfc8-1b1564e4b188,AYAH INI ARAHNYA KEMANA YA,cgv,,26011000,,,,2D,2026-05-27,2e6ee092-48a5-4a06-b8ef-61e149b6ef2d,2026-05-27T16:20:12.287903
5ff08d3a-0925-4579-bfc8-1b1564e4b188,STAR WARS THE MANDALORIAN AND GROGU 3D,cgv,,26025200,,,,2D,2026-05-27,c3495a73-c503-4dda-9c3b-e04a3ad99612,2026-05-27T16:20:12.287931
5ff08d3a-0925-4579-bfc8-1b1564e4b188,THE DEVIL WEARS PRADA 2,cgv,,26019800,,,,2D,2026-05-27,3fde0a57-c8c7-4828-b689-3568a3e2eb03,2026-05-27T16:20:12.287960
5ff08d3a-0925-4579-bfc8-1b1564e4b188,NA WILLA,cgv,,26003200,,,,2D,2026-05-27,e6e73073-4429-43b0-a845-a8be7c73b840,2026-05-27T16:20:12.287988
5ff08d3a-0925-4579-bfc8-1b1564e4b188,KELUARGA SUAMI ADALAH HAMA,cgv,,26017700,,,,2D,2026-05-27,a2d8455a-2c80-43d4-b65e-fac654b08213,2026-05-27T16:20:12.288015
1868f54c-6c6e-43a7-a1be-f1228d48680f,SEKAWAN LIMO 2 GUNUNG KLAWIH,cgv,,26023300,,,,2D,2026-05-27,a75009cd-9bbb-47f7-8955-a0646317e48f,2026-05-27T16:20:12.443219
1868f54c-6c6e-43a7-a1be-f1228d48680f,CHILDREN OF HEAVEN,cgv,,26012100,,,,2D,2026-05-27,c4a06f3f-d2e1-4571-a650-2a0fd25a8833,2026-05-27T16:20:12.443244
1868f54c-6c6e-43a7-a1be-f1228d48680f,BADUT GENDONG,cgv,,26016800,,,,2D,2026-05-27,0d1654bf-ea0c-45be-95d2-f6f45c673ff7,2026-05-27T16:20:12.443264
1868f54c-6c6e-43a7-a1be-f1228d48680f,TUMBAL PROYEK,cgv,,26014300,,,,2D,2026-05-27,9ae74c2a-aa45-4ef4-bf2c-92fc8d339671,2026-05-27T16:20:12.443281
1868f54c-6c6e-43a7-a1be-f1228d48680f,STAR WARS THE MANDALORIAN AND GROGU,cgv,,26021200,,,,2D,2026-05-27,88c5a760-34c9-43dc-a606-feca15c116a2,2026-05-27T16:20:12.443299
1868f54c-6c6e-43a7-a1be-f1228d48680f,SUAMIKU LUKAKU,cgv,,26025400,,,,2D,2026-05-27,8808cd99-7925-4e13-a031-1818a5d9eecd,2026-05-27T16:20:12.443315
1868f54c-6c6e-43a7-a1be-f1228d48680f,SEMUA AKAN BAIK BAIK SAJA,cgv,,26018100,,,,2D,2026-05-27,132d4839-8de5-4a72-8ce9-330b96b47bd0,2026-05-27T16:20:12.443331
1868f54c-6c6e-43a7-a1be-f1228d48680f,PASSENGER,cgv,,26023100,,,,2D,2026-05-27,4e551074-12d0-434f-b771-8ef0d1f6400b,2026-05-27T16:20:12.443347
1868f54c-6c6e-43a7-a1be-f1228d48680f,GUDANG MERICA,cgv,,26019400,,,,2D,2026-05-27,c8a0598b-a783-4e82-8d97-da547cb4aea0,2026-05-27T16:20:12.443364
1868f54c-6c6e-43a7-a1be-f1228d48680f,GHOST IN THE CELL,cgv,,26011800,,,,2D,2026-05-27,388535c7-3445-4732-ae8d-1c21affe7784,2026-05-27T16:20:12.443381
1868f54c-6c6e-43a7-a1be-f1228d48680f,MORTAL KOMBAT II,cgv,,26018200,,,,2D,2026-05-27,e01823cf-7865-44e7-84b8-ac36f100320c,2026-05-27T16:20:12.443397
1868f54c-6c6e-43a7-a1be-f1228d48680f,HOKUM,cgv,,26024600,,,,2D,2026-05-27,4314f03f-9bd5-450a-9bd0-f692d046db2d,2026-05-27T16:20:12.443415
1868f54c-6c6e-43a7-a1be-f1228d48680f,TIBA TIBA SETAN,cgv,,26007500,,,,2D,2026-05-27,6397cd2a-9229-40dc-930e-ff99740fc53d,2026-05-27T16:20:12.443431
1868f54c-6c6e-43a7-a1be-f1228d48680f,DILAN ITB 1997,cgv,,26016100,,,,2D,2026-05-27,7db78653-b864-43be-9def-d7d899c7320d,2026-05-27T16:20:12.443447
1868f54c-6c6e-43a7-a1be-f1228d48680f,YANG LAIN BOLEH HILANG ASAL KAU JANGAN,cgv,,26018300,,,,2D,2026-05-27,3d908994-edb5-4c39-bb34-8905f645a8bf,2026-05-27T16:20:12.443464
1868f54c-6c6e-43a7-a1be-f1228d48680f,SALMOKJI WHISPERING WATER,cgv,,26019100,,,,2D,2026-05-27,4832ac88-410b-4a3c-86ad-dcbe45278123,2026-05-27T16:20:12.443480
1868f54c-6c6e-43a7-a1be-f1228d48680f,THE KINGS WARDEN,cgv,,26015000,,,,2D,2026-05-27,f17db5bc-6694-46f3-854f-2f311b01d1a3,2026-05-27T16:20:12.443496
1868f54c-6c6e-43a7-a1be-f1228d48680f,GOHAN,cgv,,26022500,,,,2D,2026-05-27,a78960ec-9aac-4d65-b10e-e2b8d9e034c0,2026-05-27T16:20:12.443511
1868f54c-6c6e-43a7-a1be-f1228d48680f,THE SHEEP DETECTIVES,cgv,,26019500,,,,2D,2026-05-27,d0c589a5-2e2e-4eb0-8132-67e351e40d4c,2026-05-27T16:20:12.443528
1868f54c-6c6e-43a7-a1be-f1228d48680f,AYAH INI ARAHNYA KEMANA YA,cgv,,26011000,,,,2D,2026-05-27,579b7a11-9ef5-430f-ae51-54e6fc5b319e,2026-05-27T16:20:12.443544
1868f54c-6c6e-43a7-a1be-f1228d48680f,STAR WARS THE MANDALORIAN AND GROGU 3D,cgv,,26025200,,,,2D,2026-05-27,6805e778-5766-4d5d-9487-f8b6160853ad,2026-05-27T16:20:12.443559
1868f54c-6c6e-43a7-a1be-f1228d48680f,THE DEVIL WEARS PRADA 2,cgv,,26019800,,,,2D,2026-05-27,12ee2020-bb36-4423-ba9d-a9a19361bafe,2026-05-27T16:20:12.443576
1868f54c-6c6e-43a7-a1be-f1228d48680f,NA WILLA,cgv,,26003200,,,,2D,2026-05-27,95e04547-fc88-4b8d-b526-b5e57637ce0b,2026-05-27T16:20:12.443592
1868f54c-6c6e-43a7-a1be-f1228d48680f,KELUARGA SUAMI ADALAH HAMA,cgv,,26017700,,,,2D,2026-05-27,c624bd3c-7dac-47ba-9932-66b8d14ffd0e,2026-05-27T16:20:12.443608
77538278-04a4-4ef7-b1b5-57edd949a14d,SEKAWAN LIMO 2 GUNUNG KLAWIH,cgv,,26023300,,,,2D,2026-05-27,71dff06b-ecf9-4c3b-8265-ab89e399af3d,2026-05-27T16:20:13.296987
77538278-04a4-4ef7-b1b5-57edd949a14d,CHILDREN OF HEAVEN,cgv,,26012100,,,,2D,2026-05-27,42c80725-34af-4562-bd60-fde73ecdc02c,2026-05-27T16:20:13.297015
77538278-04a4-4ef7-b1b5-57edd949a14d,BADUT GENDONG,cgv,,26016800,,,,2D,2026-05-27,ea748c99-be69-4dae-8ed4-99741a9d4544,2026-05-27T16:20:13.297037
77538278-04a4-4ef7-b1b5-57edd949a14d,TUMBAL PROYEK,cgv,,26014300,,,,2D,2026-05-27,a43dff85-c370-4419-94af-a243c8260dc9,2026-05-27T16:20:13.297056
77538278-04a4-4ef7-b1b5-57edd949a14d,STAR WARS THE MANDALORIAN AND GROGU,cgv,,26021200,,,,2D,2026-05-27,0558806e-98c0-45b8-bcce-28238139db1c,2026-05-27T16:20:13.297078
77538278-04a4-4ef7-b1b5-57edd949a14d,SUAMIKU LUKAKU,cgv,,26025400,,,,2D,2026-05-27,0cc3dd69-3dec-45fe-ad2e-b2082870cef8,2026-05-27T16:20:13.297110
77538278-04a4-4ef7-b1b5-57edd949a14d,SEMUA AKAN BAIK BAIK SAJA,cgv,,26018100,,,,2D,2026-05-27,cf8558e0-aad7-48fb-879e-938e848448cc,2026-05-27T16:20:13.297132
77538278-04a4-4ef7-b1b5-57edd949a14d,PASSENGER,cgv,,26023100,,,,2D,2026-05-27,cbb02a59-8cbd-461c-b018-9c5bad16d31c,2026-05-27T16:20:13.297151
77538278-04a4-4ef7-b1b5-57edd949a14d,GUDANG MERICA,cgv,,26019400,,,,2D,2026-05-27,faa4124a-a0b3-4166-944e-0083b9c9af31,2026-05-27T16:20:13.297169
77538278-04a4-4ef7-b1b5-57edd949a14d,GHOST IN THE CELL,cgv,,26011800,,,,2D,2026-05-27,f817395c-6b8a-4960-93e4-ad585b1b59c9,2026-05-27T16:20:13.297187
77538278-04a4-4ef7-b1b5-57edd949a14d,MORTAL KOMBAT II,cgv,,26018200,,,,2D,2026-05-27,c3f4cc45-32ae-4d59-ab15-9075168647c1,2026-05-27T16:20:13.297206
77538278-04a4-4ef7-b1b5-57edd949a14d,HOKUM,cgv,,26024600,,,,2D,2026-05-27,1984979c-a368-490c-b9d9-514d3d6a8ebe,2026-05-27T16:20:13.297224
77538278-04a4-4ef7-b1b5-57edd949a14d,TIBA TIBA SETAN,cgv,,26007500,,,,2D,2026-05-27,e66488b2-5710-423f-a0e6-0b10921ac92d,2026-05-27T16:20:13.297241
77538278-04a4-4ef7-b1b5-57edd949a14d,DILAN ITB 1997,cgv,,26016100,,,,2D,2026-05-27,886dfb5a-9136-4938-933b-2efdbb925ac7,2026-05-27T16:20:13.297259
77538278-04a4-4ef7-b1b5-57edd949a14d,YANG LAIN BOLEH HILANG ASAL KAU JANGAN,cgv,,26018300,,,,2D,2026-05-27,9c68fb41-675b-42e1-92d1-3f3e87f678ee,2026-05-27T16:20:13.297282
77538278-04a4-4ef7-b1b5-57edd949a14d,SALMOKJI WHISPERING WATER,cgv,,26019100,,,,2D,2026-05-27,60072231-f235-4a99-9e7f-5c80d6f2a3c6,2026-05-27T16:20:13.297301
77538278-04a4-4ef7-b1b5-57edd949a14d,THE KINGS WARDEN,cgv,,26015000,,,,2D,2026-05-27,1ff63059-1157-4216-bba6-4e72565b481f,2026-05-27T16:20:13.297319
77538278-04a4-4ef7-b1b5-57edd949a14d,GOHAN,cgv,,26022500,,,,2D,2026-05-27,2f3fbf5f-2158-48d7-9cf2-b9ba70ecf658,2026-05-27T16:20:13.297337
77538278-04a4-4ef7-b1b5-57edd949a14d,THE SHEEP DETECTIVES,cgv,,26019500,,,,2D,2026-05-27,a9add148-c0b2-4902-aaa0-046fb64e8066,2026-05-27T16:20:13.297356
77538278-04a4-4ef7-b1b5-57edd949a14d,AYAH INI ARAHNYA KEMANA YA,cgv,,26011000,,,,2D,2026-05-27,596256e9-0702-4384-b2f1-0677da2f4169,2026-05-27T16:20:13.297374
77538278-04a4-4ef7-b1b5-57edd949a14d,STAR WARS THE MANDALORIAN AND GROGU 3D,cgv,,26025200,,,,2D,2026-05-27,de0d65ed-e184-4d1a-8e2a-ebb838f7a151,2026-05-27T16:20:13.297391
77538278-04a4-4ef7-b1b5-57edd949a14d,THE DEVIL WEARS PRADA 2,cgv,,26019800,,,,2D,2026-05-27,7f86eabd-3264-42b0-afe0-1d5e9639c289,2026-05-27T16:20:13.297409
77538278-04a4-4ef7-b1b5-57edd949a14d,NA WILLA,cgv,,26003200,,,,2D,2026-05-27,0c286045-bcf5-46f9-b966-d3d4e26195fe,2026-05-27T16:20:13.297428
77538278-04a4-4ef7-b1b5-57edd949a14d,KELUARGA SUAMI ADALAH HAMA,cgv,,26017700,,,,2D,2026-05-27,ec93f1d2-7625-4fad-9fa7-8f2edd210b2a,2026-05-27T16:20:13.297446
2ed6ecf5-af12-4056-aded-6159123f85e0,SEKAWAN LIMO 2 GUNUNG KLAWIH,cgv,,26023300,,,,2D,2026-05-27,99ab5c48-a9a5-40e9-9242-646d48df880c,2026-05-27T16:20:14.871986
2ed6ecf5-af12-4056-aded-6159123f85e0,CHILDREN OF HEAVEN,cgv,,26012100,,,,2D,2026-05-27,ba1aadca-1bc6-44b6-8d81-c853e71fd516,2026-05-27T16:20:14.872036
2ed6ecf5-af12-4056-aded-6159123f85e0,BADUT GENDONG,cgv,,26016800,,,,2D,2026-05-27,a25452d9-4d15-426c-b923-ce035a405eaf,2026-05-27T16:20:14.872076
2ed6ecf5-af12-4056-aded-6159123f85e0,TUMBAL PROYEK,cgv,,26014300,,,,2D,2026-05-27,34817854-27e3-49c0-85f6-5dc8a3b8e0f5,2026-05-27T16:20:14.872110
2ed6ecf5-af12-4056-aded-6159123f85e0,STAR WARS THE MANDALORIAN AND GROGU,cgv,,26021200,,,,2D,2026-05-27,37ec670b-f85b-46f6-a630-8f723890bf78,2026-05-27T16:20:14.872144
2ed6ecf5-af12-4056-aded-6159123f85e0,SUAMIKU LUKAKU,cgv,,26025400,,,,2D,2026-05-27,5b864ae4-0f18-4649-bcc7-26dc7d88b998,2026-05-27T16:20:14.872176
2ed6ecf5-af12-4056-aded-6159123f85e0,SEMUA AKAN BAIK BAIK SAJA,cgv,,26018100,,,,2D,2026-05-27,4794bb3d-9436-47bc-9a2b-d6a5155d46de,2026-05-27T16:20:14.872206
2ed6ecf5-af12-4056-aded-6159123f85e0,PASSENGER,cgv,,26023100,,,,2D,2026-05-27,78d0b63e-6a16-4ccb-9e66-313c44664b96,2026-05-27T16:20:14.872236
2ed6ecf5-af12-4056-aded-6159123f85e0,GUDANG MERICA,cgv,,26019400,,,,2D,2026-05-27,fd6f0722-cf39-4c8d-bf3b-c3f587353d73,2026-05-27T16:20:14.872265
2ed6ecf5-af12-4056-aded-6159123f85e0,GHOST IN THE CELL,cgv,,26011800,,,,2D,2026-05-27,26b5e5ac-da97-4ab6-b368-92ed72ce7ac1,2026-05-27T16:20:14.872296
2ed6ecf5-af12-4056-aded-6159123f85e0,MORTAL KOMBAT II,cgv,,26018200,,,,2D,2026-05-27,09fef025-b8a3-4aa7-bba2-b2c1b6161a05,2026-05-27T16:20:14.872335
2ed6ecf5-af12-4056-aded-6159123f85e0,HOKUM,cgv,,26024600,,,,2D,2026-05-27,56346a6a-2bfd-45ec-b589-06be0b187626,2026-05-27T16:20:14.872364
2ed6ecf5-af12-4056-aded-6159123f85e0,TIBA TIBA SETAN,cgv,,26007500,,,,2D,2026-05-27,c9131f2e-3a9a-40dc-baf6-a4c6d633176b,2026-05-27T16:20:14.872393
2ed6ecf5-af12-4056-aded-6159123f85e0,DILAN ITB 1997,cgv,,26016100,,,,2D,2026-05-27,c9f6fb2a-16e6-4bfb-96d0-3a6b3687e83a,2026-05-27T16:20:14.872423
2ed6ecf5-af12-4056-aded-6159123f85e0,YANG LAIN BOLEH HILANG ASAL KAU JANGAN,cgv,,26018300,,,,2D,2026-05-27,9e87eef0-dcdc-4774-8cd0-6e32788a4810,2026-05-27T16:20:14.872452
2ed6ecf5-af12-4056-aded-6159123f85e0,SALMOKJI WHISPERING WATER,cgv,,26019100,,,,2D,2026-05-27,0281f0a5-4715-4eb5-8303-a4c011fa51e1,2026-05-27T16:20:14.872481
2ed6ecf5-af12-4056-aded-6159123f85e0,THE KINGS WARDEN,cgv,,26015000,,,,2D,2026-05-27,d5aaee2c-2083-4b08-9473-18e77b8cc348,2026-05-27T16:20:14.872513
2ed6ecf5-af12-4056-aded-6159123f85e0,GOHAN,cgv,,26022500,,,,2D,2026-05-27,4f9badf3-6582-451e-be85-a853e48ea5c0,2026-05-27T16:20:14.872543
2ed6ecf5-af12-4056-aded-6159123f85e0,THE SHEEP DETECTIVES,cgv,,26019500,,,,2D,2026-05-27,108ec4dc-2876-4ddf-be30-c61954c9bd36,2026-05-27T16:20:14.872574
2ed6ecf5-af12-4056-aded-6159123f85e0,AYAH INI ARAHNYA KEMANA YA,cgv,,26011000,,,,2D,2026-05-27,68c2204a-9d40-44bc-8a5e-dc81f8fdd47e,2026-05-27T16:20:14.872603
2ed6ecf5-af12-4056-aded-6159123f85e0,STAR WARS THE MANDALORIAN AND GROGU 3D,cgv,,26025200,,,,2D,2026-05-27,c752e2ac-502c-4ab4-b341-d7114158650c,2026-05-27T16:20:14.872638
2ed6ecf5-af12-4056-aded-6159123f85e0,THE DEVIL WEARS PRADA 2,cgv,,26019800,,,,2D,2026-05-27,bd233795-aa70-4874-ad31-36bce3e53959,2026-05-27T16:20:14.872666
2ed6ecf5-af12-4056-aded-6159123f85e0,NA WILLA,cgv,,26003200,,,,2D,2026-05-27,33a17685-c81d-4e78-9a64-d43df95688b9,2026-05-27T16:20:14.872703
2ed6ecf5-af12-4056-aded-6159123f85e0,KELUARGA SUAMI ADALAH HAMA,cgv,,26017700,,,,2D,2026-05-27,3b1c28d2-605b-4339-b0a9-9c95bab6d7db,2026-05-27T16:20:14.872732
1ecd9d0f-e484-4331-9bf3-bfd6bc3ab242,SEKAWAN LIMO 2 GUNUNG KLAWIH,cgv,,26023300,,,,2D,2026-05-27,7fbbbe64-13a0-4a82-915e-bfa2f23bae1e,2026-05-27T16:20:15.021881
1ecd9d0f-e484-4331-9bf3-bfd6bc3ab242,CHILDREN OF HEAVEN,cgv,,26012100,,,,2D,2026-05-27,c191843c-2df2-429d-a855-181f7ac66a79,2026-05-27T16:20:15.021926
1ecd9d0f-e484-4331-9bf3-bfd6bc3ab242,BADUT GENDONG,cgv,,26016800,,,,2D,2026-05-27,a3e69eb4-305d-4e2b-a097-a95b3dc77191,2026-05-27T16:20:15.021961
1ecd9d0f-e484-4331-9bf3-bfd6bc3ab242,TUMBAL PROYEK,cgv,,26014300,,,,2D,2026-05-27,0108380e-c3ba-449b-bae1-4eb09e9ad7e0,2026-05-27T16:20:15.021994
1ecd9d0f-e484-4331-9bf3-bfd6bc3ab242,STAR WARS THE MANDALORIAN AND GROGU,cgv,,26021200,,,,2D,2026-05-27,a9ee314f-2af2-4e21-92a2-39bc2ad98760,2026-05-27T16:20:15.022033
1ecd9d0f-e484-4331-9bf3-bfd6bc3ab242,SUAMIKU LUKAKU,cgv,,26025400,,,,2D,2026-05-27,edcd4369-48f5-4da9-91e3-9d468909a9f8,2026-05-27T16:20:15.022065
1ecd9d0f-e484-4331-9bf3-bfd6bc3ab242,SEMUA AKAN BAIK BAIK SAJA,cgv,,26018100,,,,2D,2026-05-27,4def4d59-d9d7-404c-93d8-23657f9667a1,2026-05-27T16:20:15.022095
1ecd9d0f-e484-4331-9bf3-bfd6bc3ab242,PASSENGER,cgv,,26023100,,,,2D,2026-05-27,2bb850aa-eefb-4761-ab49-ca4e918072ec,2026-05-27T16:20:15.022124
1ecd9d0f-e484-4331-9bf3-bfd6bc3ab242,GUDANG MERICA,cgv,,26019400,,,,2D,2026-05-27,5b6b4abf-0824-46cb-a2f6-81f38ac10f30,2026-05-27T16:20:15.022153
1ecd9d0f-e484-4331-9bf3-bfd6bc3ab242,GHOST IN THE CELL,cgv,,26011800,,,,2D,2026-05-27,1b195faf-cc8f-4a47-9a00-d4741ad5acb2,2026-05-27T16:20:15.022183
1ecd9d0f-e484-4331-9bf3-bfd6bc3ab242,MORTAL KOMBAT II,cgv,,26018200,,,,2D,2026-05-27,6af92f8e-0752-400b-9059-451241c07819,2026-05-27T16:20:15.022212
1ecd9d0f-e484-4331-9bf3-bfd6bc3ab242,HOKUM,cgv,,26024600,,,,2D,2026-05-27,cf53dad6-c1c4-4092-bb9c-a9124d6bfdf4,2026-05-27T16:20:15.022240
1ecd9d0f-e484-4331-9bf3-bfd6bc3ab242,TIBA TIBA SETAN,cgv,,26007500,,,,2D,2026-05-27,2b28e20c-f8f6-4099-933b-477f106630be,2026-05-27T16:20:15.022269
1ecd9d0f-e484-4331-9bf3-bfd6bc3ab242,DILAN ITB 1997,cgv,,26016100,,,,2D,2026-05-27,ec60c85c-d779-44ca-8b5b-d215a60d8e6f,2026-05-27T16:20:15.022298
1ecd9d0f-e484-4331-9bf3-bfd6bc3ab242,YANG LAIN BOLEH HILANG ASAL KAU JANGAN,cgv,,26018300,,,,2D,2026-05-27,0746503b-b1e9-4fc9-a9c7-2ec1d8a305cb,2026-05-27T16:20:15.022328
1ecd9d0f-e484-4331-9bf3-bfd6bc3ab242,SALMOKJI WHISPERING WATER,cgv,,26019100,,,,2D,2026-05-27,0e988548-5128-4d9d-abee-d42ccce78711,2026-05-27T16:20:15.022357
1ecd9d0f-e484-4331-9bf3-bfd6bc3ab242,THE KINGS WARDEN,cgv,,26015000,,,,2D,2026-05-27,0f54e676-97dc-4337-bcb2-c31dbd99571f,2026-05-27T16:20:15.022385
1ecd9d0f-e484-4331-9bf3-bfd6bc3ab242,GOHAN,cgv,,26022500,,,,2D,2026-05-27,0a199c74-f292-49a9-be60-ddb91ab151b2,2026-05-27T16:20:15.022415
1ecd9d0f-e484-4331-9bf3-bfd6bc3ab242,THE SHEEP DETECTIVES,cgv,,26019500,,,,2D,2026-05-27,5dbeb0c6-e3a8-4e40-9061-214af11abe51,2026-05-27T16:20:15.022449
1ecd9d0f-e484-4331-9bf3-bfd6bc3ab242,AYAH INI ARAHNYA KEMANA YA,cgv,,26011000,,,,2D,2026-05-27,9396a53b-93c1-47ef-acc3-8e76101cfc3f,2026-05-27T16:20:15.022478
1ecd9d0f-e484-4331-9bf3-bfd6bc3ab242,STAR WARS THE MANDALORIAN AND GROGU 3D,cgv,,26025200,,,,2D,2026-05-27,29e17f5b-22c5-42e5-b989-723cacbd94fe,2026-05-27T16:20:15.022506
1ecd9d0f-e484-4331-9bf3-bfd6bc3ab242,THE DEVIL WEARS PRADA 2,cgv,,26019800,,,,2D,2026-05-27,6938ecc4-1148-44fa-80cb-1ab688ce6ce5,2026-05-27T16:20:15.022538
1ecd9d0f-e484-4331-9bf3-bfd6bc3ab242,NA WILLA,cgv,,26003200,,,,2D,2026-05-27,14f853e2-46e6-41a7-ae99-e43462ae15c8,2026-05-27T16:20:15.022567
1ecd9d0f-e484-4331-9bf3-bfd6bc3ab242,KELUARGA SUAMI ADALAH HAMA,cgv,,26017700,,,,2D,2026-05-27,dda24e2b-ba72-426f-85c4-ba6e80133deb,2026-05-27T16:20:15.022595
f86444c4-04eb-45f2-a255-f7f1c20ebc91,SEKAWAN LIMO 2 GUNUNG KLAWIH,cgv,,26023300,,,,2D,2026-05-27,7c125c0d-7b49-4bbf-b619-61689d0e0af9,2026-05-27T16:20:15.622305
f86444c4-04eb-45f2-a255-f7f1c20ebc91,CHILDREN OF HEAVEN,cgv,,26012100,,,,2D,2026-05-27,e2155009-f4f9-4fe2-b115-a9a3caec3141,2026-05-27T16:20:15.622340
f86444c4-04eb-45f2-a255-f7f1c20ebc91,BADUT GENDONG,cgv,,26016800,,,,2D,2026-05-27,d0cda94d-c0de-4366-bd90-7f8667cf432f,2026-05-27T16:20:15.622365
f86444c4-04eb-45f2-a255-f7f1c20ebc91,TUMBAL PROYEK,cgv,,26014300,,,,2D,2026-05-27,ed4f4290-d212-4ebb-a016-9b3499ac6b3d,2026-05-27T16:20:15.622388
f86444c4-04eb-45f2-a255-f7f1c20ebc91,STAR WARS THE MANDALORIAN AND GROGU,cgv,,26021200,,,,2D,2026-05-27,9b53bb18-4d3f-41e2-9000-060dbc7b112a,2026-05-27T16:20:15.622413
f86444c4-04eb-45f2-a255-f7f1c20ebc91,SUAMIKU LUKAKU,cgv,,26025400,,,,2D,2026-05-27,4406064c-a897-49e9-b349-5a9406b23373,2026-05-27T16:20:15.622435
f86444c4-04eb-45f2-a255-f7f1c20ebc91,SEMUA AKAN BAIK BAIK SAJA,cgv,,26018100,,,,2D,2026-05-27,b4bdea5c-d475-4b03-b568-3009846ebc5a,2026-05-27T16:20:15.622461
f86444c4-04eb-45f2-a255-f7f1c20ebc91,PASSENGER,cgv,,26023100,,,,2D,2026-05-27,131065eb-8c63-4b5d-9d4e-27da5cb48145,2026-05-27T16:20:15.622482
f86444c4-04eb-45f2-a255-f7f1c20ebc91,GUDANG MERICA,cgv,,26019400,,,,2D,2026-05-27,1f2d7feb-7a32-4b8f-b430-046f87f2107d,2026-05-27T16:20:15.622503
f86444c4-04eb-45f2-a255-f7f1c20ebc91,GHOST IN THE CELL,cgv,,26011800,,,,2D,2026-05-27,24c7d661-5b7d-4c3f-9c0c-fc9873a00012,2026-05-27T16:20:15.622523
f86444c4-04eb-45f2-a255-f7f1c20ebc91,MORTAL KOMBAT II,cgv,,26018200,,,,2D,2026-05-27,0dd34454-b6bd-423f-94f0-5c50ae5dc3fa,2026-05-27T16:20:15.622548
f86444c4-04eb-45f2-a255-f7f1c20ebc91,HOKUM,cgv,,26024600,,,,2D,2026-05-27,fd31c800-4276-4812-825a-d27e67badbf2,2026-05-27T16:20:15.622569
f86444c4-04eb-45f2-a255-f7f1c20ebc91,TIBA TIBA SETAN,cgv,,26007500,,,,2D,2026-05-27,99c18502-7c0b-4d42-87a4-5db748405e20,2026-05-27T16:20:15.622590
f86444c4-04eb-45f2-a255-f7f1c20ebc91,DILAN ITB 1997,cgv,,26016100,,,,2D,2026-05-27,471a022b-2524-4aff-a15a-10fae2d157df,2026-05-27T16:20:15.622615
f86444c4-04eb-45f2-a255-f7f1c20ebc91,YANG LAIN BOLEH HILANG ASAL KAU JANGAN,cgv,,26018300,,,,2D,2026-05-27,a501a1d6-41b3-4377-b1bd-221090c94e8d,2026-05-27T16:20:15.622635
f86444c4-04eb-45f2-a255-f7f1c20ebc91,SALMOKJI WHISPERING WATER,cgv,,26019100,,,,2D,2026-05-27,256051b3-3352-4eae-ab19-d0a5460a94f3,2026-05-27T16:20:15.622659
f86444c4-04eb-45f2-a255-f7f1c20ebc91,THE KINGS WARDEN,cgv,,26015000,,,,2D,2026-05-27,ce3f2388-a030-47a6-89db-b92b67f0f85c,2026-05-27T16:20:15.622680
f86444c4-04eb-45f2-a255-f7f1c20ebc91,GOHAN,cgv,,26022500,,,,2D,2026-05-27,f727ca36-bce9-492e-81e5-84c4194c979a,2026-05-27T16:20:15.622701
f86444c4-04eb-45f2-a255-f7f1c20ebc91,THE SHEEP DETECTIVES,cgv,,26019500,,,,2D,2026-05-27,1c707aff-222b-40b5-be74-20c76a5827b1,2026-05-27T16:20:15.622723
f86444c4-04eb-45f2-a255-f7f1c20ebc91,AYAH INI ARAHNYA KEMANA YA,cgv,,26011000,,,,2D,2026-05-27,4ebd7b34-8aa1-445e-a09f-9e138c9c9758,2026-05-27T16:20:15.622744
f86444c4-04eb-45f2-a255-f7f1c20ebc91,STAR WARS THE MANDALORIAN AND GROGU 3D,cgv,,26025200,,,,2D,2026-05-27,788269b5-97dc-49f0-9630-2e475b286519,2026-05-27T16:20:15.622764
f86444c4-04eb-45f2-a255-f7f1c20ebc91,THE DEVIL WEARS PRADA 2,cgv,,26019800,,,,2D,2026-05-27,040f5703-cce3-482e-9618-78bb895d3ff3,2026-05-27T16:20:15.622785
f86444c4-04eb-45f2-a255-f7f1c20ebc91,NA WILLA,cgv,,26003200,,,,2D,2026-05-27,7aa702d0-a79b-463b-be34-ae9b664e07c5,2026-05-27T16:20:15.622805
f86444c4-04eb-45f2-a255-f7f1c20ebc91,KELUARGA SUAMI ADALAH HAMA,cgv,,26017700,,,,2D,2026-05-27,9f4506ca-6d58-423f-8c2c-a9a6194b39dc,2026-05-27T16:20:15.622825
434956bb-6813-4b03-a6a0-eba497673fd6,SEKAWAN LIMO 2 GUNUNG KLAWIH,cgv,,26023300,,,,2D,2026-05-27,7a45504c-5bcd-49a3-8bbb-76728c79203c,2026-05-27T16:20:15.730421
434956bb-6813-4b03-a6a0-eba497673fd6,CHILDREN OF HEAVEN,cgv,,26012100,,,,2D,2026-05-27,93ff1cc1-c32b-4cc2-b2ba-c97447441aa4,2026-05-27T16:20:15.730490
434956bb-6813-4b03-a6a0-eba497673fd6,BADUT GENDONG,cgv,,26016800,,,,2D,2026-05-27,b5be28fd-e9ec-4e52-a79e-1f014fa0b15e,2026-05-27T16:20:15.730538
434956bb-6813-4b03-a6a0-eba497673fd6,TUMBAL PROYEK,cgv,,26014300,,,,2D,2026-05-27,f4050c1c-f129-455b-bb43-fa5499fa5c0b,2026-05-27T16:20:15.730581
434956bb-6813-4b03-a6a0-eba497673fd6,STAR WARS THE MANDALORIAN AND GROGU,cgv,,26021200,,,,2D,2026-05-27,cd14a550-d44b-42c3-9311-94d7073a0a44,2026-05-27T16:20:15.730617
434956bb-6813-4b03-a6a0-eba497673fd6,SUAMIKU LUKAKU,cgv,,26025400,,,,2D,2026-05-27,166ec240-3de3-4731-b22b-c616151b7ffe,2026-05-27T16:20:15.730648
434956bb-6813-4b03-a6a0-eba497673fd6,SEMUA AKAN BAIK BAIK SAJA,cgv,,26018100,,,,2D,2026-05-27,575b3e85-793d-4f12-835d-78ea27c64ddf,2026-05-27T16:20:15.730679
434956bb-6813-4b03-a6a0-eba497673fd6,PASSENGER,cgv,,26023100,,,,2D,2026-05-27,a08651d6-5b37-4d02-af73-353c77b39c6b,2026-05-27T16:20:15.730712
434956bb-6813-4b03-a6a0-eba497673fd6,GUDANG MERICA,cgv,,26019400,,,,2D,2026-05-27,a7df0966-6a82-4e46-9528-8d2326a83181,2026-05-27T16:20:15.730741
434956bb-6813-4b03-a6a0-eba497673fd6,GHOST IN THE CELL,cgv,,26011800,,,,2D,2026-05-27,b15efec3-7d65-46dc-add2-e8f76773ce8a,2026-05-27T16:20:15.730772
434956bb-6813-4b03-a6a0-eba497673fd6,MORTAL KOMBAT II,cgv,,26018200,,,,2D,2026-05-27,ee84aa17-eaee-4766-950b-54567c117df6,2026-05-27T16:20:15.730803
434956bb-6813-4b03-a6a0-eba497673fd6,HOKUM,cgv,,26024600,,,,2D,2026-05-27,9ab2d207-9626-4a88-9418-d037f9e4695f,2026-05-27T16:20:15.730833
434956bb-6813-4b03-a6a0-eba497673fd6,TIBA TIBA SETAN,cgv,,26007500,,,,2D,2026-05-27,6430a982-f314-47d0-bc64-cd153f7dfa74,2026-05-27T16:20:15.730864
434956bb-6813-4b03-a6a0-eba497673fd6,DILAN ITB 1997,cgv,,26016100,,,,2D,2026-05-27,44fad6b5-6975-45c1-82c7-acb1b9ceeeb9,2026-05-27T16:20:15.730895
434956bb-6813-4b03-a6a0-eba497673fd6,YANG LAIN BOLEH HILANG ASAL KAU JANGAN,cgv,,26018300,,,,2D,2026-05-27,3b2bd087-f591-4790-9294-0a8ea47bc480,2026-05-27T16:20:15.730925
434956bb-6813-4b03-a6a0-eba497673fd6,SALMOKJI WHISPERING WATER,cgv,,26019100,,,,2D,2026-05-27,36ac791d-27db-4dd7-b741-793194f81400,2026-05-27T16:20:15.730954
434956bb-6813-4b03-a6a0-eba497673fd6,THE KINGS WARDEN,cgv,,26015000,,,,2D,2026-05-27,29b6f6f4-72c0-499c-809b-5a9703c8328d,2026-05-27T16:20:15.730984
434956bb-6813-4b03-a6a0-eba497673fd6,GOHAN,cgv,,26022500,,,,2D,2026-05-27,a34d54d2-bb5b-47f4-8078-d35ae208f460,2026-05-27T16:20:15.731013
434956bb-6813-4b03-a6a0-eba497673fd6,THE SHEEP DETECTIVES,cgv,,26019500,,,,2D,2026-05-27,444a38fc-e9bf-4b85-aec7-20f1ab8bd544,2026-05-27T16:20:15.731044
434956bb-6813-4b03-a6a0-eba497673fd6,AYAH INI ARAHNYA KEMANA YA,cgv,,26011000,,,,2D,2026-05-27,3dd63509-91f2-4cc7-9957-300080f7084c,2026-05-27T16:20:15.731072
434956bb-6813-4b03-a6a0-eba497673fd6,STAR WARS THE MANDALORIAN AND GROGU 3D,cgv,,26025200,,,,2D,2026-05-27,cda0e749-b97c-4294-b58c-ba01b130bee3,2026-05-27T16:20:15.731101
434956bb-6813-4b03-a6a0-eba497673fd6,THE DEVIL WEARS PRADA 2,cgv,,26019800,,,,2D,2026-05-27,b7686f7b-6f89-4602-9562-476da4868730,2026-05-27T16:20:15.731129
434956bb-6813-4b03-a6a0-eba497673fd6,NA WILLA,cgv,,26003200,,,,2D,2026-05-27,d6dc8356-c455-4e06-a2d4-10a92df884a3,2026-05-27T16:20:15.731157
434956bb-6813-4b03-a6a0-eba497673fd6,KELUARGA SUAMI ADALAH HAMA,cgv,,26017700,,,,2D,2026-05-27,a148e286-32fe-48b3-a961-098a1147dc48,2026-05-27T16:20:15.731185
a187f9ca-2c35-4ad6-a41d-b1bf98e82c25,SEKAWAN LIMO 2: GUNUNG KLAWIH,cinepolis,,7a5e33ac-ba36-4c3f-bd38-0f7f00a79a1d,COMEDY,2h 2m,13+,2D,2026-05-27,ff2c5cf3-d2af-4672-a96a-7bdb1e37c4f3,2026-05-27T16:21:16.183933
a187f9ca-2c35-4ad6-a41d-b1bf98e82c25,CHILDREN OF HEAVEN,cinepolis,,0ae5ff7b-e255-45b6-a488-c0feb89dc653,DRAMA,1h 37m,SU,2D,2026-05-27,6f31f89a-1e97-43d9-9f2c-ba8e45f17a1a,2026-05-27T16:21:17.776302
a187f9ca-2c35-4ad6-a41d-b1bf98e82c25,BADUT GENDONG,cinepolis,,3c747edf-0b24-47d3-a687-cce565db1452,HORROR,1h 41m,D17+,2D,2026-05-27,7e4455df-6deb-4efc-8703-8a6c3e000620,2026-05-27T16:21:18.631560
a187f9ca-2c35-4ad6-a41d-b1bf98e82c25,TUMBAL PROYEK,cinepolis,,0b14c075-63cc-4a3b-b0a7-a3578ae1590b,HORROR,1h 46m,D17+,2D,2026-05-27,10e1245f-f216-46dd-90b6-dc464a1b93db,2026-05-27T16:21:20.753944
a187f9ca-2c35-4ad6-a41d-b1bf98e82c25,PASSENGER,cinepolis,,f99ed192-5c3c-4e8c-b507-05e2d244ecfd,HORROR,1h 34m,D17+,2D,2026-05-27,d5ed6c9e-873a-4d0b-bf97-76542cdef6e9,2026-05-27T16:21:22.183733
ff681537-d23e-4aef-bc37-a4245fd436db,SEKAWAN LIMO 2: GUNUNG KLAWIH,cinepolis,,7a5e33ac-ba36-4c3f-bd38-0f7f00a79a1d,COMEDY,2h 2m,13+,2D,2026-05-27,f3721553-1e8b-4049-b1d3-5ed4e327cd9a,2026-05-27T16:21:20.859340
ff681537-d23e-4aef-bc37-a4245fd436db,CHILDREN OF HEAVEN,cinepolis,,0ae5ff7b-e255-45b6-a488-c0feb89dc653,DRAMA,1h 37m,SU,2D,2026-05-27,19376270-2308-4ae7-8c27-24994a19701f,2026-05-27T16:21:20.860907
ff681537-d23e-4aef-bc37-a4245fd436db,BADUT GENDONG,cinepolis,,3c747edf-0b24-47d3-a687-cce565db1452,HORROR,1h 41m,D17+,2D,2026-05-27,4c9a9d3e-c202-4b79-8f84-9852826386dd,2026-05-27T16:21:20.862625
ff681537-d23e-4aef-bc37-a4245fd436db,TUMBAL PROYEK,cinepolis,,0b14c075-63cc-4a3b-b0a7-a3578ae1590b,HORROR,1h 46m,D17+,2D,2026-05-27,3f0ac4b7-0338-4055-b551-e98cd4b60e7e,2026-05-27T16:21:20.864396
ff681537-d23e-4aef-bc37-a4245fd436db,SEMUA AKAN BAIK-BAIK SAJA,cinepolis,,cae94e25-4386-417b-8bdf-0dea2d0b0c71,DRAMA,1h 53m,13+,2D,2026-05-27,a90fda9d-6099-4ac4-b640-7efe201e8f1d,2026-05-27T16:21:24.290089
ff681537-d23e-4aef-bc37-a4245fd436db,GUDANG MERICA,cinepolis,,0e87a4c9-10fb-496b-b0a4-4d60d71c222d,COMEDY,1h 38m,D17+,2D,2026-05-27,6ec2b365-1b91-491c-9e18-175e1e6e5309,2026-05-27T16:21:24.828444
ff681537-d23e-4aef-bc37-a4245fd436db,STAR WARS: THE MANDALORIAN AND GROGU,cinepolis,,488b0e44-9328-4660-827f-bf3341602b6d,FANTASY,2h 12m,13+,2D,2026-05-27,fadd1214-fa23-4046-894e-53fd39861669,2026-05-27T16:21:26.165924
ff681537-d23e-4aef-bc37-a4245fd436db,YANG LAIN BOLEH HILANG ASAL KAU JANGAN,cinepolis,,ff59e4ab-92e1-4aa6-bfd8-ab6521930738,DRAMA,1h 53m,13+,2D,2026-05-27,ecd3679b-8e6e-431e-bfcc-f70b12407cb4,2026-05-27T16:21:28.324711
c723d872-d473-45b2-b928-6062d8be41a6,SEKAWAN LIMO 2: GUNUNG KLAWIH,cinepolis,,7a5e33ac-ba36-4c3f-bd38-0f7f00a79a1d,COMEDY,2h 2m,13+,2D,2026-05-27,4d94a72f-b309-456f-af34-15bffd168f07,2026-05-27T16:21:26.867714
c723d872-d473-45b2-b928-6062d8be41a6,CHILDREN OF HEAVEN,cinepolis,,0ae5ff7b-e255-45b6-a488-c0feb89dc653,DRAMA,1h 37m,SU,2D,2026-05-27,c8ef4e78-5ca0-487e-a2bd-4ad5623dd240,2026-05-27T16:21:26.869323
c723d872-d473-45b2-b928-6062d8be41a6,TUMBAL PROYEK,cinepolis,,0b14c075-63cc-4a3b-b0a7-a3578ae1590b,HORROR,1h 46m,D17+,2D,2026-05-27,8225ac3a-5345-4d66-bb1d-c0696bcb1891,2026-05-27T16:21:26.871894
c723d872-d473-45b2-b928-6062d8be41a6,PASSENGER,cinepolis,,f99ed192-5c3c-4e8c-b507-05e2d244ecfd,HORROR,1h 34m,D17+,2D,2026-05-27,6d16782d-ad8e-43f0-9775-b09bed5bfb1d,2026-05-27T16:21:26.874513
c723d872-d473-45b2-b928-6062d8be41a6,SEMUA AKAN BAIK-BAIK SAJA,cinepolis,,cae94e25-4386-417b-8bdf-0dea2d0b0c71,DRAMA,1h 53m,13+,2D,2026-05-27,004c542f-ff30-4eef-88eb-6b9069edeed4,2026-05-27T16:21:26.876080
c723d872-d473-45b2-b928-6062d8be41a6,GUDANG MERICA,cinepolis,,0e87a4c9-10fb-496b-b0a4-4d60d71c222d,COMEDY,1h 38m,D17+,2D,2026-05-27,da5ab67a-bd32-418a-ab30-c6f43fff9833,2026-05-27T16:21:26.877369
c723d872-d473-45b2-b928-6062d8be41a6,STAR WARS: THE MANDALORIAN AND GROGU,cinepolis,,488b0e44-9328-4660-827f-bf3341602b6d,FANTASY,2h 12m,13+,2D,2026-05-27,fba87ce0-6b35-4dfc-bf21-cc09513411ac,2026-05-27T16:21:26.878384
c723d872-d473-45b2-b928-6062d8be41a6,GHOST IN THE CELL,cinepolis,,1859bb5f-f638-4a41-854c-a114f6f8a608,HORROR,1h 46m,D17+,2D,2026-05-27,9de1fd15-8b92-44d0-add6-748cc0d4956c,2026-05-27T16:21:29.124498
742cce7d-2335-4b21-a229-727d76e0c224,SEKAWAN LIMO 2: GUNUNG KLAWIH,cinepolis,,7a5e33ac-ba36-4c3f-bd38-0f7f00a79a1d,COMEDY,2h 2m,13+,2D,2026-05-27,4ed01ea3-f4b8-4ab1-aea8-70a0ae0db088,2026-05-27T16:21:32.904865
742cce7d-2335-4b21-a229-727d76e0c224,CHILDREN OF HEAVEN,cinepolis,,0ae5ff7b-e255-45b6-a488-c0feb89dc653,DRAMA,1h 37m,SU,2D,2026-05-27,a01de3e7-362c-4340-a432-30c3ea381911,2026-05-27T16:21:32.906305
742cce7d-2335-4b21-a229-727d76e0c224,BADUT GENDONG,cinepolis,,3c747edf-0b24-47d3-a687-cce565db1452,HORROR,1h 41m,D17+,2D,2026-05-27,702d9901-d2a6-4f43-bdc6-e1dd9760127a,2026-05-27T16:21:32.907241
742cce7d-2335-4b21-a229-727d76e0c224,TUMBAL PROYEK,cinepolis,,0b14c075-63cc-4a3b-b0a7-a3578ae1590b,HORROR,1h 46m,D17+,2D,2026-05-27,1f7dafbc-a707-4723-8564-e86bf386a001,2026-05-27T16:21:32.909113
13454c92-6e65-42d5-bb5b-9b4d876a5d7d,SEKAWAN LIMO 2: GUNUNG KLAWIH,cinepolis,,7a5e33ac-ba36-4c3f-bd38-0f7f00a79a1d,COMEDY,2h 2m,13+,2D,2026-05-27,fa2fb174-e567-4dc9-9e50-d38806d58262,2026-05-27T16:21:38.149551
13454c92-6e65-42d5-bb5b-9b4d876a5d7d,CHILDREN OF HEAVEN,cinepolis,,0ae5ff7b-e255-45b6-a488-c0feb89dc653,DRAMA,1h 37m,SU,2D,2026-05-27,c01a9dc5-8997-494d-a1db-8c9450d7d40b,2026-05-27T16:21:38.150755
13454c92-6e65-42d5-bb5b-9b4d876a5d7d,BADUT GENDONG,cinepolis,,3c747edf-0b24-47d3-a687-cce565db1452,HORROR,1h 41m,D17+,2D,2026-05-27,b435e462-aa45-4c28-a177-7cf848466d90,2026-05-27T16:21:38.152303
13454c92-6e65-42d5-bb5b-9b4d876a5d7d,TUMBAL PROYEK,cinepolis,,0b14c075-63cc-4a3b-b0a7-a3578ae1590b,HORROR,1h 46m,D17+,2D,2026-05-27,180d14e1-3d02-425c-a0a5-68b19082e7a0,2026-05-27T16:21:38.153981
13454c92-6e65-42d5-bb5b-9b4d876a5d7d,SEMUA AKAN BAIK-BAIK SAJA,cinepolis,,cae94e25-4386-417b-8bdf-0dea2d0b0c71,DRAMA,1h 53m,13+,2D,2026-05-27,f0c79927-096c-49c1-9b98-5b82fe8391ae,2026-05-27T16:21:38.155221
13454c92-6e65-42d5-bb5b-9b4d876a5d7d,GUDANG MERICA,cinepolis,,0e87a4c9-10fb-496b-b0a4-4d60d71c222d,COMEDY,1h 38m,D17+,2D,2026-05-27,cabe14d6-9729-4cdf-b84a-2f33c45af7ba,2026-05-27T16:21:38.156458
6c5c4a18-65b3-422f-bc3c-08757a0734a5,SEKAWAN LIMO 2: GUNUNG KLAWIH,cinepolis,,7a5e33ac-ba36-4c3f-bd38-0f7f00a79a1d,COMEDY,2h 2m,13+,2D,2026-05-27,a6c3ef2f-3d24-41d1-b7c0-237c49ad8592,2026-05-27T16:21:43.434846
6c5c4a18-65b3-422f-bc3c-08757a0734a5,CHILDREN OF HEAVEN,cinepolis,,0ae5ff7b-e255-45b6-a488-c0feb89dc653,DRAMA,1h 37m,SU,2D,2026-05-27,10fdf5e2-3508-4380-94cc-4d7ddb85f426,2026-05-27T16:21:43.436893
6c5c4a18-65b3-422f-bc3c-08757a0734a5,BADUT GENDONG,cinepolis,,3c747edf-0b24-47d3-a687-cce565db1452,HORROR,1h 41m,D17+,2D,2026-05-27,0d025779-a362-48c7-810c-a33e11f90fa7,2026-05-27T16:21:43.438382
6c5c4a18-65b3-422f-bc3c-08757a0734a5,TUMBAL PROYEK,cinepolis,,0b14c075-63cc-4a3b-b0a7-a3578ae1590b,HORROR,1h 46m,D17+,2D,2026-05-27,5ef8c34c-0a36-4d89-a0b1-7b2928c976c6,2026-05-27T16:21:43.440526
6c5c4a18-65b3-422f-bc3c-08757a0734a5,PASSENGER,cinepolis,,f99ed192-5c3c-4e8c-b507-05e2d244ecfd,HORROR,1h 34m,D17+,2D,2026-05-27,1940c362-5253-4039-868e-b4f01dc438bd,2026-05-27T16:21:43.441494
6c5c4a18-65b3-422f-bc3c-08757a0734a5,SEMUA AKAN BAIK-BAIK SAJA,cinepolis,,cae94e25-4386-417b-8bdf-0dea2d0b0c71,DRAMA,1h 53m,13+,2D,2026-05-27,d1dabd76-cc63-45a6-bea2-de50720f6db9,2026-05-27T16:21:43.443419
6c5c4a18-65b3-422f-bc3c-08757a0734a5,GUDANG MERICA,cinepolis,,0e87a4c9-10fb-496b-b0a4-4d60d71c222d,COMEDY,1h 38m,D17+,2D,2026-05-27,6ea8b8e5-4984-43b7-a739-02252bb38352,2026-05-27T16:21:43.444469
5d5d2ec0-e2de-4a82-80a0-f2461bcb557b,SEKAWAN LIMO 2: GUNUNG KLAWIH,cinepolis,,7a5e33ac-ba36-4c3f-bd38-0f7f00a79a1d,COMEDY,2h 2m,13+,2D,2026-05-27,8092e59a-7464-4794-838a-5bc70074f21b,2026-05-27T16:21:48.668386
5d5d2ec0-e2de-4a82-80a0-f2461bcb557b,CHILDREN OF HEAVEN,cinepolis,,0ae5ff7b-e255-45b6-a488-c0feb89dc653,DRAMA,1h 37m,SU,2D,2026-05-27,20735721-ba74-41a0-beb0-ca25b953417b,2026-05-27T16:21:48.669427
5d5d2ec0-e2de-4a82-80a0-f2461bcb557b,TUMBAL PROYEK,cinepolis,,0b14c075-63cc-4a3b-b0a7-a3578ae1590b,HORROR,1h 46m,D17+,2D,2026-05-27,01fc8f5a-0fa1-4cd5-b618-e5b77d8f41c8,2026-05-27T16:21:48.670820
5d5d2ec0-e2de-4a82-80a0-f2461bcb557b,SEMUA AKAN BAIK-BAIK SAJA,cinepolis,,cae94e25-4386-417b-8bdf-0dea2d0b0c71,DRAMA,1h 53m,13+,2D,2026-05-27,c9434806-ebbe-42e8-8b3d-628338e73d5f,2026-05-27T16:21:48.671995
5d5d2ec0-e2de-4a82-80a0-f2461bcb557b,GUDANG MERICA,cinepolis,,0e87a4c9-10fb-496b-b0a4-4d60d71c222d,COMEDY,1h 38m,D17+,2D,2026-05-27,e080bf3a-f13b-429b-b192-a500a62170a6,2026-05-27T16:21:48.672824
cbc3fba1-26f3-4920-8496-f05b9d5a4f23,SEKAWAN LIMO 2: GUNUNG KLAWIH,cinepolis,,7a5e33ac-ba36-4c3f-bd38-0f7f00a79a1d,COMEDY,2h 2m,13+,2D,2026-05-27,9104b1dd-3a92-4c25-b9e6-8ea6446bbeee,2026-05-27T16:21:53.926661
cbc3fba1-26f3-4920-8496-f05b9d5a4f23,CHILDREN OF HEAVEN,cinepolis,,0ae5ff7b-e255-45b6-a488-c0feb89dc653,DRAMA,1h 37m,SU,2D,2026-05-27,a5472f56-0cc2-4ad2-b8d0-6effe876dd68,2026-05-27T16:21:53.927721
cbc3fba1-26f3-4920-8496-f05b9d5a4f23,BADUT GENDONG,cinepolis,,3c747edf-0b24-47d3-a687-cce565db1452,HORROR,1h 41m,D17+,2D,2026-05-27,4dc7540d-056e-4900-a246-a65a35a267cf,2026-05-27T16:21:53.929300
cbc3fba1-26f3-4920-8496-f05b9d5a4f23,TUMBAL PROYEK,cinepolis,,0b14c075-63cc-4a3b-b0a7-a3578ae1590b,HORROR,1h 46m,D17+,2D,2026-05-27,50b213f8-a17b-4334-80e0-34f1a26ed8da,2026-05-27T16:21:53.930250
cbc3fba1-26f3-4920-8496-f05b9d5a4f23,PASSENGER,cinepolis,,f99ed192-5c3c-4e8c-b507-05e2d244ecfd,HORROR,1h 34m,D17+,2D,2026-05-27,00354ed1-8fb9-4175-9341-d444d5e59b32,2026-05-27T16:21:53.931129
ca753a4c-533e-4d82-8e26-c08f42a04f4d,SEKAWAN LIMO 2: GUNUNG KLAWIH,cinepolis,,7a5e33ac-ba36-4c3f-bd38-0f7f00a79a1d,COMEDY,2h 2m,13+,2D,2026-05-27,0c2bc012-1eea-459a-8be0-dc72edc908b7,2026-05-27T16:21:59.149689
ca753a4c-533e-4d82-8e26-c08f42a04f4d,CHILDREN OF HEAVEN,cinepolis,,0ae5ff7b-e255-45b6-a488-c0feb89dc653,DRAMA,1h 37m,SU,2D,2026-05-27,52e7c18c-084d-4b14-87f1-2dc3b3098158,2026-05-27T16:21:59.150512
ca753a4c-533e-4d82-8e26-c08f42a04f4d,BADUT GENDONG,cinepolis,,3c747edf-0b24-47d3-a687-cce565db1452,HORROR,1h 41m,D17+,2D,2026-05-27,31d67236-5b76-4e98-ba55-bff9a89b50f0,2026-05-27T16:21:59.151848
ca753a4c-533e-4d82-8e26-c08f42a04f4d,TUMBAL PROYEK,cinepolis,,0b14c075-63cc-4a3b-b0a7-a3578ae1590b,HORROR,1h 46m,D17+,2D,2026-05-27,a08ca596-095c-4fb7-9819-1ff6eda99c48,2026-05-27T16:21:59.152492
ca753a4c-533e-4d82-8e26-c08f42a04f4d,PASSENGER,cinepolis,,f99ed192-5c3c-4e8c-b507-05e2d244ecfd,HORROR,1h 34m,D17+,2D,2026-05-27,ac37000a-3cdd-4898-bc48-405db43917df,2026-05-27T16:21:59.153080
ca753a4c-533e-4d82-8e26-c08f42a04f4d,SEMUA AKAN BAIK-BAIK SAJA,cinepolis,,cae94e25-4386-417b-8bdf-0dea2d0b0c71,DRAMA,1h 53m,13+,2D,2026-05-27,5423d587-bad6-4d2c-b052-245e5bc7378a,2026-05-27T16:21:59.154087
ca753a4c-533e-4d82-8e26-c08f42a04f4d,GUDANG MERICA,cinepolis,,0e87a4c9-10fb-496b-b0a4-4d60d71c222d,COMEDY,1h 38m,D17+,2D,2026-05-27,8521a99d-8f89-45bb-9bdf-be896e4123fe,2026-05-27T16:21:59.154904
ca753a4c-533e-4d82-8e26-c08f42a04f4d,STAR WARS: THE MANDALORIAN AND GROGU,cinepolis,,488b0e44-9328-4660-827f-bf3341602b6d,FANTASY,2h 12m,13+,2D,2026-05-27,8d9a9236-7ab8-4a28-adc1-d531fe7ee923,2026-05-27T16:21:59.155510
ca753a4c-533e-4d82-8e26-c08f42a04f4d,SUAMIKU LUKAKU,cinepolis,,f3e0cc94-be0d-4b52-8559-e87edeb75793,DRAMA,1h 32m,D17+,2D,2026-05-27,215943f6-a077-49c3-b983-8dcda0e4d2ef,2026-05-27T16:22:01.634911
ca753a4c-533e-4d82-8e26-c08f42a04f4d,GHOST IN THE CELL,cinepolis,,1859bb5f-f638-4a41-854c-a114f6f8a608,HORROR,1h 46m,D17+,2D,2026-05-27,33265d8d-c73a-4a3e-9375-4928d79fdde1,2026-05-27T16:22:01.635859
df6ff196-bf4b-4ce0-b88e-032bddef928c,SEKAWAN LIMO 2: GUNUNG KLAWIH,cinepolis,,7a5e33ac-ba36-4c3f-bd38-0f7f00a79a1d,COMEDY,2h 2m,13+,2D,2026-05-27,1ebfcf3a-9b5f-4be8-b3e0-2a8ba04828bf,2026-05-27T16:22:04.466399
df6ff196-bf4b-4ce0-b88e-032bddef928c,CHILDREN OF HEAVEN,cinepolis,,0ae5ff7b-e255-45b6-a488-c0feb89dc653,DRAMA,1h 37m,SU,2D,2026-05-27,1db78b34-1083-420c-be78-f5b660b847c4,2026-05-27T16:22:04.467487
df6ff196-bf4b-4ce0-b88e-032bddef928c,TUMBAL PROYEK,cinepolis,,0b14c075-63cc-4a3b-b0a7-a3578ae1590b,HORROR,1h 46m,D17+,2D,2026-05-27,12765c3f-05a6-4997-a5bb-0449dca9e822,2026-05-27T16:22:04.468670
df6ff196-bf4b-4ce0-b88e-032bddef928c,SEMUA AKAN BAIK-BAIK SAJA,cinepolis,,cae94e25-4386-417b-8bdf-0dea2d0b0c71,DRAMA,1h 53m,13+,2D,2026-05-27,ea84b44f-337a-4b02-9090-f46627a2e28c,2026-05-27T16:22:04.469813
df6ff196-bf4b-4ce0-b88e-032bddef928c,SUAMIKU LUKAKU,cinepolis,,f3e0cc94-be0d-4b52-8559-e87edeb75793,DRAMA,1h 32m,D17+,2D,2026-05-27,50f52cfc-511e-401d-b40b-5d5bd4ef179b,2026-05-27T16:22:04.471271
bcb2eb1a-557c-409f-836c-cb311c0f5dfb,SEKAWAN LIMO 2: GUNUNG KLAWIH,cinepolis,,7a5e33ac-ba36-4c3f-bd38-0f7f00a79a1d,COMEDY,2h 2m,13+,2D,2026-05-27,0c52c33a-0b30-465e-bac9-071bfc353d99,2026-05-27T16:22:10.530303
bcb2eb1a-557c-409f-836c-cb311c0f5dfb,CHILDREN OF HEAVEN,cinepolis,,0ae5ff7b-e255-45b6-a488-c0feb89dc653,DRAMA,1h 37m,SU,2D,2026-05-27,3cfb8291-c3a6-4cf6-9894-bd6b2687991d,2026-05-27T16:22:10.532333
bcb2eb1a-557c-409f-836c-cb311c0f5dfb,TUMBAL PROYEK,cinepolis,,0b14c075-63cc-4a3b-b0a7-a3578ae1590b,HORROR,1h 46m,D17+,2D,2026-05-27,ac9b5333-0a21-4155-9a35-aa918b841f8b,2026-05-27T16:22:10.533332
bcb2eb1a-557c-409f-836c-cb311c0f5dfb,PASSENGER,cinepolis,,f99ed192-5c3c-4e8c-b507-05e2d244ecfd,HORROR,1h 34m,D17+,2D,2026-05-27,aace9384-8f62-481d-9f45-8da69bc2be34,2026-05-27T16:22:10.534270
bcb2eb1a-557c-409f-836c-cb311c0f5dfb,SEMUA AKAN BAIK-BAIK SAJA,cinepolis,,cae94e25-4386-417b-8bdf-0dea2d0b0c71,DRAMA,1h 53m,13+,2D,2026-05-27,c0a9c889-ca6e-4ddd-9c7f-d99bef0c0246,2026-05-27T16:22:10.535172
bcb2eb1a-557c-409f-836c-cb311c0f5dfb,STAR WARS: THE MANDALORIAN AND GROGU,cinepolis,,488b0e44-9328-4660-827f-bf3341602b6d,FANTASY,2h 12m,13+,2D,2026-05-27,ddd4c932-cae2-41a7-a8a1-f68c7e8f2839,2026-05-27T16:22:10.536077
bcb2eb1a-557c-409f-836c-cb311c0f5dfb,HOKUM,cinepolis,,6eb5558d-edd2-45f7-a295-6a10c7c57aaf,HORROR,1h 47m,13+,2D,2026-05-27,517fc4e8-d51e-4d0a-8d4d-ea812109b9e1,2026-05-27T16:22:11.059183
d7af7ddb-9e94-4a08-92a7-2146d603c20b,SEKAWAN LIMO 2: GUNUNG KLAWIH,cinepolis,,7a5e33ac-ba36-4c3f-bd38-0f7f00a79a1d,COMEDY,2h 2m,13+,2D,2026-05-27,488a71dd-6c2b-4f62-8161-beaf0958add5,2026-05-27T16:22:15.788934
d7af7ddb-9e94-4a08-92a7-2146d603c20b,CHILDREN OF HEAVEN,cinepolis,,0ae5ff7b-e255-45b6-a488-c0feb89dc653,DRAMA,1h 37m,SU,2D,2026-05-27,c83b88dd-ca0d-4375-9603-d0173c7c82f4,2026-05-27T16:22:15.790111
d7af7ddb-9e94-4a08-92a7-2146d603c20b,TUMBAL PROYEK,cinepolis,,0b14c075-63cc-4a3b-b0a7-a3578ae1590b,HORROR,1h 46m,D17+,2D,2026-05-27,c89cb0f4-37ef-40b9-84d8-7b302d1cb844,2026-05-27T16:22:15.791148
d7af7ddb-9e94-4a08-92a7-2146d603c20b,PASSENGER,cinepolis,,f99ed192-5c3c-4e8c-b507-05e2d244ecfd,HORROR,1h 34m,D17+,2D,2026-05-27,a9372376-128f-4004-b608-b02d57cb0d79,2026-05-27T16:22:15.792173
d7af7ddb-9e94-4a08-92a7-2146d603c20b,SEMUA AKAN BAIK-BAIK SAJA,cinepolis,,cae94e25-4386-417b-8bdf-0dea2d0b0c71,DRAMA,1h 53m,13+,2D,2026-05-27,00adaec8-3781-48a7-8e23-7f8ead133d37,2026-05-27T16:22:15.793168
d7af7ddb-9e94-4a08-92a7-2146d603c20b,GUDANG MERICA,cinepolis,,0e87a4c9-10fb-496b-b0a4-4d60d71c222d,COMEDY,1h 38m,D17+,2D,2026-05-27,bc76822b-e244-4125-84e7-4132140cd255,2026-05-27T16:22:15.794145
d7af7ddb-9e94-4a08-92a7-2146d603c20b,STAR WARS: THE MANDALORIAN AND GROGU,cinepolis,,488b0e44-9328-4660-827f-bf3341602b6d,FANTASY,2h 12m,13+,2D,2026-05-27,5a626fd3-685a-4929-ad06-eda64c7c3e7d,2026-05-27T16:22:15.795138
96ca8996-e71c-47d0-9e48-e67522126bc0,SEKAWAN LIMO 2: GUNUNG KLAWIH,cinepolis,,7a5e33ac-ba36-4c3f-bd38-0f7f00a79a1d,COMEDY,2h 2m,13+,2D,2026-05-27,b8517226-5ee5-4d06-88cc-60f5e152aa61,2026-05-27T16:22:21.049404
96ca8996-e71c-47d0-9e48-e67522126bc0,CHILDREN OF HEAVEN,cinepolis,,0ae5ff7b-e255-45b6-a488-c0feb89dc653,DRAMA,1h 37m,SU,2D,2026-05-27,3acc9c9e-d837-4ff0-bdd9-b55d8945247e,2026-05-27T16:22:21.050478
96ca8996-e71c-47d0-9e48-e67522126bc0,BADUT GENDONG,cinepolis,,3c747edf-0b24-47d3-a687-cce565db1452,HORROR,1h 41m,D17+,2D,2026-05-27,9a094c89-8df2-48a7-b82a-0ef379e837ca,2026-05-27T16:22:21.051557
96ca8996-e71c-47d0-9e48-e67522126bc0,TUMBAL PROYEK,cinepolis,,0b14c075-63cc-4a3b-b0a7-a3578ae1590b,HORROR,1h 46m,D17+,2D,2026-05-27,d0b55bdc-5aea-4dbc-aa80-b3d0c4de0a09,2026-05-27T16:22:21.053400
96ca8996-e71c-47d0-9e48-e67522126bc0,PASSENGER,cinepolis,,f99ed192-5c3c-4e8c-b507-05e2d244ecfd,HORROR,1h 34m,D17+,2D,2026-05-27,ce8890ac-e3c1-494f-a029-95c7cb8e85bd,2026-05-27T16:22:21.054489
96ca8996-e71c-47d0-9e48-e67522126bc0,SEMUA AKAN BAIK-BAIK SAJA,cinepolis,,cae94e25-4386-417b-8bdf-0dea2d0b0c71,DRAMA,1h 53m,13+,2D,2026-05-27,2420e1ee-fc10-4845-8f08-3513bb0dbd10,2026-05-27T16:22:21.055461
e7d55016-8f88-4f4f-be3a-2fe01ee2dc82,SEKAWAN LIMO 2: GUNUNG KLAWIH,cinepolis,,7a5e33ac-ba36-4c3f-bd38-0f7f00a79a1d,COMEDY,2h 2m,13+,2D,2026-05-27,41a92b80-6fc4-4a33-8c96-6dd39a89dbae,2026-05-27T16:22:26.311813
e7d55016-8f88-4f4f-be3a-2fe01ee2dc82,CHILDREN OF HEAVEN,cinepolis,,0ae5ff7b-e255-45b6-a488-c0feb89dc653,DRAMA,1h 37m,SU,2D,2026-05-27,25bd663e-1836-4d92-b167-b180847b97cb,2026-05-27T16:22:26.312479
e7d55016-8f88-4f4f-be3a-2fe01ee2dc82,TUMBAL PROYEK,cinepolis,,0b14c075-63cc-4a3b-b0a7-a3578ae1590b,HORROR,1h 46m,D17+,2D,2026-05-27,f9522b24-2367-40c4-8b5d-8f836609f731,2026-05-27T16:22:26.313055
e7d55016-8f88-4f4f-be3a-2fe01ee2dc82,PASSENGER,cinepolis,,f99ed192-5c3c-4e8c-b507-05e2d244ecfd,HORROR,1h 34m,D17+,2D,2026-05-27,af68f928-9da2-4cfa-811c-19c8a046644f,2026-05-27T16:22:26.313610
e7d55016-8f88-4f4f-be3a-2fe01ee2dc82,SEMUA AKAN BAIK-BAIK SAJA,cinepolis,,cae94e25-4386-417b-8bdf-0dea2d0b0c71,DRAMA,1h 53m,13+,2D,2026-05-27,3addd297-ade5-4741-8405-fdca93c673ad,2026-05-27T16:22:26.314188
e7d55016-8f88-4f4f-be3a-2fe01ee2dc82,GUDANG MERICA,cinepolis,,0e87a4c9-10fb-496b-b0a4-4d60d71c222d,COMEDY,1h 38m,D17+,2D,2026-05-27,74a2b98a-567d-4481-b749-67507b2f7e38,2026-05-27T16:22:26.314752
e7d55016-8f88-4f4f-be3a-2fe01ee2dc82,STAR WARS: THE MANDALORIAN AND GROGU,cinepolis,,488b0e44-9328-4660-827f-bf3341602b6d,FANTASY,2h 12m,13+,2D,2026-05-27,4753971e-89ee-4c36-8536-d19608abfbd6,2026-05-27T16:22:26.315300
e7d55016-8f88-4f4f-be3a-2fe01ee2dc82,"AYAH, INI ARAHNYA KEMANA, YA?",cinepolis,,47fccbc0-f843-4918-ad66-28fcef4aa048,DRAMA,1h 43m,13+,2D,2026-05-27,dfb61790-085d-46da-b0b8-b70b8c538da9,2026-05-27T16:22:27.398141
e7d55016-8f88-4f4f-be3a-2fe01ee2dc82,THE KING`S WARDEN,cinepolis,,65881b59-8a2d-43fe-b61c-5d8b58e2b312,DRAMA,1h 57m,13+,2D,2026-05-27,2e85ee43-ad8d-4945-ba8e-6ff53ac844f7,2026-05-27T16:22:28.549559
04cf8a18-6286-4280-8971-f40947ad83fd,SEKAWAN LIMO 2: GUNUNG KLAWIH,cinepolis,,7a5e33ac-ba36-4c3f-bd38-0f7f00a79a1d,COMEDY,2h 2m,13+,2D,2026-05-27,37576896-d487-4f43-afc3-9fce9f917410,2026-05-27T16:22:32.298272
04cf8a18-6286-4280-8971-f40947ad83fd,CHILDREN OF HEAVEN,cinepolis,,0ae5ff7b-e255-45b6-a488-c0feb89dc653,DRAMA,1h 37m,SU,2D,2026-05-27,b5cf485d-6b25-4cd2-9153-8f9c264513cb,2026-05-27T16:22:32.299809
04cf8a18-6286-4280-8971-f40947ad83fd,BADUT GENDONG,cinepolis,,3c747edf-0b24-47d3-a687-cce565db1452,HORROR,1h 41m,D17+,2D,2026-05-27,dafeff84-6b33-4a31-bf20-8f9b76b2cfcd,2026-05-27T16:22:32.301102
04cf8a18-6286-4280-8971-f40947ad83fd,TUMBAL PROYEK,cinepolis,,0b14c075-63cc-4a3b-b0a7-a3578ae1590b,HORROR,1h 46m,D17+,2D,2026-05-27,c5894780-202c-4bd6-8bf6-dc44f573129f,2026-05-27T16:22:32.301939
cacb9cbc-2841-4f98-ba3e-b98879a03f78,SEKAWAN LIMO 2: GUNUNG KLAWIH,cinepolis,,7a5e33ac-ba36-4c3f-bd38-0f7f00a79a1d,COMEDY,2h 2m,13+,2D,2026-05-27,f8e4c8be-7149-40f4-9703-ea3bd0d59549,2026-05-27T16:22:38.331956
cacb9cbc-2841-4f98-ba3e-b98879a03f78,CHILDREN OF HEAVEN,cinepolis,,0ae5ff7b-e255-45b6-a488-c0feb89dc653,DRAMA,1h 37m,SU,2D,2026-05-27,bfae86aa-73a6-4ada-a3ff-448c5046c507,2026-05-27T16:22:38.332838
cacb9cbc-2841-4f98-ba3e-b98879a03f78,TUMBAL PROYEK,cinepolis,,0b14c075-63cc-4a3b-b0a7-a3578ae1590b,HORROR,1h 46m,D17+,2D,2026-05-27,de538674-7069-4482-b6f7-5ee011748b4b,2026-05-27T16:22:38.333654
cacb9cbc-2841-4f98-ba3e-b98879a03f78,SEMUA AKAN BAIK-BAIK SAJA,cinepolis,,cae94e25-4386-417b-8bdf-0dea2d0b0c71,DRAMA,1h 53m,13+,2D,2026-05-27,8b452ed4-5e03-4c50-8f59-ec3598f7ed33,2026-05-27T16:22:38.335746
f510043c-e5ee-44ee-9c2b-7abfb55b7fd8,SEKAWAN LIMO 2: GUNUNG KLAWIH,cinepolis,,7a5e33ac-ba36-4c3f-bd38-0f7f00a79a1d,COMEDY,2h 2m,13+,2D,2026-05-27,917cb47b-5fda-4bbd-bff4-dea162851822,2026-05-27T16:22:44.432373
f510043c-e5ee-44ee-9c2b-7abfb55b7fd8,CHILDREN OF HEAVEN,cinepolis,,0ae5ff7b-e255-45b6-a488-c0feb89dc653,DRAMA,1h 37m,SU,2D,2026-05-27,1f9a04c3-66cb-4fbc-8a8c-97773e5c7019,2026-05-27T16:22:44.433220
f510043c-e5ee-44ee-9c2b-7abfb55b7fd8,BADUT GENDONG,cinepolis,,3c747edf-0b24-47d3-a687-cce565db1452,HORROR,1h 41m,D17+,2D,2026-05-27,ecf688fc-62d7-428a-8403-7bd7d297d25b,2026-05-27T16:22:44.433925
f510043c-e5ee-44ee-9c2b-7abfb55b7fd8,TUMBAL PROYEK,cinepolis,,0b14c075-63cc-4a3b-b0a7-a3578ae1590b,HORROR,1h 46m,D17+,2D,2026-05-27,f985b9e4-8f53-4709-bbef-e071f2cb6387,2026-05-27T16:22:44.434591
f510043c-e5ee-44ee-9c2b-7abfb55b7fd8,PASSENGER,cinepolis,,f99ed192-5c3c-4e8c-b507-05e2d244ecfd,HORROR,1h 34m,D17+,2D,2026-05-27,d630d034-6e49-4136-a4a7-d75ba8e5ceed,2026-05-27T16:22:44.435525
f510043c-e5ee-44ee-9c2b-7abfb55b7fd8,STAR WARS: THE MANDALORIAN AND GROGU,cinepolis,,488b0e44-9328-4660-827f-bf3341602b6d,FANTASY,2h 12m,13+,2D,2026-05-27,b7c9a15e-2183-45d7-81fa-b0bfa9226677,2026-05-27T16:22:44.436456
f510043c-e5ee-44ee-9c2b-7abfb55b7fd8,GOHAN,cinepolis,,15718ddd-e8db-449b-9313-73b98733d485,DRAMA,2h 20m,SU,2D,2026-05-27,c3db2631-1ff9-4552-bc8b-37cba05a2bc1,2026-05-27T16:22:45.554446
f510043c-e5ee-44ee-9c2b-7abfb55b7fd8,HOKUM,cinepolis,,6eb5558d-edd2-45f7-a295-6a10c7c57aaf,HORROR,1h 47m,13+,2D,2026-05-27,444448d4-f5d9-467b-b25f-706d961ee461,2026-05-27T16:22:45.555254
f510043c-e5ee-44ee-9c2b-7abfb55b7fd8,PEGASUS 3,cinepolis,,8f125633-ac6b-459d-afbc-d1a0e529da32,ACTION,2h 6m,13+,2D,2026-05-27,bc7f57f3-d9cb-4b5d-a129-a14e4693c08e,2026-05-27T16:22:46.616324
80a5b839-1aaa-46c4-b845-a92a273ca2c1,SEKAWAN LIMO 2: GUNUNG KLAWIH,cinepolis,,7a5e33ac-ba36-4c3f-bd38-0f7f00a79a1d,COMEDY,2h 2m,13+,2D,2026-05-27,825cd08b-059c-4029-9621-54a323cd16a9,2026-05-27T16:22:49.705059
80a5b839-1aaa-46c4-b845-a92a273ca2c1,CHILDREN OF HEAVEN,cinepolis,,0ae5ff7b-e255-45b6-a488-c0feb89dc653,DRAMA,1h 37m,SU,2D,2026-05-27,81f0197b-4373-4e9b-85b7-5813beff4721,2026-05-27T16:22:49.709972
80a5b839-1aaa-46c4-b845-a92a273ca2c1,PASSENGER,cinepolis,,f99ed192-5c3c-4e8c-b507-05e2d244ecfd,HORROR,1h 34m,D17+,2D,2026-05-27,0db77ad0-25a0-459d-8ee9-7bfc10723a5c,2026-05-27T16:22:49.712651
80a5b839-1aaa-46c4-b845-a92a273ca2c1,STAR WARS: THE MANDALORIAN AND GROGU,cinepolis,,488b0e44-9328-4660-827f-bf3341602b6d,FANTASY,2h 12m,13+,2D,2026-05-27,66db94e9-697f-4048-b59e-af23debd2b83,2026-05-27T16:22:49.715439
80a5b839-1aaa-46c4-b845-a92a273ca2c1,GOHAN,cinepolis,,15718ddd-e8db-449b-9313-73b98733d485,DRAMA,2h 20m,SU,2D,2026-05-27,721e7da2-b7f0-4e4c-9329-b225afd80cc9,2026-05-27T16:22:49.716823
80a5b839-1aaa-46c4-b845-a92a273ca2c1,GHOST IN THE CELL,cinepolis,,1859bb5f-f638-4a41-854c-a114f6f8a608,HORROR,1h 46m,D17+,2D,2026-05-27,d836184a-d406-408b-9922-350c6c7068f0,2026-05-27T16:22:49.718900
80a5b839-1aaa-46c4-b845-a92a273ca2c1,HOKUM,cinepolis,,6eb5558d-edd2-45f7-a295-6a10c7c57aaf,HORROR,1h 47m,13+,2D,2026-05-27,b6e8cbb9-b61c-4b62-b720-b862d62890e6,2026-05-27T16:22:49.722106
01c47f96-4ad4-4dc6-946f-d791dffa9b4b,SEKAWAN LIMO 2: GUNUNG KLAWIH,cinepolis,,7a5e33ac-ba36-4c3f-bd38-0f7f00a79a1d,COMEDY,2h 2m,13+,2D,2026-05-27,7136b78b-694c-40d8-a0b6-b0a4c94a3328,2026-05-27T16:22:54.994895
01c47f96-4ad4-4dc6-946f-d791dffa9b4b,CHILDREN OF HEAVEN,cinepolis,,0ae5ff7b-e255-45b6-a488-c0feb89dc653,DRAMA,1h 37m,SU,2D,2026-05-27,0861cb8e-10f0-4bec-905e-200bb448a06c,2026-05-27T16:22:54.995935
01c47f96-4ad4-4dc6-946f-d791dffa9b4b,TUMBAL PROYEK,cinepolis,,0b14c075-63cc-4a3b-b0a7-a3578ae1590b,HORROR,1h 46m,D17+,2D,2026-05-27,17740297-5940-4f83-aa23-1092b3e8f6f4,2026-05-27T16:22:54.996828
01c47f96-4ad4-4dc6-946f-d791dffa9b4b,SUAMIKU LUKAKU,cinepolis,,f3e0cc94-be0d-4b52-8559-e87edeb75793,DRAMA,1h 32m,D17+,2D,2026-05-27,d9445787-0107-424f-9465-3344bc165303,2026-05-27T16:22:54.998174
7c819a3b-5d87-4aa0-bff9-fdb52364aab1,SEKAWAN LIMO 2: GUNUNG KLAWIH,cinepolis,,7a5e33ac-ba36-4c3f-bd38-0f7f00a79a1d,COMEDY,2h 2m,13+,2D,2026-05-27,2a96b960-90a7-45d9-9d4f-7c56cdd8664f,2026-05-27T16:23:00.252754
7c819a3b-5d87-4aa0-bff9-fdb52364aab1,CHILDREN OF HEAVEN,cinepolis,,0ae5ff7b-e255-45b6-a488-c0feb89dc653,DRAMA,1h 37m,SU,2D,2026-05-27,3ebd9443-fe9e-4a48-bc50-503a5bcb2240,2026-05-27T16:23:00.253558
7c819a3b-5d87-4aa0-bff9-fdb52364aab1,BADUT GENDONG,cinepolis,,3c747edf-0b24-47d3-a687-cce565db1452,HORROR,1h 41m,D17+,2D,2026-05-27,f7d90bcb-efec-4790-8e48-e5a9a097cd12,2026-05-27T16:23:00.255229
7c819a3b-5d87-4aa0-bff9-fdb52364aab1,TUMBAL PROYEK,cinepolis,,0b14c075-63cc-4a3b-b0a7-a3578ae1590b,HORROR,1h 46m,D17+,2D,2026-05-27,27caf136-ac1e-4429-b997-f4f2399cfa0c,2026-05-27T16:23:00.257149
7c819a3b-5d87-4aa0-bff9-fdb52364aab1,SEMUA AKAN BAIK-BAIK SAJA,cinepolis,,cae94e25-4386-417b-8bdf-0dea2d0b0c71,DRAMA,1h 53m,13+,2D,2026-05-27,c093f9df-7b25-47a0-8435-f687e2243ea1,2026-05-27T16:23:00.257967
5b1bbe75-73a6-4716-8b10-b51ddae96812,SEKAWAN LIMO 2: GUNUNG KLAWIH,cinepolis,,7a5e33ac-ba36-4c3f-bd38-0f7f00a79a1d,COMEDY,2h 2m,13+,2D,2026-05-27,42432ac8-bfe5-40ee-9844-461cfc25727b,2026-05-27T16:23:06.385193
5b1bbe75-73a6-4716-8b10-b51ddae96812,CHILDREN OF HEAVEN,cinepolis,,0ae5ff7b-e255-45b6-a488-c0feb89dc653,DRAMA,1h 37m,SU,2D,2026-05-27,dd261aa9-2fda-4737-97e4-290ddd57ed9d,2026-05-27T16:23:06.387896
5b1bbe75-73a6-4716-8b10-b51ddae96812,TUMBAL PROYEK,cinepolis,,0b14c075-63cc-4a3b-b0a7-a3578ae1590b,HORROR,1h 46m,D17+,2D,2026-05-27,3ee64bb4-766d-46d5-a1d2-dff35a220657,2026-05-27T16:23:06.389594
5b1bbe75-73a6-4716-8b10-b51ddae96812,PASSENGER,cinepolis,,f99ed192-5c3c-4e8c-b507-05e2d244ecfd,HORROR,1h 34m,D17+,2D,2026-05-27,cd0288ed-d4c3-4a75-86c3-bd00d93b2e94,2026-05-27T16:23:06.391067
5b1bbe75-73a6-4716-8b10-b51ddae96812,SEMUA AKAN BAIK-BAIK SAJA,cinepolis,,cae94e25-4386-417b-8bdf-0dea2d0b0c71,DRAMA,1h 53m,13+,2D,2026-05-27,98eeb95c-7332-41fd-811d-4bee8fc2f230,2026-05-27T16:23:06.392222
5b1bbe75-73a6-4716-8b10-b51ddae96812,GUDANG MERICA,cinepolis,,0e87a4c9-10fb-496b-b0a4-4d60d71c222d,COMEDY,1h 38m,D17+,2D,2026-05-27,9b1afee5-6357-41a7-97aa-0f1330e0eabc,2026-05-27T16:23:06.393097
5b1bbe75-73a6-4716-8b10-b51ddae96812,STAR WARS: THE MANDALORIAN AND GROGU,cinepolis,,488b0e44-9328-4660-827f-bf3341602b6d,FANTASY,2h 12m,13+,2D,2026-05-27,d6dd4870-fa7c-4dff-b9d4-e39e0fbb63e0,2026-05-27T16:23:06.394861
5b1bbe75-73a6-4716-8b10-b51ddae96812,GOHAN,cinepolis,,15718ddd-e8db-449b-9313-73b98733d485,DRAMA,2h 20m,SU,2D,2026-05-27,fe34b103-0db7-42ee-b53b-cca62ceb7a63,2026-05-27T16:23:06.397307
5b1bbe75-73a6-4716-8b10-b51ddae96812,MORTAL KOMBAT II,cinepolis,,420e1f44-2534-4ed9-9d6f-84cf6406d5a8,ACTION,1h 56m,D17+,2D,2026-05-27,e8042474-98f4-4fd8-b962-5d96633a9fa9,2026-05-27T16:23:07.543869
5b1bbe75-73a6-4716-8b10-b51ddae96812,THE KING`S WARDEN,cinepolis,,65881b59-8a2d-43fe-b61c-5d8b58e2b312,DRAMA,1h 57m,13+,2D,2026-05-27,04785075-f912-4595-a510-31a57a2a3524,2026-05-27T16:23:07.544753
5b1bbe75-73a6-4716-8b10-b51ddae96812,THE DEVIL WEARS PRADA 2,cinepolis,,97d5d4ac-9e2f-476f-a0ee-729bdefb04b1,COMEDY,1h 59m,13+,2D,2026-05-27,a08a94de-635d-47d8-8f5c-439cf13e1bba,2026-05-27T16:23:08.578797
2a0b3db3-3101-4794-bf18-7431c87dd892,SEKAWAN LIMO 2: GUNUNG KLAWIH,cinepolis,,7a5e33ac-ba36-4c3f-bd38-0f7f00a79a1d,COMEDY,2h 2m,13+,2D,2026-05-27,526cf160-5af5-4765-ac74-60e295861804,2026-05-27T16:23:11.839892
2a0b3db3-3101-4794-bf18-7431c87dd892,CHILDREN OF HEAVEN,cinepolis,,0ae5ff7b-e255-45b6-a488-c0feb89dc653,DRAMA,1h 37m,SU,2D,2026-05-27,979866cd-bd43-4f49-9e7e-b38b64d28634,2026-05-27T16:23:11.840978
2a0b3db3-3101-4794-bf18-7431c87dd892,BADUT GENDONG,cinepolis,,3c747edf-0b24-47d3-a687-cce565db1452,HORROR,1h 41m,D17+,2D,2026-05-27,9004d253-8071-4aac-a404-daf6550ff9e2,2026-05-27T16:23:11.841890
2a0b3db3-3101-4794-bf18-7431c87dd892,TUMBAL PROYEK,cinepolis,,0b14c075-63cc-4a3b-b0a7-a3578ae1590b,HORROR,1h 46m,D17+,2D,2026-05-27,5bc0cb1d-d170-401a-b513-2be7c5d41c6c,2026-05-27T16:23:11.842736
2a0b3db3-3101-4794-bf18-7431c87dd892,PASSENGER,cinepolis,,f99ed192-5c3c-4e8c-b507-05e2d244ecfd,HORROR,1h 34m,D17+,2D,2026-05-27,e5027370-b7a9-48ac-a39a-eb6914efb0f4,2026-05-27T16:23:11.844490
2a0b3db3-3101-4794-bf18-7431c87dd892,SEMUA AKAN BAIK-BAIK SAJA,cinepolis,,cae94e25-4386-417b-8bdf-0dea2d0b0c71,DRAMA,1h 53m,13+,2D,2026-05-27,76a97224-e34a-42a3-bb27-4f38ae61607e,2026-05-27T16:23:11.845598
2a0b3db3-3101-4794-bf18-7431c87dd892,GUDANG MERICA,cinepolis,,0e87a4c9-10fb-496b-b0a4-4d60d71c222d,COMEDY,1h 38m,D17+,2D,2026-05-27,667019ad-5738-4a0f-8187-7b9f2bb0e317,2026-05-27T16:23:11.846622
2f9c3f38-9aaf-4bf2-ad57-61b4f98b58d5,SEKAWAN LIMO 2: GUNUNG KLAWIH,cinepolis,,7a5e33ac-ba36-4c3f-bd38-0f7f00a79a1d,COMEDY,2h 2m,13+,2D,2026-05-27,7d3a9a8b-236b-45f8-a6c5-75fe7ffa3448,2026-05-27T16:23:17.104748
2f9c3f38-9aaf-4bf2-ad57-61b4f98b58d5,CHILDREN OF HEAVEN,cinepolis,,0ae5ff7b-e255-45b6-a488-c0feb89dc653,DRAMA,1h 37m,SU,2D,2026-05-27,2f69e891-d39e-4249-b525-5951627e923e,2026-05-27T16:23:17.105682
2f9c3f38-9aaf-4bf2-ad57-61b4f98b58d5,BADUT GENDONG,cinepolis,,3c747edf-0b24-47d3-a687-cce565db1452,HORROR,1h 41m,D17+,2D,2026-05-27,8b52560a-25c2-4fb2-a48d-235342e233cd,2026-05-27T16:23:17.106490
2f9c3f38-9aaf-4bf2-ad57-61b4f98b58d5,TUMBAL PROYEK,cinepolis,,0b14c075-63cc-4a3b-b0a7-a3578ae1590b,HORROR,1h 46m,D17+,2D,2026-05-27,0f67de1c-4e9d-4b8d-96d2-5eb7dc84e675,2026-05-27T16:23:17.107243
2f9c3f38-9aaf-4bf2-ad57-61b4f98b58d5,PASSENGER,cinepolis,,f99ed192-5c3c-4e8c-b507-05e2d244ecfd,HORROR,1h 34m,D17+,2D,2026-05-27,9c3d56ca-c003-4c20-9256-99b9d06580a7,2026-05-27T16:23:17.107918
2f9c3f38-9aaf-4bf2-ad57-61b4f98b58d5,SEMUA AKAN BAIK-BAIK SAJA,cinepolis,,cae94e25-4386-417b-8bdf-0dea2d0b0c71,DRAMA,1h 53m,13+,2D,2026-05-27,7676b916-4684-4b9b-936b-f2c926e1206a,2026-05-27T16:23:17.108587
2f9c3f38-9aaf-4bf2-ad57-61b4f98b58d5,GUDANG MERICA,cinepolis,,0e87a4c9-10fb-496b-b0a4-4d60d71c222d,COMEDY,1h 38m,D17+,2D,2026-05-27,4d5e0b5c-3eeb-401d-86e5-77728e54f406,2026-05-27T16:23:17.109444
2f9c3f38-9aaf-4bf2-ad57-61b4f98b58d5,SUAMIKU LUKAKU,cinepolis,,f3e0cc94-be0d-4b52-8559-e87edeb75793,DRAMA,1h 32m,D17+,2D,2026-05-27,55d7cfce-078d-4ffc-9f21-9ae20b50aa45,2026-05-27T16:23:17.110133
bbbb3c7f-7ca8-42c7-94f6-8f84fe62803d,SEKAWAN LIMO 2: GUNUNG KLAWIH,cinepolis,,7a5e33ac-ba36-4c3f-bd38-0f7f00a79a1d,COMEDY,2h 2m,13+,2D,2026-05-27,3054be4b-5644-4597-af46-546dc5d77adb,2026-05-27T16:23:23.100523
bbbb3c7f-7ca8-42c7-94f6-8f84fe62803d,CHILDREN OF HEAVEN,cinepolis,,0ae5ff7b-e255-45b6-a488-c0feb89dc653,DRAMA,1h 37m,SU,2D,2026-05-27,9ad8b88a-1261-4490-b3cd-99408ad4e05a,2026-05-27T16:23:23.102146
bbbb3c7f-7ca8-42c7-94f6-8f84fe62803d,BADUT GENDONG,cinepolis,,3c747edf-0b24-47d3-a687-cce565db1452,HORROR,1h 41m,D17+,2D,2026-05-27,2e1fe52c-0df3-4cf0-9a5b-cf6f3ee39d39,2026-05-27T16:23:23.103890
bbbb3c7f-7ca8-42c7-94f6-8f84fe62803d,TUMBAL PROYEK,cinepolis,,0b14c075-63cc-4a3b-b0a7-a3578ae1590b,HORROR,1h 46m,D17+,2D,2026-05-27,0c595654-b4f2-4dfc-a38f-2573f381c74b,2026-05-27T16:23:23.104797
bbbb3c7f-7ca8-42c7-94f6-8f84fe62803d,PASSENGER,cinepolis,,f99ed192-5c3c-4e8c-b507-05e2d244ecfd,HORROR,1h 34m,D17+,2D,2026-05-27,795758f3-fa48-474c-a88a-c11d734e1625,2026-05-27T16:23:23.105650
bbbb3c7f-7ca8-42c7-94f6-8f84fe62803d,GUDANG MERICA,cinepolis,,0e87a4c9-10fb-496b-b0a4-4d60d71c222d,COMEDY,1h 38m,D17+,2D,2026-05-27,6da39a0d-62d1-4cca-a762-11ae30ceb2b0,2026-05-27T16:23:23.106508
ae29054f-1a0c-4b17-ad28-4ff8d0b153cb,SEKAWAN LIMO 2: GUNUNG KLAWIH,cinepolis,,7a5e33ac-ba36-4c3f-bd38-0f7f00a79a1d,COMEDY,2h 2m,13+,2D,2026-05-27,c0e36dd7-a64c-45e0-8de7-fb80aaed6c92,2026-05-27T16:23:29.145173
ae29054f-1a0c-4b17-ad28-4ff8d0b153cb,CHILDREN OF HEAVEN,cinepolis,,0ae5ff7b-e255-45b6-a488-c0feb89dc653,DRAMA,1h 37m,SU,2D,2026-05-27,45c73146-81e5-4fa1-8cbf-439418d73937,2026-05-27T16:23:29.146180
ae29054f-1a0c-4b17-ad28-4ff8d0b153cb,BADUT GENDONG,cinepolis,,3c747edf-0b24-47d3-a687-cce565db1452,HORROR,1h 41m,D17+,2D,2026-05-27,798f6e0e-67b9-4321-beba-5444fd8eb429,2026-05-27T16:23:29.147129
ae29054f-1a0c-4b17-ad28-4ff8d0b153cb,TUMBAL PROYEK,cinepolis,,0b14c075-63cc-4a3b-b0a7-a3578ae1590b,HORROR,1h 46m,D17+,2D,2026-05-27,f48b5068-a9fc-4d68-b800-a47c89e8f577,2026-05-27T16:23:29.148135
ae29054f-1a0c-4b17-ad28-4ff8d0b153cb,SEMUA AKAN BAIK-BAIK SAJA,cinepolis,,cae94e25-4386-417b-8bdf-0dea2d0b0c71,DRAMA,1h 53m,13+,2D,2026-05-27,fbc53bea-5f32-4a37-bb72-68363f699f97,2026-05-27T16:23:29.149011
ae29054f-1a0c-4b17-ad28-4ff8d0b153cb,STAR WARS: THE MANDALORIAN AND GROGU,cinepolis,,488b0e44-9328-4660-827f-bf3341602b6d,FANTASY,2h 12m,13+,2D,2026-05-27,905a90fa-4d7c-4d37-aacb-335989f93adb,2026-05-27T16:23:29.150583
ae29054f-1a0c-4b17-ad28-4ff8d0b153cb,SUAMIKU LUKAKU,cinepolis,,f3e0cc94-be0d-4b52-8559-e87edeb75793,DRAMA,1h 32m,D17+,2D,2026-05-27,857a510d-56d5-40e6-b479-2d0aa3c81496,2026-05-27T16:23:29.151911
ae29054f-1a0c-4b17-ad28-4ff8d0b153cb,GHOST IN THE CELL,cinepolis,,1859bb5f-f638-4a41-854c-a114f6f8a608,HORROR,1h 46m,D17+,2D,2026-05-27,954395c8-892d-44e5-a744-caf0ae3bb135,2026-05-27T16:23:29.153466
0d321af4-6e0b-4023-b8a7-395d1fbbc537,SEKAWAN LIMO 2: GUNUNG KLAWIH,cinepolis,,7a5e33ac-ba36-4c3f-bd38-0f7f00a79a1d,COMEDY,2h 2m,13+,2D,2026-05-27,ab289334-52ca-4afd-be0d-e60b2aeff13c,2026-05-27T16:23:34.446825
0d321af4-6e0b-4023-b8a7-395d1fbbc537,CHILDREN OF HEAVEN,cinepolis,,0ae5ff7b-e255-45b6-a488-c0feb89dc653,DRAMA,1h 37m,SU,2D,2026-05-27,34147e80-1666-4177-a715-d8db8f72007d,2026-05-27T16:23:34.448051
0d321af4-6e0b-4023-b8a7-395d1fbbc537,BADUT GENDONG,cinepolis,,3c747edf-0b24-47d3-a687-cce565db1452,HORROR,1h 41m,D17+,2D,2026-05-27,572017fd-5e5a-4d93-b4d0-6b4f4624d86c,2026-05-27T16:23:34.448871
0d321af4-6e0b-4023-b8a7-395d1fbbc537,TUMBAL PROYEK,cinepolis,,0b14c075-63cc-4a3b-b0a7-a3578ae1590b,HORROR,1h 46m,D17+,2D,2026-05-27,46c974fe-de9d-4483-b546-cff22dd40d1a,2026-05-27T16:23:34.449695
0d321af4-6e0b-4023-b8a7-395d1fbbc537,GUDANG MERICA,cinepolis,,0e87a4c9-10fb-496b-b0a4-4d60d71c222d,COMEDY,1h 38m,D17+,2D,2026-05-27,e05cca91-fa19-4e94-84d5-52c1f8151c2e,2026-05-27T16:23:34.450769
2f777de6-faa7-487b-9d83-2896ab8e8d18,SEKAWAN LIMO 2: GUNUNG KLAWIH,cinepolis,,7a5e33ac-ba36-4c3f-bd38-0f7f00a79a1d,COMEDY,2h 2m,13+,2D,2026-05-27,f83d751c-743d-44ae-a0cf-66f72badeb3c,2026-05-27T16:23:40.446438
2f777de6-faa7-487b-9d83-2896ab8e8d18,CHILDREN OF HEAVEN,cinepolis,,0ae5ff7b-e255-45b6-a488-c0feb89dc653,DRAMA,1h 37m,SU,2D,2026-05-27,6b047937-d00e-462f-91b8-def8035e4779,2026-05-27T16:23:40.447154
2f777de6-faa7-487b-9d83-2896ab8e8d18,BADUT GENDONG,cinepolis,,3c747edf-0b24-47d3-a687-cce565db1452,HORROR,1h 41m,D17+,2D,2026-05-27,b907cfdb-e125-480d-afc0-df1c13fef914,2026-05-27T16:23:40.447785
2f777de6-faa7-487b-9d83-2896ab8e8d18,TUMBAL PROYEK,cinepolis,,0b14c075-63cc-4a3b-b0a7-a3578ae1590b,HORROR,1h 46m,D17+,2D,2026-05-27,5ae6bdea-b684-47ee-99e0-a4cccbf62252,2026-05-27T16:23:40.449284
2f777de6-faa7-487b-9d83-2896ab8e8d18,PASSENGER,cinepolis,,f99ed192-5c3c-4e8c-b507-05e2d244ecfd,HORROR,1h 34m,D17+,2D,2026-05-27,600c5e2b-23bb-46bf-a3af-53fd118203d6,2026-05-27T16:23:40.449906
2f777de6-faa7-487b-9d83-2896ab8e8d18,SEMUA AKAN BAIK-BAIK SAJA,cinepolis,,cae94e25-4386-417b-8bdf-0dea2d0b0c71,DRAMA,1h 53m,13+,2D,2026-05-27,d5dfcc87-f1ee-4412-bc71-5b2162349d18,2026-05-27T16:23:40.451090
2f777de6-faa7-487b-9d83-2896ab8e8d18,STAR WARS: THE MANDALORIAN AND GROGU,cinepolis,,488b0e44-9328-4660-827f-bf3341602b6d,FANTASY,2h 12m,13+,2D,2026-05-27,faf5a4b6-6e4c-4a59-9c12-daeb872d97f4,2026-05-27T16:23:40.451936
2f777de6-faa7-487b-9d83-2896ab8e8d18,SUAMIKU LUKAKU,cinepolis,,f3e0cc94-be0d-4b52-8559-e87edeb75793,DRAMA,1h 32m,D17+,2D,2026-05-27,222cbb00-120c-49c9-8ca7-cb504278b78a,2026-05-27T16:23:40.452691
2f777de6-faa7-487b-9d83-2896ab8e8d18,YANG LAIN BOLEH HILANG ASAL KAU JANGAN,cinepolis,,ff59e4ab-92e1-4aa6-bfd8-ab6521930738,DRAMA,1h 53m,13+,2D,2026-05-27,d7163b54-947d-41eb-840b-0352a8f83a48,2026-05-27T16:23:40.453743
d6d39af5-d097-4422-b3c5-ccb37beac592,SEKAWAN LIMO 2: GUNUNG KLAWIH,cinepolis,,7a5e33ac-ba36-4c3f-bd38-0f7f00a79a1d,COMEDY,2h 2m,13+,2D,2026-05-27,9e54b7ca-1547-4400-a0ee-d13e4378f2d3,2026-05-27T16:23:46.464552
d6d39af5-d097-4422-b3c5-ccb37beac592,CHILDREN OF HEAVEN,cinepolis,,0ae5ff7b-e255-45b6-a488-c0feb89dc653,DRAMA,1h 37m,SU,2D,2026-05-27,9306f011-acae-4aa4-ac5a-a08066459b30,2026-05-27T16:23:46.465407
d6d39af5-d097-4422-b3c5-ccb37beac592,BADUT GENDONG,cinepolis,,3c747edf-0b24-47d3-a687-cce565db1452,HORROR,1h 41m,D17+,2D,2026-05-27,566adf75-6623-45c3-bf0a-cad89f14a3e8,2026-05-27T16:23:46.466212
d6d39af5-d097-4422-b3c5-ccb37beac592,TUMBAL PROYEK,cinepolis,,0b14c075-63cc-4a3b-b0a7-a3578ae1590b,HORROR,1h 46m,D17+,2D,2026-05-27,13a2d07c-778f-4e5a-9d53-69df77b3a2a1,2026-05-27T16:23:46.467354
d6d39af5-d097-4422-b3c5-ccb37beac592,SEMUA AKAN BAIK-BAIK SAJA,cinepolis,,cae94e25-4386-417b-8bdf-0dea2d0b0c71,DRAMA,1h 53m,13+,2D,2026-05-27,7030b46a-4b99-4ae2-82ad-7fa533464790,2026-05-27T16:23:46.468107
d6d39af5-d097-4422-b3c5-ccb37beac592,"AYAH, INI ARAHNYA KEMANA, YA?",cinepolis,,47fccbc0-f843-4918-ad66-28fcef4aa048,DRAMA,1h 43m,13+,2D,2026-05-27,adeeadf3-a325-4c6e-b518-317f40581e79,2026-05-27T16:23:46.468836
1b1e5229-718e-47fd-af47-d21bcc9612bf,SEKAWAN LIMO 2: GUNUNG KLAWIH,cinepolis,,7a5e33ac-ba36-4c3f-bd38-0f7f00a79a1d,COMEDY,2h 2m,13+,2D,2026-05-27,b41b14c6-191c-494b-83f9-2c66e8d7d93a,2026-05-27T16:23:52.602583
1b1e5229-718e-47fd-af47-d21bcc9612bf,CHILDREN OF HEAVEN,cinepolis,,0ae5ff7b-e255-45b6-a488-c0feb89dc653,DRAMA,1h 37m,SU,2D,2026-05-27,5350d1a2-e8e6-4b83-ac4a-fb2ac473f2a5,2026-05-27T16:23:52.603755
1b1e5229-718e-47fd-af47-d21bcc9612bf,BADUT GENDONG,cinepolis,,3c747edf-0b24-47d3-a687-cce565db1452,HORROR,1h 41m,D17+,2D,2026-05-27,73b41eb4-9897-4a80-99f1-4db1b1170d51,2026-05-27T16:23:52.605040
1b1e5229-718e-47fd-af47-d21bcc9612bf,TUMBAL PROYEK,cinepolis,,0b14c075-63cc-4a3b-b0a7-a3578ae1590b,HORROR,1h 46m,D17+,2D,2026-05-27,8bb84cbd-6497-452f-9c74-6a17c50878ea,2026-05-27T16:23:52.606009
1b1e5229-718e-47fd-af47-d21bcc9612bf,PASSENGER,cinepolis,,f99ed192-5c3c-4e8c-b507-05e2d244ecfd,HORROR,1h 34m,D17+,2D,2026-05-27,4898879b-3f1a-4f0a-878b-67e6347e5d53,2026-05-27T16:23:52.607465
1b1e5229-718e-47fd-af47-d21bcc9612bf,SEMUA AKAN BAIK-BAIK SAJA,cinepolis,,cae94e25-4386-417b-8bdf-0dea2d0b0c71,DRAMA,1h 53m,13+,2D,2026-05-27,6c440e09-2f5e-4d69-88f1-1791efa7c394,2026-05-27T16:23:52.608358
1b1e5229-718e-47fd-af47-d21bcc9612bf,STAR WARS: THE MANDALORIAN AND GROGU,cinepolis,,488b0e44-9328-4660-827f-bf3341602b6d,FANTASY,2h 12m,13+,2D,2026-05-27,c911358b-1ac3-4884-bd33-a6b2bffd1ca9,2026-05-27T16:23:52.609392
1b1e5229-718e-47fd-af47-d21bcc9612bf,GOHAN,cinepolis,,15718ddd-e8db-449b-9313-73b98733d485,DRAMA,2h 20m,SU,2D,2026-05-27,56391865-a301-4ce7-89d8-876e1b96dceb,2026-05-27T16:23:52.610221
1b1e5229-718e-47fd-af47-d21bcc9612bf,MORTAL KOMBAT II,cinepolis,,420e1f44-2534-4ed9-9d6f-84cf6406d5a8,ACTION,1h 56m,D17+,2D,2026-05-27,d2ee17a9-dc5a-4e25-8884-96eb1f82084e,2026-05-27T16:23:52.611305
1b1e5229-718e-47fd-af47-d21bcc9612bf,THE SHEEP DETECTIVES,cinepolis,,71865891-a162-4fb5-bcc1-eda6d7edf3e9,COMEDY,1h 49m,SU,2D,2026-05-27,d6df5815-a0fc-4dda-8250-6b5b7780f2b3,2026-05-27T16:23:53.518657
f682f798-7ed1-45ba-b8fd-8f8828c9c97d,SEKAWAN LIMO 2: GUNUNG KLAWIH,cinepolis,,7a5e33ac-ba36-4c3f-bd38-0f7f00a79a1d,COMEDY,2h 2m,13+,2D,2026-05-27,25b88e72-392f-4041-ab43-015040e52e61,2026-05-27T16:23:58.694087
f682f798-7ed1-45ba-b8fd-8f8828c9c97d,CHILDREN OF HEAVEN,cinepolis,,0ae5ff7b-e255-45b6-a488-c0feb89dc653,DRAMA,1h 37m,SU,2D,2026-05-27,8b8cad7b-af8e-4706-906a-3e33a97b9433,2026-05-27T16:23:58.694834
f682f798-7ed1-45ba-b8fd-8f8828c9c97d,TUMBAL PROYEK,cinepolis,,0b14c075-63cc-4a3b-b0a7-a3578ae1590b,HORROR,1h 46m,D17+,2D,2026-05-27,3f980c9e-0ef0-42e4-88c6-7e43ad45ad01,2026-05-27T16:23:58.695492
f682f798-7ed1-45ba-b8fd-8f8828c9c97d,PASSENGER,cinepolis,,f99ed192-5c3c-4e8c-b507-05e2d244ecfd,HORROR,1h 34m,D17+,2D,2026-05-27,59e0f4a8-00db-4077-8a07-1fcbfdc6d778,2026-05-27T16:23:58.696109
f682f798-7ed1-45ba-b8fd-8f8828c9c97d,SEMUA AKAN BAIK-BAIK SAJA,cinepolis,,cae94e25-4386-417b-8bdf-0dea2d0b0c71,DRAMA,1h 53m,13+,2D,2026-05-27,3af32500-fe2d-44e0-bda8-22036e060528,2026-05-27T16:23:58.696721
f682f798-7ed1-45ba-b8fd-8f8828c9c97d,STAR WARS: THE MANDALORIAN AND GROGU,cinepolis,,488b0e44-9328-4660-827f-bf3341602b6d,FANTASY,2h 12m,13+,2D,2026-05-27,10b32a8e-6c5b-463e-b575-13fe52fed956,2026-05-27T16:23:58.697325
f682f798-7ed1-45ba-b8fd-8f8828c9c97d,MORTAL KOMBAT II,cinepolis,,420e1f44-2534-4ed9-9d6f-84cf6406d5a8,ACTION,1h 56m,D17+,2D,2026-05-27,341bdcaa-ee76-478d-a6f3-12d9c28abd73,2026-05-27T16:23:58.697938
f682f798-7ed1-45ba-b8fd-8f8828c9c97d,SUNSHINE WOMEN`S CHOIR,cinepolis,,33062671-0ce9-4273-90a4-86ac43173ab4,COMEDY,2h 14m,13+,2D,2026-05-27,4f766b90-298b-4cac-9ed7-bddf61583541,2026-05-27T16:23:59.492587
f682f798-7ed1-45ba-b8fd-8f8828c9c97d,PEGASUS 3,cinepolis,,8f125633-ac6b-459d-afbc-d1a0e529da32,ACTION,2h 6m,13+,2D,2026-05-27,041c1d80-37a0-4d77-a11e-e2f94bef8344,2026-05-27T16:23:59.494299
e60c105a-9658-4532-8a7a-bc73ac820ace,SEKAWAN LIMO 2: GUNUNG KLAWIH,cinepolis,,7a5e33ac-ba36-4c3f-bd38-0f7f00a79a1d,COMEDY,2h 2m,13+,2D,2026-05-27,5e670894-0e4e-42af-950d-ff1e845bd3b6,2026-05-27T16:24:04.010391
e60c105a-9658-4532-8a7a-bc73ac820ace,CHILDREN OF HEAVEN,cinepolis,,0ae5ff7b-e255-45b6-a488-c0feb89dc653,DRAMA,1h 37m,SU,2D,2026-05-27,c0971019-423b-4f9a-8367-d68eb18ac0e1,2026-05-27T16:24:04.011719
e60c105a-9658-4532-8a7a-bc73ac820ace,TUMBAL PROYEK,cinepolis,,0b14c075-63cc-4a3b-b0a7-a3578ae1590b,HORROR,1h 46m,D17+,2D,2026-05-27,4a2ff036-8437-4534-b527-b34932278c3d,2026-05-27T16:24:04.012566
e60c105a-9658-4532-8a7a-bc73ac820ace,"AYAH, INI ARAHNYA KEMANA, YA?",cinepolis,,47fccbc0-f843-4918-ad66-28fcef4aa048,DRAMA,1h 43m,13+,2D,2026-05-27,c5ab4394-6b58-4eb0-9a58-1c04de4fe703,2026-05-27T16:24:04.013386
824b76b9-ec3d-45b5-894e-9a96621f6154,SEKAWAN LIMO 2: GUNUNG KLAWIH,cinepolis,,7a5e33ac-ba36-4c3f-bd38-0f7f00a79a1d,COMEDY,2h 2m,13+,2D,2026-05-27,26f19c77-a44b-4c8d-ad71-9b427969be08,2026-05-27T16:24:09.300581
824b76b9-ec3d-45b5-894e-9a96621f6154,CHILDREN OF HEAVEN,cinepolis,,0ae5ff7b-e255-45b6-a488-c0feb89dc653,DRAMA,1h 37m,SU,2D,2026-05-27,a416a811-6c05-4389-808a-9b8e903059fb,2026-05-27T16:24:09.301593
824b76b9-ec3d-45b5-894e-9a96621f6154,TUMBAL PROYEK,cinepolis,,0b14c075-63cc-4a3b-b0a7-a3578ae1590b,HORROR,1h 46m,D17+,2D,2026-05-27,8282dd5e-f930-4f7d-b51d-346a9ef8e721,2026-05-27T16:24:09.302472
824b76b9-ec3d-45b5-894e-9a96621f6154,SEMUA AKAN BAIK-BAIK SAJA,cinepolis,,cae94e25-4386-417b-8bdf-0dea2d0b0c71,DRAMA,1h 53m,13+,2D,2026-05-27,61d6cfe5-cc92-47af-bdfd-0d0a84851adc,2026-05-27T16:24:09.304283
824b76b9-ec3d-45b5-894e-9a96621f6154,GUDANG MERICA,cinepolis,,0e87a4c9-10fb-496b-b0a4-4d60d71c222d,COMEDY,1h 38m,D17+,2D,2026-05-27,a9de795b-2063-445e-8d4b-907e31e2a658,2026-05-27T16:24:09.305390
824b76b9-ec3d-45b5-894e-9a96621f6154,STAR WARS: THE MANDALORIAN AND GROGU,cinepolis,,488b0e44-9328-4660-827f-bf3341602b6d,FANTASY,2h 12m,13+,2D,2026-05-27,14e168bd-9cd9-4145-950d-4f9077793114,2026-05-27T16:24:09.306838
824b76b9-ec3d-45b5-894e-9a96621f6154,SUAMIKU LUKAKU,cinepolis,,f3e0cc94-be0d-4b52-8559-e87edeb75793,DRAMA,1h 32m,D17+,2D,2026-05-27,8ed6fbf9-444d-4435-8c3b-07139ec6c7fe,2026-05-27T16:24:09.307668
824b76b9-ec3d-45b5-894e-9a96621f6154,MORTAL KOMBAT II,cinepolis,,420e1f44-2534-4ed9-9d6f-84cf6406d5a8,ACTION,1h 56m,D17+,2D,2026-05-27,f9860e28-85a8-433b-81ab-6fb9bc6b3ef5,2026-05-27T16:24:09.308443
824b76b9-ec3d-45b5-894e-9a96621f6154,YANG LAIN BOLEH HILANG ASAL KAU JANGAN,cinepolis,,ff59e4ab-92e1-4aa6-bfd8-ab6521930738,DRAMA,1h 53m,13+,2D,2026-05-27,32e2a6a8-2f14-4350-a3a8-b9b2f07c50ab,2026-05-27T16:24:09.309198
824b76b9-ec3d-45b5-894e-9a96621f6154,THE KING`S WARDEN,cinepolis,,65881b59-8a2d-43fe-b61c-5d8b58e2b312,DRAMA,1h 57m,13+,2D,2026-05-27,95be3de1-07bf-4517-b507-b62d5b949b63,2026-05-27T16:24:09.310184
28e23928-ca9b-4090-9119-cfe3d67fe265,SEKAWAN LIMO 2: GUNUNG KLAWIH,cinepolis,,7a5e33ac-ba36-4c3f-bd38-0f7f00a79a1d,COMEDY,2h 2m,13+,3D,2026-05-27,5235cabf-9bd7-4e1f-9b07-4dc11e13e744,2026-05-27T16:24:15.399778
28e23928-ca9b-4090-9119-cfe3d67fe265,SEKAWAN LIMO 2: GUNUNG KLAWIH,cinepolis,,7a5e33ac-ba36-4c3f-bd38-0f7f00a79a1d,COMEDY,2h 2m,13+,2D,2026-05-27,21142509-91f1-412a-b381-7a947cf68741,2026-05-27T16:24:15.399870
28e23928-ca9b-4090-9119-cfe3d67fe265,CHILDREN OF HEAVEN,cinepolis,,0ae5ff7b-e255-45b6-a488-c0feb89dc653,DRAMA,1h 37m,SU,2D,2026-05-27,d39819fb-df83-43bf-818d-52956286e515,2026-05-27T16:24:15.401400
28e23928-ca9b-4090-9119-cfe3d67fe265,BADUT GENDONG,cinepolis,,3c747edf-0b24-47d3-a687-cce565db1452,HORROR,1h 41m,D17+,2D,2026-05-27,329446ae-deb0-4632-a074-dcab3235b374,2026-05-27T16:24:15.402554
28e23928-ca9b-4090-9119-cfe3d67fe265,TUMBAL PROYEK,cinepolis,,0b14c075-63cc-4a3b-b0a7-a3578ae1590b,HORROR,1h 46m,D17+,2D,2026-05-27,a213ec0e-301b-4106-aa0c-b9f4f6f1e280,2026-05-27T16:24:15.403443
28e23928-ca9b-4090-9119-cfe3d67fe265,PASSENGER,cinepolis,,f99ed192-5c3c-4e8c-b507-05e2d244ecfd,HORROR,1h 34m,D17+,2D,2026-05-27,63c9b33b-45ea-441b-80c8-f6adb18083ca,2026-05-27T16:24:15.404224
28e23928-ca9b-4090-9119-cfe3d67fe265,SEMUA AKAN BAIK-BAIK SAJA,cinepolis,,cae94e25-4386-417b-8bdf-0dea2d0b0c71,DRAMA,1h 53m,13+,2D,2026-05-27,23248e95-ba00-432b-93e9-aa9579f33ccf,2026-05-27T16:24:15.405639
28e23928-ca9b-4090-9119-cfe3d67fe265,GUDANG MERICA,cinepolis,,0e87a4c9-10fb-496b-b0a4-4d60d71c222d,COMEDY,1h 38m,D17+,2D,2026-05-27,d2d8fab9-4339-4762-9752-7683035c92db,2026-05-27T16:24:15.406943
28e23928-ca9b-4090-9119-cfe3d67fe265,STAR WARS: THE MANDALORIAN AND GROGU,cinepolis,,488b0e44-9328-4660-827f-bf3341602b6d,FANTASY,2h 12m,13+,2D,2026-05-27,403afeb4-aa6e-4b8e-a597-55d87f6e0f75,2026-05-27T16:24:15.408016
28e23928-ca9b-4090-9119-cfe3d67fe265,MORTAL KOMBAT II,cinepolis,,420e1f44-2534-4ed9-9d6f-84cf6406d5a8,ACTION,1h 56m,D17+,2D,2026-05-27,625061f9-af9f-46fd-b206-d4a9ca372ae6,2026-05-27T16:24:15.409398
28e23928-ca9b-4090-9119-cfe3d67fe265,GHOST IN THE CELL,cinepolis,,1859bb5f-f638-4a41-854c-a114f6f8a608,HORROR,1h 46m,D17+,2D,2026-05-27,fe75a080-83db-4bee-b3c8-b61a8cecd56e,2026-05-27T16:24:15.410264
28e23928-ca9b-4090-9119-cfe3d67fe265,HOKUM,cinepolis,,6eb5558d-edd2-45f7-a295-6a10c7c57aaf,HORROR,1h 47m,13+,2D,2026-05-27,d127b163-7100-48fc-9578-0f765ad38e86,2026-05-27T16:24:15.410995
28e23928-ca9b-4090-9119-cfe3d67fe265,KELUARGA SUAMI ADALAH HAMA,cinepolis,,6a227c4d-1483-455f-842b-37ab7ddccdc2,DRAMA,1h 57m,13+,2D,2026-05-27,ce4ae50a-bf97-441a-bbd1-71285d7d0b3b,2026-05-27T16:24:15.796497
4639cc6e-6be7-45e6-95f1-e970dbaafad0,SEKAWAN LIMO 2: GUNUNG KLAWIH,cinepolis,,7a5e33ac-ba36-4c3f-bd38-0f7f00a79a1d,COMEDY,2h 2m,13+,2D,2026-05-27,81d31eea-8db9-4cf8-a811-7a8cb2238120,2026-05-27T16:24:20.676287
4639cc6e-6be7-45e6-95f1-e970dbaafad0,CHILDREN OF HEAVEN,cinepolis,,0ae5ff7b-e255-45b6-a488-c0feb89dc653,DRAMA,1h 37m,SU,2D,2026-05-27,ac3041f5-c342-4fa9-a1e6-e134ae72334f,2026-05-27T16:24:20.677542
4639cc6e-6be7-45e6-95f1-e970dbaafad0,TUMBAL PROYEK,cinepolis,,0b14c075-63cc-4a3b-b0a7-a3578ae1590b,HORROR,1h 46m,D17+,2D,2026-05-27,77fda00f-8988-42a3-84ad-cf5091c1f22d,2026-05-27T16:24:20.679111
4639cc6e-6be7-45e6-95f1-e970dbaafad0,PASSENGER,cinepolis,,f99ed192-5c3c-4e8c-b507-05e2d244ecfd,HORROR,1h 34m,D17+,2D,2026-05-27,0a72a284-e78d-4418-be61-839725dd58f0,2026-05-27T16:24:20.680392
4639cc6e-6be7-45e6-95f1-e970dbaafad0,SEMUA AKAN BAIK-BAIK SAJA,cinepolis,,cae94e25-4386-417b-8bdf-0dea2d0b0c71,DRAMA,1h 53m,13+,2D,2026-05-27,3cfcd4b8-55b3-410e-b0f9-438197059645,2026-05-27T16:24:20.681576
4639cc6e-6be7-45e6-95f1-e970dbaafad0,GUDANG MERICA,cinepolis,,0e87a4c9-10fb-496b-b0a4-4d60d71c222d,COMEDY,1h 38m,D17+,2D,2026-05-27,60a7702d-ba7b-4beb-8925-4242ae569118,2026-05-27T16:24:20.683451
4639cc6e-6be7-45e6-95f1-e970dbaafad0,STAR WARS: THE MANDALORIAN AND GROGU,cinepolis,,488b0e44-9328-4660-827f-bf3341602b6d,FANTASY,2h 12m,13+,2D,2026-05-27,ae1ff016-5b3f-4e7d-8772-2394ef13abba,2026-05-27T16:24:20.684354
4639cc6e-6be7-45e6-95f1-e970dbaafad0,THE SUPER MARIO GALAXY MOVIE,cinepolis,,4d0f64f0-c009-46e2-bac7-7bb5c43057f8,ANIMATION,1h 38m,SU,2D,2026-05-27,6d88de00-22c4-45c7-b0c8-43bcc51d5b33,2026-05-27T16:24:20.933408
4639cc6e-6be7-45e6-95f1-e970dbaafad0,THE SHEEP DETECTIVES,cinepolis,,71865891-a162-4fb5-bcc1-eda6d7edf3e9,COMEDY,1h 49m,SU,2D,2026-05-27,296a17c5-45fe-43e4-af18-fa93088976bc,2026-05-27T16:24:20.934014
4639cc6e-6be7-45e6-95f1-e970dbaafad0,YANG LAIN BOLEH HILANG ASAL KAU JANGAN,cinepolis,,ff59e4ab-92e1-4aa6-bfd8-ab6521930738,DRAMA,1h 53m,13+,2D,2026-05-27,c5424292-1f83-4980-85e7-552df1e000f8,2026-05-27T16:24:20.934577
08a60fc1-bc67-460c-a91b-a2abbbb271e3,SEKAWAN LIMO 2: GUNUNG KLAWIH,cinepolis,,7a5e33ac-ba36-4c3f-bd38-0f7f00a79a1d,COMEDY,2h 2m,13+,2D,2026-05-27,02bd3787-b3a1-47aa-b48d-74ff634b315d,2026-05-27T16:24:26.033746
08a60fc1-bc67-460c-a91b-a2abbbb271e3,CHILDREN OF HEAVEN,cinepolis,,0ae5ff7b-e255-45b6-a488-c0feb89dc653,DRAMA,1h 37m,SU,2D,2026-05-27,ce29979c-f230-46dc-928b-5ae0c7d8453f,2026-05-27T16:24:26.034487
08a60fc1-bc67-460c-a91b-a2abbbb271e3,BADUT GENDONG,cinepolis,,3c747edf-0b24-47d3-a687-cce565db1452,HORROR,1h 41m,D17+,2D,2026-05-27,d409c072-ffb0-4586-a987-aff62697aaf0,2026-05-27T16:24:26.036290
08a60fc1-bc67-460c-a91b-a2abbbb271e3,TUMBAL PROYEK,cinepolis,,0b14c075-63cc-4a3b-b0a7-a3578ae1590b,HORROR,1h 46m,D17+,2D,2026-05-27,b4082a7d-736b-4140-8e2b-50b15643ad27,2026-05-27T16:24:26.036913
08a60fc1-bc67-460c-a91b-a2abbbb271e3,PASSENGER,cinepolis,,f99ed192-5c3c-4e8c-b507-05e2d244ecfd,HORROR,1h 34m,D17+,2D,2026-05-27,59f09792-0b2d-4e14-ba96-8c87f5e14850,2026-05-27T16:24:26.037488
08a60fc1-bc67-460c-a91b-a2abbbb271e3,GUDANG MERICA,cinepolis,,0e87a4c9-10fb-496b-b0a4-4d60d71c222d,COMEDY,1h 38m,D17+,2D,2026-05-27,0173375d-4928-4bdb-beaf-4a657c9228a4,2026-05-27T16:24:26.038037
65ce7056-1761-4a5a-ac2b-f9a290d86588,SEKAWAN LIMO 2: GUNUNG KLAWIH,cinepolis,,7a5e33ac-ba36-4c3f-bd38-0f7f00a79a1d,COMEDY,2h 2m,13+,2D,2026-05-27,2ff6a775-af48-4a35-b4b4-5d554f7a5a7a,2026-05-27T16:24:31.311196
65ce7056-1761-4a5a-ac2b-f9a290d86588,CHILDREN OF HEAVEN,cinepolis,,0ae5ff7b-e255-45b6-a488-c0feb89dc653,DRAMA,1h 37m,SU,2D,2026-05-27,e5ce1195-62ba-4db3-925c-0811b7b5de19,2026-05-27T16:24:31.312353
65ce7056-1761-4a5a-ac2b-f9a290d86588,BADUT GENDONG,cinepolis,,3c747edf-0b24-47d3-a687-cce565db1452,HORROR,1h 41m,D17+,2D,2026-05-27,f70243ec-2212-48ff-a422-a810918621c6,2026-05-27T16:24:31.313608
65ce7056-1761-4a5a-ac2b-f9a290d86588,TUMBAL PROYEK,cinepolis,,0b14c075-63cc-4a3b-b0a7-a3578ae1590b,HORROR,1h 46m,D17+,2D,2026-05-27,82e6a788-82f7-4224-9aef-44f0fcb325d6,2026-05-27T16:24:31.314675
65ce7056-1761-4a5a-ac2b-f9a290d86588,PASSENGER,cinepolis,,f99ed192-5c3c-4e8c-b507-05e2d244ecfd,HORROR,1h 34m,D17+,2D,2026-05-27,807428ae-68ab-4ff2-a499-d4659da5f827,2026-05-27T16:24:31.315706
65ce7056-1761-4a5a-ac2b-f9a290d86588,GUDANG MERICA,cinepolis,,0e87a4c9-10fb-496b-b0a4-4d60d71c222d,COMEDY,1h 38m,D17+,2D,2026-05-27,2bbcadd7-ceb5-4176-8e3e-9729da9a7e84,2026-05-27T16:24:31.316925
5a67e161-0aa8-477f-a7dc-9a3d39677e29,SEKAWAN LIMO 2: GUNUNG KLAWIH,cinepolis,,7a5e33ac-ba36-4c3f-bd38-0f7f00a79a1d,COMEDY,2h 2m,13+,2D,2026-05-27,221508dc-2ca2-4a23-9c02-d8e8664bad83,2026-05-27T16:24:37.333111
5a67e161-0aa8-477f-a7dc-9a3d39677e29,CHILDREN OF HEAVEN,cinepolis,,0ae5ff7b-e255-45b6-a488-c0feb89dc653,DRAMA,1h 37m,SU,2D,2026-05-27,90e84f5c-4fda-4076-9ea7-23a508b1fdc3,2026-05-27T16:24:37.334313
5a67e161-0aa8-477f-a7dc-9a3d39677e29,BADUT GENDONG,cinepolis,,3c747edf-0b24-47d3-a687-cce565db1452,HORROR,1h 41m,D17+,2D,2026-05-27,02a27791-7f91-45cf-a0eb-83fd61e57442,2026-05-27T16:24:37.335599
5a67e161-0aa8-477f-a7dc-9a3d39677e29,TUMBAL PROYEK,cinepolis,,0b14c075-63cc-4a3b-b0a7-a3578ae1590b,HORROR,1h 46m,D17+,2D,2026-05-27,051aae56-07f8-4ef5-b066-8907aab4b048,2026-05-27T16:24:37.338404
5a67e161-0aa8-477f-a7dc-9a3d39677e29,PASSENGER,cinepolis,,f99ed192-5c3c-4e8c-b507-05e2d244ecfd,HORROR,1h 34m,D17+,2D,2026-05-27,1a19175e-fe88-494b-8b97-5f27d7a9cfd9,2026-05-27T16:24:37.339253
5a67e161-0aa8-477f-a7dc-9a3d39677e29,SEMUA AKAN BAIK-BAIK SAJA,cinepolis,,cae94e25-4386-417b-8bdf-0dea2d0b0c71,DRAMA,1h 53m,13+,2D,2026-05-27,4f0809e2-f02a-4ac7-850f-5a79d21b7238,2026-05-27T16:24:37.340331
2e2cc24a-c706-42eb-a390-d58249401c88,SEKAWAN LIMO 2: GUNUNG KLAWIH,cinepolis,,7a5e33ac-ba36-4c3f-bd38-0f7f00a79a1d,COMEDY,2h 2m,13+,2D,2026-05-27,1d9c3581-578a-4516-8522-2045545bb0dd,2026-05-27T16:24:42.609466
2e2cc24a-c706-42eb-a390-d58249401c88,CHILDREN OF HEAVEN,cinepolis,,0ae5ff7b-e255-45b6-a488-c0feb89dc653,DRAMA,1h 37m,SU,2D,2026-05-27,69cb8b5b-1174-4a47-b8f3-b2d4cebb0f42,2026-05-27T16:24:42.610210
2e2cc24a-c706-42eb-a390-d58249401c88,BADUT GENDONG,cinepolis,,3c747edf-0b24-47d3-a687-cce565db1452,HORROR,1h 41m,D17+,2D,2026-05-27,f508e06c-9eed-4d2f-b859-12d91bea054e,2026-05-27T16:24:42.610829
2e2cc24a-c706-42eb-a390-d58249401c88,TUMBAL PROYEK,cinepolis,,0b14c075-63cc-4a3b-b0a7-a3578ae1590b,HORROR,1h 46m,D17+,2D,2026-05-27,46342c3a-af3f-473f-8635-d413af06996b,2026-05-27T16:24:42.611384
2e2cc24a-c706-42eb-a390-d58249401c88,PASSENGER,cinepolis,,f99ed192-5c3c-4e8c-b507-05e2d244ecfd,HORROR,1h 34m,D17+,2D,2026-05-27,dc71ca71-07e0-4fce-aeca-dff3af6f1e41,2026-05-27T16:24:42.611940
2e2cc24a-c706-42eb-a390-d58249401c88,SEMUA AKAN BAIK-BAIK SAJA,cinepolis,,cae94e25-4386-417b-8bdf-0dea2d0b0c71,DRAMA,1h 53m,13+,2D,2026-05-27,f10a11e9-b574-47ca-9f85-b3e9ea5f3836,2026-05-27T16:24:42.612474
2e2cc24a-c706-42eb-a390-d58249401c88,GUDANG MERICA,cinepolis,,0e87a4c9-10fb-496b-b0a4-4d60d71c222d,COMEDY,1h 38m,D17+,2D,2026-05-27,9212acf4-54dd-43c7-82d5-058d867097bf,2026-05-27T16:24:42.613020
2e2cc24a-c706-42eb-a390-d58249401c88,STAR WARS: THE MANDALORIAN AND GROGU,cinepolis,,488b0e44-9328-4660-827f-bf3341602b6d,FANTASY,2h 12m,13+,2D,2026-05-27,b43f46df-64b0-4ff7-a960-f0a62ee02855,2026-05-27T16:24:42.613781
2e2cc24a-c706-42eb-a390-d58249401c88,GHOST IN THE CELL,cinepolis,,1859bb5f-f638-4a41-854c-a114f6f8a608,HORROR,1h 46m,D17+,2D,2026-05-27,4c14f706-8c8c-4cd8-bd79-a23772a5b496,2026-05-27T16:24:42.614328
c0437606-aac2-47cc-81d8-25bdf1aedb71,SEKAWAN LIMO 2: GUNUNG KLAWIH,cinepolis,,7a5e33ac-ba36-4c3f-bd38-0f7f00a79a1d,COMEDY,2h 2m,13+,2D,2026-05-27,d461e38e-8afc-442d-860b-ae33fb583d8c,2026-05-27T16:24:47.835985
c0437606-aac2-47cc-81d8-25bdf1aedb71,CHILDREN OF HEAVEN,cinepolis,,0ae5ff7b-e255-45b6-a488-c0feb89dc653,DRAMA,1h 37m,SU,2D,2026-05-27,00921fc1-4f0a-48bb-9935-e41d69760875,2026-05-27T16:24:47.837627
c0437606-aac2-47cc-81d8-25bdf1aedb71,BADUT GENDONG,cinepolis,,3c747edf-0b24-47d3-a687-cce565db1452,HORROR,1h 41m,D17+,2D,2026-05-27,305360f0-9fc5-4e92-b4f1-8aa9c25dae97,2026-05-27T16:24:47.838759
c0437606-aac2-47cc-81d8-25bdf1aedb71,TUMBAL PROYEK,cinepolis,,0b14c075-63cc-4a3b-b0a7-a3578ae1590b,HORROR,1h 46m,D17+,2D,2026-05-27,a197009b-24e7-46fb-8780-6d6ab90328b9,2026-05-27T16:24:47.839722
c0437606-aac2-47cc-81d8-25bdf1aedb71,PASSENGER,cinepolis,,f99ed192-5c3c-4e8c-b507-05e2d244ecfd,HORROR,1h 34m,D17+,2D,2026-05-27,0bdd46b9-f1d0-4bbc-b011-0ee6581ef31a,2026-05-27T16:24:47.841017
c0437606-aac2-47cc-81d8-25bdf1aedb71,SEMUA AKAN BAIK-BAIK SAJA,cinepolis,,cae94e25-4386-417b-8bdf-0dea2d0b0c71,DRAMA,1h 53m,13+,2D,2026-05-27,846b53a9-e5d6-4e27-8c50-d9277a49d309,2026-05-27T16:24:47.841947
50b2b0d7-cb82-4d36-83e6-088ff2db01b4,SEKAWAN LIMO 2: GUNUNG KLAWIH,cinepolis,,7a5e33ac-ba36-4c3f-bd38-0f7f00a79a1d,COMEDY,2h 2m,13+,2D,2026-05-27,3dc18059-edf5-4e2e-a69b-e6fcb4467bcf,2026-05-27T16:24:53.163886
50b2b0d7-cb82-4d36-83e6-088ff2db01b4,CHILDREN OF HEAVEN,cinepolis,,0ae5ff7b-e255-45b6-a488-c0feb89dc653,DRAMA,1h 37m,SU,2D,2026-05-27,9e54c98c-8fe4-472b-ae2c-d23f364bc4a6,2026-05-27T16:24:53.164593
50b2b0d7-cb82-4d36-83e6-088ff2db01b4,BADUT GENDONG,cinepolis,,3c747edf-0b24-47d3-a687-cce565db1452,HORROR,1h 41m,D17+,2D,2026-05-27,12ca03ff-4027-4937-bcbf-2a3f21e16144,2026-05-27T16:24:53.165254
50b2b0d7-cb82-4d36-83e6-088ff2db01b4,TUMBAL PROYEK,cinepolis,,0b14c075-63cc-4a3b-b0a7-a3578ae1590b,HORROR,1h 46m,D17+,2D,2026-05-27,67cc61db-4c33-4ce6-9172-08de4d8e8f37,2026-05-27T16:24:53.165875
50b2b0d7-cb82-4d36-83e6-088ff2db01b4,PASSENGER,cinepolis,,f99ed192-5c3c-4e8c-b507-05e2d244ecfd,HORROR,1h 34m,D17+,2D,2026-05-27,e2e9ad3a-0b0d-4b30-8cb6-4b5ad89bdd32,2026-05-27T16:24:53.166447
50b2b0d7-cb82-4d36-83e6-088ff2db01b4,SEMUA AKAN BAIK-BAIK SAJA,cinepolis,,cae94e25-4386-417b-8bdf-0dea2d0b0c71,DRAMA,1h 53m,13+,2D,2026-05-27,06b07fad-77b4-464c-879e-915b31d367bc,2026-05-27T16:24:53.167009
50b2b0d7-cb82-4d36-83e6-088ff2db01b4,GUDANG MERICA,cinepolis,,0e87a4c9-10fb-496b-b0a4-4d60d71c222d,COMEDY,1h 38m,D17+,2D,2026-05-27,695dc68b-0f82-458d-9c43-f14a1ee656ee,2026-05-27T16:24:53.167561
50b2b0d7-cb82-4d36-83e6-088ff2db01b4,SUAMIKU LUKAKU,cinepolis,,f3e0cc94-be0d-4b52-8559-e87edeb75793,DRAMA,1h 32m,D17+,2D,2026-05-27,f233b95f-91e9-42ff-b784-09444007d636,2026-05-27T16:24:53.168236
50b2b0d7-cb82-4d36-83e6-088ff2db01b4,"AYAH, INI ARAHNYA KEMANA, YA?",cinepolis,,47fccbc0-f843-4918-ad66-28fcef4aa048,DRAMA,1h 43m,13+,2D,2026-05-27,552d8e83-8ff3-4b5a-9d42-701c0b145b3c,2026-05-27T16:24:53.168800
4e57dd20-34f9-4ee9-b765-4663e1389f44,SEKAWAN LIMO 2: GUNUNG KLAWIH,cinepolis,,7a5e33ac-ba36-4c3f-bd38-0f7f00a79a1d,COMEDY,2h 2m,13+,2D,2026-05-27,48fa0c3c-43a5-42cd-b22c-f8d216c207f4,2026-05-27T16:24:59.203550
4e57dd20-34f9-4ee9-b765-4663e1389f44,CHILDREN OF HEAVEN,cinepolis,,0ae5ff7b-e255-45b6-a488-c0feb89dc653,DRAMA,1h 37m,SU,2D,2026-05-27,b043e5a0-4595-47a8-a8ac-0701af60a087,2026-05-27T16:24:59.205410
4e57dd20-34f9-4ee9-b765-4663e1389f44,BADUT GENDONG,cinepolis,,3c747edf-0b24-47d3-a687-cce565db1452,HORROR,1h 41m,D17+,2D,2026-05-27,1371f985-7c70-4755-950e-2f009abf349f,2026-05-27T16:24:59.206075
4e57dd20-34f9-4ee9-b765-4663e1389f44,TUMBAL PROYEK,cinepolis,,0b14c075-63cc-4a3b-b0a7-a3578ae1590b,HORROR,1h 46m,D17+,2D,2026-05-27,4b96e2fa-09c1-4243-bd5d-156fbae6b5bb,2026-05-27T16:24:59.207384
4e57dd20-34f9-4ee9-b765-4663e1389f44,PASSENGER,cinepolis,,f99ed192-5c3c-4e8c-b507-05e2d244ecfd,HORROR,1h 34m,D17+,2D,2026-05-27,85d5b5dc-3eb0-4aec-88f2-bca28bc1eb11,2026-05-27T16:24:59.208353
4e57dd20-34f9-4ee9-b765-4663e1389f44,SEMUA AKAN BAIK-BAIK SAJA,cinepolis,,cae94e25-4386-417b-8bdf-0dea2d0b0c71,DRAMA,1h 53m,13+,2D,2026-05-27,27007e08-4c6f-4d16-ae7f-cf1478ea1e66,2026-05-27T16:24:59.209076
4e57dd20-34f9-4ee9-b765-4663e1389f44,STAR WARS: THE MANDALORIAN AND GROGU,cinepolis,,488b0e44-9328-4660-827f-bf3341602b6d,FANTASY,2h 12m,13+,2D,2026-05-27,40ad1be8-c6b2-4f71-856c-d98906eb6018,2026-05-27T16:24:59.209985
4e57dd20-34f9-4ee9-b765-4663e1389f44,GOHAN,cinepolis,,15718ddd-e8db-449b-9313-73b98733d485,DRAMA,2h 20m,SU,2D,2026-05-27,d6a5fd89-fbf2-4600-a0a9-c18520eb80ca,2026-05-27T16:24:59.210528
4e57dd20-34f9-4ee9-b765-4663e1389f44,MORTAL KOMBAT II,cinepolis,,420e1f44-2534-4ed9-9d6f-84cf6406d5a8,ACTION,1h 56m,D17+,2D,2026-05-27,3fb52e4a-66ab-40e3-a6e6-4de6de79af02,2026-05-27T16:24:59.211289
4e57dd20-34f9-4ee9-b765-4663e1389f44,HOKUM,cinepolis,,6eb5558d-edd2-45f7-a295-6a10c7c57aaf,HORROR,1h 47m,13+,2D,2026-05-27,8a7b499f-20d4-45db-83ca-c8e10353b664,2026-05-27T16:24:59.211859
8863fe89-825c-45dd-aa99-24ac951d25b2,SEKAWAN LIMO 2: GUNUNG KLAWIH,cinepolis,,7a5e33ac-ba36-4c3f-bd38-0f7f00a79a1d,COMEDY,2h 2m,13+,2D,2026-05-27,081261e9-14f2-495b-b51b-584a594f52b3,2026-05-27T16:25:04.576253
8863fe89-825c-45dd-aa99-24ac951d25b2,CHILDREN OF HEAVEN,cinepolis,,0ae5ff7b-e255-45b6-a488-c0feb89dc653,DRAMA,1h 37m,SU,2D,2026-05-27,61d19776-7b56-4f31-96cf-ff781f998e98,2026-05-27T16:25:04.577335
8863fe89-825c-45dd-aa99-24ac951d25b2,BADUT GENDONG,cinepolis,,3c747edf-0b24-47d3-a687-cce565db1452,HORROR,1h 41m,D17+,2D,2026-05-27,8bcd7631-8584-40f8-aae9-f157bc9aabd3,2026-05-27T16:25:04.578310
8863fe89-825c-45dd-aa99-24ac951d25b2,TUMBAL PROYEK,cinepolis,,0b14c075-63cc-4a3b-b0a7-a3578ae1590b,HORROR,1h 46m,D17+,2D,2026-05-27,dbf915b7-ae47-41da-ba54-d27ef0cc228f,2026-05-27T16:25:04.579222
8863fe89-825c-45dd-aa99-24ac951d25b2,SEMUA AKAN BAIK-BAIK SAJA,cinepolis,,cae94e25-4386-417b-8bdf-0dea2d0b0c71,DRAMA,1h 53m,13+,2D,2026-05-27,af00a4a8-a529-4f1c-8cc0-60a04ad8cd7f,2026-05-27T16:25:04.581956
8863fe89-825c-45dd-aa99-24ac951d25b2,GUDANG MERICA,cinepolis,,0e87a4c9-10fb-496b-b0a4-4d60d71c222d,COMEDY,1h 38m,D17+,2D,2026-05-27,8a1d279b-36b7-4f40-b803-a83f45086cc0,2026-05-27T16:25:04.583172
d63968ab-1c62-4bff-9c33-6fee13150977,SEKAWAN LIMO 2: GUNUNG KLAWIH,cinepolis,,7a5e33ac-ba36-4c3f-bd38-0f7f00a79a1d,COMEDY,2h 2m,13+,2D,2026-05-27,541616b2-8337-4fd5-96b3-5a3a3ea092ea,2026-05-27T16:25:10.710094
d63968ab-1c62-4bff-9c33-6fee13150977,CHILDREN OF HEAVEN,cinepolis,,0ae5ff7b-e255-45b6-a488-c0feb89dc653,DRAMA,1h 37m,SU,2D,2026-05-27,6d8fca54-bfab-47e9-9ae5-8a95269378f5,2026-05-27T16:25:10.711159
d63968ab-1c62-4bff-9c33-6fee13150977,BADUT GENDONG,cinepolis,,3c747edf-0b24-47d3-a687-cce565db1452,HORROR,1h 41m,D17+,2D,2026-05-27,1ac62e10-00af-42da-8aad-62f867366dbb,2026-05-27T16:25:10.712272
d63968ab-1c62-4bff-9c33-6fee13150977,TUMBAL PROYEK,cinepolis,,0b14c075-63cc-4a3b-b0a7-a3578ae1590b,HORROR,1h 46m,D17+,2D,2026-05-27,576098e3-07e9-49f3-8fbe-a9c784afe53e,2026-05-27T16:25:10.713315
d63968ab-1c62-4bff-9c33-6fee13150977,SEMUA AKAN BAIK-BAIK SAJA,cinepolis,,cae94e25-4386-417b-8bdf-0dea2d0b0c71,DRAMA,1h 53m,13+,2D,2026-05-27,a2e9a136-9b7e-46bf-9263-31175936d73b,2026-05-27T16:25:10.714783
d63968ab-1c62-4bff-9c33-6fee13150977,STAR WARS: THE MANDALORIAN AND GROGU,cinepolis,,488b0e44-9328-4660-827f-bf3341602b6d,FANTASY,2h 12m,13+,2D,2026-05-27,b6bc418b-e32d-4f37-ba0e-b165cf856289,2026-05-27T16:25:10.715557
d63968ab-1c62-4bff-9c33-6fee13150977,SUAMIKU LUKAKU,cinepolis,,f3e0cc94-be0d-4b52-8559-e87edeb75793,DRAMA,1h 32m,D17+,2D,2026-05-27,dcdc352f-9fa9-45d0-a51d-58880501735a,2026-05-27T16:25:10.716208
fa2a44f0-2625-46ca-b395-b562288d4d98,SEKAWAN LIMO 2: GUNUNG KLAWIH,cinepolis,,7a5e33ac-ba36-4c3f-bd38-0f7f00a79a1d,COMEDY,2h 2m,13+,2D,2026-05-27,469ca796-c3ed-489e-bb8c-39cc431f4d22,2026-05-27T16:25:16.744085
fa2a44f0-2625-46ca-b395-b562288d4d98,CHILDREN OF HEAVEN,cinepolis,,0ae5ff7b-e255-45b6-a488-c0feb89dc653,DRAMA,1h 37m,SU,2D,2026-05-27,c866fa20-2c70-4f55-92eb-d097b8385c3e,2026-05-27T16:25:16.744924
fa2a44f0-2625-46ca-b395-b562288d4d98,TUMBAL PROYEK,cinepolis,,0b14c075-63cc-4a3b-b0a7-a3578ae1590b,HORROR,1h 46m,D17+,2D,2026-05-27,02c82acc-bc62-4556-869f-7d51c1042a38,2026-05-27T16:25:16.746821
fa2a44f0-2625-46ca-b395-b562288d4d98,PASSENGER,cinepolis,,f99ed192-5c3c-4e8c-b507-05e2d244ecfd,HORROR,1h 34m,D17+,2D,2026-05-27,9c47c45a-3890-409b-b300-e544d4bde444,2026-05-27T16:25:16.748088
fa2a44f0-2625-46ca-b395-b562288d4d98,SEMUA AKAN BAIK-BAIK SAJA,cinepolis,,cae94e25-4386-417b-8bdf-0dea2d0b0c71,DRAMA,1h 53m,13+,2D,2026-05-27,2b0acf1d-75cb-4277-8b07-0e5552da8d32,2026-05-27T16:25:16.748899
fa2a44f0-2625-46ca-b395-b562288d4d98,GUDANG MERICA,cinepolis,,0e87a4c9-10fb-496b-b0a4-4d60d71c222d,COMEDY,1h 38m,D17+,2D,2026-05-27,fc33409d-23d5-4fed-b19e-ef0e195ff96b,2026-05-27T16:25:16.749505
fa2a44f0-2625-46ca-b395-b562288d4d98,STAR WARS: THE MANDALORIAN AND GROGU,cinepolis,,488b0e44-9328-4660-827f-bf3341602b6d,FANTASY,2h 12m,13+,2D,2026-05-27,fca2f5e7-0c68-496d-b055-754c45d1a905,2026-05-27T16:25:16.750077
fa2a44f0-2625-46ca-b395-b562288d4d98,GOHAN,cinepolis,,15718ddd-e8db-449b-9313-73b98733d485,DRAMA,2h 20m,SU,2D,2026-05-27,27655e08-2e26-4aa6-b098-c56e166dc008,2026-05-27T16:25:16.750868
fa2a44f0-2625-46ca-b395-b562288d4d98,HOKUM,cinepolis,,6eb5558d-edd2-45f7-a295-6a10c7c57aaf,HORROR,1h 47m,13+,2D,2026-05-27,8624129b-3959-46db-b8b6-645929a5a56f,2026-05-27T16:25:16.751446
fa2a44f0-2625-46ca-b395-b562288d4d98,THE SUPER MARIO GALAXY MOVIE,cinepolis,,4d0f64f0-c009-46e2-bac7-7bb5c43057f8,ANIMATION,1h 38m,SU,2D,2026-05-27,4712e694-3379-4b64-9d6a-a980aa3f21c8,2026-05-27T16:25:16.752060
fa2a44f0-2625-46ca-b395-b562288d4d98,THE SHEEP DETECTIVES,cinepolis,,71865891-a162-4fb5-bcc1-eda6d7edf3e9,COMEDY,1h 49m,SU,2D,2026-05-27,043081b9-d783-409e-a0ff-835e6a23c0fa,2026-05-27T16:25:16.752881
fa2a44f0-2625-46ca-b395-b562288d4d98,THE KING`S WARDEN,cinepolis,,65881b59-8a2d-43fe-b61c-5d8b58e2b312,DRAMA,1h 57m,13+,2D,2026-05-27,ccaa51d9-62b9-4ab3-b8dd-f4d467f1e8b2,2026-05-27T16:25:16.753452
d62ebea7-6e81-4bb5-b7a7-e5c5d3d31de8,SEKAWAN LIMO 2: GUNUNG KLAWIH,cinepolis,,7a5e33ac-ba36-4c3f-bd38-0f7f00a79a1d,COMEDY,2h 2m,13+,2D,2026-05-27,3cf3e677-cc64-4ae2-96ee-452140af9a69,2026-05-27T16:25:22.807150
d62ebea7-6e81-4bb5-b7a7-e5c5d3d31de8,CHILDREN OF HEAVEN,cinepolis,,0ae5ff7b-e255-45b6-a488-c0feb89dc653,DRAMA,1h 37m,SU,2D,2026-05-27,605be2c1-bb81-4552-9e57-20fa8012781c,2026-05-27T16:25:22.808205
d62ebea7-6e81-4bb5-b7a7-e5c5d3d31de8,BADUT GENDONG,cinepolis,,3c747edf-0b24-47d3-a687-cce565db1452,HORROR,1h 41m,D17+,2D,2026-05-27,87fee287-599e-42be-a2e7-bea8f415f80f,2026-05-27T16:25:22.809449
d62ebea7-6e81-4bb5-b7a7-e5c5d3d31de8,TUMBAL PROYEK,cinepolis,,0b14c075-63cc-4a3b-b0a7-a3578ae1590b,HORROR,1h 46m,D17+,2D,2026-05-27,c3a87c47-4144-4774-946d-10f2792d57e6,2026-05-27T16:25:22.810493
d62ebea7-6e81-4bb5-b7a7-e5c5d3d31de8,PASSENGER,cinepolis,,f99ed192-5c3c-4e8c-b507-05e2d244ecfd,HORROR,1h 34m,D17+,2D,2026-05-27,22ddbad9-bd47-4343-9488-a8bd18fa07e0,2026-05-27T16:25:22.811308
860f1f4b-135b-4811-ab1a-bcd2a0f8f936,SEKAWAN LIMO 2: GUNUNG KLAWIH,cinepolis,,7a5e33ac-ba36-4c3f-bd38-0f7f00a79a1d,COMEDY,2h 2m,13+,2D,2026-05-27,190e5d3e-0909-4ed4-ab86-6b6937b877b3,2026-05-27T16:25:28.832148
860f1f4b-135b-4811-ab1a-bcd2a0f8f936,CHILDREN OF HEAVEN,cinepolis,,0ae5ff7b-e255-45b6-a488-c0feb89dc653,DRAMA,1h 37m,SU,2D,2026-05-27,04c46900-9180-4494-b796-ff17217e514e,2026-05-27T16:25:28.832900
860f1f4b-135b-4811-ab1a-bcd2a0f8f936,BADUT GENDONG,cinepolis,,3c747edf-0b24-47d3-a687-cce565db1452,HORROR,1h 41m,D17+,2D,2026-05-27,b0f09fe7-ae54-4785-97e1-d642c84f3a36,2026-05-27T16:25:28.833751
860f1f4b-135b-4811-ab1a-bcd2a0f8f936,TUMBAL PROYEK,cinepolis,,0b14c075-63cc-4a3b-b0a7-a3578ae1590b,HORROR,1h 46m,D17+,2D,2026-05-27,8fbd0ee5-74c6-4e88-beec-fe2bf5dfd7a1,2026-05-27T16:25:28.834623
860f1f4b-135b-4811-ab1a-bcd2a0f8f936,PASSENGER,cinepolis,,f99ed192-5c3c-4e8c-b507-05e2d244ecfd,HORROR,1h 34m,D17+,2D,2026-05-27,a580ceff-1c3b-425f-8c9f-1415de40db81,2026-05-27T16:25:28.835440
860f1f4b-135b-4811-ab1a-bcd2a0f8f936,SEMUA AKAN BAIK-BAIK SAJA,cinepolis,,cae94e25-4386-417b-8bdf-0dea2d0b0c71,DRAMA,1h 53m,13+,2D,2026-05-27,98d37fde-6e3b-4536-a615-edcbb85ee690,2026-05-27T16:25:28.836246
860f1f4b-135b-4811-ab1a-bcd2a0f8f936,GUDANG MERICA,cinepolis,,0e87a4c9-10fb-496b-b0a4-4d60d71c222d,COMEDY,1h 38m,D17+,2D,2026-05-27,f7a2a60f-e3e4-4477-b9e5-cf6bbfab738e,2026-05-27T16:25:28.836809
860f1f4b-135b-4811-ab1a-bcd2a0f8f936,STAR WARS: THE MANDALORIAN AND GROGU,cinepolis,,488b0e44-9328-4660-827f-bf3341602b6d,FANTASY,2h 12m,13+,2D,2026-05-27,20b5cb01-d1ff-4cbe-9fa7-3050584e6b73,2026-05-27T16:25:28.837551
860f1f4b-135b-4811-ab1a-bcd2a0f8f936,"AYAH, INI ARAHNYA KEMANA, YA?",cinepolis,,47fccbc0-f843-4918-ad66-28fcef4aa048,DRAMA,1h 43m,13+,2D,2026-05-27,69fed2b7-0883-4b5c-b120-d12cbaf1123f,2026-05-27T16:25:28.838092
860f1f4b-135b-4811-ab1a-bcd2a0f8f936,YANG LAIN BOLEH HILANG ASAL KAU JANGAN,cinepolis,,ff59e4ab-92e1-4aa6-bfd8-ab6521930738,DRAMA,1h 53m,13+,2D,2026-05-27,82feaabc-21de-45a9-8698-a77719e5f168,2026-05-27T16:25:28.838634
79a3c5ce-c016-40ca-8b62-25cb3ed4b73a,SEKAWAN LIMO 2: GUNUNG KLAWIH,cinepolis,,7a5e33ac-ba36-4c3f-bd38-0f7f00a79a1d,COMEDY,2h 2m,13+,2D,2026-05-27,f40fe685-ace3-494a-b598-632444e0c237,2026-05-27T16:25:35.113178
79a3c5ce-c016-40ca-8b62-25cb3ed4b73a,CHILDREN OF HEAVEN,cinepolis,,0ae5ff7b-e255-45b6-a488-c0feb89dc653,DRAMA,1h 37m,SU,2D,2026-05-27,f0c04975-f79d-4adf-9542-e64d4b7b3343,2026-05-27T16:25:35.114183
79a3c5ce-c016-40ca-8b62-25cb3ed4b73a,BADUT GENDONG,cinepolis,,3c747edf-0b24-47d3-a687-cce565db1452,HORROR,1h 41m,D17+,2D,2026-05-27,e42fb112-5673-4635-9d03-103a95dfaff0,2026-05-27T16:25:35.115399
79a3c5ce-c016-40ca-8b62-25cb3ed4b73a,TUMBAL PROYEK,cinepolis,,0b14c075-63cc-4a3b-b0a7-a3578ae1590b,HORROR,1h 46m,D17+,2D,2026-05-27,e85e8be7-04ff-4e4d-bfe6-2a3f0532846a,2026-05-27T16:25:35.116521
79a3c5ce-c016-40ca-8b62-25cb3ed4b73a,PASSENGER,cinepolis,,f99ed192-5c3c-4e8c-b507-05e2d244ecfd,HORROR,1h 34m,D17+,2D,2026-05-27,9a5f06a1-7026-4439-b047-56d0532dbc60,2026-05-27T16:25:35.118564
79a3c5ce-c016-40ca-8b62-25cb3ed4b73a,SEMUA AKAN BAIK-BAIK SAJA,cinepolis,,cae94e25-4386-417b-8bdf-0dea2d0b0c71,DRAMA,1h 53m,13+,2D,2026-05-27,4fdbbc4d-e054-4c92-a023-6bced07d7a44,2026-05-27T16:25:35.119602
79a3c5ce-c016-40ca-8b62-25cb3ed4b73a,GUDANG MERICA,cinepolis,,0e87a4c9-10fb-496b-b0a4-4d60d71c222d,COMEDY,1h 38m,D17+,2D,2026-05-27,a32ffed7-99f7-413e-8352-250a5f4c9d70,2026-05-27T16:25:35.120236
79a3c5ce-c016-40ca-8b62-25cb3ed4b73a,SUAMIKU LUKAKU,cinepolis,,f3e0cc94-be0d-4b52-8559-e87edeb75793,DRAMA,1h 32m,D17+,2D,2026-05-27,5fdc2f7f-dfd0-4653-8b46-8752ddc80234,2026-05-27T16:25:35.120901
79a3c5ce-c016-40ca-8b62-25cb3ed4b73a,GHOST IN THE CELL,cinepolis,,1859bb5f-f638-4a41-854c-a114f6f8a608,HORROR,1h 46m,D17+,2D,2026-05-27,604dfc96-bdb1-4978-98d1-fa915cca2838,2026-05-27T16:25:35.121491
79a3c5ce-c016-40ca-8b62-25cb3ed4b73a,"AYAH, INI ARAHNYA KEMANA, YA?",cinepolis,,47fccbc0-f843-4918-ad66-28fcef4aa048,DRAMA,1h 43m,13+,2D,2026-05-27,f1caeb07-7f8b-4990-b0c1-12b1354e2c7f,2026-05-27T16:25:35.122113
79a3c5ce-c016-40ca-8b62-25cb3ed4b73a,YANG LAIN BOLEH HILANG ASAL KAU JANGAN,cinepolis,,ff59e4ab-92e1-4aa6-bfd8-ab6521930738,DRAMA,1h 53m,13+,2D,2026-05-27,d5ac589f-89ce-4ed8-8cc7-2972ce7659fc,2026-05-27T16:25:35.122681
79a3c5ce-c016-40ca-8b62-25cb3ed4b73a,TIBA TIBA SETAN,cinepolis,,1d967795-fc67-4246-984c-e494ece3054c,COMEDY,1h 53m,13+,2D,2026-05-27,68d2bdb2-15c5-4d15-a880-9bd585610551,2026-05-27T16:25:36.851288
6a5dd7ef-388f-41d1-bbf7-a36e2f831050,SEKAWAN LIMO 2: GUNUNG KLAWIH,cinepolis,,7a5e33ac-ba36-4c3f-bd38-0f7f00a79a1d,COMEDY,2h 2m,13+,2D,2026-05-27,a483f141-f331-4805-9021-1615a0eeca76,2026-05-27T16:25:41.265204
6a5dd7ef-388f-41d1-bbf7-a36e2f831050,CHILDREN OF HEAVEN,cinepolis,,0ae5ff7b-e255-45b6-a488-c0feb89dc653,DRAMA,1h 37m,SU,2D,2026-05-27,a6156dde-6f76-4e54-99db-30e829b76711,2026-05-27T16:25:41.266684
6a5dd7ef-388f-41d1-bbf7-a36e2f831050,TUMBAL PROYEK,cinepolis,,0b14c075-63cc-4a3b-b0a7-a3578ae1590b,HORROR,1h 46m,D17+,2D,2026-05-27,5ba12495-3052-4ea7-96fc-0ceee0d72ed5,2026-05-27T16:25:41.267621
6a5dd7ef-388f-41d1-bbf7-a36e2f831050,PASSENGER,cinepolis,,f99ed192-5c3c-4e8c-b507-05e2d244ecfd,HORROR,1h 34m,D17+,2D,2026-05-27,f7ea384b-67bd-458e-8617-6a68b92e1f90,2026-05-27T16:25:41.269249
6a5dd7ef-388f-41d1-bbf7-a36e2f831050,SEMUA AKAN BAIK-BAIK SAJA,cinepolis,,cae94e25-4386-417b-8bdf-0dea2d0b0c71,DRAMA,1h 53m,13+,2D,2026-05-27,a97cf4bf-ca30-4f25-b28f-a00985d80bbb,2026-05-27T16:25:41.270204
6a5dd7ef-388f-41d1-bbf7-a36e2f831050,HOKUM,cinepolis,,6eb5558d-edd2-45f7-a295-6a10c7c57aaf,HORROR,1h 47m,13+,2D,2026-05-27,7fdc26e2-62c5-4c33-9d06-b133d879aed6,2026-05-27T16:25:41.272248
96fa9afa-b345-4d33-8fad-6e7b3658b30b,SEKAWAN LIMO 2: GUNUNG KLAWIH,cinepolis,,7a5e33ac-ba36-4c3f-bd38-0f7f00a79a1d,COMEDY,2h 2m,13+,2D,2026-05-27,87105c0f-1040-4572-a0ee-cbc489568392,2026-05-27T16:25:46.569616
96fa9afa-b345-4d33-8fad-6e7b3658b30b,CHILDREN OF HEAVEN,cinepolis,,0ae5ff7b-e255-45b6-a488-c0feb89dc653,DRAMA,1h 37m,SU,2D,2026-05-27,eb7778b7-91e3-4dfa-8d8b-0e0f05db2464,2026-05-27T16:25:46.570609
96fa9afa-b345-4d33-8fad-6e7b3658b30b,BADUT GENDONG,cinepolis,,3c747edf-0b24-47d3-a687-cce565db1452,HORROR,1h 41m,D17+,2D,2026-05-27,c3860654-e43f-4604-b0d7-e7a858f4a7ec,2026-05-27T16:25:46.571626
96fa9afa-b345-4d33-8fad-6e7b3658b30b,TUMBAL PROYEK,cinepolis,,0b14c075-63cc-4a3b-b0a7-a3578ae1590b,HORROR,1h 46m,D17+,2D,2026-05-27,f6eca835-8501-4ec6-abe5-4269c9089667,2026-05-27T16:25:46.572437
96fa9afa-b345-4d33-8fad-6e7b3658b30b,PASSENGER,cinepolis,,f99ed192-5c3c-4e8c-b507-05e2d244ecfd,HORROR,1h 34m,D17+,2D,2026-05-27,513d05ef-2f7b-432b-b9b3-22ecd8a17133,2026-05-27T16:25:46.575429
96fa9afa-b345-4d33-8fad-6e7b3658b30b,SEMUA AKAN BAIK-BAIK SAJA,cinepolis,,cae94e25-4386-417b-8bdf-0dea2d0b0c71,DRAMA,1h 53m,13+,2D,2026-05-27,22a1711b-ac5e-44cb-a998-aeb4408424b1,2026-05-27T16:25:46.576269
96fa9afa-b345-4d33-8fad-6e7b3658b30b,STAR WARS: THE MANDALORIAN AND GROGU,cinepolis,,488b0e44-9328-4660-827f-bf3341602b6d,FANTASY,2h 12m,13+,2D,2026-05-27,6a50c035-2971-4748-b2cc-76ca05a23cef,2026-05-27T16:25:46.577821
96fa9afa-b345-4d33-8fad-6e7b3658b30b,SUNSHINE WOMEN`S CHOIR,cinepolis,,33062671-0ce9-4273-90a4-86ac43173ab4,COMEDY,2h 14m,13+,2D,2026-05-27,2678431c-fa09-4744-ac61-976576ffc048,2026-05-27T16:25:46.578583
96fa9afa-b345-4d33-8fad-6e7b3658b30b,PEGASUS 3,cinepolis,,8f125633-ac6b-459d-afbc-d1a0e529da32,ACTION,2h 6m,13+,2D,2026-05-27,273d22fb-c693-4907-b673-83d81f327b38,2026-05-27T16:25:46.579346
897d3acc-ce58-4b66-81cf-a33142cb26d5,SEKAWAN LIMO 2: GUNUNG KLAWIH,cinepolis,,7a5e33ac-ba36-4c3f-bd38-0f7f00a79a1d,COMEDY,2h 2m,13+,2D,2026-05-27,97f88ba3-9844-46e2-b5ef-fcf39db48a58,2026-05-27T16:25:51.856577
897d3acc-ce58-4b66-81cf-a33142cb26d5,CHILDREN OF HEAVEN,cinepolis,,0ae5ff7b-e255-45b6-a488-c0feb89dc653,DRAMA,1h 37m,SU,2D,2026-05-27,6f510779-e912-42ed-872e-0dc278b2d341,2026-05-27T16:25:51.857566
897d3acc-ce58-4b66-81cf-a33142cb26d5,TUMBAL PROYEK,cinepolis,,0b14c075-63cc-4a3b-b0a7-a3578ae1590b,HORROR,1h 46m,D17+,2D,2026-05-27,cd33736a-2f7a-4a61-a9e4-2bba78e21ab8,2026-05-27T16:25:51.858574
897d3acc-ce58-4b66-81cf-a33142cb26d5,SEMUA AKAN BAIK-BAIK SAJA,cinepolis,,cae94e25-4386-417b-8bdf-0dea2d0b0c71,DRAMA,1h 53m,13+,2D,2026-05-27,ed8694de-c5c6-480b-bb93-c94f4d3069d9,2026-05-27T16:25:51.859510
897d3acc-ce58-4b66-81cf-a33142cb26d5,GUDANG MERICA,cinepolis,,0e87a4c9-10fb-496b-b0a4-4d60d71c222d,COMEDY,1h 38m,D17+,2D,2026-05-27,92644e0e-e19b-43ba-a9e0-06586218cb3a,2026-05-27T16:25:51.860528
897d3acc-ce58-4b66-81cf-a33142cb26d5,STAR WARS: THE MANDALORIAN AND GROGU,cinepolis,,488b0e44-9328-4660-827f-bf3341602b6d,FANTASY,2h 12m,13+,2D,2026-05-27,32011621-594d-44a2-9fd3-6c822ccd6319,2026-05-27T16:25:51.862394
897d3acc-ce58-4b66-81cf-a33142cb26d5,MORTAL KOMBAT II,cinepolis,,420e1f44-2534-4ed9-9d6f-84cf6406d5a8,ACTION,1h 56m,D17+,2D,2026-05-27,36c0e11b-147b-45e2-8b1f-74490b147f6d,2026-05-27T16:25:51.863458
897d3acc-ce58-4b66-81cf-a33142cb26d5,GHOST IN THE CELL,cinepolis,,1859bb5f-f638-4a41-854c-a114f6f8a608,HORROR,1h 46m,D17+,2D,2026-05-27,3e025f6d-6cd8-4b63-92d8-746d91934ac0,2026-05-27T16:25:51.864777
897d3acc-ce58-4b66-81cf-a33142cb26d5,KELUARGA SUAMI ADALAH HAMA,cinepolis,,6a227c4d-1483-455f-842b-37ab7ddccdc2,DRAMA,1h 57m,13+,2D,2026-05-27,144c5725-7f48-4471-b51a-566d0a6925f0,2026-05-27T16:25:51.865644
3627c9e3-c113-4d72-b6c1-9330ce28af67,SEKAWAN LIMO 2: GUNUNG KLAWIH,cinepolis,,7a5e33ac-ba36-4c3f-bd38-0f7f00a79a1d,COMEDY,2h 2m,13+,2D,2026-05-27,35eab5c4-9db4-4842-ade9-0c0b07daef27,2026-05-27T16:25:58.004338
3627c9e3-c113-4d72-b6c1-9330ce28af67,CHILDREN OF HEAVEN,cinepolis,,0ae5ff7b-e255-45b6-a488-c0feb89dc653,DRAMA,1h 37m,SU,2D,2026-05-27,12e5acb3-dcab-4611-9128-be15df425c03,2026-05-27T16:25:58.005340
3627c9e3-c113-4d72-b6c1-9330ce28af67,TUMBAL PROYEK,cinepolis,,0b14c075-63cc-4a3b-b0a7-a3578ae1590b,HORROR,1h 46m,D17+,2D,2026-05-27,4065134f-0ea6-45d3-a223-793db8f22752,2026-05-27T16:25:58.006047
3627c9e3-c113-4d72-b6c1-9330ce28af67,GUDANG MERICA,cinepolis,,0e87a4c9-10fb-496b-b0a4-4d60d71c222d,COMEDY,1h 38m,D17+,2D,2026-05-27,4cd05877-c1f8-4578-8476-1eb8af86f34d,2026-05-27T16:25:58.008003
f60ccd78-c2a1-4d0a-add7-03aa8f8b351d,SEKAWAN LIMO 2: GUNUNG KLAWIH,cinepolis,,7a5e33ac-ba36-4c3f-bd38-0f7f00a79a1d,COMEDY,2h 2m,13+,2D,2026-05-27,df37ccec-8a96-4cb5-8eb0-717cb23aed59,2026-05-27T16:26:04.156518
f60ccd78-c2a1-4d0a-add7-03aa8f8b351d,CHILDREN OF HEAVEN,cinepolis,,0ae5ff7b-e255-45b6-a488-c0feb89dc653,DRAMA,1h 37m,SU,2D,2026-05-27,40ef274f-9db9-4bbf-964d-31549658071c,2026-05-27T16:26:04.157597
f60ccd78-c2a1-4d0a-add7-03aa8f8b351d,BADUT GENDONG,cinepolis,,3c747edf-0b24-47d3-a687-cce565db1452,HORROR,1h 41m,D17+,2D,2026-05-27,01944bdd-a9a7-4e46-a533-156d629b96d0,2026-05-27T16:26:04.158250
f60ccd78-c2a1-4d0a-add7-03aa8f8b351d,TUMBAL PROYEK,cinepolis,,0b14c075-63cc-4a3b-b0a7-a3578ae1590b,HORROR,1h 46m,D17+,2D,2026-05-27,85628de6-76d7-42a0-990a-82ef15e058ac,2026-05-27T16:26:04.159061
f60ccd78-c2a1-4d0a-add7-03aa8f8b351d,PASSENGER,cinepolis,,f99ed192-5c3c-4e8c-b507-05e2d244ecfd,HORROR,1h 34m,D17+,2D,2026-05-27,0b52e8a7-0f14-454f-a9e1-1b7124883194,2026-05-27T16:26:04.159673
f60ccd78-c2a1-4d0a-add7-03aa8f8b351d,SEMUA AKAN BAIK-BAIK SAJA,cinepolis,,cae94e25-4386-417b-8bdf-0dea2d0b0c71,DRAMA,1h 53m,13+,2D,2026-05-27,02f5aa10-3208-4745-896f-8f62f987a778,2026-05-27T16:26:04.160244
74b40c51-ae5e-48ee-947c-adfbd4d97c60,SEKAWAN LIMO 2: GUNUNG KLAWIH,cinepolis,,7a5e33ac-ba36-4c3f-bd38-0f7f00a79a1d,COMEDY,2h 2m,13+,2D,2026-05-27,09221276-e54b-4e12-a0c1-1240adc885dd,2026-05-27T16:26:10.160827
74b40c51-ae5e-48ee-947c-adfbd4d97c60,CHILDREN OF HEAVEN,cinepolis,,0ae5ff7b-e255-45b6-a488-c0feb89dc653,DRAMA,1h 37m,SU,2D,2026-05-27,44caf724-aacb-4e85-a625-9a30a9190d63,2026-05-27T16:26:10.162055
74b40c51-ae5e-48ee-947c-adfbd4d97c60,BADUT GENDONG,cinepolis,,3c747edf-0b24-47d3-a687-cce565db1452,HORROR,1h 41m,D17+,2D,2026-05-27,e19054fc-4a5c-40c8-bbd8-bb93700e1a9a,2026-05-27T16:26:10.162982
74b40c51-ae5e-48ee-947c-adfbd4d97c60,PASSENGER,cinepolis,,f99ed192-5c3c-4e8c-b507-05e2d244ecfd,HORROR,1h 34m,D17+,2D,2026-05-27,7e37a983-39c4-4d16-b8e7-d100d02f096a,2026-05-27T16:26:10.164167
74b40c51-ae5e-48ee-947c-adfbd4d97c60,SEMUA AKAN BAIK-BAIK SAJA,cinepolis,,cae94e25-4386-417b-8bdf-0dea2d0b0c71,DRAMA,1h 53m,13+,2D,2026-05-27,35426cc9-a130-4a09-a2a0-3c35a95ba59b,2026-05-27T16:26:10.164994
74b40c51-ae5e-48ee-947c-adfbd4d97c60,GUDANG MERICA,cinepolis,,0e87a4c9-10fb-496b-b0a4-4d60d71c222d,COMEDY,1h 38m,D17+,2D,2026-05-27,8bad1f84-39d0-46e0-ada9-cd3507b6e63e,2026-05-27T16:26:10.166080
74b40c51-ae5e-48ee-947c-adfbd4d97c60,STAR WARS: THE MANDALORIAN AND GROGU,cinepolis,,488b0e44-9328-4660-827f-bf3341602b6d,FANTASY,2h 12m,13+,2D,2026-05-27,6a206a70-4a57-44f6-9afa-5804b259cef8,2026-05-27T16:26:10.167153
74b40c51-ae5e-48ee-947c-adfbd4d97c60,GOHAN,cinepolis,,15718ddd-e8db-449b-9313-73b98733d485,DRAMA,2h 20m,SU,2D,2026-05-27,a8824565-d4fd-4a2c-bc37-b154715f3147,2026-05-27T16:26:10.168173
74b40c51-ae5e-48ee-947c-adfbd4d97c60,HOKUM,cinepolis,,6eb5558d-edd2-45f7-a295-6a10c7c57aaf,HORROR,1h 47m,13+,2D,2026-05-27,4aa208a2-ab92-4f0f-86aa-59b1e791fb70,2026-05-27T16:26:10.169170
74b40c51-ae5e-48ee-947c-adfbd4d97c60,THE SUPER MARIO GALAXY MOVIE,cinepolis,,4d0f64f0-c009-46e2-bac7-7bb5c43057f8,ANIMATION,1h 38m,SU,2D,2026-05-27,834d2377-d3c7-4dec-b244-87914e8baec8,2026-05-27T16:26:10.169909
74b40c51-ae5e-48ee-947c-adfbd4d97c60,THE KING`S WARDEN,cinepolis,,65881b59-8a2d-43fe-b61c-5d8b58e2b312,DRAMA,1h 57m,13+,2D,2026-05-27,0a136648-c444-42a6-ba77-9fd209212316,2026-05-27T16:26:10.170597
74b40c51-ae5e-48ee-947c-adfbd4d97c60,THE DEVIL WEARS PRADA 2,cinepolis,,97d5d4ac-9e2f-476f-a0ee-729bdefb04b1,COMEDY,1h 59m,13+,2D,2026-05-27,d661fceb-05c3-4664-9a26-5b2932ecbc07,2026-05-27T16:26:10.171590
1cfa54ae-87fc-4d23-8083-ff495bd6e5c3,SEKAWAN LIMO 2: GUNUNG KLAWIH,cinepolis,,7a5e33ac-ba36-4c3f-bd38-0f7f00a79a1d,COMEDY,2h 2m,13+,2D,2026-05-27,d2341190-3e06-42d5-8664-a6ea723ade84,2026-05-27T16:26:15.441188
1cfa54ae-87fc-4d23-8083-ff495bd6e5c3,CHILDREN OF HEAVEN,cinepolis,,0ae5ff7b-e255-45b6-a488-c0feb89dc653,DRAMA,1h 37m,SU,2D,2026-05-27,77b0ca22-07cc-475d-9b42-db337e39e7ea,2026-05-27T16:26:15.442709
1cfa54ae-87fc-4d23-8083-ff495bd6e5c3,BADUT GENDONG,cinepolis,,3c747edf-0b24-47d3-a687-cce565db1452,HORROR,1h 41m,D17+,2D,2026-05-27,384a2b9a-695b-4902-97ef-a2dda5dd5a7f,2026-05-27T16:26:15.443785
1cfa54ae-87fc-4d23-8083-ff495bd6e5c3,TUMBAL PROYEK,cinepolis,,0b14c075-63cc-4a3b-b0a7-a3578ae1590b,HORROR,1h 46m,D17+,2D,2026-05-27,84c309cc-bd30-46be-b187-d8d6a5aadc57,2026-05-27T16:26:15.446013
1cfa54ae-87fc-4d23-8083-ff495bd6e5c3,PASSENGER,cinepolis,,f99ed192-5c3c-4e8c-b507-05e2d244ecfd,HORROR,1h 34m,D17+,2D,2026-05-27,9a97a8eb-e8fb-4378-b128-61428cfd33ab,2026-05-27T16:26:15.447325
1cfa54ae-87fc-4d23-8083-ff495bd6e5c3,GUDANG MERICA,cinepolis,,0e87a4c9-10fb-496b-b0a4-4d60d71c222d,COMEDY,1h 38m,D17+,2D,2026-05-27,6d056bb4-b594-462f-8c56-37cf816c1211,2026-05-27T16:26:15.448052
1cfa54ae-87fc-4d23-8083-ff495bd6e5c3,SUAMIKU LUKAKU,cinepolis,,f3e0cc94-be0d-4b52-8559-e87edeb75793,DRAMA,1h 32m,D17+,2D,2026-05-27,9297fda1-7cc4-4423-8d4b-a108e240792c,2026-05-27T16:26:15.448892
ed34dd2d-9a51-4c88-a8d2-e9586355ae1a,SEKAWAN LIMO 2: GUNUNG KLAWIH,cinepolis,,7a5e33ac-ba36-4c3f-bd38-0f7f00a79a1d,COMEDY,2h 2m,13+,2D,2026-05-27,78383810-02a8-4587-ab8f-27ff1ef88e1e,2026-05-27T16:26:20.674995
ed34dd2d-9a51-4c88-a8d2-e9586355ae1a,CHILDREN OF HEAVEN,cinepolis,,0ae5ff7b-e255-45b6-a488-c0feb89dc653,DRAMA,1h 37m,SU,2D,2026-05-27,3e8627f4-ff88-46e1-8585-a758a84d8453,2026-05-27T16:26:20.676141
ed34dd2d-9a51-4c88-a8d2-e9586355ae1a,TUMBAL PROYEK,cinepolis,,0b14c075-63cc-4a3b-b0a7-a3578ae1590b,HORROR,1h 46m,D17+,2D,2026-05-27,3523e222-a697-43dd-ab4b-2f75a4f3a206,2026-05-27T16:26:20.677132
ed34dd2d-9a51-4c88-a8d2-e9586355ae1a,PASSENGER,cinepolis,,f99ed192-5c3c-4e8c-b507-05e2d244ecfd,HORROR,1h 34m,D17+,2D,2026-05-27,e569b068-e8d2-44ab-91e7-f809fd02f91a,2026-05-27T16:26:20.678705
ed34dd2d-9a51-4c88-a8d2-e9586355ae1a,GUDANG MERICA,cinepolis,,0e87a4c9-10fb-496b-b0a4-4d60d71c222d,COMEDY,1h 38m,D17+,2D,2026-05-27,8b520d44-2ddb-42f9-9f0b-f3f26504ca1b,2026-05-27T16:26:20.679952
ed34dd2d-9a51-4c88-a8d2-e9586355ae1a,STAR WARS: THE MANDALORIAN AND GROGU,cinepolis,,488b0e44-9328-4660-827f-bf3341602b6d,FANTASY,2h 12m,13+,2D,2026-05-27,cdad73d9-6311-4910-bc45-eab61eee8d1a,2026-05-27T16:26:20.681791
ed34dd2d-9a51-4c88-a8d2-e9586355ae1a,THE SHEEP DETECTIVES,cinepolis,,71865891-a162-4fb5-bcc1-eda6d7edf3e9,COMEDY,1h 49m,SU,2D,2026-05-27,f934d31b-76e6-4acc-8a8f-934e8a22f403,2026-05-27T16:26:20.682835
2261e841-517d-48c5-be47-13f05f3590ff,SEKAWAN LIMO 2: GUNUNG KLAWIH,cinepolis,,7a5e33ac-ba36-4c3f-bd38-0f7f00a79a1d,COMEDY,2h 2m,13+,2D,2026-05-27,ef5a1cdb-dac7-4fe9-9591-5c829259ee0d,2026-05-27T16:26:26.801558
2261e841-517d-48c5-be47-13f05f3590ff,CHILDREN OF HEAVEN,cinepolis,,0ae5ff7b-e255-45b6-a488-c0feb89dc653,DRAMA,1h 37m,SU,2D,2026-05-27,8d5b2731-cc23-4288-85fb-e5ec550226fd,2026-05-27T16:26:26.802985
2261e841-517d-48c5-be47-13f05f3590ff,TUMBAL PROYEK,cinepolis,,0b14c075-63cc-4a3b-b0a7-a3578ae1590b,HORROR,1h 46m,D17+,2D,2026-05-27,db4373d4-8031-401b-a831-01f2873e7dc8,2026-05-27T16:26:26.804285
2261e841-517d-48c5-be47-13f05f3590ff,PASSENGER,cinepolis,,f99ed192-5c3c-4e8c-b507-05e2d244ecfd,HORROR,1h 34m,D17+,2D,2026-05-27,8e8b5d6e-a6f9-45cc-8759-82e4a1e6b2bb,2026-05-27T16:26:26.805247
2261e841-517d-48c5-be47-13f05f3590ff,SEMUA AKAN BAIK-BAIK SAJA,cinepolis,,cae94e25-4386-417b-8bdf-0dea2d0b0c71,DRAMA,1h 53m,13+,2D,2026-05-27,fa11cc24-9dd1-496a-818b-5796537e583d,2026-05-27T16:26:26.805912
2261e841-517d-48c5-be47-13f05f3590ff,STAR WARS: THE MANDALORIAN AND GROGU,cinepolis,,488b0e44-9328-4660-827f-bf3341602b6d,FANTASY,2h 12m,13+,2D,2026-05-27,6609f63c-d4de-4e32-b62e-3dbb589fe27b,2026-05-27T16:26:26.806528
2261e841-517d-48c5-be47-13f05f3590ff,GOHAN,cinepolis,,15718ddd-e8db-449b-9313-73b98733d485,DRAMA,2h 20m,SU,2D,2026-05-27,97db9db5-bbf3-4166-a019-faf2950f75e9,2026-05-27T16:26:26.807412
2261e841-517d-48c5-be47-13f05f3590ff,GHOST IN THE CELL,cinepolis,,1859bb5f-f638-4a41-854c-a114f6f8a608,HORROR,1h 46m,D17+,2D,2026-05-27,c941a049-b222-4f39-8394-445b652aa9c5,2026-05-27T16:26:26.808013
2261e841-517d-48c5-be47-13f05f3590ff,THE SUPER MARIO GALAXY MOVIE,cinepolis,,4d0f64f0-c009-46e2-bac7-7bb5c43057f8,ANIMATION,1h 38m,SU,2D,2026-05-27,e5625f05-99d2-45ec-b1e9-ace5eb7b2ccf,2026-05-27T16:26:26.808629
2261e841-517d-48c5-be47-13f05f3590ff,THE SHEEP DETECTIVES,cinepolis,,71865891-a162-4fb5-bcc1-eda6d7edf3e9,COMEDY,1h 49m,SU,2D,2026-05-27,628d3dc6-db6a-4248-9565-39e7aa4c27bd,2026-05-27T16:26:26.809240
2261e841-517d-48c5-be47-13f05f3590ff,SALMOKJI: WHISPERING WATER,cinepolis,,a71f8c7d-5bdf-4b91-b207-9acbafa2417a,HORROR,1h 35m,D17+,2D,2026-05-27,d14891f2-ed5f-4ffb-88b5-fbbc786946e0,2026-05-27T16:26:27.300175
d626e231-6c15-43c0-9907-f3b4afddd797,SEKAWAN LIMO 2: GUNUNG KLAWIH,cinepolis,,7a5e33ac-ba36-4c3f-bd38-0f7f00a79a1d,COMEDY,2h 2m,13+,2D,2026-05-27,7c8b7480-eb32-49a8-b3a2-263a68779de9,2026-05-27T16:26:32.134220
d626e231-6c15-43c0-9907-f3b4afddd797,CHILDREN OF HEAVEN,cinepolis,,0ae5ff7b-e255-45b6-a488-c0feb89dc653,DRAMA,1h 37m,SU,2D,2026-05-27,111bef5b-6afe-411f-937f-317a1005986b,2026-05-27T16:26:32.135255
d626e231-6c15-43c0-9907-f3b4afddd797,BADUT GENDONG,cinepolis,,3c747edf-0b24-47d3-a687-cce565db1452,HORROR,1h 41m,D17+,2D,2026-05-27,b8ae0d7e-8189-4ab4-b551-e80b8619d914,2026-05-27T16:26:32.135964
d626e231-6c15-43c0-9907-f3b4afddd797,TUMBAL PROYEK,cinepolis,,0b14c075-63cc-4a3b-b0a7-a3578ae1590b,HORROR,1h 46m,D17+,2D,2026-05-27,dd69cc0a-b0e5-4f15-8381-cba65f636746,2026-05-27T16:26:32.136724
d626e231-6c15-43c0-9907-f3b4afddd797,GUDANG MERICA,cinepolis,,0e87a4c9-10fb-496b-b0a4-4d60d71c222d,COMEDY,1h 38m,D17+,2D,2026-05-27,6fe11491-1d63-4256-a6b1-9a2fe627bab1,2026-05-27T16:26:32.137384
641f0f6e-6870-4de6-b357-51289eafdb8d,SEKAWAN LIMO 2: GUNUNG KLAWIH,cinepolis,,7a5e33ac-ba36-4c3f-bd38-0f7f00a79a1d,COMEDY,2h 2m,13+,2D,2026-05-27,7017a1fd-7375-441d-90f4-9963446a7f1e,2026-05-27T16:26:38.186400
641f0f6e-6870-4de6-b357-51289eafdb8d,CHILDREN OF HEAVEN,cinepolis,,0ae5ff7b-e255-45b6-a488-c0feb89dc653,DRAMA,1h 37m,SU,2D,2026-05-27,7ce7a817-7f84-44c9-b212-f87c01306f60,2026-05-27T16:26:38.188099
641f0f6e-6870-4de6-b357-51289eafdb8d,TUMBAL PROYEK,cinepolis,,0b14c075-63cc-4a3b-b0a7-a3578ae1590b,HORROR,1h 46m,D17+,2D,2026-05-27,96d80b99-6b19-4002-aa83-32c8e18186e0,2026-05-27T16:26:38.188930
641f0f6e-6870-4de6-b357-51289eafdb8d,PASSENGER,cinepolis,,f99ed192-5c3c-4e8c-b507-05e2d244ecfd,HORROR,1h 34m,D17+,2D,2026-05-27,84912487-686b-4a81-91cf-0fe436956130,2026-05-27T16:26:38.190150
641f0f6e-6870-4de6-b357-51289eafdb8d,SEMUA AKAN BAIK-BAIK SAJA,cinepolis,,cae94e25-4386-417b-8bdf-0dea2d0b0c71,DRAMA,1h 53m,13+,2D,2026-05-27,9bdcfc1e-15bc-4c1b-9b37-a7efe4a1e380,2026-05-27T16:26:38.192403
641f0f6e-6870-4de6-b357-51289eafdb8d,STAR WARS: THE MANDALORIAN AND GROGU,cinepolis,,488b0e44-9328-4660-827f-bf3341602b6d,FANTASY,2h 12m,13+,2D,2026-05-27,98855a15-eaf0-491d-88e3-43d25c2e924b,2026-05-27T16:26:38.193863
641f0f6e-6870-4de6-b357-51289eafdb8d,SUAMIKU LUKAKU,cinepolis,,f3e0cc94-be0d-4b52-8559-e87edeb75793,DRAMA,1h 32m,D17+,2D,2026-05-27,332da6f9-c385-4b89-aa48-ea62f3dcd156,2026-05-27T16:26:38.194836
641f0f6e-6870-4de6-b357-51289eafdb8d,MORTAL KOMBAT II,cinepolis,,420e1f44-2534-4ed9-9d6f-84cf6406d5a8,ACTION,1h 56m,D17+,2D,2026-05-27,03a5fca8-5357-4bf0-ba3a-4918573e072e,2026-05-27T16:26:38.195565
641f0f6e-6870-4de6-b357-51289eafdb8d,"AYAH, INI ARAHNYA KEMANA, YA?",cinepolis,,47fccbc0-f843-4918-ad66-28fcef4aa048,DRAMA,1h 43m,13+,2D,2026-05-27,7872c5b1-4901-4147-bf4d-8f0418731b2e,2026-05-27T16:26:38.197473
641f0f6e-6870-4de6-b357-51289eafdb8d,HOKUM,cinepolis,,6eb5558d-edd2-45f7-a295-6a10c7c57aaf,HORROR,1h 47m,13+,2D,2026-05-27,f1e73d7c-fbcc-498e-9823-386d8cc6dc02,2026-05-27T16:26:38.198137
