cinema_id,title,source,movie_id,movie_code,genre,duration,age_rating,format,show_date,id,created_at
b2b2938c-670f-40bc-ae0f-63920cc7878e,TUMBAL PROYEK,21cineplex,,16TPRK,Horror,106 menit,D17+,2D,2026-05-21,332845be-c42f-4c55-9a00-11cef2a03a22,2026-05-21T00:28:31.062090
b2b2938c-670f-40bc-ae0f-63920cc7878e,GHOST IN THE CELL,21cineplex,,16GITC,"Comedy, Horror",106 menit,D17+,2D,2026-05-21,c92bafa7-addb-4be0-a4a8-6d79a3177fbe,2026-05-21T00:28:31.062246
b2b2938c-670f-40bc-ae0f-63920cc7878e,STAR WARS: THE MANDALORIAN AND GROGU,21cineplex,,26SWMG,"Fantasy, Sci-Fi",132 menit,13+,2D,2026-05-21,a2685d30-c2fb-42e6-b105-9d4b821c4312,2026-05-21T00:28:31.062323
b2b2938c-670f-40bc-ae0f-63920cc7878e,SEMUA AKAN BAIK-BAIK SAJA,21cineplex,,16SABB,Drama,113 menit,13+,2D,2026-05-21,be5ca3ab-151a-48e7-9391-9895413f4687,2026-05-21T00:28:31.062401
b2b2938c-670f-40bc-ae0f-63920cc7878e,SALMOKJI: WHISPERING WATER,21cineplex,,26SWWR,Horror,95 menit,D17+,2D,2026-05-21,fac667b8-27f2-45fe-88d0-8a5482e3c1d3,2026-05-21T00:28:31.062551
b2b2938c-670f-40bc-ae0f-63920cc7878e,CHILDREN OF HEAVEN,21cineplex,,16COHN,"Drama, Family",97 menit,SU,2D,2026-05-23,24bfe720-6dec-46dc-957a-52ad64fa7c96,2026-05-21T00:28:31.062626
b2b2938c-670f-40bc-ae0f-63920cc7878e,CHILDREN OF HEAVEN,21cineplex,,16COHN,"Drama, Family",97 menit,SU,2D,2026-05-27,fd5cebb9-5e79-405c-8fbb-aa3f2df1386f,2026-05-21T00:28:31.062690
7fd217b8-b213-4f66-8f33-62a82d556622,THE SHEEP DETECTIVES,21cineplex,,26SDES,"Comedy, Mystery",109 menit,SU,2D,2026-05-21,d41b15f7-34ef-460d-92bc-49ed787c05d7,2026-05-21T00:28:31.063024
7fd217b8-b213-4f66-8f33-62a82d556622,THE DEVIL WEARS PRADA 2,21cineplex,,26DWP2,"Comedy, Drama",119 menit,13+,2D,2026-05-21,c7853512-3434-4c7c-9d0f-41ce8da33ed0,2026-05-21T00:28:31.063134
7fd217b8-b213-4f66-8f33-62a82d556622,SALMOKJI: WHISPERING WATER,21cineplex,,26SWWR,Horror,95 menit,D17+,2D,2026-05-21,d6a86bd2-18d9-4939-be52-e91acb067687,2026-05-21T00:28:31.063243
7fd217b8-b213-4f66-8f33-62a82d556622,MICHAEL,21cineplex,,26MICL,Biography,127 menit,SU,2D,2026-05-21,3dde89fc-b2bd-4122-b53c-bec4fe19d871,2026-05-21T00:28:31.063372
7fd217b8-b213-4f66-8f33-62a82d556622,GOHAN,21cineplex,,26GOHN,Drama,140 menit,SU,2D,2026-05-21,e8c8b9ce-54c9-4c63-8a64-0c95d53f9fb6,2026-05-21T00:28:31.063504
7fd217b8-b213-4f66-8f33-62a82d556622,IN THE GREY,21cineplex,,26ITGY,"Action, Thriller",97 menit,13+,2D,2026-05-21,a083abf2-e9cd-44fb-a3d0-54533633beb4,2026-05-21T00:28:31.063628
7fd217b8-b213-4f66-8f33-62a82d556622,BADUT GENDONG,21cineplex,,16BGEG,"Action, Horror",101 menit,D17+,2D,2026-05-27,ee39c53e-eaf4-4707-924e-ec64e20a99e6,2026-05-21T00:28:31.063704
db81f01c-8068-4f1f-a909-0279c01e8e75,GHOST IN THE CELL,21cineplex,,16GITC,"Comedy, Horror",106 menit,D17+,2D,2026-05-21,0482bb89-9429-4876-a3df-cfb475928309,2026-05-21T00:28:31.064299
db81f01c-8068-4f1f-a909-0279c01e8e75,TUMBAL PROYEK,21cineplex,,16TPRK,Horror,106 menit,D17+,2D,2026-05-21,03ce13d6-e14b-4db4-a4a6-b0389fe2e883,2026-05-21T00:28:31.064394
db81f01c-8068-4f1f-a909-0279c01e8e75,SEMUA AKAN BAIK-BAIK SAJA,21cineplex,,16SABB,Drama,113 menit,13+,2D,2026-05-21,022385b8-2b55-4aee-81c6-ceea2ff6c146,2026-05-21T00:28:31.064532
db81f01c-8068-4f1f-a909-0279c01e8e75,KELUARGA SUAMI ADALAH HAMA,21cineplex,,16KSAH,Drama,117 menit,13+,2D,2026-05-21,5fb5e4e9-5798-4d7b-a994-372467b87ba7,2026-05-21T00:28:31.064654
db81f01c-8068-4f1f-a909-0279c01e8e75,SUAMIKU LUKAKU,21cineplex,,16SLUU,Drama,92 menit,D17+,2D,2026-05-27,f2b41f3c-7a7b-47bb-a02d-6fbd42dd34cc,2026-05-21T00:28:31.064800
db81f01c-8068-4f1f-a909-0279c01e8e75,CHILDREN OF HEAVEN,21cineplex,,16COHN,"Drama, Family",97 menit,SU,2D,2026-05-27,85091520-21e4-4d4d-92a3-e8259b24b0ae,2026-05-21T00:28:31.064906
096b933f-d229-4809-a146-ca0c897b04d3,GOHAN,21cineplex,,26GOHN,Drama,140 menit,SU,2D,2026-05-21,f4926586-4024-457d-8ac6-3eaa60aa8f8c,2026-05-21T00:28:32.664354
096b933f-d229-4809-a146-ca0c897b04d3,TUMBAL PROYEK,21cineplex,,16TPRK,Horror,106 menit,D17+,2D,2026-05-21,dfb31436-5c6c-46f8-aa1d-1ca67f9d0758,2026-05-21T00:28:32.664513
096b933f-d229-4809-a146-ca0c897b04d3,STAR WARS: THE MANDALORIAN AND GROGU,21cineplex,,26SWMG,"Fantasy, Sci-Fi",132 menit,13+,2D,2026-05-21,cac158e4-a376-4c95-abb1-0c602648e799,2026-05-21T00:28:32.664633
096b933f-d229-4809-a146-ca0c897b04d3,GUDANG MERICA,21cineplex,,16GMEA,"Comedy, Horror",98 menit,D17+,2D,2026-05-21,9210a531-4840-48a3-a74a-fa6ef20fd364,2026-05-21T00:28:32.664806
096b933f-d229-4809-a146-ca0c897b04d3,MORTAL KOMBAT II,21cineplex,,25MKT2,"Action, Adventure",116 menit,D17+,2D,2026-05-21,f2c1b6cd-a54b-44d9-9bc1-439ae588c0fe,2026-05-21T00:28:32.665022
096b933f-d229-4809-a146-ca0c897b04d3,GHOST IN THE CELL,21cineplex,,16GITC,"Comedy, Horror",106 menit,D17+,2D,2026-05-21,d26f94f6-01e7-40f6-985c-c8eab1b682f9,2026-05-21T00:28:32.665188
096b933f-d229-4809-a146-ca0c897b04d3,FUZE,21cineplex,,26FUZE,"Action, Crime",96 menit,D17+,2D,2026-05-21,e5bbfbf2-c493-4010-88c5-2dd229a1e13c,2026-05-21T00:28:32.665341
096b933f-d229-4809-a146-ca0c897b04d3,SEMUA AKAN BAIK-BAIK SAJA,21cineplex,,16SABB,Drama,113 menit,13+,2D,2026-05-21,086117e8-7174-4c2f-af1f-6c751d4fb452,2026-05-21T00:28:32.665454
096b933f-d229-4809-a146-ca0c897b04d3,IN THE GREY,21cineplex,,26ITGY,"Action, Thriller",97 menit,13+,2D,2026-05-21,9cbd9b5b-0dbe-4a01-8121-408b84cda178,2026-05-21T00:28:32.665697
096b933f-d229-4809-a146-ca0c897b04d3,SEKAWAN LIMO 2: GUNUNG KLAWIH,21cineplex,,16SK2G,"Comedy, Horror",122 menit,13+,2D,2026-05-27,f9ed945d-8e92-423f-8b2f-697acf5fe5b4,2026-05-21T00:28:32.665848
096b933f-d229-4809-a146-ca0c897b04d3,SUAMIKU LUKAKU,21cineplex,,16SLUU,Drama,92 menit,D17+,2D,2026-05-27,2a672609-3eda-4c39-8af2-4ef0d2129a48,2026-05-21T00:28:32.666022
b3c46aa7-fc85-4450-affc-ac362b0f25a1,YANG LAIN BOLEH HILANG ASAL KAU JANGAN,21cineplex,,16YLBH,Drama,113 menit,13+,2D,2026-05-21,12bdeb84-401c-4acd-82a6-4b9a4cdbe36b,2026-05-21T00:28:34.127203
b3c46aa7-fc85-4450-affc-ac362b0f25a1,STAR WARS: THE MANDALORIAN AND GROGU,21cineplex,,26SWMG,"Fantasy, Sci-Fi",132 menit,13+,2D,2026-05-21,c8e00722-61e6-499b-a889-66c3725e1397,2026-05-21T00:28:34.127352
b3c46aa7-fc85-4450-affc-ac362b0f25a1,GOHAN,21cineplex,,26GOHN,Drama,140 menit,SU,2D,2026-05-21,30fe2d53-d613-4640-b737-f2a0571763b2,2026-05-21T00:28:34.127499
b3c46aa7-fc85-4450-affc-ac362b0f25a1,SEMUA AKAN BAIK-BAIK SAJA,21cineplex,,16SABB,Drama,113 menit,13+,2D,2026-05-21,ce6ce558-aa33-4c89-93bc-c652f37c995c,2026-05-21T00:28:34.127621
b3c46aa7-fc85-4450-affc-ac362b0f25a1,KELUARGA SUAMI ADALAH HAMA,21cineplex,,16KSAH,Drama,117 menit,13+,2D,2026-05-21,abbaa7c1-4964-4999-925b-7b185f6a6c19,2026-05-21T00:28:34.127743
b3c46aa7-fc85-4450-affc-ac362b0f25a1,TUMBAL PROYEK,21cineplex,,16TPRK,Horror,106 menit,D17+,2D,2026-05-21,f2a99287-38f4-45b7-9bdc-2a5d19589b47,2026-05-21T00:28:34.127924
b3c46aa7-fc85-4450-affc-ac362b0f25a1,GUDANG MERICA,21cineplex,,16GMEA,"Comedy, Horror",98 menit,D17+,2D,2026-05-21,527e2ae9-95cf-4682-abab-a9f1f9af94f4,2026-05-21T00:28:34.128043
b3c46aa7-fc85-4450-affc-ac362b0f25a1,BADUT GENDONG,21cineplex,,16BGEG,"Action, Horror",101 menit,D17+,2D,2026-05-27,643c6508-a40b-45f1-bdf9-7cf2bf1b4997,2026-05-21T00:28:34.128308
af8a4f0a-6a2a-4f96-af46-08a21e3bdf26,SEMUA AKAN BAIK-BAIK SAJA,21cineplex,,16SABB,Drama,113 menit,13+,2D,2026-05-21,1e732aeb-9bbd-496e-93cd-2c9faa5787ea,2026-05-21T00:28:35.993307
af8a4f0a-6a2a-4f96-af46-08a21e3bdf26,IN THE GREY,21cineplex,,26ITGY,"Action, Thriller",97 menit,13+,2D,2026-05-21,8d31f9d4-ae1a-4a04-b753-1464724ba1bb,2026-05-21T00:28:35.993487
af8a4f0a-6a2a-4f96-af46-08a21e3bdf26,MORTAL KOMBAT II,21cineplex,,25MKT2,"Action, Adventure",116 menit,D17+,2D,2026-05-21,ae522fe7-c038-48a4-b198-606ec17ba39c,2026-05-21T00:28:35.993572
af8a4f0a-6a2a-4f96-af46-08a21e3bdf26,GOHAN,21cineplex,,26GOHN,Drama,140 menit,SU,2D,2026-05-21,247b2e36-13bf-4c67-9b08-f932042b18ce,2026-05-21T00:28:35.993646
af8a4f0a-6a2a-4f96-af46-08a21e3bdf26,STAR WARS: THE MANDALORIAN AND GROGU,21cineplex,,26SWMG,"Fantasy, Sci-Fi",132 menit,13+,2D,2026-05-21,9ed66766-815c-4003-ab33-6ef44a5dbcbc,2026-05-21T00:28:35.993749
af8a4f0a-6a2a-4f96-af46-08a21e3bdf26,PEGASUS 3,21cineplex,,26PES3,"Action, Comedy",126 menit,13+,2D,2026-05-21,b42b2ba8-6033-4eb8-8efc-6c5c25d454bd,2026-05-21T00:28:35.993842
af8a4f0a-6a2a-4f96-af46-08a21e3bdf26,BADUT GENDONG,21cineplex,,16BGEG,"Action, Horror",101 menit,D17+,2D,2026-05-27,47303ea6-9949-43a6-8223-5d358ada6106,2026-05-21T00:28:35.993956
5ef221f4-8b66-4019-98b8-b37152d59d25,SEMUA AKAN BAIK-BAIK SAJA,21cineplex,,16SABB,Drama,113 menit,13+,2D,2026-05-21,0ea143f3-e88d-4605-be62-51745d16cec6,2026-05-21T00:28:38.892420
5ef221f4-8b66-4019-98b8-b37152d59d25,TUMBAL PROYEK,21cineplex,,16TPRK,Horror,106 menit,D17+,2D,2026-05-21,75e344b6-896d-40b9-9eea-d33f6b800406,2026-05-21T00:28:38.892646
5ef221f4-8b66-4019-98b8-b37152d59d25,GUDANG MERICA,21cineplex,,16GMEA,"Comedy, Horror",98 menit,D17+,2D,2026-05-21,accb937e-2ea8-48a3-aa95-77148ae0ad72,2026-05-21T00:28:38.892852
5ef221f4-8b66-4019-98b8-b37152d59d25,GHOST IN THE CELL,21cineplex,,16GITC,"Comedy, Horror",106 menit,D17+,2D,2026-05-21,06bff040-469d-4584-80ac-46383e65ca48,2026-05-21T00:28:38.892990
5ef221f4-8b66-4019-98b8-b37152d59d25,KAMU HARUS MATI,21cineplex,,16KHMI,"Horror, Mystery, Thriller",90 menit,13+,2D,2026-05-21,ca39310d-9e2d-4c45-9008-5c854726c50c,2026-05-21T00:28:38.893110
5ef221f4-8b66-4019-98b8-b37152d59d25,YANG LAIN BOLEH HILANG ASAL KAU JANGAN,21cineplex,,16YLBH,Drama,113 menit,13+,2D,2026-05-21,646536dc-ede0-4dab-8b35-b2e56ea0b700,2026-05-21T00:28:38.893256
5ef221f4-8b66-4019-98b8-b37152d59d25,CHILDREN OF HEAVEN,21cineplex,,16COHN,"Drama, Family",97 menit,SU,2D,2026-05-23,d70221ad-1e3c-40eb-8738-6962787e7bda,2026-05-21T00:28:38.893350
5ef221f4-8b66-4019-98b8-b37152d59d25,CHILDREN OF HEAVEN,21cineplex,,16COHN,"Drama, Family",97 menit,SU,2D,2026-05-27,41d1a45e-d463-4cad-8491-b8066f36f33b,2026-05-21T00:28:38.893410
5ef221f4-8b66-4019-98b8-b37152d59d25,BADUT GENDONG,21cineplex,,16BGEG,"Action, Horror",101 menit,D17+,2D,2026-05-27,d2b4eb78-6497-4805-9c77-b38d1a3cde1a,2026-05-21T00:28:38.893531
5ef221f4-8b66-4019-98b8-b37152d59d25,SUAMIKU LUKAKU,21cineplex,,16SLUU,Drama,92 menit,D17+,2D,2026-05-27,370d71cc-2d1c-497a-bd55-6d04f99cdb8e,2026-05-21T00:28:38.893667
3f4c16e0-e97c-44ff-897a-13d68f4b5de0,TUMBAL PROYEK,21cineplex,,16TPRK,Horror,106 menit,D17+,2D,2026-05-21,2c5afa35-6740-4609-bf20-829d338f859c,2026-05-21T00:28:40.226008
3f4c16e0-e97c-44ff-897a-13d68f4b5de0,GOHAN,21cineplex,,26GOHN,Drama,140 menit,SU,2D,2026-05-21,f68f7cb5-10ae-4131-87cd-23726648bd9c,2026-05-21T00:28:40.226481
3f4c16e0-e97c-44ff-897a-13d68f4b5de0,GHOST IN THE CELL,21cineplex,,16GITC,"Comedy, Horror",106 menit,D17+,2D,2026-05-21,f5a0a7d2-fb46-45dc-a5b6-2a00184744a8,2026-05-21T00:28:40.226682
3f4c16e0-e97c-44ff-897a-13d68f4b5de0,KELUARGA SUAMI ADALAH HAMA,21cineplex,,16KSAH,Drama,117 menit,13+,2D,2026-05-21,553614fe-d5ee-49e6-aa95-389ac3eabdd7,2026-05-21T00:28:40.227138
3f4c16e0-e97c-44ff-897a-13d68f4b5de0,SEMUA AKAN BAIK-BAIK SAJA,21cineplex,,16SABB,Drama,113 menit,13+,2D,2026-05-21,00e37bf0-a35b-4776-9e78-24bb740e5f2e,2026-05-21T00:28:40.227618
3f4c16e0-e97c-44ff-897a-13d68f4b5de0,STAR WARS: THE MANDALORIAN AND GROGU,21cineplex,,26SWMG,"Fantasy, Sci-Fi",132 menit,13+,2D,2026-05-21,0e8bf02c-020f-4935-aa33-00ad62e2f95d,2026-05-21T00:28:40.228062
3f4c16e0-e97c-44ff-897a-13d68f4b5de0,DILAN ITB 1997,21cineplex,,16DI97,"Drama, Romance",110 menit,13+,2D,2026-05-21,f654a838-25f4-456e-91db-9d006f1e2c72,2026-05-21T00:28:40.228461
3f4c16e0-e97c-44ff-897a-13d68f4b5de0,MONSTER PABRIK RAMBUT,21cineplex,,16MPRT,"Fantasy, Horror",96 menit,D17+,2D,2026-05-23,f629a6ee-2919-4b04-8715-a4574aacb151,2026-05-21T00:28:40.228784
3f4c16e0-e97c-44ff-897a-13d68f4b5de0,CHILDREN OF HEAVEN,21cineplex,,16COHN,"Drama, Family",97 menit,SU,2D,2026-05-27,22f778e1-dc9b-4bbe-9322-c188ff389a8b,2026-05-21T00:28:40.229158
3f4c16e0-e97c-44ff-897a-13d68f4b5de0,SEKAWAN LIMO 2: GUNUNG KLAWIH,21cineplex,,16SK2G,"Comedy, Horror",122 menit,13+,2D,2026-05-27,c2e33956-6862-417a-8f3c-c511b89ca65c,2026-05-21T00:28:40.229338
aecb07d4-47da-4c0e-8416-c2f902a27ec7,KAMU HARUS MATI,21cineplex,,16KHMI,"Horror, Mystery, Thriller",90 menit,13+,2D,2026-05-21,2f2f1878-88e6-477c-9c1f-800da4747936,2026-05-21T00:28:41.927377
aecb07d4-47da-4c0e-8416-c2f902a27ec7,SEMUA AKAN BAIK-BAIK SAJA,21cineplex,,16SABB,Drama,113 menit,13+,2D,2026-05-21,4bd80f87-b808-416f-84b8-0ee9b80a3390,2026-05-21T00:28:41.927620
aecb07d4-47da-4c0e-8416-c2f902a27ec7,TUMBAL PROYEK,21cineplex,,16TPRK,Horror,106 menit,D17+,2D,2026-05-21,609e7738-8eeb-4dd1-a5be-c5d256954c56,2026-05-21T00:28:41.927817
aecb07d4-47da-4c0e-8416-c2f902a27ec7,KELUARGA SUAMI ADALAH HAMA,21cineplex,,16KSAH,Drama,117 menit,13+,2D,2026-05-21,d4dd0f83-cf4c-465d-8bcb-457018c5805b,2026-05-21T00:28:41.927991
aecb07d4-47da-4c0e-8416-c2f902a27ec7,BADUT GENDONG,21cineplex,,16BGEG,"Action, Horror",101 menit,D17+,2D,2026-05-27,f401bf7e-7620-4dd3-9e45-0b29154f53bc,2026-05-21T00:28:41.928181
3941ba55-e9a3-499c-b317-69397c2f88b6,TUMBAL PROYEK,21cineplex,,16TPRK,Horror,106 menit,D17+,2D,2026-05-21,d7e9a8e5-73be-4860-b9ab-18966095a208,2026-05-21T00:28:43.178333
3941ba55-e9a3-499c-b317-69397c2f88b6,STAR WARS: THE MANDALORIAN AND GROGU,21cineplex,,26SWMG,"Fantasy, Sci-Fi",132 menit,13+,2D,2026-05-21,d44b2cff-5997-49d1-88bf-f0b4ba1fcfbc,2026-05-21T00:28:43.178790
3941ba55-e9a3-499c-b317-69397c2f88b6,YANG LAIN BOLEH HILANG ASAL KAU JANGAN,21cineplex,,16YLBH,Drama,113 menit,13+,2D,2026-05-21,cd3e7d5d-a4bb-4520-ab62-ebecf60c28af,2026-05-21T00:28:43.179026
3941ba55-e9a3-499c-b317-69397c2f88b6,SEMUA AKAN BAIK-BAIK SAJA,21cineplex,,16SABB,Drama,113 menit,13+,2D,2026-05-21,a2f5a80b-198a-4f08-94e0-df6468280134,2026-05-21T00:28:43.179179
3941ba55-e9a3-499c-b317-69397c2f88b6,GOHAN,21cineplex,,26GOHN,Drama,140 menit,SU,2D,2026-05-21,749399db-12d2-4071-93f2-43bcee7145e0,2026-05-21T00:28:43.179491
3941ba55-e9a3-499c-b317-69397c2f88b6,GUDANG MERICA,21cineplex,,16GMEA,"Comedy, Horror",98 menit,D17+,2D,2026-05-21,b19563e3-5386-4fd3-9f47-a12acc9e8582,2026-05-21T00:28:43.179641
3941ba55-e9a3-499c-b317-69397c2f88b6,KAMU HARUS MATI,21cineplex,,16KHMI,"Horror, Mystery, Thriller",90 menit,13+,2D,2026-05-21,0498bf7c-c1e1-4a29-b589-dd3652510d23,2026-05-21T00:28:43.179926
3941ba55-e9a3-499c-b317-69397c2f88b6,BADUT GENDONG,21cineplex,,16BGEG,"Action, Horror",101 menit,D17+,2D,2026-05-27,9df15b08-beb2-497d-a303-a42bf62d5190,2026-05-21T00:28:43.180298
3941ba55-e9a3-499c-b317-69397c2f88b6,SEKAWAN LIMO 2: GUNUNG KLAWIH,21cineplex,,16SK2G,"Comedy, Horror",122 menit,13+,2D,2026-05-27,a9cd15f8-fb81-4ff1-8e13-cb9c56c47f8e,2026-05-21T00:28:43.180665
f74e53fc-3916-40c7-86ca-210fe18d7af2,TUMBAL PROYEK,21cineplex,,16TPRK,Horror,106 menit,D17+,2D,2026-05-21,21847863-396d-43e0-bca8-fbf5b2bf001d,2026-05-21T00:28:44.877712
f74e53fc-3916-40c7-86ca-210fe18d7af2,SEMUA AKAN BAIK-BAIK SAJA,21cineplex,,16SABB,Drama,113 menit,13+,2D,2026-05-21,473817e9-c1cd-4dfb-9018-540f7782fb0e,2026-05-21T00:28:44.878082
f74e53fc-3916-40c7-86ca-210fe18d7af2,GUDANG MERICA,21cineplex,,16GMEA,"Comedy, Horror",98 menit,D17+,2D,2026-05-21,90e7e04a-ebb9-48a7-ac98-da8cad895298,2026-05-21T00:28:44.878438
f74e53fc-3916-40c7-86ca-210fe18d7af2,CHILDREN OF HEAVEN,21cineplex,,16COHN,"Drama, Family",97 menit,SU,2D,2026-05-27,3ac85ba2-ee75-4dff-ac15-8e31c78a1d8b,2026-05-21T00:28:44.878771
f74e53fc-3916-40c7-86ca-210fe18d7af2,BADUT GENDONG,21cineplex,,16BGEG,"Action, Horror",101 menit,D17+,2D,2026-05-27,9a67308e-1022-4df0-b302-dedf673cf00f,2026-05-21T00:28:44.879052
7ba4b950-a346-4bbb-9b14-b92508cf8624,TUMBAL PROYEK,21cineplex,,16TPRK,Horror,106 menit,D17+,2D,2026-05-21,eb98345d-c646-45a5-8b84-59950e3e2c09,2026-05-21T00:28:46.204467
7ba4b950-a346-4bbb-9b14-b92508cf8624,KELUARGA SUAMI ADALAH HAMA,21cineplex,,16KSAH,Drama,117 menit,13+,2D,2026-05-21,6b823fd3-fa7c-4251-87e8-3057c3ff459c,2026-05-21T00:28:46.204785
7ba4b950-a346-4bbb-9b14-b92508cf8624,YANG LAIN BOLEH HILANG ASAL KAU JANGAN,21cineplex,,16YLBH,Drama,113 menit,13+,2D,2026-05-21,b9f18609-7be8-418c-b0f0-e3e7813354c1,2026-05-21T00:28:46.205038
7ba4b950-a346-4bbb-9b14-b92508cf8624,SEMUA AKAN BAIK-BAIK SAJA,21cineplex,,16SABB,Drama,113 menit,13+,2D,2026-05-21,bcf25690-8d62-4b62-9a19-ba3a43717a9d,2026-05-21T00:28:46.205320
7ba4b950-a346-4bbb-9b14-b92508cf8624,SEKAWAN LIMO 2: GUNUNG KLAWIH,21cineplex,,16SK2G,"Comedy, Horror",122 menit,13+,2D,2026-05-27,b9e73f3a-9a8d-4efa-8638-9c1d848956d8,2026-05-21T00:28:46.205621
7ba4b950-a346-4bbb-9b14-b92508cf8624,CHILDREN OF HEAVEN,21cineplex,,16COHN,"Drama, Family",97 menit,SU,2D,2026-05-27,8bebf189-ec1e-4b8d-ae7a-6a6f64fb25dc,2026-05-21T00:28:46.205800
ddcab06d-211a-4b2b-85cf-0e5d404ad853,SEMUA AKAN BAIK-BAIK SAJA,21cineplex,,16SABB,Drama,113 menit,13+,2D,2026-05-21,6aa2be0a-7caa-4216-9bd3-1ed69df4ef47,2026-05-21T00:28:47.877307
ddcab06d-211a-4b2b-85cf-0e5d404ad853,STAR WARS: THE MANDALORIAN AND GROGU,21cineplex,,26SWMG,"Fantasy, Sci-Fi",132 menit,13+,2D,2026-05-21,820a10c2-29fe-4b4f-ba81-1d516fee8f73,2026-05-21T00:28:47.877559
ddcab06d-211a-4b2b-85cf-0e5d404ad853,KELUARGA SUAMI ADALAH HAMA,21cineplex,,16KSAH,Drama,117 menit,13+,2D,2026-05-21,e6bbaa56-0638-4b8b-8a37-74c3739960a2,2026-05-21T00:28:47.877761
ddcab06d-211a-4b2b-85cf-0e5d404ad853,KAMU HARUS MATI,21cineplex,,16KHMI,"Horror, Mystery, Thriller",90 menit,13+,2D,2026-05-21,45cc3d31-864b-4fcf-9d4f-f7f67e7023eb,2026-05-21T00:28:47.878003
ddcab06d-211a-4b2b-85cf-0e5d404ad853,TUMBAL PROYEK,21cineplex,,16TPRK,Horror,106 menit,D17+,2D,2026-05-21,642700e9-fabb-404b-b5c6-e42b93fa0dd4,2026-05-21T00:28:47.878251
ddcab06d-211a-4b2b-85cf-0e5d404ad853,SEKAWAN LIMO 2: GUNUNG KLAWIH,21cineplex,,16SK2G,"Comedy, Horror",122 menit,13+,2D,2026-05-27,3594a7a6-d8be-42f8-a8ae-adedeb8e8fee,2026-05-21T00:28:47.878397
e4345ace-0775-4e02-9ff4-a593ff7c81f6,KELUARGA SUAMI ADALAH HAMA,21cineplex,,16KSAH,Drama,117 menit,13+,2D,2026-05-21,85d73095-3f11-4b70-a840-d1683bc16ad6,2026-05-21T00:28:49.373302
e4345ace-0775-4e02-9ff4-a593ff7c81f6,GUDANG MERICA,21cineplex,,16GMEA,"Comedy, Horror",98 menit,D17+,2D,2026-05-21,068ab8d3-5557-48bb-86c4-773e7c6ba477,2026-05-21T00:28:49.373562
e4345ace-0775-4e02-9ff4-a593ff7c81f6,SALMOKJI: WHISPERING WATER,21cineplex,,26SWWR,Horror,95 menit,D17+,2D,2026-05-21,0b07052a-ea6d-4a94-b4e0-15d1b33e5a7a,2026-05-21T00:28:49.373755
e4345ace-0775-4e02-9ff4-a593ff7c81f6,SEMUA AKAN BAIK-BAIK SAJA,21cineplex,,16SABB,Drama,113 menit,13+,2D,2026-05-21,f8ca7345-82f2-4ca8-8640-460a78ac2d59,2026-05-21T00:28:49.373860
e4345ace-0775-4e02-9ff4-a593ff7c81f6,STAR WARS: THE MANDALORIAN AND GROGU,21cineplex,,26SWMG,"Fantasy, Sci-Fi",132 menit,13+,2D,2026-05-21,e48be071-538d-4a48-a071-ef754409bc54,2026-05-21T00:28:49.374024
e4345ace-0775-4e02-9ff4-a593ff7c81f6,GOHAN,21cineplex,,26GOHN,Drama,140 menit,SU,2D,2026-05-21,6a31f151-9cde-4bad-a227-20f6ad1d77e4,2026-05-21T00:28:49.374132
e4345ace-0775-4e02-9ff4-a593ff7c81f6,TUMBAL PROYEK,21cineplex,,16TPRK,Horror,106 menit,D17+,2D,2026-05-21,1571b229-2910-43ac-a3d1-851220dd81bd,2026-05-21T00:28:49.374250
e4345ace-0775-4e02-9ff4-a593ff7c81f6,SEKAWAN LIMO 2: GUNUNG KLAWIH,21cineplex,,16SK2G,"Comedy, Horror",122 menit,13+,2D,2026-05-27,6106c9ab-f786-47a5-9b99-b462c9e9d958,2026-05-21T00:28:49.374448
e4345ace-0775-4e02-9ff4-a593ff7c81f6,BADUT GENDONG,21cineplex,,16BGEG,"Action, Horror",101 menit,D17+,2D,2026-05-27,7806558d-dc71-4459-87f5-59312fa56b51,2026-05-21T00:28:49.374677
e4345ace-0775-4e02-9ff4-a593ff7c81f6,CHILDREN OF HEAVEN,21cineplex,,16COHN,"Drama, Family",97 menit,SU,2D,2026-05-27,176c1200-29de-45f7-92be-5d171b4155e4,2026-05-21T00:28:49.374868
4a37492e-92f7-4796-9ff9-af0905d886e7,TUMBAL PROYEK,21cineplex,,16TPRK,Horror,106 menit,D17+,2D,2026-05-21,e43ae7a0-bf8a-4ca7-adfb-1dc6fd77e0fe,2026-05-21T00:28:50.904762
4a37492e-92f7-4796-9ff9-af0905d886e7,SEMUA AKAN BAIK-BAIK SAJA,21cineplex,,16SABB,Drama,113 menit,13+,2D,2026-05-21,4cd18e9f-c842-4ea7-bea8-b9e5de5e8fbd,2026-05-21T00:28:50.904856
4a37492e-92f7-4796-9ff9-af0905d886e7,IN THE GREY,21cineplex,,26ITGY,"Action, Thriller",97 menit,13+,2D,2026-05-21,67b5c3a1-cb1c-4856-abb4-1239ca17fa15,2026-05-21T00:28:50.904917
4a37492e-92f7-4796-9ff9-af0905d886e7,GHOST IN THE CELL,21cineplex,,16GITC,"Comedy, Horror",106 menit,D17+,2D,2026-05-21,6a43ad68-43e9-40cc-97b3-0f6cef2bb7d5,2026-05-21T00:28:50.904948
4a37492e-92f7-4796-9ff9-af0905d886e7,GUDANG MERICA,21cineplex,,16GMEA,"Comedy, Horror",98 menit,D17+,2D,2026-05-21,4c0ed024-a4c5-439b-bd0e-9a5356746e80,2026-05-21T00:28:50.904993
4a37492e-92f7-4796-9ff9-af0905d886e7,KAMU HARUS MATI,21cineplex,,16KHMI,"Horror, Mystery, Thriller",90 menit,13+,2D,2026-05-21,ab36caaa-0f83-4c11-810b-ed64b3d570ee,2026-05-21T00:28:50.905066
4a37492e-92f7-4796-9ff9-af0905d886e7,BADUT GENDONG,21cineplex,,16BGEG,"Action, Horror",101 menit,D17+,2D,2026-05-27,6cb70cd4-4366-4e60-af1e-a68130f05bf2,2026-05-21T00:28:50.905145
4a37492e-92f7-4796-9ff9-af0905d886e7,SUAMIKU LUKAKU,21cineplex,,16SLUU,Drama,92 menit,D17+,2D,2026-05-27,4e2146ad-e910-4d0f-a285-eebfb03d478c,2026-05-21T00:28:50.905219
84768cff-0366-4d78-82a6-296afdb723c8,SEMUA AKAN BAIK-BAIK SAJA,21cineplex,,16SABB,Drama,113 menit,13+,2D,2026-05-21,a3a24cb0-9bea-459f-aa70-94f02d9b6cfb,2026-05-21T00:28:52.222550
84768cff-0366-4d78-82a6-296afdb723c8,TUMBAL PROYEK,21cineplex,,16TPRK,Horror,106 menit,D17+,2D,2026-05-21,faa0a8d9-8c3e-43c8-a058-96c31b0ec140,2026-05-21T00:28:52.223065
84768cff-0366-4d78-82a6-296afdb723c8,GHOST IN THE CELL,21cineplex,,16GITC,"Comedy, Horror",106 menit,D17+,2D,2026-05-21,9cc81fba-05c8-41bb-8852-1d312e91da52,2026-05-21T00:28:52.223445
84768cff-0366-4d78-82a6-296afdb723c8,GUDANG MERICA,21cineplex,,16GMEA,"Comedy, Horror",98 menit,D17+,2D,2026-05-21,4b7b3cd9-cd89-4ddd-8b1d-0770a5f8e5c1,2026-05-21T00:28:52.223731
84768cff-0366-4d78-82a6-296afdb723c8,YANG LAIN BOLEH HILANG ASAL KAU JANGAN,21cineplex,,16YLBH,Drama,113 menit,13+,2D,2026-05-21,edca4f90-ac80-4ec5-a792-6447b63c43fc,2026-05-21T00:28:52.224044
84768cff-0366-4d78-82a6-296afdb723c8,CHILDREN OF HEAVEN,21cineplex,,16COHN,"Drama, Family",97 menit,SU,2D,2026-05-27,ec3d001b-c37b-4928-aa5a-e782679adc97,2026-05-21T00:28:52.224189
84768cff-0366-4d78-82a6-296afdb723c8,BADUT GENDONG,21cineplex,,16BGEG,"Action, Horror",101 menit,D17+,2D,2026-05-27,4cfa7d12-42b3-45af-8473-295f5691b03a,2026-05-21T00:28:52.224403
84768cff-0366-4d78-82a6-296afdb723c8,SUAMIKU LUKAKU,21cineplex,,16SLUU,Drama,92 menit,D17+,2D,2026-05-27,3f83303d-ee8f-490b-861b-969ec2546bdb,2026-05-21T00:28:52.224639
68a241a0-a952-487d-8e35-54109841d9ec,SEMUA AKAN BAIK-BAIK SAJA,21cineplex,,16SABB,Drama,113 menit,13+,2D,2026-05-21,bf597259-465c-45de-a090-9a352c8996a0,2026-05-21T00:28:53.962101
68a241a0-a952-487d-8e35-54109841d9ec,THE SHEEP DETECTIVES,21cineplex,,26SDES,"Comedy, Mystery",109 menit,SU,2D,2026-05-21,4e45f6d1-c54e-435d-9aa7-5be3679d4feb,2026-05-21T00:28:53.962226
68a241a0-a952-487d-8e35-54109841d9ec,STAR WARS: THE MANDALORIAN AND GROGU,21cineplex,,26SWMG,"Fantasy, Sci-Fi",132 menit,13+,2D,2026-05-21,04fb1f32-7b45-4d64-a4da-d3906996ea2a,2026-05-21T00:28:53.962294
90e1756c-9bcf-426b-bc81-53c0ae84c1a8,GOHAN,21cineplex,,26GOHN,Drama,140 menit,SU,2D,2026-05-21,125fdcac-c483-4cba-a5bc-ffd3e3282130,2026-05-21T00:28:55.214832
90e1756c-9bcf-426b-bc81-53c0ae84c1a8,MORTAL KOMBAT II,21cineplex,,25MKT2,"Action, Adventure",116 menit,D17+,2D,2026-05-21,aa6de47a-7ae5-4527-9cef-6b978d53c90c,2026-05-21T00:28:55.215080
90e1756c-9bcf-426b-bc81-53c0ae84c1a8,FUZE,21cineplex,,26FUZE,"Action, Crime",96 menit,D17+,2D,2026-05-21,cb9bf8cb-39a3-4437-8dde-5b4f287a9bb6,2026-05-21T00:28:55.215348
90e1756c-9bcf-426b-bc81-53c0ae84c1a8,STAR WARS: THE MANDALORIAN AND GROGU,21cineplex,,26SWMG,"Fantasy, Sci-Fi",132 menit,13+,2D,2026-05-21,8f746b73-7185-4b7e-b3b6-a2159ed2fdc2,2026-05-21T00:28:55.215543
90e1756c-9bcf-426b-bc81-53c0ae84c1a8,SUNSHINE WOMEN'S CHOIR,21cineplex,,26SWCR,Drama,134 menit,13+,2D,2026-05-21,bdfcc5c9-93c7-47f7-9218-f2b94bf05fbe,2026-05-21T00:28:55.215773
f9259868-0100-4ef1-84cb-14aeff3528db,SEMUA AKAN BAIK-BAIK SAJA,21cineplex,,16SABB,Drama,113 menit,13+,2D,2026-05-21,90df104e-7aa4-4d99-bb8d-76b5acaba419,2026-05-21T00:28:58.222478
f9259868-0100-4ef1-84cb-14aeff3528db,STAR WARS: THE MANDALORIAN AND GROGU,21cineplex,,26SWMG,"Fantasy, Sci-Fi",132 menit,13+,2D,2026-05-21,ee6c4b94-3b55-40d6-9f76-a406d68fb71b,2026-05-21T00:28:58.222720
302bb04d-afbb-47a0-9a88-ab90ba8c801e,SEMUA AKAN BAIK-BAIK SAJA,21cineplex,,16SABB,Drama,113 menit,13+,2D,2026-05-21,c362b280-b6af-4ddd-8218-9ee8521b3390,2026-05-21T00:28:59.755255
302bb04d-afbb-47a0-9a88-ab90ba8c801e,GOHAN,21cineplex,,26GOHN,Drama,140 menit,SU,2D,2026-05-21,abf93819-66b0-4b8d-8811-f4b6c5aa76ba,2026-05-21T00:28:59.755575
302bb04d-afbb-47a0-9a88-ab90ba8c801e,IN THE GREY,21cineplex,,26ITGY,"Action, Thriller",97 menit,13+,2D,2026-05-21,30925e2f-75a0-47e3-abbd-bf569be0d029,2026-05-21T00:28:59.755766
302bb04d-afbb-47a0-9a88-ab90ba8c801e,GHOST IN THE CELL,21cineplex,,16GITC,"Comedy, Horror",106 menit,D17+,2D,2026-05-21,538f48a5-288c-4729-a56a-debdaac56205,2026-05-21T00:28:59.755900
302bb04d-afbb-47a0-9a88-ab90ba8c801e,STAR WARS: THE MANDALORIAN AND GROGU,21cineplex,,26SWMG,"Fantasy, Sci-Fi",132 menit,13+,2D,2026-05-21,7da0c00f-ed8f-44a0-9b9c-3b6b57793ce4,2026-05-21T00:28:59.756089
302bb04d-afbb-47a0-9a88-ab90ba8c801e,KELUARGA SUAMI ADALAH HAMA,21cineplex,,16KSAH,Drama,117 menit,13+,2D,2026-05-21,a4ec1dda-ac63-4445-a16c-1625ab6b8011,2026-05-21T00:28:59.756295
302bb04d-afbb-47a0-9a88-ab90ba8c801e,SEKAWAN LIMO 2: GUNUNG KLAWIH,21cineplex,,16SK2G,"Comedy, Horror",122 menit,13+,2D,2026-05-27,8dd7cab3-6ace-4fb3-a72c-f127dc4215f3,2026-05-21T00:28:59.756585
9596d09c-2f01-4ef7-a8a2-18f1e390b102,KELUARGA SUAMI ADALAH HAMA,21cineplex,,16KSAH,Drama,117 menit,13+,2D,2026-05-21,7b1afa20-fc22-43f4-a4ad-3b1f8c36a776,2026-05-21T00:29:04.245692
9596d09c-2f01-4ef7-a8a2-18f1e390b102,GUDANG MERICA,21cineplex,,16GMEA,"Comedy, Horror",98 menit,D17+,2D,2026-05-21,770c4107-2297-466b-9cff-04d5dfe06b71,2026-05-21T00:29:04.246036
9596d09c-2f01-4ef7-a8a2-18f1e390b102,TUMBAL PROYEK,21cineplex,,16TPRK,Horror,106 menit,D17+,2D,2026-05-21,38a9aac2-1529-4569-b956-22ff80aa2b24,2026-05-21T00:29:04.246336
9596d09c-2f01-4ef7-a8a2-18f1e390b102,GOHAN,21cineplex,,26GOHN,Drama,140 menit,SU,2D,2026-05-21,12800585-909d-4c95-93c1-a73c5efa7c64,2026-05-21T00:29:04.246697
9596d09c-2f01-4ef7-a8a2-18f1e390b102,IN THE GREY,21cineplex,,26ITGY,"Action, Thriller",97 menit,13+,2D,2026-05-21,51d9e73e-86db-4bb6-accc-5fdaf3fb9184,2026-05-21T00:29:04.246997
9596d09c-2f01-4ef7-a8a2-18f1e390b102,SEMUA AKAN BAIK-BAIK SAJA,21cineplex,,16SABB,Drama,113 menit,13+,2D,2026-05-21,0df7c060-de5e-48d7-aca9-92ca2103ec37,2026-05-21T00:29:04.247269
9596d09c-2f01-4ef7-a8a2-18f1e390b102,PEGASUS 3,21cineplex,,26PES3,"Action, Comedy",126 menit,13+,2D,2026-05-21,61d19724-e86b-4b0c-a4eb-6eadf75cf25d,2026-05-21T00:29:04.247650
9596d09c-2f01-4ef7-a8a2-18f1e390b102,STAR WARS: THE MANDALORIAN AND GROGU,21cineplex,,26SWMG,"Fantasy, Sci-Fi",132 menit,13+,2D,2026-05-21,dddd8dca-f349-4099-a919-2c28a9905b6f,2026-05-21T00:29:04.247851
9596d09c-2f01-4ef7-a8a2-18f1e390b102,SEKAWAN LIMO 2: GUNUNG KLAWIH,21cineplex,,16SK2G,"Comedy, Horror",122 menit,13+,2D,2026-05-27,07a9ba96-db91-4b8b-bcdc-4543c87b72fb,2026-05-21T00:29:04.248162
9596d09c-2f01-4ef7-a8a2-18f1e390b102,CHILDREN OF HEAVEN,21cineplex,,16COHN,"Drama, Family",97 menit,SU,2D,2026-05-27,5600eb5a-ae8d-4d26-aaa6-af833f8ed79a,2026-05-21T00:29:04.248533
d6097b99-cc04-4393-bb33-06c1c84af31a,TUMBAL PROYEK,21cineplex,,16TPRK,Horror,106 menit,D17+,2D,2026-05-21,2b2be4ae-32b4-48e3-837d-f9c8553585c8,2026-05-21T00:29:05.704508
d6097b99-cc04-4393-bb33-06c1c84af31a,KELUARGA SUAMI ADALAH HAMA,21cineplex,,16KSAH,Drama,117 menit,13+,2D,2026-05-21,a9d01411-cac0-46db-af0a-a498a07b7dbc,2026-05-21T00:29:05.704930
d6097b99-cc04-4393-bb33-06c1c84af31a,STAR WARS: THE MANDALORIAN AND GROGU,21cineplex,,26SWMG,"Fantasy, Sci-Fi",132 menit,13+,2D,2026-05-21,23f4b293-fcf0-4bcb-ac5c-507b33cf91ab,2026-05-21T00:29:05.705356
d6097b99-cc04-4393-bb33-06c1c84af31a,GOHAN,21cineplex,,26GOHN,Drama,140 menit,SU,2D,2026-05-21,1e8c0781-7e6c-4e09-86f6-7825223ddf41,2026-05-21T00:29:05.705594
d6097b99-cc04-4393-bb33-06c1c84af31a,SEKAWAN LIMO 2: GUNUNG KLAWIH,21cineplex,,16SK2G,"Comedy, Horror",122 menit,13+,2D,2026-05-27,e85f0eb8-ffee-425a-b36a-8183cc3c165c,2026-05-21T00:29:05.705839
d3a95899-03d9-4b23-948f-a7e6e31358a8,GHOST IN THE CELL,21cineplex,,16GITC,"Comedy, Horror",106 menit,D17+,2D,2026-05-21,ced0676e-dccb-44a7-998d-9ae42689ba2a,2026-05-21T00:29:07.235499
d3a95899-03d9-4b23-948f-a7e6e31358a8,SEMUA AKAN BAIK-BAIK SAJA,21cineplex,,16SABB,Drama,113 menit,13+,2D,2026-05-21,b79c6987-4866-4560-a43f-583b14af15a9,2026-05-21T00:29:07.235716
d3a95899-03d9-4b23-948f-a7e6e31358a8,KELUARGA SUAMI ADALAH HAMA,21cineplex,,16KSAH,Drama,117 menit,13+,2D,2026-05-21,0343efce-918a-44e0-a3d1-e213af968e32,2026-05-21T00:29:07.235939
d3a95899-03d9-4b23-948f-a7e6e31358a8,STAR WARS: THE MANDALORIAN AND GROGU,21cineplex,,26SWMG,"Fantasy, Sci-Fi",132 menit,13+,2D,2026-05-21,e90c3afe-8911-4391-92fd-9ee1a0501984,2026-05-21T00:29:07.236192
d3a95899-03d9-4b23-948f-a7e6e31358a8,TUMBAL PROYEK,21cineplex,,16TPRK,Horror,106 menit,D17+,2D,2026-05-21,03593bbd-bad1-41c4-8b93-aaa650dbcf5f,2026-05-21T00:29:07.236395
d3a95899-03d9-4b23-948f-a7e6e31358a8,GUDANG MERICA,21cineplex,,16GMEA,"Comedy, Horror",98 menit,D17+,2D,2026-05-21,0fe3f147-d1a5-41f4-ac7a-f35284b79326,2026-05-21T00:29:07.236641
d3a95899-03d9-4b23-948f-a7e6e31358a8,CHILDREN OF HEAVEN,21cineplex,,16COHN,"Drama, Family",97 menit,SU,2D,2026-05-27,14745f67-403e-460e-a026-1f792b5ef639,2026-05-21T00:29:07.236869
d3a95899-03d9-4b23-948f-a7e6e31358a8,SEKAWAN LIMO 2: GUNUNG KLAWIH,21cineplex,,16SK2G,"Comedy, Horror",122 menit,13+,2D,2026-05-27,38099482-0ffe-4752-885c-51b541b46b73,2026-05-21T00:29:07.237099
d3a95899-03d9-4b23-948f-a7e6e31358a8,SUAMIKU LUKAKU,21cineplex,,16SLUU,Drama,92 menit,D17+,2D,2026-05-27,a69b9176-6bd1-4f45-865a-daed5471f28a,2026-05-21T00:29:07.237316
4ada899f-b637-4eeb-85d2-f4c4cd5ea646,STAR WARS: THE MANDALORIAN AND GROGU,21cineplex,,26SWMG,"Fantasy, Sci-Fi",132 menit,13+,2D,2026-05-21,5bbf39d4-fde6-4508-82e2-fa4d1ae5bf57,2026-05-21T00:29:08.961918
4ada899f-b637-4eeb-85d2-f4c4cd5ea646,KELUARGA SUAMI ADALAH HAMA,21cineplex,,16KSAH,Drama,117 menit,13+,2D,2026-05-21,d8aca99c-e0af-4765-8c76-f35196ccddf5,2026-05-21T00:29:08.962087
4ada899f-b637-4eeb-85d2-f4c4cd5ea646,GUDANG MERICA,21cineplex,,16GMEA,"Comedy, Horror",98 menit,D17+,2D,2026-05-21,2357f929-4c2c-4b17-bf3a-c49500e20207,2026-05-21T00:29:08.962295
4ada899f-b637-4eeb-85d2-f4c4cd5ea646,TUMBAL PROYEK,21cineplex,,16TPRK,Horror,106 menit,D17+,2D,2026-05-21,3bfb17d4-2c0e-486a-8ff3-79c4cdb0f70f,2026-05-21T00:29:08.962449
4ada899f-b637-4eeb-85d2-f4c4cd5ea646,SEMUA AKAN BAIK-BAIK SAJA,21cineplex,,16SABB,Drama,113 menit,13+,2D,2026-05-21,22de2486-56e9-4f4a-9144-577e3498d219,2026-05-21T00:29:08.962607
4ada899f-b637-4eeb-85d2-f4c4cd5ea646,SEKAWAN LIMO 2: GUNUNG KLAWIH,21cineplex,,16SK2G,"Comedy, Horror",122 menit,13+,2D,2026-05-27,76f96427-058c-4bfb-8417-1b8ae125c071,2026-05-21T00:29:08.962769
1c9da89f-42f6-4130-8a9a-402e3e3bcf46,SEMUA AKAN BAIK-BAIK SAJA,21cineplex,,16SABB,Drama,113 menit,13+,2D,2026-05-21,e079cf23-10c8-4210-8c26-4175234d2391,2026-05-21T00:29:10.280284
1c9da89f-42f6-4130-8a9a-402e3e3bcf46,SUNSHINE WOMEN'S CHOIR,21cineplex,,26SWCR,Drama,134 menit,13+,2D,2026-05-21,e4c80cdd-3da7-4a37-bf9b-5d4cf08589ac,2026-05-21T00:29:10.280387
1c9da89f-42f6-4130-8a9a-402e3e3bcf46,MORTAL KOMBAT II,21cineplex,,25MKT2,"Action, Adventure",116 menit,D17+,2D,2026-05-21,b1acac68-951a-48ac-90bf-1d6a6129ddec,2026-05-21T00:29:10.280418
1c9da89f-42f6-4130-8a9a-402e3e3bcf46,MICHAEL,21cineplex,,26MICL,Biography,127 menit,SU,2D,2026-05-21,d4b6a4c9-48f4-4b03-94a1-0771282913fe,2026-05-21T00:29:10.280468
1c9da89f-42f6-4130-8a9a-402e3e3bcf46,GUDANG MERICA,21cineplex,,16GMEA,"Comedy, Horror",98 menit,D17+,2D,2026-05-21,03df680c-0cda-434f-9ccc-1317249962ef,2026-05-21T00:29:10.280523
1c9da89f-42f6-4130-8a9a-402e3e3bcf46,KELUARGA SUAMI ADALAH HAMA,21cineplex,,16KSAH,Drama,117 menit,13+,2D,2026-05-21,cdfb61fd-2e57-4229-962d-cc73b23e9219,2026-05-21T00:29:10.280583
1c9da89f-42f6-4130-8a9a-402e3e3bcf46,TUMBAL PROYEK,21cineplex,,16TPRK,Horror,106 menit,D17+,2D,2026-05-21,1f1a6caf-2041-4a09-90d2-e002a7063fd6,2026-05-21T00:29:10.280649
1c9da89f-42f6-4130-8a9a-402e3e3bcf46,KAMU HARUS MATI,21cineplex,,16KHMI,"Horror, Mystery, Thriller",90 menit,13+,2D,2026-05-21,73d12f3f-075a-4a08-98c3-85db8605975d,2026-05-21T00:29:10.280703
1c9da89f-42f6-4130-8a9a-402e3e3bcf46,STAR WARS: THE MANDALORIAN AND GROGU,21cineplex,,26SWMG,"Fantasy, Sci-Fi",132 menit,13+,3D,2026-05-21,bc5bb477-9d92-44c9-9404-87abbe785d76,2026-05-21T00:29:10.280775
1c9da89f-42f6-4130-8a9a-402e3e3bcf46,THE DEVIL WEARS PRADA 2,21cineplex,,26DWP2,"Comedy, Drama",119 menit,13+,2D,2026-05-21,7749efc1-58d3-429b-80f1-634cc42c6c17,2026-05-21T00:29:10.280837
1c9da89f-42f6-4130-8a9a-402e3e3bcf46,PEGASUS 3,21cineplex,,26PES3,"Action, Comedy",126 menit,13+,2D,2026-05-21,7172a444-2005-446c-9838-fc5f13c8922a,2026-05-21T00:29:10.280870
1c9da89f-42f6-4130-8a9a-402e3e3bcf46,GOHAN,21cineplex,,26GOHN,Drama,140 menit,SU,2D,2026-05-21,12429be5-1102-408b-b282-f78be63fd5c7,2026-05-21T00:29:10.280912
1c9da89f-42f6-4130-8a9a-402e3e3bcf46,GHOST IN THE CELL,21cineplex,,16GITC,"Comedy, Horror",106 menit,D17+,2D,2026-05-21,b49d796e-346a-4143-ac70-59e8f26732b7,2026-05-21T00:29:10.280966
1c9da89f-42f6-4130-8a9a-402e3e3bcf46,BADUT GENDONG,21cineplex,,16BGEG,"Action, Horror",101 menit,D17+,2D,2026-05-27,ecc6a317-963f-46c0-a350-65b416e5ac36,2026-05-21T00:29:10.281009
1c9da89f-42f6-4130-8a9a-402e3e3bcf46,SEKAWAN LIMO 2: GUNUNG KLAWIH,21cineplex,,16SK2G,"Comedy, Horror",122 menit,13+,2D,2026-05-27,7cd9fb9e-ff3f-4a85-8c6d-80136d378e93,2026-05-21T00:29:10.281067
5464e1af-2638-4a49-8b30-69504cef2df8,SEMUA AKAN BAIK-BAIK SAJA,21cineplex,,16SABB,Drama,113 menit,13+,2D,2026-05-21,53991277-f5ec-48eb-ba6c-2a4d6b78950c,2026-05-21T00:29:14.961226
5464e1af-2638-4a49-8b30-69504cef2df8,MICHAEL,21cineplex,,26MICL,Biography,127 menit,SU,2D,2026-05-21,22271e69-6f1a-4327-886c-76a39eeb161a,2026-05-21T00:29:14.961812
5464e1af-2638-4a49-8b30-69504cef2df8,GUDANG MERICA,21cineplex,,16GMEA,"Comedy, Horror",98 menit,D17+,2D,2026-05-21,16063d30-cfc5-49bd-aa74-da442e7ad1eb,2026-05-21T00:29:14.962127
5464e1af-2638-4a49-8b30-69504cef2df8,TUMBAL PROYEK,21cineplex,,16TPRK,Horror,106 menit,D17+,2D,2026-05-21,ef4c0c0b-8490-4f1e-b6f2-8dc3b57bad14,2026-05-21T00:29:14.962481
5464e1af-2638-4a49-8b30-69504cef2df8,GOHAN,21cineplex,,26GOHN,Drama,140 menit,SU,2D,2026-05-21,d36a4e44-9d3a-44b5-bb80-a096478fc9a7,2026-05-21T00:29:14.962623
5464e1af-2638-4a49-8b30-69504cef2df8,STAR WARS: THE MANDALORIAN AND GROGU,21cineplex,,26SWMG,"Fantasy, Sci-Fi",132 menit,13+,3D,2026-05-21,c98c154f-5912-4e70-8452-d3355915836e,2026-05-21T00:29:14.962750
5464e1af-2638-4a49-8b30-69504cef2df8,SEKAWAN LIMO 2: GUNUNG KLAWIH,21cineplex,,16SK2G,"Comedy, Horror",122 menit,13+,2D,2026-05-27,fa1ee29d-e80f-45fb-8ebe-50aca4953aff,2026-05-21T00:29:14.963060
5464e1af-2638-4a49-8b30-69504cef2df8,BADUT GENDONG,21cineplex,,16BGEG,"Action, Horror",101 menit,D17+,2D,2026-05-27,f32defe3-c860-4a6f-a409-5f70d7000d9e,2026-05-21T00:29:14.963370
fccea7bc-1ecd-4b34-804c-13dd4a5f433e,KELUARGA SUAMI ADALAH HAMA,21cineplex,,16KSAH,Drama,117 menit,13+,2D,2026-05-21,12ad32bd-cb38-46d1-89be-222b5cd52bca,2026-05-21T00:29:17.748312
fccea7bc-1ecd-4b34-804c-13dd4a5f433e,GUDANG MERICA,21cineplex,,16GMEA,"Comedy, Horror",98 menit,D17+,2D,2026-05-21,30407f92-6936-4da1-9837-dd7cfe53e995,2026-05-21T00:29:17.748666
fccea7bc-1ecd-4b34-804c-13dd4a5f433e,GHOST IN THE CELL,21cineplex,,16GITC,"Comedy, Horror",106 menit,D17+,2D,2026-05-21,d13a3163-a2bd-4824-9e06-a0eef29b1bdf,2026-05-21T00:29:17.748810
fccea7bc-1ecd-4b34-804c-13dd4a5f433e,STAR WARS: THE MANDALORIAN AND GROGU,21cineplex,,26SWMG,"Fantasy, Sci-Fi",132 menit,13+,2D,2026-05-21,cc56f72b-5a9e-420c-bb01-a2f6882bd0cb,2026-05-21T00:29:17.748998
fccea7bc-1ecd-4b34-804c-13dd4a5f433e,SEMUA AKAN BAIK-BAIK SAJA,21cineplex,,16SABB,Drama,113 menit,13+,2D,2026-05-21,12fc66e6-3b2e-4043-8e82-334769417091,2026-05-21T00:29:17.749177
fccea7bc-1ecd-4b34-804c-13dd4a5f433e,KAMU HARUS MATI,21cineplex,,16KHMI,"Horror, Mystery, Thriller",90 menit,13+,2D,2026-05-21,dbce2dd7-3e71-4b0d-bfd9-2fbbc7782cd7,2026-05-21T00:29:17.749467
fccea7bc-1ecd-4b34-804c-13dd4a5f433e,TUMBAL PROYEK,21cineplex,,16TPRK,Horror,106 menit,D17+,2D,2026-05-21,b816ab1f-508a-467d-bb1f-cdef4c788167,2026-05-21T00:29:17.749696
fccea7bc-1ecd-4b34-804c-13dd4a5f433e,SEKAWAN LIMO 2: GUNUNG KLAWIH,21cineplex,,16SK2G,"Comedy, Horror",122 menit,13+,2D,2026-05-27,c41578ee-2356-4bfa-bc1a-04fb20af3828,2026-05-21T00:29:17.749895
fccea7bc-1ecd-4b34-804c-13dd4a5f433e,CHILDREN OF HEAVEN,21cineplex,,16COHN,"Drama, Family",97 menit,SU,2D,2026-05-27,7e0689aa-bd59-4ff1-b5df-f555f4ce6301,2026-05-21T00:29:17.750081
058c1b14-ec92-4544-bc87-42fbc8b8196f,STAR WARS: THE MANDALORIAN AND GROGU,21cineplex,,26SWMG,"Fantasy, Sci-Fi",132 menit,13+,2D,2026-05-21,27af8c05-0c49-4a11-a168-15b0e6cd7b04,2026-05-21T00:29:20.921206
058c1b14-ec92-4544-bc87-42fbc8b8196f,SEMUA AKAN BAIK-BAIK SAJA,21cineplex,,16SABB,Drama,113 menit,13+,2D,2026-05-21,0b6c40e0-9906-47b3-8b2e-b8b4106b0710,2026-05-21T00:29:20.921319
058c1b14-ec92-4544-bc87-42fbc8b8196f,TUMBAL PROYEK,21cineplex,,16TPRK,Horror,106 menit,D17+,2D,2026-05-21,93f7e075-5698-4334-b5e7-a32811471ff9,2026-05-21T00:29:20.921438
058c1b14-ec92-4544-bc87-42fbc8b8196f,GUDANG MERICA,21cineplex,,16GMEA,"Comedy, Horror",98 menit,D17+,2D,2026-05-21,e508db09-a156-4715-91d5-27aa4b4be45c,2026-05-21T00:29:20.921529
058c1b14-ec92-4544-bc87-42fbc8b8196f,CHILDREN OF HEAVEN,21cineplex,,16COHN,"Drama, Family",97 menit,SU,2D,2026-05-27,99e8516f-a63d-495c-91f1-b89472b56e6b,2026-05-21T00:29:20.921623
058c1b14-ec92-4544-bc87-42fbc8b8196f,SUAMIKU LUKAKU,21cineplex,,16SLUU,Drama,92 menit,D17+,2D,2026-05-27,e795fe68-679e-45fd-b6b0-44266ca5860a,2026-05-21T00:29:20.921712
ff8c47df-ed84-4fa0-a7ce-9745b8fea43b,STAR WARS: THE MANDALORIAN AND GROGU,21cineplex,,26SWMG,"Fantasy, Sci-Fi",132 menit,13+,2D,2026-05-21,c87892c9-b7fc-4427-805b-90906085b99a,2026-05-21T00:29:22.236503
ff8c47df-ed84-4fa0-a7ce-9745b8fea43b,GOHAN,21cineplex,,26GOHN,Drama,140 menit,SU,2D,2026-05-21,a3c4e3dd-86c0-4556-8a77-b7e514bd967a,2026-05-21T00:29:22.236762
ff8c47df-ed84-4fa0-a7ce-9745b8fea43b,TUMBAL PROYEK,21cineplex,,16TPRK,Horror,106 menit,D17+,2D,2026-05-21,fe9ba1ef-8976-4753-bc66-2895aedcbb77,2026-05-21T00:29:22.237019
ff8c47df-ed84-4fa0-a7ce-9745b8fea43b,KELUARGA SUAMI ADALAH HAMA,21cineplex,,16KSAH,Drama,117 menit,13+,2D,2026-05-21,eadf447b-0380-4bd8-b5fe-6ea25faa11cf,2026-05-21T00:29:22.237314
ff8c47df-ed84-4fa0-a7ce-9745b8fea43b,SEMUA AKAN BAIK-BAIK SAJA,21cineplex,,16SABB,Drama,113 menit,13+,2D,2026-05-21,357b5387-626f-45f9-a642-a20d4656b23f,2026-05-21T00:29:22.237608
ff8c47df-ed84-4fa0-a7ce-9745b8fea43b,SEKAWAN LIMO 2: GUNUNG KLAWIH,21cineplex,,16SK2G,"Comedy, Horror",122 menit,13+,2D,2026-05-27,ad34a811-b452-49e0-a795-b45f46b04c24,2026-05-21T00:29:22.237883
0023b4ad-75e3-4f84-9cde-ede7276d9552,THE DEVIL WEARS PRADA 2,21cineplex,,26DWP2,"Comedy, Drama",119 menit,13+,2D,2026-05-21,16e290d7-ceb0-414a-bcb8-60153624e2e1,2026-05-21T00:29:23.763196
0023b4ad-75e3-4f84-9cde-ede7276d9552,STAR WARS: THE MANDALORIAN AND GROGU,21cineplex,,26SWMG,"Fantasy, Sci-Fi",132 menit,13+,2D,2026-05-21,dcc50b02-2b70-4501-b2ef-0ed50cbcecd2,2026-05-21T00:29:23.763699
0023b4ad-75e3-4f84-9cde-ede7276d9552,GOHAN,21cineplex,,26GOHN,Drama,140 menit,SU,2D,2026-05-21,c6423c4d-ab56-427b-b65a-2892b75ac5b7,2026-05-21T00:29:23.764010
0023b4ad-75e3-4f84-9cde-ede7276d9552,MICHAEL,21cineplex,,26MICL,Biography,127 menit,SU,2D,2026-05-21,25d9d739-fb22-457a-a844-f9303f79c0bc,2026-05-21T00:29:23.764233
0023b4ad-75e3-4f84-9cde-ede7276d9552,MORTAL KOMBAT II,21cineplex,,25MKT2,"Action, Adventure",116 menit,D17+,2D,2026-05-21,e8ba062d-dd57-40ed-b0db-030774852cb8,2026-05-21T00:29:23.764482
0023b4ad-75e3-4f84-9cde-ede7276d9552,SEMUA AKAN BAIK-BAIK SAJA,21cineplex,,16SABB,Drama,113 menit,13+,2D,2026-05-21,205d7cd6-250b-4f4a-9f70-49cde000268e,2026-05-21T00:29:23.764712
0023b4ad-75e3-4f84-9cde-ede7276d9552,SALMOKJI: WHISPERING WATER,21cineplex,,26SWWR,Horror,95 menit,D17+,2D,2026-05-21,aea50b33-2c7a-4144-ba51-94d57f8b479a,2026-05-21T00:29:23.765044
0023b4ad-75e3-4f84-9cde-ede7276d9552,KELUARGA SUAMI ADALAH HAMA,21cineplex,,16KSAH,Drama,117 menit,13+,2D,2026-05-21,797e42bb-6edf-412a-88fc-63e8a043cb03,2026-05-21T00:29:23.765221
0023b4ad-75e3-4f84-9cde-ede7276d9552,GHOST IN THE CELL,21cineplex,,16GITC,"Comedy, Horror",106 menit,D17+,2D,2026-05-21,cad69270-2257-4300-bcbd-a7e7520f358c,2026-05-21T00:29:23.765605
0023b4ad-75e3-4f84-9cde-ede7276d9552,IN THE GREY,21cineplex,,26ITGY,"Action, Thriller",97 menit,13+,2D,2026-05-21,9b5e630f-60fa-450c-9f74-acab4f588941,2026-05-21T00:29:23.765783
0023b4ad-75e3-4f84-9cde-ede7276d9552,SUNSHINE WOMEN'S CHOIR,21cineplex,,26SWCR,Drama,134 menit,13+,2D,2026-05-21,b1e70bbf-99c0-467c-ac6f-5e8c25f161be,2026-05-21T00:29:23.766005
0023b4ad-75e3-4f84-9cde-ede7276d9552,SEKAWAN LIMO 2: GUNUNG KLAWIH,21cineplex,,16SK2G,"Comedy, Horror",122 menit,13+,2D,2026-05-27,6d7c61d7-cc38-4256-93a3-04d0a43a5356,2026-05-21T00:29:23.766187
9db5f7bb-5f00-4c25-904c-7593359b2060,GUDANG MERICA,21cineplex,,16GMEA,"Comedy, Horror",98 menit,D17+,2D,2026-05-21,0b10d756-1a32-467f-8bfe-c83ab4d1bbb8,2026-05-21T00:29:27.021526
9db5f7bb-5f00-4c25-904c-7593359b2060,LEE CRONIN'S THE MUMMY,21cineplex,,26LCTM,Horror,134 menit,D17+,2D,2026-05-21,b0a03347-df6b-4e1e-9396-aeb0935fc757,2026-05-21T00:29:27.021694
9db5f7bb-5f00-4c25-904c-7593359b2060,MICHAEL,21cineplex,,26MICL,Biography,127 menit,SU,2D,2026-05-21,c05f42bf-73f6-43dc-9cf9-067f2ebd40c1,2026-05-21T00:29:27.021819
9db5f7bb-5f00-4c25-904c-7593359b2060,THE SHEEP DETECTIVES,21cineplex,,26SDES,"Comedy, Mystery",109 menit,SU,2D,2026-05-21,0d6a8d8f-af99-47fe-98fa-4c46f7e2ae34,2026-05-21T00:29:27.021918
9db5f7bb-5f00-4c25-904c-7593359b2060,SALMOKJI: WHISPERING WATER,21cineplex,,26SWWR,Horror,95 menit,D17+,2D,2026-05-21,b7ab61fb-f2af-4d78-af68-f05888317148,2026-05-21T00:29:27.021996
9db5f7bb-5f00-4c25-904c-7593359b2060,THE DEVIL WEARS PRADA 2,21cineplex,,26DWP2,"Comedy, Drama",119 menit,13+,2D,2026-05-21,6aa9504c-4357-4c8c-95bc-5a38466fba8b,2026-05-21T00:29:27.022268
9db5f7bb-5f00-4c25-904c-7593359b2060,STAR WARS: THE MANDALORIAN AND GROGU,21cineplex,,26SWMG,"Fantasy, Sci-Fi",132 menit,13+,2D,2026-05-21,2d8fe3ee-5b9b-4d82-889f-00e6cc67c4b0,2026-05-21T00:29:27.022344
9db5f7bb-5f00-4c25-904c-7593359b2060,BADUT GENDONG,21cineplex,,16BGEG,"Action, Horror",101 menit,D17+,2D,2026-05-27,8b5c17a0-9b8e-42c9-9bb1-8dc7599324a3,2026-05-21T00:29:27.022448
4ab8b5e8-c07a-49ba-a11c-9a623cc7a840,TUMBAL PROYEK,21cineplex,,16TPRK,Horror,106 menit,D17+,2D,2026-05-21,fbbb67df-e277-4f60-a1a0-682dd4e51261,2026-05-21T00:29:29.731173
4ab8b5e8-c07a-49ba-a11c-9a623cc7a840,GHOST IN THE CELL,21cineplex,,16GITC,"Comedy, Horror",106 menit,D17+,2D,2026-05-21,5ae8065c-8891-4254-b1ca-95e95fbf2b24,2026-05-21T00:29:29.731605
4ab8b5e8-c07a-49ba-a11c-9a623cc7a840,SEMUA AKAN BAIK-BAIK SAJA,21cineplex,,16SABB,Drama,113 menit,13+,2D,2026-05-21,0eb080ab-741e-4eb6-a97c-499fe636fef3,2026-05-21T00:29:29.731792
4ab8b5e8-c07a-49ba-a11c-9a623cc7a840,GUDANG MERICA,21cineplex,,16GMEA,"Comedy, Horror",98 menit,D17+,2D,2026-05-21,08149cc3-3fe2-4447-8a3a-4284a4aa0e19,2026-05-21T00:29:29.732024
4ab8b5e8-c07a-49ba-a11c-9a623cc7a840,YANG LAIN BOLEH HILANG ASAL KAU JANGAN,21cineplex,,16YLBH,Drama,113 menit,13+,2D,2026-05-21,cee53576-b4f3-41eb-90a8-46e26d8e21ad,2026-05-21T00:29:29.732297
4ab8b5e8-c07a-49ba-a11c-9a623cc7a840,STAR WARS: THE MANDALORIAN AND GROGU,21cineplex,,26SWMG,"Fantasy, Sci-Fi",132 menit,13+,2D,2026-05-21,b75f5f72-a3cc-4331-8d8a-dc6bf09a1925,2026-05-21T00:29:29.732504
4ab8b5e8-c07a-49ba-a11c-9a623cc7a840,BADUT GENDONG,21cineplex,,16BGEG,"Action, Horror",101 menit,D17+,2D,2026-05-27,46bfc758-23f3-4900-ab54-b475039abd08,2026-05-21T00:29:29.732665
ea690391-4136-4855-9a67-8466b5622c1a,TUMBAL PROYEK,21cineplex,,16TPRK,Horror,106 menit,D17+,2D,2026-05-21,9ae4edcd-820c-453f-966f-1ac6df806b99,2026-05-21T00:29:31.352594
ea690391-4136-4855-9a67-8466b5622c1a,SEMUA AKAN BAIK-BAIK SAJA,21cineplex,,16SABB,Drama,113 menit,13+,2D,2026-05-21,aa2ecd1f-afea-450b-9768-9450bf4edab5,2026-05-21T00:29:31.352722
ea690391-4136-4855-9a67-8466b5622c1a,KAMU HARUS MATI,21cineplex,,16KHMI,"Horror, Mystery, Thriller",90 menit,13+,2D,2026-05-21,d4040d01-b639-4c48-b507-a66796038eb8,2026-05-21T00:29:31.352842
ea690391-4136-4855-9a67-8466b5622c1a,GUDANG MERICA,21cineplex,,16GMEA,"Comedy, Horror",98 menit,D17+,2D,2026-05-21,73513b24-81d2-4057-bf15-c783dafe52f8,2026-05-21T00:29:31.352948
ea690391-4136-4855-9a67-8466b5622c1a,KELUARGA SUAMI ADALAH HAMA,21cineplex,,16KSAH,Drama,117 menit,13+,2D,2026-05-21,ca238861-064b-4d88-8320-7bada0d1213d,2026-05-21T00:29:31.353059
ea690391-4136-4855-9a67-8466b5622c1a,SUAMIKU LUKAKU,21cineplex,,16SLUU,Drama,92 menit,D17+,2D,2026-05-27,bf1b0d93-dda0-4a38-8165-d14493ff9ef7,2026-05-21T00:29:31.353164
ea690391-4136-4855-9a67-8466b5622c1a,SEKAWAN LIMO 2: GUNUNG KLAWIH,21cineplex,,16SK2G,"Comedy, Horror",122 menit,13+,2D,2026-05-27,0324fdd5-b7b8-42f6-b088-427827ce35cf,2026-05-21T00:29:31.353269
ea690391-4136-4855-9a67-8466b5622c1a,CHILDREN OF HEAVEN,21cineplex,,16COHN,"Drama, Family",97 menit,SU,2D,2026-05-27,e71d991e-ec44-4da2-801b-366cfc08263a,2026-05-21T00:29:31.353362
154f346e-0140-44a9-b15f-05c7562a8b51,GUDANG MERICA,21cineplex,,16GMEA,"Comedy, Horror",98 menit,D17+,2D,2026-05-21,9f14608c-aee1-41f9-a568-53fce16321a9,2026-05-21T00:29:32.938710
154f346e-0140-44a9-b15f-05c7562a8b51,STAR WARS: THE MANDALORIAN AND GROGU,21cineplex,,26SWMG,"Fantasy, Sci-Fi",132 menit,13+,2D,2026-05-21,b1069657-5fd8-47ab-8476-9154e1b01e8e,2026-05-21T00:29:32.939019
154f346e-0140-44a9-b15f-05c7562a8b51,MICHAEL,21cineplex,,26MICL,Biography,127 menit,SU,2D,2026-05-21,c64ee11b-a70c-4cdd-a481-799f46e026a5,2026-05-21T00:29:32.939087
154f346e-0140-44a9-b15f-05c7562a8b51,SEMUA AKAN BAIK-BAIK SAJA,21cineplex,,16SABB,Drama,113 menit,13+,2D,2026-05-21,09d000f0-86ea-497f-ad8e-25508403fc87,2026-05-21T00:29:32.939164
154f346e-0140-44a9-b15f-05c7562a8b51,BADUT GENDONG,21cineplex,,16BGEG,"Action, Horror",101 menit,D17+,2D,2026-05-27,f82b067b-f692-4245-8e7d-46f834606b03,2026-05-21T00:29:32.939277
c6079b40-a5d0-4de8-a834-3498453ebf37,TUMBAL PROYEK,21cineplex,,16TPRK,Horror,106 menit,D17+,2D,2026-05-21,f1820ed6-f95a-4437-98b9-c3948ebb073c,2026-05-21T00:29:35.955867
c6079b40-a5d0-4de8-a834-3498453ebf37,GOHAN,21cineplex,,26GOHN,Drama,140 menit,SU,2D,2026-05-21,ffcb122e-f6b7-4664-8e3e-83385c7a66d4,2026-05-21T00:29:35.955995
c6079b40-a5d0-4de8-a834-3498453ebf37,MICHAEL,21cineplex,,26MICL,Biography,127 menit,SU,2D,2026-05-21,0d0a5483-4bcb-4750-8b7c-0186a07a844a,2026-05-21T00:29:35.956062
c6079b40-a5d0-4de8-a834-3498453ebf37,STAR WARS: THE MANDALORIAN AND GROGU,21cineplex,,26SWMG,"Fantasy, Sci-Fi",132 menit,13+,2D,2026-05-21,d82c5350-5c61-45c3-806d-77c152702a13,2026-05-21T00:29:35.956148
c6079b40-a5d0-4de8-a834-3498453ebf37,SEMUA AKAN BAIK-BAIK SAJA,21cineplex,,16SABB,Drama,113 menit,13+,2D,2026-05-21,1a568dfd-a7d7-45c5-b781-d3dbb6b7bb78,2026-05-21T00:29:35.956231
c6079b40-a5d0-4de8-a834-3498453ebf37,KELUARGA SUAMI ADALAH HAMA,21cineplex,,16KSAH,Drama,117 menit,13+,2D,2026-05-21,4b66af96-b87d-483d-9f4c-442708d7881c,2026-05-21T00:29:35.956310
c6079b40-a5d0-4de8-a834-3498453ebf37,BADUT GENDONG,21cineplex,,16BGEG,"Action, Horror",101 menit,D17+,2D,2026-05-27,f50d7918-e56c-46af-a0e3-60c3b6641f5c,2026-05-21T00:29:35.956416
7cbdcf14-c5cf-49b5-9a34-6d3db1f2cdf4,KAMU HARUS MATI,21cineplex,,16KHMI,"Horror, Mystery, Thriller",90 menit,13+,2D,2026-05-21,ee94b2c7-7686-489c-9fc7-6869247358cf,2026-05-21T00:29:38.960003
7cbdcf14-c5cf-49b5-9a34-6d3db1f2cdf4,SEMUA AKAN BAIK-BAIK SAJA,21cineplex,,16SABB,Drama,113 menit,13+,2D,2026-05-21,93e9c0df-9b9e-4806-940b-f64cf51f16e3,2026-05-21T00:29:38.960245
7cbdcf14-c5cf-49b5-9a34-6d3db1f2cdf4,STAR WARS: THE MANDALORIAN AND GROGU,21cineplex,,26SWMG,"Fantasy, Sci-Fi",132 menit,13+,2D,2026-05-21,74fd258b-97c6-4f2b-875c-29f63fdbb27d,2026-05-21T00:29:38.960376
7cbdcf14-c5cf-49b5-9a34-6d3db1f2cdf4,TUMBAL PROYEK,21cineplex,,16TPRK,Horror,106 menit,D17+,2D,2026-05-21,5547fd19-d9c8-4067-b1d7-bdf0c77a520c,2026-05-21T00:29:38.960469
7cbdcf14-c5cf-49b5-9a34-6d3db1f2cdf4,GUDANG MERICA,21cineplex,,16GMEA,"Comedy, Horror",98 menit,D17+,2D,2026-05-21,6f9ef026-62bb-41ce-bd58-1c2950b6efc2,2026-05-21T00:29:38.960627
7cbdcf14-c5cf-49b5-9a34-6d3db1f2cdf4,BADUT GENDONG,21cineplex,,16BGEG,"Action, Horror",101 menit,D17+,2D,2026-05-27,999eece1-bf58-4ff3-bf88-166a39614b24,2026-05-21T00:29:38.960792
7cbdcf14-c5cf-49b5-9a34-6d3db1f2cdf4,SEKAWAN LIMO 2: GUNUNG KLAWIH,21cineplex,,16SK2G,"Comedy, Horror",122 menit,13+,2D,2026-05-27,d25e8f16-5a62-4b2a-aba7-989208149d85,2026-05-21T00:29:38.960962
f8243745-5700-4570-9ee3-94edabf14ef8,STAR WARS: THE MANDALORIAN AND GROGU,21cineplex,,26SWMG,"Fantasy, Sci-Fi",132 menit,13+,2D,2026-05-21,dec1f275-49ee-4581-ae1d-28f15a33412a,2026-05-21T00:29:40.224634
f8243745-5700-4570-9ee3-94edabf14ef8,IN THE GREY,21cineplex,,26ITGY,"Action, Thriller",97 menit,13+,2D,2026-05-21,48a575ff-c9b0-43b5-bc35-7fdc85e64327,2026-05-21T00:29:40.224704
f8243745-5700-4570-9ee3-94edabf14ef8,GOHAN,21cineplex,,26GOHN,Drama,140 menit,SU,2D,2026-05-21,1642fc8e-d530-4ca8-af05-aa0da72d3685,2026-05-21T00:29:40.224741
f8243745-5700-4570-9ee3-94edabf14ef8,MICHAEL,21cineplex,,26MICL,Biography,127 menit,SU,2D,2026-05-21,a873ab94-9389-40d3-8765-1e408ed936d3,2026-05-21T00:29:40.224777
f8243745-5700-4570-9ee3-94edabf14ef8,SEMUA AKAN BAIK-BAIK SAJA,21cineplex,,16SABB,Drama,113 menit,13+,2D,2026-05-21,852d848a-ca2a-4dd8-a599-f421a60d4ce5,2026-05-21T00:29:40.224812
f8243745-5700-4570-9ee3-94edabf14ef8,THE DEVIL WEARS PRADA 2,21cineplex,,26DWP2,"Comedy, Drama",119 menit,13+,2D,2026-05-21,39bd1f6a-9f47-4c6c-888a-96f8dea76fc7,2026-05-21T00:29:40.224864
d8709476-2f60-41c5-9b4c-3c2fdde4e24b,FUZE,21cineplex,,26FUZE,"Action, Crime",96 menit,D17+,2D,2026-05-21,9a6ec3d5-cbdb-4ec6-8682-5b9f1624ce09,2026-05-21T00:29:43.280322
d8709476-2f60-41c5-9b4c-3c2fdde4e24b,PROJECT HAIL MARY,21cineplex,,26PHMY,Sci-Fi,157 menit,13+,2D,2026-05-21,57b28d73-fe29-463a-83bb-d9c18ea43abd,2026-05-21T00:29:43.280686
d8709476-2f60-41c5-9b4c-3c2fdde4e24b,STAR WARS: THE MANDALORIAN AND GROGU,21cineplex,,26SWMG,"Fantasy, Sci-Fi",132 menit,13+,2D,2026-05-21,31fb6cf7-41ca-4d41-90b5-aac1785722a7,2026-05-21T00:29:43.280889
d8709476-2f60-41c5-9b4c-3c2fdde4e24b,GHOST IN THE CELL,21cineplex,,16GITC,"Comedy, Horror",106 menit,D17+,2D,2026-05-21,a3f1964a-39c4-4352-a6a1-551e0c489fcf,2026-05-21T00:29:43.281091
d8709476-2f60-41c5-9b4c-3c2fdde4e24b,MICHAEL,21cineplex,,26MICL,Biography,127 menit,SU,2D,2026-05-21,a71ebe8a-5919-4a61-bc59-f5f8f2538fad,2026-05-21T00:29:43.281241
d8709476-2f60-41c5-9b4c-3c2fdde4e24b,GUDANG MERICA,21cineplex,,16GMEA,"Comedy, Horror",98 menit,D17+,2D,2026-05-21,e9f67da3-c02c-4b6d-ab50-22957b6b9e76,2026-05-21T00:29:43.281431
d8709476-2f60-41c5-9b4c-3c2fdde4e24b,SEMUA AKAN BAIK-BAIK SAJA,21cineplex,,16SABB,Drama,113 menit,13+,2D,2026-05-21,6d8b3a46-a411-4016-b47b-cf561ff2ddac,2026-05-21T00:29:43.281651
d8709476-2f60-41c5-9b4c-3c2fdde4e24b,THE DEVIL WEARS PRADA 2,21cineplex,,26DWP2,"Comedy, Drama",119 menit,13+,2D,2026-05-21,993a7db5-bf9f-45b0-a9ae-9d8894d096e6,2026-05-21T00:29:43.281900
d8709476-2f60-41c5-9b4c-3c2fdde4e24b,KELUARGA SUAMI ADALAH HAMA,21cineplex,,16KSAH,Drama,117 menit,13+,2D,2026-05-21,04f5ce6c-946a-4132-b866-3a0165c3cd55,2026-05-21T00:29:43.282074
d8709476-2f60-41c5-9b4c-3c2fdde4e24b,BADUT GENDONG,21cineplex,,16BGEG,"Action, Horror",101 menit,D17+,2D,2026-05-27,385070b9-ca2e-4b7b-9015-4ed8914c4612,2026-05-21T00:29:43.282306
d8709476-2f60-41c5-9b4c-3c2fdde4e24b,SEKAWAN LIMO 2: GUNUNG KLAWIH,21cineplex,,16SK2G,"Comedy, Horror",122 menit,13+,2D,2026-05-27,9608e0d1-18ac-47b8-b182-d60355dd2f32,2026-05-21T00:29:43.282526
001a5e6e-2fe7-42a7-9ba6-17dde440501d,GOHAN,21cineplex,,26GOHN,Drama,140 menit,SU,2D,2026-05-21,7bb90d3e-3795-4c12-966b-d4c8cad91fdb,2026-05-21T00:29:46.216697
001a5e6e-2fe7-42a7-9ba6-17dde440501d,THE DEVIL WEARS PRADA 2,21cineplex,,26DWP2,"Comedy, Drama",119 menit,13+,2D,2026-05-21,0b034225-1cd0-4118-ba59-c4112b1228ef,2026-05-21T00:29:46.216843
001a5e6e-2fe7-42a7-9ba6-17dde440501d,STAR WARS: THE MANDALORIAN AND GROGU,21cineplex,,26SWMG,"Fantasy, Sci-Fi",132 menit,13+,2D,2026-05-21,994d8be6-a40f-4dc8-9900-ac6857cf2556,2026-05-21T00:29:46.216959
001a5e6e-2fe7-42a7-9ba6-17dde440501d,IN THE GREY,21cineplex,,26ITGY,"Action, Thriller",97 menit,13+,2D,2026-05-21,bfba2698-646d-4930-9fa2-473c4dff4e93,2026-05-21T00:29:46.217091
001a5e6e-2fe7-42a7-9ba6-17dde440501d,MICHAEL,21cineplex,,26MICL,Biography,127 menit,SU,2D,2026-05-21,182671bb-70b2-405e-b130-b911576f841e,2026-05-21T00:29:46.217200
3a95e6ec-5348-43cd-84cd-31f130a67aec,MICHAEL,21cineplex,,26MICL,Biography,127 menit,SU,2D,2026-05-21,c1155f24-fcf5-42eb-a48f-8aa292a724ca,2026-05-21T00:29:49.271960
3a95e6ec-5348-43cd-84cd-31f130a67aec,TUMBAL PROYEK,21cineplex,,16TPRK,Horror,106 menit,D17+,2D,2026-05-21,0cdf19ff-2cfb-4513-85fe-b12d2e2ef0ab,2026-05-21T00:29:49.272184
3a95e6ec-5348-43cd-84cd-31f130a67aec,STAR WARS: THE MANDALORIAN AND GROGU,21cineplex,,26SWMG,"Fantasy, Sci-Fi",132 menit,13+,3D,2026-05-21,f653689f-4d7e-4934-ac4c-6c0a11045cb7,2026-05-21T00:29:49.272402
3a95e6ec-5348-43cd-84cd-31f130a67aec,GOHAN,21cineplex,,26GOHN,Drama,140 menit,SU,2D,2026-05-21,5fde4687-dd35-4162-a97d-8c33d8c6d666,2026-05-21T00:29:49.272629
3a95e6ec-5348-43cd-84cd-31f130a67aec,GUDANG MERICA,21cineplex,,16GMEA,"Comedy, Horror",98 menit,D17+,2D,2026-05-21,1a73a8d6-26ac-45f8-8274-c0aef597a623,2026-05-21T00:29:49.272807
3a95e6ec-5348-43cd-84cd-31f130a67aec,IN THE GREY,21cineplex,,26ITGY,"Action, Thriller",97 menit,13+,2D,2026-05-21,35fbf454-966e-4aa3-958d-79fdba5b01f5,2026-05-21T00:29:49.273030
3a95e6ec-5348-43cd-84cd-31f130a67aec,PEGASUS 3,21cineplex,,26PES3,"Action, Comedy",126 menit,13+,2D,2026-05-21,392da576-0d73-4b52-a716-21c3a603c483,2026-05-21T00:29:49.273197
3a95e6ec-5348-43cd-84cd-31f130a67aec,MORTAL KOMBAT II,21cineplex,,25MKT2,"Action, Adventure",116 menit,D17+,2D,2026-05-21,e7053dc1-92c2-4e4b-80b9-adb40f79a3fd,2026-05-21T00:29:49.273362
3a95e6ec-5348-43cd-84cd-31f130a67aec,BADUT GENDONG,21cineplex,,16BGEG,"Action, Horror",101 menit,D17+,2D,2026-05-27,3a64aa9a-cc0c-41a6-9ad9-4fc8b93c88ca,2026-05-21T00:29:49.273565
3a95e6ec-5348-43cd-84cd-31f130a67aec,CHILDREN OF HEAVEN,21cineplex,,16COHN,"Drama, Family",97 menit,SU,2D,2026-05-27,3670006b-a4af-40ed-9d3c-5fe58b22535f,2026-05-21T00:29:49.273787
74a8bf0a-6d70-4694-93a1-059c1d662b16,SEMUA AKAN BAIK-BAIK SAJA,21cineplex,,16SABB,Drama,113 menit,13+,2D,2026-05-21,0ef262f3-ef33-44c4-8075-40a8ec134117,2026-05-21T00:29:52.273607
74a8bf0a-6d70-4694-93a1-059c1d662b16,TUMBAL PROYEK,21cineplex,,16TPRK,Horror,106 menit,D17+,2D,2026-05-21,a89ce500-30c9-46ef-8281-6b659df8c36a,2026-05-21T00:29:52.273793
74a8bf0a-6d70-4694-93a1-059c1d662b16,KAMU HARUS MATI,21cineplex,,16KHMI,"Horror, Mystery, Thriller",90 menit,13+,2D,2026-05-21,b4d9667a-d229-4a63-89e8-9a18ecba6238,2026-05-21T00:29:52.273909
74a8bf0a-6d70-4694-93a1-059c1d662b16,KELUARGA SUAMI ADALAH HAMA,21cineplex,,16KSAH,Drama,117 menit,13+,2D,2026-05-21,288a8ba0-caa4-42e1-8ea5-d8c52479c548,2026-05-21T00:29:52.274029
74a8bf0a-6d70-4694-93a1-059c1d662b16,CHILDREN OF HEAVEN,21cineplex,,16COHN,"Drama, Family",97 menit,SU,2D,2026-05-27,351f7309-f298-42db-8b61-10a626be065f,2026-05-21T00:29:52.274138
74a8bf0a-6d70-4694-93a1-059c1d662b16,SEKAWAN LIMO 2: GUNUNG KLAWIH,21cineplex,,16SK2G,"Comedy, Horror",122 menit,13+,2D,2026-05-27,8b9379ca-bc99-49f6-9b1a-122c500f2bc6,2026-05-21T00:29:52.274236
30b43d92-be83-4529-8674-3ad5026432f6,IN THE GREY,21cineplex,,26ITGY,"Action, Thriller",97 menit,13+,2D,2026-05-21,38a6866e-7554-4ec6-8524-15c2564a7fd2,2026-05-21T00:29:53.971117
30b43d92-be83-4529-8674-3ad5026432f6,THE SHEEP DETECTIVES,21cineplex,,26SDES,"Comedy, Mystery",109 menit,SU,2D,2026-05-21,1c1b1cf3-c8cc-409d-b1b2-bf2ed0016674,2026-05-21T00:29:53.971286
30b43d92-be83-4529-8674-3ad5026432f6,SALMOKJI: WHISPERING WATER,21cineplex,,26SWWR,Horror,95 menit,D17+,2D,2026-05-21,604a76d1-4f3c-4670-8bf0-dd95962b7473,2026-05-21T00:29:53.971399
30b43d92-be83-4529-8674-3ad5026432f6,MICHAEL,21cineplex,,26MICL,Biography,127 menit,SU,2D,2026-05-21,daab261f-d484-4ae6-871b-84a3b53d84e9,2026-05-21T00:29:53.971549
30b43d92-be83-4529-8674-3ad5026432f6,THE DEVIL WEARS PRADA 2,21cineplex,,26DWP2,"Comedy, Drama",119 menit,13+,2D,2026-05-21,63f6940b-a018-4ce1-b2b9-d3943a35bf14,2026-05-21T00:29:53.971645
30b43d92-be83-4529-8674-3ad5026432f6,PROJECT HAIL MARY,21cineplex,,26PHMY,Sci-Fi,157 menit,13+,2D,2026-05-21,b1071659-0298-490b-a286-633dbf1f81b3,2026-05-21T00:29:53.971753
30b43d92-be83-4529-8674-3ad5026432f6,GOHAN,21cineplex,,26GOHN,Drama,140 menit,SU,2D,2026-05-21,04a98c72-72ed-43c9-962f-b226acbcd87a,2026-05-21T00:29:53.971842
30b43d92-be83-4529-8674-3ad5026432f6,STAR WARS: THE MANDALORIAN AND GROGU,21cineplex,,26SWMG,"Fantasy, Sci-Fi",132 menit,13+,2D,2026-05-21,785cf1d9-fee2-49b9-b6d3-9efbfcdc5ebd,2026-05-21T00:29:53.971990
5ec297d2-84cd-4fd6-a007-94cd5502c18f,TUMBAL PROYEK,21cineplex,,16TPRK,Horror,106 menit,D17+,2D,2026-05-21,6bb14196-25cc-4e0d-9a1d-05886b51b96f,2026-05-21T00:29:56.753284
5ec297d2-84cd-4fd6-a007-94cd5502c18f,GOHAN,21cineplex,,26GOHN,Drama,140 menit,SU,2D,2026-05-21,edd0485c-5dbb-42a3-973f-811c28d85242,2026-05-21T00:29:56.753376
5ec297d2-84cd-4fd6-a007-94cd5502c18f,STAR WARS: THE MANDALORIAN AND GROGU,21cineplex,,26SWMG,"Fantasy, Sci-Fi",132 menit,13+,2D,2026-05-21,850e71ec-3f2f-47f6-8d51-42cac3ff31bf,2026-05-21T00:29:56.753417
5ec297d2-84cd-4fd6-a007-94cd5502c18f,MORTAL KOMBAT II,21cineplex,,25MKT2,"Action, Adventure",116 menit,D17+,2D,2026-05-21,902ddd02-6799-44d9-bd1c-a3acfb2ff12d,2026-05-21T00:29:56.753454
5ec297d2-84cd-4fd6-a007-94cd5502c18f,GUDANG MERICA,21cineplex,,16GMEA,"Comedy, Horror",98 menit,D17+,2D,2026-05-21,55a36a77-1ddc-4483-8e22-cf4258eb8863,2026-05-21T00:29:56.753502
5ec297d2-84cd-4fd6-a007-94cd5502c18f,THE DEVIL WEARS PRADA 2,21cineplex,,26DWP2,"Comedy, Drama",119 menit,13+,2D,2026-05-21,34408192-280f-4931-b767-23a32f649553,2026-05-21T00:29:56.753566
5ec297d2-84cd-4fd6-a007-94cd5502c18f,BADUT GENDONG,21cineplex,,16BGEG,"Action, Horror",101 menit,D17+,2D,2026-05-27,ec076cd1-098d-48a7-b874-2d92cedaea88,2026-05-21T00:29:56.753601
07fc60ee-46e1-434d-b898-70a485b971b4,THE DEVIL WEARS PRADA 2,21cineplex,,26DWP2,"Comedy, Drama",119 menit,13+,2D,2026-05-21,7397333d-e1f1-4fcf-b6d0-978d7ae017e4,2026-05-21T00:29:58.228299
07fc60ee-46e1-434d-b898-70a485b971b4,STAR WARS: THE MANDALORIAN AND GROGU,21cineplex,,26SWMG,"Fantasy, Sci-Fi",132 menit,13+,2D,2026-05-21,692510df-3caf-48c3-9e90-2cf67be5c36a,2026-05-21T00:29:58.228350
07fc60ee-46e1-434d-b898-70a485b971b4,MORTAL KOMBAT II,21cineplex,,25MKT2,"Action, Adventure",116 menit,D17+,2D,2026-05-21,70fd2ccd-cc4d-41a8-8bdb-abfd976d314a,2026-05-21T00:29:58.228402
07fc60ee-46e1-434d-b898-70a485b971b4,THE SHEEP DETECTIVES,21cineplex,,26SDES,"Comedy, Mystery",109 menit,SU,2D,2026-05-21,ebbb6dd7-f63f-49fc-9594-c313d2422f1d,2026-05-21T00:29:58.228459
07fc60ee-46e1-434d-b898-70a485b971b4,GOHAN,21cineplex,,26GOHN,Drama,140 menit,SU,2D,2026-05-21,8babbdee-5eca-44ff-a93f-3e12162aa258,2026-05-21T00:29:58.228496
d34258f4-d7ae-4737-8788-08b1eca254a5,TUMBAL PROYEK,21cineplex,,16TPRK,Horror,106 menit,D17+,2D,2026-05-21,4f5302f5-3d6c-476c-8ba6-cc77b0f1109e,2026-05-21T00:30:08.129914
d34258f4-d7ae-4737-8788-08b1eca254a5,SEMUA AKAN BAIK-BAIK SAJA,21cineplex,,16SABB,Drama,113 menit,13+,2D,2026-05-21,0eaab99e-a6ca-4494-923f-51f6be168c74,2026-05-21T00:30:08.129997
d34258f4-d7ae-4737-8788-08b1eca254a5,MORTAL KOMBAT II,21cineplex,,25MKT2,"Action, Adventure",116 menit,D17+,2D,2026-05-21,2113b1c9-c1a7-4854-9464-2cc0f648b591,2026-05-21T00:30:08.130051
d34258f4-d7ae-4737-8788-08b1eca254a5,KELUARGA SUAMI ADALAH HAMA,21cineplex,,16KSAH,Drama,117 menit,13+,2D,2026-05-21,8f2539e8-65a5-4da5-9384-13cba8522e52,2026-05-21T00:30:08.130087
d34258f4-d7ae-4737-8788-08b1eca254a5,SALMOKJI: WHISPERING WATER,21cineplex,,26SWWR,Horror,95 menit,D17+,2D,2026-05-21,f48a5c85-3369-43c4-bba6-a3d29bf88bf5,2026-05-21T00:30:08.130146
d34258f4-d7ae-4737-8788-08b1eca254a5,IN THE GREY,21cineplex,,26ITGY,"Action, Thriller",97 menit,13+,2D,2026-05-21,52b48eab-5954-4a40-ac64-7dfe7a249cdf,2026-05-21T00:30:08.130212
d34258f4-d7ae-4737-8788-08b1eca254a5,STAR WARS: THE MANDALORIAN AND GROGU,21cineplex,,26SWMG,"Fantasy, Sci-Fi",132 menit,13+,3D,2026-05-21,6363c3c5-1e47-4f23-8ebb-0c1fd83a9cad,2026-05-21T00:30:08.130243
d34258f4-d7ae-4737-8788-08b1eca254a5,THE SHEEP DETECTIVES,21cineplex,,26SDES,"Comedy, Mystery",109 menit,SU,2D,2026-05-21,e569dc4f-3d74-4bcd-9be0-04f32c8630bf,2026-05-21T00:30:08.130310
d34258f4-d7ae-4737-8788-08b1eca254a5,THE DEVIL WEARS PRADA 2,21cineplex,,26DWP2,"Comedy, Drama",119 menit,13+,2D,2026-05-21,94993183-6a8b-4fd6-aae9-51a2c1471b06,2026-05-21T00:30:08.130351
d34258f4-d7ae-4737-8788-08b1eca254a5,GOHAN,21cineplex,,26GOHN,Drama,140 menit,SU,2D,2026-05-21,db35ea78-cae3-4e56-8d81-fe0a7fcdf778,2026-05-21T00:30:08.130381
d34258f4-d7ae-4737-8788-08b1eca254a5,BADUT GENDONG,21cineplex,,16BGEG,"Action, Horror",101 menit,D17+,2D,2026-05-27,04b1b8e0-738e-4da2-b109-bf9b50202b7a,2026-05-21T00:30:08.130430
d34258f4-d7ae-4737-8788-08b1eca254a5,SEKAWAN LIMO 2: GUNUNG KLAWIH,21cineplex,,16SK2G,"Comedy, Horror",122 menit,13+,2D,2026-05-27,4e31e0ca-1917-4217-bf0a-30fe231d3632,2026-05-21T00:30:08.130488
702e364f-fb8c-4aa0-9023-438488a829a6,STAR WARS: THE MANDALORIAN AND GROGU,21cineplex,,26SWMG,"Fantasy, Sci-Fi",132 menit,13+,2D,2026-05-21,a443a040-4c71-4ab5-a693-af619dd010c5,2026-05-21T00:30:08.772865
702e364f-fb8c-4aa0-9023-438488a829a6,SEMUA AKAN BAIK-BAIK SAJA,21cineplex,,16SABB,Drama,113 menit,13+,2D,2026-05-21,68d412c5-9c4f-46a8-a5fe-a7be9ce66892,2026-05-21T00:30:08.772935
702e364f-fb8c-4aa0-9023-438488a829a6,MICHAEL,21cineplex,,26MICL,Biography,127 menit,SU,2D,2026-05-21,f8c8990a-c1cd-4610-9177-1d61ff6d681c,2026-05-21T00:30:08.773009
702e364f-fb8c-4aa0-9023-438488a829a6,GHOST IN THE CELL,21cineplex,,16GITC,"Comedy, Horror",106 menit,D17+,2D,2026-05-21,2ef8e32d-a3a4-49db-b64f-10e34016dc63,2026-05-21T00:30:08.773043
702e364f-fb8c-4aa0-9023-438488a829a6,GOHAN,21cineplex,,26GOHN,Drama,140 menit,SU,2D,2026-05-21,7e0aff13-f8a3-46a5-a8fb-dd8a1aabf2bb,2026-05-21T00:30:08.773101
702e364f-fb8c-4aa0-9023-438488a829a6,KELUARGA SUAMI ADALAH HAMA,21cineplex,,16KSAH,Drama,117 menit,13+,2D,2026-05-21,1d3208f2-c6d3-4073-8802-d568c8a6ae6b,2026-05-21T00:30:08.773134
702e364f-fb8c-4aa0-9023-438488a829a6,SEKAWAN LIMO 2: GUNUNG KLAWIH,21cineplex,,16SK2G,"Comedy, Horror",122 menit,13+,2D,2026-05-27,42bf8968-4786-4d48-955c-9e90a97506f8,2026-05-21T00:30:08.773193
b77e3665-e547-4b82-bff3-f6e53d162372,GHOST IN THE CELL,21cineplex,,16GITC,"Comedy, Horror",106 menit,D17+,2D,2026-05-21,a9330071-96c7-49b8-8aab-04122fc89fe4,2026-05-21T00:30:10.262147
b77e3665-e547-4b82-bff3-f6e53d162372,SALMOKJI: WHISPERING WATER,21cineplex,,26SWWR,Horror,95 menit,D17+,2D,2026-05-21,3a0e673f-bc69-470f-bd3e-fe2bfc83b09f,2026-05-21T00:30:10.262416
b77e3665-e547-4b82-bff3-f6e53d162372,GUDANG MERICA,21cineplex,,16GMEA,"Comedy, Horror",98 menit,D17+,2D,2026-05-21,3fbf3f10-ed89-4017-a039-6e9d00b66a15,2026-05-21T00:30:10.262625
b77e3665-e547-4b82-bff3-f6e53d162372,STAR WARS: THE MANDALORIAN AND GROGU,21cineplex,,26SWMG,"Fantasy, Sci-Fi",132 menit,13+,2D,2026-05-21,aa378bb4-8dc8-42aa-95eb-25a4c07f45aa,2026-05-21T00:30:10.262855
b77e3665-e547-4b82-bff3-f6e53d162372,SEMUA AKAN BAIK-BAIK SAJA,21cineplex,,16SABB,Drama,113 menit,13+,2D,2026-05-21,b8eadc25-3c5d-4205-8158-b89fe98666e3,2026-05-21T00:30:10.263084
b77e3665-e547-4b82-bff3-f6e53d162372,GOHAN,21cineplex,,26GOHN,Drama,140 menit,SU,2D,2026-05-21,8fa8518c-a5c8-42e8-b66f-ae2d0a661a39,2026-05-21T00:30:10.263229
b77e3665-e547-4b82-bff3-f6e53d162372,THE DEVIL WEARS PRADA 2,21cineplex,,26DWP2,"Comedy, Drama",119 menit,13+,2D,2026-05-21,be54e2b2-0301-4487-a047-fbe0d7a9a072,2026-05-21T00:30:10.263426
b77e3665-e547-4b82-bff3-f6e53d162372,TUMBAL PROYEK,21cineplex,,16TPRK,Horror,106 menit,D17+,2D,2026-05-21,35833a6d-301d-4b90-bac4-9bf6a283584a,2026-05-21T00:30:10.263576
b77e3665-e547-4b82-bff3-f6e53d162372,BADUT GENDONG,21cineplex,,16BGEG,"Action, Horror",101 menit,D17+,2D,2026-05-27,bb238d39-6a1a-4402-838d-deb2bf289252,2026-05-21T00:30:10.263785
ca3fdf4c-6664-4e5b-a117-408db0f6307d,GHOST IN THE CELL,21cineplex,,16GITC,"Comedy, Horror",106 menit,D17+,2D,2026-05-21,6c3aa327-e5f4-429a-a6a9-a59d9fa01207,2026-05-21T00:30:14.770836
ca3fdf4c-6664-4e5b-a117-408db0f6307d,YANG LAIN BOLEH HILANG ASAL KAU JANGAN,21cineplex,,16YLBH,Drama,113 menit,13+,2D,2026-05-21,d653f227-bc3f-4944-b303-da4a798ca9c7,2026-05-21T00:30:14.770995
ca3fdf4c-6664-4e5b-a117-408db0f6307d,STAR WARS: THE MANDALORIAN AND GROGU,21cineplex,,26SWMG,"Fantasy, Sci-Fi",132 menit,13+,2D,2026-05-21,5b37a7dc-6860-461b-b013-0d181374f949,2026-05-21T00:30:14.771091
ca3fdf4c-6664-4e5b-a117-408db0f6307d,GUDANG MERICA,21cineplex,,16GMEA,"Comedy, Horror",98 menit,D17+,2D,2026-05-21,b25babe5-ddce-41dd-a75e-6cb594bd52b4,2026-05-21T00:30:14.771145
ca3fdf4c-6664-4e5b-a117-408db0f6307d,IN THE GREY,21cineplex,,26ITGY,"Action, Thriller",97 menit,13+,2D,2026-05-21,30305df6-07b0-4d38-aae3-1dbe6b279def,2026-05-21T00:30:14.771205
ca3fdf4c-6664-4e5b-a117-408db0f6307d,KELUARGA SUAMI ADALAH HAMA,21cineplex,,16KSAH,Drama,117 menit,13+,2D,2026-05-21,d5e16051-54cb-4989-b9ea-cc045cd18d71,2026-05-21T00:30:14.771245
ca3fdf4c-6664-4e5b-a117-408db0f6307d,MORTAL KOMBAT II,21cineplex,,25MKT2,"Action, Adventure",116 menit,D17+,2D,2026-05-21,cf6ddaaa-30e7-4c62-8af1-da9ecddd4ef6,2026-05-21T00:30:14.771454
ca3fdf4c-6664-4e5b-a117-408db0f6307d,TUMBAL PROYEK,21cineplex,,16TPRK,Horror,106 menit,D17+,2D,2026-05-21,7750772c-8061-444d-ac11-e385f28b9220,2026-05-21T00:30:14.771505
ca3fdf4c-6664-4e5b-a117-408db0f6307d,SEMUA AKAN BAIK-BAIK SAJA,21cineplex,,16SABB,Drama,113 menit,13+,2D,2026-05-21,ddc944b8-dc20-44c2-8b71-e8f70ad3ea8b,2026-05-21T00:30:14.771559
ca3fdf4c-6664-4e5b-a117-408db0f6307d,SEKAWAN LIMO 2: GUNUNG KLAWIH,21cineplex,,16SK2G,"Comedy, Horror",122 menit,13+,2D,2026-05-27,9f325137-5ae1-4ea8-b281-48100984851c,2026-05-21T00:30:14.771611
ca3fdf4c-6664-4e5b-a117-408db0f6307d,CHILDREN OF HEAVEN,21cineplex,,16COHN,"Drama, Family",97 menit,SU,2D,2026-05-27,eafecc72-f895-49be-9475-6d88242d4ed0,2026-05-21T00:30:14.771667
6e1f360d-7c3b-403c-92e9-ee48032bdd4a,SEMUA AKAN BAIK-BAIK SAJA,21cineplex,,16SABB,Drama,113 menit,13+,2D,2026-05-21,54f6f725-df8b-49ce-8bb9-545421b866fa,2026-05-21T00:30:16.300209
6e1f360d-7c3b-403c-92e9-ee48032bdd4a,STAR WARS: THE MANDALORIAN AND GROGU,21cineplex,,26SWMG,"Fantasy, Sci-Fi",132 menit,13+,2D,2026-05-21,345f9edc-6477-413c-b492-6fb3425e550e,2026-05-21T00:30:16.300497
6e1f360d-7c3b-403c-92e9-ee48032bdd4a,TUMBAL PROYEK,21cineplex,,16TPRK,Horror,106 menit,D17+,2D,2026-05-21,cb2ed151-c300-4a1c-853d-212b2556c168,2026-05-21T00:30:16.300664
11f71267-3d40-4e81-9ff7-27d4070ea706,THE DEVIL WEARS PRADA 2,21cineplex,,26DWP2,"Comedy, Drama",119 menit,13+,2D,2026-05-21,1e18162d-7c02-4e07-82e4-03378abdb338,2026-05-21T00:30:17.932023
11f71267-3d40-4e81-9ff7-27d4070ea706,MICHAEL,21cineplex,,26MICL,Biography,127 menit,SU,2D,2026-05-21,e0829665-2b29-4b18-a265-abffc72a0697,2026-05-21T00:30:17.932550
0f860383-ba82-492d-bd8b-a804d888a726,SALMOKJI: WHISPERING WATER,21cineplex,,26SWWR,Horror,95 menit,D17+,2D,2026-05-21,dcd19c4b-fb9b-45c1-a860-a978119f0767,2026-05-21T00:30:22.270119
0f860383-ba82-492d-bd8b-a804d888a726,SEMUA AKAN BAIK-BAIK SAJA,21cineplex,,16SABB,Drama,113 menit,13+,2D,2026-05-21,2eec86f1-3730-4769-8374-d4d13b58bcca,2026-05-21T00:30:22.270201
0f860383-ba82-492d-bd8b-a804d888a726,TUMBAL PROYEK,21cineplex,,16TPRK,Horror,106 menit,D17+,2D,2026-05-21,94a5d249-f902-457e-a666-c0eafe3def13,2026-05-21T00:30:22.270303
0f860383-ba82-492d-bd8b-a804d888a726,KELUARGA SUAMI ADALAH HAMA,21cineplex,,16KSAH,Drama,117 menit,13+,2D,2026-05-21,4be595ce-eeae-460c-a5c5-7dd4cd512614,2026-05-21T00:30:22.270386
0f860383-ba82-492d-bd8b-a804d888a726,GOHAN,21cineplex,,26GOHN,Drama,140 menit,SU,2D,2026-05-21,78254aa1-8d73-4315-a2c8-54d3a5dc6e18,2026-05-21T00:30:22.270475
0f860383-ba82-492d-bd8b-a804d888a726,STAR WARS: THE MANDALORIAN AND GROGU,21cineplex,,26SWMG,"Fantasy, Sci-Fi",132 menit,13+,2D,2026-05-21,16e46e1a-3084-4623-ab4a-5fa25050f5c1,2026-05-21T00:30:22.270523
0f860383-ba82-492d-bd8b-a804d888a726,GHOST IN THE CELL,21cineplex,,16GITC,"Comedy, Horror",106 menit,D17+,2D,2026-05-21,fb18edcc-5fc2-4dd0-a42a-a8f3e5cb15e4,2026-05-21T00:30:22.270585
0f860383-ba82-492d-bd8b-a804d888a726,MICHAEL,21cineplex,,26MICL,Biography,127 menit,SU,2D,2026-05-21,71e945f8-6840-4c29-a459-2838a14ed7c7,2026-05-21T00:30:22.270649
0f860383-ba82-492d-bd8b-a804d888a726,SEKAWAN LIMO 2: GUNUNG KLAWIH,21cineplex,,16SK2G,"Comedy, Horror",122 menit,13+,2D,2026-05-27,52a69841-4c70-41b8-903f-ec804148b4e3,2026-05-21T00:30:22.270702
0f860383-ba82-492d-bd8b-a804d888a726,SUAMIKU LUKAKU,21cineplex,,16SLUU,Drama,92 menit,D17+,2D,2026-05-27,061a14a0-2b63-4fa9-b10d-9714e7f22076,2026-05-21T00:30:22.270776
1e7572e1-a446-4947-883b-d697fe44a091,KELUARGA SUAMI ADALAH HAMA,21cineplex,,16KSAH,Drama,117 menit,13+,2D,2026-05-21,95b08dc3-3b01-4897-b2a2-cf3c594a8cc2,2026-05-21T00:30:23.768688
1e7572e1-a446-4947-883b-d697fe44a091,STAR WARS: THE MANDALORIAN AND GROGU,21cineplex,,26SWMG,"Fantasy, Sci-Fi",132 menit,13+,2D,2026-05-21,2b846a9d-5f75-41f5-8178-079d3ae0b584,2026-05-21T00:30:23.769114
1e7572e1-a446-4947-883b-d697fe44a091,KAMU HARUS MATI,21cineplex,,16KHMI,"Horror, Mystery, Thriller",90 menit,13+,2D,2026-05-21,859c69e3-39f4-4905-bfe1-09c1e5eb8ec8,2026-05-21T00:30:23.769244
1e7572e1-a446-4947-883b-d697fe44a091,SEMUA AKAN BAIK-BAIK SAJA,21cineplex,,16SABB,Drama,113 menit,13+,2D,2026-05-21,72cd477d-0f2b-4686-93b6-f71233c78d93,2026-05-21T00:30:23.769480
1e7572e1-a446-4947-883b-d697fe44a091,TUMBAL PROYEK,21cineplex,,16TPRK,Horror,106 menit,D17+,2D,2026-05-21,782b3aa7-8655-46df-b914-3de844f5e31d,2026-05-21T00:30:23.769653
1e7572e1-a446-4947-883b-d697fe44a091,BADUT GENDONG,21cineplex,,16BGEG,"Action, Horror",101 menit,D17+,2D,2026-05-27,524f0008-665f-4c7a-a681-9d39e138fab4,2026-05-21T00:30:23.769880
81f7f496-d1f5-477d-b066-42a1e8796525,MORTAL KOMBAT II,21cineplex,,25MKT2,"Action, Adventure",116 menit,D17+,2D,2026-05-21,a5d8a75c-fffa-4d65-97e2-6b719ac92f16,2026-05-21T00:30:25.491391
81f7f496-d1f5-477d-b066-42a1e8796525,YANG LAIN BOLEH HILANG ASAL KAU JANGAN,21cineplex,,16YLBH,Drama,113 menit,13+,2D,2026-05-21,7c4a1201-f580-4779-88ef-7a4644c49eb6,2026-05-21T00:30:25.491640
81f7f496-d1f5-477d-b066-42a1e8796525,KELUARGA SUAMI ADALAH HAMA,21cineplex,,16KSAH,Drama,117 menit,13+,2D,2026-05-21,c567fd20-a960-474c-9ac7-9c765e039789,2026-05-21T00:30:25.491706
81f7f496-d1f5-477d-b066-42a1e8796525,GUDANG MERICA,21cineplex,,16GMEA,"Comedy, Horror",98 menit,D17+,2D,2026-05-21,ae64be18-3113-4e49-9917-7871c3d52316,2026-05-21T00:30:25.491793
81f7f496-d1f5-477d-b066-42a1e8796525,GHOST IN THE CELL,21cineplex,,16GITC,"Comedy, Horror",106 menit,D17+,2D,2026-05-21,85527585-62b9-4e41-a9bb-aa458bb728ef,2026-05-21T00:30:25.491877
81f7f496-d1f5-477d-b066-42a1e8796525,SEMUA AKAN BAIK-BAIK SAJA,21cineplex,,16SABB,Drama,113 menit,13+,2D,2026-05-21,be61e204-ad2f-4100-934e-da4fe4bbf085,2026-05-21T00:30:25.491926
81f7f496-d1f5-477d-b066-42a1e8796525,STAR WARS: THE MANDALORIAN AND GROGU,21cineplex,,26SWMG,"Fantasy, Sci-Fi",132 menit,13+,2D,2026-05-21,43c53c8d-eb78-4698-ae91-c18f888c8b3f,2026-05-21T00:30:25.492017
81f7f496-d1f5-477d-b066-42a1e8796525,TUMBAL PROYEK,21cineplex,,16TPRK,Horror,106 menit,D17+,2D,2026-05-21,512b4816-7a04-4fb9-91e5-6aa4accbcc55,2026-05-21T00:30:25.492056
81f7f496-d1f5-477d-b066-42a1e8796525,SEKAWAN LIMO 2: GUNUNG KLAWIH,21cineplex,,16SK2G,"Comedy, Horror",122 menit,13+,2D,2026-05-27,b368e339-790e-4628-8700-b6ed9bc7b92c,2026-05-21T00:30:25.492115
bf689cc3-5ee9-415a-a556-724f226eab99,TUMBAL PROYEK,21cineplex,,16TPRK,Horror,106 menit,D17+,2D,2026-05-21,9852ca14-9944-4485-88ba-4292f0f12d4f,2026-05-21T00:30:26.786695
bf689cc3-5ee9-415a-a556-724f226eab99,GHOST IN THE CELL,21cineplex,,16GITC,"Comedy, Horror",106 menit,D17+,2D,2026-05-21,1dece2ef-e6cc-4273-bf0e-8c50751ef22e,2026-05-21T00:30:26.786796
bf689cc3-5ee9-415a-a556-724f226eab99,KELUARGA SUAMI ADALAH HAMA,21cineplex,,16KSAH,Drama,117 menit,13+,2D,2026-05-21,848ef8ae-5ef2-4f45-a88d-6e4e31378482,2026-05-21T00:30:26.786855
bf689cc3-5ee9-415a-a556-724f226eab99,STAR WARS: THE MANDALORIAN AND GROGU,21cineplex,,26SWMG,"Fantasy, Sci-Fi",132 menit,13+,2D,2026-05-21,dc6af806-26de-4d4d-823e-2b64bbce6ca6,2026-05-21T00:30:26.786950
bf689cc3-5ee9-415a-a556-724f226eab99,SEMUA AKAN BAIK-BAIK SAJA,21cineplex,,16SABB,Drama,113 menit,13+,2D,2026-05-21,4528e012-ea4c-4170-baca-175f21ab44a5,2026-05-21T00:30:26.787023
bf689cc3-5ee9-415a-a556-724f226eab99,GOHAN,21cineplex,,26GOHN,Drama,140 menit,SU,2D,2026-05-21,1d0dba5b-581b-42f2-8fb5-3b99220ce416,2026-05-21T00:30:26.787126
bf689cc3-5ee9-415a-a556-724f226eab99,THE DEVIL WEARS PRADA 2,21cineplex,,26DWP2,"Comedy, Drama",119 menit,13+,2D,2026-05-21,fc326ed2-5f30-4fc1-a2ae-5b33d391e237,2026-05-21T00:30:26.787191
bf689cc3-5ee9-415a-a556-724f226eab99,THE SHEEP DETECTIVES,21cineplex,,26SDES,"Comedy, Mystery",109 menit,SU,2D,2026-05-21,91d215a2-eccc-4b38-a5c9-d093f41e22f6,2026-05-21T00:30:26.787224
bf689cc3-5ee9-415a-a556-724f226eab99,SUAMIKU LUKAKU,21cineplex,,16SLUU,Drama,92 menit,D17+,2D,2026-05-27,985ae2d9-95bf-4d34-bc9d-ef7c6a24ceda,2026-05-21T00:30:26.787270
bf689cc3-5ee9-415a-a556-724f226eab99,SEKAWAN LIMO 2: GUNUNG KLAWIH,21cineplex,,16SK2G,"Comedy, Horror",122 menit,13+,2D,2026-05-27,59ceaa30-05ac-440e-b332-25566c911fbf,2026-05-21T00:30:26.787349
9da2f365-ee2e-4b17-9fe0-3db30d293505,KELUARGA SUAMI ADALAH HAMA,21cineplex,,16KSAH,Drama,117 menit,13+,2D,2026-05-21,2aa9bdf4-2f80-49fd-a62c-c4a8ab7408bb,2026-05-21T00:30:28.479169
9da2f365-ee2e-4b17-9fe0-3db30d293505,TUMBAL PROYEK,21cineplex,,16TPRK,Horror,106 menit,D17+,2D,2026-05-21,8dab05bd-b037-44af-8f04-ac761d43bd75,2026-05-21T00:30:28.479368
9da2f365-ee2e-4b17-9fe0-3db30d293505,STAR WARS: THE MANDALORIAN AND GROGU,21cineplex,,26SWMG,"Fantasy, Sci-Fi",132 menit,13+,2D,2026-05-21,2ec3b6db-6205-4b5c-bdd9-da34794d4fd6,2026-05-21T00:30:28.479486
9da2f365-ee2e-4b17-9fe0-3db30d293505,GHOST IN THE CELL,21cineplex,,16GITC,"Comedy, Horror",106 menit,D17+,2D,2026-05-21,682b3301-c734-41fb-8624-acfcde096115,2026-05-21T00:30:28.479539
9da2f365-ee2e-4b17-9fe0-3db30d293505,SEMUA AKAN BAIK-BAIK SAJA,21cineplex,,16SABB,Drama,113 menit,13+,2D,2026-05-21,e914ddc8-5d86-4953-94ad-5ab736a3237a,2026-05-21T00:30:28.479656
9da2f365-ee2e-4b17-9fe0-3db30d293505,BADUT GENDONG,21cineplex,,16BGEG,"Action, Horror",101 menit,D17+,2D,2026-05-27,966d3114-5b7e-4ff2-b416-5ef673abf8af,2026-05-21T00:30:28.479774
5eca2af3-ce35-4c48-a429-e22c7efe86c7,SEMUA AKAN BAIK-BAIK SAJA,21cineplex,,16SABB,Drama,113 menit,13+,2D,2026-05-21,435ba39a-416e-4236-81c1-d2c1185f3697,2026-05-21T00:30:29.772818
5eca2af3-ce35-4c48-a429-e22c7efe86c7,TUMBAL PROYEK,21cineplex,,16TPRK,Horror,106 menit,D17+,2D,2026-05-21,fa26ebb8-15ac-402c-b540-942c64db6e96,2026-05-21T00:30:29.773123
5eca2af3-ce35-4c48-a429-e22c7efe86c7,STAR WARS: THE MANDALORIAN AND GROGU,21cineplex,,26SWMG,"Fantasy, Sci-Fi",132 menit,13+,2D,2026-05-21,9cd237d9-ad62-4fe6-811d-e93dd25e71ed,2026-05-21T00:30:29.773501
5eca2af3-ce35-4c48-a429-e22c7efe86c7,KELUARGA SUAMI ADALAH HAMA,21cineplex,,16KSAH,Drama,117 menit,13+,2D,2026-05-21,011797f2-3924-439d-bbf3-2511b36ce541,2026-05-21T00:30:29.773608
5eca2af3-ce35-4c48-a429-e22c7efe86c7,GHOST IN THE CELL,21cineplex,,16GITC,"Comedy, Horror",106 menit,D17+,2D,2026-05-21,7d31fd22-5860-4a79-a822-fa014e7cbbfa,2026-05-21T00:30:29.773792
5eca2af3-ce35-4c48-a429-e22c7efe86c7,SEKAWAN LIMO 2: GUNUNG KLAWIH,21cineplex,,16SK2G,"Comedy, Horror",122 menit,13+,2D,2026-05-27,0c77e48e-973b-4105-bb3e-b1f655399781,2026-05-21T00:30:29.773912
e7e65d22-f6ca-4823-9b32-6036851c0a52,GUDANG MERICA,21cineplex,,16GMEA,"Comedy, Horror",98 menit,D17+,2D,2026-05-21,8ea4034e-5a5f-4b36-8c42-42095eca487b,2026-05-21T00:30:31.490690
e7e65d22-f6ca-4823-9b32-6036851c0a52,GOHAN,21cineplex,,26GOHN,Drama,140 menit,SU,2D,2026-05-21,5104b34e-dcd2-4164-be29-37494620cc61,2026-05-21T00:30:31.490772
e7e65d22-f6ca-4823-9b32-6036851c0a52,THE SHEEP DETECTIVES,21cineplex,,26SDES,"Comedy, Mystery",109 menit,SU,2D,2026-05-21,aca1ed74-1056-4ae4-a87b-fb6c4bc7788b,2026-05-21T00:30:31.490801
e7e65d22-f6ca-4823-9b32-6036851c0a52,STAR WARS: THE MANDALORIAN AND GROGU,21cineplex,,26SWMG,"Fantasy, Sci-Fi",132 menit,13+,2D,2026-05-21,90e9989f-3483-44ef-b2c8-f250730316e3,2026-05-21T00:30:31.490827
e7e65d22-f6ca-4823-9b32-6036851c0a52,GHOST IN THE CELL,21cineplex,,16GITC,"Comedy, Horror",106 menit,D17+,2D,2026-05-21,8aabb8c3-78f5-4657-b484-df915ea0fbf6,2026-05-21T00:30:31.490873
e7e65d22-f6ca-4823-9b32-6036851c0a52,KELUARGA SUAMI ADALAH HAMA,21cineplex,,16KSAH,Drama,117 menit,13+,2D,2026-05-21,2fa749c8-6985-477e-aa32-3f6b0bbc93f7,2026-05-21T00:30:31.490928
e7e65d22-f6ca-4823-9b32-6036851c0a52,YANG LAIN BOLEH HILANG ASAL KAU JANGAN,21cineplex,,16YLBH,Drama,113 menit,13+,2D,2026-05-21,9639cc57-65e4-40a6-aa5a-90567ae68607,2026-05-21T00:30:31.490985
e7e65d22-f6ca-4823-9b32-6036851c0a52,SEMUA AKAN BAIK-BAIK SAJA,21cineplex,,16SABB,Drama,113 menit,13+,2D,2026-05-21,d0b660f6-0ade-4614-bbe4-14228c5b9e69,2026-05-21T00:30:31.491032
e7e65d22-f6ca-4823-9b32-6036851c0a52,TUMBAL PROYEK,21cineplex,,16TPRK,Horror,106 menit,D17+,2D,2026-05-21,4d514917-1caa-4103-b34e-4f3df928067f,2026-05-21T00:30:31.491092
e7e65d22-f6ca-4823-9b32-6036851c0a52,CHILDREN OF HEAVEN,21cineplex,,16COHN,"Drama, Family",97 menit,SU,2D,2026-05-27,6ee51668-9e34-462d-8770-bd0814a1007d,2026-05-21T00:30:31.491145
e7e65d22-f6ca-4823-9b32-6036851c0a52,SEKAWAN LIMO 2: GUNUNG KLAWIH,21cineplex,,16SK2G,"Comedy, Horror",122 menit,13+,2D,2026-05-27,e0ef8b3c-e6ca-4555-8c64-5d79499c1ed3,2026-05-21T00:30:31.491197
e7e65d22-f6ca-4823-9b32-6036851c0a52,SUAMIKU LUKAKU,21cineplex,,16SLUU,Drama,92 menit,D17+,2D,2026-05-27,78aa760e-d6b9-40de-b54b-11baef796795,2026-05-21T00:30:31.491248
df55d5ff-c267-4ffd-8da6-e72b4f059330,SEMUA AKAN BAIK-BAIK SAJA,21cineplex,,16SABB,Drama,113 menit,13+,2D,2026-05-21,79bf7b22-4aaa-403e-baba-b80a55740bcc,2026-05-21T00:30:32.764195
df55d5ff-c267-4ffd-8da6-e72b4f059330,YANG LAIN BOLEH HILANG ASAL KAU JANGAN,21cineplex,,16YLBH,Drama,113 menit,13+,2D,2026-05-21,64d452d4-4c52-4763-8641-a8f550ac73cd,2026-05-21T00:30:32.764406
df55d5ff-c267-4ffd-8da6-e72b4f059330,KELUARGA SUAMI ADALAH HAMA,21cineplex,,16KSAH,Drama,117 menit,13+,2D,2026-05-21,89662d58-2c4e-4fcd-96e8-281b9f013a0e,2026-05-21T00:30:32.764552
df55d5ff-c267-4ffd-8da6-e72b4f059330,STAR WARS: THE MANDALORIAN AND GROGU,21cineplex,,26SWMG,"Fantasy, Sci-Fi",132 menit,13+,2D,2026-05-21,91e8f4b6-4f6e-4ee1-a068-0b0183aee74b,2026-05-21T00:30:32.764692
df55d5ff-c267-4ffd-8da6-e72b4f059330,TUMBAL PROYEK,21cineplex,,16TPRK,Horror,106 menit,D17+,2D,2026-05-21,8c823d54-c49f-4f90-8696-c19d40f21652,2026-05-21T00:30:32.764802
df55d5ff-c267-4ffd-8da6-e72b4f059330,GHOST IN THE CELL,21cineplex,,16GITC,"Comedy, Horror",106 menit,D17+,2D,2026-05-21,c4013ac1-0043-40f3-8a86-3de3f487cc23,2026-05-21T00:30:32.764924
df55d5ff-c267-4ffd-8da6-e72b4f059330,GUDANG MERICA,21cineplex,,16GMEA,"Comedy, Horror",98 menit,D17+,2D,2026-05-21,f84349eb-be23-41fc-933a-fc2dc6aee779,2026-05-21T00:30:32.765059
df55d5ff-c267-4ffd-8da6-e72b4f059330,BADUT GENDONG,21cineplex,,16BGEG,"Action, Horror",101 menit,D17+,2D,2026-05-27,b3e91a28-b696-4919-9475-72efd2dc86e0,2026-05-21T00:30:32.765198
df55d5ff-c267-4ffd-8da6-e72b4f059330,CHILDREN OF HEAVEN,21cineplex,,16COHN,"Drama, Family",97 menit,SU,2D,2026-05-27,81a4863b-3b01-41d2-9a75-3b4040b5ad27,2026-05-21T00:30:32.765333
df55d5ff-c267-4ffd-8da6-e72b4f059330,SUAMIKU LUKAKU,21cineplex,,16SLUU,Drama,92 menit,D17+,2D,2026-05-27,7dd85d6c-ed3c-4438-a05e-c24c14cdffb4,2026-05-21T00:30:32.765473
df55d5ff-c267-4ffd-8da6-e72b4f059330,SEKAWAN LIMO 2: GUNUNG KLAWIH,21cineplex,,16SK2G,"Comedy, Horror",122 menit,13+,2D,2026-05-27,7aa31bdd-d082-4e6f-ad44-579483bf7335,2026-05-21T00:30:32.765644
5c0bd49a-a1fa-4eec-86f8-01cf704f9782,KELUARGA SUAMI ADALAH HAMA,21cineplex,,16KSAH,Drama,117 menit,13+,2D,2026-05-21,4f186f6b-699f-4d93-8ece-fd173e8d3f46,2026-05-21T00:30:35.787440
5c0bd49a-a1fa-4eec-86f8-01cf704f9782,SEMUA AKAN BAIK-BAIK SAJA,21cineplex,,16SABB,Drama,113 menit,13+,2D,2026-05-21,1fb2869b-e251-4589-a72e-86caaa3f915a,2026-05-21T00:30:35.787848
5c0bd49a-a1fa-4eec-86f8-01cf704f9782,GUDANG MERICA,21cineplex,,16GMEA,"Comedy, Horror",98 menit,D17+,2D,2026-05-21,96d4995a-ebe0-41e6-8970-7e1e60b7ab5f,2026-05-21T00:30:35.788174
5c0bd49a-a1fa-4eec-86f8-01cf704f9782,TUMBAL PROYEK,21cineplex,,16TPRK,Horror,106 menit,D17+,2D,2026-05-21,70b19a02-c114-44ab-966e-dc7e527839ef,2026-05-21T00:30:35.788478
26c6d139-51d3-476a-9288-92a3228aa6e6,YANG LAIN BOLEH HILANG ASAL KAU JANGAN,21cineplex,,16YLBH,Drama,113 menit,13+,2D,2026-05-21,c76327d1-e813-496b-8812-dc1918f25ec1,2026-05-21T00:30:37.270890
26c6d139-51d3-476a-9288-92a3228aa6e6,GUDANG MERICA,21cineplex,,16GMEA,"Comedy, Horror",98 menit,D17+,2D,2026-05-21,f8b3550b-77b2-4d6e-a168-24cefefcf0c6,2026-05-21T00:30:37.271007
26c6d139-51d3-476a-9288-92a3228aa6e6,GHOST IN THE CELL,21cineplex,,16GITC,"Comedy, Horror",106 menit,D17+,2D,2026-05-21,65f2d18f-8c49-4c8a-bef6-ef251f28d4f2,2026-05-21T00:30:37.271103
26c6d139-51d3-476a-9288-92a3228aa6e6,STAR WARS: THE MANDALORIAN AND GROGU,21cineplex,,26SWMG,"Fantasy, Sci-Fi",132 menit,13+,2D,2026-05-21,9f7265d6-25a9-45cf-8642-104f6a6fe3ef,2026-05-21T00:30:37.271148
26c6d139-51d3-476a-9288-92a3228aa6e6,SEMUA AKAN BAIK-BAIK SAJA,21cineplex,,16SABB,Drama,113 menit,13+,2D,2026-05-21,a8a47697-ee1b-4483-8cea-b7c790112ab0,2026-05-21T00:30:37.271187
26c6d139-51d3-476a-9288-92a3228aa6e6,TUMBAL PROYEK,21cineplex,,16TPRK,Horror,106 menit,D17+,2D,2026-05-21,eb9a7f1d-10ca-415c-b2be-06d371c663ba,2026-05-21T00:30:37.271295
26c6d139-51d3-476a-9288-92a3228aa6e6,CHILDREN OF HEAVEN,21cineplex,,16COHN,"Drama, Family",97 menit,SU,2D,2026-05-27,3e9efb4e-1ff4-4df9-a824-2cce22b37e9d,2026-05-21T00:30:37.271380
35a1c8e6-9310-4f36-bc70-92e0070e86db,SEMUA AKAN BAIK-BAIK SAJA,21cineplex,,16SABB,Drama,113 menit,13+,2D,2026-05-21,7c742495-3ab9-4b8a-ac30-0bec9dc0da07,2026-05-21T00:30:38.765203
35a1c8e6-9310-4f36-bc70-92e0070e86db,KELUARGA SUAMI ADALAH HAMA,21cineplex,,16KSAH,Drama,117 menit,13+,2D,2026-05-21,1d3345fb-e9f1-4334-a20b-cf817508ce46,2026-05-21T00:30:38.765387
35a1c8e6-9310-4f36-bc70-92e0070e86db,THE SHEEP DETECTIVES,21cineplex,,26SDES,"Comedy, Mystery",109 menit,SU,2D,2026-05-21,53f6c64b-a3b3-46f6-9747-0c4f072bc0eb,2026-05-21T00:30:38.765506
35a1c8e6-9310-4f36-bc70-92e0070e86db,MICHAEL,21cineplex,,26MICL,Biography,127 menit,SU,2D,2026-05-21,13d2a135-a69f-4a7c-bdf4-8cc4758a6589,2026-05-21T00:30:38.765572
35a1c8e6-9310-4f36-bc70-92e0070e86db,STAR WARS: THE MANDALORIAN AND GROGU,21cineplex,,26SWMG,"Fantasy, Sci-Fi",132 menit,13+,2D,2026-05-21,27ce1f77-3571-493d-ba7a-4e9f84a6443a,2026-05-21T00:30:38.765634
35a1c8e6-9310-4f36-bc70-92e0070e86db,THE DEVIL WEARS PRADA 2,21cineplex,,26DWP2,"Comedy, Drama",119 menit,13+,2D,2026-05-21,80283982-7f73-4cc2-be2f-1538e291a192,2026-05-21T00:30:38.765712
35a1c8e6-9310-4f36-bc70-92e0070e86db,TUMBAL PROYEK,21cineplex,,16TPRK,Horror,106 menit,D17+,2D,2026-05-21,3d41fdcb-5443-4759-97e3-121ddef1bf90,2026-05-21T00:30:38.765767
35a1c8e6-9310-4f36-bc70-92e0070e86db,KAMU HARUS MATI,21cineplex,,16KHMI,"Horror, Mystery, Thriller",90 menit,13+,2D,2026-05-21,f7854913-cd37-4f19-bc66-5c63e3af98e8,2026-05-21T00:30:38.765833
35a1c8e6-9310-4f36-bc70-92e0070e86db,BADUT GENDONG,21cineplex,,16BGEG,"Action, Horror",101 menit,D17+,2D,2026-05-27,576be1ac-3845-428a-ae85-443599fc9779,2026-05-21T00:30:38.765935
35a1c8e6-9310-4f36-bc70-92e0070e86db,SEKAWAN LIMO 2: GUNUNG KLAWIH,21cineplex,,16SK2G,"Comedy, Horror",122 menit,13+,2D,2026-05-27,e408057f-bcbe-4041-860c-b7877e375540,2026-05-21T00:30:38.766023
a2d70682-f6fb-4979-9eaa-af4022549359,SEMUA AKAN BAIK-BAIK SAJA,21cineplex,,16SABB,Drama,113 menit,13+,2D,2026-05-21,8bb359cd-a346-4e8a-868d-fb42b159bee6,2026-05-21T00:30:47.947079
a2d70682-f6fb-4979-9eaa-af4022549359,YANG LAIN BOLEH HILANG ASAL KAU JANGAN,21cineplex,,16YLBH,Drama,113 menit,13+,2D,2026-05-21,e8e801e6-648c-4cd5-9be0-a767f72e97e1,2026-05-21T00:30:47.947279
a2d70682-f6fb-4979-9eaa-af4022549359,KAMU HARUS MATI,21cineplex,,16KHMI,"Horror, Mystery, Thriller",90 menit,13+,2D,2026-05-21,bcd7a6a1-1392-43df-9d4c-d6989646490e,2026-05-21T00:30:47.947397
a2d70682-f6fb-4979-9eaa-af4022549359,TUMBAL PROYEK,21cineplex,,16TPRK,Horror,106 menit,D17+,2D,2026-05-21,f5925eda-fdfe-4df1-90a2-01a3dcf27733,2026-05-21T00:30:47.947574
a2d70682-f6fb-4979-9eaa-af4022549359,BADUT GENDONG,21cineplex,,16BGEG,"Action, Horror",101 menit,D17+,2D,2026-05-27,0cc485d6-d944-4e68-89fb-773e7b6a7776,2026-05-21T00:30:47.947732
ce49a746-644e-4aea-90df-8b7e02911039,TUMBAL PROYEK,21cineplex,,16TPRK,Horror,106 menit,D17+,2D,2026-05-21,9cd93b85-6564-463c-8501-67fc8936201b,2026-05-21T00:30:47.948120
ce49a746-644e-4aea-90df-8b7e02911039,KAMU HARUS MATI,21cineplex,,16KHMI,"Horror, Mystery, Thriller",90 menit,13+,2D,2026-05-21,3b447b81-057a-46c1-9199-3d78158a0b12,2026-05-21T00:30:47.948277
ce49a746-644e-4aea-90df-8b7e02911039,GUDANG MERICA,21cineplex,,16GMEA,"Comedy, Horror",98 menit,D17+,2D,2026-05-21,9c65e5e6-97ba-4332-9d0c-2d89b7b9dbb1,2026-05-21T00:30:47.948470
ce49a746-644e-4aea-90df-8b7e02911039,STAR WARS: THE MANDALORIAN AND GROGU,21cineplex,,26SWMG,"Fantasy, Sci-Fi",132 menit,13+,2D,2026-05-21,261ae2b9-1b7e-49ee-ae4b-b25d417a75f9,2026-05-21T00:30:47.948639
ce49a746-644e-4aea-90df-8b7e02911039,SEMUA AKAN BAIK-BAIK SAJA,21cineplex,,16SABB,Drama,113 menit,13+,2D,2026-05-21,037e05e6-b706-4c42-81ad-51581d41618b,2026-05-21T00:30:47.948738
ce49a746-644e-4aea-90df-8b7e02911039,BADUT GENDONG,21cineplex,,16BGEG,"Action, Horror",101 menit,D17+,2D,2026-05-27,66cccf2c-bc6b-438d-85bf-959229f9a7c7,2026-05-21T00:30:47.948925
ad33a6df-5166-4fdd-adb2-0dbfec53bbf6,GUDANG MERICA,21cineplex,,16GMEA,"Comedy, Horror",98 menit,D17+,2D,2026-05-21,f51ba0e5-60bf-466e-b75e-7c5419503352,2026-05-21T00:30:47.949354
ad33a6df-5166-4fdd-adb2-0dbfec53bbf6,YANG LAIN BOLEH HILANG ASAL KAU JANGAN,21cineplex,,16YLBH,Drama,113 menit,13+,2D,2026-05-21,eddf2726-7517-42af-b2d2-71318ca02be1,2026-05-21T00:30:47.949529
ad33a6df-5166-4fdd-adb2-0dbfec53bbf6,STAR WARS: THE MANDALORIAN AND GROGU,21cineplex,,26SWMG,"Fantasy, Sci-Fi",132 menit,13+,2D,2026-05-21,467c4967-6361-47cc-bc82-3c1935579b55,2026-05-21T00:30:47.949707
ad33a6df-5166-4fdd-adb2-0dbfec53bbf6,KAMU HARUS MATI,21cineplex,,16KHMI,"Horror, Mystery, Thriller",90 menit,13+,2D,2026-05-21,a83408b0-231f-40b2-8539-3797c8774b86,2026-05-21T00:30:47.949836
ad33a6df-5166-4fdd-adb2-0dbfec53bbf6,TUMBAL PROYEK,21cineplex,,16TPRK,Horror,106 menit,D17+,2D,2026-05-21,bf0bfd68-a734-4a30-8a47-ba5eab9fad84,2026-05-21T00:30:47.950003
ad33a6df-5166-4fdd-adb2-0dbfec53bbf6,SEMUA AKAN BAIK-BAIK SAJA,21cineplex,,16SABB,Drama,113 menit,13+,2D,2026-05-21,67cd53ad-d68f-49f0-85f9-8980111384f6,2026-05-21T00:30:47.950276
ad33a6df-5166-4fdd-adb2-0dbfec53bbf6,SEKAWAN LIMO 2: GUNUNG KLAWIH,21cineplex,,16SK2G,"Comedy, Horror",122 menit,13+,2D,2026-05-27,605456c9-0dd0-469d-8299-529d594d827b,2026-05-21T00:30:47.950487
ad33a6df-5166-4fdd-adb2-0dbfec53bbf6,SUAMIKU LUKAKU,21cineplex,,16SLUU,Drama,92 menit,D17+,2D,2026-05-27,a52d18fc-683f-4af5-bd07-f5e19c436e35,2026-05-21T00:30:47.950648
ad33a6df-5166-4fdd-adb2-0dbfec53bbf6,CHILDREN OF HEAVEN,21cineplex,,16COHN,"Drama, Family",97 menit,SU,2D,2026-05-27,aa86373d-3100-4dee-b440-77ec12fc15de,2026-05-21T00:30:47.950818
1d2cab12-7e49-4a1f-a9e8-7c5dc02b73b6,SEMUA AKAN BAIK-BAIK SAJA,21cineplex,,16SABB,Drama,113 menit,13+,2D,2026-05-21,d7b2390c-675d-469b-aeb8-f321042f6dfc,2026-05-21T00:30:47.951181
1d2cab12-7e49-4a1f-a9e8-7c5dc02b73b6,KELUARGA SUAMI ADALAH HAMA,21cineplex,,16KSAH,Drama,117 menit,13+,2D,2026-05-21,0df619e6-171f-48bf-9fc0-ff8670ab6e8e,2026-05-21T00:30:47.951365
1d2cab12-7e49-4a1f-a9e8-7c5dc02b73b6,STAR WARS: THE MANDALORIAN AND GROGU,21cineplex,,26SWMG,"Fantasy, Sci-Fi",132 menit,13+,2D,2026-05-21,d1cf9efb-11a2-4cc0-9e1c-0ef6ec6d7490,2026-05-21T00:30:47.951539
1d2cab12-7e49-4a1f-a9e8-7c5dc02b73b6,MORTAL KOMBAT II,21cineplex,,25MKT2,"Action, Adventure",116 menit,D17+,2D,2026-05-21,c8a86f22-177b-4b2c-b3bb-0f8f3a112604,2026-05-21T00:30:47.951642
1d2cab12-7e49-4a1f-a9e8-7c5dc02b73b6,TUMBAL PROYEK,21cineplex,,16TPRK,Horror,106 menit,D17+,2D,2026-05-21,7c111540-aeab-4d38-89de-b45565875684,2026-05-21T00:30:47.951716
1d2cab12-7e49-4a1f-a9e8-7c5dc02b73b6,SEKAWAN LIMO 2: GUNUNG KLAWIH,21cineplex,,16SK2G,"Comedy, Horror",122 menit,13+,2D,2026-05-27,47d3823b-94c1-42ba-b639-26407977cebb,2026-05-21T00:30:47.951864
6dd2b50a-780f-42ca-ab51-a84199906ec3,IN THE GREY,21cineplex,,26ITGY,"Action, Thriller",97 menit,13+,2D,2026-05-21,3519eddd-308c-48a3-a18d-81b6984eca91,2026-05-21T00:30:47.952204
6dd2b50a-780f-42ca-ab51-a84199906ec3,KELUARGA SUAMI ADALAH HAMA,21cineplex,,16KSAH,Drama,117 menit,13+,2D,2026-05-21,a92bd2d3-e972-4d26-8863-4fb173c3fceb,2026-05-21T00:30:47.952296
6dd2b50a-780f-42ca-ab51-a84199906ec3,SEMUA AKAN BAIK-BAIK SAJA,21cineplex,,16SABB,Drama,113 menit,13+,2D,2026-05-21,e191f2ba-e221-4834-88ca-1ad2d00ebd14,2026-05-21T00:30:47.952679
6dd2b50a-780f-42ca-ab51-a84199906ec3,STAR WARS: THE MANDALORIAN AND GROGU,21cineplex,,26SWMG,"Fantasy, Sci-Fi",132 menit,13+,2D,2026-05-21,bfff9eec-5d3a-4fa8-92e6-bc2c02ebba64,2026-05-21T00:30:47.952812
6dd2b50a-780f-42ca-ab51-a84199906ec3,TUMBAL PROYEK,21cineplex,,16TPRK,Horror,106 menit,D17+,2D,2026-05-21,180685df-8d57-469b-9e32-ed8776dc4b38,2026-05-21T00:30:47.952944
6dd2b50a-780f-42ca-ab51-a84199906ec3,GOHAN,21cineplex,,26GOHN,Drama,140 menit,SU,2D,2026-05-21,75716081-85bf-4747-ad6e-db74732a25c1,2026-05-21T00:30:47.953055
6dd2b50a-780f-42ca-ab51-a84199906ec3,THE SHEEP DETECTIVES,21cineplex,,26SDES,"Comedy, Mystery",109 menit,SU,2D,2026-05-21,011d7203-c6c5-4df2-9f83-2ef5458d41b7,2026-05-21T00:30:47.953154
6dd2b50a-780f-42ca-ab51-a84199906ec3,MICHAEL,21cineplex,,26MICL,Biography,127 menit,SU,2D,2026-05-21,9c49686f-2a3b-46f1-8f08-4ecd8f044854,2026-05-21T00:30:47.953268
6dd2b50a-780f-42ca-ab51-a84199906ec3,BADUT GENDONG,21cineplex,,16BGEG,"Action, Horror",101 menit,D17+,2D,2026-05-27,30cd5251-0df1-4b5d-b371-27bec954061b,2026-05-21T00:30:47.953369
5ed86d18-899e-46ab-b0ab-151aa80477dd,STAR WARS: THE MANDALORIAN AND GROGU,21cineplex,,26SWMG,"Fantasy, Sci-Fi",132 menit,13+,2D,2026-05-21,ecb37ecd-878b-4acb-999b-7b969bdc4d92,2026-05-21T00:30:51.278142
5ed86d18-899e-46ab-b0ab-151aa80477dd,SEMUA AKAN BAIK-BAIK SAJA,21cineplex,,16SABB,Drama,113 menit,13+,2D,2026-05-21,8f5d265d-4d0f-4d20-8c12-ed38fb82f016,2026-05-21T00:30:51.278400
5ed86d18-899e-46ab-b0ab-151aa80477dd,TUMBAL PROYEK,21cineplex,,16TPRK,Horror,106 menit,D17+,2D,2026-05-21,503197af-982e-4eef-ae6d-dc7136b2b70e,2026-05-21T00:30:51.278715
5ed86d18-899e-46ab-b0ab-151aa80477dd,GUDANG MERICA,21cineplex,,16GMEA,"Comedy, Horror",98 menit,D17+,2D,2026-05-21,0b207168-9d95-4dad-a5cb-e8e08a138a18,2026-05-21T00:30:51.279143
5ed86d18-899e-46ab-b0ab-151aa80477dd,BADUT GENDONG,21cineplex,,16BGEG,"Action, Horror",101 menit,D17+,2D,2026-05-27,bdcfa87c-3b0c-4acb-ba9c-8d05e3cf9e5e,2026-05-21T00:30:51.279458
01ddc48a-aaaa-459a-a52d-6c4d62c952b5,MORTAL KOMBAT II,21cineplex,,25MKT2,"Action, Adventure",116 menit,D17+,2D,2026-05-21,3f865ccc-6c36-4f23-8117-5a09fefd3f81,2026-05-21T00:30:52.582238
01ddc48a-aaaa-459a-a52d-6c4d62c952b5,KELUARGA SUAMI ADALAH HAMA,21cineplex,,16KSAH,Drama,117 menit,13+,2D,2026-05-21,fb49634c-1e1f-4ec3-974a-807686e928e1,2026-05-21T00:30:52.582490
01ddc48a-aaaa-459a-a52d-6c4d62c952b5,TUMBAL PROYEK,21cineplex,,16TPRK,Horror,106 menit,D17+,2D,2026-05-21,811e536f-0ef2-49a0-8e16-298212a68eb5,2026-05-21T00:30:52.582748
01ddc48a-aaaa-459a-a52d-6c4d62c952b5,SEMUA AKAN BAIK-BAIK SAJA,21cineplex,,16SABB,Drama,113 menit,13+,2D,2026-05-21,8a9e7dde-38fe-4e39-967f-01f8ff7e020f,2026-05-21T00:30:52.582967
01ddc48a-aaaa-459a-a52d-6c4d62c952b5,STAR WARS: THE MANDALORIAN AND GROGU,21cineplex,,26SWMG,"Fantasy, Sci-Fi",132 menit,13+,2D,2026-05-21,786e6b05-b05c-4055-a767-db09f740205b,2026-05-21T00:30:52.583206
79f783d3-60df-4577-8117-d2c12d6e69a9,GUDANG MERICA,21cineplex,,16GMEA,"Comedy, Horror",98 menit,D17+,2D,2026-05-21,e0758955-4acb-4da8-b248-dc7de0613e7b,2026-05-21T00:30:54.291952
79f783d3-60df-4577-8117-d2c12d6e69a9,THE DEVIL WEARS PRADA 2,21cineplex,,26DWP2,"Comedy, Drama",119 menit,13+,2D,2026-05-21,b1aa67c5-39e0-4602-88b5-524ccef32cec,2026-05-21T00:30:54.292194
79f783d3-60df-4577-8117-d2c12d6e69a9,TUMBAL PROYEK,21cineplex,,16TPRK,Horror,106 menit,D17+,2D,2026-05-21,a729af84-500e-42d0-b815-d94d701b7b12,2026-05-21T00:30:54.292305
79f783d3-60df-4577-8117-d2c12d6e69a9,MORTAL KOMBAT II,21cineplex,,25MKT2,"Action, Adventure",116 menit,D17+,2D,2026-05-21,ad6932e9-f14f-48fa-b4b9-ea90d2ba5833,2026-05-21T00:30:54.292405
79f783d3-60df-4577-8117-d2c12d6e69a9,STAR WARS: THE MANDALORIAN AND GROGU,21cineplex,,26SWMG,"Fantasy, Sci-Fi",132 menit,13+,2D,2026-05-21,94adb42b-deb6-48b8-a4e8-16e233a3753c,2026-05-21T00:30:54.292509
79f783d3-60df-4577-8117-d2c12d6e69a9,SEMUA AKAN BAIK-BAIK SAJA,21cineplex,,16SABB,Drama,113 menit,13+,2D,2026-05-21,33bef85f-4120-488a-b18a-d0a4ab9a2662,2026-05-21T00:30:54.292628
79f783d3-60df-4577-8117-d2c12d6e69a9,SALMOKJI: WHISPERING WATER,21cineplex,,26SWWR,Horror,95 menit,D17+,2D,2026-05-21,1c9853c0-e92e-47d4-a149-2b582dae6cc4,2026-05-21T00:30:54.292775
79f783d3-60df-4577-8117-d2c12d6e69a9,SUAMIKU LUKAKU,21cineplex,,16SLUU,Drama,92 menit,D17+,2D,2026-05-27,c18df8fd-d79b-4bf0-b124-29216ec1d75f,2026-05-21T00:30:54.292864
9366a77d-b79f-486f-b00c-d0cf10756a5e,GOHAN,21cineplex,,26GOHN,Drama,140 menit,SU,2D,2026-05-21,46c581f3-6b48-4100-a4e1-28f22121e5cf,2026-05-21T00:30:55.561081
9366a77d-b79f-486f-b00c-d0cf10756a5e,MICHAEL,21cineplex,,26MICL,Biography,127 menit,SU,2D,2026-05-21,f000940f-212b-4f4f-8bf2-13c902b64bc6,2026-05-21T00:30:55.561178
9366a77d-b79f-486f-b00c-d0cf10756a5e,STAR WARS: THE MANDALORIAN AND GROGU,21cineplex,,26SWMG,"Fantasy, Sci-Fi",132 menit,13+,2D,2026-05-21,b86414d2-6116-4649-a807-f5c585c10dc6,2026-05-21T00:30:55.561239
9366a77d-b79f-486f-b00c-d0cf10756a5e,THE SHEEP DETECTIVES,21cineplex,,26SDES,"Comedy, Mystery",109 menit,SU,2D,2026-05-21,78a137cc-d5f6-42af-8651-906a3679116d,2026-05-21T00:30:55.561295
9366a77d-b79f-486f-b00c-d0cf10756a5e,MORTAL KOMBAT II,21cineplex,,25MKT2,"Action, Adventure",116 menit,D17+,2D,2026-05-21,1333f06a-c95f-4005-9c92-a9dd4ce7bb7c,2026-05-21T00:30:55.561341
5dcbc154-31bc-4aec-8c68-d3261f01741b,SEMUA AKAN BAIK-BAIK SAJA,21cineplex,,16SABB,Drama,113 menit,13+,2D,2026-05-21,d8d35ac7-22db-4ac0-b3d3-c695400de1bf,2026-05-21T00:30:58.578614
5dcbc154-31bc-4aec-8c68-d3261f01741b,STAR WARS: THE MANDALORIAN AND GROGU,21cineplex,,26SWMG,"Fantasy, Sci-Fi",132 menit,13+,2D,2026-05-21,917d0b81-4cbd-45e6-973b-ac0ec65884dd,2026-05-21T00:30:58.578938
5dcbc154-31bc-4aec-8c68-d3261f01741b,GHOST IN THE CELL,21cineplex,,16GITC,"Comedy, Horror",106 menit,D17+,2D,2026-05-21,bbd0816a-e924-4df7-8840-561b3d700247,2026-05-21T00:30:58.579080
5dcbc154-31bc-4aec-8c68-d3261f01741b,GUDANG MERICA,21cineplex,,16GMEA,"Comedy, Horror",98 menit,D17+,2D,2026-05-21,341e4f51-c939-461f-8923-9fa8e99167e5,2026-05-21T00:30:58.579234
08c8395b-5de8-4fbe-9bff-aaa3470b6427,SEMUA AKAN BAIK-BAIK SAJA,21cineplex,,16SABB,Drama,113 menit,13+,2D,2026-05-21,798d19c1-70a3-432a-83c3-887cfb53c592,2026-05-21T00:31:00.119729
08c8395b-5de8-4fbe-9bff-aaa3470b6427,GUDANG MERICA,21cineplex,,16GMEA,"Comedy, Horror",98 menit,D17+,2D,2026-05-21,64693dd2-5002-4b97-90d7-3702e92c3342,2026-05-21T00:31:00.119911
08c8395b-5de8-4fbe-9bff-aaa3470b6427,KELUARGA SUAMI ADALAH HAMA,21cineplex,,16KSAH,Drama,117 menit,13+,2D,2026-05-21,1346a2f3-0b46-43a4-8331-773e2fb3f25a,2026-05-21T00:31:00.120040
08c8395b-5de8-4fbe-9bff-aaa3470b6427,MORTAL KOMBAT II,21cineplex,,25MKT2,"Action, Adventure",116 menit,D17+,2D,2026-05-21,b6f2f690-6f79-479d-a4ca-6a2e714cf41f,2026-05-21T00:31:00.120159
08c8395b-5de8-4fbe-9bff-aaa3470b6427,STAR WARS: THE MANDALORIAN AND GROGU,21cineplex,,26SWMG,"Fantasy, Sci-Fi",132 menit,13+,2D,2026-05-21,b72722f6-2bec-4e26-83db-e9a615a92f72,2026-05-21T00:31:00.120253
08c8395b-5de8-4fbe-9bff-aaa3470b6427,YANG LAIN BOLEH HILANG ASAL KAU JANGAN,21cineplex,,16YLBH,Drama,113 menit,13+,2D,2026-05-21,3fa15972-4ed4-4bce-9613-5f8f879a9270,2026-05-21T00:31:00.120317
08c8395b-5de8-4fbe-9bff-aaa3470b6427,GHOST IN THE CELL,21cineplex,,16GITC,"Comedy, Horror",106 menit,D17+,2D,2026-05-21,8f170739-7f40-4b05-afa6-73031a433c5c,2026-05-21T00:31:00.120410
08c8395b-5de8-4fbe-9bff-aaa3470b6427,TUMBAL PROYEK,21cineplex,,16TPRK,Horror,106 menit,D17+,2D,2026-05-21,39d13e86-5f05-425c-b265-7ad88a571fa7,2026-05-21T00:31:00.120487
08c8395b-5de8-4fbe-9bff-aaa3470b6427,SEKAWAN LIMO 2: GUNUNG KLAWIH,21cineplex,,16SK2G,"Comedy, Horror",122 menit,13+,2D,2026-05-27,515f4e43-ffad-41d3-ba22-d7d25221c234,2026-05-21T00:31:00.120608
08c8395b-5de8-4fbe-9bff-aaa3470b6427,CHILDREN OF HEAVEN,21cineplex,,16COHN,"Drama, Family",97 menit,SU,2D,2026-05-27,0ccf97d2-1ecf-4eea-a659-d51c56bd50f0,2026-05-21T00:31:00.120719
08c8395b-5de8-4fbe-9bff-aaa3470b6427,BADUT GENDONG,21cineplex,,16BGEG,"Action, Horror",101 menit,D17+,2D,2026-05-27,27b23d7e-07be-458e-a3f1-8ce155ca53d4,2026-05-21T00:31:00.120840
caf16fb9-d4a4-419b-90b4-ac443c7a4bbf,TUMBAL PROYEK,21cineplex,,16TPRK,Horror,106 menit,D17+,2D,2026-05-21,e3636a13-711f-4b04-9b0e-13904ae7b790,2026-05-21T00:31:01.572770
caf16fb9-d4a4-419b-90b4-ac443c7a4bbf,SEMUA AKAN BAIK-BAIK SAJA,21cineplex,,16SABB,Drama,113 menit,13+,2D,2026-05-21,12634de0-903d-4804-9517-414884c4f2f6,2026-05-21T00:31:01.573067
caf16fb9-d4a4-419b-90b4-ac443c7a4bbf,SALMOKJI: WHISPERING WATER,21cineplex,,26SWWR,Horror,95 menit,D17+,2D,2026-05-21,159805a3-6742-4630-a706-ba06cb5a5b31,2026-05-21T00:31:01.573281
caf16fb9-d4a4-419b-90b4-ac443c7a4bbf,STAR WARS: THE MANDALORIAN AND GROGU,21cineplex,,26SWMG,"Fantasy, Sci-Fi",132 menit,13+,2D,2026-05-21,14584133-b757-4387-896d-9062880e2837,2026-05-21T00:31:01.573425
caf16fb9-d4a4-419b-90b4-ac443c7a4bbf,GUDANG MERICA,21cineplex,,16GMEA,"Comedy, Horror",98 menit,D17+,2D,2026-05-21,7867ac7d-56d3-44c9-a459-eb9780fa5a07,2026-05-21T00:31:01.573523
caf16fb9-d4a4-419b-90b4-ac443c7a4bbf,SEKAWAN LIMO 2: GUNUNG KLAWIH,21cineplex,,16SK2G,"Comedy, Horror",122 menit,13+,2D,2026-05-27,359ec9d4-96f2-4536-87fe-6e3cae7395c7,2026-05-21T00:31:01.573722
caf16fb9-d4a4-419b-90b4-ac443c7a4bbf,CHILDREN OF HEAVEN,21cineplex,,16COHN,"Drama, Family",97 menit,SU,2D,2026-05-27,0e82bc75-d24a-441f-a884-c6dc0f26ce3d,2026-05-21T00:31:01.573910
b22cbb92-62bd-40d7-81c3-5a3fbfd684ba,STAR WARS: THE MANDALORIAN AND GROGU,21cineplex,,26SWMG,"Fantasy, Sci-Fi",132 menit,13+,2D,2026-05-21,a55f6a08-7dad-49c4-9898-0a6ca2e33d38,2026-05-21T00:31:03.290786
b22cbb92-62bd-40d7-81c3-5a3fbfd684ba,TUMBAL PROYEK,21cineplex,,16TPRK,Horror,106 menit,D17+,2D,2026-05-21,9c8fdffc-4e48-439c-a631-1583a94c8396,2026-05-21T00:31:03.290894
b22cbb92-62bd-40d7-81c3-5a3fbfd684ba,GUDANG MERICA,21cineplex,,16GMEA,"Comedy, Horror",98 menit,D17+,2D,2026-05-21,349cc242-81ad-41ad-bec9-9d61c61dba54,2026-05-21T00:31:03.290972
b22cbb92-62bd-40d7-81c3-5a3fbfd684ba,SEMUA AKAN BAIK-BAIK SAJA,21cineplex,,16SABB,Drama,113 menit,13+,2D,2026-05-21,a04bc4ed-cf21-444c-a314-24867e8e49a1,2026-05-21T00:31:03.291057
b22cbb92-62bd-40d7-81c3-5a3fbfd684ba,MORTAL KOMBAT II,21cineplex,,25MKT2,"Action, Adventure",116 menit,D17+,2D,2026-05-21,25091755-0485-46be-9edf-a8f1ff41651d,2026-05-21T00:31:03.291155
b22cbb92-62bd-40d7-81c3-5a3fbfd684ba,YANG LAIN BOLEH HILANG ASAL KAU JANGAN,21cineplex,,16YLBH,Drama,113 menit,13+,2D,2026-05-21,8930a9ee-e0bc-41f2-985f-77d549e5c5e7,2026-05-21T00:31:03.291211
b22cbb92-62bd-40d7-81c3-5a3fbfd684ba,CHILDREN OF HEAVEN,21cineplex,,16COHN,"Drama, Family",97 menit,SU,2D,2026-05-27,4a460ccb-1086-4e0f-ae37-804a2d7207ba,2026-05-21T00:31:03.291278
b22cbb92-62bd-40d7-81c3-5a3fbfd684ba,BADUT GENDONG,21cineplex,,16BGEG,"Action, Horror",101 menit,D17+,2D,2026-05-27,4a221f29-f8b0-44d1-8617-e70b3f93d045,2026-05-21T00:31:03.291357
ee5291ef-3bc6-417d-99af-66a3353dfb4a,GOHAN,21cineplex,,26GOHN,Drama,140 menit,SU,2D,2026-05-21,1debaa74-4705-4287-842c-92a46bf69725,2026-05-21T00:31:04.627479
ee5291ef-3bc6-417d-99af-66a3353dfb4a,GHOST IN THE CELL,21cineplex,,16GITC,"Comedy, Horror",106 menit,D17+,2D,2026-05-21,28fd0aeb-8e89-4f45-8e36-86999def4923,2026-05-21T00:31:04.627662
ee5291ef-3bc6-417d-99af-66a3353dfb4a,GUDANG MERICA,21cineplex,,16GMEA,"Comedy, Horror",98 menit,D17+,2D,2026-05-21,0c58c6b5-8298-4708-bc09-9e4fc6215fdb,2026-05-21T00:31:04.627831
ee5291ef-3bc6-417d-99af-66a3353dfb4a,SALMOKJI: WHISPERING WATER,21cineplex,,26SWWR,Horror,95 menit,D17+,2D,2026-05-21,c7579619-1173-4d62-a102-ffc8ad824291,2026-05-21T00:31:04.628080
2c288834-9188-4500-806c-139c74c8f665,KELUARGA SUAMI ADALAH HAMA,21cineplex,,16KSAH,Drama,117 menit,13+,2D,2026-05-21,5cd8f895-1592-47b7-bd2b-9a15c7cf1b94,2026-05-21T00:31:09.103210
2c288834-9188-4500-806c-139c74c8f665,STAR WARS: THE MANDALORIAN AND GROGU,21cineplex,,26SWMG,"Fantasy, Sci-Fi",132 menit,13+,2D,2026-05-21,5ecef66c-de1c-4f32-8ad6-1db94cbfac61,2026-05-21T00:31:09.103700
2c288834-9188-4500-806c-139c74c8f665,TUMBAL PROYEK,21cineplex,,16TPRK,Horror,106 menit,D17+,2D,2026-05-21,d0808773-8139-4fb8-ac55-1222abe44be9,2026-05-21T00:31:09.103907
2c288834-9188-4500-806c-139c74c8f665,SEMUA AKAN BAIK-BAIK SAJA,21cineplex,,16SABB,Drama,113 menit,13+,2D,2026-05-21,ef285fdb-9194-48c6-93a6-a94a783fd167,2026-05-21T00:31:09.104034
2c288834-9188-4500-806c-139c74c8f665,MORTAL KOMBAT II,21cineplex,,25MKT2,"Action, Adventure",116 menit,D17+,2D,2026-05-21,741839c2-2af8-4cbf-9442-6d5d64664cf2,2026-05-21T00:31:09.104295
2c288834-9188-4500-806c-139c74c8f665,MICHAEL,21cineplex,,26MICL,Biography,127 menit,SU,2D,2026-05-21,4c618d11-acc1-4ec2-99bc-eb44c0c3a3fb,2026-05-21T00:31:09.104431
2c288834-9188-4500-806c-139c74c8f665,GOHAN,21cineplex,,26GOHN,Drama,140 menit,SU,2D,2026-05-21,69dac608-a9ff-4d7b-a78f-a6373f604540,2026-05-21T00:31:09.104568
2c288834-9188-4500-806c-139c74c8f665,SEKAWAN LIMO 2: GUNUNG KLAWIH,21cineplex,,16SK2G,"Comedy, Horror",122 menit,13+,2D,2026-05-27,1c521f74-e2c4-47da-af6f-14a7d0aad9cf,2026-05-21T00:31:09.104759
5eceab7e-bad7-489d-bd91-1298ebc1b4f4,SEMUA AKAN BAIK-BAIK SAJA,21cineplex,,16SABB,Drama,113 menit,13+,2D,2026-05-21,57408dbe-d52f-4379-8776-7aaadf8a9606,2026-05-21T00:31:12.318908
5eceab7e-bad7-489d-bd91-1298ebc1b4f4,GHOST IN THE CELL,21cineplex,,16GITC,"Comedy, Horror",106 menit,D17+,2D,2026-05-21,b4c42e52-a1b8-4cb8-9ff5-58a522e5931e,2026-05-21T00:31:12.318998
5eceab7e-bad7-489d-bd91-1298ebc1b4f4,GOHAN,21cineplex,,26GOHN,Drama,140 menit,SU,2D,2026-05-21,659fd5a1-a523-4d63-91e1-0268e028ced1,2026-05-21T00:31:12.319068
5eceab7e-bad7-489d-bd91-1298ebc1b4f4,TUMBAL PROYEK,21cineplex,,16TPRK,Horror,106 menit,D17+,2D,2026-05-21,19f5c383-dca2-4bd7-b8ca-7237d0c21c54,2026-05-21T00:31:12.319108
5eceab7e-bad7-489d-bd91-1298ebc1b4f4,STAR WARS: THE MANDALORIAN AND GROGU,21cineplex,,26SWMG,"Fantasy, Sci-Fi",132 menit,13+,2D,2026-05-21,fa5aef3a-301c-4337-95b1-e2b4a1702f9f,2026-05-21T00:31:12.319154
5eceab7e-bad7-489d-bd91-1298ebc1b4f4,KELUARGA SUAMI ADALAH HAMA,21cineplex,,16KSAH,Drama,117 menit,13+,2D,2026-05-21,db3bb929-835c-4ad4-89cc-a9abe22047c2,2026-05-21T00:31:12.319207
5eceab7e-bad7-489d-bd91-1298ebc1b4f4,MORTAL KOMBAT II,21cineplex,,25MKT2,"Action, Adventure",116 menit,D17+,2D,2026-05-21,f69a118c-00a6-49cf-9565-d4548c6de36f,2026-05-21T00:31:12.319284
5eceab7e-bad7-489d-bd91-1298ebc1b4f4,CHILDREN OF HEAVEN,21cineplex,,16COHN,"Drama, Family",97 menit,SU,2D,2026-05-27,23d42bae-c7df-4ae0-99ab-c6c6a1a1fd92,2026-05-21T00:31:12.319326
5eceab7e-bad7-489d-bd91-1298ebc1b4f4,SEKAWAN LIMO 2: GUNUNG KLAWIH,21cineplex,,16SK2G,"Comedy, Horror",122 menit,13+,2D,2026-05-27,6c349fca-744a-4828-b513-68b1f78deb5e,2026-05-21T00:31:12.319389
6bcbf963-d9d1-4504-8abb-a22f35e7225e,GHOST IN THE CELL,21cineplex,,16GITC,"Comedy, Horror",106 menit,D17+,2D,2026-05-21,3bdac2ae-6e43-4386-bd34-4c885ccf8078,2026-05-21T00:31:13.589550
6bcbf963-d9d1-4504-8abb-a22f35e7225e,"AYAH, INI ARAHNYA KEMANA, YA?",21cineplex,,16AIAK,Drama,103 menit,13+,2D,2026-05-21,d04e3cc7-84f0-4a74-9ebe-f0bbf26dbfb3,2026-05-21T00:31:13.589627
6bcbf963-d9d1-4504-8abb-a22f35e7225e,KAMU HARUS MATI,21cineplex,,16KHMI,"Horror, Mystery, Thriller",90 menit,13+,2D,2026-05-21,37b2dcb4-81ba-44fc-9265-81fb6f6bf18e,2026-05-21T00:31:13.589680
6bcbf963-d9d1-4504-8abb-a22f35e7225e,TUMBAL PROYEK,21cineplex,,16TPRK,Horror,106 menit,D17+,2D,2026-05-21,d67d06ab-319a-4b67-9f65-0d48585b3cff,2026-05-21T00:31:13.589767
6bcbf963-d9d1-4504-8abb-a22f35e7225e,SEMUA AKAN BAIK-BAIK SAJA,21cineplex,,16SABB,Drama,113 menit,13+,2D,2026-05-21,7e6ad409-2084-4b63-9c21-da54d3c4580f,2026-05-21T00:31:13.589982
6bcbf963-d9d1-4504-8abb-a22f35e7225e,YANG LAIN BOLEH HILANG ASAL KAU JANGAN,21cineplex,,16YLBH,Drama,113 menit,13+,2D,2026-05-21,b1b54030-528e-4134-ab62-0a3f2584ed0f,2026-05-21T00:31:13.590068
6bcbf963-d9d1-4504-8abb-a22f35e7225e,SUAMIKU LUKAKU,21cineplex,,16SLUU,Drama,92 menit,D17+,2D,2026-05-27,3345c4cb-254b-413b-b3ff-dcd44a0a4911,2026-05-21T00:31:13.590127
6bcbf963-d9d1-4504-8abb-a22f35e7225e,BADUT GENDONG,21cineplex,,16BGEG,"Action, Horror",101 menit,D17+,2D,2026-05-27,4676b358-f337-4ac8-a147-cabd2a425e65,2026-05-21T00:31:13.590206
6bcbf963-d9d1-4504-8abb-a22f35e7225e,CHILDREN OF HEAVEN,21cineplex,,16COHN,"Drama, Family",97 menit,SU,2D,2026-05-27,1f00c22d-66b9-48e7-981f-39bd9085c3ec,2026-05-21T00:31:13.590284
c7cfc024-1114-40bd-9d02-8d6a45a28973,LEE CRONIN'S THE MUMMY,21cineplex,,26LCTM,Horror,134 menit,D17+,2D,2026-05-21,201d8b76-69ac-408c-a864-8a3573377c72,2026-05-21T00:31:15.302886
c7cfc024-1114-40bd-9d02-8d6a45a28973,SALMOKJI: WHISPERING WATER,21cineplex,,26SWWR,Horror,95 menit,D17+,2D,2026-05-21,c6c2e0bd-5213-40dd-89b4-53a820b3e0cb,2026-05-21T00:31:15.303138
c7cfc024-1114-40bd-9d02-8d6a45a28973,GHOST IN THE CELL,21cineplex,,16GITC,"Comedy, Horror",106 menit,D17+,2D,2026-05-21,eeb1e898-9e87-40aa-bb22-1320a99933e8,2026-05-21T00:31:15.303335
c7cfc024-1114-40bd-9d02-8d6a45a28973,GOHAN,21cineplex,,26GOHN,Drama,140 menit,SU,2D,2026-05-21,48a33bde-eec6-457a-9447-575fdf130500,2026-05-21T00:31:15.303612
c7cfc024-1114-40bd-9d02-8d6a45a28973,THE DEVIL WEARS PRADA 2,21cineplex,,26DWP2,"Comedy, Drama",119 menit,13+,2D,2026-05-21,8739fd97-d591-4276-96de-5dc6bc5a4351,2026-05-21T00:31:15.303847
c7cfc024-1114-40bd-9d02-8d6a45a28973,THE SHEEP DETECTIVES,21cineplex,,26SDES,"Comedy, Mystery",109 menit,SU,2D,2026-05-21,4bef7fc5-4762-4d70-b302-9488023bac42,2026-05-21T00:31:15.304035
c7cfc024-1114-40bd-9d02-8d6a45a28973,STAR WARS: THE MANDALORIAN AND GROGU,21cineplex,,26SWMG,"Fantasy, Sci-Fi",132 menit,13+,3D,2026-05-21,cbf0e7ba-491c-4433-9a49-aa38c4c07bd1,2026-05-21T00:31:15.304189
c7cfc024-1114-40bd-9d02-8d6a45a28973,BADUT GENDONG,21cineplex,,16BGEG,"Action, Horror",101 menit,D17+,2D,2026-05-27,4760209d-7f7a-4a88-903b-225cfb41572b,2026-05-21T00:31:15.304496
797db03d-3a17-40cb-894b-dab6547b414e,TUMBAL PROYEK,21cineplex,,16TPRK,Horror,106 menit,D17+,2D,2026-05-21,c705ce08-17ba-459b-b34d-770b32da92ce,2026-05-21T00:31:19.643392
797db03d-3a17-40cb-894b-dab6547b414e,GOHAN,21cineplex,,26GOHN,Drama,140 menit,SU,2D,2026-05-21,44ea5ff3-5ad0-4f74-a899-406791d282ab,2026-05-21T00:31:19.643597
797db03d-3a17-40cb-894b-dab6547b414e,SEMUA AKAN BAIK-BAIK SAJA,21cineplex,,16SABB,Drama,113 menit,13+,2D,2026-05-21,5266cce2-3a49-4ff9-91e2-eaee8a4e5f00,2026-05-21T00:31:19.643761
797db03d-3a17-40cb-894b-dab6547b414e,IN THE GREY,21cineplex,,26ITGY,"Action, Thriller",97 menit,13+,2D,2026-05-21,9ec948eb-16dc-4473-a062-52403f0c321b,2026-05-21T00:31:19.643882
797db03d-3a17-40cb-894b-dab6547b414e,KAMU HARUS MATI,21cineplex,,16KHMI,"Horror, Mystery, Thriller",90 menit,13+,2D,2026-05-21,0ad5ddc5-9f41-4960-87d2-3fb31cde4313,2026-05-21T00:31:19.643952
797db03d-3a17-40cb-894b-dab6547b414e,YANG LAIN BOLEH HILANG ASAL KAU JANGAN,21cineplex,,16YLBH,Drama,113 menit,13+,2D,2026-05-21,3129e819-9ccf-4977-89b4-b2a61e192dec,2026-05-21T00:31:19.644041
797db03d-3a17-40cb-894b-dab6547b414e,KELUARGA SUAMI ADALAH HAMA,21cineplex,,16KSAH,Drama,117 menit,13+,2D,2026-05-21,60119cab-a81b-4697-8cc7-2f831ab3a1bb,2026-05-21T00:31:19.644123
797db03d-3a17-40cb-894b-dab6547b414e,FUZE,21cineplex,,26FUZE,"Action, Crime",96 menit,D17+,2D,2026-05-21,1cc3c326-ab71-4dc1-80eb-a92ae08701c8,2026-05-21T00:31:19.644211
797db03d-3a17-40cb-894b-dab6547b414e,GUDANG MERICA,21cineplex,,16GMEA,"Comedy, Horror",98 menit,D17+,2D,2026-05-21,a9ff4af8-f520-43a8-8184-af5ecf4c212f,2026-05-21T00:31:19.644261
797db03d-3a17-40cb-894b-dab6547b414e,GHOST IN THE CELL,21cineplex,,16GITC,"Comedy, Horror",106 menit,D17+,2D,2026-05-21,cdfd2908-26b3-4cfe-bf71-0e704091080e,2026-05-21T00:31:19.644346
797db03d-3a17-40cb-894b-dab6547b414e,STAR WARS: THE MANDALORIAN AND GROGU,21cineplex,,26SWMG,"Fantasy, Sci-Fi",132 menit,13+,3D,2026-05-21,453d6426-15f0-4600-96b8-ca10915be975,2026-05-21T00:31:19.644408
797db03d-3a17-40cb-894b-dab6547b414e,CHILDREN OF HEAVEN,21cineplex,,16COHN,"Drama, Family",97 menit,SU,2D,2026-05-27,88b61e51-dacb-4ce4-ac94-6a635c7e5b73,2026-05-21T00:31:19.644520
797db03d-3a17-40cb-894b-dab6547b414e,SUAMIKU LUKAKU,21cineplex,,16SLUU,Drama,92 menit,D17+,2D,2026-05-27,2c5fcf4b-28e0-4e5d-9521-8afd9dbccf62,2026-05-21T00:31:19.644598
797db03d-3a17-40cb-894b-dab6547b414e,BADUT GENDONG,21cineplex,,16BGEG,"Action, Horror",101 menit,D17+,2D,2026-05-27,383ee3e9-2871-47df-8bfd-e0885e227256,2026-05-21T00:31:19.644683
797db03d-3a17-40cb-894b-dab6547b414e,SEKAWAN LIMO 2: GUNUNG KLAWIH,21cineplex,,16SK2G,"Comedy, Horror",122 menit,13+,2D,2026-05-27,612d8f71-1445-4981-b403-fbfcd253b134,2026-05-21T00:31:19.644766
229ba3a6-8f32-410e-9e09-ebbd5f58f043,TUMBAL PROYEK,21cineplex,,16TPRK,Horror,106 menit,D17+,2D,2026-05-21,04637cd2-7d87-48e8-a9e7-b3d64b9a1dae,2026-05-21T00:31:21.329662
229ba3a6-8f32-410e-9e09-ebbd5f58f043,GUDANG MERICA,21cineplex,,16GMEA,"Comedy, Horror",98 menit,D17+,2D,2026-05-21,e2245f34-5e63-4b7b-a2f2-599794fefb0d,2026-05-21T00:31:21.329963
229ba3a6-8f32-410e-9e09-ebbd5f58f043,TIBA TIBA SETAN,21cineplex,,16TTSN,"Comedy, Horror",113 menit,13+,2D,2026-05-21,d5f32203-f5d5-4ad5-905e-106d70b34dc9,2026-05-21T00:31:21.330290
229ba3a6-8f32-410e-9e09-ebbd5f58f043,KELUARGA SUAMI ADALAH HAMA,21cineplex,,16KSAH,Drama,117 menit,13+,2D,2026-05-21,1f305acf-99ba-4b9f-b111-bdf2a63ff69b,2026-05-21T00:31:21.330578
229ba3a6-8f32-410e-9e09-ebbd5f58f043,YANG LAIN BOLEH HILANG ASAL KAU JANGAN,21cineplex,,16YLBH,Drama,113 menit,13+,2D,2026-05-21,85f3461b-ed55-413a-95c1-c661c1674fc1,2026-05-21T00:31:21.330833
229ba3a6-8f32-410e-9e09-ebbd5f58f043,SEMUA AKAN BAIK-BAIK SAJA,21cineplex,,16SABB,Drama,113 menit,13+,2D,2026-05-21,2131844e-cc03-47e2-9204-f6f405e5658b,2026-05-21T00:31:21.331083
229ba3a6-8f32-410e-9e09-ebbd5f58f043,STAR WARS: THE MANDALORIAN AND GROGU,21cineplex,,26SWMG,"Fantasy, Sci-Fi",132 menit,13+,2D,2026-05-21,e87793de-9df9-4db9-8bbd-aa928dc5f9ec,2026-05-21T00:31:21.331385
229ba3a6-8f32-410e-9e09-ebbd5f58f043,BADUT GENDONG,21cineplex,,16BGEG,"Action, Horror",101 menit,D17+,2D,2026-05-27,48f32c4e-ab27-4a1e-a2d8-aa7daf0e2fa4,2026-05-21T00:31:21.331618
229ba3a6-8f32-410e-9e09-ebbd5f58f043,SEKAWAN LIMO 2: GUNUNG KLAWIH,21cineplex,,16SK2G,"Comedy, Horror",122 menit,13+,2D,2026-05-27,ecaac164-7181-418a-868c-518cc0f4fe51,2026-05-21T00:31:21.331907
229ba3a6-8f32-410e-9e09-ebbd5f58f043,CHILDREN OF HEAVEN,21cineplex,,16COHN,"Drama, Family",97 menit,SU,2D,2026-05-27,f4249c89-11a7-4c2f-838e-edbee1619ca5,2026-05-21T00:31:21.332193
3b7c63b6-bcb3-4576-a53f-6ec2bd63b7cf,DILAN ITB 1997,21cineplex,,16DI97,"Drama, Romance",110 menit,13+,2D,2026-05-21,e6b54929-06a4-4cee-8fdd-d03363ba870d,2026-05-21T00:31:22.589458
3b7c63b6-bcb3-4576-a53f-6ec2bd63b7cf,SEMUA AKAN BAIK-BAIK SAJA,21cineplex,,16SABB,Drama,113 menit,13+,2D,2026-05-21,2f5c6f2b-7e7d-4a1c-b0f4-dce422c55aa4,2026-05-21T00:31:22.589517
3b7c63b6-bcb3-4576-a53f-6ec2bd63b7cf,STAR WARS: THE MANDALORIAN AND GROGU,21cineplex,,26SWMG,"Fantasy, Sci-Fi",132 menit,13+,2D,2026-05-21,84b6daaa-1e99-485d-a196-a30289691b54,2026-05-21T00:31:22.589574
3b7c63b6-bcb3-4576-a53f-6ec2bd63b7cf,GUDANG MERICA,21cineplex,,16GMEA,"Comedy, Horror",98 menit,D17+,2D,2026-05-21,5ac963dc-8047-4d05-87fb-309e427e222e,2026-05-21T00:31:22.589609
3b7c63b6-bcb3-4576-a53f-6ec2bd63b7cf,IN THE GREY,21cineplex,,26ITGY,"Action, Thriller",97 menit,13+,2D,2026-05-21,f0c79ff3-b25b-48e0-abee-4a40617ca3dc,2026-05-21T00:31:22.589671
3b7c63b6-bcb3-4576-a53f-6ec2bd63b7cf,TUMBAL PROYEK,21cineplex,,16TPRK,Horror,106 menit,D17+,2D,2026-05-21,e004d974-8862-475a-85c2-b2925826cb9f,2026-05-21T00:31:22.589711
3b7c63b6-bcb3-4576-a53f-6ec2bd63b7cf,SEKAWAN LIMO 2: GUNUNG KLAWIH,21cineplex,,16SK2G,"Comedy, Horror",122 menit,13+,2D,2026-05-27,f9dfb93f-46e6-4d5d-adfa-2710bf510fe5,2026-05-21T00:31:22.589769
424968c8-305f-40bb-9c28-15641c9d99bd,STAR WARS: THE MANDALORIAN AND GROGU,21cineplex,,26SWMG,"Fantasy, Sci-Fi",132 menit,13+,2D,2026-05-21,02783851-ae1d-4795-ab11-2f29103c377f,2026-05-21T00:31:24.295878
424968c8-305f-40bb-9c28-15641c9d99bd,SEMUA AKAN BAIK-BAIK SAJA,21cineplex,,16SABB,Drama,113 menit,13+,2D,2026-05-21,750f572c-e376-4ea2-aa02-3a4b781f17ee,2026-05-21T00:31:24.296069
424968c8-305f-40bb-9c28-15641c9d99bd,GHOST IN THE CELL,21cineplex,,16GITC,"Comedy, Horror",106 menit,D17+,2D,2026-05-21,e5d87d59-5f41-4fe2-ab9a-9cc081076017,2026-05-21T00:31:24.296233
424968c8-305f-40bb-9c28-15641c9d99bd,SALMOKJI: WHISPERING WATER,21cineplex,,26SWWR,Horror,95 menit,D17+,2D,2026-05-21,72d4923d-cbf0-4956-b8e6-7b4c95db283c,2026-05-21T00:31:24.296334
424968c8-305f-40bb-9c28-15641c9d99bd,GUDANG MERICA,21cineplex,,16GMEA,"Comedy, Horror",98 menit,D17+,2D,2026-05-21,9c387426-6267-4402-9236-22ca0814dd2b,2026-05-21T00:31:24.296430
424968c8-305f-40bb-9c28-15641c9d99bd,GOHAN,21cineplex,,26GOHN,Drama,140 menit,SU,2D,2026-05-21,2583af9f-ccfa-4015-b072-83490c49f847,2026-05-21T00:31:24.296592
424968c8-305f-40bb-9c28-15641c9d99bd,BADUT GENDONG,21cineplex,,16BGEG,"Action, Horror",101 menit,D17+,2D,2026-05-27,a78acd3e-4e73-41a6-a25c-05e16c8256d1,2026-05-21T00:31:24.296690
76dd1320-6bcd-4b4a-b323-ff7367f2e5b6,STAR WARS: THE MANDALORIAN AND GROGU,21cineplex,,26SWMG,"Fantasy, Sci-Fi",132 menit,13+,2D,2026-05-21,9a5903cb-1f03-4b4c-84b8-c6f4a1dbbc20,2026-05-21T00:31:27.105055
76dd1320-6bcd-4b4a-b323-ff7367f2e5b6,KELUARGA SUAMI ADALAH HAMA,21cineplex,,16KSAH,Drama,117 menit,13+,2D,2026-05-21,adf93465-a9fc-4124-93c4-bfe545ea6c21,2026-05-21T00:31:27.105347
76dd1320-6bcd-4b4a-b323-ff7367f2e5b6,DILAN ITB 1997,21cineplex,,16DI97,"Drama, Romance",110 menit,13+,2D,2026-05-21,54895e32-2adf-4a9c-b00f-8ebdfac634d6,2026-05-21T00:31:27.105644
76dd1320-6bcd-4b4a-b323-ff7367f2e5b6,SEMUA AKAN BAIK-BAIK SAJA,21cineplex,,16SABB,Drama,113 menit,13+,2D,2026-05-21,ec8f6af1-73aa-4f1a-bbaa-bb5325fc0e92,2026-05-21T00:31:27.105788
76dd1320-6bcd-4b4a-b323-ff7367f2e5b6,GHOST IN THE CELL,21cineplex,,16GITC,"Comedy, Horror",106 menit,D17+,2D,2026-05-21,63b1b031-cd38-44a5-9f36-ad31062ff9e0,2026-05-21T00:31:27.106101
76dd1320-6bcd-4b4a-b323-ff7367f2e5b6,TUMBAL PROYEK,21cineplex,,16TPRK,Horror,106 menit,D17+,2D,2026-05-21,835de129-f5de-40c8-a759-5309a5bc20dc,2026-05-21T00:31:27.106368
76dd1320-6bcd-4b4a-b323-ff7367f2e5b6,YANG LAIN BOLEH HILANG ASAL KAU JANGAN,21cineplex,,16YLBH,Drama,113 menit,13+,2D,2026-05-21,5aa729a3-7f3c-4878-b00c-ddb7c62e65a3,2026-05-21T00:31:27.106798
76dd1320-6bcd-4b4a-b323-ff7367f2e5b6,BADUT GENDONG,21cineplex,,16BGEG,"Action, Horror",101 menit,D17+,2D,2026-05-27,5bc8bab9-61f7-4608-b20f-d5f684008140,2026-05-21T00:31:27.107012
4254e4bf-800a-4071-aa5d-3c7dece952a2,GHOST IN THE CELL,21cineplex,,16GITC,"Comedy, Horror",106 menit,D17+,2D,2026-05-21,0abd8e21-7742-403d-b67d-2d92839a17c1,2026-05-21T00:31:30.319185
4254e4bf-800a-4071-aa5d-3c7dece952a2,STAR WARS: THE MANDALORIAN AND GROGU,21cineplex,,26SWMG,"Fantasy, Sci-Fi",132 menit,13+,2D,2026-05-21,485da53f-bb4a-4a93-84ce-61047f66c419,2026-05-21T00:31:30.319496
4254e4bf-800a-4071-aa5d-3c7dece952a2,TIBA TIBA SETAN,21cineplex,,16TTSN,"Comedy, Horror",113 menit,13+,2D,2026-05-21,80e8f805-536f-472a-980d-071d03da094e,2026-05-21T00:31:30.319725
4254e4bf-800a-4071-aa5d-3c7dece952a2,SEMUA AKAN BAIK-BAIK SAJA,21cineplex,,16SABB,Drama,113 menit,13+,2D,2026-05-21,061edff0-4b5e-43f3-b9df-60c62d765261,2026-05-21T00:31:30.320005
4254e4bf-800a-4071-aa5d-3c7dece952a2,MORTAL KOMBAT II,21cineplex,,25MKT2,"Action, Adventure",116 menit,D17+,2D,2026-05-21,46e3bb7f-9126-4cc1-a921-faa4809c25a0,2026-05-21T00:31:30.320474
4254e4bf-800a-4071-aa5d-3c7dece952a2,YANG LAIN BOLEH HILANG ASAL KAU JANGAN,21cineplex,,16YLBH,Drama,113 menit,13+,2D,2026-05-21,0a3fcce3-1c5f-4815-949c-796d1bce6fb7,2026-05-21T00:31:30.320625
4254e4bf-800a-4071-aa5d-3c7dece952a2,GUDANG MERICA,21cineplex,,16GMEA,"Comedy, Horror",98 menit,D17+,2D,2026-05-21,ba759ddd-be55-4d09-b4a1-d4429a762cb8,2026-05-21T00:31:30.320794
4254e4bf-800a-4071-aa5d-3c7dece952a2,TUMBAL PROYEK,21cineplex,,16TPRK,Horror,106 menit,D17+,2D,2026-05-21,ca7add3a-c588-4ecc-ae47-7f56855d1da0,2026-05-21T00:31:30.321010
4254e4bf-800a-4071-aa5d-3c7dece952a2,SEKAWAN LIMO 2: GUNUNG KLAWIH,21cineplex,,16SK2G,"Comedy, Horror",122 menit,13+,2D,2026-05-27,bff7fe74-a5ad-49bb-95ad-81e7fbc61e5a,2026-05-21T00:31:30.321237
4254e4bf-800a-4071-aa5d-3c7dece952a2,CHILDREN OF HEAVEN,21cineplex,,16COHN,"Drama, Family",97 menit,SU,2D,2026-05-27,c72a6a3f-6d51-4e6b-9131-6af85551acd6,2026-05-21T00:31:30.321447
04d37d40-a25b-4665-89ff-f3fdaf32342e,THE SHEEP DETECTIVES,21cineplex,,26SDES,"Comedy, Mystery",109 menit,SU,2D,2026-05-21,e8358c1a-f245-40db-a772-824648b87f30,2026-05-21T00:31:31.599069
04d37d40-a25b-4665-89ff-f3fdaf32342e,SEMUA AKAN BAIK-BAIK SAJA,21cineplex,,16SABB,Drama,113 menit,13+,2D,2026-05-21,6af1e7b0-beaa-46e9-bccb-baa2f2b19219,2026-05-21T00:31:31.599322
04d37d40-a25b-4665-89ff-f3fdaf32342e,TUMBAL PROYEK,21cineplex,,16TPRK,Horror,106 menit,D17+,2D,2026-05-21,34221610-70e8-4743-aceb-1a833493dfc7,2026-05-21T00:31:31.599654
04d37d40-a25b-4665-89ff-f3fdaf32342e,GHOST IN THE CELL,21cineplex,,16GITC,"Comedy, Horror",106 menit,D17+,2D,2026-05-21,c8f19159-a346-473f-966e-fb94bef9c9c3,2026-05-21T00:31:31.599939
04d37d40-a25b-4665-89ff-f3fdaf32342e,YANG LAIN BOLEH HILANG ASAL KAU JANGAN,21cineplex,,16YLBH,Drama,113 menit,13+,2D,2026-05-21,1d3e6567-528a-4956-b9aa-2c40ceacce6b,2026-05-21T00:31:31.600090
04d37d40-a25b-4665-89ff-f3fdaf32342e,GUDANG MERICA,21cineplex,,16GMEA,"Comedy, Horror",98 menit,D17+,2D,2026-05-21,50549015-f33c-466e-8377-2b9a85bd4ffe,2026-05-21T00:31:31.600363
04d37d40-a25b-4665-89ff-f3fdaf32342e,BADUT GENDONG,21cineplex,,16BGEG,"Action, Horror",101 menit,D17+,2D,2026-05-27,7736aec6-4c5c-4f17-88e5-a537c487b892,2026-05-21T00:31:31.600787
790e2d64-5e55-40d9-9a1b-75e3e8df300e,KAMU HARUS MATI,21cineplex,,16KHMI,"Horror, Mystery, Thriller",90 menit,13+,2D,2026-05-21,14aaec86-683c-489c-b260-8db17c21f7a9,2026-05-21T00:31:33.287290
790e2d64-5e55-40d9-9a1b-75e3e8df300e,SEMUA AKAN BAIK-BAIK SAJA,21cineplex,,16SABB,Drama,113 menit,13+,2D,2026-05-21,ea36ea3f-bf2f-4a72-93c6-3e5a90c6738a,2026-05-21T00:31:33.287589
790e2d64-5e55-40d9-9a1b-75e3e8df300e,TUMBAL PROYEK,21cineplex,,16TPRK,Horror,106 menit,D17+,2D,2026-05-21,ba390365-3780-4972-a6f6-6f278f53404d,2026-05-21T00:31:33.287866
790e2d64-5e55-40d9-9a1b-75e3e8df300e,GUDANG MERICA,21cineplex,,16GMEA,"Comedy, Horror",98 menit,D17+,2D,2026-05-21,33991eb4-d73c-4af4-8b6a-93094f62e052,2026-05-21T00:31:33.288111
790e2d64-5e55-40d9-9a1b-75e3e8df300e,SEKAWAN LIMO 2: GUNUNG KLAWIH,21cineplex,,16SK2G,"Comedy, Horror",122 menit,13+,2D,2026-05-27,a83afb08-e575-42db-8307-44ce172620ec,2026-05-21T00:31:33.288400
b4cf41fa-d542-4c4c-b3a4-57d2e65f6d2e,TUMBAL PROYEK,21cineplex,,16TPRK,Horror,106 menit,D17+,2D,2026-05-21,3023cf85-1c66-4490-b407-906a15c2fdb8,2026-05-21T00:31:34.578600
b4cf41fa-d542-4c4c-b3a4-57d2e65f6d2e,GUDANG MERICA,21cineplex,,16GMEA,"Comedy, Horror",98 menit,D17+,2D,2026-05-21,78f9abec-92db-479c-a50d-baf09daf6b3c,2026-05-21T00:31:34.578717
b4cf41fa-d542-4c4c-b3a4-57d2e65f6d2e,STAR WARS: THE MANDALORIAN AND GROGU,21cineplex,,26SWMG,"Fantasy, Sci-Fi",132 menit,13+,2D,2026-05-21,0a127394-f4f2-478a-ac65-66255fd75487,2026-05-21T00:31:34.578815
b4cf41fa-d542-4c4c-b3a4-57d2e65f6d2e,SEMUA AKAN BAIK-BAIK SAJA,21cineplex,,16SABB,Drama,113 menit,13+,2D,2026-05-21,afcf8a5b-93ba-4c5d-a57a-b5407fcda038,2026-05-21T00:31:34.578853
b4cf41fa-d542-4c4c-b3a4-57d2e65f6d2e,BADUT GENDONG,21cineplex,,16BGEG,"Action, Horror",101 menit,D17+,2D,2026-05-27,9a25dfe0-9f6c-4f12-824b-72c8b59245e2,2026-05-21T00:31:34.578942
d051e982-1af6-4fb8-9b8b-6bf1f8d3a311,MICHAEL,21cineplex,,26MICL,Biography,127 menit,SU,2D,2026-05-21,33fbe447-3d95-4fc7-9beb-82eb305b01a4,2026-05-21T00:31:36.296937
d051e982-1af6-4fb8-9b8b-6bf1f8d3a311,THE DEVIL WEARS PRADA 2,21cineplex,,26DWP2,"Comedy, Drama",119 menit,13+,2D,2026-05-21,3332b649-92ef-4fb8-bdd1-352dd1281fb7,2026-05-21T00:31:36.297124
d051e982-1af6-4fb8-9b8b-6bf1f8d3a311,STAR WARS: THE MANDALORIAN AND GROGU,21cineplex,,26SWMG,"Fantasy, Sci-Fi",132 menit,13+,2D,2026-05-21,abb010f1-71a3-480f-b6ff-31107a7fa6df,2026-05-21T00:31:36.297254
d051e982-1af6-4fb8-9b8b-6bf1f8d3a311,GOHAN,21cineplex,,26GOHN,Drama,140 menit,SU,2D,2026-05-21,b8a415ba-e01b-4b97-b4b0-2d950f7cfbdd,2026-05-21T00:31:36.297427
aaffdd21-ac9c-4234-a603-3522512505cc,YANG LAIN BOLEH HILANG ASAL KAU JANGAN,21cineplex,,16YLBH,Drama,113 menit,13+,2D,2026-05-21,ffeec983-f51d-4583-a29e-9e6780520536,2026-05-21T00:31:37.598335
aaffdd21-ac9c-4234-a603-3522512505cc,SEMUA AKAN BAIK-BAIK SAJA,21cineplex,,16SABB,Drama,113 menit,13+,2D,2026-05-21,068e09ea-7006-4d08-b600-9cc1dcda3b46,2026-05-21T00:31:37.598617
aaffdd21-ac9c-4234-a603-3522512505cc,TUMBAL PROYEK,21cineplex,,16TPRK,Horror,106 menit,D17+,2D,2026-05-21,ed17dff8-89f8-4e52-ba13-67f2c55e076b,2026-05-21T00:31:37.598831
aaffdd21-ac9c-4234-a603-3522512505cc,GUDANG MERICA,21cineplex,,16GMEA,"Comedy, Horror",98 menit,D17+,2D,2026-05-21,9bf2622b-b39a-4d96-b885-17c78d61536c,2026-05-21T00:31:37.599072
aaffdd21-ac9c-4234-a603-3522512505cc,STAR WARS: THE MANDALORIAN AND GROGU,21cineplex,,26SWMG,"Fantasy, Sci-Fi",132 menit,13+,2D,2026-05-21,783252e7-d9ea-42dd-a48c-e2c6b1456c67,2026-05-21T00:31:37.599307
aaffdd21-ac9c-4234-a603-3522512505cc,SEKAWAN LIMO 2: GUNUNG KLAWIH,21cineplex,,16SK2G,"Comedy, Horror",122 menit,13+,2D,2026-05-27,ecdf02cd-f0af-4856-8ea1-73c547faf514,2026-05-21T00:31:37.599407
a2c87697-4666-4658-9c80-638b8cf722c9,SEMUA AKAN BAIK-BAIK SAJA,21cineplex,,16SABB,Drama,113 menit,13+,2D,2026-05-21,5f2b338c-1698-4558-b520-f0bd45ad5597,2026-05-21T00:31:39.289524
a2c87697-4666-4658-9c80-638b8cf722c9,TUMBAL PROYEK,21cineplex,,16TPRK,Horror,106 menit,D17+,2D,2026-05-21,4213d7e3-71ae-43f2-b470-f332f61e4bef,2026-05-21T00:31:39.289628
a2c87697-4666-4658-9c80-638b8cf722c9,STAR WARS: THE MANDALORIAN AND GROGU,21cineplex,,26SWMG,"Fantasy, Sci-Fi",132 menit,13+,2D,2026-05-21,ca2d13d1-2957-4151-967e-3acf310c5b13,2026-05-21T00:31:39.289695
a2c87697-4666-4658-9c80-638b8cf722c9,GOHAN,21cineplex,,26GOHN,Drama,140 menit,SU,2D,2026-05-21,aa3a63bf-03e7-42e3-af1b-0d9c9d6973e3,2026-05-21T00:31:39.289734
a2c87697-4666-4658-9c80-638b8cf722c9,KELUARGA SUAMI ADALAH HAMA,21cineplex,,16KSAH,Drama,117 menit,13+,2D,2026-05-21,309756c0-f6ea-4133-9d6a-bfbe0ff66427,2026-05-21T00:31:39.289772
a2c87697-4666-4658-9c80-638b8cf722c9,THE SHEEP DETECTIVES,21cineplex,,26SDES,"Comedy, Mystery",109 menit,SU,2D,2026-05-21,120b941c-6e4a-48bb-a326-31f45e2474aa,2026-05-21T00:31:39.289838
a2c87697-4666-4658-9c80-638b8cf722c9,SEKAWAN LIMO 2: GUNUNG KLAWIH,21cineplex,,16SK2G,"Comedy, Horror",122 menit,13+,2D,2026-05-27,4a1c7efb-f19c-437f-b385-c1efbb25e991,2026-05-21T00:31:39.289876
a8c6bad9-8a79-4663-bfd8-1eeb0189fb08,GHOST IN THE CELL,21cineplex,,16GITC,"Comedy, Horror",106 menit,D17+,2D,2026-05-21,3527fdfa-3cb0-440b-8f16-8a6871824ab1,2026-05-21T00:31:40.606426
a8c6bad9-8a79-4663-bfd8-1eeb0189fb08,SEMUA AKAN BAIK-BAIK SAJA,21cineplex,,16SABB,Drama,113 menit,13+,2D,2026-05-21,1d052b39-7145-45ea-8b92-df212bbe3da5,2026-05-21T00:31:40.606583
a8c6bad9-8a79-4663-bfd8-1eeb0189fb08,TUMBAL PROYEK,21cineplex,,16TPRK,Horror,106 menit,D17+,2D,2026-05-21,55047779-ed99-44c0-ac32-9adc16f713c7,2026-05-21T00:31:40.606714
a8c6bad9-8a79-4663-bfd8-1eeb0189fb08,STAR WARS: THE MANDALORIAN AND GROGU,21cineplex,,26SWMG,"Fantasy, Sci-Fi",132 menit,13+,2D,2026-05-21,0f4bc772-a14c-4fc0-9078-19fbeef8ba69,2026-05-21T00:31:40.606824
a8c6bad9-8a79-4663-bfd8-1eeb0189fb08,GOHAN,21cineplex,,26GOHN,Drama,140 menit,SU,2D,2026-05-21,0e6baa0b-4ae5-48f2-9852-8d400ea98971,2026-05-21T00:31:40.606902
a8c6bad9-8a79-4663-bfd8-1eeb0189fb08,THE DEVIL WEARS PRADA 2,21cineplex,,26DWP2,"Comedy, Drama",119 menit,13+,2D,2026-05-21,da483acb-eaf5-47d2-b57c-debfd951c0cb,2026-05-21T00:31:40.607001
a8c6bad9-8a79-4663-bfd8-1eeb0189fb08,SALMOKJI: WHISPERING WATER,21cineplex,,26SWWR,Horror,95 menit,D17+,2D,2026-05-21,7f755979-153a-4e60-b528-a463e4c568b7,2026-05-21T00:31:40.607062
a8c6bad9-8a79-4663-bfd8-1eeb0189fb08,CHILDREN OF HEAVEN,21cineplex,,16COHN,"Drama, Family",97 menit,SU,2D,2026-05-27,929c8138-363b-495a-91ee-6da180ed7ec9,2026-05-21T00:31:40.607139
e563db2e-ee9b-46f0-a993-17a845406287,GOHAN,21cineplex,,26GOHN,Drama,140 menit,SU,2D,2026-05-21,57402316-d6ed-4f2a-aed0-ccc52b90297c,2026-05-21T00:31:45.320509
e563db2e-ee9b-46f0-a993-17a845406287,STAR WARS: THE MANDALORIAN AND GROGU,21cineplex,,26SWMG,"Fantasy, Sci-Fi",132 menit,13+,2D,2026-05-21,b2817dfc-6c3c-4cc8-afb7-507fc1943175,2026-05-21T00:31:45.320759
e563db2e-ee9b-46f0-a993-17a845406287,IN THE GREY,21cineplex,,26ITGY,"Action, Thriller",97 menit,13+,2D,2026-05-21,5f880ee0-2e0e-43e2-bf87-7a347146c73b,2026-05-21T00:31:45.320963
e563db2e-ee9b-46f0-a993-17a845406287,PEGASUS 3,21cineplex,,26PES3,"Action, Comedy",126 menit,13+,2D,2026-05-21,f8df6959-f382-4e0a-879f-316fd2e7ba76,2026-05-21T00:31:45.321197
e563db2e-ee9b-46f0-a993-17a845406287,SALMOKJI: WHISPERING WATER,21cineplex,,26SWWR,Horror,95 menit,D17+,2D,2026-05-21,5f3ae4ec-d761-4364-8071-e784c544fa06,2026-05-21T00:31:45.321327
e563db2e-ee9b-46f0-a993-17a845406287,MICHAEL,21cineplex,,26MICL,Biography,127 menit,SU,2D,2026-05-21,e03e48d4-ea9a-48d4-86bc-5c051cd01f31,2026-05-21T00:31:45.321494
e563db2e-ee9b-46f0-a993-17a845406287,THE SHEEP DETECTIVES,21cineplex,,26SDES,"Comedy, Mystery",109 menit,SU,2D,2026-05-21,004fdab7-f159-4693-bf79-635be779a2e7,2026-05-21T00:31:45.321646
e563db2e-ee9b-46f0-a993-17a845406287,FUZE,21cineplex,,26FUZE,"Action, Crime",96 menit,D17+,2D,2026-05-21,550eb438-62a7-40ec-8cda-10898355b9f4,2026-05-21T00:31:45.321872
e563db2e-ee9b-46f0-a993-17a845406287,BADUT GENDONG,21cineplex,,16BGEG,"Action, Horror",101 menit,D17+,2D,2026-05-27,e1de52ed-70e9-4cfe-a3e2-3e175beda7a2,2026-05-21T00:31:45.322018
fd6942e7-0679-43dd-a684-d64f0c5bcecd,SEMUA AKAN BAIK-BAIK SAJA,21cineplex,,16SABB,Drama,113 menit,13+,2D,2026-05-21,cb04cf66-1f18-4cec-9e1e-2b74d08320b1,2026-05-21T00:31:49.627065
fd6942e7-0679-43dd-a684-d64f0c5bcecd,STAR WARS: THE MANDALORIAN AND GROGU,21cineplex,,26SWMG,"Fantasy, Sci-Fi",132 menit,13+,2D,2026-05-21,c9bfdb51-bf0d-4e0b-b85f-84fc727718a7,2026-05-21T00:31:49.627421
fd6942e7-0679-43dd-a684-d64f0c5bcecd,MORTAL KOMBAT II,21cineplex,,25MKT2,"Action, Adventure",116 menit,D17+,2D,2026-05-21,3e55e8ce-f3e5-4001-a883-34f586de30f5,2026-05-21T00:31:49.627684
fd6942e7-0679-43dd-a684-d64f0c5bcecd,GOHAN,21cineplex,,26GOHN,Drama,140 menit,SU,2D,2026-05-21,be137ef8-da1c-47f5-9313-910a14fb45b6,2026-05-21T00:31:49.627958
fd6942e7-0679-43dd-a684-d64f0c5bcecd,SALMOKJI: WHISPERING WATER,21cineplex,,26SWWR,Horror,95 menit,D17+,2D,2026-05-21,87f4a760-a452-44c7-a6c8-fcf3394d7f37,2026-05-21T00:31:49.628159
fd6942e7-0679-43dd-a684-d64f0c5bcecd,KELUARGA SUAMI ADALAH HAMA,21cineplex,,16KSAH,Drama,117 menit,13+,2D,2026-05-21,9ee2c798-70fa-4e47-b541-059ad52f0bb7,2026-05-21T00:31:49.628424
fd6942e7-0679-43dd-a684-d64f0c5bcecd,PEGASUS 3,21cineplex,,26PES3,"Action, Comedy",126 menit,13+,2D,2026-05-21,82a03175-11a8-488d-bafe-24ece2e76c1f,2026-05-21T00:31:49.628692
fd6942e7-0679-43dd-a684-d64f0c5bcecd,GHOST IN THE CELL,21cineplex,,16GITC,"Comedy, Horror",106 menit,D17+,2D,2026-05-21,c66640b6-ac5c-45bf-ac80-9a400eefe40a,2026-05-21T00:31:49.628811
fd6942e7-0679-43dd-a684-d64f0c5bcecd,SEKAWAN LIMO 2: GUNUNG KLAWIH,21cineplex,,16SK2G,"Comedy, Horror",122 menit,13+,2D,2026-05-27,cdb8afb3-e051-49c2-b514-8403494cd88c,2026-05-21T00:31:49.629059
fd6942e7-0679-43dd-a684-d64f0c5bcecd,CHILDREN OF HEAVEN,21cineplex,,16COHN,"Drama, Family",97 menit,SU,2D,2026-05-27,cef8f54e-bb89-4d3e-b4f5-ec246b287c7a,2026-05-21T00:31:49.629287
4ffe4f17-a5c8-47d5-aed7-d123bf7df025,TUMBAL PROYEK,21cineplex,,16TPRK,Horror,106 menit,D17+,2D,2026-05-21,a3284e52-0284-400c-8afa-ffc79c8527df,2026-05-21T00:31:52.606149
4ffe4f17-a5c8-47d5-aed7-d123bf7df025,STAR WARS: THE MANDALORIAN AND GROGU,21cineplex,,26SWMG,"Fantasy, Sci-Fi",132 menit,13+,2D,2026-05-21,b2e421e9-dbb1-4266-96b6-4cc12163e674,2026-05-21T00:31:52.606279
4ffe4f17-a5c8-47d5-aed7-d123bf7df025,GHOST IN THE CELL,21cineplex,,16GITC,"Comedy, Horror",106 menit,D17+,2D,2026-05-21,449f1c51-9270-4c94-8753-d5203cc651f4,2026-05-21T00:31:52.606368
4ffe4f17-a5c8-47d5-aed7-d123bf7df025,GUDANG MERICA,21cineplex,,16GMEA,"Comedy, Horror",98 menit,D17+,2D,2026-05-21,0b190611-708a-4256-aabc-6fe7f5079610,2026-05-21T00:31:52.606435
4ffe4f17-a5c8-47d5-aed7-d123bf7df025,SEMUA AKAN BAIK-BAIK SAJA,21cineplex,,16SABB,Drama,113 menit,13+,2D,2026-05-21,7d219781-ecde-4bac-a449-9a8de5b5762a,2026-05-21T00:31:52.606547
4ffe4f17-a5c8-47d5-aed7-d123bf7df025,KAMU HARUS MATI,21cineplex,,16KHMI,"Horror, Mystery, Thriller",90 menit,13+,2D,2026-05-21,8e686c04-1d09-4a2e-9eb5-154899c7beba,2026-05-21T00:31:52.606671
4ffe4f17-a5c8-47d5-aed7-d123bf7df025,GOHAN,21cineplex,,26GOHN,Drama,140 menit,SU,2D,2026-05-21,f38b3739-c54d-4d85-9b54-2553fc7ffdbc,2026-05-21T00:31:52.606776
4ffe4f17-a5c8-47d5-aed7-d123bf7df025,CHILDREN OF HEAVEN,21cineplex,,16COHN,"Drama, Family",97 menit,SU,2D,2026-05-27,f50f5ec6-467d-422c-8832-54688a416731,2026-05-21T00:31:52.606840
4ffe4f17-a5c8-47d5-aed7-d123bf7df025,BADUT GENDONG,21cineplex,,16BGEG,"Action, Horror",101 menit,D17+,2D,2026-05-27,c1495ea2-939d-4629-bbf1-b8130155b71a,2026-05-21T00:31:52.606932
4ffe4f17-a5c8-47d5-aed7-d123bf7df025,SUAMIKU LUKAKU,21cineplex,,16SLUU,Drama,92 menit,D17+,2D,2026-05-27,6676ae93-f2a9-40d7-bcd3-161557eb068a,2026-05-21T00:31:52.607030
1448b0a1-4806-41a0-bf79-5a338a63ca29,THE DEVIL WEARS PRADA 2,21cineplex,,26DWP2,"Comedy, Drama",119 menit,13+,2D,2026-05-21,b969822b-1765-4307-beb3-da8543f0bb96,2026-05-21T00:31:54.299123
1448b0a1-4806-41a0-bf79-5a338a63ca29,GOHAN,21cineplex,,26GOHN,Drama,140 menit,SU,2D,2026-05-21,45de8431-a1f1-4557-b137-880c9743cf84,2026-05-21T00:31:54.299340
df9828da-2481-4d36-b573-cd5ca070df43,SEMUA AKAN BAIK-BAIK SAJA,21cineplex,,16SABB,Drama,113 menit,13+,2D,2026-05-21,e1986b25-ec16-4c35-b16d-4333ef0b849b,2026-05-21T00:31:58.614989
df9828da-2481-4d36-b573-cd5ca070df43,TUMBAL PROYEK,21cineplex,,16TPRK,Horror,106 menit,D17+,2D,2026-05-21,d4a61b50-c85e-4565-8379-8879cb44447d,2026-05-21T00:31:58.615290
df9828da-2481-4d36-b573-cd5ca070df43,GUDANG MERICA,21cineplex,,16GMEA,"Comedy, Horror",98 menit,D17+,2D,2026-05-21,e9f711b9-bafa-4da0-b23a-90bfc3dd7b1c,2026-05-21T00:31:58.615462
df9828da-2481-4d36-b573-cd5ca070df43,SALMOKJI: WHISPERING WATER,21cineplex,,26SWWR,Horror,95 menit,D17+,2D,2026-05-21,6415213a-7fe2-4174-8316-2aee12909460,2026-05-21T00:31:58.615646
df9828da-2481-4d36-b573-cd5ca070df43,MORTAL KOMBAT II,21cineplex,,25MKT2,"Action, Adventure",116 menit,D17+,2D,2026-05-21,4126fe3f-fc69-40a6-91c4-2ba0d5cd1fbe,2026-05-21T00:31:58.615723
df9828da-2481-4d36-b573-cd5ca070df43,YANG LAIN BOLEH HILANG ASAL KAU JANGAN,21cineplex,,16YLBH,Drama,113 menit,13+,2D,2026-05-21,9160b38d-19da-4fb9-ade7-34cc1a18963f,2026-05-21T00:31:58.615810
df9828da-2481-4d36-b573-cd5ca070df43,STAR WARS: THE MANDALORIAN AND GROGU,21cineplex,,26SWMG,"Fantasy, Sci-Fi",132 menit,13+,2D,2026-05-21,09800eaf-5b85-41eb-9fbf-132e7bd5d320,2026-05-21T00:31:58.616107
df9828da-2481-4d36-b573-cd5ca070df43,GHOST IN THE CELL,21cineplex,,16GITC,"Comedy, Horror",106 menit,D17+,2D,2026-05-21,d1f44ee4-b73f-459f-a18e-be41bed03f4c,2026-05-21T00:31:58.616302
df9828da-2481-4d36-b573-cd5ca070df43,CHILDREN OF HEAVEN,21cineplex,,16COHN,"Drama, Family",97 menit,SU,2D,2026-05-27,6a906fb8-36e7-4f5c-8176-6f18aca4c8d6,2026-05-21T00:31:58.616439
df9828da-2481-4d36-b573-cd5ca070df43,BADUT GENDONG,21cineplex,,16BGEG,"Action, Horror",101 menit,D17+,2D,2026-05-27,6f3d393f-0c7a-4775-8780-092386197ce9,2026-05-21T00:31:58.616655
78f8e4f1-4693-4f3a-9c84-8dff5ce2b74b,SEMUA AKAN BAIK-BAIK SAJA,21cineplex,,16SABB,Drama,113 menit,13+,2D,2026-05-21,4e10b3aa-1340-4b02-8433-443f4c1721b2,2026-05-21T00:32:00.296358
78f8e4f1-4693-4f3a-9c84-8dff5ce2b74b,TUMBAL PROYEK,21cineplex,,16TPRK,Horror,106 menit,D17+,2D,2026-05-21,3e588418-018f-4b54-a2e2-c8d77e39c64b,2026-05-21T00:32:00.296802
78f8e4f1-4693-4f3a-9c84-8dff5ce2b74b,IN THE GREY,21cineplex,,26ITGY,"Action, Thriller",97 menit,13+,2D,2026-05-21,da23b5ca-14b3-4bcc-9933-b619ac4a8b5f,2026-05-21T00:32:00.297067
78f8e4f1-4693-4f3a-9c84-8dff5ce2b74b,KAMU HARUS MATI,21cineplex,,16KHMI,"Horror, Mystery, Thriller",90 menit,13+,2D,2026-05-21,0e2f7589-d71a-48c2-b7ed-0900634f3c29,2026-05-21T00:32:00.297219
78f8e4f1-4693-4f3a-9c84-8dff5ce2b74b,YANG LAIN BOLEH HILANG ASAL KAU JANGAN,21cineplex,,16YLBH,Drama,113 menit,13+,2D,2026-05-21,350d8ee9-8b10-4b13-83ae-03b1e80452c8,2026-05-21T00:32:00.297525
78f8e4f1-4693-4f3a-9c84-8dff5ce2b74b,GUDANG MERICA,21cineplex,,16GMEA,"Comedy, Horror",98 menit,D17+,2D,2026-05-21,ff376be9-31e9-41a9-853f-c19229fc8355,2026-05-21T00:32:00.297611
78f8e4f1-4693-4f3a-9c84-8dff5ce2b74b,BADUT GENDONG,21cineplex,,16BGEG,"Action, Horror",101 menit,D17+,2D,2026-05-27,8d80a99a-f173-4941-874d-26e0e7684c56,2026-05-21T00:32:00.297805
794520ac-1d2c-4184-9b99-f70ab5f12ced,SEMUA AKAN BAIK-BAIK SAJA,21cineplex,,16SABB,Drama,113 menit,13+,2D,2026-05-21,22075e08-9680-46be-a9c4-4c50e689469e,2026-05-21T00:32:01.616953
794520ac-1d2c-4184-9b99-f70ab5f12ced,TUMBAL PROYEK,21cineplex,,16TPRK,Horror,106 menit,D17+,2D,2026-05-21,2fbfcc22-6743-4670-a70e-d3b982ffc25f,2026-05-21T00:32:01.617094
794520ac-1d2c-4184-9b99-f70ab5f12ced,KELUARGA SUAMI ADALAH HAMA,21cineplex,,16KSAH,Drama,117 menit,13+,2D,2026-05-21,9ec08ee2-bd52-46a4-bbd3-a5264b0a1554,2026-05-21T00:32:01.617167
794520ac-1d2c-4184-9b99-f70ab5f12ced,KAMU HARUS MATI,21cineplex,,16KHMI,"Horror, Mystery, Thriller",90 menit,13+,2D,2026-05-21,d7352d69-a607-480f-8608-e70d7c75fbab,2026-05-21T00:32:01.617239
794520ac-1d2c-4184-9b99-f70ab5f12ced,CHILDREN OF HEAVEN,21cineplex,,16COHN,"Drama, Family",97 menit,SU,2D,2026-05-27,78a602c8-d015-425f-95f0-4b9dad2f68ad,2026-05-21T00:32:01.617320
794520ac-1d2c-4184-9b99-f70ab5f12ced,BADUT GENDONG,21cineplex,,16BGEG,"Action, Horror",101 menit,D17+,2D,2026-05-27,54926fbd-e227-4564-91aa-f44ccfe7b4c7,2026-05-21T00:32:01.617383
ad2fc3fc-808e-461b-b8a2-1e692c063652,KELUARGA SUAMI ADALAH HAMA,21cineplex,,16KSAH,Drama,117 menit,13+,2D,2026-05-21,27fc0fd4-3fca-4143-af90-91a1f291b0d6,2026-05-21T00:32:03.397405
ad2fc3fc-808e-461b-b8a2-1e692c063652,TUMBAL PROYEK,21cineplex,,16TPRK,Horror,106 menit,D17+,2D,2026-05-21,ee34f7c8-7362-4cef-a20b-dbcfd470bdb3,2026-05-21T00:32:03.397518
ad2fc3fc-808e-461b-b8a2-1e692c063652,SEMUA AKAN BAIK-BAIK SAJA,21cineplex,,16SABB,Drama,113 menit,13+,2D,2026-05-21,56f151e0-0c1b-4516-8bee-86dcfbb574ee,2026-05-21T00:32:03.397585
ad2fc3fc-808e-461b-b8a2-1e692c063652,GUDANG MERICA,21cineplex,,16GMEA,"Comedy, Horror",98 menit,D17+,2D,2026-05-21,b1732ba3-daec-480f-8205-78c74096bbed,2026-05-21T00:32:03.397634
ad2fc3fc-808e-461b-b8a2-1e692c063652,GHOST IN THE CELL,21cineplex,,16GITC,"Comedy, Horror",106 menit,D17+,2D,2026-05-21,39008f89-7d9d-4d61-8d00-0ef8bead638a,2026-05-21T00:32:03.397698
ad2fc3fc-808e-461b-b8a2-1e692c063652,STAR WARS: THE MANDALORIAN AND GROGU,21cineplex,,26SWMG,"Fantasy, Sci-Fi",132 menit,13+,3D,2026-05-21,4b7466f1-3b99-46d8-9456-6b279e2f8f30,2026-05-21T00:32:03.397726
ad2fc3fc-808e-461b-b8a2-1e692c063652,GOHAN,21cineplex,,26GOHN,Drama,140 menit,SU,2D,2026-05-21,6b67ba37-9baf-4e46-8373-de9164383d66,2026-05-21T00:32:03.397787
ad2fc3fc-808e-461b-b8a2-1e692c063652,THE DEVIL WEARS PRADA 2,21cineplex,,26DWP2,"Comedy, Drama",119 menit,13+,2D,2026-05-21,9d15fa9f-f798-4ab2-abd5-d8207c7f6df1,2026-05-21T00:32:03.397826
ad2fc3fc-808e-461b-b8a2-1e692c063652,DILAN ITB 1997,21cineplex,,16DI97,"Drama, Romance",110 menit,13+,2D,2026-05-21,c340a8b7-298c-48ec-9fae-b086567fa321,2026-05-21T00:32:03.397853
ad2fc3fc-808e-461b-b8a2-1e692c063652,SEKAWAN LIMO 2: GUNUNG KLAWIH,21cineplex,,16SK2G,"Comedy, Horror",122 menit,13+,2D,2026-05-27,7dfd2e70-2e4b-457c-818b-4d2380a4f7d6,2026-05-21T00:32:03.397874
b960dafa-eedd-4016-b479-f2a25d3a0277,STAR WARS: THE MANDALORIAN AND GROGU,cgv,,26021200,Scifi,132 min,TBC,2D,2026-05-21,846f3941-2ca4-4fe0-a6c2-86f18b0a7ff9,2026-05-21T00:27:54.478137
b960dafa-eedd-4016-b479-f2a25d3a0277,STAR WARS: THE MANDALORIAN AND GROGU,cgv,,26021200,Scifi,132 min,TBC,4DX 2D,2026-05-21,d6e63140-1eeb-4f06-b391-af229d78c1a8,2026-05-21T00:27:54.478188
b960dafa-eedd-4016-b479-f2a25d3a0277,STAR WARS: THE MANDALORIAN AND GROGU,cgv,,26021200,Scifi,132 min,TBC,SCREENX 2D,2026-05-21,7ea9a71b-d057-475a-a4e5-8797a82157c6,2026-05-21T00:27:54.478212
b960dafa-eedd-4016-b479-f2a25d3a0277,TUMBAL PROYEK,cgv,,26014300,Horror,106 min,17+,2D,2026-05-21,7052cef2-f71c-42d7-8ef6-cd893d4695fb,2026-05-21T00:27:54.479099
b960dafa-eedd-4016-b479-f2a25d3a0277,THE DEVIL WEARS PRADA 2,cgv,,26019800,Drama,119 min,13+,2D,2026-05-21,df2dc828-51f2-40ed-a60b-a79d8690e358,2026-05-21T00:27:54.479385
b960dafa-eedd-4016-b479-f2a25d3a0277,PEGASUS 3,cgv,,26025100,Action,126 min,13+,2D,2026-05-21,a6ceb645-c68a-4235-bbf1-56c1014bf2c3,2026-05-21T00:27:54.479655
b960dafa-eedd-4016-b479-f2a25d3a0277,GOHAN,cgv,,26022500,Drama,140 min,SU,2D,2026-05-21,dd5cb4d1-235c-4da2-8b71-1db403f015f1,2026-05-21T00:27:54.479893
b960dafa-eedd-4016-b479-f2a25d3a0277,MOBILE SUIT GUNDAM HATHAWAY,cgv,,26021100,Animation,95 min,13+,2D,2026-05-21,9acb2eeb-1365-4527-bb5f-057d335f48ec,2026-05-21T00:27:54.480134
b960dafa-eedd-4016-b479-f2a25d3a0277,GUDANG MERICA,cgv,,26019400,Comedy,98 min,17+,2D,2026-05-21,dccbbd0d-ac91-4675-ae1a-b2a42ceee57e,2026-05-21T00:27:54.480400
b960dafa-eedd-4016-b479-f2a25d3a0277,STAR WARS: THE MANDALORIAN AND GROGU (3D),cgv,,26025200,Scifi,132 min,13+,4DX 3D,2026-05-21,2f35993c-1684-4077-9acb-ae44a23e4c78,2026-05-21T00:27:54.480921
b960dafa-eedd-4016-b479-f2a25d3a0277,STAR WARS: THE MANDALORIAN AND GROGU (3D),cgv,,26025200,Scifi,132 min,13+,SCREENX 3D,2026-05-21,e1ac8e9c-8653-45fa-8136-3759fc11ad41,2026-05-21T00:27:54.480937
b960dafa-eedd-4016-b479-f2a25d3a0277,STAR WARS: THE MANDALORIAN AND GROGU (3D),cgv,,26025200,Scifi,132 min,13+,3D,2026-05-21,8528ccdf-690a-4e9a-92b8-bae7d9e2123a,2026-05-21T00:27:54.480968
b960dafa-eedd-4016-b479-f2a25d3a0277,MORTAL KOMBAT II,cgv,,26018200,Action,116 min,17+,2D,2026-05-21,5158914a-d706-4de1-8209-b0e43ddb6b3f,2026-05-21T00:27:54.481210
b960dafa-eedd-4016-b479-f2a25d3a0277,THE SHEEP DETECTIVES,cgv,,26019500,Comedy,109 min,SU,2D,2026-05-21,34dcff4e-40bf-4b8a-ad91-3c7a2cd4a923,2026-05-21T00:27:54.481421
b960dafa-eedd-4016-b479-f2a25d3a0277,MONSTER,cgv,,23042200,Drama,126 min,13+,2D,2026-05-21,e4b713f5-6185-4eaa-b960-853002b5fa96,2026-05-21T00:27:54.481626
4b564a11-92d1-4e01-a0b3-52496ce62200,THE DEVIL WEARS PRADA 2,cgv,,26019800,Drama,119 min,13+,2D,2026-05-21,79d5d2a8-adb3-443c-89d3-d62eeb64f36f,2026-05-21T00:27:54.897072
4b564a11-92d1-4e01-a0b3-52496ce62200,STAR WARS: THE MANDALORIAN AND GROGU,cgv,,26021200,Scifi,132 min,TBC,2D,2026-05-21,0d73b390-17e7-4709-bb0d-2923db8518d5,2026-05-21T00:27:54.898004
4b564a11-92d1-4e01-a0b3-52496ce62200,MORTAL KOMBAT II,cgv,,26018200,Action,116 min,17+,2D,2026-05-21,5ceb647d-eef6-46e2-bd88-111cd239f1b2,2026-05-21T00:27:54.899061
4b564a11-92d1-4e01-a0b3-52496ce62200,THE KING'S WARDEN,cgv,,26015000,Drama,117 min,13+,2D,2026-05-21,ff225198-dcf6-4c44-a854-0e2ded1cd810,2026-05-21T00:27:54.899386
4b564a11-92d1-4e01-a0b3-52496ce62200,GOHAN,cgv,,26022500,Drama,140 min,SU,2D,2026-05-21,48a7cbab-cf76-4354-abf9-c0b7244efedc,2026-05-21T00:27:54.899651
4b564a11-92d1-4e01-a0b3-52496ce62200,MONSTER,cgv,,23042200,Drama,126 min,13+,2D,2026-05-21,d6811482-1f90-4d69-af0a-85d1479ca3cf,2026-05-21T00:27:54.899982
4b564a11-92d1-4e01-a0b3-52496ce62200,THE SHEEP DETECTIVES,cgv,,26019500,Comedy,109 min,SU,2D,2026-05-21,c0ffec37-83e4-4575-85f2-a588d83c264e,2026-05-21T00:27:54.900272
4b564a11-92d1-4e01-a0b3-52496ce62200,SALMOKJI: WHISPERING WATER,cgv,,26019100,Horror,95 min,17+,2D,2026-05-21,04ce304d-ab53-4838-b821-e8d38efb3c19,2026-05-21T00:27:54.900497
d4189744-6fcd-4e0b-8190-8caab6c255d7,STAR WARS: THE MANDALORIAN AND GROGU,cgv,,26021200,Scifi,132 min,TBC,2D,2026-05-21,d105d561-480b-4eca-871e-7430d1a7b747,2026-05-21T00:27:55.123574
d4189744-6fcd-4e0b-8190-8caab6c255d7,STAR WARS: THE MANDALORIAN AND GROGU,cgv,,26021200,Scifi,132 min,TBC,4DX 2D,2026-05-21,af33b2b0-e428-4990-b6ce-10d8305ec1f0,2026-05-21T00:27:55.123604
d4189744-6fcd-4e0b-8190-8caab6c255d7,STAR WARS: THE MANDALORIAN AND GROGU,cgv,,26021200,Scifi,132 min,TBC,SCREENX 2D,2026-05-21,310f3775-e13f-4af3-879a-c4d1824c6c73,2026-05-21T00:27:55.123659
d4189744-6fcd-4e0b-8190-8caab6c255d7,TUMBAL PROYEK,cgv,,26014300,Horror,106 min,17+,2D,2026-05-21,8e62dcff-7d1f-4b48-81d6-937b3e5ad6b2,2026-05-21T00:27:55.123980
d4189744-6fcd-4e0b-8190-8caab6c255d7,GUDANG MERICA,cgv,,26019400,Comedy,98 min,17+,2D,2026-05-21,f92956ca-c0fd-4764-86eb-6022ce7c537e,2026-05-21T00:27:55.124293
d4189744-6fcd-4e0b-8190-8caab6c255d7,GOHAN,cgv,,26022500,Drama,140 min,SU,2D,2026-05-21,74e9bb5b-5179-49b1-b4d9-92f32b3519e5,2026-05-21T00:27:55.124644
d4189744-6fcd-4e0b-8190-8caab6c255d7,PEGASUS 3,cgv,,26025100,Action,126 min,13+,2D,2026-05-21,1507a00c-cc99-4f70-9e15-936f50e766bb,2026-05-21T00:27:55.124891
d4189744-6fcd-4e0b-8190-8caab6c255d7,SUNSHINE WOMEN'S CHOIR,cgv,,26024400,Drama,134 min,13+,2D,2026-05-21,7393ea43-fdd2-41ce-9fb8-a6fb8ab76437,2026-05-21T00:27:55.125099
d4189744-6fcd-4e0b-8190-8caab6c255d7,GHOST IN THE CELL,cgv,,26011800,Comedy,106 min,17+,2D,2026-05-21,8d36acd4-1830-4053-84a3-6e223502d54d,2026-05-21T00:27:55.125401
d4189744-6fcd-4e0b-8190-8caab6c255d7,THE DEVIL WEARS PRADA 2,cgv,,26019800,Drama,119 min,13+,2D,2026-05-21,5861ca06-1afa-4aae-98ab-e1aa26240fa6,2026-05-21T00:27:55.125644
d4189744-6fcd-4e0b-8190-8caab6c255d7,MOBILE SUIT GUNDAM HATHAWAY,cgv,,26021100,Animation,95 min,13+,2D,2026-05-21,df6cc826-5a10-4f00-8d50-e21550e7b695,2026-05-21T00:27:55.125854
d4189744-6fcd-4e0b-8190-8caab6c255d7,MORTAL KOMBAT II,cgv,,26018200,Action,116 min,17+,2D,2026-05-21,70ad94a0-7ba1-4467-8cea-4e2dd212c943,2026-05-21T00:27:55.126279
d4189744-6fcd-4e0b-8190-8caab6c255d7,SEMUA AKAN BAIK BAIK SAJA,cgv,,26018100,Drama,113 min,13+,2D,2026-05-21,260660dc-7a6d-40c3-93b2-76370e649805,2026-05-21T00:27:55.126628
d4189744-6fcd-4e0b-8190-8caab6c255d7,STAR WARS: THE MANDALORIAN AND GROGU (3D),cgv,,26025200,Scifi,132 min,13+,4DX 3D,2026-05-21,f29a64f6-048f-4b85-bf9b-31a644065b7c,2026-05-21T00:27:55.126949
d4189744-6fcd-4e0b-8190-8caab6c255d7,STAR WARS: THE MANDALORIAN AND GROGU (3D),cgv,,26025200,Scifi,132 min,13+,SCREENX 3D,2026-05-21,5f4737e0-f065-4c16-aa6f-5b13a9e51877,2026-05-21T00:27:55.126965
d4189744-6fcd-4e0b-8190-8caab6c255d7,MONSTER,cgv,,23042200,Drama,126 min,13+,2D,2026-05-21,5b81f841-b909-4448-b2c5-64abea33efa6,2026-05-21T00:27:55.127178
0dda8c3d-e329-47f2-9908-ee077a7f0191,GHOST IN THE CELL,cgv,,26011800,Comedy,106 min,17+,2D,2026-05-21,c6ad2b7e-129a-4abe-bac6-22b912423405,2026-05-21T00:27:54.932458
0dda8c3d-e329-47f2-9908-ee077a7f0191,SEMUA AKAN BAIK BAIK SAJA,cgv,,26018100,Drama,113 min,13+,2D,2026-05-21,7360ce47-6080-4f93-8b47-7d6ca478efe4,2026-05-21T00:27:54.932784
0dda8c3d-e329-47f2-9908-ee077a7f0191,STAR WARS: THE MANDALORIAN AND GROGU,cgv,,26021200,Scifi,132 min,TBC,2D,2026-05-21,930a4c7f-a16d-41a9-9cf1-0426596c13d9,2026-05-21T00:27:54.933146
0dda8c3d-e329-47f2-9908-ee077a7f0191,TUMBAL PROYEK,cgv,,26014300,Horror,106 min,17+,2D,2026-05-21,cc66a7c3-2d3a-466b-8306-3dabd155c0b7,2026-05-21T00:27:54.933447
0dda8c3d-e329-47f2-9908-ee077a7f0191,KELUARGA SUAMI ADALAH HAMA,cgv,,26017700,Drama,117 min,13+,2D,2026-05-21,7c8853cb-a2ff-45c3-adfe-e1f3e0c00f66,2026-05-21T00:27:54.933708
0dda8c3d-e329-47f2-9908-ee077a7f0191,GUDANG MERICA,cgv,,26019400,Comedy,98 min,17+,2D,2026-05-21,19d30761-e997-49ba-a4a4-779bf47c1049,2026-05-21T00:27:54.933963
b2bb36b8-938e-4253-99c0-808e2515152a,MONSTER,cgv,,23042200,Drama,126 min,13+,2D,2026-05-21,372c0dfd-6775-424c-a522-f42c6ee87f22,2026-05-21T00:27:54.967560
b2bb36b8-938e-4253-99c0-808e2515152a,STAR WARS: THE MANDALORIAN AND GROGU,cgv,,26021200,Scifi,132 min,TBC,2D,2026-05-21,c11008ad-cec8-4666-889d-00624adb2665,2026-05-21T00:27:54.967864
b2bb36b8-938e-4253-99c0-808e2515152a,SEMUA AKAN BAIK BAIK SAJA,cgv,,26018100,Drama,113 min,13+,2D,2026-05-21,741c7446-1d0b-4299-9b72-6ddad82eabf0,2026-05-21T00:27:54.968107
b2bb36b8-938e-4253-99c0-808e2515152a,TUMBAL PROYEK,cgv,,26014300,Horror,106 min,17+,2D,2026-05-21,292595a9-c2be-45c7-8af3-870f887be816,2026-05-21T00:27:54.968400
b2bb36b8-938e-4253-99c0-808e2515152a,GOHAN,cgv,,26022500,Drama,140 min,SU,2D,2026-05-21,9037a3f4-7ca6-45bd-95e6-cd7d230e944e,2026-05-21T00:27:54.968617
b2bb36b8-938e-4253-99c0-808e2515152a,GHOST IN THE CELL,cgv,,26011800,Comedy,106 min,17+,2D,2026-05-21,ffffd427-7f2b-408c-98bb-694f140801c5,2026-05-21T00:27:54.968853
b2bb36b8-938e-4253-99c0-808e2515152a,TIBA TIBA SETAN,cgv,,26007500,Comedy,113 min,13+,2D,2026-05-21,43e3c028-79ce-4d4e-a92e-b175376b491b,2026-05-21T00:27:54.969090
d8630a56-db2a-4e9b-8b9a-dcb08c135059,TUMBAL PROYEK,cgv,,26014300,Horror,106 min,17+,2D,2026-05-21,71ef9c63-a213-4b42-b66d-ffd3050e29c6,2026-05-21T00:28:00.197663
d8630a56-db2a-4e9b-8b9a-dcb08c135059,GOHAN,cgv,,26022500,Drama,140 min,SU,2D,2026-05-21,ed2ac390-367d-4f93-9f9f-c12106d21d5a,2026-05-21T00:28:00.197991
d8630a56-db2a-4e9b-8b9a-dcb08c135059,STAR WARS: THE MANDALORIAN AND GROGU,cgv,,26021200,Scifi,132 min,TBC,2D,2026-05-21,9a3fbbab-2d49-48ff-af63-04be36eb10a5,2026-05-21T00:28:00.198658
d8630a56-db2a-4e9b-8b9a-dcb08c135059,MORTAL KOMBAT II,cgv,,26018200,Action,116 min,17+,2D,2026-05-21,a4af99a6-848e-4b41-b2f5-fda834ae5874,2026-05-21T00:28:00.198984
d8630a56-db2a-4e9b-8b9a-dcb08c135059,GUDANG MERICA,cgv,,26019400,Comedy,98 min,17+,2D,2026-05-21,a4609357-a1f8-4bee-a649-9d75e3d565bb,2026-05-21T00:28:00.199323
d8630a56-db2a-4e9b-8b9a-dcb08c135059,KELUARGA SUAMI ADALAH HAMA,cgv,,26017700,Drama,137 min,13+,2D,2026-05-21,b38d4b51-a575-4da5-9c36-be34338f110f,2026-05-21T00:28:00.199662
d8630a56-db2a-4e9b-8b9a-dcb08c135059,GHOST IN THE CELL,cgv,,26011800,Comedy,106 min,17+,2D,2026-05-21,86ffb30f-faa5-46b2-933a-da9535b2f10f,2026-05-21T00:28:00.199936
d8630a56-db2a-4e9b-8b9a-dcb08c135059,SEMUA AKAN BAIK BAIK SAJA,cgv,,26018100,Drama,113 min,13+,2D,2026-05-21,bbacfe63-6f8c-4668-bfb7-91372aacdd48,2026-05-21T00:28:00.200202
f6d332d0-0372-4c58-bd85-e12ec275a40c,KELUARGA SUAMI ADALAH HAMA,cgv,,26017700,Drama,117 min,13+,2D,2026-05-21,e7fc6bca-2dab-4114-bcde-2f3670159eb4,2026-05-21T00:28:01.013629
f6d332d0-0372-4c58-bd85-e12ec275a40c,SEMUA AKAN BAIK BAIK SAJA,cgv,,26018100,Drama,113 min,13+,2D,2026-05-21,f271a0c4-7e9f-47c7-83aa-7a627c4f3c1b,2026-05-21T00:28:01.013893
f6d332d0-0372-4c58-bd85-e12ec275a40c,MORTAL KOMBAT II,cgv,,26018200,Action,116 min,17+,2D,2026-05-21,0c0168a8-ef29-4f58-afa4-d32e60caa6d6,2026-05-21T00:28:01.014228
f6d332d0-0372-4c58-bd85-e12ec275a40c,TUMBAL PROYEK,cgv,,26014300,Horror,106 min,17+,2D,2026-05-21,e1af5a30-7a91-43f1-bc17-b41f32763378,2026-05-21T00:28:01.014526
f6d332d0-0372-4c58-bd85-e12ec275a40c,STAR WARS: THE MANDALORIAN AND GROGU,cgv,,26021200,Scifi,132 min,TBC,2D,2026-05-21,a8904eef-8cf3-4423-8540-72980a8d7d35,2026-05-21T00:28:01.014906
f6d332d0-0372-4c58-bd85-e12ec275a40c,GUDANG MERICA,cgv,,26019400,Comedy,98 min,17+,2D,2026-05-21,2abb6c7b-d914-4a9b-a143-70737356448f,2026-05-21T00:28:01.015188
f6d332d0-0372-4c58-bd85-e12ec275a40c,TIBA TIBA SETAN,cgv,,26007500,Comedy,113 min,13+,2D,2026-05-21,c87cf9f6-ca71-4a95-9ed0-901ffe70981b,2026-05-21T00:28:01.015408
aff06baf-881f-4ea3-ad73-5daf14659153,STAR WARS: THE MANDALORIAN AND GROGU,cgv,,26021200,Scifi,132 min,TBC,2D,2026-05-21,65e97832-db17-4bdb-8646-487685ddbd4c,2026-05-21T00:28:01.416333
aff06baf-881f-4ea3-ad73-5daf14659153,STAR WARS: THE MANDALORIAN AND GROGU,cgv,,26021200,Scifi,132 min,TBC,SCREENX 2D,2026-05-21,46e46cd3-285d-43a1-bafe-3c6b1c2bb0c1,2026-05-21T00:28:01.416453
aff06baf-881f-4ea3-ad73-5daf14659153,GUDANG MERICA,cgv,,26019400,Comedy,98 min,17+,2D,2026-05-21,7a0f1dd5-ae44-4369-80ca-551d88b9ec8d,2026-05-21T00:28:01.416908
aff06baf-881f-4ea3-ad73-5daf14659153,GHOST IN THE CELL,cgv,,26011800,Comedy,106 min,17+,2D,2026-05-21,5bfa6ee3-d38c-469b-9158-1f4c6a7be82d,2026-05-21T00:28:01.417197
aff06baf-881f-4ea3-ad73-5daf14659153,TIBA TIBA SETAN,cgv,,26007500,Comedy,113 min,13+,2D,2026-05-21,3a40d836-96ba-4472-a240-43b7320046c9,2026-05-21T00:28:01.417472
aff06baf-881f-4ea3-ad73-5daf14659153,KELUARGA SUAMI ADALAH HAMA,cgv,,26017700,Drama,117 min,13+,2D,2026-05-21,c6b3e8ca-463f-44ef-844e-6fd90b76cf06,2026-05-21T00:28:01.417799
aff06baf-881f-4ea3-ad73-5daf14659153,TUMBAL PROYEK,cgv,,26014300,Horror,106 min,17+,2D,2026-05-21,0446613a-bf87-4968-9c0b-ff8f8c863665,2026-05-21T00:28:01.418261
aff06baf-881f-4ea3-ad73-5daf14659153,GOHAN,cgv,,26022500,Drama,140 min,SU,2D,2026-05-21,a687fdfa-a31a-44f6-9a8e-2393989e4a95,2026-05-21T00:28:01.418691
aff06baf-881f-4ea3-ad73-5daf14659153,STAR WARS: THE MANDALORIAN AND GROGU (3D),cgv,,26025200,Scifi,132 min,13+,SCREENX 3D,2026-05-21,4f79e629-730f-4d24-be98-305051496e0a,2026-05-21T00:28:01.418957
894c2c74-9b16-42dd-b207-02ce9cdae30b,MORTAL KOMBAT II,cgv,,26018200,Action,116 min,17+,2D,2026-05-21,dbe61987-5368-4f7e-98f8-8e5eb8b241c6,2026-05-21T00:28:01.663898
894c2c74-9b16-42dd-b207-02ce9cdae30b,STAR WARS: THE MANDALORIAN AND GROGU,cgv,,26021200,Scifi,132 min,TBC,2D,2026-05-21,2c4918c9-a5dc-4dc4-b045-94c9c773e851,2026-05-21T00:28:01.664258
894c2c74-9b16-42dd-b207-02ce9cdae30b,GOHAN,cgv,,26022500,Drama,140 min,SU,2D,2026-05-21,3cbe0b11-9385-4cd5-955c-cf19a5e264b8,2026-05-21T00:28:01.664539
894c2c74-9b16-42dd-b207-02ce9cdae30b,MONSTER,cgv,,23042200,Drama,126 min,13+,2D,2026-05-21,92dbd68a-caeb-477c-b7d5-a108fee80b31,2026-05-21T00:28:01.664833
894c2c74-9b16-42dd-b207-02ce9cdae30b,TUMBAL PROYEK,cgv,,26014300,Horror,106 min,17+,2D,2026-05-21,32fc591b-d9e6-4b8b-9c4a-5176aed85039,2026-05-21T00:28:01.665132
894c2c74-9b16-42dd-b207-02ce9cdae30b,THE SHEEP DETECTIVES,cgv,,26019500,Comedy,109 min,SU,2D,2026-05-21,ce015c4e-4a29-430a-9a70-2a3a6555019f,2026-05-21T00:28:01.665416
894c2c74-9b16-42dd-b207-02ce9cdae30b,MOBILE SUIT GUNDAM HATHAWAY,cgv,,26021100,Animation,95 min,13+,2D,2026-05-21,302474b4-6244-4e5b-ba39-ceef2db5bc0b,2026-05-21T00:28:01.665680
e3d65baf-07ee-43af-8bc2-930f91a6d200,GUDANG MERICA,cgv,,26019400,Comedy,98 min,17+,2D,2026-05-21,49d76e8b-8bf1-4bdf-8845-69a34607a6d0,2026-05-21T00:28:01.926552
e3d65baf-07ee-43af-8bc2-930f91a6d200,TUMBAL PROYEK,cgv,,26014300,Horror,106 min,17+,2D,2026-05-21,716cc6a4-d402-4214-849b-5a7aafa06515,2026-05-21T00:28:01.926977
e3d65baf-07ee-43af-8bc2-930f91a6d200,TIBA TIBA SETAN,cgv,,26007500,Comedy,113 min,13+,2D,2026-05-21,cd3e2fec-50e0-49a1-9085-4d319d5c547d,2026-05-21T00:28:01.927301
e3d65baf-07ee-43af-8bc2-930f91a6d200,SEMUA AKAN BAIK BAIK SAJA,cgv,,26018100,Drama,113 min,13+,2D,2026-05-21,f1478133-23db-4d25-a799-115bef600943,2026-05-21T00:28:01.927609
e3d65baf-07ee-43af-8bc2-930f91a6d200,KELUARGA SUAMI ADALAH HAMA,cgv,,26017700,Drama,117 min,13+,2D,2026-05-21,58d1f85a-cec2-42b8-b675-85a3d675624d,2026-05-21T00:28:01.927918
e3d65baf-07ee-43af-8bc2-930f91a6d200,MORTAL KOMBAT II,cgv,,26018200,Action,116 min,17+,2D,2026-05-21,f6f15104-d480-49bc-83e1-e8ac09004fa7,2026-05-21T00:28:01.928222
e3d65baf-07ee-43af-8bc2-930f91a6d200,STAR WARS: THE MANDALORIAN AND GROGU,cgv,,26021200,Scifi,132 min,TBC,2D,2026-05-21,a0cb21bb-29be-4bc3-aff9-2d2f08713f0a,2026-05-21T00:28:01.928531
de6fd6b1-fd5a-4ce3-8ab7-3c0dbf9d4a27,GUDANG MERICA,cgv,,26019400,Comedy,98 min,17+,2D,2026-05-21,1d9f6e73-749e-4515-8744-ad0f67eee42f,2026-05-21T00:28:02.766849
de6fd6b1-fd5a-4ce3-8ab7-3c0dbf9d4a27,TUMBAL PROYEK,cgv,,26014300,Horror,106 min,17+,2D,2026-05-21,f0bbc3ee-c3ab-49c1-9fa8-9afb50bc0770,2026-05-21T00:28:02.767420
de6fd6b1-fd5a-4ce3-8ab7-3c0dbf9d4a27,TIBA TIBA SETAN,cgv,,26007500,Comedy,113 min,13+,2D,2026-05-21,be7661af-44ea-42be-82d1-649039a2a6a0,2026-05-21T00:28:02.768557
de6fd6b1-fd5a-4ce3-8ab7-3c0dbf9d4a27,SEMUA AKAN BAIK BAIK SAJA,cgv,,26018100,Drama,113 min,13+,2D,2026-05-21,162e77af-c9b7-49e1-8c72-0912d965a838,2026-05-21T00:28:02.769056
de6fd6b1-fd5a-4ce3-8ab7-3c0dbf9d4a27,KELUARGA SUAMI ADALAH HAMA,cgv,,26017700,Drama,137 min,13+,2D,2026-05-21,4a18ce14-60be-448a-bc47-4c5b5e140088,2026-05-21T00:28:02.769396
de6fd6b1-fd5a-4ce3-8ab7-3c0dbf9d4a27,KAMU HARUS MATI,cgv,,26023800,Horror,90 min,13+,2D,2026-05-21,8e77749f-b03a-4e1b-9af1-b22993abaf07,2026-05-21T00:28:02.769679
de6fd6b1-fd5a-4ce3-8ab7-3c0dbf9d4a27,STAR WARS: THE MANDALORIAN AND GROGU,cgv,,26021200,Scifi,132 min,TBC,2D,2026-05-21,0145e625-bdba-42d9-b5af-e82568e1a4bc,2026-05-21T00:28:02.769927
750ee07b-8014-47cb-acd9-a883b9b28494,MOBILE SUIT GUNDAM HATHAWAY,cgv,,26021100,Animation,95 min,13+,2D,2026-05-21,6914e073-f56b-42a3-8de7-32e79499502d,2026-05-21T00:28:03.304379
750ee07b-8014-47cb-acd9-a883b9b28494,THE SHEEP DETECTIVES,cgv,,26019500,Comedy,109 min,SU,2D,2026-05-21,08f4d8f4-83a1-4d31-af35-5cb929d87eeb,2026-05-21T00:28:03.304788
750ee07b-8014-47cb-acd9-a883b9b28494,STAR WARS: THE MANDALORIAN AND GROGU,cgv,,26021200,Scifi,132 min,TBC,2D,2026-05-21,4622fbae-02fd-4247-8d49-2ddf799a256f,2026-05-21T00:28:03.305331
750ee07b-8014-47cb-acd9-a883b9b28494,SEMUA AKAN BAIK BAIK SAJA,cgv,,26018100,Drama,113 min,13+,2D,2026-05-21,19da14a2-b400-496b-8a72-4a69e0f1dea7,2026-05-21T00:28:03.305922
750ee07b-8014-47cb-acd9-a883b9b28494,THAT TIME I GOT REINCARNATED AS A SLIME THE MOVIE: TEARS OF THE AZURE SEA,cgv,,26017900,Animation,103 min,13+,2D,2026-05-21,e8a08f7a-861b-42d3-9fc8-2aeb855ace26,2026-05-21T00:28:03.306393
750ee07b-8014-47cb-acd9-a883b9b28494,MORTAL KOMBAT II,cgv,,26018200,Action,116 min,17+,2D,2026-05-21,024250ec-5725-490e-b0fa-cdbcb5ffdbe6,2026-05-21T00:28:03.306720
750ee07b-8014-47cb-acd9-a883b9b28494,MONSTER,cgv,,23042200,Drama,126 min,13+,2D,2026-05-21,62751bfc-a543-48f3-9bd4-c993a13e12fa,2026-05-21T00:28:03.307023
750ee07b-8014-47cb-acd9-a883b9b28494,THE KING'S WARDEN,cgv,,26015000,Drama,117 min,13+,2D,2026-05-21,e7d6a31a-1fb6-4814-acda-fc1fc89f3f55,2026-05-21T00:28:03.307309
750ee07b-8014-47cb-acd9-a883b9b28494,TUMBAL PROYEK,cgv,,26014300,Horror,106 min,17+,2D,2026-05-21,d7455ea9-9a55-4894-99a9-ff9dce7e8f0e,2026-05-21T00:28:03.307570
c9328f8d-626a-45ea-a76c-ad307e90cb89,TUMBAL PROYEK,cgv,,26014300,Horror,106 min,17+,2D,2026-05-21,5cb29076-d908-4e69-8e8b-6ee535751bb2,2026-05-21T00:28:03.349293
c9328f8d-626a-45ea-a76c-ad307e90cb89,THE DEVIL WEARS PRADA 2,cgv,,26019800,Drama,119 min,13+,2D,2026-05-21,788fbbda-6ae5-409c-a864-ccd24f3427b2,2026-05-21T00:28:03.349592
c9328f8d-626a-45ea-a76c-ad307e90cb89,GHOST IN THE CELL,cgv,,26011800,Comedy,106 min,17+,2D,2026-05-21,00833d2e-962c-4348-94fd-8e1477d26a20,2026-05-21T00:28:03.349803
c9328f8d-626a-45ea-a76c-ad307e90cb89,STAR WARS: THE MANDALORIAN AND GROGU,cgv,,26021200,Scifi,132 min,TBC,2D,2026-05-21,75bf9538-c375-4f5b-9514-99abb5dda192,2026-05-21T00:28:03.350700
c9328f8d-626a-45ea-a76c-ad307e90cb89,STAR WARS: THE MANDALORIAN AND GROGU,cgv,,26021200,Scifi,132 min,TBC,4DX 2D,2026-05-21,bbd49b6b-2a2b-4432-98cf-f7e135a2195e,2026-05-21T00:28:03.350732
c9328f8d-626a-45ea-a76c-ad307e90cb89,GUDANG MERICA,cgv,,26019400,Comedy,98 min,17+,2D,2026-05-21,d816cc32-d078-4801-bcc7-eea2aaca9bbc,2026-05-21T00:28:03.351145
c9328f8d-626a-45ea-a76c-ad307e90cb89,PEGASUS 3,cgv,,26025100,Action,126 min,13+,2D,2026-05-21,6e572e99-d8e7-4eba-92ba-4637c3030c1d,2026-05-21T00:28:03.351360
c9328f8d-626a-45ea-a76c-ad307e90cb89,MONSTER,cgv,,23042200,Drama,126 min,13+,2D,2026-05-21,7ae6e402-a9c6-412f-b40f-ec55a0c99b13,2026-05-21T00:28:03.351573
c9328f8d-626a-45ea-a76c-ad307e90cb89,MORTAL KOMBAT II,cgv,,26018200,Action,116 min,17+,2D,2026-05-21,0153ff31-d025-4c5f-8fa7-439024f20479,2026-05-21T00:28:03.351783
c9328f8d-626a-45ea-a76c-ad307e90cb89,THE SHEEP DETECTIVES,cgv,,26019500,Comedy,109 min,SU,2D,2026-05-21,e598fce4-9664-41f5-b142-e3d2bcadbc82,2026-05-21T00:28:03.351990
c9328f8d-626a-45ea-a76c-ad307e90cb89,STAR WARS: THE MANDALORIAN AND GROGU (3D),cgv,,26025200,Scifi,132 min,13+,3D,2026-05-21,0024ad7b-e05a-435a-92fe-8b043dbbf3a1,2026-05-21T00:28:03.352300
c9328f8d-626a-45ea-a76c-ad307e90cb89,STAR WARS: THE MANDALORIAN AND GROGU (3D),cgv,,26025200,Scifi,132 min,13+,4DX 3D,2026-05-21,25c1cd9f-847d-4d3f-a2c4-c7b8fe15e179,2026-05-21T00:28:03.352319
c9328f8d-626a-45ea-a76c-ad307e90cb89,SUNSHINE WOMEN'S CHOIR,cgv,,26024400,Drama,134 min,13+,2D,2026-05-21,6308cadb-b164-428a-b521-173fb6f67c41,2026-05-21T00:28:03.352530
c9328f8d-626a-45ea-a76c-ad307e90cb89,SEMUA AKAN BAIK BAIK SAJA,cgv,,26018100,Drama,113 min,13+,2D,2026-05-21,72cba4be-3616-4e72-be56-db4f32c934c8,2026-05-21T00:28:03.352771
c9328f8d-626a-45ea-a76c-ad307e90cb89,GOHAN,cgv,,26022500,Drama,140 min,SU,2D,2026-05-21,31b0eae9-d337-49d5-a6f4-5a8e78a2712b,2026-05-21T00:28:03.352977
1fd27a55-a4f4-43fc-ba45-812a392e02ac,TUMBAL PROYEK,cgv,,26014300,Horror,106 min,17+,2D,2026-05-21,4cc748d3-5db0-4815-b5a9-601d5344b5fb,2026-05-21T00:28:03.626490
1fd27a55-a4f4-43fc-ba45-812a392e02ac,GUDANG MERICA,cgv,,26019400,Comedy,98 min,17+,2D,2026-05-21,34b1379b-f79d-4093-a5f7-86e465be315b,2026-05-21T00:28:03.627003
1fd27a55-a4f4-43fc-ba45-812a392e02ac,GHOST IN THE CELL,cgv,,26011800,Comedy,106 min,17+,2D,2026-05-21,f22de90e-4490-4c62-9612-2ed0e636ef01,2026-05-21T00:28:03.627318
1fd27a55-a4f4-43fc-ba45-812a392e02ac,STAR WARS: THE MANDALORIAN AND GROGU,cgv,,26021200,Scifi,132 min,TBC,2D,2026-05-21,69ccb06e-3c30-4e43-9158-fdce33cd70db,2026-05-21T00:28:03.627702
1fd27a55-a4f4-43fc-ba45-812a392e02ac,KELUARGA SUAMI ADALAH HAMA,cgv,,26017700,Drama,117 min,13+,2D,2026-05-21,2da3bfa5-14c2-4f5f-840e-025e30192f5e,2026-05-21T00:28:03.628080
1fd27a55-a4f4-43fc-ba45-812a392e02ac,KAMU HARUS MATI,cgv,,26023800,Horror,90 min,13+,2D,2026-05-21,480bb644-69e7-460d-bc4f-b71e3a0b4779,2026-05-21T00:28:03.628429
1fd27a55-a4f4-43fc-ba45-812a392e02ac,SEMUA AKAN BAIK BAIK SAJA,cgv,,26018100,Drama,113 min,13+,2D,2026-05-21,86d12414-1266-4baf-b024-0edb6f134ef4,2026-05-21T00:28:03.628737
3c743772-0f0b-48cc-b550-a27b5d27dacd,SALMOKJI: WHISPERING WATER,cgv,,26019100,Horror,95 min,17+,2D,2026-05-21,7b204724-3320-4934-ad75-cd1909ec66d3,2026-05-21T00:28:04.056294
3c743772-0f0b-48cc-b550-a27b5d27dacd,TUMBAL PROYEK,cgv,,26014300,Horror,106 min,17+,2D,2026-05-21,9b851831-b92e-45c4-8689-9e7d87e74e63,2026-05-21T00:28:04.056714
3c743772-0f0b-48cc-b550-a27b5d27dacd,GHOST IN THE CELL,cgv,,26011800,Comedy,106 min,17+,2D,2026-05-21,f99ae398-59f9-420a-8098-b0935f282634,2026-05-21T00:28:04.057124
3c743772-0f0b-48cc-b550-a27b5d27dacd,GUDANG MERICA,cgv,,26019400,Comedy,98 min,17+,2D,2026-05-21,89be79a5-6206-4f58-b828-5bf96931d4bd,2026-05-21T00:28:04.057535
3c743772-0f0b-48cc-b550-a27b5d27dacd,STAR WARS: THE MANDALORIAN AND GROGU,cgv,,26021200,Scifi,132 min,TBC,2D,2026-05-21,30631aec-25a4-4891-9d70-0daaa8a5cf9b,2026-05-21T00:28:04.057877
3c743772-0f0b-48cc-b550-a27b5d27dacd,GOHAN,cgv,,26022500,Drama,140 min,SU,2D,2026-05-21,645ec08d-0d7f-403b-a7d7-12af00d4e030,2026-05-21T00:28:04.058184
3c743772-0f0b-48cc-b550-a27b5d27dacd,SEMUA AKAN BAIK BAIK SAJA,cgv,,26018100,Drama,113 min,13+,2D,2026-05-21,d1c9aac2-03a5-4d16-95fe-659e5abc83c7,2026-05-21T00:28:04.058491
3c743772-0f0b-48cc-b550-a27b5d27dacd,MORTAL KOMBAT II,cgv,,26018200,Action,116 min,17+,2D,2026-05-21,291a6a88-af53-4833-98b4-66df48371a82,2026-05-21T00:28:04.058793
3c743772-0f0b-48cc-b550-a27b5d27dacd,STAR WARS: THE MANDALORIAN AND GROGU (3D),cgv,,26025200,Scifi,132 min,13+,3D,2026-05-21,6de8cc76-a1ec-4c9f-b83f-46d1fffb334f,2026-05-21T00:28:04.059082
3c743772-0f0b-48cc-b550-a27b5d27dacd,YANG LAIN BOLEH HILANG ASAL KAU JANGAN,cgv,,26018300,Drama,113 min,13+,2D,2026-05-21,716940be-ad72-473f-adbd-900b56e36596,2026-05-21T00:28:04.059399
3c743772-0f0b-48cc-b550-a27b5d27dacd,MOBILE SUIT GUNDAM HATHAWAY,cgv,,26021100,Animation,95 min,13+,2D,2026-05-21,d8b746a3-f657-4f31-9a50-0472d7242da8,2026-05-21T00:28:04.059677
3c743772-0f0b-48cc-b550-a27b5d27dacd,MONSTER,cgv,,23042200,Drama,126 min,13+,2D,2026-05-21,67f55224-98ed-45cd-afee-0a88d2bd8ef5,2026-05-21T00:28:04.059938
b8b4e48a-e597-41c2-a37c-e725dc79f043,TUMBAL PROYEK,cgv,,26014300,Horror,106 min,17+,2D,2026-05-21,f45bab12-9caf-47cd-a412-1a46919b0e5c,2026-05-21T00:28:05.188793
b8b4e48a-e597-41c2-a37c-e725dc79f043,SEMUA AKAN BAIK BAIK SAJA,cgv,,26018100,Drama,113 min,13+,2D,2026-05-21,3f6377fe-32e7-4f65-8aea-df322dc979c0,2026-05-21T00:28:05.189196
b8b4e48a-e597-41c2-a37c-e725dc79f043,GHOST IN THE CELL,cgv,,26011800,Comedy,106 min,17+,2D,2026-05-21,d418c404-aa94-4abe-ad34-95f20e7aedca,2026-05-21T00:28:05.189474
b8b4e48a-e597-41c2-a37c-e725dc79f043,STAR WARS: THE MANDALORIAN AND GROGU,cgv,,26021200,Scifi,132 min,TBC,2D,2026-05-21,08bfff2d-8ac4-4985-8300-d6d490619d73,2026-05-21T00:28:05.190303
b8b4e48a-e597-41c2-a37c-e725dc79f043,STAR WARS: THE MANDALORIAN AND GROGU,cgv,,26021200,Scifi,132 min,TBC,SCREENX 2D,2026-05-21,564ebc3d-fd61-43ba-b580-9f14230b4cac,2026-05-21T00:28:05.190338
b8b4e48a-e597-41c2-a37c-e725dc79f043,MORTAL KOMBAT II,cgv,,26018200,Action,116 min,17+,2D,2026-05-21,8f549140-3d1b-4247-bf4a-08e90898a1ab,2026-05-21T00:28:05.190678
b8b4e48a-e597-41c2-a37c-e725dc79f043,STAR WARS: THE MANDALORIAN AND GROGU (3D),cgv,,26025200,Scifi,132 min,13+,3D,2026-05-21,3fa982d0-ca2c-4aac-bc21-50a0598efaac,2026-05-21T00:28:05.190914
b8b4e48a-e597-41c2-a37c-e725dc79f043,GOHAN,cgv,,26022500,Drama,140 min,SU,2D,2026-05-21,ae61fc29-1c68-4b1d-85c9-e85c1167ec8c,2026-05-21T00:28:05.191145
b8b4e48a-e597-41c2-a37c-e725dc79f043,THE DEVIL WEARS PRADA 2,cgv,,26019800,Drama,119 min,13+,2D,2026-05-21,6ded5f26-b26b-4402-853a-4d7750c2a572,2026-05-21T00:28:05.191394
b8b4e48a-e597-41c2-a37c-e725dc79f043,MONSTER,cgv,,23042200,Drama,126 min,13+,2D,2026-05-21,f03f5e5a-8bb6-4682-9247-c57bc465f072,2026-05-21T00:28:05.191668
eff71c44-6195-4fe0-9690-a56eca38c4c9,GUDANG MERICA,cgv,,26019400,Comedy,98 min,17+,2D,2026-05-21,142b97e0-9f15-434d-955c-4ade84116162,2026-05-21T00:28:06.621802
eff71c44-6195-4fe0-9690-a56eca38c4c9,TUMBAL PROYEK,cgv,,26014300,Horror,106 min,17+,2D,2026-05-21,3a8b63bc-7ce4-45d3-bb5e-bd9c30a1e491,2026-05-21T00:28:06.622268
eff71c44-6195-4fe0-9690-a56eca38c4c9,MORTAL KOMBAT II,cgv,,26018200,Action,116 min,17+,2D,2026-05-21,ac07a005-7847-4b4c-8fe6-fa0904e47bcf,2026-05-21T00:28:06.622543
eff71c44-6195-4fe0-9690-a56eca38c4c9,STAR WARS: THE MANDALORIAN AND GROGU,cgv,,26021200,Scifi,132 min,TBC,2D,2026-05-21,b87d61e6-6faa-4198-8aa6-32ee4687e073,2026-05-21T00:28:06.622900
eff71c44-6195-4fe0-9690-a56eca38c4c9,GHOST IN THE CELL,cgv,,26011800,Comedy,106 min,17+,2D,2026-05-21,ecf9f160-e7fe-48a3-89c5-4db6c66309af,2026-05-21T00:28:06.623272
eff71c44-6195-4fe0-9690-a56eca38c4c9,KELUARGA SUAMI ADALAH HAMA,cgv,,26017700,Drama,117 min,13+,2D,2026-05-21,8fde5cc3-3ddd-44f0-88ce-0ca9416bc60c,2026-05-21T00:28:06.623586
eff71c44-6195-4fe0-9690-a56eca38c4c9,SEMUA AKAN BAIK BAIK SAJA,cgv,,26018100,Drama,113 min,13+,2D,2026-05-21,c7776e7a-6a51-4d0d-bfef-7a7c49980131,2026-05-21T00:28:06.623850
156d01d4-cc57-4df8-9c9b-72db692ab8e4,STAR WARS: THE MANDALORIAN AND GROGU,cgv,,26021200,Scifi,132 min,TBC,2D,2026-05-21,f8eb21dc-3d73-4ff1-a875-caf1e02f8efa,2026-05-21T00:28:06.779688
156d01d4-cc57-4df8-9c9b-72db692ab8e4,SEMUA AKAN BAIK BAIK SAJA,cgv,,26018100,Drama,113 min,13+,2D,2026-05-21,0eaa3c64-ece9-4a97-9cb6-a37c17fd9e41,2026-05-21T00:28:06.779968
156d01d4-cc57-4df8-9c9b-72db692ab8e4,TUMBAL PROYEK,cgv,,26014300,Horror,106 min,17+,2D,2026-05-21,ecb1526f-64c4-4d0c-8931-359fb105cde4,2026-05-21T00:28:06.780414
156d01d4-cc57-4df8-9c9b-72db692ab8e4,TIBA TIBA SETAN,cgv,,26007500,Comedy,113 min,13+,2D,2026-05-21,c1f58694-7ef3-4690-9a23-ed53454c6a0c,2026-05-21T00:28:06.780677
156d01d4-cc57-4df8-9c9b-72db692ab8e4,GUDANG MERICA,cgv,,26019400,Comedy,98 min,17+,2D,2026-05-21,4523a6e2-ba58-4f9f-8ae0-d71772f97084,2026-05-21T00:28:06.781023
156d01d4-cc57-4df8-9c9b-72db692ab8e4,KELUARGA SUAMI ADALAH HAMA,cgv,,26017700,Drama,117 min,13+,2D,2026-05-21,733d639c-c6b7-4dc9-bdc5-e72a82c434c4,2026-05-21T00:28:06.781278
156d01d4-cc57-4df8-9c9b-72db692ab8e4,GHOST IN THE CELL,cgv,,26011800,Comedy,106 min,17+,2D,2026-05-21,61dd5f36-f2fa-46c4-a995-ffd7d1a1d7aa,2026-05-21T00:28:06.781507
3c762365-fad1-4a13-95dd-478ad0bf877c,GHOST IN THE CELL,cgv,,26011800,Comedy,106 min,17+,2D,2026-05-21,87807ce9-4286-4de0-8852-a48174013b45,2026-05-21T00:28:06.906281
3c762365-fad1-4a13-95dd-478ad0bf877c,SEMUA AKAN BAIK BAIK SAJA,cgv,,26018100,Drama,113 min,13+,2D,2026-05-21,73a61f23-6e2e-4b41-b66f-7536517dea7e,2026-05-21T00:28:06.906597
3c762365-fad1-4a13-95dd-478ad0bf877c,TUMBAL PROYEK,cgv,,26014300,Horror,106 min,17+,2D,2026-05-21,40c398c6-5faf-4f52-a755-f09f520333af,2026-05-21T00:28:06.907121
3c762365-fad1-4a13-95dd-478ad0bf877c,STAR WARS: THE MANDALORIAN AND GROGU,cgv,,26021200,Scifi,132 min,TBC,2D,2026-05-21,6f48884e-dad4-48d1-85d6-1a43e4c44e07,2026-05-21T00:28:06.907558
3c762365-fad1-4a13-95dd-478ad0bf877c,YANG LAIN BOLEH HILANG ASAL KAU JANGAN,cgv,,26018300,Drama,113 min,13+,2D,2026-05-21,41302590-e6ed-4802-881a-91c33b71c9c1,2026-05-21T00:28:06.907825
3c762365-fad1-4a13-95dd-478ad0bf877c,PEGASUS 3,cgv,,26025100,Action,126 min,13+,2D,2026-05-21,51f5f593-d97d-46e3-82a5-9c06be41b5d1,2026-05-21T00:28:06.908042
3c762365-fad1-4a13-95dd-478ad0bf877c,MORTAL KOMBAT II,cgv,,26018200,Action,116 min,17+,2D,2026-05-21,abd64f1f-2ddf-4dc5-83cd-77b9bf3e1a42,2026-05-21T00:28:06.908250
3c762365-fad1-4a13-95dd-478ad0bf877c,GOHAN,cgv,,26022500,Drama,140 min,SU,2D,2026-05-21,67027c30-c09e-4221-8734-6a38df72b101,2026-05-21T00:28:06.908470
40654fd5-c42e-4794-9e89-e7f67b093fbe,SEMUA AKAN BAIK BAIK SAJA,cgv,,26018100,Drama,113 min,13+,2D,2026-05-21,9bb56cb7-3460-4ea6-aa0e-bd2c47ba744f,2026-05-21T00:28:07.073082
40654fd5-c42e-4794-9e89-e7f67b093fbe,TUMBAL PROYEK,cgv,,26014300,Horror,106 min,17+,2D,2026-05-21,0a0ca5c5-f563-49df-ad90-1b8dfef16f28,2026-05-21T00:28:07.073469
40654fd5-c42e-4794-9e89-e7f67b093fbe,YANG LAIN BOLEH HILANG ASAL KAU JANGAN,cgv,,26018300,Drama,113 min,13+,2D,2026-05-21,b6f29977-affc-4400-8137-9efa6574304c,2026-05-21T00:28:07.073848
40654fd5-c42e-4794-9e89-e7f67b093fbe,GUDANG MERICA,cgv,,26019400,Comedy,98 min,17+,2D,2026-05-21,3b94d4ff-ea1a-4aa8-ac87-b1f62e70846f,2026-05-21T00:28:07.074229
40654fd5-c42e-4794-9e89-e7f67b093fbe,KAMU HARUS MATI,cgv,,26023800,Horror,90 min,13+,2D,2026-05-21,3226109a-c338-4bf1-a2e6-be1bc17fd6ed,2026-05-21T00:28:07.074496
40654fd5-c42e-4794-9e89-e7f67b093fbe,GHOST IN THE CELL,cgv,,26011800,Comedy,106 min,17+,2D,2026-05-21,e83a85aa-1049-471d-9328-f975974df9b5,2026-05-21T00:28:07.074842
40654fd5-c42e-4794-9e89-e7f67b093fbe,STAR WARS: THE MANDALORIAN AND GROGU,cgv,,26021200,Scifi,132 min,TBC,2D,2026-05-21,fcbac834-38bf-4c4a-ab9f-c52c3b091554,2026-05-21T00:28:07.075250
40654fd5-c42e-4794-9e89-e7f67b093fbe,KELUARGA SUAMI ADALAH HAMA,cgv,,26017700,Drama,137 min,13+,2D,2026-05-21,7c6b4b72-836e-44c0-ba59-837dca416476,2026-05-21T00:28:07.075575
3f71fd62-ad03-4348-b3b8-44a763050aa7,GUDANG MERICA,cgv,,26019400,Comedy,98 min,17+,2D,2026-05-21,e8040650-4625-447b-ad55-e0f9175b4fce,2026-05-21T00:28:07.529272
3f71fd62-ad03-4348-b3b8-44a763050aa7,SEMUA AKAN BAIK BAIK SAJA,cgv,,26018100,Drama,113 min,13+,2D,2026-05-21,bc59de1a-07e4-4cd6-874a-e717b3027626,2026-05-21T00:28:07.529663
3f71fd62-ad03-4348-b3b8-44a763050aa7,TUMBAL PROYEK,cgv,,26014300,Horror,106 min,17+,2D,2026-05-21,fa7a5a3a-922a-4810-a4bf-b98d57e5281b,2026-05-21T00:28:07.530038
3f71fd62-ad03-4348-b3b8-44a763050aa7,KELUARGA SUAMI ADALAH HAMA,cgv,,26017700,Drama,117 min,13+,2D,2026-05-21,9e09cce4-7fb9-4f0c-b674-b561ada1c3bf,2026-05-21T00:28:07.530442
3f71fd62-ad03-4348-b3b8-44a763050aa7,STAR WARS: THE MANDALORIAN AND GROGU,cgv,,26021200,Scifi,132 min,TBC,2D,2026-05-21,94fc572e-8f8e-442d-a634-2854c5a7e354,2026-05-21T00:28:07.530860
542b391d-bd35-418f-af36-2bd116bcb443,TUMBAL PROYEK,cgv,,26014300,Horror,106 min,17+,2D,2026-05-21,d42a0d72-3f99-492c-8d3f-10b7902aa79c,2026-05-21T00:28:08.557804
542b391d-bd35-418f-af36-2bd116bcb443,STAR WARS: THE MANDALORIAN AND GROGU,cgv,,26021200,Scifi,132 min,TBC,2D,2026-05-21,45455faa-529c-41b9-8785-0e218873234a,2026-05-21T00:28:08.558192
542b391d-bd35-418f-af36-2bd116bcb443,YANG LAIN BOLEH HILANG ASAL KAU JANGAN,cgv,,26018300,Drama,113 min,13+,2D,2026-05-21,8eb1bd32-4e49-4351-ad38-3709871c895f,2026-05-21T00:28:08.558446
542b391d-bd35-418f-af36-2bd116bcb443,SEMUA AKAN BAIK BAIK SAJA,cgv,,26018100,Drama,113 min,13+,2D,2026-05-21,2034d0f8-1202-4989-a86b-24b0f46e1159,2026-05-21T00:28:08.558698
542b391d-bd35-418f-af36-2bd116bcb443,KELUARGA SUAMI ADALAH HAMA,cgv,,26017700,Drama,117 min,13+,2D,2026-05-21,d69aa349-5e12-40b7-b789-cd3b84258f87,2026-05-21T00:28:08.558943
542b391d-bd35-418f-af36-2bd116bcb443,GUDANG MERICA,cgv,,26019400,Comedy,98 min,17+,2D,2026-05-21,b27f36ad-1ec1-42f0-b5b3-bb9b09798985,2026-05-21T00:28:08.559188
542b391d-bd35-418f-af36-2bd116bcb443,GHOST IN THE CELL,cgv,,26011800,Comedy,106 min,17+,2D,2026-05-21,1763443b-d5eb-4a1a-a903-3e1426611c23,2026-05-21T00:28:08.559404
542b391d-bd35-418f-af36-2bd116bcb443,TIBA TIBA SETAN,cgv,,26007500,Comedy,113 min,13+,2D,2026-05-21,b7200fb9-80e8-4b1a-af95-76e04a32b2db,2026-05-21T00:28:08.559616
b3082e49-a6f2-4d98-ba62-77aa87aa6a4e,TUMBAL PROYEK,cgv,,26014300,Horror,106 min,17+,2D,2026-05-21,d64574b7-4885-47e7-a1ef-aae6924bfd7a,2026-05-21T00:28:08.792194
b3082e49-a6f2-4d98-ba62-77aa87aa6a4e,SEMUA AKAN BAIK BAIK SAJA,cgv,,26018100,Drama,113 min,13+,2D,2026-05-21,36a39dbd-8036-48a7-bd02-9c03e6fec280,2026-05-21T00:28:08.792440
b3082e49-a6f2-4d98-ba62-77aa87aa6a4e,STAR WARS: THE MANDALORIAN AND GROGU,cgv,,26021200,Scifi,132 min,TBC,2D,2026-05-21,b6650c1a-587e-4f0d-8744-ee2c373b2a05,2026-05-21T00:28:08.792732
b3082e49-a6f2-4d98-ba62-77aa87aa6a4e,GUDANG MERICA,cgv,,26019400,Comedy,98 min,17+,2D,2026-05-21,d1c16808-e188-468e-bbc7-3dc1c0fb0667,2026-05-21T00:28:08.792966
b3082e49-a6f2-4d98-ba62-77aa87aa6a4e,TIBA TIBA SETAN,cgv,,26007500,Comedy,113 min,13+,2D,2026-05-21,2df9b1a0-c5eb-4130-90dc-263df63d5204,2026-05-21T00:28:08.793172
b3082e49-a6f2-4d98-ba62-77aa87aa6a4e,KELUARGA SUAMI ADALAH HAMA,cgv,,26017700,Drama,117 min,13+,2D,2026-05-21,c8a4a99f-963c-4514-a628-1a6327917850,2026-05-21T00:28:08.793402
b3082e49-a6f2-4d98-ba62-77aa87aa6a4e,SEKAWAN LIMO (RE-RELEASE),cgv,,26024900,Comedy,112 min,13+,2D,2026-05-21,e65444ad-bedf-4b68-8e80-fdd373d3574e,2026-05-21T00:28:08.793607
b4c22c06-5a8e-40ba-bffd-05688015d5f3,GUDANG MERICA,cgv,,26019400,Comedy,98 min,17+,2D,2026-05-21,11ff450b-0762-4333-a979-f10f810338ba,2026-05-21T00:28:10.197997
b4c22c06-5a8e-40ba-bffd-05688015d5f3,STAR WARS: THE MANDALORIAN AND GROGU,cgv,,26021200,Scifi,132 min,TBC,2D,2026-05-21,a391569a-7c10-4ea1-a1bf-ef5c569a84de,2026-05-21T00:28:10.198428
b4c22c06-5a8e-40ba-bffd-05688015d5f3,SEMUA AKAN BAIK BAIK SAJA,cgv,,26018100,Drama,113 min,13+,2D,2026-05-21,5051cc32-e1cd-46aa-b29a-d42bc065644e,2026-05-21T00:28:10.198811
b4c22c06-5a8e-40ba-bffd-05688015d5f3,YANG LAIN BOLEH HILANG ASAL KAU JANGAN,cgv,,26018300,Drama,113 min,13+,2D,2026-05-21,d61ae1c0-4f8e-4d8f-94d3-489df6a44302,2026-05-21T00:28:10.199123
b4c22c06-5a8e-40ba-bffd-05688015d5f3,TUMBAL PROYEK,cgv,,26014300,Horror,106 min,17+,2D,2026-05-21,01c394c8-4b88-45d9-bb12-5a8a21d9a2d4,2026-05-21T00:28:10.199503
49863108-898b-4adf-9a22-3916bfe7a0df,STAR WARS: THE MANDALORIAN AND GROGU,cgv,,26021200,Scifi,132 min,TBC,2D,2026-05-21,bb5b1982-88d7-443a-8d3b-7e93629e13b9,2026-05-21T00:28:08.756619
49863108-898b-4adf-9a22-3916bfe7a0df,TUMBAL PROYEK,cgv,,26014300,Horror,106 min,17+,2D,2026-05-21,251a7aa2-09d1-4e21-909c-fb896f2a65d5,2026-05-21T00:28:08.757045
49863108-898b-4adf-9a22-3916bfe7a0df,SEMUA AKAN BAIK BAIK SAJA,cgv,,26018100,Drama,113 min,13+,2D,2026-05-21,20cada06-597e-4ad8-88e0-0b52085392e3,2026-05-21T00:28:08.757434
49863108-898b-4adf-9a22-3916bfe7a0df,GUDANG MERICA,cgv,,26019400,Comedy,98 min,17+,2D,2026-05-21,2c4722f2-7ead-4e11-9f08-7786557c9a94,2026-05-21T00:28:08.757776
348dfff3-9ca1-44bf-b2c8-f0663092d88a,GUDANG MERICA,cgv,,26019400,Comedy,98 min,17+,2D,2026-05-21,392ef5cc-3377-4da0-a68a-4bee1e2cb095,2026-05-21T00:28:09.230781
348dfff3-9ca1-44bf-b2c8-f0663092d88a,TUMBAL PROYEK,cgv,,26014300,Horror,106 min,17+,2D,2026-05-21,85518c89-04b1-4078-8df5-a6f494967bb7,2026-05-21T00:28:09.231344
348dfff3-9ca1-44bf-b2c8-f0663092d88a,SEMUA AKAN BAIK BAIK SAJA,cgv,,26018100,Drama,113 min,13+,2D,2026-05-21,053a4068-910b-4b8d-a5c4-90e55bd7d911,2026-05-21T00:28:09.231709
348dfff3-9ca1-44bf-b2c8-f0663092d88a,STAR WARS: THE MANDALORIAN AND GROGU,cgv,,26021200,Scifi,132 min,TBC,2D,2026-05-21,e439c056-019b-48bc-af20-3413dbd226df,2026-05-21T00:28:09.232066
348dfff3-9ca1-44bf-b2c8-f0663092d88a,KELUARGA SUAMI ADALAH HAMA,cgv,,26017700,Drama,117 min,13+,2D,2026-05-21,e6eb657f-bb6d-44f3-af9e-5c71c9f4e4a0,2026-05-21T00:28:09.232416
348dfff3-9ca1-44bf-b2c8-f0663092d88a,TIBA TIBA SETAN,cgv,,26007500,Comedy,113 min,13+,2D,2026-05-21,3892570f-c043-4b41-88b9-d5ce048c13b5,2026-05-21T00:28:09.232672
348dfff3-9ca1-44bf-b2c8-f0663092d88a,YANG LAIN BOLEH HILANG ASAL KAU JANGAN,cgv,,26018300,Drama,113 min,13+,2D,2026-05-21,e63dfbf9-ae04-419a-bde8-35bdccf259cf,2026-05-21T00:28:09.232922
348dfff3-9ca1-44bf-b2c8-f0663092d88a,"AYAH, INI ARAHNYA KEMANA, YA?",cgv,,26011000,Drama,103 min,13+,2D,2026-05-21,daaab622-4468-4377-a202-68b9156a7ebe,2026-05-21T00:28:09.233176
348dfff3-9ca1-44bf-b2c8-f0663092d88a,GHOST IN THE CELL,cgv,,26011800,Comedy,106 min,17+,2D,2026-05-21,c76d1810-0877-46e7-aa1e-c33414142e95,2026-05-21T00:28:09.233461
348dfff3-9ca1-44bf-b2c8-f0663092d88a,MORTAL KOMBAT II,cgv,,26018200,Action,116 min,17+,2D,2026-05-21,083aa7a9-400e-44d9-accd-f7a78b0b8ed0,2026-05-21T00:28:09.233712
348dfff3-9ca1-44bf-b2c8-f0663092d88a,KAMU HARUS MATI,cgv,,26023800,Horror,90 min,13+,2D,2026-05-21,692d702b-52e9-4508-b201-3dc4dce83449,2026-05-21T00:28:09.234020
348dfff3-9ca1-44bf-b2c8-f0663092d88a,MONSTER,cgv,,23042200,Drama,126 min,13+,2D,2026-05-21,8bf95e6a-4685-491f-99c2-1b13dd3475e7,2026-05-21T00:28:09.234272
348dfff3-9ca1-44bf-b2c8-f0663092d88a,THAT TIME I GOT REINCARNATED AS A SLIME THE MOVIE: TEARS OF THE AZURE SEA,cgv,,26017900,Animation,103 min,13+,2D,2026-05-21,1d3a3236-510b-4a04-b3b8-e75b008362fb,2026-05-21T00:28:09.234516
5c9522ba-529d-419e-9e5e-70dba9cf6607,GUDANG MERICA,cgv,,26019400,Comedy,98 min,17+,2D,2026-05-21,03a89c45-7ff7-4226-a45a-45287d9bb5ac,2026-05-21T00:28:10.543441
5c9522ba-529d-419e-9e5e-70dba9cf6607,SEMUA AKAN BAIK BAIK SAJA,cgv,,26018100,Drama,113 min,13+,2D,2026-05-21,a8271cef-350e-47a7-b11d-10e9e1946851,2026-05-21T00:28:10.543701
5c9522ba-529d-419e-9e5e-70dba9cf6607,STAR WARS: THE MANDALORIAN AND GROGU,cgv,,26021200,Scifi,132 min,TBC,2D,2026-05-21,c9b64a87-fcfb-44a9-b113-e3b4ead031e3,2026-05-21T00:28:10.543998
5c9522ba-529d-419e-9e5e-70dba9cf6607,TUMBAL PROYEK,cgv,,26014300,Horror,106 min,17+,2D,2026-05-21,225681d3-228e-470c-af49-901762f3eda2,2026-05-21T00:28:10.544337
5c9522ba-529d-419e-9e5e-70dba9cf6607,TIBA TIBA SETAN,cgv,,26007500,Comedy,113 min,13+,2D,2026-05-21,06ee67db-20bb-4237-820a-0f7af3d74997,2026-05-21T00:28:10.544575
5c9522ba-529d-419e-9e5e-70dba9cf6607,KELUARGA SUAMI ADALAH HAMA,cgv,,26017700,Drama,117 min,13+,2D,2026-05-21,2ae48eed-d931-4cfd-a4e5-c75b3d92a4f1,2026-05-21T00:28:10.544836
5c9522ba-529d-419e-9e5e-70dba9cf6607,GHOST IN THE CELL,cgv,,26011800,Comedy,106 min,17+,2D,2026-05-21,5682a741-bf46-4fbc-b26a-479f4058c9ae,2026-05-21T00:28:10.545067
5c9522ba-529d-419e-9e5e-70dba9cf6607,YANG LAIN BOLEH HILANG ASAL KAU JANGAN,cgv,,26018300,Drama,113 min,13+,2D,2026-05-21,4dbb511f-b47d-49cd-a48c-1623426f3e63,2026-05-21T00:28:10.545277
a27dfb0e-d592-409f-b894-55c9455128d1,STAR WARS: THE MANDALORIAN AND GROGU,cgv,,26021200,Scifi,132 min,TBC,2D,2026-05-21,367f5eb1-88a4-4e79-b267-5ba16511e805,2026-05-21T00:28:10.579452
a27dfb0e-d592-409f-b894-55c9455128d1,GUDANG MERICA,cgv,,26019400,Comedy,98 min,17+,2D,2026-05-21,4e55d3c5-63c4-42f7-93dd-003aca3711b1,2026-05-21T00:28:10.579744
a27dfb0e-d592-409f-b894-55c9455128d1,KELUARGA SUAMI ADALAH HAMA,cgv,,26017700,Drama,117 min,13+,2D,2026-05-21,8c9b436d-1a27-42e0-ab4f-6c0e586d0782,2026-05-21T00:28:10.580011
a27dfb0e-d592-409f-b894-55c9455128d1,TUMBAL PROYEK,cgv,,26014300,Horror,106 min,17+,2D,2026-05-21,f76eb306-9a58-4112-aed2-2f20fa3bfdca,2026-05-21T00:28:10.580261
319d6f86-dd02-4eac-a760-a088f996d63a,STAR WARS: THE MANDALORIAN AND GROGU,cgv,,26021200,Scifi,132 min,TBC,2D,2026-05-21,40fee4d5-4300-4ddd-9028-eec8b3f971cf,2026-05-21T00:28:11.931603
319d6f86-dd02-4eac-a760-a088f996d63a,GUDANG MERICA,cgv,,26019400,Comedy,98 min,17+,2D,2026-05-21,3b8ea0ba-3abf-46e8-8c99-0ae6d4d49b49,2026-05-21T00:28:11.932141
319d6f86-dd02-4eac-a760-a088f996d63a,TUMBAL PROYEK,cgv,,26014300,Horror,106 min,17+,2D,2026-05-21,ff910703-e5e7-4550-9969-962bbedc78ec,2026-05-21T00:28:11.932932
319d6f86-dd02-4eac-a760-a088f996d63a,TIBA TIBA SETAN,cgv,,26007500,Comedy,113 min,13+,2D,2026-05-21,6bb9af46-ec0c-4618-98a9-4a1a61aff1d4,2026-05-21T00:28:11.933285
319d6f86-dd02-4eac-a760-a088f996d63a,SEMUA AKAN BAIK BAIK SAJA,cgv,,26018100,Drama,113 min,13+,2D,2026-05-21,3907a85f-26aa-40ae-bd2f-66b4b7983021,2026-05-21T00:28:11.933654
319d6f86-dd02-4eac-a760-a088f996d63a,KELUARGA SUAMI ADALAH HAMA,cgv,,26017700,Drama,117 min,13+,2D,2026-05-21,6e72849c-8200-415e-b685-44ccde3a5978,2026-05-21T00:28:11.934009
319d6f86-dd02-4eac-a760-a088f996d63a,MORTAL KOMBAT II,cgv,,26018200,Action,116 min,17+,2D,2026-05-21,5971a3d3-ab85-4683-861c-65ffb3768047,2026-05-21T00:28:11.934291
3ca36672-8b49-4e5a-a416-7e4e15d15d7a,TUMBAL PROYEK,cgv,,26014300,Horror,106 min,17+,2D,2026-05-21,6de34adb-a4d1-42d3-aafd-d447e8e77fe6,2026-05-21T00:28:12.233602
3ca36672-8b49-4e5a-a416-7e4e15d15d7a,GHOST IN THE CELL,cgv,,26011800,Comedy,106 min,17+,2D,2026-05-21,303ffb9e-0b21-4ec8-afb4-b147329c2321,2026-05-21T00:28:12.233926
3ca36672-8b49-4e5a-a416-7e4e15d15d7a,SEMUA AKAN BAIK BAIK SAJA,cgv,,26018100,Drama,113 min,13+,2D,2026-05-21,3bff2d32-62f2-4a88-ab05-bbc8f2ca4b3e,2026-05-21T00:28:12.234220
3ca36672-8b49-4e5a-a416-7e4e15d15d7a,GUDANG MERICA,cgv,,26019400,Comedy,98 min,17+,2D,2026-05-21,f4674630-8a83-4fa9-b5d6-3aa5d84416a2,2026-05-21T00:28:12.234657
3ca36672-8b49-4e5a-a416-7e4e15d15d7a,MOBILE SUIT GUNDAM HATHAWAY,cgv,,26021100,Animation,95 min,13+,2D,2026-05-21,b006f91b-10d6-4d7e-a422-641af7e0b045,2026-05-21T00:28:12.234906
3ca36672-8b49-4e5a-a416-7e4e15d15d7a,SEKAWAN LIMO (RE-RELEASE),cgv,,26024900,Comedy,112 min,13+,2D,2026-05-21,158e2540-0cb6-4f3e-81c8-86a1b6e16d01,2026-05-21T00:28:12.235122
3ca36672-8b49-4e5a-a416-7e4e15d15d7a,KAMU HARUS MATI,cgv,,26023800,Horror,90 min,13+,2D,2026-05-21,38d105e8-abdd-4a57-9569-32c00d0b9c1a,2026-05-21T00:28:12.235402
3ca36672-8b49-4e5a-a416-7e4e15d15d7a,YANG LAIN BOLEH HILANG ASAL KAU JANGAN,cgv,,26018300,Drama,113 min,13+,2D,2026-05-21,9b32c123-7ae6-4894-abed-537a32eb9979,2026-05-21T00:28:12.235648
3ca36672-8b49-4e5a-a416-7e4e15d15d7a,STAR WARS: THE MANDALORIAN AND GROGU,cgv,,26021200,Scifi,132 min,TBC,2D,2026-05-21,ec96e4aa-0cfe-4dcd-8438-f05f892761bf,2026-05-21T00:28:12.235926
3ca36672-8b49-4e5a-a416-7e4e15d15d7a,KELUARGA SUAMI ADALAH HAMA,cgv,,26017700,Drama,137 min,13+,2D,2026-05-21,6ab07c40-df18-4e03-8197-67b21024dbdf,2026-05-21T00:28:12.236206
3ca36672-8b49-4e5a-a416-7e4e15d15d7a,MONSTER,cgv,,23042200,Drama,126 min,13+,2D,2026-05-21,cb6bab06-db5f-4515-9dd7-60207ddc38d5,2026-05-21T00:28:12.236427
3ca36672-8b49-4e5a-a416-7e4e15d15d7a,SALMOKJI: WHISPERING WATER,cgv,,26019100,Horror,95 min,17+,2D,2026-05-21,f353030e-a8f9-4034-9f01-10e8917e8638,2026-05-21T00:28:12.236638
110b1bd6-f1cf-403e-90e2-77326a94f45d,THE KING'S WARDEN,cgv,,26015000,Drama,117 min,13+,2D,2026-05-21,c260a9d6-637b-4693-bb6e-b7d69bbf826b,2026-05-21T00:28:12.786958
110b1bd6-f1cf-403e-90e2-77326a94f45d,SEMUA AKAN BAIK BAIK SAJA,cgv,,26018100,Drama,113 min,13+,2D,2026-05-21,638d4aa7-7502-4580-83c8-3a9280d99553,2026-05-21T00:28:12.787552
110b1bd6-f1cf-403e-90e2-77326a94f45d,THE DEVIL WEARS PRADA 2,cgv,,26019800,Drama,119 min,13+,2D,2026-05-21,0d9e748b-7628-4aa8-ad96-a970b1f1d7c3,2026-05-21T00:28:12.787864
110b1bd6-f1cf-403e-90e2-77326a94f45d,YANG LAIN BOLEH HILANG ASAL KAU JANGAN,cgv,,26018300,Drama,113 min,13+,2D,2026-05-21,70b11689-90ee-433e-9e30-4d9f1dfd1492,2026-05-21T00:28:12.788503
110b1bd6-f1cf-403e-90e2-77326a94f45d,STAR WARS: THE MANDALORIAN AND GROGU,cgv,,26021200,Scifi,132 min,TBC,4DX 2D,2026-05-21,905e4a7e-be2d-47cf-8d9f-0f2f1e184832,2026-05-21T00:28:12.789273
110b1bd6-f1cf-403e-90e2-77326a94f45d,STAR WARS: THE MANDALORIAN AND GROGU,cgv,,26021200,Scifi,132 min,TBC,2D,2026-05-21,39396ad0-6f31-40c7-8d26-21e292aa3c64,2026-05-21T00:28:12.789479
110b1bd6-f1cf-403e-90e2-77326a94f45d,GHOST IN THE CELL,cgv,,26011800,Comedy,106 min,17+,2D,2026-05-21,c3d6b1c9-d537-4434-b1ac-7927513db7d0,2026-05-21T00:28:12.789854
110b1bd6-f1cf-403e-90e2-77326a94f45d,TUMBAL PROYEK,cgv,,26014300,Horror,106 min,17+,2D,2026-05-21,ea3ff672-62b7-4ca2-8d77-337973fcc9ea,2026-05-21T00:28:12.790151
110b1bd6-f1cf-403e-90e2-77326a94f45d,GOHAN,cgv,,26022500,Drama,140 min,SU,2D,2026-05-21,e6187229-212d-4fd4-af02-ad62ad044a72,2026-05-21T00:28:12.790411
110b1bd6-f1cf-403e-90e2-77326a94f45d,STAR WARS: THE MANDALORIAN AND GROGU (3D),cgv,,26025200,Scifi,132 min,13+,4DX 3D,2026-05-21,dfa9d1bb-c2b9-4ccb-af25-07e0de6e0481,2026-05-21T00:28:12.790640
110b1bd6-f1cf-403e-90e2-77326a94f45d,MONSTER,cgv,,23042200,Drama,126 min,13+,2D,2026-05-21,dc028e66-17d5-4f77-9e5e-834a600e1d7a,2026-05-21T00:28:12.790863
9d6e744d-c2bc-452b-8df7-2caa4daeef6b,TUMBAL PROYEK,cgv,,26014300,Horror,106 min,17+,2D,2026-05-21,5f71843b-bde7-4c0c-8065-e146a379db6b,2026-05-21T00:28:12.355004
9d6e744d-c2bc-452b-8df7-2caa4daeef6b,STAR WARS: THE MANDALORIAN AND GROGU,cgv,,26021200,Scifi,132 min,TBC,2D,2026-05-21,f00f76af-738b-45a5-a336-c314c34e656a,2026-05-21T00:28:12.356983
9d6e744d-c2bc-452b-8df7-2caa4daeef6b,THE SHEEP DETECTIVES,cgv,,26019500,Comedy,109 min,SU,2D,2026-05-21,cdd8ccf2-f92b-4ce0-ae5c-3aa5d5d12a90,2026-05-21T00:28:12.359535
9d6e744d-c2bc-452b-8df7-2caa4daeef6b,"AYAH, INI ARAHNYA KEMANA, YA?",cgv,,26011000,Drama,103 min,13+,2D,2026-05-21,2e1a68ee-ea36-4c0c-ac38-377779262a1c,2026-05-21T00:28:12.360315
9d6e744d-c2bc-452b-8df7-2caa4daeef6b,SEMUA AKAN BAIK BAIK SAJA,cgv,,26018100,Drama,113 min,13+,2D,2026-05-21,0ca2332a-f0fa-4adc-9ac6-354d8aeb209a,2026-05-21T00:28:12.361235
9d6e744d-c2bc-452b-8df7-2caa4daeef6b,YANG LAIN BOLEH HILANG ASAL KAU JANGAN,cgv,,26018300,Drama,113 min,13+,2D,2026-05-21,08a327c7-aac3-4bee-8cc1-524e98cf37c0,2026-05-21T00:28:12.365457
9d6e744d-c2bc-452b-8df7-2caa4daeef6b,SEKAWAN LIMO (RE-RELEASE),cgv,,26024900,Comedy,112 min,13+,2D,2026-05-21,e5418f27-f10b-4c2f-9b51-5fbb59f34cb2,2026-05-21T00:28:12.367894
522987f4-e65b-4b30-bc70-76573be3877f,GUDANG MERICA,cgv,,26019400,Comedy,98 min,17+,2D,2026-05-21,1fa57843-54ca-4e5b-a6e7-e98ed6e5248f,2026-05-21T00:28:12.855708
522987f4-e65b-4b30-bc70-76573be3877f,STAR WARS: THE MANDALORIAN AND GROGU,cgv,,26021200,Scifi,132 min,TBC,2D,2026-05-21,fd856327-f1b3-4786-bb9b-e368c5d16910,2026-05-21T00:28:12.856638
522987f4-e65b-4b30-bc70-76573be3877f,KELUARGA SUAMI ADALAH HAMA,cgv,,26017700,Drama,117 min,13+,2D,2026-05-21,eb609bc3-f523-4ae2-aa8f-466c252153a7,2026-05-21T00:28:12.857050
522987f4-e65b-4b30-bc70-76573be3877f,GHOST IN THE CELL,cgv,,26011800,Comedy,106 min,17+,2D,2026-05-21,97132252-011f-4071-a23c-05a6f13916cd,2026-05-21T00:28:12.857525
522987f4-e65b-4b30-bc70-76573be3877f,YANG LAIN BOLEH HILANG ASAL KAU JANGAN,cgv,,26018300,Drama,113 min,13+,2D,2026-05-21,2af649e3-f34e-4250-b979-9fef8e75b245,2026-05-21T00:28:12.858027
522987f4-e65b-4b30-bc70-76573be3877f,TUMBAL PROYEK,cgv,,26014300,Horror,106 min,17+,2D,2026-05-21,8486f900-5acd-48ca-89d5-2408bbdbafb0,2026-05-21T00:28:12.858543
522987f4-e65b-4b30-bc70-76573be3877f,SEMUA AKAN BAIK BAIK SAJA,cgv,,26018100,Drama,113 min,13+,2D,2026-05-21,ec0ffe71-8996-4fcd-a5f5-9c9436ed6e32,2026-05-21T00:28:12.859335
522987f4-e65b-4b30-bc70-76573be3877f,KAMU HARUS MATI,cgv,,26023800,Horror,90 min,13+,2D,2026-05-21,06604a28-3b08-4989-81c8-8b55dae2b466,2026-05-21T00:28:12.859678
522987f4-e65b-4b30-bc70-76573be3877f,SEKAWAN LIMO (RE-RELEASE),cgv,,26024900,Comedy,112 min,13+,2D,2026-05-21,5b9d2d3f-d0c9-4726-9bfc-70c67a9ac258,2026-05-21T00:28:12.859909
adf00e81-c677-4612-b480-21e5e0ee0ad8,STAR WARS: THE MANDALORIAN AND GROGU,cgv,,26021200,Scifi,132 min,TBC,2D,2026-05-21,fd0c364e-a872-4767-ac52-8ac2216129b7,2026-05-21T00:28:13.821650
adf00e81-c677-4612-b480-21e5e0ee0ad8,KELUARGA SUAMI ADALAH HAMA,cgv,,26017700,Drama,117 min,13+,2D,2026-05-21,0b6ae897-3510-4e72-ab99-2dc77f593be9,2026-05-21T00:28:13.822078
adf00e81-c677-4612-b480-21e5e0ee0ad8,TUMBAL PROYEK,cgv,,26014300,Horror,106 min,17+,2D,2026-05-21,f66b3ffb-cc7a-42ed-9538-2885a8ab8376,2026-05-21T00:28:13.822616
adf00e81-c677-4612-b480-21e5e0ee0ad8,YANG LAIN BOLEH HILANG ASAL KAU JANGAN,cgv,,26018300,Drama,113 min,13+,2D,2026-05-21,f243c9e4-07b1-43c7-b073-7fdcd9d57579,2026-05-21T00:28:13.822970
adf00e81-c677-4612-b480-21e5e0ee0ad8,SEMUA AKAN BAIK BAIK SAJA,cgv,,26018100,Drama,113 min,13+,2D,2026-05-21,bfe58afa-5f25-4bbc-a757-5b5e9f348fe8,2026-05-21T00:28:13.823280
adf00e81-c677-4612-b480-21e5e0ee0ad8,GHOST IN THE CELL,cgv,,26011800,Comedy,106 min,17+,2D,2026-05-21,724bff84-b4a6-4b87-a7a6-2874a7ba9817,2026-05-21T00:28:13.823559
adf00e81-c677-4612-b480-21e5e0ee0ad8,MORTAL KOMBAT II,cgv,,26018200,Action,116 min,17+,2D,2026-05-21,173591bf-062a-4e53-afb3-18fd1d208b8e,2026-05-21T00:28:13.823831
eaa463c7-66b9-4eff-b6a0-8c82afd2c4f8,SUNSHINE WOMEN'S CHOIR,cgv,,26024400,Drama,134 min,13+,2D,2026-05-21,2fa36aca-a92a-4682-b949-1f56e5030f40,2026-05-21T00:28:13.923489
eaa463c7-66b9-4eff-b6a0-8c82afd2c4f8,STAR WARS: THE MANDALORIAN AND GROGU,cgv,,26021200,Scifi,132 min,TBC,4DX 2D,2026-05-21,0bea8733-3b87-4220-9da5-b3f1ff7a7a1a,2026-05-21T00:28:13.924016
eaa463c7-66b9-4eff-b6a0-8c82afd2c4f8,STAR WARS: THE MANDALORIAN AND GROGU,cgv,,26021200,Scifi,132 min,TBC,2D,2026-05-21,1f3b0beb-6a51-4f23-b7dc-6de04ef999cc,2026-05-21T00:28:13.924065
eaa463c7-66b9-4eff-b6a0-8c82afd2c4f8,TUMBAL PROYEK,cgv,,26014300,Horror,106 min,17+,2D,2026-05-21,4e843042-cb2b-42dd-9ed0-fc2d88714c08,2026-05-21T00:28:13.924382
eaa463c7-66b9-4eff-b6a0-8c82afd2c4f8,MONSTER,cgv,,23042200,Drama,126 min,13+,2D,2026-05-21,15e53cee-270d-43f7-9186-4da89b824a96,2026-05-21T00:28:13.924609
eaa463c7-66b9-4eff-b6a0-8c82afd2c4f8,YANG LAIN BOLEH HILANG ASAL KAU JANGAN,cgv,,26018300,Drama,113 min,13+,2D,2026-05-21,c9bf3310-bee4-4da7-8a30-119f3cfb2b08,2026-05-21T00:28:13.924856
eaa463c7-66b9-4eff-b6a0-8c82afd2c4f8,STAR WARS: THE MANDALORIAN AND GROGU (3D),cgv,,26025200,Scifi,132 min,13+,3D,2026-05-21,c0191074-746b-4dd5-86e4-e210e0678d23,2026-05-21T00:28:13.925079
1caee6d1-2ce7-49fc-ba47-a7327e8e408d,KAMU HARUS MATI,cgv,,26023800,Horror,90 min,13+,2D,2026-05-21,40888e14-f59a-426b-9744-75a4ee28df6f,2026-05-21T00:28:14.103499
1caee6d1-2ce7-49fc-ba47-a7327e8e408d,STAR WARS: THE MANDALORIAN AND GROGU,cgv,,26021200,Scifi,132 min,TBC,2D,2026-05-21,0819b5f7-472b-4104-92fe-5de86935f27a,2026-05-21T00:28:14.103837
1caee6d1-2ce7-49fc-ba47-a7327e8e408d,GUDANG MERICA,cgv,,26019400,Comedy,98 min,17+,2D,2026-05-21,e5c92d72-3ed4-497a-9bd6-cece73218403,2026-05-21T00:28:14.104189
1caee6d1-2ce7-49fc-ba47-a7327e8e408d,SEMUA AKAN BAIK BAIK SAJA,cgv,,26018100,Drama,113 min,13+,2D,2026-05-21,584af998-eb1e-4d2e-a86c-0d79b9f3960d,2026-05-21T00:28:14.104457
1caee6d1-2ce7-49fc-ba47-a7327e8e408d,YANG LAIN BOLEH HILANG ASAL KAU JANGAN,cgv,,26018300,Drama,113 min,13+,2D,2026-05-21,77dcf3a6-f1f1-4f07-84df-0fb714c4e593,2026-05-21T00:28:14.104810
1caee6d1-2ce7-49fc-ba47-a7327e8e408d,TUMBAL PROYEK,cgv,,26014300,Horror,106 min,17+,2D,2026-05-21,8234cafe-4ae3-4933-af95-0ee9426ec06f,2026-05-21T00:28:14.105459
1caee6d1-2ce7-49fc-ba47-a7327e8e408d,KELUARGA SUAMI ADALAH HAMA,cgv,,26017700,Drama,117 min,13+,2D,2026-05-21,ec4fe0d5-e82b-408d-aec8-c2384f0441cd,2026-05-21T00:28:14.105817
1caee6d1-2ce7-49fc-ba47-a7327e8e408d,SEKAWAN LIMO (RE-RELEASE),cgv,,26024900,Comedy,112 min,13+,2D,2026-05-21,8a992ead-0a38-46e6-a89e-ab2bc6264ad3,2026-05-21T00:28:14.106051
1caee6d1-2ce7-49fc-ba47-a7327e8e408d,GHOST IN THE CELL,cgv,,26011800,Comedy,106 min,17+,2D,2026-05-21,97167bcb-91d8-430b-94d1-9e5fdb8e2f5c,2026-05-21T00:28:14.106280
3b78004a-98af-4253-923c-5821431c3931,TUMBAL PROYEK,cgv,,26014300,Horror,106 min,17+,2D,2026-05-21,691f71bb-f2b5-4371-8767-6852470fe92f,2026-05-21T00:28:14.534767
3b78004a-98af-4253-923c-5821431c3931,MORTAL KOMBAT II,cgv,,26018200,Action,116 min,17+,2D,2026-05-21,4f440a44-cc61-429c-81d0-7737563d3dba,2026-05-21T00:28:14.535356
3b78004a-98af-4253-923c-5821431c3931,STAR WARS: THE MANDALORIAN AND GROGU,cgv,,26021200,Scifi,132 min,TBC,2D,2026-05-21,5df67b15-6a84-4494-a3ac-241024728391,2026-05-21T00:28:14.539338
3b78004a-98af-4253-923c-5821431c3931,TIBA TIBA SETAN,cgv,,26007500,Comedy,113 min,13+,2D,2026-05-21,23a0f2b5-59f6-417a-965b-943e21db45ce,2026-05-21T00:28:14.539833
3b78004a-98af-4253-923c-5821431c3931,SEKAWAN LIMO (RE-RELEASE),cgv,,26024900,Comedy,112 min,13+,2D,2026-05-21,5ce37714-cc23-4659-a77a-70a9e8c4555d,2026-05-21T00:28:14.540467
3b78004a-98af-4253-923c-5821431c3931,KELUARGA SUAMI ADALAH HAMA,cgv,,26017700,Drama,137 min,13+,2D,2026-05-21,5182bc34-d5c6-45bf-bda3-79574a70e8f2,2026-05-21T00:28:14.541121
d2ac1e5e-cb1f-48ff-ac55-211033dd62f5,SEMUA AKAN BAIK BAIK SAJA,cgv,,26018100,Drama,113 min,13+,2D,2026-05-21,8f6431f2-ed1d-481a-a626-89eb55652b76,2026-05-21T00:28:14.788808
d2ac1e5e-cb1f-48ff-ac55-211033dd62f5,TUMBAL PROYEK,cgv,,26014300,Horror,106 min,17+,2D,2026-05-21,e26737dc-a1cd-497e-b8e2-61064d08c378,2026-05-21T00:28:14.789415
d2ac1e5e-cb1f-48ff-ac55-211033dd62f5,STAR WARS: THE MANDALORIAN AND GROGU,cgv,,26021200,Scifi,132 min,TBC,2D,2026-05-21,6d9a0cc0-c6dd-44dd-ae3d-8ea2b01a5edf,2026-05-21T00:28:14.789874
d2ac1e5e-cb1f-48ff-ac55-211033dd62f5,GUDANG MERICA,cgv,,26019400,Comedy,98 min,17+,2D,2026-05-21,193ce318-87e3-4091-a4dc-0f343991af70,2026-05-21T00:28:14.790479
d2ac1e5e-cb1f-48ff-ac55-211033dd62f5,"AYAH, INI ARAHNYA KEMANA, YA?",cgv,,26011000,Drama,103 min,13+,2D,2026-05-21,64c69a94-4b3a-4841-9f4a-8698f54167e1,2026-05-21T00:28:14.790836
d2ac1e5e-cb1f-48ff-ac55-211033dd62f5,KELUARGA SUAMI ADALAH HAMA,cgv,,26017700,Drama,117 min,13+,2D,2026-05-21,97cf5c13-73d6-47c4-9994-e1e8dbacd1e3,2026-05-21T00:28:14.791209
d2ac1e5e-cb1f-48ff-ac55-211033dd62f5,YANG LAIN BOLEH HILANG ASAL KAU JANGAN,cgv,,26018300,Drama,113 min,13+,2D,2026-05-21,87805cab-5713-4c0d-8b16-396813426c5c,2026-05-21T00:28:14.791516
d2ac1e5e-cb1f-48ff-ac55-211033dd62f5,KAMU HARUS MATI,cgv,,26023800,Horror,90 min,13+,2D,2026-05-21,57237bd9-2120-48b3-ae5e-e82665a4b291,2026-05-21T00:28:14.791819
d2ac1e5e-cb1f-48ff-ac55-211033dd62f5,DILAN ITB 1997,cgv,,26016100,Drama,110 min,13+,2D,2026-05-21,23cebd80-8a97-4856-88ce-d83cebe20d0d,2026-05-21T00:28:14.792073
d2ac1e5e-cb1f-48ff-ac55-211033dd62f5,GHOST IN THE CELL,cgv,,26011800,Comedy,106 min,17+,2D,2026-05-21,886a85fb-70e8-4838-86aa-128cc3168329,2026-05-21T00:28:14.792323
f4824452-c305-4afe-bfbc-3d76242b091c,YANG LAIN BOLEH HILANG ASAL KAU JANGAN,cgv,,26018300,Drama,113 min,13+,2D,2026-05-21,dceeae25-b7c2-451e-9653-7a0e7a1365f4,2026-05-21T00:28:15.791048
f4824452-c305-4afe-bfbc-3d76242b091c,GHOST IN THE CELL,cgv,,26011800,Comedy,106 min,17+,2D,2026-05-21,618a95ee-80a6-4506-b7ee-043d9b761210,2026-05-21T00:28:15.791329
f4824452-c305-4afe-bfbc-3d76242b091c,SEMUA AKAN BAIK BAIK SAJA,cgv,,26018100,Drama,113 min,13+,2D,2026-05-21,0e4dc80c-5c3a-440f-b5e8-911e2a8239c7,2026-05-21T00:28:15.791588
f4824452-c305-4afe-bfbc-3d76242b091c,STAR WARS: THE MANDALORIAN AND GROGU,cgv,,26021200,Scifi,132 min,TBC,2D,2026-05-21,93de337f-aae5-4562-92e6-d260e8c5c6ed,2026-05-21T00:28:15.791938
f4824452-c305-4afe-bfbc-3d76242b091c,TUMBAL PROYEK,cgv,,26014300,Horror,106 min,17+,2D,2026-05-21,b494b777-a1bd-40c4-83ea-874e4c8f1986,2026-05-21T00:28:15.792314
44751c0a-556a-4fd2-bc15-20dd46b85c70,SEMUA AKAN BAIK BAIK SAJA,cgv,,26018100,Drama,113 min,13+,2D,2026-05-21,4479eb34-5780-48ee-a3f7-214727567838,2026-05-21T00:28:15.831553
44751c0a-556a-4fd2-bc15-20dd46b85c70,STAR WARS: THE MANDALORIAN AND GROGU,cgv,,26021200,Scifi,132 min,TBC,2D,2026-05-21,4b1c4b73-8d07-425e-a898-753c5f0bb1fc,2026-05-21T00:28:15.832936
44751c0a-556a-4fd2-bc15-20dd46b85c70,GUDANG MERICA,cgv,,26019400,Comedy,98 min,17+,2D,2026-05-21,5ee4342d-0d1d-44f0-a1c0-10710e5718d1,2026-05-21T00:28:15.833404
44751c0a-556a-4fd2-bc15-20dd46b85c70,TUMBAL PROYEK,cgv,,26014300,Horror,106 min,17+,2D,2026-05-21,6b5407d1-a640-427f-97fe-19204ab4378f,2026-05-21T00:28:15.833888
44751c0a-556a-4fd2-bc15-20dd46b85c70,KELUARGA SUAMI ADALAH HAMA,cgv,,26017700,Drama,117 min,13+,2D,2026-05-21,51ad5fc4-45f2-40ee-99bd-8b3ab5e2f34d,2026-05-21T00:28:15.834183
44751c0a-556a-4fd2-bc15-20dd46b85c70,GHOST IN THE CELL,cgv,,26011800,Comedy,106 min,17+,2D,2026-05-21,8261d2ec-29db-4913-bdc5-3022987de74a,2026-05-21T00:28:15.834424
24a7341a-b18a-4ea9-b32b-1670f762fd4d,KAMU HARUS MATI,cgv,,26023800,Horror,90 min,13+,2D,2026-05-21,5b2989d4-a842-4e7d-93e0-013bff0bea40,2026-05-21T00:28:15.924417
24a7341a-b18a-4ea9-b32b-1670f762fd4d,TUMBAL PROYEK,cgv,,26014300,Horror,106 min,17+,2D,2026-05-21,225fe301-9677-42cd-be96-442634026e86,2026-05-21T00:28:15.924975
24a7341a-b18a-4ea9-b32b-1670f762fd4d,GUDANG MERICA,cgv,,26019400,Comedy,98 min,17+,2D,2026-05-21,9807bcda-b3b7-42e7-9a45-1701f475d6b9,2026-05-21T00:28:15.925352
24a7341a-b18a-4ea9-b32b-1670f762fd4d,KELUARGA SUAMI ADALAH HAMA,cgv,,26017700,Drama,117 min,13+,2D,2026-05-21,3a574401-29f4-4034-b0cf-784e22dca7bf,2026-05-21T00:28:15.925679
24a7341a-b18a-4ea9-b32b-1670f762fd4d,SEMUA AKAN BAIK BAIK SAJA,cgv,,26018100,Drama,113 min,13+,2D,2026-05-21,af302f31-c125-4877-9390-72db0185551e,2026-05-21T00:28:15.925905
24a7341a-b18a-4ea9-b32b-1670f762fd4d,STAR WARS: THE MANDALORIAN AND GROGU,cgv,,26021200,Scifi,132 min,TBC,2D,2026-05-21,091dee02-069f-4709-89be-bc4a3638bc08,2026-05-21T00:28:15.926156
24a7341a-b18a-4ea9-b32b-1670f762fd4d,YANG LAIN BOLEH HILANG ASAL KAU JANGAN,cgv,,26018300,Drama,113 min,13+,2D,2026-05-21,2791a5fe-51eb-42b2-8a5a-c21dad1cc8ec,2026-05-21T00:28:15.926357
24a7341a-b18a-4ea9-b32b-1670f762fd4d,SEKAWAN LIMO (RE-RELEASE),cgv,,26024900,Comedy,112 min,13+,2D,2026-05-21,e5cdbea4-20d3-4fcc-b3d8-39112eff8944,2026-05-21T00:28:15.926584
f84b137b-d60a-4503-9671-4e90a16f2464,TUMBAL PROYEK,cgv,,26014300,Horror,106 min,17+,2D,2026-05-21,aa275ce7-336c-4e25-81e1-0f846e1944dc,2026-05-21T00:28:16.418775
f84b137b-d60a-4503-9671-4e90a16f2464,SALMOKJI: WHISPERING WATER,cgv,,26019100,Horror,95 min,17+,2D,2026-05-21,84ca6d91-af89-4a20-9dde-cabd51132cf0,2026-05-21T00:28:16.419167
f84b137b-d60a-4503-9671-4e90a16f2464,GHOST IN THE CELL,cgv,,26011800,Comedy,106 min,17+,2D,2026-05-21,62ad4ded-547e-4dc5-9b58-f1de9ce7a0f5,2026-05-21T00:28:16.419630
f84b137b-d60a-4503-9671-4e90a16f2464,STAR WARS: THE MANDALORIAN AND GROGU,cgv,,26021200,Scifi,132 min,TBC,2D,2026-05-21,11bfe939-8e2c-4150-ac21-c39dbd5f5e2d,2026-05-21T00:28:16.420311
f84b137b-d60a-4503-9671-4e90a16f2464,GUDANG MERICA,cgv,,26019400,Comedy,98 min,17+,2D,2026-05-21,cf14256f-5fb8-40f9-b07e-e44d7f00cf6c,2026-05-21T00:28:16.420860
f84b137b-d60a-4503-9671-4e90a16f2464,SEMUA AKAN BAIK BAIK SAJA,cgv,,26018100,Drama,113 min,13+,2D,2026-05-21,36fd1be4-af8a-4f76-879e-5994a382e891,2026-05-21T00:28:16.421318
f84b137b-d60a-4503-9671-4e90a16f2464,TIBA TIBA SETAN,cgv,,26007500,Comedy,113 min,13+,2D,2026-05-21,3d7fa05a-4d05-4e7d-91cd-7297bad730f5,2026-05-21T00:28:16.421782
f84b137b-d60a-4503-9671-4e90a16f2464,KELUARGA SUAMI ADALAH HAMA,cgv,,26017700,Drama,117 min,13+,2D,2026-05-21,85b82697-cd1e-4649-b17d-d16cbaf3f1aa,2026-05-21T00:28:16.422182
e8f12cb8-3f26-4318-9f76-53d99cfbf9f7,STAR WARS: THE MANDALORIAN AND GROGU,cgv,,26021200,Scifi,132 min,TBC,2D,2026-05-21,fb98d267-9220-4bf5-9793-4562887e739c,2026-05-21T00:28:17.699149
e8f12cb8-3f26-4318-9f76-53d99cfbf9f7,TUMBAL PROYEK,cgv,,26014300,Horror,106 min,17+,2D,2026-05-21,caca873b-c783-43d0-b3ef-a245ae8d5e2a,2026-05-21T00:28:17.699479
e8f12cb8-3f26-4318-9f76-53d99cfbf9f7,YANG LAIN BOLEH HILANG ASAL KAU JANGAN,cgv,,26018300,Drama,113 min,13+,2D,2026-05-21,0e6c9fa0-394c-4ef1-aaa4-9281de70acad,2026-05-21T00:28:17.699728
e8f12cb8-3f26-4318-9f76-53d99cfbf9f7,SEMUA AKAN BAIK BAIK SAJA,cgv,,26018100,Drama,113 min,13+,2D,2026-05-21,34fa3327-0171-40fc-8ec2-07d4b30d65a4,2026-05-21T00:28:17.699965
e8f12cb8-3f26-4318-9f76-53d99cfbf9f7,SEKAWAN LIMO (RE-RELEASE),cgv,,26024900,Comedy,112 min,13+,2D,2026-05-21,d5859061-4d10-4dfa-abda-e93a5aa4c44b,2026-05-21T00:28:17.700176
e8f12cb8-3f26-4318-9f76-53d99cfbf9f7,KELUARGA SUAMI ADALAH HAMA,cgv,,26017700,Drama,137 min,13+,2D,2026-05-21,5e54158f-9eee-4876-b6ad-9e1f183d3b8e,2026-05-21T00:28:17.700538
e8f12cb8-3f26-4318-9f76-53d99cfbf9f7,GHOST IN THE CELL,cgv,,26011800,Comedy,106 min,17+,2D,2026-05-21,31cb1463-07e6-4673-aa63-39b31bd9d89e,2026-05-21T00:28:17.700801
a27ff35c-3505-46fd-a7c8-17ffc24de6dc,STAR WARS: THE MANDALORIAN AND GROGU,cgv,,26021200,Scifi,132 min,TBC,2D,2026-05-21,12e990ed-a8b3-4221-96ec-86a723739e97,2026-05-21T00:28:17.733594
a27ff35c-3505-46fd-a7c8-17ffc24de6dc,TUMBAL PROYEK,cgv,,26014300,Horror,106 min,17+,2D,2026-05-21,eea3d57e-5e92-4963-aa8e-297f760d5be7,2026-05-21T00:28:17.734052
a27ff35c-3505-46fd-a7c8-17ffc24de6dc,SEMUA AKAN BAIK BAIK SAJA,cgv,,26018100,Drama,113 min,13+,2D,2026-05-21,6f81bdc8-65cb-40cb-9e18-c9d51434d3b1,2026-05-21T00:28:17.734375
a27ff35c-3505-46fd-a7c8-17ffc24de6dc,GHOST IN THE CELL,cgv,,26011800,Comedy,106 min,17+,2D,2026-05-21,a66ea7ac-0f81-46aa-afd1-a5e38b5562ca,2026-05-21T00:28:17.734614
a27ff35c-3505-46fd-a7c8-17ffc24de6dc,"AYAH, INI ARAHNYA KEMANA, YA?",cgv,,26011000,Drama,103 min,13+,2D,2026-05-21,b4343f9e-7f3c-4ac9-8a30-4e59b16a2b23,2026-05-21T00:28:17.734827
a27ff35c-3505-46fd-a7c8-17ffc24de6dc,MORTAL KOMBAT II,cgv,,26018200,Action,116 min,17+,2D,2026-05-21,93fc926c-bb50-48ce-bc75-78fd25a58d9b,2026-05-21T00:28:17.735059
a27ff35c-3505-46fd-a7c8-17ffc24de6dc,TIBA TIBA SETAN,cgv,,26007500,Comedy,113 min,13+,2D,2026-05-21,30bd4e8d-acd8-405d-a3f6-b9ffe61614da,2026-05-21T00:28:17.735267
ffaffd2f-afe0-401c-89a7-5f1f638e39f4,TIBA TIBA SETAN,cgv,,26007500,Comedy,113 min,13+,2D,2026-05-21,a0bb06fe-df79-4dd2-b917-0029b49e4541,2026-05-21T00:28:17.658597
ffaffd2f-afe0-401c-89a7-5f1f638e39f4,GUDANG MERICA,cgv,,26019400,Comedy,98 min,17+,2D,2026-05-21,71a2310a-21b6-4e13-ae0d-1b31dc88fb10,2026-05-21T00:28:17.659034
ffaffd2f-afe0-401c-89a7-5f1f638e39f4,TUMBAL PROYEK,cgv,,26014300,Horror,106 min,17+,2D,2026-05-21,6cb08ca4-7925-4b50-8404-3f050f8ee27a,2026-05-21T00:28:17.659520
ffaffd2f-afe0-401c-89a7-5f1f638e39f4,KELUARGA SUAMI ADALAH HAMA,cgv,,26017700,Drama,117 min,13+,2D,2026-05-21,e35af84d-7aa6-425d-810a-b3167a46ea79,2026-05-21T00:28:17.659956
ffaffd2f-afe0-401c-89a7-5f1f638e39f4,KAMU HARUS MATI,cgv,,26023800,Horror,90 min,13+,2D,2026-05-21,59a26afd-013f-4840-a2d6-7289440627a6,2026-05-21T00:28:17.660263
ffaffd2f-afe0-401c-89a7-5f1f638e39f4,STAR WARS: THE MANDALORIAN AND GROGU,cgv,,26021200,Scifi,132 min,TBC,2D,2026-05-21,9897efaf-9ff6-43a9-937f-ac7ce040bd58,2026-05-21T00:28:17.660607
ffaffd2f-afe0-401c-89a7-5f1f638e39f4,GHOST IN THE CELL,cgv,,26011800,Comedy,106 min,17+,2D,2026-05-21,bbded258-83bb-471b-b1bf-392ddc442935,2026-05-21T00:28:17.660891
ffaffd2f-afe0-401c-89a7-5f1f638e39f4,MORTAL KOMBAT II,cgv,,26018200,Action,116 min,17+,2D,2026-05-21,337df55e-0041-42b8-9111-4e94cfad3ca9,2026-05-21T00:28:17.661158
b8654987-1612-4024-9105-2195917fc9d1,SEMUA AKAN BAIK BAIK SAJA,cgv,,26018100,Drama,113 min,13+,2D,2026-05-21,385d7640-4bb2-49fc-8f44-bc397c947187,2026-05-21T00:28:18.504203
b8654987-1612-4024-9105-2195917fc9d1,YANG LAIN BOLEH HILANG ASAL KAU JANGAN,cgv,,26018300,Drama,113 min,13+,2D,2026-05-21,dd1500eb-d4d0-432a-8794-7473b348747e,2026-05-21T00:28:18.504463
b8654987-1612-4024-9105-2195917fc9d1,STAR WARS: THE MANDALORIAN AND GROGU,cgv,,26021200,Scifi,132 min,TBC,2D,2026-05-21,06da1acb-d04c-4df1-810f-7bee4b43101d,2026-05-21T00:28:18.504955
b8654987-1612-4024-9105-2195917fc9d1,TUMBAL PROYEK,cgv,,26014300,Horror,106 min,17+,2D,2026-05-21,20f999c8-1734-46c2-a0dc-25222fe99d4b,2026-05-21T00:28:18.505522
b8654987-1612-4024-9105-2195917fc9d1,KELUARGA SUAMI ADALAH HAMA,cgv,,26017700,Drama,117 min,13+,2D,2026-05-21,788c9c3b-9d85-496c-b987-ca633d11420d,2026-05-21T00:28:18.505876
b8654987-1612-4024-9105-2195917fc9d1,TIBA TIBA SETAN,cgv,,26007500,Comedy,113 min,13+,2D,2026-05-21,6af90d8c-9f08-430f-8a78-85e594fc96c3,2026-05-21T00:28:18.506093
f2560329-96c5-44af-a31a-e36c54298e4f,GUDANG MERICA,cgv,,26019400,Comedy,98 min,17+,2D,2026-05-21,a90989bc-99ee-4828-9e13-dda2b48d4945,2026-05-21T00:28:18.387852
f2560329-96c5-44af-a31a-e36c54298e4f,STAR WARS: THE MANDALORIAN AND GROGU,cgv,,26021200,Scifi,132 min,TBC,2D,2026-05-21,fc3bfc41-1099-4ac8-952f-8793e3b5620a,2026-05-21T00:28:18.388390
f2560329-96c5-44af-a31a-e36c54298e4f,KAMU HARUS MATI,cgv,,26023800,Horror,90 min,13+,2D,2026-05-21,5bf46290-ec56-433d-9ca9-095eb4da2ff5,2026-05-21T00:28:18.388756
f2560329-96c5-44af-a31a-e36c54298e4f,TUMBAL PROYEK,cgv,,26014300,Horror,106 min,17+,2D,2026-05-21,8cd7e71f-baf4-405e-b029-e413aac67671,2026-05-21T00:28:18.389124
f2560329-96c5-44af-a31a-e36c54298e4f,KELUARGA SUAMI ADALAH HAMA,cgv,,26017700,Drama,117 min,13+,2D,2026-05-21,7a25999d-9036-4ae6-934f-6a221ec995fb,2026-05-21T00:28:18.389478
f2560329-96c5-44af-a31a-e36c54298e4f,GHOST IN THE CELL,cgv,,26011800,Comedy,106 min,17+,2D,2026-05-21,ec0d99e3-940b-4c9b-b931-e6e401ce43dd,2026-05-21T00:28:18.389740
f2560329-96c5-44af-a31a-e36c54298e4f,SEMUA AKAN BAIK BAIK SAJA,cgv,,26018100,Drama,113 min,13+,2D,2026-05-21,f83b3212-b07d-442e-bbe4-55e7931181db,2026-05-21T00:28:18.390031
f2560329-96c5-44af-a31a-e36c54298e4f,MORTAL KOMBAT II,cgv,,26018200,Action,116 min,17+,2D,2026-05-21,5c25772b-79a5-42e7-9ab2-a90408acc14c,2026-05-21T00:28:18.390255
9370f7b2-4fe6-4ac2-8111-ee96a35a3430,KELUARGA SUAMI ADALAH HAMA,cgv,,26017700,Drama,117 min,13+,2D,2026-05-21,d14379d2-4b0e-469f-b24a-e4dbb38e6df8,2026-05-21T00:28:19.358735
9370f7b2-4fe6-4ac2-8111-ee96a35a3430,GUDANG MERICA,cgv,,26019400,Comedy,98 min,17+,2D,2026-05-21,1764ae97-9794-43d4-90e7-f2bf7698d1c4,2026-05-21T00:28:19.359090
9370f7b2-4fe6-4ac2-8111-ee96a35a3430,STAR WARS: THE MANDALORIAN AND GROGU,cgv,,26021200,Scifi,132 min,TBC,2D,2026-05-21,03f8731a-e87c-4771-8c23-bf5ab82c958b,2026-05-21T00:28:19.359760
9370f7b2-4fe6-4ac2-8111-ee96a35a3430,SEMUA AKAN BAIK BAIK SAJA,cgv,,26018100,Drama,113 min,13+,2D,2026-05-21,d8c3942b-b4dc-42e2-b223-8f060b637d0e,2026-05-21T00:28:19.360258
9370f7b2-4fe6-4ac2-8111-ee96a35a3430,TUMBAL PROYEK,cgv,,26014300,Horror,106 min,17+,2D,2026-05-21,917dfee9-8d50-4d9b-9f79-9cc71b4ea659,2026-05-21T00:28:19.360593
88bbe02d-d2a8-4dba-8d90-62fc97cf7a9c,GUDANG MERICA,cgv,,26019400,Comedy,98 min,17+,2D,2026-05-21,f7418890-86df-4e2b-8891-75a7db626372,2026-05-21T00:28:19.513535
88bbe02d-d2a8-4dba-8d90-62fc97cf7a9c,STAR WARS: THE MANDALORIAN AND GROGU,cgv,,26021200,Scifi,132 min,TBC,2D,2026-05-21,52454eea-fe7e-47de-977a-e27d32f6e4a7,2026-05-21T00:28:19.513976
88bbe02d-d2a8-4dba-8d90-62fc97cf7a9c,TUMBAL PROYEK,cgv,,26014300,Horror,106 min,17+,2D,2026-05-21,de1e6358-b0d4-4bcc-b85e-468c8e017e32,2026-05-21T00:28:19.514584
88bbe02d-d2a8-4dba-8d90-62fc97cf7a9c,SEMUA AKAN BAIK BAIK SAJA,cgv,,26018100,Drama,113 min,13+,2D,2026-05-21,74337166-31a0-4d10-a405-0937585f6c21,2026-05-21T00:28:19.515009
88bbe02d-d2a8-4dba-8d90-62fc97cf7a9c,KELUARGA SUAMI ADALAH HAMA,cgv,,26017700,Drama,117 min,13+,2D,2026-05-21,6f021670-70ab-4d02-8ea0-0f43129b0f13,2026-05-21T00:28:19.515342
88bbe02d-d2a8-4dba-8d90-62fc97cf7a9c,SEKAWAN LIMO (RE-RELEASE),cgv,,26024900,Comedy,112 min,13+,2D,2026-05-21,dc3d2287-0999-4b79-b46c-9e94b91fa1bc,2026-05-21T00:28:19.515594
d288e5d1-94e1-44e9-ade8-25d4b956f9ff,TUMBAL PROYEK,cgv,,26014300,Horror,106 min,17+,2D,2026-05-21,9ebbe94d-00bb-453c-bdf4-7c86f217d244,2026-05-21T00:28:19.982367
d288e5d1-94e1-44e9-ade8-25d4b956f9ff,SEMUA AKAN BAIK BAIK SAJA,cgv,,26018100,Drama,113 min,13+,2D,2026-05-21,00a15466-d482-439c-8bb8-1a82fc59eaf2,2026-05-21T00:28:19.982628
d288e5d1-94e1-44e9-ade8-25d4b956f9ff,TIBA TIBA SETAN,cgv,,26007500,Comedy,113 min,13+,2D,2026-05-21,015eb42b-acfd-416b-ad8a-0a1d74b83905,2026-05-21T00:28:19.982885
d288e5d1-94e1-44e9-ade8-25d4b956f9ff,GUDANG MERICA,cgv,,26019400,Comedy,98 min,17+,2D,2026-05-21,f22dc1f3-b521-465c-89a8-bf367d85f3a0,2026-05-21T00:28:19.983334
d288e5d1-94e1-44e9-ade8-25d4b956f9ff,YANG LAIN BOLEH HILANG ASAL KAU JANGAN,cgv,,26018300,Drama,113 min,13+,2D,2026-05-21,635f1222-740a-4ca9-9a31-489d481aed60,2026-05-21T00:28:19.983584
d288e5d1-94e1-44e9-ade8-25d4b956f9ff,GHOST IN THE CELL,cgv,,26011800,Comedy,106 min,17+,2D,2026-05-21,94dec134-2e3f-4f27-9df9-98a443e75acb,2026-05-21T00:28:19.983824
d288e5d1-94e1-44e9-ade8-25d4b956f9ff,KELUARGA SUAMI ADALAH HAMA,cgv,,26017700,Drama,117 min,13+,2D,2026-05-21,69637124-0092-491d-8205-b9ec9f776b1d,2026-05-21T00:28:19.984093
d288e5d1-94e1-44e9-ade8-25d4b956f9ff,STAR WARS: THE MANDALORIAN AND GROGU,cgv,,26021200,Scifi,132 min,TBC,2D,2026-05-21,225bb3f7-b459-48b4-bc4f-add6c6ba3e7b,2026-05-21T00:28:19.984333
d288e5d1-94e1-44e9-ade8-25d4b956f9ff,KAMU HARUS MATI,cgv,,26023800,Horror,90 min,13+,2D,2026-05-21,77610c8a-19f3-4640-8a6d-35982ae6b1f1,2026-05-21T00:28:19.984604
5de4401f-74ba-416f-9b3c-5adb0d22a834,TUMBAL PROYEK,cgv,,26014300,Horror,106 min,17+,2D,2026-05-21,346479d7-938c-4eec-9967-d51f4db78b40,2026-05-21T00:28:20.283731
5de4401f-74ba-416f-9b3c-5adb0d22a834,MORTAL KOMBAT II,cgv,,26018200,Action,116 min,17+,2D,2026-05-21,03428e82-cb04-4c5e-9840-31141288bf43,2026-05-21T00:28:20.284002
5de4401f-74ba-416f-9b3c-5adb0d22a834,STAR WARS: THE MANDALORIAN AND GROGU,cgv,,26021200,Scifi,132 min,TBC,2D,2026-05-21,69ca90bb-9eff-487c-8145-0a0aae337878,2026-05-21T00:28:20.284316
5de4401f-74ba-416f-9b3c-5adb0d22a834,SEMUA AKAN BAIK BAIK SAJA,cgv,,26018100,Drama,113 min,13+,2D,2026-05-21,a668948a-8db1-41de-a108-a6aa4896059f,2026-05-21T00:28:20.284573
5de4401f-74ba-416f-9b3c-5adb0d22a834,KELUARGA SUAMI ADALAH HAMA,cgv,,26017700,Drama,117 min,13+,2D,2026-05-21,2382f0f3-c7c1-43ad-952c-0b4768ca3f66,2026-05-21T00:28:20.284852
ff11a5ef-d87c-43c8-bdc8-1df2b173cde4,STAR WARS: THE MANDALORIAN AND GROGU,cgv,,26021200,Scifi,132 min,TBC,2D,2026-05-21,7b2df137-fd48-4959-85ca-64040de834ce,2026-05-21T00:28:20.249664
ff11a5ef-d87c-43c8-bdc8-1df2b173cde4,TUMBAL PROYEK,cgv,,26014300,Horror,106 min,17+,2D,2026-05-21,23320d5e-ee3d-44c4-b7ee-2abfe7e2a82f,2026-05-21T00:28:20.250164
ff11a5ef-d87c-43c8-bdc8-1df2b173cde4,SEMUA AKAN BAIK BAIK SAJA,cgv,,26018100,Drama,113 min,13+,2D,2026-05-21,9ecdfa8b-28f3-4642-bac9-0747607a336d,2026-05-21T00:28:20.250407
ff11a5ef-d87c-43c8-bdc8-1df2b173cde4,GUDANG MERICA,cgv,,26019400,Comedy,98 min,17+,2D,2026-05-21,b21b596f-73ef-4aff-9e53-832817f941c2,2026-05-21T00:28:20.250670
b7d1d708-c29d-42e2-9eca-c18ced6526e1,TUMBAL PROYEK,cgv,,26014300,Horror,106 min,17+,2D,2026-05-21,13e5410f-0c27-4e1c-98b1-ccb316ae5b0e,2026-05-21T00:28:21.130702
b7d1d708-c29d-42e2-9eca-c18ced6526e1,GUDANG MERICA,cgv,,26019400,Comedy,98 min,17+,2D,2026-05-21,ce36e90d-afac-43ef-9b59-655c88f9ba05,2026-05-21T00:28:21.131143
b7d1d708-c29d-42e2-9eca-c18ced6526e1,STAR WARS: THE MANDALORIAN AND GROGU,cgv,,26021200,Scifi,132 min,TBC,2D,2026-05-21,e2865a1a-216a-4f90-8896-53ce84a4c208,2026-05-21T00:28:21.131539
b7d1d708-c29d-42e2-9eca-c18ced6526e1,"AYAH, INI ARAHNYA KEMANA, YA?",cgv,,26011000,Drama,103 min,13+,2D,2026-05-21,fcfd3a69-46bf-42d9-b5a6-77db3d5213a0,2026-05-21T00:28:21.131792
b7d1d708-c29d-42e2-9eca-c18ced6526e1,KELUARGA SUAMI ADALAH HAMA,cgv,,26017700,Drama,117 min,13+,2D,2026-05-21,a6cc9f99-fa8a-4796-8be1-c62a10f7cb51,2026-05-21T00:28:21.132080
ef43cb0e-57b7-4c82-a6b4-391138ad6f0e,KELUARGA SUAMI ADALAH HAMA,cgv,,26017700,Drama,117 min,13+,2D,2026-05-21,818e07fb-3606-44cf-96f4-eb2c4623179d,2026-05-21T00:28:21.232068
ef43cb0e-57b7-4c82-a6b4-391138ad6f0e,MONSTER,cgv,,23042200,Drama,126 min,13+,2D,2026-05-21,58d301af-fa10-450d-a356-b6fc62ecb296,2026-05-21T00:28:21.232296
ef43cb0e-57b7-4c82-a6b4-391138ad6f0e,SEMUA AKAN BAIK BAIK SAJA,cgv,,26018100,Drama,113 min,13+,2D,2026-05-21,e49744aa-84e3-4a6c-a62f-fd5c76bc48aa,2026-05-21T00:28:21.232544
ef43cb0e-57b7-4c82-a6b4-391138ad6f0e,TUMBAL PROYEK,cgv,,26014300,Horror,106 min,17+,2D,2026-05-21,13186a01-ff2b-41a5-a10f-21cc4ea6e2f4,2026-05-21T00:28:21.232844
ef43cb0e-57b7-4c82-a6b4-391138ad6f0e,STAR WARS: THE MANDALORIAN AND GROGU,cgv,,26021200,Scifi,132 min,TBC,2D,2026-05-21,4fe5fce2-b1d7-46af-98cb-d6d48461006e,2026-05-21T00:28:21.233120
ef43cb0e-57b7-4c82-a6b4-391138ad6f0e,GUDANG MERICA,cgv,,26019400,Comedy,98 min,17+,2D,2026-05-21,9d953da8-b3ad-4af5-89e0-288b8be1197c,2026-05-21T00:28:21.233369
ef43cb0e-57b7-4c82-a6b4-391138ad6f0e,YANG LAIN BOLEH HILANG ASAL KAU JANGAN,cgv,,26018300,Drama,113 min,13+,2D,2026-05-21,785d6859-fda8-4641-ade3-a8ef9afdb69c,2026-05-21T00:28:21.233589
ef43cb0e-57b7-4c82-a6b4-391138ad6f0e,SEKAWAN LIMO (RE-RELEASE),cgv,,26024900,Comedy,112 min,13+,2D,2026-05-21,8b9aa871-0f30-4b7d-afd0-6c96d2f4c369,2026-05-21T00:28:21.233805
ef43cb0e-57b7-4c82-a6b4-391138ad6f0e,GHOST IN THE CELL,cgv,,26011800,Comedy,106 min,17+,2D,2026-05-21,c301c4eb-df5c-460d-bdd3-0bff94e3dbcf,2026-05-21T00:28:21.234017
09edf2a5-4066-4953-b293-8b25573bc4ae,GUDANG MERICA,cgv,,26019400,Comedy,98 min,17+,2D,2026-05-21,5a7b17e5-475b-4fe3-93aa-5167c2dad0db,2026-05-21T00:28:21.686791
09edf2a5-4066-4953-b293-8b25573bc4ae,TUMBAL PROYEK,cgv,,26014300,Horror,106 min,17+,2D,2026-05-21,fda6c71d-75a9-4bdc-a4a0-edd8056f15c8,2026-05-21T00:28:21.687348
09edf2a5-4066-4953-b293-8b25573bc4ae,STAR WARS: THE MANDALORIAN AND GROGU,cgv,,26021200,Scifi,132 min,TBC,2D,2026-05-21,a770bc7d-4ab8-4fa7-9b32-1dcf4d218b07,2026-05-21T00:28:21.687690
09edf2a5-4066-4953-b293-8b25573bc4ae,KELUARGA SUAMI ADALAH HAMA,cgv,,26017700,Drama,117 min,13+,2D,2026-05-21,48b91076-085b-4f5f-ba5a-18811f5b6fd8,2026-05-21T00:28:21.688032
09edf2a5-4066-4953-b293-8b25573bc4ae,TIBA TIBA SETAN,cgv,,26007500,Comedy,113 min,13+,2D,2026-05-21,c309323b-8a50-403e-9f03-361e283ac2ef,2026-05-21T00:28:21.688300
09edf2a5-4066-4953-b293-8b25573bc4ae,SEMUA AKAN BAIK BAIK SAJA,cgv,,26018100,Drama,113 min,13+,2D,2026-05-21,b065ce02-9738-43bd-89b4-031ac5a1b052,2026-05-21T00:28:21.688694
46021740-bd5b-486d-84f8-8cda23f6b7b8,STAR WARS: THE MANDALORIAN AND GROGU,cgv,,26021200,Scifi,132 min,TBC,2D,2026-05-21,426d01e5-2533-41af-855b-9946923f2af8,2026-05-21T00:28:22.154668
46021740-bd5b-486d-84f8-8cda23f6b7b8,YANG LAIN BOLEH HILANG ASAL KAU JANGAN,cgv,,26018300,Drama,113 min,13+,2D,2026-05-21,6ef1a4f9-9a0a-4c6a-98d6-5d218119999d,2026-05-21T00:28:22.154981
46021740-bd5b-486d-84f8-8cda23f6b7b8,GHOST IN THE CELL,cgv,,26011800,Comedy,106 min,17+,2D,2026-05-21,772379c3-a1a1-492e-8ca9-34cdf2d3ebd0,2026-05-21T00:28:22.155221
46021740-bd5b-486d-84f8-8cda23f6b7b8,TUMBAL PROYEK,cgv,,26014300,Horror,106 min,17+,2D,2026-05-21,750c7fc9-0b56-4d03-b71a-a2307f08f887,2026-05-21T00:28:22.155633
46021740-bd5b-486d-84f8-8cda23f6b7b8,MORTAL KOMBAT II,cgv,,26018200,Action,116 min,17+,2D,2026-05-21,c7dd577c-c984-420a-92c6-cf9d9a75ac98,2026-05-21T00:28:22.155892
2b8736e9-59c2-4afc-aa50-afa96eac5497,YANG LAIN BOLEH HILANG ASAL KAU JANGAN,cgv,,26018300,Drama,113 min,13+,2D,2026-05-21,3543d400-7bb6-43c9-8cc6-f10538fcbd98,2026-05-21T00:28:22.117332
2b8736e9-59c2-4afc-aa50-afa96eac5497,GUDANG MERICA,cgv,,26019400,Comedy,98 min,17+,2D,2026-05-21,aa5d81a0-7f40-4982-8cf6-997a153e5d1c,2026-05-21T00:28:22.117754
2b8736e9-59c2-4afc-aa50-afa96eac5497,TUMBAL PROYEK,cgv,,26014300,Horror,106 min,17+,2D,2026-05-21,2d0eea85-8a83-45f6-8075-510971b7f4ee,2026-05-21T00:28:22.118337
2b8736e9-59c2-4afc-aa50-afa96eac5497,SEMUA AKAN BAIK BAIK SAJA,cgv,,26018100,Drama,113 min,13+,2D,2026-05-21,a09b901f-1145-41b9-8a00-48572ac10d0e,2026-05-21T00:28:22.118664
2b8736e9-59c2-4afc-aa50-afa96eac5497,STAR WARS: THE MANDALORIAN AND GROGU,cgv,,26021200,Scifi,132 min,TBC,2D,2026-05-21,6bac63b1-8f6e-4592-b841-2d885c64d0eb,2026-05-21T00:28:22.118997
2b8736e9-59c2-4afc-aa50-afa96eac5497,SEKAWAN LIMO (RE-RELEASE),cgv,,26024900,Comedy,112 min,13+,2D,2026-05-21,ab792732-a0e4-4665-ad65-b5b92f3780ee,2026-05-21T00:28:22.119264
2b8736e9-59c2-4afc-aa50-afa96eac5497,KELUARGA SUAMI ADALAH HAMA,cgv,,26017700,Drama,117 min,13+,2D,2026-05-21,682e6e84-28c0-4f8b-bee3-1a31c4004dff,2026-05-21T00:28:22.119593
2b8736e9-59c2-4afc-aa50-afa96eac5497,KAMU HARUS MATI,cgv,,26023800,Horror,90 min,13+,2D,2026-05-21,cd2c90ef-f04f-45ec-b4c1-9cb259a3c2b4,2026-05-21T00:28:22.119926
7d78b4e8-3c84-4605-b2b5-6e1825336715,KAMU HARUS MATI,cgv,,26023800,Horror,90 min,13+,2D,2026-05-21,f2b5da1a-0718-49f9-a667-a0a4c49474e9,2026-05-21T00:28:23.106733
7d78b4e8-3c84-4605-b2b5-6e1825336715,GUDANG MERICA,cgv,,26019400,Comedy,98 min,17+,2D,2026-05-21,2fd3bf27-3e6e-4e1a-a5ff-526ac65e2e83,2026-05-21T00:28:23.107095
7d78b4e8-3c84-4605-b2b5-6e1825336715,KELUARGA SUAMI ADALAH HAMA,cgv,,26017700,Drama,117 min,13+,2D,2026-05-21,f868f8b8-702d-4685-9ec7-334635720fea,2026-05-21T00:28:23.107369
7d78b4e8-3c84-4605-b2b5-6e1825336715,TUMBAL PROYEK,cgv,,26014300,Horror,106 min,17+,2D,2026-05-21,09385116-81d9-400d-bb0e-c1e960e9d02a,2026-05-21T00:28:23.107758
7d78b4e8-3c84-4605-b2b5-6e1825336715,STAR WARS: THE MANDALORIAN AND GROGU,cgv,,26021200,Scifi,132 min,TBC,2D,2026-05-21,32148954-89b4-49ee-bee4-a6deabddea14,2026-05-21T00:28:23.108061
7d78b4e8-3c84-4605-b2b5-6e1825336715,SEMUA AKAN BAIK BAIK SAJA,cgv,,26018100,Drama,113 min,13+,2D,2026-05-21,51912251-723e-4985-9c7f-a43ae7d39a82,2026-05-21T00:28:23.108302
510a9aef-d21b-44e0-a9a3-10bafeb8b6a2,TUMBAL PROYEK,cgv,,26014300,Horror,106 min,17+,2D,2026-05-21,cb3426b5-ce36-4b38-aa83-a521dd77e504,2026-05-21T00:28:22.938247
510a9aef-d21b-44e0-a9a3-10bafeb8b6a2,STAR WARS: THE MANDALORIAN AND GROGU,cgv,,26021200,Scifi,132 min,TBC,2D,2026-05-21,f0bb3f0c-d000-4205-8f24-9b9c8607799d,2026-05-21T00:28:22.938862
510a9aef-d21b-44e0-a9a3-10bafeb8b6a2,KELUARGA SUAMI ADALAH HAMA,cgv,,26017700,Drama,117 min,13+,2D,2026-05-21,d5ba0b53-873a-4423-930d-d5d315450b55,2026-05-21T00:28:22.939375
510a9aef-d21b-44e0-a9a3-10bafeb8b6a2,GUDANG MERICA,cgv,,26019400,Comedy,98 min,17+,2D,2026-05-21,ea118723-4025-4089-8d55-156d1d446a13,2026-05-21T00:28:22.939966
510a9aef-d21b-44e0-a9a3-10bafeb8b6a2,SEMUA AKAN BAIK BAIK SAJA,cgv,,26018100,Drama,113 min,13+,2D,2026-05-21,0deafaf3-d177-4420-9be1-dbb227816506,2026-05-21T00:28:22.940286
510a9aef-d21b-44e0-a9a3-10bafeb8b6a2,SEKAWAN LIMO (RE-RELEASE),cgv,,26024900,Comedy,112 min,13+,2D,2026-05-21,5072867b-a897-4933-88ac-061a9b7f312d,2026-05-21T00:28:22.940556
a8804fe1-a0aa-47fd-8771-56db8e196ad3,TUMBAL PROYEK,cgv,,26014300,Horror,106 min,17+,2D,2026-05-21,f54a2676-2e16-45eb-a671-218482173b71,2026-05-21T00:28:23.391057
a8804fe1-a0aa-47fd-8771-56db8e196ad3,GHOST IN THE CELL,cgv,,26011800,Comedy,106 min,17+,2D,2026-05-21,d1ffdc1e-0879-4d6d-b6d5-90b6e899f446,2026-05-21T00:28:23.391418
a8804fe1-a0aa-47fd-8771-56db8e196ad3,SEMUA AKAN BAIK BAIK SAJA,cgv,,26018100,Drama,113 min,13+,2D,2026-05-21,48ca9394-61ae-4645-8942-b0ea6fc7b9cf,2026-05-21T00:28:23.391799
a8804fe1-a0aa-47fd-8771-56db8e196ad3,STAR WARS: THE MANDALORIAN AND GROGU,cgv,,26021200,Scifi,132 min,TBC,2D,2026-05-21,09ad0588-055d-41dd-b338-2af93f4590e3,2026-05-21T00:28:23.392256
a8804fe1-a0aa-47fd-8771-56db8e196ad3,KELUARGA SUAMI ADALAH HAMA,cgv,,26017700,Drama,117 min,13+,2D,2026-05-21,dd30bc6b-65c4-484b-8219-0375087c1a9c,2026-05-21T00:28:23.392592
a8804fe1-a0aa-47fd-8771-56db8e196ad3,BADUT GENDONG,cgv,,26016800,Horror,101 min,17+,2D,2026-05-21,5053fecb-5090-4e0e-ba29-0c6faf663ab4,2026-05-21T00:28:23.392842
fe90b2b9-8ae3-4e35-859a-219870ad704d,MORTAL KOMBAT II,cgv,,26018200,Action,116 min,17+,2D,2026-05-21,5b418f4c-a203-4c46-b453-a64940a8d2c5,2026-05-21T00:28:24.011401
fe90b2b9-8ae3-4e35-859a-219870ad704d,TUMBAL PROYEK,cgv,,26014300,Horror,106 min,17+,2D,2026-05-21,dee4d5d3-bc26-4a69-876a-a513a39d2309,2026-05-21T00:28:24.011833
fe90b2b9-8ae3-4e35-859a-219870ad704d,SUNSHINE WOMEN'S CHOIR,cgv,,26024400,Drama,134 min,13+,2D,2026-05-21,c820b529-be8f-4622-a2dd-f0dbd6f2c167,2026-05-21T00:28:24.012118
fe90b2b9-8ae3-4e35-859a-219870ad704d,STAR WARS: THE MANDALORIAN AND GROGU,cgv,,26021200,Scifi,132 min,TBC,2D,2026-05-21,c836a224-0f0d-4c0b-b4b7-76065b0d914c,2026-05-21T00:28:24.012785
fe90b2b9-8ae3-4e35-859a-219870ad704d,GOHAN,cgv,,26022500,Drama,140 min,SU,2D,2026-05-21,75ece229-948f-4ad3-8821-f8a8801cf319,2026-05-21T00:28:24.013304
fe90b2b9-8ae3-4e35-859a-219870ad704d,PEGASUS 3,cgv,,26025100,Action,126 min,13+,2D,2026-05-21,37108610-a36c-4489-b214-1731b89b6ed6,2026-05-21T00:28:24.013615
78db3d4d-014b-4f17-b31f-25fc9eba5e26,TUMBAL PROYEK,cgv,,26014300,Horror,106 min,17+,2D,2026-05-21,228518ad-681d-41c4-815d-2d38e9959c71,2026-05-21T00:28:24.185459
78db3d4d-014b-4f17-b31f-25fc9eba5e26,STAR WARS: THE MANDALORIAN AND GROGU,cgv,,26021200,Scifi,132 min,TBC,2D,2026-05-21,68e1849d-78c3-4678-bbed-889475d2ea7f,2026-05-21T00:28:24.186056
78db3d4d-014b-4f17-b31f-25fc9eba5e26,SEMUA AKAN BAIK BAIK SAJA,cgv,,26018100,Drama,113 min,13+,2D,2026-05-21,0d459e2b-45eb-4c6c-bf32-61054d8f86a4,2026-05-21T00:28:24.186346
78db3d4d-014b-4f17-b31f-25fc9eba5e26,GOHAN,cgv,,26022500,Drama,140 min,SU,2D,2026-05-21,b0d89809-7c21-425b-b60b-0d7ef421a04c,2026-05-21T00:28:24.186549
78db3d4d-014b-4f17-b31f-25fc9eba5e26,SUNSHINE WOMEN'S CHOIR,cgv,,26024400,Drama,134 min,13+,2D,2026-05-21,deb07d4b-1648-4b63-8c63-a1da496bf07b,2026-05-21T00:28:24.186748
78db3d4d-014b-4f17-b31f-25fc9eba5e26,KELUARGA SUAMI ADALAH HAMA,cgv,,26017700,Drama,117 min,13+,2D,2026-05-21,7951cce8-bd39-4255-8517-7bcddfefe83a,2026-05-21T00:28:24.187003
78db3d4d-014b-4f17-b31f-25fc9eba5e26,PEGASUS 3,cgv,,26025100,Action,126 min,13+,2D,2026-05-21,4f9ca342-d4f0-4ac0-a97c-3f83434a94d9,2026-05-21T00:28:24.187241
78db3d4d-014b-4f17-b31f-25fc9eba5e26,MORTAL KOMBAT II,cgv,,26018200,Action,116 min,17+,2D,2026-05-21,734cb5d4-b1e6-4b32-856a-c281ba891e6e,2026-05-21T00:28:24.187451
247a1f90-e6d6-401e-8eec-a16c9d26efc5,GUDANG MERICA,cgv,,26019400,Comedy,98 min,17+,2D,2026-05-21,3da618aa-b077-47fe-9115-515d71b06287,2026-05-21T00:28:24.794331
247a1f90-e6d6-401e-8eec-a16c9d26efc5,TUMBAL PROYEK,cgv,,26014300,Horror,106 min,17+,2D,2026-05-21,f167b00d-c95c-4fe2-b436-36df22d05abf,2026-05-21T00:28:24.794847
247a1f90-e6d6-401e-8eec-a16c9d26efc5,GHOST IN THE CELL,cgv,,26011800,Comedy,106 min,17+,2D,2026-05-21,e00fb368-288d-4022-99d2-f1548c54da6e,2026-05-21T00:28:24.795104
247a1f90-e6d6-401e-8eec-a16c9d26efc5,STAR WARS: THE MANDALORIAN AND GROGU,cgv,,26021200,Scifi,132 min,TBC,2D,2026-05-21,df09e440-66df-402f-81f5-356d634d19cc,2026-05-21T00:28:24.795373
247a1f90-e6d6-401e-8eec-a16c9d26efc5,SEMUA AKAN BAIK BAIK SAJA,cgv,,26018100,Drama,113 min,13+,2D,2026-05-21,3150eca7-ea30-4366-9384-8fe790b314f9,2026-05-21T00:28:24.795698
247a1f90-e6d6-401e-8eec-a16c9d26efc5,"AYAH, INI ARAHNYA KEMANA, YA?",cgv,,26011000,Drama,103 min,13+,2D,2026-05-21,1e73c468-7c7b-4617-9057-acab13ddc696,2026-05-21T00:28:24.795938
247a1f90-e6d6-401e-8eec-a16c9d26efc5,KELUARGA SUAMI ADALAH HAMA,cgv,,26017700,Drama,117 min,13+,2D,2026-05-21,54ed49d1-8fda-410a-84c8-7cb05992d9a0,2026-05-21T00:28:24.796210
247a1f90-e6d6-401e-8eec-a16c9d26efc5,TIBA TIBA SETAN,cgv,,26007500,Comedy,113 min,13+,2D,2026-05-21,73e87ee1-3d5a-41fa-a51c-fff6acf1eb77,2026-05-21T00:28:24.796426
247a1f90-e6d6-401e-8eec-a16c9d26efc5,MORTAL KOMBAT II,cgv,,26018200,Action,116 min,17+,2D,2026-05-21,4d4e89a0-d241-405f-bf8e-65788c97d324,2026-05-21T00:28:24.796641
ba286cd8-f888-4d8a-a2cd-0d03964cc288,TUMBAL PROYEK,cgv,,26014300,Horror,106 min,17+,2D,2026-05-21,99f50e88-c039-4754-b279-40eaa559c7bb,2026-05-21T00:28:24.830830
ba286cd8-f888-4d8a-a2cd-0d03964cc288,SEMUA AKAN BAIK BAIK SAJA,cgv,,26018100,Drama,113 min,13+,2D,2026-05-21,29715d44-9129-4b1a-8612-5f558c2fa8b9,2026-05-21T00:28:24.831208
ba286cd8-f888-4d8a-a2cd-0d03964cc288,TIBA TIBA SETAN,cgv,,26007500,Comedy,113 min,13+,2D,2026-05-21,f01e5e08-add2-46d2-b546-22caed991e12,2026-05-21T00:28:24.831441
ba286cd8-f888-4d8a-a2cd-0d03964cc288,SEKAWAN LIMO (RE-RELEASE),cgv,,26024900,Comedy,112 min,13+,2D,2026-05-21,7bf68380-4944-4302-b056-f09c54953d66,2026-05-21T00:28:24.831686
ba286cd8-f888-4d8a-a2cd-0d03964cc288,STAR WARS: THE MANDALORIAN AND GROGU,cgv,,26021200,Scifi,132 min,TBC,2D,2026-05-21,efb23f0a-7667-4441-be4b-b8b00f21a27c,2026-05-21T00:28:24.831952
ba286cd8-f888-4d8a-a2cd-0d03964cc288,KELUARGA SUAMI ADALAH HAMA,cgv,,26017700,Drama,137 min,13+,2D,2026-05-21,326e021b-81a6-4f69-9688-d196bba747c2,2026-05-21T00:28:24.832216
ba286cd8-f888-4d8a-a2cd-0d03964cc288,GHOST IN THE CELL,cgv,,26011800,Comedy,106 min,17+,2D,2026-05-21,246e9225-c16b-4b13-acd9-370e98406029,2026-05-21T00:28:24.832423
6f010de1-6785-472f-ba7a-eed93b837f79,TUMBAL PROYEK,cgv,,26014300,Horror,106 min,17+,2D,2026-05-21,f981121e-0513-4c19-8336-12e726c6b054,2026-05-21T00:28:25.694976
6f010de1-6785-472f-ba7a-eed93b837f79,GUDANG MERICA,cgv,,26019400,Comedy,98 min,17+,2D,2026-05-21,30ec9957-ebd0-4f45-8d44-a0e7a3d3c592,2026-05-21T00:28:25.695386
6f010de1-6785-472f-ba7a-eed93b837f79,YANG LAIN BOLEH HILANG ASAL KAU JANGAN,cgv,,26018300,Drama,113 min,13+,2D,2026-05-21,269493fa-f104-4183-9e7b-c4927ac4dd0a,2026-05-21T00:28:25.695799
6f010de1-6785-472f-ba7a-eed93b837f79,KELUARGA SUAMI ADALAH HAMA,cgv,,26017700,Drama,117 min,13+,2D,2026-05-21,653ec4fc-94b7-43ca-a5a0-480908c87efc,2026-05-21T00:28:25.696133
6f010de1-6785-472f-ba7a-eed93b837f79,STAR WARS: THE MANDALORIAN AND GROGU,cgv,,26021200,Scifi,132 min,TBC,2D,2026-05-21,1d012b0e-9472-4855-9da8-9acbb095c6ac,2026-05-21T00:28:25.696473
6f010de1-6785-472f-ba7a-eed93b837f79,SEMUA AKAN BAIK BAIK SAJA,cgv,,26018100,Drama,113 min,13+,2D,2026-05-21,019532e3-f8c1-4f78-910b-2cfee4ee4357,2026-05-21T00:28:25.696777
6f010de1-6785-472f-ba7a-eed93b837f79,GHOST IN THE CELL,cgv,,26011800,Comedy,106 min,17+,2D,2026-05-21,0b6bb1e9-b2e7-4add-a116-c614fdbc6b3a,2026-05-21T00:28:25.697047
c2351e84-4ece-4196-8467-0d1daa2f9a63,STAR WARS: THE MANDALORIAN AND GROGU,cgv,,26021200,Scifi,132 min,TBC,2D,2026-05-21,5d02b5ed-0b24-4cd4-9bc1-eb87f0cc2a67,2026-05-21T00:28:26.027542
c2351e84-4ece-4196-8467-0d1daa2f9a63,TUMBAL PROYEK,cgv,,26014300,Horror,106 min,17+,2D,2026-05-21,c5406b49-1fb0-4354-8c8d-95ac189edd10,2026-05-21T00:28:26.028127
c2351e84-4ece-4196-8467-0d1daa2f9a63,YANG LAIN BOLEH HILANG ASAL KAU JANGAN,cgv,,26018300,Drama,113 min,13+,2D,2026-05-21,cc336de7-49d1-47d5-b76a-d5c0b51b8b0a,2026-05-21T00:28:26.028433
c2351e84-4ece-4196-8467-0d1daa2f9a63,SEMUA AKAN BAIK BAIK SAJA,cgv,,26018100,Drama,113 min,13+,2D,2026-05-21,61d50c63-80ac-47dd-a276-98ce2733dc84,2026-05-21T00:28:26.028737
c2351e84-4ece-4196-8467-0d1daa2f9a63,KELUARGA SUAMI ADALAH HAMA,cgv,,26017700,Drama,117 min,13+,2D,2026-05-21,2fa83120-11ee-4bf1-9b80-e84ef309654f,2026-05-21T00:28:26.029074
99a7cb12-1828-4dec-a352-57539a8a4e7e,TUMBAL PROYEK,cgv,,26014300,Horror,106 min,17+,2D,2026-05-21,b209373c-a6e7-496e-8712-7a759a328e6e,2026-05-21T00:28:26.788275
99a7cb12-1828-4dec-a352-57539a8a4e7e,STAR WARS: THE MANDALORIAN AND GROGU,cgv,,26021200,Scifi,132 min,TBC,2D,2026-05-21,9db662fd-8a1a-4eb5-81ae-9684bffb8c19,2026-05-21T00:28:26.788662
99a7cb12-1828-4dec-a352-57539a8a4e7e,KELUARGA SUAMI ADALAH HAMA,cgv,,26017700,Drama,117 min,13+,2D,2026-05-21,30ea4138-3212-4b1d-b83e-2bff084eec79,2026-05-21T00:28:26.788981
99a7cb12-1828-4dec-a352-57539a8a4e7e,SEMUA AKAN BAIK BAIK SAJA,cgv,,26018100,Drama,113 min,13+,2D,2026-05-21,eb20199a-9545-4480-9c25-4c742aa749e0,2026-05-21T00:28:26.789321
99a7cb12-1828-4dec-a352-57539a8a4e7e,YANG LAIN BOLEH HILANG ASAL KAU JANGAN,cgv,,26018300,Drama,113 min,13+,2D,2026-05-21,0f456867-df54-4dff-b9f9-faa1990347ee,2026-05-21T00:28:26.789561
e303818c-ee35-47cb-949c-5b378b96a824,TUMBAL PROYEK,cgv,,26014300,Horror,106 min,17+,2D,2026-05-21,3f32646a-b891-498e-b034-0ff22b0ae283,2026-05-21T00:28:26.629766
e303818c-ee35-47cb-949c-5b378b96a824,STAR WARS: THE MANDALORIAN AND GROGU,cgv,,26021200,Scifi,132 min,TBC,2D,2026-05-21,ede5f8f3-c986-4385-92e2-b19d72ae869c,2026-05-21T00:28:26.630759
e303818c-ee35-47cb-949c-5b378b96a824,GHOST IN THE CELL,cgv,,26011800,Comedy,106 min,17+,2D,2026-05-21,793755a1-e387-4adb-aa1a-18771c45585f,2026-05-21T00:28:26.631184
e303818c-ee35-47cb-949c-5b378b96a824,YANG LAIN BOLEH HILANG ASAL KAU JANGAN,cgv,,26018300,Drama,113 min,13+,2D,2026-05-21,2a6a8c29-2d8f-41bc-9224-66d62728ad21,2026-05-21T00:28:26.631456
e303818c-ee35-47cb-949c-5b378b96a824,KELUARGA SUAMI ADALAH HAMA,cgv,,26017700,Drama,117 min,13+,2D,2026-05-21,ec129882-49a3-496d-9c21-5a2899057a1d,2026-05-21T00:28:26.631867
e303818c-ee35-47cb-949c-5b378b96a824,SEMUA AKAN BAIK BAIK SAJA,cgv,,26018100,Drama,113 min,13+,2D,2026-05-21,d2014852-b149-4b0f-83a0-5557ae2f6a67,2026-05-21T00:28:26.632176
1edfbaec-df10-400f-81d6-848e5241233a,TUMBAL PROYEK,cgv,,26014300,Horror,106 min,17+,2D,2026-05-21,2515e721-ecd6-4b79-9504-0ca52f33d9ba,2026-05-21T00:28:27.343640
1edfbaec-df10-400f-81d6-848e5241233a,SEMUA AKAN BAIK BAIK SAJA,cgv,,26018100,Drama,113 min,13+,2D,2026-05-21,f454813f-8af4-42fd-9a65-1cb48b65a834,2026-05-21T00:28:27.344046
1edfbaec-df10-400f-81d6-848e5241233a,STAR WARS: THE MANDALORIAN AND GROGU,cgv,,26021200,Scifi,132 min,TBC,2D,2026-05-21,0a4a130b-a44c-4fa1-a192-4eb9f64c8eba,2026-05-21T00:28:27.344603
1edfbaec-df10-400f-81d6-848e5241233a,THE SHEEP DETECTIVES,cgv,,26019500,Comedy,109 min,SU,2D,2026-05-21,dd31abab-673b-4a5b-be5d-461ce2654939,2026-05-21T00:28:27.344934
ccd98f80-5365-4157-9656-886f72aa6b16,STAR WARS: THE MANDALORIAN AND GROGU,cgv,,26021200,Scifi,132 min,TBC,2D,2026-05-21,6ffc9e96-4cb0-4ef4-ab74-334e948d3e78,2026-05-21T00:28:27.625224
ccd98f80-5365-4157-9656-886f72aa6b16,KAMU HARUS MATI,cgv,,26023800,Horror,90 min,13+,2D,2026-05-21,ffa2fdeb-d12a-4563-bec4-890d2d8b1b48,2026-05-21T00:28:27.625570
ccd98f80-5365-4157-9656-886f72aa6b16,TUMBAL PROYEK,cgv,,26014300,Horror,106 min,17+,2D,2026-05-21,4d362340-2340-4ffe-aca7-a9abd41f3571,2026-05-21T00:28:27.626177
ccd98f80-5365-4157-9656-886f72aa6b16,KELUARGA SUAMI ADALAH HAMA,cgv,,26017700,Drama,117 min,13+,2D,2026-05-21,6bc13799-b3fa-4896-9d5a-86dac9ab13b3,2026-05-21T00:28:27.626678
ccd98f80-5365-4157-9656-886f72aa6b16,GUDANG MERICA,cgv,,26019400,Comedy,98 min,17+,2D,2026-05-21,972ed664-62d0-4aac-8320-de2b620db6cb,2026-05-21T00:28:27.627201
ccd98f80-5365-4157-9656-886f72aa6b16,SEMUA AKAN BAIK BAIK SAJA,cgv,,26018100,Drama,113 min,13+,2D,2026-05-21,ce27f65a-525f-4629-9990-d120756d4948,2026-05-21T00:28:27.627633
ccd98f80-5365-4157-9656-886f72aa6b16,"AYAH, INI ARAHNYA KEMANA, YA?",cgv,,26011000,Drama,103 min,13+,2D,2026-05-21,d7ba3a23-7be9-47f0-9fd4-2163fc21595b,2026-05-21T00:28:27.627923
a024dfc7-1fad-4309-869f-cb9b38356703,TUMBAL PROYEK,cgv,,26014300,Horror,106 min,17+,2D,2026-05-21,dcff45a9-5d65-4084-898c-3036963bf41b,2026-05-21T00:28:27.977739
a024dfc7-1fad-4309-869f-cb9b38356703,YANG LAIN BOLEH HILANG ASAL KAU JANGAN,cgv,,26018300,Drama,113 min,13+,2D,2026-05-21,e44bfbd0-675b-44d6-88d7-7e6af9bc1027,2026-05-21T00:28:27.978084
a024dfc7-1fad-4309-869f-cb9b38356703,STAR WARS: THE MANDALORIAN AND GROGU,cgv,,26021200,Scifi,132 min,TBC,2D,2026-05-21,ef1a4cb7-450c-4dc8-810d-6c51d76d4b1e,2026-05-21T00:28:27.978593
a024dfc7-1fad-4309-869f-cb9b38356703,TIBA TIBA SETAN,cgv,,26007500,Comedy,113 min,13+,2D,2026-05-21,0dd1a458-c396-49e3-89c2-af20158fab32,2026-05-21T00:28:27.978902
a024dfc7-1fad-4309-869f-cb9b38356703,KELUARGA SUAMI ADALAH HAMA,cgv,,26017700,Drama,117 min,13+,2D,2026-05-21,2b0ed5af-aa92-4ab4-bc1c-8181bf31184d,2026-05-21T00:28:27.979250
a024dfc7-1fad-4309-869f-cb9b38356703,SEMUA AKAN BAIK BAIK SAJA,cgv,,26018100,Drama,113 min,13+,2D,2026-05-21,752aec56-38d0-46d4-b6c8-5442024de06a,2026-05-21T00:28:27.979565
98242c6c-ad3b-45f8-b2eb-bcb228de7099,STAR WARS: THE MANDALORIAN AND GROGU,cgv,,26021200,Scifi,132 min,TBC,2D,2026-05-21,552c6f77-e74d-4fb4-91af-3316fd887dd4,2026-05-21T00:28:28.478141
98242c6c-ad3b-45f8-b2eb-bcb228de7099,TUMBAL PROYEK,cgv,,26014300,Horror,106 min,17+,2D,2026-05-21,db81ddf5-0826-4c3f-9301-b006c7b5bfc5,2026-05-21T00:28:28.478741
98242c6c-ad3b-45f8-b2eb-bcb228de7099,SEMUA AKAN BAIK BAIK SAJA,cgv,,26018100,Drama,113 min,13+,2D,2026-05-21,50c872ba-8d5a-4115-abca-c03a3592127c,2026-05-21T00:28:28.479231
98242c6c-ad3b-45f8-b2eb-bcb228de7099,YANG LAIN BOLEH HILANG ASAL KAU JANGAN,cgv,,26018300,Drama,113 min,13+,2D,2026-05-21,6a45ca43-db73-4f8d-91af-2be71ec217fc,2026-05-21T00:28:28.479546
98242c6c-ad3b-45f8-b2eb-bcb228de7099,GUDANG MERICA,cgv,,26019400,Comedy,98 min,17+,2D,2026-05-21,88782205-6573-4151-a677-01373f4c4f57,2026-05-21T00:28:28.479889
98242c6c-ad3b-45f8-b2eb-bcb228de7099,GHOST IN THE CELL,cgv,,26011800,Comedy,106 min,17+,2D,2026-05-21,d4ab3e12-6aac-4424-b177-5959ea0a5e12,2026-05-21T00:28:28.480165
1c9a70a7-61f7-4592-8f00-c10077843d87,STAR WARS: THE MANDALORIAN AND GROGU,cinepolis,,488b0e44-9328-4660-827f-bf3341602b6d,FANTASY,2h 12m,13+,2D,2026-05-21,8bd5317b-1fb5-4140-9b51-5a432ca9c736,2026-05-21T00:29:31.468466
1c9a70a7-61f7-4592-8f00-c10077843d87,STAR WARS: THE MANDALORIAN AND GROGU,cinepolis,,488b0e44-9328-4660-827f-bf3341602b6d,FANTASY,2h 12m,13+,3D,2026-05-21,11c18469-e322-4e3c-bfdf-123c1afe8889,2026-05-21T00:29:31.468730
1c9a70a7-61f7-4592-8f00-c10077843d87,TUMBAL PROYEK,cinepolis,,0b14c075-63cc-4a3b-b0a7-a3578ae1590b,HORROR,1h 46m,D17+,2D,2026-05-21,82264082-4791-46f6-b0f0-8499b079e928,2026-05-21T00:29:32.745354
1c9a70a7-61f7-4592-8f00-c10077843d87,KELUARGA SUAMI ADALAH HAMA,cinepolis,,6a227c4d-1483-455f-842b-37ab7ddccdc2,DRAMA,1h 57m,13+,2D,2026-05-21,0ac63192-6e07-4a83-af9e-fdf9e7ecdaa7,2026-05-21T00:29:34.902912
1c9a70a7-61f7-4592-8f00-c10077843d87,SEMUA AKAN BAIK-BAIK SAJA,cinepolis,,cae94e25-4386-417b-8bdf-0dea2d0b0c71,DRAMA,1h 53m,13+,2D,2026-05-21,a68536e9-d67e-4da4-bab5-549e2a38f880,2026-05-21T00:29:35.760652
1c9a70a7-61f7-4592-8f00-c10077843d87,GUDANG MERICA,cinepolis,,0e87a4c9-10fb-496b-b0a4-4d60d71c222d,COMEDY,1h 38m,D17+,2D,2026-05-21,724c610b-4555-4f6f-99ea-12ae7360f562,2026-05-21T00:29:37.974086
1c9a70a7-61f7-4592-8f00-c10077843d87,PEGASUS 3,cinepolis,,8f125633-ac6b-459d-afbc-d1a0e529da32,ACTION,2h 6m,13+,2D,2026-05-21,aa8811cb-a004-4b17-8401-941d48ef94a1,2026-05-21T00:29:40.260126
1c9a70a7-61f7-4592-8f00-c10077843d87,SUNSHINE WOMEN`S CHOIR,cinepolis,,33062671-0ce9-4273-90a4-86ac43173ab4,COMEDY,2h 14m,13+,2D,2026-05-21,09ab7155-da39-41b9-9915-9ed4845d75ff,2026-05-21T00:29:44.117468
31ea5281-7d7f-4884-88d0-ccf6feaaf41f,STAR WARS: THE MANDALORIAN AND GROGU,cinepolis,,488b0e44-9328-4660-827f-bf3341602b6d,FANTASY,2h 12m,13+,3D,2026-05-21,bf9287cd-c760-44e3-bf2c-4c8a705024d2,2026-05-21T00:29:37.256371
31ea5281-7d7f-4884-88d0-ccf6feaaf41f,TUMBAL PROYEK,cinepolis,,0b14c075-63cc-4a3b-b0a7-a3578ae1590b,HORROR,1h 46m,D17+,2D,2026-05-21,a1cf020b-9fa5-44ee-8736-edd73c9537f3,2026-05-21T00:29:37.257748
31ea5281-7d7f-4884-88d0-ccf6feaaf41f,KELUARGA SUAMI ADALAH HAMA,cinepolis,,6a227c4d-1483-455f-842b-37ab7ddccdc2,DRAMA,1h 57m,13+,2D,2026-05-21,5e80b788-cf09-453d-9113-ffc2957323eb,2026-05-21T00:29:37.258988
31ea5281-7d7f-4884-88d0-ccf6feaaf41f,SEMUA AKAN BAIK-BAIK SAJA,cinepolis,,cae94e25-4386-417b-8bdf-0dea2d0b0c71,DRAMA,1h 53m,13+,2D,2026-05-21,8e570cba-cf2d-419c-8b47-db31bf3a3639,2026-05-21T00:29:37.261005
31ea5281-7d7f-4884-88d0-ccf6feaaf41f,GUDANG MERICA,cinepolis,,0e87a4c9-10fb-496b-b0a4-4d60d71c222d,COMEDY,1h 38m,D17+,2D,2026-05-21,8eafff31-3c9e-4230-bece-0b38bae08406,2026-05-21T00:29:38.749461
31ea5281-7d7f-4884-88d0-ccf6feaaf41f,YANG LAIN BOLEH HILANG ASAL KAU JANGAN,cinepolis,,ff59e4ab-92e1-4aa6-bfd8-ab6521930738,DRAMA,1h 53m,13+,2D,2026-05-21,c9b3829b-a440-4e55-97c6-2654ea76d728,2026-05-21T00:29:42.458280
31ea5281-7d7f-4884-88d0-ccf6feaaf41f,TIBA TIBA SETAN,cinepolis,,1d967795-fc67-4246-984c-e494ece3054c,COMEDY,1h 53m,13+,2D,2026-05-21,e8eb4fe6-76d7-4fa6-abe6-030aeb2f2040,2026-05-21T00:29:44.849843
f0957343-e458-4108-b551-955fb13790db,STAR WARS: THE MANDALORIAN AND GROGU,cinepolis,,488b0e44-9328-4660-827f-bf3341602b6d,FANTASY,2h 12m,13+,3D,2026-05-21,25bb6411-6cf5-49c5-a1d6-0e2d3b1a4e25,2026-05-21T00:29:42.509148
f0957343-e458-4108-b551-955fb13790db,STAR WARS: THE MANDALORIAN AND GROGU,cinepolis,,488b0e44-9328-4660-827f-bf3341602b6d,FANTASY,2h 12m,13+,2D,2026-05-21,0eb2510f-d611-486e-bfbb-87b4c4bfba9f,2026-05-21T00:29:42.509220
f0957343-e458-4108-b551-955fb13790db,TUMBAL PROYEK,cinepolis,,0b14c075-63cc-4a3b-b0a7-a3578ae1590b,HORROR,1h 46m,D17+,2D,2026-05-21,355f4bb3-069c-47f0-9b4c-59fa69b04344,2026-05-21T00:29:42.511294
f0957343-e458-4108-b551-955fb13790db,KELUARGA SUAMI ADALAH HAMA,cinepolis,,6a227c4d-1483-455f-842b-37ab7ddccdc2,DRAMA,1h 57m,13+,2D,2026-05-21,d6efa08f-0892-4b37-ab2f-4dff8390b85d,2026-05-21T00:29:42.513123
f0957343-e458-4108-b551-955fb13790db,SEMUA AKAN BAIK-BAIK SAJA,cinepolis,,cae94e25-4386-417b-8bdf-0dea2d0b0c71,DRAMA,1h 53m,13+,2D,2026-05-21,79393196-ef53-40db-af5e-36ea130feabc,2026-05-21T00:29:42.514419
f0957343-e458-4108-b551-955fb13790db,GUDANG MERICA,cinepolis,,0e87a4c9-10fb-496b-b0a4-4d60d71c222d,COMEDY,1h 38m,D17+,2D,2026-05-21,891d361b-beb2-4e09-b7d6-66b7418994af,2026-05-21T00:29:42.515450
f0957343-e458-4108-b551-955fb13790db,GHOST IN THE CELL,cinepolis,,1859bb5f-f638-4a41-854c-a114f6f8a608,HORROR,1h 46m,D17+,2D,2026-05-21,df7fe6d2-d124-4d53-af51-10db9baff799,2026-05-21T00:29:46.993305
f0957343-e458-4108-b551-955fb13790db,YANG LAIN BOLEH HILANG ASAL KAU JANGAN,cinepolis,,ff59e4ab-92e1-4aa6-bfd8-ab6521930738,DRAMA,1h 53m,13+,2D,2026-05-21,e0db92ca-41fc-4175-abed-65846991c097,2026-05-21T00:29:46.994228
f0957343-e458-4108-b551-955fb13790db,GOHAN,cinepolis,,15718ddd-e8db-449b-9313-73b98733d485,DRAMA,2h 20m,SU,2D,2026-05-21,160fa11f-74d1-4209-b090-c0a8ff2e2d80,2026-05-21T00:29:48.444001
f0957343-e458-4108-b551-955fb13790db,THE SHEEP DETECTIVES,cinepolis,,71865891-a162-4fb5-bcc1-eda6d7edf3e9,COMEDY,1h 49m,SU,2D,2026-05-21,d30ca66c-1382-4fe5-abb9-92dd25053baa,2026-05-21T00:29:49.916019
62804e72-5b1c-4390-a028-3dc4a3498ecd,STAR WARS: THE MANDALORIAN AND GROGU,cinepolis,,488b0e44-9328-4660-827f-bf3341602b6d,FANTASY,2h 12m,13+,2D,2026-05-21,4219241e-bc9a-44eb-b0bb-2326db517978,2026-05-21T00:29:51.692316
62804e72-5b1c-4390-a028-3dc4a3498ecd,STAR WARS: THE MANDALORIAN AND GROGU,cinepolis,,488b0e44-9328-4660-827f-bf3341602b6d,FANTASY,2h 12m,13+,3D,2026-05-21,6ec18732-ef09-407b-9147-abccacfeeae9,2026-05-21T00:29:51.692352
62804e72-5b1c-4390-a028-3dc4a3498ecd,TUMBAL PROYEK,cinepolis,,0b14c075-63cc-4a3b-b0a7-a3578ae1590b,HORROR,1h 46m,D17+,2D,2026-05-21,a69aa817-89fc-4a14-9515-73087bcc7424,2026-05-21T00:29:51.692972
62804e72-5b1c-4390-a028-3dc4a3498ecd,KELUARGA SUAMI ADALAH HAMA,cinepolis,,6a227c4d-1483-455f-842b-37ab7ddccdc2,DRAMA,1h 57m,13+,2D,2026-05-21,6b69fd6d-6ffe-4b62-bf89-b6bd3434b565,2026-05-21T00:29:51.694432
62804e72-5b1c-4390-a028-3dc4a3498ecd,SEMUA AKAN BAIK-BAIK SAJA,cinepolis,,cae94e25-4386-417b-8bdf-0dea2d0b0c71,DRAMA,1h 53m,13+,2D,2026-05-21,4be19d71-1dac-4a93-bdd2-541e94959c1a,2026-05-21T00:29:51.695273
62804e72-5b1c-4390-a028-3dc4a3498ecd,GUDANG MERICA,cinepolis,,0e87a4c9-10fb-496b-b0a4-4d60d71c222d,COMEDY,1h 38m,D17+,2D,2026-05-21,114e87a6-956c-49fc-b88d-f224073c3073,2026-05-21T00:29:51.697208
62804e72-5b1c-4390-a028-3dc4a3498ecd,"AYAH, INI ARAHNYA KEMANA, YA?",cinepolis,,47fccbc0-f843-4918-ad66-28fcef4aa048,DRAMA,1h 43m,13+,3D,2026-05-21,1f1c7340-b763-46f3-a372-3eabbc18e75d,2026-05-21T00:29:51.775755
73b2c3ab-cf78-46cd-93b1-2747f152ba76,STAR WARS: THE MANDALORIAN AND GROGU,cinepolis,,488b0e44-9328-4660-827f-bf3341602b6d,FANTASY,2h 12m,13+,2D,2026-05-21,f5c188e1-87be-41b1-b977-c5bd47e96ad4,2026-05-21T00:29:56.906247
73b2c3ab-cf78-46cd-93b1-2747f152ba76,STAR WARS: THE MANDALORIAN AND GROGU,cinepolis,,488b0e44-9328-4660-827f-bf3341602b6d,FANTASY,2h 12m,13+,3D,2026-05-21,912468b3-cf70-4868-8927-b94a826ebf40,2026-05-21T00:29:56.906322
73b2c3ab-cf78-46cd-93b1-2747f152ba76,TUMBAL PROYEK,cinepolis,,0b14c075-63cc-4a3b-b0a7-a3578ae1590b,HORROR,1h 46m,D17+,2D,2026-05-21,13ca24d3-3f41-44c4-ba72-ca770ece3153,2026-05-21T00:29:56.907882
73b2c3ab-cf78-46cd-93b1-2747f152ba76,KELUARGA SUAMI ADALAH HAMA,cinepolis,,6a227c4d-1483-455f-842b-37ab7ddccdc2,DRAMA,1h 57m,13+,2D,2026-05-21,7af398d9-fe20-4215-b9be-1b4bd49b38bd,2026-05-21T00:29:56.909239
73b2c3ab-cf78-46cd-93b1-2747f152ba76,SEMUA AKAN BAIK-BAIK SAJA,cinepolis,,cae94e25-4386-417b-8bdf-0dea2d0b0c71,DRAMA,1h 53m,13+,2D,2026-05-21,1e6033aa-99bc-445d-84d9-58dd622d3721,2026-05-21T00:29:56.911427
73b2c3ab-cf78-46cd-93b1-2747f152ba76,GUDANG MERICA,cinepolis,,0e87a4c9-10fb-496b-b0a4-4d60d71c222d,COMEDY,1h 38m,D17+,2D,2026-05-21,38224e4e-6a99-4d8a-a55a-9cd981dc0753,2026-05-21T00:29:56.913017
73b2c3ab-cf78-46cd-93b1-2747f152ba76,"AYAH, INI ARAHNYA KEMANA, YA?",cinepolis,,47fccbc0-f843-4918-ad66-28fcef4aa048,DRAMA,1h 43m,13+,2D,2026-05-21,cd1149cd-fdb0-4a65-8536-f5955bfb7a70,2026-05-21T00:29:56.914999
73b2c3ab-cf78-46cd-93b1-2747f152ba76,YANG LAIN BOLEH HILANG ASAL KAU JANGAN,cinepolis,,ff59e4ab-92e1-4aa6-bfd8-ab6521930738,DRAMA,1h 53m,13+,2D,2026-05-21,ad8c0b8b-42ce-49fa-9ae2-e53c5b90df5b,2026-05-21T00:29:56.916534
c1165740-7d58-49ea-8696-9c2457a4a2c5,STAR WARS: THE MANDALORIAN AND GROGU,cinepolis,,488b0e44-9328-4660-827f-bf3341602b6d,FANTASY,2h 12m,13+,2D,2026-05-21,0649799b-621c-4503-b32b-e81756ed1960,2026-05-21T00:30:03.060025
c1165740-7d58-49ea-8696-9c2457a4a2c5,TUMBAL PROYEK,cinepolis,,0b14c075-63cc-4a3b-b0a7-a3578ae1590b,HORROR,1h 46m,D17+,2D,2026-05-21,f752c9ca-c15b-4961-bc3a-bc849a78bbfb,2026-05-21T00:30:03.061494
c1165740-7d58-49ea-8696-9c2457a4a2c5,KELUARGA SUAMI ADALAH HAMA,cinepolis,,6a227c4d-1483-455f-842b-37ab7ddccdc2,DRAMA,1h 57m,13+,2D,2026-05-21,3b50b3c3-0cf0-4209-970a-6e7a32dc9155,2026-05-21T00:30:03.062918
c1165740-7d58-49ea-8696-9c2457a4a2c5,SEMUA AKAN BAIK-BAIK SAJA,cinepolis,,cae94e25-4386-417b-8bdf-0dea2d0b0c71,DRAMA,1h 53m,13+,2D,2026-05-21,7240d025-df3e-40d8-8951-aecff70a2ba8,2026-05-21T00:30:03.064746
c1165740-7d58-49ea-8696-9c2457a4a2c5,GUDANG MERICA,cinepolis,,0e87a4c9-10fb-496b-b0a4-4d60d71c222d,COMEDY,1h 38m,D17+,2D,2026-05-21,7665ca6a-42fd-4fbe-b9d6-645bf860f79a,2026-05-21T00:30:03.066115
32aa1984-5728-4517-883e-1f176d62f8ec,STAR WARS: THE MANDALORIAN AND GROGU,cinepolis,,488b0e44-9328-4660-827f-bf3341602b6d,FANTASY,2h 12m,13+,2D,2026-05-21,f36e1e95-9953-42a4-bcc5-95f778442041,2026-05-21T00:30:08.309331
32aa1984-5728-4517-883e-1f176d62f8ec,TUMBAL PROYEK,cinepolis,,0b14c075-63cc-4a3b-b0a7-a3578ae1590b,HORROR,1h 46m,D17+,2D,2026-05-21,99c7fce0-c7d1-45b5-b84f-13e88a6bddaf,2026-05-21T00:30:08.310261
32aa1984-5728-4517-883e-1f176d62f8ec,KELUARGA SUAMI ADALAH HAMA,cinepolis,,6a227c4d-1483-455f-842b-37ab7ddccdc2,DRAMA,1h 57m,13+,2D,2026-05-21,7c39afd8-39c5-4a62-84e5-23195d3ffb20,2026-05-21T00:30:08.311066
32aa1984-5728-4517-883e-1f176d62f8ec,SEMUA AKAN BAIK-BAIK SAJA,cinepolis,,cae94e25-4386-417b-8bdf-0dea2d0b0c71,DRAMA,1h 53m,13+,2D,2026-05-21,5bfb57cd-c481-485d-8f0a-d156fc2f0c15,2026-05-21T00:30:08.311961
43e07448-db94-42c7-a8e1-500a4e68df50,STAR WARS: THE MANDALORIAN AND GROGU,cinepolis,,488b0e44-9328-4660-827f-bf3341602b6d,FANTASY,2h 12m,13+,2D,2026-05-21,8d886e57-b3ce-4d24-89b4-f5fa2c31c2a3,2026-05-21T00:30:13.578899
43e07448-db94-42c7-a8e1-500a4e68df50,STAR WARS: THE MANDALORIAN AND GROGU,cinepolis,,488b0e44-9328-4660-827f-bf3341602b6d,FANTASY,2h 12m,13+,3D,2026-05-21,ff065d94-d4be-4bb9-bbd9-018ba5d1fd25,2026-05-21T00:30:13.578970
43e07448-db94-42c7-a8e1-500a4e68df50,TUMBAL PROYEK,cinepolis,,0b14c075-63cc-4a3b-b0a7-a3578ae1590b,HORROR,1h 46m,D17+,2D,2026-05-21,16ba0b3b-f430-459d-bd37-4d310507101d,2026-05-21T00:30:13.580121
43e07448-db94-42c7-a8e1-500a4e68df50,KELUARGA SUAMI ADALAH HAMA,cinepolis,,6a227c4d-1483-455f-842b-37ab7ddccdc2,DRAMA,1h 57m,13+,2D,2026-05-21,40895b63-22c7-4b90-8f52-71f2e4ef020d,2026-05-21T00:30:13.581849
43e07448-db94-42c7-a8e1-500a4e68df50,SEMUA AKAN BAIK-BAIK SAJA,cinepolis,,cae94e25-4386-417b-8bdf-0dea2d0b0c71,DRAMA,1h 53m,13+,2D,2026-05-21,50e056c5-98c3-4cae-bf99-1ea312c5e742,2026-05-21T00:30:13.582680
43e07448-db94-42c7-a8e1-500a4e68df50,PEGASUS 3,cinepolis,,8f125633-ac6b-459d-afbc-d1a0e529da32,ACTION,2h 6m,13+,2D,2026-05-21,64ff77b0-e726-45c6-8eeb-407de5e0a259,2026-05-21T00:30:13.583447
43e07448-db94-42c7-a8e1-500a4e68df50,SUNSHINE WOMEN`S CHOIR,cinepolis,,33062671-0ce9-4273-90a4-86ac43173ab4,COMEDY,2h 14m,13+,2D,2026-05-21,23c80ee3-5ceb-4d48-b5d6-2fee5a25c0d2,2026-05-21T00:30:13.584228
43e07448-db94-42c7-a8e1-500a4e68df50,GHOST IN THE CELL,cinepolis,,1859bb5f-f638-4a41-854c-a114f6f8a608,HORROR,1h 46m,D17+,2D,2026-05-21,04648593-9e18-4dec-9801-5d4fa3485072,2026-05-21T00:30:13.584998
43e07448-db94-42c7-a8e1-500a4e68df50,SALMOKJI: WHISPERING WATER,cinepolis,,a71f8c7d-5bdf-4b91-b207-9acbafa2417a,HORROR,1h 35m,D17+,2D,2026-05-21,1aa10151-4bbd-4652-b728-e2d7459ed06a,2026-05-21T00:30:14.667462
43e07448-db94-42c7-a8e1-500a4e68df50,NA WILLA,cinepolis,,29fbce60-a3f8-467e-9d65-44612efe30d4,DRAMA,1h 58m,SU,2D,2026-05-21,8dc3ce5c-589f-425e-b2d4-de832b07badd,2026-05-21T00:30:15.852758
6cf1de33-f3e7-48db-bf0c-cb4a78116c9a,STAR WARS: THE MANDALORIAN AND GROGU,cinepolis,,488b0e44-9328-4660-827f-bf3341602b6d,FANTASY,2h 12m,13+,2D,2026-05-21,6a23c46f-9733-4e36-aeaa-16c09dcb00c0,2026-05-21T00:30:19.761814
6cf1de33-f3e7-48db-bf0c-cb4a78116c9a,TUMBAL PROYEK,cinepolis,,0b14c075-63cc-4a3b-b0a7-a3578ae1590b,HORROR,1h 46m,D17+,2D,2026-05-21,e3304da4-8cc8-40c1-83db-16ec16c63c98,2026-05-21T00:30:19.763442
6cf1de33-f3e7-48db-bf0c-cb4a78116c9a,KELUARGA SUAMI ADALAH HAMA,cinepolis,,6a227c4d-1483-455f-842b-37ab7ddccdc2,DRAMA,1h 57m,13+,2D,2026-05-21,0eb77709-7271-4b07-aec8-63f84526ac68,2026-05-21T00:30:19.764919
6cf1de33-f3e7-48db-bf0c-cb4a78116c9a,SEMUA AKAN BAIK-BAIK SAJA,cinepolis,,cae94e25-4386-417b-8bdf-0dea2d0b0c71,DRAMA,1h 53m,13+,2D,2026-05-21,8ede33f4-e62e-4b7e-a857-afeaeffc99b2,2026-05-21T00:30:19.766215
6cf1de33-f3e7-48db-bf0c-cb4a78116c9a,GUDANG MERICA,cinepolis,,0e87a4c9-10fb-496b-b0a4-4d60d71c222d,COMEDY,1h 38m,D17+,2D,2026-05-21,67963e0c-d565-418d-8987-adfa6b0cfbb0,2026-05-21T00:30:19.767160
6cf1de33-f3e7-48db-bf0c-cb4a78116c9a,PEGASUS 3,cinepolis,,8f125633-ac6b-459d-afbc-d1a0e529da32,ACTION,2h 6m,13+,2D,2026-05-21,3082bf3e-9b98-4fcb-a025-d9ea464f1894,2026-05-21T00:30:19.768101
6cf1de33-f3e7-48db-bf0c-cb4a78116c9a,SUNSHINE WOMEN`S CHOIR,cinepolis,,33062671-0ce9-4273-90a4-86ac43173ab4,COMEDY,2h 14m,13+,2D,2026-05-21,bad1b9f7-0696-4420-80da-ca6b05087506,2026-05-21T00:30:19.768970
6cf1de33-f3e7-48db-bf0c-cb4a78116c9a,GHOST IN THE CELL,cinepolis,,1859bb5f-f638-4a41-854c-a114f6f8a608,HORROR,1h 46m,D17+,2D,2026-05-21,ddfd543e-5c7b-4256-b47c-cee5227e9f01,2026-05-21T00:30:19.769756
6cf1de33-f3e7-48db-bf0c-cb4a78116c9a,MORTAL KOMBAT II,cinepolis,,420e1f44-2534-4ed9-9d6f-84cf6406d5a8,ACTION,1h 56m,D17+,2D,2026-05-21,6af2411e-2fff-4aad-9380-70fa9e552683,2026-05-21T00:30:20.517227
6cf1de33-f3e7-48db-bf0c-cb4a78116c9a,YANG LAIN BOLEH HILANG ASAL KAU JANGAN,cinepolis,,ff59e4ab-92e1-4aa6-bfd8-ab6521930738,DRAMA,1h 53m,13+,2D,2026-05-21,1ea4a447-db1d-44e3-a217-2880e075c709,2026-05-21T00:30:20.518929
6cf1de33-f3e7-48db-bf0c-cb4a78116c9a,SALMOKJI: WHISPERING WATER,cinepolis,,a71f8c7d-5bdf-4b91-b207-9acbafa2417a,HORROR,1h 35m,D17+,2D,2026-05-21,4a5791af-c0fe-4406-a971-9608732f6a1f,2026-05-21T00:30:20.520798
61089459-78b3-4485-846c-7716c6e0ee1a,STAR WARS: THE MANDALORIAN AND GROGU,cinepolis,,488b0e44-9328-4660-827f-bf3341602b6d,FANTASY,2h 12m,13+,2D,2026-05-21,072c5f04-58c6-49cf-a9a0-c16e45cead97,2026-05-21T00:30:24.974811
61089459-78b3-4485-846c-7716c6e0ee1a,TUMBAL PROYEK,cinepolis,,0b14c075-63cc-4a3b-b0a7-a3578ae1590b,HORROR,1h 46m,D17+,2D,2026-05-21,8100db8a-e0a2-4313-84bb-f83cfb90475a,2026-05-21T00:30:24.975881
61089459-78b3-4485-846c-7716c6e0ee1a,SEMUA AKAN BAIK-BAIK SAJA,cinepolis,,cae94e25-4386-417b-8bdf-0dea2d0b0c71,DRAMA,1h 53m,13+,2D,2026-05-21,c9b2b97f-6a43-44bd-9672-1244fea5f095,2026-05-21T00:30:24.976700
61089459-78b3-4485-846c-7716c6e0ee1a,GUDANG MERICA,cinepolis,,0e87a4c9-10fb-496b-b0a4-4d60d71c222d,COMEDY,1h 38m,D17+,2D,2026-05-21,c9f4bb1a-0c3a-480e-b3ca-c119c7782388,2026-05-21T00:30:24.977975
61089459-78b3-4485-846c-7716c6e0ee1a,GHOST IN THE CELL,cinepolis,,1859bb5f-f638-4a41-854c-a114f6f8a608,HORROR,1h 46m,D17+,2D,2026-05-21,d420c8fb-84fe-4f3f-bcb2-7104d44814e6,2026-05-21T00:30:24.979304
61089459-78b3-4485-846c-7716c6e0ee1a,"AYAH, INI ARAHNYA KEMANA, YA?",cinepolis,,47fccbc0-f843-4918-ad66-28fcef4aa048,DRAMA,1h 43m,13+,2D,2026-05-21,4e9acccf-e3f0-4746-931c-bee143cfaf2e,2026-05-21T00:30:24.979934
3cba7d13-4089-4866-b5b8-745ea5332afe,STAR WARS: THE MANDALORIAN AND GROGU,cinepolis,,488b0e44-9328-4660-827f-bf3341602b6d,FANTASY,2h 12m,13+,3D,2026-05-21,c68f1182-473f-4dc5-ac3c-f8a00e526cf0,2026-05-21T00:30:30.263003
3cba7d13-4089-4866-b5b8-745ea5332afe,STAR WARS: THE MANDALORIAN AND GROGU,cinepolis,,488b0e44-9328-4660-827f-bf3341602b6d,FANTASY,2h 12m,13+,2D,2026-05-21,b874d0f9-4cb5-4f5b-af7e-c61786dceaca,2026-05-21T00:30:30.263075
3cba7d13-4089-4866-b5b8-745ea5332afe,TUMBAL PROYEK,cinepolis,,0b14c075-63cc-4a3b-b0a7-a3578ae1590b,HORROR,1h 46m,D17+,2D,2026-05-21,96c6019e-adee-4990-b882-27fa442e4715,2026-05-21T00:30:30.264468
3cba7d13-4089-4866-b5b8-745ea5332afe,SEMUA AKAN BAIK-BAIK SAJA,cinepolis,,cae94e25-4386-417b-8bdf-0dea2d0b0c71,DRAMA,1h 53m,13+,2D,2026-05-21,5a580ecc-5f71-43b8-8b70-c41beeafe16d,2026-05-21T00:30:30.265629
3cba7d13-4089-4866-b5b8-745ea5332afe,GUDANG MERICA,cinepolis,,0e87a4c9-10fb-496b-b0a4-4d60d71c222d,COMEDY,1h 38m,D17+,2D,2026-05-21,b55dfa35-1a89-4d74-8595-ffb2fb5464a1,2026-05-21T00:30:30.266685
3cba7d13-4089-4866-b5b8-745ea5332afe,PEGASUS 3,cinepolis,,8f125633-ac6b-459d-afbc-d1a0e529da32,ACTION,2h 6m,13+,2D,2026-05-21,2bf69eec-272e-478c-9c09-99a5f1689668,2026-05-21T00:30:30.267696
3cba7d13-4089-4866-b5b8-745ea5332afe,SUNSHINE WOMEN`S CHOIR,cinepolis,,33062671-0ce9-4273-90a4-86ac43173ab4,COMEDY,2h 14m,13+,2D,2026-05-21,7196645e-895d-4de8-afe1-36689133c510,2026-05-21T00:30:30.268740
3cba7d13-4089-4866-b5b8-745ea5332afe,MORTAL KOMBAT II,cinepolis,,420e1f44-2534-4ed9-9d6f-84cf6406d5a8,ACTION,1h 56m,D17+,2D,2026-05-21,b935e30c-4926-4bf9-856d-5ad7aa83bf6b,2026-05-21T00:30:30.269902
3cba7d13-4089-4866-b5b8-745ea5332afe,GOHAN,cinepolis,,15718ddd-e8db-449b-9313-73b98733d485,DRAMA,2h 20m,SU,2D,2026-05-21,9276330c-e6ea-47bd-9711-09416257c1e5,2026-05-21T00:30:30.270900
3cba7d13-4089-4866-b5b8-745ea5332afe,SALMOKJI: WHISPERING WATER,cinepolis,,a71f8c7d-5bdf-4b91-b207-9acbafa2417a,HORROR,1h 35m,D17+,2D,2026-05-21,1b50add6-755d-44cd-9be0-08b7271d52d2,2026-05-21T00:30:30.272901
622194f6-a7bb-4136-84b3-f11cfeee5567,STAR WARS: THE MANDALORIAN AND GROGU,cinepolis,,488b0e44-9328-4660-827f-bf3341602b6d,FANTASY,2h 12m,13+,2D,2026-05-21,e7b32b6f-8eb2-4ebd-8443-47bc78b9ef73,2026-05-21T00:30:36.380550
622194f6-a7bb-4136-84b3-f11cfeee5567,STAR WARS: THE MANDALORIAN AND GROGU,cinepolis,,488b0e44-9328-4660-827f-bf3341602b6d,FANTASY,2h 12m,13+,3D,2026-05-21,4696fe7c-d9a1-45db-b4b8-2d95d9800375,2026-05-21T00:30:36.380638
622194f6-a7bb-4136-84b3-f11cfeee5567,TUMBAL PROYEK,cinepolis,,0b14c075-63cc-4a3b-b0a7-a3578ae1590b,HORROR,1h 46m,D17+,2D,2026-05-21,c07ebd9e-cecc-4762-98be-27a4eb19eacd,2026-05-21T00:30:36.381945
622194f6-a7bb-4136-84b3-f11cfeee5567,KELUARGA SUAMI ADALAH HAMA,cinepolis,,6a227c4d-1483-455f-842b-37ab7ddccdc2,DRAMA,1h 57m,13+,2D,2026-05-21,eb09869d-06d5-4f3e-bd53-9ce503255766,2026-05-21T00:30:36.383016
622194f6-a7bb-4136-84b3-f11cfeee5567,SEMUA AKAN BAIK-BAIK SAJA,cinepolis,,cae94e25-4386-417b-8bdf-0dea2d0b0c71,DRAMA,1h 53m,13+,2D,2026-05-21,7c3438fb-3997-4bd4-8acc-57805762ae46,2026-05-21T00:30:36.383980
622194f6-a7bb-4136-84b3-f11cfeee5567,GUDANG MERICA,cinepolis,,0e87a4c9-10fb-496b-b0a4-4d60d71c222d,COMEDY,1h 38m,D17+,2D,2026-05-21,f5e3e3b4-faa9-48f7-b44e-38c812aafb7f,2026-05-21T00:30:36.384876
622194f6-a7bb-4136-84b3-f11cfeee5567,PEGASUS 3,cinepolis,,8f125633-ac6b-459d-afbc-d1a0e529da32,ACTION,2h 6m,13+,2D,2026-05-21,2a7abcc2-7e85-4f71-95b1-5ab0fb199e5d,2026-05-21T00:30:36.385761
622194f6-a7bb-4136-84b3-f11cfeee5567,SUNSHINE WOMEN`S CHOIR,cinepolis,,33062671-0ce9-4273-90a4-86ac43173ab4,COMEDY,2h 14m,13+,2D,2026-05-21,f62cbc8f-3823-47fc-aa79-fb994dd94bad,2026-05-21T00:30:36.387747
622194f6-a7bb-4136-84b3-f11cfeee5567,GOHAN,cinepolis,,15718ddd-e8db-449b-9313-73b98733d485,DRAMA,2h 20m,SU,2D,2026-05-21,43973ced-56c8-4200-be89-ca5a68c469ac,2026-05-21T00:30:36.389209
6457f379-5960-4b2c-90e6-cf761e8e46af,STAR WARS: THE MANDALORIAN AND GROGU,cinepolis,,488b0e44-9328-4660-827f-bf3341602b6d,FANTASY,2h 12m,13+,3D,2026-05-21,014f7a14-d586-41ac-b5e2-561ab4053469,2026-05-21T00:30:41.612829
6457f379-5960-4b2c-90e6-cf761e8e46af,STAR WARS: THE MANDALORIAN AND GROGU,cinepolis,,488b0e44-9328-4660-827f-bf3341602b6d,FANTASY,2h 12m,13+,2D,2026-05-21,3590115b-76b8-4b8a-96f8-30a56c64f686,2026-05-21T00:30:41.612889
6457f379-5960-4b2c-90e6-cf761e8e46af,TUMBAL PROYEK,cinepolis,,0b14c075-63cc-4a3b-b0a7-a3578ae1590b,HORROR,1h 46m,D17+,2D,2026-05-21,96a8175c-4eb9-417e-a371-9fd3d318a91f,2026-05-21T00:30:41.615019
6457f379-5960-4b2c-90e6-cf761e8e46af,KELUARGA SUAMI ADALAH HAMA,cinepolis,,6a227c4d-1483-455f-842b-37ab7ddccdc2,DRAMA,1h 57m,13+,2D,2026-05-21,20ee79eb-88fa-48cf-a802-588dce213231,2026-05-21T00:30:41.616118
6457f379-5960-4b2c-90e6-cf761e8e46af,SEMUA AKAN BAIK-BAIK SAJA,cinepolis,,cae94e25-4386-417b-8bdf-0dea2d0b0c71,DRAMA,1h 53m,13+,2D,2026-05-21,2323ae04-8e4a-4804-bfcd-ccf978f0385f,2026-05-21T00:30:41.617588
6457f379-5960-4b2c-90e6-cf761e8e46af,GUDANG MERICA,cinepolis,,0e87a4c9-10fb-496b-b0a4-4d60d71c222d,COMEDY,1h 38m,D17+,2D,2026-05-21,4d49037b-8cff-4d7b-90df-49bb750ff898,2026-05-21T00:30:41.618460
6457f379-5960-4b2c-90e6-cf761e8e46af,PEGASUS 3,cinepolis,,8f125633-ac6b-459d-afbc-d1a0e529da32,ACTION,2h 6m,13+,2D,2026-05-21,a7ab01e1-1a33-4d34-bf53-6804898fe2d9,2026-05-21T00:30:41.619276
6457f379-5960-4b2c-90e6-cf761e8e46af,SUNSHINE WOMEN`S CHOIR,cinepolis,,33062671-0ce9-4273-90a4-86ac43173ab4,COMEDY,2h 14m,13+,2D,2026-05-21,46b00d55-5b32-42be-882b-15bdcc279067,2026-05-21T00:30:41.620050
6457f379-5960-4b2c-90e6-cf761e8e46af,GHOST IN THE CELL,cinepolis,,1859bb5f-f638-4a41-854c-a114f6f8a608,HORROR,1h 46m,D17+,2D,2026-05-21,be046977-de63-4d3b-a8f3-032eb513b5a5,2026-05-21T00:30:41.621052
6457f379-5960-4b2c-90e6-cf761e8e46af,"AYAH, INI ARAHNYA KEMANA, YA?",cinepolis,,47fccbc0-f843-4918-ad66-28fcef4aa048,DRAMA,1h 43m,13+,2D,2026-05-21,a6aeeaa6-b635-496f-9d10-15e0d72f3bd2,2026-05-21T00:30:41.622270
6457f379-5960-4b2c-90e6-cf761e8e46af,BADUT GENDONG,cinepolis,,3c747edf-0b24-47d3-a687-cce565db1452,HORROR,1h 41m,D17+,2D,2026-05-21,b24d7148-dbfd-49a2-a182-3ce4ff9aa8fa,2026-05-21T00:30:42.690898
b368dd1e-326e-4353-99e8-b1ebdbaf33aa,STAR WARS: THE MANDALORIAN AND GROGU,cinepolis,,488b0e44-9328-4660-827f-bf3341602b6d,FANTASY,2h 12m,13+,2D,2026-05-21,12efdcfc-6566-47ac-9974-100f483840ac,2026-05-21T00:30:47.668491
b368dd1e-326e-4353-99e8-b1ebdbaf33aa,TUMBAL PROYEK,cinepolis,,0b14c075-63cc-4a3b-b0a7-a3578ae1590b,HORROR,1h 46m,D17+,2D,2026-05-21,8fadffe4-df8c-4639-9cb2-185a0e98898e,2026-05-21T00:30:47.670043
b368dd1e-326e-4353-99e8-b1ebdbaf33aa,SEMUA AKAN BAIK-BAIK SAJA,cinepolis,,cae94e25-4386-417b-8bdf-0dea2d0b0c71,DRAMA,1h 53m,13+,2D,2026-05-21,cc804c32-0f60-453c-875a-54caaf0501cc,2026-05-21T00:30:47.671609
b368dd1e-326e-4353-99e8-b1ebdbaf33aa,GUDANG MERICA,cinepolis,,0e87a4c9-10fb-496b-b0a4-4d60d71c222d,COMEDY,1h 38m,D17+,2D,2026-05-21,784ae612-11b1-41f7-a380-912207c870ea,2026-05-21T00:30:47.672880
b368dd1e-326e-4353-99e8-b1ebdbaf33aa,MORTAL KOMBAT II,cinepolis,,420e1f44-2534-4ed9-9d6f-84cf6406d5a8,ACTION,1h 56m,D17+,2D,2026-05-21,87785356-68b7-49da-b7ce-e4b82b5c1245,2026-05-21T00:30:47.673900
b368dd1e-326e-4353-99e8-b1ebdbaf33aa,"AYAH, INI ARAHNYA KEMANA, YA?",cinepolis,,47fccbc0-f843-4918-ad66-28fcef4aa048,DRAMA,1h 43m,13+,2D,2026-05-21,5be739af-4c3f-4dcd-88b7-b4a2051252c8,2026-05-21T00:30:47.674867
b368dd1e-326e-4353-99e8-b1ebdbaf33aa,THE KING`S WARDEN,cinepolis,,65881b59-8a2d-43fe-b61c-5d8b58e2b312,DRAMA,1h 57m,13+,2D,2026-05-21,cd9a0630-d99b-414f-89e7-ff821871ba15,2026-05-21T00:30:47.854315
b368dd1e-326e-4353-99e8-b1ebdbaf33aa,THE DEVIL WEARS PRADA 2,cinepolis,,97d5d4ac-9e2f-476f-a0ee-729bdefb04b1,COMEDY,1h 59m,13+,2D,2026-05-21,1dbc5e9d-5933-43e0-8baf-35d1e045ca21,2026-05-21T00:30:49.252318
b368dd1e-326e-4353-99e8-b1ebdbaf33aa,THE SHEEP DETECTIVES,cinepolis,,71865891-a162-4fb5-bcc1-eda6d7edf3e9,COMEDY,1h 49m,SU,2D,2026-05-21,d8485132-234e-4cae-9c0e-5d36fa89aa33,2026-05-21T00:30:49.253792
b368dd1e-326e-4353-99e8-b1ebdbaf33aa,DILAN ITB 1997,cinepolis,,7afc861e-8f49-4790-9cc5-64ea19b1b0e5,ROMANCE,1h 50m,13+,2D,2026-05-21,cea80eb9-22c9-42e2-a5b0-3825ca2703e7,2026-05-21T00:30:50.788287
7390214e-88ba-4866-bc42-846ef798befd,STAR WARS: THE MANDALORIAN AND GROGU,cinepolis,,488b0e44-9328-4660-827f-bf3341602b6d,FANTASY,2h 12m,13+,2D,2026-05-21,6c509b1d-4ac5-4966-baf2-daa86923f220,2026-05-21T00:30:53.788667
7390214e-88ba-4866-bc42-846ef798befd,TUMBAL PROYEK,cinepolis,,0b14c075-63cc-4a3b-b0a7-a3578ae1590b,HORROR,1h 46m,D17+,2D,2026-05-21,b5b790ce-94b3-470d-8463-51f9a5d1d89d,2026-05-21T00:30:53.789789
7390214e-88ba-4866-bc42-846ef798befd,SEMUA AKAN BAIK-BAIK SAJA,cinepolis,,cae94e25-4386-417b-8bdf-0dea2d0b0c71,DRAMA,1h 53m,13+,2D,2026-05-21,98846f3d-34b7-40a5-8339-ec01b67b9011,2026-05-21T00:30:53.790927
7390214e-88ba-4866-bc42-846ef798befd,GUDANG MERICA,cinepolis,,0e87a4c9-10fb-496b-b0a4-4d60d71c222d,COMEDY,1h 38m,D17+,2D,2026-05-21,099960a2-0fd8-43ac-9eea-02839c14394d,2026-05-21T00:30:53.791959
7390214e-88ba-4866-bc42-846ef798befd,"AYAH, INI ARAHNYA KEMANA, YA?",cinepolis,,47fccbc0-f843-4918-ad66-28fcef4aa048,DRAMA,1h 43m,13+,2D,2026-05-21,a0c0db12-5185-4199-84f2-1b4438207217,2026-05-21T00:30:53.792962
7390214e-88ba-4866-bc42-846ef798befd,KAMU HARUS MATI,cinepolis,,0f594831-b664-4fac-b9aa-1195a73b2b84,HORROR,1h 30m,13+,2D,2026-05-21,01076e5e-b950-4772-a545-d26558e99e5d,2026-05-21T00:30:54.047121
6a56a71e-e12f-460f-86cc-294e8ae5e7a2,STAR WARS: THE MANDALORIAN AND GROGU,cinepolis,,488b0e44-9328-4660-827f-bf3341602b6d,FANTASY,2h 12m,13+,2D,2026-05-21,f96550f1-59e4-469a-824d-710fd427e0ce,2026-05-21T00:30:59.926122
6a56a71e-e12f-460f-86cc-294e8ae5e7a2,TUMBAL PROYEK,cinepolis,,0b14c075-63cc-4a3b-b0a7-a3578ae1590b,HORROR,1h 46m,D17+,2D,2026-05-21,0d36daf6-cc5f-4ce2-937d-a067fe0df92f,2026-05-21T00:30:59.927359
6a56a71e-e12f-460f-86cc-294e8ae5e7a2,MORTAL KOMBAT II,cinepolis,,420e1f44-2534-4ed9-9d6f-84cf6406d5a8,ACTION,1h 56m,D17+,2D,2026-05-21,58a56b22-b0e6-4f2c-9ca8-f6922d2d1a79,2026-05-21T00:30:59.928503
6a56a71e-e12f-460f-86cc-294e8ae5e7a2,YANG LAIN BOLEH HILANG ASAL KAU JANGAN,cinepolis,,ff59e4ab-92e1-4aa6-bfd8-ab6521930738,DRAMA,1h 53m,13+,2D,2026-05-21,a57a898a-cebd-4f96-8724-e635588576c1,2026-05-21T00:30:59.929740
3424b34f-e180-4f0d-b311-647cb893081f,STAR WARS: THE MANDALORIAN AND GROGU,cinepolis,,488b0e44-9328-4660-827f-bf3341602b6d,FANTASY,2h 12m,13+,3D,2026-05-21,db6567b3-e734-4765-b265-ee8158835df3,2026-05-21T00:31:06.005157
3424b34f-e180-4f0d-b311-647cb893081f,STAR WARS: THE MANDALORIAN AND GROGU,cinepolis,,488b0e44-9328-4660-827f-bf3341602b6d,FANTASY,2h 12m,13+,2D,2026-05-21,4ec0ce1b-1c6e-4b92-aead-cd0ab6419665,2026-05-21T00:31:06.005196
3424b34f-e180-4f0d-b311-647cb893081f,TUMBAL PROYEK,cinepolis,,0b14c075-63cc-4a3b-b0a7-a3578ae1590b,HORROR,1h 46m,D17+,2D,2026-05-21,4f0e8a01-7f17-43a4-b754-c41a38fc8e35,2026-05-21T00:31:06.005907
3424b34f-e180-4f0d-b311-647cb893081f,KELUARGA SUAMI ADALAH HAMA,cinepolis,,6a227c4d-1483-455f-842b-37ab7ddccdc2,DRAMA,1h 57m,13+,2D,2026-05-21,52eae4ac-8ad7-489a-99d9-05895f8dc3aa,2026-05-21T00:31:06.006680
3424b34f-e180-4f0d-b311-647cb893081f,SEMUA AKAN BAIK-BAIK SAJA,cinepolis,,cae94e25-4386-417b-8bdf-0dea2d0b0c71,DRAMA,1h 53m,13+,2D,2026-05-21,821e4676-b6fc-4e2f-9965-e3f3ce1e6913,2026-05-21T00:31:06.007357
3424b34f-e180-4f0d-b311-647cb893081f,GUDANG MERICA,cinepolis,,0e87a4c9-10fb-496b-b0a4-4d60d71c222d,COMEDY,1h 38m,D17+,2D,2026-05-21,f643171a-17df-42da-a2c1-8d27d8199c2a,2026-05-21T00:31:06.007960
3424b34f-e180-4f0d-b311-647cb893081f,PEGASUS 3,cinepolis,,8f125633-ac6b-459d-afbc-d1a0e529da32,ACTION,2h 6m,13+,2D,2026-05-21,b5c1f2ec-4bf8-48c8-beca-cd23217133a8,2026-05-21T00:31:06.008796
3424b34f-e180-4f0d-b311-647cb893081f,SUNSHINE WOMEN`S CHOIR,cinepolis,,33062671-0ce9-4273-90a4-86ac43173ab4,COMEDY,2h 14m,13+,2D,2026-05-21,3b82c094-6f47-442a-84fa-f6140515dd9d,2026-05-21T00:31:06.009634
3424b34f-e180-4f0d-b311-647cb893081f,"AYAH, INI ARAHNYA KEMANA, YA?",cinepolis,,47fccbc0-f843-4918-ad66-28fcef4aa048,DRAMA,1h 43m,13+,2D,2026-05-21,a3d48937-96b5-462c-b9ff-9b0035ab1063,2026-05-21T00:31:06.010232
3424b34f-e180-4f0d-b311-647cb893081f,DILAN ITB 1997,cinepolis,,7afc861e-8f49-4790-9cc5-64ea19b1b0e5,ROMANCE,1h 50m,13+,2D,2026-05-21,5d44a0fe-8a68-4ed4-9e5e-5eb2346010a0,2026-05-21T00:31:06.010813
deacf275-f0fb-4bfd-bda1-ba99958694ee,STAR WARS: THE MANDALORIAN AND GROGU,cinepolis,,488b0e44-9328-4660-827f-bf3341602b6d,FANTASY,2h 12m,13+,3D,2026-05-21,bae73f39-7ca1-4308-8871-91b814e65427,2026-05-21T00:31:11.229712
deacf275-f0fb-4bfd-bda1-ba99958694ee,STAR WARS: THE MANDALORIAN AND GROGU,cinepolis,,488b0e44-9328-4660-827f-bf3341602b6d,FANTASY,2h 12m,13+,2D,2026-05-21,f711c5df-cae2-4270-9ad6-5c2ae12eec2a,2026-05-21T00:31:11.229750
deacf275-f0fb-4bfd-bda1-ba99958694ee,TUMBAL PROYEK,cinepolis,,0b14c075-63cc-4a3b-b0a7-a3578ae1590b,HORROR,1h 46m,D17+,2D,2026-05-21,6ea300cd-deac-4af4-a869-e18fa0fc023b,2026-05-21T00:31:11.230516
deacf275-f0fb-4bfd-bda1-ba99958694ee,SEMUA AKAN BAIK-BAIK SAJA,cinepolis,,cae94e25-4386-417b-8bdf-0dea2d0b0c71,DRAMA,1h 53m,13+,2D,2026-05-21,1a75d315-cc96-4637-ab53-78f37c5f86a7,2026-05-21T00:31:11.231240
deacf275-f0fb-4bfd-bda1-ba99958694ee,GUDANG MERICA,cinepolis,,0e87a4c9-10fb-496b-b0a4-4d60d71c222d,COMEDY,1h 38m,D17+,2D,2026-05-21,dda9e3b3-d2c7-4ee3-9539-e040cc1a7846,2026-05-21T00:31:11.231963
deacf275-f0fb-4bfd-bda1-ba99958694ee,GHOST IN THE CELL,cinepolis,,1859bb5f-f638-4a41-854c-a114f6f8a608,HORROR,1h 46m,D17+,2D,2026-05-21,b2bb5228-a952-4ea9-ada4-1702ac7ad540,2026-05-21T00:31:11.232754
deacf275-f0fb-4bfd-bda1-ba99958694ee,MORTAL KOMBAT II,cinepolis,,420e1f44-2534-4ed9-9d6f-84cf6406d5a8,ACTION,1h 56m,D17+,2D,2026-05-21,5d73687d-2038-46f9-b5c0-061b5eed40c5,2026-05-21T00:31:11.233795
deacf275-f0fb-4bfd-bda1-ba99958694ee,GOHAN,cinepolis,,15718ddd-e8db-449b-9313-73b98733d485,DRAMA,2h 20m,SU,2D,2026-05-21,39036c46-fad8-4add-a25a-0a44e742070e,2026-05-21T00:31:11.234978
deacf275-f0fb-4bfd-bda1-ba99958694ee,THE DEVIL WEARS PRADA 2,cinepolis,,97d5d4ac-9e2f-476f-a0ee-729bdefb04b1,COMEDY,1h 59m,13+,2D,2026-05-21,587b327f-fe10-4099-a957-8c158d9dc0d3,2026-05-21T00:31:11.236008
0082f280-3432-432e-9dc2-62af4ce826fb,STAR WARS: THE MANDALORIAN AND GROGU,cinepolis,,488b0e44-9328-4660-827f-bf3341602b6d,FANTASY,2h 12m,13+,2D,2026-05-21,5212026d-0fd4-4e28-9245-1f261d3efa87,2026-05-21T00:31:16.457665
0082f280-3432-432e-9dc2-62af4ce826fb,TUMBAL PROYEK,cinepolis,,0b14c075-63cc-4a3b-b0a7-a3578ae1590b,HORROR,1h 46m,D17+,2D,2026-05-21,c3b1c48b-1d86-4736-892b-af8916be8b79,2026-05-21T00:31:16.459348
0082f280-3432-432e-9dc2-62af4ce826fb,KELUARGA SUAMI ADALAH HAMA,cinepolis,,6a227c4d-1483-455f-842b-37ab7ddccdc2,DRAMA,1h 57m,13+,2D,2026-05-21,60666e2d-6020-4da7-92dd-d48d107bc931,2026-05-21T00:31:16.460497
0082f280-3432-432e-9dc2-62af4ce826fb,SEMUA AKAN BAIK-BAIK SAJA,cinepolis,,cae94e25-4386-417b-8bdf-0dea2d0b0c71,DRAMA,1h 53m,13+,2D,2026-05-21,48c27560-8224-49b1-ba22-1f0328d88cac,2026-05-21T00:31:16.461609
0082f280-3432-432e-9dc2-62af4ce826fb,GHOST IN THE CELL,cinepolis,,1859bb5f-f638-4a41-854c-a114f6f8a608,HORROR,1h 46m,D17+,2D,2026-05-21,aac6e18c-a957-4b48-828c-91fb82a05a78,2026-05-21T00:31:16.462201
0082f280-3432-432e-9dc2-62af4ce826fb,KAMU HARUS MATI,cinepolis,,0f594831-b664-4fac-b9aa-1195a73b2b84,HORROR,1h 30m,13+,2D,2026-05-21,8bbdcecc-6fef-4441-8117-ba0deb8bec19,2026-05-21T00:31:16.462795
060d8977-99c5-4421-b5cc-1fa935fe944b,STAR WARS: THE MANDALORIAN AND GROGU,cinepolis,,488b0e44-9328-4660-827f-bf3341602b6d,FANTASY,2h 12m,13+,2D,2026-05-21,40705d00-1470-4848-95d4-5a85ab18831f,2026-05-21T00:31:22.538366
060d8977-99c5-4421-b5cc-1fa935fe944b,TUMBAL PROYEK,cinepolis,,0b14c075-63cc-4a3b-b0a7-a3578ae1590b,HORROR,1h 46m,D17+,2D,2026-05-21,ff2c9f2e-7da0-43cb-9003-0240f3cfd335,2026-05-21T00:31:22.539605
060d8977-99c5-4421-b5cc-1fa935fe944b,KELUARGA SUAMI ADALAH HAMA,cinepolis,,6a227c4d-1483-455f-842b-37ab7ddccdc2,DRAMA,1h 57m,13+,2D,2026-05-21,15b24337-c578-412b-89dc-e2ca42ba1113,2026-05-21T00:31:22.544084
060d8977-99c5-4421-b5cc-1fa935fe944b,SEMUA AKAN BAIK-BAIK SAJA,cinepolis,,cae94e25-4386-417b-8bdf-0dea2d0b0c71,DRAMA,1h 53m,13+,2D,2026-05-21,23feeb19-466e-4c69-bf87-6e9bdb3b5e09,2026-05-21T00:31:22.545502
060d8977-99c5-4421-b5cc-1fa935fe944b,GUDANG MERICA,cinepolis,,0e87a4c9-10fb-496b-b0a4-4d60d71c222d,COMEDY,1h 38m,D17+,2D,2026-05-21,9b2d112f-3a62-4e9d-a043-e775714f642e,2026-05-21T00:31:22.546576
060d8977-99c5-4421-b5cc-1fa935fe944b,"AYAH, INI ARAHNYA KEMANA, YA?",cinepolis,,47fccbc0-f843-4918-ad66-28fcef4aa048,DRAMA,1h 43m,13+,2D,2026-05-21,53bb7a68-a754-4a9a-8743-c39b1692f7ad,2026-05-21T00:31:22.547495
060d8977-99c5-4421-b5cc-1fa935fe944b,YANG LAIN BOLEH HILANG ASAL KAU JANGAN,cinepolis,,ff59e4ab-92e1-4aa6-bfd8-ab6521930738,DRAMA,1h 53m,13+,2D,2026-05-21,2edaba3f-4e1a-4fcd-9711-6e078cff2ffc,2026-05-21T00:31:22.548386
638d2ca8-a859-4bd3-805f-9263a12f1625,STAR WARS: THE MANDALORIAN AND GROGU,cinepolis,,488b0e44-9328-4660-827f-bf3341602b6d,FANTASY,2h 12m,13+,3D,2026-05-21,9f172959-ec9f-42f4-9e86-c1fc6c71c895,2026-05-21T00:31:27.769917
638d2ca8-a859-4bd3-805f-9263a12f1625,STAR WARS: THE MANDALORIAN AND GROGU,cinepolis,,488b0e44-9328-4660-827f-bf3341602b6d,FANTASY,2h 12m,13+,2D,2026-05-21,cc89228c-77eb-4c56-a404-5abb44fbf2db,2026-05-21T00:31:27.769979
638d2ca8-a859-4bd3-805f-9263a12f1625,TUMBAL PROYEK,cinepolis,,0b14c075-63cc-4a3b-b0a7-a3578ae1590b,HORROR,1h 46m,D17+,2D,2026-05-21,0dc09bdc-a133-4cae-9efe-742b9eb11c7e,2026-05-21T00:31:27.771063
638d2ca8-a859-4bd3-805f-9263a12f1625,SEMUA AKAN BAIK-BAIK SAJA,cinepolis,,cae94e25-4386-417b-8bdf-0dea2d0b0c71,DRAMA,1h 53m,13+,2D,2026-05-21,8bd22edd-5698-46b3-a356-40ec753eeb5e,2026-05-21T00:31:27.772056
638d2ca8-a859-4bd3-805f-9263a12f1625,GUDANG MERICA,cinepolis,,0e87a4c9-10fb-496b-b0a4-4d60d71c222d,COMEDY,1h 38m,D17+,2D,2026-05-21,356192dd-2a64-4a59-b5c0-6966921deb13,2026-05-21T00:31:27.773084
638d2ca8-a859-4bd3-805f-9263a12f1625,PEGASUS 3,cinepolis,,8f125633-ac6b-459d-afbc-d1a0e529da32,ACTION,2h 6m,13+,2D,2026-05-21,d0641941-b7ec-44b1-9848-d93426e0f651,2026-05-21T00:31:27.774441
638d2ca8-a859-4bd3-805f-9263a12f1625,SUNSHINE WOMEN`S CHOIR,cinepolis,,33062671-0ce9-4273-90a4-86ac43173ab4,COMEDY,2h 14m,13+,2D,2026-05-21,99f87e1f-fd75-4e46-a0d1-3fb70b716a5d,2026-05-21T00:31:27.775452
638d2ca8-a859-4bd3-805f-9263a12f1625,MORTAL KOMBAT II,cinepolis,,420e1f44-2534-4ed9-9d6f-84cf6406d5a8,ACTION,1h 56m,D17+,2D,2026-05-21,afb9c552-d591-4794-8a8e-e45c19975900,2026-05-21T00:31:27.776664
638d2ca8-a859-4bd3-805f-9263a12f1625,YANG LAIN BOLEH HILANG ASAL KAU JANGAN,cinepolis,,ff59e4ab-92e1-4aa6-bfd8-ab6521930738,DRAMA,1h 53m,13+,2D,2026-05-21,e604dad2-8273-47d7-b50f-817df55d7002,2026-05-21T00:31:27.777841
638d2ca8-a859-4bd3-805f-9263a12f1625,GOHAN,cinepolis,,15718ddd-e8db-449b-9313-73b98733d485,DRAMA,2h 20m,SU,2D,2026-05-21,aea1bf14-1965-42bd-ae6d-33a02cb29617,2026-05-21T00:31:27.778826
638d2ca8-a859-4bd3-805f-9263a12f1625,SALMOKJI: WHISPERING WATER,cinepolis,,a71f8c7d-5bdf-4b91-b207-9acbafa2417a,HORROR,1h 35m,D17+,2D,2026-05-21,0e532780-bd08-43fd-9cfa-0a5ca37a0b0a,2026-05-21T00:31:27.779746
638d2ca8-a859-4bd3-805f-9263a12f1625,THE DEVIL WEARS PRADA 2,cinepolis,,97d5d4ac-9e2f-476f-a0ee-729bdefb04b1,COMEDY,1h 59m,13+,2D,2026-05-21,5264bf21-d5d6-4495-8214-f100219593f9,2026-05-21T00:31:27.780631
1b72d315-03a3-4abc-bf7f-6027c7ab50b4,STAR WARS: THE MANDALORIAN AND GROGU,cinepolis,,488b0e44-9328-4660-827f-bf3341602b6d,FANTASY,2h 12m,13+,3D,2026-05-21,5e4dc1d7-080e-4c02-916c-d733c0e8cf63,2026-05-21T00:31:32.985268
1b72d315-03a3-4abc-bf7f-6027c7ab50b4,STAR WARS: THE MANDALORIAN AND GROGU,cinepolis,,488b0e44-9328-4660-827f-bf3341602b6d,FANTASY,2h 12m,13+,2D,2026-05-21,69d6effb-4d22-4e31-bdd8-1e8f25f55022,2026-05-21T00:31:32.985440
1b72d315-03a3-4abc-bf7f-6027c7ab50b4,TUMBAL PROYEK,cinepolis,,0b14c075-63cc-4a3b-b0a7-a3578ae1590b,HORROR,1h 46m,D17+,2D,2026-05-21,1d9210ee-afef-430b-885e-3e9b8d98ae36,2026-05-21T00:31:32.986911
1b72d315-03a3-4abc-bf7f-6027c7ab50b4,KELUARGA SUAMI ADALAH HAMA,cinepolis,,6a227c4d-1483-455f-842b-37ab7ddccdc2,DRAMA,1h 57m,13+,2D,2026-05-21,b50e3d1e-5751-45d7-8102-5eb560c00e6d,2026-05-21T00:31:32.987968
1b72d315-03a3-4abc-bf7f-6027c7ab50b4,SEMUA AKAN BAIK-BAIK SAJA,cinepolis,,cae94e25-4386-417b-8bdf-0dea2d0b0c71,DRAMA,1h 53m,13+,2D,2026-05-21,92ec2fa4-a7fe-490a-a627-dc97d08c6e2d,2026-05-21T00:31:32.988903
1b72d315-03a3-4abc-bf7f-6027c7ab50b4,GUDANG MERICA,cinepolis,,0e87a4c9-10fb-496b-b0a4-4d60d71c222d,COMEDY,1h 38m,D17+,2D,2026-05-21,9ea061dc-36ac-4aa2-a50b-fc4d2179eec3,2026-05-21T00:31:32.989869
1b72d315-03a3-4abc-bf7f-6027c7ab50b4,PEGASUS 3,cinepolis,,8f125633-ac6b-459d-afbc-d1a0e529da32,ACTION,2h 6m,13+,2D,2026-05-21,b9224b7e-8dd3-4659-8002-14aaf9eec461,2026-05-21T00:31:32.990751
1b72d315-03a3-4abc-bf7f-6027c7ab50b4,SUNSHINE WOMEN`S CHOIR,cinepolis,,33062671-0ce9-4273-90a4-86ac43173ab4,COMEDY,2h 14m,13+,2D,2026-05-21,c7fc30f3-c525-466e-9ffc-df1c41fef361,2026-05-21T00:31:32.992755
1b72d315-03a3-4abc-bf7f-6027c7ab50b4,MORTAL KOMBAT II,cinepolis,,420e1f44-2534-4ed9-9d6f-84cf6406d5a8,ACTION,1h 56m,D17+,2D,2026-05-21,979cb0ee-be59-4ed5-b87c-3be37219d705,2026-05-21T00:31:32.993669
72daf931-67e4-42d6-8ec1-15aa805ddc98,STAR WARS: THE MANDALORIAN AND GROGU,cinepolis,,488b0e44-9328-4660-827f-bf3341602b6d,FANTASY,2h 12m,13+,3D,2026-05-21,a7043895-eac5-4c84-9d77-255102d04cc1,2026-05-21T00:31:39.155664
72daf931-67e4-42d6-8ec1-15aa805ddc98,STAR WARS: THE MANDALORIAN AND GROGU,cinepolis,,488b0e44-9328-4660-827f-bf3341602b6d,FANTASY,2h 12m,13+,2D,2026-05-21,09bd85b5-0700-4e54-9b7d-e7c366cd9ddc,2026-05-21T00:31:39.155714
72daf931-67e4-42d6-8ec1-15aa805ddc98,TUMBAL PROYEK,cinepolis,,0b14c075-63cc-4a3b-b0a7-a3578ae1590b,HORROR,1h 46m,D17+,2D,2026-05-21,5812306e-a903-49c1-b761-5a8f80fe8eb5,2026-05-21T00:31:39.156643
72daf931-67e4-42d6-8ec1-15aa805ddc98,KELUARGA SUAMI ADALAH HAMA,cinepolis,,6a227c4d-1483-455f-842b-37ab7ddccdc2,DRAMA,1h 57m,13+,2D,2026-05-21,da016680-a7d7-49cf-906b-0ceca20ef64d,2026-05-21T00:31:39.158260
72daf931-67e4-42d6-8ec1-15aa805ddc98,SEMUA AKAN BAIK-BAIK SAJA,cinepolis,,cae94e25-4386-417b-8bdf-0dea2d0b0c71,DRAMA,1h 53m,13+,2D,2026-05-21,da71862a-a709-4f39-b31b-6f40c44ea70e,2026-05-21T00:31:39.159287
72daf931-67e4-42d6-8ec1-15aa805ddc98,GUDANG MERICA,cinepolis,,0e87a4c9-10fb-496b-b0a4-4d60d71c222d,COMEDY,1h 38m,D17+,2D,2026-05-21,390db5ed-410b-43bf-8399-287439c1287b,2026-05-21T00:31:39.164026
72daf931-67e4-42d6-8ec1-15aa805ddc98,PEGASUS 3,cinepolis,,8f125633-ac6b-459d-afbc-d1a0e529da32,ACTION,2h 6m,13+,2D,2026-05-21,e140ff9c-f8a0-42c6-8cc9-58e5cc192adc,2026-05-21T00:31:39.164965
72daf931-67e4-42d6-8ec1-15aa805ddc98,SUNSHINE WOMEN`S CHOIR,cinepolis,,33062671-0ce9-4273-90a4-86ac43173ab4,COMEDY,2h 14m,13+,2D,2026-05-21,5bdfc2cb-e06e-4aa4-bb44-8c8b687990ac,2026-05-21T00:31:39.165780
72daf931-67e4-42d6-8ec1-15aa805ddc98,GHOST IN THE CELL,cinepolis,,1859bb5f-f638-4a41-854c-a114f6f8a608,HORROR,1h 46m,D17+,2D,2026-05-21,c5fd1448-0bcd-4350-af98-2570550216ea,2026-05-21T00:31:39.166595
72daf931-67e4-42d6-8ec1-15aa805ddc98,YANG LAIN BOLEH HILANG ASAL KAU JANGAN,cinepolis,,ff59e4ab-92e1-4aa6-bfd8-ab6521930738,DRAMA,1h 53m,13+,2D,2026-05-21,562005f6-1120-4edb-9e18-8922d9a9d3b4,2026-05-21T00:31:39.167376
72daf931-67e4-42d6-8ec1-15aa805ddc98,GOHAN,cinepolis,,15718ddd-e8db-449b-9313-73b98733d485,DRAMA,2h 20m,SU,2D,2026-05-21,2cd75441-9b92-404d-9c85-c8f5a8e7e426,2026-05-21T00:31:39.168159
72daf931-67e4-42d6-8ec1-15aa805ddc98,SALMOKJI: WHISPERING WATER,cinepolis,,a71f8c7d-5bdf-4b91-b207-9acbafa2417a,HORROR,1h 35m,D17+,2D,2026-05-21,0f740b31-bd32-4e73-9e1a-694d4bc1b8c3,2026-05-21T00:31:39.168922
98b23742-4fbd-4736-b6cb-e7f25bea6579,STAR WARS: THE MANDALORIAN AND GROGU,cinepolis,,488b0e44-9328-4660-827f-bf3341602b6d,FANTASY,2h 12m,13+,3D,2026-05-21,9e58f0ee-d2bc-43ca-9ccc-34bb00405edf,2026-05-21T00:31:44.378643
98b23742-4fbd-4736-b6cb-e7f25bea6579,STAR WARS: THE MANDALORIAN AND GROGU,cinepolis,,488b0e44-9328-4660-827f-bf3341602b6d,FANTASY,2h 12m,13+,2D,2026-05-21,0c02d832-bc0a-41be-ac8c-92f08dff52f3,2026-05-21T00:31:44.378703
98b23742-4fbd-4736-b6cb-e7f25bea6579,TUMBAL PROYEK,cinepolis,,0b14c075-63cc-4a3b-b0a7-a3578ae1590b,HORROR,1h 46m,D17+,2D,2026-05-21,9a9a6384-c0b1-42de-904c-552648867c2a,2026-05-21T00:31:44.379661
98b23742-4fbd-4736-b6cb-e7f25bea6579,KELUARGA SUAMI ADALAH HAMA,cinepolis,,6a227c4d-1483-455f-842b-37ab7ddccdc2,DRAMA,1h 57m,13+,2D,2026-05-21,a078e341-9003-4411-b0c4-dec8f8b974c7,2026-05-21T00:31:44.381929
98b23742-4fbd-4736-b6cb-e7f25bea6579,SEMUA AKAN BAIK-BAIK SAJA,cinepolis,,cae94e25-4386-417b-8bdf-0dea2d0b0c71,DRAMA,1h 53m,13+,2D,2026-05-21,3811b2f6-55af-47df-99d1-cfa1d727ed8e,2026-05-21T00:31:44.383080
98b23742-4fbd-4736-b6cb-e7f25bea6579,GUDANG MERICA,cinepolis,,0e87a4c9-10fb-496b-b0a4-4d60d71c222d,COMEDY,1h 38m,D17+,2D,2026-05-21,fbbbdcc8-06ec-4b1b-82dc-48aeb0851055,2026-05-21T00:31:44.384964
98b23742-4fbd-4736-b6cb-e7f25bea6579,PEGASUS 3,cinepolis,,8f125633-ac6b-459d-afbc-d1a0e529da32,ACTION,2h 6m,13+,2D,2026-05-21,5a4c4247-b720-4703-bb9f-39d16d18ac87,2026-05-21T00:31:44.386155
98b23742-4fbd-4736-b6cb-e7f25bea6579,SUNSHINE WOMEN`S CHOIR,cinepolis,,33062671-0ce9-4273-90a4-86ac43173ab4,COMEDY,2h 14m,13+,2D,2026-05-21,c9e06a63-39bd-4756-a161-1d254683f8e8,2026-05-21T00:31:44.387330
98b23742-4fbd-4736-b6cb-e7f25bea6579,GHOST IN THE CELL,cinepolis,,1859bb5f-f638-4a41-854c-a114f6f8a608,HORROR,1h 46m,D17+,2D,2026-05-21,b2590b19-a5d1-41ce-b214-d7daf446cb37,2026-05-21T00:31:44.388111
98b23742-4fbd-4736-b6cb-e7f25bea6579,"AYAH, INI ARAHNYA KEMANA, YA?",cinepolis,,47fccbc0-f843-4918-ad66-28fcef4aa048,DRAMA,1h 43m,13+,2D,2026-05-21,36958c99-d4e4-4214-92b9-f4d580d9085c,2026-05-21T00:31:44.388872
98b23742-4fbd-4736-b6cb-e7f25bea6579,YANG LAIN BOLEH HILANG ASAL KAU JANGAN,cinepolis,,ff59e4ab-92e1-4aa6-bfd8-ab6521930738,DRAMA,1h 53m,13+,2D,2026-05-21,c6af3bb6-354c-4ed0-a845-56eb3d40c1c1,2026-05-21T00:31:44.389623
f1569ac3-f54d-4cc3-a970-8062f0e88694,STAR WARS: THE MANDALORIAN AND GROGU,cinepolis,,488b0e44-9328-4660-827f-bf3341602b6d,FANTASY,2h 12m,13+,2D,2026-05-21,fc25f9af-9eab-44db-a971-ca5edd49a007,2026-05-21T00:31:50.568080
f1569ac3-f54d-4cc3-a970-8062f0e88694,TUMBAL PROYEK,cinepolis,,0b14c075-63cc-4a3b-b0a7-a3578ae1590b,HORROR,1h 46m,D17+,2D,2026-05-21,9ffc2d96-a6f3-4da5-b63e-c18beddc1a28,2026-05-21T00:31:50.569349
f1569ac3-f54d-4cc3-a970-8062f0e88694,KELUARGA SUAMI ADALAH HAMA,cinepolis,,6a227c4d-1483-455f-842b-37ab7ddccdc2,DRAMA,1h 57m,13+,2D,2026-05-21,5ccb702c-c849-445e-a0c9-051b5bf26b04,2026-05-21T00:31:50.570795
f1569ac3-f54d-4cc3-a970-8062f0e88694,SEMUA AKAN BAIK-BAIK SAJA,cinepolis,,cae94e25-4386-417b-8bdf-0dea2d0b0c71,DRAMA,1h 53m,13+,2D,2026-05-21,348f5d0e-3ece-4ef7-ac5b-b0265d4e930a,2026-05-21T00:31:50.572887
f1569ac3-f54d-4cc3-a970-8062f0e88694,GHOST IN THE CELL,cinepolis,,1859bb5f-f638-4a41-854c-a114f6f8a608,HORROR,1h 46m,D17+,2D,2026-05-21,429c39b2-4586-4210-a8df-590a09386fc5,2026-05-21T00:31:50.573969
f1569ac3-f54d-4cc3-a970-8062f0e88694,"AYAH, INI ARAHNYA KEMANA, YA?",cinepolis,,47fccbc0-f843-4918-ad66-28fcef4aa048,DRAMA,1h 43m,13+,2D,2026-05-21,a852505a-8f4e-4c92-895b-2908a91b4019,2026-05-21T00:31:50.574961
f1569ac3-f54d-4cc3-a970-8062f0e88694,KAMU HARUS MATI,cinepolis,,0f594831-b664-4fac-b9aa-1195a73b2b84,HORROR,1h 30m,13+,2D,2026-05-21,a72b2d90-9e4c-4524-8ee7-4b4e49eb9342,2026-05-21T00:31:50.575966
f1569ac3-f54d-4cc3-a970-8062f0e88694,THE KING`S WARDEN,cinepolis,,65881b59-8a2d-43fe-b61c-5d8b58e2b312,DRAMA,1h 57m,13+,2D,2026-05-21,3e3b2f43-65c5-4361-afa1-6221083bb6cf,2026-05-21T00:31:50.576961
fd2c98a0-6fe0-4bb0-adba-1e50e591ec99,STAR WARS: THE MANDALORIAN AND GROGU,cinepolis,,488b0e44-9328-4660-827f-bf3341602b6d,FANTASY,2h 12m,13+,2D,2026-05-21,fbce7bac-74b2-4197-adc6-7df450ed180a,2026-05-21T00:31:55.832672
fd2c98a0-6fe0-4bb0-adba-1e50e591ec99,TUMBAL PROYEK,cinepolis,,0b14c075-63cc-4a3b-b0a7-a3578ae1590b,HORROR,1h 46m,D17+,2D,2026-05-21,b5497312-9f1a-4ec6-a2f2-3916cf0bed6d,2026-05-21T00:31:55.833740
fd2c98a0-6fe0-4bb0-adba-1e50e591ec99,KELUARGA SUAMI ADALAH HAMA,cinepolis,,6a227c4d-1483-455f-842b-37ab7ddccdc2,DRAMA,1h 57m,13+,2D,2026-05-21,001682e7-0382-4850-8305-1cdff86b3d74,2026-05-21T00:31:55.834756
fd2c98a0-6fe0-4bb0-adba-1e50e591ec99,SEMUA AKAN BAIK-BAIK SAJA,cinepolis,,cae94e25-4386-417b-8bdf-0dea2d0b0c71,DRAMA,1h 53m,13+,2D,2026-05-21,d3ad9967-2793-43d0-b1b9-9197f8d8ca11,2026-05-21T00:31:55.836160
fd2c98a0-6fe0-4bb0-adba-1e50e591ec99,GUDANG MERICA,cinepolis,,0e87a4c9-10fb-496b-b0a4-4d60d71c222d,COMEDY,1h 38m,D17+,2D,2026-05-21,a2d153a4-16c9-48e0-b741-ed365148b884,2026-05-21T00:31:55.837145
fd2c98a0-6fe0-4bb0-adba-1e50e591ec99,"AYAH, INI ARAHNYA KEMANA, YA?",cinepolis,,47fccbc0-f843-4918-ad66-28fcef4aa048,DRAMA,1h 43m,13+,2D,2026-05-21,42eb5a5e-efdc-4179-bc6d-6461ebf4ed29,2026-05-21T00:31:55.838935
1a86c61b-8383-4e0b-8092-8039dcdcc786,STAR WARS: THE MANDALORIAN AND GROGU,cinepolis,,488b0e44-9328-4660-827f-bf3341602b6d,FANTASY,2h 12m,13+,2D,2026-05-21,39e3c31d-d209-49f8-be72-37e2d1b94e40,2026-05-21T00:32:01.055837
1a86c61b-8383-4e0b-8092-8039dcdcc786,TUMBAL PROYEK,cinepolis,,0b14c075-63cc-4a3b-b0a7-a3578ae1590b,HORROR,1h 46m,D17+,2D,2026-05-21,cf0baae1-63e0-48a5-8154-9835c06d395d,2026-05-21T00:32:01.056489
1a86c61b-8383-4e0b-8092-8039dcdcc786,KELUARGA SUAMI ADALAH HAMA,cinepolis,,6a227c4d-1483-455f-842b-37ab7ddccdc2,DRAMA,1h 57m,13+,2D,2026-05-21,ad3e0d85-6fd4-49f6-ac56-4efda1f570a8,2026-05-21T00:32:01.058389
1a86c61b-8383-4e0b-8092-8039dcdcc786,SEMUA AKAN BAIK-BAIK SAJA,cinepolis,,cae94e25-4386-417b-8bdf-0dea2d0b0c71,DRAMA,1h 53m,13+,2D,2026-05-21,305b3377-ce92-406b-8ca3-8defac04ea57,2026-05-21T00:32:01.059266
1a86c61b-8383-4e0b-8092-8039dcdcc786,GUDANG MERICA,cinepolis,,0e87a4c9-10fb-496b-b0a4-4d60d71c222d,COMEDY,1h 38m,D17+,2D,2026-05-21,3e6d2cd3-5abf-45e6-82b2-6438b8b3eb16,2026-05-21T00:32:01.059872
1a86c61b-8383-4e0b-8092-8039dcdcc786,PEGASUS 3,cinepolis,,8f125633-ac6b-459d-afbc-d1a0e529da32,ACTION,2h 6m,13+,2D,2026-05-21,865da74f-e61e-4085-ba49-3f46e2888d5d,2026-05-21T00:32:01.060429
1a86c61b-8383-4e0b-8092-8039dcdcc786,SUNSHINE WOMEN`S CHOIR,cinepolis,,33062671-0ce9-4273-90a4-86ac43173ab4,COMEDY,2h 14m,13+,2D,2026-05-21,0f0ca29d-7d34-4621-936e-2e36af87f3fa,2026-05-21T00:32:01.060963
1a86c61b-8383-4e0b-8092-8039dcdcc786,GHOST IN THE CELL,cinepolis,,1859bb5f-f638-4a41-854c-a114f6f8a608,HORROR,1h 46m,D17+,2D,2026-05-21,4529ebaf-12c8-4f81-a9ec-753178fd518e,2026-05-21T00:32:01.061490
1a86c61b-8383-4e0b-8092-8039dcdcc786,MORTAL KOMBAT II,cinepolis,,420e1f44-2534-4ed9-9d6f-84cf6406d5a8,ACTION,1h 56m,D17+,2D,2026-05-21,1c8b1366-59d8-40dc-b51d-5426666dc767,2026-05-21T00:32:01.062019
1a86c61b-8383-4e0b-8092-8039dcdcc786,YANG LAIN BOLEH HILANG ASAL KAU JANGAN,cinepolis,,ff59e4ab-92e1-4aa6-bfd8-ab6521930738,DRAMA,1h 53m,13+,2D,2026-05-21,467de28e-7a0b-4ab3-ab12-8b7a3ce04197,2026-05-21T00:32:01.062567
e24572c7-a414-4801-9729-4b17f2995b2e,STAR WARS: THE MANDALORIAN AND GROGU,cinepolis,,488b0e44-9328-4660-827f-bf3341602b6d,FANTASY,2h 12m,13+,2D,2026-05-21,94387361-270b-4bf9-88e1-1f815685f034,2026-05-21T00:32:07.187772
e24572c7-a414-4801-9729-4b17f2995b2e,TUMBAL PROYEK,cinepolis,,0b14c075-63cc-4a3b-b0a7-a3578ae1590b,HORROR,1h 46m,D17+,2D,2026-05-21,292d67a9-e78c-4396-bb9e-209ca8d4ae34,2026-05-21T00:32:07.189087
e24572c7-a414-4801-9729-4b17f2995b2e,KELUARGA SUAMI ADALAH HAMA,cinepolis,,6a227c4d-1483-455f-842b-37ab7ddccdc2,DRAMA,1h 57m,13+,2D,2026-05-21,5026b967-37c1-41bc-ae92-935faa5b7e28,2026-05-21T00:32:07.190101
e24572c7-a414-4801-9729-4b17f2995b2e,SEMUA AKAN BAIK-BAIK SAJA,cinepolis,,cae94e25-4386-417b-8bdf-0dea2d0b0c71,DRAMA,1h 53m,13+,2D,2026-05-21,91190612-4ded-4160-8fd8-6bea070f85cc,2026-05-21T00:32:07.191437
e24572c7-a414-4801-9729-4b17f2995b2e,GUDANG MERICA,cinepolis,,0e87a4c9-10fb-496b-b0a4-4d60d71c222d,COMEDY,1h 38m,D17+,2D,2026-05-21,cfde2ec5-fe99-49ce-bff0-31457a380ec5,2026-05-21T00:32:07.192365
e24572c7-a414-4801-9729-4b17f2995b2e,"AYAH, INI ARAHNYA KEMANA, YA?",cinepolis,,47fccbc0-f843-4918-ad66-28fcef4aa048,DRAMA,1h 43m,13+,2D,2026-05-21,6b2880bd-1aa3-4604-8153-39d443b41ff1,2026-05-21T00:32:07.193246
e24572c7-a414-4801-9729-4b17f2995b2e,YANG LAIN BOLEH HILANG ASAL KAU JANGAN,cinepolis,,ff59e4ab-92e1-4aa6-bfd8-ab6521930738,DRAMA,1h 53m,13+,2D,2026-05-21,d607bf7f-b8a0-4f3f-bd12-80dd475b0819,2026-05-21T00:32:07.195199
93e9a761-b2a8-4498-82d0-5c9e8fc7c1e9,STAR WARS: THE MANDALORIAN AND GROGU,cinepolis,,488b0e44-9328-4660-827f-bf3341602b6d,FANTASY,2h 12m,13+,2D,2026-05-21,7467c4a4-3aaf-47fc-b00b-87b878d051fe,2026-05-21T00:32:12.443012
93e9a761-b2a8-4498-82d0-5c9e8fc7c1e9,STAR WARS: THE MANDALORIAN AND GROGU,cinepolis,,488b0e44-9328-4660-827f-bf3341602b6d,FANTASY,2h 12m,13+,3D,2026-05-21,7e3d3cdf-0922-46c1-8a06-f8e4586912bd,2026-05-21T00:32:12.443109
93e9a761-b2a8-4498-82d0-5c9e8fc7c1e9,TUMBAL PROYEK,cinepolis,,0b14c075-63cc-4a3b-b0a7-a3578ae1590b,HORROR,1h 46m,D17+,2D,2026-05-21,053569f2-d633-464d-ab30-fca435627bee,2026-05-21T00:32:12.444905
93e9a761-b2a8-4498-82d0-5c9e8fc7c1e9,KELUARGA SUAMI ADALAH HAMA,cinepolis,,6a227c4d-1483-455f-842b-37ab7ddccdc2,DRAMA,1h 57m,13+,2D,2026-05-21,18ca4c3f-bac7-464d-8082-edf2a62960a8,2026-05-21T00:32:12.446189
93e9a761-b2a8-4498-82d0-5c9e8fc7c1e9,SEMUA AKAN BAIK-BAIK SAJA,cinepolis,,cae94e25-4386-417b-8bdf-0dea2d0b0c71,DRAMA,1h 53m,13+,2D,2026-05-21,02d8774e-c94d-4a69-bb63-b6b9a0109257,2026-05-21T00:32:12.447271
93e9a761-b2a8-4498-82d0-5c9e8fc7c1e9,GUDANG MERICA,cinepolis,,0e87a4c9-10fb-496b-b0a4-4d60d71c222d,COMEDY,1h 38m,D17+,2D,2026-05-21,32641176-d869-42d9-9388-8e59f8b7cd0d,2026-05-21T00:32:12.448090
93e9a761-b2a8-4498-82d0-5c9e8fc7c1e9,PEGASUS 3,cinepolis,,8f125633-ac6b-459d-afbc-d1a0e529da32,ACTION,2h 6m,13+,2D,2026-05-21,4503b3ae-6da2-46ef-9217-08352dc8ebaf,2026-05-21T00:32:12.448882
93e9a761-b2a8-4498-82d0-5c9e8fc7c1e9,SUNSHINE WOMEN`S CHOIR,cinepolis,,33062671-0ce9-4273-90a4-86ac43173ab4,COMEDY,2h 14m,13+,2D,2026-05-21,6c89b0be-bcca-4942-a3af-392a8cd4e4e0,2026-05-21T00:32:12.449674
93e9a761-b2a8-4498-82d0-5c9e8fc7c1e9,MORTAL KOMBAT II,cinepolis,,420e1f44-2534-4ed9-9d6f-84cf6406d5a8,ACTION,1h 56m,D17+,2D,2026-05-21,a4d4914b-fc3b-4f91-a06a-f24d74825253,2026-05-21T00:32:12.450771
93e9a761-b2a8-4498-82d0-5c9e8fc7c1e9,GOHAN,cinepolis,,15718ddd-e8db-449b-9313-73b98733d485,DRAMA,2h 20m,SU,2D,2026-05-21,f06c521a-fdc8-4c8f-b389-cd1720fab4c2,2026-05-21T00:32:12.451577
93e9a761-b2a8-4498-82d0-5c9e8fc7c1e9,THE SHEEP DETECTIVES,cinepolis,,71865891-a162-4fb5-bcc1-eda6d7edf3e9,COMEDY,1h 49m,SU,2D,2026-05-21,17385000-4c7c-4b91-b114-5e359a1e3eaa,2026-05-21T00:32:12.452277
4c4f6ac4-b20b-4f28-8a89-ae028feffcb0,STAR WARS: THE MANDALORIAN AND GROGU,cinepolis,,488b0e44-9328-4660-827f-bf3341602b6d,FANTASY,2h 12m,13+,2D,2026-05-21,43a96152-89b0-4282-ace4-7aaa7f429a67,2026-05-21T00:32:17.673295
4c4f6ac4-b20b-4f28-8a89-ae028feffcb0,STAR WARS: THE MANDALORIAN AND GROGU,cinepolis,,488b0e44-9328-4660-827f-bf3341602b6d,FANTASY,2h 12m,13+,3D,2026-05-21,ecd2fea5-7025-4971-8627-1a2e8e34873a,2026-05-21T00:32:17.673357
4c4f6ac4-b20b-4f28-8a89-ae028feffcb0,TUMBAL PROYEK,cinepolis,,0b14c075-63cc-4a3b-b0a7-a3578ae1590b,HORROR,1h 46m,D17+,2D,2026-05-21,cfa59c6d-82c7-4147-aa73-985a6e389720,2026-05-21T00:32:17.674561
4c4f6ac4-b20b-4f28-8a89-ae028feffcb0,PEGASUS 3,cinepolis,,8f125633-ac6b-459d-afbc-d1a0e529da32,ACTION,2h 6m,13+,2D,2026-05-21,44749ede-fc1d-4621-bd24-e5e128f12dbd,2026-05-21T00:32:17.675615
4c4f6ac4-b20b-4f28-8a89-ae028feffcb0,SUNSHINE WOMEN`S CHOIR,cinepolis,,33062671-0ce9-4273-90a4-86ac43173ab4,COMEDY,2h 14m,13+,2D,2026-05-21,95d84b83-0a15-46b7-ac78-e042543e3c08,2026-05-21T00:32:17.676632
4c4f6ac4-b20b-4f28-8a89-ae028feffcb0,GHOST IN THE CELL,cinepolis,,1859bb5f-f638-4a41-854c-a114f6f8a608,HORROR,1h 46m,D17+,2D,2026-05-21,01496539-660c-48ee-8f18-f23bf367c3df,2026-05-21T00:32:17.677611
4c4f6ac4-b20b-4f28-8a89-ae028feffcb0,MORTAL KOMBAT II,cinepolis,,420e1f44-2534-4ed9-9d6f-84cf6406d5a8,ACTION,1h 56m,D17+,2D,2026-05-21,fd172dd6-f3b7-4768-b924-507b66fde8fe,2026-05-21T00:32:17.678592
4c4f6ac4-b20b-4f28-8a89-ae028feffcb0,GOHAN,cinepolis,,15718ddd-e8db-449b-9313-73b98733d485,DRAMA,2h 20m,SU,2D,2026-05-21,55c725a6-9380-477d-a79b-2dfe4f7e7460,2026-05-21T00:32:17.679567
4c4f6ac4-b20b-4f28-8a89-ae028feffcb0,SALMOKJI: WHISPERING WATER,cinepolis,,a71f8c7d-5bdf-4b91-b207-9acbafa2417a,HORROR,1h 35m,D17+,2D,2026-05-21,0f2c4f63-503f-4d10-b25a-ba206d996be4,2026-05-21T00:32:17.680783
4c4f6ac4-b20b-4f28-8a89-ae028feffcb0,THE KING`S WARDEN,cinepolis,,65881b59-8a2d-43fe-b61c-5d8b58e2b312,DRAMA,1h 57m,13+,2D,2026-05-21,2fbc71f3-243f-4156-beb5-e8377b5d73bf,2026-05-21T00:32:17.681938
90a3df08-eaa7-401d-85b2-8cc63576d877,STAR WARS: THE MANDALORIAN AND GROGU,cinepolis,,488b0e44-9328-4660-827f-bf3341602b6d,FANTASY,2h 12m,13+,2D,2026-05-21,34b62c17-e900-4fae-8c0d-5fbe38c33362,2026-05-21T00:32:22.898613
90a3df08-eaa7-401d-85b2-8cc63576d877,TUMBAL PROYEK,cinepolis,,0b14c075-63cc-4a3b-b0a7-a3578ae1590b,HORROR,1h 46m,D17+,2D,2026-05-21,b28a9b9b-6eeb-4531-a34d-faca1a06ae64,2026-05-21T00:32:22.899749
90a3df08-eaa7-401d-85b2-8cc63576d877,SEMUA AKAN BAIK-BAIK SAJA,cinepolis,,cae94e25-4386-417b-8bdf-0dea2d0b0c71,DRAMA,1h 53m,13+,2D,2026-05-21,347ac5f8-5d02-4d10-84a1-c33e2888e813,2026-05-21T00:32:22.900794
90a3df08-eaa7-401d-85b2-8cc63576d877,GUDANG MERICA,cinepolis,,0e87a4c9-10fb-496b-b0a4-4d60d71c222d,COMEDY,1h 38m,D17+,2D,2026-05-21,ebbc0a9f-4617-4553-9271-152b6a4b626c,2026-05-21T00:32:22.901803
90a3df08-eaa7-401d-85b2-8cc63576d877,GHOST IN THE CELL,cinepolis,,1859bb5f-f638-4a41-854c-a114f6f8a608,HORROR,1h 46m,D17+,2D,2026-05-21,5fb175ca-1436-449d-a480-a6bfb7769ebc,2026-05-21T00:32:22.902928
90a3df08-eaa7-401d-85b2-8cc63576d877,YANG LAIN BOLEH HILANG ASAL KAU JANGAN,cinepolis,,ff59e4ab-92e1-4aa6-bfd8-ab6521930738,DRAMA,1h 53m,13+,2D,2026-05-21,0a8eafa3-dcf0-43a3-8260-2d193ee45dd5,2026-05-21T00:32:22.903778
90a3df08-eaa7-401d-85b2-8cc63576d877,TIBA TIBA SETAN,cinepolis,,1d967795-fc67-4246-984c-e494ece3054c,COMEDY,1h 53m,13+,2D,2026-05-21,3d2734db-0f8f-4faa-acc7-0e95731cdec5,2026-05-21T00:32:22.904784
6ba07641-3c13-4954-aea7-85e8ba555e45,STAR WARS: THE MANDALORIAN AND GROGU,cinepolis,,488b0e44-9328-4660-827f-bf3341602b6d,FANTASY,2h 12m,13+,2D,2026-05-21,cdbc63d9-0b02-4232-a1f0-7a1c479b7b50,2026-05-21T00:32:28.115574
6ba07641-3c13-4954-aea7-85e8ba555e45,TUMBAL PROYEK,cinepolis,,0b14c075-63cc-4a3b-b0a7-a3578ae1590b,HORROR,1h 46m,D17+,2D,2026-05-21,80cebe45-a581-496d-a47c-f48563284cba,2026-05-21T00:32:28.116691
6ba07641-3c13-4954-aea7-85e8ba555e45,SEMUA AKAN BAIK-BAIK SAJA,cinepolis,,cae94e25-4386-417b-8bdf-0dea2d0b0c71,DRAMA,1h 53m,13+,2D,2026-05-21,a8cd5529-6d36-4e53-b860-ffdbfda63fc0,2026-05-21T00:32:28.117904
6ba07641-3c13-4954-aea7-85e8ba555e45,GUDANG MERICA,cinepolis,,0e87a4c9-10fb-496b-b0a4-4d60d71c222d,COMEDY,1h 38m,D17+,2D,2026-05-21,ad4341b2-41ef-4073-af10-6b58116e0b2f,2026-05-21T00:32:28.118833
6ba07641-3c13-4954-aea7-85e8ba555e45,MORTAL KOMBAT II,cinepolis,,420e1f44-2534-4ed9-9d6f-84cf6406d5a8,ACTION,1h 56m,D17+,2D,2026-05-21,d9c32318-7f8c-47c3-9711-5da6d226d024,2026-05-21T00:32:28.119697
6ba07641-3c13-4954-aea7-85e8ba555e45,YANG LAIN BOLEH HILANG ASAL KAU JANGAN,cinepolis,,ff59e4ab-92e1-4aa6-bfd8-ab6521930738,DRAMA,1h 53m,13+,2D,2026-05-21,8831e989-ba83-415d-b433-2ec5f9e5953e,2026-05-21T00:32:28.121445
6ba07641-3c13-4954-aea7-85e8ba555e45,KAMU HARUS MATI,cinepolis,,0f594831-b664-4fac-b9aa-1195a73b2b84,HORROR,1h 30m,13+,2D,2026-05-21,fe0c1b82-89ef-40b3-841b-4d77f3b417f9,2026-05-21T00:32:28.123020
6ba07641-3c13-4954-aea7-85e8ba555e45,THE KING`S WARDEN,cinepolis,,65881b59-8a2d-43fe-b61c-5d8b58e2b312,DRAMA,1h 57m,13+,2D,2026-05-21,cf9a0b33-5dcf-4cad-add1-93f0e9386d13,2026-05-21T00:32:28.124400
6ba07641-3c13-4954-aea7-85e8ba555e45,THE SHEEP DETECTIVES,cinepolis,,71865891-a162-4fb5-bcc1-eda6d7edf3e9,COMEDY,1h 49m,SU,2D,2026-05-21,7eec0325-3eb6-4349-921e-8875832999bc,2026-05-21T00:32:28.125428
a104fad3-0c87-4d91-8d96-bd7e1959d5a3,STAR WARS: THE MANDALORIAN AND GROGU,cinepolis,,488b0e44-9328-4660-827f-bf3341602b6d,FANTASY,2h 12m,13+,3D,2026-05-21,82ce6303-c749-4d46-aeed-c4cfd131675f,2026-05-21T00:32:34.213257
a104fad3-0c87-4d91-8d96-bd7e1959d5a3,STAR WARS: THE MANDALORIAN AND GROGU,cinepolis,,488b0e44-9328-4660-827f-bf3341602b6d,FANTASY,2h 12m,13+,2D,2026-05-21,408faaab-ee90-4102-99b1-3340a0539240,2026-05-21T00:32:34.213317
a104fad3-0c87-4d91-8d96-bd7e1959d5a3,TUMBAL PROYEK,cinepolis,,0b14c075-63cc-4a3b-b0a7-a3578ae1590b,HORROR,1h 46m,D17+,2D,2026-05-21,ad9b3bbc-6f63-4500-8cff-d1fc54c2402f,2026-05-21T00:32:34.214390
a104fad3-0c87-4d91-8d96-bd7e1959d5a3,KELUARGA SUAMI ADALAH HAMA,cinepolis,,6a227c4d-1483-455f-842b-37ab7ddccdc2,DRAMA,1h 57m,13+,2D,2026-05-21,29c46426-a24b-48cf-83f9-960897f93cc5,2026-05-21T00:32:34.215468
a104fad3-0c87-4d91-8d96-bd7e1959d5a3,SEMUA AKAN BAIK-BAIK SAJA,cinepolis,,cae94e25-4386-417b-8bdf-0dea2d0b0c71,DRAMA,1h 53m,13+,2D,2026-05-21,887423e1-3e86-4563-bfae-85a5d0846e69,2026-05-21T00:32:34.216555
a104fad3-0c87-4d91-8d96-bd7e1959d5a3,GUDANG MERICA,cinepolis,,0e87a4c9-10fb-496b-b0a4-4d60d71c222d,COMEDY,1h 38m,D17+,2D,2026-05-21,f837b7eb-e7fb-4388-956a-cacf03a8164e,2026-05-21T00:32:34.217592
a104fad3-0c87-4d91-8d96-bd7e1959d5a3,PEGASUS 3,cinepolis,,8f125633-ac6b-459d-afbc-d1a0e529da32,ACTION,2h 6m,13+,2D,2026-05-21,384e5cc6-46f8-4adf-883d-0f3c802864dd,2026-05-21T00:32:34.218594
a104fad3-0c87-4d91-8d96-bd7e1959d5a3,SUNSHINE WOMEN`S CHOIR,cinepolis,,33062671-0ce9-4273-90a4-86ac43173ab4,COMEDY,2h 14m,13+,2D,2026-05-21,cad3eac7-19a4-42e5-87a7-4a5c4924b19d,2026-05-21T00:32:34.219745
a104fad3-0c87-4d91-8d96-bd7e1959d5a3,GHOST IN THE CELL,cinepolis,,1859bb5f-f638-4a41-854c-a114f6f8a608,HORROR,1h 46m,D17+,2D,2026-05-21,96185f9f-3104-4138-b020-f6e84ed6c4b5,2026-05-21T00:32:34.220734
a104fad3-0c87-4d91-8d96-bd7e1959d5a3,MORTAL KOMBAT II,cinepolis,,420e1f44-2534-4ed9-9d6f-84cf6406d5a8,ACTION,1h 56m,D17+,2D,2026-05-21,8793cb53-8434-462d-ac25-5676fb39bd01,2026-05-21T00:32:34.221690
a104fad3-0c87-4d91-8d96-bd7e1959d5a3,YANG LAIN BOLEH HILANG ASAL KAU JANGAN,cinepolis,,ff59e4ab-92e1-4aa6-bfd8-ab6521930738,DRAMA,1h 53m,13+,2D,2026-05-21,4eb7e6d9-5098-42ee-9855-4751d9a11de2,2026-05-21T00:32:34.222603
a104fad3-0c87-4d91-8d96-bd7e1959d5a3,GOHAN,cinepolis,,15718ddd-e8db-449b-9313-73b98733d485,DRAMA,2h 20m,SU,2D,2026-05-21,218b8329-fc95-4d9a-9532-47218b1066c6,2026-05-21T00:32:34.223454
f9971062-7497-4710-aaaa-59b71e745dfa,STAR WARS: THE MANDALORIAN AND GROGU,cinepolis,,488b0e44-9328-4660-827f-bf3341602b6d,FANTASY,2h 12m,13+,3D,2026-05-21,4b6d5d70-75ab-4b25-8641-26b9560bcf87,2026-05-21T00:32:40.302529
f9971062-7497-4710-aaaa-59b71e745dfa,STAR WARS: THE MANDALORIAN AND GROGU,cinepolis,,488b0e44-9328-4660-827f-bf3341602b6d,FANTASY,2h 12m,13+,2D,2026-05-21,cb7fadcd-b1a8-449e-bdac-fe756ded8bd4,2026-05-21T00:32:40.302700
f9971062-7497-4710-aaaa-59b71e745dfa,TUMBAL PROYEK,cinepolis,,0b14c075-63cc-4a3b-b0a7-a3578ae1590b,HORROR,1h 46m,D17+,2D,2026-05-21,9803e351-1f3a-482b-ac1a-7f12cad96c55,2026-05-21T00:32:40.304771
f9971062-7497-4710-aaaa-59b71e745dfa,SEMUA AKAN BAIK-BAIK SAJA,cinepolis,,cae94e25-4386-417b-8bdf-0dea2d0b0c71,DRAMA,1h 53m,13+,2D,2026-05-21,5754437e-d697-457e-b739-1c466c3ba1f4,2026-05-21T00:32:40.306195
f9971062-7497-4710-aaaa-59b71e745dfa,GUDANG MERICA,cinepolis,,0e87a4c9-10fb-496b-b0a4-4d60d71c222d,COMEDY,1h 38m,D17+,2D,2026-05-21,be60b572-93b0-4e21-aa6f-4a7d1641f2de,2026-05-21T00:32:40.307150
f9971062-7497-4710-aaaa-59b71e745dfa,GHOST IN THE CELL,cinepolis,,1859bb5f-f638-4a41-854c-a114f6f8a608,HORROR,1h 46m,D17+,2D,2026-05-21,2b072b27-1992-42e8-8f79-4698fb080011,2026-05-21T00:32:40.308063
f9971062-7497-4710-aaaa-59b71e745dfa,MORTAL KOMBAT II,cinepolis,,420e1f44-2534-4ed9-9d6f-84cf6406d5a8,ACTION,1h 56m,D17+,2D,2026-05-21,6e1368b0-9f8a-4229-aadb-76bbf211475d,2026-05-21T00:32:40.308930
f9971062-7497-4710-aaaa-59b71e745dfa,"AYAH, INI ARAHNYA KEMANA, YA?",cinepolis,,47fccbc0-f843-4918-ad66-28fcef4aa048,DRAMA,1h 43m,13+,2D,2026-05-21,e3cf1f01-b34c-468c-9d94-64521e372a1b,2026-05-21T00:32:40.309825
f9971062-7497-4710-aaaa-59b71e745dfa,YANG LAIN BOLEH HILANG ASAL KAU JANGAN,cinepolis,,ff59e4ab-92e1-4aa6-bfd8-ab6521930738,DRAMA,1h 53m,13+,2D,2026-05-21,fe69aaf8-c11f-4df2-91d5-5471eb9958ba,2026-05-21T00:32:40.310905
f9971062-7497-4710-aaaa-59b71e745dfa,KAMU HARUS MATI,cinepolis,,0f594831-b664-4fac-b9aa-1195a73b2b84,HORROR,1h 30m,13+,2D,2026-05-21,21656744-3492-46d9-ad53-a49ec85610e3,2026-05-21T00:32:40.311760
f9971062-7497-4710-aaaa-59b71e745dfa,SALMOKJI: WHISPERING WATER,cinepolis,,a71f8c7d-5bdf-4b91-b207-9acbafa2417a,HORROR,1h 35m,D17+,2D,2026-05-21,43e01606-1290-427b-8dd2-c05b6e29cb6b,2026-05-21T00:32:40.312821
ee0063a7-505f-4922-96e8-661f2df61821,STAR WARS: THE MANDALORIAN AND GROGU,cinepolis,,488b0e44-9328-4660-827f-bf3341602b6d,FANTASY,2h 12m,13+,2D,2026-05-21,828770ab-1557-4520-a7d2-80f36ed30a7d,2026-05-21T00:32:45.582621
ee0063a7-505f-4922-96e8-661f2df61821,TUMBAL PROYEK,cinepolis,,0b14c075-63cc-4a3b-b0a7-a3578ae1590b,HORROR,1h 46m,D17+,2D,2026-05-21,296e62c9-cce0-4e71-b9de-df654e29c982,2026-05-21T00:32:45.584568
ee0063a7-505f-4922-96e8-661f2df61821,KELUARGA SUAMI ADALAH HAMA,cinepolis,,6a227c4d-1483-455f-842b-37ab7ddccdc2,DRAMA,1h 57m,13+,2D,2026-05-21,2f71393f-1c97-463e-aa84-3822a33fb4f9,2026-05-21T00:32:45.586455
ee0063a7-505f-4922-96e8-661f2df61821,SEMUA AKAN BAIK-BAIK SAJA,cinepolis,,cae94e25-4386-417b-8bdf-0dea2d0b0c71,DRAMA,1h 53m,13+,2D,2026-05-21,bee90b2a-56c7-451a-a1cd-70061f05ae5f,2026-05-21T00:32:45.587506
ee0063a7-505f-4922-96e8-661f2df61821,GUDANG MERICA,cinepolis,,0e87a4c9-10fb-496b-b0a4-4d60d71c222d,COMEDY,1h 38m,D17+,2D,2026-05-21,f5b663ca-730a-4b2c-8d12-6db9f5c167d0,2026-05-21T00:32:45.588522
ee0063a7-505f-4922-96e8-661f2df61821,PEGASUS 3,cinepolis,,8f125633-ac6b-459d-afbc-d1a0e529da32,ACTION,2h 6m,13+,2D,2026-05-21,86f471fd-40ef-42b5-8c91-15ede53729ac,2026-05-21T00:32:45.589507
ee0063a7-505f-4922-96e8-661f2df61821,SUNSHINE WOMEN`S CHOIR,cinepolis,,33062671-0ce9-4273-90a4-86ac43173ab4,COMEDY,2h 14m,13+,2D,2026-05-21,2d177733-5b57-4c39-8295-3d5164dc6cf7,2026-05-21T00:32:45.590471
ee0063a7-505f-4922-96e8-661f2df61821,"AYAH, INI ARAHNYA KEMANA, YA?",cinepolis,,47fccbc0-f843-4918-ad66-28fcef4aa048,DRAMA,1h 43m,13+,2D,2026-05-21,d23dd855-9972-46b7-9558-69ee5fd85936,2026-05-21T00:32:45.591436
ee0063a7-505f-4922-96e8-661f2df61821,THE KING`S WARDEN,cinepolis,,65881b59-8a2d-43fe-b61c-5d8b58e2b312,DRAMA,1h 57m,13+,2D,2026-05-21,a9d6c940-bdf3-4ff1-88df-fe532be27597,2026-05-21T00:32:45.592390
50fddf74-da8a-4ff9-86a8-8e291d1bfa4e,STAR WARS: THE MANDALORIAN AND GROGU,cinepolis,,488b0e44-9328-4660-827f-bf3341602b6d,FANTASY,2h 12m,13+,2D,2026-05-21,c41c3521-7a66-451d-bd72-d4fc7c308528,2026-05-21T00:32:51.978823
50fddf74-da8a-4ff9-86a8-8e291d1bfa4e,STAR WARS: THE MANDALORIAN AND GROGU,cinepolis,,488b0e44-9328-4660-827f-bf3341602b6d,FANTASY,2h 12m,13+,3D,2026-05-21,2171d9ba-d2c7-4e44-b809-0a3eb6335e58,2026-05-21T00:32:51.978887
50fddf74-da8a-4ff9-86a8-8e291d1bfa4e,TUMBAL PROYEK,cinepolis,,0b14c075-63cc-4a3b-b0a7-a3578ae1590b,HORROR,1h 46m,D17+,2D,2026-05-21,b8fcbbb6-6f95-4804-805c-3af14b270dac,2026-05-21T00:32:51.980302
50fddf74-da8a-4ff9-86a8-8e291d1bfa4e,KELUARGA SUAMI ADALAH HAMA,cinepolis,,6a227c4d-1483-455f-842b-37ab7ddccdc2,DRAMA,1h 57m,13+,2D,2026-05-21,8b1a1055-ed01-4798-9f6c-411474a57550,2026-05-21T00:32:51.981485
50fddf74-da8a-4ff9-86a8-8e291d1bfa4e,SEMUA AKAN BAIK-BAIK SAJA,cinepolis,,cae94e25-4386-417b-8bdf-0dea2d0b0c71,DRAMA,1h 53m,13+,2D,2026-05-21,b10b70f9-d5b4-4717-b92d-62b07de23a05,2026-05-21T00:32:51.983639
50fddf74-da8a-4ff9-86a8-8e291d1bfa4e,GUDANG MERICA,cinepolis,,0e87a4c9-10fb-496b-b0a4-4d60d71c222d,COMEDY,1h 38m,D17+,2D,2026-05-21,c53363e9-9c82-4369-a172-9cf6f872fe98,2026-05-21T00:32:51.984816
50fddf74-da8a-4ff9-86a8-8e291d1bfa4e,TIBA TIBA SETAN,cinepolis,,1d967795-fc67-4246-984c-e494ece3054c,COMEDY,1h 53m,13+,2D,2026-05-21,8beb7808-3f97-441b-95be-8466e7641729,2026-05-21T00:32:51.985944
d77dd353-a2db-4a76-91db-172d112936b2,STAR WARS: THE MANDALORIAN AND GROGU,cinepolis,,488b0e44-9328-4660-827f-bf3341602b6d,FANTASY,2h 12m,13+,2D,2026-05-21,89c56580-b449-4c2c-9a88-22663f354bba,2026-05-21T00:32:58.054359
d77dd353-a2db-4a76-91db-172d112936b2,TUMBAL PROYEK,cinepolis,,0b14c075-63cc-4a3b-b0a7-a3578ae1590b,HORROR,1h 46m,D17+,2D,2026-05-21,e1a7d2b5-c013-4229-ada1-72c8c7ca70bf,2026-05-21T00:32:58.055612
d77dd353-a2db-4a76-91db-172d112936b2,KELUARGA SUAMI ADALAH HAMA,cinepolis,,6a227c4d-1483-455f-842b-37ab7ddccdc2,DRAMA,1h 57m,13+,2D,2026-05-21,32fb6a31-5905-4f88-9d1a-2e93aa4fd169,2026-05-21T00:32:58.057901
d77dd353-a2db-4a76-91db-172d112936b2,SEMUA AKAN BAIK-BAIK SAJA,cinepolis,,cae94e25-4386-417b-8bdf-0dea2d0b0c71,DRAMA,1h 53m,13+,2D,2026-05-21,ec62e877-4ba5-4b56-a92a-f3087937b985,2026-05-21T00:32:58.059292
d77dd353-a2db-4a76-91db-172d112936b2,PEGASUS 3,cinepolis,,8f125633-ac6b-459d-afbc-d1a0e529da32,ACTION,2h 6m,13+,2D,2026-05-21,594abced-c642-4908-af12-27f6cc5f1b08,2026-05-21T00:32:58.061202
d77dd353-a2db-4a76-91db-172d112936b2,SUNSHINE WOMEN`S CHOIR,cinepolis,,33062671-0ce9-4273-90a4-86ac43173ab4,COMEDY,2h 14m,13+,2D,2026-05-21,36d1e32e-3d99-49d2-8aa2-8001795c8bf2,2026-05-21T00:32:58.062262
d77dd353-a2db-4a76-91db-172d112936b2,YANG LAIN BOLEH HILANG ASAL KAU JANGAN,cinepolis,,ff59e4ab-92e1-4aa6-bfd8-ab6521930738,DRAMA,1h 53m,13+,2D,2026-05-21,48577bf3-0a07-41e0-93c8-7208c68a2d85,2026-05-21T00:32:58.063265
d77dd353-a2db-4a76-91db-172d112936b2,DILAN ITB 1997,cinepolis,,7afc861e-8f49-4790-9cc5-64ea19b1b0e5,ROMANCE,1h 50m,13+,2D,2026-05-21,7d5b7b9e-e648-49a9-b6d2-db204f13b686,2026-05-21T00:32:58.064230
aa153ea5-9364-4324-b3ad-96ee5b26fe8a,STAR WARS: THE MANDALORIAN AND GROGU,cinepolis,,488b0e44-9328-4660-827f-bf3341602b6d,FANTASY,2h 12m,13+,3D,2026-05-21,de86148b-2af8-4df4-aa7e-69852d8f2fad,2026-05-21T00:33:04.249355
aa153ea5-9364-4324-b3ad-96ee5b26fe8a,STAR WARS: THE MANDALORIAN AND GROGU,cinepolis,,488b0e44-9328-4660-827f-bf3341602b6d,FANTASY,2h 12m,13+,2D,2026-05-21,66930ade-3843-49b9-9835-045a9e27d256,2026-05-21T00:33:04.249394
aa153ea5-9364-4324-b3ad-96ee5b26fe8a,TUMBAL PROYEK,cinepolis,,0b14c075-63cc-4a3b-b0a7-a3578ae1590b,HORROR,1h 46m,D17+,2D,2026-05-21,5583f3a8-99c7-4164-b240-7537f855a110,2026-05-21T00:33:04.250344
aa153ea5-9364-4324-b3ad-96ee5b26fe8a,SEMUA AKAN BAIK-BAIK SAJA,cinepolis,,cae94e25-4386-417b-8bdf-0dea2d0b0c71,DRAMA,1h 53m,13+,2D,2026-05-21,4b880e1c-9601-4aa7-a16f-5468e5eb774d,2026-05-21T00:33:04.251102
aa153ea5-9364-4324-b3ad-96ee5b26fe8a,GUDANG MERICA,cinepolis,,0e87a4c9-10fb-496b-b0a4-4d60d71c222d,COMEDY,1h 38m,D17+,2D,2026-05-21,3f0229bd-a0ed-4006-9596-a24837d4e542,2026-05-21T00:33:04.251830
aa153ea5-9364-4324-b3ad-96ee5b26fe8a,PEGASUS 3,cinepolis,,8f125633-ac6b-459d-afbc-d1a0e529da32,ACTION,2h 6m,13+,2D,2026-05-21,1499121f-ba0b-4122-8803-3e3c7742395a,2026-05-21T00:33:04.252559
aa153ea5-9364-4324-b3ad-96ee5b26fe8a,SUNSHINE WOMEN`S CHOIR,cinepolis,,33062671-0ce9-4273-90a4-86ac43173ab4,COMEDY,2h 14m,13+,2D,2026-05-21,f489c670-b221-4ed3-b9bc-43c51b542707,2026-05-21T00:33:04.253271
aa153ea5-9364-4324-b3ad-96ee5b26fe8a,GHOST IN THE CELL,cinepolis,,1859bb5f-f638-4a41-854c-a114f6f8a608,HORROR,1h 46m,D17+,2D,2026-05-21,44e16b43-063d-4018-bf62-6d97c611635b,2026-05-21T00:33:04.254003
aa153ea5-9364-4324-b3ad-96ee5b26fe8a,YANG LAIN BOLEH HILANG ASAL KAU JANGAN,cinepolis,,ff59e4ab-92e1-4aa6-bfd8-ab6521930738,DRAMA,1h 53m,13+,2D,2026-05-21,60d721a9-aab9-4e50-9bf2-0eb0ce8f8dcf,2026-05-21T00:33:04.254671
aa153ea5-9364-4324-b3ad-96ee5b26fe8a,SALMOKJI: WHISPERING WATER,cinepolis,,a71f8c7d-5bdf-4b91-b207-9acbafa2417a,HORROR,1h 35m,D17+,2D,2026-05-21,2cff7c55-162c-4f94-a695-a635bb1b6689,2026-05-21T00:33:04.255296
64ef2aaa-1513-4fe7-86fa-d8b788765400,STAR WARS: THE MANDALORIAN AND GROGU,cinepolis,,488b0e44-9328-4660-827f-bf3341602b6d,FANTASY,2h 12m,13+,2D,2026-05-21,1b425604-2213-4501-9758-a7c10379d30e,2026-05-21T00:33:09.485120
64ef2aaa-1513-4fe7-86fa-d8b788765400,STAR WARS: THE MANDALORIAN AND GROGU,cinepolis,,488b0e44-9328-4660-827f-bf3341602b6d,FANTASY,2h 12m,13+,3D,2026-05-21,1c968c55-274d-43d4-a092-b1fd49d45a97,2026-05-21T00:33:09.485198
64ef2aaa-1513-4fe7-86fa-d8b788765400,TUMBAL PROYEK,cinepolis,,0b14c075-63cc-4a3b-b0a7-a3578ae1590b,HORROR,1h 46m,D17+,2D,2026-05-21,e4d296c6-b19e-4d7d-963c-a784c592299b,2026-05-21T00:33:09.486470
64ef2aaa-1513-4fe7-86fa-d8b788765400,KELUARGA SUAMI ADALAH HAMA,cinepolis,,6a227c4d-1483-455f-842b-37ab7ddccdc2,DRAMA,1h 57m,13+,2D,2026-05-21,a6cb8c18-da0c-4c20-9704-22a6c301749b,2026-05-21T00:33:09.490712
64ef2aaa-1513-4fe7-86fa-d8b788765400,SEMUA AKAN BAIK-BAIK SAJA,cinepolis,,cae94e25-4386-417b-8bdf-0dea2d0b0c71,DRAMA,1h 53m,13+,2D,2026-05-21,4ccfad9f-ea71-423b-b923-87b11be1f201,2026-05-21T00:33:09.491799
64ef2aaa-1513-4fe7-86fa-d8b788765400,PEGASUS 3,cinepolis,,8f125633-ac6b-459d-afbc-d1a0e529da32,ACTION,2h 6m,13+,2D,2026-05-21,81832b75-235f-40fe-8459-25b6b8ad9025,2026-05-21T00:33:09.492861
64ef2aaa-1513-4fe7-86fa-d8b788765400,SUNSHINE WOMEN`S CHOIR,cinepolis,,33062671-0ce9-4273-90a4-86ac43173ab4,COMEDY,2h 14m,13+,2D,2026-05-21,22720c34-2745-4a7a-b49c-3c020e14fceb,2026-05-21T00:33:09.493951
64ef2aaa-1513-4fe7-86fa-d8b788765400,GHOST IN THE CELL,cinepolis,,1859bb5f-f638-4a41-854c-a114f6f8a608,HORROR,1h 46m,D17+,2D,2026-05-21,078907a4-3913-484f-8d5d-8cd12dda6a93,2026-05-21T00:33:09.494987
64ef2aaa-1513-4fe7-86fa-d8b788765400,"AYAH, INI ARAHNYA KEMANA, YA?",cinepolis,,47fccbc0-f843-4918-ad66-28fcef4aa048,DRAMA,1h 43m,13+,2D,2026-05-21,ccebb395-6e28-4b43-ace4-0cf910634248,2026-05-21T00:33:09.495994
64ef2aaa-1513-4fe7-86fa-d8b788765400,YANG LAIN BOLEH HILANG ASAL KAU JANGAN,cinepolis,,ff59e4ab-92e1-4aa6-bfd8-ab6521930738,DRAMA,1h 53m,13+,2D,2026-05-21,d85387c9-18c2-40ca-b2c2-4e91d56efe0d,2026-05-21T00:33:09.497964
105d4766-d876-4d3a-99ac-d3a9aa4c3013,STAR WARS: THE MANDALORIAN AND GROGU,cinepolis,,488b0e44-9328-4660-827f-bf3341602b6d,FANTASY,2h 12m,13+,3D,2026-05-21,aee8b0b9-72a6-4ffb-bdbb-c465217ce2e5,2026-05-21T00:33:15.655661
105d4766-d876-4d3a-99ac-d3a9aa4c3013,STAR WARS: THE MANDALORIAN AND GROGU,cinepolis,,488b0e44-9328-4660-827f-bf3341602b6d,FANTASY,2h 12m,13+,2D,2026-05-21,eb170701-399f-4117-a2b0-b6816f74b066,2026-05-21T00:33:15.655750
105d4766-d876-4d3a-99ac-d3a9aa4c3013,TUMBAL PROYEK,cinepolis,,0b14c075-63cc-4a3b-b0a7-a3578ae1590b,HORROR,1h 46m,D17+,2D,2026-05-21,10335c69-6da8-4558-98b0-179fa3deffd1,2026-05-21T00:33:15.656957
105d4766-d876-4d3a-99ac-d3a9aa4c3013,KELUARGA SUAMI ADALAH HAMA,cinepolis,,6a227c4d-1483-455f-842b-37ab7ddccdc2,DRAMA,1h 57m,13+,2D,2026-05-21,11f3f8d6-ffb7-4f9b-bd59-b8d62f676262,2026-05-21T00:33:15.658145
105d4766-d876-4d3a-99ac-d3a9aa4c3013,SEMUA AKAN BAIK-BAIK SAJA,cinepolis,,cae94e25-4386-417b-8bdf-0dea2d0b0c71,DRAMA,1h 53m,13+,2D,2026-05-21,b454bce6-a1e1-4f1d-bc2e-c2994f655aa4,2026-05-21T00:33:15.659210
105d4766-d876-4d3a-99ac-d3a9aa4c3013,GUDANG MERICA,cinepolis,,0e87a4c9-10fb-496b-b0a4-4d60d71c222d,COMEDY,1h 38m,D17+,2D,2026-05-21,6d83ab66-0d46-4388-9e1b-e51d37990c5f,2026-05-21T00:33:15.660330
105d4766-d876-4d3a-99ac-d3a9aa4c3013,GHOST IN THE CELL,cinepolis,,1859bb5f-f638-4a41-854c-a114f6f8a608,HORROR,1h 46m,D17+,2D,2026-05-21,8741ba67-1710-4ac5-94b2-43624e295640,2026-05-21T00:33:15.661279
105d4766-d876-4d3a-99ac-d3a9aa4c3013,"AYAH, INI ARAHNYA KEMANA, YA?",cinepolis,,47fccbc0-f843-4918-ad66-28fcef4aa048,DRAMA,1h 43m,13+,2D,2026-05-21,20796760-fdce-4972-8986-988faf2f1a83,2026-05-21T00:33:15.662444
105d4766-d876-4d3a-99ac-d3a9aa4c3013,TIBA TIBA SETAN,cinepolis,,1d967795-fc67-4246-984c-e494ece3054c,COMEDY,1h 53m,13+,2D,2026-05-21,2a86468f-2e24-4534-9c8e-6fc3ac6c7594,2026-05-21T00:33:15.663321
b75f1800-de66-4a6a-a562-b2aafa100f1d,STAR WARS: THE MANDALORIAN AND GROGU,cinepolis,,488b0e44-9328-4660-827f-bf3341602b6d,FANTASY,2h 12m,13+,2D,2026-05-21,d247db67-4018-40bd-9d1a-170afdf33878,2026-05-21T00:33:20.945793
b75f1800-de66-4a6a-a562-b2aafa100f1d,TUMBAL PROYEK,cinepolis,,0b14c075-63cc-4a3b-b0a7-a3578ae1590b,HORROR,1h 46m,D17+,2D,2026-05-21,7910e612-664a-4223-8704-acac0816a48e,2026-05-21T00:33:20.946975
b75f1800-de66-4a6a-a562-b2aafa100f1d,KELUARGA SUAMI ADALAH HAMA,cinepolis,,6a227c4d-1483-455f-842b-37ab7ddccdc2,DRAMA,1h 57m,13+,2D,2026-05-21,793603b9-eab9-46db-831a-667301c7d2b4,2026-05-21T00:33:20.947986
b75f1800-de66-4a6a-a562-b2aafa100f1d,SEMUA AKAN BAIK-BAIK SAJA,cinepolis,,cae94e25-4386-417b-8bdf-0dea2d0b0c71,DRAMA,1h 53m,13+,2D,2026-05-21,421ff3b1-ef53-4316-a504-b1236d3dd499,2026-05-21T00:33:20.949270
b75f1800-de66-4a6a-a562-b2aafa100f1d,GUDANG MERICA,cinepolis,,0e87a4c9-10fb-496b-b0a4-4d60d71c222d,COMEDY,1h 38m,D17+,2D,2026-05-21,736df428-e957-4f49-9cdf-933e319943e2,2026-05-21T00:33:20.950438
b75f1800-de66-4a6a-a562-b2aafa100f1d,PEGASUS 3,cinepolis,,8f125633-ac6b-459d-afbc-d1a0e529da32,ACTION,2h 6m,13+,2D,2026-05-21,7f003bda-9de7-406b-9160-dea8cd03124f,2026-05-21T00:33:20.951334
b75f1800-de66-4a6a-a562-b2aafa100f1d,SUNSHINE WOMEN`S CHOIR,cinepolis,,33062671-0ce9-4273-90a4-86ac43173ab4,COMEDY,2h 14m,13+,2D,2026-05-21,489846f9-b7da-49ab-a2a0-f80b1dedda80,2026-05-21T00:33:20.953540
b75f1800-de66-4a6a-a562-b2aafa100f1d,MORTAL KOMBAT II,cinepolis,,420e1f44-2534-4ed9-9d6f-84cf6406d5a8,ACTION,1h 56m,D17+,2D,2026-05-21,61aa18e0-f9de-49cc-8420-94a125d45220,2026-05-21T00:33:20.954827
b75f1800-de66-4a6a-a562-b2aafa100f1d,YANG LAIN BOLEH HILANG ASAL KAU JANGAN,cinepolis,,ff59e4ab-92e1-4aa6-bfd8-ab6521930738,DRAMA,1h 53m,13+,2D,2026-05-21,d7f0bf82-5031-4633-9df8-1d12c7869e3a,2026-05-21T00:33:20.956239
b75f1800-de66-4a6a-a562-b2aafa100f1d,GOHAN,cinepolis,,15718ddd-e8db-449b-9313-73b98733d485,DRAMA,2h 20m,SU,2D,2026-05-21,a54c2ed5-dc5d-4afe-9b1f-f5386609e422,2026-05-21T00:33:20.957015
1a61c0b5-ea07-4578-a36a-1eb265006774,STAR WARS: THE MANDALORIAN AND GROGU,cinepolis,,488b0e44-9328-4660-827f-bf3341602b6d,FANTASY,2h 12m,13+,2D,2026-05-21,7dca807a-4b1d-4371-965b-1d11ded2826b,2026-05-21T00:33:26.190668
1a61c0b5-ea07-4578-a36a-1eb265006774,TUMBAL PROYEK,cinepolis,,0b14c075-63cc-4a3b-b0a7-a3578ae1590b,HORROR,1h 46m,D17+,2D,2026-05-21,b48cf3c2-b8cc-42cf-a44f-72dd18c42b42,2026-05-21T00:33:26.191923
1a61c0b5-ea07-4578-a36a-1eb265006774,SEMUA AKAN BAIK-BAIK SAJA,cinepolis,,cae94e25-4386-417b-8bdf-0dea2d0b0c71,DRAMA,1h 53m,13+,2D,2026-05-21,9ac324b9-1cda-4147-b0de-af9c5ad63ea7,2026-05-21T00:33:26.193424
1a61c0b5-ea07-4578-a36a-1eb265006774,GUDANG MERICA,cinepolis,,0e87a4c9-10fb-496b-b0a4-4d60d71c222d,COMEDY,1h 38m,D17+,2D,2026-05-21,a4978ea3-e273-4c1a-8cd1-5e47ca1a4b22,2026-05-21T00:33:26.194649
1a61c0b5-ea07-4578-a36a-1eb265006774,"AYAH, INI ARAHNYA KEMANA, YA?",cinepolis,,47fccbc0-f843-4918-ad66-28fcef4aa048,DRAMA,1h 43m,13+,2D,2026-05-21,ee04a6fc-ac49-4ed0-bdbf-e5d2600efc35,2026-05-21T00:33:26.196650
1a61c0b5-ea07-4578-a36a-1eb265006774,THE KING`S WARDEN,cinepolis,,65881b59-8a2d-43fe-b61c-5d8b58e2b312,DRAMA,1h 57m,13+,2D,2026-05-21,4a7fe91a-a92d-4172-aaef-591523dd3a27,2026-05-21T00:33:26.197792
dc8ddf10-a3e5-41a4-9417-15513a8dd50d,STAR WARS: THE MANDALORIAN AND GROGU,cinepolis,,488b0e44-9328-4660-827f-bf3341602b6d,FANTASY,2h 12m,13+,2D,2026-05-21,f24b9195-044b-480b-848e-c76330f90f4f,2026-05-21T00:33:31.496203
dc8ddf10-a3e5-41a4-9417-15513a8dd50d,TUMBAL PROYEK,cinepolis,,0b14c075-63cc-4a3b-b0a7-a3578ae1590b,HORROR,1h 46m,D17+,2D,2026-05-21,15c95dc5-01d0-4ff6-830b-1b9bc7c5cdbc,2026-05-21T00:33:31.496998
dc8ddf10-a3e5-41a4-9417-15513a8dd50d,KELUARGA SUAMI ADALAH HAMA,cinepolis,,6a227c4d-1483-455f-842b-37ab7ddccdc2,DRAMA,1h 57m,13+,2D,2026-05-21,dcee209f-900b-4945-9b86-49a95b1b7848,2026-05-21T00:33:31.497726
dc8ddf10-a3e5-41a4-9417-15513a8dd50d,SEMUA AKAN BAIK-BAIK SAJA,cinepolis,,cae94e25-4386-417b-8bdf-0dea2d0b0c71,DRAMA,1h 53m,13+,2D,2026-05-21,96b36ddf-30f3-4236-9c2d-82d4b486d319,2026-05-21T00:33:31.498414
dc8ddf10-a3e5-41a4-9417-15513a8dd50d,PEGASUS 3,cinepolis,,8f125633-ac6b-459d-afbc-d1a0e529da32,ACTION,2h 6m,13+,2D,2026-05-21,cf02cba9-b92b-4403-b685-cfdd17d73fd0,2026-05-21T00:33:31.499410
dc8ddf10-a3e5-41a4-9417-15513a8dd50d,SUNSHINE WOMEN`S CHOIR,cinepolis,,33062671-0ce9-4273-90a4-86ac43173ab4,COMEDY,2h 14m,13+,2D,2026-05-21,c30b3753-c62c-4d8b-8f55-e17b17f5826b,2026-05-21T00:33:31.500077
dc8ddf10-a3e5-41a4-9417-15513a8dd50d,GHOST IN THE CELL,cinepolis,,1859bb5f-f638-4a41-854c-a114f6f8a608,HORROR,1h 46m,D17+,2D,2026-05-21,e2d56045-8e4c-4273-801d-6f36f05c2354,2026-05-21T00:33:31.500711
dc8ddf10-a3e5-41a4-9417-15513a8dd50d,MORTAL KOMBAT II,cinepolis,,420e1f44-2534-4ed9-9d6f-84cf6406d5a8,ACTION,1h 56m,D17+,2D,2026-05-21,8d415277-4da6-4ed4-b666-c9b588e7a384,2026-05-21T00:33:31.501335
7c902b96-f4b1-4646-abed-2221633fc00d,STAR WARS: THE MANDALORIAN AND GROGU,cinepolis,,488b0e44-9328-4660-827f-bf3341602b6d,FANTASY,2h 12m,13+,2D,2026-05-21,58f116b1-7c78-4894-8b59-b943d26c4b02,2026-05-21T00:33:37.905810
7c902b96-f4b1-4646-abed-2221633fc00d,STAR WARS: THE MANDALORIAN AND GROGU,cinepolis,,488b0e44-9328-4660-827f-bf3341602b6d,FANTASY,2h 12m,13+,3D,2026-05-21,f7b1078b-826d-40a5-bd4d-be74693b8c57,2026-05-21T00:33:37.905868
7c902b96-f4b1-4646-abed-2221633fc00d,TUMBAL PROYEK,cinepolis,,0b14c075-63cc-4a3b-b0a7-a3578ae1590b,HORROR,1h 46m,D17+,2D,2026-05-21,b1fef96f-2743-49d3-9611-5a3f4f1f51fa,2026-05-21T00:33:37.907022
7c902b96-f4b1-4646-abed-2221633fc00d,SEMUA AKAN BAIK-BAIK SAJA,cinepolis,,cae94e25-4386-417b-8bdf-0dea2d0b0c71,DRAMA,1h 53m,13+,2D,2026-05-21,9e757059-8792-4553-a3d9-c4241a6f8bbc,2026-05-21T00:33:37.908024
7c902b96-f4b1-4646-abed-2221633fc00d,PEGASUS 3,cinepolis,,8f125633-ac6b-459d-afbc-d1a0e529da32,ACTION,2h 6m,13+,2D,2026-05-21,6f799a2a-288f-4bc0-b2f6-ad815d267db0,2026-05-21T00:33:37.909220
7c902b96-f4b1-4646-abed-2221633fc00d,SUNSHINE WOMEN`S CHOIR,cinepolis,,33062671-0ce9-4273-90a4-86ac43173ab4,COMEDY,2h 14m,13+,2D,2026-05-21,26715332-0044-4af9-a2db-ceaef006e362,2026-05-21T00:33:37.910219
7c902b96-f4b1-4646-abed-2221633fc00d,MORTAL KOMBAT II,cinepolis,,420e1f44-2534-4ed9-9d6f-84cf6406d5a8,ACTION,1h 56m,D17+,2D,2026-05-21,45320edb-c45e-40fa-8c79-667a42396d68,2026-05-21T00:33:37.911609
7c902b96-f4b1-4646-abed-2221633fc00d,YANG LAIN BOLEH HILANG ASAL KAU JANGAN,cinepolis,,ff59e4ab-92e1-4aa6-bfd8-ab6521930738,DRAMA,1h 53m,13+,2D,2026-05-21,daccb903-6727-4f16-abda-502531aa07f3,2026-05-21T00:33:37.912530
7c902b96-f4b1-4646-abed-2221633fc00d,GOHAN,cinepolis,,15718ddd-e8db-449b-9313-73b98733d485,DRAMA,2h 20m,SU,2D,2026-05-21,5b7c0863-2b17-4e52-8bbe-04eebb3ee8ac,2026-05-21T00:33:37.913648
7c902b96-f4b1-4646-abed-2221633fc00d,SALMOKJI: WHISPERING WATER,cinepolis,,a71f8c7d-5bdf-4b91-b207-9acbafa2417a,HORROR,1h 35m,D17+,2D,2026-05-21,427c80e1-41b6-4bf9-bdda-9decb5656c2c,2026-05-21T00:33:37.915447
7c902b96-f4b1-4646-abed-2221633fc00d,THE KING`S WARDEN,cinepolis,,65881b59-8a2d-43fe-b61c-5d8b58e2b312,DRAMA,1h 57m,13+,2D,2026-05-21,1655f376-9018-451d-ab5a-5486f42fb8d8,2026-05-21T00:33:37.916659
7c902b96-f4b1-4646-abed-2221633fc00d,THE DEVIL WEARS PRADA 2,cinepolis,,97d5d4ac-9e2f-476f-a0ee-729bdefb04b1,COMEDY,1h 59m,13+,2D,2026-05-21,ba684a1d-a311-49fc-b5a9-ca46b609f6b2,2026-05-21T00:33:37.918226
7c902b96-f4b1-4646-abed-2221633fc00d,THE SHEEP DETECTIVES,cinepolis,,71865891-a162-4fb5-bcc1-eda6d7edf3e9,COMEDY,1h 49m,SU,2D,2026-05-21,d19023a3-8b20-4e12-be39-8460b493ce0c,2026-05-21T00:33:37.919129
7c902b96-f4b1-4646-abed-2221633fc00d,MICHAEL,cinepolis,,acb0af5f-900e-46dc-8df1-ca1241ed81df,DRAMA,2h 7m,SU,2D,2026-05-21,8f6ac9a2-a221-4609-a722-562897008875,2026-05-21T00:33:38.425813
5664ae20-c73b-4a53-932a-b89ecec40816,STAR WARS: THE MANDALORIAN AND GROGU,cinepolis,,488b0e44-9328-4660-827f-bf3341602b6d,FANTASY,2h 12m,13+,2D,2026-05-21,49f21e83-50a1-4992-9de6-225350c1b06d,2026-05-21T00:33:44.020957
5664ae20-c73b-4a53-932a-b89ecec40816,TUMBAL PROYEK,cinepolis,,0b14c075-63cc-4a3b-b0a7-a3578ae1590b,HORROR,1h 46m,D17+,2D,2026-05-21,c44a8771-1583-425b-b6e7-b2a978a5feae,2026-05-21T00:33:44.023827
5664ae20-c73b-4a53-932a-b89ecec40816,KELUARGA SUAMI ADALAH HAMA,cinepolis,,6a227c4d-1483-455f-842b-37ab7ddccdc2,DRAMA,1h 57m,13+,2D,2026-05-21,1a711c06-aee3-4861-86df-5982d02b90fd,2026-05-21T00:33:44.025815
5664ae20-c73b-4a53-932a-b89ecec40816,SEMUA AKAN BAIK-BAIK SAJA,cinepolis,,cae94e25-4386-417b-8bdf-0dea2d0b0c71,DRAMA,1h 53m,13+,2D,2026-05-21,96392f41-117c-4087-ae4a-32657f211637,2026-05-21T00:33:44.026644
5664ae20-c73b-4a53-932a-b89ecec40816,GUDANG MERICA,cinepolis,,0e87a4c9-10fb-496b-b0a4-4d60d71c222d,COMEDY,1h 38m,D17+,2D,2026-05-21,cdd45ab8-7795-4d9d-bc57-93f927fdd8af,2026-05-21T00:33:44.027452
5664ae20-c73b-4a53-932a-b89ecec40816,GHOST IN THE CELL,cinepolis,,1859bb5f-f638-4a41-854c-a114f6f8a608,HORROR,1h 46m,D17+,2D,2026-05-21,8f5264e0-1450-44f9-9b7f-2f515dcda3fc,2026-05-21T00:33:44.028246
5664ae20-c73b-4a53-932a-b89ecec40816,"AYAH, INI ARAHNYA KEMANA, YA?",cinepolis,,47fccbc0-f843-4918-ad66-28fcef4aa048,DRAMA,1h 43m,13+,2D,2026-05-21,a228f883-07a6-42f6-ae7b-a50aae30c209,2026-05-21T00:33:44.029052
5664ae20-c73b-4a53-932a-b89ecec40816,KAMU HARUS MATI,cinepolis,,0f594831-b664-4fac-b9aa-1195a73b2b84,HORROR,1h 30m,13+,2D,2026-05-21,1c5ae19e-57be-46e6-9a1a-eb37fac4bb65,2026-05-21T00:33:44.029893
89c58e02-d42d-4b3f-9610-bb3f25ce7a97,STAR WARS: THE MANDALORIAN AND GROGU,cinepolis,,488b0e44-9328-4660-827f-bf3341602b6d,FANTASY,2h 12m,13+,3D,2026-05-21,66cb877b-fa36-49d0-8996-96ed411f2c61,2026-05-21T00:33:50.191673
89c58e02-d42d-4b3f-9610-bb3f25ce7a97,STAR WARS: THE MANDALORIAN AND GROGU,cinepolis,,488b0e44-9328-4660-827f-bf3341602b6d,FANTASY,2h 12m,13+,2D,2026-05-21,e6f3dc0f-efed-4ea1-86ab-b75035832280,2026-05-21T00:33:50.191730
89c58e02-d42d-4b3f-9610-bb3f25ce7a97,TUMBAL PROYEK,cinepolis,,0b14c075-63cc-4a3b-b0a7-a3578ae1590b,HORROR,1h 46m,D17+,2D,2026-05-21,f97e320f-c90d-4b5c-9154-3edc947ac134,2026-05-21T00:33:50.194161
89c58e02-d42d-4b3f-9610-bb3f25ce7a97,KELUARGA SUAMI ADALAH HAMA,cinepolis,,6a227c4d-1483-455f-842b-37ab7ddccdc2,DRAMA,1h 57m,13+,2D,2026-05-21,1a5d61a4-6315-467e-90a8-2e2187a5c658,2026-05-21T00:33:50.195066
89c58e02-d42d-4b3f-9610-bb3f25ce7a97,SEMUA AKAN BAIK-BAIK SAJA,cinepolis,,cae94e25-4386-417b-8bdf-0dea2d0b0c71,DRAMA,1h 53m,13+,2D,2026-05-21,a1d898a9-d5d2-4ed8-ac87-d9da3ceb5e19,2026-05-21T00:33:50.195888
89c58e02-d42d-4b3f-9610-bb3f25ce7a97,GUDANG MERICA,cinepolis,,0e87a4c9-10fb-496b-b0a4-4d60d71c222d,COMEDY,1h 38m,D17+,2D,2026-05-21,024f443e-1da1-496f-8719-b97fad36bc65,2026-05-21T00:33:50.196689
89c58e02-d42d-4b3f-9610-bb3f25ce7a97,PEGASUS 3,cinepolis,,8f125633-ac6b-459d-afbc-d1a0e529da32,ACTION,2h 6m,13+,2D,2026-05-21,d6055c48-7fa0-480e-9c6c-3d3acf4a46e1,2026-05-21T00:33:50.197510
89c58e02-d42d-4b3f-9610-bb3f25ce7a97,SUNSHINE WOMEN`S CHOIR,cinepolis,,33062671-0ce9-4273-90a4-86ac43173ab4,COMEDY,2h 14m,13+,2D,2026-05-21,1d1571cd-4fc1-465c-8c86-11e28cfa6c20,2026-05-21T00:33:50.198288
89c58e02-d42d-4b3f-9610-bb3f25ce7a97,GHOST IN THE CELL,cinepolis,,1859bb5f-f638-4a41-854c-a114f6f8a608,HORROR,1h 46m,D17+,2D,2026-05-21,efbc7b26-9fed-462c-afcd-c0b7c288b204,2026-05-21T00:33:50.199405
89c58e02-d42d-4b3f-9610-bb3f25ce7a97,MORTAL KOMBAT II,cinepolis,,420e1f44-2534-4ed9-9d6f-84cf6406d5a8,ACTION,1h 56m,D17+,2D,2026-05-21,c96bf6e1-af0c-4476-b474-5695f053c986,2026-05-21T00:33:50.200501
89c58e02-d42d-4b3f-9610-bb3f25ce7a97,"AYAH, INI ARAHNYA KEMANA, YA?",cinepolis,,47fccbc0-f843-4918-ad66-28fcef4aa048,DRAMA,1h 43m,13+,2D,2026-05-21,c236816c-a492-418e-9a18-9dd09add52dc,2026-05-21T00:33:50.201289
89c58e02-d42d-4b3f-9610-bb3f25ce7a97,YANG LAIN BOLEH HILANG ASAL KAU JANGAN,cinepolis,,ff59e4ab-92e1-4aa6-bfd8-ab6521930738,DRAMA,1h 53m,13+,2D,2026-05-21,84bacc8a-a2f4-496a-8c8d-75b5f855d970,2026-05-21T00:33:50.202078
89c58e02-d42d-4b3f-9610-bb3f25ce7a97,THE KING`S WARDEN,cinepolis,,65881b59-8a2d-43fe-b61c-5d8b58e2b312,DRAMA,1h 57m,13+,2D,2026-05-21,5d84e17c-050e-47f3-8dba-34ac182e637b,2026-05-21T00:33:50.202794
c282e55a-3b08-424c-806f-47f600ddfcbb,STAR WARS: THE MANDALORIAN AND GROGU,cinepolis,,488b0e44-9328-4660-827f-bf3341602b6d,FANTASY,2h 12m,13+,3D,2026-05-21,fa826c08-9747-4cce-9ec1-79f9884ff045,2026-05-21T00:33:55.412478
c282e55a-3b08-424c-806f-47f600ddfcbb,STAR WARS: THE MANDALORIAN AND GROGU,cinepolis,,488b0e44-9328-4660-827f-bf3341602b6d,FANTASY,2h 12m,13+,2D,2026-05-21,afb0f1be-4db8-4703-b1d2-099cbb298bce,2026-05-21T00:33:55.412544
c282e55a-3b08-424c-806f-47f600ddfcbb,TUMBAL PROYEK,cinepolis,,0b14c075-63cc-4a3b-b0a7-a3578ae1590b,HORROR,1h 46m,D17+,2D,2026-05-21,3e0fe3c9-773a-461c-ac2c-099cc72daa6a,2026-05-21T00:33:55.413632
c282e55a-3b08-424c-806f-47f600ddfcbb,KELUARGA SUAMI ADALAH HAMA,cinepolis,,6a227c4d-1483-455f-842b-37ab7ddccdc2,DRAMA,1h 57m,13+,2D,2026-05-21,9f6dbfc2-a98f-41b1-8ebe-d9d7fa0b890b,2026-05-21T00:33:55.414685
c282e55a-3b08-424c-806f-47f600ddfcbb,SEMUA AKAN BAIK-BAIK SAJA,cinepolis,,cae94e25-4386-417b-8bdf-0dea2d0b0c71,DRAMA,1h 53m,13+,2D,2026-05-21,61c49b8f-63b8-4c54-86c6-aeb7e9d89836,2026-05-21T00:33:55.415753
c282e55a-3b08-424c-806f-47f600ddfcbb,GUDANG MERICA,cinepolis,,0e87a4c9-10fb-496b-b0a4-4d60d71c222d,COMEDY,1h 38m,D17+,2D,2026-05-21,07bcc93d-7bc5-45cc-9f9e-372875d7b0d8,2026-05-21T00:33:55.416727
c282e55a-3b08-424c-806f-47f600ddfcbb,PEGASUS 3,cinepolis,,8f125633-ac6b-459d-afbc-d1a0e529da32,ACTION,2h 6m,13+,2D,2026-05-21,449d3e4f-8b0c-4c39-ab13-0630f0be9a9d,2026-05-21T00:33:55.417578
c282e55a-3b08-424c-806f-47f600ddfcbb,SUNSHINE WOMEN`S CHOIR,cinepolis,,33062671-0ce9-4273-90a4-86ac43173ab4,COMEDY,2h 14m,13+,2D,2026-05-21,2288ea36-4b1b-4d81-b995-68f50d412984,2026-05-21T00:33:55.418410
c282e55a-3b08-424c-806f-47f600ddfcbb,GHOST IN THE CELL,cinepolis,,1859bb5f-f638-4a41-854c-a114f6f8a608,HORROR,1h 46m,D17+,2D,2026-05-21,71533727-6a09-4f1c-8e97-750fdd780ab0,2026-05-21T00:33:55.419298
c282e55a-3b08-424c-806f-47f600ddfcbb,"AYAH, INI ARAHNYA KEMANA, YA?",cinepolis,,47fccbc0-f843-4918-ad66-28fcef4aa048,DRAMA,1h 43m,13+,2D,2026-05-21,b09fb075-71c9-49fa-8fda-645365ce02af,2026-05-21T00:33:55.420223
c282e55a-3b08-424c-806f-47f600ddfcbb,YANG LAIN BOLEH HILANG ASAL KAU JANGAN,cinepolis,,ff59e4ab-92e1-4aa6-bfd8-ab6521930738,DRAMA,1h 53m,13+,2D,2026-05-21,8fce9769-2265-4f78-a91e-d95e22f4708a,2026-05-21T00:33:55.421721
c282e55a-3b08-424c-806f-47f600ddfcbb,KAMU HARUS MATI,cinepolis,,0f594831-b664-4fac-b9aa-1195a73b2b84,HORROR,1h 30m,13+,2D,2026-05-21,8e0871a5-e29f-45f0-9808-28df909dda60,2026-05-21T00:33:55.423007
c282e55a-3b08-424c-806f-47f600ddfcbb,SALMOKJI: WHISPERING WATER,cinepolis,,a71f8c7d-5bdf-4b91-b207-9acbafa2417a,HORROR,1h 35m,D17+,2D,2026-05-21,26255071-065f-42c3-a3fb-9f332880422e,2026-05-21T00:33:55.424154
c282e55a-3b08-424c-806f-47f600ddfcbb,THE KING`S WARDEN,cinepolis,,65881b59-8a2d-43fe-b61c-5d8b58e2b312,DRAMA,1h 57m,13+,2D,2026-05-21,f05c7d1b-c80e-4640-b7f6-4ccadb30e500,2026-05-21T00:33:55.424999
c282e55a-3b08-424c-806f-47f600ddfcbb,TIBA TIBA SETAN,cinepolis,,1d967795-fc67-4246-984c-e494ece3054c,COMEDY,1h 53m,13+,2D,2026-05-21,505ce3fa-1c60-46cb-a21f-16352397bd22,2026-05-21T00:33:55.425857
c282e55a-3b08-424c-806f-47f600ddfcbb,BADUT GENDONG,cinepolis,,3c747edf-0b24-47d3-a687-cce565db1452,HORROR,1h 41m,D17+,2D,2026-05-21,ede89981-7e15-4001-b786-c5a111770b8f,2026-05-21T00:33:55.426625
40e096ba-e37a-446e-a60d-c9c0259c82fc,STAR WARS: THE MANDALORIAN AND GROGU,cinepolis,,488b0e44-9328-4660-827f-bf3341602b6d,FANTASY,2h 12m,13+,2D,2026-05-21,3f36d6b9-78ef-44cb-9223-a853c269ee2b,2026-05-21T00:34:00.637376
40e096ba-e37a-446e-a60d-c9c0259c82fc,TUMBAL PROYEK,cinepolis,,0b14c075-63cc-4a3b-b0a7-a3578ae1590b,HORROR,1h 46m,D17+,2D,2026-05-21,edb44459-eebe-4cb0-b3f9-ad17094aced5,2026-05-21T00:34:00.639031
40e096ba-e37a-446e-a60d-c9c0259c82fc,KELUARGA SUAMI ADALAH HAMA,cinepolis,,6a227c4d-1483-455f-842b-37ab7ddccdc2,DRAMA,1h 57m,13+,2D,2026-05-21,bf36addd-523a-4d95-a748-4fe68b4bc891,2026-05-21T00:34:00.640438
40e096ba-e37a-446e-a60d-c9c0259c82fc,SEMUA AKAN BAIK-BAIK SAJA,cinepolis,,cae94e25-4386-417b-8bdf-0dea2d0b0c71,DRAMA,1h 53m,13+,2D,2026-05-21,cbd2d89d-c1f4-4bd9-b3a3-cfce9cd3fc66,2026-05-21T00:34:00.642066
40e096ba-e37a-446e-a60d-c9c0259c82fc,GOHAN,cinepolis,,15718ddd-e8db-449b-9313-73b98733d485,DRAMA,2h 20m,SU,2D,2026-05-21,d5691e2b-3386-4ec0-81b0-7c20ca5e7e0a,2026-05-21T00:34:00.643365
2a039e26-2b75-4c71-973e-6d4c3c0a9d68,STAR WARS: THE MANDALORIAN AND GROGU,cinepolis,,488b0e44-9328-4660-827f-bf3341602b6d,FANTASY,2h 12m,13+,2D,2026-05-21,a19f9d0b-8ae1-40ac-8c42-0bc53c90e00d,2026-05-21T00:34:05.885145
2a039e26-2b75-4c71-973e-6d4c3c0a9d68,TUMBAL PROYEK,cinepolis,,0b14c075-63cc-4a3b-b0a7-a3578ae1590b,HORROR,1h 46m,D17+,2D,2026-05-21,c7797d2d-75c4-4fa7-b665-1865e6d8f648,2026-05-21T00:34:05.886256
2a039e26-2b75-4c71-973e-6d4c3c0a9d68,SEMUA AKAN BAIK-BAIK SAJA,cinepolis,,cae94e25-4386-417b-8bdf-0dea2d0b0c71,DRAMA,1h 53m,13+,2D,2026-05-21,56000ead-4d98-4eeb-9fc7-fc01e1febe41,2026-05-21T00:34:05.887234
2a039e26-2b75-4c71-973e-6d4c3c0a9d68,PEGASUS 3,cinepolis,,8f125633-ac6b-459d-afbc-d1a0e529da32,ACTION,2h 6m,13+,2D,2026-05-21,326d3921-c5c1-4b83-8e33-272fcb35e91e,2026-05-21T00:34:05.888220
2a039e26-2b75-4c71-973e-6d4c3c0a9d68,SUNSHINE WOMEN`S CHOIR,cinepolis,,33062671-0ce9-4273-90a4-86ac43173ab4,COMEDY,2h 14m,13+,2D,2026-05-21,fdb1a6d1-c393-408a-a44c-7f4767f0bb02,2026-05-21T00:34:05.890190
2a039e26-2b75-4c71-973e-6d4c3c0a9d68,GHOST IN THE CELL,cinepolis,,1859bb5f-f638-4a41-854c-a114f6f8a608,HORROR,1h 46m,D17+,2D,2026-05-21,90b597dc-6626-4396-8c20-90d2895a72f9,2026-05-21T00:34:05.891796
2a039e26-2b75-4c71-973e-6d4c3c0a9d68,MORTAL KOMBAT II,cinepolis,,420e1f44-2534-4ed9-9d6f-84cf6406d5a8,ACTION,1h 56m,D17+,2D,2026-05-21,921b2082-6f90-4532-b73b-822f7d190783,2026-05-21T00:34:05.892718
2a039e26-2b75-4c71-973e-6d4c3c0a9d68,GOHAN,cinepolis,,15718ddd-e8db-449b-9313-73b98733d485,DRAMA,2h 20m,SU,2D,2026-05-21,01d4858b-1aa0-4278-93d6-bfe389346e5c,2026-05-21T00:34:05.894181
a9620a17-efa9-4972-9fcc-ca6508d183fd,STAR WARS: THE MANDALORIAN AND GROGU,cinepolis,,488b0e44-9328-4660-827f-bf3341602b6d,FANTASY,2h 12m,13+,2D,2026-05-21,d9a79a0f-0055-4a59-b2b6-de41611ad3ae,2026-05-21T00:34:11.979170
a9620a17-efa9-4972-9fcc-ca6508d183fd,TUMBAL PROYEK,cinepolis,,0b14c075-63cc-4a3b-b0a7-a3578ae1590b,HORROR,1h 46m,D17+,2D,2026-05-21,a2ab5129-67e5-4b8e-a892-81cae5ee6ed9,2026-05-21T00:34:11.980968
a9620a17-efa9-4972-9fcc-ca6508d183fd,KELUARGA SUAMI ADALAH HAMA,cinepolis,,6a227c4d-1483-455f-842b-37ab7ddccdc2,DRAMA,1h 57m,13+,2D,2026-05-21,5b47c23e-3235-4eed-9af2-201d6fd9bd4b,2026-05-21T00:34:11.982169
a9620a17-efa9-4972-9fcc-ca6508d183fd,SEMUA AKAN BAIK-BAIK SAJA,cinepolis,,cae94e25-4386-417b-8bdf-0dea2d0b0c71,DRAMA,1h 53m,13+,2D,2026-05-21,b509810d-c7e2-4795-bdb2-60029bfe3e50,2026-05-21T00:34:11.983344
a9620a17-efa9-4972-9fcc-ca6508d183fd,GUDANG MERICA,cinepolis,,0e87a4c9-10fb-496b-b0a4-4d60d71c222d,COMEDY,1h 38m,D17+,2D,2026-05-21,34d1ca8f-35d1-4d47-85ec-e7b84e7abee0,2026-05-21T00:34:11.984418
a9620a17-efa9-4972-9fcc-ca6508d183fd,GHOST IN THE CELL,cinepolis,,1859bb5f-f638-4a41-854c-a114f6f8a608,HORROR,1h 46m,D17+,2D,2026-05-21,dcddb246-2ba1-466a-8e11-6d41002523c6,2026-05-21T00:34:11.985297
90be4274-e876-4cac-aebc-ed8da04ec52c,STAR WARS: THE MANDALORIAN AND GROGU,cinepolis,,488b0e44-9328-4660-827f-bf3341602b6d,FANTASY,2h 12m,13+,3D,2026-05-21,084bf2a2-f406-449a-8fee-0e4e06c29b87,2026-05-21T00:34:17.180492
90be4274-e876-4cac-aebc-ed8da04ec52c,STAR WARS: THE MANDALORIAN AND GROGU,cinepolis,,488b0e44-9328-4660-827f-bf3341602b6d,FANTASY,2h 12m,13+,2D,2026-05-21,4631fe72-15e3-41b8-bb31-c4cca7556255,2026-05-21T00:34:17.180551
90be4274-e876-4cac-aebc-ed8da04ec52c,TUMBAL PROYEK,cinepolis,,0b14c075-63cc-4a3b-b0a7-a3578ae1590b,HORROR,1h 46m,D17+,2D,2026-05-21,9411703c-0c31-49e8-b496-ca75f4b1dad7,2026-05-21T00:34:17.182009
90be4274-e876-4cac-aebc-ed8da04ec52c,KELUARGA SUAMI ADALAH HAMA,cinepolis,,6a227c4d-1483-455f-842b-37ab7ddccdc2,DRAMA,1h 57m,13+,2D,2026-05-21,b0c9719a-c63a-43f8-9097-89d0706d897d,2026-05-21T00:34:17.186132
90be4274-e876-4cac-aebc-ed8da04ec52c,SEMUA AKAN BAIK-BAIK SAJA,cinepolis,,cae94e25-4386-417b-8bdf-0dea2d0b0c71,DRAMA,1h 53m,13+,2D,2026-05-21,4e5edde7-c220-4bca-b498-c592117fcc5e,2026-05-21T00:34:17.187332
90be4274-e876-4cac-aebc-ed8da04ec52c,GUDANG MERICA,cinepolis,,0e87a4c9-10fb-496b-b0a4-4d60d71c222d,COMEDY,1h 38m,D17+,2D,2026-05-21,9235b260-2fe4-4ac0-af72-c63a80d81a1c,2026-05-21T00:34:17.188376
90be4274-e876-4cac-aebc-ed8da04ec52c,GHOST IN THE CELL,cinepolis,,1859bb5f-f638-4a41-854c-a114f6f8a608,HORROR,1h 46m,D17+,2D,2026-05-21,f6e7bf41-c493-4705-8a9b-13e4b4088424,2026-05-21T00:34:17.189390
90be4274-e876-4cac-aebc-ed8da04ec52c,"AYAH, INI ARAHNYA KEMANA, YA?",cinepolis,,47fccbc0-f843-4918-ad66-28fcef4aa048,DRAMA,1h 43m,13+,2D,2026-05-21,caff9267-3820-43ac-b6bc-19b4ee70ff8c,2026-05-21T00:34:17.190548
9ad7ef88-70c2-401c-b07a-f46f4477308b,STAR WARS: THE MANDALORIAN AND GROGU,cinepolis,,488b0e44-9328-4660-827f-bf3341602b6d,FANTASY,2h 12m,13+,2D,2026-05-21,21415091-4d4f-4620-a4f0-13e8d64365c0,2026-05-21T00:34:23.314613
9ad7ef88-70c2-401c-b07a-f46f4477308b,STAR WARS: THE MANDALORIAN AND GROGU,cinepolis,,488b0e44-9328-4660-827f-bf3341602b6d,FANTASY,2h 12m,13+,3D,2026-05-21,ec58e0e8-023f-438f-bba8-7cc086622583,2026-05-21T00:34:23.314929
9ad7ef88-70c2-401c-b07a-f46f4477308b,TUMBAL PROYEK,cinepolis,,0b14c075-63cc-4a3b-b0a7-a3578ae1590b,HORROR,1h 46m,D17+,2D,2026-05-21,bbbfd53e-1be0-4172-8b7c-5f4ef25eb492,2026-05-21T00:34:23.317085
9ad7ef88-70c2-401c-b07a-f46f4477308b,KELUARGA SUAMI ADALAH HAMA,cinepolis,,6a227c4d-1483-455f-842b-37ab7ddccdc2,DRAMA,1h 57m,13+,2D,2026-05-21,e6c128bd-a7a7-4b37-9ffe-97fd8c82b62d,2026-05-21T00:34:23.318322
9ad7ef88-70c2-401c-b07a-f46f4477308b,SEMUA AKAN BAIK-BAIK SAJA,cinepolis,,cae94e25-4386-417b-8bdf-0dea2d0b0c71,DRAMA,1h 53m,13+,2D,2026-05-21,49d4c46d-0ccd-46bd-9cf5-d6d1d0e7df2b,2026-05-21T00:34:23.319919
9ad7ef88-70c2-401c-b07a-f46f4477308b,PEGASUS 3,cinepolis,,8f125633-ac6b-459d-afbc-d1a0e529da32,ACTION,2h 6m,13+,2D,2026-05-21,ac2661a2-c752-4d4d-a01a-b224032edf24,2026-05-21T00:34:23.320969
9ad7ef88-70c2-401c-b07a-f46f4477308b,SUNSHINE WOMEN`S CHOIR,cinepolis,,33062671-0ce9-4273-90a4-86ac43173ab4,COMEDY,2h 14m,13+,2D,2026-05-21,5d4b0557-811c-45c6-9a87-c21ddaf04bd0,2026-05-21T00:34:23.321795
9ad7ef88-70c2-401c-b07a-f46f4477308b,GHOST IN THE CELL,cinepolis,,1859bb5f-f638-4a41-854c-a114f6f8a608,HORROR,1h 46m,D17+,2D,2026-05-21,6150a75d-c8f9-463d-83c9-9ee44820f515,2026-05-21T00:34:23.322580
9ad7ef88-70c2-401c-b07a-f46f4477308b,MORTAL KOMBAT II,cinepolis,,420e1f44-2534-4ed9-9d6f-84cf6406d5a8,ACTION,1h 56m,D17+,2D,2026-05-21,a1d9ebd4-9b4f-4f94-bffc-2bce3dccc342,2026-05-21T00:34:23.323344
9ad7ef88-70c2-401c-b07a-f46f4477308b,YANG LAIN BOLEH HILANG ASAL KAU JANGAN,cinepolis,,ff59e4ab-92e1-4aa6-bfd8-ab6521930738,DRAMA,1h 53m,13+,2D,2026-05-21,56db9939-77da-4a80-ae5b-0315016397d0,2026-05-21T00:34:23.324104
c4977872-e5cb-4dfc-bcce-f6558dc9aef0,STAR WARS: THE MANDALORIAN AND GROGU,cinepolis,,488b0e44-9328-4660-827f-bf3341602b6d,FANTASY,2h 12m,13+,3D,2026-05-21,85b56e8c-d4d1-40c6-ba65-cf5db0ab6f41,2026-05-21T00:34:28.555420
c4977872-e5cb-4dfc-bcce-f6558dc9aef0,STAR WARS: THE MANDALORIAN AND GROGU,cinepolis,,488b0e44-9328-4660-827f-bf3341602b6d,FANTASY,2h 12m,13+,2D,2026-05-21,634545a3-413d-4fab-860a-292023c1c79b,2026-05-21T00:34:28.555478
c4977872-e5cb-4dfc-bcce-f6558dc9aef0,TUMBAL PROYEK,cinepolis,,0b14c075-63cc-4a3b-b0a7-a3578ae1590b,HORROR,1h 46m,D17+,2D,2026-05-21,e2a4f445-1ebb-4860-9ee4-09c0417c004f,2026-05-21T00:34:28.557415
c4977872-e5cb-4dfc-bcce-f6558dc9aef0,KELUARGA SUAMI ADALAH HAMA,cinepolis,,6a227c4d-1483-455f-842b-37ab7ddccdc2,DRAMA,1h 57m,13+,2D,2026-05-21,76d1a611-7424-446f-81a2-ba7a209f9f4f,2026-05-21T00:34:28.558923
c4977872-e5cb-4dfc-bcce-f6558dc9aef0,SEMUA AKAN BAIK-BAIK SAJA,cinepolis,,cae94e25-4386-417b-8bdf-0dea2d0b0c71,DRAMA,1h 53m,13+,2D,2026-05-21,b8048cc5-c5b6-409c-87d8-69dbe8a41e48,2026-05-21T00:34:28.559792
c4977872-e5cb-4dfc-bcce-f6558dc9aef0,PEGASUS 3,cinepolis,,8f125633-ac6b-459d-afbc-d1a0e529da32,ACTION,2h 6m,13+,2D,2026-05-21,85caa1cf-ab99-45a3-8ad1-38432e6ab359,2026-05-21T00:34:28.560590
c4977872-e5cb-4dfc-bcce-f6558dc9aef0,SUNSHINE WOMEN`S CHOIR,cinepolis,,33062671-0ce9-4273-90a4-86ac43173ab4,COMEDY,2h 14m,13+,2D,2026-05-21,8476b1ae-9d2e-42e6-8cad-d4c357d7c2e4,2026-05-21T00:34:28.561383
c4977872-e5cb-4dfc-bcce-f6558dc9aef0,GHOST IN THE CELL,cinepolis,,1859bb5f-f638-4a41-854c-a114f6f8a608,HORROR,1h 46m,D17+,2D,2026-05-21,b7513f70-c370-4eaa-8774-b6faa305c2b6,2026-05-21T00:34:28.562153
c4977872-e5cb-4dfc-bcce-f6558dc9aef0,GOHAN,cinepolis,,15718ddd-e8db-449b-9313-73b98733d485,DRAMA,2h 20m,SU,2D,2026-05-21,b7901158-4fcd-4990-8681-be453ae6b736,2026-05-21T00:34:28.563226
c4977872-e5cb-4dfc-bcce-f6558dc9aef0,THE KING`S WARDEN,cinepolis,,65881b59-8a2d-43fe-b61c-5d8b58e2b312,DRAMA,1h 57m,13+,2D,2026-05-21,90a1cf50-b1ec-4819-a982-9d663929a932,2026-05-21T00:34:28.563994
c4977872-e5cb-4dfc-bcce-f6558dc9aef0,THE DEVIL WEARS PRADA 2,cinepolis,,97d5d4ac-9e2f-476f-a0ee-729bdefb04b1,COMEDY,1h 59m,13+,2D,2026-05-21,99c754d3-75a1-41c5-9309-cc3c01e91c0c,2026-05-21T00:34:28.564747
c4977872-e5cb-4dfc-bcce-f6558dc9aef0,THE DRAMA,cinepolis,,a6dcb62f-f425-439a-a458-c3a2189e9ed2,DRAMA,1h 45m,D17+,2D,2026-05-21,d2f25a2f-369e-46ed-9d19-cc1b92dc1021,2026-05-21T00:34:29.630501
8146950c-8b87-4c6b-8f66-5d28248f1d0d,STAR WARS: THE MANDALORIAN AND GROGU,cinepolis,,488b0e44-9328-4660-827f-bf3341602b6d,FANTASY,2h 12m,13+,2D,2026-05-21,bc1aab09-ab22-4949-b06b-bd11967d7ab7,2026-05-21T00:34:33.766456
8146950c-8b87-4c6b-8f66-5d28248f1d0d,TUMBAL PROYEK,cinepolis,,0b14c075-63cc-4a3b-b0a7-a3578ae1590b,HORROR,1h 46m,D17+,2D,2026-05-21,b8666dc7-049b-4932-991c-aa7c6fed0ba9,2026-05-21T00:34:33.767626
8146950c-8b87-4c6b-8f66-5d28248f1d0d,KELUARGA SUAMI ADALAH HAMA,cinepolis,,6a227c4d-1483-455f-842b-37ab7ddccdc2,DRAMA,1h 57m,13+,2D,2026-05-21,335f4e6a-2d95-48e4-8b26-89c7e36207ae,2026-05-21T00:34:33.768649
8146950c-8b87-4c6b-8f66-5d28248f1d0d,SEMUA AKAN BAIK-BAIK SAJA,cinepolis,,cae94e25-4386-417b-8bdf-0dea2d0b0c71,DRAMA,1h 53m,13+,2D,2026-05-21,af7a9e68-5b4c-4223-bd6a-55638146ac33,2026-05-21T00:34:33.769526
8146950c-8b87-4c6b-8f66-5d28248f1d0d,GUDANG MERICA,cinepolis,,0e87a4c9-10fb-496b-b0a4-4d60d71c222d,COMEDY,1h 38m,D17+,2D,2026-05-21,bbb1bdb7-f4bc-48fe-8862-3ede14ef4834,2026-05-21T00:34:33.770711
8146950c-8b87-4c6b-8f66-5d28248f1d0d,PEGASUS 3,cinepolis,,8f125633-ac6b-459d-afbc-d1a0e529da32,ACTION,2h 6m,13+,2D,2026-05-21,17fdd435-2c8d-42a2-9a24-6c5d25dccc49,2026-05-21T00:34:33.771685
8146950c-8b87-4c6b-8f66-5d28248f1d0d,SUNSHINE WOMEN`S CHOIR,cinepolis,,33062671-0ce9-4273-90a4-86ac43173ab4,COMEDY,2h 14m,13+,2D,2026-05-21,42b10bb9-da5f-496a-b8fd-1b345584899b,2026-05-21T00:34:33.773628
8146950c-8b87-4c6b-8f66-5d28248f1d0d,YANG LAIN BOLEH HILANG ASAL KAU JANGAN,cinepolis,,ff59e4ab-92e1-4aa6-bfd8-ab6521930738,DRAMA,1h 53m,13+,2D,2026-05-21,d950684b-bfd3-483b-bf2f-85387e9cec3a,2026-05-21T00:34:33.775136
9d07ff9a-d8a1-47b4-b0a4-cfc6ee7e38ad,STAR WARS: THE MANDALORIAN AND GROGU,cinepolis,,488b0e44-9328-4660-827f-bf3341602b6d,FANTASY,2h 12m,13+,2D,2026-05-21,86f39ecd-41ec-43d1-9d51-0a1c82cd2031,2026-05-21T00:34:39.818173
9d07ff9a-d8a1-47b4-b0a4-cfc6ee7e38ad,TUMBAL PROYEK,cinepolis,,0b14c075-63cc-4a3b-b0a7-a3578ae1590b,HORROR,1h 46m,D17+,2D,2026-05-21,560ad1fa-5e98-45e5-a023-44017afa2a94,2026-05-21T00:34:39.820625
9d07ff9a-d8a1-47b4-b0a4-cfc6ee7e38ad,GOHAN,cinepolis,,15718ddd-e8db-449b-9313-73b98733d485,DRAMA,2h 20m,SU,2D,2026-05-21,1d4150a9-2d25-461b-aee2-a35a965635a7,2026-05-21T00:34:39.821373
9d07ff9a-d8a1-47b4-b0a4-cfc6ee7e38ad,THE DEVIL WEARS PRADA 2,cinepolis,,97d5d4ac-9e2f-476f-a0ee-729bdefb04b1,COMEDY,1h 59m,13+,2D,2026-05-21,d869c40d-a47f-4bb1-a802-fa7d96b5e7e2,2026-05-21T00:34:39.822126
9d07ff9a-d8a1-47b4-b0a4-cfc6ee7e38ad,THE SHEEP DETECTIVES,cinepolis,,71865891-a162-4fb5-bcc1-eda6d7edf3e9,COMEDY,1h 49m,SU,2D,2026-05-21,ca87f10b-43b7-41f6-8e06-d76343870fbf,2026-05-21T00:34:39.822809
3b5ad525-d807-46a0-aeaa-8a8314ca8055,STAR WARS: THE MANDALORIAN AND GROGU,cinepolis,,488b0e44-9328-4660-827f-bf3341602b6d,FANTASY,2h 12m,13+,2D,2026-05-21,ee42455c-d00d-4ed1-9cc3-9612992100d1,2026-05-21T00:34:45.082293
3b5ad525-d807-46a0-aeaa-8a8314ca8055,STAR WARS: THE MANDALORIAN AND GROGU,cinepolis,,488b0e44-9328-4660-827f-bf3341602b6d,FANTASY,2h 12m,13+,3D,2026-05-21,9031e1f9-f821-4982-a171-477d403075cb,2026-05-21T00:34:45.082349
3b5ad525-d807-46a0-aeaa-8a8314ca8055,TUMBAL PROYEK,cinepolis,,0b14c075-63cc-4a3b-b0a7-a3578ae1590b,HORROR,1h 46m,D17+,2D,2026-05-21,af6260f5-d122-425c-a156-bb72a899d15c,2026-05-21T00:34:45.083489
3b5ad525-d807-46a0-aeaa-8a8314ca8055,PEGASUS 3,cinepolis,,8f125633-ac6b-459d-afbc-d1a0e529da32,ACTION,2h 6m,13+,2D,2026-05-21,411eac19-6849-4d37-a30d-86f04230ac8d,2026-05-21T00:34:45.084383
3b5ad525-d807-46a0-aeaa-8a8314ca8055,SUNSHINE WOMEN`S CHOIR,cinepolis,,33062671-0ce9-4273-90a4-86ac43173ab4,COMEDY,2h 14m,13+,2D,2026-05-21,c5b830a3-82d5-45db-b790-c87d8871d636,2026-05-21T00:34:45.086247
3b5ad525-d807-46a0-aeaa-8a8314ca8055,GHOST IN THE CELL,cinepolis,,1859bb5f-f638-4a41-854c-a114f6f8a608,HORROR,1h 46m,D17+,2D,2026-05-21,a6604b9e-ae16-4541-875e-2986f709b22c,2026-05-21T00:34:45.087454
3b5ad525-d807-46a0-aeaa-8a8314ca8055,MORTAL KOMBAT II,cinepolis,,420e1f44-2534-4ed9-9d6f-84cf6406d5a8,ACTION,1h 56m,D17+,2D,2026-05-21,444831f8-29da-431a-ac47-df7349e710b5,2026-05-21T00:34:45.089319
3b5ad525-d807-46a0-aeaa-8a8314ca8055,GOHAN,cinepolis,,15718ddd-e8db-449b-9313-73b98733d485,DRAMA,2h 20m,SU,2D,2026-05-21,27eaaa58-3cfc-44ce-a639-6def0f177f74,2026-05-21T00:34:45.090814
3b5ad525-d807-46a0-aeaa-8a8314ca8055,SALMOKJI: WHISPERING WATER,cinepolis,,a71f8c7d-5bdf-4b91-b207-9acbafa2417a,HORROR,1h 35m,D17+,2D,2026-05-21,bb7889f2-0dca-48ad-9f36-972a3012abf8,2026-05-21T00:34:45.091624
cdaf14fb-4776-44bd-895d-096dca49435c,STAR WARS: THE MANDALORIAN AND GROGU,cinepolis,,488b0e44-9328-4660-827f-bf3341602b6d,FANTASY,2h 12m,13+,2D,2026-05-21,23d2127b-7003-4d14-9f34-e41086f4a672,2026-05-21T00:34:50.312510
cdaf14fb-4776-44bd-895d-096dca49435c,TUMBAL PROYEK,cinepolis,,0b14c075-63cc-4a3b-b0a7-a3578ae1590b,HORROR,1h 46m,D17+,2D,2026-05-21,f8d13912-0264-4ed6-b09e-5c6feba9b576,2026-05-21T00:34:50.313547
cdaf14fb-4776-44bd-895d-096dca49435c,KELUARGA SUAMI ADALAH HAMA,cinepolis,,6a227c4d-1483-455f-842b-37ab7ddccdc2,DRAMA,1h 57m,13+,2D,2026-05-21,35f8b4f7-a839-4deb-9b7a-a10e40727ea5,2026-05-21T00:34:50.314706
cdaf14fb-4776-44bd-895d-096dca49435c,SEMUA AKAN BAIK-BAIK SAJA,cinepolis,,cae94e25-4386-417b-8bdf-0dea2d0b0c71,DRAMA,1h 53m,13+,2D,2026-05-21,f73bf6c4-e990-468e-8db9-41ee16f66bbb,2026-05-21T00:34:50.315719
cdaf14fb-4776-44bd-895d-096dca49435c,GUDANG MERICA,cinepolis,,0e87a4c9-10fb-496b-b0a4-4d60d71c222d,COMEDY,1h 38m,D17+,2D,2026-05-21,42e6a8c7-6ff8-4b07-895f-de3ea2a73503,2026-05-21T00:34:50.316933
cdaf14fb-4776-44bd-895d-096dca49435c,"AYAH, INI ARAHNYA KEMANA, YA?",cinepolis,,47fccbc0-f843-4918-ad66-28fcef4aa048,DRAMA,1h 43m,13+,2D,2026-05-21,93f6ea55-baaa-4d7d-9704-4b1bdefccdfd,2026-05-21T00:34:50.317868
cdaf14fb-4776-44bd-895d-096dca49435c,KAMU HARUS MATI,cinepolis,,0f594831-b664-4fac-b9aa-1195a73b2b84,HORROR,1h 30m,13+,2D,2026-05-21,80ea5239-9b01-43b6-a302-967f5502c0f5,2026-05-21T00:34:50.319080
c86b0b38-678f-45ab-956f-cab74b246e45,STAR WARS: THE MANDALORIAN AND GROGU,cinepolis,,488b0e44-9328-4660-827f-bf3341602b6d,FANTASY,2h 12m,13+,2D,2026-05-21,cc5e2670-c3d3-41a9-aa4f-806cd7275a4a,2026-05-21T00:34:56.390661
c86b0b38-678f-45ab-956f-cab74b246e45,STAR WARS: THE MANDALORIAN AND GROGU,cinepolis,,488b0e44-9328-4660-827f-bf3341602b6d,FANTASY,2h 12m,13+,3D,2026-05-21,a1193ae1-095e-452f-a1ca-bdf95c326521,2026-05-21T00:34:56.390751
c86b0b38-678f-45ab-956f-cab74b246e45,TUMBAL PROYEK,cinepolis,,0b14c075-63cc-4a3b-b0a7-a3578ae1590b,HORROR,1h 46m,D17+,2D,2026-05-21,038c5b82-6981-4855-8ea7-888e880be29a,2026-05-21T00:34:56.393827
c86b0b38-678f-45ab-956f-cab74b246e45,KELUARGA SUAMI ADALAH HAMA,cinepolis,,6a227c4d-1483-455f-842b-37ab7ddccdc2,DRAMA,1h 57m,13+,2D,2026-05-21,07bf8a01-7bc0-4004-b101-030de204e5f8,2026-05-21T00:34:56.394950
c86b0b38-678f-45ab-956f-cab74b246e45,SEMUA AKAN BAIK-BAIK SAJA,cinepolis,,cae94e25-4386-417b-8bdf-0dea2d0b0c71,DRAMA,1h 53m,13+,2D,2026-05-21,6dd5c7fd-9895-442a-b885-40acee03e6a0,2026-05-21T00:34:56.396430
c86b0b38-678f-45ab-956f-cab74b246e45,PEGASUS 3,cinepolis,,8f125633-ac6b-459d-afbc-d1a0e529da32,ACTION,2h 6m,13+,2D,2026-05-21,646df18e-f63a-44fd-a651-3a700c5b8b82,2026-05-21T00:34:56.397480
c86b0b38-678f-45ab-956f-cab74b246e45,SUNSHINE WOMEN`S CHOIR,cinepolis,,33062671-0ce9-4273-90a4-86ac43173ab4,COMEDY,2h 14m,13+,2D,2026-05-21,c9485b0e-03e5-4e82-9aa8-29fae1978316,2026-05-21T00:34:56.398484
c86b0b38-678f-45ab-956f-cab74b246e45,GHOST IN THE CELL,cinepolis,,1859bb5f-f638-4a41-854c-a114f6f8a608,HORROR,1h 46m,D17+,2D,2026-05-21,91b38c57-6e4e-465f-9be6-ba2f7a7bfb61,2026-05-21T00:34:56.399450
c86b0b38-678f-45ab-956f-cab74b246e45,MORTAL KOMBAT II,cinepolis,,420e1f44-2534-4ed9-9d6f-84cf6406d5a8,ACTION,1h 56m,D17+,2D,2026-05-21,ca741fb3-43d3-443c-9cfe-5c33dbba94a0,2026-05-21T00:34:56.400714
