cinema_id,title,source,movie_id,movie_code,genre,duration,age_rating,format,show_date,id,created_at
6b3f5516-b387-410e-9ed6-ccbade039a25,GHOST IN THE CELL,21cineplex,,16GITC,"Comedy, Horror",106 menit,D17+,2D,2026-05-16,6acc34fd-76c4-414a-85ae-c59ced09cd6f,2026-05-16T13:57:15.390439
6b3f5516-b387-410e-9ed6-ccbade039a25,SEMUA AKAN BAIK-BAIK SAJA,21cineplex,,16SABB,Drama,113 menit,13+,2D,2026-05-16,95c19c81-3064-45a4-9728-288a7c9e9ca8,2026-05-16T13:57:15.390658
6b3f5516-b387-410e-9ed6-ccbade039a25,SALMOKJI: WHISPERING WATER,21cineplex,,26SWWR,Horror,95 menit,D17+,2D,2026-05-16,8006679e-87d5-4279-963e-3ff28f336e7e,2026-05-16T13:57:15.390837
6b3f5516-b387-410e-9ed6-ccbade039a25,SEMUA AKAN BAIK-BAIK SAJA,21cineplex,,16SABB,Drama,113 menit,13+,2D,2026-05-17,682fcf96-ed99-4c52-a294-ded4f700ee0b,2026-05-16T13:57:15.391032
6b3f5516-b387-410e-9ed6-ccbade039a25,CHILDREN OF HEAVEN,21cineplex,,16COHN,"Drama, Family",97 menit,SU,2D,2026-05-27,870bec42-5d80-4853-b486-bb127d42014c,2026-05-16T13:57:15.391204
e4771245-6da2-43af-a1fc-86505b9aae6f,MICHAEL,21cineplex,,26MICL,Biography,127 menit,SU,2D,2026-05-16,fa99938d-96c2-4025-821b-b7b99484eb69,2026-05-16T13:57:15.391669
e4771245-6da2-43af-a1fc-86505b9aae6f,THE SHEEP DETECTIVES,21cineplex,,26SDES,"Comedy, Mystery",109 menit,SU,2D,2026-05-16,89f208e4-2448-4b0f-bb0a-6063107d875e,2026-05-16T13:57:15.391799
e4771245-6da2-43af-a1fc-86505b9aae6f,SALMOKJI: WHISPERING WATER,21cineplex,,26SWWR,Horror,95 menit,D17+,2D,2026-05-16,60f555f0-8c3b-4c41-bb6c-cd2cb65aa82b,2026-05-16T13:57:15.391912
e4771245-6da2-43af-a1fc-86505b9aae6f,SEMUA AKAN BAIK-BAIK SAJA,21cineplex,,16SABB,Drama,113 menit,13+,2D,2026-05-16,f38443c7-4275-471e-8ce9-f5b39036a477,2026-05-16T13:57:15.392015
e4771245-6da2-43af-a1fc-86505b9aae6f,GOHAN,21cineplex,,26GOHN,Drama,140 menit,SU,2D,2026-05-16,60b40d08-1b73-48cb-923e-9db71e7ff0cc,2026-05-16T13:57:15.392099
e4771245-6da2-43af-a1fc-86505b9aae6f,IN THE GREY,21cineplex,,26ITGY,"Action, Thriller",97 menit,13+,2D,2026-05-16,56e32480-5e6c-4c82-8505-75a9b5364dbb,2026-05-16T13:57:15.392203
e4771245-6da2-43af-a1fc-86505b9aae6f,THE DEVIL WEARS PRADA 2,21cineplex,,26DWP2,"Comedy, Drama",119 menit,13+,2D,2026-05-16,d6f92b5a-8e93-4de2-b079-f13e2b41c267,2026-05-16T13:57:15.392328
e4771245-6da2-43af-a1fc-86505b9aae6f,THE DRAMA,21cineplex,,26DRAA,Drama,106 menit,D17+,2D,2026-05-16,baa1fade-7d66-4c70-b1b2-06dde4925db1,2026-05-16T13:57:15.392407
e4771245-6da2-43af-a1fc-86505b9aae6f,STAR WARS: THE MANDALORIAN AND GROGU,21cineplex,,26SWMG,"Fantasy, Sci-Fi",132 menit,13+,2D,2026-05-20,ed30b24a-6ca4-4038-b8e0-4c12d8319e8f,2026-05-16T13:57:15.392515
7fa8445a-21b1-4ce3-b03d-be99f87c1ef4,GHOST IN THE CELL,21cineplex,,16GITC,"Comedy, Horror",106 menit,D17+,2D,2026-05-16,22bb4928-45c5-4898-b18a-494a31b9b624,2026-05-16T13:57:15.393290
7fa8445a-21b1-4ce3-b03d-be99f87c1ef4,DILAN ITB 1997,21cineplex,,16DI97,"Drama, Romance",110 menit,13+,2D,2026-05-16,f6e50327-68da-4b17-9647-c59b7956aac3,2026-05-16T13:57:15.393464
7fa8445a-21b1-4ce3-b03d-be99f87c1ef4,SEMUA AKAN BAIK-BAIK SAJA,21cineplex,,16SABB,Drama,113 menit,13+,2D,2026-05-16,2e937474-88c7-49c5-b765-ebd71cf6d132,2026-05-16T13:57:15.393605
7fa8445a-21b1-4ce3-b03d-be99f87c1ef4,SEMUA AKAN BAIK-BAIK SAJA,21cineplex,,16SABB,Drama,113 menit,13+,2D,2026-05-17,52fb7ed5-7bd0-4d51-8799-30da7b91b143,2026-05-16T13:57:15.393757
7fa8445a-21b1-4ce3-b03d-be99f87c1ef4,KELUARGA SUAMI ADALAH HAMA,21cineplex,,16KSAH,Drama,117 menit,13+,2D,2026-05-21,df67a2ae-3f91-49de-b6dc-b4c98295b370,2026-05-16T13:57:15.393911
7fa8445a-21b1-4ce3-b03d-be99f87c1ef4,CHILDREN OF HEAVEN,21cineplex,,16COHN,"Drama, Family",97 menit,SU,2D,2026-05-27,2adc2b77-e67c-40a5-a47f-8ecda2a97fb0,2026-05-16T13:57:15.394017
7fa8445a-21b1-4ce3-b03d-be99f87c1ef4,SUAMIKU LUKAKU,21cineplex,,16SLUU,Drama,92 menit,D17+,2D,2026-05-27,43b46fb9-3f20-4f65-bd90-028c2454ffaf,2026-05-16T13:57:15.394136
a8590eed-3877-4b08-923d-7eb77207e88f,GHOST IN THE CELL,21cineplex,,16GITC,"Comedy, Horror",106 menit,D17+,2D,2026-05-16,7413dc0d-dcd7-4827-a3fb-8001346e0f99,2026-05-16T13:57:17.000432
a8590eed-3877-4b08-923d-7eb77207e88f,THE DEVIL WEARS PRADA 2,21cineplex,,26DWP2,"Comedy, Drama",119 menit,13+,2D,2026-05-16,0a28ecd7-102d-4af9-b48f-7a703efdd5da,2026-05-16T13:57:17.000613
a8590eed-3877-4b08-923d-7eb77207e88f,SEMUA AKAN BAIK-BAIK SAJA,21cineplex,,16SABB,Drama,113 menit,13+,2D,2026-05-16,62c82c1e-f356-4343-b379-fde1571672ca,2026-05-16T13:57:17.000742
a8590eed-3877-4b08-923d-7eb77207e88f,FUZE,21cineplex,,26FUZE,"Action, Crime",96 menit,D17+,2D,2026-05-16,f507e982-5fbe-4776-b530-d0b21c942d41,2026-05-16T13:57:17.001113
a8590eed-3877-4b08-923d-7eb77207e88f,THE SHEEP DETECTIVES,21cineplex,,26SDES,"Comedy, Mystery",109 menit,SU,2D,2026-05-16,008c6e70-42be-4f6f-a0f4-8a1f4e54cef1,2026-05-16T13:57:17.001169
a8590eed-3877-4b08-923d-7eb77207e88f,IN THE GREY,21cineplex,,26ITGY,"Action, Thriller",97 menit,13+,2D,2026-05-16,cc112990-f7e7-4db0-8454-77e8277dbc20,2026-05-16T13:57:17.001267
a8590eed-3877-4b08-923d-7eb77207e88f,GOHAN,21cineplex,,26GOHN,Drama,140 menit,SU,2D,2026-05-16,5780d2c9-212a-472f-a9dd-c2aa1477669d,2026-05-16T13:57:17.001349
a8590eed-3877-4b08-923d-7eb77207e88f,YANG LAIN BOLEH HILANG ASAL KAU JANGAN,21cineplex,,16YLBH,Drama,113 menit,13+,2D,2026-05-16,10b1c248-0374-4f82-9611-68b3680d4e2c,2026-05-16T13:57:17.001425
a8590eed-3877-4b08-923d-7eb77207e88f,MORTAL KOMBAT II,21cineplex,,25MKT2,"Action, Adventure",116 menit,D17+,2D,2026-05-16,2fffd6c9-7981-4719-827f-bb1e678203a3,2026-05-16T13:57:17.001482
a8590eed-3877-4b08-923d-7eb77207e88f,SEMUA AKAN BAIK-BAIK SAJA,21cineplex,,16SABB,Drama,113 menit,13+,2D,2026-05-17,a0cb662b-6c5b-4bb2-81f5-25fa80e0ea89,2026-05-16T13:57:17.001594
a8590eed-3877-4b08-923d-7eb77207e88f,STAR WARS: THE MANDALORIAN AND GROGU,21cineplex,,26SWMG,"Fantasy, Sci-Fi",132 menit,13+,2D,2026-05-20,2e85f609-d043-4753-a1d6-05529f51d037,2026-05-16T13:57:17.001726
a8590eed-3877-4b08-923d-7eb77207e88f,SUAMIKU LUKAKU,21cineplex,,16SLUU,Drama,92 menit,D17+,2D,2026-05-27,b6a1851d-c2db-4825-aa16-dafba8b69c5a,2026-05-16T13:57:17.001814
a8590eed-3877-4b08-923d-7eb77207e88f,SEKAWAN LIMO 2: GUNUNG KLAWIH,21cineplex,,16SK2G,"Comedy, Horror",122 menit,13+,2D,2026-05-27,45739918-0367-479b-b3df-ea3a9912e4e4,2026-05-16T13:57:17.001931
47b06132-360e-478a-b0e6-b0de565efd84,YANG LAIN BOLEH HILANG ASAL KAU JANGAN,21cineplex,,16YLBH,Drama,113 menit,13+,2D,2026-05-16,d947aa27-867f-4be7-ade7-e2a5023f29b6,2026-05-16T13:57:18.887519
47b06132-360e-478a-b0e6-b0de565efd84,THE SHEEP DETECTIVES,21cineplex,,26SDES,"Comedy, Mystery",109 menit,SU,2D,2026-05-16,a009aa7b-5d8a-4683-bdd0-e43e9dc965a6,2026-05-16T13:57:18.887699
47b06132-360e-478a-b0e6-b0de565efd84,GOHAN,21cineplex,,26GOHN,Drama,140 menit,SU,2D,2026-05-16,d1a85622-e653-4e49-bb70-0c1ec152c90e,2026-05-16T13:57:18.887834
47b06132-360e-478a-b0e6-b0de565efd84,TUMBAL PROYEK,21cineplex,,16TPRK,Horror,106 menit,D17+,2D,2026-05-16,db5cb09e-c927-44c8-b5c8-9801ec72af34,2026-05-16T13:57:18.887942
47b06132-360e-478a-b0e6-b0de565efd84,SEMUA AKAN BAIK-BAIK SAJA,21cineplex,,16SABB,Drama,113 menit,13+,2D,2026-05-16,b21553d3-83f4-4d01-8132-73cc961b14df,2026-05-16T13:57:18.888114
47b06132-360e-478a-b0e6-b0de565efd84,IN THE GREY,21cineplex,,26ITGY,"Action, Thriller",97 menit,13+,2D,2026-05-16,074ae058-ecc5-4ef6-baa5-612ade3d1a77,2026-05-16T13:57:18.888306
47b06132-360e-478a-b0e6-b0de565efd84,GHOST IN THE CELL,21cineplex,,16GITC,"Comedy, Horror",106 menit,D17+,2D,2026-05-16,cb489520-68a8-40f5-b3e8-d1065218e564,2026-05-16T13:57:18.888397
47b06132-360e-478a-b0e6-b0de565efd84,SEMUA AKAN BAIK-BAIK SAJA,21cineplex,,16SABB,Drama,113 menit,13+,2D,2026-05-17,255f2dbd-7276-4c3f-a1ea-75ff46f04580,2026-05-16T13:57:18.888666
47b06132-360e-478a-b0e6-b0de565efd84,KELUARGA SUAMI ADALAH HAMA,21cineplex,,16KSAH,Drama,117 menit,13+,2D,2026-05-21,524750d7-0940-4807-874d-9172a34f1ad0,2026-05-16T13:57:18.888900
f54b928a-3e81-4f74-a553-e5ae0e86484c,MICHAEL,21cineplex,,26MICL,Biography,127 menit,SU,2D,2026-05-16,e5ce02fa-35f5-45b7-8374-21beb5ad242b,2026-05-16T13:57:20.431086
f54b928a-3e81-4f74-a553-e5ae0e86484c,GOHAN,21cineplex,,26GOHN,Drama,140 menit,SU,2D,2026-05-16,4da7165b-0133-40fc-8d7c-913fc6940e06,2026-05-16T13:57:20.431247
f54b928a-3e81-4f74-a553-e5ae0e86484c,MORTAL KOMBAT II,21cineplex,,25MKT2,"Action, Adventure",116 menit,D17+,2D,2026-05-16,b5e09b5e-4367-45f0-979e-86af4c464d91,2026-05-16T13:57:20.431394
f54b928a-3e81-4f74-a553-e5ae0e86484c,FUZE,21cineplex,,26FUZE,"Action, Crime",96 menit,D17+,2D,2026-05-16,d38cc845-0cf5-4bbd-932f-548153385411,2026-05-16T13:57:20.431574
f54b928a-3e81-4f74-a553-e5ae0e86484c,SALMOKJI: WHISPERING WATER,21cineplex,,26SWWR,Horror,95 menit,D17+,2D,2026-05-16,24ab5b62-f75a-4e32-a64c-d46c8034abed,2026-05-16T13:57:20.431646
f54b928a-3e81-4f74-a553-e5ae0e86484c,SEMUA AKAN BAIK-BAIK SAJA,21cineplex,,16SABB,Drama,113 menit,13+,2D,2026-05-16,e7ddb82f-9c4b-47f8-b112-4496a692cbfe,2026-05-16T13:57:20.431734
f54b928a-3e81-4f74-a553-e5ae0e86484c,THE SHEEP DETECTIVES,21cineplex,,26SDES,"Comedy, Mystery",109 menit,SU,2D,2026-05-16,20c41dfa-65f7-41af-bca0-74edb2608a24,2026-05-16T13:57:20.431894
f54b928a-3e81-4f74-a553-e5ae0e86484c,IN THE GREY,21cineplex,,26ITGY,"Action, Thriller",97 menit,13+,2D,2026-05-16,f5ccc0a4-02a9-405f-abe6-d6e23a624b8f,2026-05-16T13:57:20.431982
f54b928a-3e81-4f74-a553-e5ae0e86484c,GOHAN,21cineplex,,26GOHN,Drama,140 menit,SU,2D,2026-05-17,31fe3708-ab03-45ec-bcc5-02d4a088dc6f,2026-05-16T13:57:20.432135
f54b928a-3e81-4f74-a553-e5ae0e86484c,STAR WARS: THE MANDALORIAN AND GROGU,21cineplex,,26SWMG,"Fantasy, Sci-Fi",132 menit,13+,2D,2026-05-20,124fdd50-ce9f-4c4b-910c-7c9d82c64da8,2026-05-16T13:57:20.432277
3a0fb6ef-964a-4fb1-9e35-f135df19d15c,TIBA TIBA SETAN,21cineplex,,16TTSN,"Comedy, Horror",113 menit,13+,2D,2026-05-16,1785e0d3-4038-4a89-8b82-684530b562a3,2026-05-16T13:57:22.968146
3a0fb6ef-964a-4fb1-9e35-f135df19d15c,SALMOKJI: WHISPERING WATER,21cineplex,,26SWWR,Horror,95 menit,D17+,2D,2026-05-16,e6a0a6f5-f28c-425e-a6f9-ac866d5bb0d2,2026-05-16T13:57:22.968351
3a0fb6ef-964a-4fb1-9e35-f135df19d15c,SEMUA AKAN BAIK-BAIK SAJA,21cineplex,,16SABB,Drama,113 menit,13+,2D,2026-05-16,40b1a8dd-0ef4-4a28-a2bc-ab8eba57847a,2026-05-16T13:57:22.968542
3a0fb6ef-964a-4fb1-9e35-f135df19d15c,GHOST IN THE CELL,21cineplex,,16GITC,"Comedy, Horror",106 menit,D17+,2D,2026-05-16,3fb41147-2b42-4a0e-9091-0aca5128350c,2026-05-16T13:57:22.968848
3a0fb6ef-964a-4fb1-9e35-f135df19d15c,YANG LAIN BOLEH HILANG ASAL KAU JANGAN,21cineplex,,16YLBH,Drama,113 menit,13+,2D,2026-05-16,f50e6ca3-2ca3-4590-8475-c66b6a9ed274,2026-05-16T13:57:22.969075
3a0fb6ef-964a-4fb1-9e35-f135df19d15c,THE BELL: PANGGILAN UNTUK MATI,21cineplex,,16TBPU,Horror,91 menit,D17+,2D,2026-05-16,e27bf3c1-cc6a-4461-869a-46210c44fb3d,2026-05-16T13:57:22.969338
3a0fb6ef-964a-4fb1-9e35-f135df19d15c,"AYAH, INI ARAHNYA KEMANA, YA?",21cineplex,,16AIAK,Drama,103 menit,13+,2D,2026-05-16,99c9b303-d5f8-4ac1-a694-0abd207ecada,2026-05-16T13:57:22.969692
3a0fb6ef-964a-4fb1-9e35-f135df19d15c,TUMBAL PROYEK,21cineplex,,16TPRK,Horror,106 menit,D17+,2D,2026-05-16,fa5e0803-62e2-45ad-8663-643d398da10a,2026-05-16T13:57:22.969906
3a0fb6ef-964a-4fb1-9e35-f135df19d15c,TUMBAL PROYEK,21cineplex,,16TPRK,Horror,106 menit,D17+,2D,2026-05-17,2328e5a5-b21d-4a6c-8ea6-999d149bb5dc,2026-05-16T13:57:22.970145
3a0fb6ef-964a-4fb1-9e35-f135df19d15c,SEMUA AKAN BAIK-BAIK SAJA,21cineplex,,16SABB,Drama,113 menit,13+,2D,2026-05-17,477691ae-7988-47d5-acc9-021211d221ab,2026-05-16T13:57:22.970410
3a0fb6ef-964a-4fb1-9e35-f135df19d15c,GUDANG MERICA,21cineplex,,16GMEA,"Comedy, Horror",98 menit,D17+,2D,2026-05-21,cf7847a1-8538-4a7a-af5c-6f0645d80539,2026-05-16T13:57:22.970689
3a0fb6ef-964a-4fb1-9e35-f135df19d15c,KAMU HARUS MATI,21cineplex,,16KHMI,"Horror, Mystery, Thriller",90 menit,13+,2D,2026-05-21,731fa4b7-99e4-48b3-8136-bf9444397037,2026-05-16T13:57:22.970940
3a0fb6ef-964a-4fb1-9e35-f135df19d15c,CHILDREN OF HEAVEN,21cineplex,,16COHN,"Drama, Family",97 menit,SU,2D,2026-05-27,d60e1f7a-5902-4555-8fa6-4c8c71c2a3f3,2026-05-16T13:57:22.971195
3a0fb6ef-964a-4fb1-9e35-f135df19d15c,SUAMIKU LUKAKU,21cineplex,,16SLUU,Drama,92 menit,D17+,2D,2026-05-27,6badd9f2-d98e-404e-9492-772c1155fefa,2026-05-16T13:57:22.971395
54d43867-d19d-4f18-84eb-3d1b4129e76c,GUDANG MERICA,21cineplex,,16GMEA,"Comedy, Horror",98 menit,D17+,2D,2026-05-16,7cf326ef-8f92-492c-b1c9-0c06b87ac17b,2026-05-16T13:57:25.004711
54d43867-d19d-4f18-84eb-3d1b4129e76c,GHOST IN THE CELL,21cineplex,,16GITC,"Comedy, Horror",106 menit,D17+,2D,2026-05-16,21831887-ee37-43d4-9ad4-36ab0bc9a130,2026-05-16T13:57:25.004870
54d43867-d19d-4f18-84eb-3d1b4129e76c,SALMOKJI: WHISPERING WATER,21cineplex,,26SWWR,Horror,95 menit,D17+,2D,2026-05-16,0c50de51-34f9-4b15-8991-96b6fef9d334,2026-05-16T13:57:25.005048
54d43867-d19d-4f18-84eb-3d1b4129e76c,AIN,21cineplex,,16AINX,Horror,110 menit,D17+,2D,2026-05-16,a5c27a53-cb28-4186-9d84-19cf6b5b872f,2026-05-16T13:57:25.005181
54d43867-d19d-4f18-84eb-3d1b4129e76c,GOHAN,21cineplex,,26GOHN,Drama,140 menit,SU,2D,2026-05-16,3fdeb3ed-d28f-446a-a1c1-b93454270465,2026-05-16T13:57:25.005267
54d43867-d19d-4f18-84eb-3d1b4129e76c,DILAN ITB 1997,21cineplex,,16DI97,"Drama, Romance",110 menit,13+,2D,2026-05-16,779ab162-72a0-427b-85c2-e52715d11cec,2026-05-16T13:57:25.005405
54d43867-d19d-4f18-84eb-3d1b4129e76c,IN THE GREY,21cineplex,,26ITGY,"Action, Thriller",97 menit,13+,2D,2026-05-16,6ab01fb4-864b-45e6-ab74-5dfb316565e2,2026-05-16T13:57:25.005574
54d43867-d19d-4f18-84eb-3d1b4129e76c,SEMUA AKAN BAIK-BAIK SAJA,21cineplex,,16SABB,Drama,113 menit,13+,2D,2026-05-16,7ae288c4-2743-469d-9404-b7705ed443a6,2026-05-16T13:57:25.005649
54d43867-d19d-4f18-84eb-3d1b4129e76c,THE SHEEP DETECTIVES,21cineplex,,26SDES,"Comedy, Mystery",109 menit,SU,2D,2026-05-16,95e71f47-78d5-49eb-8838-e28ece9f0b2e,2026-05-16T13:57:25.005869
54d43867-d19d-4f18-84eb-3d1b4129e76c,SEMUA AKAN BAIK-BAIK SAJA,21cineplex,,16SABB,Drama,113 menit,13+,2D,2026-05-17,89dcb167-20d3-4051-b01a-f48b6d5337c4,2026-05-16T13:57:25.006004
54d43867-d19d-4f18-84eb-3d1b4129e76c,BADUT GENDONG,21cineplex,,16BGEG,"Action, Horror",101 menit,D17+,2D,2026-05-20,62724a0b-a48c-41e5-9630-2fd27e3d6846,2026-05-16T13:57:25.006322
54d43867-d19d-4f18-84eb-3d1b4129e76c,STAR WARS: THE MANDALORIAN AND GROGU,21cineplex,,26SWMG,"Fantasy, Sci-Fi",132 menit,13+,2D,2026-05-20,2229adf9-76f7-4c65-b842-cf1bd0d9165f,2026-05-16T13:57:25.006433
54d43867-d19d-4f18-84eb-3d1b4129e76c,KELUARGA SUAMI ADALAH HAMA,21cineplex,,16KSAH,Drama,117 menit,13+,2D,2026-05-21,20740a65-9e72-41d6-b0da-87d584263af9,2026-05-16T13:57:25.006607
54d43867-d19d-4f18-84eb-3d1b4129e76c,MONSTER PABRIK RAMBUT,21cineplex,,16MPRT,"Fantasy, Horror",96 menit,D17+,2D,2026-05-23,caceca7e-ca4b-4182-b5e7-6aebf52a8403,2026-05-16T13:57:25.006799
54d43867-d19d-4f18-84eb-3d1b4129e76c,CHILDREN OF HEAVEN,21cineplex,,16COHN,"Drama, Family",97 menit,SU,2D,2026-05-27,24100af9-d024-43a8-8cc7-94e002ee92cd,2026-05-16T13:57:25.006954
54d43867-d19d-4f18-84eb-3d1b4129e76c,SEKAWAN LIMO 2: GUNUNG KLAWIH,21cineplex,,16SK2G,"Comedy, Horror",122 menit,13+,2D,2026-05-27,5d377985-641e-4efc-80bb-d2dc326deda2,2026-05-16T13:57:25.007122
68aac329-8a0c-4948-bdff-a4d357cfeee5,GOHAN,21cineplex,,26GOHN,Drama,140 menit,SU,2D,2026-05-16,388814b9-93d0-4bf1-b9fe-e3cf2130fd72,2026-05-16T13:57:26.166594
68aac329-8a0c-4948-bdff-a4d357cfeee5,SEMUA AKAN BAIK-BAIK SAJA,21cineplex,,16SABB,Drama,113 menit,13+,2D,2026-05-16,439ff57c-a12c-4202-9c38-56fe0c136a96,2026-05-16T13:57:26.166782
68aac329-8a0c-4948-bdff-a4d357cfeee5,TUMBAL PROYEK,21cineplex,,16TPRK,Horror,106 menit,D17+,2D,2026-05-16,7ac83a0b-ab62-43d4-873d-be7db0afd602,2026-05-16T13:57:26.167083
68aac329-8a0c-4948-bdff-a4d357cfeee5,THE BELL: PANGGILAN UNTUK MATI,21cineplex,,16TBPU,Horror,91 menit,D17+,2D,2026-05-16,7064ffeb-9305-458f-8496-2ac4b3c0707b,2026-05-16T13:57:26.167257
68aac329-8a0c-4948-bdff-a4d357cfeee5,GHOST IN THE CELL,21cineplex,,16GITC,"Comedy, Horror",106 menit,D17+,2D,2026-05-16,5cb7aec3-cf91-4df3-8bb0-cf52807363aa,2026-05-16T13:57:26.167350
68aac329-8a0c-4948-bdff-a4d357cfeee5,SEMUA AKAN BAIK-BAIK SAJA,21cineplex,,16SABB,Drama,113 menit,13+,2D,2026-05-17,b48f6756-b875-4887-9d0d-801e5b044e26,2026-05-16T13:57:26.167469
68aac329-8a0c-4948-bdff-a4d357cfeee5,KELUARGA SUAMI ADALAH HAMA,21cineplex,,16KSAH,Drama,117 menit,13+,2D,2026-05-21,0bde1e83-9f58-40b5-8ecf-043a010c20d1,2026-05-16T13:57:26.167713
68aac329-8a0c-4948-bdff-a4d357cfeee5,KAMU HARUS MATI,21cineplex,,16KHMI,"Horror, Mystery, Thriller",90 menit,13+,2D,2026-05-21,18a28077-409d-4da4-999f-96120e8406d3,2026-05-16T13:57:26.167925
59fc869d-839a-4e3b-a1e2-273b830eb26f,IN THE GREY,21cineplex,,26ITGY,"Action, Thriller",97 menit,13+,2D,2026-05-16,40588a77-304b-4812-8502-60ef5af9507c,2026-05-16T13:57:27.972836
59fc869d-839a-4e3b-a1e2-273b830eb26f,GOHAN,21cineplex,,26GOHN,Drama,140 menit,SU,2D,2026-05-16,51efef76-72f0-4a8d-af8d-46818c8aa0e6,2026-05-16T13:57:27.972968
59fc869d-839a-4e3b-a1e2-273b830eb26f,SEMUA AKAN BAIK-BAIK SAJA,21cineplex,,16SABB,Drama,113 menit,13+,2D,2026-05-16,1685e21f-287e-425b-bf40-b0ed23c8c9d6,2026-05-16T13:57:27.973150
59fc869d-839a-4e3b-a1e2-273b830eb26f,MORTAL KOMBAT II,21cineplex,,25MKT2,"Action, Adventure",116 menit,D17+,2D,2026-05-16,6e124941-7584-4bdf-bc95-d1dceefa93cf,2026-05-16T13:57:27.973367
59fc869d-839a-4e3b-a1e2-273b830eb26f,AIN,21cineplex,,16AINX,Horror,110 menit,D17+,2D,2026-05-16,8e203fa1-cddf-474a-a6a0-1f31885c4d88,2026-05-16T13:57:27.973518
59fc869d-839a-4e3b-a1e2-273b830eb26f,TUMBAL PROYEK,21cineplex,,16TPRK,Horror,106 menit,D17+,2D,2026-05-16,4680e40a-579a-479e-92db-77047f82219d,2026-05-16T13:57:27.973601
59fc869d-839a-4e3b-a1e2-273b830eb26f,YANG LAIN BOLEH HILANG ASAL KAU JANGAN,21cineplex,,16YLBH,Drama,113 menit,13+,2D,2026-05-16,0b34af1d-f031-473a-b4ab-0808c3909ea0,2026-05-16T13:57:27.973755
59fc869d-839a-4e3b-a1e2-273b830eb26f,SEMUA AKAN BAIK-BAIK SAJA,21cineplex,,16SABB,Drama,113 menit,13+,2D,2026-05-17,e965b750-010e-49cc-ba2b-5f0117d713e6,2026-05-16T13:57:27.973893
59fc869d-839a-4e3b-a1e2-273b830eb26f,KAMU HARUS MATI,21cineplex,,16KHMI,"Horror, Mystery, Thriller",90 menit,13+,2D,2026-05-21,bb58d135-02ce-4959-a786-0be3748d5b26,2026-05-16T13:57:27.974132
59fc869d-839a-4e3b-a1e2-273b830eb26f,SEKAWAN LIMO 2: GUNUNG KLAWIH,21cineplex,,16SK2G,"Comedy, Horror",122 menit,13+,2D,2026-05-27,fc339aa3-bcbe-4c82-b53d-51e265d8f69e,2026-05-16T13:57:27.974351
68ec4734-8d45-45b8-a2fd-bc511dc8afcd,TUMBAL PROYEK,21cineplex,,16TPRK,Horror,106 menit,D17+,2D,2026-05-16,b4d25a8a-837e-4d47-9842-b7f1d267b996,2026-05-16T13:57:29.049869
68ec4734-8d45-45b8-a2fd-bc511dc8afcd,GOHAN,21cineplex,,26GOHN,Drama,140 menit,SU,2D,2026-05-16,b9b53552-21d7-433a-a3a4-e6649b0ea3fc,2026-05-16T13:57:29.050232
68ec4734-8d45-45b8-a2fd-bc511dc8afcd,SEMUA AKAN BAIK-BAIK SAJA,21cineplex,,16SABB,Drama,113 menit,13+,2D,2026-05-16,0830f9fe-394c-4366-916d-8216149a4682,2026-05-16T13:57:29.050422
68ec4734-8d45-45b8-a2fd-bc511dc8afcd,CHILDREN OF HEAVEN,21cineplex,,16COHN,"Drama, Family",97 menit,SU,2D,2026-05-27,346538cc-740c-4d95-a547-038aca623132,2026-05-16T13:57:29.050643
815c7572-5c29-4e5e-9f0e-3f0007905cb8,TUMBAL PROYEK,21cineplex,,16TPRK,Horror,106 menit,D17+,2D,2026-05-16,d5c6146a-fb7f-4ada-bfa0-08fdd19bc47f,2026-05-16T13:57:31.108207
815c7572-5c29-4e5e-9f0e-3f0007905cb8,SEMUA AKAN BAIK-BAIK SAJA,21cineplex,,16SABB,Drama,113 menit,13+,2D,2026-05-16,52bfa6d1-13c9-46d3-ab17-e629ddc5398e,2026-05-16T13:57:31.108509
815c7572-5c29-4e5e-9f0e-3f0007905cb8,GHOST IN THE CELL,21cineplex,,16GITC,"Comedy, Horror",106 menit,D17+,2D,2026-05-16,64947644-66b9-462f-aee9-47368c3e2c90,2026-05-16T13:57:31.108860
815c7572-5c29-4e5e-9f0e-3f0007905cb8,YANG LAIN BOLEH HILANG ASAL KAU JANGAN,21cineplex,,16YLBH,Drama,113 menit,13+,2D,2026-05-16,13941e83-1487-4978-87c5-fb0bcd71d3f0,2026-05-16T13:57:31.109146
815c7572-5c29-4e5e-9f0e-3f0007905cb8,TUMBAL PROYEK,21cineplex,,16TPRK,Horror,106 menit,D17+,2D,2026-05-17,6bd6c131-ff8c-49da-bd20-b25eb06a425e,2026-05-16T13:57:31.109463
815c7572-5c29-4e5e-9f0e-3f0007905cb8,KELUARGA SUAMI ADALAH HAMA,21cineplex,,16KSAH,Drama,117 menit,13+,2D,2026-05-21,44ca51f9-3096-41ee-9f36-d5522e38e709,2026-05-16T13:57:31.109990
815c7572-5c29-4e5e-9f0e-3f0007905cb8,SEKAWAN LIMO 2: GUNUNG KLAWIH,21cineplex,,16SK2G,"Comedy, Horror",122 menit,13+,2D,2026-05-27,134ecd85-5036-4921-8a4a-bd0d22d2bcc2,2026-05-16T13:57:31.110327
815c7572-5c29-4e5e-9f0e-3f0007905cb8,CHILDREN OF HEAVEN,21cineplex,,16COHN,"Drama, Family",97 menit,SU,2D,2026-05-27,84bb0b20-ed4f-40b6-872f-9db72225568a,2026-05-16T13:57:31.110575
aba99159-216c-4321-8b65-f2c694d92408,MORTAL KOMBAT II,21cineplex,,25MKT2,"Action, Adventure",116 menit,D17+,2D,2026-05-16,52867b39-9ca7-4989-a22b-762f7cf8981f,2026-05-16T13:57:32.013732
aba99159-216c-4321-8b65-f2c694d92408,TUMBAL PROYEK,21cineplex,,16TPRK,Horror,106 menit,D17+,2D,2026-05-16,8f71df3d-b1d3-4129-b749-32ec0c779895,2026-05-16T13:57:32.013956
aba99159-216c-4321-8b65-f2c694d92408,IN THE GREY,21cineplex,,26ITGY,"Action, Thriller",97 menit,13+,2D,2026-05-16,04dfcab8-7c70-42e9-be91-7f7c529cc51e,2026-05-16T13:57:32.014126
aba99159-216c-4321-8b65-f2c694d92408,SEMUA AKAN BAIK-BAIK SAJA,21cineplex,,16SABB,Drama,113 menit,13+,2D,2026-05-16,0e9b971b-c361-4fab-b4b1-ef43c6ee9108,2026-05-16T13:57:32.014232
aba99159-216c-4321-8b65-f2c694d92408,GOHAN,21cineplex,,26GOHN,Drama,140 menit,SU,2D,2026-05-16,52e2926e-9162-4a55-a410-7396643e73d5,2026-05-16T13:57:32.014471
aba99159-216c-4321-8b65-f2c694d92408,STAR WARS: THE MANDALORIAN AND GROGU,21cineplex,,26SWMG,"Fantasy, Sci-Fi",132 menit,13+,2D,2026-05-20,5fc34841-4400-4968-b30a-db3beeb54052,2026-05-16T13:57:32.014733
aba99159-216c-4321-8b65-f2c694d92408,KELUARGA SUAMI ADALAH HAMA,21cineplex,,16KSAH,Drama,117 menit,13+,2D,2026-05-21,290d39ea-9acc-4e15-b157-a4a4191409e0,2026-05-16T13:57:32.014945
aba99159-216c-4321-8b65-f2c694d92408,KAMU HARUS MATI,21cineplex,,16KHMI,"Horror, Mystery, Thriller",90 menit,13+,2D,2026-05-21,3ee8bbfa-54db-4fd7-9fa0-4da44240b27c,2026-05-16T13:57:32.015179
aba99159-216c-4321-8b65-f2c694d92408,SEKAWAN LIMO 2: GUNUNG KLAWIH,21cineplex,,16SK2G,"Comedy, Horror",122 menit,13+,2D,2026-05-27,5584ccf2-51d9-4379-9605-6f86e280e543,2026-05-16T13:57:32.015417
a7f6ef96-98da-4685-aaf8-d805c9cddb5c,SEMUA AKAN BAIK-BAIK SAJA,21cineplex,,16SABB,Drama,113 menit,13+,2D,2026-05-16,d9aef4ad-bb46-480c-bb63-3bcce0d6bd64,2026-05-16T13:57:34.032316
a7f6ef96-98da-4685-aaf8-d805c9cddb5c,GHOST IN THE CELL,21cineplex,,16GITC,"Comedy, Horror",106 menit,D17+,2D,2026-05-16,aed5b81d-2a2c-40aa-9617-858e8a549f51,2026-05-16T13:57:34.032673
a7f6ef96-98da-4685-aaf8-d805c9cddb5c,GOHAN,21cineplex,,26GOHN,Drama,140 menit,SU,2D,2026-05-16,c44b5b4f-c4fe-4298-a8f3-724f010c6964,2026-05-16T13:57:34.032889
a7f6ef96-98da-4685-aaf8-d805c9cddb5c,YANG LAIN BOLEH HILANG ASAL KAU JANGAN,21cineplex,,16YLBH,Drama,113 menit,13+,2D,2026-05-16,2dd1c284-ce10-4e76-b290-4f24c6387157,2026-05-16T13:57:34.033068
a7f6ef96-98da-4685-aaf8-d805c9cddb5c,SALMOKJI: WHISPERING WATER,21cineplex,,26SWWR,Horror,95 menit,D17+,2D,2026-05-16,a090a967-3be5-49e0-bf3a-e07f71e75b66,2026-05-16T13:57:34.033323
a7f6ef96-98da-4685-aaf8-d805c9cddb5c,SEMUA AKAN BAIK-BAIK SAJA,21cineplex,,16SABB,Drama,113 menit,13+,2D,2026-05-17,2385caed-c8b8-404f-8475-bdb6574ffcdf,2026-05-16T13:57:34.033507
a7f6ef96-98da-4685-aaf8-d805c9cddb5c,STAR WARS: THE MANDALORIAN AND GROGU,21cineplex,,26SWMG,"Fantasy, Sci-Fi",132 menit,13+,2D,2026-05-20,ada85142-8c90-4200-a767-b320c4c2bd0c,2026-05-16T13:57:34.033732
a7f6ef96-98da-4685-aaf8-d805c9cddb5c,KELUARGA SUAMI ADALAH HAMA,21cineplex,,16KSAH,Drama,117 menit,13+,2D,2026-05-21,17786a4f-2118-44dc-bd72-81a203be7715,2026-05-16T13:57:34.033894
a7f6ef96-98da-4685-aaf8-d805c9cddb5c,CHILDREN OF HEAVEN,21cineplex,,16COHN,"Drama, Family",97 menit,SU,2D,2026-05-27,c3d34c25-b76c-4d38-b0c2-17b61582137d,2026-05-16T13:57:34.034122
a7f6ef96-98da-4685-aaf8-d805c9cddb5c,SEKAWAN LIMO 2: GUNUNG KLAWIH,21cineplex,,16SK2G,"Comedy, Horror",122 menit,13+,2D,2026-05-27,3495d5a7-3fd4-478d-8637-ed7a42a6f706,2026-05-16T13:57:34.034360
adbb4e2a-f0aa-4d04-8f06-7fcb07b0cd06,GHOST IN THE CELL,21cineplex,,16GITC,"Comedy, Horror",106 menit,D17+,2D,2026-05-16,d7b718f2-dac4-44b0-849b-4706e28c88b2,2026-05-16T13:57:35.125354
adbb4e2a-f0aa-4d04-8f06-7fcb07b0cd06,YANG LAIN BOLEH HILANG ASAL KAU JANGAN,21cineplex,,16YLBH,Drama,113 menit,13+,2D,2026-05-16,14582caf-dceb-484f-8689-3944418660bc,2026-05-16T13:57:35.125518
adbb4e2a-f0aa-4d04-8f06-7fcb07b0cd06,TUMBAL PROYEK,21cineplex,,16TPRK,Horror,106 menit,D17+,2D,2026-05-16,82512089-c1eb-4844-93e8-24d45f9367da,2026-05-16T13:57:35.125639
adbb4e2a-f0aa-4d04-8f06-7fcb07b0cd06,GOHAN,21cineplex,,26GOHN,Drama,140 menit,SU,2D,2026-05-16,c8fc6ba3-d7fb-4087-b1ac-3e7425552a5b,2026-05-16T13:57:35.125768
adbb4e2a-f0aa-4d04-8f06-7fcb07b0cd06,SEMUA AKAN BAIK-BAIK SAJA,21cineplex,,16SABB,Drama,113 menit,13+,2D,2026-05-16,7d9abac0-15dd-47ed-a50c-0c5a724b1dcd,2026-05-16T13:57:35.125871
adbb4e2a-f0aa-4d04-8f06-7fcb07b0cd06,KAMU HARUS MATI,21cineplex,,16KHMI,"Horror, Mystery, Thriller",90 menit,13+,2D,2026-05-21,8ebddb84-42d8-4b6b-a637-eb614721b3cf,2026-05-16T13:57:35.126045
adbb4e2a-f0aa-4d04-8f06-7fcb07b0cd06,SUAMIKU LUKAKU,21cineplex,,16SLUU,Drama,92 menit,D17+,2D,2026-05-27,96d5df4f-f318-4f1a-8aa1-41261b0a85a1,2026-05-16T13:57:35.126194
3dff3460-a349-4a70-9ffc-88038c96b0c2,THE BELL: PANGGILAN UNTUK MATI,21cineplex,,16TBPU,Horror,91 menit,D17+,2D,2026-05-16,134c8cf8-d5ff-493f-8126-4c6c96b66d9c,2026-05-16T13:57:36.721366
3dff3460-a349-4a70-9ffc-88038c96b0c2,TUMBAL PROYEK,21cineplex,,16TPRK,Horror,106 menit,D17+,2D,2026-05-16,5c741e4c-b71c-47ce-8366-9e9f0ee855bc,2026-05-16T13:57:36.721492
3dff3460-a349-4a70-9ffc-88038c96b0c2,GHOST IN THE CELL,21cineplex,,16GITC,"Comedy, Horror",106 menit,D17+,2D,2026-05-16,7c802d96-7862-4ba5-a359-931e63fcc965,2026-05-16T13:57:36.721588
3dff3460-a349-4a70-9ffc-88038c96b0c2,SEMUA AKAN BAIK-BAIK SAJA,21cineplex,,16SABB,Drama,113 menit,13+,2D,2026-05-16,365dfaa0-afb7-45ef-b5f7-c7538cc6fb58,2026-05-16T13:57:36.721661
3dff3460-a349-4a70-9ffc-88038c96b0c2,YANG LAIN BOLEH HILANG ASAL KAU JANGAN,21cineplex,,16YLBH,Drama,113 menit,13+,2D,2026-05-16,fbbf0c18-33dd-47cf-bd2d-d6d48430dfa6,2026-05-16T13:57:36.721779
3dff3460-a349-4a70-9ffc-88038c96b0c2,TUMBAL PROYEK,21cineplex,,16TPRK,Horror,106 menit,D17+,2D,2026-05-17,29358019-bd08-40d7-8f18-880fd959f741,2026-05-16T13:57:36.721883
3dff3460-a349-4a70-9ffc-88038c96b0c2,SUAMIKU LUKAKU,21cineplex,,16SLUU,Drama,92 menit,D17+,2D,2026-05-27,e4bd7eb2-aacc-4981-98cc-812cefd834a4,2026-05-16T13:57:36.721994
3dff3460-a349-4a70-9ffc-88038c96b0c2,CHILDREN OF HEAVEN,21cineplex,,16COHN,"Drama, Family",97 menit,SU,2D,2026-05-27,4d537389-bd49-4371-ba1e-a742ac271dbb,2026-05-16T13:57:36.722116
b3b725dc-a6b6-42dc-84d0-58bac8058ac7,IN THE GREY,21cineplex,,26ITGY,"Action, Thriller",97 menit,13+,2D,2026-05-16,a2ec2c2a-4f1c-4cb9-96ad-902f2b01981b,2026-05-16T13:57:38.068246
b3b725dc-a6b6-42dc-84d0-58bac8058ac7,GOHAN,21cineplex,,26GOHN,Drama,140 menit,SU,2D,2026-05-16,2f83afed-2e06-40a6-ab2a-c42edad55577,2026-05-16T13:57:38.068364
b3b725dc-a6b6-42dc-84d0-58bac8058ac7,GHOST IN THE CELL,21cineplex,,16GITC,"Comedy, Horror",106 menit,D17+,2D,2026-05-16,3f650d24-7bef-47d0-bd13-fd9a19027bbc,2026-05-16T13:57:38.068473
b3b725dc-a6b6-42dc-84d0-58bac8058ac7,MORTAL KOMBAT II,21cineplex,,25MKT2,"Action, Adventure",116 menit,D17+,2D,2026-05-16,1c3ade3f-27d0-4a0e-a44a-46a80de7973f,2026-05-16T13:57:38.068558
b3b725dc-a6b6-42dc-84d0-58bac8058ac7,STAR WARS: THE MANDALORIAN AND GROGU,21cineplex,,26SWMG,"Fantasy, Sci-Fi",132 menit,13+,2D,2026-05-20,5320d252-7ce5-4cac-bb3e-0b134cd1dab5,2026-05-16T13:57:38.068642
2cc4638d-e96d-4677-8739-f6661f6252dd,FUZE,21cineplex,,26FUZE,"Action, Crime",96 menit,D17+,2D,2026-05-16,2b79ec94-a5b3-4366-b8ad-282254a2192e,2026-05-16T13:57:39.825107
2cc4638d-e96d-4677-8739-f6661f6252dd,GOHAN,21cineplex,,26GOHN,Drama,140 menit,SU,2D,2026-05-16,0880cc9b-38eb-43c4-aed6-b602eec53f27,2026-05-16T13:57:39.825302
2cc4638d-e96d-4677-8739-f6661f6252dd,IN THE GREY,21cineplex,,26ITGY,"Action, Thriller",97 menit,13+,2D,2026-05-16,ce3695c6-76f4-4fa8-ac50-84d79debfba7,2026-05-16T13:57:39.825671
2cc4638d-e96d-4677-8739-f6661f6252dd,MORTAL KOMBAT II,21cineplex,,25MKT2,"Action, Adventure",116 menit,D17+,2D,2026-05-16,19210edf-04b7-41eb-ac2c-2e703a257da6,2026-05-16T13:57:39.825857
2cc4638d-e96d-4677-8739-f6661f6252dd,MICHAEL,21cineplex,,26MICL,Biography,127 menit,SU,2D,2026-05-16,18bb709c-61a4-4378-b3cb-d20c7efb7a4a,2026-05-16T13:57:39.826044
2cc4638d-e96d-4677-8739-f6661f6252dd,THE SHEEP DETECTIVES,21cineplex,,26SDES,"Comedy, Mystery",109 menit,SU,2D,2026-05-16,8332b006-a2d7-448a-a114-a369720a87cd,2026-05-16T13:57:39.826201
2cc4638d-e96d-4677-8739-f6661f6252dd,GOHAN,21cineplex,,26GOHN,Drama,140 menit,SU,2D,2026-05-17,b464ea95-365e-472c-91ed-e41f63257acd,2026-05-16T13:57:39.826359
2cc4638d-e96d-4677-8739-f6661f6252dd,STAR WARS: THE MANDALORIAN AND GROGU,21cineplex,,26SWMG,"Fantasy, Sci-Fi",132 menit,13+,2D,2026-05-20,4d9b6fe8-f2f4-4a15-b522-b0de6d3948b2,2026-05-16T13:57:39.826581
1cbf9951-cb72-4ae5-8a36-52b4d08ff4d4,SEMUA AKAN BAIK-BAIK SAJA,21cineplex,,16SABB,Drama,113 menit,13+,2D,2026-05-16,328ec80f-9d75-41c3-83b7-89b5de750c33,2026-05-16T13:57:42.988786
1cbf9951-cb72-4ae5-8a36-52b4d08ff4d4,GOHAN,21cineplex,,26GOHN,Drama,140 menit,SU,2D,2026-05-16,416a9686-bc9a-443d-bd7f-c512a45f86c4,2026-05-16T13:57:42.989129
1cbf9951-cb72-4ae5-8a36-52b4d08ff4d4,IN THE GREY,21cineplex,,26ITGY,"Action, Thriller",97 menit,13+,2D,2026-05-16,da63336c-a59a-483d-9c4a-d807236d1f11,2026-05-16T13:57:42.989236
1cbf9951-cb72-4ae5-8a36-52b4d08ff4d4,THE DEVIL WEARS PRADA 2,21cineplex,,26DWP2,"Comedy, Drama",119 menit,13+,2D,2026-05-16,e7d119c9-6635-4da6-b3d0-584c5aee17cd,2026-05-16T13:57:42.989350
1cbf9951-cb72-4ae5-8a36-52b4d08ff4d4,GHOST IN THE CELL,21cineplex,,16GITC,"Comedy, Horror",106 menit,D17+,2D,2026-05-16,a3a3b3b5-b780-44c3-8b0c-57781e81b32b,2026-05-16T13:57:42.989470
1cbf9951-cb72-4ae5-8a36-52b4d08ff4d4,SEMUA AKAN BAIK-BAIK SAJA,21cineplex,,16SABB,Drama,113 menit,13+,2D,2026-05-17,009aba64-2d5b-4c4a-9b7d-e60b29b892aa,2026-05-16T13:57:42.989605
1cbf9951-cb72-4ae5-8a36-52b4d08ff4d4,STAR WARS: THE MANDALORIAN AND GROGU,21cineplex,,26SWMG,"Fantasy, Sci-Fi",132 menit,13+,2D,2026-05-20,514aad3b-4066-48e0-a4d0-588172ba8b87,2026-05-16T13:57:42.989760
1cbf9951-cb72-4ae5-8a36-52b4d08ff4d4,KELUARGA SUAMI ADALAH HAMA,21cineplex,,16KSAH,Drama,117 menit,13+,2D,2026-05-21,bc8671ad-c6d1-46c3-a117-702f7e0ceba8,2026-05-16T13:57:42.989869
1cbf9951-cb72-4ae5-8a36-52b4d08ff4d4,SEKAWAN LIMO 2: GUNUNG KLAWIH,21cineplex,,16SK2G,"Comedy, Horror",122 menit,13+,2D,2026-05-27,2aa821b0-1dbb-4918-9274-e27fe5f6d088,2026-05-16T13:57:42.990013
f6205c89-bc38-43a8-874b-03fc59194f57,SEMUA AKAN BAIK-BAIK SAJA,21cineplex,,16SABB,Drama,113 menit,13+,2D,2026-05-16,298deee8-4980-463b-988f-5556ce30af08,2026-05-16T13:57:47.281261
f6205c89-bc38-43a8-874b-03fc59194f57,GHOST IN THE CELL,21cineplex,,16GITC,"Comedy, Horror",106 menit,D17+,2D,2026-05-16,e782b9e0-63c9-428c-969f-8703510afcb9,2026-05-16T13:57:47.281532
f6205c89-bc38-43a8-874b-03fc59194f57,IN THE GREY,21cineplex,,26ITGY,"Action, Thriller",97 menit,13+,2D,2026-05-16,7d79a3f1-b009-447c-a14d-a573c59cf011,2026-05-16T13:57:47.281706
f6205c89-bc38-43a8-874b-03fc59194f57,TOP GUN (RE-RELEASE),21cineplex,,26TGUN,Action,109 menit,D17+,2D,2026-05-16,147412eb-813b-406c-b368-b1fb6645a9ad,2026-05-16T13:57:47.281880
f6205c89-bc38-43a8-874b-03fc59194f57,TUMBAL PROYEK,21cineplex,,16TPRK,Horror,106 menit,D17+,2D,2026-05-16,80795ad6-b6eb-4467-bec2-8dd9c0d3f280,2026-05-16T13:57:47.281978
f6205c89-bc38-43a8-874b-03fc59194f57,TOP GUN: MAVERICK (RE-RELEASE),21cineplex,,26TGMK,Action,130 menit,SU,2D,2026-05-16,9cc63be1-c407-4f2d-a09d-25f4f1b6a301,2026-05-16T13:57:47.282142
f6205c89-bc38-43a8-874b-03fc59194f57,YANG LAIN BOLEH HILANG ASAL KAU JANGAN,21cineplex,,16YLBH,Drama,113 menit,13+,2D,2026-05-16,1b10bf40-e442-4eff-9916-2e3cc759fbb5,2026-05-16T13:57:47.282218
f6205c89-bc38-43a8-874b-03fc59194f57,MORTAL KOMBAT II,21cineplex,,25MKT2,"Action, Adventure",116 menit,D17+,2D,2026-05-16,05d4257e-3b23-4f3a-98e6-5e299d62962e,2026-05-16T13:57:47.282397
f6205c89-bc38-43a8-874b-03fc59194f57,GOHAN,21cineplex,,26GOHN,Drama,140 menit,SU,2D,2026-05-16,0e83b755-36de-4e29-8f8a-63aadb701e60,2026-05-16T13:57:47.282529
f6205c89-bc38-43a8-874b-03fc59194f57,TUMBAL PROYEK,21cineplex,,16TPRK,Horror,106 menit,D17+,2D,2026-05-17,8e9434b6-7ecc-4d90-8f89-31ea6399f85d,2026-05-16T13:57:47.282709
f6205c89-bc38-43a8-874b-03fc59194f57,KELUARGA SUAMI ADALAH HAMA,21cineplex,,16KSAH,Drama,117 menit,13+,2D,2026-05-21,cb723410-b2f2-4264-97e4-1e06e6f04cbe,2026-05-16T13:57:47.282931
f6205c89-bc38-43a8-874b-03fc59194f57,SEKAWAN LIMO 2: GUNUNG KLAWIH,21cineplex,,16SK2G,"Comedy, Horror",122 menit,13+,2D,2026-05-27,031083ca-7216-495a-8d1a-008270847fad,2026-05-16T13:57:47.283126
f6205c89-bc38-43a8-874b-03fc59194f57,CHILDREN OF HEAVEN,21cineplex,,16COHN,"Drama, Family",97 menit,SU,2D,2026-05-27,bbc43b30-cd5f-4e33-8ead-384e1bd93ce9,2026-05-16T13:57:47.283649
2c998ea8-08e8-4abd-88da-4a2db539d4c1,GOHAN,21cineplex,,26GOHN,Drama,140 menit,SU,2D,2026-05-16,9a379dc4-3351-44f9-8d44-48fa724bd040,2026-05-16T13:57:49.136969
2c998ea8-08e8-4abd-88da-4a2db539d4c1,SEMUA AKAN BAIK-BAIK SAJA,21cineplex,,16SABB,Drama,113 menit,13+,2D,2026-05-16,2131b235-4288-4c54-9083-12de8f34cf3b,2026-05-16T13:57:49.137090
2c998ea8-08e8-4abd-88da-4a2db539d4c1,GHOST IN THE CELL,21cineplex,,16GITC,"Comedy, Horror",106 menit,D17+,2D,2026-05-16,1170a411-2c5b-48c9-a2a0-4e69aecd4f0c,2026-05-16T13:57:49.137209
2c998ea8-08e8-4abd-88da-4a2db539d4c1,TUMBAL PROYEK,21cineplex,,16TPRK,Horror,106 menit,D17+,2D,2026-05-16,995356e3-c6d8-4c5a-aefd-b7756e979fe1,2026-05-16T13:57:49.137254
2c998ea8-08e8-4abd-88da-4a2db539d4c1,MORTAL KOMBAT II,21cineplex,,25MKT2,"Action, Adventure",116 menit,D17+,2D,2026-05-16,331418b3-a6dc-4feb-a42c-6804ab9fa3e9,2026-05-16T13:57:49.137315
2c998ea8-08e8-4abd-88da-4a2db539d4c1,STAR WARS: THE MANDALORIAN AND GROGU,21cineplex,,26SWMG,"Fantasy, Sci-Fi",132 menit,13+,2D,2026-05-20,c2b24200-1e33-4c2a-9d67-c37c38075f22,2026-05-16T13:57:49.137372
2c998ea8-08e8-4abd-88da-4a2db539d4c1,KELUARGA SUAMI ADALAH HAMA,21cineplex,,16KSAH,Drama,117 menit,13+,2D,2026-05-21,ccaa7570-e048-42ed-a8b7-01ddc1fbc81c,2026-05-16T13:57:49.137445
2c998ea8-08e8-4abd-88da-4a2db539d4c1,SEKAWAN LIMO 2: GUNUNG KLAWIH,21cineplex,,16SK2G,"Comedy, Horror",122 menit,13+,2D,2026-05-27,431561c2-8ddb-4b24-9b4c-0274ba8c1a10,2026-05-16T13:57:49.137548
fcf6613a-d1d9-45cc-9823-47d3f0ce5fe6,GHOST IN THE CELL,21cineplex,,16GITC,"Comedy, Horror",106 menit,D17+,2D,2026-05-16,cfc2004c-871a-4f68-b446-1305b0a94f3e,2026-05-16T13:57:50.252258
fcf6613a-d1d9-45cc-9823-47d3f0ce5fe6,CROCODILE TEARS,21cineplex,,16CTES,Drama,98 menit,D17+,2D,2026-05-16,bdfa7639-1d5f-4acb-a063-6eb569f22fc3,2026-05-16T13:57:50.252393
fcf6613a-d1d9-45cc-9823-47d3f0ce5fe6,YANG LAIN BOLEH HILANG ASAL KAU JANGAN,21cineplex,,16YLBH,Drama,113 menit,13+,2D,2026-05-16,aff55829-0581-4ea9-ab6c-b0279196eb05,2026-05-16T13:57:50.252477
fcf6613a-d1d9-45cc-9823-47d3f0ce5fe6,SALMOKJI: WHISPERING WATER,21cineplex,,26SWWR,Horror,95 menit,D17+,2D,2026-05-16,cd1cd370-0c1f-464a-bbe3-6f34b50ee793,2026-05-16T13:57:50.252586
fcf6613a-d1d9-45cc-9823-47d3f0ce5fe6,GOHAN,21cineplex,,26GOHN,Drama,140 menit,SU,2D,2026-05-16,5fb0dbf0-0ce2-43c8-957c-08e004c27d9f,2026-05-16T13:57:50.252655
fcf6613a-d1d9-45cc-9823-47d3f0ce5fe6,SEMUA AKAN BAIK-BAIK SAJA,21cineplex,,16SABB,Drama,113 menit,13+,2D,2026-05-16,c96765b9-b3df-4104-bca0-f495838a2050,2026-05-16T13:57:50.252729
fcf6613a-d1d9-45cc-9823-47d3f0ce5fe6,CHILDREN OF HEAVEN,21cineplex,,16COHN,"Drama, Family",97 menit,SU,2D,2026-05-17,405de034-f85e-4885-bc9c-60b811cbac61,2026-05-16T13:57:50.252857
fcf6613a-d1d9-45cc-9823-47d3f0ce5fe6,SEMUA AKAN BAIK-BAIK SAJA,21cineplex,,16SABB,Drama,113 menit,13+,2D,2026-05-17,e88b6e8c-fa37-4e97-b4af-7caa59fadaef,2026-05-16T13:57:50.252919
fcf6613a-d1d9-45cc-9823-47d3f0ce5fe6,STAR WARS: THE MANDALORIAN AND GROGU,21cineplex,,26SWMG,"Fantasy, Sci-Fi",132 menit,13+,2D,2026-05-20,a493feb9-832d-4d3f-9f9e-01816aa833ba,2026-05-16T13:57:50.253036
fcf6613a-d1d9-45cc-9823-47d3f0ce5fe6,KELUARGA SUAMI ADALAH HAMA,21cineplex,,16KSAH,Drama,117 menit,13+,2D,2026-05-21,fd245658-dc63-4215-8220-68d67a3db664,2026-05-16T13:57:50.253126
fcf6613a-d1d9-45cc-9823-47d3f0ce5fe6,SEKAWAN LIMO 2: GUNUNG KLAWIH,21cineplex,,16SK2G,"Comedy, Horror",122 menit,13+,2D,2026-05-27,4c2fed15-b0cb-4caa-ba5e-2b3cbff6374c,2026-05-16T13:57:50.253244
fcf6613a-d1d9-45cc-9823-47d3f0ce5fe6,SUAMIKU LUKAKU,21cineplex,,16SLUU,Drama,92 menit,D17+,2D,2026-05-27,00b1b6b3-1c1a-44a7-8429-3522b36f1204,2026-05-16T13:57:50.253346
fcf6613a-d1d9-45cc-9823-47d3f0ce5fe6,CHILDREN OF HEAVEN,21cineplex,,16COHN,"Drama, Family",97 menit,SU,2D,2026-05-27,542da230-0656-451f-81f0-fb7acfa0ed5c,2026-05-16T13:57:50.253439
4aa22a6a-21d9-4b7c-adb3-e69432af7622,SEMUA AKAN BAIK-BAIK SAJA,21cineplex,,16SABB,Drama,113 menit,13+,2D,2026-05-16,89790af6-dd92-42a6-87c7-ef41c4feda02,2026-05-16T13:57:51.936637
4aa22a6a-21d9-4b7c-adb3-e69432af7622,GHOST IN THE CELL,21cineplex,,16GITC,"Comedy, Horror",106 menit,D17+,2D,2026-05-16,3a119833-20d3-4545-a877-5b403a806643,2026-05-16T13:57:51.936744
4aa22a6a-21d9-4b7c-adb3-e69432af7622,GOHAN,21cineplex,,26GOHN,Drama,140 menit,SU,2D,2026-05-16,b0617b8c-91e1-46b6-81b1-9d3d4898961f,2026-05-16T13:57:51.936809
4aa22a6a-21d9-4b7c-adb3-e69432af7622,YANG LAIN BOLEH HILANG ASAL KAU JANGAN,21cineplex,,16YLBH,Drama,113 menit,13+,2D,2026-05-16,97b425e2-bd64-499b-9b9b-971692bd9498,2026-05-16T13:57:51.936848
4aa22a6a-21d9-4b7c-adb3-e69432af7622,TUMBAL PROYEK,21cineplex,,16TPRK,Horror,106 menit,D17+,2D,2026-05-16,d5c4f4be-216f-439a-9746-20c7893d0045,2026-05-16T13:57:51.936893
4aa22a6a-21d9-4b7c-adb3-e69432af7622,KELUARGA SUAMI ADALAH HAMA,21cineplex,,16KSAH,Drama,117 menit,13+,2D,2026-05-21,a1253b09-35ed-41d0-91d6-8993303e782b,2026-05-16T13:57:51.936954
4aa22a6a-21d9-4b7c-adb3-e69432af7622,SEKAWAN LIMO 2: GUNUNG KLAWIH,21cineplex,,16SK2G,"Comedy, Horror",122 menit,13+,2D,2026-05-27,4c2bd1c1-d270-474c-81e7-d09942c0c54e,2026-05-16T13:57:51.937054
0bca273e-5346-4375-9124-54ac02ebed89,IN THE GREY,21cineplex,,26ITGY,"Action, Thriller",97 menit,13+,2D,2026-05-16,a3654a5d-6fdc-4341-86ab-c3ff3874f263,2026-05-16T13:57:53.381433
0bca273e-5346-4375-9124-54ac02ebed89,SEMUA AKAN BAIK-BAIK SAJA,21cineplex,,16SABB,Drama,113 menit,13+,2D,2026-05-16,151e27cc-2cc3-4a86-ae42-4e31bd687936,2026-05-16T13:57:53.381659
0bca273e-5346-4375-9124-54ac02ebed89,TUMBAL PROYEK,21cineplex,,16TPRK,Horror,106 menit,D17+,2D,2026-05-16,216b9e88-76fe-4b27-972e-489c2f188489,2026-05-16T13:57:53.381867
0bca273e-5346-4375-9124-54ac02ebed89,SALMOKJI: WHISPERING WATER,21cineplex,,26SWWR,Horror,95 menit,D17+,2D,2026-05-16,66e75bf2-888f-4e1d-a9ac-c5d8adec15e8,2026-05-16T13:57:53.382026
0bca273e-5346-4375-9124-54ac02ebed89,THE DEVIL WEARS PRADA 2,21cineplex,,26DWP2,"Comedy, Drama",119 menit,13+,2D,2026-05-16,4c07ce3f-f1ff-4149-b420-362a8ae98278,2026-05-16T13:57:53.382127
0bca273e-5346-4375-9124-54ac02ebed89,GOHAN,21cineplex,,26GOHN,Drama,140 menit,SU,2D,2026-05-16,c4224240-9b60-471a-b09b-8c1a0bc3ece7,2026-05-16T13:57:53.382318
0bca273e-5346-4375-9124-54ac02ebed89,MICHAEL,21cineplex,,26MICL,Biography,127 menit,SU,2D,2026-05-16,ed4eb380-e8da-4e89-9d76-0105f30c4afb,2026-05-16T13:57:53.382477
0bca273e-5346-4375-9124-54ac02ebed89,YANG LAIN BOLEH HILANG ASAL KAU JANGAN,21cineplex,,16YLBH,Drama,113 menit,13+,2D,2026-05-16,5dd492d4-1ddb-401c-8a7f-4df378583fc1,2026-05-16T13:57:53.382649
0bca273e-5346-4375-9124-54ac02ebed89,THE SHEEP DETECTIVES,21cineplex,,26SDES,"Comedy, Mystery",109 menit,SU,2D,2026-05-16,a4913d62-fde0-48b4-9f4e-6c621f05497d,2026-05-16T13:57:53.382782
0bca273e-5346-4375-9124-54ac02ebed89,MORTAL KOMBAT II,21cineplex,,25MKT2,"Action, Adventure",116 menit,D17+,2D,2026-05-16,be0a0dde-d847-413c-bc35-cda0e92e43ca,2026-05-16T13:57:53.382938
0bca273e-5346-4375-9124-54ac02ebed89,MOBILE SUIT GUNDAM HATHAWAY,21cineplex,,26MSGH,Animation,96 menit,13+,2D,2026-05-16,c3a54b19-9b3a-4fdd-89ba-7519249415b5,2026-05-16T13:57:53.383067
0bca273e-5346-4375-9124-54ac02ebed89,GHOST IN THE CELL,21cineplex,,16GITC,"Comedy, Horror",106 menit,D17+,2D,2026-05-16,327d1c95-69cd-4d04-8b07-4506bf14f132,2026-05-16T13:57:53.383152
0bca273e-5346-4375-9124-54ac02ebed89,PATI PATNI AUR WOH DO,21cineplex,,26PPAW,"Comedy, Romance",115 menit,D17+,2D,2026-05-16,13b313a1-444a-4525-be94-3b658e324566,2026-05-16T13:57:53.383317
0bca273e-5346-4375-9124-54ac02ebed89,FUZE,21cineplex,,26FUZE,"Action, Crime",96 menit,D17+,2D,2026-05-16,7436cd22-05a5-45d7-9bbf-3498993610ce,2026-05-16T13:57:53.383442
0bca273e-5346-4375-9124-54ac02ebed89,MICHAEL,21cineplex,,26MICL,Biography,127 menit,SU,2D,2026-05-17,2dc0b177-a29c-4612-bdcb-fafa2579b705,2026-05-16T13:57:53.383540
0bca273e-5346-4375-9124-54ac02ebed89,SEMUA AKAN BAIK-BAIK SAJA,21cineplex,,16SABB,Drama,113 menit,13+,2D,2026-05-17,f989808f-f864-4302-a671-023f218d076c,2026-05-16T13:57:53.383711
0bca273e-5346-4375-9124-54ac02ebed89,STAR WARS: THE MANDALORIAN AND GROGU,21cineplex,,26SWMG,"Fantasy, Sci-Fi",132 menit,13+,2D,2026-05-20,df9b5127-3d66-4c88-bfb5-201bcef39190,2026-05-16T13:57:53.383940
0bca273e-5346-4375-9124-54ac02ebed89,KELUARGA SUAMI ADALAH HAMA,21cineplex,,16KSAH,Drama,117 menit,13+,2D,2026-05-21,47c3dbbb-c2e8-4171-bc3f-973928e84c25,2026-05-16T13:57:53.384089
0bca273e-5346-4375-9124-54ac02ebed89,KAMU HARUS MATI,21cineplex,,16KHMI,"Horror, Mystery, Thriller",90 menit,13+,2D,2026-05-21,f5115722-d6c3-4104-9c94-224291c50ef1,2026-05-16T13:57:53.384278
0bca273e-5346-4375-9124-54ac02ebed89,SEKAWAN LIMO 2: GUNUNG KLAWIH,21cineplex,,16SK2G,"Comedy, Horror",122 menit,13+,2D,2026-05-27,49b4d78e-78a7-4e89-a201-1870fc7655c2,2026-05-16T13:57:53.384509
98b7f4a5-d7fd-4a3a-9f08-92892c50b8b4,SALMOKJI: WHISPERING WATER,21cineplex,,26SWWR,Horror,95 menit,D17+,2D,2026-05-16,c2dc59c7-daab-4921-a15c-5136a7630b28,2026-05-16T13:57:57.977929
98b7f4a5-d7fd-4a3a-9f08-92892c50b8b4,TUMBAL PROYEK,21cineplex,,16TPRK,Horror,106 menit,D17+,2D,2026-05-16,4e7b71b4-e55a-4b69-b603-372dca81ef26,2026-05-16T13:57:57.978117
98b7f4a5-d7fd-4a3a-9f08-92892c50b8b4,THE SHEEP DETECTIVES,21cineplex,,26SDES,"Comedy, Mystery",109 menit,SU,2D,2026-05-16,01a9dcca-896b-4422-8e0d-710bccd809e7,2026-05-16T13:57:57.978358
98b7f4a5-d7fd-4a3a-9f08-92892c50b8b4,SEMUA AKAN BAIK-BAIK SAJA,21cineplex,,16SABB,Drama,113 menit,13+,2D,2026-05-16,34c2b4db-2018-4f3c-953e-5de14996edc8,2026-05-16T13:57:57.978539
98b7f4a5-d7fd-4a3a-9f08-92892c50b8b4,THE DEVIL WEARS PRADA 2,21cineplex,,26DWP2,"Comedy, Drama",119 menit,13+,2D,2026-05-16,e53e5e24-da8d-499d-92f0-7e0932fd818d,2026-05-16T13:57:57.978837
98b7f4a5-d7fd-4a3a-9f08-92892c50b8b4,GOHAN,21cineplex,,26GOHN,Drama,140 menit,SU,2D,2026-05-16,959e5933-5cdc-4773-8fb4-0c11cd1d17c5,2026-05-16T13:57:57.979056
98b7f4a5-d7fd-4a3a-9f08-92892c50b8b4,IN THE GREY,21cineplex,,26ITGY,"Action, Thriller",97 menit,13+,2D,2026-05-16,b6e9237d-357a-4f52-b687-d8c981aa327f,2026-05-16T13:57:57.979271
98b7f4a5-d7fd-4a3a-9f08-92892c50b8b4,MICHAEL,21cineplex,,26MICL,Biography,127 menit,SU,2D,2026-05-16,02cc85f2-0dae-4474-9f9b-359cc9f57502,2026-05-16T13:57:57.979408
98b7f4a5-d7fd-4a3a-9f08-92892c50b8b4,SEMUA AKAN BAIK-BAIK SAJA,21cineplex,,16SABB,Drama,113 menit,13+,2D,2026-05-17,babc8bb0-d27e-4d37-ad10-e3a74f50083e,2026-05-16T13:57:57.979580
98b7f4a5-d7fd-4a3a-9f08-92892c50b8b4,MICHAEL,21cineplex,,26MICL,Biography,127 menit,SU,2D,2026-05-17,3665c619-5947-48a6-8b36-5747abb79470,2026-05-16T13:57:57.979798
98b7f4a5-d7fd-4a3a-9f08-92892c50b8b4,STAR WARS: THE MANDALORIAN AND GROGU,21cineplex,,26SWMG,"Fantasy, Sci-Fi",132 menit,13+,2D,2026-05-20,6eadd8db-bf2b-4b63-a41e-691df5e48ac6,2026-05-16T13:57:57.979965
98b7f4a5-d7fd-4a3a-9f08-92892c50b8b4,SEKAWAN LIMO 2: GUNUNG KLAWIH,21cineplex,,16SK2G,"Comedy, Horror",122 menit,13+,2D,2026-05-27,d7e07850-2a42-4dbb-982b-029bb03b4132,2026-05-16T13:57:57.980129
69ac01cf-9420-4459-be19-7d2bb5ae9594,SEMUA AKAN BAIK-BAIK SAJA,21cineplex,,16SABB,Drama,113 menit,13+,2D,2026-05-16,dad22b4c-da04-4a27-aa62-e20e33e90b82,2026-05-16T13:58:00.916841
69ac01cf-9420-4459-be19-7d2bb5ae9594,MORTAL KOMBAT II,21cineplex,,25MKT2,"Action, Adventure",116 menit,D17+,2D,2026-05-16,70fed77b-33f8-4265-820d-ffc359353fda,2026-05-16T13:58:00.917100
69ac01cf-9420-4459-be19-7d2bb5ae9594,IN THE GREY,21cineplex,,26ITGY,"Action, Thriller",97 menit,13+,2D,2026-05-16,62afc4ce-4f85-4126-ab85-9a91337456d3,2026-05-16T13:58:00.917264
69ac01cf-9420-4459-be19-7d2bb5ae9594,GHOST IN THE CELL,21cineplex,,16GITC,"Comedy, Horror",106 menit,D17+,2D,2026-05-16,89b05c55-a03f-4489-98ae-1ee511b6946b,2026-05-16T13:58:00.917365
69ac01cf-9420-4459-be19-7d2bb5ae9594,THE DEVIL WEARS PRADA 2,21cineplex,,26DWP2,"Comedy, Drama",119 menit,13+,2D,2026-05-16,8523fde4-864a-451e-85ea-c892c92daada,2026-05-16T13:58:00.917487
69ac01cf-9420-4459-be19-7d2bb5ae9594,GOHAN,21cineplex,,26GOHN,Drama,140 menit,SU,2D,2026-05-16,0abbce0b-340f-42ed-a4b5-b3c753aa55b1,2026-05-16T13:58:00.917597
69ac01cf-9420-4459-be19-7d2bb5ae9594,DILAN ITB 1997,21cineplex,,16DI97,"Drama, Romance",110 menit,13+,2D,2026-05-16,e4bc5eb7-b40e-433e-a968-bb10ddeb3bff,2026-05-16T13:58:00.917730
69ac01cf-9420-4459-be19-7d2bb5ae9594,TUMBAL PROYEK,21cineplex,,16TPRK,Horror,106 menit,D17+,2D,2026-05-16,e6e35685-7457-4056-971f-dc8c4fb391d8,2026-05-16T13:58:00.917834
69ac01cf-9420-4459-be19-7d2bb5ae9594,SEMUA AKAN BAIK-BAIK SAJA,21cineplex,,16SABB,Drama,113 menit,13+,2D,2026-05-17,e4007ec4-611c-4b9d-926b-90ea7aa51e2b,2026-05-16T13:58:00.918034
69ac01cf-9420-4459-be19-7d2bb5ae9594,STAR WARS: THE MANDALORIAN AND GROGU,21cineplex,,26SWMG,"Fantasy, Sci-Fi",132 menit,13+,2D,2026-05-20,76143ce6-aabb-4634-859b-d27791ad38b4,2026-05-16T13:58:00.918245
69ac01cf-9420-4459-be19-7d2bb5ae9594,KAMU HARUS MATI,21cineplex,,16KHMI,"Horror, Mystery, Thriller",90 menit,13+,2D,2026-05-21,d7955546-9654-4d38-bc98-251efc203555,2026-05-16T13:58:00.918401
69ac01cf-9420-4459-be19-7d2bb5ae9594,KELUARGA SUAMI ADALAH HAMA,21cineplex,,16KSAH,Drama,117 menit,13+,2D,2026-05-21,14025fec-3df6-4bc2-b9f3-4e0af0b0b9b1,2026-05-16T13:58:00.918637
69ac01cf-9420-4459-be19-7d2bb5ae9594,SEKAWAN LIMO 2: GUNUNG KLAWIH,21cineplex,,16SK2G,"Comedy, Horror",122 menit,13+,2D,2026-05-27,e2d80b8a-fc1e-491f-b2dd-5c6b42b61dd3,2026-05-16T13:58:00.918871
69ac01cf-9420-4459-be19-7d2bb5ae9594,CHILDREN OF HEAVEN,21cineplex,,16COHN,"Drama, Family",97 menit,SU,2D,2026-05-27,1710eeb7-efe9-44eb-aa2d-3b7756a190c8,2026-05-16T13:58:00.919037
ee927147-785b-4df6-a566-01a6c3450f90,DILAN ITB 1997,21cineplex,,16DI97,"Drama, Romance",110 menit,13+,2D,2026-05-16,69a86747-ff3d-499f-bebc-9cb8a1de5da4,2026-05-16T13:58:03.903192
ee927147-785b-4df6-a566-01a6c3450f90,TUMBAL PROYEK,21cineplex,,16TPRK,Horror,106 menit,D17+,2D,2026-05-16,a5b3a9af-ec1e-4765-b5bc-6f44dbd3f927,2026-05-16T13:58:03.903404
ee927147-785b-4df6-a566-01a6c3450f90,YANG LAIN BOLEH HILANG ASAL KAU JANGAN,21cineplex,,16YLBH,Drama,113 menit,13+,2D,2026-05-16,6c0bbab2-1bf3-4169-bd98-d49b64e2ff3f,2026-05-16T13:58:03.903583
ee927147-785b-4df6-a566-01a6c3450f90,SEMUA AKAN BAIK-BAIK SAJA,21cineplex,,16SABB,Drama,113 menit,13+,2D,2026-05-16,c0049387-3e5b-460c-9575-e38a30b5adf1,2026-05-16T13:58:03.903781
ee927147-785b-4df6-a566-01a6c3450f90,GHOST IN THE CELL,21cineplex,,16GITC,"Comedy, Horror",106 menit,D17+,2D,2026-05-16,a6673ecf-5cc6-4e19-94c2-bbe749ce7db3,2026-05-16T13:58:03.903978
ee927147-785b-4df6-a566-01a6c3450f90,CHILDREN OF HEAVEN,21cineplex,,16COHN,"Drama, Family",97 menit,SU,2D,2026-05-27,9a35f164-3f29-46d1-a728-d7babf4add28,2026-05-16T13:58:03.904128
ee927147-785b-4df6-a566-01a6c3450f90,SUAMIKU LUKAKU,21cineplex,,16SLUU,Drama,92 menit,D17+,2D,2026-05-27,548c2a29-e6da-40cf-b91f-eb39e4c087c9,2026-05-16T13:58:03.904452
9b20e0b0-fbb1-4b48-a0fc-b75e6f95126f,SALMOKJI: WHISPERING WATER,21cineplex,,26SWWR,Horror,95 menit,D17+,2D,2026-05-16,463756d9-fc64-4e1b-8104-d509df9bbe25,2026-05-16T13:58:05.108444
9b20e0b0-fbb1-4b48-a0fc-b75e6f95126f,MORTAL KOMBAT II,21cineplex,,25MKT2,"Action, Adventure",116 menit,D17+,2D,2026-05-16,4062f718-c22e-41d3-b831-c0c31b8b81a8,2026-05-16T13:58:05.108720
9b20e0b0-fbb1-4b48-a0fc-b75e6f95126f,DILAN ITB 1997,21cineplex,,16DI97,"Drama, Romance",110 menit,13+,2D,2026-05-16,62198721-6bbb-46e0-addd-2a4df10dc5c9,2026-05-16T13:58:05.108903
9b20e0b0-fbb1-4b48-a0fc-b75e6f95126f,GOHAN,21cineplex,,26GOHN,Drama,140 menit,SU,2D,2026-05-16,0c91ac1c-ca5e-43d3-a0ab-d8d99c26d00f,2026-05-16T13:58:05.109040
9b20e0b0-fbb1-4b48-a0fc-b75e6f95126f,SEMUA AKAN BAIK-BAIK SAJA,21cineplex,,16SABB,Drama,113 menit,13+,2D,2026-05-16,9f87d6b5-6f2a-4de6-a2d4-d3b16c9f87ce,2026-05-16T13:58:05.109229
9b20e0b0-fbb1-4b48-a0fc-b75e6f95126f,IN THE GREY,21cineplex,,26ITGY,"Action, Thriller",97 menit,13+,2D,2026-05-16,67e0483b-2968-4917-be08-b20905f4fcde,2026-05-16T13:58:05.109486
9b20e0b0-fbb1-4b48-a0fc-b75e6f95126f,GHOST IN THE CELL,21cineplex,,16GITC,"Comedy, Horror",106 menit,D17+,2D,2026-05-16,e72e71e0-e108-4b5f-be93-65428a06fbeb,2026-05-16T13:58:05.109602
9b20e0b0-fbb1-4b48-a0fc-b75e6f95126f,KELUARGA SUAMI ADALAH HAMA,21cineplex,,16KSAH,Drama,117 menit,13+,2D,2026-05-21,e0355a85-99d9-45dc-befe-5520d4a9d0c4,2026-05-16T13:58:05.109782
9b20e0b0-fbb1-4b48-a0fc-b75e6f95126f,SEKAWAN LIMO 2: GUNUNG KLAWIH,21cineplex,,16SK2G,"Comedy, Horror",122 menit,13+,2D,2026-05-27,5c9d6809-ea5f-47f5-b48c-52617b7553e3,2026-05-16T13:58:05.110193
61e1808d-eb14-4220-8374-59ec3d5a3273,MORTAL KOMBAT II,21cineplex,,25MKT2,"Action, Adventure",116 menit,D17+,2D,2026-05-16,b0d25c85-1bcb-41b9-95fe-14c324c323a8,2026-05-16T13:58:06.966028
61e1808d-eb14-4220-8374-59ec3d5a3273,GHOST IN THE CELL,21cineplex,,16GITC,"Comedy, Horror",106 menit,D17+,2D,2026-05-16,8cbfe3a2-85e6-4446-8799-c9af31b8ad40,2026-05-16T13:58:06.966203
61e1808d-eb14-4220-8374-59ec3d5a3273,SEMUA AKAN BAIK-BAIK SAJA,21cineplex,,16SABB,Drama,113 menit,13+,2D,2026-05-16,e9fc8d13-19fb-4dd3-be2a-fbfab20545fc,2026-05-16T13:58:06.966303
61e1808d-eb14-4220-8374-59ec3d5a3273,MICHAEL,21cineplex,,26MICL,Biography,127 menit,SU,2D,2026-05-16,5a17c680-2abc-4efc-bed4-89514acc7ca8,2026-05-16T13:58:06.966449
61e1808d-eb14-4220-8374-59ec3d5a3273,SALMOKJI: WHISPERING WATER,21cineplex,,26SWWR,Horror,95 menit,D17+,2D,2026-05-16,24d77c59-38c1-4d1c-b051-311b659740ae,2026-05-16T13:58:06.966513
61e1808d-eb14-4220-8374-59ec3d5a3273,THE SHEEP DETECTIVES,21cineplex,,26SDES,"Comedy, Mystery",109 menit,SU,2D,2026-05-16,789be081-e6ec-41fc-80a9-6b4d9224126d,2026-05-16T13:58:06.966600
61e1808d-eb14-4220-8374-59ec3d5a3273,THE DEVIL WEARS PRADA 2,21cineplex,,26DWP2,"Comedy, Drama",119 menit,13+,2D,2026-05-16,61137a56-279c-4390-8d20-aad3186d63b4,2026-05-16T13:58:06.966671
61e1808d-eb14-4220-8374-59ec3d5a3273,GOHAN,21cineplex,,26GOHN,Drama,140 menit,SU,2D,2026-05-16,ff26b85b-7a61-4545-a4b0-a69ed9c4ccd2,2026-05-16T13:58:06.966760
61e1808d-eb14-4220-8374-59ec3d5a3273,IN THE GREY,21cineplex,,26ITGY,"Action, Thriller",97 menit,13+,2D,2026-05-16,4edcb16b-7f6b-4018-b97a-d82be15f63c8,2026-05-16T13:58:06.966852
61e1808d-eb14-4220-8374-59ec3d5a3273,STAR WARS: THE MANDALORIAN AND GROGU,21cineplex,,26SWMG,"Fantasy, Sci-Fi",132 menit,13+,2D,2026-05-20,f70fc5e1-c548-400c-aa9d-10fc8b350503,2026-05-16T13:58:06.966935
61e1808d-eb14-4220-8374-59ec3d5a3273,KELUARGA SUAMI ADALAH HAMA,21cineplex,,16KSAH,Drama,117 menit,13+,2D,2026-05-21,7379f4ca-e9c3-46b7-b761-e8769596981f,2026-05-16T13:58:06.967039
61e1808d-eb14-4220-8374-59ec3d5a3273,SEKAWAN LIMO 2: GUNUNG KLAWIH,21cineplex,,16SK2G,"Comedy, Horror",122 menit,13+,2D,2026-05-27,13eb279f-a465-4945-9c37-c0179f8f0c87,2026-05-16T13:58:06.967148
6b808022-a971-446e-99db-34753b65f1bb,TUMBAL PROYEK,21cineplex,,16TPRK,Horror,106 menit,D17+,2D,2026-05-16,82b938f8-f9a5-4b88-b47d-7a2e49ff0a83,2026-05-16T13:58:09.953905
6b808022-a971-446e-99db-34753b65f1bb,LEE CRONIN'S THE MUMMY,21cineplex,,26LCTM,Horror,134 menit,D17+,2D,2026-05-16,c9a6a874-7392-4dcc-b256-25bd19723151,2026-05-16T13:58:09.954087
6b808022-a971-446e-99db-34753b65f1bb,IN THE GREY,21cineplex,,26ITGY,"Action, Thriller",97 menit,13+,2D,2026-05-16,62bf9740-14eb-4480-85b2-a62dfe82e40a,2026-05-16T13:58:09.954281
6b808022-a971-446e-99db-34753b65f1bb,THE SHEEP DETECTIVES,21cineplex,,26SDES,"Comedy, Mystery",109 menit,SU,2D,2026-05-16,6bb40554-c274-4f05-8a4b-5dd7b9c542ff,2026-05-16T13:58:09.954448
6b808022-a971-446e-99db-34753b65f1bb,MICHAEL,21cineplex,,26MICL,Biography,127 menit,SU,2D,2026-05-16,96ac8c2a-88c9-4ae1-a69d-e6751be07cc1,2026-05-16T13:58:09.954603
6b808022-a971-446e-99db-34753b65f1bb,GOHAN,21cineplex,,26GOHN,Drama,140 menit,SU,2D,2026-05-16,c1c6747c-e54d-4d6d-aa8d-61e8114ad9de,2026-05-16T13:58:09.954786
6b808022-a971-446e-99db-34753b65f1bb,TOP GUN (RE-RELEASE),21cineplex,,26TGUN,Action,109 menit,D17+,2D,2026-05-16,4c756439-b48c-4bd1-b271-b50748aecd38,2026-05-16T13:58:09.954908
6b808022-a971-446e-99db-34753b65f1bb,THE DEVIL WEARS PRADA 2,21cineplex,,26DWP2,"Comedy, Drama",119 menit,13+,2D,2026-05-16,61ccde9e-af11-43cd-a50f-bd4314bf81ad,2026-05-16T13:58:09.954993
6b808022-a971-446e-99db-34753b65f1bb,SALMOKJI: WHISPERING WATER,21cineplex,,26SWWR,Horror,95 menit,D17+,2D,2026-05-16,35fcb298-90c6-4559-bbfd-e5e0a9454a3f,2026-05-16T13:58:09.955077
6b808022-a971-446e-99db-34753b65f1bb,MICHAEL,21cineplex,,26MICL,Biography,127 menit,SU,2D,2026-05-17,0099cd5e-1a57-4d29-a32e-6b090facf5d5,2026-05-16T13:58:09.955238
6b808022-a971-446e-99db-34753b65f1bb,STAR WARS: THE MANDALORIAN AND GROGU,21cineplex,,26SWMG,"Fantasy, Sci-Fi",132 menit,13+,2D,2026-05-20,3df6c7f9-b557-40d9-ac63-774e29edacce,2026-05-16T13:58:09.955377
2d8cf9ee-b02d-4575-89a3-ee687ebc0185,YANG LAIN BOLEH HILANG ASAL KAU JANGAN,21cineplex,,16YLBH,Drama,113 menit,13+,2D,2026-05-16,87569403-13fe-4a85-a3c0-cd014a0eea0b,2026-05-16T13:58:13.805017
2d8cf9ee-b02d-4575-89a3-ee687ebc0185,SEMUA AKAN BAIK-BAIK SAJA,21cineplex,,16SABB,Drama,113 menit,13+,2D,2026-05-16,c76000e1-2506-4cfc-9f30-2631d767dfe7,2026-05-16T13:58:13.805328
2d8cf9ee-b02d-4575-89a3-ee687ebc0185,GHOST IN THE CELL,21cineplex,,16GITC,"Comedy, Horror",106 menit,D17+,2D,2026-05-16,6b1850fd-edd0-4159-8823-de3f89d2b9f2,2026-05-16T13:58:13.805569
2d8cf9ee-b02d-4575-89a3-ee687ebc0185,GOHAN,21cineplex,,26GOHN,Drama,140 menit,SU,2D,2026-05-16,d349c024-c5a3-469a-8c16-4359dfb8d863,2026-05-16T13:58:13.805712
2d8cf9ee-b02d-4575-89a3-ee687ebc0185,TUMBAL PROYEK,21cineplex,,16TPRK,Horror,106 menit,D17+,2D,2026-05-16,141f7e14-83b7-4fb7-aa5d-ef6551e6e79a,2026-05-16T13:58:13.805809
d78a4c97-520a-40e9-9882-8a548bda419a,YANG LAIN BOLEH HILANG ASAL KAU JANGAN,21cineplex,,16YLBH,Drama,113 menit,13+,2D,2026-05-16,559f976a-4f79-4c33-af22-0181bbe55bb5,2026-05-16T13:58:14.123516
d78a4c97-520a-40e9-9882-8a548bda419a,TUMBAL PROYEK,21cineplex,,16TPRK,Horror,106 menit,D17+,2D,2026-05-16,021552f1-732e-4e90-88ff-b65f8fb92a0f,2026-05-16T13:58:14.123929
d78a4c97-520a-40e9-9882-8a548bda419a,SEMUA AKAN BAIK-BAIK SAJA,21cineplex,,16SABB,Drama,113 menit,13+,2D,2026-05-16,8cf38ee7-3a1d-418f-bfdc-160ad1b075cb,2026-05-16T13:58:14.124150
d78a4c97-520a-40e9-9882-8a548bda419a,THE BELL: PANGGILAN UNTUK MATI,21cineplex,,16TBPU,Horror,91 menit,D17+,2D,2026-05-16,ce7205b3-3ebb-4d85-811b-d35f56001ee5,2026-05-16T13:58:14.124403
d78a4c97-520a-40e9-9882-8a548bda419a,THE SHEEP DETECTIVES,21cineplex,,26SDES,"Comedy, Mystery",109 menit,SU,2D,2026-05-16,580df9ea-4d66-4108-83b4-3931010d2379,2026-05-16T13:58:14.124781
d78a4c97-520a-40e9-9882-8a548bda419a,GOHAN,21cineplex,,26GOHN,Drama,140 menit,SU,2D,2026-05-16,9b22951c-eefe-4d8f-ae4c-7de0db55302b,2026-05-16T13:58:14.125027
d78a4c97-520a-40e9-9882-8a548bda419a,TUMBAL PROYEK,21cineplex,,16TPRK,Horror,106 menit,D17+,2D,2026-05-17,8344ef8b-8496-468f-998c-380b2169119a,2026-05-16T13:58:14.125177
d78a4c97-520a-40e9-9882-8a548bda419a,KAMU HARUS MATI,21cineplex,,16KHMI,"Horror, Mystery, Thriller",90 menit,13+,2D,2026-05-21,2f356500-f1ae-4d68-8228-ea39574071bb,2026-05-16T13:58:14.125383
d78a4c97-520a-40e9-9882-8a548bda419a,KELUARGA SUAMI ADALAH HAMA,21cineplex,,16KSAH,Drama,117 menit,13+,2D,2026-05-21,d25e5669-7b58-4aec-b382-6225e608d525,2026-05-16T13:58:14.125672
d78a4c97-520a-40e9-9882-8a548bda419a,CHILDREN OF HEAVEN,21cineplex,,16COHN,"Drama, Family",97 menit,SU,2D,2026-05-27,efd60d62-1f69-4edf-889c-520ee3f40ff3,2026-05-16T13:58:14.125913
d78a4c97-520a-40e9-9882-8a548bda419a,SUAMIKU LUKAKU,21cineplex,,16SLUU,Drama,92 menit,D17+,2D,2026-05-27,fd7f760e-8dd8-47b7-a01c-cba5e8bf7660,2026-05-16T13:58:14.126132
d78a4c97-520a-40e9-9882-8a548bda419a,SEKAWAN LIMO 2: GUNUNG KLAWIH,21cineplex,,16SK2G,"Comedy, Horror",122 menit,13+,2D,2026-05-27,7b920189-3a92-4b0e-aad6-e38fba539f78,2026-05-16T13:58:14.126338
d77930b4-af6e-4e5a-99ce-53a7bff82934,SEMUA AKAN BAIK-BAIK SAJA,21cineplex,,16SABB,Drama,113 menit,13+,2D,2026-05-16,12b1aed0-6045-4466-aa26-f5f085b34dd1,2026-05-16T13:58:15.927929
d77930b4-af6e-4e5a-99ce-53a7bff82934,IN THE GREY,21cineplex,,26ITGY,"Action, Thriller",97 menit,13+,2D,2026-05-16,a6998cc6-8551-4488-a2a6-3250948aaeae,2026-05-16T13:58:15.928141
d77930b4-af6e-4e5a-99ce-53a7bff82934,SALMOKJI: WHISPERING WATER,21cineplex,,26SWWR,Horror,95 menit,D17+,2D,2026-05-16,94f76914-4d05-43b9-99a7-368fcd553660,2026-05-16T13:58:15.928315
d77930b4-af6e-4e5a-99ce-53a7bff82934,GOHAN,21cineplex,,26GOHN,Drama,140 menit,SU,2D,2026-05-16,f7e3d9ce-6163-4bd4-93c7-c4cb3be66ef7,2026-05-16T13:58:15.928400
d77930b4-af6e-4e5a-99ce-53a7bff82934,MORTAL KOMBAT II,21cineplex,,25MKT2,"Action, Adventure",116 menit,D17+,2D,2026-05-16,19e9924f-ac34-4144-ac37-40cc5712db3b,2026-05-16T13:58:15.928502
d77930b4-af6e-4e5a-99ce-53a7bff82934,MICHAEL,21cineplex,,26MICL,Biography,127 menit,SU,2D,2026-05-16,305cd58c-4d11-4aa8-800a-2e1a3426574b,2026-05-16T13:58:15.928648
d77930b4-af6e-4e5a-99ce-53a7bff82934,GHOST IN THE CELL,21cineplex,,16GITC,"Comedy, Horror",106 menit,D17+,2D,2026-05-16,a17f6a26-4d03-46cf-8c06-ead312421e70,2026-05-16T13:58:15.928780
d77930b4-af6e-4e5a-99ce-53a7bff82934,STAR WARS: THE MANDALORIAN AND GROGU,21cineplex,,26SWMG,"Fantasy, Sci-Fi",132 menit,13+,2D,2026-05-20,0b614bef-cbc5-4516-a2dc-187ca5805c2f,2026-05-16T13:58:15.928906
4ad7374b-def4-4a4e-8ee1-77c9ec99a35d,GHOST IN THE CELL,21cineplex,,16GITC,"Comedy, Horror",106 menit,D17+,2D,2026-05-16,6d0fe223-1ac0-4826-844c-5823cde0a356,2026-05-16T13:58:18.594347
4ad7374b-def4-4a4e-8ee1-77c9ec99a35d,MICHAEL,21cineplex,,26MICL,Biography,127 menit,SU,2D,2026-05-16,5c6693ee-471c-4275-b38d-de043bf05e16,2026-05-16T13:58:18.594464
4ad7374b-def4-4a4e-8ee1-77c9ec99a35d,SEMUA AKAN BAIK-BAIK SAJA,21cineplex,,16SABB,Drama,113 menit,13+,2D,2026-05-16,a30a6a9b-61b0-47e2-aebb-a0c28090c998,2026-05-16T13:58:18.594518
4ad7374b-def4-4a4e-8ee1-77c9ec99a35d,GOHAN,21cineplex,,26GOHN,Drama,140 menit,SU,2D,2026-05-16,20dd9f9b-08f8-469c-8ec2-1ed8e2e098b6,2026-05-16T13:58:18.594640
4ad7374b-def4-4a4e-8ee1-77c9ec99a35d,TUMBAL PROYEK,21cineplex,,16TPRK,Horror,106 menit,D17+,2D,2026-05-16,3d42ea50-b542-4cae-8ea6-cf4fd7be310d,2026-05-16T13:58:18.594702
4ad7374b-def4-4a4e-8ee1-77c9ec99a35d,IN THE GREY,21cineplex,,26ITGY,"Action, Thriller",97 menit,13+,2D,2026-05-16,30e860b6-05b6-4c02-a1c5-5c226bbc9e67,2026-05-16T13:58:18.594756
4ad7374b-def4-4a4e-8ee1-77c9ec99a35d,THE DEVIL WEARS PRADA 2,21cineplex,,26DWP2,"Comedy, Drama",119 menit,13+,2D,2026-05-16,472df459-41a7-4a52-92d5-ea893a62cfca,2026-05-16T13:58:18.594796
4ad7374b-def4-4a4e-8ee1-77c9ec99a35d,STAR WARS: THE MANDALORIAN AND GROGU,21cineplex,,26SWMG,"Fantasy, Sci-Fi",132 menit,13+,2D,2026-05-20,419b26f5-99a8-4e6f-84ec-77d9114adc62,2026-05-16T13:58:18.594857
4ad7374b-def4-4a4e-8ee1-77c9ec99a35d,KELUARGA SUAMI ADALAH HAMA,21cineplex,,16KSAH,Drama,117 menit,13+,2D,2026-05-21,a6f77b7b-0403-4045-afbc-533f0ccd973b,2026-05-16T13:58:18.594938
aaf67ce8-c43d-4446-80bf-00398a454dc8,GHOST IN THE CELL,21cineplex,,16GITC,"Comedy, Horror",106 menit,D17+,2D,2026-05-16,58fd938c-325e-4b14-ab0c-76f9a6609920,2026-05-16T13:58:21.914066
aaf67ce8-c43d-4446-80bf-00398a454dc8,SEMUA AKAN BAIK-BAIK SAJA,21cineplex,,16SABB,Drama,113 menit,13+,2D,2026-05-16,228d084f-cc42-4482-ac94-043db9e21abc,2026-05-16T13:58:21.914310
aaf67ce8-c43d-4446-80bf-00398a454dc8,GOHAN,21cineplex,,26GOHN,Drama,140 menit,SU,2D,2026-05-16,fa9aba36-75d2-45c3-ba48-b66ed4a30be6,2026-05-16T13:58:21.914569
aaf67ce8-c43d-4446-80bf-00398a454dc8,IN THE GREY,21cineplex,,26ITGY,"Action, Thriller",97 menit,13+,2D,2026-05-16,14d76943-0a83-4659-8f9a-9164a891356d,2026-05-16T13:58:21.914671
aaf67ce8-c43d-4446-80bf-00398a454dc8,GUDANG MERICA,21cineplex,,16GMEA,"Comedy, Horror",98 menit,D17+,2D,2026-05-16,fe9cd754-bef6-48b7-b50a-7dc63397e624,2026-05-16T13:58:21.914800
aaf67ce8-c43d-4446-80bf-00398a454dc8,TUMBAL PROYEK,21cineplex,,16TPRK,Horror,106 menit,D17+,2D,2026-05-16,50973e27-d2cf-4192-8451-7838179fa3e7,2026-05-16T13:58:21.914927
aaf67ce8-c43d-4446-80bf-00398a454dc8,YANG LAIN BOLEH HILANG ASAL KAU JANGAN,21cineplex,,16YLBH,Drama,113 menit,13+,2D,2026-05-16,826b48ca-738a-4ad6-bfc9-1109b91e64e8,2026-05-16T13:58:21.915322
aaf67ce8-c43d-4446-80bf-00398a454dc8,KAMU HARUS MATI,21cineplex,,16KHMI,"Horror, Mystery, Thriller",90 menit,13+,2D,2026-05-21,3945a1b5-1a2e-4f85-9894-a352825ca9ef,2026-05-16T13:58:21.915455
aaf67ce8-c43d-4446-80bf-00398a454dc8,SEKAWAN LIMO 2: GUNUNG KLAWIH,21cineplex,,16SK2G,"Comedy, Horror",122 menit,13+,2D,2026-05-27,4a1637a4-544c-402e-93db-8e32b4a7476d,2026-05-16T13:58:21.915671
db09220e-e8d5-4552-8202-b4b22727eca2,GOHAN,21cineplex,,26GOHN,Drama,140 menit,SU,2D,2026-05-16,cc4538b2-34c2-49c7-8b86-b44fbf7a1e9b,2026-05-16T13:58:23.058540
db09220e-e8d5-4552-8202-b4b22727eca2,IN THE GREY,21cineplex,,26ITGY,"Action, Thriller",97 menit,13+,2D,2026-05-16,1a483bf8-e4c1-4012-99b9-0a9dda2ffc51,2026-05-16T13:58:23.058790
db09220e-e8d5-4552-8202-b4b22727eca2,THE DEVIL WEARS PRADA 2,21cineplex,,26DWP2,"Comedy, Drama",119 menit,13+,2D,2026-05-16,eeec40b5-928b-4138-9813-f338ac49dd59,2026-05-16T13:58:23.058951
db09220e-e8d5-4552-8202-b4b22727eca2,MICHAEL,21cineplex,,26MICL,Biography,127 menit,SU,2D,2026-05-16,1223c5fb-e0b8-4b9c-bb15-bb1abfad31d1,2026-05-16T13:58:23.059187
db09220e-e8d5-4552-8202-b4b22727eca2,SEMUA AKAN BAIK-BAIK SAJA,21cineplex,,16SABB,Drama,113 menit,13+,2D,2026-05-16,6a7e103b-9ecc-4ce1-ada3-9ec279343664,2026-05-16T13:58:23.059322
f34de250-bda2-48df-a93c-b99217042a6d,FUZE,21cineplex,,26FUZE,"Action, Crime",96 menit,D17+,2D,2026-05-16,eb69b335-1c74-4009-a568-a3216c5c50f1,2026-05-16T13:58:26.178926
f34de250-bda2-48df-a93c-b99217042a6d,GOHAN,21cineplex,,26GOHN,Drama,140 menit,SU,2D,2026-05-16,dcdf6bd3-d034-4dc1-94f4-6d61f4f64505,2026-05-16T13:58:26.179228
f34de250-bda2-48df-a93c-b99217042a6d,GHOST IN THE CELL,21cineplex,,16GITC,"Comedy, Horror",106 menit,D17+,2D,2026-05-16,85662ebe-a0aa-436e-ba2d-87fb3abd4e9b,2026-05-16T13:58:26.179449
f34de250-bda2-48df-a93c-b99217042a6d,THE DEVIL WEARS PRADA 2,21cineplex,,26DWP2,"Comedy, Drama",119 menit,13+,2D,2026-05-16,7391ab60-fcb3-44bf-b2b2-91cb4c5951c5,2026-05-16T13:58:26.179583
f34de250-bda2-48df-a93c-b99217042a6d,MICHAEL,21cineplex,,26MICL,Biography,127 menit,SU,2D,2026-05-16,8c680c74-a60e-4dc2-b114-bcd1c3ff2c4f,2026-05-16T13:58:26.179787
f34de250-bda2-48df-a93c-b99217042a6d,PROJECT HAIL MARY,21cineplex,,26PHMY,Sci-Fi,157 menit,13+,2D,2026-05-16,48b10494-5f89-4ad4-a7c1-8edc58ea6581,2026-05-16T13:58:26.179968
f34de250-bda2-48df-a93c-b99217042a6d,TOP GUN: MAVERICK (RE-RELEASE),21cineplex,,26TGMK,Action,130 menit,SU,2D,2026-05-16,90a1064d-e31a-4b94-bd67-69be73220e39,2026-05-16T13:58:26.180128
f34de250-bda2-48df-a93c-b99217042a6d,SEMUA AKAN BAIK-BAIK SAJA,21cineplex,,16SABB,Drama,113 menit,13+,2D,2026-05-16,2b1ec42c-ec52-43cf-8d06-a3553f435562,2026-05-16T13:58:26.180230
f34de250-bda2-48df-a93c-b99217042a6d,IN THE GREY,21cineplex,,26ITGY,"Action, Thriller",97 menit,13+,2D,2026-05-16,0a4bfea4-4f41-4ed0-ae28-46792b14ed53,2026-05-16T13:58:26.180503
f34de250-bda2-48df-a93c-b99217042a6d,THE SHEEP DETECTIVES,21cineplex,,26SDES,"Comedy, Mystery",109 menit,SU,2D,2026-05-16,1b20ff8e-a9a5-47a4-89e9-34ff5901bb43,2026-05-16T13:58:26.180599
f34de250-bda2-48df-a93c-b99217042a6d,PATI PATNI AUR WOH DO,21cineplex,,26PPAW,"Comedy, Romance",115 menit,D17+,2D,2026-05-16,5533b779-85e7-4196-b729-df935c799a52,2026-05-16T13:58:26.180791
f34de250-bda2-48df-a93c-b99217042a6d,MORTAL KOMBAT II,21cineplex,,25MKT2,"Action, Adventure",116 menit,D17+,2D,2026-05-16,31ae1ca7-dad6-4f73-9361-26351a4dc545,2026-05-16T13:58:26.180913
f34de250-bda2-48df-a93c-b99217042a6d,MICHAEL,21cineplex,,26MICL,Biography,127 menit,SU,2D,2026-05-17,1b60f9de-f2e8-4617-b2c4-6cc01c3b3890,2026-05-16T13:58:26.181035
f34de250-bda2-48df-a93c-b99217042a6d,STAR WARS: THE MANDALORIAN AND GROGU,21cineplex,,26SWMG,"Fantasy, Sci-Fi",132 menit,13+,2D,2026-05-20,39da23df-020a-4828-a9fe-9fc9156949b3,2026-05-16T13:58:26.181188
f34de250-bda2-48df-a93c-b99217042a6d,KELUARGA SUAMI ADALAH HAMA,21cineplex,,16KSAH,Drama,117 menit,13+,2D,2026-05-21,322ed18e-f091-4291-891b-fbcb8a2123d5,2026-05-16T13:58:26.181357
f34de250-bda2-48df-a93c-b99217042a6d,SEKAWAN LIMO 2: GUNUNG KLAWIH,21cineplex,,16SK2G,"Comedy, Horror",122 menit,13+,2D,2026-05-27,7266c4a0-f611-4e9a-8db4-740738cc280a,2026-05-16T13:58:26.181556
23d380a1-292c-42b7-9f7d-05eb068b6139,MICHAEL,21cineplex,,26MICL,Biography,127 menit,SU,2D,2026-05-16,7804262c-ea95-4513-adec-6d8f26694c8c,2026-05-16T13:58:29.117598
23d380a1-292c-42b7-9f7d-05eb068b6139,THE DEVIL WEARS PRADA 2,21cineplex,,26DWP2,"Comedy, Drama",119 menit,13+,2D,2026-05-16,11f0332d-513c-4503-803b-cfe55b37e64c,2026-05-16T13:58:29.117777
23d380a1-292c-42b7-9f7d-05eb068b6139,IN THE GREY,21cineplex,,26ITGY,"Action, Thriller",97 menit,13+,2D,2026-05-16,13c6b81a-ed94-48a7-9a7e-40db1ee68b83,2026-05-16T13:58:29.117878
23d380a1-292c-42b7-9f7d-05eb068b6139,GOHAN,21cineplex,,26GOHN,Drama,140 menit,SU,2D,2026-05-16,5f01452c-e05b-4e77-87be-cb274c78449f,2026-05-16T13:58:29.117958
23d380a1-292c-42b7-9f7d-05eb068b6139,STAR WARS: THE MANDALORIAN AND GROGU,21cineplex,,26SWMG,"Fantasy, Sci-Fi",132 menit,13+,2D,2026-05-20,0e1f571e-1a0e-4f75-930e-a6b04fe5ae16,2026-05-16T13:58:29.118034
2e89c0cb-2f62-4f84-b6dc-260d2b522ecb,MICHAEL,21cineplex,,26MICL,Biography,127 menit,SU,2D,2026-05-16,32868bfd-51c6-4b88-b07d-b82a2bb54170,2026-05-16T13:58:32.950310
2e89c0cb-2f62-4f84-b6dc-260d2b522ecb,THE DEVIL WEARS PRADA 2,21cineplex,,26DWP2,"Comedy, Drama",119 menit,13+,2D,2026-05-16,086adee9-bf36-4ac0-8ccb-69d6c6a884e1,2026-05-16T13:58:32.950522
2e89c0cb-2f62-4f84-b6dc-260d2b522ecb,THE SHEEP DETECTIVES,21cineplex,,26SDES,"Comedy, Mystery",109 menit,SU,2D,2026-05-16,833eb837-bd9e-4685-8cae-dd0ce43f39bf,2026-05-16T13:58:32.950663
2e89c0cb-2f62-4f84-b6dc-260d2b522ecb,GOHAN,21cineplex,,26GOHN,Drama,140 menit,SU,2D,2026-05-16,ca194cfd-253d-4312-a573-49441cfc0dae,2026-05-16T13:58:32.950805
2e89c0cb-2f62-4f84-b6dc-260d2b522ecb,TUMBAL PROYEK,21cineplex,,16TPRK,Horror,106 menit,D17+,2D,2026-05-16,41a9488a-eda2-4581-ac21-5b550454d2ef,2026-05-16T13:58:32.950958
2e89c0cb-2f62-4f84-b6dc-260d2b522ecb,IN THE GREY,21cineplex,,26ITGY,"Action, Thriller",97 menit,13+,2D,2026-05-16,7cf477ac-a9a3-43dd-a4c7-90ff109dfedf,2026-05-16T13:58:32.951127
2e89c0cb-2f62-4f84-b6dc-260d2b522ecb,YANG LAIN BOLEH HILANG ASAL KAU JANGAN,21cineplex,,16YLBH,Drama,113 menit,13+,2D,2026-05-16,b36391d1-177a-4cab-b09a-1a69463a9737,2026-05-16T13:58:32.951297
2e89c0cb-2f62-4f84-b6dc-260d2b522ecb,SALMOKJI: WHISPERING WATER,21cineplex,,26SWWR,Horror,95 menit,D17+,2D,2026-05-16,1a634479-2669-4871-b150-ed87137db81d,2026-05-16T13:58:32.951464
2e89c0cb-2f62-4f84-b6dc-260d2b522ecb,MORTAL KOMBAT II,21cineplex,,25MKT2,"Action, Adventure",116 menit,D17+,2D,2026-05-16,97af43b7-0a93-462c-ae2f-5e73c944dec4,2026-05-16T13:58:32.951570
2e89c0cb-2f62-4f84-b6dc-260d2b522ecb,DILAN ITB 1997,21cineplex,,16DI97,"Drama, Romance",110 menit,13+,2D,2026-05-16,9880f239-e05e-4223-8782-fe13a0c3371c,2026-05-16T13:58:32.951724
2e89c0cb-2f62-4f84-b6dc-260d2b522ecb,GOHAN,21cineplex,,26GOHN,Drama,140 menit,SU,2D,2026-05-17,fb5f06e4-bc98-439a-9573-cb723b64d665,2026-05-16T13:58:32.951778
2e89c0cb-2f62-4f84-b6dc-260d2b522ecb,STAR WARS: THE MANDALORIAN AND GROGU,21cineplex,,26SWMG,"Fantasy, Sci-Fi",132 menit,13+,2D,2026-05-20,8789e7e9-2599-45b1-b400-99c76b2ad6f8,2026-05-16T13:58:32.951835
2e89c0cb-2f62-4f84-b6dc-260d2b522ecb,CHILDREN OF HEAVEN,21cineplex,,16COHN,"Drama, Family",97 menit,SU,2D,2026-05-27,0a1ae065-5d72-4879-9845-3effa1bebd48,2026-05-16T13:58:32.951906
5ce3dbdf-e4fd-4952-8137-b191e3381325,SEMUA AKAN BAIK-BAIK SAJA,21cineplex,,16SABB,Drama,113 menit,13+,2D,2026-05-16,99984bb8-e32f-4faa-8541-5e6a7e117c36,2026-05-16T13:58:35.865364
5ce3dbdf-e4fd-4952-8137-b191e3381325,TUMBAL PROYEK,21cineplex,,16TPRK,Horror,106 menit,D17+,2D,2026-05-16,3f8f826f-0661-491f-8e01-1c5ab3686982,2026-05-16T13:58:35.865612
5ce3dbdf-e4fd-4952-8137-b191e3381325,THE BELL: PANGGILAN UNTUK MATI,21cineplex,,16TBPU,Horror,91 menit,D17+,2D,2026-05-16,988134b2-110e-4420-8262-f97be4c2e536,2026-05-16T13:58:35.865741
5ce3dbdf-e4fd-4952-8137-b191e3381325,GOHAN,21cineplex,,26GOHN,Drama,140 menit,SU,2D,2026-05-16,9be703db-cfbd-460e-b206-024c199bde53,2026-05-16T13:58:35.865901
5ce3dbdf-e4fd-4952-8137-b191e3381325,TUMBAL PROYEK,21cineplex,,16TPRK,Horror,106 menit,D17+,2D,2026-05-17,576db885-31f3-4551-a8f3-5d35546cdc6b,2026-05-16T13:58:35.866015
5ce3dbdf-e4fd-4952-8137-b191e3381325,KELUARGA SUAMI ADALAH HAMA,21cineplex,,16KSAH,Drama,117 menit,13+,2D,2026-05-21,bd39c6a2-50b5-4f61-9106-dc33bd3a34d2,2026-05-16T13:58:35.866140
5ce3dbdf-e4fd-4952-8137-b191e3381325,KAMU HARUS MATI,21cineplex,,16KHMI,"Horror, Mystery, Thriller",90 menit,13+,2D,2026-05-21,4ee607e8-0713-4427-b1f6-e3415ac4bf39,2026-05-16T13:58:35.866293
5ce3dbdf-e4fd-4952-8137-b191e3381325,SEKAWAN LIMO 2: GUNUNG KLAWIH,21cineplex,,16SK2G,"Comedy, Horror",122 menit,13+,2D,2026-05-27,3a8c3ccf-e705-4584-a29a-f04bf88cca57,2026-05-16T13:58:35.866463
5ce3dbdf-e4fd-4952-8137-b191e3381325,CHILDREN OF HEAVEN,21cineplex,,16COHN,"Drama, Family",97 menit,SU,2D,2026-05-27,2030e077-33da-4696-bf6c-dc900248c49a,2026-05-16T13:58:35.866594
8c640c21-9523-415b-a16c-00044f9be94e,YANG LAIN BOLEH HILANG ASAL KAU JANGAN,21cineplex,,16YLBH,Drama,113 menit,13+,2D,2026-05-16,8401d8ee-3c9a-4e3a-b37a-5e6ddcb43414,2026-05-16T13:58:36.769507
8c640c21-9523-415b-a16c-00044f9be94e,IN THE GREY,21cineplex,,26ITGY,"Action, Thriller",97 menit,13+,2D,2026-05-16,68f3388e-1ec3-4c8f-8e4e-8d9c9fadbc59,2026-05-16T13:58:36.769624
8c640c21-9523-415b-a16c-00044f9be94e,GOHAN,21cineplex,,26GOHN,Drama,140 menit,SU,2D,2026-05-16,1dc35ca1-52cc-4694-b0f2-b2f4cb55b999,2026-05-16T13:58:36.769743
8c640c21-9523-415b-a16c-00044f9be94e,MICHAEL,21cineplex,,26MICL,Biography,127 menit,SU,2D,2026-05-16,b16d4559-13b8-4b7a-a899-0474692a365b,2026-05-16T13:58:36.769846
8c640c21-9523-415b-a16c-00044f9be94e,SALMOKJI: WHISPERING WATER,21cineplex,,26SWWR,Horror,95 menit,D17+,2D,2026-05-16,bb343d29-bf8a-425e-a2f2-fccfedb852e8,2026-05-16T13:58:36.769913
8c640c21-9523-415b-a16c-00044f9be94e,PROJECT HAIL MARY,21cineplex,,26PHMY,Sci-Fi,157 menit,13+,2D,2026-05-16,2c992fb6-4c2a-4509-9704-3e222d96375b,2026-05-16T13:58:36.770026
8c640c21-9523-415b-a16c-00044f9be94e,THE SHEEP DETECTIVES,21cineplex,,26SDES,"Comedy, Mystery",109 menit,SU,2D,2026-05-16,91c1f67d-fb15-4121-b74b-ce5ab770b3c5,2026-05-16T13:58:36.770091
8c640c21-9523-415b-a16c-00044f9be94e,THE DEVIL WEARS PRADA 2,21cineplex,,26DWP2,"Comedy, Drama",119 menit,13+,2D,2026-05-16,36f33af4-08b2-4d4a-a0d0-ce76eba15f60,2026-05-16T13:58:36.770166
8c640c21-9523-415b-a16c-00044f9be94e,THE DEVIL WEARS PRADA 2,21cineplex,,26DWP2,"Comedy, Drama",119 menit,13+,2D,2026-05-17,e1ab69ce-9d4f-45e2-b880-d4ca6601a693,2026-05-16T13:58:36.770271
8c640c21-9523-415b-a16c-00044f9be94e,STAR WARS: THE MANDALORIAN AND GROGU,21cineplex,,26SWMG,"Fantasy, Sci-Fi",132 menit,13+,2D,2026-05-20,10008614-3aad-449e-bd29-7d92bb77c659,2026-05-16T13:58:36.770375
d2c4e522-9a64-42b6-bfb1-6bb0a0ad5372,SEMUA AKAN BAIK-BAIK SAJA,21cineplex,,16SABB,Drama,113 menit,13+,2D,2026-05-16,977e5c2e-6ad5-452d-8b27-8f703fd24a0c,2026-05-16T13:58:40.230688
d2c4e522-9a64-42b6-bfb1-6bb0a0ad5372,YANG LAIN BOLEH HILANG ASAL KAU JANGAN,21cineplex,,16YLBH,Drama,113 menit,13+,2D,2026-05-16,41e79b31-5650-49f0-98ae-27a33ba54fb3,2026-05-16T13:58:40.230794
d2c4e522-9a64-42b6-bfb1-6bb0a0ad5372,MORTAL KOMBAT II,21cineplex,,25MKT2,"Action, Adventure",116 menit,D17+,2D,2026-05-16,ce54b1c0-6340-4a30-b114-8279efbafb69,2026-05-16T13:58:40.230865
d2c4e522-9a64-42b6-bfb1-6bb0a0ad5372,THE DEVIL WEARS PRADA 2,21cineplex,,26DWP2,"Comedy, Drama",119 menit,13+,2D,2026-05-16,26378d8b-400b-4a53-8e1e-b19b24b3e800,2026-05-16T13:58:40.230937
d2c4e522-9a64-42b6-bfb1-6bb0a0ad5372,SALMOKJI: WHISPERING WATER,21cineplex,,26SWWR,Horror,95 menit,D17+,2D,2026-05-16,69830683-f36a-4d5e-a13b-3800ad919b98,2026-05-16T13:58:40.230994
d2c4e522-9a64-42b6-bfb1-6bb0a0ad5372,GHOST IN THE CELL,21cineplex,,16GITC,"Comedy, Horror",106 menit,D17+,2D,2026-05-16,30c9fa44-e6ef-413d-bd78-bedf88007a74,2026-05-16T13:58:40.231040
d2c4e522-9a64-42b6-bfb1-6bb0a0ad5372,IN THE GREY,21cineplex,,26ITGY,"Action, Thriller",97 menit,13+,2D,2026-05-16,8f657692-fccc-4dd5-9c44-69f9c884cc65,2026-05-16T13:58:40.231077
d2c4e522-9a64-42b6-bfb1-6bb0a0ad5372,GOHAN,21cineplex,,26GOHN,Drama,140 menit,SU,2D,2026-05-16,e8634c50-473a-4335-9500-b53d20f08673,2026-05-16T13:58:40.231150
4a972036-baa9-45d1-90f2-bc8419be9df3,MORTAL KOMBAT II,21cineplex,,25MKT2,"Action, Adventure",116 menit,D17+,2D,2026-05-16,f1cd37f6-6887-42e1-80b3-cb2f380746c9,2026-05-16T13:58:41.114839
4a972036-baa9-45d1-90f2-bc8419be9df3,THE SHEEP DETECTIVES,21cineplex,,26SDES,"Comedy, Mystery",109 menit,SU,2D,2026-05-16,cd85e77c-8f3f-4105-973c-08e6b5f2c432,2026-05-16T13:58:41.115039
4a972036-baa9-45d1-90f2-bc8419be9df3,THE DEVIL WEARS PRADA 2,21cineplex,,26DWP2,"Comedy, Drama",119 menit,13+,2D,2026-05-16,6b2e811a-932a-4086-b001-3710c651bf27,2026-05-16T13:58:41.115309
4a972036-baa9-45d1-90f2-bc8419be9df3,SALMOKJI: WHISPERING WATER,21cineplex,,26SWWR,Horror,95 menit,D17+,2D,2026-05-16,d24fdc99-1d51-466f-9e8d-3db31ea0f30d,2026-05-16T13:58:41.115424
4a972036-baa9-45d1-90f2-bc8419be9df3,IN THE GREY,21cineplex,,26ITGY,"Action, Thriller",97 menit,13+,2D,2026-05-16,c5864f95-12c4-4eca-896d-ad9d2f67263a,2026-05-16T13:58:41.115616
4a972036-baa9-45d1-90f2-bc8419be9df3,GOHAN,21cineplex,,26GOHN,Drama,140 menit,SU,2D,2026-05-16,6b322e42-ad33-4e4a-ac03-08a9108a4a6f,2026-05-16T13:58:41.115905
4a972036-baa9-45d1-90f2-bc8419be9df3,GOHAN,21cineplex,,26GOHN,Drama,140 menit,SU,2D,2026-05-17,6cceddf3-e643-4a3f-816b-3ed4e53dd03e,2026-05-16T13:58:41.116407
4a972036-baa9-45d1-90f2-bc8419be9df3,STAR WARS: THE MANDALORIAN AND GROGU,21cineplex,,26SWMG,"Fantasy, Sci-Fi",132 menit,13+,2D,2026-05-20,e27d93ae-67ad-4863-936f-ddc2e28ad3c4,2026-05-16T13:58:41.116547
4deed5e8-a0a2-4c36-b8fc-3a722fde0f8d,TUMBAL PROYEK,21cineplex,,16TPRK,Horror,106 menit,D17+,2D,2026-05-16,7b4a5fd5-c298-4460-a22a-1c24adea9061,2026-05-16T13:58:50.400023
4deed5e8-a0a2-4c36-b8fc-3a722fde0f8d,SEMUA AKAN BAIK-BAIK SAJA,21cineplex,,16SABB,Drama,113 menit,13+,2D,2026-05-16,6effb865-2862-48b8-b4d5-fcf438f79f60,2026-05-16T13:58:50.400247
4deed5e8-a0a2-4c36-b8fc-3a722fde0f8d,SALMOKJI: WHISPERING WATER,21cineplex,,26SWWR,Horror,95 menit,D17+,2D,2026-05-16,53361774-a6f3-4901-a4b9-7fab441febeb,2026-05-16T13:58:50.400478
4deed5e8-a0a2-4c36-b8fc-3a722fde0f8d,MORTAL KOMBAT II,21cineplex,,25MKT2,"Action, Adventure",116 menit,D17+,2D,2026-05-16,7b8ec8f0-2ae6-4ff2-a514-bc249633d2a3,2026-05-16T13:58:50.400612
4deed5e8-a0a2-4c36-b8fc-3a722fde0f8d,MOBILE SUIT GUNDAM HATHAWAY,21cineplex,,26MSGH,Animation,96 menit,13+,2D,2026-05-16,4dd8714d-457f-44a9-9fb9-d9f8f67f54ad,2026-05-16T13:58:50.400778
4deed5e8-a0a2-4c36-b8fc-3a722fde0f8d,GHOST IN THE CELL,21cineplex,,16GITC,"Comedy, Horror",106 menit,D17+,2D,2026-05-16,6dcad7c7-d400-46d6-aa9d-37e212db6769,2026-05-16T13:58:50.400888
4deed5e8-a0a2-4c36-b8fc-3a722fde0f8d,GOHAN,21cineplex,,26GOHN,Drama,140 menit,SU,2D,2026-05-16,ac582ebd-24a9-4360-933e-5eba0133dc7d,2026-05-16T13:58:50.401051
4deed5e8-a0a2-4c36-b8fc-3a722fde0f8d,DILAN ITB 1997,21cineplex,,16DI97,"Drama, Romance",110 menit,13+,2D,2026-05-16,e2e089c4-62e2-4288-b4bb-c845948ef0ff,2026-05-16T13:58:50.401196
4deed5e8-a0a2-4c36-b8fc-3a722fde0f8d,THE SHEEP DETECTIVES,21cineplex,,26SDES,"Comedy, Mystery",109 menit,SU,2D,2026-05-16,ca2ff254-4db7-46f1-b18e-52e8ae099344,2026-05-16T13:58:50.401348
4deed5e8-a0a2-4c36-b8fc-3a722fde0f8d,SEMUA AKAN BAIK-BAIK SAJA,21cineplex,,16SABB,Drama,113 menit,13+,2D,2026-05-17,7fc0009e-ab1e-4de2-bd39-7f323be4b77c,2026-05-16T13:58:50.404709
4deed5e8-a0a2-4c36-b8fc-3a722fde0f8d,STAR WARS: THE MANDALORIAN AND GROGU,21cineplex,,26SWMG,"Fantasy, Sci-Fi",132 menit,13+,2D,2026-05-20,fedb5fb7-d3b8-40e0-b41e-f46fdf070f63,2026-05-16T13:58:50.404893
4deed5e8-a0a2-4c36-b8fc-3a722fde0f8d,KELUARGA SUAMI ADALAH HAMA,21cineplex,,16KSAH,Drama,117 menit,13+,2D,2026-05-21,297ac719-f23f-40b8-9f80-09a6ceae28ee,2026-05-16T13:58:50.405010
4deed5e8-a0a2-4c36-b8fc-3a722fde0f8d,SEKAWAN LIMO 2: GUNUNG KLAWIH,21cineplex,,16SK2G,"Comedy, Horror",122 menit,13+,2D,2026-05-27,239c02d6-a3db-40fa-9717-43ed52fb20ba,2026-05-16T13:58:50.405161
90139e7f-fc42-4cbf-a601-c6bef54f3223,GOHAN,21cineplex,,26GOHN,Drama,140 menit,SU,2D,2026-05-16,21abcfa5-254f-4e3e-a5c6-94290065d51d,2026-05-16T13:58:51.870314
90139e7f-fc42-4cbf-a601-c6bef54f3223,MICHAEL,21cineplex,,26MICL,Biography,127 menit,SU,2D,2026-05-16,11227915-6c7e-4d54-928f-d12338a8f37f,2026-05-16T13:58:51.870546
90139e7f-fc42-4cbf-a601-c6bef54f3223,DILAN ITB 1997,21cineplex,,16DI97,"Drama, Romance",110 menit,13+,2D,2026-05-16,8ff58806-f45c-418a-a8f7-24ff20bf70b3,2026-05-16T13:58:51.870668
90139e7f-fc42-4cbf-a601-c6bef54f3223,GHOST IN THE CELL,21cineplex,,16GITC,"Comedy, Horror",106 menit,D17+,2D,2026-05-16,4f98a089-7385-4b77-8027-991ee96da44c,2026-05-16T13:58:51.870977
90139e7f-fc42-4cbf-a601-c6bef54f3223,SEMUA AKAN BAIK-BAIK SAJA,21cineplex,,16SABB,Drama,113 menit,13+,2D,2026-05-16,37e1ddc0-71ef-4e21-8a8d-a7ea1b8fa106,2026-05-16T13:58:51.871242
90139e7f-fc42-4cbf-a601-c6bef54f3223,THE SHEEP DETECTIVES,21cineplex,,26SDES,"Comedy, Mystery",109 menit,SU,2D,2026-05-16,95b438ad-ae19-4493-91d0-ddd246a46c62,2026-05-16T13:58:51.871531
90139e7f-fc42-4cbf-a601-c6bef54f3223,SALMOKJI: WHISPERING WATER,21cineplex,,26SWWR,Horror,95 menit,D17+,2D,2026-05-16,020f289a-b375-4614-b8f4-d73939e33a80,2026-05-16T13:58:51.871686
90139e7f-fc42-4cbf-a601-c6bef54f3223,SEMUA AKAN BAIK-BAIK SAJA,21cineplex,,16SABB,Drama,113 menit,13+,2D,2026-05-17,4995b313-7d16-4bfa-bcc5-85b1384313d5,2026-05-16T13:58:51.871835
90139e7f-fc42-4cbf-a601-c6bef54f3223,STAR WARS: THE MANDALORIAN AND GROGU,21cineplex,,26SWMG,"Fantasy, Sci-Fi",132 menit,13+,2D,2026-05-20,8aad970a-8c5d-403f-b763-d87cab93ed37,2026-05-16T13:58:51.872081
90139e7f-fc42-4cbf-a601-c6bef54f3223,KELUARGA SUAMI ADALAH HAMA,21cineplex,,16KSAH,Drama,117 menit,13+,2D,2026-05-21,b3f866e6-62db-4bb0-b1cb-cf1a24580a55,2026-05-16T13:58:51.872259
90139e7f-fc42-4cbf-a601-c6bef54f3223,SEKAWAN LIMO 2: GUNUNG KLAWIH,21cineplex,,16SK2G,"Comedy, Horror",122 menit,13+,2D,2026-05-27,29f6d546-3d7e-46fc-9c55-186f7dbffff2,2026-05-16T13:58:51.872487
9b8db3ed-e95b-4686-aa5b-e763c666e32e,TUMBAL PROYEK,21cineplex,,16TPRK,Horror,106 menit,D17+,2D,2026-05-16,87015433-8612-4192-b4b5-4871a68f063d,2026-05-16T13:58:53.305948
9b8db3ed-e95b-4686-aa5b-e763c666e32e,GOHAN,21cineplex,,26GOHN,Drama,140 menit,SU,2D,2026-05-16,8c2acb7d-df30-43f6-bc0e-6cc12f9b476f,2026-05-16T13:58:53.306160
9b8db3ed-e95b-4686-aa5b-e763c666e32e,SALMOKJI: WHISPERING WATER,21cineplex,,26SWWR,Horror,95 menit,D17+,2D,2026-05-16,17d811a9-79c2-462d-9931-fe8a29d66c6c,2026-05-16T13:58:53.306308
9b8db3ed-e95b-4686-aa5b-e763c666e32e,SEMUA AKAN BAIK-BAIK SAJA,21cineplex,,16SABB,Drama,113 menit,13+,2D,2026-05-16,4ecfcdd0-4542-45be-929d-e79ca2616ae5,2026-05-16T13:58:53.306400
9b8db3ed-e95b-4686-aa5b-e763c666e32e,GHOST IN THE CELL,21cineplex,,16GITC,"Comedy, Horror",106 menit,D17+,2D,2026-05-16,a23e164b-da66-4800-99a7-870e627f1cb2,2026-05-16T13:58:53.306542
9b8db3ed-e95b-4686-aa5b-e763c666e32e,MORTAL KOMBAT II,21cineplex,,25MKT2,"Action, Adventure",116 menit,D17+,2D,2026-05-16,516f40ba-b4ce-4f86-905b-352048ee2db0,2026-05-16T13:58:53.306702
9b8db3ed-e95b-4686-aa5b-e763c666e32e,THE SHEEP DETECTIVES,21cineplex,,26SDES,"Comedy, Mystery",109 menit,SU,2D,2026-05-16,c29af84a-974e-43a8-bfde-f963130ad75f,2026-05-16T13:58:53.306858
9b8db3ed-e95b-4686-aa5b-e763c666e32e,THE DEVIL WEARS PRADA 2,21cineplex,,26DWP2,"Comedy, Drama",119 menit,13+,2D,2026-05-16,7c1e8fd1-6f95-4e6b-b38c-47744aee69a0,2026-05-16T13:58:53.307007
9b8db3ed-e95b-4686-aa5b-e763c666e32e,GOHAN,21cineplex,,26GOHN,Drama,140 menit,SU,2D,2026-05-17,c4011a8f-2cf3-4317-b256-7a502268ac70,2026-05-16T13:58:53.307391
75e49898-c039-4109-97da-56c059b35543,SALMOKJI: WHISPERING WATER,21cineplex,,26SWWR,Horror,95 menit,D17+,2D,2026-05-16,659e9f82-5033-4896-b85f-3cefb2718d84,2026-05-16T13:58:57.701405
75e49898-c039-4109-97da-56c059b35543,SEMUA AKAN BAIK-BAIK SAJA,21cineplex,,16SABB,Drama,113 menit,13+,2D,2026-05-16,fcaa5f7e-6dc6-46b8-a94f-20589c801b79,2026-05-16T13:58:57.701476
75e49898-c039-4109-97da-56c059b35543,THE SHEEP DETECTIVES,21cineplex,,26SDES,"Comedy, Mystery",109 menit,SU,2D,2026-05-16,ba5dc7a7-c5b3-408f-9d24-1dda342d31e5,2026-05-16T13:58:57.701575
75e49898-c039-4109-97da-56c059b35543,YANG LAIN BOLEH HILANG ASAL KAU JANGAN,21cineplex,,16YLBH,Drama,113 menit,13+,2D,2026-05-16,ea29333a-f068-4031-94b4-ae7855aa65c1,2026-05-16T13:58:57.701627
75e49898-c039-4109-97da-56c059b35543,MORTAL KOMBAT II,21cineplex,,25MKT2,"Action, Adventure",116 menit,D17+,2D,2026-05-16,b9ae789e-ea91-4902-bc02-9dcf5724c152,2026-05-16T13:58:57.701698
75e49898-c039-4109-97da-56c059b35543,GOHAN,21cineplex,,26GOHN,Drama,140 menit,SU,2D,2026-05-16,a1a6fb32-3f20-4f2e-80b0-59fc66b7eace,2026-05-16T13:58:57.701757
75e49898-c039-4109-97da-56c059b35543,THE BELL: PANGGILAN UNTUK MATI,21cineplex,,16TBPU,Horror,91 menit,D17+,2D,2026-05-16,a49b45ea-7a23-4555-a251-226af28109b9,2026-05-16T13:58:57.701791
75e49898-c039-4109-97da-56c059b35543,LEE CRONIN'S THE MUMMY,21cineplex,,26LCTM,Horror,134 menit,D17+,2D,2026-05-16,4203c71d-f7f3-475e-92d3-241537a5fa19,2026-05-16T13:58:57.701848
75e49898-c039-4109-97da-56c059b35543,TUMBAL PROYEK,21cineplex,,16TPRK,Horror,106 menit,D17+,2D,2026-05-16,f50248ba-08b7-4eef-a46b-af51ccaa706c,2026-05-16T13:58:57.701885
75e49898-c039-4109-97da-56c059b35543,GHOST IN THE CELL,21cineplex,,16GITC,"Comedy, Horror",106 menit,D17+,2D,2026-05-16,f6fbc049-ef16-4f6b-9c11-2689dd55945d,2026-05-16T13:58:57.701939
75e49898-c039-4109-97da-56c059b35543,TUMBAL PROYEK,21cineplex,,16TPRK,Horror,106 menit,D17+,2D,2026-05-17,cb0c65ba-d20a-4460-bc24-b01f42c254e8,2026-05-16T13:58:57.701997
75e49898-c039-4109-97da-56c059b35543,KELUARGA SUAMI ADALAH HAMA,21cineplex,,16KSAH,Drama,117 menit,13+,2D,2026-05-21,0caffc69-b819-4630-ae2e-1eb4444c7591,2026-05-16T13:58:57.702050
75e49898-c039-4109-97da-56c059b35543,CHILDREN OF HEAVEN,21cineplex,,16COHN,"Drama, Family",97 menit,SU,2D,2026-05-27,c211281d-5a37-44e9-aeee-b8575c78a490,2026-05-16T13:58:57.702116
75e49898-c039-4109-97da-56c059b35543,SEKAWAN LIMO 2: GUNUNG KLAWIH,21cineplex,,16SK2G,"Comedy, Horror",122 menit,13+,2D,2026-05-27,3183c02c-a92e-49d6-aa98-8af384ffd088,2026-05-16T13:58:57.702171
6f3484b9-3632-4fb7-9e45-e9b99dc1bc43,MORTAL KOMBAT II,21cineplex,,25MKT2,"Action, Adventure",116 menit,D17+,2D,2026-05-16,40c05b27-a12b-4078-89f9-211ba21ab3b1,2026-05-16T13:58:59.739403
6f3484b9-3632-4fb7-9e45-e9b99dc1bc43,SALMOKJI: WHISPERING WATER,21cineplex,,26SWWR,Horror,95 menit,D17+,2D,2026-05-16,1b0987fc-fdaf-4f30-b292-89b15ad8bb2b,2026-05-16T13:58:59.739557
6f3484b9-3632-4fb7-9e45-e9b99dc1bc43,SEMUA AKAN BAIK-BAIK SAJA,21cineplex,,16SABB,Drama,113 menit,13+,2D,2026-05-16,29a3978b-c766-49cb-9334-bd439a4cdc7f,2026-05-16T13:58:59.739629
6f3484b9-3632-4fb7-9e45-e9b99dc1bc43,TUMBAL PROYEK,21cineplex,,16TPRK,Horror,106 menit,D17+,2D,2026-05-16,8014d5ca-c620-4a10-b58c-c80e7099275b,2026-05-16T13:58:59.739931
6f3484b9-3632-4fb7-9e45-e9b99dc1bc43,TUMBAL PROYEK,21cineplex,,16TPRK,Horror,106 menit,D17+,2D,2026-05-17,25eb9eae-b3ae-41b9-b484-d698342df12a,2026-05-16T13:58:59.740166
5494a400-3a45-49c8-bf18-28795dcf3eef,SALMOKJI: WHISPERING WATER,21cineplex,,26SWWR,Horror,95 menit,D17+,2D,2026-05-16,b3fa57fa-b310-4f23-9d6d-b2bc2c248a3f,2026-05-16T13:59:00.659940
5494a400-3a45-49c8-bf18-28795dcf3eef,THE DEVIL WEARS PRADA 2,21cineplex,,26DWP2,"Comedy, Drama",119 menit,13+,2D,2026-05-16,f8a41783-b4ed-4713-9ea8-2637addeaf04,2026-05-16T13:59:00.660046
5494a400-3a45-49c8-bf18-28795dcf3eef,IN THE GREY,21cineplex,,26ITGY,"Action, Thriller",97 menit,13+,2D,2026-05-16,67d41a70-a98a-48cf-a91c-9a9aa12509c2,2026-05-16T13:59:00.660151
5494a400-3a45-49c8-bf18-28795dcf3eef,THE DEVIL WEARS PRADA 2,21cineplex,,26DWP2,"Comedy, Drama",119 menit,13+,2D,2026-05-17,6cc4d564-1674-45ac-85df-c77ce6b2694a,2026-05-16T13:59:00.660212
f98c6902-82ea-4c85-8541-d4d0d84e0371,GHOST IN THE CELL,21cineplex,,16GITC,"Comedy, Horror",106 menit,D17+,2D,2026-05-16,623fcc96-ed2c-482b-9f78-8e8b5be1f2d5,2026-05-16T13:59:05.239195
f98c6902-82ea-4c85-8541-d4d0d84e0371,SEMUA AKAN BAIK-BAIK SAJA,21cineplex,,16SABB,Drama,113 menit,13+,2D,2026-05-16,58e51c6a-103c-4f24-8ed6-d32e151e1625,2026-05-16T13:59:05.239296
f98c6902-82ea-4c85-8541-d4d0d84e0371,TUMBAL PROYEK,21cineplex,,16TPRK,Horror,106 menit,D17+,2D,2026-05-16,729e9d5e-8fd0-4954-8945-12b1c44568d3,2026-05-16T13:59:05.239392
f98c6902-82ea-4c85-8541-d4d0d84e0371,TOP GUN: MAVERICK (RE-RELEASE),21cineplex,,26TGMK,Action,130 menit,SU,2D,2026-05-16,2d32c0af-a033-4848-8c7e-e81773360e38,2026-05-16T13:59:05.239447
f98c6902-82ea-4c85-8541-d4d0d84e0371,MICHAEL,21cineplex,,26MICL,Biography,127 menit,SU,2D,2026-05-16,c2f05c23-6767-4270-9499-3a049f12d527,2026-05-16T13:59:05.239485
f98c6902-82ea-4c85-8541-d4d0d84e0371,TOP GUN (RE-RELEASE),21cineplex,,26TGUN,Action,109 menit,D17+,2D,2026-05-16,5af6d1bc-222b-4d43-809f-a7bd86bf9941,2026-05-16T13:59:05.239543
f98c6902-82ea-4c85-8541-d4d0d84e0371,SALMOKJI: WHISPERING WATER,21cineplex,,26SWWR,Horror,95 menit,D17+,2D,2026-05-16,2a03ccdf-59e5-478a-9be8-64a004b4ffc3,2026-05-16T13:59:05.239567
f98c6902-82ea-4c85-8541-d4d0d84e0371,GOHAN,21cineplex,,26GOHN,Drama,140 menit,SU,2D,2026-05-16,a443c363-4e6c-4d07-9839-9fb1193d40d4,2026-05-16T13:59:05.239613
f98c6902-82ea-4c85-8541-d4d0d84e0371,MICHAEL,21cineplex,,26MICL,Biography,127 menit,SU,2D,2026-05-17,03630da7-cc31-408f-90d7-5b30c7b1c760,2026-05-16T13:59:05.239661
f98c6902-82ea-4c85-8541-d4d0d84e0371,SEMUA AKAN BAIK-BAIK SAJA,21cineplex,,16SABB,Drama,113 menit,13+,2D,2026-05-17,0e0744a2-aa75-43ad-acf6-2efb51275d72,2026-05-16T13:59:05.239765
f98c6902-82ea-4c85-8541-d4d0d84e0371,STAR WARS: THE MANDALORIAN AND GROGU,21cineplex,,26SWMG,"Fantasy, Sci-Fi",132 menit,13+,2D,2026-05-20,0b4c2100-42e8-4f89-90e8-860284087212,2026-05-16T13:59:05.239883
f98c6902-82ea-4c85-8541-d4d0d84e0371,KELUARGA SUAMI ADALAH HAMA,21cineplex,,16KSAH,Drama,117 menit,13+,2D,2026-05-21,1cbdafa3-5749-4d08-b2ff-fd930a44399f,2026-05-16T13:59:05.239936
f98c6902-82ea-4c85-8541-d4d0d84e0371,SEKAWAN LIMO 2: GUNUNG KLAWIH,21cineplex,,16SK2G,"Comedy, Horror",122 menit,13+,2D,2026-05-27,3d1758ef-ec0c-48e6-8afe-54249d1ff6ce,2026-05-16T13:59:05.240112
f98c6902-82ea-4c85-8541-d4d0d84e0371,SUAMIKU LUKAKU,21cineplex,,16SLUU,Drama,92 menit,D17+,2D,2026-05-27,1e5c7379-1ae0-48e7-a84f-2a6c8cba0e9c,2026-05-16T13:59:05.240181
de55b367-d21d-43ce-a1db-9d793c1c1af4,TUMBAL PROYEK,21cineplex,,16TPRK,Horror,106 menit,D17+,2D,2026-05-16,5eda131f-1a90-4b95-a9d6-9c40e3a3f6e8,2026-05-16T13:59:06.896625
de55b367-d21d-43ce-a1db-9d793c1c1af4,SEMUA AKAN BAIK-BAIK SAJA,21cineplex,,16SABB,Drama,113 menit,13+,2D,2026-05-16,d98dd9cc-510c-48e0-88ae-8c84f4f7f1d2,2026-05-16T13:59:06.896850
de55b367-d21d-43ce-a1db-9d793c1c1af4,MORTAL KOMBAT II,21cineplex,,25MKT2,"Action, Adventure",116 menit,D17+,2D,2026-05-16,f0c1be3a-28e1-459b-ad92-0edcca12e5a9,2026-05-16T13:59:06.897058
de55b367-d21d-43ce-a1db-9d793c1c1af4,THE SHEEP DETECTIVES,21cineplex,,26SDES,"Comedy, Mystery",109 menit,SU,2D,2026-05-16,222dd13d-528f-4766-a91c-7c2a33670d96,2026-05-16T13:59:06.897171
de55b367-d21d-43ce-a1db-9d793c1c1af4,YANG LAIN BOLEH HILANG ASAL KAU JANGAN,21cineplex,,16YLBH,Drama,113 menit,13+,2D,2026-05-16,c41a8133-c74d-45c8-b425-f28b21b0d23c,2026-05-16T13:59:06.897358
de55b367-d21d-43ce-a1db-9d793c1c1af4,KELUARGA SUAMI ADALAH HAMA,21cineplex,,16KSAH,Drama,117 menit,13+,2D,2026-05-21,1058737b-0c9b-4cdf-bc15-3b48c5e6a0d5,2026-05-16T13:59:06.897480
de55b367-d21d-43ce-a1db-9d793c1c1af4,KAMU HARUS MATI,21cineplex,,16KHMI,"Horror, Mystery, Thriller",90 menit,13+,2D,2026-05-21,85a085a2-aaa4-4505-99b4-f769d620ea7f,2026-05-16T13:59:06.897656
2ae8a444-6af6-4234-b07f-1e79e4476736,MORTAL KOMBAT II,21cineplex,,25MKT2,"Action, Adventure",116 menit,D17+,2D,2026-05-16,eb41a426-fe86-4566-a807-1d5487af6140,2026-05-16T13:59:08.670566
2ae8a444-6af6-4234-b07f-1e79e4476736,YANG LAIN BOLEH HILANG ASAL KAU JANGAN,21cineplex,,16YLBH,Drama,113 menit,13+,2D,2026-05-16,d1fe312c-e51f-4e46-b396-c48a8780c072,2026-05-16T13:59:08.670723
2ae8a444-6af6-4234-b07f-1e79e4476736,TUMBAL PROYEK,21cineplex,,16TPRK,Horror,106 menit,D17+,2D,2026-05-16,b5e6ab61-6631-4bd7-894a-df361d3bda4d,2026-05-16T13:59:08.670821
2ae8a444-6af6-4234-b07f-1e79e4476736,GHOST IN THE CELL,21cineplex,,16GITC,"Comedy, Horror",106 menit,D17+,2D,2026-05-16,92bacfad-279e-4f68-969a-efbf07ec8714,2026-05-16T13:59:08.670919
2ae8a444-6af6-4234-b07f-1e79e4476736,DILAN ITB 1997,21cineplex,,16DI97,"Drama, Romance",110 menit,13+,2D,2026-05-16,31794da7-4217-4f97-bca5-5fb76ebc9364,2026-05-16T13:59:08.670997
2ae8a444-6af6-4234-b07f-1e79e4476736,SEMUA AKAN BAIK-BAIK SAJA,21cineplex,,16SABB,Drama,113 menit,13+,2D,2026-05-16,c9b18fe2-41cd-426a-bdc4-d0507c27eab1,2026-05-16T13:59:08.671097
2ae8a444-6af6-4234-b07f-1e79e4476736,THE BELL: PANGGILAN UNTUK MATI,21cineplex,,16TBPU,Horror,91 menit,D17+,2D,2026-05-16,4e171b5c-26da-42b7-90d1-37358d5c59d5,2026-05-16T13:59:08.671243
2ae8a444-6af6-4234-b07f-1e79e4476736,KELUARGA SUAMI ADALAH HAMA,21cineplex,,16KSAH,Drama,117 menit,13+,2D,2026-05-21,ae6ccd02-2522-4e92-9aab-997e0dfa9480,2026-05-16T13:59:08.671334
2ae8a444-6af6-4234-b07f-1e79e4476736,SEKAWAN LIMO 2: GUNUNG KLAWIH,21cineplex,,16SK2G,"Comedy, Horror",122 menit,13+,2D,2026-05-27,e704570c-a7b9-4005-b496-b1b6bef5bd6e,2026-05-16T13:59:08.671462
12049009-3f83-452b-b56e-41f2f0b8a28b,THE SHEEP DETECTIVES,21cineplex,,26SDES,"Comedy, Mystery",109 menit,SU,2D,2026-05-16,68b8a661-b486-453c-8c9c-4b55b2904d28,2026-05-16T13:59:10.162873
12049009-3f83-452b-b56e-41f2f0b8a28b,THE DEVIL WEARS PRADA 2,21cineplex,,26DWP2,"Comedy, Drama",119 menit,13+,2D,2026-05-16,da24a818-12e5-4143-a989-2c4ffce01766,2026-05-16T13:59:10.163008
12049009-3f83-452b-b56e-41f2f0b8a28b,IN THE GREY,21cineplex,,26ITGY,"Action, Thriller",97 menit,13+,2D,2026-05-16,751b50ca-ddb3-42ca-a1f0-d53153e2c4be,2026-05-16T13:59:10.163095
12049009-3f83-452b-b56e-41f2f0b8a28b,SEMUA AKAN BAIK-BAIK SAJA,21cineplex,,16SABB,Drama,113 menit,13+,2D,2026-05-16,43be94a8-21d7-452f-8113-1d22d865d5a5,2026-05-16T13:59:10.163162
12049009-3f83-452b-b56e-41f2f0b8a28b,MORTAL KOMBAT II,21cineplex,,25MKT2,"Action, Adventure",116 menit,D17+,2D,2026-05-16,2e0434ec-4403-4ca5-901a-74ab7e07a80f,2026-05-16T13:59:10.163300
12049009-3f83-452b-b56e-41f2f0b8a28b,GHOST IN THE CELL,21cineplex,,16GITC,"Comedy, Horror",106 menit,D17+,2D,2026-05-16,5553d10c-4f3f-4148-8daa-593db068d53b,2026-05-16T13:59:10.163409
12049009-3f83-452b-b56e-41f2f0b8a28b,GOHAN,21cineplex,,26GOHN,Drama,140 menit,SU,2D,2026-05-16,d34e740f-6dec-4eb6-93fe-2c669ad82637,2026-05-16T13:59:10.163479
12049009-3f83-452b-b56e-41f2f0b8a28b,TUMBAL PROYEK,21cineplex,,16TPRK,Horror,106 menit,D17+,2D,2026-05-16,f1372b86-a08b-451a-9a5f-280af57b9598,2026-05-16T13:59:10.163556
12049009-3f83-452b-b56e-41f2f0b8a28b,SALMOKJI: WHISPERING WATER,21cineplex,,26SWWR,Horror,95 menit,D17+,2D,2026-05-16,cdc93506-feda-4c64-877b-ab7d090328aa,2026-05-16T13:59:10.163661
12049009-3f83-452b-b56e-41f2f0b8a28b,SEMUA AKAN BAIK-BAIK SAJA,21cineplex,,16SABB,Drama,113 menit,13+,2D,2026-05-17,4e332c63-fd3e-4aae-b72f-821bbb12f4ae,2026-05-16T13:59:10.163733
12049009-3f83-452b-b56e-41f2f0b8a28b,STAR WARS: THE MANDALORIAN AND GROGU,21cineplex,,26SWMG,"Fantasy, Sci-Fi",132 menit,13+,2D,2026-05-20,a14795ce-411f-411a-9963-81a7248b87e6,2026-05-16T13:59:10.163885
12049009-3f83-452b-b56e-41f2f0b8a28b,KELUARGA SUAMI ADALAH HAMA,21cineplex,,16KSAH,Drama,117 menit,13+,2D,2026-05-21,c00df291-3902-4d32-ad16-050e5dbbf5ba,2026-05-16T13:59:10.163976
12049009-3f83-452b-b56e-41f2f0b8a28b,SUAMIKU LUKAKU,21cineplex,,16SLUU,Drama,92 menit,D17+,2D,2026-05-27,fc19e7be-2f44-481a-8b69-c1d3e1159cb3,2026-05-16T13:59:10.164102
12049009-3f83-452b-b56e-41f2f0b8a28b,SEKAWAN LIMO 2: GUNUNG KLAWIH,21cineplex,,16SK2G,"Comedy, Horror",122 menit,13+,2D,2026-05-27,94b691f6-6a6c-4431-8a8a-f68375777f56,2026-05-16T13:59:10.164227
dab86558-3871-433d-a519-3ae457ebe104,DILAN ITB 1997,21cineplex,,16DI97,"Drama, Romance",110 menit,13+,2D,2026-05-16,2e185ab9-c593-490a-9fe9-8fe09ad36ba1,2026-05-16T13:59:11.163732
dab86558-3871-433d-a519-3ae457ebe104,"AYAH, INI ARAHNYA KEMANA, YA?",21cineplex,,16AIAK,Drama,103 menit,13+,2D,2026-05-16,bd1ed117-f03f-4b08-b4be-17bfce7323ca,2026-05-16T13:59:11.163801
dab86558-3871-433d-a519-3ae457ebe104,GHOST IN THE CELL,21cineplex,,16GITC,"Comedy, Horror",106 menit,D17+,2D,2026-05-16,04a8ba30-93c6-4126-8cf4-135dd19162db,2026-05-16T13:59:11.163849
dab86558-3871-433d-a519-3ae457ebe104,SEMUA AKAN BAIK-BAIK SAJA,21cineplex,,16SABB,Drama,113 menit,13+,2D,2026-05-16,64a41381-84dd-4ec6-9e08-5dbb346f5c71,2026-05-16T13:59:11.163908
dab86558-3871-433d-a519-3ae457ebe104,TUMBAL PROYEK,21cineplex,,16TPRK,Horror,106 menit,D17+,2D,2026-05-16,7f8e9920-40a0-4736-b472-875ea6e4b460,2026-05-16T13:59:11.163976
dab86558-3871-433d-a519-3ae457ebe104,TUMBAL PROYEK,21cineplex,,16TPRK,Horror,106 menit,D17+,2D,2026-05-17,98ce5e9a-3543-4c3a-86d4-55de0b1646e5,2026-05-16T13:59:11.164032
dab86558-3871-433d-a519-3ae457ebe104,SEMUA AKAN BAIK-BAIK SAJA,21cineplex,,16SABB,Drama,113 menit,13+,2D,2026-05-17,30d96af2-4c22-4ebb-b738-70d07f142a3e,2026-05-16T13:59:11.164082
dab86558-3871-433d-a519-3ae457ebe104,KELUARGA SUAMI ADALAH HAMA,21cineplex,,16KSAH,Drama,117 menit,13+,2D,2026-05-21,bbdaa28d-1665-45ec-bad6-53902ad9991b,2026-05-16T13:59:11.164151
d87ac82d-22d5-43c0-89c2-414bccba307c,GOHAN,21cineplex,,26GOHN,Drama,140 menit,SU,2D,2026-05-16,1455566b-b867-4ccd-a361-6f95c33b3005,2026-05-16T13:59:12.666744
d87ac82d-22d5-43c0-89c2-414bccba307c,GHOST IN THE CELL,21cineplex,,16GITC,"Comedy, Horror",106 menit,D17+,2D,2026-05-16,153013f9-fc39-4dc9-92a1-b5ea248e383a,2026-05-16T13:59:12.666955
d87ac82d-22d5-43c0-89c2-414bccba307c,TUMBAL PROYEK,21cineplex,,16TPRK,Horror,106 menit,D17+,2D,2026-05-16,669f27b3-2aaf-4924-97f8-5a10165f758f,2026-05-16T13:59:12.667275
d87ac82d-22d5-43c0-89c2-414bccba307c,SEMUA AKAN BAIK-BAIK SAJA,21cineplex,,16SABB,Drama,113 menit,13+,2D,2026-05-16,6559c2fa-972f-49bd-bf6d-193827b24f20,2026-05-16T13:59:12.667441
d87ac82d-22d5-43c0-89c2-414bccba307c,MORTAL KOMBAT II,21cineplex,,25MKT2,"Action, Adventure",116 menit,D17+,2D,2026-05-16,ec5b824c-c781-4d71-bd21-5bb930e6fc42,2026-05-16T13:59:12.667706
d87ac82d-22d5-43c0-89c2-414bccba307c,THE SHEEP DETECTIVES,21cineplex,,26SDES,"Comedy, Mystery",109 menit,SU,2D,2026-05-16,e1696678-a2a0-4d13-b3f8-140bc2f4082c,2026-05-16T13:59:12.667894
d87ac82d-22d5-43c0-89c2-414bccba307c,KELUARGA SUAMI ADALAH HAMA,21cineplex,,16KSAH,Drama,117 menit,13+,2D,2026-05-21,93feedbc-634a-4c16-874e-a6146b3a2de3,2026-05-16T13:59:12.667982
d87ac82d-22d5-43c0-89c2-414bccba307c,SEKAWAN LIMO 2: GUNUNG KLAWIH,21cineplex,,16SK2G,"Comedy, Horror",122 menit,13+,2D,2026-05-27,34c84315-9bc1-4a8f-9da9-cad7696b6757,2026-05-16T13:59:12.668182
a7001eaa-d848-4b43-9829-761c7cf08d0c,THE SHEEP DETECTIVES,21cineplex,,26SDES,"Comedy, Mystery",109 menit,SU,2D,2026-05-16,7891c417-c270-475f-a2a7-771ecf28179b,2026-05-16T13:59:14.790670
a7001eaa-d848-4b43-9829-761c7cf08d0c,GUDANG MERICA,21cineplex,,16GMEA,"Comedy, Horror",98 menit,D17+,2D,2026-05-16,18f5d67b-9cdf-45e6-9b2c-3ae4b779e611,2026-05-16T13:59:14.790873
a7001eaa-d848-4b43-9829-761c7cf08d0c,SEMUA AKAN BAIK-BAIK SAJA,21cineplex,,16SABB,Drama,113 menit,13+,2D,2026-05-16,caf04291-a478-4311-9c94-c6f78968eb15,2026-05-16T13:59:14.791030
a7001eaa-d848-4b43-9829-761c7cf08d0c,TUMBAL PROYEK,21cineplex,,16TPRK,Horror,106 menit,D17+,2D,2026-05-16,213c7f24-36b9-4550-89f2-235efa93bca8,2026-05-16T13:59:14.791268
a7001eaa-d848-4b43-9829-761c7cf08d0c,GHOST IN THE CELL,21cineplex,,16GITC,"Comedy, Horror",106 menit,D17+,2D,2026-05-16,ecb279e3-f9cd-4b94-b510-c047cf7ddb38,2026-05-16T13:59:14.791458
a7001eaa-d848-4b43-9829-761c7cf08d0c,THE BELL: PANGGILAN UNTUK MATI,21cineplex,,16TBPU,Horror,91 menit,D17+,2D,2026-05-16,ee29ce45-f47d-44b6-a673-ce505da402fc,2026-05-16T13:59:14.791668
a7001eaa-d848-4b43-9829-761c7cf08d0c,GOHAN,21cineplex,,26GOHN,Drama,140 menit,SU,2D,2026-05-16,edee110f-06dd-44bc-a684-ee0fd189adff,2026-05-16T13:59:14.791843
a7001eaa-d848-4b43-9829-761c7cf08d0c,YANG LAIN BOLEH HILANG ASAL KAU JANGAN,21cineplex,,16YLBH,Drama,113 menit,13+,2D,2026-05-16,267aee7f-4473-4aa6-bc96-4b29d9c2cb18,2026-05-16T13:59:14.791939
a7001eaa-d848-4b43-9829-761c7cf08d0c,"AYAH, INI ARAHNYA KEMANA, YA?",21cineplex,,16AIAK,Drama,103 menit,13+,2D,2026-05-16,c1ef4c43-1b3a-4b26-a41c-497c631ea184,2026-05-16T13:59:14.792117
a7001eaa-d848-4b43-9829-761c7cf08d0c,SEMUA AKAN BAIK-BAIK SAJA,21cineplex,,16SABB,Drama,113 menit,13+,2D,2026-05-17,ea35087c-4e9b-497e-b52b-b602c810b7b4,2026-05-16T13:59:14.792291
a7001eaa-d848-4b43-9829-761c7cf08d0c,TUMBAL PROYEK,21cineplex,,16TPRK,Horror,106 menit,D17+,2D,2026-05-17,25feada7-6344-44fd-be78-d5a565a7c959,2026-05-16T13:59:14.792490
a7001eaa-d848-4b43-9829-761c7cf08d0c,KELUARGA SUAMI ADALAH HAMA,21cineplex,,16KSAH,Drama,117 menit,13+,2D,2026-05-21,be94ce56-5ece-4fe7-86f6-a0f435501372,2026-05-16T13:59:14.792645
a7001eaa-d848-4b43-9829-761c7cf08d0c,CHILDREN OF HEAVEN,21cineplex,,16COHN,"Drama, Family",97 menit,SU,2D,2026-05-27,a08625f7-b1e9-4602-a4ab-e67c2f8e914e,2026-05-16T13:59:14.792809
a7001eaa-d848-4b43-9829-761c7cf08d0c,SUAMIKU LUKAKU,21cineplex,,16SLUU,Drama,92 menit,D17+,2D,2026-05-27,543470fd-4d5f-4bb3-bf6f-b4e9e3a330a4,2026-05-16T13:59:14.792973
a7001eaa-d848-4b43-9829-761c7cf08d0c,SEKAWAN LIMO 2: GUNUNG KLAWIH,21cineplex,,16SK2G,"Comedy, Horror",122 menit,13+,2D,2026-05-27,57689f58-17d8-4b21-b7a4-73ef7a299bb2,2026-05-16T13:59:14.793152
05831fb5-eec0-45d3-b2ab-16acc6bda78c,SEMUA AKAN BAIK-BAIK SAJA,21cineplex,,16SABB,Drama,113 menit,13+,2D,2026-05-16,7f6ea5ee-738a-4f4f-b47f-dd90826ff2aa,2026-05-16T13:59:15.723251
05831fb5-eec0-45d3-b2ab-16acc6bda78c,TUMBAL PROYEK,21cineplex,,16TPRK,Horror,106 menit,D17+,2D,2026-05-16,a8421bda-aaff-46d3-9779-a593050dced9,2026-05-16T13:59:15.723500
05831fb5-eec0-45d3-b2ab-16acc6bda78c,GUDANG MERICA,21cineplex,,16GMEA,"Comedy, Horror",98 menit,D17+,2D,2026-05-16,480b9d7f-268b-411d-9877-3457a16e5550,2026-05-16T13:59:15.723659
05831fb5-eec0-45d3-b2ab-16acc6bda78c,MORTAL KOMBAT II,21cineplex,,25MKT2,"Action, Adventure",116 menit,D17+,2D,2026-05-16,7306d2a5-c3f5-4a33-9a35-201095e6bd67,2026-05-16T13:59:15.723769
05831fb5-eec0-45d3-b2ab-16acc6bda78c,GOHAN,21cineplex,,26GOHN,Drama,140 menit,SU,2D,2026-05-16,be43e87d-91d0-4693-a3ef-a33935641b49,2026-05-16T13:59:15.723923
05831fb5-eec0-45d3-b2ab-16acc6bda78c,DILAN ITB 1997,21cineplex,,16DI97,"Drama, Romance",110 menit,13+,2D,2026-05-16,a95cac01-ffae-4a25-8a14-40a11ba0c264,2026-05-16T13:59:15.724090
05831fb5-eec0-45d3-b2ab-16acc6bda78c,THE SHEEP DETECTIVES,21cineplex,,26SDES,"Comedy, Mystery",109 menit,SU,2D,2026-05-16,8c8f3bf8-3c28-4569-8e7d-db3314216ec2,2026-05-16T13:59:15.724257
05831fb5-eec0-45d3-b2ab-16acc6bda78c,GHOST IN THE CELL,21cineplex,,16GITC,"Comedy, Horror",106 menit,D17+,2D,2026-05-16,70dd5a20-170b-4a51-bc10-3de09983b5c8,2026-05-16T13:59:15.724366
05831fb5-eec0-45d3-b2ab-16acc6bda78c,YANG LAIN BOLEH HILANG ASAL KAU JANGAN,21cineplex,,16YLBH,Drama,113 menit,13+,2D,2026-05-16,e43aa3ef-f1b3-4cee-9378-87ae224db0cc,2026-05-16T13:59:15.724746
05831fb5-eec0-45d3-b2ab-16acc6bda78c,SEMUA AKAN BAIK-BAIK SAJA,21cineplex,,16SABB,Drama,113 menit,13+,2D,2026-05-17,c058d5f9-6770-4202-bf73-31306122e11a,2026-05-16T13:59:15.724954
05831fb5-eec0-45d3-b2ab-16acc6bda78c,KELUARGA SUAMI ADALAH HAMA,21cineplex,,16KSAH,Drama,117 menit,13+,2D,2026-05-21,c2fc5bee-b9e4-4a0a-9285-020d86cb4cb1,2026-05-16T13:59:15.725163
05831fb5-eec0-45d3-b2ab-16acc6bda78c,SUAMIKU LUKAKU,21cineplex,,16SLUU,Drama,92 menit,D17+,2D,2026-05-27,260128ee-0f20-4ebd-aacb-12d2ab2b2767,2026-05-16T13:59:15.725327
05831fb5-eec0-45d3-b2ab-16acc6bda78c,CHILDREN OF HEAVEN,21cineplex,,16COHN,"Drama, Family",97 menit,SU,2D,2026-05-27,f28a757e-f4e0-4ddf-bbab-6c24514a41d1,2026-05-16T13:59:15.725498
05831fb5-eec0-45d3-b2ab-16acc6bda78c,SEKAWAN LIMO 2: GUNUNG KLAWIH,21cineplex,,16SK2G,"Comedy, Horror",122 menit,13+,2D,2026-05-27,34d11bb5-81c7-4597-989e-d9fa202b625c,2026-05-16T13:59:15.725647
6954194b-fa71-404c-b182-3ade49539bbe,DILAN ITB 1997,21cineplex,,16DI97,"Drama, Romance",110 menit,13+,2D,2026-05-16,acf0e598-6818-42cd-84b7-e747e02eda9b,2026-05-16T13:59:18.641546
6954194b-fa71-404c-b182-3ade49539bbe,TUMBAL PROYEK,21cineplex,,16TPRK,Horror,106 menit,D17+,2D,2026-05-16,b8945e86-068c-432f-a939-90851fa55ba5,2026-05-16T13:59:18.641847
6954194b-fa71-404c-b182-3ade49539bbe,YANG LAIN BOLEH HILANG ASAL KAU JANGAN,21cineplex,,16YLBH,Drama,113 menit,13+,2D,2026-05-16,6f081ab8-7056-4aca-b942-0bdf2088bb93,2026-05-16T13:59:18.642029
6954194b-fa71-404c-b182-3ade49539bbe,THE BELL: PANGGILAN UNTUK MATI,21cineplex,,16TBPU,Horror,91 menit,D17+,2D,2026-05-16,ce35f1b1-0f45-45ab-b36b-37e553e47e04,2026-05-16T13:59:18.642167
6954194b-fa71-404c-b182-3ade49539bbe,SEMUA AKAN BAIK-BAIK SAJA,21cineplex,,16SABB,Drama,113 menit,13+,2D,2026-05-16,400c83ec-15f4-403f-ab9e-15606975f6de,2026-05-16T13:59:18.642279
6954194b-fa71-404c-b182-3ade49539bbe,GHOST IN THE CELL,21cineplex,,16GITC,"Comedy, Horror",106 menit,D17+,2D,2026-05-16,45d99254-359d-454a-abd5-ad0923f77901,2026-05-16T13:59:18.642478
f731d6b8-5559-430f-86bf-40e415340ce3,DILAN ITB 1997,21cineplex,,16DI97,"Drama, Romance",110 menit,13+,2D,2026-05-16,62a0032c-948a-45f3-92e2-e2f4773e5cec,2026-05-16T13:59:21.111838
f731d6b8-5559-430f-86bf-40e415340ce3,TUMBAL PROYEK,21cineplex,,16TPRK,Horror,106 menit,D17+,2D,2026-05-16,69333772-b3da-4bf9-81cc-9753f750784f,2026-05-16T13:59:21.112121
f731d6b8-5559-430f-86bf-40e415340ce3,SEMUA AKAN BAIK-BAIK SAJA,21cineplex,,16SABB,Drama,113 menit,13+,2D,2026-05-16,477101e0-0e26-4989-8dc2-2c981d803c4f,2026-05-16T13:59:21.112282
f731d6b8-5559-430f-86bf-40e415340ce3,GHOST IN THE CELL,21cineplex,,16GITC,"Comedy, Horror",106 menit,D17+,2D,2026-05-16,6b1eda50-c133-4c70-a8bd-c3c2cb66b85c,2026-05-16T13:59:21.112524
f731d6b8-5559-430f-86bf-40e415340ce3,YANG LAIN BOLEH HILANG ASAL KAU JANGAN,21cineplex,,16YLBH,Drama,113 menit,13+,2D,2026-05-16,86c289bc-c411-47ab-89b4-99cb28c68051,2026-05-16T13:59:21.112656
f731d6b8-5559-430f-86bf-40e415340ce3,CHILDREN OF HEAVEN,21cineplex,,16COHN,"Drama, Family",97 menit,SU,2D,2026-05-27,9d31c42a-8d11-4940-bed2-3ec11b685560,2026-05-16T13:59:21.112792
0879ac7e-4f77-4038-864b-0274b46148bf,THE SHEEP DETECTIVES,21cineplex,,26SDES,"Comedy, Mystery",109 menit,SU,2D,2026-05-16,5148b210-8f53-456b-b1d8-675deb2565d4,2026-05-16T13:59:21.707683
0879ac7e-4f77-4038-864b-0274b46148bf,GHOST IN THE CELL,21cineplex,,16GITC,"Comedy, Horror",106 menit,D17+,2D,2026-05-16,a0c91d0d-224f-4da5-8472-ccd0c3a090e3,2026-05-16T13:59:21.707860
0879ac7e-4f77-4038-864b-0274b46148bf,THE DEVIL WEARS PRADA 2,21cineplex,,26DWP2,"Comedy, Drama",119 menit,13+,2D,2026-05-16,8b837f2e-0634-4163-8a37-eca63ccd04ae,2026-05-16T13:59:21.707975
0879ac7e-4f77-4038-864b-0274b46148bf,SEMUA AKAN BAIK-BAIK SAJA,21cineplex,,16SABB,Drama,113 menit,13+,2D,2026-05-16,6637ab78-260f-4d73-a6c2-26319c2b36ae,2026-05-16T13:59:21.708119
0879ac7e-4f77-4038-864b-0274b46148bf,GOHAN,21cineplex,,26GOHN,Drama,140 menit,SU,2D,2026-05-16,b67a7b96-527e-4c3f-a94b-5b26baf9ada7,2026-05-16T13:59:21.708342
0879ac7e-4f77-4038-864b-0274b46148bf,MICHAEL,21cineplex,,26MICL,Biography,127 menit,SU,2D,2026-05-16,d12c1465-e657-4267-a078-f375b397012a,2026-05-16T13:59:21.708459
0879ac7e-4f77-4038-864b-0274b46148bf,MORTAL KOMBAT II,21cineplex,,25MKT2,"Action, Adventure",116 menit,D17+,2D,2026-05-16,f0a02dd6-1745-43a6-8253-3871ffab589d,2026-05-16T13:59:21.708870
0879ac7e-4f77-4038-864b-0274b46148bf,TUMBAL PROYEK,21cineplex,,16TPRK,Horror,106 menit,D17+,2D,2026-05-16,d62e9d02-9dc5-4a90-8521-32ce415039ee,2026-05-16T13:59:21.709086
0879ac7e-4f77-4038-864b-0274b46148bf,STAR WARS: THE MANDALORIAN AND GROGU,21cineplex,,26SWMG,"Fantasy, Sci-Fi",132 menit,13+,2D,2026-05-20,b5a5a248-6238-43f5-9ca2-0b2a1357bb60,2026-05-16T13:59:21.709322
0879ac7e-4f77-4038-864b-0274b46148bf,KELUARGA SUAMI ADALAH HAMA,21cineplex,,16KSAH,Drama,117 menit,13+,2D,2026-05-21,2dd6c2ff-36f5-4129-bf7a-5f0a35baebf2,2026-05-16T13:59:21.709506
0879ac7e-4f77-4038-864b-0274b46148bf,KAMU HARUS MATI,21cineplex,,16KHMI,"Horror, Mystery, Thriller",90 menit,13+,2D,2026-05-21,92fda79d-1f01-4d79-9916-c95e428900c2,2026-05-16T13:59:21.709739
0879ac7e-4f77-4038-864b-0274b46148bf,SEKAWAN LIMO 2: GUNUNG KLAWIH,21cineplex,,16SK2G,"Comedy, Horror",122 menit,13+,2D,2026-05-27,f269504f-35b3-45a8-95be-21b0a3465a41,2026-05-16T13:59:21.709983
69563c0f-eca1-437f-8252-0f1253b850c9,GHOST IN THE CELL,21cineplex,,16GITC,"Comedy, Horror",106 menit,D17+,2D,2026-05-16,2f801ec6-6b9d-47f7-ba3e-27c51b41820f,2026-05-16T13:59:29.530156
69563c0f-eca1-437f-8252-0f1253b850c9,TUMBAL PROYEK,21cineplex,,16TPRK,Horror,106 menit,D17+,2D,2026-05-16,9d41f84b-3e63-41c1-9708-0755d0f13701,2026-05-16T13:59:29.530349
69563c0f-eca1-437f-8252-0f1253b850c9,DILAN ITB 1997,21cineplex,,16DI97,"Drama, Romance",110 menit,13+,2D,2026-05-16,b94bb9dc-1878-41be-bf61-bbf8a6c70440,2026-05-16T13:59:29.530511
69563c0f-eca1-437f-8252-0f1253b850c9,TIBA TIBA SETAN,21cineplex,,16TTSN,"Comedy, Horror",113 menit,13+,2D,2026-05-16,60cf781f-7919-4a87-b67a-738bde1277b9,2026-05-16T13:59:29.530591
69563c0f-eca1-437f-8252-0f1253b850c9,SEMUA AKAN BAIK-BAIK SAJA,21cineplex,,16SABB,Drama,113 menit,13+,2D,2026-05-16,186d34c0-f6c9-4719-92e0-011febacfcaa,2026-05-16T13:59:29.530668
69563c0f-eca1-437f-8252-0f1253b850c9,KAMU HARUS MATI,21cineplex,,16KHMI,"Horror, Mystery, Thriller",90 menit,13+,2D,2026-05-21,226cae2b-7727-49d4-b081-f2dc78b501e4,2026-05-16T13:59:29.530906
b56ec29c-23d6-40d2-9bf3-5174a8c7c048,GHOST IN THE CELL,21cineplex,,16GITC,"Comedy, Horror",106 menit,D17+,2D,2026-05-16,ef9fbdd5-8518-43c2-9ce8-10b456145d00,2026-05-16T13:59:29.531311
b56ec29c-23d6-40d2-9bf3-5174a8c7c048,DILAN ITB 1997,21cineplex,,16DI97,"Drama, Romance",110 menit,13+,2D,2026-05-16,cc736452-9553-4adc-849c-02139a585e77,2026-05-16T13:59:29.531432
b56ec29c-23d6-40d2-9bf3-5174a8c7c048,SEMUA AKAN BAIK-BAIK SAJA,21cineplex,,16SABB,Drama,113 menit,13+,2D,2026-05-16,8fba2cea-da85-4a53-8d4c-c7c7a10b6f7e,2026-05-16T13:59:29.531627
b56ec29c-23d6-40d2-9bf3-5174a8c7c048,TUMBAL PROYEK,21cineplex,,16TPRK,Horror,106 menit,D17+,2D,2026-05-16,ef5a25c0-5c29-4e7f-a686-b820c3514825,2026-05-16T13:59:29.531861
b56ec29c-23d6-40d2-9bf3-5174a8c7c048,SEMUA AKAN BAIK-BAIK SAJA,21cineplex,,16SABB,Drama,113 menit,13+,2D,2026-05-17,3dbfc646-162c-4e37-b175-6f818c7d2eaf,2026-05-16T13:59:29.532014
b56ec29c-23d6-40d2-9bf3-5174a8c7c048,KAMU HARUS MATI,21cineplex,,16KHMI,"Horror, Mystery, Thriller",90 menit,13+,2D,2026-05-21,eda1e1f6-48b9-4de1-add1-02dabced49a3,2026-05-16T13:59:29.532189
bf82454c-b454-43cc-9347-b23a25318768,GHOST IN THE CELL,21cineplex,,16GITC,"Comedy, Horror",106 menit,D17+,2D,2026-05-16,a6c57c7c-a6f1-45f2-81e1-bd8e3b2d0ac4,2026-05-16T13:59:29.532582
bf82454c-b454-43cc-9347-b23a25318768,GUDANG MERICA,21cineplex,,16GMEA,"Comedy, Horror",98 menit,D17+,2D,2026-05-16,1bef21bd-70b8-4caa-8c53-96ecdb225bf7,2026-05-16T13:59:29.532716
bf82454c-b454-43cc-9347-b23a25318768,THE BELL: PANGGILAN UNTUK MATI,21cineplex,,16TBPU,Horror,91 menit,D17+,2D,2026-05-16,0983c305-326e-4c63-bfc7-9cca09365a58,2026-05-16T13:59:29.532813
bf82454c-b454-43cc-9347-b23a25318768,YANG LAIN BOLEH HILANG ASAL KAU JANGAN,21cineplex,,16YLBH,Drama,113 menit,13+,2D,2026-05-16,90c6b36f-9d88-4425-8753-f68a21149b62,2026-05-16T13:59:29.532988
bf82454c-b454-43cc-9347-b23a25318768,TIBA TIBA SETAN,21cineplex,,16TTSN,"Comedy, Horror",113 menit,13+,2D,2026-05-16,70337df8-aa5d-41b8-a976-3ed931cb389e,2026-05-16T13:59:29.533103
bf82454c-b454-43cc-9347-b23a25318768,SEMUA AKAN BAIK-BAIK SAJA,21cineplex,,16SABB,Drama,113 menit,13+,2D,2026-05-16,999d4e2b-e55e-4e08-aa63-359a1c46e0f3,2026-05-16T13:59:29.533227
bf82454c-b454-43cc-9347-b23a25318768,DILAN ITB 1997,21cineplex,,16DI97,"Drama, Romance",110 menit,13+,2D,2026-05-16,d976311a-ab52-4e72-9a18-0321e272f919,2026-05-16T13:59:29.533418
bf82454c-b454-43cc-9347-b23a25318768,THE SHEEP DETECTIVES,21cineplex,,26SDES,"Comedy, Mystery",109 menit,SU,2D,2026-05-16,b277c1ac-5cb2-449e-81d5-1aade2792f9a,2026-05-16T13:59:29.536450
bf82454c-b454-43cc-9347-b23a25318768,"AYAH, INI ARAHNYA KEMANA, YA?",21cineplex,,16AIAK,Drama,103 menit,13+,2D,2026-05-16,630771e1-e9f9-4c54-9f0a-2179164562ba,2026-05-16T13:59:29.536723
bf82454c-b454-43cc-9347-b23a25318768,TUMBAL PROYEK,21cineplex,,16TPRK,Horror,106 menit,D17+,2D,2026-05-16,1385b36b-34a6-42c3-a986-a9465575a593,2026-05-16T13:59:29.536882
bf82454c-b454-43cc-9347-b23a25318768,SEMUA AKAN BAIK-BAIK SAJA,21cineplex,,16SABB,Drama,113 menit,13+,2D,2026-05-17,68643f28-cb89-45d7-aaa5-52088487a7c7,2026-05-16T13:59:29.537064
bf82454c-b454-43cc-9347-b23a25318768,KAMU HARUS MATI,21cineplex,,16KHMI,"Horror, Mystery, Thriller",90 menit,13+,2D,2026-05-21,3006656a-4d16-460c-808a-363b21c4fc76,2026-05-16T13:59:29.537267
bf82454c-b454-43cc-9347-b23a25318768,SUAMIKU LUKAKU,21cineplex,,16SLUU,Drama,92 menit,D17+,2D,2026-05-27,17f08860-b2eb-4724-89d3-93905cab7b85,2026-05-16T13:59:29.537445
bf82454c-b454-43cc-9347-b23a25318768,SEKAWAN LIMO 2: GUNUNG KLAWIH,21cineplex,,16SK2G,"Comedy, Horror",122 menit,13+,2D,2026-05-27,0839c1d7-cfac-4a68-a621-2cdf4c79e1d8,2026-05-16T13:59:29.537611
bf82454c-b454-43cc-9347-b23a25318768,CHILDREN OF HEAVEN,21cineplex,,16COHN,"Drama, Family",97 menit,SU,2D,2026-05-27,affbade1-a50a-4379-ad2b-62c42c3cd028,2026-05-16T13:59:29.537767
e12e3242-4542-493b-aae6-8c1bf56c694d,"AYAH, INI ARAHNYA KEMANA, YA?",21cineplex,,16AIAK,Drama,103 menit,13+,2D,2026-05-16,b976315b-4caf-424e-94c6-2edb9c067978,2026-05-16T13:59:29.538224
e12e3242-4542-493b-aae6-8c1bf56c694d,MORTAL KOMBAT II,21cineplex,,25MKT2,"Action, Adventure",116 menit,D17+,2D,2026-05-16,675b197a-5ebc-4b09-af15-7ca22e7b918e,2026-05-16T13:59:29.538370
e12e3242-4542-493b-aae6-8c1bf56c694d,TUMBAL PROYEK,21cineplex,,16TPRK,Horror,106 menit,D17+,2D,2026-05-16,b26bba9d-8406-4bce-9e55-0ef495f627e1,2026-05-16T13:59:29.538466
e12e3242-4542-493b-aae6-8c1bf56c694d,SALMOKJI: WHISPERING WATER,21cineplex,,26SWWR,Horror,95 menit,D17+,2D,2026-05-16,a6d76891-f3ea-48f2-acf0-b0eaed932820,2026-05-16T13:59:29.538586
e12e3242-4542-493b-aae6-8c1bf56c694d,GHOST IN THE CELL,21cineplex,,16GITC,"Comedy, Horror",106 menit,D17+,2D,2026-05-16,cdbb711b-85df-4d2b-b0ff-06ea62ff9925,2026-05-16T13:59:29.538661
e12e3242-4542-493b-aae6-8c1bf56c694d,SEMUA AKAN BAIK-BAIK SAJA,21cineplex,,16SABB,Drama,113 menit,13+,2D,2026-05-16,1840f7bb-c69f-4450-8c5e-cd22261cc534,2026-05-16T13:59:29.538739
e12e3242-4542-493b-aae6-8c1bf56c694d,KELUARGA SUAMI ADALAH HAMA,21cineplex,,16KSAH,Drama,117 menit,13+,2D,2026-05-21,eb2b4570-4332-4483-a512-ec6b52b7ba3e,2026-05-16T13:59:29.538884
e12e3242-4542-493b-aae6-8c1bf56c694d,SEKAWAN LIMO 2: GUNUNG KLAWIH,21cineplex,,16SK2G,"Comedy, Horror",122 menit,13+,2D,2026-05-27,315a25d3-ae06-472e-9602-43abb0b6f067,2026-05-16T13:59:29.539018
b8c37355-832b-4a90-a63c-bbe6e2184917,TUMBAL PROYEK,21cineplex,,16TPRK,Horror,106 menit,D17+,2D,2026-05-16,ccf64402-fe03-4c4e-95ed-6a6e5e753025,2026-05-16T13:59:30.672618
b8c37355-832b-4a90-a63c-bbe6e2184917,MORTAL KOMBAT II,21cineplex,,25MKT2,"Action, Adventure",116 menit,D17+,2D,2026-05-16,3ff37f05-c096-401b-842c-8bf6cb60d4ec,2026-05-16T13:59:30.672704
b8c37355-832b-4a90-a63c-bbe6e2184917,GOHAN,21cineplex,,26GOHN,Drama,140 menit,SU,2D,2026-05-16,71080cef-5a66-49b1-ae48-122769ea9be6,2026-05-16T13:59:30.672779
b8c37355-832b-4a90-a63c-bbe6e2184917,DILAN ITB 1997,21cineplex,,16DI97,"Drama, Romance",110 menit,13+,2D,2026-05-16,14d12eed-2f69-4661-a87d-d4e0859db085,2026-05-16T13:59:30.672842
b8c37355-832b-4a90-a63c-bbe6e2184917,SEMUA AKAN BAIK-BAIK SAJA,21cineplex,,16SABB,Drama,113 menit,13+,2D,2026-05-16,6e4a1ebb-2d46-49d6-bb4b-c3097e018fc5,2026-05-16T13:59:30.672891
b8c37355-832b-4a90-a63c-bbe6e2184917,THE SHEEP DETECTIVES,21cineplex,,26SDES,"Comedy, Mystery",109 menit,SU,2D,2026-05-16,adb37bb2-1268-4c75-8846-a86d3ce2647a,2026-05-16T13:59:30.673002
b8c37355-832b-4a90-a63c-bbe6e2184917,MICHAEL,21cineplex,,26MICL,Biography,127 menit,SU,2D,2026-05-16,e2a966d9-7177-4753-9b04-2f8af92d6d2b,2026-05-16T13:59:30.673092
b8c37355-832b-4a90-a63c-bbe6e2184917,IN THE GREY,21cineplex,,26ITGY,"Action, Thriller",97 menit,13+,2D,2026-05-16,72a2a3c1-b29f-41ca-a11c-aee7fcde42bb,2026-05-16T13:59:30.673184
b8c37355-832b-4a90-a63c-bbe6e2184917,STAR WARS: THE MANDALORIAN AND GROGU,21cineplex,,26SWMG,"Fantasy, Sci-Fi",132 menit,13+,2D,2026-05-20,df010c13-8f41-49a2-82cd-80f7b9e55c83,2026-05-16T13:59:30.673241
b8c37355-832b-4a90-a63c-bbe6e2184917,KELUARGA SUAMI ADALAH HAMA,21cineplex,,16KSAH,Drama,117 menit,13+,2D,2026-05-21,a2923edf-94b0-42fb-a5c3-6c217839730b,2026-05-16T13:59:30.673322
3a94da82-63ed-4c29-9107-53c83a35ef25,GHOST IN THE CELL,21cineplex,,16GITC,"Comedy, Horror",106 menit,D17+,2D,2026-05-16,0e8df53c-1fe0-4e74-8fc5-ab645616c515,2026-05-16T13:59:33.633539
3a94da82-63ed-4c29-9107-53c83a35ef25,YANG LAIN BOLEH HILANG ASAL KAU JANGAN,21cineplex,,16YLBH,Drama,113 menit,13+,2D,2026-05-16,edc66ba8-39a8-4737-a13f-bd71b15c96ac,2026-05-16T13:59:33.633727
3a94da82-63ed-4c29-9107-53c83a35ef25,TUMBAL PROYEK,21cineplex,,16TPRK,Horror,106 menit,D17+,2D,2026-05-16,08f714d6-f983-4994-97ab-bad00e625925,2026-05-16T13:59:33.633903
3a94da82-63ed-4c29-9107-53c83a35ef25,THE SHEEP DETECTIVES,21cineplex,,26SDES,"Comedy, Mystery",109 menit,SU,2D,2026-05-16,20ee79c3-ba84-435f-a312-b4ecc70b7582,2026-05-16T13:59:33.634079
3a94da82-63ed-4c29-9107-53c83a35ef25,MORTAL KOMBAT II,21cineplex,,25MKT2,"Action, Adventure",116 menit,D17+,2D,2026-05-16,35806931-71db-42d3-824d-d227395c6092,2026-05-16T13:59:33.634174
3a94da82-63ed-4c29-9107-53c83a35ef25,SEMUA AKAN BAIK-BAIK SAJA,21cineplex,,16SABB,Drama,113 menit,13+,2D,2026-05-16,3963453a-be82-42c8-bb11-d54154c82541,2026-05-16T13:59:33.634293
4d3056ca-dcbb-489a-8fef-7f95c48c662e,SEMUA AKAN BAIK-BAIK SAJA,21cineplex,,16SABB,Drama,113 menit,13+,2D,2026-05-16,eb14d865-dddb-4638-9791-2e0f404f3b73,2026-05-16T13:59:35.396017
4d3056ca-dcbb-489a-8fef-7f95c48c662e,GOHAN,21cineplex,,26GOHN,Drama,140 menit,SU,2D,2026-05-16,3403037d-d268-4f71-bf0c-4115043bc445,2026-05-16T13:59:35.396167
4d3056ca-dcbb-489a-8fef-7f95c48c662e,DILAN ITB 1997,21cineplex,,16DI97,"Drama, Romance",110 menit,13+,2D,2026-05-16,4852e337-291c-42f8-9334-46a77f3e5bc4,2026-05-16T13:59:35.396234
4d3056ca-dcbb-489a-8fef-7f95c48c662e,MORTAL KOMBAT II,21cineplex,,25MKT2,"Action, Adventure",116 menit,D17+,2D,2026-05-16,c1ce0813-5910-4f2e-8c1c-13a9a6d4e071,2026-05-16T13:59:35.396333
4d3056ca-dcbb-489a-8fef-7f95c48c662e,TUMBAL PROYEK,21cineplex,,16TPRK,Horror,106 menit,D17+,2D,2026-05-16,283be44e-93a1-4403-afc1-550fdb68afcb,2026-05-16T13:59:35.396387
4d3056ca-dcbb-489a-8fef-7f95c48c662e,KELUARGA SUAMI ADALAH HAMA,21cineplex,,16KSAH,Drama,117 menit,13+,2D,2026-05-21,1f888395-506a-4a4b-982c-9f9731138339,2026-05-16T13:59:35.396471
41aa91e5-3dc3-454c-a3ce-6b2e5fdccdf3,DILAN ITB 1997,21cineplex,,16DI97,"Drama, Romance",110 menit,13+,2D,2026-05-16,3a386b25-f21c-4aaa-b1cf-c30474075075,2026-05-16T13:59:36.679387
41aa91e5-3dc3-454c-a3ce-6b2e5fdccdf3,GOHAN,21cineplex,,26GOHN,Drama,140 menit,SU,2D,2026-05-16,0d9f8c3e-ccaf-4ead-aa1d-13e8b69e1bcd,2026-05-16T13:59:36.679480
41aa91e5-3dc3-454c-a3ce-6b2e5fdccdf3,THE SHEEP DETECTIVES,21cineplex,,26SDES,"Comedy, Mystery",109 menit,SU,2D,2026-05-16,e78656fb-4dbd-438e-aa3f-cef87ca29964,2026-05-16T13:59:36.679560
41aa91e5-3dc3-454c-a3ce-6b2e5fdccdf3,THE DEVIL WEARS PRADA 2,21cineplex,,26DWP2,"Comedy, Drama",119 menit,13+,2D,2026-05-16,6e878a1c-4397-45e4-9cd1-de495f684f5b,2026-05-16T13:59:36.679600
41aa91e5-3dc3-454c-a3ce-6b2e5fdccdf3,SALMOKJI: WHISPERING WATER,21cineplex,,26SWWR,Horror,95 menit,D17+,2D,2026-05-16,44177a62-df8e-475e-a13c-fbc6594834c6,2026-05-16T13:59:36.679643
41aa91e5-3dc3-454c-a3ce-6b2e5fdccdf3,TUMBAL PROYEK,21cineplex,,16TPRK,Horror,106 menit,D17+,2D,2026-05-16,9d60e30c-d323-4545-a2c9-0ef197529538,2026-05-16T13:59:36.679673
41aa91e5-3dc3-454c-a3ce-6b2e5fdccdf3,MORTAL KOMBAT II,21cineplex,,25MKT2,"Action, Adventure",116 menit,D17+,2D,2026-05-16,3687fba4-b348-4936-9116-e99e86aa1a4a,2026-05-16T13:59:36.679705
41aa91e5-3dc3-454c-a3ce-6b2e5fdccdf3,SEMUA AKAN BAIK-BAIK SAJA,21cineplex,,16SABB,Drama,113 menit,13+,2D,2026-05-16,8782d246-c049-407d-8308-b50d8329a90d,2026-05-16T13:59:36.679754
41aa91e5-3dc3-454c-a3ce-6b2e5fdccdf3,SUAMIKU LUKAKU,21cineplex,,16SLUU,Drama,92 menit,D17+,2D,2026-05-27,c8260c38-ec3a-45aa-b4d5-7bfddacd0193,2026-05-16T13:59:36.679803
f98002e5-2749-4837-831f-54754bf417b8,THE SHEEP DETECTIVES,21cineplex,,26SDES,"Comedy, Mystery",109 menit,SU,2D,2026-05-16,8d0e6e15-e2b4-44c6-b548-e0b5d27f1149,2026-05-16T13:59:38.405655
f98002e5-2749-4837-831f-54754bf417b8,MORTAL KOMBAT II,21cineplex,,25MKT2,"Action, Adventure",116 menit,D17+,2D,2026-05-16,6dc9ccb3-c42e-49e7-8bf8-5ea49f094e22,2026-05-16T13:59:38.405916
f98002e5-2749-4837-831f-54754bf417b8,MICHAEL,21cineplex,,26MICL,Biography,127 menit,SU,2D,2026-05-16,eed770ae-5105-49ae-9462-840fb1645b35,2026-05-16T13:59:38.406066
f98002e5-2749-4837-831f-54754bf417b8,GOHAN,21cineplex,,26GOHN,Drama,140 menit,SU,2D,2026-05-16,16d74fc3-4bf0-48d5-a061-3bf54654f34d,2026-05-16T13:59:38.406252
f98002e5-2749-4837-831f-54754bf417b8,THE DEVIL WEARS PRADA 2,21cineplex,,26DWP2,"Comedy, Drama",119 menit,13+,2D,2026-05-16,bdd18fa4-8b8b-45e7-8ccc-f805132e4d6d,2026-05-16T13:59:38.406421
f98002e5-2749-4837-831f-54754bf417b8,IN THE GREY,21cineplex,,26ITGY,"Action, Thriller",97 menit,13+,2D,2026-05-16,5f95f973-368c-42e0-98f3-fcd1d16a0f9c,2026-05-16T13:59:38.406535
f98002e5-2749-4837-831f-54754bf417b8,MICHAEL,21cineplex,,26MICL,Biography,127 menit,SU,2D,2026-05-17,f9caac7a-4f41-4663-92dd-643daf69acef,2026-05-16T13:59:38.406657
dd0f6632-7d06-4216-a80d-e1ce98f2e4e8,SEMUA AKAN BAIK-BAIK SAJA,21cineplex,,16SABB,Drama,113 menit,13+,2D,2026-05-16,a7ff4db6-6360-4559-84bd-b30f83cacfaf,2026-05-16T13:59:41.384006
dd0f6632-7d06-4216-a80d-e1ce98f2e4e8,THE SHEEP DETECTIVES,21cineplex,,26SDES,"Comedy, Mystery",109 menit,SU,2D,2026-05-16,1e0469e2-151d-4efb-a901-46b52a063a70,2026-05-16T13:59:41.384266
dd0f6632-7d06-4216-a80d-e1ce98f2e4e8,GHOST IN THE CELL,21cineplex,,16GITC,"Comedy, Horror",106 menit,D17+,2D,2026-05-16,2cf26344-d8ac-4f06-907d-30044ffc7f09,2026-05-16T13:59:41.384415
dd0f6632-7d06-4216-a80d-e1ce98f2e4e8,YANG LAIN BOLEH HILANG ASAL KAU JANGAN,21cineplex,,16YLBH,Drama,113 menit,13+,2D,2026-05-16,f9c27d57-2522-4114-baa7-a24471d286db,2026-05-16T13:59:41.384544
6f7b92b7-e12e-4216-95b3-ebcc0a18550f,THE SHEEP DETECTIVES,21cineplex,,26SDES,"Comedy, Mystery",109 menit,SU,2D,2026-05-16,c27e8162-d8a7-4439-9a9a-79fb843588c3,2026-05-16T13:59:42.693134
6f7b92b7-e12e-4216-95b3-ebcc0a18550f,SALMOKJI: WHISPERING WATER,21cineplex,,26SWWR,Horror,95 menit,D17+,2D,2026-05-16,7646fabc-4e76-4666-857f-b24d13a75979,2026-05-16T13:59:42.693224
6f7b92b7-e12e-4216-95b3-ebcc0a18550f,MORTAL KOMBAT II,21cineplex,,25MKT2,"Action, Adventure",116 menit,D17+,2D,2026-05-16,67e2f536-82bf-4a64-a018-3a49f614e370,2026-05-16T13:59:42.693268
6f7b92b7-e12e-4216-95b3-ebcc0a18550f,GHOST IN THE CELL,21cineplex,,16GITC,"Comedy, Horror",106 menit,D17+,2D,2026-05-16,4183f343-ea4a-46bd-a321-37d3d8c4cdc2,2026-05-16T13:59:42.693333
6f7b92b7-e12e-4216-95b3-ebcc0a18550f,SEMUA AKAN BAIK-BAIK SAJA,21cineplex,,16SABB,Drama,113 menit,13+,2D,2026-05-16,b9fe524f-0fbc-4deb-afdd-dfc721a3aa34,2026-05-16T13:59:42.693383
6f7b92b7-e12e-4216-95b3-ebcc0a18550f,GOHAN,21cineplex,,26GOHN,Drama,140 menit,SU,2D,2026-05-16,7613f4e8-f465-40d2-9050-461c16ca3d5d,2026-05-16T13:59:42.693460
6f7b92b7-e12e-4216-95b3-ebcc0a18550f,TUMBAL PROYEK,21cineplex,,16TPRK,Horror,106 menit,D17+,2D,2026-05-16,19d617d2-a1d6-4c8a-b0d5-7038a09c02de,2026-05-16T13:59:42.693494
6f7b92b7-e12e-4216-95b3-ebcc0a18550f,YANG LAIN BOLEH HILANG ASAL KAU JANGAN,21cineplex,,16YLBH,Drama,113 menit,13+,2D,2026-05-16,7fcfaf94-c4d6-4db8-ab23-a914c5e6616e,2026-05-16T13:59:42.693599
6f7b92b7-e12e-4216-95b3-ebcc0a18550f,KELUARGA SUAMI ADALAH HAMA,21cineplex,,16KSAH,Drama,117 menit,13+,2D,2026-05-21,52552c8b-db56-484e-b05e-cbcae62999ed,2026-05-16T13:59:42.693729
6f7b92b7-e12e-4216-95b3-ebcc0a18550f,CHILDREN OF HEAVEN,21cineplex,,16COHN,"Drama, Family",97 menit,SU,2D,2026-05-27,66135e18-f615-4a2c-952d-31e74f28da80,2026-05-16T13:59:42.693804
6f7b92b7-e12e-4216-95b3-ebcc0a18550f,SEKAWAN LIMO 2: GUNUNG KLAWIH,21cineplex,,16SK2G,"Comedy, Horror",122 menit,13+,2D,2026-05-27,bf5e29f8-25c1-42ad-ab15-7dcb0b6126ae,2026-05-16T13:59:42.693905
c74079f2-46f4-4de3-81d2-27817eab3d2a,GOHAN,21cineplex,,26GOHN,Drama,140 menit,SU,2D,2026-05-16,23adabd4-1642-4e5e-ae95-2852533ec9a7,2026-05-16T13:59:44.454227
c74079f2-46f4-4de3-81d2-27817eab3d2a,SEMUA AKAN BAIK-BAIK SAJA,21cineplex,,16SABB,Drama,113 menit,13+,2D,2026-05-16,3f7fcecc-63bc-4602-8096-e21d454bc999,2026-05-16T13:59:44.454401
c74079f2-46f4-4de3-81d2-27817eab3d2a,YANG LAIN BOLEH HILANG ASAL KAU JANGAN,21cineplex,,16YLBH,Drama,113 menit,13+,2D,2026-05-16,4f4802f7-268f-45e6-8ad9-a2e281468a78,2026-05-16T13:59:44.454643
c74079f2-46f4-4de3-81d2-27817eab3d2a,TUMBAL PROYEK,21cineplex,,16TPRK,Horror,106 menit,D17+,2D,2026-05-16,63b31e04-f219-4b08-a9d7-f4a7835cbf67,2026-05-16T13:59:44.454794
c74079f2-46f4-4de3-81d2-27817eab3d2a,DILAN ITB 1997,21cineplex,,16DI97,"Drama, Romance",110 menit,13+,2D,2026-05-16,0b9f5a6e-91ab-4dd6-a8fb-2a739e86980d,2026-05-16T13:59:44.454961
c74079f2-46f4-4de3-81d2-27817eab3d2a,KELUARGA SUAMI ADALAH HAMA,21cineplex,,16KSAH,Drama,117 menit,13+,2D,2026-05-17,aa130762-36b1-4d12-8d6d-f68bd0d7405f,2026-05-16T13:59:44.455151
c74079f2-46f4-4de3-81d2-27817eab3d2a,SEKAWAN LIMO 2: GUNUNG KLAWIH,21cineplex,,16SK2G,"Comedy, Horror",122 menit,13+,2D,2026-05-27,ec28592e-48fe-4214-b3da-e6f11e4b8c26,2026-05-16T13:59:44.455246
c74079f2-46f4-4de3-81d2-27817eab3d2a,CHILDREN OF HEAVEN,21cineplex,,16COHN,"Drama, Family",97 menit,SU,2D,2026-05-27,e19baaa4-0d7d-4b19-8fa3-22240d12d612,2026-05-16T13:59:44.455412
a962762a-f559-4ac7-b904-803c22713e59,THE SHEEP DETECTIVES,21cineplex,,26SDES,"Comedy, Mystery",109 menit,SU,2D,2026-05-16,958584d3-9446-4ca8-876f-7f377be45cab,2026-05-16T13:59:45.698287
a962762a-f559-4ac7-b904-803c22713e59,YANG LAIN BOLEH HILANG ASAL KAU JANGAN,21cineplex,,16YLBH,Drama,113 menit,13+,2D,2026-05-16,f3d2d631-56af-4f52-b147-1263cf57da72,2026-05-16T13:59:45.698411
a962762a-f559-4ac7-b904-803c22713e59,"AYAH, INI ARAHNYA KEMANA, YA?",21cineplex,,16AIAK,Drama,103 menit,13+,2D,2026-05-16,10176ace-afed-4c3b-841b-3c473b146e7e,2026-05-16T13:59:45.698541
a962762a-f559-4ac7-b904-803c22713e59,MORTAL KOMBAT II,21cineplex,,25MKT2,"Action, Adventure",116 menit,D17+,2D,2026-05-16,c222b5c8-0608-40cd-8232-16feeec5378e,2026-05-16T13:59:45.698653
a962762a-f559-4ac7-b904-803c22713e59,TUMBAL PROYEK,21cineplex,,16TPRK,Horror,106 menit,D17+,2D,2026-05-16,4eec2a70-65e6-48dc-b73a-3cb428827293,2026-05-16T13:59:45.698733
a962762a-f559-4ac7-b904-803c22713e59,GHOST IN THE CELL,21cineplex,,16GITC,"Comedy, Horror",106 menit,D17+,2D,2026-05-16,a9ae5402-e499-437d-bb9e-a30a9c7f46c1,2026-05-16T13:59:45.698810
a962762a-f559-4ac7-b904-803c22713e59,SALMOKJI: WHISPERING WATER,21cineplex,,26SWWR,Horror,95 menit,D17+,2D,2026-05-16,426b9c94-8c3c-411c-82ac-db0bb0cb4a3a,2026-05-16T13:59:45.698877
a962762a-f559-4ac7-b904-803c22713e59,KELUARGA SUAMI ADALAH HAMA,21cineplex,,16KSAH,Drama,117 menit,13+,2D,2026-05-16,f0ca10ee-a0ee-4d0e-9d15-c3a54458582d,2026-05-16T13:59:45.698937
a962762a-f559-4ac7-b904-803c22713e59,SEMUA AKAN BAIK-BAIK SAJA,21cineplex,,16SABB,Drama,113 menit,13+,2D,2026-05-16,463a7199-ea00-41a3-a11e-f91ae63a053d,2026-05-16T13:59:45.698994
a962762a-f559-4ac7-b904-803c22713e59,GOHAN,21cineplex,,26GOHN,Drama,140 menit,SU,2D,2026-05-16,5c8f3133-4cc7-4f0b-b087-c72fc00dad1b,2026-05-16T13:59:45.699116
a962762a-f559-4ac7-b904-803c22713e59,STAR WARS: THE MANDALORIAN AND GROGU,21cineplex,,26SWMG,"Fantasy, Sci-Fi",132 menit,13+,2D,2026-05-20,bf95753d-883d-4f09-8a6a-6a0c157493c2,2026-05-16T13:59:45.699172
a962762a-f559-4ac7-b904-803c22713e59,CHILDREN OF HEAVEN,21cineplex,,16COHN,"Drama, Family",97 menit,SU,2D,2026-05-27,f048cf2e-3c48-44e8-aee1-63f6fe88483c,2026-05-16T13:59:45.699262
4ac72cae-f5b5-4d98-9de1-e7d7302d76de,SALMOKJI: WHISPERING WATER,21cineplex,,26SWWR,Horror,95 menit,D17+,2D,2026-05-16,b5275091-09b4-4354-82ab-1c76a9dc9547,2026-05-16T13:59:47.351384
4ac72cae-f5b5-4d98-9de1-e7d7302d76de,IN THE GREY,21cineplex,,26ITGY,"Action, Thriller",97 menit,13+,2D,2026-05-16,722f1c80-ef53-4f6c-bd6f-8e938d04c902,2026-05-16T13:59:47.351655
4ac72cae-f5b5-4d98-9de1-e7d7302d76de,GOHAN,21cineplex,,26GOHN,Drama,140 menit,SU,2D,2026-05-16,22b48e3b-9cb9-4946-b738-fc109acbd931,2026-05-16T13:59:47.351989
4ac72cae-f5b5-4d98-9de1-e7d7302d76de,GHOST IN THE CELL,21cineplex,,16GITC,"Comedy, Horror",106 menit,D17+,2D,2026-05-16,c78c73f6-98d8-4049-9c1b-b2e24fcbd391,2026-05-16T13:59:47.352164
aa6a5ea8-7023-4b0e-8453-2bb7d6c0891c,MORTAL KOMBAT II,21cineplex,,25MKT2,"Action, Adventure",116 menit,D17+,2D,2026-05-16,d84a7b0e-c2ed-42b4-bb1e-67ad19409148,2026-05-16T13:59:51.698759
aa6a5ea8-7023-4b0e-8453-2bb7d6c0891c,MICHAEL,21cineplex,,26MICL,Biography,127 menit,SU,2D,2026-05-16,4deb0b56-ec30-4452-9972-f0af7be8aff5,2026-05-16T13:59:51.699104
aa6a5ea8-7023-4b0e-8453-2bb7d6c0891c,GOHAN,21cineplex,,26GOHN,Drama,140 menit,SU,2D,2026-05-16,5c74630c-5838-4f60-ae1b-e77a419b82b7,2026-05-16T13:59:51.699287
aa6a5ea8-7023-4b0e-8453-2bb7d6c0891c,SEMUA AKAN BAIK-BAIK SAJA,21cineplex,,16SABB,Drama,113 menit,13+,2D,2026-05-16,22ce6116-16cb-484f-969c-6b8e3f748494,2026-05-16T13:59:51.699436
aa6a5ea8-7023-4b0e-8453-2bb7d6c0891c,PROJECT HAIL MARY,21cineplex,,26PHMY,Sci-Fi,157 menit,13+,2D,2026-05-16,9e77fe73-0b10-4f92-9919-20686067050e,2026-05-16T13:59:51.699793
aa6a5ea8-7023-4b0e-8453-2bb7d6c0891c,IN THE GREY,21cineplex,,26ITGY,"Action, Thriller",97 menit,13+,2D,2026-05-16,6c0c71d9-e86f-4557-bede-93084f4f01c2,2026-05-16T13:59:51.699932
aa6a5ea8-7023-4b0e-8453-2bb7d6c0891c,GOHAN,21cineplex,,26GOHN,Drama,140 menit,SU,2D,2026-05-17,6d5eb317-902f-42c5-8bff-35c15ca21ed2,2026-05-16T13:59:51.700048
aa6a5ea8-7023-4b0e-8453-2bb7d6c0891c,STAR WARS: THE MANDALORIAN AND GROGU,21cineplex,,26SWMG,"Fantasy, Sci-Fi",132 menit,13+,2D,2026-05-20,a8e85a86-3707-4859-bd86-9b679d31cc74,2026-05-16T13:59:51.700199
aa6a5ea8-7023-4b0e-8453-2bb7d6c0891c,KELUARGA SUAMI ADALAH HAMA,21cineplex,,16KSAH,Drama,117 menit,13+,2D,2026-05-21,e4003d85-b139-4f28-bcfe-106645e8ff13,2026-05-16T13:59:51.700806
aa6a5ea8-7023-4b0e-8453-2bb7d6c0891c,SEKAWAN LIMO 2: GUNUNG KLAWIH,21cineplex,,16SK2G,"Comedy, Horror",122 menit,13+,2D,2026-05-27,491a398d-58a4-40d9-955d-7ce0877087a8,2026-05-16T13:59:51.701515
5a270f5d-97c1-4e24-ae81-eddd658e743b,GOHAN,21cineplex,,26GOHN,Drama,140 menit,SU,2D,2026-05-16,4002c9b5-2c46-4f00-b738-8f76c5ec953a,2026-05-16T13:59:54.693397
5a270f5d-97c1-4e24-ae81-eddd658e743b,THE SHEEP DETECTIVES,21cineplex,,26SDES,"Comedy, Mystery",109 menit,SU,2D,2026-05-16,e6f2fa37-324b-49db-9e47-b4050f68c624,2026-05-16T13:59:54.693542
5a270f5d-97c1-4e24-ae81-eddd658e743b,MORTAL KOMBAT II,21cineplex,,25MKT2,"Action, Adventure",116 menit,D17+,2D,2026-05-16,e0e8774c-6084-43e4-969c-2e383604ca82,2026-05-16T13:59:54.693728
5a270f5d-97c1-4e24-ae81-eddd658e743b,DILAN ITB 1997,21cineplex,,16DI97,"Drama, Romance",110 menit,13+,2D,2026-05-16,b07d825e-283b-4ef8-b828-0df8d803871a,2026-05-16T13:59:54.693840
5a270f5d-97c1-4e24-ae81-eddd658e743b,GHOST IN THE CELL,21cineplex,,16GITC,"Comedy, Horror",106 menit,D17+,2D,2026-05-16,d65bc35e-7630-4e31-8380-d87f621161a9,2026-05-16T13:59:54.694018
5a270f5d-97c1-4e24-ae81-eddd658e743b,SEMUA AKAN BAIK-BAIK SAJA,21cineplex,,16SABB,Drama,113 menit,13+,2D,2026-05-16,6cb02769-3115-4650-9f3a-cd4996e6f84d,2026-05-16T13:59:54.694191
5a270f5d-97c1-4e24-ae81-eddd658e743b,SEMUA AKAN BAIK-BAIK SAJA,21cineplex,,16SABB,Drama,113 menit,13+,2D,2026-05-17,79b632c9-8610-483e-bebe-86ba7555152e,2026-05-16T13:59:54.694397
5a270f5d-97c1-4e24-ae81-eddd658e743b,KELUARGA SUAMI ADALAH HAMA,21cineplex,,16KSAH,Drama,117 menit,13+,2D,2026-05-21,524571f6-b6c0-478b-81d7-faf5fad0cb2e,2026-05-16T13:59:54.694584
5a270f5d-97c1-4e24-ae81-eddd658e743b,SEKAWAN LIMO 2: GUNUNG KLAWIH,21cineplex,,16SK2G,"Comedy, Horror",122 menit,13+,2D,2026-05-27,1cb4303d-e4d1-442f-85a5-2a959258065d,2026-05-16T13:59:54.694761
5a270f5d-97c1-4e24-ae81-eddd658e743b,CHILDREN OF HEAVEN,21cineplex,,16COHN,"Drama, Family",97 menit,SU,2D,2026-05-27,3ccbc117-a997-44dd-ada5-1677e3393c7f,2026-05-16T13:59:54.694912
c9f12137-e9eb-459f-9ed6-9a952575934f,SEMUA AKAN BAIK-BAIK SAJA,21cineplex,,16SABB,Drama,113 menit,13+,2D,2026-05-16,a75ced79-8389-4b0c-a544-81fb87966bec,2026-05-16T13:59:56.196459
c9f12137-e9eb-459f-9ed6-9a952575934f,TUMBAL PROYEK,21cineplex,,16TPRK,Horror,106 menit,D17+,2D,2026-05-16,1d24be76-e65b-4f4a-aefd-d8a9282d1dca,2026-05-16T13:59:56.196657
c9f12137-e9eb-459f-9ed6-9a952575934f,GUDANG MERICA,21cineplex,,16GMEA,"Comedy, Horror",98 menit,D17+,2D,2026-05-16,642a04ed-4b71-4609-a000-972814edcf92,2026-05-16T13:59:56.196788
c9f12137-e9eb-459f-9ed6-9a952575934f,"AYAH, INI ARAHNYA KEMANA, YA?",21cineplex,,16AIAK,Drama,103 menit,13+,2D,2026-05-16,4124e1bd-bd40-4a51-be90-b59ec1448f2f,2026-05-16T13:59:56.196849
c9f12137-e9eb-459f-9ed6-9a952575934f,YANG LAIN BOLEH HILANG ASAL KAU JANGAN,21cineplex,,16YLBH,Drama,113 menit,13+,2D,2026-05-16,7e1d394b-65bb-4301-afc9-2de00a5943ef,2026-05-16T13:59:56.196939
c9f12137-e9eb-459f-9ed6-9a952575934f,GHOST IN THE CELL,21cineplex,,16GITC,"Comedy, Horror",106 menit,D17+,2D,2026-05-16,6dfbe9e4-27f7-409e-ad2c-b1af9b317892,2026-05-16T13:59:56.197013
c9f12137-e9eb-459f-9ed6-9a952575934f,TUMBAL PROYEK,21cineplex,,16TPRK,Horror,106 menit,D17+,2D,2026-05-17,611db317-bc81-4974-81c4-3a638d57f11e,2026-05-16T13:59:56.197110
c9f12137-e9eb-459f-9ed6-9a952575934f,SEMUA AKAN BAIK-BAIK SAJA,21cineplex,,16SABB,Drama,113 menit,13+,2D,2026-05-17,9cfbf3c9-2d60-4de5-a934-11ce0d13f82d,2026-05-16T13:59:56.197190
c9f12137-e9eb-459f-9ed6-9a952575934f,KAMU HARUS MATI,21cineplex,,16KHMI,"Horror, Mystery, Thriller",90 menit,13+,2D,2026-05-21,63e7c00b-0c82-4cbc-95f6-5e33f8132a52,2026-05-16T13:59:56.197290
c9f12137-e9eb-459f-9ed6-9a952575934f,CHILDREN OF HEAVEN,21cineplex,,16COHN,"Drama, Family",97 menit,SU,2D,2026-05-27,bc1c8f76-2d60-4c61-b5e1-87f5198274bd,2026-05-16T13:59:56.197391
c9f12137-e9eb-459f-9ed6-9a952575934f,SUAMIKU LUKAKU,21cineplex,,16SLUU,Drama,92 menit,D17+,2D,2026-05-27,7f049210-81d7-4022-b63a-8083e9c5493c,2026-05-16T13:59:56.197479
eec69f3b-6d82-477b-ba92-a8108ab105f0,GHOST IN THE CELL,21cineplex,,16GITC,"Comedy, Horror",106 menit,D17+,2D,2026-05-16,adffbd75-d8ac-4015-9b60-06f74fb126b1,2026-05-16T13:59:57.678316
eec69f3b-6d82-477b-ba92-a8108ab105f0,SALMOKJI: WHISPERING WATER,21cineplex,,26SWWR,Horror,95 menit,D17+,2D,2026-05-16,da36fc7e-78b4-443a-9c1a-5a3da060aee3,2026-05-16T13:59:57.678659
eec69f3b-6d82-477b-ba92-a8108ab105f0,KELUARGA SUAMI ADALAH HAMA,21cineplex,,16KSAH,Drama,117 menit,13+,2D,2026-05-16,97ed0e6f-dcbf-44c6-9e78-8bded9db30f1,2026-05-16T13:59:57.678839
eec69f3b-6d82-477b-ba92-a8108ab105f0,THE SHEEP DETECTIVES,21cineplex,,26SDES,"Comedy, Mystery",109 menit,SU,2D,2026-05-16,ee6adff9-58d1-4136-a301-19ae0c9c0581,2026-05-16T13:59:57.678983
eec69f3b-6d82-477b-ba92-a8108ab105f0,MICHAEL,21cineplex,,26MICL,Biography,127 menit,SU,2D,2026-05-16,2386bed5-96db-4139-9b44-f34f4d9df9dc,2026-05-16T13:59:57.679160
eec69f3b-6d82-477b-ba92-a8108ab105f0,LEE CRONIN'S THE MUMMY,21cineplex,,26LCTM,Horror,134 menit,D17+,2D,2026-05-16,283efa94-cc4b-4651-98e4-b9976cfe2049,2026-05-16T13:59:57.679344
eec69f3b-6d82-477b-ba92-a8108ab105f0,GOHAN,21cineplex,,26GOHN,Drama,140 menit,SU,2D,2026-05-16,ee86fd6f-77b5-4cae-8022-7e72b35956ca,2026-05-16T13:59:57.679437
eec69f3b-6d82-477b-ba92-a8108ab105f0,THE DEVIL WEARS PRADA 2,21cineplex,,26DWP2,"Comedy, Drama",119 menit,13+,2D,2026-05-16,1d5fd2ec-a8ca-4f87-807b-30270adbc7bf,2026-05-16T13:59:57.679646
eec69f3b-6d82-477b-ba92-a8108ab105f0,STAR WARS: THE MANDALORIAN AND GROGU,21cineplex,,26SWMG,"Fantasy, Sci-Fi",132 menit,13+,2D,2026-05-20,b7c00e1e-9ee0-4ddf-a77b-57c2e22fc348,2026-05-16T13:59:57.679847
e64bc4c4-f1df-44ee-8a6b-0fd81cfcb997,FUZE,21cineplex,,26FUZE,"Action, Crime",96 menit,D17+,2D,2026-05-16,7e99b5dc-a0af-4393-9c1a-b6a508b22e75,2026-05-16T14:00:02.479964
e64bc4c4-f1df-44ee-8a6b-0fd81cfcb997,IN THE GREY,21cineplex,,26ITGY,"Action, Thriller",97 menit,13+,2D,2026-05-16,5c3e31a9-879a-426e-872c-b5e7d37d9891,2026-05-16T14:00:02.480220
e64bc4c4-f1df-44ee-8a6b-0fd81cfcb997,MORTAL KOMBAT II,21cineplex,,25MKT2,"Action, Adventure",116 menit,D17+,2D,2026-05-16,a62c1695-d9d5-4312-890f-9dbf86d667cf,2026-05-16T14:00:02.480312
e64bc4c4-f1df-44ee-8a6b-0fd81cfcb997,THE SHEEP DETECTIVES,21cineplex,,26SDES,"Comedy, Mystery",109 menit,SU,2D,2026-05-16,b5b986e6-7976-4e63-8f9b-18e4b9a91abd,2026-05-16T14:00:02.480478
e64bc4c4-f1df-44ee-8a6b-0fd81cfcb997,MOBILE SUIT GUNDAM HATHAWAY,21cineplex,,26MSGH,Animation,96 menit,13+,2D,2026-05-16,9a46bd7f-3b56-4085-8e6d-7588e4a33557,2026-05-16T14:00:02.480596
e64bc4c4-f1df-44ee-8a6b-0fd81cfcb997,GHOST IN THE CELL,21cineplex,,16GITC,"Comedy, Horror",106 menit,D17+,2D,2026-05-16,90091f11-8205-410e-9671-e1606e9457a1,2026-05-16T14:00:02.480720
e64bc4c4-f1df-44ee-8a6b-0fd81cfcb997,TIBA TIBA SETAN,21cineplex,,16TTSN,"Comedy, Horror",113 menit,13+,2D,2026-05-16,7cd56ad6-86a6-4add-9650-ac380da4df26,2026-05-16T14:00:02.480868
e64bc4c4-f1df-44ee-8a6b-0fd81cfcb997,TUMBAL PROYEK,21cineplex,,16TPRK,Horror,106 menit,D17+,2D,2026-05-16,e4026f9a-6f6f-4cbb-b366-a6f22e439245,2026-05-16T14:00:02.481010
e64bc4c4-f1df-44ee-8a6b-0fd81cfcb997,SEMUA AKAN BAIK-BAIK SAJA,21cineplex,,16SABB,Drama,113 menit,13+,2D,2026-05-16,7bf640cf-b8ac-44b5-bd3e-1cacaad9e4df,2026-05-16T14:00:02.481149
e64bc4c4-f1df-44ee-8a6b-0fd81cfcb997,TOP GUN: MAVERICK (RE-RELEASE),21cineplex,,26TGMK,Action,130 menit,SU,2D,2026-05-16,82d2a0c5-1d2b-4ea2-b35e-a3da55c0012e,2026-05-16T14:00:02.481330
e64bc4c4-f1df-44ee-8a6b-0fd81cfcb997,GUDANG MERICA,21cineplex,,16GMEA,"Comedy, Horror",98 menit,D17+,2D,2026-05-16,f0673c68-1990-4c0c-a9c7-1413929323b6,2026-05-16T14:00:02.481399
e64bc4c4-f1df-44ee-8a6b-0fd81cfcb997,YANG LAIN BOLEH HILANG ASAL KAU JANGAN,21cineplex,,16YLBH,Drama,113 menit,13+,2D,2026-05-16,e30f8699-b56b-4212-a515-e255f857691a,2026-05-16T14:00:02.481463
e64bc4c4-f1df-44ee-8a6b-0fd81cfcb997,GOHAN,21cineplex,,26GOHN,Drama,140 menit,SU,2D,2026-05-16,4a0abce5-4abb-46cb-b993-67d8a72ef254,2026-05-16T14:00:02.481608
e64bc4c4-f1df-44ee-8a6b-0fd81cfcb997,SEMUA AKAN BAIK-BAIK SAJA,21cineplex,,16SABB,Drama,113 menit,13+,2D,2026-05-17,b27e1a56-8aaa-4b65-8938-0c93d0377a48,2026-05-16T14:00:02.481688
e64bc4c4-f1df-44ee-8a6b-0fd81cfcb997,STAR WARS: THE MANDALORIAN AND GROGU,21cineplex,,26SWMG,"Fantasy, Sci-Fi",132 menit,13+,2D,2026-05-20,221b9435-ce36-4862-86ba-f4d2e4170836,2026-05-16T14:00:02.481832
e64bc4c4-f1df-44ee-8a6b-0fd81cfcb997,KELUARGA SUAMI ADALAH HAMA,21cineplex,,16KSAH,Drama,117 menit,13+,2D,2026-05-21,bd781982-acbe-4732-958e-0256585f1559,2026-05-16T14:00:02.481936
e64bc4c4-f1df-44ee-8a6b-0fd81cfcb997,KAMU HARUS MATI,21cineplex,,16KHMI,"Horror, Mystery, Thriller",90 menit,13+,2D,2026-05-21,04f8651e-f79d-4b71-bc0e-6db78ce47fc7,2026-05-16T14:00:02.482069
e64bc4c4-f1df-44ee-8a6b-0fd81cfcb997,SUAMIKU LUKAKU,21cineplex,,16SLUU,Drama,92 menit,D17+,2D,2026-05-27,64c1626e-93e9-4935-9848-90d96ea47ce4,2026-05-16T14:00:02.482211
e64bc4c4-f1df-44ee-8a6b-0fd81cfcb997,CHILDREN OF HEAVEN,21cineplex,,16COHN,"Drama, Family",97 menit,SU,2D,2026-05-27,0dcacdab-a98e-4e4e-90bd-9f5c27969a03,2026-05-16T14:00:02.482332
e64bc4c4-f1df-44ee-8a6b-0fd81cfcb997,SEKAWAN LIMO 2: GUNUNG KLAWIH,21cineplex,,16SK2G,"Comedy, Horror",122 menit,13+,2D,2026-05-27,c917a5b5-0e9a-4e75-be09-c61bbfaaa4b0,2026-05-16T14:00:02.482443
1c7c5e37-baae-4d65-8e1e-17cd721b6b11,DILAN ITB 1997,21cineplex,,16DI97,"Drama, Romance",110 menit,13+,2D,2026-05-16,4adfb131-73f3-40e2-a4b5-54713eccefcf,2026-05-16T14:00:03.692987
1c7c5e37-baae-4d65-8e1e-17cd721b6b11,THE SHEEP DETECTIVES,21cineplex,,26SDES,"Comedy, Mystery",109 menit,SU,2D,2026-05-16,8000268d-f68a-4854-b2fe-88ac5828ad97,2026-05-16T14:00:03.693103
1c7c5e37-baae-4d65-8e1e-17cd721b6b11,TIBA TIBA SETAN,21cineplex,,16TTSN,"Comedy, Horror",113 menit,13+,2D,2026-05-16,d11f6e1e-f16a-4a40-9558-1643000f8b9b,2026-05-16T14:00:03.693152
1c7c5e37-baae-4d65-8e1e-17cd721b6b11,YANG LAIN BOLEH HILANG ASAL KAU JANGAN,21cineplex,,16YLBH,Drama,113 menit,13+,2D,2026-05-16,0dc45b7e-44cb-477d-8a01-4495b0a1a861,2026-05-16T14:00:03.693218
1c7c5e37-baae-4d65-8e1e-17cd721b6b11,MORTAL KOMBAT II,21cineplex,,25MKT2,"Action, Adventure",116 menit,D17+,2D,2026-05-16,0ede20ae-593e-49db-9e65-6a1947a9c449,2026-05-16T14:00:03.693300
1c7c5e37-baae-4d65-8e1e-17cd721b6b11,SEMUA AKAN BAIK-BAIK SAJA,21cineplex,,16SABB,Drama,113 menit,13+,2D,2026-05-16,bba73e55-5676-4e40-a717-498960a7112d,2026-05-16T14:00:03.693378
1c7c5e37-baae-4d65-8e1e-17cd721b6b11,TUMBAL PROYEK,21cineplex,,16TPRK,Horror,106 menit,D17+,2D,2026-05-16,107cc028-67d3-4ffd-845e-7a4f568f802d,2026-05-16T14:00:03.693492
1c7c5e37-baae-4d65-8e1e-17cd721b6b11,TUMBAL PROYEK,21cineplex,,16TPRK,Horror,106 menit,D17+,2D,2026-05-17,981c0bff-01a6-4434-bcc5-b8493884c06c,2026-05-16T14:00:03.693576
1c7c5e37-baae-4d65-8e1e-17cd721b6b11,SEMUA AKAN BAIK-BAIK SAJA,21cineplex,,16SABB,Drama,113 menit,13+,2D,2026-05-17,ba48dfac-d03d-449d-b166-48c914d3eb08,2026-05-16T14:00:03.693639
1c7c5e37-baae-4d65-8e1e-17cd721b6b11,KELUARGA SUAMI ADALAH HAMA,21cineplex,,16KSAH,Drama,117 menit,13+,2D,2026-05-21,620e89f5-c92d-4e1a-bb9b-538e4be273b3,2026-05-16T14:00:03.693719
1c7c5e37-baae-4d65-8e1e-17cd721b6b11,CHILDREN OF HEAVEN,21cineplex,,16COHN,"Drama, Family",97 menit,SU,2D,2026-05-27,a0e331ae-dec7-461c-a3c5-21ed72880526,2026-05-16T14:00:03.693793
1c7c5e37-baae-4d65-8e1e-17cd721b6b11,SEKAWAN LIMO 2: GUNUNG KLAWIH,21cineplex,,16SK2G,"Comedy, Horror",122 menit,13+,2D,2026-05-27,bd0bb8bf-ed4f-4251-b85b-16881e7412fc,2026-05-16T14:00:03.693862
ef06522f-c8aa-41bd-98ee-28163995978e,DILAN ITB 1997,21cineplex,,16DI97,"Drama, Romance",110 menit,13+,2D,2026-05-16,7292f8ca-88a8-4dd6-9819-d6803dbba684,2026-05-16T14:00:05.421932
ef06522f-c8aa-41bd-98ee-28163995978e,TUMBAL PROYEK,21cineplex,,16TPRK,Horror,106 menit,D17+,2D,2026-05-16,cb85ca6f-7f5b-4bdc-ad05-a4d2dcd1bdc0,2026-05-16T14:00:05.422030
ef06522f-c8aa-41bd-98ee-28163995978e,THE SHEEP DETECTIVES,21cineplex,,26SDES,"Comedy, Mystery",109 menit,SU,2D,2026-05-16,dda8afcc-91f9-4b33-86c2-a1b1e2405dd1,2026-05-16T14:00:05.422092
ef06522f-c8aa-41bd-98ee-28163995978e,SEMUA AKAN BAIK-BAIK SAJA,21cineplex,,16SABB,Drama,113 menit,13+,2D,2026-05-16,b36d1be1-b3ed-4bc0-9de2-894046a5444d,2026-05-16T14:00:05.422128
ef06522f-c8aa-41bd-98ee-28163995978e,GHOST IN THE CELL,21cineplex,,16GITC,"Comedy, Horror",106 menit,D17+,2D,2026-05-16,7e756c41-9161-4737-a458-8380e29ce2bc,2026-05-16T14:00:05.422207
ef06522f-c8aa-41bd-98ee-28163995978e,SEMUA AKAN BAIK-BAIK SAJA,21cineplex,,16SABB,Drama,113 menit,13+,2D,2026-05-17,35ec2ace-6198-44bd-931a-053c6c0e7c90,2026-05-16T14:00:05.422253
ef06522f-c8aa-41bd-98ee-28163995978e,SEKAWAN LIMO 2: GUNUNG KLAWIH,21cineplex,,16SK2G,"Comedy, Horror",122 menit,13+,2D,2026-05-27,361b5bcb-3a19-4a42-a4a5-64e53b3f5954,2026-05-16T14:00:05.422468
45dcd8c2-1ef0-482e-b823-3efacfb43937,YANG LAIN BOLEH HILANG ASAL KAU JANGAN,21cineplex,,16YLBH,Drama,113 menit,13+,2D,2026-05-16,c8efb664-57ba-450d-aa31-b4e20f5d7650,2026-05-16T14:00:06.684430
45dcd8c2-1ef0-482e-b823-3efacfb43937,GHOST IN THE CELL,21cineplex,,16GITC,"Comedy, Horror",106 menit,D17+,2D,2026-05-16,e3e1e416-3d63-48a0-8ac3-bd7d1abdef4e,2026-05-16T14:00:06.684515
45dcd8c2-1ef0-482e-b823-3efacfb43937,THE DEVIL WEARS PRADA 2,21cineplex,,26DWP2,"Comedy, Drama",119 menit,13+,2D,2026-05-16,89246204-b804-485b-b6be-3c9aadce863e,2026-05-16T14:00:06.684594
45dcd8c2-1ef0-482e-b823-3efacfb43937,GOHAN,21cineplex,,26GOHN,Drama,140 menit,SU,2D,2026-05-16,b93d4a09-61ed-472c-a314-9852ab72c610,2026-05-16T14:00:06.684664
45dcd8c2-1ef0-482e-b823-3efacfb43937,SALMOKJI: WHISPERING WATER,21cineplex,,26SWWR,Horror,95 menit,D17+,2D,2026-05-16,bc162bb4-7eb1-425b-9ffb-449465a1c576,2026-05-16T14:00:06.684706
45dcd8c2-1ef0-482e-b823-3efacfb43937,STAR WARS: THE MANDALORIAN AND GROGU,21cineplex,,26SWMG,"Fantasy, Sci-Fi",132 menit,13+,2D,2026-05-20,31827916-07a5-4117-a591-ae2d7502086b,2026-05-16T14:00:06.684772
cab46d47-1d0f-410d-a0fe-04e7aa141a4c,TUMBAL PROYEK,21cineplex,,16TPRK,Horror,106 menit,D17+,2D,2026-05-16,b47acef0-f1d7-42ae-a251-464634f2a6cd,2026-05-16T14:00:09.745759
cab46d47-1d0f-410d-a0fe-04e7aa141a4c,YANG LAIN BOLEH HILANG ASAL KAU JANGAN,21cineplex,,16YLBH,Drama,113 menit,13+,2D,2026-05-16,ce6ea594-9abf-4b18-9118-5dc6c16078fe,2026-05-16T14:00:09.745856
cab46d47-1d0f-410d-a0fe-04e7aa141a4c,THE SHEEP DETECTIVES,21cineplex,,26SDES,"Comedy, Mystery",109 menit,SU,2D,2026-05-16,fa1b67fd-4cc0-4825-99de-8882f61c63f7,2026-05-16T14:00:09.745940
cab46d47-1d0f-410d-a0fe-04e7aa141a4c,GHOST IN THE CELL,21cineplex,,16GITC,"Comedy, Horror",106 menit,D17+,2D,2026-05-16,c7ac45b2-a6e6-447a-8e95-79b1646e9bac,2026-05-16T14:00:09.745994
cab46d47-1d0f-410d-a0fe-04e7aa141a4c,SEMUA AKAN BAIK-BAIK SAJA,21cineplex,,16SABB,Drama,113 menit,13+,2D,2026-05-16,11d6495f-1ba4-4e4c-bb36-dc706b93b80e,2026-05-16T14:00:09.746053
cab46d47-1d0f-410d-a0fe-04e7aa141a4c,GOHAN,21cineplex,,26GOHN,Drama,140 menit,SU,2D,2026-05-16,b8534ddc-4661-4806-9c0e-25a66b0e42ef,2026-05-16T14:00:09.746161
cab46d47-1d0f-410d-a0fe-04e7aa141a4c,SEMUA AKAN BAIK-BAIK SAJA,21cineplex,,16SABB,Drama,113 menit,13+,2D,2026-05-17,aadfada0-fe3d-4696-b6b4-bceea59b01d2,2026-05-16T14:00:09.746206
cab46d47-1d0f-410d-a0fe-04e7aa141a4c,STAR WARS: THE MANDALORIAN AND GROGU,21cineplex,,26SWMG,"Fantasy, Sci-Fi",132 menit,13+,2D,2026-05-20,b4ad5812-69cd-49fc-b0c1-29b883be46ff,2026-05-16T14:00:09.746281
cab46d47-1d0f-410d-a0fe-04e7aa141a4c,KELUARGA SUAMI ADALAH HAMA,21cineplex,,16KSAH,Drama,117 menit,13+,2D,2026-05-21,d47a0bb2-f053-477b-85f6-90773160a324,2026-05-16T14:00:09.746337
bcbb72a7-1096-4aff-96f6-4465c6928aef,THE SHEEP DETECTIVES,21cineplex,,26SDES,"Comedy, Mystery",109 menit,SU,2D,2026-05-16,15a82108-b394-4889-a86f-64745d5305bb,2026-05-16T14:00:12.657515
bcbb72a7-1096-4aff-96f6-4465c6928aef,TUMBAL PROYEK,21cineplex,,16TPRK,Horror,106 menit,D17+,2D,2026-05-16,3bcbbc1b-7d8c-46fe-890b-4e58a8397826,2026-05-16T14:00:12.657636
bcbb72a7-1096-4aff-96f6-4465c6928aef,SEMUA AKAN BAIK-BAIK SAJA,21cineplex,,16SABB,Drama,113 menit,13+,2D,2026-05-16,0a4d6da6-75d8-4671-8185-c1173564b76e,2026-05-16T14:00:12.657697
bcbb72a7-1096-4aff-96f6-4465c6928aef,MORTAL KOMBAT II,21cineplex,,25MKT2,"Action, Adventure",116 menit,D17+,2D,2026-05-16,df812ada-ca6f-4281-8ffc-5f11ed6a5702,2026-05-16T14:00:12.657804
bcbb72a7-1096-4aff-96f6-4465c6928aef,YANG LAIN BOLEH HILANG ASAL KAU JANGAN,21cineplex,,16YLBH,Drama,113 menit,13+,2D,2026-05-16,cc655409-1b05-4b08-b1cc-38439dc6dbf7,2026-05-16T14:00:12.657871
bcbb72a7-1096-4aff-96f6-4465c6928aef,TIBA TIBA SETAN,21cineplex,,16TTSN,"Comedy, Horror",113 menit,13+,2D,2026-05-16,d0f6e15c-f46b-40f7-b849-1a23e10aa4fc,2026-05-16T14:00:12.657947
bcbb72a7-1096-4aff-96f6-4465c6928aef,CHILDREN OF HEAVEN,21cineplex,,16COHN,"Drama, Family",97 menit,SU,2D,2026-05-27,269153ec-e9e2-4070-bcd5-77df1890311d,2026-05-16T14:00:12.658027
bcbb72a7-1096-4aff-96f6-4465c6928aef,SEKAWAN LIMO 2: GUNUNG KLAWIH,21cineplex,,16SK2G,"Comedy, Horror",122 menit,13+,2D,2026-05-27,ca4579ea-24fa-4df6-b208-93e7d2605ee8,2026-05-16T14:00:12.658082
8dedfafb-4544-4ba2-9cba-0ab1ded3d2b0,TUMBAL PROYEK,21cineplex,,16TPRK,Horror,106 menit,D17+,2D,2026-05-16,33293223-a31e-4880-9c53-f133fa3fd173,2026-05-16T14:00:14.404687
8dedfafb-4544-4ba2-9cba-0ab1ded3d2b0,SEMUA AKAN BAIK-BAIK SAJA,21cineplex,,16SABB,Drama,113 menit,13+,2D,2026-05-16,bc18fcd4-f497-4dd2-b726-c051fb9f7860,2026-05-16T14:00:14.404909
8dedfafb-4544-4ba2-9cba-0ab1ded3d2b0,GHOST IN THE CELL,21cineplex,,16GITC,"Comedy, Horror",106 menit,D17+,2D,2026-05-16,6b820e6f-bf04-4e3d-8ae0-c373b462f2f6,2026-05-16T14:00:14.405060
8dedfafb-4544-4ba2-9cba-0ab1ded3d2b0,YANG LAIN BOLEH HILANG ASAL KAU JANGAN,21cineplex,,16YLBH,Drama,113 menit,13+,2D,2026-05-16,466303ea-a6cb-4abb-915a-f39f3d0a7694,2026-05-16T14:00:14.405151
8dedfafb-4544-4ba2-9cba-0ab1ded3d2b0,MORTAL KOMBAT II,21cineplex,,25MKT2,"Action, Adventure",116 menit,D17+,2D,2026-05-16,825bc0de-b1c5-40ff-bccf-51f3a824dfa4,2026-05-16T14:00:14.405242
4305bdd4-4689-46e0-9ce0-1ce01d55354f,GUDANG MERICA,21cineplex,,16GMEA,"Comedy, Horror",98 menit,D17+,2D,2026-05-16,ace4af8e-72a8-442f-adad-6383bfd59b86,2026-05-16T14:00:15.659817
4305bdd4-4689-46e0-9ce0-1ce01d55354f,YANG LAIN BOLEH HILANG ASAL KAU JANGAN,21cineplex,,16YLBH,Drama,113 menit,13+,2D,2026-05-16,cee79fb5-cfbf-43d6-a1b4-f3db1e56d7ec,2026-05-16T14:00:15.659878
4305bdd4-4689-46e0-9ce0-1ce01d55354f,GHOST IN THE CELL,21cineplex,,16GITC,"Comedy, Horror",106 menit,D17+,2D,2026-05-16,c3d0777d-2623-4a74-869a-0166f1c1fbed,2026-05-16T14:00:15.659946
4305bdd4-4689-46e0-9ce0-1ce01d55354f,THE SHEEP DETECTIVES,21cineplex,,26SDES,"Comedy, Mystery",109 menit,SU,2D,2026-05-16,3e816cd9-dcab-4a5e-8427-fd16bfde4434,2026-05-16T14:00:15.660652
4305bdd4-4689-46e0-9ce0-1ce01d55354f,TUMBAL PROYEK,21cineplex,,16TPRK,Horror,106 menit,D17+,2D,2026-05-16,38160dde-9f2a-4807-8d94-9f7b3ddf34a4,2026-05-16T14:00:15.660686
4305bdd4-4689-46e0-9ce0-1ce01d55354f,SEMUA AKAN BAIK-BAIK SAJA,21cineplex,,16SABB,Drama,113 menit,13+,2D,2026-05-16,76255ef8-0d0b-4c81-81cb-ab14045f585b,2026-05-16T14:00:15.660894
4305bdd4-4689-46e0-9ce0-1ce01d55354f,KAMU HARUS MATI,21cineplex,,16KHMI,"Horror, Mystery, Thriller",90 menit,13+,2D,2026-05-21,7f4fa93f-acd8-4c43-8f26-33a92ea18e9e,2026-05-16T14:00:15.660968
4305bdd4-4689-46e0-9ce0-1ce01d55354f,SEKAWAN LIMO 2: GUNUNG KLAWIH,21cineplex,,16SK2G,"Comedy, Horror",122 menit,13+,2D,2026-05-27,e2faccd2-4a01-4bcb-af13-d7725d2229f7,2026-05-16T14:00:15.663350
82630274-326c-4418-bef9-9ab78b98e34f,GHOST IN THE CELL,21cineplex,,16GITC,"Comedy, Horror",106 menit,D17+,2D,2026-05-16,f2536dca-5f14-4f3c-8d97-5a8576e587f6,2026-05-16T14:00:17.395730
82630274-326c-4418-bef9-9ab78b98e34f,SEMUA AKAN BAIK-BAIK SAJA,21cineplex,,16SABB,Drama,113 menit,13+,2D,2026-05-16,70275377-5077-437e-9c11-075bf6eaf7db,2026-05-16T14:00:17.395909
82630274-326c-4418-bef9-9ab78b98e34f,TUMBAL PROYEK,21cineplex,,16TPRK,Horror,106 menit,D17+,2D,2026-05-16,078a186b-9c97-4a28-a7d4-555ec899c5c9,2026-05-16T14:00:17.396151
82630274-326c-4418-bef9-9ab78b98e34f,THE SHEEP DETECTIVES,21cineplex,,26SDES,"Comedy, Mystery",109 menit,SU,2D,2026-05-16,2698aaf0-af45-475e-af69-1942c8ca01bc,2026-05-16T14:00:17.396289
acaebe7a-336d-40a2-a3d5-09ad5b40fc8a,THE DEVIL WEARS PRADA 2,21cineplex,,26DWP2,"Comedy, Drama",119 menit,13+,2D,2026-05-16,656d5ccd-a718-44bf-95e9-4325c8157b57,2026-05-16T14:00:18.704801
acaebe7a-336d-40a2-a3d5-09ad5b40fc8a,GOHAN,21cineplex,,26GOHN,Drama,140 menit,SU,2D,2026-05-16,3e84348b-0479-4eee-bf8c-e78a39521d5e,2026-05-16T14:00:18.704889
acaebe7a-336d-40a2-a3d5-09ad5b40fc8a,MICHAEL,21cineplex,,26MICL,Biography,127 menit,SU,2D,2026-05-16,dfc8e86d-1129-4d66-bc44-0d6274bf2188,2026-05-16T14:00:18.704964
acaebe7a-336d-40a2-a3d5-09ad5b40fc8a,MORTAL KOMBAT II,21cineplex,,25MKT2,"Action, Adventure",116 menit,D17+,2D,2026-05-16,8d887cd1-cee9-4405-b58a-7f3b21cf66f7,2026-05-16T14:00:18.705022
acaebe7a-336d-40a2-a3d5-09ad5b40fc8a,MICHAEL,21cineplex,,26MICL,Biography,127 menit,SU,2D,2026-05-17,a18a35db-6457-4b50-99d2-2d5f5f34d86a,2026-05-16T14:00:18.705068
32f5405f-1a75-41c8-ac90-01e2cc6f8687,TUMBAL PROYEK,21cineplex,,16TPRK,Horror,106 menit,D17+,2D,2026-05-16,f0321e0b-e1e9-4387-be5b-409c2d99e35c,2026-05-16T14:00:20.386521
32f5405f-1a75-41c8-ac90-01e2cc6f8687,SEMUA AKAN BAIK-BAIK SAJA,21cineplex,,16SABB,Drama,113 menit,13+,2D,2026-05-16,125d51eb-5136-4975-9b85-3bcd1f531d34,2026-05-16T14:00:20.386662
32f5405f-1a75-41c8-ac90-01e2cc6f8687,YANG LAIN BOLEH HILANG ASAL KAU JANGAN,21cineplex,,16YLBH,Drama,113 menit,13+,2D,2026-05-16,6486ddf0-500f-476d-b235-b5ad22124675,2026-05-16T14:00:20.386805
32f5405f-1a75-41c8-ac90-01e2cc6f8687,GHOST IN THE CELL,21cineplex,,16GITC,"Comedy, Horror",106 menit,D17+,2D,2026-05-16,17ae5478-ab6e-4433-85f9-9b6123eecdf9,2026-05-16T14:00:20.386920
32f5405f-1a75-41c8-ac90-01e2cc6f8687,THE SHEEP DETECTIVES,21cineplex,,26SDES,"Comedy, Mystery",109 menit,SU,2D,2026-05-16,67a6f696-8ef8-4639-a7e5-e42a22cf9f79,2026-05-16T14:00:20.387021
32f5405f-1a75-41c8-ac90-01e2cc6f8687,SEKAWAN LIMO 2: GUNUNG KLAWIH,21cineplex,,16SK2G,"Comedy, Horror",122 menit,13+,2D,2026-05-27,09f1502c-19cf-48d6-b627-ad6faa06bde2,2026-05-16T14:00:20.387099
7ca969e9-a0a3-4c4a-970b-b777e54270c3,THE SHEEP DETECTIVES,21cineplex,,26SDES,"Comedy, Mystery",109 menit,SU,2D,2026-05-16,7874c0eb-5069-413a-942d-62d8f5fa34fd,2026-05-16T14:00:21.687042
7ca969e9-a0a3-4c4a-970b-b777e54270c3,MORTAL KOMBAT II,21cineplex,,25MKT2,"Action, Adventure",116 menit,D17+,2D,2026-05-16,5b8435f8-4b94-4263-94f3-deedc6e89d84,2026-05-16T14:00:21.687310
7ca969e9-a0a3-4c4a-970b-b777e54270c3,TUMBAL PROYEK,21cineplex,,16TPRK,Horror,106 menit,D17+,2D,2026-05-16,16fcb74e-56eb-476f-832a-16498e923759,2026-05-16T14:00:21.687438
7ca969e9-a0a3-4c4a-970b-b777e54270c3,GOHAN,21cineplex,,26GOHN,Drama,140 menit,SU,2D,2026-05-16,0b800717-1b41-4747-a1fb-5ef0ac7b4b9f,2026-05-16T14:00:21.687610
7ca969e9-a0a3-4c4a-970b-b777e54270c3,SEMUA AKAN BAIK-BAIK SAJA,21cineplex,,16SABB,Drama,113 menit,13+,2D,2026-05-16,8c9d8b64-fcd6-4a25-9967-f9c93d67a5e6,2026-05-16T14:00:21.687725
7ca969e9-a0a3-4c4a-970b-b777e54270c3,GHOST IN THE CELL,21cineplex,,16GITC,"Comedy, Horror",106 menit,D17+,2D,2026-05-16,f89ecd92-e76f-4785-b185-81ce88112060,2026-05-16T14:00:21.687926
7ca969e9-a0a3-4c4a-970b-b777e54270c3,SEMUA AKAN BAIK-BAIK SAJA,21cineplex,,16SABB,Drama,113 menit,13+,2D,2026-05-17,addfbf69-c98d-4ae8-94e6-2059477bd95b,2026-05-16T14:00:21.688082
7ca969e9-a0a3-4c4a-970b-b777e54270c3,KELUARGA SUAMI ADALAH HAMA,21cineplex,,16KSAH,Drama,117 menit,13+,2D,2026-05-21,de01fb5b-ae53-4e38-a2b7-97f4b875abc6,2026-05-16T14:00:21.688297
7ca969e9-a0a3-4c4a-970b-b777e54270c3,SEKAWAN LIMO 2: GUNUNG KLAWIH,21cineplex,,16SK2G,"Comedy, Horror",122 menit,13+,2D,2026-05-27,f482b291-cf82-48a8-b1b4-b122122b27e0,2026-05-16T14:00:21.688501
eefde62d-ff20-45ee-9031-95491b8e7937,DILAN ITB 1997,21cineplex,,16DI97,"Drama, Romance",110 menit,13+,2D,2026-05-16,d2ab2a40-e69c-46df-aa38-d098e597785b,2026-05-16T14:00:23.250313
eefde62d-ff20-45ee-9031-95491b8e7937,SALMOKJI: WHISPERING WATER,21cineplex,,26SWWR,Horror,95 menit,D17+,2D,2026-05-16,955b09be-252d-456e-9de4-9724c563a8e4,2026-05-16T14:00:23.250511
eefde62d-ff20-45ee-9031-95491b8e7937,GOHAN,21cineplex,,26GOHN,Drama,140 menit,SU,2D,2026-05-16,fe03bc39-8c76-4ae9-8392-049814594f89,2026-05-16T14:00:23.250607
eefde62d-ff20-45ee-9031-95491b8e7937,TOP GUN: MAVERICK (RE-RELEASE),21cineplex,,26TGMK,Action,130 menit,SU,2D,2026-05-16,20e2d223-63b9-4a22-b1dc-d8c0515b624a,2026-05-16T14:00:23.250719
eefde62d-ff20-45ee-9031-95491b8e7937,THE DEVIL WEARS PRADA 2,21cineplex,,26DWP2,"Comedy, Drama",119 menit,13+,2D,2026-05-16,84fb1d92-bcdb-4dd5-875c-81fb754a89f2,2026-05-16T14:00:23.250802
eefde62d-ff20-45ee-9031-95491b8e7937,SEMUA AKAN BAIK-BAIK SAJA,21cineplex,,16SABB,Drama,113 menit,13+,2D,2026-05-16,399c74d7-9ca9-4a0e-837b-7b5ada2fa945,2026-05-16T14:00:23.250856
eefde62d-ff20-45ee-9031-95491b8e7937,IN THE GREY,21cineplex,,26ITGY,"Action, Thriller",97 menit,13+,2D,2026-05-16,b572d478-0456-45bf-8fb8-c29f88f87a4a,2026-05-16T14:00:23.251037
eefde62d-ff20-45ee-9031-95491b8e7937,THE SHEEP DETECTIVES,21cineplex,,26SDES,"Comedy, Mystery",109 menit,SU,2D,2026-05-16,98c1b51f-8c11-4a5a-8ff8-ec8280a599b7,2026-05-16T14:00:23.251091
eefde62d-ff20-45ee-9031-95491b8e7937,GHOST IN THE CELL,21cineplex,,16GITC,"Comedy, Horror",106 menit,D17+,2D,2026-05-16,b79a11ec-6423-43b9-b2fd-1f9541d20da8,2026-05-16T14:00:23.251178
eefde62d-ff20-45ee-9031-95491b8e7937,STAR WARS: THE MANDALORIAN AND GROGU,21cineplex,,26SWMG,"Fantasy, Sci-Fi",132 menit,13+,2D,2026-05-20,39653802-de75-4a77-8d22-5a4696b5863d,2026-05-16T14:00:23.251318
eefde62d-ff20-45ee-9031-95491b8e7937,CHILDREN OF HEAVEN,21cineplex,,16COHN,"Drama, Family",97 menit,SU,2D,2026-05-27,f2fa2b35-97dd-40cf-9e0f-3d62f0139265,2026-05-16T14:00:23.251446
014466a3-9a55-4080-b98b-a31c73ef2436,SALMOKJI: WHISPERING WATER,21cineplex,,26SWWR,Horror,95 menit,D17+,2D,2026-05-16,3d58c58c-5ced-496d-b177-ab3441428eff,2026-05-16T14:00:27.681355
014466a3-9a55-4080-b98b-a31c73ef2436,MICHAEL,21cineplex,,26MICL,Biography,127 menit,SU,2D,2026-05-16,99f101d3-4a6e-47ec-95a6-202a5cb82f85,2026-05-16T14:00:27.682216
014466a3-9a55-4080-b98b-a31c73ef2436,FUZE,21cineplex,,26FUZE,"Action, Crime",96 menit,D17+,2D,2026-05-16,d1a8dfe5-d54f-444f-b4ff-ac5786341634,2026-05-16T14:00:27.682442
014466a3-9a55-4080-b98b-a31c73ef2436,MORTAL KOMBAT II,21cineplex,,25MKT2,"Action, Adventure",116 menit,D17+,2D,2026-05-16,5a4ec0d2-170e-493a-9619-2bb3f03d06b8,2026-05-16T14:00:27.682584
014466a3-9a55-4080-b98b-a31c73ef2436,THE SHEEP DETECTIVES,21cineplex,,26SDES,"Comedy, Mystery",109 menit,SU,2D,2026-05-16,63db24ed-6a13-4700-8391-73fe12f107a6,2026-05-16T14:00:27.682743
014466a3-9a55-4080-b98b-a31c73ef2436,IN THE GREY,21cineplex,,26ITGY,"Action, Thriller",97 menit,13+,2D,2026-05-16,f5160a95-e6e7-4e15-85b8-5740f11ce530,2026-05-16T14:00:27.682927
014466a3-9a55-4080-b98b-a31c73ef2436,GOHAN,21cineplex,,26GOHN,Drama,140 menit,SU,2D,2026-05-16,39213207-90c7-47d6-a04e-0547acdf5d25,2026-05-16T14:00:27.683010
014466a3-9a55-4080-b98b-a31c73ef2436,GHOST IN THE CELL,21cineplex,,16GITC,"Comedy, Horror",106 menit,D17+,2D,2026-05-16,35afc541-dddc-4897-9fef-a5f65d0c1384,2026-05-16T14:00:27.683146
014466a3-9a55-4080-b98b-a31c73ef2436,GOHAN,21cineplex,,26GOHN,Drama,140 menit,SU,2D,2026-05-17,0949bfde-86ef-4248-bb8c-0d35ae43f2c0,2026-05-16T14:00:27.683344
014466a3-9a55-4080-b98b-a31c73ef2436,STAR WARS: THE MANDALORIAN AND GROGU,21cineplex,,26SWMG,"Fantasy, Sci-Fi",132 menit,13+,2D,2026-05-20,5d49fd30-c63d-4179-8353-3f741c1f48d8,2026-05-16T14:00:27.683477
1cbdbf85-77dc-483f-9c2e-a0b403faa933,SEMUA AKAN BAIK-BAIK SAJA,21cineplex,,16SABB,Drama,113 menit,13+,2D,2026-05-16,534828d8-55cb-4849-b154-4499974244ea,2026-05-16T14:00:32.410896
1cbdbf85-77dc-483f-9c2e-a0b403faa933,MORTAL KOMBAT II,21cineplex,,25MKT2,"Action, Adventure",116 menit,D17+,2D,2026-05-16,6f56da94-5c1f-4881-808b-baf663b2785a,2026-05-16T14:00:32.411279
1cbdbf85-77dc-483f-9c2e-a0b403faa933,GHOST IN THE CELL,21cineplex,,16GITC,"Comedy, Horror",106 menit,D17+,2D,2026-05-16,8f8d9547-bb4a-44cd-ae13-ac131e6b505f,2026-05-16T14:00:32.411490
1cbdbf85-77dc-483f-9c2e-a0b403faa933,THE SHEEP DETECTIVES,21cineplex,,26SDES,"Comedy, Mystery",109 menit,SU,2D,2026-05-16,a0b5c9ef-2a09-47ea-a7d5-7539a7703bf0,2026-05-16T14:00:32.411685
1cbdbf85-77dc-483f-9c2e-a0b403faa933,LEE CRONIN'S THE MUMMY,21cineplex,,26LCTM,Horror,134 menit,D17+,2D,2026-05-16,02ad1848-f812-406f-8f53-097308924b26,2026-05-16T14:00:32.411775
1cbdbf85-77dc-483f-9c2e-a0b403faa933,SALMOKJI: WHISPERING WATER,21cineplex,,26SWWR,Horror,95 menit,D17+,2D,2026-05-16,c4f033e9-fe90-4ac1-be73-8e37206dc7b8,2026-05-16T14:00:32.411951
1cbdbf85-77dc-483f-9c2e-a0b403faa933,GOHAN,21cineplex,,26GOHN,Drama,140 menit,SU,2D,2026-05-16,56759a97-fe94-42c4-a80a-560d365a81aa,2026-05-16T14:00:32.412054
1cbdbf85-77dc-483f-9c2e-a0b403faa933,DILAN ITB 1997,21cineplex,,16DI97,"Drama, Romance",110 menit,13+,2D,2026-05-16,b6e8b7f4-c173-400e-bab9-ee2dda771c93,2026-05-16T14:00:32.412196
1cbdbf85-77dc-483f-9c2e-a0b403faa933,SEMUA AKAN BAIK-BAIK SAJA,21cineplex,,16SABB,Drama,113 menit,13+,2D,2026-05-17,a2e72357-5aed-497f-9eef-8e82e096c840,2026-05-16T14:00:32.412387
1cbdbf85-77dc-483f-9c2e-a0b403faa933,STAR WARS: THE MANDALORIAN AND GROGU,21cineplex,,26SWMG,"Fantasy, Sci-Fi",132 menit,13+,2D,2026-05-20,f66b38ec-8cad-4b06-b6f9-f2dcd053d690,2026-05-16T14:00:32.412613
1cbdbf85-77dc-483f-9c2e-a0b403faa933,KELUARGA SUAMI ADALAH HAMA,21cineplex,,16KSAH,Drama,117 menit,13+,2D,2026-05-21,410271ec-cea9-47f3-be00-564779748377,2026-05-16T14:00:32.412763
1cbdbf85-77dc-483f-9c2e-a0b403faa933,CHILDREN OF HEAVEN,21cineplex,,16COHN,"Drama, Family",97 menit,SU,2D,2026-05-27,ebbcae39-0fb3-4a43-a542-18ccb52f973c,2026-05-16T14:00:32.412970
1cbdbf85-77dc-483f-9c2e-a0b403faa933,SEKAWAN LIMO 2: GUNUNG KLAWIH,21cineplex,,16SK2G,"Comedy, Horror",122 menit,13+,2D,2026-05-27,3f76c151-10a9-4e5e-a9fc-f8add5ac5ff2,2026-05-16T14:00:32.413135
75c89be3-152f-4227-ad2a-b08b4b942526,GHOST IN THE CELL,21cineplex,,16GITC,"Comedy, Horror",106 menit,D17+,2D,2026-05-16,afa07ac3-b143-4a52-97be-18bb49574728,2026-05-16T14:00:35.427897
75c89be3-152f-4227-ad2a-b08b4b942526,SEMUA AKAN BAIK-BAIK SAJA,21cineplex,,16SABB,Drama,113 menit,13+,2D,2026-05-16,f2ce1313-c4c7-4bdc-af01-ec9821541b7f,2026-05-16T14:00:35.428000
75c89be3-152f-4227-ad2a-b08b4b942526,SALMOKJI: WHISPERING WATER,21cineplex,,26SWWR,Horror,95 menit,D17+,2D,2026-05-16,cd57942b-c0fa-4e8f-abae-d17b35a658ea,2026-05-16T14:00:35.428107
75c89be3-152f-4227-ad2a-b08b4b942526,GUDANG MERICA,21cineplex,,16GMEA,"Comedy, Horror",98 menit,D17+,2D,2026-05-16,601476ac-5851-456b-94f3-d58cc6dad1a9,2026-05-16T14:00:35.428161
75c89be3-152f-4227-ad2a-b08b4b942526,TUMBAL PROYEK,21cineplex,,16TPRK,Horror,106 menit,D17+,2D,2026-05-16,4e94a1e7-7a60-478b-9a11-3ae17fe4547a,2026-05-16T14:00:35.428217
75c89be3-152f-4227-ad2a-b08b4b942526,GOHAN,21cineplex,,26GOHN,Drama,140 menit,SU,2D,2026-05-16,f7bb8ee4-02e9-4d5b-89fc-a6fc487d4b07,2026-05-16T14:00:35.428336
75c89be3-152f-4227-ad2a-b08b4b942526,DILAN ITB 1997,21cineplex,,16DI97,"Drama, Romance",110 menit,13+,2D,2026-05-16,0b54f498-904f-4de7-a867-fc5701dd729e,2026-05-16T14:00:35.428390
75c89be3-152f-4227-ad2a-b08b4b942526,YANG LAIN BOLEH HILANG ASAL KAU JANGAN,21cineplex,,16YLBH,Drama,113 menit,13+,2D,2026-05-16,2f620960-8cd2-4ecd-843b-253a647379be,2026-05-16T14:00:35.428475
75c89be3-152f-4227-ad2a-b08b4b942526,TUMBAL PROYEK,21cineplex,,16TPRK,Horror,106 menit,D17+,2D,2026-05-17,6cfbcea0-4b34-49f3-bb77-a54acffcd164,2026-05-16T14:00:35.428571
75c89be3-152f-4227-ad2a-b08b4b942526,STAR WARS: THE MANDALORIAN AND GROGU,21cineplex,,26SWMG,"Fantasy, Sci-Fi",132 menit,13+,2D,2026-05-20,8c9b84b5-7882-4c75-817d-eaa32c55255d,2026-05-16T14:00:35.428651
75c89be3-152f-4227-ad2a-b08b4b942526,KAMU HARUS MATI,21cineplex,,16KHMI,"Horror, Mystery, Thriller",90 menit,13+,2D,2026-05-21,1e73f599-726a-4147-8cc1-3a39cff9c4b8,2026-05-16T14:00:35.428722
75c89be3-152f-4227-ad2a-b08b4b942526,GUDANG MERICA,21cineplex,,16GMEA,"Comedy, Horror",98 menit,D17+,2D,2026-05-21,ad7af5a2-7f7b-4817-ac5f-0476df6a01b4,2026-05-16T14:00:35.428815
75c89be3-152f-4227-ad2a-b08b4b942526,SUAMIKU LUKAKU,21cineplex,,16SLUU,Drama,92 menit,D17+,2D,2026-05-27,4b9abc65-cfa7-47a9-88b1-d87675a2c6e2,2026-05-16T14:00:35.428900
75c89be3-152f-4227-ad2a-b08b4b942526,CHILDREN OF HEAVEN,21cineplex,,16COHN,"Drama, Family",97 menit,SU,2D,2026-05-27,5e6b5ca7-e35b-4dc2-8f44-171dfa14533a,2026-05-16T14:00:35.428984
8b49246b-25b0-474d-b060-7db4d33086af,GOHAN,21cineplex,,26GOHN,Drama,140 menit,SU,2D,2026-05-16,c469096f-0b36-44f8-a2d8-cbb2feaf7738,2026-05-16T14:00:36.647741
8b49246b-25b0-474d-b060-7db4d33086af,THE DEVIL WEARS PRADA 2,21cineplex,,26DWP2,"Comedy, Drama",119 menit,13+,2D,2026-05-16,7d4bc6f7-7403-492b-b57a-d283e4103f53,2026-05-16T14:00:36.648678
dcc3a64d-c447-4a96-a895-7db6ae7139c8,GOHAN,21cineplex,,26GOHN,Drama,140 menit,SU,2D,2026-05-16,d913949e-f263-4a1e-8721-052a8eec200d,2026-05-16T14:00:41.182062
dcc3a64d-c447-4a96-a895-7db6ae7139c8,YANG LAIN BOLEH HILANG ASAL KAU JANGAN,21cineplex,,16YLBH,Drama,113 menit,13+,2D,2026-05-16,283a7cd5-38e2-496f-b382-b246fc07bb05,2026-05-16T14:00:41.182183
dcc3a64d-c447-4a96-a895-7db6ae7139c8,GHOST IN THE CELL,21cineplex,,16GITC,"Comedy, Horror",106 menit,D17+,2D,2026-05-16,26193e82-101f-447f-8dce-d38d50574b26,2026-05-16T14:00:41.182293
dcc3a64d-c447-4a96-a895-7db6ae7139c8,DILAN ITB 1997,21cineplex,,16DI97,"Drama, Romance",110 menit,13+,2D,2026-05-16,d820ac7f-e561-4f79-84c6-8e14cf525527,2026-05-16T14:00:41.182402
dcc3a64d-c447-4a96-a895-7db6ae7139c8,TUMBAL PROYEK,21cineplex,,16TPRK,Horror,106 menit,D17+,2D,2026-05-16,bb97aa01-cffa-4f49-a7d4-ba9936180840,2026-05-16T14:00:41.182523
dcc3a64d-c447-4a96-a895-7db6ae7139c8,SEMUA AKAN BAIK-BAIK SAJA,21cineplex,,16SABB,Drama,113 menit,13+,2D,2026-05-16,18c4561a-d0c5-4b3c-b252-865be15442ae,2026-05-16T14:00:41.182613
dcc3a64d-c447-4a96-a895-7db6ae7139c8,CHILDREN OF HEAVEN,21cineplex,,16COHN,"Drama, Family",97 menit,SU,2D,2026-05-27,7d05c71b-375f-4c91-a1b3-4f454f99a4f3,2026-05-16T14:00:41.182748
1d55c54f-98d0-4df1-a6ed-cc7807b76fd5,TUMBAL PROYEK,21cineplex,,16TPRK,Horror,106 menit,D17+,2D,2026-05-16,8431b736-9e65-4f31-a767-8486a8498a2f,2026-05-16T14:00:42.701253
1d55c54f-98d0-4df1-a6ed-cc7807b76fd5,SEMUA AKAN BAIK-BAIK SAJA,21cineplex,,16SABB,Drama,113 menit,13+,2D,2026-05-16,f556e138-7d73-4b13-b32b-fbdd521a555a,2026-05-16T14:00:42.701458
1d55c54f-98d0-4df1-a6ed-cc7807b76fd5,THE SHEEP DETECTIVES,21cineplex,,26SDES,"Comedy, Mystery",109 menit,SU,2D,2026-05-16,d4cd01b8-5604-4fad-8e92-cf436eed2bc5,2026-05-16T14:00:42.701675
1d55c54f-98d0-4df1-a6ed-cc7807b76fd5,GHOST IN THE CELL,21cineplex,,16GITC,"Comedy, Horror",106 menit,D17+,2D,2026-05-16,bf22189a-be77-4b5b-8783-ff2317dd0138,2026-05-16T14:00:42.701779
1d55c54f-98d0-4df1-a6ed-cc7807b76fd5,YANG LAIN BOLEH HILANG ASAL KAU JANGAN,21cineplex,,16YLBH,Drama,113 menit,13+,2D,2026-05-16,11c631e1-aa13-4b61-b41a-70eb71c5d476,2026-05-16T14:00:42.701941
1d55c54f-98d0-4df1-a6ed-cc7807b76fd5,KAMU HARUS MATI,21cineplex,,16KHMI,"Horror, Mystery, Thriller",90 menit,13+,2D,2026-05-21,8e390313-b8d8-4ba2-9294-60ccff64ce43,2026-05-16T14:00:42.702071
412419da-7339-46e6-b102-5caabcee910b,GOHAN,21cineplex,,26GOHN,Drama,140 menit,SU,2D,2026-05-16,a18ace58-0ac7-4124-8352-a6daa35b679b,2026-05-16T14:00:44.415771
412419da-7339-46e6-b102-5caabcee910b,TUMBAL PROYEK,21cineplex,,16TPRK,Horror,106 menit,D17+,2D,2026-05-16,e4753bbe-4ce8-4cd7-a36b-972e9470e977,2026-05-16T14:00:44.415975
412419da-7339-46e6-b102-5caabcee910b,YANG LAIN BOLEH HILANG ASAL KAU JANGAN,21cineplex,,16YLBH,Drama,113 menit,13+,2D,2026-05-16,1a63e142-6b25-4996-87c4-7f66d612c5e5,2026-05-16T14:00:44.416460
412419da-7339-46e6-b102-5caabcee910b,SEMUA AKAN BAIK-BAIK SAJA,21cineplex,,16SABB,Drama,113 menit,13+,2D,2026-05-16,188a9b19-e8e7-4c04-a7c1-2fc17b8b765b,2026-05-16T14:00:44.416668
412419da-7339-46e6-b102-5caabcee910b,GHOST IN THE CELL,21cineplex,,16GITC,"Comedy, Horror",106 menit,D17+,2D,2026-05-16,d9d1f053-7b84-44dd-a8b6-bb279b07cbfe,2026-05-16T14:00:44.416961
412419da-7339-46e6-b102-5caabcee910b,KAMU HARUS MATI,21cineplex,,16KHMI,"Horror, Mystery, Thriller",90 menit,13+,2D,2026-05-21,8333fbfa-b943-4832-bddb-7c24c19f1202,2026-05-16T14:00:44.417204
412419da-7339-46e6-b102-5caabcee910b,KELUARGA SUAMI ADALAH HAMA,21cineplex,,16KSAH,Drama,117 menit,13+,2D,2026-05-21,bcf18479-675f-4efc-8ac8-316dc041d88b,2026-05-16T14:00:44.417449
412419da-7339-46e6-b102-5caabcee910b,CHILDREN OF HEAVEN,21cineplex,,16COHN,"Drama, Family",97 menit,SU,2D,2026-05-27,3300fd9d-1315-495e-8ee9-bc7a16c1b497,2026-05-16T14:00:44.417681
eab97332-6404-4028-9981-0382d3950c0d,TUMBAL PROYEK,21cineplex,,16TPRK,Horror,106 menit,D17+,2D,2026-05-16,1a6355c2-a278-4920-ae51-88fcae5039ed,2026-05-16T14:00:45.723890
eab97332-6404-4028-9981-0382d3950c0d,GHOST IN THE CELL,21cineplex,,16GITC,"Comedy, Horror",106 menit,D17+,2D,2026-05-16,32bdc372-f56c-4afe-9ff9-2c3ea95d96e1,2026-05-16T14:00:45.724093
eab97332-6404-4028-9981-0382d3950c0d,GOHAN,21cineplex,,26GOHN,Drama,140 menit,SU,2D,2026-05-16,8932bd81-f875-46b6-baec-7fb49475992f,2026-05-16T14:00:45.724265
eab97332-6404-4028-9981-0382d3950c0d,THE DEVIL WEARS PRADA 2,21cineplex,,26DWP2,"Comedy, Drama",119 menit,13+,2D,2026-05-16,2e55d879-80aa-4dd6-b309-3c4244aa6bd3,2026-05-16T14:00:45.724403
eab97332-6404-4028-9981-0382d3950c0d,SEMUA AKAN BAIK-BAIK SAJA,21cineplex,,16SABB,Drama,113 menit,13+,2D,2026-05-16,c5dc099b-72f7-4246-9422-5ce92de4378b,2026-05-16T14:00:45.724564
eab97332-6404-4028-9981-0382d3950c0d,DILAN ITB 1997,21cineplex,,16DI97,"Drama, Romance",110 menit,13+,2D,2026-05-16,7aaa2505-64f1-4a62-bd0f-80349d67b721,2026-05-16T14:00:45.724756
eab97332-6404-4028-9981-0382d3950c0d,STAR WARS: THE MANDALORIAN AND GROGU,21cineplex,,26SWMG,"Fantasy, Sci-Fi",132 menit,13+,2D,2026-05-20,cf4f6e74-6847-4644-a464-9635e8387875,2026-05-16T14:00:45.724937
eab97332-6404-4028-9981-0382d3950c0d,KELUARGA SUAMI ADALAH HAMA,21cineplex,,16KSAH,Drama,117 menit,13+,2D,2026-05-21,61bdb626-1ceb-46d9-b997-b2af4ea215b2,2026-05-16T14:00:45.725094
eab97332-6404-4028-9981-0382d3950c0d,SEKAWAN LIMO 2: GUNUNG KLAWIH,21cineplex,,16SK2G,"Comedy, Horror",122 menit,13+,2D,2026-05-27,9b67706c-027c-4e8b-9a5e-65ef7135f3da,2026-05-16T14:00:45.725280
ec54c68e-6b3b-474e-91b4-42296077dba5,MORTAL KOMBAT II,cgv,,26018200,Action,116 min,17+,4DX 2D,2026-05-16,08ef8595-1933-4c1b-b177-d7cfa11fdab5,2026-05-16T13:56:15.151623
ec54c68e-6b3b-474e-91b4-42296077dba5,MORTAL KOMBAT II,cgv,,26018200,Action,116 min,17+,2D,2026-05-16,bb92a9ba-107d-4b2a-9332-c004099299f2,2026-05-16T13:56:15.151712
ec54c68e-6b3b-474e-91b4-42296077dba5,MORTAL KOMBAT II,cgv,,26018200,Action,116 min,17+,SCREENX 2D,2026-05-16,162c7c26-0c0a-4e94-ab6d-c67e06b546e9,2026-05-16T13:56:15.151772
ec54c68e-6b3b-474e-91b4-42296077dba5,PATI PATNI AUR WOH DO,cgv,,26024300,Romance,115 min,17+,2D,2026-05-16,81021748-ec08-4716-8e5e-20f1427fe794,2026-05-16T13:56:15.152092
ec54c68e-6b3b-474e-91b4-42296077dba5,TOP GUN: MAVERICK (RE-RELEASE),cgv,,26022800,Action,130 min,SU,2D,2026-05-16,47f6a280-0fa0-474f-8f34-1ee7bf843eaf,2026-05-16T13:56:15.152328
ec54c68e-6b3b-474e-91b4-42296077dba5,THE KING'S WARDEN,cgv,,26015000,Drama,117 min,13+,2D,2026-05-16,b2a02374-982a-449e-a35c-747ff57fcf65,2026-05-16T13:56:15.152559
ec54c68e-6b3b-474e-91b4-42296077dba5,MOBILE SUIT GUNDAM HATHAWAY,cgv,,26021100,Animation,95 min,13+,2D,2026-05-16,533e4ee5-347f-4874-ae27-713a8872ee4f,2026-05-16T13:56:15.152923
ec54c68e-6b3b-474e-91b4-42296077dba5,GHOST IN THE CELL,cgv,,26011800,Comedy,106 min,17+,2D,2026-05-16,e830ed75-6286-4c54-9f09-f10d830f4b4f,2026-05-16T13:56:15.153171
ec54c68e-6b3b-474e-91b4-42296077dba5,THE DEVIL WEARS PRADA 2,cgv,,26019800,Drama,119 min,13+,2D,2026-05-16,6fa1ef49-8447-4a9f-b303-e65ca62794c0,2026-05-16T13:56:15.153426
e06c4dd8-6da3-49cb-8009-4d0f6d9c409c,THE DEVIL WEARS PRADA 2,cgv,,26019800,Drama,119 min,13+,2D,2026-05-16,88e6f87e-e399-41c3-b8a5-e8837222e796,2026-05-16T13:56:15.595021
e06c4dd8-6da3-49cb-8009-4d0f6d9c409c,TOP GUN: MAVERICK (RE-RELEASE),cgv,,26022800,Action,130 min,SU,2D,2026-05-16,792b71da-fadd-4aba-a043-0b616f664bc8,2026-05-16T13:56:15.595278
e06c4dd8-6da3-49cb-8009-4d0f6d9c409c,MORTAL KOMBAT II,cgv,,26018200,Action,116 min,17+,2D,2026-05-16,a6cd65eb-e72d-4351-bcac-84ccbed6cfe4,2026-05-16T13:56:15.595485
e06c4dd8-6da3-49cb-8009-4d0f6d9c409c,SALMOKJI: WHISPERING WATER,cgv,,26019100,Horror,95 min,17+,2D,2026-05-16,0a7160da-2979-4711-b980-52c3336c99eb,2026-05-16T13:56:15.595744
0a745b32-d63b-4647-b1dd-c6becc25d5a4,TOP GUN: MAVERICK (RE-RELEASE),cgv,,26022800,Action,130 min,SU,SCREENX 2D,2026-05-16,139b1df9-1938-4203-a6c1-17627888dd0d,2026-05-16T13:56:15.557048
0a745b32-d63b-4647-b1dd-c6becc25d5a4,SALMOKJI: WHISPERING WATER,cgv,,26019100,Horror,95 min,17+,2D,2026-05-16,3af6344e-7366-4693-b37f-4bd2d7dfb95a,2026-05-16T13:56:15.557397
0a745b32-d63b-4647-b1dd-c6becc25d5a4,TUMBAL PROYEK,cgv,,26014300,Horror,106 min,17+,2D,2026-05-16,2bda83e6-4e74-4375-8e9a-2dd7813bdde3,2026-05-16T13:56:15.557649
0a745b32-d63b-4647-b1dd-c6becc25d5a4,MORTAL KOMBAT II,cgv,,26018200,Action,116 min,17+,4DX 2D,2026-05-16,393078c3-e8af-45bc-b5d6-52e5904155e3,2026-05-16T13:56:15.557979
0a745b32-d63b-4647-b1dd-c6becc25d5a4,MORTAL KOMBAT II,cgv,,26018200,Action,116 min,17+,2D,2026-05-16,d7c097b0-9509-478d-baba-016580b5ce2f,2026-05-16T13:56:15.557999
0a745b32-d63b-4647-b1dd-c6becc25d5a4,GOHAN,cgv,,26022500,Drama,140 min,SU,2D,2026-05-16,d3b3b840-533d-451e-bc0e-2baf9d63a9ee,2026-05-16T13:56:15.558225
0a745b32-d63b-4647-b1dd-c6becc25d5a4,SEMUA AKAN BAIK BAIK SAJA,cgv,,26018100,Drama,113 min,13+,2D,2026-05-16,0074e6d3-322c-49ff-8b2c-237feed20d39,2026-05-16T13:56:15.558445
0a745b32-d63b-4647-b1dd-c6becc25d5a4,THE DEVIL WEARS PRADA 2,cgv,,26019800,Drama,119 min,13+,2D,2026-05-16,9f5a5a7a-c6b9-406b-906d-4cab56b60fe7,2026-05-16T13:56:15.558672
da2979dc-ae24-4c1c-b7aa-1923eab9a13f,SEMUA AKAN BAIK BAIK SAJA,cgv,,26018100,Drama,113 min,13+,2D,2026-05-16,d52d5bb1-4b6c-477a-bce8-c5c122a7129e,2026-05-16T13:56:15.627020
da2979dc-ae24-4c1c-b7aa-1923eab9a13f,TUMBAL PROYEK,cgv,,26014300,Horror,106 min,17+,2D,2026-05-16,7a5ff9cc-5f6b-4aee-95b8-eecc4c3acad7,2026-05-16T13:56:15.627246
e04322be-d93a-4185-8f90-83b81deb97c3,YANG LAIN BOLEH HILANG ASAL KAU JANGAN,cgv,,26018300,Drama,113 min,13+,2D,2026-05-16,2bce73e1-966d-4c0e-8059-5fea26a9d7ca,2026-05-16T13:56:15.655093
e04322be-d93a-4185-8f90-83b81deb97c3,SEMUA AKAN BAIK BAIK SAJA,cgv,,26018100,Drama,113 min,13+,2D,2026-05-16,e8ba94dd-3778-4e08-a156-20aee5ebbda5,2026-05-16T13:56:15.655322
e04322be-d93a-4185-8f90-83b81deb97c3,TUMBAL PROYEK,cgv,,26014300,Horror,106 min,17+,2D,2026-05-16,a241ee9d-eb6c-45c0-ba34-f3ea920909a5,2026-05-16T13:56:15.655534
dcdbb7e1-27f9-4e48-9903-22a66fa2f74b,TUMBAL PROYEK,cgv,,26014300,Horror,106 min,17+,2D,2026-05-16,197fdcc0-e78c-48f4-8653-c57d995a8b3f,2026-05-16T13:56:25.779486
dcdbb7e1-27f9-4e48-9903-22a66fa2f74b,GHOST IN THE CELL,cgv,,26011800,Comedy,106 min,17+,2D,2026-05-16,5b46c104-1f31-4236-8f7f-f2ce9bbd1947,2026-05-16T13:56:25.779750
dcdbb7e1-27f9-4e48-9903-22a66fa2f74b,GOHAN,cgv,,26022500,Drama,140 min,SU,2D,2026-05-16,a2669ae9-4c01-426a-855e-f405eab7984e,2026-05-16T13:56:25.779973
f83dee25-20b6-4e0c-87dc-1f2d203d3e94,TUMBAL PROYEK,cgv,,26014300,Horror,106 min,17+,2D,2026-05-16,6af361b3-18bd-4621-a3a5-5bad104dd10c,2026-05-16T13:56:26.901526
cecc9d70-e2e7-482c-a1be-98a9cb1ff78f,THE SHEEP DETECTIVES,cgv,,26019500,Comedy,109 min,SU,2D,2026-05-16,a8968b96-7d83-42f6-aa48-7bc1299d9325,2026-05-16T13:56:25.851792
cecc9d70-e2e7-482c-a1be-98a9cb1ff78f,SEMUA AKAN BAIK BAIK SAJA,cgv,,26018100,Drama,113 min,13+,2D,2026-05-16,5fdbd9a4-c9b0-4927-91fb-4cad8d15e9a4,2026-05-16T13:56:25.852017
cecc9d70-e2e7-482c-a1be-98a9cb1ff78f,MORTAL KOMBAT II,cgv,,26018200,Action,116 min,17+,2D,2026-05-16,81cfe7be-382b-4cb0-92d9-f7b6cd83f63a,2026-05-16T13:56:25.852227
cecc9d70-e2e7-482c-a1be-98a9cb1ff78f,GOHAN,cgv,,26022500,Drama,140 min,SU,2D,2026-05-16,cf218ac1-4d51-4069-9407-9dbfb516f9e3,2026-05-16T13:56:25.852437
cecc9d70-e2e7-482c-a1be-98a9cb1ff78f,TUMBAL PROYEK,cgv,,26014300,Horror,106 min,17+,2D,2026-05-16,e4d2eb8a-afcb-4ea8-8d99-5317cb4bdd54,2026-05-16T13:56:25.852644
d85ede61-9c1f-4496-8a22-b9f2703bacba,TUMBAL PROYEK,cgv,,26014300,,,,2D,2026-05-16,40c091ec-8f9f-489e-ba82-040f8774d6b1,2026-05-16T13:56:29.770151
d85ede61-9c1f-4496-8a22-b9f2703bacba,SEMUA AKAN BAIK BAIK SAJA,cgv,,26018100,,,,2D,2026-05-16,90eb3f19-dea3-452d-b492-9ca430d6fc47,2026-05-16T13:56:29.770174
d85ede61-9c1f-4496-8a22-b9f2703bacba,GHOST IN THE CELL,cgv,,26011800,,,,2D,2026-05-16,a8274a61-dacc-4542-8a95-82af0ea2b25e,2026-05-16T13:56:29.770191
d85ede61-9c1f-4496-8a22-b9f2703bacba,YANG LAIN BOLEH HILANG ASAL KAU JANGAN,cgv,,26018300,,,,2D,2026-05-16,4ab0aa16-3924-4f40-ae03-e53f129e128e,2026-05-16T13:56:29.770206
d85ede61-9c1f-4496-8a22-b9f2703bacba,MORTAL KOMBAT II,cgv,,26018200,,,,2D,2026-05-16,a4082b2b-0a71-4f1e-8848-758629cde4a3,2026-05-16T13:56:29.770220
d85ede61-9c1f-4496-8a22-b9f2703bacba,TIBA TIBA SETAN,cgv,,26007500,,,,2D,2026-05-16,7ba39a6b-3a32-483f-b31e-d5408ea7e287,2026-05-16T13:56:29.770234
d85ede61-9c1f-4496-8a22-b9f2703bacba,SALMOKJI WHISPERING WATER,cgv,,26019100,,,,2D,2026-05-16,18226fca-6aad-476a-944d-5bd5218d0b2c,2026-05-16T13:56:29.770247
d85ede61-9c1f-4496-8a22-b9f2703bacba,GOHAN,cgv,,26022500,,,,2D,2026-05-16,261b286d-c24d-4142-b524-9e7c79b3e710,2026-05-16T13:56:29.770260
d85ede61-9c1f-4496-8a22-b9f2703bacba,THE SHEEP DETECTIVES,cgv,,26019500,,,,2D,2026-05-16,c22180e8-d187-4e6a-8ebf-89d84583e7b5,2026-05-16T13:56:29.770273
d85ede61-9c1f-4496-8a22-b9f2703bacba,AYAH INI ARAHNYA KEMANA YA,cgv,,26011000,,,,2D,2026-05-16,9cf431f6-7658-47b5-ba24-82bf2bd79f2d,2026-05-16T13:56:29.770286
d85ede61-9c1f-4496-8a22-b9f2703bacba,KFT NA WILLA,cgv,,26015600,,,,2D,2026-05-16,813ea6eb-2036-45ca-803d-3e15e52bc2a4,2026-05-16T13:56:29.770299
d85ede61-9c1f-4496-8a22-b9f2703bacba,THE DEVIL WEARS PRADA 2,cgv,,26019800,,,,2D,2026-05-16,0607021a-748e-4e0b-a445-8273c023f52b,2026-05-16T13:56:29.770313
d85ede61-9c1f-4496-8a22-b9f2703bacba,DILAN ITB 1997,cgv,,26016100,,,,2D,2026-05-16,9adbaf6a-1a92-46e9-b007-b4057d0163d8,2026-05-16T13:56:29.770326
d85ede61-9c1f-4496-8a22-b9f2703bacba,GUDANG MERICA,cgv,,26019400,,,,2D,2026-05-16,e99895c6-7426-419d-830f-788bec4d150e,2026-05-16T13:56:29.770339
d85ede61-9c1f-4496-8a22-b9f2703bacba,NA WILLA,cgv,,26003200,,,,2D,2026-05-16,2e0a1460-0cfe-48c3-9b37-051bab9e3b7c,2026-05-16T13:56:29.770352
d85ede61-9c1f-4496-8a22-b9f2703bacba,MOBILE SUIT GUNDAM HATHAWAY,cgv,,26021100,,,,2D,2026-05-16,e04b44ac-6c62-4b8b-a93a-5012a0f251cf,2026-05-16T13:56:29.770365
d85ede61-9c1f-4496-8a22-b9f2703bacba,KELUARGA SUAMI ADALAH HAMA,cgv,,26017700,,,,2D,2026-05-16,3303d2b0-393f-4d4b-b94e-d54ae8458e81,2026-05-16T13:56:29.770378
d85ede61-9c1f-4496-8a22-b9f2703bacba,THE KINGS WARDEN,cgv,,26015000,,,,2D,2026-05-16,7a4d3d9d-b0f6-4c73-94ac-5973b57f373b,2026-05-16T13:56:29.770391
d85ede61-9c1f-4496-8a22-b9f2703bacba,TOP GUN MAVERICK RE RELEASE,cgv,,26022800,,,,2D,2026-05-16,9e237bdd-2019-4e88-a36f-b736e0bab3fd,2026-05-16T13:56:29.770413
d85ede61-9c1f-4496-8a22-b9f2703bacba,IN THE GREY,cgv,,26022600,,,,2D,2026-05-16,25de689d-034e-42f9-ac14-c52f47991151,2026-05-16T13:56:29.770515
d85ede61-9c1f-4496-8a22-b9f2703bacba,THAT TIME I GOT REINCARNATED AS A SLIME THE MOVIE TEARS OF THE AZURE SEA,cgv,,26017900,,,,2D,2026-05-16,22a0cd12-042c-4578-8eaf-1329843b94e0,2026-05-16T13:56:29.770546
d85ede61-9c1f-4496-8a22-b9f2703bacba,TOP GUN RE RELEASE,cgv,,26022700,,,,2D,2026-05-16,6d50f462-6166-4ad6-b468-1e8c8e65befb,2026-05-16T13:56:29.770565
d85ede61-9c1f-4496-8a22-b9f2703bacba,THE SQUARE,cgv,,26024000,,,,2D,2026-05-16,ea7ea6f5-ef27-4d47-b766-e6746768194e,2026-05-16T13:56:29.770580
d85ede61-9c1f-4496-8a22-b9f2703bacba,THE SUPER MARIO GALAXY MOVIE,cgv,,26012700,,,,2D,2026-05-16,55231c13-951c-412a-8789-e490e135c0cf,2026-05-16T13:56:29.770595
d85ede61-9c1f-4496-8a22-b9f2703bacba,LEE CRONINS THE MUMMY,cgv,,26014100,,,,2D,2026-05-16,6a8d7762-48dd-4bce-b024-ba5049b412c3,2026-05-16T13:56:29.770609
d85ede61-9c1f-4496-8a22-b9f2703bacba,PATI PATNI AUR WOH DO,cgv,,26024300,,,,2D,2026-05-16,77e49bc2-c3f1-4e85-8e90-417696fe79c1,2026-05-16T13:56:29.770623
d85ede61-9c1f-4496-8a22-b9f2703bacba,AIN,cgv,,26019300,,,,2D,2026-05-16,9d677ac2-7d0c-4ce8-a26e-3db13ecabc0d,2026-05-16T13:56:29.770636
d85ede61-9c1f-4496-8a22-b9f2703bacba,ENHYPEN IMMERSION IN CINEMAS,cgv,,26016900,,,,2D,2026-05-16,7264664e-f185-4815-b810-116091398a39,2026-05-16T13:56:29.770649
d85ede61-9c1f-4496-8a22-b9f2703bacba,THE BELL PANGGILAN UNTUK MATI,cgv,,26020700,,,,2D,2026-05-16,4b407a87-3590-43c7-9990-ce7ff189b0b1,2026-05-16T13:56:29.770663
b738ef23-1682-47eb-b4f8-46345cfda6b7,GHOST IN THE CELL,cgv,,26011800,Comedy,106 min,17+,2D,2026-05-16,54d06dfc-5678-432a-9909-abf4d1c7c471,2026-05-16T13:56:30.798366
b738ef23-1682-47eb-b4f8-46345cfda6b7,TUMBAL PROYEK,cgv,,26014300,Horror,106 min,17+,2D,2026-05-16,5172e354-b54c-4a3e-94af-725010169d9a,2026-05-16T13:56:30.798795
30b47dc9-9bd6-4269-9c1c-7f4d65002a13,TIBA TIBA SETAN,cgv,,26007500,Comedy,113 min,13+,2D,2026-05-16,47591ead-40b6-4d9c-8998-24092a4dd1e0,2026-05-16T13:56:31.121689
30b47dc9-9bd6-4269-9c1c-7f4d65002a13,TUMBAL PROYEK,cgv,,26014300,Horror,106 min,17+,2D,2026-05-16,5ed34aca-18c0-4b46-b254-9fc7471836fe,2026-05-16T13:56:31.121965
8ffd5718-ad82-4f0c-a0c8-bf34ac6870e5,MORTAL KOMBAT II,cgv,,26018200,Action,116 min,17+,2D,2026-05-16,03f1ce7e-d7ae-4b5e-ae73-77971ffaa698,2026-05-16T13:56:30.834410
8ffd5718-ad82-4f0c-a0c8-bf34ac6870e5,THE DEVIL WEARS PRADA 2,cgv,,26019800,Drama,119 min,13+,2D,2026-05-16,d1b4f965-a194-498f-8700-7dd3dca8de10,2026-05-16T13:56:30.834667
c3607bf0-2b2b-44f8-8a88-4ca8a81531c6,TUMBAL PROYEK,cgv,,26014300,Horror,106 min,17+,2D,2026-05-16,94499670-dce5-431a-aae2-cf141cb763a0,2026-05-16T13:56:32.181243
c3607bf0-2b2b-44f8-8a88-4ca8a81531c6,GOHAN,cgv,,26022500,Drama,140 min,SU,2D,2026-05-16,41e1fb56-c880-4b2e-b91d-0b33b8cdb08a,2026-05-16T13:56:32.181546
c3607bf0-2b2b-44f8-8a88-4ca8a81531c6,MORTAL KOMBAT II,cgv,,26018200,Action,116 min,17+,2D,2026-05-16,5ce837c8-5d61-4077-b490-ea3ca7e996e7,2026-05-16T13:56:32.181958
c3607bf0-2b2b-44f8-8a88-4ca8a81531c6,GHOST IN THE CELL,cgv,,26011800,Comedy,106 min,17+,2D,2026-05-16,f8aef3ce-a924-43b4-890e-6e3eceb80e82,2026-05-16T13:56:32.182273
c3607bf0-2b2b-44f8-8a88-4ca8a81531c6,IN THE GREY,cgv,,26022600,Action,97 min,13+,2D,2026-05-16,28ea20f5-1a47-4ee1-96ea-8b27d7e7ca38,2026-05-16T13:56:32.182547
d422110d-68e5-47e5-92ff-be4677113f89,GHOST IN THE CELL,cgv,,26011800,Comedy,106 min,17+,2D,2026-05-16,5bb349de-e6b2-4faa-a8b1-a343216d284e,2026-05-16T13:56:32.305058
d422110d-68e5-47e5-92ff-be4677113f89,TIBA TIBA SETAN,cgv,,26007500,Comedy,113 min,13+,2D,2026-05-16,37a03122-aa35-4b1f-90fc-dbd4a5b78b0d,2026-05-16T13:56:32.305320
d422110d-68e5-47e5-92ff-be4677113f89,DILAN ITB 1997,cgv,,26016100,Drama,110 min,13+,2D,2026-05-16,b0a8e7e1-44c8-48d4-b56a-0ef162d3e69b,2026-05-16T13:56:32.305563
e481497d-cd0b-4147-88f9-d9ee41e5ef7a,SEMUA AKAN BAIK BAIK SAJA,cgv,,26018100,Drama,113 min,13+,2D,2026-05-16,5a8ea3fc-4b39-4ede-a3cd-ae152d01b7cb,2026-05-16T13:56:33.724629
e481497d-cd0b-4147-88f9-d9ee41e5ef7a,SALMOKJI: WHISPERING WATER,cgv,,26019100,Horror,95 min,17+,2D,2026-05-16,e4010a41-8ff5-4a9d-8980-1f2ffd77839c,2026-05-16T13:56:33.724851
e481497d-cd0b-4147-88f9-d9ee41e5ef7a,GHOST IN THE CELL,cgv,,26011800,Comedy,106 min,17+,2D,2026-05-16,4e9482e4-9b81-4805-80b5-0c5429752898,2026-05-16T13:56:33.725057
e481497d-cd0b-4147-88f9-d9ee41e5ef7a,TUMBAL PROYEK,cgv,,26014300,Horror,106 min,17+,2D,2026-05-16,836b9d83-fcbe-48cb-a7cf-a212a5beb388,2026-05-16T13:56:33.725261
d87c3b58-af93-49cd-b7d3-87582b25c44e,SEMUA AKAN BAIK BAIK SAJA,cgv,,26018100,Drama,113 min,13+,2D,2026-05-16,14debf48-f798-4e3a-b5ac-a3af7bd2b632,2026-05-16T13:56:33.647036
d87c3b58-af93-49cd-b7d3-87582b25c44e,MORTAL KOMBAT II,cgv,,26018200,Action,116 min,17+,2D,2026-05-16,ccf79fc7-7bff-4450-b55b-172f38e178a3,2026-05-16T13:56:33.647467
d87c3b58-af93-49cd-b7d3-87582b25c44e,MORTAL KOMBAT II,cgv,,26018200,Action,116 min,17+,SCREENX 2D,2026-05-16,11d01faa-06e3-492b-9e69-487f721b9460,2026-05-16T13:56:33.647493
d87c3b58-af93-49cd-b7d3-87582b25c44e,SALMOKJI: WHISPERING WATER,cgv,,26019100,Horror,95 min,17+,2D,2026-05-16,e32cb677-1ffe-4081-9bd2-6a63526609f6,2026-05-16T13:56:33.647778
d87c3b58-af93-49cd-b7d3-87582b25c44e,TUMBAL PROYEK,cgv,,26014300,Horror,106 min,17+,2D,2026-05-16,bc23825a-75ad-4c35-8499-0c1ffdef51c7,2026-05-16T13:56:33.648062
cd65d9c5-3201-432e-8f73-be989a290003,TUMBAL PROYEK,cgv,,26014300,Horror,106 min,17+,2D,2026-05-16,e7800ae9-c4f6-457b-b4ee-097ceade6434,2026-05-16T13:56:35.057434
cd65d9c5-3201-432e-8f73-be989a290003,SALMOKJI: WHISPERING WATER,cgv,,26019100,Horror,95 min,17+,2D,2026-05-16,295731ad-9808-4570-a9f7-dfe19d9d452a,2026-05-16T13:56:35.057721
854b35d6-10c9-4d96-b1e0-efea893d1fd7,YANG LAIN BOLEH HILANG ASAL KAU JANGAN,cgv,,26018300,Drama,113 min,13+,2D,2026-05-16,eb29c4c9-9c7c-41ea-a9f5-d62b0a4fb9e0,2026-05-16T13:56:35.487391
854b35d6-10c9-4d96-b1e0-efea893d1fd7,TUMBAL PROYEK,cgv,,26014300,Horror,106 min,17+,2D,2026-05-16,0f1c5080-242c-48d3-858b-c4b17922c290,2026-05-16T13:56:35.487617
3e5f71c2-bab6-4a7f-9f5b-5397a0fb3e84,MORTAL KOMBAT II,cgv,,26018200,Action,116 min,17+,2D,2026-05-16,27432fe3-f3ee-4061-93d2-ef146a128c49,2026-05-16T13:56:35.792424
3e5f71c2-bab6-4a7f-9f5b-5397a0fb3e84,YANG LAIN BOLEH HILANG ASAL KAU JANGAN,cgv,,26018300,Drama,113 min,13+,2D,2026-05-16,2bf515bd-d99a-4809-a357-1de8669d2093,2026-05-16T13:56:35.792718
3e5f71c2-bab6-4a7f-9f5b-5397a0fb3e84,GHOST IN THE CELL,cgv,,26011800,Comedy,106 min,17+,2D,2026-05-16,7119e8fc-eee9-4dcf-a7d1-7d5118cb8e50,2026-05-16T13:56:35.793000
811f638b-c2bc-4f5d-88fa-208b3d579da9,TUMBAL PROYEK,cgv,,26014300,Horror,106 min,17+,2D,2026-05-16,dcaa8f63-6587-4457-84d0-f11eeaf6c2c2,2026-05-16T13:56:36.785489
811f638b-c2bc-4f5d-88fa-208b3d579da9,MORTAL KOMBAT II,cgv,,26018200,Action,116 min,17+,2D,2026-05-16,564d79fa-899f-4e69-b3de-9e12d2d9225c,2026-05-16T13:56:36.785762
811f638b-c2bc-4f5d-88fa-208b3d579da9,YANG LAIN BOLEH HILANG ASAL KAU JANGAN,cgv,,26018300,Drama,113 min,13+,2D,2026-05-16,50b86e89-4d89-4bf7-91aa-c8fd432efe2a,2026-05-16T13:56:36.786006
811f638b-c2bc-4f5d-88fa-208b3d579da9,GHOST IN THE CELL,cgv,,26011800,Comedy,106 min,17+,2D,2026-05-16,ace60531-09d4-4405-817d-c875c86da4e0,2026-05-16T13:56:36.786240
a63aeb58-f6e8-4be4-811b-eafa31349f4e,SEMUA AKAN BAIK BAIK SAJA,cgv,,26018100,Drama,113 min,13+,2D,2026-05-16,fa270a35-b788-4baa-9471-38db5109e090,2026-05-16T13:56:36.816677
a63aeb58-f6e8-4be4-811b-eafa31349f4e,TUMBAL PROYEK,cgv,,26014300,Horror,106 min,17+,2D,2026-05-16,bc155bf3-17b8-425f-bd89-88e04ad575ce,2026-05-16T13:56:36.816911
8fd55148-c48e-418d-b1ad-77e8c2410f07,SEMUA AKAN BAIK BAIK SAJA,cgv,,26018100,Drama,113 min,13+,2D,2026-05-16,05c84081-77e4-42d4-8540-8227db958517,2026-05-16T13:56:38.209284
8fd55148-c48e-418d-b1ad-77e8c2410f07,TUMBAL PROYEK,cgv,,26014300,Horror,106 min,17+,2D,2026-05-16,b7fefc4f-3b14-4cef-9273-179bc6b7f7d6,2026-05-16T13:56:38.209548
8fd55148-c48e-418d-b1ad-77e8c2410f07,YANG LAIN BOLEH HILANG ASAL KAU JANGAN,cgv,,26018300,Drama,113 min,13+,2D,2026-05-16,42c50fdf-00cf-4ccb-aab7-df051686255a,2026-05-16T13:56:38.209788
8fd55148-c48e-418d-b1ad-77e8c2410f07,GHOST IN THE CELL,cgv,,26011800,Comedy,106 min,17+,2D,2026-05-16,bc3c4b62-5eab-433d-8dc7-68d929ebc092,2026-05-16T13:56:38.210032
eb621fc1-c018-4b81-bd43-9c17b77e5bd8,TIBA TIBA SETAN,cgv,,26007500,Comedy,113 min,13+,2D,2026-05-16,ddd40941-2af6-45a4-a537-697e61dcb99a,2026-05-16T13:56:37.254083
eb621fc1-c018-4b81-bd43-9c17b77e5bd8,YANG LAIN BOLEH HILANG ASAL KAU JANGAN,cgv,,26018300,Drama,113 min,13+,2D,2026-05-16,fb879854-398e-4064-a8e7-b9ce5412c6e4,2026-05-16T13:56:37.254399
eb621fc1-c018-4b81-bd43-9c17b77e5bd8,TUMBAL PROYEK,cgv,,26014300,Horror,106 min,17+,2D,2026-05-16,2b53ff77-0580-45f8-8a7a-7e3d3de80ac1,2026-05-16T13:56:37.254708
f6588508-b3e7-4337-af93-28557325c73d,TUMBAL PROYEK,cgv,,26014300,Horror,106 min,17+,2D,2026-05-16,da3aafba-1587-47e7-b416-2908ffb491bd,2026-05-16T13:56:38.022509
f6588508-b3e7-4337-af93-28557325c73d,SEMUA AKAN BAIK BAIK SAJA,cgv,,26018100,Drama,113 min,13+,2D,2026-05-16,50fef09b-c67b-4388-b512-4819a961bc92,2026-05-16T13:56:38.022821
1469b24b-da45-4b1c-a6d7-120d73e68222,YANG LAIN BOLEH HILANG ASAL KAU JANGAN,cgv,,26018300,Drama,113 min,13+,2D,2026-05-16,d82c984b-fbb0-4a60-accd-b094b3db1edb,2026-05-16T13:56:38.676619
1469b24b-da45-4b1c-a6d7-120d73e68222,GHOST IN THE CELL,cgv,,26011800,Comedy,106 min,17+,2D,2026-05-16,e8ee699f-7a22-42d9-997f-d27acc7e53ed,2026-05-16T13:56:38.676862
c6774fb1-ec03-4fb6-a150-922480ad3b70,SALMOKJI: WHISPERING WATER,cgv,,26019100,Horror,95 min,17+,2D,2026-05-16,c84451ab-13bb-4222-881e-1ecfd4fa6d34,2026-05-16T13:56:38.640413
c6774fb1-ec03-4fb6-a150-922480ad3b70,AIN,cgv,,26019300,Horror,110 min,TBC,2D,2026-05-16,4c84b249-a495-4022-95ef-7c0a46983137,2026-05-16T13:56:38.640656
c6774fb1-ec03-4fb6-a150-922480ad3b70,LEE CRONIN'S THE MUMMY,cgv,,26014100,Horror,134 min,17+,2D,2026-05-16,e9608ad1-72c7-4383-97ef-ff90686cb59c,2026-05-16T13:56:38.640887
c6774fb1-ec03-4fb6-a150-922480ad3b70,TUMBAL PROYEK,cgv,,26014300,Horror,106 min,17+,2D,2026-05-16,f87b4f92-6c0d-4005-ba8e-f14348c095d2,2026-05-16T13:56:38.641115
c6774fb1-ec03-4fb6-a150-922480ad3b70,SEMUA AKAN BAIK BAIK SAJA,cgv,,26018100,Drama,113 min,13+,2D,2026-05-16,66dc6da3-40dc-46e5-901f-c961c0e8580e,2026-05-16T13:56:38.641346
c6774fb1-ec03-4fb6-a150-922480ad3b70,GHOST IN THE CELL,cgv,,26011800,Comedy,106 min,17+,2D,2026-05-16,5e8cd6aa-9813-4d77-80fa-d8d0ce54822d,2026-05-16T13:56:38.641565
f458d901-38a4-4519-8404-4ad96086b2d2,TUMBAL PROYEK,cgv,,26014300,Horror,106 min,17+,2D,2026-05-16,19a06afc-63e7-4f77-bc53-715357b752de,2026-05-16T13:56:39.056648
f458d901-38a4-4519-8404-4ad96086b2d2,GHOST IN THE CELL,cgv,,26011800,Comedy,106 min,17+,2D,2026-05-16,b428875c-039c-462d-a41f-e8b88007869a,2026-05-16T13:56:39.056960
aa81595d-fd00-4253-a0f4-7603d8e54d19,TUMBAL PROYEK,cgv,,26014300,Horror,106 min,17+,2D,2026-05-16,29679298-83da-43fc-a987-8ea4f6623077,2026-05-16T13:56:39.820759
57c1783a-4fb8-443e-a39f-cd3fbf69b263,TUMBAL PROYEK,cgv,,26014300,,,,2D,2026-05-16,60a5d192-6c96-40cf-bf74-7b6ee772e580,2026-05-16T13:56:41.979030
57c1783a-4fb8-443e-a39f-cd3fbf69b263,SEMUA AKAN BAIK BAIK SAJA,cgv,,26018100,,,,2D,2026-05-16,98f772c1-db88-4efa-bc7a-f658680d06ee,2026-05-16T13:56:41.979073
57c1783a-4fb8-443e-a39f-cd3fbf69b263,GHOST IN THE CELL,cgv,,26011800,,,,2D,2026-05-16,fc6280cb-8d95-499f-b09b-13bd21e269af,2026-05-16T13:56:41.979102
57c1783a-4fb8-443e-a39f-cd3fbf69b263,YANG LAIN BOLEH HILANG ASAL KAU JANGAN,cgv,,26018300,,,,2D,2026-05-16,8018fd91-b970-4a31-a35e-86231ac65911,2026-05-16T13:56:41.979129
57c1783a-4fb8-443e-a39f-cd3fbf69b263,MORTAL KOMBAT II,cgv,,26018200,,,,2D,2026-05-16,cf9de90c-2899-44f6-bb98-9b2f9a7841c3,2026-05-16T13:56:41.979155
57c1783a-4fb8-443e-a39f-cd3fbf69b263,TIBA TIBA SETAN,cgv,,26007500,,,,2D,2026-05-16,25e873a9-8bf5-41a6-bac7-f1627398813c,2026-05-16T13:56:41.979181
57c1783a-4fb8-443e-a39f-cd3fbf69b263,SALMOKJI WHISPERING WATER,cgv,,26019100,,,,2D,2026-05-16,4ae25ac9-01fc-4df8-8235-a40b7804be22,2026-05-16T13:56:41.979206
57c1783a-4fb8-443e-a39f-cd3fbf69b263,GOHAN,cgv,,26022500,,,,2D,2026-05-16,5ecbb479-ca06-4a97-a312-cee75f684494,2026-05-16T13:56:41.979229
57c1783a-4fb8-443e-a39f-cd3fbf69b263,THE SHEEP DETECTIVES,cgv,,26019500,,,,2D,2026-05-16,406497b7-529d-4708-95bc-588a5c4e6953,2026-05-16T13:56:41.979253
57c1783a-4fb8-443e-a39f-cd3fbf69b263,AYAH INI ARAHNYA KEMANA YA,cgv,,26011000,,,,2D,2026-05-16,55257db7-7c78-4da8-975f-fa401f49a76b,2026-05-16T13:56:41.979277
57c1783a-4fb8-443e-a39f-cd3fbf69b263,KFT NA WILLA,cgv,,26015600,,,,2D,2026-05-16,da9bf888-b0a6-40ab-ab1c-11577b556fcf,2026-05-16T13:56:41.979316
57c1783a-4fb8-443e-a39f-cd3fbf69b263,THE DEVIL WEARS PRADA 2,cgv,,26019800,,,,2D,2026-05-16,501248d3-1b5b-4855-b960-a44773453417,2026-05-16T13:56:41.979343
57c1783a-4fb8-443e-a39f-cd3fbf69b263,DILAN ITB 1997,cgv,,26016100,,,,2D,2026-05-16,117b825d-3e46-47d5-bca5-7a6e1549038f,2026-05-16T13:56:41.979366
57c1783a-4fb8-443e-a39f-cd3fbf69b263,GUDANG MERICA,cgv,,26019400,,,,2D,2026-05-16,ec8bdc1c-5515-4525-8b20-fdfeb46475f2,2026-05-16T13:56:41.979390
57c1783a-4fb8-443e-a39f-cd3fbf69b263,NA WILLA,cgv,,26003200,,,,2D,2026-05-16,dfd4da5b-5cf9-4936-8efa-d9a38db0d28d,2026-05-16T13:56:41.979413
57c1783a-4fb8-443e-a39f-cd3fbf69b263,MOBILE SUIT GUNDAM HATHAWAY,cgv,,26021100,,,,2D,2026-05-16,c9453f51-6b2f-414f-b39a-c239ee64cb04,2026-05-16T13:56:41.979436
57c1783a-4fb8-443e-a39f-cd3fbf69b263,KELUARGA SUAMI ADALAH HAMA,cgv,,26017700,,,,2D,2026-05-16,2a6b614f-741a-43d8-954e-eaf8a9cb61f7,2026-05-16T13:56:41.979460
57c1783a-4fb8-443e-a39f-cd3fbf69b263,THE KINGS WARDEN,cgv,,26015000,,,,2D,2026-05-16,29f3e6dd-f2ee-492d-bae5-66b2c675c0f3,2026-05-16T13:56:41.979483
57c1783a-4fb8-443e-a39f-cd3fbf69b263,TOP GUN MAVERICK RE RELEASE,cgv,,26022800,,,,2D,2026-05-16,34f74548-22a3-4b0b-aa36-aa5fa4761fb1,2026-05-16T13:56:41.979508
57c1783a-4fb8-443e-a39f-cd3fbf69b263,IN THE GREY,cgv,,26022600,,,,2D,2026-05-16,1761bb82-9efa-4d9c-ac31-601548b0910d,2026-05-16T13:56:41.979533
57c1783a-4fb8-443e-a39f-cd3fbf69b263,THAT TIME I GOT REINCARNATED AS A SLIME THE MOVIE TEARS OF THE AZURE SEA,cgv,,26017900,,,,2D,2026-05-16,611089db-6957-4cdd-8652-682d3226c749,2026-05-16T13:56:41.979559
57c1783a-4fb8-443e-a39f-cd3fbf69b263,TOP GUN RE RELEASE,cgv,,26022700,,,,2D,2026-05-16,2dcac0e9-eb0f-4509-9cc0-55912e4bac13,2026-05-16T13:56:41.979583
57c1783a-4fb8-443e-a39f-cd3fbf69b263,THE SQUARE,cgv,,26024000,,,,2D,2026-05-16,90c8a16b-9caf-4092-ab49-291e0b0ceabf,2026-05-16T13:56:41.979606
57c1783a-4fb8-443e-a39f-cd3fbf69b263,THE SUPER MARIO GALAXY MOVIE,cgv,,26012700,,,,2D,2026-05-16,2b96a9c0-2ba3-42b1-8d70-c73ffaac1808,2026-05-16T13:56:41.979630
57c1783a-4fb8-443e-a39f-cd3fbf69b263,LEE CRONINS THE MUMMY,cgv,,26014100,,,,2D,2026-05-16,6d4ff7e6-f3b8-49cd-92b2-f04d4ebe931c,2026-05-16T13:56:41.979653
57c1783a-4fb8-443e-a39f-cd3fbf69b263,PATI PATNI AUR WOH DO,cgv,,26024300,,,,2D,2026-05-16,4005a494-bed2-440c-8c55-b5a866424249,2026-05-16T13:56:41.979676
57c1783a-4fb8-443e-a39f-cd3fbf69b263,AIN,cgv,,26019300,,,,2D,2026-05-16,2e5a9768-540a-4a1b-a499-c6f5883ecab0,2026-05-16T13:56:41.979700
57c1783a-4fb8-443e-a39f-cd3fbf69b263,ENHYPEN IMMERSION IN CINEMAS,cgv,,26016900,,,,2D,2026-05-16,b6278bfb-f5b9-4781-be08-ab7ee706a6d0,2026-05-16T13:56:41.979723
57c1783a-4fb8-443e-a39f-cd3fbf69b263,THE BELL PANGGILAN UNTUK MATI,cgv,,26020700,,,,2D,2026-05-16,8e0610cb-dc34-4d21-b179-446ee798ae52,2026-05-16T13:56:41.979746
ce93b8ff-0906-4a24-a290-610cac7f91d0,SEMUA AKAN BAIK BAIK SAJA,cgv,,26018100,Drama,113 min,13+,2D,2026-05-16,5450f295-2daa-4314-a131-2937129e2491,2026-05-16T13:56:42.054567
ce93b8ff-0906-4a24-a290-610cac7f91d0,SALMOKJI: WHISPERING WATER,cgv,,26019100,Horror,95 min,17+,2D,2026-05-16,91b3095c-bfa8-4f65-9dec-7651d76c8069,2026-05-16T13:56:42.054865
ce93b8ff-0906-4a24-a290-610cac7f91d0,GHOST IN THE CELL,cgv,,26011800,Comedy,106 min,17+,2D,2026-05-16,0db7699f-cb72-4f9f-ad62-486cbef26d08,2026-05-16T13:56:42.055146
ce93b8ff-0906-4a24-a290-610cac7f91d0,YANG LAIN BOLEH HILANG ASAL KAU JANGAN,cgv,,26018300,Drama,113 min,13+,2D,2026-05-16,c2e60ea6-f23c-4a3a-ab4d-548bd7ff856c,2026-05-16T13:56:42.055426
ce93b8ff-0906-4a24-a290-610cac7f91d0,TUMBAL PROYEK,cgv,,26014300,Horror,106 min,17+,2D,2026-05-16,bad3b327-e630-4958-a8e6-9b91ba56b359,2026-05-16T13:56:42.055696
3df97d3c-af66-42f2-8669-052861b8fc88,GOHAN,cgv,,26022500,Drama,140 min,SU,2D,2026-05-16,b1b13ec0-6cd2-4661-b705-663e5454c61a,2026-05-16T13:56:40.814466
3df97d3c-af66-42f2-8669-052861b8fc88,THE DEVIL WEARS PRADA 2,cgv,,26019800,Drama,119 min,13+,2D,2026-05-16,ffd74a6e-7d9f-433d-9e21-e64d5e33bfd3,2026-05-16T13:56:40.814693
3df97d3c-af66-42f2-8669-052861b8fc88,SALMOKJI: WHISPERING WATER,cgv,,26019100,Horror,95 min,17+,2D,2026-05-16,655cd9c3-78d3-4f49-8c64-36ee0822f1bf,2026-05-16T13:56:40.814906
3df97d3c-af66-42f2-8669-052861b8fc88,TUMBAL PROYEK,cgv,,26014300,Horror,106 min,17+,2D,2026-05-16,35c83cb4-303d-420d-9230-eb1ecc5b6114,2026-05-16T13:56:40.815117
3df97d3c-af66-42f2-8669-052861b8fc88,MORTAL KOMBAT II,cgv,,26018200,Action,116 min,17+,2D,2026-05-16,f44cdeae-906d-4fce-992a-567926e9c191,2026-05-16T13:56:40.815331
346b01c2-4bf1-4362-ae59-87e3046fd43e,SEMUA AKAN BAIK BAIK SAJA,cgv,,26018100,Drama,113 min,13+,2D,2026-05-16,420add60-ebe2-4703-ad1e-a092521420f9,2026-05-16T13:56:41.740388
346b01c2-4bf1-4362-ae59-87e3046fd43e,YANG LAIN BOLEH HILANG ASAL KAU JANGAN,cgv,,26018300,Drama,113 min,13+,2D,2026-05-16,f4e06d5e-d0bd-49ad-ad3e-a11399607a42,2026-05-16T13:56:41.740696
a6451abe-835d-4f90-8b17-b7cca0659a9b,MORTAL KOMBAT II,cgv,,26018200,Action,116 min,17+,2D,2026-05-16,5f4dc059-1ff0-4da7-8af4-b1870c244d69,2026-05-16T13:56:42.318184
a6451abe-835d-4f90-8b17-b7cca0659a9b,TUMBAL PROYEK,cgv,,26014300,Horror,106 min,17+,2D,2026-05-16,234e9503-7fa7-4d41-93c1-f8ec98d815f5,2026-05-16T13:56:42.318504
a6451abe-835d-4f90-8b17-b7cca0659a9b,GHOST IN THE CELL,cgv,,26011800,Comedy,106 min,17+,2D,2026-05-16,d81324e9-2256-4f0e-9a33-bca8dd3e0bcc,2026-05-16T13:56:42.318809
4c8c7824-569d-44cc-9295-cfe77e30f87e,SALMOKJI: WHISPERING WATER,cgv,,26019100,Horror,95 min,17+,2D,2026-05-16,f74abe99-152b-4451-bce5-cb28cc4c7d72,2026-05-16T13:56:42.762938
ba2868b7-f4dc-44fb-93e9-7bc9a9cd4506,TUMBAL PROYEK,cgv,,26014300,Horror,106 min,17+,2D,2026-05-16,88e1c997-d26b-4b12-bf6e-a5b0cb09a26a,2026-05-16T13:56:43.910133
2d74abe2-c9ed-4bbb-ae32-562513dde60b,TUMBAL PROYEK,cgv,,26014300,Horror,106 min,17+,2D,2026-05-16,9f426c56-828f-4833-b93a-43d1c46de7c7,2026-05-16T13:56:43.868269
2d74abe2-c9ed-4bbb-ae32-562513dde60b,GHOST IN THE CELL,cgv,,26011800,Comedy,106 min,17+,2D,2026-05-16,65438605-966c-4373-a12d-9e30cba12dc7,2026-05-16T13:56:43.868533
2d74abe2-c9ed-4bbb-ae32-562513dde60b,YANG LAIN BOLEH HILANG ASAL KAU JANGAN,cgv,,26018300,Drama,113 min,13+,2D,2026-05-16,efc25cb7-e2c1-4625-a025-f66cfa089493,2026-05-16T13:56:43.868745
f691249e-71e2-443b-863f-71df97b7fc5e,YANG LAIN BOLEH HILANG ASAL KAU JANGAN,cgv,,26018300,Drama,113 min,13+,2D,2026-05-16,8900d2cc-9bc8-44a3-b515-c67eaaf3d039,2026-05-16T13:56:43.839201
f691249e-71e2-443b-863f-71df97b7fc5e,TUMBAL PROYEK,cgv,,26014300,Horror,106 min,17+,2D,2026-05-16,63312a58-fd59-4ee7-a37e-291ca9e8cf58,2026-05-16T13:56:43.839420
f691249e-71e2-443b-863f-71df97b7fc5e,SALMOKJI: WHISPERING WATER,cgv,,26019100,Horror,95 min,17+,2D,2026-05-16,206cc32a-33b6-4fba-8c2d-7573017e247d,2026-05-16T13:56:43.839644
563fc548-86e7-4522-a04b-6c096f75ac51,YANG LAIN BOLEH HILANG ASAL KAU JANGAN,cgv,,26018300,Drama,113 min,13+,2D,2026-05-16,ea9b1bfe-f991-48b6-8a9a-2ba54b5cb9dd,2026-05-16T13:56:44.630002
563fc548-86e7-4522-a04b-6c096f75ac51,DILAN ITB 1997,cgv,,26016100,Drama,110 min,13+,2D,2026-05-16,ff49de58-69aa-4a94-bdf3-8b84736d5203,2026-05-16T13:56:44.630325
563fc548-86e7-4522-a04b-6c096f75ac51,TUMBAL PROYEK,cgv,,26014300,Horror,106 min,17+,2D,2026-05-16,f2d0d569-0095-4a7b-9d16-703852ceec53,2026-05-16T13:56:44.630627
52af385e-cf49-4e83-b53e-624fab776aa3,GHOST IN THE CELL,cgv,,26011800,Comedy,106 min,17+,2D,2026-05-16,a9f1864f-fdf1-4777-b2f8-c73ee39173a1,2026-05-16T13:56:44.725304
52af385e-cf49-4e83-b53e-624fab776aa3,MORTAL KOMBAT II,cgv,,26018200,Action,116 min,17+,2D,2026-05-16,207a3b41-d9ad-4d9e-be29-da087a736c84,2026-05-16T13:56:44.725559
52af385e-cf49-4e83-b53e-624fab776aa3,TUMBAL PROYEK,cgv,,26014300,Horror,106 min,17+,2D,2026-05-16,fab9d946-b769-4a4f-acce-581b5b4e1a03,2026-05-16T13:56:44.725797
52ee75ab-cb73-4546-a9bd-943841043045,TIBA TIBA SETAN,cgv,,26007500,Comedy,113 min,13+,2D,2026-05-16,6cae5f21-9b5f-4f5b-a49b-714475d5069f,2026-05-16T13:56:45.628935
52ee75ab-cb73-4546-a9bd-943841043045,TUMBAL PROYEK,cgv,,26014300,Horror,106 min,17+,2D,2026-05-16,96edb356-95f1-4de1-bb83-a58ce761ae95,2026-05-16T13:56:45.629213
461aea12-101a-42bd-95f0-9dec668af0aa,SEMUA AKAN BAIK BAIK SAJA,cgv,,26018100,Drama,113 min,13+,2D,2026-05-16,aafb77f1-c6a5-4c3f-9e47-1b04117bc703,2026-05-16T13:56:45.665954
461aea12-101a-42bd-95f0-9dec668af0aa,YANG LAIN BOLEH HILANG ASAL KAU JANGAN,cgv,,26018300,Drama,113 min,13+,2D,2026-05-16,c4128375-ade2-44b0-a878-1936456675fc,2026-05-16T13:56:45.666220
461aea12-101a-42bd-95f0-9dec668af0aa,TUMBAL PROYEK,cgv,,26014300,Horror,106 min,17+,2D,2026-05-16,e3fb2c30-d482-43b1-b1ce-4939ae6cf835,2026-05-16T13:56:45.666587
cd8d86bf-3876-40bb-914e-35cbe9d7cc35,YANG LAIN BOLEH HILANG ASAL KAU JANGAN,cgv,,26018300,Drama,113 min,13+,2D,2026-05-16,50d1b384-cec4-460d-8813-61a8ab22f0a9,2026-05-16T13:56:45.749696
cd8d86bf-3876-40bb-914e-35cbe9d7cc35,GHOST IN THE CELL,cgv,,26011800,Comedy,106 min,17+,2D,2026-05-16,4b67731c-7edc-4d21-a77c-69952dcf26c1,2026-05-16T13:56:45.750070
cd8d86bf-3876-40bb-914e-35cbe9d7cc35,TUMBAL PROYEK,cgv,,26014300,Horror,106 min,17+,2D,2026-05-16,6ee7bb6a-4b44-4d58-b124-6b5325b318e0,2026-05-16T13:56:45.750329
4488f1c1-3741-47b1-93bf-74f34260ea48,TUMBAL PROYEK,cgv,,26014300,Horror,106 min,17+,2D,2026-05-16,e3011122-6105-4692-826f-316113b1debc,2026-05-16T13:56:46.386442
45328bbf-89e8-4744-b942-3461266a9460,TUMBAL PROYEK,cgv,,26014300,Horror,106 min,17+,2D,2026-05-16,01dd3dc9-b317-4234-abc2-e13d39603673,2026-05-16T13:56:46.772494
d429424d-c57e-4dcf-9ef6-7f7d4180e1a6,TUMBAL PROYEK,cgv,,26014300,,,,2D,2026-05-16,ace2e7c3-84af-473a-9a26-bc9daf303069,2026-05-16T13:56:49.502005
d429424d-c57e-4dcf-9ef6-7f7d4180e1a6,SEMUA AKAN BAIK BAIK SAJA,cgv,,26018100,,,,2D,2026-05-16,4e9e9005-34cd-44fe-89e4-504a18b969d0,2026-05-16T13:56:49.502027
d429424d-c57e-4dcf-9ef6-7f7d4180e1a6,GHOST IN THE CELL,cgv,,26011800,,,,2D,2026-05-16,7bea289e-ab8b-4a65-9eff-d3481423e0a2,2026-05-16T13:56:49.502043
d429424d-c57e-4dcf-9ef6-7f7d4180e1a6,YANG LAIN BOLEH HILANG ASAL KAU JANGAN,cgv,,26018300,,,,2D,2026-05-16,f4fa4fb2-0362-4449-b836-d6f2d01a47f9,2026-05-16T13:56:49.502059
d429424d-c57e-4dcf-9ef6-7f7d4180e1a6,MORTAL KOMBAT II,cgv,,26018200,,,,2D,2026-05-16,a8557c79-317e-4c21-b85e-636bd14a7aee,2026-05-16T13:56:49.502073
d429424d-c57e-4dcf-9ef6-7f7d4180e1a6,TIBA TIBA SETAN,cgv,,26007500,,,,2D,2026-05-16,7c83c2a4-0a7d-4ff7-aa00-acd6bd799dbf,2026-05-16T13:56:49.502088
d429424d-c57e-4dcf-9ef6-7f7d4180e1a6,SALMOKJI WHISPERING WATER,cgv,,26019100,,,,2D,2026-05-16,222e645a-0abc-4c78-8100-2defbcea5ec0,2026-05-16T13:56:49.502102
d429424d-c57e-4dcf-9ef6-7f7d4180e1a6,GOHAN,cgv,,26022500,,,,2D,2026-05-16,5aef7658-4090-46e7-ab5b-00df80171615,2026-05-16T13:56:49.502115
d429424d-c57e-4dcf-9ef6-7f7d4180e1a6,THE SHEEP DETECTIVES,cgv,,26019500,,,,2D,2026-05-16,adf7ca3c-e793-4196-b015-616112d70886,2026-05-16T13:56:49.502128
d429424d-c57e-4dcf-9ef6-7f7d4180e1a6,AYAH INI ARAHNYA KEMANA YA,cgv,,26011000,,,,2D,2026-05-16,624266ba-bee9-402e-8240-f0ac3c112f99,2026-05-16T13:56:49.502141
d429424d-c57e-4dcf-9ef6-7f7d4180e1a6,KFT NA WILLA,cgv,,26015600,,,,2D,2026-05-16,5acd4825-f6c9-45ec-9989-d6a028316e4b,2026-05-16T13:56:49.502153
d429424d-c57e-4dcf-9ef6-7f7d4180e1a6,THE DEVIL WEARS PRADA 2,cgv,,26019800,,,,2D,2026-05-16,f0033541-dbfc-44ca-9efb-d897ddabac48,2026-05-16T13:56:49.502166
d429424d-c57e-4dcf-9ef6-7f7d4180e1a6,DILAN ITB 1997,cgv,,26016100,,,,2D,2026-05-16,862fc3eb-4685-4bd0-94fe-54725269af6c,2026-05-16T13:56:49.502178
d429424d-c57e-4dcf-9ef6-7f7d4180e1a6,GUDANG MERICA,cgv,,26019400,,,,2D,2026-05-16,35bea6f8-9e70-4ee4-b41e-756dbd3cb83f,2026-05-16T13:56:49.502191
d429424d-c57e-4dcf-9ef6-7f7d4180e1a6,NA WILLA,cgv,,26003200,,,,2D,2026-05-16,ba293f5f-724d-4923-9f80-3323520f313f,2026-05-16T13:56:49.502204
d429424d-c57e-4dcf-9ef6-7f7d4180e1a6,MOBILE SUIT GUNDAM HATHAWAY,cgv,,26021100,,,,2D,2026-05-16,6a3f8d92-4abe-4b97-ad0c-174f767836ea,2026-05-16T13:56:49.502217
d429424d-c57e-4dcf-9ef6-7f7d4180e1a6,KELUARGA SUAMI ADALAH HAMA,cgv,,26017700,,,,2D,2026-05-16,553861f1-f7b7-4a56-a65c-ab6cfb443e97,2026-05-16T13:56:49.502230
d429424d-c57e-4dcf-9ef6-7f7d4180e1a6,THE KINGS WARDEN,cgv,,26015000,,,,2D,2026-05-16,d2ab91df-fa96-47ff-8321-bb9fe3341fe1,2026-05-16T13:56:49.502244
d429424d-c57e-4dcf-9ef6-7f7d4180e1a6,TOP GUN MAVERICK RE RELEASE,cgv,,26022800,,,,2D,2026-05-16,06b65ba2-b136-4ca7-bcf9-d00287d2f347,2026-05-16T13:56:49.502258
d429424d-c57e-4dcf-9ef6-7f7d4180e1a6,IN THE GREY,cgv,,26022600,,,,2D,2026-05-16,0a46adb9-472c-4fdd-9097-6dab35c29bca,2026-05-16T13:56:49.502271
d429424d-c57e-4dcf-9ef6-7f7d4180e1a6,THAT TIME I GOT REINCARNATED AS A SLIME THE MOVIE TEARS OF THE AZURE SEA,cgv,,26017900,,,,2D,2026-05-16,5b0d42ef-6a2c-4eea-9833-2f4d90909404,2026-05-16T13:56:49.502284
d429424d-c57e-4dcf-9ef6-7f7d4180e1a6,TOP GUN RE RELEASE,cgv,,26022700,,,,2D,2026-05-16,b0e1e582-4a2f-4b4a-ad27-61d69a544897,2026-05-16T13:56:49.502297
d429424d-c57e-4dcf-9ef6-7f7d4180e1a6,THE SQUARE,cgv,,26024000,,,,2D,2026-05-16,36fe9d0d-197a-46be-83e9-afe962478be4,2026-05-16T13:56:49.502310
d429424d-c57e-4dcf-9ef6-7f7d4180e1a6,THE SUPER MARIO GALAXY MOVIE,cgv,,26012700,,,,2D,2026-05-16,6319e0e2-7ce9-4cba-bfa5-613ddafe21a7,2026-05-16T13:56:49.502322
d429424d-c57e-4dcf-9ef6-7f7d4180e1a6,LEE CRONINS THE MUMMY,cgv,,26014100,,,,2D,2026-05-16,6a759dca-97ce-4c54-8bc0-d0add0cb9076,2026-05-16T13:56:49.502335
d429424d-c57e-4dcf-9ef6-7f7d4180e1a6,PATI PATNI AUR WOH DO,cgv,,26024300,,,,2D,2026-05-16,8f93238f-4a3b-478a-b46e-bbd5e4688205,2026-05-16T13:56:49.502348
d429424d-c57e-4dcf-9ef6-7f7d4180e1a6,AIN,cgv,,26019300,,,,2D,2026-05-16,a1c5344f-951e-474e-a475-43e31e245b3f,2026-05-16T13:56:49.502360
d429424d-c57e-4dcf-9ef6-7f7d4180e1a6,ENHYPEN IMMERSION IN CINEMAS,cgv,,26016900,,,,2D,2026-05-16,56526088-ceac-4e76-97e1-a422dd5b028e,2026-05-16T13:56:49.502373
d429424d-c57e-4dcf-9ef6-7f7d4180e1a6,THE BELL PANGGILAN UNTUK MATI,cgv,,26020700,,,,2D,2026-05-16,652ece04-c8a2-4bf5-99c9-7b8a172ef785,2026-05-16T13:56:49.502385
38a41cd2-b271-4a92-9f8f-023852b37810,SEMUA AKAN BAIK BAIK SAJA,cgv,,26018100,Drama,113 min,13+,2D,2026-05-16,1bf011d1-1e58-448d-a2ad-e015f5563908,2026-05-16T13:56:47.404205
a7013964-8121-4fd6-b240-35e763f96965,TOP GUN (RE-RELEASE),cgv,,26022700,Action,109 min,17+,2D,2026-05-16,3da5f35f-462c-4460-8978-1da560e7279a,2026-05-16T13:56:48.033860
a7013964-8121-4fd6-b240-35e763f96965,SEMUA AKAN BAIK BAIK SAJA,cgv,,26018100,Drama,113 min,13+,2D,2026-05-16,a082ceca-ced2-4ab1-9587-306c1a93ea75,2026-05-16T13:56:48.034143
a7013964-8121-4fd6-b240-35e763f96965,TUMBAL PROYEK,cgv,,26014300,Horror,106 min,17+,2D,2026-05-16,601a4035-f78d-49cc-a756-0fe79d083178,2026-05-16T13:56:48.034368
24d1541c-1f5e-4911-aee4-9826bc952c52,SEMUA AKAN BAIK BAIK SAJA,cgv,,26018100,Drama,113 min,13+,2D,2026-05-16,fe57e818-c9d7-47a1-9b95-bfcea8acc683,2026-05-16T13:56:48.121872
24d1541c-1f5e-4911-aee4-9826bc952c52,YANG LAIN BOLEH HILANG ASAL KAU JANGAN,cgv,,26018300,Drama,113 min,13+,2D,2026-05-16,4bcde263-8b5d-48b2-9ece-c7d762b1a918,2026-05-16T13:56:48.122121
24d1541c-1f5e-4911-aee4-9826bc952c52,TIBA TIBA SETAN,cgv,,26007500,Comedy,113 min,13+,2D,2026-05-16,2e8eb462-5691-4ebe-b4fd-0c71718fd5c5,2026-05-16T13:56:48.122356
3145d28b-d727-4466-9a82-f7c37c4b99fb,TUMBAL PROYEK,cgv,,26014300,Horror,106 min,17+,2D,2026-05-16,417a87cb-7975-4261-911a-7a65f1d5c864,2026-05-16T13:56:48.795802
8c30d5e0-ce14-42a1-a732-c60e16f32457,MORTAL KOMBAT II,cgv,,26018200,Action,116 min,17+,2D,2026-05-16,43a0c513-e02a-4b0a-bae2-e13d8a6093ca,2026-05-16T13:56:49.496916
8c30d5e0-ce14-42a1-a732-c60e16f32457,YANG LAIN BOLEH HILANG ASAL KAU JANGAN,cgv,,26018300,Drama,113 min,13+,2D,2026-05-16,9383da4b-d4e9-4ca7-b10d-fb40d60726a2,2026-05-16T13:56:49.497247
8c30d5e0-ce14-42a1-a732-c60e16f32457,TUMBAL PROYEK,cgv,,26014300,Horror,106 min,17+,2D,2026-05-16,dad28792-5646-4f2e-a823-6515d559fa46,2026-05-16T13:56:49.497706
8c30d5e0-ce14-42a1-a732-c60e16f32457,GHOST IN THE CELL,cgv,,26011800,Comedy,106 min,17+,2D,2026-05-16,6a9132c3-012e-4f68-b1c1-0e81304e2d7b,2026-05-16T13:56:49.498049
8c30d5e0-ce14-42a1-a732-c60e16f32457,SEMUA AKAN BAIK BAIK SAJA,cgv,,26018100,Drama,113 min,13+,2D,2026-05-16,a302aee1-e374-4b19-a5cb-00d769362baf,2026-05-16T13:56:49.498348
02d37379-919a-4a27-9973-847ae9d77fdc,TUMBAL PROYEK,cgv,,26014300,Horror,106 min,17+,2D,2026-05-16,76d447e7-faa5-48ae-8960-631088e8221d,2026-05-16T13:56:50.271858
644704b3-d7ae-4c5f-aaa2-a0e72325f9c8,SEMUA AKAN BAIK BAIK SAJA,cgv,,26018100,Drama,113 min,13+,2D,2026-05-16,7b4930ab-5534-4574-8f1e-eca735029443,2026-05-16T13:56:50.600369
644704b3-d7ae-4c5f-aaa2-a0e72325f9c8,TUMBAL PROYEK,cgv,,26014300,Horror,106 min,17+,2D,2026-05-16,b9d22841-b031-4e68-bb40-cb1e63421c97,2026-05-16T13:56:50.600695
a25696dd-ea8c-4aec-9894-ec29c2c2b85d,TUMBAL PROYEK,cgv,,26014300,,,,2D,2026-05-16,86da7eb3-b4c4-4083-a4f8-ad34c21bc06e,2026-05-16T13:56:53.046365
a25696dd-ea8c-4aec-9894-ec29c2c2b85d,SEMUA AKAN BAIK BAIK SAJA,cgv,,26018100,,,,2D,2026-05-16,4704a9de-475e-4eee-b302-6d462b8e8577,2026-05-16T13:56:53.046409
a25696dd-ea8c-4aec-9894-ec29c2c2b85d,GHOST IN THE CELL,cgv,,26011800,,,,2D,2026-05-16,091a5c6d-a432-4862-9820-28d1273ec8eb,2026-05-16T13:56:53.046442
a25696dd-ea8c-4aec-9894-ec29c2c2b85d,YANG LAIN BOLEH HILANG ASAL KAU JANGAN,cgv,,26018300,,,,2D,2026-05-16,63335aaa-4e2a-420f-9548-84411aa3ef9b,2026-05-16T13:56:53.046470
a25696dd-ea8c-4aec-9894-ec29c2c2b85d,MORTAL KOMBAT II,cgv,,26018200,,,,2D,2026-05-16,9ae5dbfb-002c-4840-8b14-e1f977702de7,2026-05-16T13:56:53.046499
a25696dd-ea8c-4aec-9894-ec29c2c2b85d,TIBA TIBA SETAN,cgv,,26007500,,,,2D,2026-05-16,ea7e601b-f009-45fd-b207-58be9e5305df,2026-05-16T13:56:53.046526
a25696dd-ea8c-4aec-9894-ec29c2c2b85d,SALMOKJI WHISPERING WATER,cgv,,26019100,,,,2D,2026-05-16,c0174f7a-9867-4dee-9e14-d7543e22ef30,2026-05-16T13:56:53.046551
a25696dd-ea8c-4aec-9894-ec29c2c2b85d,GOHAN,cgv,,26022500,,,,2D,2026-05-16,7dd183fa-7561-4235-9039-2fe1f110f1ef,2026-05-16T13:56:53.046576
a25696dd-ea8c-4aec-9894-ec29c2c2b85d,THE SHEEP DETECTIVES,cgv,,26019500,,,,2D,2026-05-16,8ca8edca-c08a-4e39-b014-e1dee5871e2f,2026-05-16T13:56:53.046602
a25696dd-ea8c-4aec-9894-ec29c2c2b85d,AYAH INI ARAHNYA KEMANA YA,cgv,,26011000,,,,2D,2026-05-16,d8102051-947d-4b3b-9ccb-db8f83d81558,2026-05-16T13:56:53.046627
a25696dd-ea8c-4aec-9894-ec29c2c2b85d,KFT NA WILLA,cgv,,26015600,,,,2D,2026-05-16,9d31370a-a822-43b0-b803-bf3aea355f9c,2026-05-16T13:56:53.046651
a25696dd-ea8c-4aec-9894-ec29c2c2b85d,THE DEVIL WEARS PRADA 2,cgv,,26019800,,,,2D,2026-05-16,8c8b6490-5537-4c12-8937-7550e3838258,2026-05-16T13:56:53.046676
a25696dd-ea8c-4aec-9894-ec29c2c2b85d,DILAN ITB 1997,cgv,,26016100,,,,2D,2026-05-16,e26d4eb4-0e04-406a-a532-b4aa336b0f48,2026-05-16T13:56:53.046700
a25696dd-ea8c-4aec-9894-ec29c2c2b85d,GUDANG MERICA,cgv,,26019400,,,,2D,2026-05-16,7b5e7550-c1f1-4e8a-84b0-12d6705ce215,2026-05-16T13:56:53.046724
a25696dd-ea8c-4aec-9894-ec29c2c2b85d,NA WILLA,cgv,,26003200,,,,2D,2026-05-16,866cab2d-a719-4c55-aa40-60a8b0feea64,2026-05-16T13:56:53.046748
a25696dd-ea8c-4aec-9894-ec29c2c2b85d,MOBILE SUIT GUNDAM HATHAWAY,cgv,,26021100,,,,2D,2026-05-16,02fde827-c615-4a16-ad92-c95ddd0cdfd5,2026-05-16T13:56:53.046772
a25696dd-ea8c-4aec-9894-ec29c2c2b85d,KELUARGA SUAMI ADALAH HAMA,cgv,,26017700,,,,2D,2026-05-16,b61f3bbf-f12a-4c39-bf5a-b040b1a35e60,2026-05-16T13:56:53.046796
a25696dd-ea8c-4aec-9894-ec29c2c2b85d,THE KINGS WARDEN,cgv,,26015000,,,,2D,2026-05-16,98c2ff2e-b2fe-4108-a975-52cdb4920ed6,2026-05-16T13:56:53.046820
a25696dd-ea8c-4aec-9894-ec29c2c2b85d,TOP GUN MAVERICK RE RELEASE,cgv,,26022800,,,,2D,2026-05-16,3105fc6b-6c5d-45f4-b5b8-2799ac90dd0d,2026-05-16T13:56:53.046845
a25696dd-ea8c-4aec-9894-ec29c2c2b85d,IN THE GREY,cgv,,26022600,,,,2D,2026-05-16,0fd49f63-b6e4-42a0-8986-321072080735,2026-05-16T13:56:53.046868
a25696dd-ea8c-4aec-9894-ec29c2c2b85d,THAT TIME I GOT REINCARNATED AS A SLIME THE MOVIE TEARS OF THE AZURE SEA,cgv,,26017900,,,,2D,2026-05-16,7c71b66e-9447-4382-9636-d3223fd5c7fe,2026-05-16T13:56:53.046893
a25696dd-ea8c-4aec-9894-ec29c2c2b85d,TOP GUN RE RELEASE,cgv,,26022700,,,,2D,2026-05-16,9e75ead5-9f6e-4076-81f7-fc65d78bc743,2026-05-16T13:56:53.046916
a25696dd-ea8c-4aec-9894-ec29c2c2b85d,THE SQUARE,cgv,,26024000,,,,2D,2026-05-16,8b28ed86-2566-4592-a15e-969b4172abf1,2026-05-16T13:56:53.046940
a25696dd-ea8c-4aec-9894-ec29c2c2b85d,THE SUPER MARIO GALAXY MOVIE,cgv,,26012700,,,,2D,2026-05-16,3e91fc28-fbd2-48a5-960d-872d6dc99242,2026-05-16T13:56:53.046963
a25696dd-ea8c-4aec-9894-ec29c2c2b85d,LEE CRONINS THE MUMMY,cgv,,26014100,,,,2D,2026-05-16,128e2ec3-f0de-4af9-ab1f-2913a30d4ab5,2026-05-16T13:56:53.046985
a25696dd-ea8c-4aec-9894-ec29c2c2b85d,PATI PATNI AUR WOH DO,cgv,,26024300,,,,2D,2026-05-16,95f04daf-4d83-4326-8cf5-50e675b36b9e,2026-05-16T13:56:53.047009
a25696dd-ea8c-4aec-9894-ec29c2c2b85d,AIN,cgv,,26019300,,,,2D,2026-05-16,b4906146-4912-4391-80aa-576427ab43a0,2026-05-16T13:56:53.047033
a25696dd-ea8c-4aec-9894-ec29c2c2b85d,ENHYPEN IMMERSION IN CINEMAS,cgv,,26016900,,,,2D,2026-05-16,8cdacd53-5f61-4cb0-a89e-1e89a8f3dfea,2026-05-16T13:56:53.047056
a25696dd-ea8c-4aec-9894-ec29c2c2b85d,THE BELL PANGGILAN UNTUK MATI,cgv,,26020700,,,,2D,2026-05-16,cb29cce3-9523-4b1e-8b93-0fc794e531a8,2026-05-16T13:56:53.047080
4e163037-dc45-462f-b5be-1ca436938dec,TUMBAL PROYEK,cgv,,26014300,,,,2D,2026-05-16,01a92d10-832d-405f-b559-4e3fabe171d0,2026-05-16T13:56:53.534681
4e163037-dc45-462f-b5be-1ca436938dec,SEMUA AKAN BAIK BAIK SAJA,cgv,,26018100,,,,2D,2026-05-16,72bec8c7-e8e6-4899-853f-f0959ce22adf,2026-05-16T13:56:53.534733
4e163037-dc45-462f-b5be-1ca436938dec,GHOST IN THE CELL,cgv,,26011800,,,,2D,2026-05-16,728de325-802a-4e0e-aaa3-b9ad0dc08728,2026-05-16T13:56:53.534770
4e163037-dc45-462f-b5be-1ca436938dec,YANG LAIN BOLEH HILANG ASAL KAU JANGAN,cgv,,26018300,,,,2D,2026-05-16,4535b83d-b569-44f6-9f8e-ec8da40afada,2026-05-16T13:56:53.534804
4e163037-dc45-462f-b5be-1ca436938dec,MORTAL KOMBAT II,cgv,,26018200,,,,2D,2026-05-16,9436102d-b606-43db-8fcf-a32787dcc684,2026-05-16T13:56:53.534836
4e163037-dc45-462f-b5be-1ca436938dec,TIBA TIBA SETAN,cgv,,26007500,,,,2D,2026-05-16,00c285b4-fbad-4aa1-a95e-80dfc14620da,2026-05-16T13:56:53.534868
4e163037-dc45-462f-b5be-1ca436938dec,SALMOKJI WHISPERING WATER,cgv,,26019100,,,,2D,2026-05-16,9bd06d90-9453-4a8d-8e86-4743ace240d4,2026-05-16T13:56:53.534898
4e163037-dc45-462f-b5be-1ca436938dec,GOHAN,cgv,,26022500,,,,2D,2026-05-16,34f6c59b-39fb-448a-8269-5b63eb670d8f,2026-05-16T13:56:53.534928
4e163037-dc45-462f-b5be-1ca436938dec,THE SHEEP DETECTIVES,cgv,,26019500,,,,2D,2026-05-16,9bc69a9a-ae7c-40cd-88f4-bdcdd0121fc3,2026-05-16T13:56:53.534958
4e163037-dc45-462f-b5be-1ca436938dec,AYAH INI ARAHNYA KEMANA YA,cgv,,26011000,,,,2D,2026-05-16,cbd158da-0b16-453b-8820-4e1671d4f771,2026-05-16T13:56:53.534988
4e163037-dc45-462f-b5be-1ca436938dec,KFT NA WILLA,cgv,,26015600,,,,2D,2026-05-16,3a2cf4ca-4264-4ec3-8b25-ab2a5400ba64,2026-05-16T13:56:53.535018
4e163037-dc45-462f-b5be-1ca436938dec,THE DEVIL WEARS PRADA 2,cgv,,26019800,,,,2D,2026-05-16,295a77a8-3cd5-4b9d-a74c-260932a18c00,2026-05-16T13:56:53.535048
4e163037-dc45-462f-b5be-1ca436938dec,DILAN ITB 1997,cgv,,26016100,,,,2D,2026-05-16,af0fbbb5-227b-41bd-bb67-a016f1a47516,2026-05-16T13:56:53.535077
4e163037-dc45-462f-b5be-1ca436938dec,GUDANG MERICA,cgv,,26019400,,,,2D,2026-05-16,e1986c77-58d5-40de-b193-cd7e7cd11f5f,2026-05-16T13:56:53.535106
4e163037-dc45-462f-b5be-1ca436938dec,NA WILLA,cgv,,26003200,,,,2D,2026-05-16,00295cdf-9000-41ad-b846-029b3f40707b,2026-05-16T13:56:53.535137
4e163037-dc45-462f-b5be-1ca436938dec,MOBILE SUIT GUNDAM HATHAWAY,cgv,,26021100,,,,2D,2026-05-16,0f9dda3d-0990-4824-9758-8ba324fe48b2,2026-05-16T13:56:53.535166
4e163037-dc45-462f-b5be-1ca436938dec,KELUARGA SUAMI ADALAH HAMA,cgv,,26017700,,,,2D,2026-05-16,cebb4652-22a4-4231-a673-ad7d087570cc,2026-05-16T13:56:53.535195
4e163037-dc45-462f-b5be-1ca436938dec,THE KINGS WARDEN,cgv,,26015000,,,,2D,2026-05-16,4bf66f86-9ee3-46f7-9014-bb81126e5fd5,2026-05-16T13:56:53.535224
4e163037-dc45-462f-b5be-1ca436938dec,TOP GUN MAVERICK RE RELEASE,cgv,,26022800,,,,2D,2026-05-16,f1516d93-4fc5-47b5-9935-8eef18729592,2026-05-16T13:56:53.535255
4e163037-dc45-462f-b5be-1ca436938dec,IN THE GREY,cgv,,26022600,,,,2D,2026-05-16,b47f51d0-0893-43c0-8d7c-7594091c254c,2026-05-16T13:56:53.535284
4e163037-dc45-462f-b5be-1ca436938dec,THAT TIME I GOT REINCARNATED AS A SLIME THE MOVIE TEARS OF THE AZURE SEA,cgv,,26017900,,,,2D,2026-05-16,7b9493ac-dc65-4f10-bf27-1fef11821fe8,2026-05-16T13:56:53.535314
4e163037-dc45-462f-b5be-1ca436938dec,TOP GUN RE RELEASE,cgv,,26022700,,,,2D,2026-05-16,3a32d312-b610-4b76-b193-8cfb3cb925e7,2026-05-16T13:56:53.535343
4e163037-dc45-462f-b5be-1ca436938dec,THE SQUARE,cgv,,26024000,,,,2D,2026-05-16,6ade8b98-1e2d-40d4-90bd-95d792bb5759,2026-05-16T13:56:53.535372
4e163037-dc45-462f-b5be-1ca436938dec,THE SUPER MARIO GALAXY MOVIE,cgv,,26012700,,,,2D,2026-05-16,3f4b551b-4ad6-4e7e-9606-0b6164640c69,2026-05-16T13:56:53.535401
4e163037-dc45-462f-b5be-1ca436938dec,LEE CRONINS THE MUMMY,cgv,,26014100,,,,2D,2026-05-16,236cd64c-d25b-41a4-bef7-9f9bc4633936,2026-05-16T13:56:53.535428
4e163037-dc45-462f-b5be-1ca436938dec,PATI PATNI AUR WOH DO,cgv,,26024300,,,,2D,2026-05-16,359d4d39-2137-4c09-8173-c017e876d2df,2026-05-16T13:56:53.535456
4e163037-dc45-462f-b5be-1ca436938dec,AIN,cgv,,26019300,,,,2D,2026-05-16,ebb2e693-8915-460e-bd02-aa8d6a02b02b,2026-05-16T13:56:53.535485
4e163037-dc45-462f-b5be-1ca436938dec,ENHYPEN IMMERSION IN CINEMAS,cgv,,26016900,,,,2D,2026-05-16,f8f88521-183f-4b5f-8cbd-f34ebcbaa9cf,2026-05-16T13:56:53.535512
4e163037-dc45-462f-b5be-1ca436938dec,THE BELL PANGGILAN UNTUK MATI,cgv,,26020700,,,,2D,2026-05-16,a5a3d481-6423-4259-8660-616d40dea31c,2026-05-16T13:56:53.535540
2999afec-f27e-4efe-8809-b5b3fe8c579e,SEMUA AKAN BAIK BAIK SAJA,cgv,,26018100,Drama,113 min,13+,2D,2026-05-16,c2b2334b-009c-42a3-8a82-ce930809ed5b,2026-05-16T13:56:51.859563
4145944a-45cc-4da0-8ae6-fc661bd9019f,TUMBAL PROYEK,cgv,,26014300,Horror,106 min,17+,2D,2026-05-16,3f3ff1f5-fd13-42fb-a2e2-42ff3b46dd91,2026-05-16T13:56:52.597644
4145944a-45cc-4da0-8ae6-fc661bd9019f,GHOST IN THE CELL,cgv,,26011800,Comedy,106 min,17+,2D,2026-05-16,b4def756-f71f-4544-9d7c-9ca6bebd278b,2026-05-16T13:56:52.597898
4d6b80df-6aaa-4264-89c3-031ceeadb877,SEMUA AKAN BAIK BAIK SAJA,cgv,,26018100,Drama,113 min,13+,2D,2026-05-16,7569f1d6-ef86-45e5-bf6c-fe800654f297,2026-05-16T13:56:52.563671
4d6b80df-6aaa-4264-89c3-031ceeadb877,MORTAL KOMBAT II,cgv,,26018200,Action,116 min,17+,2D,2026-05-16,6e34ab76-64db-4849-b5e7-7aa0ae448266,2026-05-16T13:56:52.563992
4d6b80df-6aaa-4264-89c3-031ceeadb877,TUMBAL PROYEK,cgv,,26014300,Horror,106 min,17+,2D,2026-05-16,2e0d1de8-2a88-42ee-88c5-089d70fc5ebd,2026-05-16T13:56:52.564302
4d6b80df-6aaa-4264-89c3-031ceeadb877,GHOST IN THE CELL,cgv,,26011800,Comedy,106 min,17+,2D,2026-05-16,88670884-0f01-4cd7-b528-edb84206f449,2026-05-16T13:56:52.564598
d3381b22-f7bc-4d25-a08b-6ac6476a5d5a,TUMBAL PROYEK,cgv,,26014300,,,,2D,2026-05-16,04d49774-675c-44ba-85eb-aac8fb331878,2026-05-16T13:56:57.857639
d3381b22-f7bc-4d25-a08b-6ac6476a5d5a,SEMUA AKAN BAIK BAIK SAJA,cgv,,26018100,,,,2D,2026-05-16,af0671c7-d5ff-4f5a-8996-268ee767a4cf,2026-05-16T13:56:57.857693
d3381b22-f7bc-4d25-a08b-6ac6476a5d5a,GHOST IN THE CELL,cgv,,26011800,,,,2D,2026-05-16,5aa21d73-efad-40ae-9fbc-658f760eb297,2026-05-16T13:56:57.857728
d3381b22-f7bc-4d25-a08b-6ac6476a5d5a,YANG LAIN BOLEH HILANG ASAL KAU JANGAN,cgv,,26018300,,,,2D,2026-05-16,600d0f46-ae0a-41ae-9dae-7ee7523de702,2026-05-16T13:56:57.857762
d3381b22-f7bc-4d25-a08b-6ac6476a5d5a,MORTAL KOMBAT II,cgv,,26018200,,,,2D,2026-05-16,3b327d4f-1c13-4367-bf59-e8f91654713b,2026-05-16T13:56:57.857794
d3381b22-f7bc-4d25-a08b-6ac6476a5d5a,TIBA TIBA SETAN,cgv,,26007500,,,,2D,2026-05-16,3fb62dd7-ac66-4345-ba3b-1f1b5f24be76,2026-05-16T13:56:57.857825
d3381b22-f7bc-4d25-a08b-6ac6476a5d5a,SALMOKJI WHISPERING WATER,cgv,,26019100,,,,2D,2026-05-16,3faceaa3-5c55-492b-a1f5-81bbe1b94139,2026-05-16T13:56:57.857855
d3381b22-f7bc-4d25-a08b-6ac6476a5d5a,GOHAN,cgv,,26022500,,,,2D,2026-05-16,9ccf1f90-1f9a-4f8a-8078-810db7759fcc,2026-05-16T13:56:57.857884
d3381b22-f7bc-4d25-a08b-6ac6476a5d5a,THE SHEEP DETECTIVES,cgv,,26019500,,,,2D,2026-05-16,15bb18bf-9a96-4795-9888-570d6b82bf22,2026-05-16T13:56:57.857913
d3381b22-f7bc-4d25-a08b-6ac6476a5d5a,AYAH INI ARAHNYA KEMANA YA,cgv,,26011000,,,,2D,2026-05-16,c1e97c5b-8a8d-4fbc-b22e-5a32aafaea8a,2026-05-16T13:56:57.857942
d3381b22-f7bc-4d25-a08b-6ac6476a5d5a,KFT NA WILLA,cgv,,26015600,,,,2D,2026-05-16,d926b95a-98be-4e2c-b0a1-10ebfc04d1b9,2026-05-16T13:56:57.857972
d3381b22-f7bc-4d25-a08b-6ac6476a5d5a,THE DEVIL WEARS PRADA 2,cgv,,26019800,,,,2D,2026-05-16,5b67f827-fde2-47bb-9006-3e6cb17f8740,2026-05-16T13:56:57.858017
d3381b22-f7bc-4d25-a08b-6ac6476a5d5a,DILAN ITB 1997,cgv,,26016100,,,,2D,2026-05-16,a0774562-63d6-4fdf-9cc9-c3b3314ba353,2026-05-16T13:56:57.858047
d3381b22-f7bc-4d25-a08b-6ac6476a5d5a,GUDANG MERICA,cgv,,26019400,,,,2D,2026-05-16,47faf6bb-7cac-4369-93fc-f85b860d3619,2026-05-16T13:56:57.858076
d3381b22-f7bc-4d25-a08b-6ac6476a5d5a,NA WILLA,cgv,,26003200,,,,2D,2026-05-16,fff1489c-e0d5-4647-9eda-d60b13b90eef,2026-05-16T13:56:57.858104
d3381b22-f7bc-4d25-a08b-6ac6476a5d5a,MOBILE SUIT GUNDAM HATHAWAY,cgv,,26021100,,,,2D,2026-05-16,61c0dfe8-93ec-43da-84d9-fe16d396e017,2026-05-16T13:56:57.858133
d3381b22-f7bc-4d25-a08b-6ac6476a5d5a,KELUARGA SUAMI ADALAH HAMA,cgv,,26017700,,,,2D,2026-05-16,6f650d9f-406c-4e34-9d0d-cc20d9a47bc6,2026-05-16T13:56:57.858161
d3381b22-f7bc-4d25-a08b-6ac6476a5d5a,THE KINGS WARDEN,cgv,,26015000,,,,2D,2026-05-16,f6b6d086-a180-4ac5-ad30-f9aa44031fd4,2026-05-16T13:56:57.858202
d3381b22-f7bc-4d25-a08b-6ac6476a5d5a,TOP GUN MAVERICK RE RELEASE,cgv,,26022800,,,,2D,2026-05-16,1ae68341-a1b1-4cfd-a2c6-b3c176491ae8,2026-05-16T13:56:57.858233
d3381b22-f7bc-4d25-a08b-6ac6476a5d5a,IN THE GREY,cgv,,26022600,,,,2D,2026-05-16,a5308ff0-4ea2-42ab-8c5b-a5d83d9bf202,2026-05-16T13:56:57.858262
d3381b22-f7bc-4d25-a08b-6ac6476a5d5a,THAT TIME I GOT REINCARNATED AS A SLIME THE MOVIE TEARS OF THE AZURE SEA,cgv,,26017900,,,,2D,2026-05-16,2afae4b2-70af-46a0-badc-573d9e0250a9,2026-05-16T13:56:57.858299
d3381b22-f7bc-4d25-a08b-6ac6476a5d5a,TOP GUN RE RELEASE,cgv,,26022700,,,,2D,2026-05-16,f7f67053-ca9d-47bf-82e0-c00df2b1eb3e,2026-05-16T13:56:57.858329
d3381b22-f7bc-4d25-a08b-6ac6476a5d5a,THE SQUARE,cgv,,26024000,,,,2D,2026-05-16,f3455361-0796-4ea5-9903-01bc74fbbd2d,2026-05-16T13:56:57.858358
d3381b22-f7bc-4d25-a08b-6ac6476a5d5a,THE SUPER MARIO GALAXY MOVIE,cgv,,26012700,,,,2D,2026-05-16,8ea87bd9-6a3a-4218-89ea-7f51cb6ec5bc,2026-05-16T13:56:57.858386
d3381b22-f7bc-4d25-a08b-6ac6476a5d5a,LEE CRONINS THE MUMMY,cgv,,26014100,,,,2D,2026-05-16,904a9919-f70d-444d-9975-99b19fb93ac5,2026-05-16T13:56:57.858415
d3381b22-f7bc-4d25-a08b-6ac6476a5d5a,PATI PATNI AUR WOH DO,cgv,,26024300,,,,2D,2026-05-16,ee972a20-8cab-457a-bbe7-c8c1302148b4,2026-05-16T13:56:57.858443
d3381b22-f7bc-4d25-a08b-6ac6476a5d5a,AIN,cgv,,26019300,,,,2D,2026-05-16,bb3eca2f-9f6a-49b7-b87a-7973a9a49be3,2026-05-16T13:56:57.858471
d3381b22-f7bc-4d25-a08b-6ac6476a5d5a,ENHYPEN IMMERSION IN CINEMAS,cgv,,26016900,,,,2D,2026-05-16,1f5ce123-997f-47bb-8166-4504ce367da6,2026-05-16T13:56:57.858499
d3381b22-f7bc-4d25-a08b-6ac6476a5d5a,THE BELL PANGGILAN UNTUK MATI,cgv,,26020700,,,,2D,2026-05-16,ca0437fe-0e48-41d6-98c0-51fd2a98feee,2026-05-16T13:56:57.858539
759a06fb-3669-4a08-a07a-99322e95f076,TUMBAL PROYEK,cgv,,26014300,,,,2D,2026-05-16,b4d6a65f-1add-40a1-a352-841294858746,2026-05-16T13:56:57.865790
759a06fb-3669-4a08-a07a-99322e95f076,SEMUA AKAN BAIK BAIK SAJA,cgv,,26018100,,,,2D,2026-05-16,4dc9967b-9d8f-451c-b2b7-edd69e40f7ee,2026-05-16T13:56:57.865831
759a06fb-3669-4a08-a07a-99322e95f076,GHOST IN THE CELL,cgv,,26011800,,,,2D,2026-05-16,65e2ab0d-36bd-4563-b5c0-d5f44025b01d,2026-05-16T13:56:57.865860
759a06fb-3669-4a08-a07a-99322e95f076,YANG LAIN BOLEH HILANG ASAL KAU JANGAN,cgv,,26018300,,,,2D,2026-05-16,3f162c65-faeb-46a5-8c37-263287f38e11,2026-05-16T13:56:57.865888
759a06fb-3669-4a08-a07a-99322e95f076,MORTAL KOMBAT II,cgv,,26018200,,,,2D,2026-05-16,a5d21b0b-69be-4a7c-8b65-7c743ffb5f00,2026-05-16T13:56:57.865917
759a06fb-3669-4a08-a07a-99322e95f076,TIBA TIBA SETAN,cgv,,26007500,,,,2D,2026-05-16,5d66a4af-1f7b-405b-aa51-eb5850ab9838,2026-05-16T13:56:57.865943
759a06fb-3669-4a08-a07a-99322e95f076,SALMOKJI WHISPERING WATER,cgv,,26019100,,,,2D,2026-05-16,70926640-9765-4cd8-8642-74f52c351b09,2026-05-16T13:56:57.865967
759a06fb-3669-4a08-a07a-99322e95f076,GOHAN,cgv,,26022500,,,,2D,2026-05-16,23cc706b-1da4-4eef-9b46-57b2d683902f,2026-05-16T13:56:57.865992
759a06fb-3669-4a08-a07a-99322e95f076,THE SHEEP DETECTIVES,cgv,,26019500,,,,2D,2026-05-16,35786fd0-9eb8-4c62-ab9e-b504823dc0ce,2026-05-16T13:56:57.866016
759a06fb-3669-4a08-a07a-99322e95f076,AYAH INI ARAHNYA KEMANA YA,cgv,,26011000,,,,2D,2026-05-16,c58416f3-b885-4577-bbe0-52026bbfb69f,2026-05-16T13:56:57.866041
759a06fb-3669-4a08-a07a-99322e95f076,KFT NA WILLA,cgv,,26015600,,,,2D,2026-05-16,a32badc1-1f0f-4f8c-9bb9-03f5f307276e,2026-05-16T13:56:57.866066
759a06fb-3669-4a08-a07a-99322e95f076,THE DEVIL WEARS PRADA 2,cgv,,26019800,,,,2D,2026-05-16,16989a54-539d-4734-83c7-1222a0cdc419,2026-05-16T13:56:57.866090
759a06fb-3669-4a08-a07a-99322e95f076,DILAN ITB 1997,cgv,,26016100,,,,2D,2026-05-16,c852dea4-877a-4e91-ba4c-43160b02b8b8,2026-05-16T13:56:57.866115
759a06fb-3669-4a08-a07a-99322e95f076,GUDANG MERICA,cgv,,26019400,,,,2D,2026-05-16,6998eaef-f99b-4d73-8503-e12bde761eae,2026-05-16T13:56:57.866139
759a06fb-3669-4a08-a07a-99322e95f076,NA WILLA,cgv,,26003200,,,,2D,2026-05-16,6b150e0a-6d94-4ff4-a405-9d7d84332611,2026-05-16T13:56:57.866163
759a06fb-3669-4a08-a07a-99322e95f076,MOBILE SUIT GUNDAM HATHAWAY,cgv,,26021100,,,,2D,2026-05-16,d32141f9-f91f-4bec-93b1-823d42f0eab4,2026-05-16T13:56:57.866189
759a06fb-3669-4a08-a07a-99322e95f076,KELUARGA SUAMI ADALAH HAMA,cgv,,26017700,,,,2D,2026-05-16,a2691d70-bd6f-4f0c-8e03-a3473987f608,2026-05-16T13:56:57.866214
759a06fb-3669-4a08-a07a-99322e95f076,THE KINGS WARDEN,cgv,,26015000,,,,2D,2026-05-16,055902ce-0404-472a-8415-2b8ef9ed3e89,2026-05-16T13:56:57.866239
759a06fb-3669-4a08-a07a-99322e95f076,TOP GUN MAVERICK RE RELEASE,cgv,,26022800,,,,2D,2026-05-16,63c9092b-147c-41d3-955a-5e8df1fa06c5,2026-05-16T13:56:57.866265
759a06fb-3669-4a08-a07a-99322e95f076,IN THE GREY,cgv,,26022600,,,,2D,2026-05-16,52cdffd6-3733-4476-8a77-8e8d5c982126,2026-05-16T13:56:57.866290
759a06fb-3669-4a08-a07a-99322e95f076,THAT TIME I GOT REINCARNATED AS A SLIME THE MOVIE TEARS OF THE AZURE SEA,cgv,,26017900,,,,2D,2026-05-16,0f61f44c-d3f1-44cc-b9de-20337bfa6d15,2026-05-16T13:56:57.866315
759a06fb-3669-4a08-a07a-99322e95f076,TOP GUN RE RELEASE,cgv,,26022700,,,,2D,2026-05-16,3a339ac6-cd66-4ace-a7e1-0849b03df97a,2026-05-16T13:56:57.866339
759a06fb-3669-4a08-a07a-99322e95f076,THE SQUARE,cgv,,26024000,,,,2D,2026-05-16,9bd94c16-b925-4ee8-9135-bf320236e4ac,2026-05-16T13:56:57.866363
759a06fb-3669-4a08-a07a-99322e95f076,THE SUPER MARIO GALAXY MOVIE,cgv,,26012700,,,,2D,2026-05-16,ad71b372-879d-449c-8cc0-16aee0c8128c,2026-05-16T13:56:57.866387
759a06fb-3669-4a08-a07a-99322e95f076,LEE CRONINS THE MUMMY,cgv,,26014100,,,,2D,2026-05-16,e8cbe0c1-961a-4660-8a4a-58dce953547d,2026-05-16T13:56:57.866411
759a06fb-3669-4a08-a07a-99322e95f076,PATI PATNI AUR WOH DO,cgv,,26024300,,,,2D,2026-05-16,1fb0742b-6922-4f15-b4ed-2c42c43a28f1,2026-05-16T13:56:57.866435
759a06fb-3669-4a08-a07a-99322e95f076,AIN,cgv,,26019300,,,,2D,2026-05-16,71188b9a-af45-4bd1-943b-7617322a272e,2026-05-16T13:56:57.866458
759a06fb-3669-4a08-a07a-99322e95f076,ENHYPEN IMMERSION IN CINEMAS,cgv,,26016900,,,,2D,2026-05-16,d73bcbb8-36b2-4dca-a132-62a56b72c456,2026-05-16T13:56:57.866480
759a06fb-3669-4a08-a07a-99322e95f076,THE BELL PANGGILAN UNTUK MATI,cgv,,26020700,,,,2D,2026-05-16,d1186c19-6789-4a1d-aeff-baf5f1e1cb0e,2026-05-16T13:56:57.866503
f04193f7-c84c-4c92-ae14-c9e4bfe471de,GHOST IN THE CELL,cgv,,26011800,Comedy,106 min,17+,2D,2026-05-16,bd64be77-0f17-489a-a631-8618c7f95870,2026-05-16T13:56:58.360835
f04193f7-c84c-4c92-ae14-c9e4bfe471de,TUMBAL PROYEK,cgv,,26014300,Horror,106 min,17+,2D,2026-05-16,bb58347e-be28-4966-8b7e-a74ed38068ad,2026-05-16T13:56:58.361132
1085f4c7-7a4d-429c-8057-d405d44af8fc,TUMBAL PROYEK,cgv,,26014300,,,,2D,2026-05-16,843bb353-b014-400e-8bc0-b7886b3bcb1a,2026-05-16T13:57:01.971393
1085f4c7-7a4d-429c-8057-d405d44af8fc,SEMUA AKAN BAIK BAIK SAJA,cgv,,26018100,,,,2D,2026-05-16,0bb889c3-fd88-4522-be83-08d6b717c65d,2026-05-16T13:57:01.971445
1085f4c7-7a4d-429c-8057-d405d44af8fc,GHOST IN THE CELL,cgv,,26011800,,,,2D,2026-05-16,521025a9-e648-4682-8714-4ae79dc1cdbd,2026-05-16T13:57:01.971482
1085f4c7-7a4d-429c-8057-d405d44af8fc,YANG LAIN BOLEH HILANG ASAL KAU JANGAN,cgv,,26018300,,,,2D,2026-05-16,cbbb8c9d-b570-4b15-bc18-164b9f83ac1f,2026-05-16T13:57:01.971516
1085f4c7-7a4d-429c-8057-d405d44af8fc,MORTAL KOMBAT II,cgv,,26018200,,,,2D,2026-05-16,ea705048-c3e6-40af-8991-8a9ff1d12798,2026-05-16T13:57:01.971549
1085f4c7-7a4d-429c-8057-d405d44af8fc,TIBA TIBA SETAN,cgv,,26007500,,,,2D,2026-05-16,99113e6d-54b3-4623-95fb-7bd7829978fc,2026-05-16T13:57:01.971591
1085f4c7-7a4d-429c-8057-d405d44af8fc,SALMOKJI WHISPERING WATER,cgv,,26019100,,,,2D,2026-05-16,5ff93b03-8040-4018-8569-2c7e74a3dfa1,2026-05-16T13:57:01.971625
1085f4c7-7a4d-429c-8057-d405d44af8fc,GOHAN,cgv,,26022500,,,,2D,2026-05-16,589792ed-ab85-4482-b336-b9d5f95b7878,2026-05-16T13:57:01.971656
1085f4c7-7a4d-429c-8057-d405d44af8fc,THE SHEEP DETECTIVES,cgv,,26019500,,,,2D,2026-05-16,1ec0c60c-cc15-4920-af5e-7572c55c238a,2026-05-16T13:57:01.971686
1085f4c7-7a4d-429c-8057-d405d44af8fc,AYAH INI ARAHNYA KEMANA YA,cgv,,26011000,,,,2D,2026-05-16,a730c675-b90e-437b-9248-ee51ec0307d2,2026-05-16T13:57:01.971716
1085f4c7-7a4d-429c-8057-d405d44af8fc,KFT NA WILLA,cgv,,26015600,,,,2D,2026-05-16,876ac006-8a39-47da-83d6-2cf05cbc4af6,2026-05-16T13:57:01.971745
1085f4c7-7a4d-429c-8057-d405d44af8fc,THE DEVIL WEARS PRADA 2,cgv,,26019800,,,,2D,2026-05-16,af473c7d-d06e-48b0-8e3d-e7819cd8a796,2026-05-16T13:57:01.971773
1085f4c7-7a4d-429c-8057-d405d44af8fc,DILAN ITB 1997,cgv,,26016100,,,,2D,2026-05-16,23813ccd-0399-4d4b-bdcc-60f0a4154e6a,2026-05-16T13:57:01.971802
1085f4c7-7a4d-429c-8057-d405d44af8fc,GUDANG MERICA,cgv,,26019400,,,,2D,2026-05-16,89bf854f-1781-4959-9ea5-adbcd25763b7,2026-05-16T13:57:01.971831
1085f4c7-7a4d-429c-8057-d405d44af8fc,NA WILLA,cgv,,26003200,,,,2D,2026-05-16,32501231-9991-46db-bd2c-b0f3fbe79179,2026-05-16T13:57:01.971860
1085f4c7-7a4d-429c-8057-d405d44af8fc,MOBILE SUIT GUNDAM HATHAWAY,cgv,,26021100,,,,2D,2026-05-16,7ef1a1b9-1749-42f3-afb5-ea7a01941a64,2026-05-16T13:57:01.971889
1085f4c7-7a4d-429c-8057-d405d44af8fc,KELUARGA SUAMI ADALAH HAMA,cgv,,26017700,,,,2D,2026-05-16,61586c1d-0f0d-41ba-aee3-3aa48add208e,2026-05-16T13:57:01.971918
1085f4c7-7a4d-429c-8057-d405d44af8fc,THE KINGS WARDEN,cgv,,26015000,,,,2D,2026-05-16,47c4a660-1de3-4e15-8dda-d364bd80539c,2026-05-16T13:57:01.971946
1085f4c7-7a4d-429c-8057-d405d44af8fc,TOP GUN MAVERICK RE RELEASE,cgv,,26022800,,,,2D,2026-05-16,5f8c93a4-d01d-4472-855b-8e7ab61ca53e,2026-05-16T13:57:01.971977
1085f4c7-7a4d-429c-8057-d405d44af8fc,IN THE GREY,cgv,,26022600,,,,2D,2026-05-16,2d647098-4c5e-4fb7-9f88-b1e9d6ad6e18,2026-05-16T13:57:01.972005
1085f4c7-7a4d-429c-8057-d405d44af8fc,THAT TIME I GOT REINCARNATED AS A SLIME THE MOVIE TEARS OF THE AZURE SEA,cgv,,26017900,,,,2D,2026-05-16,cba1e947-ddb0-4ac4-b25f-c8548f5c0167,2026-05-16T13:57:01.972040
1085f4c7-7a4d-429c-8057-d405d44af8fc,TOP GUN RE RELEASE,cgv,,26022700,,,,2D,2026-05-16,7ad51d9a-0305-42b7-9c4d-d843bef34ae1,2026-05-16T13:57:01.972068
1085f4c7-7a4d-429c-8057-d405d44af8fc,THE SQUARE,cgv,,26024000,,,,2D,2026-05-16,2c512e1e-f178-4d46-a6c6-32558b622565,2026-05-16T13:57:01.972096
1085f4c7-7a4d-429c-8057-d405d44af8fc,THE SUPER MARIO GALAXY MOVIE,cgv,,26012700,,,,2D,2026-05-16,afc17ea8-d83b-4816-bbb0-6e88ab9ad9f4,2026-05-16T13:57:01.972126
1085f4c7-7a4d-429c-8057-d405d44af8fc,LEE CRONINS THE MUMMY,cgv,,26014100,,,,2D,2026-05-16,7365499d-2383-43e0-9bdf-8293d8575485,2026-05-16T13:57:01.972154
1085f4c7-7a4d-429c-8057-d405d44af8fc,PATI PATNI AUR WOH DO,cgv,,26024300,,,,2D,2026-05-16,2d07a7ab-cffc-47d0-a5e6-ff93c86bd181,2026-05-16T13:57:01.972181
1085f4c7-7a4d-429c-8057-d405d44af8fc,AIN,cgv,,26019300,,,,2D,2026-05-16,b83f94b6-52fb-43ba-96ae-cd4b5535bdbb,2026-05-16T13:57:01.972209
1085f4c7-7a4d-429c-8057-d405d44af8fc,ENHYPEN IMMERSION IN CINEMAS,cgv,,26016900,,,,2D,2026-05-16,dfb975d8-87f1-4625-b7c3-9700e4e68801,2026-05-16T13:57:01.972237
1085f4c7-7a4d-429c-8057-d405d44af8fc,THE BELL PANGGILAN UNTUK MATI,cgv,,26020700,,,,2D,2026-05-16,145fcc66-5f41-4565-bb79-5c812985fc5b,2026-05-16T13:57:01.972265
fd9fed2a-96f1-4d7e-abc5-34eaeca9412d,TUMBAL PROYEK,cgv,,26014300,Horror,106 min,17+,2D,2026-05-16,d7ff4bdd-6925-41b7-8a2c-0e77e43932b8,2026-05-16T13:57:02.108587
3ec3ed02-e84e-4b5c-bacd-c956b9fea279,SEMUA AKAN BAIK BAIK SAJA,cgv,,26018100,Drama,113 min,13+,2D,2026-05-16,276ac061-b9e7-410b-bf86-eb6217411f50,2026-05-16T13:57:03.763058
3ec3ed02-e84e-4b5c-bacd-c956b9fea279,TUMBAL PROYEK,cgv,,26014300,Horror,106 min,17+,2D,2026-05-16,75c48fee-cb6e-4987-8961-93d8a7dd9fd4,2026-05-16T13:57:03.763306
