cinema_id,title,source,movie_id,movie_code,genre,duration,age_rating,format,show_date,id,created_at
79426251-d44c-41d0-bb70-a4233902536f,SALMOKJI: WHISPERING WATER,21cineplex,,26SWWR,Horror,95 menit,D17+,2D,2026-05-17,fa859882-4926-47f4-b33c-d98b7d47eaf4,2026-05-17T14:27:06.467977
79426251-d44c-41d0-bb70-a4233902536f,GHOST IN THE CELL,21cineplex,,16GITC,"Comedy, Horror",106 menit,D17+,2D,2026-05-17,759fd748-c15b-4669-8a6b-df2fee2982e0,2026-05-17T14:27:06.468193
79426251-d44c-41d0-bb70-a4233902536f,SEMUA AKAN BAIK-BAIK SAJA,21cineplex,,16SABB,Drama,113 menit,13+,2D,2026-05-17,e9a91988-436f-44ee-a398-36b3550604a6,2026-05-17T14:27:06.468365
79426251-d44c-41d0-bb70-a4233902536f,CHILDREN OF HEAVEN,21cineplex,,16COHN,"Drama, Family",97 menit,SU,2D,2026-05-27,3325facf-35d1-475c-a689-95bb024ebbe8,2026-05-17T14:27:06.468565
d2013ccf-bd08-444f-8d9d-2915a982b7e9,IN THE GREY,21cineplex,,26ITGY,"Action, Thriller",97 menit,13+,2D,2026-05-17,2ead74fb-a255-4c5a-ac6b-49eeb688fc1f,2026-05-17T14:27:06.468935
d2013ccf-bd08-444f-8d9d-2915a982b7e9,SALMOKJI: WHISPERING WATER,21cineplex,,26SWWR,Horror,95 menit,D17+,2D,2026-05-17,a9e9083f-b041-4816-adac-2e2a37db690b,2026-05-17T14:27:06.469027
d2013ccf-bd08-444f-8d9d-2915a982b7e9,THE SHEEP DETECTIVES,21cineplex,,26SDES,"Comedy, Mystery",109 menit,SU,2D,2026-05-17,0d5cdb13-5b26-4a20-a941-c5422aac0d79,2026-05-17T14:27:06.469112
d2013ccf-bd08-444f-8d9d-2915a982b7e9,GOHAN,21cineplex,,26GOHN,Drama,140 menit,SU,2D,2026-05-17,b48ce8b9-a5a5-4302-b00a-461962314161,2026-05-17T14:27:06.469237
d2013ccf-bd08-444f-8d9d-2915a982b7e9,THE DRAMA,21cineplex,,26DRAA,Drama,106 menit,D17+,2D,2026-05-17,fa1e1ceb-30b6-4c5e-ac2e-5d627c39ba6f,2026-05-17T14:27:06.469346
d2013ccf-bd08-444f-8d9d-2915a982b7e9,MICHAEL,21cineplex,,26MICL,Biography,127 menit,SU,2D,2026-05-17,e7aa3f60-a9f3-4840-9a81-c1fe59143b4d,2026-05-17T14:27:06.469425
d2013ccf-bd08-444f-8d9d-2915a982b7e9,THE DEVIL WEARS PRADA 2,21cineplex,,26DWP2,"Comedy, Drama",119 menit,13+,2D,2026-05-17,1dc87470-ead4-42e8-8e99-cd7611f02832,2026-05-17T14:27:06.469555
d2013ccf-bd08-444f-8d9d-2915a982b7e9,SEMUA AKAN BAIK-BAIK SAJA,21cineplex,,16SABB,Drama,113 menit,13+,2D,2026-05-17,c13653f5-1e81-428f-b641-fc0e20dcbe59,2026-05-17T14:27:06.469659
d2013ccf-bd08-444f-8d9d-2915a982b7e9,STAR WARS: THE MANDALORIAN AND GROGU,21cineplex,,26SWMG,"Fantasy, Sci-Fi",132 menit,13+,2D,2026-05-20,70ff1a13-52ea-4baf-9b95-70b2cdc9fa02,2026-05-17T14:27:06.469794
3b44560b-7a62-4108-b1bb-9070081b2f04,SEMUA AKAN BAIK-BAIK SAJA,21cineplex,,16SABB,Drama,113 menit,13+,2D,2026-05-17,fcb5d4a8-f624-49d8-ab69-dddc91d0d7e1,2026-05-17T14:27:06.470616
3b44560b-7a62-4108-b1bb-9070081b2f04,GHOST IN THE CELL,21cineplex,,16GITC,"Comedy, Horror",106 menit,D17+,2D,2026-05-17,420b33bc-2ba4-4931-b008-25e61b67395e,2026-05-17T14:27:06.470842
3b44560b-7a62-4108-b1bb-9070081b2f04,DILAN ITB 1997,21cineplex,,16DI97,"Drama, Romance",110 menit,13+,2D,2026-05-17,f709b732-786e-4944-8491-1b582be1a2ec,2026-05-17T14:27:06.471009
3b44560b-7a62-4108-b1bb-9070081b2f04,KELUARGA SUAMI ADALAH HAMA,21cineplex,,16KSAH,Drama,117 menit,13+,2D,2026-05-21,d4312c7c-6483-4f3e-958b-c0811b416809,2026-05-17T14:27:06.471172
3b44560b-7a62-4108-b1bb-9070081b2f04,CHILDREN OF HEAVEN,21cineplex,,16COHN,"Drama, Family",97 menit,SU,2D,2026-05-27,15a2b5ec-1263-4120-bdb3-bccbf6192972,2026-05-17T14:27:06.471299
3b44560b-7a62-4108-b1bb-9070081b2f04,SUAMIKU LUKAKU,21cineplex,,16SLUU,Drama,92 menit,D17+,2D,2026-05-27,86ae5f97-718e-4d5d-82dc-f0f39d903dcd,2026-05-17T14:27:06.471445
92975946-e715-4e4b-bdeb-59502815e182,SEMUA AKAN BAIK-BAIK SAJA,21cineplex,,16SABB,Drama,113 menit,13+,2D,2026-05-17,fead691e-7224-4170-8606-ad4a06554ad6,2026-05-17T14:27:08.029035
92975946-e715-4e4b-bdeb-59502815e182,MORTAL KOMBAT II,21cineplex,,25MKT2,"Action, Adventure",116 menit,D17+,2D,2026-05-17,f354970e-6b90-4b35-b0c9-a3d32149dcc7,2026-05-17T14:27:08.029151
92975946-e715-4e4b-bdeb-59502815e182,GOHAN,21cineplex,,26GOHN,Drama,140 menit,SU,2D,2026-05-17,3f316df2-8fdc-4c57-bedb-08d28567587d,2026-05-17T14:27:08.029232
92975946-e715-4e4b-bdeb-59502815e182,GHOST IN THE CELL,21cineplex,,16GITC,"Comedy, Horror",106 menit,D17+,2D,2026-05-17,8d5a3a93-9ffe-4f07-8091-b0d04b6a99af,2026-05-17T14:27:08.029288
92975946-e715-4e4b-bdeb-59502815e182,FUZE,21cineplex,,26FUZE,"Action, Crime",96 menit,D17+,2D,2026-05-17,39fd6efa-4422-44ab-a2c3-57d67bf9c05d,2026-05-17T14:27:08.029335
92975946-e715-4e4b-bdeb-59502815e182,THE SHEEP DETECTIVES,21cineplex,,26SDES,"Comedy, Mystery",109 menit,SU,2D,2026-05-17,d63026ea-1529-4eaf-b6cd-6356f5e9e2e7,2026-05-17T14:27:08.029407
92975946-e715-4e4b-bdeb-59502815e182,THE DEVIL WEARS PRADA 2,21cineplex,,26DWP2,"Comedy, Drama",119 menit,13+,2D,2026-05-17,9321403f-84bf-40f9-935d-7494732fd283,2026-05-17T14:27:08.029479
92975946-e715-4e4b-bdeb-59502815e182,IN THE GREY,21cineplex,,26ITGY,"Action, Thriller",97 menit,13+,2D,2026-05-17,b0d65a3a-e394-49f6-9878-96e3839881f3,2026-05-17T14:27:08.029530
92975946-e715-4e4b-bdeb-59502815e182,STAR WARS: THE MANDALORIAN AND GROGU,21cineplex,,26SWMG,"Fantasy, Sci-Fi",132 menit,13+,2D,2026-05-20,a71edaca-6efe-47b2-999b-7b508157fe0b,2026-05-17T14:27:08.029569
92975946-e715-4e4b-bdeb-59502815e182,SEKAWAN LIMO 2: GUNUNG KLAWIH,21cineplex,,16SK2G,"Comedy, Horror",122 menit,13+,2D,2026-05-27,6dd3bc77-0f75-4af6-8baa-8a6e1b9d6524,2026-05-17T14:27:08.029632
92975946-e715-4e4b-bdeb-59502815e182,SUAMIKU LUKAKU,21cineplex,,16SLUU,Drama,92 menit,D17+,2D,2026-05-27,4be1d7be-94ff-4995-bfbb-25ff3379983f,2026-05-17T14:27:08.029706
3fd30513-28a1-4b96-abad-036ef8893825,TUMBAL PROYEK,21cineplex,,16TPRK,Horror,106 menit,D17+,2D,2026-05-17,8c59f185-ee76-491a-908a-7f512f4f8fce,2026-05-17T14:27:09.826400
3fd30513-28a1-4b96-abad-036ef8893825,SEMUA AKAN BAIK-BAIK SAJA,21cineplex,,16SABB,Drama,113 menit,13+,2D,2026-05-17,f7367037-bfd1-4948-98ce-51a3b247fa07,2026-05-17T14:27:09.826664
3fd30513-28a1-4b96-abad-036ef8893825,IN THE GREY,21cineplex,,26ITGY,"Action, Thriller",97 menit,13+,2D,2026-05-17,ff9f0f18-0fba-4889-a5e2-5f076b3bc511,2026-05-17T14:27:09.826936
3fd30513-28a1-4b96-abad-036ef8893825,GHOST IN THE CELL,21cineplex,,16GITC,"Comedy, Horror",106 menit,D17+,2D,2026-05-17,bfa86ecd-d1e8-4123-9aba-80057edb63b4,2026-05-17T14:27:09.827079
3fd30513-28a1-4b96-abad-036ef8893825,GOHAN,21cineplex,,26GOHN,Drama,140 menit,SU,2D,2026-05-17,7df41d5c-7a61-4860-9be1-4d907a076084,2026-05-17T14:27:09.827285
3fd30513-28a1-4b96-abad-036ef8893825,THE SHEEP DETECTIVES,21cineplex,,26SDES,"Comedy, Mystery",109 menit,SU,2D,2026-05-17,9541f7de-311e-4370-9db3-9773b56fc22c,2026-05-17T14:27:09.827407
3fd30513-28a1-4b96-abad-036ef8893825,YANG LAIN BOLEH HILANG ASAL KAU JANGAN,21cineplex,,16YLBH,Drama,113 menit,13+,2D,2026-05-17,28346013-4514-4a87-a018-6cef9dd3bf2e,2026-05-17T14:27:09.827548
3fd30513-28a1-4b96-abad-036ef8893825,KELUARGA SUAMI ADALAH HAMA,21cineplex,,16KSAH,Drama,117 menit,13+,2D,2026-05-21,d834a77f-b6b1-44cb-a0c3-f4e582ed6beb,2026-05-17T14:27:09.827668
94e9118a-4ea5-43f1-8a5b-a0849f585a91,SALMOKJI: WHISPERING WATER,21cineplex,,26SWWR,Horror,95 menit,D17+,2D,2026-05-17,ca3269a5-5dfd-4eea-aacd-9860cb3c2edc,2026-05-17T14:27:11.048553
94e9118a-4ea5-43f1-8a5b-a0849f585a91,THE SHEEP DETECTIVES,21cineplex,,26SDES,"Comedy, Mystery",109 menit,SU,2D,2026-05-17,d56678ff-dab3-4fdc-ac6d-f2b8ae604a9c,2026-05-17T14:27:11.048744
94e9118a-4ea5-43f1-8a5b-a0849f585a91,IN THE GREY,21cineplex,,26ITGY,"Action, Thriller",97 menit,13+,2D,2026-05-17,c6bbec2c-3e71-457e-800d-4f513e4be181,2026-05-17T14:27:11.048884
94e9118a-4ea5-43f1-8a5b-a0849f585a91,SEMUA AKAN BAIK-BAIK SAJA,21cineplex,,16SABB,Drama,113 menit,13+,2D,2026-05-17,54fb9c9e-efb8-4c73-a010-691710d1612e,2026-05-17T14:27:11.049042
94e9118a-4ea5-43f1-8a5b-a0849f585a91,FUZE,21cineplex,,26FUZE,"Action, Crime",96 menit,D17+,2D,2026-05-17,118c8836-7a07-43b6-a0c3-cc2b45dfef14,2026-05-17T14:27:11.049254
94e9118a-4ea5-43f1-8a5b-a0849f585a91,MORTAL KOMBAT II,21cineplex,,25MKT2,"Action, Adventure",116 menit,D17+,2D,2026-05-17,47027c61-5fe6-4c2a-8c43-3eb8ebd30eaa,2026-05-17T14:27:11.049335
94e9118a-4ea5-43f1-8a5b-a0849f585a91,GOHAN,21cineplex,,26GOHN,Drama,140 menit,SU,2D,2026-05-17,e208c3e5-c061-420b-9020-bdd17fc3c9e2,2026-05-17T14:27:11.049615
94e9118a-4ea5-43f1-8a5b-a0849f585a91,MICHAEL,21cineplex,,26MICL,Biography,127 menit,SU,2D,2026-05-17,06a8cdb2-a131-4686-96ef-68a345941d4d,2026-05-17T14:27:11.049764
94e9118a-4ea5-43f1-8a5b-a0849f585a91,STAR WARS: THE MANDALORIAN AND GROGU,21cineplex,,26SWMG,"Fantasy, Sci-Fi",132 menit,13+,2D,2026-05-20,b2812b54-5fc1-4554-9200-7d2a52089fb3,2026-05-17T14:27:11.049965
911f6e83-d5aa-4a83-9c9d-7d69ace71228,THE BELL: PANGGILAN UNTUK MATI,21cineplex,,16TBPU,Horror,91 menit,D17+,2D,2026-05-17,ae49e9b8-a937-4790-b707-f9c4182fb036,2026-05-17T14:27:14.041040
911f6e83-d5aa-4a83-9c9d-7d69ace71228,YANG LAIN BOLEH HILANG ASAL KAU JANGAN,21cineplex,,16YLBH,Drama,113 menit,13+,2D,2026-05-17,251fcc5f-4449-4e27-b92c-8803b32528b9,2026-05-17T14:27:14.041393
911f6e83-d5aa-4a83-9c9d-7d69ace71228,SEMUA AKAN BAIK-BAIK SAJA,21cineplex,,16SABB,Drama,113 menit,13+,2D,2026-05-17,78c4ad54-8dcc-4a29-a7dc-0bcff277b6fa,2026-05-17T14:27:14.042752
911f6e83-d5aa-4a83-9c9d-7d69ace71228,SALMOKJI: WHISPERING WATER,21cineplex,,26SWWR,Horror,95 menit,D17+,2D,2026-05-17,40d00807-45f1-46fd-9adf-27708135a5f8,2026-05-17T14:27:14.046780
911f6e83-d5aa-4a83-9c9d-7d69ace71228,TIBA TIBA SETAN,21cineplex,,16TTSN,"Comedy, Horror",113 menit,13+,2D,2026-05-17,9574c535-74fe-4ca2-a61f-4e5b6e6469c3,2026-05-17T14:27:14.047207
911f6e83-d5aa-4a83-9c9d-7d69ace71228,GHOST IN THE CELL,21cineplex,,16GITC,"Comedy, Horror",106 menit,D17+,2D,2026-05-17,ff53fd42-7e3c-44fd-9441-ef60f3d868f7,2026-05-17T14:27:14.047363
911f6e83-d5aa-4a83-9c9d-7d69ace71228,TUMBAL PROYEK,21cineplex,,16TPRK,Horror,106 menit,D17+,2D,2026-05-17,1142f4fa-8e93-4b69-a283-3e3ed97d34d1,2026-05-17T14:27:14.047552
911f6e83-d5aa-4a83-9c9d-7d69ace71228,"AYAH, INI ARAHNYA KEMANA, YA?",21cineplex,,16AIAK,Drama,103 menit,13+,2D,2026-05-17,99fa3fd3-7504-44d6-9b26-574b8b8824f8,2026-05-17T14:27:14.047702
911f6e83-d5aa-4a83-9c9d-7d69ace71228,KAMU HARUS MATI,21cineplex,,16KHMI,"Horror, Mystery, Thriller",90 menit,13+,2D,2026-05-21,a726a8f7-0f8b-46a9-a9eb-f70d52997ed8,2026-05-17T14:27:14.047896
911f6e83-d5aa-4a83-9c9d-7d69ace71228,GUDANG MERICA,21cineplex,,16GMEA,"Comedy, Horror",98 menit,D17+,2D,2026-05-21,e9030d5c-876b-42b4-a35c-2b95df411eb8,2026-05-17T14:27:14.048133
911f6e83-d5aa-4a83-9c9d-7d69ace71228,CHILDREN OF HEAVEN,21cineplex,,16COHN,"Drama, Family",97 menit,SU,2D,2026-05-27,195d01d8-873e-4d41-9812-feab5f35d7a7,2026-05-17T14:27:14.048285
911f6e83-d5aa-4a83-9c9d-7d69ace71228,SUAMIKU LUKAKU,21cineplex,,16SLUU,Drama,92 menit,D17+,2D,2026-05-27,6253d91b-9c31-41cf-9373-a173d4864641,2026-05-17T14:27:14.048421
4a16bb43-4235-4472-9445-19cb27af0175,SEMUA AKAN BAIK-BAIK SAJA,21cineplex,,16SABB,Drama,113 menit,13+,2D,2026-05-17,2013798f-6975-4225-afe9-7b81574b83dc,2026-05-17T14:27:15.739246
4a16bb43-4235-4472-9445-19cb27af0175,THE SHEEP DETECTIVES,21cineplex,,26SDES,"Comedy, Mystery",109 menit,SU,2D,2026-05-17,e8d99d0b-0015-4816-ab60-86e4b38100c4,2026-05-17T14:27:15.739495
4a16bb43-4235-4472-9445-19cb27af0175,DILAN ITB 1997,21cineplex,,16DI97,"Drama, Romance",110 menit,13+,2D,2026-05-17,c6e804fb-1161-413c-a7a1-c3dae20f8148,2026-05-17T14:27:15.739636
4a16bb43-4235-4472-9445-19cb27af0175,IN THE GREY,21cineplex,,26ITGY,"Action, Thriller",97 menit,13+,2D,2026-05-17,b8db9185-ebf5-4b34-aa0a-7c404439251f,2026-05-17T14:27:15.739813
4a16bb43-4235-4472-9445-19cb27af0175,GHOST IN THE CELL,21cineplex,,16GITC,"Comedy, Horror",106 menit,D17+,2D,2026-05-17,56a6a507-cf6c-4a8f-8806-0f7f701aad6a,2026-05-17T14:27:15.739934
4a16bb43-4235-4472-9445-19cb27af0175,GOHAN,21cineplex,,26GOHN,Drama,140 menit,SU,2D,2026-05-17,691ed029-8390-4050-b855-691ac0b95847,2026-05-17T14:27:15.740116
4a16bb43-4235-4472-9445-19cb27af0175,SALMOKJI: WHISPERING WATER,21cineplex,,26SWWR,Horror,95 menit,D17+,2D,2026-05-17,c2e35560-4c0d-4782-9cfd-41147c6d87ed,2026-05-17T14:27:15.740266
4a16bb43-4235-4472-9445-19cb27af0175,BADUT GENDONG,21cineplex,,16BGEG,"Action, Horror",101 menit,D17+,2D,2026-05-20,31bdc3a8-9f46-4b8d-bc7c-05203c077a29,2026-05-17T14:27:15.740409
4a16bb43-4235-4472-9445-19cb27af0175,STAR WARS: THE MANDALORIAN AND GROGU,21cineplex,,26SWMG,"Fantasy, Sci-Fi",132 menit,13+,2D,2026-05-20,7be167fc-bf78-490b-8bad-9ef57eb95de2,2026-05-17T14:27:15.740493
4a16bb43-4235-4472-9445-19cb27af0175,KELUARGA SUAMI ADALAH HAMA,21cineplex,,16KSAH,Drama,117 menit,13+,2D,2026-05-21,9cd35263-aaa2-43af-9ea4-4328ab379e14,2026-05-17T14:27:15.740642
4a16bb43-4235-4472-9445-19cb27af0175,MONSTER PABRIK RAMBUT,21cineplex,,16MPRT,"Fantasy, Horror",96 menit,D17+,2D,2026-05-23,2f55a9d2-1b58-4ee8-9274-f540a765fe25,2026-05-17T14:27:15.740942
4a16bb43-4235-4472-9445-19cb27af0175,CHILDREN OF HEAVEN,21cineplex,,16COHN,"Drama, Family",97 menit,SU,2D,2026-05-27,a8704d88-3c22-46c8-876a-38f9e78a71bc,2026-05-17T14:27:15.741107
4a16bb43-4235-4472-9445-19cb27af0175,SEKAWAN LIMO 2: GUNUNG KLAWIH,21cineplex,,16SK2G,"Comedy, Horror",122 menit,13+,2D,2026-05-27,c28c35e9-d140-4ea6-bc08-f1e6e6abde1a,2026-05-17T14:27:15.741286
bd91102a-0b3a-4079-8722-3663c5fd1481,GOHAN,21cineplex,,26GOHN,Drama,140 menit,SU,2D,2026-05-17,bf84b6e3-d02e-4852-80d6-498a997e17f1,2026-05-17T14:27:17.044655
bd91102a-0b3a-4079-8722-3663c5fd1481,TUMBAL PROYEK,21cineplex,,16TPRK,Horror,106 menit,D17+,2D,2026-05-17,9143f697-9e95-4ca3-af7e-e6418fef217c,2026-05-17T14:27:17.044747
bd91102a-0b3a-4079-8722-3663c5fd1481,SEMUA AKAN BAIK-BAIK SAJA,21cineplex,,16SABB,Drama,113 menit,13+,2D,2026-05-17,b0efa3c1-bd20-4e08-9966-5c0cb37438e2,2026-05-17T14:27:17.044806
bd91102a-0b3a-4079-8722-3663c5fd1481,THE BELL: PANGGILAN UNTUK MATI,21cineplex,,16TBPU,Horror,91 menit,D17+,2D,2026-05-17,d78c33ea-6959-4f67-85f9-e2633d951a9c,2026-05-17T14:27:17.044897
bd91102a-0b3a-4079-8722-3663c5fd1481,GHOST IN THE CELL,21cineplex,,16GITC,"Comedy, Horror",106 menit,D17+,2D,2026-05-17,32ccdad0-90af-49a2-b61b-3e1a46e3e75b,2026-05-17T14:27:17.044928
bd91102a-0b3a-4079-8722-3663c5fd1481,KELUARGA SUAMI ADALAH HAMA,21cineplex,,16KSAH,Drama,117 menit,13+,2D,2026-05-21,8a642858-7995-4754-9cc1-922db8c9966a,2026-05-17T14:27:17.044965
bd91102a-0b3a-4079-8722-3663c5fd1481,KAMU HARUS MATI,21cineplex,,16KHMI,"Horror, Mystery, Thriller",90 menit,13+,2D,2026-05-21,0e4a9c4f-a9bb-459b-85f0-07175d2cc3b2,2026-05-17T14:27:17.045033
08562e3a-65db-4459-873f-a25c3d170cb8,SEMUA AKAN BAIK-BAIK SAJA,21cineplex,,16SABB,Drama,113 menit,13+,2D,2026-05-17,cc99392c-ca7f-46bd-8314-4879b8fe101c,2026-05-17T14:27:18.844092
08562e3a-65db-4459-873f-a25c3d170cb8,IN THE GREY,21cineplex,,26ITGY,"Action, Thriller",97 menit,13+,2D,2026-05-17,67b1a622-d808-42bd-9a54-b5754d029650,2026-05-17T14:27:18.844385
08562e3a-65db-4459-873f-a25c3d170cb8,YANG LAIN BOLEH HILANG ASAL KAU JANGAN,21cineplex,,16YLBH,Drama,113 menit,13+,2D,2026-05-17,521ce309-5171-4ddb-a9db-7eff5aec7f62,2026-05-17T14:27:18.844488
08562e3a-65db-4459-873f-a25c3d170cb8,MORTAL KOMBAT II,21cineplex,,25MKT2,"Action, Adventure",116 menit,D17+,2D,2026-05-17,3dfed5cc-a2ad-4f5b-8c52-a7cb4cf26c59,2026-05-17T14:27:18.844625
08562e3a-65db-4459-873f-a25c3d170cb8,TUMBAL PROYEK,21cineplex,,16TPRK,Horror,106 menit,D17+,2D,2026-05-17,4f63be32-3def-4e72-ac22-f5b10104eb0b,2026-05-17T14:27:18.844801
08562e3a-65db-4459-873f-a25c3d170cb8,GOHAN,21cineplex,,26GOHN,Drama,140 menit,SU,2D,2026-05-17,61f82b65-48f8-48b7-9067-746c368af773,2026-05-17T14:27:18.844976
08562e3a-65db-4459-873f-a25c3d170cb8,KAMU HARUS MATI,21cineplex,,16KHMI,"Horror, Mystery, Thriller",90 menit,13+,2D,2026-05-21,75019d2b-eb42-4582-b5d3-7e6599dec158,2026-05-17T14:27:18.845132
08562e3a-65db-4459-873f-a25c3d170cb8,SEKAWAN LIMO 2: GUNUNG KLAWIH,21cineplex,,16SK2G,"Comedy, Horror",122 menit,13+,2D,2026-05-27,b723e5dd-1ae0-47a7-8eac-fff30bb0bdc6,2026-05-17T14:27:18.845332
6a825845-ef0c-469a-9b47-8cb455571529,SEMUA AKAN BAIK-BAIK SAJA,21cineplex,,16SABB,Drama,113 menit,13+,2D,2026-05-17,58ea7e6c-25fd-470a-ae82-6b130a8d51b4,2026-05-17T14:27:20.046847
6a825845-ef0c-469a-9b47-8cb455571529,GOHAN,21cineplex,,26GOHN,Drama,140 menit,SU,2D,2026-05-17,2a968df8-ff02-4e96-86ca-e5c45f4b30f0,2026-05-17T14:27:20.047123
6a825845-ef0c-469a-9b47-8cb455571529,TUMBAL PROYEK,21cineplex,,16TPRK,Horror,106 menit,D17+,2D,2026-05-17,eca49f4e-248d-43c5-b4ea-33462c90a58a,2026-05-17T14:27:20.047226
6a825845-ef0c-469a-9b47-8cb455571529,IN THE GREY,21cineplex,,26ITGY,"Action, Thriller",97 menit,13+,2D,2026-05-17,b9fed709-9e66-494a-9dc0-c36564186777,2026-05-17T14:27:20.047388
6a825845-ef0c-469a-9b47-8cb455571529,CHILDREN OF HEAVEN,21cineplex,,16COHN,"Drama, Family",97 menit,SU,2D,2026-05-27,3cf43747-7197-4c67-9c56-59537fe2413a,2026-05-17T14:27:20.047507
db9fb5e8-e8e9-4cb5-ba40-9b7b0ab33aa6,YANG LAIN BOLEH HILANG ASAL KAU JANGAN,21cineplex,,16YLBH,Drama,113 menit,13+,2D,2026-05-17,4ac64a62-21e0-4178-9d70-0d686815c12e,2026-05-17T14:27:21.800812
db9fb5e8-e8e9-4cb5-ba40-9b7b0ab33aa6,SEMUA AKAN BAIK-BAIK SAJA,21cineplex,,16SABB,Drama,113 menit,13+,2D,2026-05-17,926be2c7-916f-4955-bd8b-7557f6636173,2026-05-17T14:27:21.801159
db9fb5e8-e8e9-4cb5-ba40-9b7b0ab33aa6,GHOST IN THE CELL,21cineplex,,16GITC,"Comedy, Horror",106 menit,D17+,2D,2026-05-17,20914a67-fc2d-4ca1-9aba-e82425d71173,2026-05-17T14:27:21.801424
db9fb5e8-e8e9-4cb5-ba40-9b7b0ab33aa6,TUMBAL PROYEK,21cineplex,,16TPRK,Horror,106 menit,D17+,2D,2026-05-17,61a20b60-13e9-461f-9179-59ff21941894,2026-05-17T14:27:21.801662
db9fb5e8-e8e9-4cb5-ba40-9b7b0ab33aa6,KELUARGA SUAMI ADALAH HAMA,21cineplex,,16KSAH,Drama,117 menit,13+,2D,2026-05-21,0539c202-189b-4275-9607-23ca60d5c513,2026-05-17T14:27:21.801942
db9fb5e8-e8e9-4cb5-ba40-9b7b0ab33aa6,CHILDREN OF HEAVEN,21cineplex,,16COHN,"Drama, Family",97 menit,SU,2D,2026-05-27,af8316ae-e632-40a3-bd5a-77d6f831a3d0,2026-05-17T14:27:21.802083
db9fb5e8-e8e9-4cb5-ba40-9b7b0ab33aa6,SEKAWAN LIMO 2: GUNUNG KLAWIH,21cineplex,,16SK2G,"Comedy, Horror",122 menit,13+,2D,2026-05-27,ddd912da-48a8-4b6e-a106-869f084fef57,2026-05-17T14:27:21.802178
6619befd-7606-4512-84c1-fad7946d41cc,IN THE GREY,21cineplex,,26ITGY,"Action, Thriller",97 menit,13+,2D,2026-05-17,11945464-51c3-47bb-ad20-17b4501907ab,2026-05-17T14:27:23.074064
6619befd-7606-4512-84c1-fad7946d41cc,GOHAN,21cineplex,,26GOHN,Drama,140 menit,SU,2D,2026-05-17,f361deab-96ea-4218-b0da-f50c9f7a7a7b,2026-05-17T14:27:23.074128
6619befd-7606-4512-84c1-fad7946d41cc,MORTAL KOMBAT II,21cineplex,,25MKT2,"Action, Adventure",116 menit,D17+,2D,2026-05-17,ef775222-af34-45fe-aaf1-3707c93b2aa4,2026-05-17T14:27:23.074194
6619befd-7606-4512-84c1-fad7946d41cc,SEMUA AKAN BAIK-BAIK SAJA,21cineplex,,16SABB,Drama,113 menit,13+,2D,2026-05-17,4f183b96-da32-4594-8813-f7fbae01d8e5,2026-05-17T14:27:23.074248
6619befd-7606-4512-84c1-fad7946d41cc,TUMBAL PROYEK,21cineplex,,16TPRK,Horror,106 menit,D17+,2D,2026-05-17,bfc4ac28-dbfb-47ff-a69a-8b9bdc4928ee,2026-05-17T14:27:23.074330
6619befd-7606-4512-84c1-fad7946d41cc,STAR WARS: THE MANDALORIAN AND GROGU,21cineplex,,26SWMG,"Fantasy, Sci-Fi",132 menit,13+,2D,2026-05-20,bf1f4797-4093-4c70-9db5-fe2e7eaddb1f,2026-05-17T14:27:23.074416
6619befd-7606-4512-84c1-fad7946d41cc,KELUARGA SUAMI ADALAH HAMA,21cineplex,,16KSAH,Drama,117 menit,13+,2D,2026-05-21,de4321f9-7bc1-4270-af4f-2ec8f72c4217,2026-05-17T14:27:23.074475
6619befd-7606-4512-84c1-fad7946d41cc,KAMU HARUS MATI,21cineplex,,16KHMI,"Horror, Mystery, Thriller",90 menit,13+,2D,2026-05-21,6dffe376-39d3-41cd-a3bd-d429b68cfc05,2026-05-17T14:27:23.074555
6619befd-7606-4512-84c1-fad7946d41cc,SEKAWAN LIMO 2: GUNUNG KLAWIH,21cineplex,,16SK2G,"Comedy, Horror",122 menit,13+,2D,2026-05-27,e1bdce10-feba-4e3e-84ad-685802cf2092,2026-05-17T14:27:23.074648
c64f7c7a-62c5-42d3-ba53-dddd3e1e6b6f,GOHAN,21cineplex,,26GOHN,Drama,140 menit,SU,2D,2026-05-17,f3654d8a-913e-464c-9dac-14c5115648cd,2026-05-17T14:27:24.551249
c64f7c7a-62c5-42d3-ba53-dddd3e1e6b6f,GHOST IN THE CELL,21cineplex,,16GITC,"Comedy, Horror",106 menit,D17+,2D,2026-05-17,bd86a583-6f8b-4753-b402-203caa1a9dad,2026-05-17T14:27:24.551532
c64f7c7a-62c5-42d3-ba53-dddd3e1e6b6f,SALMOKJI: WHISPERING WATER,21cineplex,,26SWWR,Horror,95 menit,D17+,2D,2026-05-17,3e26b284-f2b7-4e85-a953-8f4942019f10,2026-05-17T14:27:24.551752
c64f7c7a-62c5-42d3-ba53-dddd3e1e6b6f,SEMUA AKAN BAIK-BAIK SAJA,21cineplex,,16SABB,Drama,113 menit,13+,2D,2026-05-17,2ca6c798-e29d-4664-bccb-353f8184539b,2026-05-17T14:27:24.551940
c64f7c7a-62c5-42d3-ba53-dddd3e1e6b6f,YANG LAIN BOLEH HILANG ASAL KAU JANGAN,21cineplex,,16YLBH,Drama,113 menit,13+,2D,2026-05-17,dfa459a0-70c7-4fcb-aaa6-589fe85322f5,2026-05-17T14:27:24.552161
c64f7c7a-62c5-42d3-ba53-dddd3e1e6b6f,STAR WARS: THE MANDALORIAN AND GROGU,21cineplex,,26SWMG,"Fantasy, Sci-Fi",132 menit,13+,2D,2026-05-20,0c54f038-66c6-4f1f-8999-9c8457c787b0,2026-05-17T14:27:24.552329
c64f7c7a-62c5-42d3-ba53-dddd3e1e6b6f,KELUARGA SUAMI ADALAH HAMA,21cineplex,,16KSAH,Drama,117 menit,13+,2D,2026-05-21,99dc9b96-9dcb-4c5f-b7a7-4d2d6d4df9ff,2026-05-17T14:27:24.552459
c64f7c7a-62c5-42d3-ba53-dddd3e1e6b6f,CHILDREN OF HEAVEN,21cineplex,,16COHN,"Drama, Family",97 menit,SU,2D,2026-05-27,c315f416-ee6f-4a7f-b7d3-f9a050a0c280,2026-05-17T14:27:24.552622
c64f7c7a-62c5-42d3-ba53-dddd3e1e6b6f,SEKAWAN LIMO 2: GUNUNG KLAWIH,21cineplex,,16SK2G,"Comedy, Horror",122 menit,13+,2D,2026-05-27,a940e1d4-3d04-406d-9e31-5846821401d4,2026-05-17T14:27:24.552770
72d9d99c-e3db-4c4f-a5ea-57a50014cfa8,GHOST IN THE CELL,21cineplex,,16GITC,"Comedy, Horror",106 menit,D17+,2D,2026-05-17,5a869e77-89b2-4ba4-b550-6b7ff8f9b78c,2026-05-17T14:27:26.185245
72d9d99c-e3db-4c4f-a5ea-57a50014cfa8,SEMUA AKAN BAIK-BAIK SAJA,21cineplex,,16SABB,Drama,113 menit,13+,2D,2026-05-17,14a0f2f3-81db-45c7-92f8-11bcffb8f217,2026-05-17T14:27:26.185520
72d9d99c-e3db-4c4f-a5ea-57a50014cfa8,TUMBAL PROYEK,21cineplex,,16TPRK,Horror,106 menit,D17+,2D,2026-05-17,522c9d04-2e3d-428a-90c2-ecf0b3b104b7,2026-05-17T14:27:26.185773
72d9d99c-e3db-4c4f-a5ea-57a50014cfa8,YANG LAIN BOLEH HILANG ASAL KAU JANGAN,21cineplex,,16YLBH,Drama,113 menit,13+,2D,2026-05-17,776b1ce3-f873-4804-8fa3-163f0a6ba6b7,2026-05-17T14:27:26.185930
72d9d99c-e3db-4c4f-a5ea-57a50014cfa8,GOHAN,21cineplex,,26GOHN,Drama,140 menit,SU,2D,2026-05-17,cc281b48-5de9-4f32-8f7e-90f4696395d5,2026-05-17T14:27:26.185993
72d9d99c-e3db-4c4f-a5ea-57a50014cfa8,KAMU HARUS MATI,21cineplex,,16KHMI,"Horror, Mystery, Thriller",90 menit,13+,2D,2026-05-21,fa33a183-bd2a-4880-9f8e-68bc5a605f64,2026-05-17T14:27:26.186045
72d9d99c-e3db-4c4f-a5ea-57a50014cfa8,SUAMIKU LUKAKU,21cineplex,,16SLUU,Drama,92 menit,D17+,2D,2026-05-27,cc760048-3b8f-4806-b3d0-26f481d7b2aa,2026-05-17T14:27:26.186125
893b03ff-78f1-42b2-ab9c-120137e042da,YANG LAIN BOLEH HILANG ASAL KAU JANGAN,21cineplex,,16YLBH,Drama,113 menit,13+,2D,2026-05-17,049297b2-7051-417e-8fe4-9762ad9fa2dd,2026-05-17T14:27:27.759067
893b03ff-78f1-42b2-ab9c-120137e042da,TUMBAL PROYEK,21cineplex,,16TPRK,Horror,106 menit,D17+,2D,2026-05-17,c2b82e5a-1eb3-4c49-9573-91d2c609b258,2026-05-17T14:27:27.759221
893b03ff-78f1-42b2-ab9c-120137e042da,IN THE GREY,21cineplex,,26ITGY,"Action, Thriller",97 menit,13+,2D,2026-05-17,2ac67c1e-280a-4853-be37-a5802022f755,2026-05-17T14:27:27.759336
893b03ff-78f1-42b2-ab9c-120137e042da,GHOST IN THE CELL,21cineplex,,16GITC,"Comedy, Horror",106 menit,D17+,2D,2026-05-17,e69ce532-df28-4f01-a97a-e9789bb542ec,2026-05-17T14:27:27.759405
893b03ff-78f1-42b2-ab9c-120137e042da,THE BELL: PANGGILAN UNTUK MATI,21cineplex,,16TBPU,Horror,91 menit,D17+,2D,2026-05-17,8c708eba-7d66-40d9-bc1c-a68a15a603a6,2026-05-17T14:27:27.759479
893b03ff-78f1-42b2-ab9c-120137e042da,SEMUA AKAN BAIK-BAIK SAJA,21cineplex,,16SABB,Drama,113 menit,13+,2D,2026-05-17,5d0d3e29-1367-4456-902b-d2667193cb6c,2026-05-17T14:27:27.759582
893b03ff-78f1-42b2-ab9c-120137e042da,SUAMIKU LUKAKU,21cineplex,,16SLUU,Drama,92 menit,D17+,2D,2026-05-27,19683860-63d6-4554-be99-4ce48eea03cf,2026-05-17T14:27:27.759741
893b03ff-78f1-42b2-ab9c-120137e042da,CHILDREN OF HEAVEN,21cineplex,,16COHN,"Drama, Family",97 menit,SU,2D,2026-05-27,0540dff0-9cd6-4110-9852-115a8332ace6,2026-05-17T14:27:27.759933
a6675a07-7084-49d1-bf87-658f161b0ea7,IN THE GREY,21cineplex,,26ITGY,"Action, Thriller",97 menit,13+,2D,2026-05-17,ada77920-2c6a-403f-8ab6-fce2d540f097,2026-05-17T14:27:29.071388
a6675a07-7084-49d1-bf87-658f161b0ea7,GOHAN,21cineplex,,26GOHN,Drama,140 menit,SU,2D,2026-05-17,e0c6915d-5458-431d-bd08-fedaf3a174be,2026-05-17T14:27:29.071523
a6675a07-7084-49d1-bf87-658f161b0ea7,MORTAL KOMBAT II,21cineplex,,25MKT2,"Action, Adventure",116 menit,D17+,2D,2026-05-17,00227169-9760-4974-8f29-475b1b3250ae,2026-05-17T14:27:29.071672
a6675a07-7084-49d1-bf87-658f161b0ea7,GHOST IN THE CELL,21cineplex,,16GITC,"Comedy, Horror",106 menit,D17+,2D,2026-05-17,8cfbe96d-818b-4f1e-aaad-7140b5b76aaa,2026-05-17T14:27:29.071753
a6675a07-7084-49d1-bf87-658f161b0ea7,STAR WARS: THE MANDALORIAN AND GROGU,21cineplex,,26SWMG,"Fantasy, Sci-Fi",132 menit,13+,2D,2026-05-20,5cfc2459-735b-44ed-9780-ab4254bb8181,2026-05-17T14:27:29.072345
bcf0bd99-03bb-4c1c-aa4c-c161ff38f681,FUZE,21cineplex,,26FUZE,"Action, Crime",96 menit,D17+,2D,2026-05-17,3800916e-aabc-41df-9fdd-0bc737c56efe,2026-05-17T14:27:30.813284
bcf0bd99-03bb-4c1c-aa4c-c161ff38f681,IN THE GREY,21cineplex,,26ITGY,"Action, Thriller",97 menit,13+,2D,2026-05-17,228a6df9-1187-4538-84d9-bb20b3fc55f7,2026-05-17T14:27:30.813451
bcf0bd99-03bb-4c1c-aa4c-c161ff38f681,MORTAL KOMBAT II,21cineplex,,25MKT2,"Action, Adventure",116 menit,D17+,2D,2026-05-17,fe2ac89d-7071-4c01-af0d-b739073f4c6a,2026-05-17T14:27:30.813627
bcf0bd99-03bb-4c1c-aa4c-c161ff38f681,MICHAEL,21cineplex,,26MICL,Biography,127 menit,SU,2D,2026-05-17,96b145be-dbce-46fe-9353-6c720eefec84,2026-05-17T14:27:30.814307
bcf0bd99-03bb-4c1c-aa4c-c161ff38f681,GOHAN,21cineplex,,26GOHN,Drama,140 menit,SU,2D,2026-05-17,9c5a94d6-6656-4f0a-a3b7-13c4282ee793,2026-05-17T14:27:30.814422
bcf0bd99-03bb-4c1c-aa4c-c161ff38f681,THE SHEEP DETECTIVES,21cineplex,,26SDES,"Comedy, Mystery",109 menit,SU,2D,2026-05-17,0d0456d8-0b30-41b2-bdf2-06503d20d7e8,2026-05-17T14:27:30.815333
bcf0bd99-03bb-4c1c-aa4c-c161ff38f681,STAR WARS: THE MANDALORIAN AND GROGU,21cineplex,,26SWMG,"Fantasy, Sci-Fi",132 menit,13+,2D,2026-05-20,327761f4-9920-4814-be4e-1507eea91352,2026-05-17T14:27:30.815753
0e12a498-9fdf-48bd-b5df-9550059992d2,MORTAL KOMBAT II,21cineplex,,25MKT2,"Action, Adventure",116 menit,D17+,2D,2026-05-17,6abccb64-ebd5-41aa-8e28-f277603f3b5f,2026-05-17T14:27:33.750251
0e12a498-9fdf-48bd-b5df-9550059992d2,SEMUA AKAN BAIK-BAIK SAJA,21cineplex,,16SABB,Drama,113 menit,13+,2D,2026-05-17,0550aba6-0f32-4cf3-91e0-b842e355f668,2026-05-17T14:27:33.750398
01128f1d-22ea-41a8-9a60-771f34b53d83,SEMUA AKAN BAIK-BAIK SAJA,21cineplex,,16SABB,Drama,113 menit,13+,2D,2026-05-17,91c85cea-bfdf-4476-ad8d-9450dbb569e5,2026-05-17T14:27:35.097360
01128f1d-22ea-41a8-9a60-771f34b53d83,GHOST IN THE CELL,21cineplex,,16GITC,"Comedy, Horror",106 menit,D17+,2D,2026-05-17,4c38218a-6f96-4e6b-9025-5daf5cb8ec55,2026-05-17T14:27:35.098270
01128f1d-22ea-41a8-9a60-771f34b53d83,IN THE GREY,21cineplex,,26ITGY,"Action, Thriller",97 menit,13+,2D,2026-05-17,048faeda-0464-4123-9c18-e6a8b440df07,2026-05-17T14:27:35.098341
01128f1d-22ea-41a8-9a60-771f34b53d83,THE DEVIL WEARS PRADA 2,21cineplex,,26DWP2,"Comedy, Drama",119 menit,13+,2D,2026-05-17,a8ceb7ab-59b7-445c-a0ba-511adef2ab0e,2026-05-17T14:27:35.098418
01128f1d-22ea-41a8-9a60-771f34b53d83,GOHAN,21cineplex,,26GOHN,Drama,140 menit,SU,2D,2026-05-17,5fa82e39-62fb-4fa6-b0bd-867f3fb02a98,2026-05-17T14:27:35.099860
01128f1d-22ea-41a8-9a60-771f34b53d83,STAR WARS: THE MANDALORIAN AND GROGU,21cineplex,,26SWMG,"Fantasy, Sci-Fi",132 menit,13+,2D,2026-05-20,e4e2d11d-58e3-409e-8774-9671f0276e9f,2026-05-17T14:27:35.100409
01128f1d-22ea-41a8-9a60-771f34b53d83,KELUARGA SUAMI ADALAH HAMA,21cineplex,,16KSAH,Drama,117 menit,13+,2D,2026-05-21,8c0eed21-5dfd-4aeb-a6b5-feb258bfb150,2026-05-17T14:27:35.100682
01128f1d-22ea-41a8-9a60-771f34b53d83,SEKAWAN LIMO 2: GUNUNG KLAWIH,21cineplex,,16SK2G,"Comedy, Horror",122 menit,13+,2D,2026-05-27,a6c62229-f7f6-45ee-899b-c41e61b2f985,2026-05-17T14:27:35.100857
884f6e88-e336-48ef-9355-982c66f10647,TUMBAL PROYEK,21cineplex,,16TPRK,Horror,106 menit,D17+,2D,2026-05-17,aac0ad0b-4711-4989-be9c-adbce518edc1,2026-05-17T14:27:39.945581
884f6e88-e336-48ef-9355-982c66f10647,TOP GUN: MAVERICK (RE-RELEASE),21cineplex,,26TGMK,Action,130 menit,SU,2D,2026-05-17,dc386526-f93d-4f50-a87b-255a89a370d8,2026-05-17T14:27:39.945677
884f6e88-e336-48ef-9355-982c66f10647,TOP GUN (RE-RELEASE),21cineplex,,26TGUN,Action,109 menit,D17+,2D,2026-05-17,33d33346-b6f8-4972-889a-a952c51ca8f8,2026-05-17T14:27:39.945705
884f6e88-e336-48ef-9355-982c66f10647,SEMUA AKAN BAIK-BAIK SAJA,21cineplex,,16SABB,Drama,113 menit,13+,2D,2026-05-17,44b42b2a-5773-4cd2-bd59-754229f52b2f,2026-05-17T14:27:39.945733
884f6e88-e336-48ef-9355-982c66f10647,GHOST IN THE CELL,21cineplex,,16GITC,"Comedy, Horror",106 menit,D17+,2D,2026-05-17,4f4b2883-ae49-4bbe-abde-81f5653e1440,2026-05-17T14:27:39.945825
884f6e88-e336-48ef-9355-982c66f10647,GOHAN,21cineplex,,26GOHN,Drama,140 menit,SU,2D,2026-05-17,b63f0590-d75e-4f7d-b39a-2b5ea6c550e5,2026-05-17T14:27:39.945885
884f6e88-e336-48ef-9355-982c66f10647,IN THE GREY,21cineplex,,26ITGY,"Action, Thriller",97 menit,13+,2D,2026-05-17,beb88ed6-11ca-4afd-97b4-af0ec3b07024,2026-05-17T14:27:39.946311
884f6e88-e336-48ef-9355-982c66f10647,MORTAL KOMBAT II,21cineplex,,25MKT2,"Action, Adventure",116 menit,D17+,2D,2026-05-17,2d213ce2-79c5-40c7-bcfa-375dbbea91be,2026-05-17T14:27:39.946358
884f6e88-e336-48ef-9355-982c66f10647,YANG LAIN BOLEH HILANG ASAL KAU JANGAN,21cineplex,,16YLBH,Drama,113 menit,13+,2D,2026-05-17,8a253ba4-d2dc-4379-a393-a485ab36bd7b,2026-05-17T14:27:39.946405
884f6e88-e336-48ef-9355-982c66f10647,KELUARGA SUAMI ADALAH HAMA,21cineplex,,16KSAH,Drama,117 menit,13+,2D,2026-05-21,f3880ef4-92b6-417b-ab3a-208aec90b5bc,2026-05-17T14:27:39.946453
884f6e88-e336-48ef-9355-982c66f10647,CHILDREN OF HEAVEN,21cineplex,,16COHN,"Drama, Family",97 menit,SU,2D,2026-05-27,534b2342-9bd5-4c16-8b04-44a4e712ada7,2026-05-17T14:27:39.946521
884f6e88-e336-48ef-9355-982c66f10647,SEKAWAN LIMO 2: GUNUNG KLAWIH,21cineplex,,16SK2G,"Comedy, Horror",122 menit,13+,2D,2026-05-27,e55686ae-4f93-4202-ba02-dcf750a37929,2026-05-17T14:27:39.946588
a6c6bdd7-a9dc-4b21-bfa4-3d8703697e3b,GOHAN,21cineplex,,26GOHN,Drama,140 menit,SU,2D,2026-05-17,09f106c9-c380-490f-ab9e-f8456060733a,2026-05-17T14:27:41.096109
a6c6bdd7-a9dc-4b21-bfa4-3d8703697e3b,TUMBAL PROYEK,21cineplex,,16TPRK,Horror,106 menit,D17+,2D,2026-05-17,48fdd41c-cf56-4354-b7d4-f2565d24d7e8,2026-05-17T14:27:41.096304
a6c6bdd7-a9dc-4b21-bfa4-3d8703697e3b,GHOST IN THE CELL,21cineplex,,16GITC,"Comedy, Horror",106 menit,D17+,2D,2026-05-17,2d216b91-ff24-40c2-8d5e-1f90d0de09b3,2026-05-17T14:27:41.096525
a6c6bdd7-a9dc-4b21-bfa4-3d8703697e3b,SEMUA AKAN BAIK-BAIK SAJA,21cineplex,,16SABB,Drama,113 menit,13+,2D,2026-05-17,2d7c3b6e-881c-49ea-a148-de100219badc,2026-05-17T14:27:41.096583
a6c6bdd7-a9dc-4b21-bfa4-3d8703697e3b,MORTAL KOMBAT II,21cineplex,,25MKT2,"Action, Adventure",116 menit,D17+,2D,2026-05-17,ac5f7ce8-4f99-48e8-831d-2fe2d48f1889,2026-05-17T14:27:41.096682
a6c6bdd7-a9dc-4b21-bfa4-3d8703697e3b,STAR WARS: THE MANDALORIAN AND GROGU,21cineplex,,26SWMG,"Fantasy, Sci-Fi",132 menit,13+,2D,2026-05-20,54786aec-df32-4143-90fb-c6bfa1fd779a,2026-05-17T14:27:41.096759
a6c6bdd7-a9dc-4b21-bfa4-3d8703697e3b,KELUARGA SUAMI ADALAH HAMA,21cineplex,,16KSAH,Drama,117 menit,13+,2D,2026-05-21,96884ecd-b966-49f8-93eb-38e36c348cb3,2026-05-17T14:27:41.096813
a6c6bdd7-a9dc-4b21-bfa4-3d8703697e3b,SEKAWAN LIMO 2: GUNUNG KLAWIH,21cineplex,,16SK2G,"Comedy, Horror",122 menit,13+,2D,2026-05-27,e6bd9c27-d4bb-4e56-a779-689f8592cc21,2026-05-17T14:27:41.096883
a462f920-968c-4233-a692-77ff1fa82b77,CHILDREN OF HEAVEN,21cineplex,,16COHN,"Drama, Family",97 menit,SU,2D,2026-05-17,5b1a9623-e9c5-4dad-8d87-4af04937b51d,2026-05-17T14:27:43.023588
a462f920-968c-4233-a692-77ff1fa82b77,GOHAN,21cineplex,,26GOHN,Drama,140 menit,SU,2D,2026-05-17,09a95548-1f10-447a-adcd-923157267122,2026-05-17T14:27:43.023654
a462f920-968c-4233-a692-77ff1fa82b77,GHOST IN THE CELL,21cineplex,,16GITC,"Comedy, Horror",106 menit,D17+,2D,2026-05-17,95ebad62-6c97-4bd1-8f07-c16635340585,2026-05-17T14:27:43.023713
a462f920-968c-4233-a692-77ff1fa82b77,TUMBAL PROYEK,21cineplex,,16TPRK,Horror,106 menit,D17+,2D,2026-05-17,3c3a62bc-66fb-4267-a00d-d4ef07a77543,2026-05-17T14:27:43.023770
a462f920-968c-4233-a692-77ff1fa82b77,SEMUA AKAN BAIK-BAIK SAJA,21cineplex,,16SABB,Drama,113 menit,13+,2D,2026-05-17,265b7606-e593-49bb-82a0-8ae07281c5dc,2026-05-17T14:27:43.023807
a462f920-968c-4233-a692-77ff1fa82b77,CROCODILE TEARS,21cineplex,,16CTES,Drama,98 menit,D17+,2D,2026-05-17,a739acc7-222f-42e4-84ac-8c345723cc56,2026-05-17T14:27:43.023885
a462f920-968c-4233-a692-77ff1fa82b77,SALMOKJI: WHISPERING WATER,21cineplex,,26SWWR,Horror,95 menit,D17+,2D,2026-05-17,9e60dcc3-b8f8-44b6-92cb-4a4af13abe4f,2026-05-17T14:27:43.023925
a462f920-968c-4233-a692-77ff1fa82b77,YANG LAIN BOLEH HILANG ASAL KAU JANGAN,21cineplex,,16YLBH,Drama,113 menit,13+,2D,2026-05-17,d325a276-39a8-4fb1-851b-03ab88a5f1bd,2026-05-17T14:27:43.023969
a462f920-968c-4233-a692-77ff1fa82b77,STAR WARS: THE MANDALORIAN AND GROGU,21cineplex,,26SWMG,"Fantasy, Sci-Fi",132 menit,13+,2D,2026-05-20,de8afae7-d177-43d1-8bed-309203b574a4,2026-05-17T14:27:43.024033
a462f920-968c-4233-a692-77ff1fa82b77,KELUARGA SUAMI ADALAH HAMA,21cineplex,,16KSAH,Drama,117 menit,13+,2D,2026-05-21,cfb5c5bb-da58-4e4f-a85d-ba92388b5d0f,2026-05-17T14:27:43.024084
a462f920-968c-4233-a692-77ff1fa82b77,SUAMIKU LUKAKU,21cineplex,,16SLUU,Drama,92 menit,D17+,2D,2026-05-27,4f8bab91-78a3-4938-b782-67a8626d969e,2026-05-17T14:27:43.024147
a462f920-968c-4233-a692-77ff1fa82b77,CHILDREN OF HEAVEN,21cineplex,,16COHN,"Drama, Family",97 menit,SU,2D,2026-05-27,7f84b9b4-2051-4c0e-8a2f-6ac489bcbf4d,2026-05-17T14:27:43.024208
a462f920-968c-4233-a692-77ff1fa82b77,SEKAWAN LIMO 2: GUNUNG KLAWIH,21cineplex,,16SK2G,"Comedy, Horror",122 menit,13+,2D,2026-05-27,e76c88e3-8d53-406d-b82d-7064ca0883a2,2026-05-17T14:27:43.024275
149e5ed0-fe57-4ad5-b0a4-63f2f2a1f960,IN THE GREY,21cineplex,,26ITGY,"Action, Thriller",97 menit,13+,2D,2026-05-17,30e49eb8-e22d-454f-b0b0-529d1ece9573,2026-05-17T14:27:44.079289
149e5ed0-fe57-4ad5-b0a4-63f2f2a1f960,YANG LAIN BOLEH HILANG ASAL KAU JANGAN,21cineplex,,16YLBH,Drama,113 menit,13+,2D,2026-05-17,4ea6cf1d-4c96-45ca-8269-ea2491e3ccc3,2026-05-17T14:27:44.079364
149e5ed0-fe57-4ad5-b0a4-63f2f2a1f960,GHOST IN THE CELL,21cineplex,,16GITC,"Comedy, Horror",106 menit,D17+,2D,2026-05-17,a24bf3b7-addc-4750-8a16-45c86d6aed02,2026-05-17T14:27:44.079491
149e5ed0-fe57-4ad5-b0a4-63f2f2a1f960,GOHAN,21cineplex,,26GOHN,Drama,140 menit,SU,2D,2026-05-17,c967edeb-7f66-47b1-9168-539b3eb3f302,2026-05-17T14:27:44.079605
149e5ed0-fe57-4ad5-b0a4-63f2f2a1f960,TUMBAL PROYEK,21cineplex,,16TPRK,Horror,106 menit,D17+,2D,2026-05-17,9ca9905f-ea1b-434f-8e4e-5d785a0c5d85,2026-05-17T14:27:44.079637
149e5ed0-fe57-4ad5-b0a4-63f2f2a1f960,SEMUA AKAN BAIK-BAIK SAJA,21cineplex,,16SABB,Drama,113 menit,13+,2D,2026-05-17,97a5d4d7-5cf3-4e76-8179-01215102597b,2026-05-17T14:27:44.079791
149e5ed0-fe57-4ad5-b0a4-63f2f2a1f960,KELUARGA SUAMI ADALAH HAMA,21cineplex,,16KSAH,Drama,117 menit,13+,2D,2026-05-21,b7040c99-57a1-4fd2-b8a6-09bd78ede0bf,2026-05-17T14:27:44.079874
149e5ed0-fe57-4ad5-b0a4-63f2f2a1f960,SEKAWAN LIMO 2: GUNUNG KLAWIH,21cineplex,,16SK2G,"Comedy, Horror",122 menit,13+,2D,2026-05-27,e3dc9e21-6191-4a89-8bee-95964c14e81c,2026-05-17T14:27:44.079937
242cc0c8-cef6-43bc-8982-cbd13a9224f5,SALMOKJI: WHISPERING WATER,21cineplex,,26SWWR,Horror,95 menit,D17+,2D,2026-05-17,7cac2aee-91bb-4dc4-a39c-ca48dff85427,2026-05-17T14:27:45.828573
242cc0c8-cef6-43bc-8982-cbd13a9224f5,MICHAEL,21cineplex,,26MICL,Biography,127 menit,SU,2D,2026-05-17,f33a893b-d0ee-48ac-9ce4-d0c9d86b1a37,2026-05-17T14:27:45.828678
242cc0c8-cef6-43bc-8982-cbd13a9224f5,SEMUA AKAN BAIK-BAIK SAJA,21cineplex,,16SABB,Drama,113 menit,13+,2D,2026-05-17,e1efcbb5-35bc-40e2-9832-9d850438e263,2026-05-17T14:27:45.828775
242cc0c8-cef6-43bc-8982-cbd13a9224f5,MORTAL KOMBAT II,21cineplex,,25MKT2,"Action, Adventure",116 menit,D17+,2D,2026-05-17,0f5d7f55-daf7-4de6-ae9d-c04226cb00f7,2026-05-17T14:27:45.828904
242cc0c8-cef6-43bc-8982-cbd13a9224f5,GOHAN,21cineplex,,26GOHN,Drama,140 menit,SU,2D,2026-05-17,1f6d0bda-2219-46a4-a1b2-a7df1c46f9af,2026-05-17T14:27:45.828977
242cc0c8-cef6-43bc-8982-cbd13a9224f5,TUMBAL PROYEK,21cineplex,,16TPRK,Horror,106 menit,D17+,2D,2026-05-17,bb5d1c75-8a4f-4002-87a3-e15d2caeb3cb,2026-05-17T14:27:45.829061
242cc0c8-cef6-43bc-8982-cbd13a9224f5,PATI PATNI AUR WOH DO,21cineplex,,26PPAW,"Comedy, Romance",115 menit,D17+,2D,2026-05-17,d53ab36f-d047-4254-8a9d-d5e820564096,2026-05-17T14:27:45.829151
242cc0c8-cef6-43bc-8982-cbd13a9224f5,IN THE GREY,21cineplex,,26ITGY,"Action, Thriller",97 menit,13+,2D,2026-05-17,f107336f-d4f6-46d7-9701-e1e87694f5d2,2026-05-17T14:27:45.829219
242cc0c8-cef6-43bc-8982-cbd13a9224f5,FUZE,21cineplex,,26FUZE,"Action, Crime",96 menit,D17+,2D,2026-05-17,6dec3bc5-87f1-49e0-8bfb-796f93bd9d0f,2026-05-17T14:27:45.829309
242cc0c8-cef6-43bc-8982-cbd13a9224f5,THE DEVIL WEARS PRADA 2,21cineplex,,26DWP2,"Comedy, Drama",119 menit,13+,2D,2026-05-17,2c7afc8d-282e-4178-9d36-a04b5f717739,2026-05-17T14:27:45.829397
242cc0c8-cef6-43bc-8982-cbd13a9224f5,THE SHEEP DETECTIVES,21cineplex,,26SDES,"Comedy, Mystery",109 menit,SU,2D,2026-05-17,d8b34d0b-c3e8-4e6f-b268-51dc0ead5251,2026-05-17T14:27:45.829485
242cc0c8-cef6-43bc-8982-cbd13a9224f5,GHOST IN THE CELL,21cineplex,,16GITC,"Comedy, Horror",106 menit,D17+,2D,2026-05-17,8e1e465b-2eeb-4e3e-858d-71b9c189834a,2026-05-17T14:27:45.829568
242cc0c8-cef6-43bc-8982-cbd13a9224f5,STAR WARS: THE MANDALORIAN AND GROGU,21cineplex,,26SWMG,"Fantasy, Sci-Fi",132 menit,13+,2D,2026-05-20,382c1b94-6c04-4469-94ee-659b6404b50c,2026-05-17T14:27:45.829660
242cc0c8-cef6-43bc-8982-cbd13a9224f5,KELUARGA SUAMI ADALAH HAMA,21cineplex,,16KSAH,Drama,117 menit,13+,2D,2026-05-21,fa812e2d-b0e1-48c5-bb5b-1549aa547e10,2026-05-17T14:27:45.829753
242cc0c8-cef6-43bc-8982-cbd13a9224f5,KAMU HARUS MATI,21cineplex,,16KHMI,"Horror, Mystery, Thriller",90 menit,13+,2D,2026-05-21,783103f3-12ac-48d6-a27e-c9d10f5a06c1,2026-05-17T14:27:45.829855
242cc0c8-cef6-43bc-8982-cbd13a9224f5,SEKAWAN LIMO 2: GUNUNG KLAWIH,21cineplex,,16SK2G,"Comedy, Horror",122 menit,13+,2D,2026-05-27,2625b4da-050f-4246-bd09-b8cb80b13eb0,2026-05-17T14:27:45.829964
e148cd48-4c70-42ae-80bd-e26288924a8f,IN THE GREY,21cineplex,,26ITGY,"Action, Thriller",97 menit,13+,2D,2026-05-17,ccd5f58b-e4fc-46e7-846e-959f88f69d8d,2026-05-17T14:27:50.092080
e148cd48-4c70-42ae-80bd-e26288924a8f,MICHAEL,21cineplex,,26MICL,Biography,127 menit,SU,2D,2026-05-17,5c9d5932-a2f7-4169-a284-7ee9538ead89,2026-05-17T14:27:50.092187
e148cd48-4c70-42ae-80bd-e26288924a8f,THE SHEEP DETECTIVES,21cineplex,,26SDES,"Comedy, Mystery",109 menit,SU,2D,2026-05-17,fe2049d3-2f79-4e70-ab4f-4fc980bdad60,2026-05-17T14:27:50.092274
e148cd48-4c70-42ae-80bd-e26288924a8f,THE DEVIL WEARS PRADA 2,21cineplex,,26DWP2,"Comedy, Drama",119 menit,13+,2D,2026-05-17,55c780cd-eb23-4277-a9f7-24f1a97ba654,2026-05-17T14:27:50.092318
e148cd48-4c70-42ae-80bd-e26288924a8f,TUMBAL PROYEK,21cineplex,,16TPRK,Horror,106 menit,D17+,2D,2026-05-17,14be7bb6-e3d2-4cb2-9238-53aca3d63a09,2026-05-17T14:27:50.092375
e148cd48-4c70-42ae-80bd-e26288924a8f,SALMOKJI: WHISPERING WATER,21cineplex,,26SWWR,Horror,95 menit,D17+,2D,2026-05-17,a84bf986-ebda-493e-99bc-27bd407e78e7,2026-05-17T14:27:50.092423
e148cd48-4c70-42ae-80bd-e26288924a8f,GOHAN,21cineplex,,26GOHN,Drama,140 menit,SU,2D,2026-05-17,2373f167-f481-4386-ba45-926df6b66a63,2026-05-17T14:27:50.092489
e148cd48-4c70-42ae-80bd-e26288924a8f,SEMUA AKAN BAIK-BAIK SAJA,21cineplex,,16SABB,Drama,113 menit,13+,2D,2026-05-17,884bbd57-6928-42d7-9f95-f851756c2d51,2026-05-17T14:27:50.092544
e148cd48-4c70-42ae-80bd-e26288924a8f,STAR WARS: THE MANDALORIAN AND GROGU,21cineplex,,26SWMG,"Fantasy, Sci-Fi",132 menit,13+,2D,2026-05-20,b3e17b15-2059-41e3-89ba-71ec9549ee9e,2026-05-17T14:27:50.092633
e148cd48-4c70-42ae-80bd-e26288924a8f,SEKAWAN LIMO 2: GUNUNG KLAWIH,21cineplex,,16SK2G,"Comedy, Horror",122 menit,13+,2D,2026-05-27,56eecc18-1a1d-4de7-bf1d-606a2fd1019c,2026-05-17T14:27:50.092994
9011f2af-481b-41c9-a8ed-1604980e25cd,DILAN ITB 1997,21cineplex,,16DI97,"Drama, Romance",110 menit,13+,2D,2026-05-17,4e51ea3b-8794-4bca-8616-a723a9e76b9b,2026-05-17T14:27:53.115313
9011f2af-481b-41c9-a8ed-1604980e25cd,GHOST IN THE CELL,21cineplex,,16GITC,"Comedy, Horror",106 menit,D17+,2D,2026-05-17,cad515d3-0806-458c-8149-a63362513d0f,2026-05-17T14:27:53.115429
9011f2af-481b-41c9-a8ed-1604980e25cd,MORTAL KOMBAT II,21cineplex,,25MKT2,"Action, Adventure",116 menit,D17+,2D,2026-05-17,e6d37595-8379-4dc0-a432-a5e5f39052a5,2026-05-17T14:27:53.115486
9011f2af-481b-41c9-a8ed-1604980e25cd,THE DEVIL WEARS PRADA 2,21cineplex,,26DWP2,"Comedy, Drama",119 menit,13+,2D,2026-05-17,371157f7-82cc-466b-b2dc-13ab352279a6,2026-05-17T14:27:53.115546
9011f2af-481b-41c9-a8ed-1604980e25cd,SEMUA AKAN BAIK-BAIK SAJA,21cineplex,,16SABB,Drama,113 menit,13+,2D,2026-05-17,67c2e6f1-a95b-430d-9292-cb483cf7b0c8,2026-05-17T14:27:53.115591
9011f2af-481b-41c9-a8ed-1604980e25cd,TUMBAL PROYEK,21cineplex,,16TPRK,Horror,106 menit,D17+,2D,2026-05-17,6b4396a3-14f5-4109-8ae1-06e504a25031,2026-05-17T14:27:53.115666
9011f2af-481b-41c9-a8ed-1604980e25cd,IN THE GREY,21cineplex,,26ITGY,"Action, Thriller",97 menit,13+,2D,2026-05-17,36c11b40-dae4-4c8a-b1be-1be0316b4f8b,2026-05-17T14:27:53.115728
9011f2af-481b-41c9-a8ed-1604980e25cd,GOHAN,21cineplex,,26GOHN,Drama,140 menit,SU,2D,2026-05-17,6e82bf6d-2110-4d8c-80be-83bf69b8a7aa,2026-05-17T14:27:53.115760
9011f2af-481b-41c9-a8ed-1604980e25cd,STAR WARS: THE MANDALORIAN AND GROGU,21cineplex,,26SWMG,"Fantasy, Sci-Fi",132 menit,13+,2D,2026-05-20,ec6e0717-f914-47fc-a23a-22b866f93d78,2026-05-17T14:27:53.115816
9011f2af-481b-41c9-a8ed-1604980e25cd,KELUARGA SUAMI ADALAH HAMA,21cineplex,,16KSAH,Drama,117 menit,13+,2D,2026-05-21,ca22d163-3ac5-42a1-b089-a2e980a8a249,2026-05-17T14:27:53.115870
9011f2af-481b-41c9-a8ed-1604980e25cd,KAMU HARUS MATI,21cineplex,,16KHMI,"Horror, Mystery, Thriller",90 menit,13+,2D,2026-05-21,840a0bc6-c838-421c-8179-06eddb93f722,2026-05-17T14:27:53.115933
9011f2af-481b-41c9-a8ed-1604980e25cd,CHILDREN OF HEAVEN,21cineplex,,16COHN,"Drama, Family",97 menit,SU,2D,2026-05-27,4bf3acf9-f50d-41c6-bf87-98fe4116adbe,2026-05-17T14:27:53.116002
9011f2af-481b-41c9-a8ed-1604980e25cd,SEKAWAN LIMO 2: GUNUNG KLAWIH,21cineplex,,16SK2G,"Comedy, Horror",122 menit,13+,2D,2026-05-27,252b7aa8-a6ec-462f-867e-452d355f8059,2026-05-17T14:27:53.116067
9f7fb3db-3613-4cc8-8742-cdbf01a095e4,YANG LAIN BOLEH HILANG ASAL KAU JANGAN,21cineplex,,16YLBH,Drama,113 menit,13+,2D,2026-05-17,cada5c44-95ba-461f-be96-fe546031610f,2026-05-17T14:27:56.095436
9f7fb3db-3613-4cc8-8742-cdbf01a095e4,SEMUA AKAN BAIK-BAIK SAJA,21cineplex,,16SABB,Drama,113 menit,13+,2D,2026-05-17,26d06a50-a30c-4f78-a4bd-a3d69c6ff967,2026-05-17T14:27:56.095647
9f7fb3db-3613-4cc8-8742-cdbf01a095e4,DILAN ITB 1997,21cineplex,,16DI97,"Drama, Romance",110 menit,13+,2D,2026-05-17,fa2d6d09-5821-4622-8c67-3dc6f9db566c,2026-05-17T14:27:56.095849
9f7fb3db-3613-4cc8-8742-cdbf01a095e4,TUMBAL PROYEK,21cineplex,,16TPRK,Horror,106 menit,D17+,2D,2026-05-17,4cb88e6a-a33f-432c-93e4-cb131335cee6,2026-05-17T14:27:56.095966
9f7fb3db-3613-4cc8-8742-cdbf01a095e4,GHOST IN THE CELL,21cineplex,,16GITC,"Comedy, Horror",106 menit,D17+,2D,2026-05-17,5d7c00d3-8314-4550-9ba8-8ddb88c93b52,2026-05-17T14:27:56.096077
9f7fb3db-3613-4cc8-8742-cdbf01a095e4,SUAMIKU LUKAKU,21cineplex,,16SLUU,Drama,92 menit,D17+,2D,2026-05-27,679d4213-34cc-4803-bb3d-ab8547a01413,2026-05-17T14:27:56.096236
9f7fb3db-3613-4cc8-8742-cdbf01a095e4,CHILDREN OF HEAVEN,21cineplex,,16COHN,"Drama, Family",97 menit,SU,2D,2026-05-27,c145131c-dd4a-4f87-81a8-afc117dc0eed,2026-05-17T14:27:56.096370
13cb4626-71b6-45fe-be23-3e0b03cfb4b2,IN THE GREY,21cineplex,,26ITGY,"Action, Thriller",97 menit,13+,2D,2026-05-17,76dcad89-80fd-4fe4-b57e-e6dcd05e96f9,2026-05-17T14:27:57.803733
13cb4626-71b6-45fe-be23-3e0b03cfb4b2,DILAN ITB 1997,21cineplex,,16DI97,"Drama, Romance",110 menit,13+,2D,2026-05-17,ab5b119c-1639-4f87-b951-d468cffe1498,2026-05-17T14:27:57.803827
13cb4626-71b6-45fe-be23-3e0b03cfb4b2,GHOST IN THE CELL,21cineplex,,16GITC,"Comedy, Horror",106 menit,D17+,2D,2026-05-17,0ba289b4-0480-4ee3-a9da-c53088076f26,2026-05-17T14:27:57.803908
13cb4626-71b6-45fe-be23-3e0b03cfb4b2,SALMOKJI: WHISPERING WATER,21cineplex,,26SWWR,Horror,95 menit,D17+,2D,2026-05-17,10be2bfd-b48c-429b-9eb5-6a5854c56b37,2026-05-17T14:27:57.803980
13cb4626-71b6-45fe-be23-3e0b03cfb4b2,MORTAL KOMBAT II,21cineplex,,25MKT2,"Action, Adventure",116 menit,D17+,2D,2026-05-17,e14bf6f5-12d6-4281-99aa-7f9858e6642d,2026-05-17T14:27:57.804058
13cb4626-71b6-45fe-be23-3e0b03cfb4b2,SEMUA AKAN BAIK-BAIK SAJA,21cineplex,,16SABB,Drama,113 menit,13+,2D,2026-05-17,2103007d-edf4-407e-82ba-3fb34547525d,2026-05-17T14:27:57.804130
13cb4626-71b6-45fe-be23-3e0b03cfb4b2,GOHAN,21cineplex,,26GOHN,Drama,140 menit,SU,2D,2026-05-17,3cb91cb8-7d3e-423c-9cec-411666e81841,2026-05-17T14:27:57.804250
13cb4626-71b6-45fe-be23-3e0b03cfb4b2,KELUARGA SUAMI ADALAH HAMA,21cineplex,,16KSAH,Drama,117 menit,13+,2D,2026-05-21,f763240b-aa51-4df2-8786-4a53468f1a2f,2026-05-17T14:27:57.804335
13cb4626-71b6-45fe-be23-3e0b03cfb4b2,SEKAWAN LIMO 2: GUNUNG KLAWIH,21cineplex,,16SK2G,"Comedy, Horror",122 menit,13+,2D,2026-05-27,f7535cb7-9044-4b4f-b4f4-08cf0db89485,2026-05-17T14:27:57.804442
5aee9f4f-84ed-4275-ba2d-e6cc68ce8760,THE DEVIL WEARS PRADA 2,21cineplex,,26DWP2,"Comedy, Drama",119 menit,13+,2D,2026-05-17,01af6f2b-c356-468c-8d21-fd0589a88f78,2026-05-17T14:27:59.129062
5aee9f4f-84ed-4275-ba2d-e6cc68ce8760,THE SHEEP DETECTIVES,21cineplex,,26SDES,"Comedy, Mystery",109 menit,SU,2D,2026-05-17,8ea495e0-7615-4858-a9c1-6674c8be5c9d,2026-05-17T14:27:59.129144
5aee9f4f-84ed-4275-ba2d-e6cc68ce8760,MICHAEL,21cineplex,,26MICL,Biography,127 menit,SU,2D,2026-05-17,020493bf-ea51-4b25-843a-4614766c06e6,2026-05-17T14:27:59.129180
5aee9f4f-84ed-4275-ba2d-e6cc68ce8760,GHOST IN THE CELL,21cineplex,,16GITC,"Comedy, Horror",106 menit,D17+,2D,2026-05-17,2e704eae-e1d5-426b-a98e-5e866c972e2b,2026-05-17T14:27:59.129222
5aee9f4f-84ed-4275-ba2d-e6cc68ce8760,GOHAN,21cineplex,,26GOHN,Drama,140 menit,SU,2D,2026-05-17,c7ab71e5-573d-4ff2-9e11-4aaeee50df26,2026-05-17T14:27:59.129282
5aee9f4f-84ed-4275-ba2d-e6cc68ce8760,SALMOKJI: WHISPERING WATER,21cineplex,,26SWWR,Horror,95 menit,D17+,2D,2026-05-17,94f43c1f-ce4f-4c7c-a9aa-b8ad4571bcd2,2026-05-17T14:27:59.129329
5aee9f4f-84ed-4275-ba2d-e6cc68ce8760,MORTAL KOMBAT II,21cineplex,,25MKT2,"Action, Adventure",116 menit,D17+,2D,2026-05-17,31388827-5c62-4bc3-b638-7ff569710cfa,2026-05-17T14:27:59.129379
5aee9f4f-84ed-4275-ba2d-e6cc68ce8760,SEMUA AKAN BAIK-BAIK SAJA,21cineplex,,16SABB,Drama,113 menit,13+,2D,2026-05-17,9a23968c-7a0e-4bb1-a517-924ac7f4fe2b,2026-05-17T14:27:59.129438
5aee9f4f-84ed-4275-ba2d-e6cc68ce8760,IN THE GREY,21cineplex,,26ITGY,"Action, Thriller",97 menit,13+,2D,2026-05-17,6effac38-05ad-40a7-b5f0-83802a43b3e2,2026-05-17T14:27:59.129515
5aee9f4f-84ed-4275-ba2d-e6cc68ce8760,STAR WARS: THE MANDALORIAN AND GROGU,21cineplex,,26SWMG,"Fantasy, Sci-Fi",132 menit,13+,2D,2026-05-20,46fdab16-9e6a-4a8c-b6b3-764cf4e9c411,2026-05-17T14:27:59.129567
5aee9f4f-84ed-4275-ba2d-e6cc68ce8760,KELUARGA SUAMI ADALAH HAMA,21cineplex,,16KSAH,Drama,117 menit,13+,2D,2026-05-21,c7c69bda-f331-4a60-ac3e-5fcb137595c7,2026-05-17T14:27:59.129613
5aee9f4f-84ed-4275-ba2d-e6cc68ce8760,SEKAWAN LIMO 2: GUNUNG KLAWIH,21cineplex,,16SK2G,"Comedy, Horror",122 menit,13+,2D,2026-05-27,44f861e5-c39c-46f3-8276-73eb1b171253,2026-05-17T14:27:59.129673
f31c640f-4521-4479-aede-e355d97143c3,GOHAN,21cineplex,,26GOHN,Drama,140 menit,SU,2D,2026-05-17,c5ef5f75-72e6-4181-9a68-7c282e9b5876,2026-05-17T14:28:02.168179
f31c640f-4521-4479-aede-e355d97143c3,TUMBAL PROYEK,21cineplex,,16TPRK,Horror,106 menit,D17+,2D,2026-05-17,4dc75662-8bf6-44e9-8d94-60d75d132ae4,2026-05-17T14:28:02.168326
f31c640f-4521-4479-aede-e355d97143c3,THE SHEEP DETECTIVES,21cineplex,,26SDES,"Comedy, Mystery",109 menit,SU,2D,2026-05-17,dacddb2d-ba16-4b25-8cb6-aae855cbf3fe,2026-05-17T14:28:02.168430
f31c640f-4521-4479-aede-e355d97143c3,IN THE GREY,21cineplex,,26ITGY,"Action, Thriller",97 menit,13+,2D,2026-05-17,016ffc75-0651-44b7-9395-bac5802fb1df,2026-05-17T14:28:02.168556
f31c640f-4521-4479-aede-e355d97143c3,TOP GUN (RE-RELEASE),21cineplex,,26TGUN,Action,109 menit,D17+,2D,2026-05-17,35a8e0a8-d868-460c-aa84-7820c4c12dcb,2026-05-17T14:28:02.168723
f31c640f-4521-4479-aede-e355d97143c3,SALMOKJI: WHISPERING WATER,21cineplex,,26SWWR,Horror,95 menit,D17+,2D,2026-05-17,6ff6ba89-176b-45a4-9869-714a776a5bae,2026-05-17T14:28:02.168795
f31c640f-4521-4479-aede-e355d97143c3,MICHAEL,21cineplex,,26MICL,Biography,127 menit,SU,2D,2026-05-17,37b9a8bc-5985-410b-872d-7edf8ab1187f,2026-05-17T14:28:02.168934
f31c640f-4521-4479-aede-e355d97143c3,THE DEVIL WEARS PRADA 2,21cineplex,,26DWP2,"Comedy, Drama",119 menit,13+,2D,2026-05-17,ae104201-a988-4d49-ad8a-e802075c399c,2026-05-17T14:28:02.169087
f31c640f-4521-4479-aede-e355d97143c3,LEE CRONIN'S THE MUMMY,21cineplex,,26LCTM,Horror,134 menit,D17+,2D,2026-05-17,aa8c3bcd-3f32-44db-8c1f-5f98144b96ac,2026-05-17T14:28:02.169255
f31c640f-4521-4479-aede-e355d97143c3,STAR WARS: THE MANDALORIAN AND GROGU,21cineplex,,26SWMG,"Fantasy, Sci-Fi",132 menit,13+,2D,2026-05-20,92d80ae4-a988-4a69-b8c7-7d751a2b540e,2026-05-17T14:28:02.169429
c28749dc-cb1a-43a4-822e-e7f64e03a679,YANG LAIN BOLEH HILANG ASAL KAU JANGAN,21cineplex,,16YLBH,Drama,113 menit,13+,2D,2026-05-17,f8b678e6-a84f-4bee-a668-05d9463777bf,2026-05-17T14:28:05.251772
c28749dc-cb1a-43a4-822e-e7f64e03a679,TUMBAL PROYEK,21cineplex,,16TPRK,Horror,106 menit,D17+,2D,2026-05-17,a32e72de-969b-4f26-8c01-63d6bfead00f,2026-05-17T14:28:05.251948
c28749dc-cb1a-43a4-822e-e7f64e03a679,GOHAN,21cineplex,,26GOHN,Drama,140 menit,SU,2D,2026-05-17,aa59b70b-31d3-4d77-a5e1-dae2e761a7df,2026-05-17T14:28:05.252064
c28749dc-cb1a-43a4-822e-e7f64e03a679,IN THE GREY,21cineplex,,26ITGY,"Action, Thriller",97 menit,13+,2D,2026-05-17,e9fbb506-eb36-4b18-b753-f1b1caec98c8,2026-05-17T14:28:05.252139
c28749dc-cb1a-43a4-822e-e7f64e03a679,SEMUA AKAN BAIK-BAIK SAJA,21cineplex,,16SABB,Drama,113 menit,13+,2D,2026-05-17,8446a413-00f1-4b4c-98ef-727dcc9079ec,2026-05-17T14:28:05.252200
c28749dc-cb1a-43a4-822e-e7f64e03a679,GHOST IN THE CELL,21cineplex,,16GITC,"Comedy, Horror",106 menit,D17+,2D,2026-05-17,e817085a-ef8a-4370-906a-5059d0de9dc5,2026-05-17T14:28:05.252355
77c51c5b-b8f2-4054-90e7-9b4f6da75f2b,GOHAN,21cineplex,,26GOHN,Drama,140 menit,SU,2D,2026-05-17,5cab7613-3ec3-4fcb-a309-9f8c3ed368ab,2026-05-17T14:28:06.771093
77c51c5b-b8f2-4054-90e7-9b4f6da75f2b,IN THE GREY,21cineplex,,26ITGY,"Action, Thriller",97 menit,13+,2D,2026-05-17,edb4793a-7ccd-4b05-b43d-33e1df4116c5,2026-05-17T14:28:06.771165
77c51c5b-b8f2-4054-90e7-9b4f6da75f2b,TUMBAL PROYEK,21cineplex,,16TPRK,Horror,106 menit,D17+,2D,2026-05-17,417db20f-8f57-4214-8da7-ad93627fbecb,2026-05-17T14:28:06.771215
77c51c5b-b8f2-4054-90e7-9b4f6da75f2b,YANG LAIN BOLEH HILANG ASAL KAU JANGAN,21cineplex,,16YLBH,Drama,113 menit,13+,2D,2026-05-17,f62fb841-348f-48f9-aa23-1c52717cc81b,2026-05-17T14:28:06.771279
77c51c5b-b8f2-4054-90e7-9b4f6da75f2b,THE BELL: PANGGILAN UNTUK MATI,21cineplex,,16TBPU,Horror,91 menit,D17+,2D,2026-05-17,cddefc7b-62e6-45cc-8bee-234ed2682a53,2026-05-17T14:28:06.771359
77c51c5b-b8f2-4054-90e7-9b4f6da75f2b,SEMUA AKAN BAIK-BAIK SAJA,21cineplex,,16SABB,Drama,113 menit,13+,2D,2026-05-17,2318af61-65c4-48ba-8f2e-391f0893333e,2026-05-17T14:28:06.771434
77c51c5b-b8f2-4054-90e7-9b4f6da75f2b,KELUARGA SUAMI ADALAH HAMA,21cineplex,,16KSAH,Drama,117 menit,13+,2D,2026-05-21,4d82748d-7ec0-4288-8f50-6e0a5524aad5,2026-05-17T14:28:06.771511
77c51c5b-b8f2-4054-90e7-9b4f6da75f2b,KAMU HARUS MATI,21cineplex,,16KHMI,"Horror, Mystery, Thriller",90 menit,13+,2D,2026-05-21,1c3c226e-6187-4b29-ad40-9bbc5d6bc405,2026-05-17T14:28:06.771586
77c51c5b-b8f2-4054-90e7-9b4f6da75f2b,SEKAWAN LIMO 2: GUNUNG KLAWIH,21cineplex,,16SK2G,"Comedy, Horror",122 menit,13+,2D,2026-05-27,c8fa1546-866f-4651-8396-136afe9c82ef,2026-05-17T14:28:06.771665
77c51c5b-b8f2-4054-90e7-9b4f6da75f2b,SUAMIKU LUKAKU,21cineplex,,16SLUU,Drama,92 menit,D17+,2D,2026-05-27,83bd3e4e-3439-4cc3-8041-bef0f89bc4ab,2026-05-17T14:28:06.771726
77c51c5b-b8f2-4054-90e7-9b4f6da75f2b,CHILDREN OF HEAVEN,21cineplex,,16COHN,"Drama, Family",97 menit,SU,2D,2026-05-27,7dba3051-b62b-41ea-9c6f-0a94a230b63e,2026-05-17T14:28:06.771791
5a36cf7f-e3e1-484b-8b82-a17a161fc75b,SALMOKJI: WHISPERING WATER,21cineplex,,26SWWR,Horror,95 menit,D17+,2D,2026-05-17,978b3949-b1fc-45f3-acdf-cb174743409d,2026-05-17T14:28:08.228906
5a36cf7f-e3e1-484b-8b82-a17a161fc75b,MORTAL KOMBAT II,21cineplex,,25MKT2,"Action, Adventure",116 menit,D17+,2D,2026-05-17,ca53e1b1-99ca-4fb6-8cc1-a88394ba70e4,2026-05-17T14:28:08.229043
5a36cf7f-e3e1-484b-8b82-a17a161fc75b,SEMUA AKAN BAIK-BAIK SAJA,21cineplex,,16SABB,Drama,113 menit,13+,2D,2026-05-17,c0bb7fbe-8265-4f12-8774-0d51e39b9a0b,2026-05-17T14:28:08.229182
5a36cf7f-e3e1-484b-8b82-a17a161fc75b,IN THE GREY,21cineplex,,26ITGY,"Action, Thriller",97 menit,13+,2D,2026-05-17,f3943f47-984c-4ee4-85e2-14acc39e8717,2026-05-17T14:28:08.229318
5a36cf7f-e3e1-484b-8b82-a17a161fc75b,MICHAEL,21cineplex,,26MICL,Biography,127 menit,SU,2D,2026-05-17,2a124f8e-ee87-45f3-b6b7-4cc08917c3b9,2026-05-17T14:28:08.229471
5a36cf7f-e3e1-484b-8b82-a17a161fc75b,GHOST IN THE CELL,21cineplex,,16GITC,"Comedy, Horror",106 menit,D17+,2D,2026-05-17,f75212d7-4f2e-4beb-a516-19eed6053771,2026-05-17T14:28:08.229620
5a36cf7f-e3e1-484b-8b82-a17a161fc75b,GOHAN,21cineplex,,26GOHN,Drama,140 menit,SU,2D,2026-05-17,91774ac5-f5d2-4e9b-a5c8-1a7069765262,2026-05-17T14:28:08.229716
5a36cf7f-e3e1-484b-8b82-a17a161fc75b,STAR WARS: THE MANDALORIAN AND GROGU,21cineplex,,26SWMG,"Fantasy, Sci-Fi",132 menit,13+,2D,2026-05-20,df3ac2df-afe3-4cf4-ac02-9b9d132e5c80,2026-05-17T14:28:08.229821
e83bd607-9767-4866-ac1b-b02e7e38528c,GOHAN,21cineplex,,26GOHN,Drama,140 menit,SU,2D,2026-05-17,a885b78b-ff31-443e-bbb9-c4788c343363,2026-05-17T14:28:11.243188
e83bd607-9767-4866-ac1b-b02e7e38528c,TUMBAL PROYEK,21cineplex,,16TPRK,Horror,106 menit,D17+,2D,2026-05-17,93fca837-0244-4fa8-92cb-c1a6a452ada8,2026-05-17T14:28:11.243345
e83bd607-9767-4866-ac1b-b02e7e38528c,MICHAEL,21cineplex,,26MICL,Biography,127 menit,SU,2D,2026-05-17,60e37672-d716-4fb5-a8ee-b60b876d5b4f,2026-05-17T14:28:11.243471
e83bd607-9767-4866-ac1b-b02e7e38528c,SEMUA AKAN BAIK-BAIK SAJA,21cineplex,,16SABB,Drama,113 menit,13+,2D,2026-05-17,4c64d25f-d569-4f32-8c42-a2ee5bd6b39d,2026-05-17T14:28:11.243603
e83bd607-9767-4866-ac1b-b02e7e38528c,GHOST IN THE CELL,21cineplex,,16GITC,"Comedy, Horror",106 menit,D17+,2D,2026-05-17,7fbca1c5-00e7-4b92-9305-d9b696c598e9,2026-05-17T14:28:11.244003
e83bd607-9767-4866-ac1b-b02e7e38528c,IN THE GREY,21cineplex,,26ITGY,"Action, Thriller",97 menit,13+,2D,2026-05-17,a646e104-239e-4065-9fe0-4514a9e58d1a,2026-05-17T14:28:11.244124
e83bd607-9767-4866-ac1b-b02e7e38528c,THE DEVIL WEARS PRADA 2,21cineplex,,26DWP2,"Comedy, Drama",119 menit,13+,2D,2026-05-17,4591230e-c9b7-410c-82f4-99873374cea5,2026-05-17T14:28:11.244368
e83bd607-9767-4866-ac1b-b02e7e38528c,STAR WARS: THE MANDALORIAN AND GROGU,21cineplex,,26SWMG,"Fantasy, Sci-Fi",132 menit,13+,2D,2026-05-20,58ca97d0-0f8f-4235-b8b6-a89369fc8f06,2026-05-17T14:28:11.244662
e83bd607-9767-4866-ac1b-b02e7e38528c,KELUARGA SUAMI ADALAH HAMA,21cineplex,,16KSAH,Drama,117 menit,13+,2D,2026-05-21,5ebd8fbb-d9c9-4e57-a512-6c8c049225b9,2026-05-17T14:28:11.244906
2a9e9f12-6050-4ee3-b790-6dc151e2d2b7,IN THE GREY,21cineplex,,26ITGY,"Action, Thriller",97 menit,13+,2D,2026-05-17,76a09a58-9d51-40b9-89c6-8241d8435628,2026-05-17T14:28:14.181509
2a9e9f12-6050-4ee3-b790-6dc151e2d2b7,GOHAN,21cineplex,,26GOHN,Drama,140 menit,SU,2D,2026-05-17,7ffdf201-ceeb-42f1-8c6a-8c3d57a222f6,2026-05-17T14:28:14.181710
2a9e9f12-6050-4ee3-b790-6dc151e2d2b7,YANG LAIN BOLEH HILANG ASAL KAU JANGAN,21cineplex,,16YLBH,Drama,113 menit,13+,2D,2026-05-17,d8715b67-8be4-457d-9f77-f55545165473,2026-05-17T14:28:14.181829
2a9e9f12-6050-4ee3-b790-6dc151e2d2b7,SEMUA AKAN BAIK-BAIK SAJA,21cineplex,,16SABB,Drama,113 menit,13+,2D,2026-05-17,3987b56d-c8c3-455b-b3f2-403c15f397c5,2026-05-17T14:28:14.181966
2a9e9f12-6050-4ee3-b790-6dc151e2d2b7,TUMBAL PROYEK,21cineplex,,16TPRK,Horror,106 menit,D17+,2D,2026-05-17,9bdb9ff8-bac9-41d0-ab56-71679a29786a,2026-05-17T14:28:14.182137
2a9e9f12-6050-4ee3-b790-6dc151e2d2b7,GHOST IN THE CELL,21cineplex,,16GITC,"Comedy, Horror",106 menit,D17+,2D,2026-05-17,a6ad9082-b023-45e7-96af-b2e11c379c9c,2026-05-17T14:28:14.182263
2a9e9f12-6050-4ee3-b790-6dc151e2d2b7,KAMU HARUS MATI,21cineplex,,16KHMI,"Horror, Mystery, Thriller",90 menit,13+,2D,2026-05-21,b7651d29-3ea5-4dff-90f3-fe4e17caa86f,2026-05-17T14:28:14.182390
2a9e9f12-6050-4ee3-b790-6dc151e2d2b7,SEKAWAN LIMO 2: GUNUNG KLAWIH,21cineplex,,16SK2G,"Comedy, Horror",122 menit,13+,2D,2026-05-27,55b27815-fe3c-46c8-a0b2-df29ae1e46f2,2026-05-17T14:28:14.182564
e2772186-0285-4da2-bb92-349f858c5c28,THE DEVIL WEARS PRADA 2,21cineplex,,26DWP2,"Comedy, Drama",119 menit,13+,2D,2026-05-17,f3293f7c-fd42-48b3-ba1c-233666e40de4,2026-05-17T14:28:15.890602
e2772186-0285-4da2-bb92-349f858c5c28,GOHAN,21cineplex,,26GOHN,Drama,140 menit,SU,2D,2026-05-17,e380b1e7-b02e-4916-b2c4-e21909e8439c,2026-05-17T14:28:15.890825
e2772186-0285-4da2-bb92-349f858c5c28,IN THE GREY,21cineplex,,26ITGY,"Action, Thriller",97 menit,13+,2D,2026-05-17,00623435-6bd4-4aa3-b17a-4d9ed2ad79c2,2026-05-17T14:28:15.890964
e2772186-0285-4da2-bb92-349f858c5c28,MICHAEL,21cineplex,,26MICL,Biography,127 menit,SU,2D,2026-05-17,f4a7d577-6cfd-40cf-9754-4ef8d644a78f,2026-05-17T14:28:15.891057
e2772186-0285-4da2-bb92-349f858c5c28,SEMUA AKAN BAIK-BAIK SAJA,21cineplex,,16SABB,Drama,113 menit,13+,2D,2026-05-17,bec92454-11b2-4d0a-b9e4-260dda19d7e9,2026-05-17T14:28:15.891145
dd5c8355-1ce0-47c6-b2d2-0711aa24f211,PROJECT HAIL MARY,21cineplex,,26PHMY,Sci-Fi,157 menit,13+,2D,2026-05-17,1af83977-d273-439a-8db3-04ebcb0a5526,2026-05-17T14:28:18.988284
dd5c8355-1ce0-47c6-b2d2-0711aa24f211,GOHAN,21cineplex,,26GOHN,Drama,140 menit,SU,2D,2026-05-17,0c9d274d-9bf2-4165-8db7-2fa92cec12b9,2026-05-17T14:28:18.988452
dd5c8355-1ce0-47c6-b2d2-0711aa24f211,MICHAEL,21cineplex,,26MICL,Biography,127 menit,SU,2D,2026-05-17,380f232a-2191-486e-8222-2764f76ff89b,2026-05-17T14:28:18.988566
dd5c8355-1ce0-47c6-b2d2-0711aa24f211,IN THE GREY,21cineplex,,26ITGY,"Action, Thriller",97 menit,13+,2D,2026-05-17,60c4c7f7-954e-487e-8dc0-ae7e8296a9c4,2026-05-17T14:28:18.988679
dd5c8355-1ce0-47c6-b2d2-0711aa24f211,THE SHEEP DETECTIVES,21cineplex,,26SDES,"Comedy, Mystery",109 menit,SU,2D,2026-05-17,8b665e65-d17e-4efa-a8cf-e4b98cd01449,2026-05-17T14:28:18.988747
dd5c8355-1ce0-47c6-b2d2-0711aa24f211,GHOST IN THE CELL,21cineplex,,16GITC,"Comedy, Horror",106 menit,D17+,2D,2026-05-17,01521239-cdfa-41e2-b12a-e3692bf3f811,2026-05-17T14:28:18.988874
dd5c8355-1ce0-47c6-b2d2-0711aa24f211,TOP GUN: MAVERICK (RE-RELEASE),21cineplex,,26TGMK,Action,130 menit,SU,2D,2026-05-17,a15f1aab-8ec6-4b5b-84ac-e19e9d716858,2026-05-17T14:28:18.988955
dd5c8355-1ce0-47c6-b2d2-0711aa24f211,FUZE,21cineplex,,26FUZE,"Action, Crime",96 menit,D17+,2D,2026-05-17,0e05398b-7bb3-4438-aaa7-bf21e8b6ae77,2026-05-17T14:28:18.988999
dd5c8355-1ce0-47c6-b2d2-0711aa24f211,PATI PATNI AUR WOH DO,21cineplex,,26PPAW,"Comedy, Romance",115 menit,D17+,2D,2026-05-17,0d6d1e8d-43e2-4bb2-b91b-c76941f75ec7,2026-05-17T14:28:18.989057
dd5c8355-1ce0-47c6-b2d2-0711aa24f211,SEMUA AKAN BAIK-BAIK SAJA,21cineplex,,16SABB,Drama,113 menit,13+,2D,2026-05-17,6e78c02f-8054-4e07-ac83-2f0daa064f8e,2026-05-17T14:28:18.989144
dd5c8355-1ce0-47c6-b2d2-0711aa24f211,MORTAL KOMBAT II,21cineplex,,25MKT2,"Action, Adventure",116 menit,D17+,2D,2026-05-17,79d6a10f-0414-439f-ba7d-dc7709f7346e,2026-05-17T14:28:18.989346
dd5c8355-1ce0-47c6-b2d2-0711aa24f211,THE DEVIL WEARS PRADA 2,21cineplex,,26DWP2,"Comedy, Drama",119 menit,13+,2D,2026-05-17,43e7307c-d2f7-4bd1-9f28-474308b29485,2026-05-17T14:28:18.989443
dd5c8355-1ce0-47c6-b2d2-0711aa24f211,STAR WARS: THE MANDALORIAN AND GROGU,21cineplex,,26SWMG,"Fantasy, Sci-Fi",132 menit,13+,2D,2026-05-20,e3d76d22-c282-48c1-a02e-e968b0637855,2026-05-17T14:28:18.989588
dd5c8355-1ce0-47c6-b2d2-0711aa24f211,KELUARGA SUAMI ADALAH HAMA,21cineplex,,16KSAH,Drama,117 menit,13+,2D,2026-05-21,2fb75f35-bbac-4655-b886-3d90034e0069,2026-05-17T14:28:18.989738
dd5c8355-1ce0-47c6-b2d2-0711aa24f211,SEKAWAN LIMO 2: GUNUNG KLAWIH,21cineplex,,16SK2G,"Comedy, Horror",122 menit,13+,2D,2026-05-27,99ac7783-ba8b-4def-9d4e-8dd299b96962,2026-05-17T14:28:18.989914
01ee5593-4420-4a13-a92e-2955619ef70f,MICHAEL,21cineplex,,26MICL,Biography,127 menit,SU,2D,2026-05-17,5b54dd05-5835-41a0-bdd4-bdb47edec6db,2026-05-17T14:28:21.892455
01ee5593-4420-4a13-a92e-2955619ef70f,GOHAN,21cineplex,,26GOHN,Drama,140 menit,SU,2D,2026-05-17,c33867cd-ed50-4571-abd1-84f4757d5717,2026-05-17T14:28:21.892753
01ee5593-4420-4a13-a92e-2955619ef70f,IN THE GREY,21cineplex,,26ITGY,"Action, Thriller",97 menit,13+,2D,2026-05-17,d405edaa-f81c-4a58-a325-14f4c47e23dd,2026-05-17T14:28:21.892900
01ee5593-4420-4a13-a92e-2955619ef70f,THE DEVIL WEARS PRADA 2,21cineplex,,26DWP2,"Comedy, Drama",119 menit,13+,2D,2026-05-17,35086e59-d188-4a02-b278-b768fe27a134,2026-05-17T14:28:21.893043
01ee5593-4420-4a13-a92e-2955619ef70f,STAR WARS: THE MANDALORIAN AND GROGU,21cineplex,,26SWMG,"Fantasy, Sci-Fi",132 menit,13+,2D,2026-05-20,20ddabde-0dcc-4d66-a958-91e0eb52f7f1,2026-05-17T14:28:21.893250
9f41bfe4-cb7d-43b0-9156-c927b3c8ec91,IN THE GREY,21cineplex,,26ITGY,"Action, Thriller",97 menit,13+,2D,2026-05-17,84aac026-2b9f-44d8-9aba-e8f645ccf334,2026-05-17T14:28:24.692582
9f41bfe4-cb7d-43b0-9156-c927b3c8ec91,THE DEVIL WEARS PRADA 2,21cineplex,,26DWP2,"Comedy, Drama",119 menit,13+,2D,2026-05-17,a36db12b-261d-4776-b964-6369a1fceafa,2026-05-17T14:28:24.692950
9f41bfe4-cb7d-43b0-9156-c927b3c8ec91,SALMOKJI: WHISPERING WATER,21cineplex,,26SWWR,Horror,95 menit,D17+,2D,2026-05-17,da9f4440-a01f-4c3e-b5e6-b89d95f2e7aa,2026-05-17T14:28:24.693079
9f41bfe4-cb7d-43b0-9156-c927b3c8ec91,GOHAN,21cineplex,,26GOHN,Drama,140 menit,SU,2D,2026-05-17,eec10dba-4ecb-4d25-a652-f1904c65b418,2026-05-17T14:28:24.693191
9f41bfe4-cb7d-43b0-9156-c927b3c8ec91,MICHAEL,21cineplex,,26MICL,Biography,127 menit,SU,2D,2026-05-17,e6adbfc5-2d59-4f6a-b675-d4a0026365ae,2026-05-17T14:28:24.693421
9f41bfe4-cb7d-43b0-9156-c927b3c8ec91,THE SHEEP DETECTIVES,21cineplex,,26SDES,"Comedy, Mystery",109 menit,SU,2D,2026-05-17,38d9811c-dbc0-4515-9a00-068a2cc8985a,2026-05-17T14:28:24.693595
9f41bfe4-cb7d-43b0-9156-c927b3c8ec91,YANG LAIN BOLEH HILANG ASAL KAU JANGAN,21cineplex,,16YLBH,Drama,113 menit,13+,2D,2026-05-17,9027b1b3-05a4-49cc-b51d-48d130824742,2026-05-17T14:28:24.693741
9f41bfe4-cb7d-43b0-9156-c927b3c8ec91,TUMBAL PROYEK,21cineplex,,16TPRK,Horror,106 menit,D17+,2D,2026-05-17,babadec4-f0a9-46e4-8e9f-0d05f641aaab,2026-05-17T14:28:24.694027
9f41bfe4-cb7d-43b0-9156-c927b3c8ec91,MORTAL KOMBAT II,21cineplex,,25MKT2,"Action, Adventure",116 menit,D17+,2D,2026-05-17,b33a302e-c240-4c7d-9e0b-afc47d0095d8,2026-05-17T14:28:24.694333
9f41bfe4-cb7d-43b0-9156-c927b3c8ec91,DILAN ITB 1997,21cineplex,,16DI97,"Drama, Romance",110 menit,13+,2D,2026-05-17,bf4186ca-8e1b-4394-88e4-dd842027db7e,2026-05-17T14:28:24.694636
9f41bfe4-cb7d-43b0-9156-c927b3c8ec91,STAR WARS: THE MANDALORIAN AND GROGU,21cineplex,,26SWMG,"Fantasy, Sci-Fi",132 menit,13+,2D,2026-05-20,4db5ce56-71b2-4d2f-a7d6-1cbe477e9e8d,2026-05-17T14:28:24.694789
9f41bfe4-cb7d-43b0-9156-c927b3c8ec91,CHILDREN OF HEAVEN,21cineplex,,16COHN,"Drama, Family",97 menit,SU,2D,2026-05-27,7d97d96e-2bc7-440b-87d0-b08529074698,2026-05-17T14:28:24.694968
25f09b29-a17c-4d16-ac62-4a79e409828f,TUMBAL PROYEK,21cineplex,,16TPRK,Horror,106 menit,D17+,2D,2026-05-17,046d44e6-a2c3-4b08-a2a3-85fe5a62e38f,2026-05-17T14:28:28.028835
25f09b29-a17c-4d16-ac62-4a79e409828f,THE BELL: PANGGILAN UNTUK MATI,21cineplex,,16TBPU,Horror,91 menit,D17+,2D,2026-05-17,bafb565c-1207-45f6-9228-fb9a1e7c8e5d,2026-05-17T14:28:28.028921
25f09b29-a17c-4d16-ac62-4a79e409828f,GOHAN,21cineplex,,26GOHN,Drama,140 menit,SU,2D,2026-05-17,562cda41-f2b5-49f0-96e1-9a45a2bef6b1,2026-05-17T14:28:28.029002
25f09b29-a17c-4d16-ac62-4a79e409828f,SEMUA AKAN BAIK-BAIK SAJA,21cineplex,,16SABB,Drama,113 menit,13+,2D,2026-05-17,43404410-e99f-419e-b8f4-ce19548e79c5,2026-05-17T14:28:28.029052
25f09b29-a17c-4d16-ac62-4a79e409828f,KAMU HARUS MATI,21cineplex,,16KHMI,"Horror, Mystery, Thriller",90 menit,13+,2D,2026-05-21,65c2d572-3bf6-4f1a-ac38-770b74d88b59,2026-05-17T14:28:28.029133
25f09b29-a17c-4d16-ac62-4a79e409828f,KELUARGA SUAMI ADALAH HAMA,21cineplex,,16KSAH,Drama,117 menit,13+,2D,2026-05-21,428724f5-0a9e-4654-a3d6-d36c093bf987,2026-05-17T14:28:28.029205
25f09b29-a17c-4d16-ac62-4a79e409828f,CHILDREN OF HEAVEN,21cineplex,,16COHN,"Drama, Family",97 menit,SU,2D,2026-05-27,efa9989c-2ce1-459c-a061-56837246a82f,2026-05-17T14:28:28.029267
25f09b29-a17c-4d16-ac62-4a79e409828f,SEKAWAN LIMO 2: GUNUNG KLAWIH,21cineplex,,16SK2G,"Comedy, Horror",122 menit,13+,2D,2026-05-27,5876fe97-9505-41fc-952a-0712f6292689,2026-05-17T14:28:28.029329
7b9c2570-6522-41e1-adda-cc276462b0da,GOHAN,21cineplex,,26GOHN,Drama,140 menit,SU,2D,2026-05-17,4377bcfa-3f8d-4f57-900e-cb7b6eeda0f1,2026-05-17T14:28:29.180322
7b9c2570-6522-41e1-adda-cc276462b0da,THE SHEEP DETECTIVES,21cineplex,,26SDES,"Comedy, Mystery",109 menit,SU,2D,2026-05-17,f534b81b-50bd-4658-abce-57f8097ad656,2026-05-17T14:28:29.180426
7b9c2570-6522-41e1-adda-cc276462b0da,IN THE GREY,21cineplex,,26ITGY,"Action, Thriller",97 menit,13+,2D,2026-05-17,2449270e-0f7d-45a6-9c77-207ba29e7c40,2026-05-17T14:28:29.180514
7b9c2570-6522-41e1-adda-cc276462b0da,SALMOKJI: WHISPERING WATER,21cineplex,,26SWWR,Horror,95 menit,D17+,2D,2026-05-17,76c67052-cf34-4dd3-a846-12efb514e9df,2026-05-17T14:28:29.180594
7b9c2570-6522-41e1-adda-cc276462b0da,PROJECT HAIL MARY,21cineplex,,26PHMY,Sci-Fi,157 menit,13+,2D,2026-05-17,1d7cb603-6c98-4ebb-b22c-f07f7bcd53d8,2026-05-17T14:28:29.180672
7b9c2570-6522-41e1-adda-cc276462b0da,MICHAEL,21cineplex,,26MICL,Biography,127 menit,SU,2D,2026-05-17,44c36aa8-060c-4589-b386-bfbb09a85665,2026-05-17T14:28:29.180716
7b9c2570-6522-41e1-adda-cc276462b0da,THE DEVIL WEARS PRADA 2,21cineplex,,26DWP2,"Comedy, Drama",119 menit,13+,2D,2026-05-17,a1395ad8-747b-43d9-8ca2-d9040910b2da,2026-05-17T14:28:29.180766
7b9c2570-6522-41e1-adda-cc276462b0da,STAR WARS: THE MANDALORIAN AND GROGU,21cineplex,,26SWMG,"Fantasy, Sci-Fi",132 menit,13+,2D,2026-05-20,e81bb3ed-ae38-4847-9b6b-1e23b36e873c,2026-05-17T14:28:29.180846
9b3c02c0-b61b-4987-8bf5-ecebfb810862,YANG LAIN BOLEH HILANG ASAL KAU JANGAN,21cineplex,,16YLBH,Drama,113 menit,13+,2D,2026-05-17,ee5aca38-56f2-4cb7-a8c1-eed61a385fdf,2026-05-17T14:28:32.211830
9b3c02c0-b61b-4987-8bf5-ecebfb810862,GOHAN,21cineplex,,26GOHN,Drama,140 menit,SU,2D,2026-05-17,5d77c578-99db-4d4a-80d9-d1153fafff5f,2026-05-17T14:28:32.212063
9b3c02c0-b61b-4987-8bf5-ecebfb810862,SALMOKJI: WHISPERING WATER,21cineplex,,26SWWR,Horror,95 menit,D17+,2D,2026-05-17,906a4efa-f37c-4b1e-9fbb-89ae30e9a316,2026-05-17T14:28:32.212198
9b3c02c0-b61b-4987-8bf5-ecebfb810862,IN THE GREY,21cineplex,,26ITGY,"Action, Thriller",97 menit,13+,2D,2026-05-17,db4f5ed5-5eec-49b8-acbb-1ce63146441d,2026-05-17T14:28:32.212254
9b3c02c0-b61b-4987-8bf5-ecebfb810862,SEMUA AKAN BAIK-BAIK SAJA,21cineplex,,16SABB,Drama,113 menit,13+,2D,2026-05-17,55917b95-a8de-47e8-a809-33bbb68255f7,2026-05-17T14:28:32.212364
9b3c02c0-b61b-4987-8bf5-ecebfb810862,GHOST IN THE CELL,21cineplex,,16GITC,"Comedy, Horror",106 menit,D17+,2D,2026-05-17,75deea2b-54a3-460c-993f-50c117b2bf2b,2026-05-17T14:28:32.212504
9b3c02c0-b61b-4987-8bf5-ecebfb810862,THE DEVIL WEARS PRADA 2,21cineplex,,26DWP2,"Comedy, Drama",119 menit,13+,2D,2026-05-17,f2b52f3d-026a-47e9-bec8-b89ab46ab83a,2026-05-17T14:28:32.212581
9b3c02c0-b61b-4987-8bf5-ecebfb810862,MORTAL KOMBAT II,21cineplex,,25MKT2,"Action, Adventure",116 menit,D17+,2D,2026-05-17,648cf009-cb13-405a-8710-c71da5083d85,2026-05-17T14:28:32.212705
05cc9c6c-7fe3-46bb-b06e-41e150ace5e0,SALMOKJI: WHISPERING WATER,21cineplex,,26SWWR,Horror,95 menit,D17+,2D,2026-05-17,a6613372-5521-474f-b213-29b3151c1e64,2026-05-17T14:28:33.657193
05cc9c6c-7fe3-46bb-b06e-41e150ace5e0,THE DEVIL WEARS PRADA 2,21cineplex,,26DWP2,"Comedy, Drama",119 menit,13+,2D,2026-05-17,9e90f011-aa01-4e51-a4e6-3bafb1fba147,2026-05-17T14:28:33.657242
05cc9c6c-7fe3-46bb-b06e-41e150ace5e0,IN THE GREY,21cineplex,,26ITGY,"Action, Thriller",97 menit,13+,2D,2026-05-17,3e5973a5-cd4b-427e-a4d7-d4bda4130bcb,2026-05-17T14:28:33.657292
05cc9c6c-7fe3-46bb-b06e-41e150ace5e0,MORTAL KOMBAT II,21cineplex,,25MKT2,"Action, Adventure",116 menit,D17+,2D,2026-05-17,4bccf16e-0110-40f9-aa27-7a98a9c1be6a,2026-05-17T14:28:33.657346
05cc9c6c-7fe3-46bb-b06e-41e150ace5e0,THE SHEEP DETECTIVES,21cineplex,,26SDES,"Comedy, Mystery",109 menit,SU,2D,2026-05-17,5a623fe0-626a-4993-ba63-0327657af301,2026-05-17T14:28:33.657418
05cc9c6c-7fe3-46bb-b06e-41e150ace5e0,GOHAN,21cineplex,,26GOHN,Drama,140 menit,SU,2D,2026-05-17,1e23c97d-c88d-4cd4-9f9a-4b2d66304b1d,2026-05-17T14:28:33.657456
05cc9c6c-7fe3-46bb-b06e-41e150ace5e0,STAR WARS: THE MANDALORIAN AND GROGU,21cineplex,,26SWMG,"Fantasy, Sci-Fi",132 menit,13+,2D,2026-05-20,7f2c28b4-55a9-47c2-b47e-11925727d7a9,2026-05-17T14:28:33.657518
4fa91ef0-7f6e-4c3a-bb7c-b01d462dc207,MOBILE SUIT GUNDAM HATHAWAY,21cineplex,,26MSGH,Animation,96 menit,13+,2D,2026-05-17,72debddd-52c1-4ce7-9bac-5a83b87153f3,2026-05-17T14:28:42.928137
4fa91ef0-7f6e-4c3a-bb7c-b01d462dc207,SEMUA AKAN BAIK-BAIK SAJA,21cineplex,,16SABB,Drama,113 menit,13+,2D,2026-05-17,53aa0126-c9b0-43c4-833a-c374c73a26e3,2026-05-17T14:28:42.928391
4fa91ef0-7f6e-4c3a-bb7c-b01d462dc207,GHOST IN THE CELL,21cineplex,,16GITC,"Comedy, Horror",106 menit,D17+,2D,2026-05-17,4af9781d-c8e3-47d4-a149-edca7adb898a,2026-05-17T14:28:42.928616
4fa91ef0-7f6e-4c3a-bb7c-b01d462dc207,THE SHEEP DETECTIVES,21cineplex,,26SDES,"Comedy, Mystery",109 menit,SU,2D,2026-05-17,6957f81a-d013-4a7e-8e3a-57ab1a25fe0e,2026-05-17T14:28:42.928815
4fa91ef0-7f6e-4c3a-bb7c-b01d462dc207,SALMOKJI: WHISPERING WATER,21cineplex,,26SWWR,Horror,95 menit,D17+,2D,2026-05-17,97fdc5b9-e521-4a4c-8772-9f3a43b4a181,2026-05-17T14:28:42.928973
4fa91ef0-7f6e-4c3a-bb7c-b01d462dc207,MORTAL KOMBAT II,21cineplex,,25MKT2,"Action, Adventure",116 menit,D17+,2D,2026-05-17,b72f6295-c9fb-4a4d-99ae-091df3f7b19b,2026-05-17T14:28:42.929135
4fa91ef0-7f6e-4c3a-bb7c-b01d462dc207,GOHAN,21cineplex,,26GOHN,Drama,140 menit,SU,2D,2026-05-17,4dcf0529-3c11-4586-9145-78901cf78207,2026-05-17T14:28:42.929329
4fa91ef0-7f6e-4c3a-bb7c-b01d462dc207,THE DEVIL WEARS PRADA 2,21cineplex,,26DWP2,"Comedy, Drama",119 menit,13+,2D,2026-05-17,8f1e870f-f85b-4797-b38d-9fe56910d8b9,2026-05-17T14:28:42.929510
4fa91ef0-7f6e-4c3a-bb7c-b01d462dc207,TUMBAL PROYEK,21cineplex,,16TPRK,Horror,106 menit,D17+,2D,2026-05-17,78a00663-6ab2-4c8a-941a-df2b95d7af1e,2026-05-17T14:28:42.929639
4fa91ef0-7f6e-4c3a-bb7c-b01d462dc207,STAR WARS: THE MANDALORIAN AND GROGU,21cineplex,,26SWMG,"Fantasy, Sci-Fi",132 menit,13+,2D,2026-05-20,a9da740f-e55d-404b-ad7e-e2638381d454,2026-05-17T14:28:42.929846
4fa91ef0-7f6e-4c3a-bb7c-b01d462dc207,KELUARGA SUAMI ADALAH HAMA,21cineplex,,16KSAH,Drama,117 menit,13+,2D,2026-05-21,07a4d93e-37e1-4996-8908-e7f9f567e434,2026-05-17T14:28:42.929988
4fa91ef0-7f6e-4c3a-bb7c-b01d462dc207,SEKAWAN LIMO 2: GUNUNG KLAWIH,21cineplex,,16SK2G,"Comedy, Horror",122 menit,13+,2D,2026-05-27,318e69eb-a605-4bea-858b-11cddf370f7f,2026-05-17T14:28:42.930168
563c4d88-ab72-49b2-a77d-e6458a97ca2b,SEMUA AKAN BAIK-BAIK SAJA,21cineplex,,16SABB,Drama,113 menit,13+,2D,2026-05-17,84c65dba-9e62-4d93-be07-05f45aa61a35,2026-05-17T14:28:44.345574
563c4d88-ab72-49b2-a77d-e6458a97ca2b,MICHAEL,21cineplex,,26MICL,Biography,127 menit,SU,2D,2026-05-17,77941273-f18b-471f-9c41-57cb6afe6dac,2026-05-17T14:28:44.346011
563c4d88-ab72-49b2-a77d-e6458a97ca2b,GHOST IN THE CELL,21cineplex,,16GITC,"Comedy, Horror",106 menit,D17+,2D,2026-05-17,561fd084-5f1b-42e8-a9c8-a2a7cceeaa33,2026-05-17T14:28:44.346371
563c4d88-ab72-49b2-a77d-e6458a97ca2b,GOHAN,21cineplex,,26GOHN,Drama,140 menit,SU,2D,2026-05-17,61ec8c31-8481-4202-a918-7b5e2d202447,2026-05-17T14:28:44.346462
563c4d88-ab72-49b2-a77d-e6458a97ca2b,SALMOKJI: WHISPERING WATER,21cineplex,,26SWWR,Horror,95 menit,D17+,2D,2026-05-17,b42a342a-05e9-455d-9d26-dc46853fb209,2026-05-17T14:28:44.346537
563c4d88-ab72-49b2-a77d-e6458a97ca2b,THE SHEEP DETECTIVES,21cineplex,,26SDES,"Comedy, Mystery",109 menit,SU,2D,2026-05-17,f39803e1-560d-4476-97a7-68190c9925a2,2026-05-17T14:28:44.346583
563c4d88-ab72-49b2-a77d-e6458a97ca2b,STAR WARS: THE MANDALORIAN AND GROGU,21cineplex,,26SWMG,"Fantasy, Sci-Fi",132 menit,13+,2D,2026-05-20,95763308-c48c-4670-abd9-ff35e0593f1e,2026-05-17T14:28:44.346625
563c4d88-ab72-49b2-a77d-e6458a97ca2b,KELUARGA SUAMI ADALAH HAMA,21cineplex,,16KSAH,Drama,117 menit,13+,2D,2026-05-21,6bdf67b7-9ba9-43ea-9f7a-49c9c95cb121,2026-05-17T14:28:44.346675
563c4d88-ab72-49b2-a77d-e6458a97ca2b,SEKAWAN LIMO 2: GUNUNG KLAWIH,21cineplex,,16SK2G,"Comedy, Horror",122 menit,13+,2D,2026-05-27,073e52ae-ca14-4f81-a02f-a642fbc9847b,2026-05-17T14:28:44.348219
6e2589e3-bcbb-4e49-8f19-d90bd2804fc2,SALMOKJI: WHISPERING WATER,21cineplex,,26SWWR,Horror,95 menit,D17+,2D,2026-05-17,24f71378-a33e-4d07-a72e-061d9f3ba5b6,2026-05-17T14:28:45.844097
6e2589e3-bcbb-4e49-8f19-d90bd2804fc2,MORTAL KOMBAT II,21cineplex,,25MKT2,"Action, Adventure",116 menit,D17+,2D,2026-05-17,6275e176-6cc7-46ab-b5bd-70d5a7452bf1,2026-05-17T14:28:45.844189
6e2589e3-bcbb-4e49-8f19-d90bd2804fc2,GOHAN,21cineplex,,26GOHN,Drama,140 menit,SU,2D,2026-05-17,fac7fca5-9791-4d20-98a1-3af293ae802e,2026-05-17T14:28:45.844265
6e2589e3-bcbb-4e49-8f19-d90bd2804fc2,THE SHEEP DETECTIVES,21cineplex,,26SDES,"Comedy, Mystery",109 menit,SU,2D,2026-05-17,f2df9399-dd4c-4787-b01c-df61c2ec21e0,2026-05-17T14:28:45.844325
6e2589e3-bcbb-4e49-8f19-d90bd2804fc2,SEMUA AKAN BAIK-BAIK SAJA,21cineplex,,16SABB,Drama,113 menit,13+,2D,2026-05-17,1f95a909-e923-41ac-a269-474ebef228cb,2026-05-17T14:28:45.844386
6e2589e3-bcbb-4e49-8f19-d90bd2804fc2,GHOST IN THE CELL,21cineplex,,16GITC,"Comedy, Horror",106 menit,D17+,2D,2026-05-17,ba31267d-8cb1-41ae-b0f2-787758d1aa5c,2026-05-17T14:28:45.844450
6e2589e3-bcbb-4e49-8f19-d90bd2804fc2,THE DEVIL WEARS PRADA 2,21cineplex,,26DWP2,"Comedy, Drama",119 menit,13+,2D,2026-05-17,b9a71a62-f032-47b1-a0aa-c4d98b9b9c5c,2026-05-17T14:28:45.844509
6e2589e3-bcbb-4e49-8f19-d90bd2804fc2,TUMBAL PROYEK,21cineplex,,16TPRK,Horror,106 menit,D17+,2D,2026-05-17,3f377aaf-4657-4dfc-8e12-a822fab1e905,2026-05-17T14:28:45.844561
439f8942-8b9f-4958-bb5f-0c9819eb4a8f,MORTAL KOMBAT II,21cineplex,,25MKT2,"Action, Adventure",116 menit,D17+,2D,2026-05-17,735aa182-75a6-4853-bddd-bb725ba3fc47,2026-05-17T14:28:50.701297
439f8942-8b9f-4958-bb5f-0c9819eb4a8f,GOHAN,21cineplex,,26GOHN,Drama,140 menit,SU,2D,2026-05-17,a886126b-e43f-4b4b-bfd7-5d8781456ffe,2026-05-17T14:28:50.701399
439f8942-8b9f-4958-bb5f-0c9819eb4a8f,YANG LAIN BOLEH HILANG ASAL KAU JANGAN,21cineplex,,16YLBH,Drama,113 menit,13+,2D,2026-05-17,a45295bf-af53-4d4a-97af-4250a72ee32f,2026-05-17T14:28:50.701459
439f8942-8b9f-4958-bb5f-0c9819eb4a8f,SEMUA AKAN BAIK-BAIK SAJA,21cineplex,,16SABB,Drama,113 menit,13+,2D,2026-05-17,a1fad52d-6477-4c61-bbea-187f5b123de6,2026-05-17T14:28:50.701547
439f8942-8b9f-4958-bb5f-0c9819eb4a8f,GHOST IN THE CELL,21cineplex,,16GITC,"Comedy, Horror",106 menit,D17+,2D,2026-05-17,741f56e0-5d24-4c65-9ea6-9ac45079b35b,2026-05-17T14:28:50.701633
439f8942-8b9f-4958-bb5f-0c9819eb4a8f,THE BELL: PANGGILAN UNTUK MATI,21cineplex,,16TBPU,Horror,91 menit,D17+,2D,2026-05-17,2064f057-86a4-489e-8583-4bdf89c5f0bd,2026-05-17T14:28:50.701698
439f8942-8b9f-4958-bb5f-0c9819eb4a8f,LEE CRONIN'S THE MUMMY,21cineplex,,26LCTM,Horror,134 menit,D17+,2D,2026-05-17,dab70bdf-f72e-4886-a0a3-26f1815c69a7,2026-05-17T14:28:50.701776
439f8942-8b9f-4958-bb5f-0c9819eb4a8f,TUMBAL PROYEK,21cineplex,,16TPRK,Horror,106 menit,D17+,2D,2026-05-17,bbda7cbf-2389-4cfd-8ba4-a5f2cb46a0cd,2026-05-17T14:28:50.701824
439f8942-8b9f-4958-bb5f-0c9819eb4a8f,KELUARGA SUAMI ADALAH HAMA,21cineplex,,16KSAH,Drama,117 menit,13+,2D,2026-05-21,88068160-f5c0-4b1c-8dc4-35b4da7d5a7f,2026-05-17T14:28:50.701937
439f8942-8b9f-4958-bb5f-0c9819eb4a8f,SEKAWAN LIMO 2: GUNUNG KLAWIH,21cineplex,,16SK2G,"Comedy, Horror",122 menit,13+,2D,2026-05-27,098d5517-583a-4da2-9ed3-8fe8e2c7d16a,2026-05-17T14:28:50.702016
439f8942-8b9f-4958-bb5f-0c9819eb4a8f,CHILDREN OF HEAVEN,21cineplex,,16COHN,"Drama, Family",97 menit,SU,2D,2026-05-27,2b08507d-dd9b-4bbf-967a-b11c2ac3d302,2026-05-17T14:28:50.702077
ade08258-67d2-4ef8-9c0a-dc0272a8ddf3,SALMOKJI: WHISPERING WATER,21cineplex,,26SWWR,Horror,95 menit,D17+,2D,2026-05-17,282ec054-b62b-482f-a6d6-861d9768a328,2026-05-17T14:28:52.138973
ade08258-67d2-4ef8-9c0a-dc0272a8ddf3,TUMBAL PROYEK,21cineplex,,16TPRK,Horror,106 menit,D17+,2D,2026-05-17,2343250d-feed-47d9-843b-3dc98fa3eca2,2026-05-17T14:28:52.139347
ade08258-67d2-4ef8-9c0a-dc0272a8ddf3,MORTAL KOMBAT II,21cineplex,,25MKT2,"Action, Adventure",116 menit,D17+,2D,2026-05-17,5f67a04b-a0df-4c85-9a82-73ae42f52912,2026-05-17T14:28:52.139599
ade08258-67d2-4ef8-9c0a-dc0272a8ddf3,SEMUA AKAN BAIK-BAIK SAJA,21cineplex,,16SABB,Drama,113 menit,13+,2D,2026-05-17,7f007bd9-23e9-4b33-9685-bbe2c5ceb003,2026-05-17T14:28:52.139851
ee62c834-d471-48f6-868e-584d224f49d9,SALMOKJI: WHISPERING WATER,21cineplex,,26SWWR,Horror,95 menit,D17+,2D,2026-05-17,4c5c074d-dbc0-4800-8bbd-fb45514cca8c,2026-05-17T14:28:53.316918
ee62c834-d471-48f6-868e-584d224f49d9,IN THE GREY,21cineplex,,26ITGY,"Action, Thriller",97 menit,13+,2D,2026-05-17,f0d14ef1-8124-47e0-ac0f-b49ccc0fa27a,2026-05-17T14:28:53.317094
ee62c834-d471-48f6-868e-584d224f49d9,THE DEVIL WEARS PRADA 2,21cineplex,,26DWP2,"Comedy, Drama",119 menit,13+,2D,2026-05-17,4e4252bc-c8cf-4726-8986-022a014eb2d5,2026-05-17T14:28:53.317262
f7636975-175a-422f-ae2b-e729d4e018d1,GOHAN,21cineplex,,26GOHN,Drama,140 menit,SU,2D,2026-05-17,6232fc05-d80d-4ef1-8d86-82f89f5796f3,2026-05-17T14:28:58.143168
f7636975-175a-422f-ae2b-e729d4e018d1,SALMOKJI: WHISPERING WATER,21cineplex,,26SWWR,Horror,95 menit,D17+,2D,2026-05-17,66d5c19b-3c3d-4a38-9b19-f55f44ed15e0,2026-05-17T14:28:58.143361
f7636975-175a-422f-ae2b-e729d4e018d1,GHOST IN THE CELL,21cineplex,,16GITC,"Comedy, Horror",106 menit,D17+,2D,2026-05-17,de337eab-73a0-4cd5-9fbe-94cb1a335053,2026-05-17T14:28:58.143544
f7636975-175a-422f-ae2b-e729d4e018d1,TOP GUN (RE-RELEASE),21cineplex,,26TGUN,Action,109 menit,D17+,2D,2026-05-17,3570f0ea-3451-4777-a3ce-744efbbc115b,2026-05-17T14:28:58.143749
f7636975-175a-422f-ae2b-e729d4e018d1,TUMBAL PROYEK,21cineplex,,16TPRK,Horror,106 menit,D17+,2D,2026-05-17,c16ca461-5615-449b-b4f3-ee83204e76b1,2026-05-17T14:28:58.143855
f7636975-175a-422f-ae2b-e729d4e018d1,MICHAEL,21cineplex,,26MICL,Biography,127 menit,SU,2D,2026-05-17,3e9f8cf3-16be-4c54-adbb-ddeae9302912,2026-05-17T14:28:58.144040
f7636975-175a-422f-ae2b-e729d4e018d1,SEMUA AKAN BAIK-BAIK SAJA,21cineplex,,16SABB,Drama,113 menit,13+,2D,2026-05-17,3c6f1838-9fd5-41b0-a754-a1aad44c6a20,2026-05-17T14:28:58.144178
f7636975-175a-422f-ae2b-e729d4e018d1,TOP GUN: MAVERICK (RE-RELEASE),21cineplex,,26TGMK,Action,130 menit,SU,2D,2026-05-17,37e15c33-98f5-4601-ad71-16dd24461cdc,2026-05-17T14:28:58.144398
f7636975-175a-422f-ae2b-e729d4e018d1,STAR WARS: THE MANDALORIAN AND GROGU,21cineplex,,26SWMG,"Fantasy, Sci-Fi",132 menit,13+,2D,2026-05-20,7407a362-479b-4e93-bdce-5454caedc1db,2026-05-17T14:28:58.144473
f7636975-175a-422f-ae2b-e729d4e018d1,KELUARGA SUAMI ADALAH HAMA,21cineplex,,16KSAH,Drama,117 menit,13+,2D,2026-05-21,41e4a483-55d6-4e3e-9758-f81ab35ac555,2026-05-17T14:28:58.144612
f7636975-175a-422f-ae2b-e729d4e018d1,SEKAWAN LIMO 2: GUNUNG KLAWIH,21cineplex,,16SK2G,"Comedy, Horror",122 menit,13+,2D,2026-05-27,ee536334-f3ae-4243-86bf-f9c20be448be,2026-05-17T14:28:58.144791
f7636975-175a-422f-ae2b-e729d4e018d1,SUAMIKU LUKAKU,21cineplex,,16SLUU,Drama,92 menit,D17+,2D,2026-05-27,ec6bcf78-00e7-4560-b5e3-cff4fdaeb26c,2026-05-17T14:28:58.144953
695a9edb-6fc4-4afd-b0e8-6bcff58c336f,TUMBAL PROYEK,21cineplex,,16TPRK,Horror,106 menit,D17+,2D,2026-05-17,e62cc7ca-4ef6-4b62-8886-35815d90c787,2026-05-17T14:28:59.348395
695a9edb-6fc4-4afd-b0e8-6bcff58c336f,YANG LAIN BOLEH HILANG ASAL KAU JANGAN,21cineplex,,16YLBH,Drama,113 menit,13+,2D,2026-05-17,63593e0d-f826-4f35-94c2-b72574ac70ec,2026-05-17T14:28:59.348745
695a9edb-6fc4-4afd-b0e8-6bcff58c336f,THE SHEEP DETECTIVES,21cineplex,,26SDES,"Comedy, Mystery",109 menit,SU,2D,2026-05-17,f199c9ce-7587-42fd-bda8-f9130bd84c2d,2026-05-17T14:28:59.348872
695a9edb-6fc4-4afd-b0e8-6bcff58c336f,SALMOKJI: WHISPERING WATER,21cineplex,,26SWWR,Horror,95 menit,D17+,2D,2026-05-17,6ea5a378-b380-4d55-8f63-10db6c82c7d7,2026-05-17T14:28:59.349171
695a9edb-6fc4-4afd-b0e8-6bcff58c336f,SEMUA AKAN BAIK-BAIK SAJA,21cineplex,,16SABB,Drama,113 menit,13+,2D,2026-05-17,f38866be-18c8-49f3-85ca-508cecd1ccf4,2026-05-17T14:28:59.349441
695a9edb-6fc4-4afd-b0e8-6bcff58c336f,MORTAL KOMBAT II,21cineplex,,25MKT2,"Action, Adventure",116 menit,D17+,2D,2026-05-17,6cee220d-5b7a-4ee1-b6e3-a6cdda57e541,2026-05-17T14:28:59.349651
695a9edb-6fc4-4afd-b0e8-6bcff58c336f,KAMU HARUS MATI,21cineplex,,16KHMI,"Horror, Mystery, Thriller",90 menit,13+,2D,2026-05-21,77fa6c6d-215c-4064-92fb-0fa6cfd31308,2026-05-17T14:28:59.349839
695a9edb-6fc4-4afd-b0e8-6bcff58c336f,KELUARGA SUAMI ADALAH HAMA,21cineplex,,16KSAH,Drama,117 menit,13+,2D,2026-05-21,b2515220-a23f-4767-972a-dc4802631aa5,2026-05-17T14:28:59.350051
3bb4d13f-b228-4d5d-bb1d-7837288c0c67,GHOST IN THE CELL,21cineplex,,16GITC,"Comedy, Horror",106 menit,D17+,2D,2026-05-17,8de438e8-5329-4ca7-a9c7-41bda8509973,2026-05-17T14:29:01.082383
3bb4d13f-b228-4d5d-bb1d-7837288c0c67,MORTAL KOMBAT II,21cineplex,,25MKT2,"Action, Adventure",116 menit,D17+,2D,2026-05-17,4cfce0c6-328a-4b13-b5ad-da253f0494e5,2026-05-17T14:29:01.082543
3bb4d13f-b228-4d5d-bb1d-7837288c0c67,DILAN ITB 1997,21cineplex,,16DI97,"Drama, Romance",110 menit,13+,2D,2026-05-17,b94f4887-d0c6-421e-a177-476df27f8374,2026-05-17T14:29:01.082617
3bb4d13f-b228-4d5d-bb1d-7837288c0c67,YANG LAIN BOLEH HILANG ASAL KAU JANGAN,21cineplex,,16YLBH,Drama,113 menit,13+,2D,2026-05-17,8e096323-2bb2-4def-aae3-9c35f7dbd9a1,2026-05-17T14:29:01.082672
3bb4d13f-b228-4d5d-bb1d-7837288c0c67,TUMBAL PROYEK,21cineplex,,16TPRK,Horror,106 menit,D17+,2D,2026-05-17,b24de0a4-b924-41fb-83dc-b288ed669185,2026-05-17T14:29:01.082848
3bb4d13f-b228-4d5d-bb1d-7837288c0c67,SEMUA AKAN BAIK-BAIK SAJA,21cineplex,,16SABB,Drama,113 menit,13+,2D,2026-05-17,624abf80-6148-4b7f-a753-c111cfdeb664,2026-05-17T14:29:01.083012
3bb4d13f-b228-4d5d-bb1d-7837288c0c67,KELUARGA SUAMI ADALAH HAMA,21cineplex,,16KSAH,Drama,117 menit,13+,2D,2026-05-21,e7bfb60b-0c92-453d-82ec-fbaffd5d27a2,2026-05-17T14:29:01.083234
3bb4d13f-b228-4d5d-bb1d-7837288c0c67,SEKAWAN LIMO 2: GUNUNG KLAWIH,21cineplex,,16SK2G,"Comedy, Horror",122 menit,13+,2D,2026-05-27,7df2f34b-4a83-4f53-8211-ac5e2900becf,2026-05-17T14:29:01.083317
2cd970bf-952f-4ebd-b4c7-0af3bc1c8038,GOHAN,21cineplex,,26GOHN,Drama,140 menit,SU,2D,2026-05-17,fe1ecb22-761b-4d3e-aec6-dc73b79dfd54,2026-05-17T14:29:02.398557
2cd970bf-952f-4ebd-b4c7-0af3bc1c8038,THE SHEEP DETECTIVES,21cineplex,,26SDES,"Comedy, Mystery",109 menit,SU,2D,2026-05-17,ed25acff-7463-4a62-93be-643245b6f69d,2026-05-17T14:29:02.398675
2cd970bf-952f-4ebd-b4c7-0af3bc1c8038,SALMOKJI: WHISPERING WATER,21cineplex,,26SWWR,Horror,95 menit,D17+,2D,2026-05-17,e9030e53-d7dc-427d-9095-2661d03d6e3e,2026-05-17T14:29:02.398774
2cd970bf-952f-4ebd-b4c7-0af3bc1c8038,SEMUA AKAN BAIK-BAIK SAJA,21cineplex,,16SABB,Drama,113 menit,13+,2D,2026-05-17,03c5077a-5dc5-4b6f-9cac-86eb797fade9,2026-05-17T14:29:02.398859
2cd970bf-952f-4ebd-b4c7-0af3bc1c8038,GHOST IN THE CELL,21cineplex,,16GITC,"Comedy, Horror",106 menit,D17+,2D,2026-05-17,0a7c85fc-90eb-46aa-b7d3-bd805523a7d1,2026-05-17T14:29:02.399018
2cd970bf-952f-4ebd-b4c7-0af3bc1c8038,TUMBAL PROYEK,21cineplex,,16TPRK,Horror,106 menit,D17+,2D,2026-05-17,fce96c19-e052-42be-ad22-2a03cc6179e3,2026-05-17T14:29:02.399096
2cd970bf-952f-4ebd-b4c7-0af3bc1c8038,IN THE GREY,21cineplex,,26ITGY,"Action, Thriller",97 menit,13+,2D,2026-05-17,8d9840fb-573f-4eca-90d6-b99c1e2f51cf,2026-05-17T14:29:02.399220
2cd970bf-952f-4ebd-b4c7-0af3bc1c8038,MORTAL KOMBAT II,21cineplex,,25MKT2,"Action, Adventure",116 menit,D17+,2D,2026-05-17,43feb460-6605-42f4-b20a-2620b152343f,2026-05-17T14:29:02.399289
2cd970bf-952f-4ebd-b4c7-0af3bc1c8038,THE DEVIL WEARS PRADA 2,21cineplex,,26DWP2,"Comedy, Drama",119 menit,13+,2D,2026-05-17,e14beaf2-3a79-4500-a308-c89fd72fb415,2026-05-17T14:29:02.399415
2cd970bf-952f-4ebd-b4c7-0af3bc1c8038,STAR WARS: THE MANDALORIAN AND GROGU,21cineplex,,26SWMG,"Fantasy, Sci-Fi",132 menit,13+,2D,2026-05-20,c70d4765-c128-493a-a481-4fd12dd20045,2026-05-17T14:29:02.399516
2cd970bf-952f-4ebd-b4c7-0af3bc1c8038,KELUARGA SUAMI ADALAH HAMA,21cineplex,,16KSAH,Drama,117 menit,13+,2D,2026-05-21,7c336c8a-d705-41ec-bc30-b6e3ffc2e631,2026-05-17T14:29:02.399622
2cd970bf-952f-4ebd-b4c7-0af3bc1c8038,SEKAWAN LIMO 2: GUNUNG KLAWIH,21cineplex,,16SK2G,"Comedy, Horror",122 menit,13+,2D,2026-05-27,57cf7353-b1fd-4450-b082-ffc7896b28ff,2026-05-17T14:29:02.399756
2cd970bf-952f-4ebd-b4c7-0af3bc1c8038,SUAMIKU LUKAKU,21cineplex,,16SLUU,Drama,92 menit,D17+,2D,2026-05-27,9d4d87d8-7514-4af6-b1a5-e3359bbe67fe,2026-05-17T14:29:02.399861
8406bbe0-bad6-415f-a6bb-26ef8d58faaf,"AYAH, INI ARAHNYA KEMANA, YA?",21cineplex,,16AIAK,Drama,103 menit,13+,2D,2026-05-17,f1deb08d-b6bc-4671-806a-d29bbd1ddd13,2026-05-17T14:29:04.089817
8406bbe0-bad6-415f-a6bb-26ef8d58faaf,DILAN ITB 1997,21cineplex,,16DI97,"Drama, Romance",110 menit,13+,2D,2026-05-17,177ea95e-8fe3-4771-8aeb-5815387698e6,2026-05-17T14:29:04.090107
8406bbe0-bad6-415f-a6bb-26ef8d58faaf,GHOST IN THE CELL,21cineplex,,16GITC,"Comedy, Horror",106 menit,D17+,2D,2026-05-17,465f3d44-96f3-42e6-8c58-3868d36d7e5c,2026-05-17T14:29:04.090243
8406bbe0-bad6-415f-a6bb-26ef8d58faaf,TUMBAL PROYEK,21cineplex,,16TPRK,Horror,106 menit,D17+,2D,2026-05-17,a2d04a65-9340-446e-b58d-ea89a5ac0d2b,2026-05-17T14:29:04.090467
8406bbe0-bad6-415f-a6bb-26ef8d58faaf,SEMUA AKAN BAIK-BAIK SAJA,21cineplex,,16SABB,Drama,113 menit,13+,2D,2026-05-17,35296669-9567-47bc-998a-5fd11d16fe97,2026-05-17T14:29:04.090660
8406bbe0-bad6-415f-a6bb-26ef8d58faaf,KELUARGA SUAMI ADALAH HAMA,21cineplex,,16KSAH,Drama,117 menit,13+,2D,2026-05-21,a19c0c9b-96f0-442b-8042-cf225ec3255a,2026-05-17T14:29:04.090907
0b437dad-f286-4f77-8ff0-b46ff966303b,MORTAL KOMBAT II,21cineplex,,25MKT2,"Action, Adventure",116 menit,D17+,2D,2026-05-17,7f3e6139-f1c4-427e-a3ce-3c34f4a8ddb0,2026-05-17T14:29:05.362805
0b437dad-f286-4f77-8ff0-b46ff966303b,SEMUA AKAN BAIK-BAIK SAJA,21cineplex,,16SABB,Drama,113 menit,13+,2D,2026-05-17,df0d951a-8276-4bbc-9c49-141cd29edfb4,2026-05-17T14:29:05.362911
0b437dad-f286-4f77-8ff0-b46ff966303b,TUMBAL PROYEK,21cineplex,,16TPRK,Horror,106 menit,D17+,2D,2026-05-17,b9f1cd98-3f60-4daf-87ac-17de9a40b391,2026-05-17T14:29:05.363017
0b437dad-f286-4f77-8ff0-b46ff966303b,IN THE GREY,21cineplex,,26ITGY,"Action, Thriller",97 menit,13+,2D,2026-05-17,00f03244-8cc0-4a48-b4d0-ab02ab15e9de,2026-05-17T14:29:05.363102
0b437dad-f286-4f77-8ff0-b46ff966303b,THE SHEEP DETECTIVES,21cineplex,,26SDES,"Comedy, Mystery",109 menit,SU,2D,2026-05-17,d71d83a5-e206-4cb9-a4b7-9e4a4209a93e,2026-05-17T14:29:05.363167
0b437dad-f286-4f77-8ff0-b46ff966303b,GHOST IN THE CELL,21cineplex,,16GITC,"Comedy, Horror",106 menit,D17+,2D,2026-05-17,454cb9eb-41ad-4fbb-85cd-d504ca443a64,2026-05-17T14:29:05.363208
0b437dad-f286-4f77-8ff0-b46ff966303b,GOHAN,21cineplex,,26GOHN,Drama,140 menit,SU,2D,2026-05-17,0d706481-f4fa-4278-8b7b-5f3329086ce0,2026-05-17T14:29:05.363276
0b437dad-f286-4f77-8ff0-b46ff966303b,KELUARGA SUAMI ADALAH HAMA,21cineplex,,16KSAH,Drama,117 menit,13+,2D,2026-05-21,5c51c75d-166e-4e6e-9ed0-0e4cc6b51bc8,2026-05-17T14:29:05.363335
0b437dad-f286-4f77-8ff0-b46ff966303b,SEKAWAN LIMO 2: GUNUNG KLAWIH,21cineplex,,16SK2G,"Comedy, Horror",122 menit,13+,2D,2026-05-27,02d6febf-ecdc-4f2b-a078-5374703e3285,2026-05-17T14:29:05.363431
e0e2d964-9f02-44e8-994a-4ee3ae826a08,"AYAH, INI ARAHNYA KEMANA, YA?",21cineplex,,16AIAK,Drama,103 menit,13+,2D,2026-05-17,a9cdca7b-1ae4-45a5-97ea-ab4f6522f86e,2026-05-17T14:29:07.114989
e0e2d964-9f02-44e8-994a-4ee3ae826a08,THE BELL: PANGGILAN UNTUK MATI,21cineplex,,16TBPU,Horror,91 menit,D17+,2D,2026-05-17,f7738ed0-bff5-4d4c-a872-6535ba5f8bd3,2026-05-17T14:29:07.115091
e0e2d964-9f02-44e8-994a-4ee3ae826a08,THE SHEEP DETECTIVES,21cineplex,,26SDES,"Comedy, Mystery",109 menit,SU,2D,2026-05-17,0cfa8760-19c9-4ca6-a67e-7a483addb5a6,2026-05-17T14:29:07.115156
e0e2d964-9f02-44e8-994a-4ee3ae826a08,GHOST IN THE CELL,21cineplex,,16GITC,"Comedy, Horror",106 menit,D17+,2D,2026-05-17,2607a669-df30-4878-bbb2-2f62bb03e924,2026-05-17T14:29:07.115200
e0e2d964-9f02-44e8-994a-4ee3ae826a08,TUMBAL PROYEK,21cineplex,,16TPRK,Horror,106 menit,D17+,2D,2026-05-17,c0ec9025-a484-47b0-a9d8-a5cf1390d945,2026-05-17T14:29:07.115260
e0e2d964-9f02-44e8-994a-4ee3ae826a08,GOHAN,21cineplex,,26GOHN,Drama,140 menit,SU,2D,2026-05-17,fe3e8f3a-952c-4656-b78b-187718ecb407,2026-05-17T14:29:07.115315
e0e2d964-9f02-44e8-994a-4ee3ae826a08,YANG LAIN BOLEH HILANG ASAL KAU JANGAN,21cineplex,,16YLBH,Drama,113 menit,13+,2D,2026-05-17,4aabcf49-0d1e-4db9-9128-d832db1e6e17,2026-05-17T14:29:07.115351
e0e2d964-9f02-44e8-994a-4ee3ae826a08,SEMUA AKAN BAIK-BAIK SAJA,21cineplex,,16SABB,Drama,113 menit,13+,2D,2026-05-17,36a6cda4-13ee-4a10-b3ed-e9afcb106e7d,2026-05-17T14:29:07.115415
e0e2d964-9f02-44e8-994a-4ee3ae826a08,KELUARGA SUAMI ADALAH HAMA,21cineplex,,16KSAH,Drama,117 menit,13+,2D,2026-05-21,bd87b375-7551-4724-9509-668f41dc09a1,2026-05-17T14:29:07.115483
e0e2d964-9f02-44e8-994a-4ee3ae826a08,CHILDREN OF HEAVEN,21cineplex,,16COHN,"Drama, Family",97 menit,SU,2D,2026-05-27,bd9d89d4-c135-4c24-814f-a2e1f15bc45c,2026-05-17T14:29:07.115550
e0e2d964-9f02-44e8-994a-4ee3ae826a08,SEKAWAN LIMO 2: GUNUNG KLAWIH,21cineplex,,16SK2G,"Comedy, Horror",122 menit,13+,2D,2026-05-27,23dddf4f-3b88-416e-bfd7-92db1c0657b6,2026-05-17T14:29:07.115606
e0e2d964-9f02-44e8-994a-4ee3ae826a08,SUAMIKU LUKAKU,21cineplex,,16SLUU,Drama,92 menit,D17+,2D,2026-05-27,5b8ea282-28a3-477f-b450-78e919f8b428,2026-05-17T14:29:07.115662
db9bf57d-72e3-4676-819e-ba4617dc0b5a,MORTAL KOMBAT II,21cineplex,,25MKT2,"Action, Adventure",116 menit,D17+,2D,2026-05-17,74bee9cb-0a24-46c2-9be1-f0676626ac37,2026-05-17T14:29:08.395727
db9bf57d-72e3-4676-819e-ba4617dc0b5a,TUMBAL PROYEK,21cineplex,,16TPRK,Horror,106 menit,D17+,2D,2026-05-17,bfebf101-cccb-491f-9788-f27554b34443,2026-05-17T14:29:08.395871
db9bf57d-72e3-4676-819e-ba4617dc0b5a,GOHAN,21cineplex,,26GOHN,Drama,140 menit,SU,2D,2026-05-17,b39ae3a4-9d47-47b4-a136-c6ab0e627bd2,2026-05-17T14:29:08.395956
db9bf57d-72e3-4676-819e-ba4617dc0b5a,YANG LAIN BOLEH HILANG ASAL KAU JANGAN,21cineplex,,16YLBH,Drama,113 menit,13+,2D,2026-05-17,574d49dc-8784-4898-b210-75bde2872c43,2026-05-17T14:29:08.396026
db9bf57d-72e3-4676-819e-ba4617dc0b5a,SEMUA AKAN BAIK-BAIK SAJA,21cineplex,,16SABB,Drama,113 menit,13+,2D,2026-05-17,86c2a3bf-3664-4e40-9f0c-15cd20699b2f,2026-05-17T14:29:08.396125
db9bf57d-72e3-4676-819e-ba4617dc0b5a,THE SHEEP DETECTIVES,21cineplex,,26SDES,"Comedy, Mystery",109 menit,SU,2D,2026-05-17,6230d879-e7d3-46b9-9dd2-3a25563dc7b4,2026-05-17T14:29:08.396230
db9bf57d-72e3-4676-819e-ba4617dc0b5a,GHOST IN THE CELL,21cineplex,,16GITC,"Comedy, Horror",106 menit,D17+,2D,2026-05-17,2c1ad791-2458-450e-8699-8895966e17b2,2026-05-17T14:29:08.396300
db9bf57d-72e3-4676-819e-ba4617dc0b5a,DILAN ITB 1997,21cineplex,,16DI97,"Drama, Romance",110 menit,13+,2D,2026-05-17,71cff784-14dc-43e4-8e8d-6ebbd7d5a7fa,2026-05-17T14:29:08.396398
db9bf57d-72e3-4676-819e-ba4617dc0b5a,KELUARGA SUAMI ADALAH HAMA,21cineplex,,16KSAH,Drama,117 menit,13+,2D,2026-05-21,b68e4e63-d8d4-48bf-ad21-e747919e67d1,2026-05-17T14:29:08.396485
db9bf57d-72e3-4676-819e-ba4617dc0b5a,SUAMIKU LUKAKU,21cineplex,,16SLUU,Drama,92 menit,D17+,2D,2026-05-27,761d5148-d215-4274-8c2f-b6d611cff94e,2026-05-17T14:29:08.396593
db9bf57d-72e3-4676-819e-ba4617dc0b5a,CHILDREN OF HEAVEN,21cineplex,,16COHN,"Drama, Family",97 menit,SU,2D,2026-05-27,ff54cd70-54f7-4b5f-b7e9-0bb1e5a46359,2026-05-17T14:29:08.396690
db9bf57d-72e3-4676-819e-ba4617dc0b5a,SEKAWAN LIMO 2: GUNUNG KLAWIH,21cineplex,,16SK2G,"Comedy, Horror",122 menit,13+,2D,2026-05-27,6ee3cf7f-b8aa-4d1e-ab27-05bd05cd2f82,2026-05-17T14:29:08.396773
ee2c053f-6c47-4764-b6d4-db2b665bd83d,"AYAH, INI ARAHNYA KEMANA, YA?",21cineplex,,16AIAK,Drama,103 menit,13+,2D,2026-05-17,00a7fed6-d511-4127-9834-a5cb208cb7b2,2026-05-17T14:29:11.340903
ee2c053f-6c47-4764-b6d4-db2b665bd83d,SEMUA AKAN BAIK-BAIK SAJA,21cineplex,,16SABB,Drama,113 menit,13+,2D,2026-05-17,7dfb49c0-3d4a-4f45-9ccd-ef5bfba1ff34,2026-05-17T14:29:11.341028
ee2c053f-6c47-4764-b6d4-db2b665bd83d,TUMBAL PROYEK,21cineplex,,16TPRK,Horror,106 menit,D17+,2D,2026-05-17,9fe34110-6954-4916-9e13-f0a3bdabefad,2026-05-17T14:29:11.341102
ee2c053f-6c47-4764-b6d4-db2b665bd83d,GHOST IN THE CELL,21cineplex,,16GITC,"Comedy, Horror",106 menit,D17+,2D,2026-05-17,1987695d-bc08-4e64-8bfa-1d134ce89c03,2026-05-17T14:29:11.341165
ee2c053f-6c47-4764-b6d4-db2b665bd83d,DILAN ITB 1997,21cineplex,,16DI97,"Drama, Romance",110 menit,13+,2D,2026-05-17,101905e8-47b3-4965-ac02-f88d77f77377,2026-05-17T14:29:11.341201
ee2c053f-6c47-4764-b6d4-db2b665bd83d,YANG LAIN BOLEH HILANG ASAL KAU JANGAN,21cineplex,,16YLBH,Drama,113 menit,13+,2D,2026-05-17,67a1f8b0-b7bd-4a31-ae6d-76852f9e550b,2026-05-17T14:29:11.341227
e06de13c-d5e4-4e92-a57a-1b12dc19ebf9,DILAN ITB 1997,21cineplex,,16DI97,"Drama, Romance",110 menit,13+,2D,2026-05-17,2c77f4ca-2635-4e3d-8601-9718c54500e2,2026-05-17T14:29:13.105500
e06de13c-d5e4-4e92-a57a-1b12dc19ebf9,SEMUA AKAN BAIK-BAIK SAJA,21cineplex,,16SABB,Drama,113 menit,13+,2D,2026-05-17,e5c293d1-2c82-42e8-a0a8-2854d472dd53,2026-05-17T14:29:13.105591
e06de13c-d5e4-4e92-a57a-1b12dc19ebf9,SALMOKJI: WHISPERING WATER,21cineplex,,26SWWR,Horror,95 menit,D17+,2D,2026-05-17,7e053880-64fa-421b-bd7f-ee9ed5338fab,2026-05-17T14:29:13.105727
e06de13c-d5e4-4e92-a57a-1b12dc19ebf9,MORTAL KOMBAT II,21cineplex,,25MKT2,"Action, Adventure",116 menit,D17+,2D,2026-05-17,bd058dc1-1c80-4a0f-aec1-a615c919f346,2026-05-17T14:29:13.105780
e06de13c-d5e4-4e92-a57a-1b12dc19ebf9,YANG LAIN BOLEH HILANG ASAL KAU JANGAN,21cineplex,,16YLBH,Drama,113 menit,13+,2D,2026-05-17,9da50030-3005-4d2a-af16-ca0ab30057dc,2026-05-17T14:29:13.105852
e06de13c-d5e4-4e92-a57a-1b12dc19ebf9,TUMBAL PROYEK,21cineplex,,16TPRK,Horror,106 menit,D17+,2D,2026-05-17,4304d63d-431a-46b3-84d8-6879ea9e6a3c,2026-05-17T14:29:13.105913
e06de13c-d5e4-4e92-a57a-1b12dc19ebf9,GHOST IN THE CELL,21cineplex,,16GITC,"Comedy, Horror",106 menit,D17+,2D,2026-05-17,fecd1ee3-de42-489f-be53-16005c7bac65,2026-05-17T14:29:13.106017
e06de13c-d5e4-4e92-a57a-1b12dc19ebf9,CHILDREN OF HEAVEN,21cineplex,,16COHN,"Drama, Family",97 menit,SU,2D,2026-05-27,7b1273c4-3bbd-44be-abde-1701b99f14a0,2026-05-17T14:29:13.106081
8d34cf7e-928b-4052-bf47-962489b05b7e,THE SHEEP DETECTIVES,21cineplex,,26SDES,"Comedy, Mystery",109 menit,SU,2D,2026-05-17,422224c6-0fc8-4348-8573-fcb01065075c,2026-05-17T14:29:14.412301
8d34cf7e-928b-4052-bf47-962489b05b7e,MICHAEL,21cineplex,,26MICL,Biography,127 menit,SU,2D,2026-05-17,f63418fe-78b0-476a-bbd6-ec404e013845,2026-05-17T14:29:14.412583
8d34cf7e-928b-4052-bf47-962489b05b7e,THE DEVIL WEARS PRADA 2,21cineplex,,26DWP2,"Comedy, Drama",119 menit,13+,2D,2026-05-17,b9b68659-041d-452c-8183-81ab8752c7bb,2026-05-17T14:29:14.412768
8d34cf7e-928b-4052-bf47-962489b05b7e,MORTAL KOMBAT II,21cineplex,,25MKT2,"Action, Adventure",116 menit,D17+,2D,2026-05-17,1bc2dad6-d616-49f6-9c1b-2fa2cd4a47f6,2026-05-17T14:29:14.412898
8d34cf7e-928b-4052-bf47-962489b05b7e,SEMUA AKAN BAIK-BAIK SAJA,21cineplex,,16SABB,Drama,113 menit,13+,2D,2026-05-17,e3cc5986-7c5a-4342-9933-1b38f3a074d1,2026-05-17T14:29:14.413096
8d34cf7e-928b-4052-bf47-962489b05b7e,GOHAN,21cineplex,,26GOHN,Drama,140 menit,SU,2D,2026-05-17,9a8ffcc8-55f0-4bd1-a44a-34bffe792c48,2026-05-17T14:29:14.413349
8d34cf7e-928b-4052-bf47-962489b05b7e,TUMBAL PROYEK,21cineplex,,16TPRK,Horror,106 menit,D17+,2D,2026-05-17,2dbf8f5a-0248-4e12-a6e2-292ee1bdf199,2026-05-17T14:29:14.413465
8d34cf7e-928b-4052-bf47-962489b05b7e,STAR WARS: THE MANDALORIAN AND GROGU,21cineplex,,26SWMG,"Fantasy, Sci-Fi",132 menit,13+,2D,2026-05-20,8270475b-0e58-4bcd-b599-d57817a95b26,2026-05-17T14:29:14.413691
8d34cf7e-928b-4052-bf47-962489b05b7e,KAMU HARUS MATI,21cineplex,,16KHMI,"Horror, Mystery, Thriller",90 menit,13+,2D,2026-05-21,3de88700-972c-4c27-a48f-5a7b71d0911f,2026-05-17T14:29:14.413884
8d34cf7e-928b-4052-bf47-962489b05b7e,KELUARGA SUAMI ADALAH HAMA,21cineplex,,16KSAH,Drama,117 menit,13+,2D,2026-05-21,15cb6ce9-9b61-449a-ac59-e1b0b0ebcd3d,2026-05-17T14:29:14.414101
8d34cf7e-928b-4052-bf47-962489b05b7e,SEKAWAN LIMO 2: GUNUNG KLAWIH,21cineplex,,16SK2G,"Comedy, Horror",122 menit,13+,2D,2026-05-27,843d9610-e9da-45a4-a90d-eed22fa51bbd,2026-05-17T14:29:14.414355
e175eb71-74ee-4c1a-b936-0d4a4d30b5d9,TUMBAL PROYEK,21cineplex,,16TPRK,Horror,106 menit,D17+,2D,2026-05-17,d1120bd9-f282-4c0c-8db9-e75e3bc02f78,2026-05-17T14:29:23.743178
e175eb71-74ee-4c1a-b936-0d4a4d30b5d9,SALMOKJI: WHISPERING WATER,21cineplex,,26SWWR,Horror,95 menit,D17+,2D,2026-05-17,7216e5c7-49ea-46c3-bafd-0937cb6c2d53,2026-05-17T14:29:23.743433
e175eb71-74ee-4c1a-b936-0d4a4d30b5d9,TIBA TIBA SETAN,21cineplex,,16TTSN,"Comedy, Horror",113 menit,13+,2D,2026-05-17,74560575-e6dc-48de-b131-2c8bbb47cab5,2026-05-17T14:29:23.743551
e175eb71-74ee-4c1a-b936-0d4a4d30b5d9,GHOST IN THE CELL,21cineplex,,16GITC,"Comedy, Horror",106 menit,D17+,2D,2026-05-17,242291ee-7eba-491b-9b58-ea0760aeff41,2026-05-17T14:29:23.743690
e175eb71-74ee-4c1a-b936-0d4a4d30b5d9,SEMUA AKAN BAIK-BAIK SAJA,21cineplex,,16SABB,Drama,113 menit,13+,2D,2026-05-17,3e7862ce-961e-40fc-8e02-6132267f8908,2026-05-17T14:29:23.743792
e175eb71-74ee-4c1a-b936-0d4a4d30b5d9,KAMU HARUS MATI,21cineplex,,16KHMI,"Horror, Mystery, Thriller",90 menit,13+,2D,2026-05-21,8714a36d-19de-4f53-8d51-27086d8c7139,2026-05-17T14:29:23.743987
a7067cea-9c9f-4d8d-837e-9a241a58b786,DILAN ITB 1997,21cineplex,,16DI97,"Drama, Romance",110 menit,13+,2D,2026-05-17,5a8ab54f-8b36-47f0-8ad4-072c867c2fab,2026-05-17T14:29:23.744501
a7067cea-9c9f-4d8d-837e-9a241a58b786,SALMOKJI: WHISPERING WATER,21cineplex,,26SWWR,Horror,95 menit,D17+,2D,2026-05-17,fc7e9516-6180-4ef7-aa45-33598280892c,2026-05-17T14:29:23.744716
a7067cea-9c9f-4d8d-837e-9a241a58b786,TUMBAL PROYEK,21cineplex,,16TPRK,Horror,106 menit,D17+,2D,2026-05-17,776752b9-0eb2-4775-a009-9fb7d73baffc,2026-05-17T14:29:23.744853
a7067cea-9c9f-4d8d-837e-9a241a58b786,SEMUA AKAN BAIK-BAIK SAJA,21cineplex,,16SABB,Drama,113 menit,13+,2D,2026-05-17,6f57353c-f2c0-4a49-8560-b6c11ef0cc3b,2026-05-17T14:29:23.745046
a7067cea-9c9f-4d8d-837e-9a241a58b786,GHOST IN THE CELL,21cineplex,,16GITC,"Comedy, Horror",106 menit,D17+,2D,2026-05-17,c7414489-d8aa-4bf5-904f-a9c1419a99e1,2026-05-17T14:29:23.745242
a7067cea-9c9f-4d8d-837e-9a241a58b786,KAMU HARUS MATI,21cineplex,,16KHMI,"Horror, Mystery, Thriller",90 menit,13+,2D,2026-05-21,009a5fad-427c-4662-b3b5-0746797dcbca,2026-05-17T14:29:23.745425
2d2f6f7e-2a91-4f76-b930-e9a9667e4646,DILAN ITB 1997,21cineplex,,16DI97,"Drama, Romance",110 menit,13+,2D,2026-05-17,4d1f854d-b6de-4b9f-a923-1890e873921c,2026-05-17T14:29:23.745966
2d2f6f7e-2a91-4f76-b930-e9a9667e4646,THE BELL: PANGGILAN UNTUK MATI,21cineplex,,16TBPU,Horror,91 menit,D17+,2D,2026-05-17,cd9d65df-4bca-4697-bc8e-11897d3c01a1,2026-05-17T14:29:23.746140
2d2f6f7e-2a91-4f76-b930-e9a9667e4646,TUMBAL PROYEK,21cineplex,,16TPRK,Horror,106 menit,D17+,2D,2026-05-17,e0c80528-1223-4da7-bffa-c6eea2955025,2026-05-17T14:29:23.746281
2d2f6f7e-2a91-4f76-b930-e9a9667e4646,SEMUA AKAN BAIK-BAIK SAJA,21cineplex,,16SABB,Drama,113 menit,13+,2D,2026-05-17,6cee4e99-2868-4f09-ae9b-cf65e2ce7129,2026-05-17T14:29:23.746461
2d2f6f7e-2a91-4f76-b930-e9a9667e4646,TIBA TIBA SETAN,21cineplex,,16TTSN,"Comedy, Horror",113 menit,13+,2D,2026-05-17,b3bcc116-fdc6-4857-a547-5c96799fed7a,2026-05-17T14:29:23.746667
2d2f6f7e-2a91-4f76-b930-e9a9667e4646,"AYAH, INI ARAHNYA KEMANA, YA?",21cineplex,,16AIAK,Drama,103 menit,13+,2D,2026-05-17,04b0317f-10e1-4e2a-a589-a5237b1057a2,2026-05-17T14:29:23.746830
2d2f6f7e-2a91-4f76-b930-e9a9667e4646,YANG LAIN BOLEH HILANG ASAL KAU JANGAN,21cineplex,,16YLBH,Drama,113 menit,13+,2D,2026-05-17,1555cbde-4e7a-45f9-b2ff-92c1742abed5,2026-05-17T14:29:23.746963
2d2f6f7e-2a91-4f76-b930-e9a9667e4646,GHOST IN THE CELL,21cineplex,,16GITC,"Comedy, Horror",106 menit,D17+,2D,2026-05-17,f6c38fa1-f487-427c-82a8-61b35777f7a8,2026-05-17T14:29:23.747153
2d2f6f7e-2a91-4f76-b930-e9a9667e4646,THE SHEEP DETECTIVES,21cineplex,,26SDES,"Comedy, Mystery",109 menit,SU,2D,2026-05-17,bd96a3d1-62f4-484d-91af-eec7a1e03a09,2026-05-17T14:29:23.747257
2d2f6f7e-2a91-4f76-b930-e9a9667e4646,KAMU HARUS MATI,21cineplex,,16KHMI,"Horror, Mystery, Thriller",90 menit,13+,2D,2026-05-21,93f259b7-95b3-4985-8f82-b11ddf831687,2026-05-17T14:29:23.747389
2d2f6f7e-2a91-4f76-b930-e9a9667e4646,SEKAWAN LIMO 2: GUNUNG KLAWIH,21cineplex,,16SK2G,"Comedy, Horror",122 menit,13+,2D,2026-05-27,ccb72d29-363e-47e8-b722-6b7684c1b38a,2026-05-17T14:29:23.747569
2d2f6f7e-2a91-4f76-b930-e9a9667e4646,CHILDREN OF HEAVEN,21cineplex,,16COHN,"Drama, Family",97 menit,SU,2D,2026-05-27,be455a43-ba09-4835-b78f-47df5974fc17,2026-05-17T14:29:23.747742
2d2f6f7e-2a91-4f76-b930-e9a9667e4646,SUAMIKU LUKAKU,21cineplex,,16SLUU,Drama,92 menit,D17+,2D,2026-05-27,110e5f15-47d8-49e4-bfee-2644136ad6aa,2026-05-17T14:29:23.747926
5fb3dd3c-3b97-46d1-b05c-f09064ddb3a9,TUMBAL PROYEK,21cineplex,,16TPRK,Horror,106 menit,D17+,2D,2026-05-17,8ae4fdee-11a6-4d8d-9f30-9ce31bf911af,2026-05-17T14:29:23.748353
5fb3dd3c-3b97-46d1-b05c-f09064ddb3a9,SALMOKJI: WHISPERING WATER,21cineplex,,26SWWR,Horror,95 menit,D17+,2D,2026-05-17,1a7312a9-097b-496a-bef3-207d73bff368,2026-05-17T14:29:23.748657
5fb3dd3c-3b97-46d1-b05c-f09064ddb3a9,SEMUA AKAN BAIK-BAIK SAJA,21cineplex,,16SABB,Drama,113 menit,13+,2D,2026-05-17,424ca51e-3361-4142-9af8-00c1eb979a4c,2026-05-17T14:29:23.748772
5fb3dd3c-3b97-46d1-b05c-f09064ddb3a9,GHOST IN THE CELL,21cineplex,,16GITC,"Comedy, Horror",106 menit,D17+,2D,2026-05-17,2dfc1ab0-cb53-49d6-a9b1-2ee52e5cc850,2026-05-17T14:29:23.748956
5fb3dd3c-3b97-46d1-b05c-f09064ddb3a9,MORTAL KOMBAT II,21cineplex,,25MKT2,"Action, Adventure",116 menit,D17+,2D,2026-05-17,c8b97f60-f4c5-44f0-a779-915ec4c71e29,2026-05-17T14:29:23.749090
5fb3dd3c-3b97-46d1-b05c-f09064ddb3a9,KELUARGA SUAMI ADALAH HAMA,21cineplex,,16KSAH,Drama,117 menit,13+,2D,2026-05-21,6660bca7-b3e3-4a1e-b0cc-e28a92252268,2026-05-17T14:29:23.749178
5fb3dd3c-3b97-46d1-b05c-f09064ddb3a9,SEKAWAN LIMO 2: GUNUNG KLAWIH,21cineplex,,16SK2G,"Comedy, Horror",122 menit,13+,2D,2026-05-27,903f48d3-80b6-493c-b55f-2049f61ee9f1,2026-05-17T14:29:23.749325
85fc8309-310d-4d6d-bcc8-a215e05e23a4,THE SHEEP DETECTIVES,21cineplex,,26SDES,"Comedy, Mystery",109 menit,SU,2D,2026-05-17,b0676567-f9b9-4ed3-938d-a0cbd2c52ee3,2026-05-17T14:29:23.749673
85fc8309-310d-4d6d-bcc8-a215e05e23a4,SEMUA AKAN BAIK-BAIK SAJA,21cineplex,,16SABB,Drama,113 menit,13+,2D,2026-05-17,34655ba2-23d3-4866-99be-03fbd49f6a7a,2026-05-17T14:29:23.749809
85fc8309-310d-4d6d-bcc8-a215e05e23a4,MORTAL KOMBAT II,21cineplex,,25MKT2,"Action, Adventure",116 menit,D17+,2D,2026-05-17,d5557feb-0798-43e0-83f5-826cee0cfc98,2026-05-17T14:29:23.749956
85fc8309-310d-4d6d-bcc8-a215e05e23a4,TUMBAL PROYEK,21cineplex,,16TPRK,Horror,106 menit,D17+,2D,2026-05-17,42cfadb8-66d7-4b54-b98b-a79daef0fc98,2026-05-17T14:29:23.750033
85fc8309-310d-4d6d-bcc8-a215e05e23a4,IN THE GREY,21cineplex,,26ITGY,"Action, Thriller",97 menit,13+,2D,2026-05-17,7cb00357-d039-488e-8496-eecd5ff49567,2026-05-17T14:29:23.750105
85fc8309-310d-4d6d-bcc8-a215e05e23a4,MICHAEL,21cineplex,,26MICL,Biography,127 menit,SU,2D,2026-05-17,339cedab-3af1-4339-b836-df3a42f7b070,2026-05-17T14:29:23.750194
85fc8309-310d-4d6d-bcc8-a215e05e23a4,GOHAN,21cineplex,,26GOHN,Drama,140 menit,SU,2D,2026-05-17,af40b33b-72d8-4768-9276-049654c9a566,2026-05-17T14:29:23.750315
85fc8309-310d-4d6d-bcc8-a215e05e23a4,STAR WARS: THE MANDALORIAN AND GROGU,21cineplex,,26SWMG,"Fantasy, Sci-Fi",132 menit,13+,2D,2026-05-20,a11850bf-fd98-4196-8136-594a7f3b387f,2026-05-17T14:29:23.750398
85fc8309-310d-4d6d-bcc8-a215e05e23a4,KELUARGA SUAMI ADALAH HAMA,21cineplex,,16KSAH,Drama,117 menit,13+,2D,2026-05-21,9d4dabed-7ae1-4291-8a70-2a7200a7188d,2026-05-17T14:29:23.750562
c5004af7-bdc4-45b6-ba90-dcd49c84e49f,SEMUA AKAN BAIK-BAIK SAJA,21cineplex,,16SABB,Drama,113 menit,13+,2D,2026-05-17,5cc01ccc-85ed-47b2-8050-066d4a215ec1,2026-05-17T14:29:27.054912
c5004af7-bdc4-45b6-ba90-dcd49c84e49f,YANG LAIN BOLEH HILANG ASAL KAU JANGAN,21cineplex,,16YLBH,Drama,113 menit,13+,2D,2026-05-17,4d9bec29-ac2a-4121-9371-c60da162473c,2026-05-17T14:29:27.055097
c5004af7-bdc4-45b6-ba90-dcd49c84e49f,GHOST IN THE CELL,21cineplex,,16GITC,"Comedy, Horror",106 menit,D17+,2D,2026-05-17,cba17171-9901-42ac-bf8c-45547ced79ab,2026-05-17T14:29:27.055164
c5004af7-bdc4-45b6-ba90-dcd49c84e49f,TUMBAL PROYEK,21cineplex,,16TPRK,Horror,106 menit,D17+,2D,2026-05-17,fd8eeae8-e753-4407-8b5a-66efb4762240,2026-05-17T14:29:27.055208
c5004af7-bdc4-45b6-ba90-dcd49c84e49f,SALMOKJI: WHISPERING WATER,21cineplex,,26SWWR,Horror,95 menit,D17+,2D,2026-05-17,5b18f5ca-545b-4dbe-bff5-b5d6014d3990,2026-05-17T14:29:27.055272
c5004af7-bdc4-45b6-ba90-dcd49c84e49f,MORTAL KOMBAT II,21cineplex,,25MKT2,"Action, Adventure",116 menit,D17+,2D,2026-05-17,b8c78813-4154-4d1e-968a-74f7205fb4fd,2026-05-17T14:29:27.055310
b5f9566c-8bb5-4d6c-8095-d0a317c0c2d7,MORTAL KOMBAT II,21cineplex,,25MKT2,"Action, Adventure",116 menit,D17+,2D,2026-05-17,f8ed6df1-a54c-4a8e-9a4c-7305c66cac7f,2026-05-17T14:29:28.354591
b5f9566c-8bb5-4d6c-8095-d0a317c0c2d7,SEMUA AKAN BAIK-BAIK SAJA,21cineplex,,16SABB,Drama,113 menit,13+,2D,2026-05-17,e12d6cf6-62d5-4d12-9d62-2f6226a0a00c,2026-05-17T14:29:28.354875
b5f9566c-8bb5-4d6c-8095-d0a317c0c2d7,DILAN ITB 1997,21cineplex,,16DI97,"Drama, Romance",110 menit,13+,2D,2026-05-17,12d7c419-cce3-43e3-9135-24f5babe40b0,2026-05-17T14:29:28.355125
b5f9566c-8bb5-4d6c-8095-d0a317c0c2d7,GOHAN,21cineplex,,26GOHN,Drama,140 menit,SU,2D,2026-05-17,209cc6e8-08d6-4944-9e17-b7ebcd4f63bf,2026-05-17T14:29:28.355274
b5f9566c-8bb5-4d6c-8095-d0a317c0c2d7,TUMBAL PROYEK,21cineplex,,16TPRK,Horror,106 menit,D17+,2D,2026-05-17,0a69f29a-7f49-4d65-aea9-d4a57c5a7d33,2026-05-17T14:29:28.355396
b5f9566c-8bb5-4d6c-8095-d0a317c0c2d7,KELUARGA SUAMI ADALAH HAMA,21cineplex,,16KSAH,Drama,117 menit,13+,2D,2026-05-21,69b2194c-7104-4db9-b8f5-624d4598817f,2026-05-17T14:29:28.355616
a9117a97-bc12-495e-b1c7-1f465212af68,GOHAN,21cineplex,,26GOHN,Drama,140 menit,SU,2D,2026-05-17,48f96ea5-bc19-43a8-ae82-e0794a996ff9,2026-05-17T14:29:30.116426
a9117a97-bc12-495e-b1c7-1f465212af68,THE DEVIL WEARS PRADA 2,21cineplex,,26DWP2,"Comedy, Drama",119 menit,13+,2D,2026-05-17,2b43f0f3-56d5-49e8-a1d6-d9c8690bc9f2,2026-05-17T14:29:30.116482
a9117a97-bc12-495e-b1c7-1f465212af68,SALMOKJI: WHISPERING WATER,21cineplex,,26SWWR,Horror,95 menit,D17+,2D,2026-05-17,ca764cb9-4fad-49af-982e-3de8510663ff,2026-05-17T14:29:30.116527
a9117a97-bc12-495e-b1c7-1f465212af68,DILAN ITB 1997,21cineplex,,16DI97,"Drama, Romance",110 menit,13+,2D,2026-05-17,86100bd3-22f8-4275-99b1-c4e7716e6b61,2026-05-17T14:29:30.116566
a9117a97-bc12-495e-b1c7-1f465212af68,SEMUA AKAN BAIK-BAIK SAJA,21cineplex,,16SABB,Drama,113 menit,13+,2D,2026-05-17,07406ecb-9606-41fc-b645-5732dba53df0,2026-05-17T14:29:30.116611
a9117a97-bc12-495e-b1c7-1f465212af68,THE SHEEP DETECTIVES,21cineplex,,26SDES,"Comedy, Mystery",109 menit,SU,2D,2026-05-17,72fc02b7-1909-4f76-8ce0-cecfce25c5ce,2026-05-17T14:29:30.116696
a9117a97-bc12-495e-b1c7-1f465212af68,MORTAL KOMBAT II,21cineplex,,25MKT2,"Action, Adventure",116 menit,D17+,2D,2026-05-17,8963c7a4-7153-432b-b50a-d74b568346a3,2026-05-17T14:29:30.116729
a9117a97-bc12-495e-b1c7-1f465212af68,SUAMIKU LUKAKU,21cineplex,,16SLUU,Drama,92 menit,D17+,2D,2026-05-27,4a0f5252-9084-43c3-a2a9-9a1b879d94e9,2026-05-17T14:29:30.116791
a4f447ee-17a3-45a5-8d8c-b0e6366533d0,MICHAEL,21cineplex,,26MICL,Biography,127 menit,SU,2D,2026-05-17,67741a1c-5553-4f31-8fe4-8cc429c4bae5,2026-05-17T14:29:31.345025
a4f447ee-17a3-45a5-8d8c-b0e6366533d0,GOHAN,21cineplex,,26GOHN,Drama,140 menit,SU,2D,2026-05-17,576ae081-e622-45a2-8ec2-98825cb9d8dc,2026-05-17T14:29:31.345120
a4f447ee-17a3-45a5-8d8c-b0e6366533d0,MORTAL KOMBAT II,21cineplex,,25MKT2,"Action, Adventure",116 menit,D17+,2D,2026-05-17,368d2b25-dba5-40fe-b23c-ad9a763d92a9,2026-05-17T14:29:31.345184
a4f447ee-17a3-45a5-8d8c-b0e6366533d0,THE DEVIL WEARS PRADA 2,21cineplex,,26DWP2,"Comedy, Drama",119 menit,13+,2D,2026-05-17,b8ee7d75-2334-4216-aca4-d7d0e707b2f4,2026-05-17T14:29:31.345235
a4f447ee-17a3-45a5-8d8c-b0e6366533d0,THE SHEEP DETECTIVES,21cineplex,,26SDES,"Comedy, Mystery",109 menit,SU,2D,2026-05-17,88cb127c-e2be-4eec-868a-838953da9751,2026-05-17T14:29:31.345270
a4f447ee-17a3-45a5-8d8c-b0e6366533d0,IN THE GREY,21cineplex,,26ITGY,"Action, Thriller",97 menit,13+,2D,2026-05-17,4dfa45df-0893-4670-8cd2-4a1ffc88f2ad,2026-05-17T14:29:31.345319
2d5b7c2e-5659-4cef-b5c7-be872575dae6,GHOST IN THE CELL,21cineplex,,16GITC,"Comedy, Horror",106 menit,D17+,2D,2026-05-17,793687ba-23b8-4b4b-9aa2-c23b57f08dc3,2026-05-17T14:29:34.346243
2d5b7c2e-5659-4cef-b5c7-be872575dae6,YANG LAIN BOLEH HILANG ASAL KAU JANGAN,21cineplex,,16YLBH,Drama,113 menit,13+,2D,2026-05-17,7ea34e29-e786-4949-bccb-ec2582e50cca,2026-05-17T14:29:34.346508
2d5b7c2e-5659-4cef-b5c7-be872575dae6,SEMUA AKAN BAIK-BAIK SAJA,21cineplex,,16SABB,Drama,113 menit,13+,2D,2026-05-17,143d674f-6dbe-4714-9cfa-0ad03eab754e,2026-05-17T14:29:34.346685
7132d4da-1abb-42a8-8805-0e067cb4e916,MORTAL KOMBAT II,21cineplex,,25MKT2,"Action, Adventure",116 menit,D17+,2D,2026-05-17,263ab7f1-cf4d-481f-acb7-b44085d22069,2026-05-17T14:29:37.519005
7132d4da-1abb-42a8-8805-0e067cb4e916,TUMBAL PROYEK,21cineplex,,16TPRK,Horror,106 menit,D17+,2D,2026-05-17,1a735c65-f6bf-4506-9da7-1d092ce19b4a,2026-05-17T14:29:37.519127
7132d4da-1abb-42a8-8805-0e067cb4e916,THE SHEEP DETECTIVES,21cineplex,,26SDES,"Comedy, Mystery",109 menit,SU,2D,2026-05-17,0708bab5-9921-4d2e-aef7-046b347a52fa,2026-05-17T14:29:37.519365
7132d4da-1abb-42a8-8805-0e067cb4e916,SALMOKJI: WHISPERING WATER,21cineplex,,26SWWR,Horror,95 menit,D17+,2D,2026-05-17,3ab979ce-a981-41fb-a535-e41336c350a6,2026-05-17T14:29:37.519420
7132d4da-1abb-42a8-8805-0e067cb4e916,YANG LAIN BOLEH HILANG ASAL KAU JANGAN,21cineplex,,16YLBH,Drama,113 menit,13+,2D,2026-05-17,18f0411d-ab5f-4296-8356-7a1ee6297f02,2026-05-17T14:29:37.519453
7132d4da-1abb-42a8-8805-0e067cb4e916,SEMUA AKAN BAIK-BAIK SAJA,21cineplex,,16SABB,Drama,113 menit,13+,2D,2026-05-17,fa437306-6c7d-4a96-858e-ff36aa0bf9f7,2026-05-17T14:29:37.519534
7132d4da-1abb-42a8-8805-0e067cb4e916,GHOST IN THE CELL,21cineplex,,16GITC,"Comedy, Horror",106 menit,D17+,2D,2026-05-17,fdc5dcfa-cc39-44d7-9910-0c3914049742,2026-05-17T14:29:37.519616
7132d4da-1abb-42a8-8805-0e067cb4e916,KELUARGA SUAMI ADALAH HAMA,21cineplex,,16KSAH,Drama,117 menit,13+,2D,2026-05-21,5019b9d1-6faf-4a82-be78-2c4e60e642a0,2026-05-17T14:29:37.519682
7132d4da-1abb-42a8-8805-0e067cb4e916,CHILDREN OF HEAVEN,21cineplex,,16COHN,"Drama, Family",97 menit,SU,2D,2026-05-27,992f0ef7-a135-4bc2-b77b-6fb8dde24825,2026-05-17T14:29:37.519749
7132d4da-1abb-42a8-8805-0e067cb4e916,SEKAWAN LIMO 2: GUNUNG KLAWIH,21cineplex,,16SK2G,"Comedy, Horror",122 menit,13+,2D,2026-05-27,984c26a7-6d57-4ec0-9355-af6ad43dabaf,2026-05-17T14:29:37.519811
8e68ffd5-ea11-49af-ab21-99ddccc2676e,DILAN ITB 1997,21cineplex,,16DI97,"Drama, Romance",110 menit,13+,2D,2026-05-17,b9fe7cb5-076a-4e94-83cd-ae9b7efd0285,2026-05-17T14:29:37.660358
8e68ffd5-ea11-49af-ab21-99ddccc2676e,YANG LAIN BOLEH HILANG ASAL KAU JANGAN,21cineplex,,16YLBH,Drama,113 menit,13+,2D,2026-05-17,076d34f3-58d6-4050-b4b8-4d5b9be27eb7,2026-05-17T14:29:37.660531
8e68ffd5-ea11-49af-ab21-99ddccc2676e,TUMBAL PROYEK,21cineplex,,16TPRK,Horror,106 menit,D17+,2D,2026-05-17,46150f63-293a-4345-a316-55f3be276be0,2026-05-17T14:29:37.660829
8e68ffd5-ea11-49af-ab21-99ddccc2676e,SEMUA AKAN BAIK-BAIK SAJA,21cineplex,,16SABB,Drama,113 menit,13+,2D,2026-05-17,e68b91a0-d86e-4f86-a099-95ffc865a11a,2026-05-17T14:29:37.661140
8e68ffd5-ea11-49af-ab21-99ddccc2676e,GOHAN,21cineplex,,26GOHN,Drama,140 menit,SU,2D,2026-05-17,c7ae07d6-ed08-4f9d-8477-bcb788bbec3e,2026-05-17T14:29:37.661250
8e68ffd5-ea11-49af-ab21-99ddccc2676e,KELUARGA SUAMI ADALAH HAMA,21cineplex,,16KSAH,Drama,117 menit,13+,2D,2026-05-17,15e155a1-1f1f-42fc-b586-8f5b3f61f925,2026-05-17T14:29:37.661292
8e68ffd5-ea11-49af-ab21-99ddccc2676e,SEKAWAN LIMO 2: GUNUNG KLAWIH,21cineplex,,16SK2G,"Comedy, Horror",122 menit,13+,2D,2026-05-27,e6332647-5874-4842-a205-9c0881350b61,2026-05-17T14:29:37.661339
8e68ffd5-ea11-49af-ab21-99ddccc2676e,CHILDREN OF HEAVEN,21cineplex,,16COHN,"Drama, Family",97 menit,SU,2D,2026-05-27,811591c4-77fb-497d-92ab-ad36f4455665,2026-05-17T14:29:37.661471
c22d1b31-3e61-491c-8de7-85cd91cfe91a,YANG LAIN BOLEH HILANG ASAL KAU JANGAN,21cineplex,,16YLBH,Drama,113 menit,13+,2D,2026-05-17,72c71f60-9931-4095-acbc-f6bdd04d36b1,2026-05-17T14:29:39.320738
c22d1b31-3e61-491c-8de7-85cd91cfe91a,SALMOKJI: WHISPERING WATER,21cineplex,,26SWWR,Horror,95 menit,D17+,2D,2026-05-17,77cf1d57-7e58-4723-a5d8-00e847ddf2aa,2026-05-17T14:29:39.320858
c22d1b31-3e61-491c-8de7-85cd91cfe91a,GOHAN,21cineplex,,26GOHN,Drama,140 menit,SU,2D,2026-05-17,2c8b0978-b624-4983-8ff1-79d202cba5ec,2026-05-17T14:29:39.320903
c22d1b31-3e61-491c-8de7-85cd91cfe91a,TUMBAL PROYEK,21cineplex,,16TPRK,Horror,106 menit,D17+,2D,2026-05-17,8fd2017a-1c07-4e1e-adb4-6a7f310e901f,2026-05-17T14:29:39.320930
c22d1b31-3e61-491c-8de7-85cd91cfe91a,SEMUA AKAN BAIK-BAIK SAJA,21cineplex,,16SABB,Drama,113 menit,13+,2D,2026-05-17,64709521-9713-42d4-9670-29516632f01a,2026-05-17T14:29:39.320987
c22d1b31-3e61-491c-8de7-85cd91cfe91a,THE SHEEP DETECTIVES,21cineplex,,26SDES,"Comedy, Mystery",109 menit,SU,2D,2026-05-17,f09c655b-3507-4029-890f-decf8e0596c7,2026-05-17T14:29:39.321072
c22d1b31-3e61-491c-8de7-85cd91cfe91a,MORTAL KOMBAT II,21cineplex,,25MKT2,"Action, Adventure",116 menit,D17+,2D,2026-05-17,b74239df-6421-4690-a212-1f6e08c7f00a,2026-05-17T14:29:39.321107
c22d1b31-3e61-491c-8de7-85cd91cfe91a,GHOST IN THE CELL,21cineplex,,16GITC,"Comedy, Horror",106 menit,D17+,2D,2026-05-17,1f238b9d-3ab5-405e-8008-63c9ad382f67,2026-05-17T14:29:39.321147
c22d1b31-3e61-491c-8de7-85cd91cfe91a,STAR WARS: THE MANDALORIAN AND GROGU,21cineplex,,26SWMG,"Fantasy, Sci-Fi",132 menit,13+,2D,2026-05-20,ef7da188-af8a-482c-9a55-c88cd369da51,2026-05-17T14:29:39.321195
c22d1b31-3e61-491c-8de7-85cd91cfe91a,CHILDREN OF HEAVEN,21cineplex,,16COHN,"Drama, Family",97 menit,SU,2D,2026-05-27,875a07b2-a8c8-4956-bdaa-e7a34abebb84,2026-05-17T14:29:39.321245
5df5be97-a0c1-4e33-aade-18d27a848adc,GHOST IN THE CELL,21cineplex,,16GITC,"Comedy, Horror",106 menit,D17+,2D,2026-05-17,48ed363d-5dda-4a61-88e2-3734db724927,2026-05-17T14:29:40.370745
5df5be97-a0c1-4e33-aade-18d27a848adc,IN THE GREY,21cineplex,,26ITGY,"Action, Thriller",97 menit,13+,2D,2026-05-17,22bc8514-3773-4a7f-bb1b-9fca537497ce,2026-05-17T14:29:40.370917
5df5be97-a0c1-4e33-aade-18d27a848adc,SALMOKJI: WHISPERING WATER,21cineplex,,26SWWR,Horror,95 menit,D17+,2D,2026-05-17,e817df7a-b9f2-4865-9bc6-3afa3c991688,2026-05-17T14:29:40.371053
5df5be97-a0c1-4e33-aade-18d27a848adc,GOHAN,21cineplex,,26GOHN,Drama,140 menit,SU,2D,2026-05-17,bdd2ce4e-6a12-45ec-9796-aa45d25318b2,2026-05-17T14:29:40.371142
7e9e2c2c-5a56-442c-8005-7561d08015a6,MICHAEL,21cineplex,,26MICL,Biography,127 menit,SU,2D,2026-05-17,ae2d2cd6-b6e7-4125-a38a-eec5b6133220,2026-05-17T14:29:44.973035
7e9e2c2c-5a56-442c-8005-7561d08015a6,IN THE GREY,21cineplex,,26ITGY,"Action, Thriller",97 menit,13+,2D,2026-05-17,39daa999-2ecf-46ef-bfbb-90b6b308b87c,2026-05-17T14:29:44.973287
7e9e2c2c-5a56-442c-8005-7561d08015a6,MORTAL KOMBAT II,21cineplex,,25MKT2,"Action, Adventure",116 menit,D17+,2D,2026-05-17,10f2573e-8571-46c5-8d8e-84fdc1f4e145,2026-05-17T14:29:44.973419
7e9e2c2c-5a56-442c-8005-7561d08015a6,SEMUA AKAN BAIK-BAIK SAJA,21cineplex,,16SABB,Drama,113 menit,13+,2D,2026-05-17,d24348de-f388-4509-ab69-2f616424d486,2026-05-17T14:29:44.973623
7e9e2c2c-5a56-442c-8005-7561d08015a6,PROJECT HAIL MARY,21cineplex,,26PHMY,Sci-Fi,157 menit,13+,2D,2026-05-17,c6b51aac-e6fb-4c33-b4bd-9f05552c8751,2026-05-17T14:29:44.973881
7e9e2c2c-5a56-442c-8005-7561d08015a6,GOHAN,21cineplex,,26GOHN,Drama,140 menit,SU,2D,2026-05-17,e238c036-0d39-464f-a55d-30398e5020fc,2026-05-17T14:29:44.974042
7e9e2c2c-5a56-442c-8005-7561d08015a6,STAR WARS: THE MANDALORIAN AND GROGU,21cineplex,,26SWMG,"Fantasy, Sci-Fi",132 menit,13+,2D,2026-05-20,8eb0a741-c6f2-40d6-8102-98002a144830,2026-05-17T14:29:44.974208
7e9e2c2c-5a56-442c-8005-7561d08015a6,KELUARGA SUAMI ADALAH HAMA,21cineplex,,16KSAH,Drama,117 menit,13+,2D,2026-05-21,f4c48476-061c-4ef3-aee1-0152e403fcf9,2026-05-17T14:29:44.974377
7e9e2c2c-5a56-442c-8005-7561d08015a6,SEKAWAN LIMO 2: GUNUNG KLAWIH,21cineplex,,16SK2G,"Comedy, Horror",122 menit,13+,2D,2026-05-27,fd7e2c50-2807-47d3-b770-ad1d6572c0e1,2026-05-17T14:29:44.974566
677afb4e-b66c-4812-9a46-f39ae5184443,GHOST IN THE CELL,21cineplex,,16GITC,"Comedy, Horror",106 menit,D17+,2D,2026-05-17,4c782dcd-1c96-4dce-8e7d-7a718d4f5cd7,2026-05-17T14:29:48.173468
677afb4e-b66c-4812-9a46-f39ae5184443,MORTAL KOMBAT II,21cineplex,,25MKT2,"Action, Adventure",116 menit,D17+,2D,2026-05-17,da2aaceb-e074-4459-a728-7548a40c4e89,2026-05-17T14:29:48.173569
677afb4e-b66c-4812-9a46-f39ae5184443,GOHAN,21cineplex,,26GOHN,Drama,140 menit,SU,2D,2026-05-17,cb658dc3-a13a-48e6-9298-5fc57611d717,2026-05-17T14:29:48.173643
677afb4e-b66c-4812-9a46-f39ae5184443,SEMUA AKAN BAIK-BAIK SAJA,21cineplex,,16SABB,Drama,113 menit,13+,2D,2026-05-17,47e0146a-3652-49a0-92a7-f2d378e53174,2026-05-17T14:29:48.173687
677afb4e-b66c-4812-9a46-f39ae5184443,DILAN ITB 1997,21cineplex,,16DI97,"Drama, Romance",110 menit,13+,2D,2026-05-17,b3a5fe7b-a5b5-47ff-8e6d-47ade2f3db16,2026-05-17T14:29:48.173776
677afb4e-b66c-4812-9a46-f39ae5184443,THE SHEEP DETECTIVES,21cineplex,,26SDES,"Comedy, Mystery",109 menit,SU,2D,2026-05-17,0f601fc3-dfd0-4a7e-a5c9-5f6858a6adcc,2026-05-17T14:29:48.173824
677afb4e-b66c-4812-9a46-f39ae5184443,KELUARGA SUAMI ADALAH HAMA,21cineplex,,16KSAH,Drama,117 menit,13+,2D,2026-05-21,e2577aed-397f-43e8-b690-d19c494d1389,2026-05-17T14:29:48.173885
677afb4e-b66c-4812-9a46-f39ae5184443,SEKAWAN LIMO 2: GUNUNG KLAWIH,21cineplex,,16SK2G,"Comedy, Horror",122 menit,13+,2D,2026-05-27,98f72798-5e72-4a35-a5bc-e1f0e2f9114e,2026-05-17T14:29:48.173958
677afb4e-b66c-4812-9a46-f39ae5184443,CHILDREN OF HEAVEN,21cineplex,,16COHN,"Drama, Family",97 menit,SU,2D,2026-05-27,f2c7d64a-eb31-434b-85e8-cb6832332d13,2026-05-17T14:29:48.174023
b9efd23d-7f3d-4e08-bfc0-36d6dd8554e4,YANG LAIN BOLEH HILANG ASAL KAU JANGAN,21cineplex,,16YLBH,Drama,113 menit,13+,2D,2026-05-17,f9b5b1ab-8b6a-4950-8d0a-b99bb797ebcc,2026-05-17T14:29:49.432661
b9efd23d-7f3d-4e08-bfc0-36d6dd8554e4,GHOST IN THE CELL,21cineplex,,16GITC,"Comedy, Horror",106 menit,D17+,2D,2026-05-17,c63e1303-4a1a-4cc6-bc3b-a2a7ad23b223,2026-05-17T14:29:49.432778
b9efd23d-7f3d-4e08-bfc0-36d6dd8554e4,TUMBAL PROYEK,21cineplex,,16TPRK,Horror,106 menit,D17+,2D,2026-05-17,62f97b3d-76d6-4010-8f1e-95499c4d2c7c,2026-05-17T14:29:49.432868
b9efd23d-7f3d-4e08-bfc0-36d6dd8554e4,SEMUA AKAN BAIK-BAIK SAJA,21cineplex,,16SABB,Drama,113 menit,13+,2D,2026-05-17,c02bf9a0-6a65-415d-b07b-731a317bd668,2026-05-17T14:29:49.432989
b9efd23d-7f3d-4e08-bfc0-36d6dd8554e4,"AYAH, INI ARAHNYA KEMANA, YA?",21cineplex,,16AIAK,Drama,103 menit,13+,2D,2026-05-17,2c2a7bf8-1289-4936-a7dc-bfc1274b41a3,2026-05-17T14:29:49.433091
b9efd23d-7f3d-4e08-bfc0-36d6dd8554e4,KAMU HARUS MATI,21cineplex,,16KHMI,"Horror, Mystery, Thriller",90 menit,13+,2D,2026-05-21,f474e3fb-5245-4436-b5d8-ccce9f0f3136,2026-05-17T14:29:49.433201
b9efd23d-7f3d-4e08-bfc0-36d6dd8554e4,CHILDREN OF HEAVEN,21cineplex,,16COHN,"Drama, Family",97 menit,SU,2D,2026-05-27,ae8e3ab1-97a7-472c-b7de-808ab0b88087,2026-05-17T14:29:49.433291
b9efd23d-7f3d-4e08-bfc0-36d6dd8554e4,SUAMIKU LUKAKU,21cineplex,,16SLUU,Drama,92 menit,D17+,2D,2026-05-27,f08fb8f7-8e60-4100-a0e1-fb3d90814b6d,2026-05-17T14:29:49.433361
3a900ab6-8fa8-4900-b6e0-460d740a4d4b,MICHAEL,21cineplex,,26MICL,Biography,127 menit,SU,2D,2026-05-17,c7894089-8833-4722-bc09-41f9b966a7f3,2026-05-17T14:29:51.130553
3a900ab6-8fa8-4900-b6e0-460d740a4d4b,THE DEVIL WEARS PRADA 2,21cineplex,,26DWP2,"Comedy, Drama",119 menit,13+,2D,2026-05-17,9e4053dc-83a9-435d-8bc3-bf0016d83779,2026-05-17T14:29:51.130840
3a900ab6-8fa8-4900-b6e0-460d740a4d4b,SALMOKJI: WHISPERING WATER,21cineplex,,26SWWR,Horror,95 menit,D17+,2D,2026-05-17,7382691a-e47c-42db-8f0e-e048eccfd85f,2026-05-17T14:29:51.131081
3a900ab6-8fa8-4900-b6e0-460d740a4d4b,LEE CRONIN'S THE MUMMY,21cineplex,,26LCTM,Horror,134 menit,D17+,2D,2026-05-17,dab222ef-5197-4d93-9b3f-2cc81d667daa,2026-05-17T14:29:51.131215
3a900ab6-8fa8-4900-b6e0-460d740a4d4b,GOHAN,21cineplex,,26GOHN,Drama,140 menit,SU,2D,2026-05-17,d1323be9-8804-4113-b670-e75ba8113220,2026-05-17T14:29:51.131315
3a900ab6-8fa8-4900-b6e0-460d740a4d4b,THE SHEEP DETECTIVES,21cineplex,,26SDES,"Comedy, Mystery",109 menit,SU,2D,2026-05-17,4a72b4b1-d805-4929-ba76-12d234582053,2026-05-17T14:29:51.131530
3a900ab6-8fa8-4900-b6e0-460d740a4d4b,GHOST IN THE CELL,21cineplex,,16GITC,"Comedy, Horror",106 menit,D17+,2D,2026-05-17,ca4fe2ac-70f3-43e4-bb8c-2853aa8f1a84,2026-05-17T14:29:51.131732
3a900ab6-8fa8-4900-b6e0-460d740a4d4b,STAR WARS: THE MANDALORIAN AND GROGU,21cineplex,,26SWMG,"Fantasy, Sci-Fi",132 menit,13+,2D,2026-05-20,3290aa4e-ce6c-49ec-abed-d8c3f991ad10,2026-05-17T14:29:51.131974
a3274030-95d5-4b35-94a4-ecc780fae147,SALMOKJI: WHISPERING WATER,21cineplex,,26SWWR,Horror,95 menit,D17+,2D,2026-05-17,c86ab511-426b-4c26-8d37-917fa0a2d5eb,2026-05-17T14:29:55.518796
a3274030-95d5-4b35-94a4-ecc780fae147,IN THE GREY,21cineplex,,26ITGY,"Action, Thriller",97 menit,13+,2D,2026-05-17,709cb08b-00b4-42b8-ae45-a2f9be2d257a,2026-05-17T14:29:55.518877
a3274030-95d5-4b35-94a4-ecc780fae147,THE SHEEP DETECTIVES,21cineplex,,26SDES,"Comedy, Mystery",109 menit,SU,2D,2026-05-17,15338b83-2e6c-4064-9f11-dcdbf75887fb,2026-05-17T14:29:55.518954
a3274030-95d5-4b35-94a4-ecc780fae147,FUZE,21cineplex,,26FUZE,"Action, Crime",96 menit,D17+,2D,2026-05-17,629c9f31-6445-4417-aef6-585074503aa6,2026-05-17T14:29:55.519008
a3274030-95d5-4b35-94a4-ecc780fae147,SEMUA AKAN BAIK-BAIK SAJA,21cineplex,,16SABB,Drama,113 menit,13+,2D,2026-05-17,821ca930-f709-4d95-a23c-70957dd89db8,2026-05-17T14:29:55.519050
a3274030-95d5-4b35-94a4-ecc780fae147,TIBA TIBA SETAN,21cineplex,,16TTSN,"Comedy, Horror",113 menit,13+,2D,2026-05-17,ede3adf8-a9c1-4c71-9ffd-129aa6cf716a,2026-05-17T14:29:55.519159
a3274030-95d5-4b35-94a4-ecc780fae147,GHOST IN THE CELL,21cineplex,,16GITC,"Comedy, Horror",106 menit,D17+,2D,2026-05-17,58c06e27-fdad-4801-952b-7f6b9ed6884c,2026-05-17T14:29:55.519231
a3274030-95d5-4b35-94a4-ecc780fae147,TUMBAL PROYEK,21cineplex,,16TPRK,Horror,106 menit,D17+,2D,2026-05-17,06b1bfca-97c0-41dd-aa41-e87fc11b1d37,2026-05-17T14:29:55.519310
a3274030-95d5-4b35-94a4-ecc780fae147,MORTAL KOMBAT II,21cineplex,,25MKT2,"Action, Adventure",116 menit,D17+,2D,2026-05-17,9830b258-7538-4191-b1bb-93f71cb5ee58,2026-05-17T14:29:55.519380
a3274030-95d5-4b35-94a4-ecc780fae147,YANG LAIN BOLEH HILANG ASAL KAU JANGAN,21cineplex,,16YLBH,Drama,113 menit,13+,2D,2026-05-17,99f17fe2-b6e0-4bea-a346-a93088462bc4,2026-05-17T14:29:55.519453
a3274030-95d5-4b35-94a4-ecc780fae147,TOP GUN: MAVERICK (RE-RELEASE),21cineplex,,26TGMK,Action,130 menit,SU,2D,2026-05-17,5d49f0eb-71f2-4931-a49f-12be92a5ef5c,2026-05-17T14:29:55.519535
a3274030-95d5-4b35-94a4-ecc780fae147,GOHAN,21cineplex,,26GOHN,Drama,140 menit,SU,2D,2026-05-17,1d3058d7-07af-4b5f-87c7-acaca937f385,2026-05-17T14:29:55.519576
a3274030-95d5-4b35-94a4-ecc780fae147,STAR WARS: THE MANDALORIAN AND GROGU,21cineplex,,26SWMG,"Fantasy, Sci-Fi",132 menit,13+,2D,2026-05-20,49bac9cb-b582-4b1e-8c79-6b3b9f17d69a,2026-05-17T14:29:55.519642
a3274030-95d5-4b35-94a4-ecc780fae147,KELUARGA SUAMI ADALAH HAMA,21cineplex,,16KSAH,Drama,117 menit,13+,2D,2026-05-21,2cf5d14e-2945-42ed-bf3d-7ea06965c154,2026-05-17T14:29:55.519704
a3274030-95d5-4b35-94a4-ecc780fae147,KAMU HARUS MATI,21cineplex,,16KHMI,"Horror, Mystery, Thriller",90 menit,13+,2D,2026-05-21,24e0d258-a0e1-46da-996b-beb6c5220071,2026-05-17T14:29:55.519781
a3274030-95d5-4b35-94a4-ecc780fae147,SEKAWAN LIMO 2: GUNUNG KLAWIH,21cineplex,,16SK2G,"Comedy, Horror",122 menit,13+,2D,2026-05-27,69a4894a-b44b-4708-804f-373c348b627c,2026-05-17T14:29:55.519862
a3274030-95d5-4b35-94a4-ecc780fae147,SUAMIKU LUKAKU,21cineplex,,16SLUU,Drama,92 menit,D17+,2D,2026-05-27,a3f7c7f1-c551-4faa-be4a-f528753cd184,2026-05-17T14:29:55.519925
a3274030-95d5-4b35-94a4-ecc780fae147,CHILDREN OF HEAVEN,21cineplex,,16COHN,"Drama, Family",97 menit,SU,2D,2026-05-27,606ee27b-5f25-4bd9-91a8-914f510427fa,2026-05-17T14:29:55.520000
c378d7ff-e519-44f3-b01c-eb65059c0f25,MORTAL KOMBAT II,21cineplex,,25MKT2,"Action, Adventure",116 menit,D17+,2D,2026-05-17,d2bb26ca-5fdb-435d-a0de-b22f832ef60a,2026-05-17T14:29:57.162092
c378d7ff-e519-44f3-b01c-eb65059c0f25,YANG LAIN BOLEH HILANG ASAL KAU JANGAN,21cineplex,,16YLBH,Drama,113 menit,13+,2D,2026-05-17,f962e3aa-8d75-4541-96c3-f81c1ec5dac7,2026-05-17T14:29:57.164185
c378d7ff-e519-44f3-b01c-eb65059c0f25,THE SHEEP DETECTIVES,21cineplex,,26SDES,"Comedy, Mystery",109 menit,SU,2D,2026-05-17,84a4f990-412c-41ca-8519-7a327e0eb826,2026-05-17T14:29:57.164933
c378d7ff-e519-44f3-b01c-eb65059c0f25,SEMUA AKAN BAIK-BAIK SAJA,21cineplex,,16SABB,Drama,113 menit,13+,2D,2026-05-17,bc40119c-8b4b-4ede-9806-62b1e4136741,2026-05-17T14:29:57.165421
c378d7ff-e519-44f3-b01c-eb65059c0f25,TIBA TIBA SETAN,21cineplex,,16TTSN,"Comedy, Horror",113 menit,13+,2D,2026-05-17,8cc2e8c2-3a09-4422-af42-be423eef4eb4,2026-05-17T14:29:57.165818
c378d7ff-e519-44f3-b01c-eb65059c0f25,DILAN ITB 1997,21cineplex,,16DI97,"Drama, Romance",110 menit,13+,2D,2026-05-17,dc87f916-7c8c-40bf-a248-be53356ac204,2026-05-17T14:29:57.166447
c378d7ff-e519-44f3-b01c-eb65059c0f25,TUMBAL PROYEK,21cineplex,,16TPRK,Horror,106 menit,D17+,2D,2026-05-17,7efa0ae9-1bbf-4511-a17c-ab69e8cd8ffb,2026-05-17T14:29:57.166565
c378d7ff-e519-44f3-b01c-eb65059c0f25,KELUARGA SUAMI ADALAH HAMA,21cineplex,,16KSAH,Drama,117 menit,13+,2D,2026-05-21,ee43bf49-f514-47b4-925e-23f07167c528,2026-05-17T14:29:57.169067
c378d7ff-e519-44f3-b01c-eb65059c0f25,SEKAWAN LIMO 2: GUNUNG KLAWIH,21cineplex,,16SK2G,"Comedy, Horror",122 menit,13+,2D,2026-05-27,7ee5cd9d-702b-4266-87c8-8eb473e6a85b,2026-05-17T14:29:57.169157
c378d7ff-e519-44f3-b01c-eb65059c0f25,CHILDREN OF HEAVEN,21cineplex,,16COHN,"Drama, Family",97 menit,SU,2D,2026-05-27,68dfca98-f917-4d4e-9e32-a89d0fa75a63,2026-05-17T14:29:57.169222
76688d9a-4e46-4e31-af7b-390f01785e54,TUMBAL PROYEK,21cineplex,,16TPRK,Horror,106 menit,D17+,2D,2026-05-17,118be67e-240d-46e5-adea-f0f36195d2b2,2026-05-17T14:29:58.374054
76688d9a-4e46-4e31-af7b-390f01785e54,SEMUA AKAN BAIK-BAIK SAJA,21cineplex,,16SABB,Drama,113 menit,13+,2D,2026-05-17,ea6922d0-efe5-4176-b5f0-2e06a549a9fd,2026-05-17T14:29:58.374300
76688d9a-4e46-4e31-af7b-390f01785e54,GHOST IN THE CELL,21cineplex,,16GITC,"Comedy, Horror",106 menit,D17+,2D,2026-05-17,9c9a7d43-d200-446a-88b5-3eee76d3383e,2026-05-17T14:29:58.374536
76688d9a-4e46-4e31-af7b-390f01785e54,DILAN ITB 1997,21cineplex,,16DI97,"Drama, Romance",110 menit,13+,2D,2026-05-17,da177b05-20c3-482b-be8a-6fe06645b13c,2026-05-17T14:29:58.374727
76688d9a-4e46-4e31-af7b-390f01785e54,SEKAWAN LIMO 2: GUNUNG KLAWIH,21cineplex,,16SK2G,"Comedy, Horror",122 menit,13+,2D,2026-05-27,f8a5c5af-62ca-486c-a555-103ea73eda42,2026-05-17T14:29:58.374923
07c849bc-250d-452e-a4f1-94bff1fa4aa5,GOHAN,21cineplex,,26GOHN,Drama,140 menit,SU,2D,2026-05-17,1e9b2a9e-6347-470f-8de4-5797f2640e74,2026-05-17T14:30:00.129797
07c849bc-250d-452e-a4f1-94bff1fa4aa5,SALMOKJI: WHISPERING WATER,21cineplex,,26SWWR,Horror,95 menit,D17+,2D,2026-05-17,dc755fbe-3bc3-4d96-8613-7b4e0c627d32,2026-05-17T14:30:00.129937
07c849bc-250d-452e-a4f1-94bff1fa4aa5,THE DEVIL WEARS PRADA 2,21cineplex,,26DWP2,"Comedy, Drama",119 menit,13+,2D,2026-05-17,f65b094a-97f8-4a9c-9850-97218e066ec5,2026-05-17T14:30:00.130045
07c849bc-250d-452e-a4f1-94bff1fa4aa5,GHOST IN THE CELL,21cineplex,,16GITC,"Comedy, Horror",106 menit,D17+,2D,2026-05-17,fad9d8ec-1de4-4379-b6fe-a65a9152ab6e,2026-05-17T14:30:00.130090
07c849bc-250d-452e-a4f1-94bff1fa4aa5,SEMUA AKAN BAIK-BAIK SAJA,21cineplex,,16SABB,Drama,113 menit,13+,2D,2026-05-17,c5fdc57b-f72a-42de-b002-52d93aa61773,2026-05-17T14:30:00.130193
07c849bc-250d-452e-a4f1-94bff1fa4aa5,STAR WARS: THE MANDALORIAN AND GROGU,21cineplex,,26SWMG,"Fantasy, Sci-Fi",132 menit,13+,2D,2026-05-20,d0e3bbec-fdfc-4863-8f71-78ba9f945589,2026-05-17T14:30:00.130348
13f95113-3913-4260-958e-b7609379c4e5,SEMUA AKAN BAIK-BAIK SAJA,21cineplex,,16SABB,Drama,113 menit,13+,2D,2026-05-17,a6c58ab8-c725-473b-9f01-abcb8e89eb24,2026-05-17T14:30:02.920191
13f95113-3913-4260-958e-b7609379c4e5,TUMBAL PROYEK,21cineplex,,16TPRK,Horror,106 menit,D17+,2D,2026-05-17,7f766cc3-d820-4dd6-aeec-ed65ab84496a,2026-05-17T14:30:02.920366
13f95113-3913-4260-958e-b7609379c4e5,THE SHEEP DETECTIVES,21cineplex,,26SDES,"Comedy, Mystery",109 menit,SU,2D,2026-05-17,23f27c43-d496-4bf8-85de-32371891c60e,2026-05-17T14:30:02.920442
13f95113-3913-4260-958e-b7609379c4e5,YANG LAIN BOLEH HILANG ASAL KAU JANGAN,21cineplex,,16YLBH,Drama,113 menit,13+,2D,2026-05-17,3bcf5f8f-d9ea-4c68-a53b-2c36b8271f2a,2026-05-17T14:30:02.920546
13f95113-3913-4260-958e-b7609379c4e5,GHOST IN THE CELL,21cineplex,,16GITC,"Comedy, Horror",106 menit,D17+,2D,2026-05-17,503df4b7-39e4-4997-8fec-40682fceab0e,2026-05-17T14:30:02.920628
13f95113-3913-4260-958e-b7609379c4e5,GOHAN,21cineplex,,26GOHN,Drama,140 menit,SU,2D,2026-05-17,d77941c0-ccd1-42d7-8749-55e5c23330c4,2026-05-17T14:30:02.920676
13f95113-3913-4260-958e-b7609379c4e5,STAR WARS: THE MANDALORIAN AND GROGU,21cineplex,,26SWMG,"Fantasy, Sci-Fi",132 menit,13+,2D,2026-05-20,05af82fb-ed20-47fd-bf2a-511d3dd0b11d,2026-05-17T14:30:02.920732
13f95113-3913-4260-958e-b7609379c4e5,KELUARGA SUAMI ADALAH HAMA,21cineplex,,16KSAH,Drama,117 menit,13+,2D,2026-05-21,2f5bef55-7d1a-4b39-9420-c2351a50d815,2026-05-17T14:30:02.920803
a0ab0136-4be0-47ce-a81a-0b16f03f32bd,MORTAL KOMBAT II,21cineplex,,25MKT2,"Action, Adventure",116 menit,D17+,2D,2026-05-17,ff0c0280-b12a-4a17-a516-634460979df7,2026-05-17T14:30:06.197421
a0ab0136-4be0-47ce-a81a-0b16f03f32bd,SEMUA AKAN BAIK-BAIK SAJA,21cineplex,,16SABB,Drama,113 menit,13+,2D,2026-05-17,66ff1a8f-bef0-4d2e-b239-2664248b6c41,2026-05-17T14:30:06.197570
a0ab0136-4be0-47ce-a81a-0b16f03f32bd,TUMBAL PROYEK,21cineplex,,16TPRK,Horror,106 menit,D17+,2D,2026-05-17,eec68729-bf20-454b-86d9-67ac164dde48,2026-05-17T14:30:06.197749
a0ab0136-4be0-47ce-a81a-0b16f03f32bd,THE SHEEP DETECTIVES,21cineplex,,26SDES,"Comedy, Mystery",109 menit,SU,2D,2026-05-17,0faab866-d3c0-432d-a59a-b1a41633f108,2026-05-17T14:30:06.197863
a0ab0136-4be0-47ce-a81a-0b16f03f32bd,GHOST IN THE CELL,21cineplex,,16GITC,"Comedy, Horror",106 menit,D17+,2D,2026-05-17,b9a3acd4-fb5e-4d2e-876e-c4b33807d5e9,2026-05-17T14:30:06.197940
a0ab0136-4be0-47ce-a81a-0b16f03f32bd,YANG LAIN BOLEH HILANG ASAL KAU JANGAN,21cineplex,,16YLBH,Drama,113 menit,13+,2D,2026-05-17,5404ae1c-dec7-4ada-bac4-606364812352,2026-05-17T14:30:06.198083
a0ab0136-4be0-47ce-a81a-0b16f03f32bd,TIBA TIBA SETAN,21cineplex,,16TTSN,"Comedy, Horror",113 menit,13+,2D,2026-05-17,8b7a6ba0-3d34-4a9e-a59d-1a4f08767abf,2026-05-17T14:30:06.198226
a0ab0136-4be0-47ce-a81a-0b16f03f32bd,SEKAWAN LIMO 2: GUNUNG KLAWIH,21cineplex,,16SK2G,"Comedy, Horror",122 menit,13+,2D,2026-05-27,fde28c88-030b-4134-99d3-f6fba084acd8,2026-05-17T14:30:06.198338
a0ab0136-4be0-47ce-a81a-0b16f03f32bd,CHILDREN OF HEAVEN,21cineplex,,16COHN,"Drama, Family",97 menit,SU,2D,2026-05-27,50a407f9-253f-4294-9f51-f7be038c6f47,2026-05-17T14:30:06.198457
36b9c0c1-8d89-436b-bc7a-1113b6818a2c,YANG LAIN BOLEH HILANG ASAL KAU JANGAN,21cineplex,,16YLBH,Drama,113 menit,13+,2D,2026-05-17,73f99159-a7ef-426e-ac70-9ef21b344ba6,2026-05-17T14:30:07.384118
36b9c0c1-8d89-436b-bc7a-1113b6818a2c,MORTAL KOMBAT II,21cineplex,,25MKT2,"Action, Adventure",116 menit,D17+,2D,2026-05-17,2d065954-a9cc-473a-b9d6-3dc2b4e7367b,2026-05-17T14:30:07.384374
36b9c0c1-8d89-436b-bc7a-1113b6818a2c,SEMUA AKAN BAIK-BAIK SAJA,21cineplex,,16SABB,Drama,113 menit,13+,2D,2026-05-17,67c47df4-198c-414d-b912-ca552848eb50,2026-05-17T14:30:07.384650
36b9c0c1-8d89-436b-bc7a-1113b6818a2c,TUMBAL PROYEK,21cineplex,,16TPRK,Horror,106 menit,D17+,2D,2026-05-17,f801e61d-fd9f-4ab9-9395-7b32d44fa2a7,2026-05-17T14:30:07.384929
36b9c0c1-8d89-436b-bc7a-1113b6818a2c,GHOST IN THE CELL,21cineplex,,16GITC,"Comedy, Horror",106 menit,D17+,2D,2026-05-17,ec00aa80-03b8-4eff-9bba-543483e8f9eb,2026-05-17T14:30:07.385160
74c777a6-15c4-49da-82c2-1c7d0c58c45d,GHOST IN THE CELL,21cineplex,,16GITC,"Comedy, Horror",106 menit,D17+,2D,2026-05-17,2fdceb11-c225-4713-a10e-c1885c88f15e,2026-05-17T14:30:09.159016
74c777a6-15c4-49da-82c2-1c7d0c58c45d,YANG LAIN BOLEH HILANG ASAL KAU JANGAN,21cineplex,,16YLBH,Drama,113 menit,13+,2D,2026-05-17,a28b150c-56a5-4045-bdef-a6265463d3ab,2026-05-17T14:30:09.159221
74c777a6-15c4-49da-82c2-1c7d0c58c45d,SEMUA AKAN BAIK-BAIK SAJA,21cineplex,,16SABB,Drama,113 menit,13+,2D,2026-05-17,bab14381-2f51-4e6c-94ea-78c9e0e239d3,2026-05-17T14:30:09.159610
74c777a6-15c4-49da-82c2-1c7d0c58c45d,SALMOKJI: WHISPERING WATER,21cineplex,,26SWWR,Horror,95 menit,D17+,2D,2026-05-17,cde80eed-10a6-4c86-b115-fe51d01aa552,2026-05-17T14:30:09.160161
74c777a6-15c4-49da-82c2-1c7d0c58c45d,THE SHEEP DETECTIVES,21cineplex,,26SDES,"Comedy, Mystery",109 menit,SU,2D,2026-05-17,0b3acea4-b3db-481c-8688-5bde72267e95,2026-05-17T14:30:09.160326
74c777a6-15c4-49da-82c2-1c7d0c58c45d,TUMBAL PROYEK,21cineplex,,16TPRK,Horror,106 menit,D17+,2D,2026-05-17,b1827748-24b7-4ac7-b448-cb09d6cd9591,2026-05-17T14:30:09.160427
74c777a6-15c4-49da-82c2-1c7d0c58c45d,KAMU HARUS MATI,21cineplex,,16KHMI,"Horror, Mystery, Thriller",90 menit,13+,2D,2026-05-21,4bc93b41-5a8b-495a-991c-5f94642f8372,2026-05-17T14:30:09.160621
74c777a6-15c4-49da-82c2-1c7d0c58c45d,SEKAWAN LIMO 2: GUNUNG KLAWIH,21cineplex,,16SK2G,"Comedy, Horror",122 menit,13+,2D,2026-05-27,2259400a-783d-454b-b0b3-138c77ce27bd,2026-05-17T14:30:09.160819
097bc9e4-887b-4df2-b7af-7150f914d7e8,GHOST IN THE CELL,21cineplex,,16GITC,"Comedy, Horror",106 menit,D17+,2D,2026-05-17,3067a9dc-a09d-4ba5-8372-43b04f907cdd,2026-05-17T14:30:10.404364
097bc9e4-887b-4df2-b7af-7150f914d7e8,SEMUA AKAN BAIK-BAIK SAJA,21cineplex,,16SABB,Drama,113 menit,13+,2D,2026-05-17,818bc61c-978e-4fd0-bdc3-0d37e907d08c,2026-05-17T14:30:10.404431
097bc9e4-887b-4df2-b7af-7150f914d7e8,MORTAL KOMBAT II,21cineplex,,25MKT2,"Action, Adventure",116 menit,D17+,2D,2026-05-17,fd6d0fb3-ee8a-478b-98a3-c3a9152e4333,2026-05-17T14:30:10.404514
097bc9e4-887b-4df2-b7af-7150f914d7e8,GOHAN,21cineplex,,26GOHN,Drama,140 menit,SU,2D,2026-05-17,369b5b6d-be93-41c7-bfcf-95458a15a509,2026-05-17T14:30:10.404562
097bc9e4-887b-4df2-b7af-7150f914d7e8,TUMBAL PROYEK,21cineplex,,16TPRK,Horror,106 menit,D17+,2D,2026-05-17,1d27a939-c977-4b27-a47c-ef3cbfdfe1e0,2026-05-17T14:30:10.404604
a1685e94-c025-49ae-9ffe-fca7173bed04,GOHAN,21cineplex,,26GOHN,Drama,140 menit,SU,2D,2026-05-17,f37b4757-37f3-4269-b079-b5e2b396ddeb,2026-05-17T14:30:12.115398
a1685e94-c025-49ae-9ffe-fca7173bed04,THE DEVIL WEARS PRADA 2,21cineplex,,26DWP2,"Comedy, Drama",119 menit,13+,2D,2026-05-17,1fcca2cb-98d9-485d-b54c-447a9b19b262,2026-05-17T14:30:12.115607
a1685e94-c025-49ae-9ffe-fca7173bed04,MICHAEL,21cineplex,,26MICL,Biography,127 menit,SU,2D,2026-05-17,0c68b79b-2b14-4afc-9202-d334bd33fe36,2026-05-17T14:30:12.115699
a1685e94-c025-49ae-9ffe-fca7173bed04,MORTAL KOMBAT II,21cineplex,,25MKT2,"Action, Adventure",116 menit,D17+,2D,2026-05-17,f04ef6d5-da40-4f94-bffe-22a6fad820b0,2026-05-17T14:30:12.115842
febc79c3-f8b0-4d53-8af3-2aec1f486f2f,THE SHEEP DETECTIVES,21cineplex,,26SDES,"Comedy, Mystery",109 menit,SU,2D,2026-05-17,e625c97b-3d0c-41ab-ae52-0a93c13bdedb,2026-05-17T14:30:13.419145
febc79c3-f8b0-4d53-8af3-2aec1f486f2f,SEMUA AKAN BAIK-BAIK SAJA,21cineplex,,16SABB,Drama,113 menit,13+,2D,2026-05-17,a9f70312-369c-4846-9c57-c6966567f20d,2026-05-17T14:30:13.419348
febc79c3-f8b0-4d53-8af3-2aec1f486f2f,GHOST IN THE CELL,21cineplex,,16GITC,"Comedy, Horror",106 menit,D17+,2D,2026-05-17,987234a3-e1eb-41e2-940a-9bfe8ef8ef88,2026-05-17T14:30:13.419516
febc79c3-f8b0-4d53-8af3-2aec1f486f2f,SALMOKJI: WHISPERING WATER,21cineplex,,26SWWR,Horror,95 menit,D17+,2D,2026-05-17,1c061711-436e-4c4b-a087-c337f8154156,2026-05-17T14:30:13.419646
febc79c3-f8b0-4d53-8af3-2aec1f486f2f,TUMBAL PROYEK,21cineplex,,16TPRK,Horror,106 menit,D17+,2D,2026-05-17,5b21ac8c-006c-40a6-a426-bd8f45004f66,2026-05-17T14:30:13.419739
febc79c3-f8b0-4d53-8af3-2aec1f486f2f,YANG LAIN BOLEH HILANG ASAL KAU JANGAN,21cineplex,,16YLBH,Drama,113 menit,13+,2D,2026-05-17,11d4c9f0-b6a6-4fa5-ba8d-6305c7e3a098,2026-05-17T14:30:13.419911
febc79c3-f8b0-4d53-8af3-2aec1f486f2f,SEKAWAN LIMO 2: GUNUNG KLAWIH,21cineplex,,16SK2G,"Comedy, Horror",122 menit,13+,2D,2026-05-27,55aceba7-421a-4e12-a9ef-9e2aafec1741,2026-05-17T14:30:13.420115
2a81fa84-bb1a-4eb6-9b44-dffddd3f5743,MORTAL KOMBAT II,21cineplex,,25MKT2,"Action, Adventure",116 menit,D17+,2D,2026-05-17,8e9f76ba-aa09-4522-a2b8-9385424f5694,2026-05-17T14:30:14.970951
2a81fa84-bb1a-4eb6-9b44-dffddd3f5743,SEMUA AKAN BAIK-BAIK SAJA,21cineplex,,16SABB,Drama,113 menit,13+,2D,2026-05-17,395017dd-3cef-40c8-a563-adb6617c6aa5,2026-05-17T14:30:14.971029
2a81fa84-bb1a-4eb6-9b44-dffddd3f5743,GHOST IN THE CELL,21cineplex,,16GITC,"Comedy, Horror",106 menit,D17+,2D,2026-05-17,7f5d77ba-1b2d-4b02-abb3-fe4ba7ed6955,2026-05-17T14:30:14.971107
2a81fa84-bb1a-4eb6-9b44-dffddd3f5743,TUMBAL PROYEK,21cineplex,,16TPRK,Horror,106 menit,D17+,2D,2026-05-17,be38306a-f0df-4b40-b3ac-2d3d80600caa,2026-05-17T14:30:14.971148
2a81fa84-bb1a-4eb6-9b44-dffddd3f5743,GOHAN,21cineplex,,26GOHN,Drama,140 menit,SU,2D,2026-05-17,ed282194-d35d-4c2c-ac9e-f047e304e4c2,2026-05-17T14:30:14.971207
2a81fa84-bb1a-4eb6-9b44-dffddd3f5743,THE SHEEP DETECTIVES,21cineplex,,26SDES,"Comedy, Mystery",109 menit,SU,2D,2026-05-17,a342fd53-622a-410d-94c7-12245c5261fd,2026-05-17T14:30:14.971242
2a81fa84-bb1a-4eb6-9b44-dffddd3f5743,KELUARGA SUAMI ADALAH HAMA,21cineplex,,16KSAH,Drama,117 menit,13+,2D,2026-05-21,6744f163-91dc-43fc-b472-cb642d8d3f87,2026-05-17T14:30:14.971295
2a81fa84-bb1a-4eb6-9b44-dffddd3f5743,SEKAWAN LIMO 2: GUNUNG KLAWIH,21cineplex,,16SK2G,"Comedy, Horror",122 menit,13+,2D,2026-05-27,618d732a-759d-4292-82e3-406c37a4d065,2026-05-17T14:30:14.971359
e8541de7-8680-4dee-aed6-5ba69edea0ce,GOHAN,21cineplex,,26GOHN,Drama,140 menit,SU,2D,2026-05-17,a836362d-db34-4343-841e-41d25d563af7,2026-05-17T14:30:16.457831
e8541de7-8680-4dee-aed6-5ba69edea0ce,SEMUA AKAN BAIK-BAIK SAJA,21cineplex,,16SABB,Drama,113 menit,13+,2D,2026-05-17,adaff1c1-22b6-4e50-bf5c-44207b125418,2026-05-17T14:30:16.457989
e8541de7-8680-4dee-aed6-5ba69edea0ce,GHOST IN THE CELL,21cineplex,,16GITC,"Comedy, Horror",106 menit,D17+,2D,2026-05-17,4ccc5a3b-d342-42e2-8764-7ef96510a119,2026-05-17T14:30:16.458145
e8541de7-8680-4dee-aed6-5ba69edea0ce,SALMOKJI: WHISPERING WATER,21cineplex,,26SWWR,Horror,95 menit,D17+,2D,2026-05-17,f76bf41d-79e0-4a38-b180-d0cd7902da79,2026-05-17T14:30:16.458235
e8541de7-8680-4dee-aed6-5ba69edea0ce,THE SHEEP DETECTIVES,21cineplex,,26SDES,"Comedy, Mystery",109 menit,SU,2D,2026-05-17,63dbc234-6825-4e87-a2de-ce16cb1ecf26,2026-05-17T14:30:16.458303
e8541de7-8680-4dee-aed6-5ba69edea0ce,THE DEVIL WEARS PRADA 2,21cineplex,,26DWP2,"Comedy, Drama",119 menit,13+,2D,2026-05-17,e6f050c5-e908-4d78-8e88-710783091111,2026-05-17T14:30:16.458420
e8541de7-8680-4dee-aed6-5ba69edea0ce,IN THE GREY,21cineplex,,26ITGY,"Action, Thriller",97 menit,13+,2D,2026-05-17,9aa29e53-9194-454d-8056-3edf6a162fa7,2026-05-17T14:30:16.458458
e8541de7-8680-4dee-aed6-5ba69edea0ce,DILAN ITB 1997,21cineplex,,16DI97,"Drama, Romance",110 menit,13+,2D,2026-05-17,17cbc5a2-abfc-410c-a21f-d1049ab60e2f,2026-05-17T14:30:16.458496
e8541de7-8680-4dee-aed6-5ba69edea0ce,TOP GUN: MAVERICK (RE-RELEASE),21cineplex,,26TGMK,Action,130 menit,SU,2D,2026-05-17,6dede680-825e-406c-8904-30e2e1403912,2026-05-17T14:30:16.458565
e8541de7-8680-4dee-aed6-5ba69edea0ce,STAR WARS: THE MANDALORIAN AND GROGU,21cineplex,,26SWMG,"Fantasy, Sci-Fi",132 menit,13+,2D,2026-05-20,ba308f48-2881-455e-aaf2-3e0373cf5726,2026-05-17T14:30:16.458612
e8541de7-8680-4dee-aed6-5ba69edea0ce,CHILDREN OF HEAVEN,21cineplex,,16COHN,"Drama, Family",97 menit,SU,2D,2026-05-27,812ad327-06fb-4b1d-804a-bb53fd7ac785,2026-05-17T14:30:16.458688
f7dacb93-1f67-4a66-a625-ca43dee0cba7,GHOST IN THE CELL,21cineplex,,16GITC,"Comedy, Horror",106 menit,D17+,2D,2026-05-17,ae378a4c-fb19-40ca-87f6-cf088b8000c8,2026-05-17T14:30:21.712889
f7dacb93-1f67-4a66-a625-ca43dee0cba7,IN THE GREY,21cineplex,,26ITGY,"Action, Thriller",97 menit,13+,2D,2026-05-17,1d88e9a8-6d33-4373-be9e-9d984e04d6e6,2026-05-17T14:30:21.713246
f7dacb93-1f67-4a66-a625-ca43dee0cba7,THE SHEEP DETECTIVES,21cineplex,,26SDES,"Comedy, Mystery",109 menit,SU,2D,2026-05-17,cecc65e7-47dd-4c42-b9c5-335bf2148e15,2026-05-17T14:30:21.713742
f7dacb93-1f67-4a66-a625-ca43dee0cba7,FUZE,21cineplex,,26FUZE,"Action, Crime",96 menit,D17+,2D,2026-05-17,85703268-dbdb-44e7-ab32-0ae0889d5155,2026-05-17T14:30:21.713922
f7dacb93-1f67-4a66-a625-ca43dee0cba7,SALMOKJI: WHISPERING WATER,21cineplex,,26SWWR,Horror,95 menit,D17+,2D,2026-05-17,f675e587-d9b3-4099-907d-40398af7ea9f,2026-05-17T14:30:21.714122
f7dacb93-1f67-4a66-a625-ca43dee0cba7,GOHAN,21cineplex,,26GOHN,Drama,140 menit,SU,2D,2026-05-17,7cced7c7-ab78-494b-a3b0-0af33ef3cd8e,2026-05-17T14:30:21.714473
f7dacb93-1f67-4a66-a625-ca43dee0cba7,MORTAL KOMBAT II,21cineplex,,25MKT2,"Action, Adventure",116 menit,D17+,2D,2026-05-17,fcb6579b-7b21-4625-a43e-11703895fcb6,2026-05-17T14:30:21.714578
f7dacb93-1f67-4a66-a625-ca43dee0cba7,MICHAEL,21cineplex,,26MICL,Biography,127 menit,SU,2D,2026-05-17,65be0437-8354-4d85-a5a5-c4e7fd1057ef,2026-05-17T14:30:21.714631
f7dacb93-1f67-4a66-a625-ca43dee0cba7,STAR WARS: THE MANDALORIAN AND GROGU,21cineplex,,26SWMG,"Fantasy, Sci-Fi",132 menit,13+,2D,2026-05-20,45bafb9e-0ba3-48e5-b3b2-649206ee2d46,2026-05-17T14:30:21.714695
cc62a8ea-569c-4624-a4ca-884d34c9423a,SALMOKJI: WHISPERING WATER,21cineplex,,26SWWR,Horror,95 menit,D17+,2D,2026-05-17,010593d3-7225-428c-b36f-8a300cfff9d0,2026-05-17T14:30:25.475992
cc62a8ea-569c-4624-a4ca-884d34c9423a,GOHAN,21cineplex,,26GOHN,Drama,140 menit,SU,2D,2026-05-17,9844ba27-83b7-467f-a9c9-e6b9179b1c3d,2026-05-17T14:30:25.476129
cc62a8ea-569c-4624-a4ca-884d34c9423a,DILAN ITB 1997,21cineplex,,16DI97,"Drama, Romance",110 menit,13+,2D,2026-05-17,4e65fcc3-0e08-477f-9e1b-1538436840b9,2026-05-17T14:30:25.476366
cc62a8ea-569c-4624-a4ca-884d34c9423a,LEE CRONIN'S THE MUMMY,21cineplex,,26LCTM,Horror,134 menit,D17+,2D,2026-05-17,a95f00f9-81f1-4230-8df0-36fa28a4f0cc,2026-05-17T14:30:25.476480
cc62a8ea-569c-4624-a4ca-884d34c9423a,MORTAL KOMBAT II,21cineplex,,25MKT2,"Action, Adventure",116 menit,D17+,2D,2026-05-17,f2b78beb-23cb-4cf6-886f-a96008b69df5,2026-05-17T14:30:25.476704
cc62a8ea-569c-4624-a4ca-884d34c9423a,SEMUA AKAN BAIK-BAIK SAJA,21cineplex,,16SABB,Drama,113 menit,13+,2D,2026-05-17,048b072f-0ca6-42c7-8160-de799ad9eead,2026-05-17T14:30:25.476870
cc62a8ea-569c-4624-a4ca-884d34c9423a,GHOST IN THE CELL,21cineplex,,16GITC,"Comedy, Horror",106 menit,D17+,2D,2026-05-17,5e5601b0-25f2-4578-bb30-2ebccddcb960,2026-05-17T14:30:25.476964
cc62a8ea-569c-4624-a4ca-884d34c9423a,THE SHEEP DETECTIVES,21cineplex,,26SDES,"Comedy, Mystery",109 menit,SU,2D,2026-05-17,4b12caeb-e8a3-4793-a0eb-4cd4938fab75,2026-05-17T14:30:25.477029
cc62a8ea-569c-4624-a4ca-884d34c9423a,STAR WARS: THE MANDALORIAN AND GROGU,21cineplex,,26SWMG,"Fantasy, Sci-Fi",132 menit,13+,2D,2026-05-20,a407a852-579b-4198-8599-42919c1487e4,2026-05-17T14:30:25.477091
cc62a8ea-569c-4624-a4ca-884d34c9423a,KELUARGA SUAMI ADALAH HAMA,21cineplex,,16KSAH,Drama,117 menit,13+,2D,2026-05-21,4fad1ffa-d388-457a-869b-012308f577b6,2026-05-17T14:30:25.477170
cc62a8ea-569c-4624-a4ca-884d34c9423a,CHILDREN OF HEAVEN,21cineplex,,16COHN,"Drama, Family",97 menit,SU,2D,2026-05-27,2c196b7a-8e16-4cbd-b50b-947bf32f30ad,2026-05-17T14:30:25.477236
cc62a8ea-569c-4624-a4ca-884d34c9423a,SEKAWAN LIMO 2: GUNUNG KLAWIH,21cineplex,,16SK2G,"Comedy, Horror",122 menit,13+,2D,2026-05-27,127efca9-9622-4d63-80b5-40e3383395cc,2026-05-17T14:30:25.477308
2e33ac7a-f886-4992-b1da-69b4763a4ce4,YANG LAIN BOLEH HILANG ASAL KAU JANGAN,21cineplex,,16YLBH,Drama,113 menit,13+,2D,2026-05-17,78857e62-0f35-4bea-920f-7aaa3fddefe6,2026-05-17T14:30:28.467222
2e33ac7a-f886-4992-b1da-69b4763a4ce4,GOHAN,21cineplex,,26GOHN,Drama,140 menit,SU,2D,2026-05-17,9fc1efe6-677a-41c0-b9e5-887617e7243d,2026-05-17T14:30:28.467434
2e33ac7a-f886-4992-b1da-69b4763a4ce4,TUMBAL PROYEK,21cineplex,,16TPRK,Horror,106 menit,D17+,2D,2026-05-17,73635f8f-c4ff-44d4-90a2-8ee783aac05b,2026-05-17T14:30:28.467547
2e33ac7a-f886-4992-b1da-69b4763a4ce4,SALMOKJI: WHISPERING WATER,21cineplex,,26SWWR,Horror,95 menit,D17+,2D,2026-05-17,aa510f69-bf05-4811-b88b-c3979cd56bfc,2026-05-17T14:30:28.467845
2e33ac7a-f886-4992-b1da-69b4763a4ce4,DILAN ITB 1997,21cineplex,,16DI97,"Drama, Romance",110 menit,13+,2D,2026-05-17,90cc1b76-d080-44d0-84c9-1ca20e18404e,2026-05-17T14:30:28.467962
2e33ac7a-f886-4992-b1da-69b4763a4ce4,SEMUA AKAN BAIK-BAIK SAJA,21cineplex,,16SABB,Drama,113 menit,13+,2D,2026-05-17,be264b94-6e92-4841-97c6-5a7997c5fcd0,2026-05-17T14:30:28.468085
2e33ac7a-f886-4992-b1da-69b4763a4ce4,GHOST IN THE CELL,21cineplex,,16GITC,"Comedy, Horror",106 menit,D17+,2D,2026-05-17,eefe1c33-db82-45dd-9192-6fd80191fe7d,2026-05-17T14:30:28.468274
2e33ac7a-f886-4992-b1da-69b4763a4ce4,STAR WARS: THE MANDALORIAN AND GROGU,21cineplex,,26SWMG,"Fantasy, Sci-Fi",132 menit,13+,2D,2026-05-20,0b1ebd72-c563-44e2-b083-96a93fec62cd,2026-05-17T14:30:28.468471
2e33ac7a-f886-4992-b1da-69b4763a4ce4,GUDANG MERICA,21cineplex,,16GMEA,"Comedy, Horror",98 menit,D17+,2D,2026-05-21,d24aeac4-0e53-400a-991a-fd11e180430c,2026-05-17T14:30:28.468616
2e33ac7a-f886-4992-b1da-69b4763a4ce4,KAMU HARUS MATI,21cineplex,,16KHMI,"Horror, Mystery, Thriller",90 menit,13+,2D,2026-05-21,45973f9c-67cc-4dca-803e-b1255a23cfeb,2026-05-17T14:30:28.468781
2e33ac7a-f886-4992-b1da-69b4763a4ce4,CHILDREN OF HEAVEN,21cineplex,,16COHN,"Drama, Family",97 menit,SU,2D,2026-05-27,eb5ab3dd-cc6f-421f-a2d5-311472a63107,2026-05-17T14:30:28.468959
2e33ac7a-f886-4992-b1da-69b4763a4ce4,SUAMIKU LUKAKU,21cineplex,,16SLUU,Drama,92 menit,D17+,2D,2026-05-27,e8ac1c90-14ba-424c-8dbc-36f1e4cbb55f,2026-05-17T14:30:28.469118
f1d5dcdc-1488-4a1e-930a-fdb9f4068601,THE DEVIL WEARS PRADA 2,21cineplex,,26DWP2,"Comedy, Drama",119 menit,13+,2D,2026-05-17,df58d622-2583-4f24-8243-09053ad349de,2026-05-17T14:30:30.096149
f1d5dcdc-1488-4a1e-930a-fdb9f4068601,GOHAN,21cineplex,,26GOHN,Drama,140 menit,SU,2D,2026-05-17,fa06b2ad-b5f4-4c13-94da-858c40a105eb,2026-05-17T14:30:30.096316
56bba459-4078-41d7-b5f3-708703d4d79b,DILAN ITB 1997,21cineplex,,16DI97,"Drama, Romance",110 menit,13+,2D,2026-05-17,eab0b426-08f0-4c68-818b-d8f432f0fd4d,2026-05-17T14:30:34.489058
56bba459-4078-41d7-b5f3-708703d4d79b,SEMUA AKAN BAIK-BAIK SAJA,21cineplex,,16SABB,Drama,113 menit,13+,2D,2026-05-17,5509e442-a4cb-4aa2-81e8-eb070424a334,2026-05-17T14:30:34.489302
56bba459-4078-41d7-b5f3-708703d4d79b,GOHAN,21cineplex,,26GOHN,Drama,140 menit,SU,2D,2026-05-17,2da5fbc3-fb02-4d27-8bec-a778355a3f07,2026-05-17T14:30:34.489588
56bba459-4078-41d7-b5f3-708703d4d79b,GHOST IN THE CELL,21cineplex,,16GITC,"Comedy, Horror",106 menit,D17+,2D,2026-05-17,eaa31d62-17d6-4e3c-b529-318e4a141374,2026-05-17T14:30:34.489749
56bba459-4078-41d7-b5f3-708703d4d79b,MORTAL KOMBAT II,21cineplex,,25MKT2,"Action, Adventure",116 menit,D17+,2D,2026-05-17,979cf826-8b61-4955-b341-ce75f65c38b3,2026-05-17T14:30:34.489946
56bba459-4078-41d7-b5f3-708703d4d79b,TUMBAL PROYEK,21cineplex,,16TPRK,Horror,106 menit,D17+,2D,2026-05-17,4e62b2b1-47d6-4dae-aa2a-bbd56b66476e,2026-05-17T14:30:34.490099
56bba459-4078-41d7-b5f3-708703d4d79b,YANG LAIN BOLEH HILANG ASAL KAU JANGAN,21cineplex,,16YLBH,Drama,113 menit,13+,2D,2026-05-17,4941ab2d-5c85-4e3b-8bf0-2bc0a5d2f6db,2026-05-17T14:30:34.490298
56bba459-4078-41d7-b5f3-708703d4d79b,CHILDREN OF HEAVEN,21cineplex,,16COHN,"Drama, Family",97 menit,SU,2D,2026-05-27,f4bb67c9-12be-48b3-9e4c-c113e33d7ed0,2026-05-17T14:30:34.490557
351ff8c8-b1df-4997-8fc0-93a242b43fcc,SEMUA AKAN BAIK-BAIK SAJA,21cineplex,,16SABB,Drama,113 menit,13+,2D,2026-05-17,1c99e6c0-858f-4a11-9537-6e7f7a88d424,2026-05-17T14:30:36.224463
351ff8c8-b1df-4997-8fc0-93a242b43fcc,GHOST IN THE CELL,21cineplex,,16GITC,"Comedy, Horror",106 menit,D17+,2D,2026-05-17,72359c52-1d24-4d0d-898e-5a77986108b2,2026-05-17T14:30:36.225009
351ff8c8-b1df-4997-8fc0-93a242b43fcc,GOHAN,21cineplex,,26GOHN,Drama,140 menit,SU,2D,2026-05-17,3d90873a-4a07-46e1-be26-3e46a7afd3d2,2026-05-17T14:30:36.225169
351ff8c8-b1df-4997-8fc0-93a242b43fcc,THE SHEEP DETECTIVES,21cineplex,,26SDES,"Comedy, Mystery",109 menit,SU,2D,2026-05-17,dc01c811-fb54-41af-8f8e-2818071d3d7c,2026-05-17T14:30:36.225315
351ff8c8-b1df-4997-8fc0-93a242b43fcc,YANG LAIN BOLEH HILANG ASAL KAU JANGAN,21cineplex,,16YLBH,Drama,113 menit,13+,2D,2026-05-17,ec369b80-cb0c-47a3-85dc-989962cfc956,2026-05-17T14:30:36.225431
351ff8c8-b1df-4997-8fc0-93a242b43fcc,TUMBAL PROYEK,21cineplex,,16TPRK,Horror,106 menit,D17+,2D,2026-05-17,0a0a99e3-eaac-4ba9-a1ca-c281580f7a0d,2026-05-17T14:30:36.225586
351ff8c8-b1df-4997-8fc0-93a242b43fcc,KAMU HARUS MATI,21cineplex,,16KHMI,"Horror, Mystery, Thriller",90 menit,13+,2D,2026-05-21,a1b0f358-becd-44cc-ac17-a0dc9366c9bb,2026-05-17T14:30:36.225802
61665ec7-3f8d-4879-bb85-ec3294792071,GHOST IN THE CELL,21cineplex,,16GITC,"Comedy, Horror",106 menit,D17+,2D,2026-05-17,953f0dc8-7a5b-4c18-b6f5-96daedbda90e,2026-05-17T14:30:37.481708
61665ec7-3f8d-4879-bb85-ec3294792071,GOHAN,21cineplex,,26GOHN,Drama,140 menit,SU,2D,2026-05-17,300907bc-574a-4c36-9e5b-c6fd1e93e872,2026-05-17T14:30:37.481825
61665ec7-3f8d-4879-bb85-ec3294792071,YANG LAIN BOLEH HILANG ASAL KAU JANGAN,21cineplex,,16YLBH,Drama,113 menit,13+,2D,2026-05-17,61e646fc-eb61-4a09-aefc-92589f38eb2c,2026-05-17T14:30:37.481883
61665ec7-3f8d-4879-bb85-ec3294792071,SEMUA AKAN BAIK-BAIK SAJA,21cineplex,,16SABB,Drama,113 menit,13+,2D,2026-05-17,50642da1-3dab-4ddb-a4de-c798aeb2354c,2026-05-17T14:30:37.481959
61665ec7-3f8d-4879-bb85-ec3294792071,TUMBAL PROYEK,21cineplex,,16TPRK,Horror,106 menit,D17+,2D,2026-05-17,3b95cee4-5b3e-4c89-b302-f86771c600ab,2026-05-17T14:30:37.482054
61665ec7-3f8d-4879-bb85-ec3294792071,KELUARGA SUAMI ADALAH HAMA,21cineplex,,16KSAH,Drama,117 menit,13+,2D,2026-05-21,5445b214-5da2-4e46-9555-ee9b9f37b2db,2026-05-17T14:30:37.482151
61665ec7-3f8d-4879-bb85-ec3294792071,KAMU HARUS MATI,21cineplex,,16KHMI,"Horror, Mystery, Thriller",90 menit,13+,2D,2026-05-21,6dfabc84-5730-46ae-a0bd-34ed5fcefa47,2026-05-17T14:30:37.482244
61665ec7-3f8d-4879-bb85-ec3294792071,CHILDREN OF HEAVEN,21cineplex,,16COHN,"Drama, Family",97 menit,SU,2D,2026-05-27,109327b2-6ee4-4e8c-bb86-e9f57d999a7f,2026-05-17T14:30:37.482329
2fe788ec-6075-4c7c-b6e0-3c1296937cea,GOHAN,21cineplex,,26GOHN,Drama,140 menit,SU,2D,2026-05-17,55a15589-6003-4b1a-8d1e-5c9e0c42668d,2026-05-17T14:30:39.330284
2fe788ec-6075-4c7c-b6e0-3c1296937cea,MORTAL KOMBAT II,21cineplex,,25MKT2,"Action, Adventure",116 menit,D17+,2D,2026-05-17,cbf08194-8a5e-4168-981d-e89a4e60631c,2026-05-17T14:30:39.330441
2fe788ec-6075-4c7c-b6e0-3c1296937cea,TUMBAL PROYEK,21cineplex,,16TPRK,Horror,106 menit,D17+,2D,2026-05-17,9925d4da-d2f4-4cfc-be09-51cd57aaaba9,2026-05-17T14:30:39.330506
2fe788ec-6075-4c7c-b6e0-3c1296937cea,SEMUA AKAN BAIK-BAIK SAJA,21cineplex,,16SABB,Drama,113 menit,13+,2D,2026-05-17,66fa4298-218d-437d-8660-c576bf0cf9e7,2026-05-17T14:30:39.330593
2fe788ec-6075-4c7c-b6e0-3c1296937cea,GHOST IN THE CELL,21cineplex,,16GITC,"Comedy, Horror",106 menit,D17+,2D,2026-05-17,f39e7a53-0e24-4351-bd68-0ed84f821d63,2026-05-17T14:30:39.330701
2fe788ec-6075-4c7c-b6e0-3c1296937cea,THE DEVIL WEARS PRADA 2,21cineplex,,26DWP2,"Comedy, Drama",119 menit,13+,2D,2026-05-17,fff0b76a-f90b-4f8d-b233-7f768cfc2cd0,2026-05-17T14:30:39.330774
2fe788ec-6075-4c7c-b6e0-3c1296937cea,DILAN ITB 1997,21cineplex,,16DI97,"Drama, Romance",110 menit,13+,2D,2026-05-17,c352a01c-af35-412c-8271-3382999d5d55,2026-05-17T14:30:39.330836
2fe788ec-6075-4c7c-b6e0-3c1296937cea,STAR WARS: THE MANDALORIAN AND GROGU,21cineplex,,26SWMG,"Fantasy, Sci-Fi",132 menit,13+,2D,2026-05-20,eff14922-8c56-4348-a7d4-fabafa9ede99,2026-05-17T14:30:39.330898
2fe788ec-6075-4c7c-b6e0-3c1296937cea,KELUARGA SUAMI ADALAH HAMA,21cineplex,,16KSAH,Drama,117 menit,13+,2D,2026-05-21,cfbf2c33-31e7-4daf-ad51-abe0944cca12,2026-05-17T14:30:39.331035
2fe788ec-6075-4c7c-b6e0-3c1296937cea,SEKAWAN LIMO 2: GUNUNG KLAWIH,21cineplex,,16SK2G,"Comedy, Horror",122 menit,13+,2D,2026-05-27,156b900d-33d1-4dae-911a-d3e6e90eec2f,2026-05-17T14:30:39.331437
da1dcf3e-3f2e-4b06-b3e9-540419bbe47f,GHOST IN THE CELL,cgv,,26011800,Comedy,106 min,17+,2D,2026-05-17,d186f307-fa34-4bc8-be8e-1456aea6ec85,2026-05-17T14:26:03.937627
da1dcf3e-3f2e-4b06-b3e9-540419bbe47f,MORTAL KOMBAT II,cgv,,26018200,Action,116 min,17+,2D,2026-05-17,fc9a5369-4e6f-4746-9cf2-6d803ba22b62,2026-05-17T14:26:03.938124
ee168531-d33a-45fb-b9d9-6acf60b58d23,MORTAL KOMBAT II,cgv,,26018200,Action,116 min,17+,2D,2026-05-17,b752712a-d647-40f9-8d3c-12abc600f9a8,2026-05-17T14:26:04.606474
ee168531-d33a-45fb-b9d9-6acf60b58d23,SALMOKJI: WHISPERING WATER,cgv,,26019100,Horror,95 min,17+,2D,2026-05-17,e4cb3dcf-9acf-4437-8546-ff047900700e,2026-05-17T14:26:04.607074
ee168531-d33a-45fb-b9d9-6acf60b58d23,THE DEVIL WEARS PRADA 2,cgv,,26019800,Drama,119 min,13+,2D,2026-05-17,17e073a5-cc62-42f3-8a39-03ff40a83bb0,2026-05-17T14:26:04.607508
42ebcbdd-3cb6-4be9-b810-3a79272064ad,GOHAN,cgv,,26022500,Drama,140 min,SU,2D,2026-05-17,075e6ecf-3175-4699-a7fb-cb7d98177bf5,2026-05-17T14:26:04.198663
42ebcbdd-3cb6-4be9-b810-3a79272064ad,MORTAL KOMBAT II,cgv,,26018200,Action,116 min,17+,2D,2026-05-17,9c1f271d-d807-4306-b323-5b7e28a4050d,2026-05-17T14:26:04.199120
42ebcbdd-3cb6-4be9-b810-3a79272064ad,SEMUA AKAN BAIK BAIK SAJA,cgv,,26018100,Drama,113 min,13+,2D,2026-05-17,3b6690a8-f499-408c-b578-55560838be86,2026-05-17T14:26:04.199448
d4106753-c3cf-47da-90a4-d831bb6f41b3,TUMBAL PROYEK,cgv,,26014300,Horror,106 min,17+,2D,2026-05-17,4a1c6f48-b46d-49e9-bc0c-eac493f11e2e,2026-05-17T14:26:04.480327
738cab1b-8451-410a-8a60-cc59698615ed,SEMUA AKAN BAIK BAIK SAJA,cgv,,26018100,Drama,113 min,13+,2D,2026-05-17,b18c5f73-1b5b-4865-9818-55e94f165ca7,2026-05-17T14:26:04.241208
ec37de15-5778-42d4-9b5f-c8d131883749,TUMBAL PROYEK,cgv,,26014300,Horror,106 min,17+,2D,2026-05-17,2bf339be-302c-444f-9abf-78b39a28c544,2026-05-17T14:26:07.373356
ec37de15-5778-42d4-9b5f-c8d131883749,GHOST IN THE CELL,cgv,,26011800,Comedy,106 min,17+,2D,2026-05-17,05ba71af-360d-41be-8388-f422faefec75,2026-05-17T14:26:07.373593
ec37de15-5778-42d4-9b5f-c8d131883749,SALMOKJI: WHISPERING WATER,cgv,,26019100,Horror,95 min,17+,2D,2026-05-17,e6553bc4-1ac8-4a95-b229-4dc5a7a8605f,2026-05-17T14:26:07.373818
8891e8cb-7869-49b3-8930-ae25f857c737,TUMBAL PROYEK,cgv,,26014300,,,,2D,2026-05-17,9f96285a-9be9-4546-a61a-2da907ec6907,2026-05-17T14:26:09.202865
8891e8cb-7869-49b3-8930-ae25f857c737,SEMUA AKAN BAIK BAIK SAJA,cgv,,26018100,,,,2D,2026-05-17,368d937a-ae40-4535-87a7-1506c29078fc,2026-05-17T14:26:09.202914
8891e8cb-7869-49b3-8930-ae25f857c737,GHOST IN THE CELL,cgv,,26011800,,,,2D,2026-05-17,ab40eabc-328e-4e32-9516-c1743e9102f8,2026-05-17T14:26:09.202949
8891e8cb-7869-49b3-8930-ae25f857c737,YANG LAIN BOLEH HILANG ASAL KAU JANGAN,cgv,,26018300,,,,2D,2026-05-17,1d13326c-ee64-4199-85bd-1ac126e2a2f5,2026-05-17T14:26:09.202983
8891e8cb-7869-49b3-8930-ae25f857c737,MORTAL KOMBAT II,cgv,,26018200,,,,2D,2026-05-17,bfeb7b79-4883-45e5-8647-44f45ce7c95c,2026-05-17T14:26:09.203015
8891e8cb-7869-49b3-8930-ae25f857c737,TIBA TIBA SETAN,cgv,,26007500,,,,2D,2026-05-17,e703b4ae-4d15-4d70-bdca-b738ff5d72b3,2026-05-17T14:26:09.203046
8891e8cb-7869-49b3-8930-ae25f857c737,NOBAR BIRU PSM VS PERSIB,cgv,,26024200,,,,2D,2026-05-17,0c12bbb3-e545-46b8-8156-db0b12c6f58e,2026-05-17T14:26:09.203076
8891e8cb-7869-49b3-8930-ae25f857c737,GOHAN,cgv,,26022500,,,,2D,2026-05-17,685fe25f-dfba-4926-9c71-c336470f56ce,2026-05-17T14:26:09.203106
8891e8cb-7869-49b3-8930-ae25f857c737,SALMOKJI WHISPERING WATER,cgv,,26019100,,,,2D,2026-05-17,f1cfa03d-7ce9-41a2-9e02-d77f09a59729,2026-05-17T14:26:09.203134
8891e8cb-7869-49b3-8930-ae25f857c737,THE SHEEP DETECTIVES,cgv,,26019500,,,,2D,2026-05-17,84e3bc4d-fc56-41a5-8654-64db3133f862,2026-05-17T14:26:09.203164
8891e8cb-7869-49b3-8930-ae25f857c737,AYAH INI ARAHNYA KEMANA YA,cgv,,26011000,,,,2D,2026-05-17,53079928-1e62-4b76-90f3-f313b3254b5d,2026-05-17T14:26:09.203193
8891e8cb-7869-49b3-8930-ae25f857c737,DILAN ITB 1997,cgv,,26016100,,,,2D,2026-05-17,e1aae96a-0899-4c59-8c41-372239979d8f,2026-05-17T14:26:09.203222
8891e8cb-7869-49b3-8930-ae25f857c737,THE KINGS WARDEN,cgv,,26015000,,,,2D,2026-05-17,0233524a-fe90-4cbb-8383-d03ef49c7ad5,2026-05-17T14:26:09.203251
8891e8cb-7869-49b3-8930-ae25f857c737,THE DEVIL WEARS PRADA 2,cgv,,26019800,,,,2D,2026-05-17,7a1176a9-5b90-4428-9456-93ea99721e5c,2026-05-17T14:26:09.203280
8891e8cb-7869-49b3-8930-ae25f857c737,MOBILE SUIT GUNDAM HATHAWAY,cgv,,26021100,,,,2D,2026-05-17,6b0d64c7-23f2-4a00-a73a-d26c0e5d38ec,2026-05-17T14:26:09.203308
8891e8cb-7869-49b3-8930-ae25f857c737,THAT TIME I GOT REINCARNATED AS A SLIME THE MOVIE TEARS OF THE AZURE SEA,cgv,,26017900,,,,2D,2026-05-17,7197523c-5e24-4074-983d-0096b1517eb1,2026-05-17T14:26:09.203339
8891e8cb-7869-49b3-8930-ae25f857c737,TOP GUN MAVERICK RE RELEASE,cgv,,26022800,,,,2D,2026-05-17,0804ade8-1a13-4ca4-badf-30cf5df9a792,2026-05-17T14:26:09.203369
8891e8cb-7869-49b3-8930-ae25f857c737,SEKAWAN LIMO 2 GUNUNG KLAWIH,cgv,,26023300,,,,2D,2026-05-17,68c83089-e4f6-4ccd-bade-1e6b063ff2ea,2026-05-17T14:26:09.203398
8891e8cb-7869-49b3-8930-ae25f857c737,NA WILLA,cgv,,26003200,,,,2D,2026-05-17,e1744c91-afdf-44fc-b3a4-3991198f8b45,2026-05-17T14:26:09.203430
8891e8cb-7869-49b3-8930-ae25f857c737,IN THE GREY,cgv,,26022600,,,,2D,2026-05-17,b5ee5aa0-d5e1-41b3-8f17-cbeca63b6267,2026-05-17T14:26:09.203458
8891e8cb-7869-49b3-8930-ae25f857c737,TOP GUN RE RELEASE,cgv,,26022700,,,,2D,2026-05-17,600eac84-62c7-4c50-be7f-696698b7a2b7,2026-05-17T14:26:09.203575
8891e8cb-7869-49b3-8930-ae25f857c737,KELUARGA SUAMI ADALAH HAMA,cgv,,26017700,,,,2D,2026-05-17,87893d62-269d-411d-997e-c204bf7a518b,2026-05-17T14:26:09.203674
8891e8cb-7869-49b3-8930-ae25f857c737,THE SUPER MARIO GALAXY MOVIE,cgv,,26012700,,,,2D,2026-05-17,555f8f9c-cab2-4174-8e26-6d6c5795a1bd,2026-05-17T14:26:09.203754
8891e8cb-7869-49b3-8930-ae25f857c737,KNEECAP,cgv,,26024100,,,,2D,2026-05-17,1c033a7d-177f-451c-bdf7-91adce32217c,2026-05-17T14:26:09.203844
8891e8cb-7869-49b3-8930-ae25f857c737,PATI PATNI AUR WOH DO,cgv,,26024300,,,,2D,2026-05-17,9ab8b185-8de1-4bcf-9764-f82b257e6055,2026-05-17T14:26:09.203888
8891e8cb-7869-49b3-8930-ae25f857c737,KFT NA WILLA,cgv,,26015600,,,,2D,2026-05-17,63bb9bf5-0772-4da3-a233-d4093fb994a8,2026-05-17T14:26:09.203925
8891e8cb-7869-49b3-8930-ae25f857c737,AIN,cgv,,26019300,,,,2D,2026-05-17,7ff72636-fba4-498f-ba26-6c70668ddeb7,2026-05-17T14:26:09.203959
8891e8cb-7869-49b3-8930-ae25f857c737,LEE CRONINS THE MUMMY,cgv,,26014100,,,,2D,2026-05-17,6cf3b24c-e370-46ca-b09c-b4ed07d1c10f,2026-05-17T14:26:09.204196
8891e8cb-7869-49b3-8930-ae25f857c737,ENHYPEN IMMERSION IN CINEMAS,cgv,,26016900,,,,2D,2026-05-17,2b2bb3f0-e246-4a05-b195-dbd0e79486a4,2026-05-17T14:26:09.204232
8891e8cb-7869-49b3-8930-ae25f857c737,THE BELL PANGGILAN UNTUK MATI,cgv,,26020700,,,,2D,2026-05-17,90c5ba78-7fd7-4880-851d-019120c5ae7b,2026-05-17T14:26:09.204264
6c501773-86ae-4a38-941b-c6c4a5728efe,MORTAL KOMBAT II,cgv,,26018200,Action,116 min,17+,2D,2026-05-17,b6f039a3-54ee-4cd9-adc5-7abfc77e46f5,2026-05-17T14:26:07.820700
6c501773-86ae-4a38-941b-c6c4a5728efe,TUMBAL PROYEK,cgv,,26014300,Horror,106 min,17+,2D,2026-05-17,a632e57b-c58b-4ca2-b15c-b7b78d728a54,2026-05-17T14:26:07.821380
ba897030-6ecc-46ec-b144-db1ee621f39b,THE SHEEP DETECTIVES,cgv,,26019500,Comedy,109 min,SU,2D,2026-05-17,52ea33f4-3ff8-44a0-886a-559a8afb6406,2026-05-17T14:26:07.853150
a330bfbb-3b23-4529-abfb-0320ca3a69c4,TUMBAL PROYEK,cgv,,26014300,Horror,106 min,17+,2D,2026-05-17,b567916a-f4a1-4e9b-a988-6ded61ccaf70,2026-05-17T14:26:08.467522
d5ce87f2-cebe-45a1-aadc-fde3b2bcf807,TUMBAL PROYEK,cgv,,26014300,Horror,106 min,17+,2D,2026-05-17,3488ae58-2bca-4a49-ba52-95aee65b533c,2026-05-17T14:26:09.062028
28eb5a8d-e748-43b2-a2d9-0dffabb406ef,SEMUA AKAN BAIK BAIK SAJA,cgv,,26018100,Drama,113 min,13+,2D,2026-05-17,1f91e7cd-6455-4f63-8db2-4b449e999b76,2026-05-17T14:26:09.767971
753b08a5-024b-4fdd-aa26-028e06d23174,GOHAN,cgv,,26022500,Drama,140 min,SU,2D,2026-05-17,c9c5c9b4-745f-40ad-8ddd-005528f6f8d4,2026-05-17T14:26:10.152690
753b08a5-024b-4fdd-aa26-028e06d23174,GHOST IN THE CELL,cgv,,26011800,Comedy,106 min,17+,2D,2026-05-17,54ca6a09-a72b-4a42-b829-45179cce198f,2026-05-17T14:26:10.152925
68c7d494-43d2-467e-bafd-123c9ecae34b,GHOST IN THE CELL,cgv,,26011800,Comedy,106 min,17+,2D,2026-05-17,430fd52e-4767-4fcf-8847-7d0b5edc22a3,2026-05-17T14:26:10.943667
4e0f8634-e535-4f4a-82b8-a9e2b67df07e,TUMBAL PROYEK,cgv,,26014300,,,,2D,2026-05-17,d9a7de0f-2b95-4713-9b1e-ee074b12e29d,2026-05-17T14:26:12.647816
4e0f8634-e535-4f4a-82b8-a9e2b67df07e,SEMUA AKAN BAIK BAIK SAJA,cgv,,26018100,,,,2D,2026-05-17,f7f7afe9-4bab-4bc2-a98a-5c75943b7036,2026-05-17T14:26:12.647836
4e0f8634-e535-4f4a-82b8-a9e2b67df07e,GHOST IN THE CELL,cgv,,26011800,,,,2D,2026-05-17,7ad9221c-31aa-4f9f-a2b9-397cb44adbed,2026-05-17T14:26:12.647852
4e0f8634-e535-4f4a-82b8-a9e2b67df07e,YANG LAIN BOLEH HILANG ASAL KAU JANGAN,cgv,,26018300,,,,2D,2026-05-17,b4b327e5-3cca-4cf5-891b-e23e65a2cb41,2026-05-17T14:26:12.647866
4e0f8634-e535-4f4a-82b8-a9e2b67df07e,MORTAL KOMBAT II,cgv,,26018200,,,,2D,2026-05-17,bdf53ed8-9e75-408e-a389-fa0d7eed4e01,2026-05-17T14:26:12.647879
4e0f8634-e535-4f4a-82b8-a9e2b67df07e,TIBA TIBA SETAN,cgv,,26007500,,,,2D,2026-05-17,66416f64-442e-4555-8219-fff1714ccc5a,2026-05-17T14:26:12.647891
4e0f8634-e535-4f4a-82b8-a9e2b67df07e,NOBAR BIRU PSM VS PERSIB,cgv,,26024200,,,,2D,2026-05-17,ee491a3c-1e90-49bb-8f32-58c4575d7815,2026-05-17T14:26:12.647903
4e0f8634-e535-4f4a-82b8-a9e2b67df07e,GOHAN,cgv,,26022500,,,,2D,2026-05-17,f35009ff-2320-43a6-86fb-118a9b4aa514,2026-05-17T14:26:12.647915
4e0f8634-e535-4f4a-82b8-a9e2b67df07e,SALMOKJI WHISPERING WATER,cgv,,26019100,,,,2D,2026-05-17,11165d28-b8c9-4e9e-8054-d52e58abe490,2026-05-17T14:26:12.647926
4e0f8634-e535-4f4a-82b8-a9e2b67df07e,THE SHEEP DETECTIVES,cgv,,26019500,,,,2D,2026-05-17,fd36ab48-1c57-4fc3-9edc-78898b9142cf,2026-05-17T14:26:12.647938
4e0f8634-e535-4f4a-82b8-a9e2b67df07e,AYAH INI ARAHNYA KEMANA YA,cgv,,26011000,,,,2D,2026-05-17,60afb8f0-4ba8-4b2f-aea1-de4ddbc70d1d,2026-05-17T14:26:12.647949
4e0f8634-e535-4f4a-82b8-a9e2b67df07e,DILAN ITB 1997,cgv,,26016100,,,,2D,2026-05-17,bd7d147b-392a-47fd-ba04-6f5a7513b91a,2026-05-17T14:26:12.647960
4e0f8634-e535-4f4a-82b8-a9e2b67df07e,THE KINGS WARDEN,cgv,,26015000,,,,2D,2026-05-17,46836725-a669-4141-97b4-0d87f2a9395b,2026-05-17T14:26:12.647971
4e0f8634-e535-4f4a-82b8-a9e2b67df07e,THE DEVIL WEARS PRADA 2,cgv,,26019800,,,,2D,2026-05-17,7e42223a-6cec-4fda-b234-bf09e3e43c48,2026-05-17T14:26:12.647982
4e0f8634-e535-4f4a-82b8-a9e2b67df07e,MOBILE SUIT GUNDAM HATHAWAY,cgv,,26021100,,,,2D,2026-05-17,0333bb8d-2683-4f20-8b1b-140d35ff4793,2026-05-17T14:26:12.647994
4e0f8634-e535-4f4a-82b8-a9e2b67df07e,THAT TIME I GOT REINCARNATED AS A SLIME THE MOVIE TEARS OF THE AZURE SEA,cgv,,26017900,,,,2D,2026-05-17,2c4d669f-9b19-4974-9fe6-2350b8a145ba,2026-05-17T14:26:12.648005
4e0f8634-e535-4f4a-82b8-a9e2b67df07e,TOP GUN MAVERICK RE RELEASE,cgv,,26022800,,,,2D,2026-05-17,cd7c6b60-b728-481f-aca7-069b4ae86a77,2026-05-17T14:26:12.648017
4e0f8634-e535-4f4a-82b8-a9e2b67df07e,SEKAWAN LIMO 2 GUNUNG KLAWIH,cgv,,26023300,,,,2D,2026-05-17,66cbe2ad-45b8-409b-91d7-d1c7847b3abf,2026-05-17T14:26:12.648028
4e0f8634-e535-4f4a-82b8-a9e2b67df07e,NA WILLA,cgv,,26003200,,,,2D,2026-05-17,17795a9a-724d-43fd-a98c-e702bb0eda85,2026-05-17T14:26:12.648040
4e0f8634-e535-4f4a-82b8-a9e2b67df07e,IN THE GREY,cgv,,26022600,,,,2D,2026-05-17,6d62cda8-09f3-479d-9325-d103d0856129,2026-05-17T14:26:12.648051
4e0f8634-e535-4f4a-82b8-a9e2b67df07e,TOP GUN RE RELEASE,cgv,,26022700,,,,2D,2026-05-17,e776703e-55a4-469e-8bb0-9d576bf79ecb,2026-05-17T14:26:12.648062
4e0f8634-e535-4f4a-82b8-a9e2b67df07e,KELUARGA SUAMI ADALAH HAMA,cgv,,26017700,,,,2D,2026-05-17,2083d6f9-5aa2-48ce-b221-0729d216e187,2026-05-17T14:26:12.648073
4e0f8634-e535-4f4a-82b8-a9e2b67df07e,THE SUPER MARIO GALAXY MOVIE,cgv,,26012700,,,,2D,2026-05-17,c033473c-ebe7-4759-b55a-b919210194e0,2026-05-17T14:26:12.648083
4e0f8634-e535-4f4a-82b8-a9e2b67df07e,KNEECAP,cgv,,26024100,,,,2D,2026-05-17,b07fad44-cb35-446b-a93e-bc64c93f417c,2026-05-17T14:26:12.648095
4e0f8634-e535-4f4a-82b8-a9e2b67df07e,PATI PATNI AUR WOH DO,cgv,,26024300,,,,2D,2026-05-17,7935d54b-f76b-4f74-bd12-b80387dfb1ea,2026-05-17T14:26:12.648106
4e0f8634-e535-4f4a-82b8-a9e2b67df07e,KFT NA WILLA,cgv,,26015600,,,,2D,2026-05-17,64d5a90e-31e5-4bd4-8e9e-3412c9dbd4e9,2026-05-17T14:26:12.648117
4e0f8634-e535-4f4a-82b8-a9e2b67df07e,AIN,cgv,,26019300,,,,2D,2026-05-17,139fcf98-820e-4bb6-91a8-54985f7b442c,2026-05-17T14:26:12.648128
4e0f8634-e535-4f4a-82b8-a9e2b67df07e,LEE CRONINS THE MUMMY,cgv,,26014100,,,,2D,2026-05-17,339e7036-e389-432f-94c3-2fa914cfc9aa,2026-05-17T14:26:12.648139
4e0f8634-e535-4f4a-82b8-a9e2b67df07e,ENHYPEN IMMERSION IN CINEMAS,cgv,,26016900,,,,2D,2026-05-17,b8b380d9-377c-4acd-921d-1e89b2495e38,2026-05-17T14:26:12.648150
4e0f8634-e535-4f4a-82b8-a9e2b67df07e,THE BELL PANGGILAN UNTUK MATI,cgv,,26020700,,,,2D,2026-05-17,a1a0721e-1e51-4ee3-8cc9-263e1df7b8c3,2026-05-17T14:26:12.648161
0ee002e8-b24b-4577-be7b-b50de4d99226,TUMBAL PROYEK,cgv,,26014300,Horror,106 min,17+,2D,2026-05-17,0610cbbf-ff3b-41f1-8eb1-24f5f55cafb5,2026-05-17T14:26:11.330867
0ee002e8-b24b-4577-be7b-b50de4d99226,MORTAL KOMBAT II,cgv,,26018200,Action,116 min,17+,2D,2026-05-17,fae517d9-3a36-4d9c-90ce-1ec8c744ef34,2026-05-17T14:26:11.331219
0ee002e8-b24b-4577-be7b-b50de4d99226,SALMOKJI: WHISPERING WATER,cgv,,26019100,Horror,95 min,17+,2D,2026-05-17,a86412b0-3d15-4213-8fa9-a3aed3e87d81,2026-05-17T14:26:11.331587
0ee002e8-b24b-4577-be7b-b50de4d99226,SALMOKJI: WHISPERING WATER,cgv,,26019100,Horror,95 min,17+,SCREENX 2D,2026-05-17,e81d5f3d-fe09-440c-adac-281931aac2b9,2026-05-17T14:26:11.331607
0ee002e8-b24b-4577-be7b-b50de4d99226,THE SHEEP DETECTIVES,cgv,,26019500,Comedy,109 min,SU,2D,2026-05-17,fa55d973-5d8b-4aa0-8d85-f941bab812cc,2026-05-17T14:26:11.331841
5ed923e4-08c1-45c3-a3c4-43807aa7ab06,TUMBAL PROYEK,cgv,,26014300,,,,2D,2026-05-17,feef5cbc-eb8f-48ed-9c6b-8573c2d598f9,2026-05-17T14:26:13.035591
5ed923e4-08c1-45c3-a3c4-43807aa7ab06,SEMUA AKAN BAIK BAIK SAJA,cgv,,26018100,,,,2D,2026-05-17,8454d08d-92bb-415c-8678-71faa4783aea,2026-05-17T14:26:13.035609
5ed923e4-08c1-45c3-a3c4-43807aa7ab06,GHOST IN THE CELL,cgv,,26011800,,,,2D,2026-05-17,2bd5137e-c259-4e0b-bd03-3f87a43ff324,2026-05-17T14:26:13.035621
5ed923e4-08c1-45c3-a3c4-43807aa7ab06,YANG LAIN BOLEH HILANG ASAL KAU JANGAN,cgv,,26018300,,,,2D,2026-05-17,964b31be-9aca-45fc-a9ef-d3f3e9a9fb83,2026-05-17T14:26:13.035633
5ed923e4-08c1-45c3-a3c4-43807aa7ab06,MORTAL KOMBAT II,cgv,,26018200,,,,2D,2026-05-17,3bff3426-a32e-4da6-87e6-ac19577246cc,2026-05-17T14:26:13.035644
5ed923e4-08c1-45c3-a3c4-43807aa7ab06,TIBA TIBA SETAN,cgv,,26007500,,,,2D,2026-05-17,b13683f9-facb-43b3-9450-65260c45e9da,2026-05-17T14:26:13.035655
5ed923e4-08c1-45c3-a3c4-43807aa7ab06,NOBAR BIRU PSM VS PERSIB,cgv,,26024200,,,,2D,2026-05-17,4ae15541-4050-4dca-81f9-f2cf0ea4ec1d,2026-05-17T14:26:13.035666
5ed923e4-08c1-45c3-a3c4-43807aa7ab06,GOHAN,cgv,,26022500,,,,2D,2026-05-17,b181c29b-d1ef-4826-b07d-b5f3f570bd88,2026-05-17T14:26:13.035676
5ed923e4-08c1-45c3-a3c4-43807aa7ab06,SALMOKJI WHISPERING WATER,cgv,,26019100,,,,2D,2026-05-17,a5a9aa63-a770-49a7-8c2c-a4194d88aaf2,2026-05-17T14:26:13.035686
5ed923e4-08c1-45c3-a3c4-43807aa7ab06,THE SHEEP DETECTIVES,cgv,,26019500,,,,2D,2026-05-17,3452b5e5-4da0-46d5-916f-cfdfa7ef414d,2026-05-17T14:26:13.035696
5ed923e4-08c1-45c3-a3c4-43807aa7ab06,AYAH INI ARAHNYA KEMANA YA,cgv,,26011000,,,,2D,2026-05-17,77a46213-32a0-4991-a752-c22860f209df,2026-05-17T14:26:13.035706
5ed923e4-08c1-45c3-a3c4-43807aa7ab06,DILAN ITB 1997,cgv,,26016100,,,,2D,2026-05-17,ecaa1765-139d-4585-946b-9934b230050f,2026-05-17T14:26:13.035716
5ed923e4-08c1-45c3-a3c4-43807aa7ab06,THE KINGS WARDEN,cgv,,26015000,,,,2D,2026-05-17,795d2800-89ee-453c-854c-71a3a9db0f7e,2026-05-17T14:26:13.035726
5ed923e4-08c1-45c3-a3c4-43807aa7ab06,THE DEVIL WEARS PRADA 2,cgv,,26019800,,,,2D,2026-05-17,f78ab1e7-3d2e-47ce-8d34-3e1c428a0acf,2026-05-17T14:26:13.035736
5ed923e4-08c1-45c3-a3c4-43807aa7ab06,MOBILE SUIT GUNDAM HATHAWAY,cgv,,26021100,,,,2D,2026-05-17,2771d08a-0c71-4a24-9f80-6ac1556c030f,2026-05-17T14:26:13.035746
5ed923e4-08c1-45c3-a3c4-43807aa7ab06,THAT TIME I GOT REINCARNATED AS A SLIME THE MOVIE TEARS OF THE AZURE SEA,cgv,,26017900,,,,2D,2026-05-17,c7177630-8e9b-4434-8862-93a452167f6f,2026-05-17T14:26:13.035757
5ed923e4-08c1-45c3-a3c4-43807aa7ab06,TOP GUN MAVERICK RE RELEASE,cgv,,26022800,,,,2D,2026-05-17,ec819760-7495-4a5f-a4a3-3606e7d805e4,2026-05-17T14:26:13.035767
5ed923e4-08c1-45c3-a3c4-43807aa7ab06,SEKAWAN LIMO 2 GUNUNG KLAWIH,cgv,,26023300,,,,2D,2026-05-17,168cbb25-8e82-4aa7-a42a-c3c6e46618a2,2026-05-17T14:26:13.035777
5ed923e4-08c1-45c3-a3c4-43807aa7ab06,NA WILLA,cgv,,26003200,,,,2D,2026-05-17,822fe951-fe38-4ce3-a52f-eb9f633c4ce8,2026-05-17T14:26:13.035787
5ed923e4-08c1-45c3-a3c4-43807aa7ab06,IN THE GREY,cgv,,26022600,,,,2D,2026-05-17,87355176-b003-4ee7-9f16-d8da08f9965e,2026-05-17T14:26:13.035796
5ed923e4-08c1-45c3-a3c4-43807aa7ab06,TOP GUN RE RELEASE,cgv,,26022700,,,,2D,2026-05-17,004ed790-f97f-4035-bf86-b5b2f39bad99,2026-05-17T14:26:13.035807
5ed923e4-08c1-45c3-a3c4-43807aa7ab06,KELUARGA SUAMI ADALAH HAMA,cgv,,26017700,,,,2D,2026-05-17,6dc2e259-e95a-43f4-862a-eb8530bc10d8,2026-05-17T14:26:13.035817
5ed923e4-08c1-45c3-a3c4-43807aa7ab06,THE SUPER MARIO GALAXY MOVIE,cgv,,26012700,,,,2D,2026-05-17,7d8584cd-7be6-4b95-b5f8-cada9c7c2b59,2026-05-17T14:26:13.035827
5ed923e4-08c1-45c3-a3c4-43807aa7ab06,KNEECAP,cgv,,26024100,,,,2D,2026-05-17,0b024d41-bf74-42f6-9063-610d9fe2dcca,2026-05-17T14:26:13.035837
5ed923e4-08c1-45c3-a3c4-43807aa7ab06,PATI PATNI AUR WOH DO,cgv,,26024300,,,,2D,2026-05-17,abe4b986-deb4-40d6-a15c-8dc36b998eb9,2026-05-17T14:26:13.035847
5ed923e4-08c1-45c3-a3c4-43807aa7ab06,KFT NA WILLA,cgv,,26015600,,,,2D,2026-05-17,fb0c046b-45c7-4e4e-981c-f60fdfc0557d,2026-05-17T14:26:13.035857
5ed923e4-08c1-45c3-a3c4-43807aa7ab06,AIN,cgv,,26019300,,,,2D,2026-05-17,86960d48-938c-46f3-8d98-1ebc0e3ad120,2026-05-17T14:26:13.035867
5ed923e4-08c1-45c3-a3c4-43807aa7ab06,LEE CRONINS THE MUMMY,cgv,,26014100,,,,2D,2026-05-17,c54393af-ec0c-4181-8737-4871933df23c,2026-05-17T14:26:13.035877
5ed923e4-08c1-45c3-a3c4-43807aa7ab06,ENHYPEN IMMERSION IN CINEMAS,cgv,,26016900,,,,2D,2026-05-17,7dd08d68-e9ac-4a3e-b8fd-dd235b61e845,2026-05-17T14:26:13.035887
5ed923e4-08c1-45c3-a3c4-43807aa7ab06,THE BELL PANGGILAN UNTUK MATI,cgv,,26020700,,,,2D,2026-05-17,a4769fc3-e7f4-4547-a0b3-b86b3493fe89,2026-05-17T14:26:13.035897
a0352527-6cb6-40cd-9330-8ed420826821,TUMBAL PROYEK,cgv,,26014300,Horror,106 min,17+,2D,2026-05-17,29548d5b-e0dd-4e6f-be62-7474a571ce3b,2026-05-17T14:26:12.158506
fdee6cbe-013f-4efa-b6e4-6d5f81dc11ca,GHOST IN THE CELL,cgv,,26011800,Comedy,106 min,17+,2D,2026-05-17,d20bb2e2-8332-4087-9815-7028c26f51c6,2026-05-17T14:26:12.807587
7c519d98-42b7-4829-89be-dd507fbe2daf,TUMBAL PROYEK,cgv,,26014300,Horror,106 min,17+,2D,2026-05-17,5846865b-3e6d-4dab-b4e6-37f7ac4997cd,2026-05-17T14:26:13.030126
76402184-f87e-4cd9-87ab-af5d93f3804c,TUMBAL PROYEK,cgv,,26014300,Horror,106 min,17+,2D,2026-05-17,8bb5fd10-251a-410f-87b1-48873d8d732d,2026-05-17T14:26:13.850058
34d0eb0d-e829-4f63-aa79-81953f5d9b0d,YANG LAIN BOLEH HILANG ASAL KAU JANGAN,cgv,,26018300,Drama,113 min,13+,2D,2026-05-17,11699fef-0351-42cd-9bb4-89a43ebb3705,2026-05-17T14:26:14.413059
34d0eb0d-e829-4f63-aa79-81953f5d9b0d,TUMBAL PROYEK,cgv,,26014300,Horror,106 min,17+,2D,2026-05-17,7b1a9b9c-466c-4896-b5ef-5d76d7c8fe29,2026-05-17T14:26:14.413388
34d0eb0d-e829-4f63-aa79-81953f5d9b0d,GHOST IN THE CELL,cgv,,26011800,Comedy,106 min,17+,2D,2026-05-17,669ce052-710f-4889-945c-d1634761b7de,2026-05-17T14:26:14.413702
7834d133-1948-4501-b6ef-524a295743d5,TUMBAL PROYEK,cgv,,26014300,Horror,106 min,17+,2D,2026-05-17,47b7c9ad-5005-4fa5-8d08-32584923bdde,2026-05-17T14:26:14.647104
9c17572e-8fc1-443e-aaec-e007bf29cbc6,TUMBAL PROYEK,cgv,,26014300,,,,2D,2026-05-17,108118a6-4bb3-4b26-8ee9-335bbf782612,2026-05-17T14:26:16.383320
9c17572e-8fc1-443e-aaec-e007bf29cbc6,SEMUA AKAN BAIK BAIK SAJA,cgv,,26018100,,,,2D,2026-05-17,fdec9f7b-8baa-41cf-a0ff-670220cec692,2026-05-17T14:26:16.383350
9c17572e-8fc1-443e-aaec-e007bf29cbc6,GHOST IN THE CELL,cgv,,26011800,,,,2D,2026-05-17,43262271-f37e-425a-beed-0260e276be82,2026-05-17T14:26:16.383370
9c17572e-8fc1-443e-aaec-e007bf29cbc6,YANG LAIN BOLEH HILANG ASAL KAU JANGAN,cgv,,26018300,,,,2D,2026-05-17,f1782b60-4772-4280-8c48-d83a02c3aa6b,2026-05-17T14:26:16.383389
9c17572e-8fc1-443e-aaec-e007bf29cbc6,MORTAL KOMBAT II,cgv,,26018200,,,,2D,2026-05-17,e1441fa1-8cbb-48c5-bd0b-7a0219507116,2026-05-17T14:26:16.383406
9c17572e-8fc1-443e-aaec-e007bf29cbc6,TIBA TIBA SETAN,cgv,,26007500,,,,2D,2026-05-17,bdfcc937-e020-424c-98cf-8c6c276a3936,2026-05-17T14:26:16.383423
9c17572e-8fc1-443e-aaec-e007bf29cbc6,NOBAR BIRU PSM VS PERSIB,cgv,,26024200,,,,2D,2026-05-17,90c849e0-fb97-4c94-971f-19b7a84b3213,2026-05-17T14:26:16.383439
9c17572e-8fc1-443e-aaec-e007bf29cbc6,GOHAN,cgv,,26022500,,,,2D,2026-05-17,75c518f7-0deb-4ef7-b168-58d3e55204f6,2026-05-17T14:26:16.383455
9c17572e-8fc1-443e-aaec-e007bf29cbc6,SALMOKJI WHISPERING WATER,cgv,,26019100,,,,2D,2026-05-17,22c1e4c9-0301-4322-a40b-87dd1268004c,2026-05-17T14:26:16.383471
9c17572e-8fc1-443e-aaec-e007bf29cbc6,THE SHEEP DETECTIVES,cgv,,26019500,,,,2D,2026-05-17,3016783a-b378-4756-8ce5-92b130ee5852,2026-05-17T14:26:16.383487
9c17572e-8fc1-443e-aaec-e007bf29cbc6,AYAH INI ARAHNYA KEMANA YA,cgv,,26011000,,,,2D,2026-05-17,0459c92a-a99a-45d0-b1d3-135b56d10361,2026-05-17T14:26:16.383503
9c17572e-8fc1-443e-aaec-e007bf29cbc6,DILAN ITB 1997,cgv,,26016100,,,,2D,2026-05-17,b8135e09-8605-40be-8968-68155ff00a05,2026-05-17T14:26:16.383518
9c17572e-8fc1-443e-aaec-e007bf29cbc6,THE KINGS WARDEN,cgv,,26015000,,,,2D,2026-05-17,c6b47aae-9f0f-47a5-9b0b-e3e8525f9237,2026-05-17T14:26:16.383534
9c17572e-8fc1-443e-aaec-e007bf29cbc6,THE DEVIL WEARS PRADA 2,cgv,,26019800,,,,2D,2026-05-17,c4bbee68-f0a3-463d-9a7b-6dd12e350b0f,2026-05-17T14:26:16.383549
9c17572e-8fc1-443e-aaec-e007bf29cbc6,MOBILE SUIT GUNDAM HATHAWAY,cgv,,26021100,,,,2D,2026-05-17,f43bf63d-38af-41a1-a57e-33a157f2e41f,2026-05-17T14:26:16.383565
9c17572e-8fc1-443e-aaec-e007bf29cbc6,THAT TIME I GOT REINCARNATED AS A SLIME THE MOVIE TEARS OF THE AZURE SEA,cgv,,26017900,,,,2D,2026-05-17,de81d0ae-1de5-46d7-aaeb-5644ce95d627,2026-05-17T14:26:16.383581
9c17572e-8fc1-443e-aaec-e007bf29cbc6,TOP GUN MAVERICK RE RELEASE,cgv,,26022800,,,,2D,2026-05-17,77a12a07-6e6a-4397-af3c-d4ebd8b3a4b4,2026-05-17T14:26:16.383597
9c17572e-8fc1-443e-aaec-e007bf29cbc6,SEKAWAN LIMO 2 GUNUNG KLAWIH,cgv,,26023300,,,,2D,2026-05-17,15e3d488-5b1e-498c-b204-b5f681e7b6a5,2026-05-17T14:26:16.383612
9c17572e-8fc1-443e-aaec-e007bf29cbc6,NA WILLA,cgv,,26003200,,,,2D,2026-05-17,8cf1cdac-87f5-4711-a3bf-cf9998030739,2026-05-17T14:26:16.383629
9c17572e-8fc1-443e-aaec-e007bf29cbc6,IN THE GREY,cgv,,26022600,,,,2D,2026-05-17,b7e0fb1a-6178-4159-ab1d-f0259b02a3b4,2026-05-17T14:26:16.383645
9c17572e-8fc1-443e-aaec-e007bf29cbc6,TOP GUN RE RELEASE,cgv,,26022700,,,,2D,2026-05-17,5e83884c-4e22-48d4-aeef-5e75249f43af,2026-05-17T14:26:16.383660
9c17572e-8fc1-443e-aaec-e007bf29cbc6,KELUARGA SUAMI ADALAH HAMA,cgv,,26017700,,,,2D,2026-05-17,3228024b-ab8a-4ede-920a-724d4c09a9c7,2026-05-17T14:26:16.383676
9c17572e-8fc1-443e-aaec-e007bf29cbc6,THE SUPER MARIO GALAXY MOVIE,cgv,,26012700,,,,2D,2026-05-17,bf6da514-d670-4962-bcb2-4841a20f7544,2026-05-17T14:26:16.383691
9c17572e-8fc1-443e-aaec-e007bf29cbc6,KNEECAP,cgv,,26024100,,,,2D,2026-05-17,52c16467-b132-43de-b2d1-a29fdd667435,2026-05-17T14:26:16.383707
9c17572e-8fc1-443e-aaec-e007bf29cbc6,PATI PATNI AUR WOH DO,cgv,,26024300,,,,2D,2026-05-17,492fcd3c-6a76-420d-a80b-b2e58d96b513,2026-05-17T14:26:16.383725
9c17572e-8fc1-443e-aaec-e007bf29cbc6,KFT NA WILLA,cgv,,26015600,,,,2D,2026-05-17,8cb0e8c4-ecf1-49ff-a92a-43dc721ffbed,2026-05-17T14:26:16.383742
9c17572e-8fc1-443e-aaec-e007bf29cbc6,AIN,cgv,,26019300,,,,2D,2026-05-17,bb3286d2-3427-42a8-8e27-040e53f3afa0,2026-05-17T14:26:16.383757
9c17572e-8fc1-443e-aaec-e007bf29cbc6,LEE CRONINS THE MUMMY,cgv,,26014100,,,,2D,2026-05-17,0fc51a2b-23e3-4cfb-ab1a-6a83b45b2941,2026-05-17T14:26:16.383773
9c17572e-8fc1-443e-aaec-e007bf29cbc6,ENHYPEN IMMERSION IN CINEMAS,cgv,,26016900,,,,2D,2026-05-17,a7c95d6f-d79a-47de-9fc0-260fdeff136d,2026-05-17T14:26:16.383787
9c17572e-8fc1-443e-aaec-e007bf29cbc6,THE BELL PANGGILAN UNTUK MATI,cgv,,26020700,,,,2D,2026-05-17,b4f8ef15-cd21-4d9f-b54f-6a41125db78f,2026-05-17T14:26:16.383802
a8848d34-0266-40a5-9e77-78c3229d656f,TUMBAL PROYEK,cgv,,26014300,,,,2D,2026-05-17,2766045d-6dfc-49dd-9748-0c9475d3313d,2026-05-17T14:26:17.057166
a8848d34-0266-40a5-9e77-78c3229d656f,SEMUA AKAN BAIK BAIK SAJA,cgv,,26018100,,,,2D,2026-05-17,cae1c635-0269-44e4-8c62-f528737a04a5,2026-05-17T14:26:17.057219
a8848d34-0266-40a5-9e77-78c3229d656f,GHOST IN THE CELL,cgv,,26011800,,,,2D,2026-05-17,15ba6fb4-f89a-48f3-8071-dca8b5d6865d,2026-05-17T14:26:17.057255
a8848d34-0266-40a5-9e77-78c3229d656f,YANG LAIN BOLEH HILANG ASAL KAU JANGAN,cgv,,26018300,,,,2D,2026-05-17,3c34afb4-4254-4820-b46f-fd913eacefb2,2026-05-17T14:26:17.057291
a8848d34-0266-40a5-9e77-78c3229d656f,MORTAL KOMBAT II,cgv,,26018200,,,,2D,2026-05-17,675e3251-46c2-488c-a00c-2e9eaebc4e2d,2026-05-17T14:26:17.057323
a8848d34-0266-40a5-9e77-78c3229d656f,TIBA TIBA SETAN,cgv,,26007500,,,,2D,2026-05-17,505b1f90-ebe7-46eb-b0ae-a7bf5e11dc06,2026-05-17T14:26:17.057353
a8848d34-0266-40a5-9e77-78c3229d656f,NOBAR BIRU PSM VS PERSIB,cgv,,26024200,,,,2D,2026-05-17,6486ef42-7865-405f-bd5c-49f4f213a521,2026-05-17T14:26:17.057390
a8848d34-0266-40a5-9e77-78c3229d656f,GOHAN,cgv,,26022500,,,,2D,2026-05-17,6bfa11b1-4546-4e54-b747-f250139a6ab9,2026-05-17T14:26:17.057419
a8848d34-0266-40a5-9e77-78c3229d656f,SALMOKJI WHISPERING WATER,cgv,,26019100,,,,2D,2026-05-17,2a0faefd-3474-448e-8706-e5476ec249ca,2026-05-17T14:26:17.057447
a8848d34-0266-40a5-9e77-78c3229d656f,THE SHEEP DETECTIVES,cgv,,26019500,,,,2D,2026-05-17,928efe32-6e25-4b29-b199-35b8a2112386,2026-05-17T14:26:17.057476
a8848d34-0266-40a5-9e77-78c3229d656f,AYAH INI ARAHNYA KEMANA YA,cgv,,26011000,,,,2D,2026-05-17,7c08e3e4-a413-4f91-97f0-ba811be346aa,2026-05-17T14:26:17.057504
a8848d34-0266-40a5-9e77-78c3229d656f,DILAN ITB 1997,cgv,,26016100,,,,2D,2026-05-17,0984f25b-dbce-4149-ae3b-52d9462fb9ef,2026-05-17T14:26:17.057534
a8848d34-0266-40a5-9e77-78c3229d656f,THE KINGS WARDEN,cgv,,26015000,,,,2D,2026-05-17,4c0ec92d-39ed-491a-93ec-ca8e9642af4d,2026-05-17T14:26:17.057563
a8848d34-0266-40a5-9e77-78c3229d656f,THE DEVIL WEARS PRADA 2,cgv,,26019800,,,,2D,2026-05-17,95dbe3af-006c-4562-9691-e86d3012c405,2026-05-17T14:26:17.057592
a8848d34-0266-40a5-9e77-78c3229d656f,MOBILE SUIT GUNDAM HATHAWAY,cgv,,26021100,,,,2D,2026-05-17,7aaba270-273b-4842-ab7e-0d3067f69837,2026-05-17T14:26:17.057622
a8848d34-0266-40a5-9e77-78c3229d656f,THAT TIME I GOT REINCARNATED AS A SLIME THE MOVIE TEARS OF THE AZURE SEA,cgv,,26017900,,,,2D,2026-05-17,555a122f-3312-43ca-966b-b660152084b7,2026-05-17T14:26:17.057652
a8848d34-0266-40a5-9e77-78c3229d656f,TOP GUN MAVERICK RE RELEASE,cgv,,26022800,,,,2D,2026-05-17,ce41b3b5-c38c-4a2f-9760-33362a524635,2026-05-17T14:26:17.057681
a8848d34-0266-40a5-9e77-78c3229d656f,SEKAWAN LIMO 2 GUNUNG KLAWIH,cgv,,26023300,,,,2D,2026-05-17,ce1a7095-2c54-4a50-9077-6f7fe5058508,2026-05-17T14:26:17.057726
a8848d34-0266-40a5-9e77-78c3229d656f,NA WILLA,cgv,,26003200,,,,2D,2026-05-17,69132186-1d93-4200-90cf-ba628d7d6c67,2026-05-17T14:26:17.057762
a8848d34-0266-40a5-9e77-78c3229d656f,IN THE GREY,cgv,,26022600,,,,2D,2026-05-17,b9db461f-5e81-403c-9640-c00c3b556463,2026-05-17T14:26:17.057792
a8848d34-0266-40a5-9e77-78c3229d656f,TOP GUN RE RELEASE,cgv,,26022700,,,,2D,2026-05-17,d836fea4-9eb4-4c33-a96f-59d0f8b2f10b,2026-05-17T14:26:17.057821
a8848d34-0266-40a5-9e77-78c3229d656f,KELUARGA SUAMI ADALAH HAMA,cgv,,26017700,,,,2D,2026-05-17,e718b37e-34be-47db-a948-91eaf55d7649,2026-05-17T14:26:17.057850
a8848d34-0266-40a5-9e77-78c3229d656f,THE SUPER MARIO GALAXY MOVIE,cgv,,26012700,,,,2D,2026-05-17,ee6f97e1-61ae-4cb6-a3f1-ec5d3c65d4eb,2026-05-17T14:26:17.057879
a8848d34-0266-40a5-9e77-78c3229d656f,KNEECAP,cgv,,26024100,,,,2D,2026-05-17,e4e47fd8-af47-4e85-821b-58c1d9a81077,2026-05-17T14:26:17.057908
a8848d34-0266-40a5-9e77-78c3229d656f,PATI PATNI AUR WOH DO,cgv,,26024300,,,,2D,2026-05-17,af01314c-3da5-408f-8684-d614d5e164f4,2026-05-17T14:26:17.057937
a8848d34-0266-40a5-9e77-78c3229d656f,KFT NA WILLA,cgv,,26015600,,,,2D,2026-05-17,15ab3660-beb0-4996-9dd2-c11f034ec6a0,2026-05-17T14:26:17.057967
a8848d34-0266-40a5-9e77-78c3229d656f,AIN,cgv,,26019300,,,,2D,2026-05-17,446d798f-77d7-4f2f-a8ac-7d562e2d97a5,2026-05-17T14:26:17.057996
a8848d34-0266-40a5-9e77-78c3229d656f,LEE CRONINS THE MUMMY,cgv,,26014100,,,,2D,2026-05-17,2e02d238-34c2-4008-a8a9-91529ba38fc5,2026-05-17T14:26:17.058025
a8848d34-0266-40a5-9e77-78c3229d656f,ENHYPEN IMMERSION IN CINEMAS,cgv,,26016900,,,,2D,2026-05-17,5a98cd2d-cb0b-45d7-b407-189c43a3275e,2026-05-17T14:26:17.058054
a8848d34-0266-40a5-9e77-78c3229d656f,THE BELL PANGGILAN UNTUK MATI,cgv,,26020700,,,,2D,2026-05-17,db68b030-b8d4-4e10-8d0a-01da42911ec9,2026-05-17T14:26:17.058083
0042abb0-38fe-491f-ac17-0b9fa213286c,LEE CRONIN'S THE MUMMY,cgv,,26014100,Horror,134 min,17+,2D,2026-05-17,0e2e4a8a-877b-40fc-9cdb-888765cf6199,2026-05-17T14:26:15.744037
0042abb0-38fe-491f-ac17-0b9fa213286c,TUMBAL PROYEK,cgv,,26014300,Horror,106 min,17+,2D,2026-05-17,a9a17a7f-0f2b-4e00-ac30-514406b7650d,2026-05-17T14:26:15.744343
0042abb0-38fe-491f-ac17-0b9fa213286c,GHOST IN THE CELL,cgv,,26011800,Comedy,106 min,17+,2D,2026-05-17,db60047d-0f6b-4758-807e-267ae8b5653d,2026-05-17T14:26:15.744633
0042abb0-38fe-491f-ac17-0b9fa213286c,SEMUA AKAN BAIK BAIK SAJA,cgv,,26018100,Drama,113 min,13+,2D,2026-05-17,b0b68ae0-a109-49b3-8616-985a7f0539ba,2026-05-17T14:26:15.744913
5f6a7365-baac-4ab5-b6e4-d3150baff084,YANG LAIN BOLEH HILANG ASAL KAU JANGAN,cgv,,26018300,Drama,113 min,13+,2D,2026-05-17,6a06e8f0-da0c-4c2a-91b6-d9febe5cf876,2026-05-17T14:26:16.322411
3f7da300-8148-4fec-b92d-9eb0e8d44133,TUMBAL PROYEK,cgv,,26014300,,,,2D,2026-05-17,4da4e6d6-afc2-401f-8896-13e4357dc9ff,2026-05-17T14:26:19.435978
3f7da300-8148-4fec-b92d-9eb0e8d44133,SEMUA AKAN BAIK BAIK SAJA,cgv,,26018100,,,,2D,2026-05-17,5fb90b19-3682-4cee-b3dd-8ab733b34b37,2026-05-17T14:26:19.436020
3f7da300-8148-4fec-b92d-9eb0e8d44133,GHOST IN THE CELL,cgv,,26011800,,,,2D,2026-05-17,49e306bb-6968-4507-9435-23362fccc553,2026-05-17T14:26:19.436050
3f7da300-8148-4fec-b92d-9eb0e8d44133,YANG LAIN BOLEH HILANG ASAL KAU JANGAN,cgv,,26018300,,,,2D,2026-05-17,7794b36d-0e86-49b9-a980-fdb793fa8619,2026-05-17T14:26:19.436079
3f7da300-8148-4fec-b92d-9eb0e8d44133,MORTAL KOMBAT II,cgv,,26018200,,,,2D,2026-05-17,bf20fac1-23e7-4003-ab39-a27bc07bc9e7,2026-05-17T14:26:19.436105
3f7da300-8148-4fec-b92d-9eb0e8d44133,TIBA TIBA SETAN,cgv,,26007500,,,,2D,2026-05-17,512f1243-1f6d-4d8a-a311-439894d62e61,2026-05-17T14:26:19.436130
3f7da300-8148-4fec-b92d-9eb0e8d44133,NOBAR BIRU PSM VS PERSIB,cgv,,26024200,,,,2D,2026-05-17,ba7559a8-36ec-4a96-ab72-fcbd9d4b22fd,2026-05-17T14:26:19.436154
3f7da300-8148-4fec-b92d-9eb0e8d44133,GOHAN,cgv,,26022500,,,,2D,2026-05-17,6f3a8534-f816-4410-952f-29cc54808227,2026-05-17T14:26:19.436178
3f7da300-8148-4fec-b92d-9eb0e8d44133,SALMOKJI WHISPERING WATER,cgv,,26019100,,,,2D,2026-05-17,12bf79cc-c970-4aab-b49a-ae45fb20d32c,2026-05-17T14:26:19.436202
3f7da300-8148-4fec-b92d-9eb0e8d44133,THE SHEEP DETECTIVES,cgv,,26019500,,,,2D,2026-05-17,e91b6cca-e19d-482c-831b-3f3d78a0371d,2026-05-17T14:26:19.436226
3f7da300-8148-4fec-b92d-9eb0e8d44133,AYAH INI ARAHNYA KEMANA YA,cgv,,26011000,,,,2D,2026-05-17,29558924-e0d2-4ce3-a139-f454159873b8,2026-05-17T14:26:19.436251
3f7da300-8148-4fec-b92d-9eb0e8d44133,DILAN ITB 1997,cgv,,26016100,,,,2D,2026-05-17,875936ee-0742-473e-863d-c26b0750cf41,2026-05-17T14:26:19.436275
3f7da300-8148-4fec-b92d-9eb0e8d44133,THE KINGS WARDEN,cgv,,26015000,,,,2D,2026-05-17,34f1180e-d0ee-4041-9937-cec8d7d8914d,2026-05-17T14:26:19.436299
3f7da300-8148-4fec-b92d-9eb0e8d44133,THE DEVIL WEARS PRADA 2,cgv,,26019800,,,,2D,2026-05-17,c2ef53d8-1827-4725-bc11-72c5af2da475,2026-05-17T14:26:19.436323
3f7da300-8148-4fec-b92d-9eb0e8d44133,MOBILE SUIT GUNDAM HATHAWAY,cgv,,26021100,,,,2D,2026-05-17,b0af2833-25e2-476a-a334-d4809f0a8290,2026-05-17T14:26:19.436346
3f7da300-8148-4fec-b92d-9eb0e8d44133,THAT TIME I GOT REINCARNATED AS A SLIME THE MOVIE TEARS OF THE AZURE SEA,cgv,,26017900,,,,2D,2026-05-17,f1a0650b-9f1a-4230-a59f-9d414a6a2cf5,2026-05-17T14:26:19.436371
3f7da300-8148-4fec-b92d-9eb0e8d44133,TOP GUN MAVERICK RE RELEASE,cgv,,26022800,,,,2D,2026-05-17,b7a26a13-2211-42af-b8cf-724fb07f6fe2,2026-05-17T14:26:19.436394
3f7da300-8148-4fec-b92d-9eb0e8d44133,SEKAWAN LIMO 2 GUNUNG KLAWIH,cgv,,26023300,,,,2D,2026-05-17,55ef92d1-ac8f-4e30-9d77-11d3a313a74f,2026-05-17T14:26:19.436418
3f7da300-8148-4fec-b92d-9eb0e8d44133,NA WILLA,cgv,,26003200,,,,2D,2026-05-17,5571f3b5-99a8-4cfd-bb4e-f5efd7358b69,2026-05-17T14:26:19.436442
3f7da300-8148-4fec-b92d-9eb0e8d44133,IN THE GREY,cgv,,26022600,,,,2D,2026-05-17,2628071b-9d4e-42cd-8b73-44a40a7d0e1b,2026-05-17T14:26:19.436465
3f7da300-8148-4fec-b92d-9eb0e8d44133,TOP GUN RE RELEASE,cgv,,26022700,,,,2D,2026-05-17,7ddd5d63-2ec3-403d-9cfd-5291ecb33f59,2026-05-17T14:26:19.436489
3f7da300-8148-4fec-b92d-9eb0e8d44133,KELUARGA SUAMI ADALAH HAMA,cgv,,26017700,,,,2D,2026-05-17,355767e3-147c-498f-a279-1adced38ef05,2026-05-17T14:26:19.436512
3f7da300-8148-4fec-b92d-9eb0e8d44133,THE SUPER MARIO GALAXY MOVIE,cgv,,26012700,,,,2D,2026-05-17,131d33c2-d931-4d11-9301-b4887f41e552,2026-05-17T14:26:19.436535
3f7da300-8148-4fec-b92d-9eb0e8d44133,KNEECAP,cgv,,26024100,,,,2D,2026-05-17,b283652d-9949-49cd-8e14-651997504339,2026-05-17T14:26:19.436558
3f7da300-8148-4fec-b92d-9eb0e8d44133,PATI PATNI AUR WOH DO,cgv,,26024300,,,,2D,2026-05-17,333be65e-6072-4c3e-aa9f-1c6176096d22,2026-05-17T14:26:19.436581
3f7da300-8148-4fec-b92d-9eb0e8d44133,KFT NA WILLA,cgv,,26015600,,,,2D,2026-05-17,87a9cedc-5798-4119-838f-2fdb0e71ca00,2026-05-17T14:26:19.436604
3f7da300-8148-4fec-b92d-9eb0e8d44133,AIN,cgv,,26019300,,,,2D,2026-05-17,23cebe0c-f88b-4165-8fee-829a7065a893,2026-05-17T14:26:19.436627
3f7da300-8148-4fec-b92d-9eb0e8d44133,LEE CRONINS THE MUMMY,cgv,,26014100,,,,2D,2026-05-17,db63ceee-4fa0-4222-b707-116602974f7f,2026-05-17T14:26:19.436650
3f7da300-8148-4fec-b92d-9eb0e8d44133,ENHYPEN IMMERSION IN CINEMAS,cgv,,26016900,,,,2D,2026-05-17,45f40233-9b54-4bf4-974f-1af4b4293d37,2026-05-17T14:26:19.436673
3f7da300-8148-4fec-b92d-9eb0e8d44133,THE BELL PANGGILAN UNTUK MATI,cgv,,26020700,,,,2D,2026-05-17,6f883c37-c505-40a9-81e4-41320eccf496,2026-05-17T14:26:19.436696
3be64082-a9ab-4afc-bb51-f791e272c64e,TUMBAL PROYEK,cgv,,26014300,,,,2D,2026-05-17,2a6a8115-1a3c-4aec-adb6-6857c779a2c2,2026-05-17T14:26:20.090276
3be64082-a9ab-4afc-bb51-f791e272c64e,SEMUA AKAN BAIK BAIK SAJA,cgv,,26018100,,,,2D,2026-05-17,045378ba-70cf-4986-80f1-9b7f1d942e5a,2026-05-17T14:26:20.090300
3be64082-a9ab-4afc-bb51-f791e272c64e,GHOST IN THE CELL,cgv,,26011800,,,,2D,2026-05-17,6ac07cc9-bf13-4af5-9288-59e9af082fcb,2026-05-17T14:26:20.090317
3be64082-a9ab-4afc-bb51-f791e272c64e,YANG LAIN BOLEH HILANG ASAL KAU JANGAN,cgv,,26018300,,,,2D,2026-05-17,d38686bb-f255-4f70-9789-ce4e5294de8c,2026-05-17T14:26:20.090334
3be64082-a9ab-4afc-bb51-f791e272c64e,MORTAL KOMBAT II,cgv,,26018200,,,,2D,2026-05-17,2f3c5452-eee4-4274-b07a-e35a092a20cb,2026-05-17T14:26:20.090350
3be64082-a9ab-4afc-bb51-f791e272c64e,TIBA TIBA SETAN,cgv,,26007500,,,,2D,2026-05-17,d97b9560-122c-47fb-892e-a6141ccd7cee,2026-05-17T14:26:20.090365
3be64082-a9ab-4afc-bb51-f791e272c64e,NOBAR BIRU PSM VS PERSIB,cgv,,26024200,,,,2D,2026-05-17,f23fd87a-b9a3-4d4c-b8ae-c15afce8703e,2026-05-17T14:26:20.090380
3be64082-a9ab-4afc-bb51-f791e272c64e,GOHAN,cgv,,26022500,,,,2D,2026-05-17,0ca54366-a953-4964-8f1b-17b6fc7ea736,2026-05-17T14:26:20.090395
3be64082-a9ab-4afc-bb51-f791e272c64e,SALMOKJI WHISPERING WATER,cgv,,26019100,,,,2D,2026-05-17,809a9f02-9af9-45b7-864c-8b60cf5acc3e,2026-05-17T14:26:20.090410
3be64082-a9ab-4afc-bb51-f791e272c64e,THE SHEEP DETECTIVES,cgv,,26019500,,,,2D,2026-05-17,6894f986-b02a-44a8-a33e-b991198011ee,2026-05-17T14:26:20.090424
3be64082-a9ab-4afc-bb51-f791e272c64e,AYAH INI ARAHNYA KEMANA YA,cgv,,26011000,,,,2D,2026-05-17,a4802406-8601-4bda-8221-2ab6fe1dcfe2,2026-05-17T14:26:20.090438
3be64082-a9ab-4afc-bb51-f791e272c64e,DILAN ITB 1997,cgv,,26016100,,,,2D,2026-05-17,bde0fde4-49e8-4bf9-b441-9f8cfac2d913,2026-05-17T14:26:20.090452
3be64082-a9ab-4afc-bb51-f791e272c64e,THE KINGS WARDEN,cgv,,26015000,,,,2D,2026-05-17,0055a38d-1f67-4a30-ae1b-8f6e603b5aa2,2026-05-17T14:26:20.090467
3be64082-a9ab-4afc-bb51-f791e272c64e,THE DEVIL WEARS PRADA 2,cgv,,26019800,,,,2D,2026-05-17,4d8b6a2f-1651-4ed3-94d9-f51f2db68c5e,2026-05-17T14:26:20.090481
3be64082-a9ab-4afc-bb51-f791e272c64e,MOBILE SUIT GUNDAM HATHAWAY,cgv,,26021100,,,,2D,2026-05-17,45635964-742d-4706-aad9-7fd52202c72b,2026-05-17T14:26:20.090495
3be64082-a9ab-4afc-bb51-f791e272c64e,THAT TIME I GOT REINCARNATED AS A SLIME THE MOVIE TEARS OF THE AZURE SEA,cgv,,26017900,,,,2D,2026-05-17,b778d6f6-4ade-42c5-9a69-652a143388fc,2026-05-17T14:26:20.090509
3be64082-a9ab-4afc-bb51-f791e272c64e,TOP GUN MAVERICK RE RELEASE,cgv,,26022800,,,,2D,2026-05-17,a4be742c-01ba-4932-b047-2298c594cc80,2026-05-17T14:26:20.090523
3be64082-a9ab-4afc-bb51-f791e272c64e,SEKAWAN LIMO 2 GUNUNG KLAWIH,cgv,,26023300,,,,2D,2026-05-17,06d7b617-75b0-4e8c-8ce6-0a538c2f3533,2026-05-17T14:26:20.090537
3be64082-a9ab-4afc-bb51-f791e272c64e,NA WILLA,cgv,,26003200,,,,2D,2026-05-17,5c569bf1-57b5-43d2-ab67-73d9b70863f4,2026-05-17T14:26:20.090552
3be64082-a9ab-4afc-bb51-f791e272c64e,IN THE GREY,cgv,,26022600,,,,2D,2026-05-17,a33ad2db-05da-4737-99e4-fc7d97a71e7b,2026-05-17T14:26:20.090565
3be64082-a9ab-4afc-bb51-f791e272c64e,TOP GUN RE RELEASE,cgv,,26022700,,,,2D,2026-05-17,8b9b94d9-8f9c-4db3-a26a-4977259949b8,2026-05-17T14:26:20.090579
3be64082-a9ab-4afc-bb51-f791e272c64e,KELUARGA SUAMI ADALAH HAMA,cgv,,26017700,,,,2D,2026-05-17,48e822f5-8f7b-4e95-b8d8-2fa7b7c71f5a,2026-05-17T14:26:20.090592
3be64082-a9ab-4afc-bb51-f791e272c64e,THE SUPER MARIO GALAXY MOVIE,cgv,,26012700,,,,2D,2026-05-17,7647db30-cade-4cbc-9a95-36391d1d0f4b,2026-05-17T14:26:20.090606
3be64082-a9ab-4afc-bb51-f791e272c64e,KNEECAP,cgv,,26024100,,,,2D,2026-05-17,d0fff0cc-dfe6-4a08-afd8-6eff29e64f0b,2026-05-17T14:26:20.090619
3be64082-a9ab-4afc-bb51-f791e272c64e,PATI PATNI AUR WOH DO,cgv,,26024300,,,,2D,2026-05-17,d3324a0a-5353-44eb-9e9e-359c93e16fa6,2026-05-17T14:26:20.090632
3be64082-a9ab-4afc-bb51-f791e272c64e,KFT NA WILLA,cgv,,26015600,,,,2D,2026-05-17,7cf1faf0-4dc4-4c60-860b-3d9a750e02ba,2026-05-17T14:26:20.090646
3be64082-a9ab-4afc-bb51-f791e272c64e,AIN,cgv,,26019300,,,,2D,2026-05-17,2194b293-1ef1-462b-a5e8-0f4de8723109,2026-05-17T14:26:20.090659
3be64082-a9ab-4afc-bb51-f791e272c64e,LEE CRONINS THE MUMMY,cgv,,26014100,,,,2D,2026-05-17,dfade32d-bdb7-4fe9-9cc4-67411ec699bf,2026-05-17T14:26:20.090673
3be64082-a9ab-4afc-bb51-f791e272c64e,ENHYPEN IMMERSION IN CINEMAS,cgv,,26016900,,,,2D,2026-05-17,471909ec-2f4f-45ed-b85a-bdf19856fa87,2026-05-17T14:26:20.090687
3be64082-a9ab-4afc-bb51-f791e272c64e,THE BELL PANGGILAN UNTUK MATI,cgv,,26020700,,,,2D,2026-05-17,613778eb-5ce5-4057-a337-d7c01acf8f9b,2026-05-17T14:26:20.090700
bf38d91d-958e-48e8-a724-479e920ef5dd,TUMBAL PROYEK,cgv,,26014300,Horror,106 min,17+,2D,2026-05-17,b8543e79-2ac7-4ae8-bbc6-f61d3cc8a0af,2026-05-17T14:26:18.610629
bf38d91d-958e-48e8-a724-479e920ef5dd,YANG LAIN BOLEH HILANG ASAL KAU JANGAN,cgv,,26018300,Drama,113 min,13+,2D,2026-05-17,308af284-637c-4c6f-a3b5-0089b5d6fbee,2026-05-17T14:26:18.610902
bf38d91d-958e-48e8-a724-479e920ef5dd,GHOST IN THE CELL,cgv,,26011800,Comedy,106 min,17+,2D,2026-05-17,7490e057-813b-432a-84db-944774fc14ad,2026-05-17T14:26:18.611134
cdb4a5b2-6ea9-47e0-958d-f6e08c7eac85,TUMBAL PROYEK,cgv,,26014300,Horror,106 min,17+,2D,2026-05-17,b6b0b545-d071-4c1e-aafa-294c4e6ccdcd,2026-05-17T14:26:18.774683
cdb4a5b2-6ea9-47e0-958d-f6e08c7eac85,MORTAL KOMBAT II,cgv,,26018200,Action,116 min,17+,2D,2026-05-17,d7622d5c-cf0d-492e-a34e-796ec8fcae2b,2026-05-17T14:26:18.774914
651078a0-8991-4c07-ab0b-fd39c2dc3c4e,TUMBAL PROYEK,cgv,,26014300,,,,2D,2026-05-17,8c7aca5f-19f7-4ced-8d98-f8cfc9abf8c7,2026-05-17T14:26:20.887518
651078a0-8991-4c07-ab0b-fd39c2dc3c4e,SEMUA AKAN BAIK BAIK SAJA,cgv,,26018100,,,,2D,2026-05-17,1a5a5665-f790-4208-8989-54c9a3179a41,2026-05-17T14:26:20.887552
651078a0-8991-4c07-ab0b-fd39c2dc3c4e,GHOST IN THE CELL,cgv,,26011800,,,,2D,2026-05-17,eca341e1-1eec-40cf-9653-9afeee9f6f95,2026-05-17T14:26:20.887567
651078a0-8991-4c07-ab0b-fd39c2dc3c4e,YANG LAIN BOLEH HILANG ASAL KAU JANGAN,cgv,,26018300,,,,2D,2026-05-17,60080283-8d7f-4fc7-884f-c3254020f516,2026-05-17T14:26:20.887579
651078a0-8991-4c07-ab0b-fd39c2dc3c4e,MORTAL KOMBAT II,cgv,,26018200,,,,2D,2026-05-17,082d80bd-badd-4490-abd4-058c0cfcf427,2026-05-17T14:26:20.887592
651078a0-8991-4c07-ab0b-fd39c2dc3c4e,TIBA TIBA SETAN,cgv,,26007500,,,,2D,2026-05-17,15a2af9c-6097-4889-8cba-57abb8dede3f,2026-05-17T14:26:20.887604
651078a0-8991-4c07-ab0b-fd39c2dc3c4e,NOBAR BIRU PSM VS PERSIB,cgv,,26024200,,,,2D,2026-05-17,2b3cd59e-9a07-4803-97e8-8f8f04b03a94,2026-05-17T14:26:20.887616
651078a0-8991-4c07-ab0b-fd39c2dc3c4e,GOHAN,cgv,,26022500,,,,2D,2026-05-17,2d85699c-7a99-4860-9fe5-dd22777f620a,2026-05-17T14:26:20.887627
651078a0-8991-4c07-ab0b-fd39c2dc3c4e,SALMOKJI WHISPERING WATER,cgv,,26019100,,,,2D,2026-05-17,f79c5b96-1cf1-401f-9468-7f4993b61ec6,2026-05-17T14:26:20.887638
651078a0-8991-4c07-ab0b-fd39c2dc3c4e,THE SHEEP DETECTIVES,cgv,,26019500,,,,2D,2026-05-17,75ac5f07-2b33-4594-97af-a33ec99e03cb,2026-05-17T14:26:20.887648
651078a0-8991-4c07-ab0b-fd39c2dc3c4e,AYAH INI ARAHNYA KEMANA YA,cgv,,26011000,,,,2D,2026-05-17,fe59daf5-4ea0-492f-b6ca-ad79e1d40bb0,2026-05-17T14:26:20.887662
651078a0-8991-4c07-ab0b-fd39c2dc3c4e,DILAN ITB 1997,cgv,,26016100,,,,2D,2026-05-17,f040fe97-c0f3-4205-9e94-42bc4956a8b7,2026-05-17T14:26:20.887673
651078a0-8991-4c07-ab0b-fd39c2dc3c4e,THE KINGS WARDEN,cgv,,26015000,,,,2D,2026-05-17,c1ed11ce-f7e0-4446-88f5-a69ee6f14706,2026-05-17T14:26:20.887684
651078a0-8991-4c07-ab0b-fd39c2dc3c4e,THE DEVIL WEARS PRADA 2,cgv,,26019800,,,,2D,2026-05-17,1e84f8e9-a156-48f2-9430-7d7060012cb0,2026-05-17T14:26:20.887694
651078a0-8991-4c07-ab0b-fd39c2dc3c4e,MOBILE SUIT GUNDAM HATHAWAY,cgv,,26021100,,,,2D,2026-05-17,1e993dfe-2826-4de3-90fe-3456fa4ceb38,2026-05-17T14:26:20.887705
651078a0-8991-4c07-ab0b-fd39c2dc3c4e,THAT TIME I GOT REINCARNATED AS A SLIME THE MOVIE TEARS OF THE AZURE SEA,cgv,,26017900,,,,2D,2026-05-17,773951f4-5e8d-474e-8ce6-c6fe789f6c23,2026-05-17T14:26:20.887715
651078a0-8991-4c07-ab0b-fd39c2dc3c4e,TOP GUN MAVERICK RE RELEASE,cgv,,26022800,,,,2D,2026-05-17,d2fb702c-5c8a-476f-92d5-5ced834e1626,2026-05-17T14:26:20.887726
651078a0-8991-4c07-ab0b-fd39c2dc3c4e,SEKAWAN LIMO 2 GUNUNG KLAWIH,cgv,,26023300,,,,2D,2026-05-17,862c106d-c9df-4997-94f3-e3f76a4ee22d,2026-05-17T14:26:20.887821
651078a0-8991-4c07-ab0b-fd39c2dc3c4e,NA WILLA,cgv,,26003200,,,,2D,2026-05-17,88bbb791-68e8-4a17-8d98-28756b06fb6a,2026-05-17T14:26:20.887910
651078a0-8991-4c07-ab0b-fd39c2dc3c4e,IN THE GREY,cgv,,26022600,,,,2D,2026-05-17,1a2ca450-30e0-4f37-8fab-54cd8a386322,2026-05-17T14:26:20.887938
651078a0-8991-4c07-ab0b-fd39c2dc3c4e,TOP GUN RE RELEASE,cgv,,26022700,,,,2D,2026-05-17,c613a372-7942-4071-8665-338d4c0e202d,2026-05-17T14:26:20.887953
651078a0-8991-4c07-ab0b-fd39c2dc3c4e,KELUARGA SUAMI ADALAH HAMA,cgv,,26017700,,,,2D,2026-05-17,ccc4ed1e-47b4-4bc7-8661-0fd7f6899b65,2026-05-17T14:26:20.887966
651078a0-8991-4c07-ab0b-fd39c2dc3c4e,THE SUPER MARIO GALAXY MOVIE,cgv,,26012700,,,,2D,2026-05-17,708df902-d3a8-4e24-b393-e59ea93c75d3,2026-05-17T14:26:20.888050
651078a0-8991-4c07-ab0b-fd39c2dc3c4e,KNEECAP,cgv,,26024100,,,,2D,2026-05-17,6b80eeac-c8bc-48e1-b01d-3a448ff92368,2026-05-17T14:26:20.888076
651078a0-8991-4c07-ab0b-fd39c2dc3c4e,PATI PATNI AUR WOH DO,cgv,,26024300,,,,2D,2026-05-17,99cbbd31-b55d-422f-abca-01d423a88c4e,2026-05-17T14:26:20.888090
651078a0-8991-4c07-ab0b-fd39c2dc3c4e,KFT NA WILLA,cgv,,26015600,,,,2D,2026-05-17,46daf0ce-ae3b-40dc-9f45-949405c91d49,2026-05-17T14:26:20.888209
651078a0-8991-4c07-ab0b-fd39c2dc3c4e,AIN,cgv,,26019300,,,,2D,2026-05-17,1f6a7ff6-55ab-4716-a465-ed9cbd177dac,2026-05-17T14:26:20.888221
651078a0-8991-4c07-ab0b-fd39c2dc3c4e,LEE CRONINS THE MUMMY,cgv,,26014100,,,,2D,2026-05-17,6c161323-4b40-458e-b971-c7f86f02dc5d,2026-05-17T14:26:20.888263
651078a0-8991-4c07-ab0b-fd39c2dc3c4e,ENHYPEN IMMERSION IN CINEMAS,cgv,,26016900,,,,2D,2026-05-17,032d039f-f336-4ac6-a881-b467c4000ad7,2026-05-17T14:26:20.888280
651078a0-8991-4c07-ab0b-fd39c2dc3c4e,THE BELL PANGGILAN UNTUK MATI,cgv,,26020700,,,,2D,2026-05-17,984342fc-fb79-467c-83d3-ef60dfb7ec9f,2026-05-17T14:26:20.888293
f06b8f23-8158-48df-b655-f6872ea5bab6,GHOST IN THE CELL,cgv,,26011800,Comedy,106 min,17+,2D,2026-05-17,aee85b69-94fa-4dab-8edc-16cc81171e3f,2026-05-17T14:26:20.675359
4423e6ce-4acb-400a-8d63-6a99a7637aaa,TUMBAL PROYEK,cgv,,26014300,,,,2D,2026-05-17,dad373f1-8085-40a8-b3b7-fe2877fefe5a,2026-05-17T14:26:22.188596
4423e6ce-4acb-400a-8d63-6a99a7637aaa,SEMUA AKAN BAIK BAIK SAJA,cgv,,26018100,,,,2D,2026-05-17,f9ff47b2-5089-43b0-8b5e-35af46728e2e,2026-05-17T14:26:22.188616
4423e6ce-4acb-400a-8d63-6a99a7637aaa,GHOST IN THE CELL,cgv,,26011800,,,,2D,2026-05-17,463fc4bc-6c43-4232-8e9b-c70719176c4b,2026-05-17T14:26:22.188628
4423e6ce-4acb-400a-8d63-6a99a7637aaa,YANG LAIN BOLEH HILANG ASAL KAU JANGAN,cgv,,26018300,,,,2D,2026-05-17,830ab276-19e2-4ca7-821d-b4cbf7dd7f80,2026-05-17T14:26:22.188640
4423e6ce-4acb-400a-8d63-6a99a7637aaa,MORTAL KOMBAT II,cgv,,26018200,,,,2D,2026-05-17,ee570c5e-645d-4f1e-a1bf-e9e6402ef828,2026-05-17T14:26:22.188652
4423e6ce-4acb-400a-8d63-6a99a7637aaa,TIBA TIBA SETAN,cgv,,26007500,,,,2D,2026-05-17,b6ac5eb9-b959-45de-8562-9fca86a69421,2026-05-17T14:26:22.188663
4423e6ce-4acb-400a-8d63-6a99a7637aaa,NOBAR BIRU PSM VS PERSIB,cgv,,26024200,,,,2D,2026-05-17,3817f136-37fd-4b06-a72a-b93918b6dbbc,2026-05-17T14:26:22.188673
4423e6ce-4acb-400a-8d63-6a99a7637aaa,GOHAN,cgv,,26022500,,,,2D,2026-05-17,04201ff6-45ed-4b3d-84e2-cf6e7008d874,2026-05-17T14:26:22.188684
4423e6ce-4acb-400a-8d63-6a99a7637aaa,SALMOKJI WHISPERING WATER,cgv,,26019100,,,,2D,2026-05-17,d5df6ef7-fdc8-4a64-98db-339a92d68790,2026-05-17T14:26:22.188695
4423e6ce-4acb-400a-8d63-6a99a7637aaa,THE SHEEP DETECTIVES,cgv,,26019500,,,,2D,2026-05-17,5361ed4e-2d4b-402f-8738-a3d9a0876c55,2026-05-17T14:26:22.188705
4423e6ce-4acb-400a-8d63-6a99a7637aaa,AYAH INI ARAHNYA KEMANA YA,cgv,,26011000,,,,2D,2026-05-17,69ec3d83-206f-4e40-a76d-5543d8152cf8,2026-05-17T14:26:22.188715
4423e6ce-4acb-400a-8d63-6a99a7637aaa,DILAN ITB 1997,cgv,,26016100,,,,2D,2026-05-17,07818e31-f2fe-4bf9-aa8a-ee471be9d50a,2026-05-17T14:26:22.188725
4423e6ce-4acb-400a-8d63-6a99a7637aaa,THE KINGS WARDEN,cgv,,26015000,,,,2D,2026-05-17,c795677e-7c95-47cb-9335-37973c005513,2026-05-17T14:26:22.188735
4423e6ce-4acb-400a-8d63-6a99a7637aaa,THE DEVIL WEARS PRADA 2,cgv,,26019800,,,,2D,2026-05-17,4f7a24ce-675b-48cf-b3c6-5675b3287c29,2026-05-17T14:26:22.188746
4423e6ce-4acb-400a-8d63-6a99a7637aaa,MOBILE SUIT GUNDAM HATHAWAY,cgv,,26021100,,,,2D,2026-05-17,e33277b4-bd7d-4054-91fd-799a622b2166,2026-05-17T14:26:22.188756
4423e6ce-4acb-400a-8d63-6a99a7637aaa,THAT TIME I GOT REINCARNATED AS A SLIME THE MOVIE TEARS OF THE AZURE SEA,cgv,,26017900,,,,2D,2026-05-17,353c1b85-df11-4892-8451-1bb42f29f80e,2026-05-17T14:26:22.188766
4423e6ce-4acb-400a-8d63-6a99a7637aaa,TOP GUN MAVERICK RE RELEASE,cgv,,26022800,,,,2D,2026-05-17,6b1821ca-b5c4-4861-8749-4ff8903b8a07,2026-05-17T14:26:22.188787
4423e6ce-4acb-400a-8d63-6a99a7637aaa,SEKAWAN LIMO 2 GUNUNG KLAWIH,cgv,,26023300,,,,2D,2026-05-17,f0f5726f-6627-4a4a-95ff-d4cf4bb592f9,2026-05-17T14:26:22.188808
4423e6ce-4acb-400a-8d63-6a99a7637aaa,NA WILLA,cgv,,26003200,,,,2D,2026-05-17,51d7c00b-74ee-4a98-b2e7-dd94954efa94,2026-05-17T14:26:22.188821
4423e6ce-4acb-400a-8d63-6a99a7637aaa,IN THE GREY,cgv,,26022600,,,,2D,2026-05-17,4c5a80af-7848-4e10-ae0a-b26562af6758,2026-05-17T14:26:22.188901
4423e6ce-4acb-400a-8d63-6a99a7637aaa,TOP GUN RE RELEASE,cgv,,26022700,,,,2D,2026-05-17,b2908faa-dc7e-4d17-9805-b680685df465,2026-05-17T14:26:22.188954
4423e6ce-4acb-400a-8d63-6a99a7637aaa,KELUARGA SUAMI ADALAH HAMA,cgv,,26017700,,,,2D,2026-05-17,e707b70f-9015-43bb-9b16-edb88a707f2e,2026-05-17T14:26:22.188988
4423e6ce-4acb-400a-8d63-6a99a7637aaa,THE SUPER MARIO GALAXY MOVIE,cgv,,26012700,,,,2D,2026-05-17,a5238f9c-84d3-4ed5-8d45-0f9af67d4aca,2026-05-17T14:26:22.189004
4423e6ce-4acb-400a-8d63-6a99a7637aaa,KNEECAP,cgv,,26024100,,,,2D,2026-05-17,ae782415-8e75-42ca-9897-ff0386f2e2bf,2026-05-17T14:26:22.189017
4423e6ce-4acb-400a-8d63-6a99a7637aaa,PATI PATNI AUR WOH DO,cgv,,26024300,,,,2D,2026-05-17,60e60ecd-50f9-4398-8184-739c3bc73e90,2026-05-17T14:26:22.189028
4423e6ce-4acb-400a-8d63-6a99a7637aaa,KFT NA WILLA,cgv,,26015600,,,,2D,2026-05-17,95ddbc5e-7241-45da-a3d3-896897686562,2026-05-17T14:26:22.189040
4423e6ce-4acb-400a-8d63-6a99a7637aaa,AIN,cgv,,26019300,,,,2D,2026-05-17,8efd3d45-e4de-4a91-8b5e-5e630ef04093,2026-05-17T14:26:22.189051
4423e6ce-4acb-400a-8d63-6a99a7637aaa,LEE CRONINS THE MUMMY,cgv,,26014100,,,,2D,2026-05-17,b83e8b0a-b7cf-4bc7-ab79-897d0ee899d5,2026-05-17T14:26:22.189061
4423e6ce-4acb-400a-8d63-6a99a7637aaa,ENHYPEN IMMERSION IN CINEMAS,cgv,,26016900,,,,2D,2026-05-17,2acc9b46-3e6d-4b72-83cb-6383190a8f9d,2026-05-17T14:26:22.189072
4423e6ce-4acb-400a-8d63-6a99a7637aaa,THE BELL PANGGILAN UNTUK MATI,cgv,,26020700,,,,2D,2026-05-17,f436e62e-0bd9-430c-ae21-ab560a5b27c6,2026-05-17T14:26:22.189083
e20ddb98-3c61-4260-b648-c986f3b29c2c,TUMBAL PROYEK,cgv,,26014300,,,,2D,2026-05-17,3c9cd7bd-6c22-4936-9692-8b9bed6e741e,2026-05-17T14:26:22.819439
e20ddb98-3c61-4260-b648-c986f3b29c2c,SEMUA AKAN BAIK BAIK SAJA,cgv,,26018100,,,,2D,2026-05-17,2764e972-28af-41eb-892c-ca0cec787f57,2026-05-17T14:26:22.819458
e20ddb98-3c61-4260-b648-c986f3b29c2c,GHOST IN THE CELL,cgv,,26011800,,,,2D,2026-05-17,a837c775-e4a7-451d-bdfa-e28b5ec4afed,2026-05-17T14:26:22.819470
e20ddb98-3c61-4260-b648-c986f3b29c2c,YANG LAIN BOLEH HILANG ASAL KAU JANGAN,cgv,,26018300,,,,2D,2026-05-17,d37fdbde-f93b-46d1-a139-df7a036dd508,2026-05-17T14:26:22.819482
e20ddb98-3c61-4260-b648-c986f3b29c2c,MORTAL KOMBAT II,cgv,,26018200,,,,2D,2026-05-17,d2b134f6-da3e-4fe0-924f-9e89cc7bafa5,2026-05-17T14:26:22.819493
e20ddb98-3c61-4260-b648-c986f3b29c2c,TIBA TIBA SETAN,cgv,,26007500,,,,2D,2026-05-17,16fbc097-7311-48f0-bb7e-97f986eeef10,2026-05-17T14:26:22.819504
e20ddb98-3c61-4260-b648-c986f3b29c2c,NOBAR BIRU PSM VS PERSIB,cgv,,26024200,,,,2D,2026-05-17,a32171b0-31ec-42d8-ad8e-531923fbab8c,2026-05-17T14:26:22.819515
e20ddb98-3c61-4260-b648-c986f3b29c2c,GOHAN,cgv,,26022500,,,,2D,2026-05-17,ae205390-d29c-4853-a209-4d33c5f39515,2026-05-17T14:26:22.819525
e20ddb98-3c61-4260-b648-c986f3b29c2c,SALMOKJI WHISPERING WATER,cgv,,26019100,,,,2D,2026-05-17,2777e74c-172b-4045-98e8-5c9b196501a1,2026-05-17T14:26:22.819536
e20ddb98-3c61-4260-b648-c986f3b29c2c,THE SHEEP DETECTIVES,cgv,,26019500,,,,2D,2026-05-17,9a989f75-8fab-4555-bedb-37a7b28d6336,2026-05-17T14:26:22.819546
e20ddb98-3c61-4260-b648-c986f3b29c2c,AYAH INI ARAHNYA KEMANA YA,cgv,,26011000,,,,2D,2026-05-17,32436f86-95dd-4430-8536-55753361bc74,2026-05-17T14:26:22.819556
e20ddb98-3c61-4260-b648-c986f3b29c2c,DILAN ITB 1997,cgv,,26016100,,,,2D,2026-05-17,084dc4a4-dedc-4e25-857d-18f2ad69ca1b,2026-05-17T14:26:22.819567
e20ddb98-3c61-4260-b648-c986f3b29c2c,THE KINGS WARDEN,cgv,,26015000,,,,2D,2026-05-17,c258052f-53dc-4c2e-9339-cf3b0d3f1a35,2026-05-17T14:26:22.819577
e20ddb98-3c61-4260-b648-c986f3b29c2c,THE DEVIL WEARS PRADA 2,cgv,,26019800,,,,2D,2026-05-17,526a6f8c-d589-45e2-a4ad-ef46353636f5,2026-05-17T14:26:22.819586
e20ddb98-3c61-4260-b648-c986f3b29c2c,MOBILE SUIT GUNDAM HATHAWAY,cgv,,26021100,,,,2D,2026-05-17,a2abb7ff-cd6e-41a1-ab40-aa2de28c69c9,2026-05-17T14:26:22.819656
e20ddb98-3c61-4260-b648-c986f3b29c2c,THAT TIME I GOT REINCARNATED AS A SLIME THE MOVIE TEARS OF THE AZURE SEA,cgv,,26017900,,,,2D,2026-05-17,3e7e8e8a-d685-4d69-b1d7-85c23363c6d9,2026-05-17T14:26:22.819669
e20ddb98-3c61-4260-b648-c986f3b29c2c,TOP GUN MAVERICK RE RELEASE,cgv,,26022800,,,,2D,2026-05-17,6409f8cb-cea3-4184-a839-720442b51c71,2026-05-17T14:26:22.819679
e20ddb98-3c61-4260-b648-c986f3b29c2c,SEKAWAN LIMO 2 GUNUNG KLAWIH,cgv,,26023300,,,,2D,2026-05-17,9224d88c-7a27-4593-b381-4a2beca86b13,2026-05-17T14:26:22.819689
e20ddb98-3c61-4260-b648-c986f3b29c2c,NA WILLA,cgv,,26003200,,,,2D,2026-05-17,00c36053-d0b5-464c-84be-044cf6d36aa0,2026-05-17T14:26:22.819700
e20ddb98-3c61-4260-b648-c986f3b29c2c,IN THE GREY,cgv,,26022600,,,,2D,2026-05-17,32579b12-ebd9-4e06-b7c0-44135de3604c,2026-05-17T14:26:22.819711
e20ddb98-3c61-4260-b648-c986f3b29c2c,TOP GUN RE RELEASE,cgv,,26022700,,,,2D,2026-05-17,f6eebf97-3dbf-4d65-9826-3a4c5113e54d,2026-05-17T14:26:22.819721
e20ddb98-3c61-4260-b648-c986f3b29c2c,KELUARGA SUAMI ADALAH HAMA,cgv,,26017700,,,,2D,2026-05-17,ff97497e-d3bf-46a5-9ae9-9c4f513952b7,2026-05-17T14:26:22.819731
e20ddb98-3c61-4260-b648-c986f3b29c2c,THE SUPER MARIO GALAXY MOVIE,cgv,,26012700,,,,2D,2026-05-17,038a78d0-1178-47a2-a1fa-79ad5b29657d,2026-05-17T14:26:22.819741
e20ddb98-3c61-4260-b648-c986f3b29c2c,KNEECAP,cgv,,26024100,,,,2D,2026-05-17,d2db25bd-1ac1-4128-839f-15a5213e2b59,2026-05-17T14:26:22.819752
e20ddb98-3c61-4260-b648-c986f3b29c2c,PATI PATNI AUR WOH DO,cgv,,26024300,,,,2D,2026-05-17,c63400b5-3754-4cd6-90fb-c579ff72a95e,2026-05-17T14:26:22.819762
e20ddb98-3c61-4260-b648-c986f3b29c2c,KFT NA WILLA,cgv,,26015600,,,,2D,2026-05-17,0549efdc-1837-4ee1-8b07-92d149f61558,2026-05-17T14:26:22.819775
e20ddb98-3c61-4260-b648-c986f3b29c2c,AIN,cgv,,26019300,,,,2D,2026-05-17,99114684-0601-4471-9736-5ba1ad0759d3,2026-05-17T14:26:22.819786
e20ddb98-3c61-4260-b648-c986f3b29c2c,LEE CRONINS THE MUMMY,cgv,,26014100,,,,2D,2026-05-17,2752e466-fc32-4719-9771-edfe0688ff4a,2026-05-17T14:26:22.819796
e20ddb98-3c61-4260-b648-c986f3b29c2c,ENHYPEN IMMERSION IN CINEMAS,cgv,,26016900,,,,2D,2026-05-17,12351b21-11b2-45b2-9f7c-68491cd4a0a9,2026-05-17T14:26:22.819806
e20ddb98-3c61-4260-b648-c986f3b29c2c,THE BELL PANGGILAN UNTUK MATI,cgv,,26020700,,,,2D,2026-05-17,8fdb31e9-9e25-4883-8c4f-7f20710e92e0,2026-05-17T14:26:22.819816
5f965e51-7ae7-4def-9bc1-2a7547cdfa45,GHOST IN THE CELL,cgv,,26011800,Comedy,106 min,17+,2D,2026-05-17,8df602de-6045-4121-8af7-ea79a10522cf,2026-05-17T14:26:21.771033
5f965e51-7ae7-4def-9bc1-2a7547cdfa45,YANG LAIN BOLEH HILANG ASAL KAU JANGAN,cgv,,26018300,Drama,113 min,13+,2D,2026-05-17,bf9d75d9-4efd-49e2-ac5f-64631e791582,2026-05-17T14:26:21.771398
5f965e51-7ae7-4def-9bc1-2a7547cdfa45,TUMBAL PROYEK,cgv,,26014300,Horror,106 min,17+,2D,2026-05-17,646144d6-3478-4882-be93-8c3817674774,2026-05-17T14:26:21.771822
aecac4f8-5562-4613-8730-50fafa6d235e,GHOST IN THE CELL,cgv,,26011800,Comedy,106 min,17+,2D,2026-05-17,79839b31-07be-4934-872e-1e830760e29c,2026-05-17T14:26:22.352713
aecac4f8-5562-4613-8730-50fafa6d235e,TUMBAL PROYEK,cgv,,26014300,Horror,106 min,17+,2D,2026-05-17,a91ed8d9-93c5-4c95-809a-438dabea91ab,2026-05-17T14:26:22.353222
4fc6c73a-da09-4ab9-b347-0fe182f5da70,TUMBAL PROYEK,cgv,,26014300,,,,2D,2026-05-17,8d4c7ded-815c-4b3e-b00e-e1dee571a58e,2026-05-17T14:26:24.382956
4fc6c73a-da09-4ab9-b347-0fe182f5da70,SEMUA AKAN BAIK BAIK SAJA,cgv,,26018100,,,,2D,2026-05-17,63bb6160-3e74-4d94-a4c9-3dc18ae9e849,2026-05-17T14:26:24.382975
4fc6c73a-da09-4ab9-b347-0fe182f5da70,GHOST IN THE CELL,cgv,,26011800,,,,2D,2026-05-17,02c7f820-de6a-4718-ab74-9d18f942653f,2026-05-17T14:26:24.382988
4fc6c73a-da09-4ab9-b347-0fe182f5da70,YANG LAIN BOLEH HILANG ASAL KAU JANGAN,cgv,,26018300,,,,2D,2026-05-17,868be80a-7e28-42b6-806c-b897c882a164,2026-05-17T14:26:24.383000
4fc6c73a-da09-4ab9-b347-0fe182f5da70,MORTAL KOMBAT II,cgv,,26018200,,,,2D,2026-05-17,37a2844d-ae10-4ef2-91ab-8c4d52437d47,2026-05-17T14:26:24.383012
4fc6c73a-da09-4ab9-b347-0fe182f5da70,TIBA TIBA SETAN,cgv,,26007500,,,,2D,2026-05-17,18a63626-2ac4-454a-b41c-b383a5129bfb,2026-05-17T14:26:24.383023
4fc6c73a-da09-4ab9-b347-0fe182f5da70,NOBAR BIRU PSM VS PERSIB,cgv,,26024200,,,,2D,2026-05-17,d6b515f9-b643-4e25-a4b0-834186886dc1,2026-05-17T14:26:24.383034
4fc6c73a-da09-4ab9-b347-0fe182f5da70,GOHAN,cgv,,26022500,,,,2D,2026-05-17,9c27acbc-90e2-4624-8fff-7a62582705b2,2026-05-17T14:26:24.383046
4fc6c73a-da09-4ab9-b347-0fe182f5da70,SALMOKJI WHISPERING WATER,cgv,,26019100,,,,2D,2026-05-17,01ac15d6-8ec9-42af-8e76-0543a207e81f,2026-05-17T14:26:24.383056
4fc6c73a-da09-4ab9-b347-0fe182f5da70,THE SHEEP DETECTIVES,cgv,,26019500,,,,2D,2026-05-17,dcfa129e-1585-4eb2-974d-c7da29e12c63,2026-05-17T14:26:24.383067
4fc6c73a-da09-4ab9-b347-0fe182f5da70,AYAH INI ARAHNYA KEMANA YA,cgv,,26011000,,,,2D,2026-05-17,61042209-9222-4907-90a8-ed6af266cda5,2026-05-17T14:26:24.383078
4fc6c73a-da09-4ab9-b347-0fe182f5da70,DILAN ITB 1997,cgv,,26016100,,,,2D,2026-05-17,69520b1f-98cb-4805-963e-4dce99b2cde4,2026-05-17T14:26:24.383089
4fc6c73a-da09-4ab9-b347-0fe182f5da70,THE KINGS WARDEN,cgv,,26015000,,,,2D,2026-05-17,39b769a6-418f-455e-b98d-7a6af3caa7ac,2026-05-17T14:26:24.383100
4fc6c73a-da09-4ab9-b347-0fe182f5da70,THE DEVIL WEARS PRADA 2,cgv,,26019800,,,,2D,2026-05-17,def4d399-20ac-4fd7-b1a2-b12740115416,2026-05-17T14:26:24.383111
4fc6c73a-da09-4ab9-b347-0fe182f5da70,MOBILE SUIT GUNDAM HATHAWAY,cgv,,26021100,,,,2D,2026-05-17,956c7fa9-0013-4af2-a59c-1ca3d040b4fa,2026-05-17T14:26:24.383121
4fc6c73a-da09-4ab9-b347-0fe182f5da70,THAT TIME I GOT REINCARNATED AS A SLIME THE MOVIE TEARS OF THE AZURE SEA,cgv,,26017900,,,,2D,2026-05-17,76f506a0-67f2-4ff7-a4d2-062eaa937c24,2026-05-17T14:26:24.383132
4fc6c73a-da09-4ab9-b347-0fe182f5da70,TOP GUN MAVERICK RE RELEASE,cgv,,26022800,,,,2D,2026-05-17,c0271715-2d2e-430d-ad22-c8e2422cf8bd,2026-05-17T14:26:24.383143
4fc6c73a-da09-4ab9-b347-0fe182f5da70,SEKAWAN LIMO 2 GUNUNG KLAWIH,cgv,,26023300,,,,2D,2026-05-17,1743766b-5825-4319-9b4e-7fedeb6d8a51,2026-05-17T14:26:24.383153
4fc6c73a-da09-4ab9-b347-0fe182f5da70,NA WILLA,cgv,,26003200,,,,2D,2026-05-17,593518ab-d367-4e83-9aa6-80e294b70237,2026-05-17T14:26:24.383165
4fc6c73a-da09-4ab9-b347-0fe182f5da70,IN THE GREY,cgv,,26022600,,,,2D,2026-05-17,5b20cec7-33d5-4a07-9f27-d318e5473a11,2026-05-17T14:26:24.383176
4fc6c73a-da09-4ab9-b347-0fe182f5da70,TOP GUN RE RELEASE,cgv,,26022700,,,,2D,2026-05-17,75c39135-2aef-418a-8ece-f9863601b0d6,2026-05-17T14:26:24.383186
4fc6c73a-da09-4ab9-b347-0fe182f5da70,KELUARGA SUAMI ADALAH HAMA,cgv,,26017700,,,,2D,2026-05-17,e67440d0-36c4-45e7-b1bb-0d1bdeea6781,2026-05-17T14:26:24.383197
4fc6c73a-da09-4ab9-b347-0fe182f5da70,THE SUPER MARIO GALAXY MOVIE,cgv,,26012700,,,,2D,2026-05-17,174a6bf0-ecb1-49b6-9548-8e68ff7e96ca,2026-05-17T14:26:24.383207
4fc6c73a-da09-4ab9-b347-0fe182f5da70,KNEECAP,cgv,,26024100,,,,2D,2026-05-17,e7743e29-4ac9-4bbb-80f2-5ed94ebafb17,2026-05-17T14:26:24.383217
4fc6c73a-da09-4ab9-b347-0fe182f5da70,PATI PATNI AUR WOH DO,cgv,,26024300,,,,2D,2026-05-17,ebe7161d-9dd9-4ed5-9d8b-b9c9b93de2ef,2026-05-17T14:26:24.383228
4fc6c73a-da09-4ab9-b347-0fe182f5da70,KFT NA WILLA,cgv,,26015600,,,,2D,2026-05-17,52f57f08-624f-49b5-8656-1f1f67f2c90c,2026-05-17T14:26:24.383238
4fc6c73a-da09-4ab9-b347-0fe182f5da70,AIN,cgv,,26019300,,,,2D,2026-05-17,411c32a9-bbec-470f-9b84-b134878a8b50,2026-05-17T14:26:24.383248
4fc6c73a-da09-4ab9-b347-0fe182f5da70,LEE CRONINS THE MUMMY,cgv,,26014100,,,,2D,2026-05-17,2574fc41-d3c5-4885-a839-3364b582e827,2026-05-17T14:26:24.383258
4fc6c73a-da09-4ab9-b347-0fe182f5da70,ENHYPEN IMMERSION IN CINEMAS,cgv,,26016900,,,,2D,2026-05-17,4cb3a535-c2c6-48fd-8658-4c4c34dbed81,2026-05-17T14:26:24.383269
4fc6c73a-da09-4ab9-b347-0fe182f5da70,THE BELL PANGGILAN UNTUK MATI,cgv,,26020700,,,,2D,2026-05-17,bc78643e-0c2c-4226-8a4c-b3608e698559,2026-05-17T14:26:24.383279
b51747fd-59d2-4374-8718-cb16f706ce53,TUMBAL PROYEK,cgv,,26014300,,,,2D,2026-05-17,af49d074-88bc-48ae-955c-869e40b4fcf2,2026-05-17T14:26:25.425240
b51747fd-59d2-4374-8718-cb16f706ce53,SEMUA AKAN BAIK BAIK SAJA,cgv,,26018100,,,,2D,2026-05-17,ec434458-76ac-4d23-b5ff-d301e597a546,2026-05-17T14:26:25.425264
b51747fd-59d2-4374-8718-cb16f706ce53,GHOST IN THE CELL,cgv,,26011800,,,,2D,2026-05-17,b5d3fc5b-2f76-42df-b504-1992b3a168cc,2026-05-17T14:26:25.425281
b51747fd-59d2-4374-8718-cb16f706ce53,YANG LAIN BOLEH HILANG ASAL KAU JANGAN,cgv,,26018300,,,,2D,2026-05-17,126b7859-0314-41e6-a038-4e00629eaed6,2026-05-17T14:26:25.425297
b51747fd-59d2-4374-8718-cb16f706ce53,MORTAL KOMBAT II,cgv,,26018200,,,,2D,2026-05-17,ad3185b4-a6d1-4bee-9148-d1153e6b7009,2026-05-17T14:26:25.425313
b51747fd-59d2-4374-8718-cb16f706ce53,TIBA TIBA SETAN,cgv,,26007500,,,,2D,2026-05-17,7f39d106-1c74-4fad-bfab-780394e3e369,2026-05-17T14:26:25.425328
b51747fd-59d2-4374-8718-cb16f706ce53,NOBAR BIRU PSM VS PERSIB,cgv,,26024200,,,,2D,2026-05-17,7df9bf6d-24bb-41cc-b6dc-ee970c3d3423,2026-05-17T14:26:25.425343
b51747fd-59d2-4374-8718-cb16f706ce53,GOHAN,cgv,,26022500,,,,2D,2026-05-17,ce688bc3-eaf2-4d95-b160-e6c3c552d9fe,2026-05-17T14:26:25.425357
b51747fd-59d2-4374-8718-cb16f706ce53,SALMOKJI WHISPERING WATER,cgv,,26019100,,,,2D,2026-05-17,74ecc7a6-731e-4f4b-ada7-a8545547d6e7,2026-05-17T14:26:25.425371
b51747fd-59d2-4374-8718-cb16f706ce53,THE SHEEP DETECTIVES,cgv,,26019500,,,,2D,2026-05-17,407f638c-c820-4d53-8bb5-dde1ac9f86be,2026-05-17T14:26:25.425385
b51747fd-59d2-4374-8718-cb16f706ce53,AYAH INI ARAHNYA KEMANA YA,cgv,,26011000,,,,2D,2026-05-17,733fc3c6-78c5-42d8-947e-60a4a0647aa1,2026-05-17T14:26:25.425399
b51747fd-59d2-4374-8718-cb16f706ce53,DILAN ITB 1997,cgv,,26016100,,,,2D,2026-05-17,d97c6a72-0627-4961-b180-f86211391430,2026-05-17T14:26:25.425413
b51747fd-59d2-4374-8718-cb16f706ce53,THE KINGS WARDEN,cgv,,26015000,,,,2D,2026-05-17,a2032420-eac1-413a-afda-7c59beb30a04,2026-05-17T14:26:25.425427
b51747fd-59d2-4374-8718-cb16f706ce53,THE DEVIL WEARS PRADA 2,cgv,,26019800,,,,2D,2026-05-17,ea2602b2-28c6-493b-8189-f59de5127493,2026-05-17T14:26:25.425441
b51747fd-59d2-4374-8718-cb16f706ce53,MOBILE SUIT GUNDAM HATHAWAY,cgv,,26021100,,,,2D,2026-05-17,8d162849-8a74-4827-bfb2-a09ed5ec5824,2026-05-17T14:26:25.425456
b51747fd-59d2-4374-8718-cb16f706ce53,THAT TIME I GOT REINCARNATED AS A SLIME THE MOVIE TEARS OF THE AZURE SEA,cgv,,26017900,,,,2D,2026-05-17,3cdd640e-249a-47be-9df1-3905c0bb9129,2026-05-17T14:26:25.425471
b51747fd-59d2-4374-8718-cb16f706ce53,TOP GUN MAVERICK RE RELEASE,cgv,,26022800,,,,2D,2026-05-17,7b397084-f9f8-44d5-933f-4dd73799aec4,2026-05-17T14:26:25.425485
b51747fd-59d2-4374-8718-cb16f706ce53,SEKAWAN LIMO 2 GUNUNG KLAWIH,cgv,,26023300,,,,2D,2026-05-17,cbb16af1-4813-4764-9522-b39c7d79a5ea,2026-05-17T14:26:25.425500
b51747fd-59d2-4374-8718-cb16f706ce53,NA WILLA,cgv,,26003200,,,,2D,2026-05-17,be4af6c9-2fd0-433b-89b2-48e81a0254a5,2026-05-17T14:26:25.425516
b51747fd-59d2-4374-8718-cb16f706ce53,IN THE GREY,cgv,,26022600,,,,2D,2026-05-17,86748f59-8bb8-4b8a-a1ea-7652f82d85b6,2026-05-17T14:26:25.425529
b51747fd-59d2-4374-8718-cb16f706ce53,TOP GUN RE RELEASE,cgv,,26022700,,,,2D,2026-05-17,4f27c4bf-3306-4485-aca0-56003bc9298d,2026-05-17T14:26:25.425543
b51747fd-59d2-4374-8718-cb16f706ce53,KELUARGA SUAMI ADALAH HAMA,cgv,,26017700,,,,2D,2026-05-17,7847e4a6-fbaf-4f6e-afc9-e4c041accccd,2026-05-17T14:26:25.425557
b51747fd-59d2-4374-8718-cb16f706ce53,THE SUPER MARIO GALAXY MOVIE,cgv,,26012700,,,,2D,2026-05-17,d01bebd8-6f1e-456b-a2c9-dfe7414567bd,2026-05-17T14:26:25.425572
b51747fd-59d2-4374-8718-cb16f706ce53,KNEECAP,cgv,,26024100,,,,2D,2026-05-17,4d293140-1d54-4b10-b7fe-961095491bb9,2026-05-17T14:26:25.425585
b51747fd-59d2-4374-8718-cb16f706ce53,PATI PATNI AUR WOH DO,cgv,,26024300,,,,2D,2026-05-17,7706d10a-07ea-47f2-82ea-3ece9c3e3787,2026-05-17T14:26:25.425600
b51747fd-59d2-4374-8718-cb16f706ce53,KFT NA WILLA,cgv,,26015600,,,,2D,2026-05-17,c8465b1d-fef7-4e31-ad19-7f8161c14c64,2026-05-17T14:26:25.425614
b51747fd-59d2-4374-8718-cb16f706ce53,AIN,cgv,,26019300,,,,2D,2026-05-17,282fe696-c432-42b5-97ca-dc9789f77bf7,2026-05-17T14:26:25.425628
b51747fd-59d2-4374-8718-cb16f706ce53,LEE CRONINS THE MUMMY,cgv,,26014100,,,,2D,2026-05-17,5a470ffa-6ae0-4d46-9252-baa6102b3c78,2026-05-17T14:26:25.425642
b51747fd-59d2-4374-8718-cb16f706ce53,ENHYPEN IMMERSION IN CINEMAS,cgv,,26016900,,,,2D,2026-05-17,982f5538-8a7a-47da-969b-fa19e2e8a68b,2026-05-17T14:26:25.425657
b51747fd-59d2-4374-8718-cb16f706ce53,THE BELL PANGGILAN UNTUK MATI,cgv,,26020700,,,,2D,2026-05-17,27b6eba9-b71a-42ab-90d6-fed539be645e,2026-05-17T14:26:25.425672
71f7c7d7-71ca-4899-9984-771d00ee9482,TUMBAL PROYEK,cgv,,26014300,,,,2D,2026-05-17,f81a09ba-4a06-49c1-8efe-8cd26caa1429,2026-05-17T14:26:25.590625
71f7c7d7-71ca-4899-9984-771d00ee9482,SEMUA AKAN BAIK BAIK SAJA,cgv,,26018100,,,,2D,2026-05-17,7c663aba-ecc7-4b31-bfac-aceff9c252cf,2026-05-17T14:26:25.590673
71f7c7d7-71ca-4899-9984-771d00ee9482,GHOST IN THE CELL,cgv,,26011800,,,,2D,2026-05-17,11327243-041e-4efd-897e-f24c64d125a3,2026-05-17T14:26:25.590710
71f7c7d7-71ca-4899-9984-771d00ee9482,YANG LAIN BOLEH HILANG ASAL KAU JANGAN,cgv,,26018300,,,,2D,2026-05-17,4d46a80a-fe80-47ca-a2f9-4b9d8b5af236,2026-05-17T14:26:25.590745
71f7c7d7-71ca-4899-9984-771d00ee9482,MORTAL KOMBAT II,cgv,,26018200,,,,2D,2026-05-17,de040bbc-3dd0-4ec5-8eb5-e5cef57a5992,2026-05-17T14:26:25.590778
71f7c7d7-71ca-4899-9984-771d00ee9482,TIBA TIBA SETAN,cgv,,26007500,,,,2D,2026-05-17,d39a9670-2537-4126-83c3-4cbec019a342,2026-05-17T14:26:25.590811
71f7c7d7-71ca-4899-9984-771d00ee9482,NOBAR BIRU PSM VS PERSIB,cgv,,26024200,,,,2D,2026-05-17,85bb5eb9-b836-4085-97fe-4472c5d3e2d8,2026-05-17T14:26:25.590842
71f7c7d7-71ca-4899-9984-771d00ee9482,GOHAN,cgv,,26022500,,,,2D,2026-05-17,a231040e-5480-4041-91a3-fddc9d437c81,2026-05-17T14:26:25.590873
71f7c7d7-71ca-4899-9984-771d00ee9482,SALMOKJI WHISPERING WATER,cgv,,26019100,,,,2D,2026-05-17,7c603068-7586-494d-b3b1-357fd7d94381,2026-05-17T14:26:25.590902
71f7c7d7-71ca-4899-9984-771d00ee9482,THE SHEEP DETECTIVES,cgv,,26019500,,,,2D,2026-05-17,89d58303-c7cd-44dd-819b-686d3b35b35b,2026-05-17T14:26:25.590932
71f7c7d7-71ca-4899-9984-771d00ee9482,AYAH INI ARAHNYA KEMANA YA,cgv,,26011000,,,,2D,2026-05-17,3defb9c4-1dc6-4eec-b63a-64b9a5f0ea35,2026-05-17T14:26:25.590961
71f7c7d7-71ca-4899-9984-771d00ee9482,DILAN ITB 1997,cgv,,26016100,,,,2D,2026-05-17,0227a327-7c3c-4c1b-9783-7accf07a1624,2026-05-17T14:26:25.590991
71f7c7d7-71ca-4899-9984-771d00ee9482,THE KINGS WARDEN,cgv,,26015000,,,,2D,2026-05-17,23854fe6-97ab-49db-84a4-5a609fce7857,2026-05-17T14:26:25.591019
71f7c7d7-71ca-4899-9984-771d00ee9482,THE DEVIL WEARS PRADA 2,cgv,,26019800,,,,2D,2026-05-17,2138866b-5d74-4374-8f3e-a6f48ba15f25,2026-05-17T14:26:25.591048
71f7c7d7-71ca-4899-9984-771d00ee9482,MOBILE SUIT GUNDAM HATHAWAY,cgv,,26021100,,,,2D,2026-05-17,73b6ee3d-4879-41be-b33a-1702daeb1cd2,2026-05-17T14:26:25.591077
71f7c7d7-71ca-4899-9984-771d00ee9482,THAT TIME I GOT REINCARNATED AS A SLIME THE MOVIE TEARS OF THE AZURE SEA,cgv,,26017900,,,,2D,2026-05-17,e80c3431-a9bb-4c6b-b0f1-a68fe85dd820,2026-05-17T14:26:25.591106
71f7c7d7-71ca-4899-9984-771d00ee9482,TOP GUN MAVERICK RE RELEASE,cgv,,26022800,,,,2D,2026-05-17,a34879f0-e028-44da-b831-7b0315e538ab,2026-05-17T14:26:25.591135
71f7c7d7-71ca-4899-9984-771d00ee9482,SEKAWAN LIMO 2 GUNUNG KLAWIH,cgv,,26023300,,,,2D,2026-05-17,3069e185-3629-4ce1-8676-f1211d6501f8,2026-05-17T14:26:25.591167
71f7c7d7-71ca-4899-9984-771d00ee9482,NA WILLA,cgv,,26003200,,,,2D,2026-05-17,9a1c2c11-5011-42b3-9699-8e0f08a8b74e,2026-05-17T14:26:25.591197
71f7c7d7-71ca-4899-9984-771d00ee9482,IN THE GREY,cgv,,26022600,,,,2D,2026-05-17,bebdd0a6-938c-4312-998a-c87507a8c95b,2026-05-17T14:26:25.591227
71f7c7d7-71ca-4899-9984-771d00ee9482,TOP GUN RE RELEASE,cgv,,26022700,,,,2D,2026-05-17,435b650c-1703-4798-819c-6e0dc73e536d,2026-05-17T14:26:25.591256
71f7c7d7-71ca-4899-9984-771d00ee9482,KELUARGA SUAMI ADALAH HAMA,cgv,,26017700,,,,2D,2026-05-17,57ed4f12-86e8-4cbd-afef-ec1c42b0ba35,2026-05-17T14:26:25.591285
71f7c7d7-71ca-4899-9984-771d00ee9482,THE SUPER MARIO GALAXY MOVIE,cgv,,26012700,,,,2D,2026-05-17,ceaf0583-48b9-4a6d-8405-af2da22c5504,2026-05-17T14:26:25.591316
71f7c7d7-71ca-4899-9984-771d00ee9482,KNEECAP,cgv,,26024100,,,,2D,2026-05-17,0acf36ea-43a7-484f-afd2-3a6d4b6fb816,2026-05-17T14:26:25.591345
71f7c7d7-71ca-4899-9984-771d00ee9482,PATI PATNI AUR WOH DO,cgv,,26024300,,,,2D,2026-05-17,e591ead7-2991-4034-bf4c-8a75dd2b0934,2026-05-17T14:26:25.591372
71f7c7d7-71ca-4899-9984-771d00ee9482,KFT NA WILLA,cgv,,26015600,,,,2D,2026-05-17,7685f088-e0d8-4ae0-bed1-2a193e414c32,2026-05-17T14:26:25.591400
71f7c7d7-71ca-4899-9984-771d00ee9482,AIN,cgv,,26019300,,,,2D,2026-05-17,c4ab263b-fec8-4f0e-a829-c7435d3ffd3f,2026-05-17T14:26:25.591428
71f7c7d7-71ca-4899-9984-771d00ee9482,LEE CRONINS THE MUMMY,cgv,,26014100,,,,2D,2026-05-17,5dc28b30-25f3-48fb-ad1b-4e7c9632a49c,2026-05-17T14:26:25.591456
71f7c7d7-71ca-4899-9984-771d00ee9482,ENHYPEN IMMERSION IN CINEMAS,cgv,,26016900,,,,2D,2026-05-17,242dcb63-cf26-43e1-86b4-39328e0a1d77,2026-05-17T14:26:25.591483
71f7c7d7-71ca-4899-9984-771d00ee9482,THE BELL PANGGILAN UNTUK MATI,cgv,,26020700,,,,2D,2026-05-17,4d1b64d9-9077-4f0d-951d-0ebd193b456e,2026-05-17T14:26:25.591511
4949791e-e913-43d6-81de-c105f83158b4,TUMBAL PROYEK,cgv,,26014300,Horror,106 min,17+,2D,2026-05-17,37ebf9af-12e5-47f1-9a9f-23144f1c7088,2026-05-17T14:26:24.137965
015aebb8-7529-4388-8604-2debb269c9c6,TUMBAL PROYEK,cgv,,26014300,Horror,106 min,17+,2D,2026-05-17,8f3908f0-ff05-4d23-8bec-4b21f95231ca,2026-05-17T14:26:24.537993
015aebb8-7529-4388-8604-2debb269c9c6,GHOST IN THE CELL,cgv,,26011800,Comedy,106 min,17+,2D,2026-05-17,2fe460d7-a7d3-4b4c-82e0-c31646c2827b,2026-05-17T14:26:24.538345
46b7c7c3-15e4-4fbe-a239-17667c3b1892,TUMBAL PROYEK,cgv,,26014300,,,,2D,2026-05-17,ec184c68-ce08-4ae6-ba00-29324b573ec6,2026-05-17T14:26:27.533656
46b7c7c3-15e4-4fbe-a239-17667c3b1892,SEMUA AKAN BAIK BAIK SAJA,cgv,,26018100,,,,2D,2026-05-17,cc0abbf5-02c6-4fc6-b683-0c3e12463fae,2026-05-17T14:26:27.533695
46b7c7c3-15e4-4fbe-a239-17667c3b1892,GHOST IN THE CELL,cgv,,26011800,,,,2D,2026-05-17,5063d71f-6ee5-4cb3-ad23-0ca91a7db9f4,2026-05-17T14:26:27.533724
46b7c7c3-15e4-4fbe-a239-17667c3b1892,YANG LAIN BOLEH HILANG ASAL KAU JANGAN,cgv,,26018300,,,,2D,2026-05-17,6da20779-3445-4266-a28a-a2f38c4554e6,2026-05-17T14:26:27.533752
46b7c7c3-15e4-4fbe-a239-17667c3b1892,MORTAL KOMBAT II,cgv,,26018200,,,,2D,2026-05-17,64eb2a24-674d-44d7-810e-f412e7ff6564,2026-05-17T14:26:27.533779
46b7c7c3-15e4-4fbe-a239-17667c3b1892,TIBA TIBA SETAN,cgv,,26007500,,,,2D,2026-05-17,a2976c74-1cb9-4369-83b1-5c2744ab529c,2026-05-17T14:26:27.533804
46b7c7c3-15e4-4fbe-a239-17667c3b1892,NOBAR BIRU PSM VS PERSIB,cgv,,26024200,,,,2D,2026-05-17,82768738-51ae-4fd0-a839-ce0c09015012,2026-05-17T14:26:27.533828
46b7c7c3-15e4-4fbe-a239-17667c3b1892,GOHAN,cgv,,26022500,,,,2D,2026-05-17,a8c06ac4-880f-4778-a78c-2776ccb06164,2026-05-17T14:26:27.533857
46b7c7c3-15e4-4fbe-a239-17667c3b1892,SALMOKJI WHISPERING WATER,cgv,,26019100,,,,2D,2026-05-17,77c93deb-0c6b-4675-b305-b46da70840ea,2026-05-17T14:26:27.533882
46b7c7c3-15e4-4fbe-a239-17667c3b1892,THE SHEEP DETECTIVES,cgv,,26019500,,,,2D,2026-05-17,04ed5172-5277-4b86-abee-4b185382ef66,2026-05-17T14:26:27.533908
46b7c7c3-15e4-4fbe-a239-17667c3b1892,AYAH INI ARAHNYA KEMANA YA,cgv,,26011000,,,,2D,2026-05-17,bc976fa5-f111-4a36-8485-1e746562fb6d,2026-05-17T14:26:27.533931
46b7c7c3-15e4-4fbe-a239-17667c3b1892,DILAN ITB 1997,cgv,,26016100,,,,2D,2026-05-17,9c3056fe-75ac-4588-ab06-c0a97e55544c,2026-05-17T14:26:27.533955
46b7c7c3-15e4-4fbe-a239-17667c3b1892,THE KINGS WARDEN,cgv,,26015000,,,,2D,2026-05-17,6af03e91-e803-4308-ba72-8551b856c06b,2026-05-17T14:26:27.533979
46b7c7c3-15e4-4fbe-a239-17667c3b1892,THE DEVIL WEARS PRADA 2,cgv,,26019800,,,,2D,2026-05-17,20f1d8a0-0a53-4c8f-906e-e80d549b1a31,2026-05-17T14:26:27.534002
46b7c7c3-15e4-4fbe-a239-17667c3b1892,MOBILE SUIT GUNDAM HATHAWAY,cgv,,26021100,,,,2D,2026-05-17,05ee7556-46c4-4454-86f6-a45c25a40011,2026-05-17T14:26:27.534026
46b7c7c3-15e4-4fbe-a239-17667c3b1892,THAT TIME I GOT REINCARNATED AS A SLIME THE MOVIE TEARS OF THE AZURE SEA,cgv,,26017900,,,,2D,2026-05-17,5199b7a5-e6b3-4551-bd9e-014cacbab66e,2026-05-17T14:26:27.534051
46b7c7c3-15e4-4fbe-a239-17667c3b1892,TOP GUN MAVERICK RE RELEASE,cgv,,26022800,,,,2D,2026-05-17,ed522b31-1cb2-46f9-a675-ba94082795d1,2026-05-17T14:26:27.534074
46b7c7c3-15e4-4fbe-a239-17667c3b1892,SEKAWAN LIMO 2 GUNUNG KLAWIH,cgv,,26023300,,,,2D,2026-05-17,cfb73750-d658-4087-990a-45f2bbb450ac,2026-05-17T14:26:27.534098
46b7c7c3-15e4-4fbe-a239-17667c3b1892,NA WILLA,cgv,,26003200,,,,2D,2026-05-17,ed9843b9-7a2b-4c05-a00e-c6a3683edce2,2026-05-17T14:26:27.534123
46b7c7c3-15e4-4fbe-a239-17667c3b1892,IN THE GREY,cgv,,26022600,,,,2D,2026-05-17,9c4fde98-8ae0-4c69-8377-d43944686d1a,2026-05-17T14:26:27.534146
46b7c7c3-15e4-4fbe-a239-17667c3b1892,TOP GUN RE RELEASE,cgv,,26022700,,,,2D,2026-05-17,2861925f-00aa-48a8-a2fb-e66953fc00f0,2026-05-17T14:26:27.534169
46b7c7c3-15e4-4fbe-a239-17667c3b1892,KELUARGA SUAMI ADALAH HAMA,cgv,,26017700,,,,2D,2026-05-17,c5c98d7a-7548-4dcd-91c8-f89d92ff57e2,2026-05-17T14:26:27.534192
46b7c7c3-15e4-4fbe-a239-17667c3b1892,THE SUPER MARIO GALAXY MOVIE,cgv,,26012700,,,,2D,2026-05-17,28b49da2-fdd5-4da8-86ff-d7cddcfff128,2026-05-17T14:26:27.534215
46b7c7c3-15e4-4fbe-a239-17667c3b1892,KNEECAP,cgv,,26024100,,,,2D,2026-05-17,06056369-b5df-45e2-b3a3-2bdde50d0f62,2026-05-17T14:26:27.534238
46b7c7c3-15e4-4fbe-a239-17667c3b1892,PATI PATNI AUR WOH DO,cgv,,26024300,,,,2D,2026-05-17,6cc1c11b-2058-4639-9a16-17edbb882c3a,2026-05-17T14:26:27.534261
46b7c7c3-15e4-4fbe-a239-17667c3b1892,KFT NA WILLA,cgv,,26015600,,,,2D,2026-05-17,08d4ecbf-2108-4266-bb07-6f613ebfb268,2026-05-17T14:26:27.534284
46b7c7c3-15e4-4fbe-a239-17667c3b1892,AIN,cgv,,26019300,,,,2D,2026-05-17,cadb3bf8-a3b8-4991-9d0e-8e27389dc62d,2026-05-17T14:26:27.534307
46b7c7c3-15e4-4fbe-a239-17667c3b1892,LEE CRONINS THE MUMMY,cgv,,26014100,,,,2D,2026-05-17,d980ea00-3f9d-4b50-b6c5-72ebb948b049,2026-05-17T14:26:27.534330
46b7c7c3-15e4-4fbe-a239-17667c3b1892,ENHYPEN IMMERSION IN CINEMAS,cgv,,26016900,,,,2D,2026-05-17,223254c0-be48-401c-8d70-2793a66bc762,2026-05-17T14:26:27.534353
46b7c7c3-15e4-4fbe-a239-17667c3b1892,THE BELL PANGGILAN UNTUK MATI,cgv,,26020700,,,,2D,2026-05-17,d7e11b55-e5ff-4edf-9b38-d2f736264e9d,2026-05-17T14:26:27.534376
00741d4d-42bc-4c24-9f78-6b9c8f218ebb,TUMBAL PROYEK,cgv,,26014300,,,,2D,2026-05-17,040c1d71-4e57-4849-b8fc-6d4bf44a31d0,2026-05-17T14:26:27.669933
00741d4d-42bc-4c24-9f78-6b9c8f218ebb,SEMUA AKAN BAIK BAIK SAJA,cgv,,26018100,,,,2D,2026-05-17,80ad4554-c7f1-4dea-9b95-2138cb836dc3,2026-05-17T14:26:27.669980
00741d4d-42bc-4c24-9f78-6b9c8f218ebb,GHOST IN THE CELL,cgv,,26011800,,,,2D,2026-05-17,df9134ee-2d2f-4e72-9ab6-a7512d20055b,2026-05-17T14:26:27.670014
00741d4d-42bc-4c24-9f78-6b9c8f218ebb,YANG LAIN BOLEH HILANG ASAL KAU JANGAN,cgv,,26018300,,,,2D,2026-05-17,13cb9421-20cd-42f0-bd16-23fc0f08bc6b,2026-05-17T14:26:27.670047
00741d4d-42bc-4c24-9f78-6b9c8f218ebb,MORTAL KOMBAT II,cgv,,26018200,,,,2D,2026-05-17,b22e3f27-4154-4019-8f3b-897c64613c07,2026-05-17T14:26:27.670078
00741d4d-42bc-4c24-9f78-6b9c8f218ebb,TIBA TIBA SETAN,cgv,,26007500,,,,2D,2026-05-17,112996f9-deea-44d7-9af5-5fc14f674457,2026-05-17T14:26:27.670109
00741d4d-42bc-4c24-9f78-6b9c8f218ebb,NOBAR BIRU PSM VS PERSIB,cgv,,26024200,,,,2D,2026-05-17,e6e070e8-783b-401e-b93c-ef5e80ebe67e,2026-05-17T14:26:27.670139
00741d4d-42bc-4c24-9f78-6b9c8f218ebb,GOHAN,cgv,,26022500,,,,2D,2026-05-17,0c497526-a270-4941-b30a-b4e958aaeec5,2026-05-17T14:26:27.670168
00741d4d-42bc-4c24-9f78-6b9c8f218ebb,SALMOKJI WHISPERING WATER,cgv,,26019100,,,,2D,2026-05-17,4b77430b-ce4c-4b3e-b546-f820769ca515,2026-05-17T14:26:27.670197
00741d4d-42bc-4c24-9f78-6b9c8f218ebb,THE SHEEP DETECTIVES,cgv,,26019500,,,,2D,2026-05-17,27ca4735-ee4a-40d9-b53c-9d15e01c963b,2026-05-17T14:26:27.670225
00741d4d-42bc-4c24-9f78-6b9c8f218ebb,AYAH INI ARAHNYA KEMANA YA,cgv,,26011000,,,,2D,2026-05-17,0c373a90-620f-472d-a3dc-6a3f9dc258b6,2026-05-17T14:26:27.670254
00741d4d-42bc-4c24-9f78-6b9c8f218ebb,DILAN ITB 1997,cgv,,26016100,,,,2D,2026-05-17,d2e3c651-461e-444c-b488-4609da042d9f,2026-05-17T14:26:27.670283
00741d4d-42bc-4c24-9f78-6b9c8f218ebb,THE KINGS WARDEN,cgv,,26015000,,,,2D,2026-05-17,73e1cc49-8b7e-488c-9ccf-b1c9c2c6bf00,2026-05-17T14:26:27.670313
00741d4d-42bc-4c24-9f78-6b9c8f218ebb,THE DEVIL WEARS PRADA 2,cgv,,26019800,,,,2D,2026-05-17,8bc1cb2f-f1da-419b-8392-22055151dfcf,2026-05-17T14:26:27.670341
00741d4d-42bc-4c24-9f78-6b9c8f218ebb,MOBILE SUIT GUNDAM HATHAWAY,cgv,,26021100,,,,2D,2026-05-17,2a78643a-b7e6-455f-9508-4baa8432bfa9,2026-05-17T14:26:27.670371
00741d4d-42bc-4c24-9f78-6b9c8f218ebb,THAT TIME I GOT REINCARNATED AS A SLIME THE MOVIE TEARS OF THE AZURE SEA,cgv,,26017900,,,,2D,2026-05-17,80f5f52b-22d6-4a50-9f87-9b1faee16837,2026-05-17T14:26:27.670400
00741d4d-42bc-4c24-9f78-6b9c8f218ebb,TOP GUN MAVERICK RE RELEASE,cgv,,26022800,,,,2D,2026-05-17,8d4eab87-020c-4cfc-b5b5-8a74f41af369,2026-05-17T14:26:27.670429
00741d4d-42bc-4c24-9f78-6b9c8f218ebb,SEKAWAN LIMO 2 GUNUNG KLAWIH,cgv,,26023300,,,,2D,2026-05-17,b41274d2-9d18-4f3b-8b93-32375f266ecf,2026-05-17T14:26:27.670458
00741d4d-42bc-4c24-9f78-6b9c8f218ebb,NA WILLA,cgv,,26003200,,,,2D,2026-05-17,f919bd27-6e1f-4a36-811f-a905832ffacd,2026-05-17T14:26:27.670488
00741d4d-42bc-4c24-9f78-6b9c8f218ebb,IN THE GREY,cgv,,26022600,,,,2D,2026-05-17,2ef7519e-a3a9-4840-b41f-7159a095379a,2026-05-17T14:26:27.670517
00741d4d-42bc-4c24-9f78-6b9c8f218ebb,TOP GUN RE RELEASE,cgv,,26022700,,,,2D,2026-05-17,8d18f43b-737d-4ede-a7a2-00fca1025b5c,2026-05-17T14:26:27.670546
00741d4d-42bc-4c24-9f78-6b9c8f218ebb,KELUARGA SUAMI ADALAH HAMA,cgv,,26017700,,,,2D,2026-05-17,ef4d45b5-4d27-446b-b140-e7dd54764803,2026-05-17T14:26:27.670575
00741d4d-42bc-4c24-9f78-6b9c8f218ebb,THE SUPER MARIO GALAXY MOVIE,cgv,,26012700,,,,2D,2026-05-17,16921c27-f01e-43ab-b868-f97a08061e7c,2026-05-17T14:26:27.670603
00741d4d-42bc-4c24-9f78-6b9c8f218ebb,KNEECAP,cgv,,26024100,,,,2D,2026-05-17,9946a020-16b9-4030-a173-55b518447def,2026-05-17T14:26:27.670631
00741d4d-42bc-4c24-9f78-6b9c8f218ebb,PATI PATNI AUR WOH DO,cgv,,26024300,,,,2D,2026-05-17,b2961682-cd1e-479f-ba93-b32e3e4ebee2,2026-05-17T14:26:27.670660
00741d4d-42bc-4c24-9f78-6b9c8f218ebb,KFT NA WILLA,cgv,,26015600,,,,2D,2026-05-17,aa4617e7-99f6-413a-81a3-49ca35d99b8f,2026-05-17T14:26:27.670689
00741d4d-42bc-4c24-9f78-6b9c8f218ebb,AIN,cgv,,26019300,,,,2D,2026-05-17,02ec3b0c-bbff-4289-ad7d-cf5a4e34b3f4,2026-05-17T14:26:27.670718
00741d4d-42bc-4c24-9f78-6b9c8f218ebb,LEE CRONINS THE MUMMY,cgv,,26014100,,,,2D,2026-05-17,2e5cde79-aeed-43ba-958a-b27d8e6f1660,2026-05-17T14:26:27.670746
00741d4d-42bc-4c24-9f78-6b9c8f218ebb,ENHYPEN IMMERSION IN CINEMAS,cgv,,26016900,,,,2D,2026-05-17,8bf0dc6b-1152-43ab-bb45-403ab4306761,2026-05-17T14:26:27.670774
00741d4d-42bc-4c24-9f78-6b9c8f218ebb,THE BELL PANGGILAN UNTUK MATI,cgv,,26020700,,,,2D,2026-05-17,186e1393-ccdb-41ba-8613-f1f09af8f695,2026-05-17T14:26:27.670803
b21f6dfd-197a-496f-be91-05a42fd8324b,TUMBAL PROYEK,cgv,,26014300,,,,2D,2026-05-17,3a303377-5545-46ca-b47b-7a5da52ee07b,2026-05-17T14:26:27.835562
b21f6dfd-197a-496f-be91-05a42fd8324b,SEMUA AKAN BAIK BAIK SAJA,cgv,,26018100,,,,2D,2026-05-17,c56a35a3-4991-4301-bf1f-de5f9227f09c,2026-05-17T14:26:27.835609
b21f6dfd-197a-496f-be91-05a42fd8324b,GHOST IN THE CELL,cgv,,26011800,,,,2D,2026-05-17,7f51f4d4-6dea-4a12-9d3d-ab771a735e54,2026-05-17T14:26:27.835643
b21f6dfd-197a-496f-be91-05a42fd8324b,YANG LAIN BOLEH HILANG ASAL KAU JANGAN,cgv,,26018300,,,,2D,2026-05-17,8516e045-b823-4596-ac2a-2c1788ca6e68,2026-05-17T14:26:27.835676
b21f6dfd-197a-496f-be91-05a42fd8324b,MORTAL KOMBAT II,cgv,,26018200,,,,2D,2026-05-17,001ce8f3-de2f-4957-a250-f92879f27390,2026-05-17T14:26:27.835709
b21f6dfd-197a-496f-be91-05a42fd8324b,TIBA TIBA SETAN,cgv,,26007500,,,,2D,2026-05-17,1c5cb8ba-51ff-494a-98dc-a9b15a064976,2026-05-17T14:26:27.835740
b21f6dfd-197a-496f-be91-05a42fd8324b,NOBAR BIRU PSM VS PERSIB,cgv,,26024200,,,,2D,2026-05-17,1670157a-858c-46a6-bbbb-b9263b047761,2026-05-17T14:26:27.835769
b21f6dfd-197a-496f-be91-05a42fd8324b,GOHAN,cgv,,26022500,,,,2D,2026-05-17,7fa07341-8ef7-4c19-b51a-d84e29c2592d,2026-05-17T14:26:27.835798
b21f6dfd-197a-496f-be91-05a42fd8324b,SALMOKJI WHISPERING WATER,cgv,,26019100,,,,2D,2026-05-17,615bf396-7e1c-439c-9b62-cd609bec9fe1,2026-05-17T14:26:27.835826
b21f6dfd-197a-496f-be91-05a42fd8324b,THE SHEEP DETECTIVES,cgv,,26019500,,,,2D,2026-05-17,927cedff-7d21-4937-a7d3-9a249b35fc3c,2026-05-17T14:26:27.835855
b21f6dfd-197a-496f-be91-05a42fd8324b,AYAH INI ARAHNYA KEMANA YA,cgv,,26011000,,,,2D,2026-05-17,e6761425-3504-413c-956e-7e68fa7ed212,2026-05-17T14:26:27.835883
b21f6dfd-197a-496f-be91-05a42fd8324b,DILAN ITB 1997,cgv,,26016100,,,,2D,2026-05-17,21abf7e8-2f49-423e-bf08-ad6dd52cde48,2026-05-17T14:26:27.835910
b21f6dfd-197a-496f-be91-05a42fd8324b,THE KINGS WARDEN,cgv,,26015000,,,,2D,2026-05-17,6dd14108-1dcc-4453-8a92-c6108e210cfd,2026-05-17T14:26:27.835938
b21f6dfd-197a-496f-be91-05a42fd8324b,THE DEVIL WEARS PRADA 2,cgv,,26019800,,,,2D,2026-05-17,386d2db8-b13c-411a-a79d-872dfb6c7c96,2026-05-17T14:26:27.835966
b21f6dfd-197a-496f-be91-05a42fd8324b,MOBILE SUIT GUNDAM HATHAWAY,cgv,,26021100,,,,2D,2026-05-17,f7603b75-146a-48d9-a4be-dbe18e4e0f27,2026-05-17T14:26:27.835994
b21f6dfd-197a-496f-be91-05a42fd8324b,THAT TIME I GOT REINCARNATED AS A SLIME THE MOVIE TEARS OF THE AZURE SEA,cgv,,26017900,,,,2D,2026-05-17,140c1057-9bca-4523-ab96-9ac2ccae3432,2026-05-17T14:26:27.836022
b21f6dfd-197a-496f-be91-05a42fd8324b,TOP GUN MAVERICK RE RELEASE,cgv,,26022800,,,,2D,2026-05-17,5c927a1d-fab5-4546-a134-9089e7e48a09,2026-05-17T14:26:27.836050
b21f6dfd-197a-496f-be91-05a42fd8324b,SEKAWAN LIMO 2 GUNUNG KLAWIH,cgv,,26023300,,,,2D,2026-05-17,ca1f2806-70ee-4964-8b5c-0691b83e4761,2026-05-17T14:26:27.836078
b21f6dfd-197a-496f-be91-05a42fd8324b,NA WILLA,cgv,,26003200,,,,2D,2026-05-17,14ebe285-592d-4105-ac03-92723455b636,2026-05-17T14:26:27.836108
b21f6dfd-197a-496f-be91-05a42fd8324b,IN THE GREY,cgv,,26022600,,,,2D,2026-05-17,689081c1-47b9-44fe-a53f-7421295c2dda,2026-05-17T14:26:27.836137
b21f6dfd-197a-496f-be91-05a42fd8324b,TOP GUN RE RELEASE,cgv,,26022700,,,,2D,2026-05-17,0c5e715b-1a7b-415b-aef5-38b14ce4e5e3,2026-05-17T14:26:27.836166
b21f6dfd-197a-496f-be91-05a42fd8324b,KELUARGA SUAMI ADALAH HAMA,cgv,,26017700,,,,2D,2026-05-17,6043f8b8-bd7b-4fb3-923e-82af5cb22fe2,2026-05-17T14:26:27.836196
b21f6dfd-197a-496f-be91-05a42fd8324b,THE SUPER MARIO GALAXY MOVIE,cgv,,26012700,,,,2D,2026-05-17,7d706524-3790-4f77-a62f-1f51e65bede5,2026-05-17T14:26:27.836225
b21f6dfd-197a-496f-be91-05a42fd8324b,KNEECAP,cgv,,26024100,,,,2D,2026-05-17,e353aae2-bbd9-492e-8989-7a6bad21f109,2026-05-17T14:26:27.836253
b21f6dfd-197a-496f-be91-05a42fd8324b,PATI PATNI AUR WOH DO,cgv,,26024300,,,,2D,2026-05-17,ecc6e11b-709c-4718-a07b-b1c2e0938e61,2026-05-17T14:26:27.836281
b21f6dfd-197a-496f-be91-05a42fd8324b,KFT NA WILLA,cgv,,26015600,,,,2D,2026-05-17,55b5c4c7-4df5-4191-a24c-a1ed63019186,2026-05-17T14:26:27.836309
b21f6dfd-197a-496f-be91-05a42fd8324b,AIN,cgv,,26019300,,,,2D,2026-05-17,3e63888d-bbd6-4f7e-a742-77ea3fe1edb9,2026-05-17T14:26:27.836336
b21f6dfd-197a-496f-be91-05a42fd8324b,LEE CRONINS THE MUMMY,cgv,,26014100,,,,2D,2026-05-17,0fd6b3d3-ad17-46a0-8360-2c01c64d92ff,2026-05-17T14:26:27.836364
b21f6dfd-197a-496f-be91-05a42fd8324b,ENHYPEN IMMERSION IN CINEMAS,cgv,,26016900,,,,2D,2026-05-17,f5a369f6-ed65-4098-98af-21ca22cf37b9,2026-05-17T14:26:27.836393
b21f6dfd-197a-496f-be91-05a42fd8324b,THE BELL PANGGILAN UNTUK MATI,cgv,,26020700,,,,2D,2026-05-17,958c388c-6020-40ef-bf93-d9aaf83942e4,2026-05-17T14:26:27.836421
97b4796a-962c-437b-9e46-2980cc51fa47,TUMBAL PROYEK,cgv,,26014300,,,,2D,2026-05-17,f9e3b2d3-3660-4674-abd8-aa22f278d00a,2026-05-17T14:26:28.714067
97b4796a-962c-437b-9e46-2980cc51fa47,SEMUA AKAN BAIK BAIK SAJA,cgv,,26018100,,,,2D,2026-05-17,fd99d711-52f5-49a3-a43d-822b019feb1b,2026-05-17T14:26:28.714089
97b4796a-962c-437b-9e46-2980cc51fa47,GHOST IN THE CELL,cgv,,26011800,,,,2D,2026-05-17,2a5c41ff-a4b2-4831-aa92-46e9152377c0,2026-05-17T14:26:28.714102
97b4796a-962c-437b-9e46-2980cc51fa47,YANG LAIN BOLEH HILANG ASAL KAU JANGAN,cgv,,26018300,,,,2D,2026-05-17,f2d4034a-4f4c-4fcc-a21f-ab327080d476,2026-05-17T14:26:28.714113
97b4796a-962c-437b-9e46-2980cc51fa47,MORTAL KOMBAT II,cgv,,26018200,,,,2D,2026-05-17,10c4b707-41b9-4e34-88b0-0aa97068963e,2026-05-17T14:26:28.714125
97b4796a-962c-437b-9e46-2980cc51fa47,TIBA TIBA SETAN,cgv,,26007500,,,,2D,2026-05-17,c384d3ab-1aba-40c5-961d-866c4e0d6aa4,2026-05-17T14:26:28.714135
97b4796a-962c-437b-9e46-2980cc51fa47,NOBAR BIRU PSM VS PERSIB,cgv,,26024200,,,,2D,2026-05-17,503078e8-c8a2-438d-8986-4d54c906a6de,2026-05-17T14:26:28.714146
97b4796a-962c-437b-9e46-2980cc51fa47,GOHAN,cgv,,26022500,,,,2D,2026-05-17,abf15a7b-4a03-4ef4-af91-fbec8a1cd174,2026-05-17T14:26:28.714157
97b4796a-962c-437b-9e46-2980cc51fa47,SALMOKJI WHISPERING WATER,cgv,,26019100,,,,2D,2026-05-17,2ba381c6-dbc1-4603-b295-c1ef3cb42cbc,2026-05-17T14:26:28.714167
97b4796a-962c-437b-9e46-2980cc51fa47,THE SHEEP DETECTIVES,cgv,,26019500,,,,2D,2026-05-17,92ed3cc0-696c-4a09-8a71-8a9a0d4580df,2026-05-17T14:26:28.714177
97b4796a-962c-437b-9e46-2980cc51fa47,AYAH INI ARAHNYA KEMANA YA,cgv,,26011000,,,,2D,2026-05-17,0cdc05ac-36cc-48b3-b8d1-d142981ebc00,2026-05-17T14:26:28.714188
97b4796a-962c-437b-9e46-2980cc51fa47,DILAN ITB 1997,cgv,,26016100,,,,2D,2026-05-17,9c5aa03c-f425-4600-ae37-3ce86c7a3898,2026-05-17T14:26:28.714198
97b4796a-962c-437b-9e46-2980cc51fa47,THE KINGS WARDEN,cgv,,26015000,,,,2D,2026-05-17,481bb161-fc18-47c8-bb18-1fd5b6500396,2026-05-17T14:26:28.714208
97b4796a-962c-437b-9e46-2980cc51fa47,THE DEVIL WEARS PRADA 2,cgv,,26019800,,,,2D,2026-05-17,c28226ae-76a4-465a-a87f-fc6600480402,2026-05-17T14:26:28.714218
97b4796a-962c-437b-9e46-2980cc51fa47,MOBILE SUIT GUNDAM HATHAWAY,cgv,,26021100,,,,2D,2026-05-17,3e47b36a-d25b-4aa6-95c9-1cf439b4e100,2026-05-17T14:26:28.714228
97b4796a-962c-437b-9e46-2980cc51fa47,THAT TIME I GOT REINCARNATED AS A SLIME THE MOVIE TEARS OF THE AZURE SEA,cgv,,26017900,,,,2D,2026-05-17,38a905cf-fffd-462e-a4e7-b9e364d73780,2026-05-17T14:26:28.714238
97b4796a-962c-437b-9e46-2980cc51fa47,TOP GUN MAVERICK RE RELEASE,cgv,,26022800,,,,2D,2026-05-17,e504dbf3-43f7-4249-ac80-14dba1abec83,2026-05-17T14:26:28.714248
97b4796a-962c-437b-9e46-2980cc51fa47,SEKAWAN LIMO 2 GUNUNG KLAWIH,cgv,,26023300,,,,2D,2026-05-17,8a11da3f-3c2a-4c8a-8541-ba711d784da6,2026-05-17T14:26:28.714258
97b4796a-962c-437b-9e46-2980cc51fa47,NA WILLA,cgv,,26003200,,,,2D,2026-05-17,336be06e-9323-4f0f-8fdb-33ff9b6f92c5,2026-05-17T14:26:28.714269
97b4796a-962c-437b-9e46-2980cc51fa47,IN THE GREY,cgv,,26022600,,,,2D,2026-05-17,28a03f06-fe54-4094-b047-a5c9331cfe2b,2026-05-17T14:26:28.714279
97b4796a-962c-437b-9e46-2980cc51fa47,TOP GUN RE RELEASE,cgv,,26022700,,,,2D,2026-05-17,25a5f1e2-2487-416a-96aa-00a8a5615610,2026-05-17T14:26:28.714290
97b4796a-962c-437b-9e46-2980cc51fa47,KELUARGA SUAMI ADALAH HAMA,cgv,,26017700,,,,2D,2026-05-17,6b862b46-f979-4225-b9fd-b75dca4e7dc8,2026-05-17T14:26:28.714300
97b4796a-962c-437b-9e46-2980cc51fa47,THE SUPER MARIO GALAXY MOVIE,cgv,,26012700,,,,2D,2026-05-17,acc846c6-4e3b-46ab-bd34-e6ee7aac8e02,2026-05-17T14:26:28.714310
97b4796a-962c-437b-9e46-2980cc51fa47,KNEECAP,cgv,,26024100,,,,2D,2026-05-17,a65ed935-cd32-47e1-b25c-270a0a9fb22e,2026-05-17T14:26:28.714320
97b4796a-962c-437b-9e46-2980cc51fa47,PATI PATNI AUR WOH DO,cgv,,26024300,,,,2D,2026-05-17,57273583-2391-4fba-8b07-e8e4197964cb,2026-05-17T14:26:28.714330
97b4796a-962c-437b-9e46-2980cc51fa47,KFT NA WILLA,cgv,,26015600,,,,2D,2026-05-17,2d2208d8-2617-4b44-81b9-125ec216e83f,2026-05-17T14:26:28.714340
97b4796a-962c-437b-9e46-2980cc51fa47,AIN,cgv,,26019300,,,,2D,2026-05-17,1a15e23c-4c28-4a0a-b0b5-ab66e2fee971,2026-05-17T14:26:28.714350
97b4796a-962c-437b-9e46-2980cc51fa47,LEE CRONINS THE MUMMY,cgv,,26014100,,,,2D,2026-05-17,9a3eab4a-6e02-498b-bdd5-02a286154788,2026-05-17T14:26:28.714360
97b4796a-962c-437b-9e46-2980cc51fa47,ENHYPEN IMMERSION IN CINEMAS,cgv,,26016900,,,,2D,2026-05-17,15b8ad2b-3e0e-4c04-a8f8-92e401ca6cc2,2026-05-17T14:26:28.714370
97b4796a-962c-437b-9e46-2980cc51fa47,THE BELL PANGGILAN UNTUK MATI,cgv,,26020700,,,,2D,2026-05-17,6519db15-a8a9-48ed-b990-072122b2e864,2026-05-17T14:26:28.714380
72820364-fb42-462f-bbcd-b942a1542d6c,TUMBAL PROYEK,cgv,,26014300,Horror,106 min,17+,2D,2026-05-17,aaf6b688-418a-42b6-827f-530fb4a54511,2026-05-17T14:26:27.265241
826fb82d-1fbe-4b27-abfd-cd1ef8cc4958,TIBA TIBA SETAN,cgv,,26007500,Comedy,113 min,13+,2D,2026-05-17,b5a76a4d-9fe5-486f-bfdb-0a11fc2e8bea,2026-05-17T14:26:28.928145
826fb82d-1fbe-4b27-abfd-cd1ef8cc4958,SEMUA AKAN BAIK BAIK SAJA,cgv,,26018100,Drama,113 min,13+,2D,2026-05-17,30102e4d-14f4-4ce4-8b43-195192ef4ff6,2026-05-17T14:26:28.928983
826fb82d-1fbe-4b27-abfd-cd1ef8cc4958,TUMBAL PROYEK,cgv,,26014300,Horror,106 min,17+,2D,2026-05-17,5f5d91b4-ca4f-499c-b338-7b0b6f273f59,2026-05-17T14:26:28.929289
497069d4-9687-477d-a6db-9c4a8f1202e3,TUMBAL PROYEK,cgv,,26014300,,,,2D,2026-05-17,215212f4-cc1c-45fa-bf27-dbb971f61ced,2026-05-17T14:26:31.157189
497069d4-9687-477d-a6db-9c4a8f1202e3,SEMUA AKAN BAIK BAIK SAJA,cgv,,26018100,,,,2D,2026-05-17,7ed1e033-3d09-48ee-825f-965bc4f5053d,2026-05-17T14:26:31.157228
497069d4-9687-477d-a6db-9c4a8f1202e3,GHOST IN THE CELL,cgv,,26011800,,,,2D,2026-05-17,ae8a03b4-ec7f-4105-9a0e-99350acaf2dd,2026-05-17T14:26:31.157257
497069d4-9687-477d-a6db-9c4a8f1202e3,YANG LAIN BOLEH HILANG ASAL KAU JANGAN,cgv,,26018300,,,,2D,2026-05-17,6a576e64-24ac-4c20-8a5c-a3f01ba11d28,2026-05-17T14:26:31.157285
497069d4-9687-477d-a6db-9c4a8f1202e3,MORTAL KOMBAT II,cgv,,26018200,,,,2D,2026-05-17,c944556f-a968-4818-a9ae-5cb934985242,2026-05-17T14:26:31.157310
497069d4-9687-477d-a6db-9c4a8f1202e3,TIBA TIBA SETAN,cgv,,26007500,,,,2D,2026-05-17,87e869ee-eba7-4781-98e3-8ae8378a05c4,2026-05-17T14:26:31.157335
497069d4-9687-477d-a6db-9c4a8f1202e3,NOBAR BIRU PSM VS PERSIB,cgv,,26024200,,,,2D,2026-05-17,373c3115-ded2-4c45-a376-0259f9c121a1,2026-05-17T14:26:31.157360
497069d4-9687-477d-a6db-9c4a8f1202e3,GOHAN,cgv,,26022500,,,,2D,2026-05-17,f354d996-92d9-4380-89c8-27d314747a0e,2026-05-17T14:26:31.157385
497069d4-9687-477d-a6db-9c4a8f1202e3,SALMOKJI WHISPERING WATER,cgv,,26019100,,,,2D,2026-05-17,a17fe2a3-7a0a-4d29-9c80-4c6e5dfef80c,2026-05-17T14:26:31.157410
497069d4-9687-477d-a6db-9c4a8f1202e3,THE SHEEP DETECTIVES,cgv,,26019500,,,,2D,2026-05-17,79ed667f-5ae8-4734-9d6a-9d67c31a49f8,2026-05-17T14:26:31.157435
497069d4-9687-477d-a6db-9c4a8f1202e3,AYAH INI ARAHNYA KEMANA YA,cgv,,26011000,,,,2D,2026-05-17,e2dfd03b-a1be-46e6-90be-7b24558d3f0c,2026-05-17T14:26:31.157460
497069d4-9687-477d-a6db-9c4a8f1202e3,DILAN ITB 1997,cgv,,26016100,,,,2D,2026-05-17,59475cc9-5604-45cd-81d2-305b4d460f74,2026-05-17T14:26:31.157484
497069d4-9687-477d-a6db-9c4a8f1202e3,THE KINGS WARDEN,cgv,,26015000,,,,2D,2026-05-17,72154fc5-685e-4ea5-b25d-d309c4b21e22,2026-05-17T14:26:31.157508
497069d4-9687-477d-a6db-9c4a8f1202e3,THE DEVIL WEARS PRADA 2,cgv,,26019800,,,,2D,2026-05-17,9c07a94c-9e16-4fab-b5fd-3be210a9b836,2026-05-17T14:26:31.157532
497069d4-9687-477d-a6db-9c4a8f1202e3,MOBILE SUIT GUNDAM HATHAWAY,cgv,,26021100,,,,2D,2026-05-17,1798a5c0-4fef-422e-b820-e6cd79d52551,2026-05-17T14:26:31.157557
497069d4-9687-477d-a6db-9c4a8f1202e3,THAT TIME I GOT REINCARNATED AS A SLIME THE MOVIE TEARS OF THE AZURE SEA,cgv,,26017900,,,,2D,2026-05-17,c87ea00d-d34e-4bb9-820f-b0bb7d595574,2026-05-17T14:26:31.157582
497069d4-9687-477d-a6db-9c4a8f1202e3,TOP GUN MAVERICK RE RELEASE,cgv,,26022800,,,,2D,2026-05-17,3d345468-3d01-4734-ada4-56da82ff06cf,2026-05-17T14:26:31.157606
497069d4-9687-477d-a6db-9c4a8f1202e3,SEKAWAN LIMO 2 GUNUNG KLAWIH,cgv,,26023300,,,,2D,2026-05-17,7d68c107-f4aa-4e71-8a1f-7a3fd291fac1,2026-05-17T14:26:31.157630
497069d4-9687-477d-a6db-9c4a8f1202e3,NA WILLA,cgv,,26003200,,,,2D,2026-05-17,21c1ca03-ff4f-4753-9bdd-15bd0b175860,2026-05-17T14:26:31.157671
497069d4-9687-477d-a6db-9c4a8f1202e3,IN THE GREY,cgv,,26022600,,,,2D,2026-05-17,63f9aa31-f794-4644-b5e5-baaddb65c207,2026-05-17T14:26:31.157708
497069d4-9687-477d-a6db-9c4a8f1202e3,TOP GUN RE RELEASE,cgv,,26022700,,,,2D,2026-05-17,7dc81cc9-2015-4469-ae38-34484699c226,2026-05-17T14:26:31.157733
497069d4-9687-477d-a6db-9c4a8f1202e3,KELUARGA SUAMI ADALAH HAMA,cgv,,26017700,,,,2D,2026-05-17,151c650e-7282-4a57-be74-6f3548e1886e,2026-05-17T14:26:31.157758
497069d4-9687-477d-a6db-9c4a8f1202e3,THE SUPER MARIO GALAXY MOVIE,cgv,,26012700,,,,2D,2026-05-17,69dbf238-9307-4c82-86f9-86f21c4f28c8,2026-05-17T14:26:31.157782
497069d4-9687-477d-a6db-9c4a8f1202e3,KNEECAP,cgv,,26024100,,,,2D,2026-05-17,0a0e2cd7-131a-4ddc-9c31-a41b034126e7,2026-05-17T14:26:31.157808
497069d4-9687-477d-a6db-9c4a8f1202e3,PATI PATNI AUR WOH DO,cgv,,26024300,,,,2D,2026-05-17,6e7bb369-824d-4564-ae67-1148d383684c,2026-05-17T14:26:31.157831
497069d4-9687-477d-a6db-9c4a8f1202e3,KFT NA WILLA,cgv,,26015600,,,,2D,2026-05-17,43b94c74-95f0-4e24-9f42-de00b1ffba4a,2026-05-17T14:26:31.157854
497069d4-9687-477d-a6db-9c4a8f1202e3,AIN,cgv,,26019300,,,,2D,2026-05-17,15031fe1-e0ab-4f13-9bf2-528ab016b336,2026-05-17T14:26:31.157878
497069d4-9687-477d-a6db-9c4a8f1202e3,LEE CRONINS THE MUMMY,cgv,,26014100,,,,2D,2026-05-17,14fddc78-08e4-4a49-95de-e842b5c3428c,2026-05-17T14:26:31.157901
497069d4-9687-477d-a6db-9c4a8f1202e3,ENHYPEN IMMERSION IN CINEMAS,cgv,,26016900,,,,2D,2026-05-17,5233d48b-474a-48b1-a113-4cd081c054b7,2026-05-17T14:26:31.157924
497069d4-9687-477d-a6db-9c4a8f1202e3,THE BELL PANGGILAN UNTUK MATI,cgv,,26020700,,,,2D,2026-05-17,599c8cf0-6607-4e79-b967-6aedd8b7c212,2026-05-17T14:26:31.157947
82856499-5edd-4093-b6f4-cab28f527a76,YANG LAIN BOLEH HILANG ASAL KAU JANGAN,cgv,,26018300,Drama,113 min,13+,2D,2026-05-17,ddf6eb15-843f-43ac-8226-c6be4164a5be,2026-05-17T14:26:29.575693
82856499-5edd-4093-b6f4-cab28f527a76,SEMUA AKAN BAIK BAIK SAJA,cgv,,26018100,Drama,113 min,13+,2D,2026-05-17,b3dc6f8e-245c-4a4c-9afc-feb99b436fbb,2026-05-17T14:26:29.575920
82856499-5edd-4093-b6f4-cab28f527a76,GHOST IN THE CELL,cgv,,26011800,Comedy,106 min,17+,2D,2026-05-17,9015004b-e1ce-49e7-a12e-b71d71991789,2026-05-17T14:26:29.576145
82856499-5edd-4093-b6f4-cab28f527a76,TUMBAL PROYEK,cgv,,26014300,Horror,106 min,17+,2D,2026-05-17,8412fc02-321a-4aa9-827c-d1b781e0345a,2026-05-17T14:26:29.576367
455e0189-e7df-4ece-bdf0-48cdc6f39372,TUMBAL PROYEK,cgv,,26014300,Horror,106 min,17+,2D,2026-05-17,cf136104-882f-45c4-aba8-872960249ea7,2026-05-17T14:26:29.910614
80de3ca0-2e56-450e-9549-a4d74d58305a,SEMUA AKAN BAIK BAIK SAJA,cgv,,26018100,Drama,113 min,13+,2D,2026-05-17,7e3772e7-7ead-495d-98af-2056715a491e,2026-05-17T14:26:30.430953
80de3ca0-2e56-450e-9549-a4d74d58305a,TUMBAL PROYEK,cgv,,26014300,Horror,106 min,17+,2D,2026-05-17,abda53fd-e2d9-4caa-96ca-bbb129e8e957,2026-05-17T14:26:30.431189
95490426-4350-463b-810c-e8972d854de5,TUMBAL PROYEK,cgv,,26014300,,,,2D,2026-05-17,e35d6da6-a599-48a6-b885-e847adeca441,2026-05-17T14:26:33.059506
95490426-4350-463b-810c-e8972d854de5,SEMUA AKAN BAIK BAIK SAJA,cgv,,26018100,,,,2D,2026-05-17,201ad057-621c-45ea-97b4-3f4c227c7906,2026-05-17T14:26:33.059555
95490426-4350-463b-810c-e8972d854de5,GHOST IN THE CELL,cgv,,26011800,,,,2D,2026-05-17,26a88e18-9f28-400d-9b28-2684e85d77f3,2026-05-17T14:26:33.059590
95490426-4350-463b-810c-e8972d854de5,YANG LAIN BOLEH HILANG ASAL KAU JANGAN,cgv,,26018300,,,,2D,2026-05-17,99533337-8284-44d3-aafc-241b9a75f417,2026-05-17T14:26:33.059624
95490426-4350-463b-810c-e8972d854de5,MORTAL KOMBAT II,cgv,,26018200,,,,2D,2026-05-17,39f32711-a5ae-4b0c-b350-67ebf3f7d77f,2026-05-17T14:26:33.059655
95490426-4350-463b-810c-e8972d854de5,TIBA TIBA SETAN,cgv,,26007500,,,,2D,2026-05-17,84602841-99c9-4444-917f-5a82cf2907e8,2026-05-17T14:26:33.059685
95490426-4350-463b-810c-e8972d854de5,NOBAR BIRU PSM VS PERSIB,cgv,,26024200,,,,2D,2026-05-17,aaee7ad7-fdc8-4474-8dbc-b6b970b0c55c,2026-05-17T14:26:33.059714
95490426-4350-463b-810c-e8972d854de5,GOHAN,cgv,,26022500,,,,2D,2026-05-17,ef5e6f8c-0010-4d8b-a443-8fbcd789e973,2026-05-17T14:26:33.059743
95490426-4350-463b-810c-e8972d854de5,SALMOKJI WHISPERING WATER,cgv,,26019100,,,,2D,2026-05-17,03370f5d-8276-4aca-b996-d64749c643d3,2026-05-17T14:26:33.059780
95490426-4350-463b-810c-e8972d854de5,THE SHEEP DETECTIVES,cgv,,26019500,,,,2D,2026-05-17,e5ba8481-95df-45dd-8cd6-102b18b8db5c,2026-05-17T14:26:33.059809
95490426-4350-463b-810c-e8972d854de5,AYAH INI ARAHNYA KEMANA YA,cgv,,26011000,,,,2D,2026-05-17,22260a01-6aea-4172-aba7-bd9c73e1dfe5,2026-05-17T14:26:33.059837
95490426-4350-463b-810c-e8972d854de5,DILAN ITB 1997,cgv,,26016100,,,,2D,2026-05-17,5a67195c-6f61-49b6-9e5b-e891299512e2,2026-05-17T14:26:33.059867
95490426-4350-463b-810c-e8972d854de5,THE KINGS WARDEN,cgv,,26015000,,,,2D,2026-05-17,d744f881-8780-4e7a-97f5-c28caebf9af5,2026-05-17T14:26:33.059896
95490426-4350-463b-810c-e8972d854de5,THE DEVIL WEARS PRADA 2,cgv,,26019800,,,,2D,2026-05-17,8f1f76b0-8354-46aa-9af7-1aa2e674f4a1,2026-05-17T14:26:33.059924
95490426-4350-463b-810c-e8972d854de5,MOBILE SUIT GUNDAM HATHAWAY,cgv,,26021100,,,,2D,2026-05-17,2cfcb1d9-47e1-4846-888c-61681d75c130,2026-05-17T14:26:33.059954
95490426-4350-463b-810c-e8972d854de5,THAT TIME I GOT REINCARNATED AS A SLIME THE MOVIE TEARS OF THE AZURE SEA,cgv,,26017900,,,,2D,2026-05-17,eb1f1fa2-072f-4ec6-9c66-6dc108df7b9b,2026-05-17T14:26:33.059996
95490426-4350-463b-810c-e8972d854de5,TOP GUN MAVERICK RE RELEASE,cgv,,26022800,,,,2D,2026-05-17,e139b1a1-76a8-4e8d-a907-d627aeb738c9,2026-05-17T14:26:33.060026
95490426-4350-463b-810c-e8972d854de5,SEKAWAN LIMO 2 GUNUNG KLAWIH,cgv,,26023300,,,,2D,2026-05-17,587885fb-8300-4ada-a10c-da9de657f25c,2026-05-17T14:26:33.060054
95490426-4350-463b-810c-e8972d854de5,NA WILLA,cgv,,26003200,,,,2D,2026-05-17,253d9aa2-1f71-461a-927c-721e806a416d,2026-05-17T14:26:33.060084
95490426-4350-463b-810c-e8972d854de5,IN THE GREY,cgv,,26022600,,,,2D,2026-05-17,9ed9cfe0-cc2d-41d6-a3f3-07caa7ff8330,2026-05-17T14:26:33.060112
95490426-4350-463b-810c-e8972d854de5,TOP GUN RE RELEASE,cgv,,26022700,,,,2D,2026-05-17,ea2119a0-efcb-435e-b002-a41d9f39b4d5,2026-05-17T14:26:33.060140
95490426-4350-463b-810c-e8972d854de5,KELUARGA SUAMI ADALAH HAMA,cgv,,26017700,,,,2D,2026-05-17,3c3c13dc-318b-42e8-946e-c12aabcbbe68,2026-05-17T14:26:33.060168
95490426-4350-463b-810c-e8972d854de5,THE SUPER MARIO GALAXY MOVIE,cgv,,26012700,,,,2D,2026-05-17,7621269b-64f7-4b35-bb0e-4fd4436f8478,2026-05-17T14:26:33.060197
95490426-4350-463b-810c-e8972d854de5,KNEECAP,cgv,,26024100,,,,2D,2026-05-17,3764c80a-df47-4f1e-890a-a2aed5c9c595,2026-05-17T14:26:33.060226
95490426-4350-463b-810c-e8972d854de5,PATI PATNI AUR WOH DO,cgv,,26024300,,,,2D,2026-05-17,8bf6ace8-9a57-402e-ab86-9e69d6d5e1af,2026-05-17T14:26:33.060255
95490426-4350-463b-810c-e8972d854de5,KFT NA WILLA,cgv,,26015600,,,,2D,2026-05-17,28d52c78-5c06-4b6e-b699-4223fd5cff16,2026-05-17T14:26:33.060283
95490426-4350-463b-810c-e8972d854de5,AIN,cgv,,26019300,,,,2D,2026-05-17,70c39945-05b0-4d14-9dbe-983ef11ac052,2026-05-17T14:26:33.060311
95490426-4350-463b-810c-e8972d854de5,LEE CRONINS THE MUMMY,cgv,,26014100,,,,2D,2026-05-17,bb562a7f-8017-4cb5-a442-8c3bf45d0435,2026-05-17T14:26:33.060339
95490426-4350-463b-810c-e8972d854de5,ENHYPEN IMMERSION IN CINEMAS,cgv,,26016900,,,,2D,2026-05-17,22fcecfe-6476-44ba-9478-86225a4bc20b,2026-05-17T14:26:33.060366
95490426-4350-463b-810c-e8972d854de5,THE BELL PANGGILAN UNTUK MATI,cgv,,26020700,,,,2D,2026-05-17,6c48e713-13ee-48ee-841a-2b44343c15bf,2026-05-17T14:26:33.060406
fcaacc35-0783-4a34-aa19-3421d1a53d1b,TUMBAL PROYEK,cgv,,26014300,,,,2D,2026-05-17,fc4968ed-4fab-4d0d-9220-073bb44ad89c,2026-05-17T14:26:33.317445
fcaacc35-0783-4a34-aa19-3421d1a53d1b,SEMUA AKAN BAIK BAIK SAJA,cgv,,26018100,,,,2D,2026-05-17,2885a452-23c9-40d4-97a4-ad67d54668d8,2026-05-17T14:26:33.317495
fcaacc35-0783-4a34-aa19-3421d1a53d1b,GHOST IN THE CELL,cgv,,26011800,,,,2D,2026-05-17,33caf25f-c6a7-4b32-a9ec-9e7a69b770a9,2026-05-17T14:26:33.317531
fcaacc35-0783-4a34-aa19-3421d1a53d1b,YANG LAIN BOLEH HILANG ASAL KAU JANGAN,cgv,,26018300,,,,2D,2026-05-17,266caa15-ed35-490b-b3f3-d0830fff3a40,2026-05-17T14:26:33.317565
fcaacc35-0783-4a34-aa19-3421d1a53d1b,MORTAL KOMBAT II,cgv,,26018200,,,,2D,2026-05-17,8e9395ee-f69e-4622-87c3-a74a66ee87c1,2026-05-17T14:26:33.317598
fcaacc35-0783-4a34-aa19-3421d1a53d1b,TIBA TIBA SETAN,cgv,,26007500,,,,2D,2026-05-17,177ff636-d102-4f78-ba8a-c81ad1c635a1,2026-05-17T14:26:33.317629
fcaacc35-0783-4a34-aa19-3421d1a53d1b,NOBAR BIRU PSM VS PERSIB,cgv,,26024200,,,,2D,2026-05-17,0e66aca0-4412-4657-bb1c-d52165d090e1,2026-05-17T14:26:33.317660
fcaacc35-0783-4a34-aa19-3421d1a53d1b,GOHAN,cgv,,26022500,,,,2D,2026-05-17,8ed83bc9-d5c0-4a26-8657-8cc06806f8ea,2026-05-17T14:26:33.317690
fcaacc35-0783-4a34-aa19-3421d1a53d1b,SALMOKJI WHISPERING WATER,cgv,,26019100,,,,2D,2026-05-17,bc401532-248e-41e9-8cb3-62d937705494,2026-05-17T14:26:33.317719
fcaacc35-0783-4a34-aa19-3421d1a53d1b,THE SHEEP DETECTIVES,cgv,,26019500,,,,2D,2026-05-17,f7e46758-0caf-4bf5-9dc7-b4f2531fae91,2026-05-17T14:26:33.317748
fcaacc35-0783-4a34-aa19-3421d1a53d1b,AYAH INI ARAHNYA KEMANA YA,cgv,,26011000,,,,2D,2026-05-17,06cdfe4d-6de0-4517-8c54-6af9713f22f4,2026-05-17T14:26:33.317778
fcaacc35-0783-4a34-aa19-3421d1a53d1b,DILAN ITB 1997,cgv,,26016100,,,,2D,2026-05-17,4aa9a35d-61e9-428e-b9cd-fcccd7b91bff,2026-05-17T14:26:33.317807
fcaacc35-0783-4a34-aa19-3421d1a53d1b,THE KINGS WARDEN,cgv,,26015000,,,,2D,2026-05-17,c078665f-0538-4eef-ac45-861112a8b94d,2026-05-17T14:26:33.317836
fcaacc35-0783-4a34-aa19-3421d1a53d1b,THE DEVIL WEARS PRADA 2,cgv,,26019800,,,,2D,2026-05-17,b95b36e2-ed43-4f15-b647-d4c8ae5b3b69,2026-05-17T14:26:33.317865
fcaacc35-0783-4a34-aa19-3421d1a53d1b,MOBILE SUIT GUNDAM HATHAWAY,cgv,,26021100,,,,2D,2026-05-17,16bc3b08-2c0f-46b1-910e-876ff18ac672,2026-05-17T14:26:33.317893
fcaacc35-0783-4a34-aa19-3421d1a53d1b,THAT TIME I GOT REINCARNATED AS A SLIME THE MOVIE TEARS OF THE AZURE SEA,cgv,,26017900,,,,2D,2026-05-17,25721520-05e9-4f83-8f50-75d10396d739,2026-05-17T14:26:33.317923
fcaacc35-0783-4a34-aa19-3421d1a53d1b,TOP GUN MAVERICK RE RELEASE,cgv,,26022800,,,,2D,2026-05-17,3c7ba16d-cd71-4e32-8ca3-e6751eab8fb0,2026-05-17T14:26:33.317951
fcaacc35-0783-4a34-aa19-3421d1a53d1b,SEKAWAN LIMO 2 GUNUNG KLAWIH,cgv,,26023300,,,,2D,2026-05-17,dc982ab2-edb0-4fca-b65b-c542d455aa1b,2026-05-17T14:26:33.317979
fcaacc35-0783-4a34-aa19-3421d1a53d1b,NA WILLA,cgv,,26003200,,,,2D,2026-05-17,16d5d727-2f99-450e-ae63-63a4ec5ce8c2,2026-05-17T14:26:33.318009
fcaacc35-0783-4a34-aa19-3421d1a53d1b,IN THE GREY,cgv,,26022600,,,,2D,2026-05-17,cc1a72e4-6978-4cb0-a2d9-64ecc16f8e5e,2026-05-17T14:26:33.318038
fcaacc35-0783-4a34-aa19-3421d1a53d1b,TOP GUN RE RELEASE,cgv,,26022700,,,,2D,2026-05-17,bf1ac9a7-0984-4498-b736-19c9d4bebfbf,2026-05-17T14:26:33.318066
fcaacc35-0783-4a34-aa19-3421d1a53d1b,KELUARGA SUAMI ADALAH HAMA,cgv,,26017700,,,,2D,2026-05-17,7d132710-8680-400e-b294-262a7004a2f5,2026-05-17T14:26:33.318094
fcaacc35-0783-4a34-aa19-3421d1a53d1b,THE SUPER MARIO GALAXY MOVIE,cgv,,26012700,,,,2D,2026-05-17,bdea408e-3d38-4a90-89ae-f4ad7e24f530,2026-05-17T14:26:33.318122
fcaacc35-0783-4a34-aa19-3421d1a53d1b,KNEECAP,cgv,,26024100,,,,2D,2026-05-17,435a3f47-f2b8-4924-96ed-f58c7db4c4e2,2026-05-17T14:26:33.318150
fcaacc35-0783-4a34-aa19-3421d1a53d1b,PATI PATNI AUR WOH DO,cgv,,26024300,,,,2D,2026-05-17,849f2c85-7f51-4d94-8049-b7b241ebb118,2026-05-17T14:26:33.318178
fcaacc35-0783-4a34-aa19-3421d1a53d1b,KFT NA WILLA,cgv,,26015600,,,,2D,2026-05-17,7218767a-3d6d-4429-bfd4-e2b873576df6,2026-05-17T14:26:33.318206
fcaacc35-0783-4a34-aa19-3421d1a53d1b,AIN,cgv,,26019300,,,,2D,2026-05-17,f4253c0f-721e-4108-a4cc-fc0a87bb83ee,2026-05-17T14:26:33.318235
fcaacc35-0783-4a34-aa19-3421d1a53d1b,LEE CRONINS THE MUMMY,cgv,,26014100,,,,2D,2026-05-17,402c59d9-9020-4e17-928f-0cb527e4a138,2026-05-17T14:26:33.318263
fcaacc35-0783-4a34-aa19-3421d1a53d1b,ENHYPEN IMMERSION IN CINEMAS,cgv,,26016900,,,,2D,2026-05-17,c611c579-6d5b-4a7e-957d-f4199ccc745c,2026-05-17T14:26:33.318291
fcaacc35-0783-4a34-aa19-3421d1a53d1b,THE BELL PANGGILAN UNTUK MATI,cgv,,26020700,,,,2D,2026-05-17,8a845ab5-2e37-4310-a11d-a91ce3b48637,2026-05-17T14:26:33.318320
19147467-aba4-4e40-94b1-6ac841adc46e,TUMBAL PROYEK,cgv,,26014300,,,,2D,2026-05-17,0f5f1059-aa9b-44a4-897e-2dd2e77ea02a,2026-05-17T14:26:33.894781
19147467-aba4-4e40-94b1-6ac841adc46e,SEMUA AKAN BAIK BAIK SAJA,cgv,,26018100,,,,2D,2026-05-17,bdcf2f61-419c-4c72-ad03-effd1c3dfb6e,2026-05-17T14:26:33.894830
19147467-aba4-4e40-94b1-6ac841adc46e,GHOST IN THE CELL,cgv,,26011800,,,,2D,2026-05-17,753d79ca-e5c0-42a8-b76f-b10610c46fde,2026-05-17T14:26:33.894866
19147467-aba4-4e40-94b1-6ac841adc46e,YANG LAIN BOLEH HILANG ASAL KAU JANGAN,cgv,,26018300,,,,2D,2026-05-17,c34ff7d3-fa98-4f23-9ca0-fa046eb77b2a,2026-05-17T14:26:33.894899
19147467-aba4-4e40-94b1-6ac841adc46e,MORTAL KOMBAT II,cgv,,26018200,,,,2D,2026-05-17,b06e715a-bce4-4a9d-9f44-a838af322f9c,2026-05-17T14:26:33.894932
19147467-aba4-4e40-94b1-6ac841adc46e,TIBA TIBA SETAN,cgv,,26007500,,,,2D,2026-05-17,c950c153-e3a7-4a86-af83-ba18a75f9d12,2026-05-17T14:26:33.894962
19147467-aba4-4e40-94b1-6ac841adc46e,NOBAR BIRU PSM VS PERSIB,cgv,,26024200,,,,2D,2026-05-17,b976f1bb-6f98-44e4-b966-b93d1890479a,2026-05-17T14:26:33.894992
19147467-aba4-4e40-94b1-6ac841adc46e,GOHAN,cgv,,26022500,,,,2D,2026-05-17,30be94a3-e1af-491f-a78e-f337d045dff2,2026-05-17T14:26:33.895021
19147467-aba4-4e40-94b1-6ac841adc46e,SALMOKJI WHISPERING WATER,cgv,,26019100,,,,2D,2026-05-17,3059ae2b-42b6-45d5-b4b7-1ae4f15532df,2026-05-17T14:26:33.895050
19147467-aba4-4e40-94b1-6ac841adc46e,THE SHEEP DETECTIVES,cgv,,26019500,,,,2D,2026-05-17,e0b3c777-3101-43a4-8c0e-a58c0aa78dba,2026-05-17T14:26:33.895079
19147467-aba4-4e40-94b1-6ac841adc46e,AYAH INI ARAHNYA KEMANA YA,cgv,,26011000,,,,2D,2026-05-17,e0398d52-d383-4ac1-8935-d559e51e4508,2026-05-17T14:26:33.895108
19147467-aba4-4e40-94b1-6ac841adc46e,DILAN ITB 1997,cgv,,26016100,,,,2D,2026-05-17,c8a1756d-7048-441b-a1d8-3bf09552ed2d,2026-05-17T14:26:33.895137
19147467-aba4-4e40-94b1-6ac841adc46e,THE KINGS WARDEN,cgv,,26015000,,,,2D,2026-05-17,efd9876f-6606-45b4-8090-92d6fc352887,2026-05-17T14:26:33.895165
19147467-aba4-4e40-94b1-6ac841adc46e,THE DEVIL WEARS PRADA 2,cgv,,26019800,,,,2D,2026-05-17,425484fd-4e74-4d39-8974-6e4e4f230323,2026-05-17T14:26:33.895193
19147467-aba4-4e40-94b1-6ac841adc46e,MOBILE SUIT GUNDAM HATHAWAY,cgv,,26021100,,,,2D,2026-05-17,e574d2ef-4620-4da4-9070-d578b6e249a2,2026-05-17T14:26:33.895222
19147467-aba4-4e40-94b1-6ac841adc46e,THAT TIME I GOT REINCARNATED AS A SLIME THE MOVIE TEARS OF THE AZURE SEA,cgv,,26017900,,,,2D,2026-05-17,cd26ebf5-0cf4-4c9b-89db-0b53483937d9,2026-05-17T14:26:33.895269
19147467-aba4-4e40-94b1-6ac841adc46e,TOP GUN MAVERICK RE RELEASE,cgv,,26022800,,,,2D,2026-05-17,e40c05f4-3262-4107-ab65-96d6118deabc,2026-05-17T14:26:33.895298
19147467-aba4-4e40-94b1-6ac841adc46e,SEKAWAN LIMO 2 GUNUNG KLAWIH,cgv,,26023300,,,,2D,2026-05-17,cf97e358-e674-40c0-831a-6f68b9eb2723,2026-05-17T14:26:33.895327
19147467-aba4-4e40-94b1-6ac841adc46e,NA WILLA,cgv,,26003200,,,,2D,2026-05-17,b0854a53-5d39-43ea-9e3c-4690b89fa7d3,2026-05-17T14:26:33.895365
19147467-aba4-4e40-94b1-6ac841adc46e,IN THE GREY,cgv,,26022600,,,,2D,2026-05-17,d8ba7356-1dc8-48ad-a368-3215eb2ee599,2026-05-17T14:26:33.895393
19147467-aba4-4e40-94b1-6ac841adc46e,TOP GUN RE RELEASE,cgv,,26022700,,,,2D,2026-05-17,0cfb42b4-b261-4280-8733-cbec621dda40,2026-05-17T14:26:33.895433
19147467-aba4-4e40-94b1-6ac841adc46e,KELUARGA SUAMI ADALAH HAMA,cgv,,26017700,,,,2D,2026-05-17,6fd3e1b6-b832-4f98-a7b3-4c78d52391b4,2026-05-17T14:26:33.895465
19147467-aba4-4e40-94b1-6ac841adc46e,THE SUPER MARIO GALAXY MOVIE,cgv,,26012700,,,,2D,2026-05-17,3f62f871-9231-4b37-a3ec-c4a29bd53150,2026-05-17T14:26:33.895494
19147467-aba4-4e40-94b1-6ac841adc46e,KNEECAP,cgv,,26024100,,,,2D,2026-05-17,9234d271-883b-41eb-ad53-5500d7fd85c5,2026-05-17T14:26:33.895522
19147467-aba4-4e40-94b1-6ac841adc46e,PATI PATNI AUR WOH DO,cgv,,26024300,,,,2D,2026-05-17,6d1fdcef-32a8-4cfd-873c-6a35539bc3b1,2026-05-17T14:26:33.895549
19147467-aba4-4e40-94b1-6ac841adc46e,KFT NA WILLA,cgv,,26015600,,,,2D,2026-05-17,bcc43c47-77db-4be8-b542-feb6af18ccf3,2026-05-17T14:26:33.895577
19147467-aba4-4e40-94b1-6ac841adc46e,AIN,cgv,,26019300,,,,2D,2026-05-17,16a7b149-ddb5-43ee-85f5-d800d715e874,2026-05-17T14:26:33.895612
19147467-aba4-4e40-94b1-6ac841adc46e,LEE CRONINS THE MUMMY,cgv,,26014100,,,,2D,2026-05-17,cf7ead16-ba5f-4ab2-8bd8-3cde75d832d0,2026-05-17T14:26:33.895641
19147467-aba4-4e40-94b1-6ac841adc46e,ENHYPEN IMMERSION IN CINEMAS,cgv,,26016900,,,,2D,2026-05-17,10156ef0-bb44-4268-9856-7c2036178420,2026-05-17T14:26:33.895670
19147467-aba4-4e40-94b1-6ac841adc46e,THE BELL PANGGILAN UNTUK MATI,cgv,,26020700,,,,2D,2026-05-17,537869df-c1d7-43b7-bab5-abd843817a3a,2026-05-17T14:26:33.895698
dc724a44-a93a-4f37-98b5-9c399969bf13,TUMBAL PROYEK,cgv,,26014300,,,,2D,2026-05-17,a7e056c0-40b5-4c99-b4aa-9905d50f4791,2026-05-17T14:26:34.030935
dc724a44-a93a-4f37-98b5-9c399969bf13,SEMUA AKAN BAIK BAIK SAJA,cgv,,26018100,,,,2D,2026-05-17,0d0437f2-5df4-46a5-8e4b-bb974330dedf,2026-05-17T14:26:34.030983
dc724a44-a93a-4f37-98b5-9c399969bf13,GHOST IN THE CELL,cgv,,26011800,,,,2D,2026-05-17,2f392e96-4e6c-4ed2-8602-6e5c0781b7d1,2026-05-17T14:26:34.031018
dc724a44-a93a-4f37-98b5-9c399969bf13,YANG LAIN BOLEH HILANG ASAL KAU JANGAN,cgv,,26018300,,,,2D,2026-05-17,e4887566-0c6c-4602-97e0-d39d08e068a5,2026-05-17T14:26:34.031051
dc724a44-a93a-4f37-98b5-9c399969bf13,MORTAL KOMBAT II,cgv,,26018200,,,,2D,2026-05-17,2f66d7e7-a7a0-48a5-914c-69d5f83fec21,2026-05-17T14:26:34.031083
dc724a44-a93a-4f37-98b5-9c399969bf13,TIBA TIBA SETAN,cgv,,26007500,,,,2D,2026-05-17,ce59bae5-a69b-43b3-bfca-c0cb347b2017,2026-05-17T14:26:34.031114
dc724a44-a93a-4f37-98b5-9c399969bf13,NOBAR BIRU PSM VS PERSIB,cgv,,26024200,,,,2D,2026-05-17,d34f8347-5321-4365-8473-aa87a270a85a,2026-05-17T14:26:34.031144
dc724a44-a93a-4f37-98b5-9c399969bf13,GOHAN,cgv,,26022500,,,,2D,2026-05-17,cb121596-ef3d-42ac-93e6-b1e153979c61,2026-05-17T14:26:34.031173
dc724a44-a93a-4f37-98b5-9c399969bf13,SALMOKJI WHISPERING WATER,cgv,,26019100,,,,2D,2026-05-17,6c84ef5b-d2cf-4bb6-b278-e412b920c90a,2026-05-17T14:26:34.031202
dc724a44-a93a-4f37-98b5-9c399969bf13,THE SHEEP DETECTIVES,cgv,,26019500,,,,2D,2026-05-17,32626caf-19f0-4459-8113-61dd2ab047dc,2026-05-17T14:26:34.031231
dc724a44-a93a-4f37-98b5-9c399969bf13,AYAH INI ARAHNYA KEMANA YA,cgv,,26011000,,,,2D,2026-05-17,5dd8dba4-c5f9-4c12-845d-2bc717609737,2026-05-17T14:26:34.031260
dc724a44-a93a-4f37-98b5-9c399969bf13,DILAN ITB 1997,cgv,,26016100,,,,2D,2026-05-17,e48e0a07-b336-4bdd-a2a4-94f801491234,2026-05-17T14:26:34.031289
dc724a44-a93a-4f37-98b5-9c399969bf13,THE KINGS WARDEN,cgv,,26015000,,,,2D,2026-05-17,4bca7cbc-293b-4ec8-8cea-55b212b4315c,2026-05-17T14:26:34.031322
dc724a44-a93a-4f37-98b5-9c399969bf13,THE DEVIL WEARS PRADA 2,cgv,,26019800,,,,2D,2026-05-17,b33912df-6d71-48fd-83f3-6ecb2052afbc,2026-05-17T14:26:34.031351
dc724a44-a93a-4f37-98b5-9c399969bf13,MOBILE SUIT GUNDAM HATHAWAY,cgv,,26021100,,,,2D,2026-05-17,b14d3557-a596-49cf-8eba-4a93f73dd8ab,2026-05-17T14:26:34.031388
dc724a44-a93a-4f37-98b5-9c399969bf13,THAT TIME I GOT REINCARNATED AS A SLIME THE MOVIE TEARS OF THE AZURE SEA,cgv,,26017900,,,,2D,2026-05-17,02f1763f-2379-4da0-abfa-91e3c72abdad,2026-05-17T14:26:34.031420
dc724a44-a93a-4f37-98b5-9c399969bf13,TOP GUN MAVERICK RE RELEASE,cgv,,26022800,,,,2D,2026-05-17,6d9e85a9-a99b-4753-8b8e-05f486443eb5,2026-05-17T14:26:34.031450
dc724a44-a93a-4f37-98b5-9c399969bf13,SEKAWAN LIMO 2 GUNUNG KLAWIH,cgv,,26023300,,,,2D,2026-05-17,03c5738d-8271-41a6-990b-0d22c449f0e1,2026-05-17T14:26:34.031479
dc724a44-a93a-4f37-98b5-9c399969bf13,NA WILLA,cgv,,26003200,,,,2D,2026-05-17,068aa0b1-2fd7-489a-8607-0546aa4e5f3b,2026-05-17T14:26:34.031510
dc724a44-a93a-4f37-98b5-9c399969bf13,IN THE GREY,cgv,,26022600,,,,2D,2026-05-17,a0b3a45c-9f6a-4744-b31e-dc1b4e1aa891,2026-05-17T14:26:34.031538
dc724a44-a93a-4f37-98b5-9c399969bf13,TOP GUN RE RELEASE,cgv,,26022700,,,,2D,2026-05-17,2895de61-4ccb-4b10-8dbe-648d2e2782fb,2026-05-17T14:26:34.031567
dc724a44-a93a-4f37-98b5-9c399969bf13,KELUARGA SUAMI ADALAH HAMA,cgv,,26017700,,,,2D,2026-05-17,f2e74598-21aa-4f2a-a137-734934e1dff0,2026-05-17T14:26:34.031596
dc724a44-a93a-4f37-98b5-9c399969bf13,THE SUPER MARIO GALAXY MOVIE,cgv,,26012700,,,,2D,2026-05-17,065681ad-9174-4270-b3d9-1b61b6adfd13,2026-05-17T14:26:34.031627
dc724a44-a93a-4f37-98b5-9c399969bf13,KNEECAP,cgv,,26024100,,,,2D,2026-05-17,c2b3c581-a7b0-48ae-9615-c34bed1f989f,2026-05-17T14:26:34.031655
dc724a44-a93a-4f37-98b5-9c399969bf13,PATI PATNI AUR WOH DO,cgv,,26024300,,,,2D,2026-05-17,ab0f06b7-1abe-49ce-b3e0-50b27c8e9fb6,2026-05-17T14:26:34.031683
dc724a44-a93a-4f37-98b5-9c399969bf13,KFT NA WILLA,cgv,,26015600,,,,2D,2026-05-17,584e15b8-3d64-4696-88c8-55d50258f483,2026-05-17T14:26:34.031711
dc724a44-a93a-4f37-98b5-9c399969bf13,AIN,cgv,,26019300,,,,2D,2026-05-17,c12bb742-8bf2-44ea-a221-427ea0ebcff3,2026-05-17T14:26:34.031740
dc724a44-a93a-4f37-98b5-9c399969bf13,LEE CRONINS THE MUMMY,cgv,,26014100,,,,2D,2026-05-17,372d854f-da6f-4380-a5bd-411095fceb29,2026-05-17T14:26:34.031776
dc724a44-a93a-4f37-98b5-9c399969bf13,ENHYPEN IMMERSION IN CINEMAS,cgv,,26016900,,,,2D,2026-05-17,a8050d6f-ae0d-4c4e-bf84-a92fe73e6368,2026-05-17T14:26:34.031804
dc724a44-a93a-4f37-98b5-9c399969bf13,THE BELL PANGGILAN UNTUK MATI,cgv,,26020700,,,,2D,2026-05-17,d7d08f0d-392d-41cd-a4d9-a18d03fcf31d,2026-05-17T14:26:34.031832
0fac45ea-d9a8-434d-93cd-ebf5556dfe38,TUMBAL PROYEK,cgv,,26014300,Horror,106 min,17+,2D,2026-05-17,c555690f-b310-461b-9fbd-3d7658855917,2026-05-17T14:26:32.826961
0fac45ea-d9a8-434d-93cd-ebf5556dfe38,GHOST IN THE CELL,cgv,,26011800,Comedy,106 min,17+,2D,2026-05-17,18bbf551-f65f-4459-8020-de20a1638f8e,2026-05-17T14:26:32.827196
d29fefdb-4531-4c02-b2a3-6c51dc699bc2,TUMBAL PROYEK,cgv,,26014300,,,,2D,2026-05-17,3ba3f9f7-29d6-497c-ae59-e50064e15751,2026-05-17T14:26:36.247787
d29fefdb-4531-4c02-b2a3-6c51dc699bc2,SEMUA AKAN BAIK BAIK SAJA,cgv,,26018100,,,,2D,2026-05-17,23b1c248-c85d-4025-8162-ab22644ca85a,2026-05-17T14:26:36.247808
d29fefdb-4531-4c02-b2a3-6c51dc699bc2,GHOST IN THE CELL,cgv,,26011800,,,,2D,2026-05-17,eb02ff6b-1b42-4392-867a-32ee6aef8ef5,2026-05-17T14:26:36.247822
d29fefdb-4531-4c02-b2a3-6c51dc699bc2,YANG LAIN BOLEH HILANG ASAL KAU JANGAN,cgv,,26018300,,,,2D,2026-05-17,0f00af12-57db-455d-a83e-0ceda31375e2,2026-05-17T14:26:36.247843
d29fefdb-4531-4c02-b2a3-6c51dc699bc2,MORTAL KOMBAT II,cgv,,26018200,,,,2D,2026-05-17,7e87e1b0-1c28-40ca-8011-82bca695cf76,2026-05-17T14:26:36.247856
d29fefdb-4531-4c02-b2a3-6c51dc699bc2,TIBA TIBA SETAN,cgv,,26007500,,,,2D,2026-05-17,ccad0ba4-050b-4aee-95d8-61492e6c44a0,2026-05-17T14:26:36.247868
d29fefdb-4531-4c02-b2a3-6c51dc699bc2,NOBAR BIRU PSM VS PERSIB,cgv,,26024200,,,,2D,2026-05-17,c625c39c-a9f8-472c-8d92-0e5de7182252,2026-05-17T14:26:36.247880
d29fefdb-4531-4c02-b2a3-6c51dc699bc2,GOHAN,cgv,,26022500,,,,2D,2026-05-17,f179dcd0-b53d-4abb-b25d-b9dac4f1aaa1,2026-05-17T14:26:36.247891
d29fefdb-4531-4c02-b2a3-6c51dc699bc2,SALMOKJI WHISPERING WATER,cgv,,26019100,,,,2D,2026-05-17,7dc669bb-4cfd-436f-ae7a-95df54ec4e48,2026-05-17T14:26:36.247903
d29fefdb-4531-4c02-b2a3-6c51dc699bc2,THE SHEEP DETECTIVES,cgv,,26019500,,,,2D,2026-05-17,f14ac9f2-be97-438b-bebe-f3b06b238498,2026-05-17T14:26:36.247914
d29fefdb-4531-4c02-b2a3-6c51dc699bc2,AYAH INI ARAHNYA KEMANA YA,cgv,,26011000,,,,2D,2026-05-17,3440ce0a-7946-4260-98f5-89ebf36a2f24,2026-05-17T14:26:36.247925
d29fefdb-4531-4c02-b2a3-6c51dc699bc2,DILAN ITB 1997,cgv,,26016100,,,,2D,2026-05-17,d9b0234b-36a0-4051-b991-5263385bae3b,2026-05-17T14:26:36.247936
d29fefdb-4531-4c02-b2a3-6c51dc699bc2,THE KINGS WARDEN,cgv,,26015000,,,,2D,2026-05-17,8da2e893-4001-4ead-8d52-032524f22dab,2026-05-17T14:26:36.247947
d29fefdb-4531-4c02-b2a3-6c51dc699bc2,THE DEVIL WEARS PRADA 2,cgv,,26019800,,,,2D,2026-05-17,3298a80e-fd59-4a0d-b501-a4d186008ab4,2026-05-17T14:26:36.247958
d29fefdb-4531-4c02-b2a3-6c51dc699bc2,MOBILE SUIT GUNDAM HATHAWAY,cgv,,26021100,,,,2D,2026-05-17,0d8b3aaa-79f9-41cc-a4fc-948ab5e2a5d1,2026-05-17T14:26:36.247969
d29fefdb-4531-4c02-b2a3-6c51dc699bc2,THAT TIME I GOT REINCARNATED AS A SLIME THE MOVIE TEARS OF THE AZURE SEA,cgv,,26017900,,,,2D,2026-05-17,7a21f3d2-fe4d-431b-9351-c62c5ed36ba1,2026-05-17T14:26:36.247981
d29fefdb-4531-4c02-b2a3-6c51dc699bc2,TOP GUN MAVERICK RE RELEASE,cgv,,26022800,,,,2D,2026-05-17,70eac5bf-5c72-47eb-af7a-ee5e91a2ea53,2026-05-17T14:26:36.247993
d29fefdb-4531-4c02-b2a3-6c51dc699bc2,SEKAWAN LIMO 2 GUNUNG KLAWIH,cgv,,26023300,,,,2D,2026-05-17,c3b6b642-b63f-4686-a740-646631a46090,2026-05-17T14:26:36.248004
d29fefdb-4531-4c02-b2a3-6c51dc699bc2,NA WILLA,cgv,,26003200,,,,2D,2026-05-17,3447f75e-3fbb-47bc-be16-ff0298f6e107,2026-05-17T14:26:36.248017
d29fefdb-4531-4c02-b2a3-6c51dc699bc2,IN THE GREY,cgv,,26022600,,,,2D,2026-05-17,85623c30-276d-4d04-be20-cdb498effb6f,2026-05-17T14:26:36.248028
d29fefdb-4531-4c02-b2a3-6c51dc699bc2,TOP GUN RE RELEASE,cgv,,26022700,,,,2D,2026-05-17,43d47296-7f78-4704-8b2e-f674e59683fd,2026-05-17T14:26:36.248038
d29fefdb-4531-4c02-b2a3-6c51dc699bc2,KELUARGA SUAMI ADALAH HAMA,cgv,,26017700,,,,2D,2026-05-17,ebea3c87-25f6-427b-bdf0-635c42c12f4c,2026-05-17T14:26:36.248049
d29fefdb-4531-4c02-b2a3-6c51dc699bc2,THE SUPER MARIO GALAXY MOVIE,cgv,,26012700,,,,2D,2026-05-17,8addcdbd-f876-444d-a231-e14998848f86,2026-05-17T14:26:36.248059
d29fefdb-4531-4c02-b2a3-6c51dc699bc2,KNEECAP,cgv,,26024100,,,,2D,2026-05-17,1393acde-2b09-44a9-9629-6420d5df72ec,2026-05-17T14:26:36.248070
d29fefdb-4531-4c02-b2a3-6c51dc699bc2,PATI PATNI AUR WOH DO,cgv,,26024300,,,,2D,2026-05-17,ea052f32-9395-4ea9-ac89-008cc589b1aa,2026-05-17T14:26:36.248081
d29fefdb-4531-4c02-b2a3-6c51dc699bc2,KFT NA WILLA,cgv,,26015600,,,,2D,2026-05-17,26c2d50f-829f-49f5-b7d2-aad4bb5d1887,2026-05-17T14:26:36.248092
d29fefdb-4531-4c02-b2a3-6c51dc699bc2,AIN,cgv,,26019300,,,,2D,2026-05-17,fe55e643-2589-4241-855d-438b750615ae,2026-05-17T14:26:36.248103
d29fefdb-4531-4c02-b2a3-6c51dc699bc2,LEE CRONINS THE MUMMY,cgv,,26014100,,,,2D,2026-05-17,00c308f7-87aa-42c8-9e79-fe0a49013a16,2026-05-17T14:26:36.248114
d29fefdb-4531-4c02-b2a3-6c51dc699bc2,ENHYPEN IMMERSION IN CINEMAS,cgv,,26016900,,,,2D,2026-05-17,e2075d14-fde7-44fd-9d3f-6825b017c2bd,2026-05-17T14:26:36.248125
d29fefdb-4531-4c02-b2a3-6c51dc699bc2,THE BELL PANGGILAN UNTUK MATI,cgv,,26020700,,,,2D,2026-05-17,d9f346a0-546c-4451-8d50-2cce80db0446,2026-05-17T14:26:36.248136
8cb0fcd5-7a11-4d0a-9bf5-796bcfe483ef,TUMBAL PROYEK,cgv,,26014300,Horror,106 min,17+,2D,2026-05-17,4f11e98a-cf7b-4f9e-a3f9-fd590f3d54f7,2026-05-17T14:26:34.985471
f2205045-438a-480f-86d1-2bf5073fe55e,SALMOKJI: WHISPERING WATER,cgv,,26019100,Horror,95 min,17+,2D,2026-05-17,d06d1fe4-2c73-4d43-9e8a-b2dc48e321b7,2026-05-17T14:26:35.600601
f2205045-438a-480f-86d1-2bf5073fe55e,TUMBAL PROYEK,cgv,,26014300,Horror,106 min,17+,2D,2026-05-17,0288c8fb-1a0f-4ce5-81ff-0b3995724afd,2026-05-17T14:26:35.600882
f2205045-438a-480f-86d1-2bf5073fe55e,GHOST IN THE CELL,cgv,,26011800,Comedy,106 min,17+,2D,2026-05-17,ccd81c5b-70b6-47cf-90cc-ecf764404ae0,2026-05-17T14:26:35.601142
4ea9a73e-e416-4ecc-9921-cdc784a5b1d1,MORTAL KOMBAT II,cgv,,26018200,Action,116 min,17+,2D,2026-05-17,ee36bf0d-13dc-43c7-9a89-169415bfe27c,2026-05-17T14:26:36.043466
4ea9a73e-e416-4ecc-9921-cdc784a5b1d1,SEMUA AKAN BAIK BAIK SAJA,cgv,,26018100,Drama,113 min,13+,2D,2026-05-17,105d26fb-07be-48d5-8b71-c02139f117b0,2026-05-17T14:26:36.043806
4ea9a73e-e416-4ecc-9921-cdc784a5b1d1,TUMBAL PROYEK,cgv,,26014300,Horror,106 min,17+,2D,2026-05-17,d5449065-2fc4-4a6f-8f35-76500039114f,2026-05-17T14:26:36.044113
4ea9a73e-e416-4ecc-9921-cdc784a5b1d1,GHOST IN THE CELL,cgv,,26011800,Comedy,106 min,17+,2D,2026-05-17,8d64b32c-8b2b-43ae-a998-8da8ff6d2cef,2026-05-17T14:26:36.044415
11724292-234e-406c-9a03-3b70a1a2088d,GHOST IN THE CELL,cgv,,26011800,Comedy,106 min,17+,2D,2026-05-17,f0db3c08-4e27-4f71-a3b3-4c40082befad,2026-05-17T14:26:36.929744
22da6a2e-113b-4091-a043-0ee0b2b49323,TUMBAL PROYEK,cinepolis,,0b14c075-63cc-4a3b-b0a7-a3578ae1590b,HORROR,1h 46m,D17+,2D,2026-05-17,36421d0c-d078-4b1e-bef8-9d0531370bda,2026-05-17T14:27:45.069086
6eb45ec9-f017-48c0-803a-ee820a7eeb60,TUMBAL PROYEK,cinepolis,,0b14c075-63cc-4a3b-b0a7-a3578ae1590b,HORROR,1h 46m,D17+,2D,2026-05-17,ef52ea3b-6ad3-4461-9885-eea04fc22126,2026-05-17T14:27:48.386853
6eb45ec9-f017-48c0-803a-ee820a7eeb60,SEMUA AKAN BAIK-BAIK SAJA,cinepolis,,cae94e25-4386-417b-8bdf-0dea2d0b0c71,DRAMA,1h 53m,13+,2D,2026-05-17,30923477-7702-43ac-b99b-be76e7ac536a,2026-05-17T14:27:48.851005
6eb45ec9-f017-48c0-803a-ee820a7eeb60,GHOST IN THE CELL,cinepolis,,1859bb5f-f638-4a41-854c-a114f6f8a608,HORROR,1h 46m,D17+,2D,2026-05-17,eb3a3393-ccfc-4ea3-b3dd-3e78d73d012b,2026-05-17T14:27:50.129888
6eb45ec9-f017-48c0-803a-ee820a7eeb60,YANG LAIN BOLEH HILANG ASAL KAU JANGAN,cinepolis,,ff59e4ab-92e1-4aa6-bfd8-ab6521930738,DRAMA,1h 53m,13+,2D,2026-05-17,52607992-e3d5-437c-82dc-b8f54c44ab3e,2026-05-17T14:27:51.641191
6eb45ec9-f017-48c0-803a-ee820a7eeb60,SALMOKJI: WHISPERING WATER,cinepolis,,a71f8c7d-5bdf-4b91-b207-9acbafa2417a,HORROR,1h 35m,D17+,2D,2026-05-17,96b2567a-dff2-4ba4-9d9c-e295053511f1,2026-05-17T14:27:53.137773
6eb45ec9-f017-48c0-803a-ee820a7eeb60,DILAN ITB 1997,cinepolis,,7afc861e-8f49-4790-9cc5-64ea19b1b0e5,ROMANCE,1h 50m,13+,2D,2026-05-17,8bcb31b6-2d0a-4b1b-81f4-4834bb930626,2026-05-17T14:27:56.195594
a33e0c29-0e31-47d2-a15f-c9845e73aabc,TUMBAL PROYEK,cinepolis,,0b14c075-63cc-4a3b-b0a7-a3578ae1590b,HORROR,1h 46m,D17+,2D,2026-05-17,9aa71c2f-a8d1-4809-9937-9b18d7e92744,2026-05-17T14:27:53.659419
a33e0c29-0e31-47d2-a15f-c9845e73aabc,SEMUA AKAN BAIK-BAIK SAJA,cinepolis,,cae94e25-4386-417b-8bdf-0dea2d0b0c71,DRAMA,1h 53m,13+,2D,2026-05-17,0c34a99d-4aef-4be3-9376-840e778b0a93,2026-05-17T14:27:53.660653
a33e0c29-0e31-47d2-a15f-c9845e73aabc,GHOST IN THE CELL,cinepolis,,1859bb5f-f638-4a41-854c-a114f6f8a608,HORROR,1h 46m,D17+,2D,2026-05-17,4f999fb0-cac4-44a5-9083-ea77dc1c7f36,2026-05-17T14:27:53.662548
a33e0c29-0e31-47d2-a15f-c9845e73aabc,MORTAL KOMBAT II,cinepolis,,420e1f44-2534-4ed9-9d6f-84cf6406d5a8,ACTION,1h 56m,D17+,2D,2026-05-17,294a0e9b-e152-4a07-8118-fc1581e4a026,2026-05-17T14:27:57.033740
a33e0c29-0e31-47d2-a15f-c9845e73aabc,YANG LAIN BOLEH HILANG ASAL KAU JANGAN,cinepolis,,ff59e4ab-92e1-4aa6-bfd8-ab6521930738,DRAMA,1h 53m,13+,2D,2026-05-17,d84e253b-3e75-4f71-8f8a-75c802f3ea4a,2026-05-17T14:27:57.034449
a33e0c29-0e31-47d2-a15f-c9845e73aabc,GOHAN,cinepolis,,15718ddd-e8db-449b-9313-73b98733d485,DRAMA,2h 20m,SU,2D,2026-05-17,9165f354-ed5f-42da-9f40-4f4cccc3c6d1,2026-05-17T14:27:57.718459
a33e0c29-0e31-47d2-a15f-c9845e73aabc,THE SHEEP DETECTIVES,cinepolis,,71865891-a162-4fb5-bcc1-eda6d7edf3e9,COMEDY,1h 49m,SU,2D,2026-05-17,6434a0a8-0c4b-4923-a6b5-999de57b3e2c,2026-05-17T14:27:59.149515
a33e0c29-0e31-47d2-a15f-c9845e73aabc,DILAN ITB 1997,cinepolis,,7afc861e-8f49-4790-9cc5-64ea19b1b0e5,ROMANCE,1h 50m,13+,2D,2026-05-17,1d17e685-566c-4d12-84d7-5f9902f814ab,2026-05-17T14:27:59.150183
68231e65-0129-4606-80b9-5b11cd3e82f5,TUMBAL PROYEK,cinepolis,,0b14c075-63cc-4a3b-b0a7-a3578ae1590b,HORROR,1h 46m,D17+,2D,2026-05-17,c4294532-1115-4dd2-95f9-998d594f1d6d,2026-05-17T14:27:59.099573
68231e65-0129-4606-80b9-5b11cd3e82f5,SEMUA AKAN BAIK-BAIK SAJA,cinepolis,,cae94e25-4386-417b-8bdf-0dea2d0b0c71,DRAMA,1h 53m,13+,2D,2026-05-17,7f2f3ce7-fd4f-4286-9d24-cd69c2f482c9,2026-05-17T14:27:59.100343
8bea541c-7d11-4677-9fb5-aa835aa322af,TUMBAL PROYEK,cinepolis,,0b14c075-63cc-4a3b-b0a7-a3578ae1590b,HORROR,1h 46m,D17+,2D,2026-05-17,68cd74d7-15c3-4786-97b2-f3c807f752bc,2026-05-17T14:28:05.064744
92c24553-de14-4c18-b258-c1dfaef4f856,TUMBAL PROYEK,cinepolis,,0b14c075-63cc-4a3b-b0a7-a3578ae1590b,HORROR,1h 46m,D17+,2D,2026-05-17,f57a0b97-3196-4193-8961-226acea33eed,2026-05-17T14:28:10.945583
92c24553-de14-4c18-b258-c1dfaef4f856,SEMUA AKAN BAIK-BAIK SAJA,cinepolis,,cae94e25-4386-417b-8bdf-0dea2d0b0c71,DRAMA,1h 53m,13+,2D,2026-05-17,cc612527-8d99-45e9-8394-ddcd2921f2e6,2026-05-17T14:28:10.946901
92c24553-de14-4c18-b258-c1dfaef4f856,GHOST IN THE CELL,cinepolis,,1859bb5f-f638-4a41-854c-a114f6f8a608,HORROR,1h 46m,D17+,2D,2026-05-17,0c5eee3e-bf66-4acf-b022-641793afbdc5,2026-05-17T14:28:10.949018
92c24553-de14-4c18-b258-c1dfaef4f856,MORTAL KOMBAT II,cinepolis,,420e1f44-2534-4ed9-9d6f-84cf6406d5a8,ACTION,1h 56m,D17+,2D,2026-05-17,2dd54d30-d125-4775-931a-c5ebc5c6cc24,2026-05-17T14:28:10.950261
92c24553-de14-4c18-b258-c1dfaef4f856,YANG LAIN BOLEH HILANG ASAL KAU JANGAN,cinepolis,,ff59e4ab-92e1-4aa6-bfd8-ab6521930738,DRAMA,1h 53m,13+,2D,2026-05-17,0abf48ce-158b-4c99-94a5-a90f597fd75e,2026-05-17T14:28:10.951250
92c24553-de14-4c18-b258-c1dfaef4f856,GOHAN,cinepolis,,15718ddd-e8db-449b-9313-73b98733d485,DRAMA,2h 20m,SU,2D,2026-05-17,32093251-64c4-4294-b4c8-b6a65d371b56,2026-05-17T14:28:10.952347
be9bcb23-e2a0-4f6d-8c56-dcf75943063f,TUMBAL PROYEK,cinepolis,,0b14c075-63cc-4a3b-b0a7-a3578ae1590b,HORROR,1h 46m,D17+,2D,2026-05-17,6a4f139d-1ef6-46a8-969b-b3dc5ec163ca,2026-05-17T14:28:16.435909
be9bcb23-e2a0-4f6d-8c56-dcf75943063f,SEMUA AKAN BAIK-BAIK SAJA,cinepolis,,cae94e25-4386-417b-8bdf-0dea2d0b0c71,DRAMA,1h 53m,13+,2D,2026-05-17,a689cfbd-bfde-4b25-aa64-44da443d540e,2026-05-17T14:28:16.438275
bf2b2770-e5e2-4e16-9f17-6eedbb2babd5,TUMBAL PROYEK,cinepolis,,0b14c075-63cc-4a3b-b0a7-a3578ae1590b,HORROR,1h 46m,D17+,2D,2026-05-17,09a01285-47f2-4836-b2bc-8b4c1bf070da,2026-05-17T14:28:22.266139
bf2b2770-e5e2-4e16-9f17-6eedbb2babd5,SEMUA AKAN BAIK-BAIK SAJA,cinepolis,,cae94e25-4386-417b-8bdf-0dea2d0b0c71,DRAMA,1h 53m,13+,2D,2026-05-17,6fb61c2e-d4c0-4214-b915-d2c1abee8fb4,2026-05-17T14:28:22.267881
bf2b2770-e5e2-4e16-9f17-6eedbb2babd5,GHOST IN THE CELL,cinepolis,,1859bb5f-f638-4a41-854c-a114f6f8a608,HORROR,1h 46m,D17+,2D,2026-05-17,aba574af-bd91-44e3-9651-5d228e32ca6a,2026-05-17T14:28:22.269049
bf2b2770-e5e2-4e16-9f17-6eedbb2babd5,YANG LAIN BOLEH HILANG ASAL KAU JANGAN,cinepolis,,ff59e4ab-92e1-4aa6-bfd8-ab6521930738,DRAMA,1h 53m,13+,2D,2026-05-17,4399c012-cd3c-4dd7-9650-b096e3029b4e,2026-05-17T14:28:22.270031
bf2b2770-e5e2-4e16-9f17-6eedbb2babd5,GOHAN,cinepolis,,15718ddd-e8db-449b-9313-73b98733d485,DRAMA,2h 20m,SU,2D,2026-05-17,fc11a702-858c-4f96-b9d0-8ed38bb88b27,2026-05-17T14:28:22.270966
bf2b2770-e5e2-4e16-9f17-6eedbb2babd5,SALMOKJI: WHISPERING WATER,cinepolis,,a71f8c7d-5bdf-4b91-b207-9acbafa2417a,HORROR,1h 35m,D17+,2D,2026-05-17,a1286a38-2526-40de-bcca-fa93a286626e,2026-05-17T14:28:22.271836
bf2b2770-e5e2-4e16-9f17-6eedbb2babd5,NA WILLA,cinepolis,,29fbce60-a3f8-467e-9d65-44612efe30d4,DRAMA,1h 58m,SU,2D,2026-05-17,fa154da1-4b98-4856-af12-d1b1389c719e,2026-05-17T14:28:22.688407
a46e43ad-afbd-4d9c-8fc8-38ed575af69a,TUMBAL PROYEK,cinepolis,,0b14c075-63cc-4a3b-b0a7-a3578ae1590b,HORROR,1h 46m,D17+,2D,2026-05-17,bcb97fc6-6779-436b-9d0f-eea0c9eb4a93,2026-05-17T14:28:27.744329
c2818c57-aa26-467c-bc7e-32dca849925d,GHOST IN THE CELL,cinepolis,,1859bb5f-f638-4a41-854c-a114f6f8a608,HORROR,1h 46m,D17+,2D,2026-05-17,acdf1090-61bf-42b9-bf11-24a5fd53ea95,2026-05-17T14:28:33.006217
c2818c57-aa26-467c-bc7e-32dca849925d,MORTAL KOMBAT II,cinepolis,,420e1f44-2534-4ed9-9d6f-84cf6406d5a8,ACTION,1h 56m,D17+,2D,2026-05-17,e58aa6a6-9c8d-459a-8d61-c4601180dbc0,2026-05-17T14:28:33.008388
38b0a787-433c-4559-b12a-9956bd1272aa,SEMUA AKAN BAIK-BAIK SAJA,cinepolis,,cae94e25-4386-417b-8bdf-0dea2d0b0c71,DRAMA,1h 53m,13+,2D,2026-05-17,0303c7b7-f581-4914-893c-0fa10fcf8c19,2026-05-17T14:28:38.395863
38b0a787-433c-4559-b12a-9956bd1272aa,THE KING`S WARDEN,cinepolis,,65881b59-8a2d-43fe-b61c-5d8b58e2b312,DRAMA,1h 57m,13+,2D,2026-05-17,c3eaeac4-d855-4c1f-900a-0c6ed46ed346,2026-05-17T14:28:39.811720
aeb1c5c6-d21c-436f-849f-8f0911c55aa3,STAR WARS: THE MANDALORIAN AND GROGU,cinepolis,,488b0e44-9328-4660-827f-bf3341602b6d,FANTASY,2h 12m,13+,3D,2026-05-17,378a681b-240c-4065-8c33-6e14d978f662,2026-05-17T14:28:43.978107
aeb1c5c6-d21c-436f-849f-8f0911c55aa3,STAR WARS: THE MANDALORIAN AND GROGU,cinepolis,,488b0e44-9328-4660-827f-bf3341602b6d,FANTASY,2h 12m,13+,2D,2026-05-17,5aff6b96-3c1a-47f8-bf29-224677fb1753,2026-05-17T14:28:43.978157
c077e252-4473-48bf-8daf-31b6fa586c09,TUMBAL PROYEK,cinepolis,,0b14c075-63cc-4a3b-b0a7-a3578ae1590b,HORROR,1h 46m,D17+,2D,2026-05-17,9e47be82-a4a6-4a0f-a052-ceb5616076a1,2026-05-17T14:28:49.096035
c077e252-4473-48bf-8daf-31b6fa586c09,SEMUA AKAN BAIK-BAIK SAJA,cinepolis,,cae94e25-4386-417b-8bdf-0dea2d0b0c71,DRAMA,1h 53m,13+,2D,2026-05-17,d4a730f6-ae38-4b37-afc3-f8408afcc7be,2026-05-17T14:28:49.097447
c077e252-4473-48bf-8daf-31b6fa586c09,GHOST IN THE CELL,cinepolis,,1859bb5f-f638-4a41-854c-a114f6f8a608,HORROR,1h 46m,D17+,2D,2026-05-17,4772facb-b5ad-4bb6-a3df-b945e7b695ad,2026-05-17T14:28:49.098250
c077e252-4473-48bf-8daf-31b6fa586c09,MORTAL KOMBAT II,cinepolis,,420e1f44-2534-4ed9-9d6f-84cf6406d5a8,ACTION,1h 56m,D17+,2D,2026-05-17,b8887ba7-4b49-4fd7-aa25-acac5dc70181,2026-05-17T14:28:49.099262
c077e252-4473-48bf-8daf-31b6fa586c09,YANG LAIN BOLEH HILANG ASAL KAU JANGAN,cinepolis,,ff59e4ab-92e1-4aa6-bfd8-ab6521930738,DRAMA,1h 53m,13+,2D,2026-05-17,a7a218f0-92bd-42cc-8bb6-1fbef4cc662e,2026-05-17T14:28:49.100417
c077e252-4473-48bf-8daf-31b6fa586c09,GOHAN,cinepolis,,15718ddd-e8db-449b-9313-73b98733d485,DRAMA,2h 20m,SU,2D,2026-05-17,0174381e-ee09-4d99-b887-a50f118f8bb7,2026-05-17T14:28:49.101237
c077e252-4473-48bf-8daf-31b6fa586c09,SALMOKJI: WHISPERING WATER,cinepolis,,a71f8c7d-5bdf-4b91-b207-9acbafa2417a,HORROR,1h 35m,D17+,2D,2026-05-17,7ca83d18-4656-44eb-883f-35d5e1d7f408,2026-05-17T14:28:49.102243
c077e252-4473-48bf-8daf-31b6fa586c09,"AYAH, INI ARAHNYA KEMANA, YA?",cinepolis,,47fccbc0-f843-4918-ad66-28fcef4aa048,DRAMA,1h 43m,13+,2D,2026-05-17,d03d685b-3f36-45aa-9c5f-d0f100b1f441,2026-05-17T14:28:50.480030
c077e252-4473-48bf-8daf-31b6fa586c09,THE KING`S WARDEN,cinepolis,,65881b59-8a2d-43fe-b61c-5d8b58e2b312,DRAMA,1h 57m,13+,2D,2026-05-17,3cfbc75b-f203-461d-a8b7-58db21b96926,2026-05-17T14:28:50.480965
c077e252-4473-48bf-8daf-31b6fa586c09,MOBILE SUIT GUNDAM HATHAWAY,cinepolis,,4cd9aa78-5a13-42aa-8e10-57aafd8d0696,ANIMATION,1h 36m,13+,2D,2026-05-17,bcf071c6-a88f-4ba8-9b59-93863bcb0399,2026-05-17T14:28:51.857966
161fe217-c272-44af-ad31-1fb4146162f5,TUMBAL PROYEK,cinepolis,,0b14c075-63cc-4a3b-b0a7-a3578ae1590b,HORROR,1h 46m,D17+,2D,2026-05-17,49f2129e-2c31-4891-9d34-fb177428d9f6,2026-05-17T14:28:54.616631
161fe217-c272-44af-ad31-1fb4146162f5,SEMUA AKAN BAIK-BAIK SAJA,cinepolis,,cae94e25-4386-417b-8bdf-0dea2d0b0c71,DRAMA,1h 53m,13+,2D,2026-05-17,42e90a9b-ba96-47a0-aa5c-dd12f9d9a415,2026-05-17T14:28:54.617299
161fe217-c272-44af-ad31-1fb4146162f5,GHOST IN THE CELL,cinepolis,,1859bb5f-f638-4a41-854c-a114f6f8a608,HORROR,1h 46m,D17+,2D,2026-05-17,143c50d4-219d-4e83-b342-5f6f21dc8704,2026-05-17T14:28:54.617851
161fe217-c272-44af-ad31-1fb4146162f5,MORTAL KOMBAT II,cinepolis,,420e1f44-2534-4ed9-9d6f-84cf6406d5a8,ACTION,1h 56m,D17+,2D,2026-05-17,5b3d4f91-d36f-4c44-a634-4a8950aced9b,2026-05-17T14:28:54.618386
161fe217-c272-44af-ad31-1fb4146162f5,YANG LAIN BOLEH HILANG ASAL KAU JANGAN,cinepolis,,ff59e4ab-92e1-4aa6-bfd8-ab6521930738,DRAMA,1h 53m,13+,2D,2026-05-17,e364f535-b35b-4027-9528-00b8eeba5f5e,2026-05-17T14:28:54.618950
161fe217-c272-44af-ad31-1fb4146162f5,"AYAH, INI ARAHNYA KEMANA, YA?",cinepolis,,47fccbc0-f843-4918-ad66-28fcef4aa048,DRAMA,1h 43m,13+,2D,2026-05-17,4c402c98-d0ee-4d57-91b6-def99381693f,2026-05-17T14:28:54.619506
161fe217-c272-44af-ad31-1fb4146162f5,THE SHEEP DETECTIVES,cinepolis,,71865891-a162-4fb5-bcc1-eda6d7edf3e9,COMEDY,1h 49m,SU,2D,2026-05-17,a4d342a3-1f59-4e7b-abaa-bf7439cb63b0,2026-05-17T14:28:54.620061
161fe217-c272-44af-ad31-1fb4146162f5,THE KING`S WARDEN,cinepolis,,65881b59-8a2d-43fe-b61c-5d8b58e2b312,DRAMA,1h 57m,13+,2D,2026-05-17,4717c5aa-adc7-4d34-9934-d861bb798ac4,2026-05-17T14:28:54.620619
161fe217-c272-44af-ad31-1fb4146162f5,THE DEVIL WEARS PRADA 2,cinepolis,,97d5d4ac-9e2f-476f-a0ee-729bdefb04b1,COMEDY,1h 59m,13+,2D,2026-05-17,58c0c042-2dab-4af1-855c-e337d96ce5ab,2026-05-17T14:28:54.861072
161fe217-c272-44af-ad31-1fb4146162f5,DILAN ITB 1997,cinepolis,,7afc861e-8f49-4790-9cc5-64ea19b1b0e5,ROMANCE,1h 50m,13+,2D,2026-05-17,f00cbf4f-b6bc-4d0c-b824-6b180df7029f,2026-05-17T14:28:54.862454
306b0311-b975-43b0-8009-688dac655468,CHILDREN OF HEAVEN,cinepolis,,0ae5ff7b-e255-45b6-a488-c0feb89dc653,DRAMA,1h 37m,SU,2D,2026-05-17,cca5e3f8-07b9-4981-8f80-7954df3437c1,2026-05-17T14:29:00.774041
306b0311-b975-43b0-8009-688dac655468,SEKAWAN LIMO 2: GUNUNG KLAWIH,cinepolis,,7a5e33ac-ba36-4c3f-bd38-0f7f00a79a1d,COMEDY,2h 2m,13+,2D,2026-05-17,f212eee6-8868-4107-b1d3-df3b78a3548d,2026-05-17T14:29:01.439739
ac890988-8267-489c-82f5-dd31c09180b4,CHILDREN OF HEAVEN,cinepolis,,0ae5ff7b-e255-45b6-a488-c0feb89dc653,DRAMA,1h 37m,SU,2D,2026-05-17,edf87886-a604-4400-aa67-fb14315ed158,2026-05-17T14:29:05.186937
68744702-b741-4d06-bd83-bb5394be0c44,TUMBAL PROYEK,cinepolis,,0b14c075-63cc-4a3b-b0a7-a3578ae1590b,HORROR,1h 46m,D17+,2D,2026-05-17,6a89313e-c12c-4697-8bda-c72c072d7c4d,2026-05-17T14:29:10.680642
68744702-b741-4d06-bd83-bb5394be0c44,SEMUA AKAN BAIK-BAIK SAJA,cinepolis,,cae94e25-4386-417b-8bdf-0dea2d0b0c71,DRAMA,1h 53m,13+,2D,2026-05-17,2a242cfa-c272-4bb4-bf7a-231c4d42bf79,2026-05-17T14:29:10.681664
68744702-b741-4d06-bd83-bb5394be0c44,GHOST IN THE CELL,cinepolis,,1859bb5f-f638-4a41-854c-a114f6f8a608,HORROR,1h 46m,D17+,2D,2026-05-17,f3807a09-ffb3-4c73-970c-7318c1797130,2026-05-17T14:29:10.682517
68744702-b741-4d06-bd83-bb5394be0c44,MORTAL KOMBAT II,cinepolis,,420e1f44-2534-4ed9-9d6f-84cf6406d5a8,ACTION,1h 56m,D17+,2D,2026-05-17,be2daec8-94b4-4e9d-a7cb-21c851d97504,2026-05-17T14:29:10.683855
68744702-b741-4d06-bd83-bb5394be0c44,YANG LAIN BOLEH HILANG ASAL KAU JANGAN,cinepolis,,ff59e4ab-92e1-4aa6-bfd8-ab6521930738,DRAMA,1h 53m,13+,2D,2026-05-17,aa18c529-6d27-4228-b86f-c6ddd420b9a6,2026-05-17T14:29:10.685530
68744702-b741-4d06-bd83-bb5394be0c44,SALMOKJI: WHISPERING WATER,cinepolis,,a71f8c7d-5bdf-4b91-b207-9acbafa2417a,HORROR,1h 35m,D17+,2D,2026-05-17,cc206cee-fa90-468e-bfed-42baf4c2fbbd,2026-05-17T14:29:10.686904
68744702-b741-4d06-bd83-bb5394be0c44,"AYAH, INI ARAHNYA KEMANA, YA?",cinepolis,,47fccbc0-f843-4918-ad66-28fcef4aa048,DRAMA,1h 43m,13+,2D,2026-05-17,6fcceeea-a1a6-4640-94ad-e729b33e7ae4,2026-05-17T14:29:10.688191
68744702-b741-4d06-bd83-bb5394be0c44,THE KING`S WARDEN,cinepolis,,65881b59-8a2d-43fe-b61c-5d8b58e2b312,DRAMA,1h 57m,13+,2D,2026-05-17,bc30507d-0aec-451a-ac88-0c225a2034b5,2026-05-17T14:29:10.689315
68744702-b741-4d06-bd83-bb5394be0c44,IN THE GREY,cinepolis,,a5977596-09a7-4c3d-bb27-a75ccdf598e5,ACTION,1h 37m,13+,2D,2026-05-17,a2b4ae5c-de91-4cde-aecd-d016d7ca6e32,2026-05-17T14:29:11.156163
68744702-b741-4d06-bd83-bb5394be0c44,DILAN ITB 1997,cinepolis,,7afc861e-8f49-4790-9cc5-64ea19b1b0e5,ROMANCE,1h 50m,13+,2D,2026-05-17,49b67917-9129-4bea-8d8f-ebfa1c9de763,2026-05-17T14:29:11.157707
68744702-b741-4d06-bd83-bb5394be0c44,MOBILE SUIT GUNDAM HATHAWAY,cinepolis,,4cd9aa78-5a13-42aa-8e10-57aafd8d0696,ANIMATION,1h 36m,13+,2D,2026-05-17,8b8c4dae-5f49-40a8-b6aa-c1800ea12bc4,2026-05-17T14:29:11.158812
68744702-b741-4d06-bd83-bb5394be0c44,TOP GUN: MAVERICK,cinepolis,,ea7d0ea8-7286-4bce-8dbf-00ecf7427589,ACTION,2h 10m,SU,2D,2026-05-17,d9a5bc9d-b7cf-4580-8910-6e3c83abb6ea,2026-05-17T14:29:12.276453
68744702-b741-4d06-bd83-bb5394be0c44,TOP GUN,cinepolis,,cb164cab-9b35-4189-ad82-a6652ec9f339,ACTION,1h 49m,D17+,2D,2026-05-17,5e3f70d1-26ed-4141-b0d9-a4a84d228314,2026-05-17T14:29:13.758656
68744702-b741-4d06-bd83-bb5394be0c44,BILLIE EILISH: HIT ME HARD AND SOFT - THE TOUR LIV,cinepolis,,a9daa21d-e1cf-4bcd-bf2a-299a1edbbcb4,DOCUMENTARY,1h 54m,13+,3D,2026-05-17,475f9954-da3b-4486-96a4-5dbb4c1f3a75,2026-05-17T14:29:15.277024
68744702-b741-4d06-bd83-bb5394be0c44,THAT TIME I GOT REINCARNATED AS A SLIME THE MOVIE:,cinepolis,,9ad451d7-f14f-4d5b-8936-e83a7d526908,ANIMATION,1h 45m,13+,2D,2026-05-17,59a866a0-18cb-4f8c-b069-1d186ecb8928,2026-05-17T14:29:16.759217
68744702-b741-4d06-bd83-bb5394be0c44,PARA PERASUK,cinepolis,,d957d0c3-faa9-496d-b5b1-6ea2abef43c1,DRAMA,1h 59m,13+,2D,2026-05-17,4b8a06aa-91de-4468-9c99-ee661c71cf92,2026-05-17T14:29:18.368362
3597b4bc-f413-4b28-88f4-068344b62263,TUMBAL PROYEK,cinepolis,,0b14c075-63cc-4a3b-b0a7-a3578ae1590b,HORROR,1h 46m,D17+,2D,2026-05-17,6a6d4ef3-b570-406f-8676-e75d0a3aab68,2026-05-17T14:29:16.170865
3597b4bc-f413-4b28-88f4-068344b62263,SEMUA AKAN BAIK-BAIK SAJA,cinepolis,,cae94e25-4386-417b-8bdf-0dea2d0b0c71,DRAMA,1h 53m,13+,2D,2026-05-17,35706a00-0e84-4f6c-9c57-772776f3c893,2026-05-17T14:29:16.171852
3597b4bc-f413-4b28-88f4-068344b62263,GHOST IN THE CELL,cinepolis,,1859bb5f-f638-4a41-854c-a114f6f8a608,HORROR,1h 46m,D17+,2D,2026-05-17,e6be2811-448d-4edb-8af1-7366a4467642,2026-05-17T14:29:16.172750
3597b4bc-f413-4b28-88f4-068344b62263,MORTAL KOMBAT II,cinepolis,,420e1f44-2534-4ed9-9d6f-84cf6406d5a8,ACTION,1h 56m,D17+,2D,2026-05-17,10c9121b-97aa-4563-b314-f1f2e09ac4a8,2026-05-17T14:29:16.174761
3597b4bc-f413-4b28-88f4-068344b62263,GOHAN,cinepolis,,15718ddd-e8db-449b-9313-73b98733d485,DRAMA,2h 20m,SU,2D,2026-05-17,b9576532-f7a7-4e30-8739-d060bd91ad4e,2026-05-17T14:29:16.176014
3597b4bc-f413-4b28-88f4-068344b62263,THE DEVIL WEARS PRADA 2,cinepolis,,97d5d4ac-9e2f-476f-a0ee-729bdefb04b1,COMEDY,1h 59m,13+,2D,2026-05-17,482a8283-9339-4994-bf4d-94129ed7ba6a,2026-05-17T14:29:16.176768
f7cc5cf5-8638-45b4-8da2-d7516d604e8a,TUMBAL PROYEK,cinepolis,,0b14c075-63cc-4a3b-b0a7-a3578ae1590b,HORROR,1h 46m,D17+,2D,2026-05-17,5c89e520-b482-4d0e-bdbf-1cf76993c379,2026-05-17T14:29:21.518150
f7cc5cf5-8638-45b4-8da2-d7516d604e8a,SEMUA AKAN BAIK-BAIK SAJA,cinepolis,,cae94e25-4386-417b-8bdf-0dea2d0b0c71,DRAMA,1h 53m,13+,2D,2026-05-17,abc59faf-b811-4a7d-b766-a930c333506f,2026-05-17T14:29:21.519307
f7cc5cf5-8638-45b4-8da2-d7516d604e8a,GHOST IN THE CELL,cinepolis,,1859bb5f-f638-4a41-854c-a114f6f8a608,HORROR,1h 46m,D17+,2D,2026-05-17,3b91c5f9-1cc7-4686-b0dc-4aaee8605230,2026-05-17T14:29:21.520815
f7cc5cf5-8638-45b4-8da2-d7516d604e8a,YANG LAIN BOLEH HILANG ASAL KAU JANGAN,cinepolis,,ff59e4ab-92e1-4aa6-bfd8-ab6521930738,DRAMA,1h 53m,13+,2D,2026-05-17,35f8cb2b-d9c3-4bec-9faa-c321cbc4bf79,2026-05-17T14:29:21.521805
f7cc5cf5-8638-45b4-8da2-d7516d604e8a,"AYAH, INI ARAHNYA KEMANA, YA?",cinepolis,,47fccbc0-f843-4918-ad66-28fcef4aa048,DRAMA,1h 43m,13+,2D,2026-05-17,acda7fe5-12b9-42e6-86b7-f54ab29607b5,2026-05-17T14:29:21.524119
093cf032-62cd-4fcf-b142-ce3ada934cee,GHOST IN THE CELL,cinepolis,,1859bb5f-f638-4a41-854c-a114f6f8a608,HORROR,1h 46m,D17+,2D,2026-05-17,4de5a8cb-6f46-49a2-8951-73dc2470140d,2026-05-17T14:29:29.933312
5aea1834-0d89-407b-9f90-53a655bbf2eb,TUMBAL PROYEK,cinepolis,,0b14c075-63cc-4a3b-b0a7-a3578ae1590b,HORROR,1h 46m,D17+,2D,2026-05-17,6ad2da93-0f12-4570-ab01-3e83f7042844,2026-05-17T14:29:35.828833
5aea1834-0d89-407b-9f90-53a655bbf2eb,SEMUA AKAN BAIK-BAIK SAJA,cinepolis,,cae94e25-4386-417b-8bdf-0dea2d0b0c71,DRAMA,1h 53m,13+,2D,2026-05-17,53a2c6a1-b034-48d8-8dbc-7857b76c0113,2026-05-17T14:29:35.830991
5aea1834-0d89-407b-9f90-53a655bbf2eb,GHOST IN THE CELL,cinepolis,,1859bb5f-f638-4a41-854c-a114f6f8a608,HORROR,1h 46m,D17+,2D,2026-05-17,6810c2e3-6109-42af-9e45-6d4e49e82229,2026-05-17T14:29:35.840553
5aea1834-0d89-407b-9f90-53a655bbf2eb,MORTAL KOMBAT II,cinepolis,,420e1f44-2534-4ed9-9d6f-84cf6406d5a8,ACTION,1h 56m,D17+,2D,2026-05-17,78325537-f4db-4213-9acf-2f5d44ce1d7e,2026-05-17T14:29:35.843307
5aea1834-0d89-407b-9f90-53a655bbf2eb,YANG LAIN BOLEH HILANG ASAL KAU JANGAN,cinepolis,,ff59e4ab-92e1-4aa6-bfd8-ab6521930738,DRAMA,1h 53m,13+,2D,2026-05-17,47e62472-3439-4983-b99d-b7b576912f37,2026-05-17T14:29:35.844386
5aea1834-0d89-407b-9f90-53a655bbf2eb,GOHAN,cinepolis,,15718ddd-e8db-449b-9313-73b98733d485,DRAMA,2h 20m,SU,2D,2026-05-17,7879921d-8060-4695-bfdc-7d218e6ea78d,2026-05-17T14:29:35.845797
5aea1834-0d89-407b-9f90-53a655bbf2eb,SALMOKJI: WHISPERING WATER,cinepolis,,a71f8c7d-5bdf-4b91-b207-9acbafa2417a,HORROR,1h 35m,D17+,2D,2026-05-17,78509ff6-834f-45bd-b01e-bf85dc1d8fc7,2026-05-17T14:29:35.856438
5aea1834-0d89-407b-9f90-53a655bbf2eb,"AYAH, INI ARAHNYA KEMANA, YA?",cinepolis,,47fccbc0-f843-4918-ad66-28fcef4aa048,DRAMA,1h 43m,13+,2D,2026-05-17,5b36051e-aac3-4b32-b8b2-2d4437c72327,2026-05-17T14:29:35.876279
5aea1834-0d89-407b-9f90-53a655bbf2eb,THE DEVIL WEARS PRADA 2,cinepolis,,97d5d4ac-9e2f-476f-a0ee-729bdefb04b1,COMEDY,1h 59m,13+,2D,2026-05-17,9ab5b7d1-027c-4a7b-8355-f09799177b78,2026-05-17T14:29:35.877068
b9514b3b-45ae-4a61-9d76-50f9895a426f,TUMBAL PROYEK,cinepolis,,0b14c075-63cc-4a3b-b0a7-a3578ae1590b,HORROR,1h 46m,D17+,2D,2026-05-17,c1e31942-dd1d-4976-b624-fe4b941713be,2026-05-17T14:29:41.631304
b9514b3b-45ae-4a61-9d76-50f9895a426f,SEMUA AKAN BAIK-BAIK SAJA,cinepolis,,cae94e25-4386-417b-8bdf-0dea2d0b0c71,DRAMA,1h 53m,13+,2D,2026-05-17,ae1d7638-1051-480e-8c97-93afa9ada325,2026-05-17T14:29:41.633143
b9514b3b-45ae-4a61-9d76-50f9895a426f,GHOST IN THE CELL,cinepolis,,1859bb5f-f638-4a41-854c-a114f6f8a608,HORROR,1h 46m,D17+,2D,2026-05-17,61b24d66-1869-4316-9aed-8f81dc95ad57,2026-05-17T14:29:41.634101
b9514b3b-45ae-4a61-9d76-50f9895a426f,MORTAL KOMBAT II,cinepolis,,420e1f44-2534-4ed9-9d6f-84cf6406d5a8,ACTION,1h 56m,D17+,2D,2026-05-17,61b6609b-802c-4f46-a655-5bd0a17c063a,2026-05-17T14:29:41.634799
b9514b3b-45ae-4a61-9d76-50f9895a426f,YANG LAIN BOLEH HILANG ASAL KAU JANGAN,cinepolis,,ff59e4ab-92e1-4aa6-bfd8-ab6521930738,DRAMA,1h 53m,13+,2D,2026-05-17,736f09f3-66c5-45e8-8429-d1b3354ea361,2026-05-17T14:29:41.636099
b9514b3b-45ae-4a61-9d76-50f9895a426f,GOHAN,cinepolis,,15718ddd-e8db-449b-9313-73b98733d485,DRAMA,2h 20m,SU,2D,2026-05-17,857571aa-fde9-4b1b-8f42-bac333ad04d9,2026-05-17T14:29:41.636727
d18bbf67-3625-4708-8b79-0f1f86c0a07f,GHOST IN THE CELL,cinepolis,,1859bb5f-f638-4a41-854c-a114f6f8a608,HORROR,1h 46m,D17+,2D,2026-05-17,c4d09619-4c0e-465f-b3d9-bca2353b9048,2026-05-17T14:29:47.596950
02884a2e-72db-4f3a-adbf-80b9617e6174,TUMBAL PROYEK,cinepolis,,0b14c075-63cc-4a3b-b0a7-a3578ae1590b,HORROR,1h 46m,D17+,2D,2026-05-17,070adff1-b660-48d4-8345-5b99101f066b,2026-05-17T14:29:52.954483
02884a2e-72db-4f3a-adbf-80b9617e6174,SEMUA AKAN BAIK-BAIK SAJA,cinepolis,,cae94e25-4386-417b-8bdf-0dea2d0b0c71,DRAMA,1h 53m,13+,2D,2026-05-17,f86b9f73-d23f-45af-b102-3f1edebeac31,2026-05-17T14:29:52.955157
02884a2e-72db-4f3a-adbf-80b9617e6174,GHOST IN THE CELL,cinepolis,,1859bb5f-f638-4a41-854c-a114f6f8a608,HORROR,1h 46m,D17+,2D,2026-05-17,936f575d-ff3f-4076-bd3d-372dee727f21,2026-05-17T14:29:52.956222
02884a2e-72db-4f3a-adbf-80b9617e6174,YANG LAIN BOLEH HILANG ASAL KAU JANGAN,cinepolis,,ff59e4ab-92e1-4aa6-bfd8-ab6521930738,DRAMA,1h 53m,13+,2D,2026-05-17,9962628a-838f-47c8-ae91-73c0c77792b2,2026-05-17T14:29:52.957432
02884a2e-72db-4f3a-adbf-80b9617e6174,GOHAN,cinepolis,,15718ddd-e8db-449b-9313-73b98733d485,DRAMA,2h 20m,SU,2D,2026-05-17,b616e378-12d0-4413-9fb9-9fe9c594bfa4,2026-05-17T14:29:52.958342
02884a2e-72db-4f3a-adbf-80b9617e6174,"AYAH, INI ARAHNYA KEMANA, YA?",cinepolis,,47fccbc0-f843-4918-ad66-28fcef4aa048,DRAMA,1h 43m,13+,2D,2026-05-17,10782da3-87e6-4df8-a142-e96504b4545c,2026-05-17T14:29:52.959715
02884a2e-72db-4f3a-adbf-80b9617e6174,THE KING`S WARDEN,cinepolis,,65881b59-8a2d-43fe-b61c-5d8b58e2b312,DRAMA,1h 57m,13+,2D,2026-05-17,4d45d428-5d29-49a7-b569-9a2a0683bb16,2026-05-17T14:29:52.960333
4a71fbca-464e-4ea0-8d5a-291b9a2e034f,TUMBAL PROYEK,cinepolis,,0b14c075-63cc-4a3b-b0a7-a3578ae1590b,HORROR,1h 46m,D17+,2D,2026-05-17,b593f645-8b45-44f5-b1cc-4edf37a49ac3,2026-05-17T14:29:58.430092
4a71fbca-464e-4ea0-8d5a-291b9a2e034f,SEMUA AKAN BAIK-BAIK SAJA,cinepolis,,cae94e25-4386-417b-8bdf-0dea2d0b0c71,DRAMA,1h 53m,13+,2D,2026-05-17,b1648ce6-7ef5-4874-b5b7-bb8006a0128e,2026-05-17T14:29:58.430955
4a71fbca-464e-4ea0-8d5a-291b9a2e034f,GHOST IN THE CELL,cinepolis,,1859bb5f-f638-4a41-854c-a114f6f8a608,HORROR,1h 46m,D17+,2D,2026-05-17,e922572f-c915-42ca-b965-2b16830226cb,2026-05-17T14:29:58.431812
4a71fbca-464e-4ea0-8d5a-291b9a2e034f,MORTAL KOMBAT II,cinepolis,,420e1f44-2534-4ed9-9d6f-84cf6406d5a8,ACTION,1h 56m,D17+,2D,2026-05-17,2c2f63f6-ade4-4f4c-bb8b-d8a0e9ee06e8,2026-05-17T14:29:58.432622
4a71fbca-464e-4ea0-8d5a-291b9a2e034f,YANG LAIN BOLEH HILANG ASAL KAU JANGAN,cinepolis,,ff59e4ab-92e1-4aa6-bfd8-ab6521930738,DRAMA,1h 53m,13+,2D,2026-05-17,70bff24f-a1b3-4f40-999e-7082b9310598,2026-05-17T14:29:58.433398
4a71fbca-464e-4ea0-8d5a-291b9a2e034f,SALMOKJI: WHISPERING WATER,cinepolis,,a71f8c7d-5bdf-4b91-b207-9acbafa2417a,HORROR,1h 35m,D17+,2D,2026-05-17,43b56769-1105-4112-a826-7f5842e09367,2026-05-17T14:29:58.434178
4a71fbca-464e-4ea0-8d5a-291b9a2e034f,"AYAH, INI ARAHNYA KEMANA, YA?",cinepolis,,47fccbc0-f843-4918-ad66-28fcef4aa048,DRAMA,1h 43m,13+,2D,2026-05-17,9d7d5993-d960-44aa-8b80-500755afb7d3,2026-05-17T14:29:58.435280
4a71fbca-464e-4ea0-8d5a-291b9a2e034f,THE SHEEP DETECTIVES,cinepolis,,71865891-a162-4fb5-bcc1-eda6d7edf3e9,COMEDY,1h 49m,SU,2D,2026-05-17,6884303d-dbb5-4d77-85b3-20fadb61bbf6,2026-05-17T14:29:58.436310
4a71fbca-464e-4ea0-8d5a-291b9a2e034f,THE KING`S WARDEN,cinepolis,,65881b59-8a2d-43fe-b61c-5d8b58e2b312,DRAMA,1h 57m,13+,2D,2026-05-17,0fb1c0fd-5197-4d03-943f-b7a3fed8ee0d,2026-05-17T14:29:58.437161
4a71fbca-464e-4ea0-8d5a-291b9a2e034f,THE DEVIL WEARS PRADA 2,cinepolis,,97d5d4ac-9e2f-476f-a0ee-729bdefb04b1,COMEDY,1h 59m,13+,2D,2026-05-17,c934dd0b-ce8d-4e85-9be0-bfdc25223b70,2026-05-17T14:29:58.438131
5ec5461c-8d96-408a-859e-709f7be47a11,TUMBAL PROYEK,cinepolis,,0b14c075-63cc-4a3b-b0a7-a3578ae1590b,HORROR,1h 46m,D17+,2D,2026-05-17,cae5133b-731d-4d7f-bf16-14a7b613b96e,2026-05-17T14:30:03.717542
5ec5461c-8d96-408a-859e-709f7be47a11,GHOST IN THE CELL,cinepolis,,1859bb5f-f638-4a41-854c-a114f6f8a608,HORROR,1h 46m,D17+,2D,2026-05-17,92b8c86f-fa76-4908-abdd-00f5c9e0176b,2026-05-17T14:30:03.718586
6552113f-5d64-45d5-b34f-30ed68eb9218,STAR WARS: THE MANDALORIAN AND GROGU,cinepolis,,488b0e44-9328-4660-827f-bf3341602b6d,FANTASY,2h 12m,13+,2D,2026-05-17,5c24e1c4-0959-45cc-a760-eb705def3cb9,2026-05-17T14:30:09.173760
6552113f-5d64-45d5-b34f-30ed68eb9218,STAR WARS: THE MANDALORIAN AND GROGU,cinepolis,,488b0e44-9328-4660-827f-bf3341602b6d,FANTASY,2h 12m,13+,3D,2026-05-17,50eb91e4-fe08-410b-b9b1-87ba9a90dcd8,2026-05-17T14:30:09.173870
84912492-dc72-40f1-b5d4-30b7bd92ba51,YANG LAIN BOLEH HILANG ASAL KAU JANGAN,cinepolis,,ff59e4ab-92e1-4aa6-bfd8-ab6521930738,DRAMA,1h 53m,13+,2D,2026-05-17,e4a98a6c-d07d-4a10-9b4d-09badb7c6b29,2026-05-17T14:30:14.601189
2ef2c730-cd91-4d04-9e03-2bccfa14b99e,SONGKO,cinepolis,,d272858d-976a-429a-8c51-24a753717b47,HORROR,1h 48m,13+,2D,2026-05-17,eabf923f-a3d5-4c14-916e-a19968e54308,2026-05-17T14:30:20.606565
a38f756a-f3b4-4a09-9313-05302c3a03d4,TUMBAL PROYEK,cinepolis,,0b14c075-63cc-4a3b-b0a7-a3578ae1590b,HORROR,1h 46m,D17+,2D,2026-05-17,63c1e6a6-a22a-4c0e-8263-6ee2a9aafe24,2026-05-17T14:30:25.463494
a38f756a-f3b4-4a09-9313-05302c3a03d4,MORTAL KOMBAT II,cinepolis,,420e1f44-2534-4ed9-9d6f-84cf6406d5a8,ACTION,1h 56m,D17+,2D,2026-05-17,d803146a-30d3-4993-b278-a2af8de2943b,2026-05-17T14:30:25.465584
4a999719-608e-4258-9607-4f273aceb35d,TUMBAL PROYEK,cinepolis,,0b14c075-63cc-4a3b-b0a7-a3578ae1590b,HORROR,1h 46m,D17+,2D,2026-05-17,cdd4753a-c81f-43d5-a60a-e5e3fa7760b8,2026-05-17T14:30:31.339418
4a999719-608e-4258-9607-4f273aceb35d,SEMUA AKAN BAIK-BAIK SAJA,cinepolis,,cae94e25-4386-417b-8bdf-0dea2d0b0c71,DRAMA,1h 53m,13+,2D,2026-05-17,de32965b-1563-40eb-ab02-699291c8579f,2026-05-17T14:30:31.341504
4a999719-608e-4258-9607-4f273aceb35d,GHOST IN THE CELL,cinepolis,,1859bb5f-f638-4a41-854c-a114f6f8a608,HORROR,1h 46m,D17+,2D,2026-05-17,74841964-1592-4e82-8f08-7410aef04971,2026-05-17T14:30:31.342238
4a999719-608e-4258-9607-4f273aceb35d,MORTAL KOMBAT II,cinepolis,,420e1f44-2534-4ed9-9d6f-84cf6406d5a8,ACTION,1h 56m,D17+,2D,2026-05-17,8e04bd17-2876-4fe3-84ce-322f75d1cbe0,2026-05-17T14:30:31.342837
4a999719-608e-4258-9607-4f273aceb35d,YANG LAIN BOLEH HILANG ASAL KAU JANGAN,cinepolis,,ff59e4ab-92e1-4aa6-bfd8-ab6521930738,DRAMA,1h 53m,13+,2D,2026-05-17,3674d353-769d-43cb-b191-36ea21753aaf,2026-05-17T14:30:31.344059
4a999719-608e-4258-9607-4f273aceb35d,GOHAN,cinepolis,,15718ddd-e8db-449b-9313-73b98733d485,DRAMA,2h 20m,SU,2D,2026-05-17,ba1fd487-682a-4e3f-bb05-a3d4d4954ee0,2026-05-17T14:30:31.344670
4a999719-608e-4258-9607-4f273aceb35d,THE KING`S WARDEN,cinepolis,,65881b59-8a2d-43fe-b61c-5d8b58e2b312,DRAMA,1h 57m,13+,2D,2026-05-17,cb47364c-7e45-47ec-870d-4c304f191f82,2026-05-17T14:30:31.345484
4a999719-608e-4258-9607-4f273aceb35d,TIBA TIBA SETAN,cinepolis,,1d967795-fc67-4246-984c-e494ece3054c,COMEDY,1h 53m,13+,2D,2026-05-17,c42edc1c-d63b-445d-84c9-14c0b3f375f3,2026-05-17T14:30:33.126108
4a999719-608e-4258-9607-4f273aceb35d,DILAN ITB 1997,cinepolis,,7afc861e-8f49-4790-9cc5-64ea19b1b0e5,ROMANCE,1h 50m,13+,2D,2026-05-17,eef7d77e-1b69-4883-80a8-f90d65f8504f,2026-05-17T14:30:33.128605
be085797-67ae-4a89-881d-c97e9b0fc175,TUMBAL PROYEK,cinepolis,,0b14c075-63cc-4a3b-b0a7-a3578ae1590b,HORROR,1h 46m,D17+,2D,2026-05-17,f2d882c4-dabe-4f14-8236-fd1115ac1aa2,2026-05-17T14:30:36.716391
be085797-67ae-4a89-881d-c97e9b0fc175,SEMUA AKAN BAIK-BAIK SAJA,cinepolis,,cae94e25-4386-417b-8bdf-0dea2d0b0c71,DRAMA,1h 53m,13+,2D,2026-05-17,49d86e2b-039e-4090-9234-2cdc97db61e9,2026-05-17T14:30:36.717201
be085797-67ae-4a89-881d-c97e9b0fc175,GHOST IN THE CELL,cinepolis,,1859bb5f-f638-4a41-854c-a114f6f8a608,HORROR,1h 46m,D17+,2D,2026-05-17,77542113-b70f-43e2-a4a7-09b5e4ef2a12,2026-05-17T14:30:36.718149
be085797-67ae-4a89-881d-c97e9b0fc175,MORTAL KOMBAT II,cinepolis,,420e1f44-2534-4ed9-9d6f-84cf6406d5a8,ACTION,1h 56m,D17+,2D,2026-05-17,a9e7e77f-bfa0-4c41-88c6-4f3278186f1c,2026-05-17T14:30:36.719044
be085797-67ae-4a89-881d-c97e9b0fc175,YANG LAIN BOLEH HILANG ASAL KAU JANGAN,cinepolis,,ff59e4ab-92e1-4aa6-bfd8-ab6521930738,DRAMA,1h 53m,13+,2D,2026-05-17,3bc22db3-6a5c-42e8-b849-ff6d4769b956,2026-05-17T14:30:36.720013
be085797-67ae-4a89-881d-c97e9b0fc175,SALMOKJI: WHISPERING WATER,cinepolis,,a71f8c7d-5bdf-4b91-b207-9acbafa2417a,HORROR,1h 35m,D17+,2D,2026-05-17,a63d1495-4ff9-4dee-9f9d-3e7daa7da193,2026-05-17T14:30:36.720694
be085797-67ae-4a89-881d-c97e9b0fc175,THE SHEEP DETECTIVES,cinepolis,,71865891-a162-4fb5-bcc1-eda6d7edf3e9,COMEDY,1h 49m,SU,2D,2026-05-17,14cab7d2-3b00-438a-9cff-488ceadd8d81,2026-05-17T14:30:36.721362
be085797-67ae-4a89-881d-c97e9b0fc175,THE KING`S WARDEN,cinepolis,,65881b59-8a2d-43fe-b61c-5d8b58e2b312,DRAMA,1h 57m,13+,2D,2026-05-17,977e05ca-8d8a-44a3-b151-97d4be3ec952,2026-05-17T14:30:36.722054
be085797-67ae-4a89-881d-c97e9b0fc175,IN THE GREY,cinepolis,,a5977596-09a7-4c3d-bb27-a75ccdf598e5,ACTION,1h 37m,13+,2D,2026-05-17,ecc74132-3c1e-4d08-b6ae-553533fa7ead,2026-05-17T14:30:36.722976
be085797-67ae-4a89-881d-c97e9b0fc175,THE DEVIL WEARS PRADA 2,cinepolis,,97d5d4ac-9e2f-476f-a0ee-729bdefb04b1,COMEDY,1h 59m,13+,2D,2026-05-17,9e8420f2-682f-4952-b536-2e1daca38d75,2026-05-17T14:30:36.723653
c4d95e69-c116-4d4b-adaa-bb4ae2a2be59,TUMBAL PROYEK,cinepolis,,0b14c075-63cc-4a3b-b0a7-a3578ae1590b,HORROR,1h 46m,D17+,2D,2026-05-17,a88dd3c5-bda4-4466-9b97-06bbbb5fee32,2026-05-17T14:30:42.189781
c4d95e69-c116-4d4b-adaa-bb4ae2a2be59,TUMBAL PROYEK,cinepolis,,0b14c075-63cc-4a3b-b0a7-a3578ae1590b,HORROR,1h 46m,D17+,3D,2026-05-17,9af0b5e0-d88a-4b69-a4db-6fe1d31af041,2026-05-17T14:30:42.189849
c4d95e69-c116-4d4b-adaa-bb4ae2a2be59,SEMUA AKAN BAIK-BAIK SAJA,cinepolis,,cae94e25-4386-417b-8bdf-0dea2d0b0c71,DRAMA,1h 53m,13+,2D,2026-05-17,c900fd01-e6aa-49d2-9eff-1ae4db7f9815,2026-05-17T14:30:42.190533
c4d95e69-c116-4d4b-adaa-bb4ae2a2be59,GHOST IN THE CELL,cinepolis,,1859bb5f-f638-4a41-854c-a114f6f8a608,HORROR,1h 46m,D17+,2D,2026-05-17,7dd06233-ea39-409a-8548-73c14cca379e,2026-05-17T14:30:42.191429
c4d95e69-c116-4d4b-adaa-bb4ae2a2be59,MORTAL KOMBAT II,cinepolis,,420e1f44-2534-4ed9-9d6f-84cf6406d5a8,ACTION,1h 56m,D17+,2D,2026-05-17,659f22cc-9e9d-4892-b6e3-740cab643ac4,2026-05-17T14:30:42.193077
c4d95e69-c116-4d4b-adaa-bb4ae2a2be59,YANG LAIN BOLEH HILANG ASAL KAU JANGAN,cinepolis,,ff59e4ab-92e1-4aa6-bfd8-ab6521930738,DRAMA,1h 53m,13+,2D,2026-05-17,cf24d3f3-df4d-49d3-9250-a6ca41459e8b,2026-05-17T14:30:42.194753
c4d95e69-c116-4d4b-adaa-bb4ae2a2be59,GOHAN,cinepolis,,15718ddd-e8db-449b-9313-73b98733d485,DRAMA,2h 20m,SU,2D,2026-05-17,ca47845d-1a4c-41eb-bef5-9a8718308efd,2026-05-17T14:30:42.196707
c4d95e69-c116-4d4b-adaa-bb4ae2a2be59,SALMOKJI: WHISPERING WATER,cinepolis,,a71f8c7d-5bdf-4b91-b207-9acbafa2417a,HORROR,1h 35m,D17+,2D,2026-05-17,d4cc036d-17aa-419a-9cb6-d7576c2c2551,2026-05-17T14:30:42.197771
c4d95e69-c116-4d4b-adaa-bb4ae2a2be59,THE SHEEP DETECTIVES,cinepolis,,71865891-a162-4fb5-bcc1-eda6d7edf3e9,COMEDY,1h 49m,SU,2D,2026-05-17,6c784133-f58e-4f30-8008-6d27ffdfd507,2026-05-17T14:30:42.198387
c4d95e69-c116-4d4b-adaa-bb4ae2a2be59,IN THE GREY,cinepolis,,a5977596-09a7-4c3d-bb27-a75ccdf598e5,ACTION,1h 37m,13+,2D,2026-05-17,67e095e2-787f-45db-a95c-67b8c6cea4ae,2026-05-17T14:30:42.199113
c60c09eb-b7ae-42f5-9ba9-a4df51bbe319,TUMBAL PROYEK,cinepolis,,0b14c075-63cc-4a3b-b0a7-a3578ae1590b,HORROR,1h 46m,D17+,2D,2026-05-17,a29d8d53-6afc-4497-a669-d4b1e8b44f27,2026-05-17T14:30:47.473000
c60c09eb-b7ae-42f5-9ba9-a4df51bbe319,GHOST IN THE CELL,cinepolis,,1859bb5f-f638-4a41-854c-a114f6f8a608,HORROR,1h 46m,D17+,2D,2026-05-17,532f920e-6e40-4756-9dcc-724fcef6ae87,2026-05-17T14:30:47.474075
c3e83b9a-a888-4a74-afed-976a5ec58081,TUMBAL PROYEK,cinepolis,,0b14c075-63cc-4a3b-b0a7-a3578ae1590b,HORROR,1h 46m,D17+,2D,2026-05-17,3f8bda1d-d340-4514-bf14-07054a3c87a6,2026-05-17T14:30:52.904770
e18ffaf0-d641-4c0f-bbbd-429ca0378d79,TUMBAL PROYEK,cinepolis,,0b14c075-63cc-4a3b-b0a7-a3578ae1590b,HORROR,1h 46m,D17+,2D,2026-05-17,e50313ce-f02d-4547-af67-a8142c13e16b,2026-05-17T14:30:58.470110
e18ffaf0-d641-4c0f-bbbd-429ca0378d79,SEMUA AKAN BAIK-BAIK SAJA,cinepolis,,cae94e25-4386-417b-8bdf-0dea2d0b0c71,DRAMA,1h 53m,13+,2D,2026-05-17,4c4fb3d1-572a-4700-bc99-d557843ffa15,2026-05-17T14:30:58.471437
e18ffaf0-d641-4c0f-bbbd-429ca0378d79,YANG LAIN BOLEH HILANG ASAL KAU JANGAN,cinepolis,,ff59e4ab-92e1-4aa6-bfd8-ab6521930738,DRAMA,1h 53m,13+,2D,2026-05-17,7d5dc091-7f32-4ee3-bc96-6276c231313d,2026-05-17T14:30:58.472241
e18ffaf0-d641-4c0f-bbbd-429ca0378d79,TIBA TIBA SETAN,cinepolis,,1d967795-fc67-4246-984c-e494ece3054c,COMEDY,1h 53m,13+,2D,2026-05-17,59c16a02-9d1e-4444-9b1e-d3add0e83895,2026-05-17T14:30:58.473429
c03400d5-7957-4933-9b41-22748a6b2bc5,TUMBAL PROYEK,cinepolis,,0b14c075-63cc-4a3b-b0a7-a3578ae1590b,HORROR,1h 46m,D17+,2D,2026-05-17,a5e20e0f-8a0b-4f00-969e-e6f176f2864d,2026-05-17T14:31:03.906527
c03400d5-7957-4933-9b41-22748a6b2bc5,SEMUA AKAN BAIK-BAIK SAJA,cinepolis,,cae94e25-4386-417b-8bdf-0dea2d0b0c71,DRAMA,1h 53m,13+,2D,2026-05-17,2ffa8d1d-29ff-41fb-8908-610ec69fb3d6,2026-05-17T14:31:03.907435
c03400d5-7957-4933-9b41-22748a6b2bc5,GHOST IN THE CELL,cinepolis,,1859bb5f-f638-4a41-854c-a114f6f8a608,HORROR,1h 46m,D17+,2D,2026-05-17,d832b2ac-8cd8-4dbe-984e-81cba59e47fe,2026-05-17T14:31:03.908080
c03400d5-7957-4933-9b41-22748a6b2bc5,MORTAL KOMBAT II,cinepolis,,420e1f44-2534-4ed9-9d6f-84cf6406d5a8,ACTION,1h 56m,D17+,2D,2026-05-17,bf3bd3b9-5809-49d1-a515-97e4a637706d,2026-05-17T14:31:03.908650
c03400d5-7957-4933-9b41-22748a6b2bc5,YANG LAIN BOLEH HILANG ASAL KAU JANGAN,cinepolis,,ff59e4ab-92e1-4aa6-bfd8-ab6521930738,DRAMA,1h 53m,13+,2D,2026-05-17,3990d1f9-2e87-4822-ac0f-e3e8d78cf497,2026-05-17T14:31:03.909229
c03400d5-7957-4933-9b41-22748a6b2bc5,THE KING`S WARDEN,cinepolis,,65881b59-8a2d-43fe-b61c-5d8b58e2b312,DRAMA,1h 57m,13+,2D,2026-05-17,e177fd84-94c6-4c09-9775-1fa53217c484,2026-05-17T14:31:03.909799
c03400d5-7957-4933-9b41-22748a6b2bc5,DILAN ITB 1997,cinepolis,,7afc861e-8f49-4790-9cc5-64ea19b1b0e5,ROMANCE,1h 50m,13+,2D,2026-05-17,c2f6bef9-c71d-4ebf-af5a-cda8187546ec,2026-05-17T14:31:03.910427
08bee0f7-3be4-4d49-9aec-3a3f727875c2,GHOST IN THE CELL,cinepolis,,1859bb5f-f638-4a41-854c-a114f6f8a608,HORROR,1h 46m,D17+,2D,2026-05-17,bba7d578-47b0-4045-b612-d314581f96f2,2026-05-17T14:31:09.151920
73dfe242-b693-4b7c-b554-003da4c4496e,TUMBAL PROYEK,cinepolis,,0b14c075-63cc-4a3b-b0a7-a3578ae1590b,HORROR,1h 46m,D17+,2D,2026-05-17,ffe3751c-8b7d-4530-a149-d5aa28fbf8a9,2026-05-17T14:31:14.706247
3f0b8095-99aa-4c53-8fea-8dd7e89e9f28,TUMBAL PROYEK,cinepolis,,0b14c075-63cc-4a3b-b0a7-a3578ae1590b,HORROR,1h 46m,D17+,2D,2026-05-17,b6278a8d-653b-41bd-aa83-46c1ba0c7445,2026-05-17T14:31:20.056293
3f0b8095-99aa-4c53-8fea-8dd7e89e9f28,SEMUA AKAN BAIK-BAIK SAJA,cinepolis,,cae94e25-4386-417b-8bdf-0dea2d0b0c71,DRAMA,1h 53m,13+,2D,2026-05-17,9c487b82-bad2-4227-a0d5-192b00efda4e,2026-05-17T14:31:20.057546
3f0b8095-99aa-4c53-8fea-8dd7e89e9f28,GHOST IN THE CELL,cinepolis,,1859bb5f-f638-4a41-854c-a114f6f8a608,HORROR,1h 46m,D17+,2D,2026-05-17,5e62de15-29ac-4b63-8844-a1f8e8f303c3,2026-05-17T14:31:20.058957
3f0b8095-99aa-4c53-8fea-8dd7e89e9f28,MORTAL KOMBAT II,cinepolis,,420e1f44-2534-4ed9-9d6f-84cf6406d5a8,ACTION,1h 56m,D17+,2D,2026-05-17,5fdf0132-effc-4d56-b83c-7b76291ae7ab,2026-05-17T14:31:20.059992
3f0b8095-99aa-4c53-8fea-8dd7e89e9f28,YANG LAIN BOLEH HILANG ASAL KAU JANGAN,cinepolis,,ff59e4ab-92e1-4aa6-bfd8-ab6521930738,DRAMA,1h 53m,13+,2D,2026-05-17,f5ac649e-4fdf-454b-b9f4-7188ce4fc2f8,2026-05-17T14:31:20.061228
3f0b8095-99aa-4c53-8fea-8dd7e89e9f28,GOHAN,cinepolis,,15718ddd-e8db-449b-9313-73b98733d485,DRAMA,2h 20m,SU,2D,2026-05-17,4817c60c-81d9-41c5-97d7-3203ef40770d,2026-05-17T14:31:20.064115
3f0b8095-99aa-4c53-8fea-8dd7e89e9f28,"AYAH, INI ARAHNYA KEMANA, YA?",cinepolis,,47fccbc0-f843-4918-ad66-28fcef4aa048,DRAMA,1h 43m,13+,2D,2026-05-17,c039369c-c162-4093-b427-64c13967d963,2026-05-17T14:31:20.066428
3f0b8095-99aa-4c53-8fea-8dd7e89e9f28,THE SHEEP DETECTIVES,cinepolis,,71865891-a162-4fb5-bcc1-eda6d7edf3e9,COMEDY,1h 49m,SU,2D,2026-05-17,9bc74527-5d53-4cdc-a4e4-5f76eca9da02,2026-05-17T14:31:20.067363
3f0b8095-99aa-4c53-8fea-8dd7e89e9f28,THE KING`S WARDEN,cinepolis,,65881b59-8a2d-43fe-b61c-5d8b58e2b312,DRAMA,1h 57m,13+,2D,2026-05-17,83397bf8-9173-4289-8191-41149b31f78d,2026-05-17T14:31:20.068249
3f0b8095-99aa-4c53-8fea-8dd7e89e9f28,DILAN ITB 1997,cinepolis,,7afc861e-8f49-4790-9cc5-64ea19b1b0e5,ROMANCE,1h 50m,13+,2D,2026-05-17,38d247ca-b6b4-4dab-a390-5e1d324b6be6,2026-05-17T14:31:20.069151
3f0b8095-99aa-4c53-8fea-8dd7e89e9f28,AIN,cinepolis,,2c30022b-437b-46fd-9c40-049c93d56fd0,HORROR,1h 50m,D17+,2D,2026-05-17,5078c179-414d-4515-83dc-7e64daec7827,2026-05-17T14:31:21.229521
7d708629-2f8b-49de-80ab-6f4e9457e689,TUMBAL PROYEK,cinepolis,,0b14c075-63cc-4a3b-b0a7-a3578ae1590b,HORROR,1h 46m,D17+,2D,2026-05-17,bc8b0590-5526-4f4e-8758-c699ede773ef,2026-05-17T14:31:25.566362
7d708629-2f8b-49de-80ab-6f4e9457e689,SEMUA AKAN BAIK-BAIK SAJA,cinepolis,,cae94e25-4386-417b-8bdf-0dea2d0b0c71,DRAMA,1h 53m,13+,2D,2026-05-17,1a65d4cd-1972-405f-a25c-026ad82222ef,2026-05-17T14:31:25.567362
7d708629-2f8b-49de-80ab-6f4e9457e689,GHOST IN THE CELL,cinepolis,,1859bb5f-f638-4a41-854c-a114f6f8a608,HORROR,1h 46m,D17+,2D,2026-05-17,21d42755-1506-4d97-b66e-49defe27105f,2026-05-17T14:31:25.568740
7d708629-2f8b-49de-80ab-6f4e9457e689,MORTAL KOMBAT II,cinepolis,,420e1f44-2534-4ed9-9d6f-84cf6406d5a8,ACTION,1h 56m,D17+,2D,2026-05-17,edfdf7cc-f318-458d-8434-5f0ed34ba777,2026-05-17T14:31:25.570260
7d708629-2f8b-49de-80ab-6f4e9457e689,YANG LAIN BOLEH HILANG ASAL KAU JANGAN,cinepolis,,ff59e4ab-92e1-4aa6-bfd8-ab6521930738,DRAMA,1h 53m,13+,2D,2026-05-17,4f2ce95a-b030-4ba6-8579-31a762f715a7,2026-05-17T14:31:25.571156
7d708629-2f8b-49de-80ab-6f4e9457e689,GOHAN,cinepolis,,15718ddd-e8db-449b-9313-73b98733d485,DRAMA,2h 20m,SU,2D,2026-05-17,5e2816dc-cabc-49a8-bb73-7ee5deb78e18,2026-05-17T14:31:25.572190
7d708629-2f8b-49de-80ab-6f4e9457e689,THE KING`S WARDEN,cinepolis,,65881b59-8a2d-43fe-b61c-5d8b58e2b312,DRAMA,1h 57m,13+,2D,2026-05-17,9280d452-1a05-4c8d-b13c-ba47a38706eb,2026-05-17T14:31:25.572941
abf5fa8e-73fc-4a0b-8333-b30505b76848,SEMUA AKAN BAIK-BAIK SAJA,cinepolis,,cae94e25-4386-417b-8bdf-0dea2d0b0c71,DRAMA,1h 53m,13+,2D,2026-05-17,6eabdd9c-470b-42d9-9fa0-1b688d281f7f,2026-05-17T14:31:31.234596
abf5fa8e-73fc-4a0b-8333-b30505b76848,MORTAL KOMBAT II,cinepolis,,420e1f44-2534-4ed9-9d6f-84cf6406d5a8,ACTION,1h 56m,D17+,2D,2026-05-17,4ff3c010-db44-411d-98e9-94d7fd8968b9,2026-05-17T14:31:31.235833
80c29860-5f89-4b16-9ad2-1480877fcca4,TUMBAL PROYEK,cinepolis,,0b14c075-63cc-4a3b-b0a7-a3578ae1590b,HORROR,1h 46m,D17+,2D,2026-05-17,dea231b6-d227-460e-8e6f-729a0f02d0f5,2026-05-17T14:31:36.724877
80c29860-5f89-4b16-9ad2-1480877fcca4,SEMUA AKAN BAIK-BAIK SAJA,cinepolis,,cae94e25-4386-417b-8bdf-0dea2d0b0c71,DRAMA,1h 53m,13+,2D,2026-05-17,9268e811-b32e-4007-b6e0-cb912e31610c,2026-05-17T14:31:36.726199
80c29860-5f89-4b16-9ad2-1480877fcca4,GHOST IN THE CELL,cinepolis,,1859bb5f-f638-4a41-854c-a114f6f8a608,HORROR,1h 46m,D17+,2D,2026-05-17,339f0af6-fa57-40fc-8c94-b21f7276c259,2026-05-17T14:31:36.729214
80c29860-5f89-4b16-9ad2-1480877fcca4,MORTAL KOMBAT II,cinepolis,,420e1f44-2534-4ed9-9d6f-84cf6406d5a8,ACTION,1h 56m,D17+,2D,2026-05-17,0276a929-7776-463f-966f-3c70e0bc01db,2026-05-17T14:31:36.730198
80c29860-5f89-4b16-9ad2-1480877fcca4,YANG LAIN BOLEH HILANG ASAL KAU JANGAN,cinepolis,,ff59e4ab-92e1-4aa6-bfd8-ab6521930738,DRAMA,1h 53m,13+,2D,2026-05-17,201f3017-2a1a-4465-8206-11471bb9c721,2026-05-17T14:31:36.731012
80c29860-5f89-4b16-9ad2-1480877fcca4,SALMOKJI: WHISPERING WATER,cinepolis,,a71f8c7d-5bdf-4b91-b207-9acbafa2417a,HORROR,1h 35m,D17+,2D,2026-05-17,6344a702-188a-4934-ae4c-83c5078c06a1,2026-05-17T14:31:36.732196
80c29860-5f89-4b16-9ad2-1480877fcca4,THE SHEEP DETECTIVES,cinepolis,,71865891-a162-4fb5-bcc1-eda6d7edf3e9,COMEDY,1h 49m,SU,2D,2026-05-17,be43eee5-c6b0-4650-9190-c03a26010958,2026-05-17T14:31:36.733009
9882e067-4adc-4921-8497-d6a08ba1e3bf,TUMBAL PROYEK,cinepolis,,0b14c075-63cc-4a3b-b0a7-a3578ae1590b,HORROR,1h 46m,D17+,2D,2026-05-17,c3552851-c1b0-43ed-a111-1d75aefc1cdc,2026-05-17T14:31:42.245019
9882e067-4adc-4921-8497-d6a08ba1e3bf,SEMUA AKAN BAIK-BAIK SAJA,cinepolis,,cae94e25-4386-417b-8bdf-0dea2d0b0c71,DRAMA,1h 53m,13+,2D,2026-05-17,e3271aee-27ed-4153-a82a-19cd813b0280,2026-05-17T14:31:42.245870
9882e067-4adc-4921-8497-d6a08ba1e3bf,GHOST IN THE CELL,cinepolis,,1859bb5f-f638-4a41-854c-a114f6f8a608,HORROR,1h 46m,D17+,2D,2026-05-17,a8b9d50b-585e-4e5f-8d53-33154607a57f,2026-05-17T14:31:42.247356
9882e067-4adc-4921-8497-d6a08ba1e3bf,MORTAL KOMBAT II,cinepolis,,420e1f44-2534-4ed9-9d6f-84cf6406d5a8,ACTION,1h 56m,D17+,2D,2026-05-17,21941246-a75d-4714-8e81-3a45ee8222ae,2026-05-17T14:31:42.248859
9882e067-4adc-4921-8497-d6a08ba1e3bf,YANG LAIN BOLEH HILANG ASAL KAU JANGAN,cinepolis,,ff59e4ab-92e1-4aa6-bfd8-ab6521930738,DRAMA,1h 53m,13+,2D,2026-05-17,337e0ed2-ecdd-4a11-9020-492bc1448b8a,2026-05-17T14:31:42.250107
9882e067-4adc-4921-8497-d6a08ba1e3bf,GOHAN,cinepolis,,15718ddd-e8db-449b-9313-73b98733d485,DRAMA,2h 20m,SU,2D,2026-05-17,146c6193-3dae-42b4-865e-820692ad9881,2026-05-17T14:31:42.251187
9882e067-4adc-4921-8497-d6a08ba1e3bf,SALMOKJI: WHISPERING WATER,cinepolis,,a71f8c7d-5bdf-4b91-b207-9acbafa2417a,HORROR,1h 35m,D17+,2D,2026-05-17,16c7f572-da8d-4991-a6a9-a797080b5cc1,2026-05-17T14:31:42.251950
9882e067-4adc-4921-8497-d6a08ba1e3bf,THE SHEEP DETECTIVES,cinepolis,,71865891-a162-4fb5-bcc1-eda6d7edf3e9,COMEDY,1h 49m,SU,2D,2026-05-17,672e70d2-7759-44d2-b817-d55919df6100,2026-05-17T14:31:42.253003
9882e067-4adc-4921-8497-d6a08ba1e3bf,THE KING`S WARDEN,cinepolis,,65881b59-8a2d-43fe-b61c-5d8b58e2b312,DRAMA,1h 57m,13+,2D,2026-05-17,b6d0d9ae-4617-4090-ae2e-c6ec1d3a494b,2026-05-17T14:31:42.253733
9882e067-4adc-4921-8497-d6a08ba1e3bf,IN THE GREY,cinepolis,,a5977596-09a7-4c3d-bb27-a75ccdf598e5,ACTION,1h 37m,13+,2D,2026-05-17,f39b35e5-02a4-4315-a458-8fac18749bff,2026-05-17T14:31:42.254459
9882e067-4adc-4921-8497-d6a08ba1e3bf,THE DEVIL WEARS PRADA 2,cinepolis,,97d5d4ac-9e2f-476f-a0ee-729bdefb04b1,COMEDY,1h 59m,13+,2D,2026-05-17,31adb245-9350-4515-bb5e-429913c75e9b,2026-05-17T14:31:42.255472
9882e067-4adc-4921-8497-d6a08ba1e3bf,TOP GUN: MAVERICK,cinepolis,,ea7d0ea8-7286-4bce-8dbf-00ecf7427589,ACTION,2h 10m,SU,2D,2026-05-17,6b9848de-29e4-4458-a1c0-47de57afbf61,2026-05-17T14:31:42.256203
9882e067-4adc-4921-8497-d6a08ba1e3bf,TOP GUN,cinepolis,,cb164cab-9b35-4189-ad82-a6652ec9f339,ACTION,1h 49m,D17+,2D,2026-05-17,b96a219d-9dde-4752-92b3-23a32344133e,2026-05-17T14:31:42.256918
9882e067-4adc-4921-8497-d6a08ba1e3bf,PATI PATNI AUR WOH DO,cinepolis,,2cdba635-6ede-4f28-9365-b73a4c70ad2c,COMEDY,1h 55m,D17+,2D,2026-05-17,e4da2a8c-4c4b-42b4-a266-f05093139c52,2026-05-17T14:31:43.447026
9882e067-4adc-4921-8497-d6a08ba1e3bf,BILLIE EILISH: HIT ME HARD AND SOFT - THE TOUR LIV,cinepolis,,a9daa21d-e1cf-4bcd-bf2a-299a1edbbcb4,DOCUMENTARY,1h 54m,13+,3D,2026-05-17,3443f240-fece-4b3e-a6b8-bed4310d114e,2026-05-17T14:31:43.447854
69d87032-26ef-4188-b256-8e457c78aaf7,TUMBAL PROYEK,cinepolis,,0b14c075-63cc-4a3b-b0a7-a3578ae1590b,HORROR,1h 46m,D17+,2D,2026-05-17,20357390-1efa-4ad1-88b9-eee1a96f5793,2026-05-17T14:31:47.678042
69d87032-26ef-4188-b256-8e457c78aaf7,SEMUA AKAN BAIK-BAIK SAJA,cinepolis,,cae94e25-4386-417b-8bdf-0dea2d0b0c71,DRAMA,1h 53m,13+,2D,2026-05-17,4c7ea1a0-5a98-45d3-8972-bab0ab8107af,2026-05-17T14:31:47.679444
69d87032-26ef-4188-b256-8e457c78aaf7,GHOST IN THE CELL,cinepolis,,1859bb5f-f638-4a41-854c-a114f6f8a608,HORROR,1h 46m,D17+,2D,2026-05-17,68139bd3-06f1-4942-b4ba-a9e2619399f8,2026-05-17T14:31:47.681035
69d87032-26ef-4188-b256-8e457c78aaf7,MORTAL KOMBAT II,cinepolis,,420e1f44-2534-4ed9-9d6f-84cf6406d5a8,ACTION,1h 56m,D17+,2D,2026-05-17,5b40dff9-a254-41f0-8f1f-0368520236ca,2026-05-17T14:31:47.682338
69d87032-26ef-4188-b256-8e457c78aaf7,YANG LAIN BOLEH HILANG ASAL KAU JANGAN,cinepolis,,ff59e4ab-92e1-4aa6-bfd8-ab6521930738,DRAMA,1h 53m,13+,2D,2026-05-17,3cc8c7b5-c52d-40d6-b4d3-6bfbb08eb8b1,2026-05-17T14:31:47.683068
69d87032-26ef-4188-b256-8e457c78aaf7,GOHAN,cinepolis,,15718ddd-e8db-449b-9313-73b98733d485,DRAMA,2h 20m,SU,2D,2026-05-17,d9f20230-8c92-4cd4-9980-9e36b32cde36,2026-05-17T14:31:47.683730
69d87032-26ef-4188-b256-8e457c78aaf7,"AYAH, INI ARAHNYA KEMANA, YA?",cinepolis,,47fccbc0-f843-4918-ad66-28fcef4aa048,DRAMA,1h 43m,13+,2D,2026-05-17,8d2d575a-b57c-4f8a-96b0-e91270d13e3c,2026-05-17T14:31:47.684406
c4de3ca6-c23f-424a-bb35-c24967e85f23,TUMBAL PROYEK,cinepolis,,0b14c075-63cc-4a3b-b0a7-a3578ae1590b,HORROR,1h 46m,D17+,2D,2026-05-17,4f3af10d-4fa0-494c-a4fc-09865f456848,2026-05-17T14:31:53.194298
922d38c4-1d6f-4899-9e40-25c88256de81,TUMBAL PROYEK,cinepolis,,0b14c075-63cc-4a3b-b0a7-a3578ae1590b,HORROR,1h 46m,D17+,2D,2026-05-17,022eb53b-5833-4663-9f43-5040eb04e9ab,2026-05-17T14:31:58.677837
922d38c4-1d6f-4899-9e40-25c88256de81,SEMUA AKAN BAIK-BAIK SAJA,cinepolis,,cae94e25-4386-417b-8bdf-0dea2d0b0c71,DRAMA,1h 53m,13+,2D,2026-05-17,6389ce53-460b-41eb-872d-e6a03118fc88,2026-05-17T14:31:58.678503
5e1e0f52-74d0-4d2f-a603-8e61f956c1bb,TUMBAL PROYEK,cinepolis,,0b14c075-63cc-4a3b-b0a7-a3578ae1590b,HORROR,1h 46m,D17+,2D,2026-05-17,4d3cfe80-0ab4-486a-b1ee-7a5142f33f41,2026-05-17T14:32:04.147041
5e1e0f52-74d0-4d2f-a603-8e61f956c1bb,SEMUA AKAN BAIK-BAIK SAJA,cinepolis,,cae94e25-4386-417b-8bdf-0dea2d0b0c71,DRAMA,1h 53m,13+,2D,2026-05-17,c3152fbe-a0c7-4dd4-b40b-c41c1d4010bc,2026-05-17T14:32:04.148923
5e1e0f52-74d0-4d2f-a603-8e61f956c1bb,GHOST IN THE CELL,cinepolis,,1859bb5f-f638-4a41-854c-a114f6f8a608,HORROR,1h 46m,D17+,2D,2026-05-17,a3bb2a12-b1f3-4640-8bce-b1a4cedcbe78,2026-05-17T14:32:04.150110
5e1e0f52-74d0-4d2f-a603-8e61f956c1bb,YANG LAIN BOLEH HILANG ASAL KAU JANGAN,cinepolis,,ff59e4ab-92e1-4aa6-bfd8-ab6521930738,DRAMA,1h 53m,13+,2D,2026-05-17,30d3b222-76fc-4955-baf8-ac525358913b,2026-05-17T14:32:04.152966
5e1e0f52-74d0-4d2f-a603-8e61f956c1bb,GOHAN,cinepolis,,15718ddd-e8db-449b-9313-73b98733d485,DRAMA,2h 20m,SU,2D,2026-05-17,0cd14d2f-5a3c-47e7-b895-2e49ca204932,2026-05-17T14:32:04.155444
5e1e0f52-74d0-4d2f-a603-8e61f956c1bb,SALMOKJI: WHISPERING WATER,cinepolis,,a71f8c7d-5bdf-4b91-b207-9acbafa2417a,HORROR,1h 35m,D17+,2D,2026-05-17,75611c30-d3de-4963-89d5-8a1c0fd2ad12,2026-05-17T14:32:04.160916
1127cfd7-4723-4f19-9869-b2d1f397f4dd,TUMBAL PROYEK,cinepolis,,0b14c075-63cc-4a3b-b0a7-a3578ae1590b,HORROR,1h 46m,D17+,2D,2026-05-17,ecd49bfe-1fa0-4391-85ab-85a6050a6684,2026-05-17T14:32:09.651360
1127cfd7-4723-4f19-9869-b2d1f397f4dd,SEMUA AKAN BAIK-BAIK SAJA,cinepolis,,cae94e25-4386-417b-8bdf-0dea2d0b0c71,DRAMA,1h 53m,13+,2D,2026-05-17,5ebb988d-d973-42ed-81ec-b9698bb8764c,2026-05-17T14:32:09.652038
1127cfd7-4723-4f19-9869-b2d1f397f4dd,GHOST IN THE CELL,cinepolis,,1859bb5f-f638-4a41-854c-a114f6f8a608,HORROR,1h 46m,D17+,2D,2026-05-17,1e94bdab-e2ea-4dcf-9702-afca5bf07315,2026-05-17T14:32:09.652906
1127cfd7-4723-4f19-9869-b2d1f397f4dd,MORTAL KOMBAT II,cinepolis,,420e1f44-2534-4ed9-9d6f-84cf6406d5a8,ACTION,1h 56m,D17+,2D,2026-05-17,3d3fa4ba-3368-4676-a7e1-194f457b1130,2026-05-17T14:32:09.654226
1127cfd7-4723-4f19-9869-b2d1f397f4dd,GOHAN,cinepolis,,15718ddd-e8db-449b-9313-73b98733d485,DRAMA,2h 20m,SU,2D,2026-05-17,d827ffbc-b0d3-49f1-9923-dad695a88499,2026-05-17T14:32:09.654931
1127cfd7-4723-4f19-9869-b2d1f397f4dd,SALMOKJI: WHISPERING WATER,cinepolis,,a71f8c7d-5bdf-4b91-b207-9acbafa2417a,HORROR,1h 35m,D17+,2D,2026-05-17,0afe0ff9-110d-44a8-aa60-ada5d85df49b,2026-05-17T14:32:09.655536
1127cfd7-4723-4f19-9869-b2d1f397f4dd,THE SHEEP DETECTIVES,cinepolis,,71865891-a162-4fb5-bcc1-eda6d7edf3e9,COMEDY,1h 49m,SU,2D,2026-05-17,73744dac-a074-4c18-802e-9ceca287a120,2026-05-17T14:32:09.657589
1127cfd7-4723-4f19-9869-b2d1f397f4dd,THE KING`S WARDEN,cinepolis,,65881b59-8a2d-43fe-b61c-5d8b58e2b312,DRAMA,1h 57m,13+,2D,2026-05-17,b3548954-b9d1-4af4-b6cf-d34d9a822466,2026-05-17T14:32:09.662237
1127cfd7-4723-4f19-9869-b2d1f397f4dd,IN THE GREY,cinepolis,,a5977596-09a7-4c3d-bb27-a75ccdf598e5,ACTION,1h 37m,13+,2D,2026-05-17,f007e295-a4ef-436d-819e-145226ac860a,2026-05-17T14:32:09.663168
1127cfd7-4723-4f19-9869-b2d1f397f4dd,MOBILE SUIT GUNDAM HATHAWAY,cinepolis,,4cd9aa78-5a13-42aa-8e10-57aafd8d0696,ANIMATION,1h 36m,13+,2D,2026-05-17,f60b2c30-affc-4f89-81fd-b016ca94ba75,2026-05-17T14:32:09.663964
5bbaaab5-6e95-4d41-9e6d-e67edbb02600,TUMBAL PROYEK,cinepolis,,0b14c075-63cc-4a3b-b0a7-a3578ae1590b,HORROR,1h 46m,D17+,2D,2026-05-17,88ca3094-1c0d-4a6e-8375-3de44a59f5ec,2026-05-17T14:32:15.202129
5bbaaab5-6e95-4d41-9e6d-e67edbb02600,SEMUA AKAN BAIK-BAIK SAJA,cinepolis,,cae94e25-4386-417b-8bdf-0dea2d0b0c71,DRAMA,1h 53m,13+,2D,2026-05-17,139ad49c-b94e-42a9-93b1-83f0c164ab87,2026-05-17T14:32:15.203025
5bbaaab5-6e95-4d41-9e6d-e67edbb02600,MORTAL KOMBAT II,cinepolis,,420e1f44-2534-4ed9-9d6f-84cf6406d5a8,ACTION,1h 56m,D17+,2D,2026-05-17,5c093ede-5c6b-4e34-840a-a69648ee6bca,2026-05-17T14:32:15.203926
5bbaaab5-6e95-4d41-9e6d-e67edbb02600,TIBA TIBA SETAN,cinepolis,,1d967795-fc67-4246-984c-e494ece3054c,COMEDY,1h 53m,13+,2D,2026-05-17,1664fde0-79fe-4d90-9b64-38531f5476be,2026-05-17T14:32:15.204599
5bbaaab5-6e95-4d41-9e6d-e67edbb02600,DILAN ITB 1997,cinepolis,,7afc861e-8f49-4790-9cc5-64ea19b1b0e5,ROMANCE,1h 50m,13+,2D,2026-05-17,53d31ab9-ca9d-43c9-a56a-aef144455454,2026-05-17T14:32:15.206147
cf8b3fda-6d96-4bba-b310-07c7e4e2394a,TUMBAL PROYEK,cinepolis,,0b14c075-63cc-4a3b-b0a7-a3578ae1590b,HORROR,1h 46m,D17+,2D,2026-05-17,b25face8-b440-476b-8645-82f998a0c5cb,2026-05-17T14:32:20.667468
cf8b3fda-6d96-4bba-b310-07c7e4e2394a,SEMUA AKAN BAIK-BAIK SAJA,cinepolis,,cae94e25-4386-417b-8bdf-0dea2d0b0c71,DRAMA,1h 53m,13+,2D,2026-05-17,05ad132a-1451-4bfd-8ce0-29cd65f7bdb7,2026-05-17T14:32:20.668677
cf8b3fda-6d96-4bba-b310-07c7e4e2394a,GHOST IN THE CELL,cinepolis,,1859bb5f-f638-4a41-854c-a114f6f8a608,HORROR,1h 46m,D17+,2D,2026-05-17,c21f13c6-f79a-466b-a42a-3791049da27d,2026-05-17T14:32:20.669684
cf8b3fda-6d96-4bba-b310-07c7e4e2394a,YANG LAIN BOLEH HILANG ASAL KAU JANGAN,cinepolis,,ff59e4ab-92e1-4aa6-bfd8-ab6521930738,DRAMA,1h 53m,13+,2D,2026-05-17,72d7e60e-b240-47f3-9143-363c6f4a1890,2026-05-17T14:32:20.670728
cf8b3fda-6d96-4bba-b310-07c7e4e2394a,"AYAH, INI ARAHNYA KEMANA, YA?",cinepolis,,47fccbc0-f843-4918-ad66-28fcef4aa048,DRAMA,1h 43m,13+,2D,2026-05-17,6dcaacda-d0de-4eba-86fb-994aee135f44,2026-05-17T14:32:20.671634
e8e9f661-8df5-40dc-8b04-bce34d3f00a5,TUMBAL PROYEK,cinepolis,,0b14c075-63cc-4a3b-b0a7-a3578ae1590b,HORROR,1h 46m,D17+,2D,2026-05-17,a630f828-e220-46f2-87ff-e42e996f7ec9,2026-05-17T14:32:26.184060
e8e9f661-8df5-40dc-8b04-bce34d3f00a5,GHOST IN THE CELL,cinepolis,,1859bb5f-f638-4a41-854c-a114f6f8a608,HORROR,1h 46m,D17+,2D,2026-05-17,85e4d9d4-0378-4b7c-a093-b2348f2ece2b,2026-05-17T14:32:26.185030
e8e9f661-8df5-40dc-8b04-bce34d3f00a5,MORTAL KOMBAT II,cinepolis,,420e1f44-2534-4ed9-9d6f-84cf6406d5a8,ACTION,1h 56m,D17+,2D,2026-05-17,0385cd5a-75dc-4872-8498-be3605fae0e6,2026-05-17T14:32:26.186055
e8e9f661-8df5-40dc-8b04-bce34d3f00a5,SALMOKJI: WHISPERING WATER,cinepolis,,a71f8c7d-5bdf-4b91-b207-9acbafa2417a,HORROR,1h 35m,D17+,2D,2026-05-17,94d39d93-31ae-4987-b148-9c3a1fc32a76,2026-05-17T14:32:26.186909
ef12a7ca-bfd4-4758-a2a6-e49fe0a94fdc,TUMBAL PROYEK,cinepolis,,0b14c075-63cc-4a3b-b0a7-a3578ae1590b,HORROR,1h 46m,D17+,2D,2026-05-17,3b8eddd5-2945-4534-b369-ed387d623fa1,2026-05-17T14:32:31.632803
ef12a7ca-bfd4-4758-a2a6-e49fe0a94fdc,SEMUA AKAN BAIK-BAIK SAJA,cinepolis,,cae94e25-4386-417b-8bdf-0dea2d0b0c71,DRAMA,1h 53m,13+,2D,2026-05-17,4bccf832-d7fe-4a56-b0ca-25f0f4608702,2026-05-17T14:32:31.633437
ef12a7ca-bfd4-4758-a2a6-e49fe0a94fdc,GHOST IN THE CELL,cinepolis,,1859bb5f-f638-4a41-854c-a114f6f8a608,HORROR,1h 46m,D17+,2D,2026-05-17,ad1835de-8d71-464d-b5f5-55465db41271,2026-05-17T14:32:31.634053
ef12a7ca-bfd4-4758-a2a6-e49fe0a94fdc,MORTAL KOMBAT II,cinepolis,,420e1f44-2534-4ed9-9d6f-84cf6406d5a8,ACTION,1h 56m,D17+,2D,2026-05-17,89d66cae-3fae-489c-b01f-07b79080ce40,2026-05-17T14:32:31.635338
ef12a7ca-bfd4-4758-a2a6-e49fe0a94fdc,YANG LAIN BOLEH HILANG ASAL KAU JANGAN,cinepolis,,ff59e4ab-92e1-4aa6-bfd8-ab6521930738,DRAMA,1h 53m,13+,2D,2026-05-17,b47879c5-b6db-4b94-b0f3-4cfad471ab99,2026-05-17T14:32:31.635941
ef12a7ca-bfd4-4758-a2a6-e49fe0a94fdc,GOHAN,cinepolis,,15718ddd-e8db-449b-9313-73b98733d485,DRAMA,2h 20m,SU,2D,2026-05-17,b9079f51-882d-43b4-ab9b-373d329e8220,2026-05-17T14:32:31.636779
ef12a7ca-bfd4-4758-a2a6-e49fe0a94fdc,SALMOKJI: WHISPERING WATER,cinepolis,,a71f8c7d-5bdf-4b91-b207-9acbafa2417a,HORROR,1h 35m,D17+,2D,2026-05-17,a3ed637d-04b0-4d6e-845a-911198fdbcc3,2026-05-17T14:32:31.637366
ef12a7ca-bfd4-4758-a2a6-e49fe0a94fdc,THE SHEEP DETECTIVES,cinepolis,,71865891-a162-4fb5-bcc1-eda6d7edf3e9,COMEDY,1h 49m,SU,2D,2026-05-17,28ba7e1c-564e-4d85-b170-8935933203f9,2026-05-17T14:32:31.638198
ef12a7ca-bfd4-4758-a2a6-e49fe0a94fdc,THE KING`S WARDEN,cinepolis,,65881b59-8a2d-43fe-b61c-5d8b58e2b312,DRAMA,1h 57m,13+,2D,2026-05-17,d120fa9a-3e7c-48da-97ed-bf46201fa42b,2026-05-17T14:32:31.638802
ef12a7ca-bfd4-4758-a2a6-e49fe0a94fdc,THE DEVIL WEARS PRADA 2,cinepolis,,97d5d4ac-9e2f-476f-a0ee-729bdefb04b1,COMEDY,1h 59m,13+,2D,2026-05-17,48afdbe6-68b2-4ed6-922a-fd719c3d8acb,2026-05-17T14:32:31.640073
ef12a7ca-bfd4-4758-a2a6-e49fe0a94fdc,MOBILE SUIT GUNDAM HATHAWAY,cinepolis,,4cd9aa78-5a13-42aa-8e10-57aafd8d0696,ANIMATION,1h 36m,13+,2D,2026-05-17,5873b014-2b20-4a18-a4b7-936775fa21c6,2026-05-17T14:32:31.640663
ef12a7ca-bfd4-4758-a2a6-e49fe0a94fdc,TOP GUN: MAVERICK,cinepolis,,ea7d0ea8-7286-4bce-8dbf-00ecf7427589,ACTION,2h 10m,SU,2D,2026-05-17,5f6a7093-8246-42ab-881a-d316638d7980,2026-05-17T14:32:31.641226
ef12a7ca-bfd4-4758-a2a6-e49fe0a94fdc,TOP GUN,cinepolis,,cb164cab-9b35-4189-ad82-a6652ec9f339,ACTION,1h 49m,D17+,2D,2026-05-17,44726e64-3397-4f86-8d41-47aecf7335e2,2026-05-17T14:32:31.641776
ef12a7ca-bfd4-4758-a2a6-e49fe0a94fdc,PATI PATNI AUR WOH DO,cinepolis,,2cdba635-6ede-4f28-9365-b73a4c70ad2c,COMEDY,1h 55m,D17+,2D,2026-05-17,b08ef643-4f73-47c8-8e75-cfd8be64dd03,2026-05-17T14:32:31.642341
ef12a7ca-bfd4-4758-a2a6-e49fe0a94fdc,BILLIE EILISH: HIT ME HARD AND SOFT - THE TOUR LIV,cinepolis,,a9daa21d-e1cf-4bcd-bf2a-299a1edbbcb4,DOCUMENTARY,1h 54m,13+,3D,2026-05-17,867b2b54-a342-4f65-90bd-73afd1d231f2,2026-05-17T14:32:31.642893
ef12a7ca-bfd4-4758-a2a6-e49fe0a94fdc,THE DRAMA,cinepolis,,a6dcb62f-f425-439a-a458-c3a2189e9ed2,DRAMA,1h 45m,D17+,2D,2026-05-17,520a5c1a-87d8-445b-827f-2df23c194859,2026-05-17T14:32:32.264567
b5c84e1d-e1bf-43f2-8a02-c1bbc74a3e41,TUMBAL PROYEK,cinepolis,,0b14c075-63cc-4a3b-b0a7-a3578ae1590b,HORROR,1h 46m,D17+,2D,2026-05-17,845f3cdd-08f8-421d-bfbd-2fd4bc6fa533,2026-05-17T14:32:37.114860
b5c84e1d-e1bf-43f2-8a02-c1bbc74a3e41,SEMUA AKAN BAIK-BAIK SAJA,cinepolis,,cae94e25-4386-417b-8bdf-0dea2d0b0c71,DRAMA,1h 53m,13+,2D,2026-05-17,5e3c6e9a-6707-4c69-bb67-cedeab783fb7,2026-05-17T14:32:37.116923
b5c84e1d-e1bf-43f2-8a02-c1bbc74a3e41,GHOST IN THE CELL,cinepolis,,1859bb5f-f638-4a41-854c-a114f6f8a608,HORROR,1h 46m,D17+,2D,2026-05-17,ecbe913a-4247-47fc-8eb9-cb191ec4bd61,2026-05-17T14:32:37.118082
b5c84e1d-e1bf-43f2-8a02-c1bbc74a3e41,MORTAL KOMBAT II,cinepolis,,420e1f44-2534-4ed9-9d6f-84cf6406d5a8,ACTION,1h 56m,D17+,2D,2026-05-17,67d71f20-8dfe-4507-ae37-55247cf51e59,2026-05-17T14:32:37.119733
b5c84e1d-e1bf-43f2-8a02-c1bbc74a3e41,YANG LAIN BOLEH HILANG ASAL KAU JANGAN,cinepolis,,ff59e4ab-92e1-4aa6-bfd8-ab6521930738,DRAMA,1h 53m,13+,2D,2026-05-17,c395db35-6ee7-4bcd-b288-9219ae21ccf4,2026-05-17T14:32:37.120444
b5c84e1d-e1bf-43f2-8a02-c1bbc74a3e41,GOHAN,cinepolis,,15718ddd-e8db-449b-9313-73b98733d485,DRAMA,2h 20m,SU,2D,2026-05-17,2c9752e1-2227-40ea-a584-4055fb1cb3f8,2026-05-17T14:32:37.121120
b5c84e1d-e1bf-43f2-8a02-c1bbc74a3e41,SALMOKJI: WHISPERING WATER,cinepolis,,a71f8c7d-5bdf-4b91-b207-9acbafa2417a,HORROR,1h 35m,D17+,2D,2026-05-17,67e03f4a-db06-47cf-b791-adfa46d819bf,2026-05-17T14:32:37.121964
b5c84e1d-e1bf-43f2-8a02-c1bbc74a3e41,THE SHEEP DETECTIVES,cinepolis,,71865891-a162-4fb5-bcc1-eda6d7edf3e9,COMEDY,1h 49m,SU,2D,2026-05-17,53bb4313-ca3e-4645-ad90-d0bb5eb7a04e,2026-05-17T14:32:37.122672
b5c84e1d-e1bf-43f2-8a02-c1bbc74a3e41,TIBA TIBA SETAN,cinepolis,,1d967795-fc67-4246-984c-e494ece3054c,COMEDY,1h 53m,13+,2D,2026-05-17,a3124b1b-0d3b-42d9-9fbc-da78891373b5,2026-05-17T14:32:37.123250
19522071-ff48-4cba-9f4e-3f18f7918526,TUMBAL PROYEK,cinepolis,,0b14c075-63cc-4a3b-b0a7-a3578ae1590b,HORROR,1h 46m,D17+,2D,2026-05-17,516ba516-54df-46f0-ae3d-b1cb8ba1f3ba,2026-05-17T14:32:42.557121
19522071-ff48-4cba-9f4e-3f18f7918526,SEMUA AKAN BAIK-BAIK SAJA,cinepolis,,cae94e25-4386-417b-8bdf-0dea2d0b0c71,DRAMA,1h 53m,13+,2D,2026-05-17,778410d7-f889-4269-9419-a1a2fb1739bc,2026-05-17T14:32:42.558319
19522071-ff48-4cba-9f4e-3f18f7918526,GHOST IN THE CELL,cinepolis,,1859bb5f-f638-4a41-854c-a114f6f8a608,HORROR,1h 46m,D17+,2D,2026-05-17,3c168dc0-dbd1-431c-a79b-944a7210e7f6,2026-05-17T14:32:42.559144
19522071-ff48-4cba-9f4e-3f18f7918526,MORTAL KOMBAT II,cinepolis,,420e1f44-2534-4ed9-9d6f-84cf6406d5a8,ACTION,1h 56m,D17+,2D,2026-05-17,5735348b-c96e-489c-af52-3831c484aa81,2026-05-17T14:32:42.559932
19522071-ff48-4cba-9f4e-3f18f7918526,GOHAN,cinepolis,,15718ddd-e8db-449b-9313-73b98733d485,DRAMA,2h 20m,SU,2D,2026-05-17,330e0e9f-59fa-48bb-842b-c4034c6b839d,2026-05-17T14:32:42.560712
19522071-ff48-4cba-9f4e-3f18f7918526,SALMOKJI: WHISPERING WATER,cinepolis,,a71f8c7d-5bdf-4b91-b207-9acbafa2417a,HORROR,1h 35m,D17+,2D,2026-05-17,380f02b5-472e-4c33-81a3-34dccc88a7ad,2026-05-17T14:32:42.561480
19522071-ff48-4cba-9f4e-3f18f7918526,"AYAH, INI ARAHNYA KEMANA, YA?",cinepolis,,47fccbc0-f843-4918-ad66-28fcef4aa048,DRAMA,1h 43m,13+,2D,2026-05-17,82cac0f1-a31b-4405-8168-f45b5e60831d,2026-05-17T14:32:42.562235
19522071-ff48-4cba-9f4e-3f18f7918526,THE SHEEP DETECTIVES,cinepolis,,71865891-a162-4fb5-bcc1-eda6d7edf3e9,COMEDY,1h 49m,SU,2D,2026-05-17,26c090d0-b77a-434f-868d-9641acf79c6e,2026-05-17T14:32:42.563005
19522071-ff48-4cba-9f4e-3f18f7918526,IN THE GREY,cinepolis,,a5977596-09a7-4c3d-bb27-a75ccdf598e5,ACTION,1h 37m,13+,2D,2026-05-17,24930db2-631c-4cc1-955b-7e00cfadfe5e,2026-05-17T14:32:42.563705
19522071-ff48-4cba-9f4e-3f18f7918526,THE DEVIL WEARS PRADA 2,cinepolis,,97d5d4ac-9e2f-476f-a0ee-729bdefb04b1,COMEDY,1h 59m,13+,2D,2026-05-17,60a7ef89-0f35-417e-933e-394173743eb6,2026-05-17T14:32:42.564420
a13ee33a-a230-4c00-a90c-043aab4d8010,GHOST IN THE CELL,cinepolis,,1859bb5f-f638-4a41-854c-a114f6f8a608,HORROR,1h 46m,D17+,2D,2026-05-17,344f520d-06b1-45cb-a078-5d79a865ee97,2026-05-17T14:32:48.306304
a13ee33a-a230-4c00-a90c-043aab4d8010,GOHAN,cinepolis,,15718ddd-e8db-449b-9313-73b98733d485,DRAMA,2h 20m,SU,2D,2026-05-17,500e2cc9-4969-4dae-a2a4-a4f6afefb1d2,2026-05-17T14:32:48.307432
1d6efd49-e136-48b2-a233-f6b4f5b323de,TUMBAL PROYEK,cinepolis,,0b14c075-63cc-4a3b-b0a7-a3578ae1590b,HORROR,1h 46m,D17+,2D,2026-05-17,323808ab-f812-4b90-bd68-26f7c300ffd6,2026-05-17T14:32:53.611033
1d6efd49-e136-48b2-a233-f6b4f5b323de,SEMUA AKAN BAIK-BAIK SAJA,cinepolis,,cae94e25-4386-417b-8bdf-0dea2d0b0c71,DRAMA,1h 53m,13+,2D,2026-05-17,8543f396-6e90-42d8-8be1-f17a0e5e256b,2026-05-17T14:32:53.612040
1d6efd49-e136-48b2-a233-f6b4f5b323de,GHOST IN THE CELL,cinepolis,,1859bb5f-f638-4a41-854c-a114f6f8a608,HORROR,1h 46m,D17+,2D,2026-05-17,0d736f9b-3b1c-43bf-bf2f-38cf88047082,2026-05-17T14:32:53.613453
1d6efd49-e136-48b2-a233-f6b4f5b323de,MORTAL KOMBAT II,cinepolis,,420e1f44-2534-4ed9-9d6f-84cf6406d5a8,ACTION,1h 56m,D17+,2D,2026-05-17,62fe657c-fcac-453b-84e7-deb493881bab,2026-05-17T14:32:53.614901
1d6efd49-e136-48b2-a233-f6b4f5b323de,YANG LAIN BOLEH HILANG ASAL KAU JANGAN,cinepolis,,ff59e4ab-92e1-4aa6-bfd8-ab6521930738,DRAMA,1h 53m,13+,2D,2026-05-17,714974d5-5fc1-43c6-a66e-a713378caec5,2026-05-17T14:32:53.616207
1d6efd49-e136-48b2-a233-f6b4f5b323de,"AYAH, INI ARAHNYA KEMANA, YA?",cinepolis,,47fccbc0-f843-4918-ad66-28fcef4aa048,DRAMA,1h 43m,13+,2D,2026-05-17,8d8c5b5e-9c3c-4c4d-80c9-b933c3b48b85,2026-05-17T14:32:53.617047
96a5ee57-7fc5-4ac6-af1a-06101479a211,TUMBAL PROYEK,cinepolis,,0b14c075-63cc-4a3b-b0a7-a3578ae1590b,HORROR,1h 46m,D17+,2D,2026-05-17,f36c702d-a3cb-42df-a18e-f25d97f1ba23,2026-05-17T14:32:59.079705
96a5ee57-7fc5-4ac6-af1a-06101479a211,SEMUA AKAN BAIK-BAIK SAJA,cinepolis,,cae94e25-4386-417b-8bdf-0dea2d0b0c71,DRAMA,1h 53m,13+,2D,2026-05-17,36abf20f-00fc-4e8b-bdbd-ce76dd03f3e9,2026-05-17T14:32:59.082525
96a5ee57-7fc5-4ac6-af1a-06101479a211,GHOST IN THE CELL,cinepolis,,1859bb5f-f638-4a41-854c-a114f6f8a608,HORROR,1h 46m,D17+,2D,2026-05-17,5f19d36f-03d3-43fb-b937-0f91acf74704,2026-05-17T14:32:59.084203
96a5ee57-7fc5-4ac6-af1a-06101479a211,MORTAL KOMBAT II,cinepolis,,420e1f44-2534-4ed9-9d6f-84cf6406d5a8,ACTION,1h 56m,D17+,2D,2026-05-17,1c7e63f1-a425-4597-90e8-44ea132c1f35,2026-05-17T14:32:59.085437
96a5ee57-7fc5-4ac6-af1a-06101479a211,YANG LAIN BOLEH HILANG ASAL KAU JANGAN,cinepolis,,ff59e4ab-92e1-4aa6-bfd8-ab6521930738,DRAMA,1h 53m,13+,2D,2026-05-17,db031af7-d1d2-4661-b161-572383c5c8e2,2026-05-17T14:32:59.086252
96a5ee57-7fc5-4ac6-af1a-06101479a211,GOHAN,cinepolis,,15718ddd-e8db-449b-9313-73b98733d485,DRAMA,2h 20m,SU,2D,2026-05-17,03eeac6a-0584-43fe-acfe-fa9ff7851855,2026-05-17T14:32:59.087532
96a5ee57-7fc5-4ac6-af1a-06101479a211,"AYAH, INI ARAHNYA KEMANA, YA?",cinepolis,,47fccbc0-f843-4918-ad66-28fcef4aa048,DRAMA,1h 43m,13+,2D,2026-05-17,ba97b059-29e2-4425-b884-3db8fa69b85d,2026-05-17T14:32:59.088558
96a5ee57-7fc5-4ac6-af1a-06101479a211,IN THE GREY,cinepolis,,a5977596-09a7-4c3d-bb27-a75ccdf598e5,ACTION,1h 37m,13+,2D,2026-05-17,8dc3ea20-2ed9-4aa2-8625-7bbb90caf4f0,2026-05-17T14:32:59.090536
96a5ee57-7fc5-4ac6-af1a-06101479a211,NA WILLA,cinepolis,,29fbce60-a3f8-467e-9d65-44612efe30d4,DRAMA,1h 58m,SU,2D,2026-05-17,d1225309-f828-4389-99fc-048522a05800,2026-05-17T14:32:59.091272
