cinema_id,title,source,movie_id,movie_code,genre,duration,age_rating,format,show_date,id,created_at
8b379c88-0f99-493f-9682-73e36bde7aa7,SEMUA AKAN BAIK-BAIK SAJA,21cineplex,,16SABB,Drama,113 menit,13+,2D,2026-05-27,249757de-407b-4c3a-b48e-f6b818eaa4b3,2026-05-27T17:32:27.430411
8b379c88-0f99-493f-9682-73e36bde7aa7,TUMBAL PROYEK,21cineplex,,16TPRK,Horror,106 menit,D17+,2D,2026-05-27,18929d98-e6c5-4a23-a51d-b84444ea5dec,2026-05-27T17:32:27.430597
8b379c88-0f99-493f-9682-73e36bde7aa7,CHILDREN OF HEAVEN,21cineplex,,16COHN,"Drama, Family",97 menit,SU,2D,2026-05-27,bc480f65-fbd5-436d-ac82-33dafa80543e,2026-05-27T17:32:27.430681
8b379c88-0f99-493f-9682-73e36bde7aa7,SEKAWAN LIMO 2: GUNUNG KLAWIH,21cineplex,,16SK2G,"Comedy, Horror",122 menit,13+,2D,2026-05-27,ac8c4001-b1bf-4788-a7dc-07234e97e75d,2026-05-27T17:32:27.430812
8b379c88-0f99-493f-9682-73e36bde7aa7,SUAMIKU LUKAKU,21cineplex,,16SLUU,Drama,92 menit,D17+,2D,2026-05-27,3ce7012c-df1c-4e4c-8b7a-58899b3d1455,2026-05-27T17:32:27.430890
350f74df-1c96-460d-a9ac-91127a76179d,SEKAWAN LIMO 2: GUNUNG KLAWIH,21cineplex,,16SK2G,"Comedy, Horror",122 menit,13+,2D,2026-05-27,5a474e2f-db3e-4c50-b82b-82679f842277,2026-05-27T17:32:27.431244
350f74df-1c96-460d-a9ac-91127a76179d,GOHAN,21cineplex,,26GOHN,Drama,140 menit,SU,2D,2026-05-27,bbd5a81a-9740-429f-8f68-f24275999978,2026-05-27T17:32:27.431381
350f74df-1c96-460d-a9ac-91127a76179d,CHILDREN OF HEAVEN,21cineplex,,16COHN,"Drama, Family",97 menit,SU,2D,2026-05-27,46edeefd-42e3-4d09-a963-060bff18672d,2026-05-27T17:32:27.431468
350f74df-1c96-460d-a9ac-91127a76179d,BADUT GENDONG,21cineplex,,16BGEG,"Action, Horror",101 menit,D17+,2D,2026-05-27,f0ea25d6-111c-4c6c-bb0f-efc65ef3f2f2,2026-05-27T17:32:27.431592
350f74df-1c96-460d-a9ac-91127a76179d,HOKUM,21cineplex,,26HOKM,Horror,107 menit,13+,2D,2026-05-27,ea54f2ba-764d-4048-a7f6-41593ee530ff,2026-05-27T17:32:27.431727
350f74df-1c96-460d-a9ac-91127a76179d,PASSENGER,21cineplex,,26PASR,Horror,94 menit,D17+,2D,2026-05-27,b3e94f14-9348-41f9-bb6b-48b6e62a64c1,2026-05-27T17:32:27.431811
350f74df-1c96-460d-a9ac-91127a76179d,COLONY,21cineplex,,26COLY,"Horror, Thriller",122 menit,13+,2D,2026-06-03,32bf3f07-cd96-42d8-a58b-93cd575935fd,2026-05-27T17:32:27.431944
d6c47d26-965f-4369-8b5c-b2e6718309d5,TUMBAL PROYEK,21cineplex,,16TPRK,Horror,106 menit,D17+,2D,2026-05-27,25241742-b95d-40ef-b151-82bf6d42ab00,2026-05-27T17:32:27.432732
d6c47d26-965f-4369-8b5c-b2e6718309d5,SUAMIKU LUKAKU,21cineplex,,16SLUU,Drama,92 menit,D17+,2D,2026-05-27,2e70b3ea-3aef-4a0b-bf92-66b481da21de,2026-05-27T17:32:27.432864
d6c47d26-965f-4369-8b5c-b2e6718309d5,CHILDREN OF HEAVEN,21cineplex,,16COHN,"Drama, Family",97 menit,SU,2D,2026-05-27,d9da4863-2dce-41bb-827e-9b84552076f9,2026-05-27T17:32:27.433000
8f92c43f-a76e-4d3c-9cdc-55c6c9563928,STAR WARS: THE MANDALORIAN AND GROGU,21cineplex,,26SWMG,"Fantasy, Sci-Fi",132 menit,13+,2D,2026-05-27,6be8fe20-aa58-4d18-bb52-7e2380870763,2026-05-27T17:32:29.078537
8f92c43f-a76e-4d3c-9cdc-55c6c9563928,HOKUM,21cineplex,,26HOKM,Horror,107 menit,13+,2D,2026-05-27,a02ade47-ea4d-442b-8b06-130ac8202ee0,2026-05-27T17:32:29.078611
8f92c43f-a76e-4d3c-9cdc-55c6c9563928,SEKAWAN LIMO 2: GUNUNG KLAWIH,21cineplex,,16SK2G,"Comedy, Horror",122 menit,13+,2D,2026-05-27,2675d3ac-328d-4fcb-bcf3-e69763f33dc5,2026-05-27T17:32:29.078655
8f92c43f-a76e-4d3c-9cdc-55c6c9563928,PASSENGER,21cineplex,,26PASR,Horror,94 menit,D17+,2D,2026-05-27,39d7712f-4bba-4db8-8474-ab0ee0f2a871,2026-05-27T17:32:29.078757
8f92c43f-a76e-4d3c-9cdc-55c6c9563928,BADUT GENDONG,21cineplex,,16BGEG,"Action, Horror",101 menit,D17+,2D,2026-05-27,d907ed67-2622-44fc-bec6-b10c04b4a02e,2026-05-27T17:32:29.078837
8f92c43f-a76e-4d3c-9cdc-55c6c9563928,GUDANG MERICA,21cineplex,,16GMEA,"Comedy, Horror",98 menit,D17+,2D,2026-05-27,7adac49b-934e-4903-97a5-eb28ae46813c,2026-05-27T17:32:29.078914
8f92c43f-a76e-4d3c-9cdc-55c6c9563928,SUAMIKU LUKAKU,21cineplex,,16SLUU,Drama,92 menit,D17+,2D,2026-05-27,e12dc0ef-d0a6-4389-8117-4182fab1b21f,2026-05-27T17:32:29.078968
8f92c43f-a76e-4d3c-9cdc-55c6c9563928,SEMUA AKAN BAIK-BAIK SAJA,21cineplex,,16SABB,Drama,113 menit,13+,2D,2026-05-27,e5fada09-63ea-43da-8afa-bb238327e5ea,2026-05-27T17:32:29.079045
8f92c43f-a76e-4d3c-9cdc-55c6c9563928,COLONY,21cineplex,,26COLY,"Horror, Thriller",122 menit,13+,2D,2026-06-03,4cdd2f6f-248b-4ba5-adea-97c0710735f4,2026-05-27T17:32:29.079113
a4f3643c-83e8-49f2-9350-2333fdb23a8b,SUAMIKU LUKAKU,21cineplex,,16SLUU,Drama,92 menit,D17+,2D,2026-05-27,14fcd632-2fa3-4c54-b73c-49a666648a0c,2026-05-27T17:32:30.499166
a4f3643c-83e8-49f2-9350-2333fdb23a8b,CHILDREN OF HEAVEN,21cineplex,,16COHN,"Drama, Family",97 menit,SU,2D,2026-05-27,40dbd7d8-2e6c-430a-be6d-5122c73bdac0,2026-05-27T17:32:30.499498
a4f3643c-83e8-49f2-9350-2333fdb23a8b,PASSENGER,21cineplex,,26PASR,Horror,94 menit,D17+,2D,2026-05-27,8b1988ca-7d0c-4709-af35-4c8a42a3d9ab,2026-05-27T17:32:30.499776
a4f3643c-83e8-49f2-9350-2333fdb23a8b,SEKAWAN LIMO 2: GUNUNG KLAWIH,21cineplex,,16SK2G,"Comedy, Horror",122 menit,13+,2D,2026-05-27,6ac9fec1-876f-400a-ae68-1ead204bf3ee,2026-05-27T17:32:30.499968
a4f3643c-83e8-49f2-9350-2333fdb23a8b,BADUT GENDONG,21cineplex,,16BGEG,"Action, Horror",101 menit,D17+,2D,2026-05-27,7cb1f98e-d35e-4866-965b-2b2eedd82c38,2026-05-27T17:32:30.500139
a415efd9-9efd-4c4f-8791-cf812e0d321a,BADUT GENDONG,21cineplex,,16BGEG,"Action, Horror",101 menit,D17+,2D,2026-05-27,3b38fed2-aee3-4131-9386-d32dba8efe02,2026-05-27T17:32:32.262999
a415efd9-9efd-4c4f-8791-cf812e0d321a,GOHAN,21cineplex,,26GOHN,Drama,140 menit,SU,2D,2026-05-27,bd189e63-5857-48e2-a539-712b93466ce0,2026-05-27T17:32:32.263146
a415efd9-9efd-4c4f-8791-cf812e0d321a,STAR WARS: THE MANDALORIAN AND GROGU,21cineplex,,26SWMG,"Fantasy, Sci-Fi",132 menit,13+,2D,2026-05-27,9978372b-21d3-49cf-b9b8-13f13c5a09b1,2026-05-27T17:32:32.263209
a415efd9-9efd-4c4f-8791-cf812e0d321a,CHILDREN OF HEAVEN,21cineplex,,16COHN,"Drama, Family",97 menit,SU,2D,2026-05-27,a1c4fbde-5223-44b8-930e-08aee57340eb,2026-05-27T17:32:32.263246
a415efd9-9efd-4c4f-8791-cf812e0d321a,PASSENGER,21cineplex,,26PASR,Horror,94 menit,D17+,2D,2026-05-27,f5c4b1b5-5411-4665-8c97-f624987866bf,2026-05-27T17:32:32.263325
a415efd9-9efd-4c4f-8791-cf812e0d321a,HOKUM,21cineplex,,26HOKM,Horror,107 menit,13+,2D,2026-05-27,3dac046f-5c6c-407b-afad-8995da73eabf,2026-05-27T17:32:32.263394
a415efd9-9efd-4c4f-8791-cf812e0d321a,COLONY,21cineplex,,26COLY,"Horror, Thriller",122 menit,13+,2D,2026-06-03,66581ee9-e31e-4c0c-ac33-655759dc8784,2026-05-27T17:32:32.263466
a4b9d823-9686-4c5f-9b07-805113fb322e,CHILDREN OF HEAVEN,21cineplex,,16COHN,"Drama, Family",97 menit,SU,2D,2026-05-27,26290079-36fe-4236-9ca8-4ec54e8567a3,2026-05-27T17:32:35.267905
a4b9d823-9686-4c5f-9b07-805113fb322e,YANG LAIN BOLEH HILANG ASAL KAU JANGAN,21cineplex,,16YLBH,Drama,113 menit,13+,2D,2026-05-27,70ece859-ad31-450f-9d6d-289f4f08ba50,2026-05-27T17:32:35.268062
a4b9d823-9686-4c5f-9b07-805113fb322e,SUAMIKU LUKAKU,21cineplex,,16SLUU,Drama,92 menit,D17+,2D,2026-05-27,e564bac2-00a1-453a-ba54-0fd1e745d128,2026-05-27T17:32:35.268172
a4b9d823-9686-4c5f-9b07-805113fb322e,TUMBAL PROYEK,21cineplex,,16TPRK,Horror,106 menit,D17+,2D,2026-05-27,f25cd174-a274-4d24-a802-675d2fb7524f,2026-05-27T17:32:35.268289
a4b9d823-9686-4c5f-9b07-805113fb322e,GUDANG MERICA,21cineplex,,16GMEA,"Comedy, Horror",98 menit,D17+,2D,2026-05-27,b310347c-ef99-48d4-a6a8-2a72e0d975a0,2026-05-27T17:32:35.268393
a4b9d823-9686-4c5f-9b07-805113fb322e,BADUT GENDONG,21cineplex,,16BGEG,"Action, Horror",101 menit,D17+,2D,2026-05-27,695cd5f3-db8c-4a67-88de-49343706f1fb,2026-05-27T17:32:35.268510
a4b9d823-9686-4c5f-9b07-805113fb322e,SEMUA AKAN BAIK-BAIK SAJA,21cineplex,,16SABB,Drama,113 menit,13+,2D,2026-05-27,9a8cf743-f1f7-41e5-bb88-6b7498268165,2026-05-27T17:32:35.268623
03738c89-175f-4d68-8ae8-66154126b479,HOKUM,21cineplex,,26HOKM,Horror,107 menit,13+,2D,2026-05-27,d5bc0872-26b8-45de-8d7c-d914cce09e9a,2026-05-27T17:32:36.558601
03738c89-175f-4d68-8ae8-66154126b479,GHOST IN THE CELL,21cineplex,,16GITC,"Comedy, Horror",106 menit,D17+,2D,2026-05-27,3e6aa2f2-fd2f-4bf3-b5c1-3a6007545c02,2026-05-27T17:32:36.558841
03738c89-175f-4d68-8ae8-66154126b479,PASSENGER,21cineplex,,26PASR,Horror,94 menit,D17+,2D,2026-05-27,7973bd1f-e76b-4267-987b-4edfaa2ef9a2,2026-05-27T17:32:36.558967
03738c89-175f-4d68-8ae8-66154126b479,SUAMIKU LUKAKU,21cineplex,,16SLUU,Drama,92 menit,D17+,2D,2026-05-27,93be6d60-a18b-4a83-a59b-355299c727b0,2026-05-27T17:32:36.559267
03738c89-175f-4d68-8ae8-66154126b479,CHILDREN OF HEAVEN,21cineplex,,16COHN,"Drama, Family",97 menit,SU,2D,2026-05-27,dd4a4a7c-a3f3-440d-88a1-f6ae2655dcbd,2026-05-27T17:32:36.559393
03738c89-175f-4d68-8ae8-66154126b479,TUMBAL PROYEK,21cineplex,,16TPRK,Horror,106 menit,D17+,2D,2026-05-27,449b2785-2f05-4a3c-a014-adfc304b2607,2026-05-27T17:32:36.559640
03738c89-175f-4d68-8ae8-66154126b479,SEKAWAN LIMO 2: GUNUNG KLAWIH,21cineplex,,16SK2G,"Comedy, Horror",122 menit,13+,2D,2026-05-27,804f2679-944b-43eb-99c0-6a73876c126f,2026-05-27T17:32:36.559763
03738c89-175f-4d68-8ae8-66154126b479,SEMUA AKAN BAIK-BAIK SAJA,21cineplex,,16SABB,Drama,113 menit,13+,2D,2026-05-27,4e3adfcc-672d-48da-a9fa-a4fc9e59292a,2026-05-27T17:32:36.559938
03738c89-175f-4d68-8ae8-66154126b479,COLONY,21cineplex,,26COLY,"Horror, Thriller",122 menit,13+,2D,2026-06-03,d78eaa16-63a6-44c1-a6a6-9ec3315b1fa0,2026-05-27T17:32:36.560142
bf406043-6aeb-4f6a-ac13-8d72c5ad8ec3,SEKAWAN LIMO 2: GUNUNG KLAWIH,21cineplex,,16SK2G,"Comedy, Horror",122 menit,13+,2D,2026-05-27,35fc5569-e6da-43cd-bcbe-ff1c9f56edf5,2026-05-27T17:32:38.264807
bf406043-6aeb-4f6a-ac13-8d72c5ad8ec3,GUDANG MERICA,21cineplex,,16GMEA,"Comedy, Horror",98 menit,D17+,2D,2026-05-27,05eace91-1818-47a9-9d1f-c04ea0078600,2026-05-27T17:32:38.265698
bf406043-6aeb-4f6a-ac13-8d72c5ad8ec3,TUMBAL PROYEK,21cineplex,,16TPRK,Horror,106 menit,D17+,2D,2026-05-27,a59657c1-c7fd-4585-a42d-49f5a14fbde8,2026-05-27T17:32:38.267313
bf406043-6aeb-4f6a-ac13-8d72c5ad8ec3,SUAMIKU LUKAKU,21cineplex,,16SLUU,Drama,92 menit,D17+,2D,2026-05-27,1111dd64-ac71-42ad-9b32-5dedefc6a9b9,2026-05-27T17:32:38.268540
bf406043-6aeb-4f6a-ac13-8d72c5ad8ec3,CHILDREN OF HEAVEN,21cineplex,,16COHN,"Drama, Family",97 menit,SU,2D,2026-05-27,18eab0f6-6dda-4d0e-9723-877d0fcf1c0e,2026-05-27T17:32:38.268623
bf406043-6aeb-4f6a-ac13-8d72c5ad8ec3,BADUT GENDONG,21cineplex,,16BGEG,"Action, Horror",101 menit,D17+,2D,2026-05-27,cb540db1-1f91-4238-9720-53d30463f65c,2026-05-27T17:32:38.268712
f2f75a7b-66e3-44e7-a96d-d303331979df,SEMUA AKAN BAIK-BAIK SAJA,21cineplex,,16SABB,Drama,113 menit,13+,2D,2026-05-27,1b20b6ad-6cf2-4330-a106-a8fcbface396,2026-05-27T17:32:39.515841
f2f75a7b-66e3-44e7-a96d-d303331979df,BADUT GENDONG,21cineplex,,16BGEG,"Action, Horror",101 menit,D17+,2D,2026-05-27,ada9b948-530d-4ca9-b59e-165bd4771050,2026-05-27T17:32:39.516636
f2f75a7b-66e3-44e7-a96d-d303331979df,CHILDREN OF HEAVEN,21cineplex,,16COHN,"Drama, Family",97 menit,SU,2D,2026-05-27,c5b1a9d3-60b6-4a1c-8881-e9f82bc65a1f,2026-05-27T17:32:39.516960
f2f75a7b-66e3-44e7-a96d-d303331979df,STAR WARS: THE MANDALORIAN AND GROGU,21cineplex,,26SWMG,"Fantasy, Sci-Fi",132 menit,13+,2D,2026-05-27,19779a7d-6590-48c2-84b0-9d0541a31702,2026-05-27T17:32:39.517204
f2f75a7b-66e3-44e7-a96d-d303331979df,SEKAWAN LIMO 2: GUNUNG KLAWIH,21cineplex,,16SK2G,"Comedy, Horror",122 menit,13+,2D,2026-05-27,96fa5b9c-8840-431e-8b16-9eb0ff395541,2026-05-27T17:32:39.517415
f2f75a7b-66e3-44e7-a96d-d303331979df,TUMBAL PROYEK,21cineplex,,16TPRK,Horror,106 menit,D17+,2D,2026-05-27,65601187-a221-4425-9e81-0d3071ecc278,2026-05-27T17:32:39.517620
f2f75a7b-66e3-44e7-a96d-d303331979df,GOHAN,21cineplex,,26GOHN,Drama,140 menit,SU,2D,2026-05-27,b36f879a-22bb-44fd-a09e-df3260140db1,2026-05-27T17:32:39.517712
ffa7d4ea-7573-4ffa-9366-8936bb5cff70,GUDANG MERICA,21cineplex,,16GMEA,"Comedy, Horror",98 menit,D17+,2D,2026-05-27,49194a86-0f85-4503-837b-2008d7d177d2,2026-05-27T17:32:41.276087
ffa7d4ea-7573-4ffa-9366-8936bb5cff70,CHILDREN OF HEAVEN,21cineplex,,16COHN,"Drama, Family",97 menit,SU,2D,2026-05-27,d875f33e-14b1-4726-b380-e9e6a311c360,2026-05-27T17:32:41.276246
ffa7d4ea-7573-4ffa-9366-8936bb5cff70,BADUT GENDONG,21cineplex,,16BGEG,"Action, Horror",101 menit,D17+,2D,2026-05-27,3f24d1e3-ba87-4c8d-89a3-3b67cdc6f4ca,2026-05-27T17:32:41.276323
ffa7d4ea-7573-4ffa-9366-8936bb5cff70,SEKAWAN LIMO 2: GUNUNG KLAWIH,21cineplex,,16SK2G,"Comedy, Horror",122 menit,13+,2D,2026-05-27,fb20e9ca-78eb-4797-80e0-c48b46ca1854,2026-05-27T17:32:41.276398
f729a2a1-fdd7-423d-90c6-8f73c3488123,SUAMIKU LUKAKU,21cineplex,,16SLUU,Drama,92 menit,D17+,2D,2026-05-27,07a2bb74-f285-4238-ac7b-ae377ed26e98,2026-05-27T17:32:42.595477
f729a2a1-fdd7-423d-90c6-8f73c3488123,SEKAWAN LIMO 2: GUNUNG KLAWIH,21cineplex,,16SK2G,"Comedy, Horror",122 menit,13+,2D,2026-05-27,549715fa-cefe-42b6-bf9c-b6ae71d5c552,2026-05-27T17:32:42.595630
f729a2a1-fdd7-423d-90c6-8f73c3488123,CHILDREN OF HEAVEN,21cineplex,,16COHN,"Drama, Family",97 menit,SU,2D,2026-05-27,84dd5167-40f1-4104-baa5-22a209d1ffc9,2026-05-27T17:32:42.595700
f729a2a1-fdd7-423d-90c6-8f73c3488123,TUMBAL PROYEK,21cineplex,,16TPRK,Horror,106 menit,D17+,2D,2026-05-27,e97cd5ca-2fcf-4459-826d-004cf1ce5813,2026-05-27T17:32:42.595803
f729a2a1-fdd7-423d-90c6-8f73c3488123,BADUT GENDONG,21cineplex,,16BGEG,"Action, Horror",101 menit,D17+,2D,2026-05-27,58f57100-2d4f-4431-9066-495125601e0d,2026-05-27T17:32:42.595881
0c159e28-23fb-4e3a-aa73-190f8368faa0,PASSENGER,21cineplex,,26PASR,Horror,94 menit,D17+,2D,2026-05-27,ac28cf05-e4b1-44e6-ad61-dc2cd2395dc2,2026-05-27T17:32:44.254156
0c159e28-23fb-4e3a-aa73-190f8368faa0,BADUT GENDONG,21cineplex,,16BGEG,"Action, Horror",101 menit,D17+,2D,2026-05-27,1711b4df-e856-4ba1-aa34-0ed71a64426f,2026-05-27T17:32:44.254433
0c159e28-23fb-4e3a-aa73-190f8368faa0,SUAMIKU LUKAKU,21cineplex,,16SLUU,Drama,92 menit,D17+,2D,2026-05-27,2f2327a2-c6d4-48f8-bf26-0da25aec4c5c,2026-05-27T17:32:44.254809
0c159e28-23fb-4e3a-aa73-190f8368faa0,TUMBAL PROYEK,21cineplex,,16TPRK,Horror,106 menit,D17+,2D,2026-05-27,9f67e966-63b5-45b1-8279-f0ad2c9664f4,2026-05-27T17:32:44.255058
0c159e28-23fb-4e3a-aa73-190f8368faa0,SEKAWAN LIMO 2: GUNUNG KLAWIH,21cineplex,,16SK2G,"Comedy, Horror",122 menit,13+,2D,2026-05-27,ab221b82-3421-4aab-9cb4-16ac04766869,2026-05-27T17:32:44.255197
e1706a7c-6af4-42c6-b5f8-663cd3fe46a6,SEKAWAN LIMO 2: GUNUNG KLAWIH,21cineplex,,16SK2G,"Comedy, Horror",122 menit,13+,2D,2026-05-27,c875e3b1-3e35-46fc-af13-69f521a887e9,2026-05-27T17:32:45.558740
e1706a7c-6af4-42c6-b5f8-663cd3fe46a6,BADUT GENDONG,21cineplex,,16BGEG,"Action, Horror",101 menit,D17+,2D,2026-05-27,041ccbe6-fd93-4a72-98af-20b718536675,2026-05-27T17:32:45.558972
e1706a7c-6af4-42c6-b5f8-663cd3fe46a6,CHILDREN OF HEAVEN,21cineplex,,16COHN,"Drama, Family",97 menit,SU,2D,2026-05-27,3c49d12b-0163-4c9d-adb9-542a0d96e86b,2026-05-27T17:32:45.559158
e1706a7c-6af4-42c6-b5f8-663cd3fe46a6,GUDANG MERICA,21cineplex,,16GMEA,"Comedy, Horror",98 menit,D17+,2D,2026-05-27,a3b28daf-7529-4264-b9f6-33f61e885fb1,2026-05-27T17:32:45.559326
e1706a7c-6af4-42c6-b5f8-663cd3fe46a6,PASSENGER,21cineplex,,26PASR,Horror,94 menit,D17+,2D,2026-05-27,68ffd639-d601-4f4e-8c92-bc2167b4bfa8,2026-05-27T17:32:45.559466
e1706a7c-6af4-42c6-b5f8-663cd3fe46a6,TUMBAL PROYEK,21cineplex,,16TPRK,Horror,106 menit,D17+,2D,2026-05-27,0d63d22e-ed10-4c67-b036-2bb9b61cef0d,2026-05-27T17:32:45.559618
e1706a7c-6af4-42c6-b5f8-663cd3fe46a6,COLONY,21cineplex,,26COLY,"Horror, Thriller",122 menit,13+,2D,2026-06-03,79a4033b-a418-44a4-99eb-2147c7d4c483,2026-05-27T17:32:45.559722
1141f8d9-10f1-48af-9cc8-9075c4f417e8,TUMBAL PROYEK,21cineplex,,16TPRK,Horror,106 menit,D17+,2D,2026-05-27,602f8ce8-1d6d-46b0-88e9-82de58b73696,2026-05-27T17:32:47.254764
1141f8d9-10f1-48af-9cc8-9075c4f417e8,SUAMIKU LUKAKU,21cineplex,,16SLUU,Drama,92 menit,D17+,2D,2026-05-27,6602f466-0113-41c1-80b9-5cbb8e4d885d,2026-05-27T17:32:47.255046
1141f8d9-10f1-48af-9cc8-9075c4f417e8,BADUT GENDONG,21cineplex,,16BGEG,"Action, Horror",101 menit,D17+,2D,2026-05-27,36e68a9a-38af-4bc5-9621-19a4b3046d28,2026-05-27T17:32:47.255268
1141f8d9-10f1-48af-9cc8-9075c4f417e8,CHILDREN OF HEAVEN,21cineplex,,16COHN,"Drama, Family",97 menit,SU,2D,2026-05-27,eae76e09-70e6-48d0-8dcb-dde1a59b2746,2026-05-27T17:32:47.255584
1141f8d9-10f1-48af-9cc8-9075c4f417e8,SEKAWAN LIMO 2: GUNUNG KLAWIH,21cineplex,,16SK2G,"Comedy, Horror",122 menit,13+,2D,2026-05-27,201a3df7-ec6c-49bb-b024-8e3f0b095577,2026-05-27T17:32:47.255821
48fc1eb8-9faa-4fb6-b616-3e03dbcdcc14,GUDANG MERICA,21cineplex,,16GMEA,"Comedy, Horror",98 menit,D17+,2D,2026-05-27,67c496c6-1a58-4763-b9cc-05564d155798,2026-05-27T17:32:48.534622
48fc1eb8-9faa-4fb6-b616-3e03dbcdcc14,SUAMIKU LUKAKU,21cineplex,,16SLUU,Drama,92 menit,D17+,2D,2026-05-27,634102e8-2e60-4705-bd75-06ac03f8c8c4,2026-05-27T17:32:48.534869
48fc1eb8-9faa-4fb6-b616-3e03dbcdcc14,BADUT GENDONG,21cineplex,,16BGEG,"Action, Horror",101 menit,D17+,2D,2026-05-27,b615f08d-243f-42f0-bbda-6674e2ee4855,2026-05-27T17:32:48.535101
48fc1eb8-9faa-4fb6-b616-3e03dbcdcc14,SEMUA AKAN BAIK-BAIK SAJA,21cineplex,,16SABB,Drama,113 menit,13+,2D,2026-05-27,5e703de8-bac3-4624-bdd2-74ec3a77f5de,2026-05-27T17:32:48.535320
48fc1eb8-9faa-4fb6-b616-3e03dbcdcc14,CHILDREN OF HEAVEN,21cineplex,,16COHN,"Drama, Family",97 menit,SU,2D,2026-05-27,128b9f12-8deb-4cf5-a477-d2be94b649a4,2026-05-27T17:32:48.535544
6f4db200-9206-4003-a085-f5606e3b6c01,SEKAWAN LIMO 2: GUNUNG KLAWIH,21cineplex,,16SK2G,"Comedy, Horror",122 menit,13+,2D,2026-05-27,c614e0d8-8774-46b0-a96a-d6d916d04d16,2026-05-27T17:32:50.293960
6f4db200-9206-4003-a085-f5606e3b6c01,PASSENGER,21cineplex,,26PASR,Horror,94 menit,D17+,2D,2026-05-27,ba2e0901-67fc-4dbb-b850-96c1c3eceb48,2026-05-27T17:32:50.294075
6f4db200-9206-4003-a085-f5606e3b6c01,CHILDREN OF HEAVEN,21cineplex,,16COHN,"Drama, Family",97 menit,SU,2D,2026-05-27,88ff831b-af79-4a0c-953c-46f001693b6b,2026-05-27T17:32:50.294178
6f4db200-9206-4003-a085-f5606e3b6c01,COLONY,21cineplex,,26COLY,"Horror, Thriller",122 menit,13+,2D,2026-06-03,4e79192e-e0e6-4fb2-a5b6-80b5d351de9f,2026-05-27T17:32:50.294266
10e46cdf-43e1-4ba0-8a3e-e227d9e60058,CHILDREN OF HEAVEN,21cineplex,,16COHN,"Drama, Family",97 menit,SU,2D,2026-05-27,38b7ba85-eead-49e1-9d51-706b50b59922,2026-05-27T17:32:51.555211
10e46cdf-43e1-4ba0-8a3e-e227d9e60058,GOHAN,21cineplex,,26GOHN,Drama,140 menit,SU,2D,2026-05-27,8c9d0ead-9e67-4da1-bdfb-0f717b279b0e,2026-05-27T17:32:51.555587
10e46cdf-43e1-4ba0-8a3e-e227d9e60058,HOKUM,21cineplex,,26HOKM,Horror,107 menit,13+,2D,2026-05-27,653a0a80-2b45-4bfc-9179-a89918853fb7,2026-05-27T17:32:51.555752
10e46cdf-43e1-4ba0-8a3e-e227d9e60058,PASSENGER,21cineplex,,26PASR,Horror,94 menit,D17+,2D,2026-05-27,c42bf7c3-06e9-4959-ac16-52e245240696,2026-05-27T17:32:51.555927
10e46cdf-43e1-4ba0-8a3e-e227d9e60058,MORTAL KOMBAT II,21cineplex,,25MKT2,"Action, Adventure",116 menit,D17+,2D,2026-05-27,38714915-f9e3-4e60-970b-84715bb1a730,2026-05-27T17:32:51.556148
10e46cdf-43e1-4ba0-8a3e-e227d9e60058,STAR WARS: THE MANDALORIAN AND GROGU,21cineplex,,26SWMG,"Fantasy, Sci-Fi",132 menit,13+,2D,2026-05-27,2d6098ab-379c-4807-975a-c3702e8ac294,2026-05-27T17:32:51.556313
10e46cdf-43e1-4ba0-8a3e-e227d9e60058,COLONY,21cineplex,,26COLY,"Horror, Thriller",122 menit,13+,2D,2026-06-03,3484583b-d9c4-4207-a2ea-9c85ce6c74c9,2026-05-27T17:32:51.556425
af912cdb-0f96-4e48-b421-480d8d8d0cce,SEKAWAN LIMO 2: GUNUNG KLAWIH,21cineplex,,16SK2G,"Comedy, Horror",122 menit,13+,2D,2026-05-27,012bd037-09af-4db9-80eb-93e4ca1ff2a0,2026-05-27T17:32:54.540779
af912cdb-0f96-4e48-b421-480d8d8d0cce,CHILDREN OF HEAVEN,21cineplex,,16COHN,"Drama, Family",97 menit,SU,2D,2026-05-27,c2be8e00-a9e7-4008-8c5f-feef384f1279,2026-05-27T17:32:54.541026
af912cdb-0f96-4e48-b421-480d8d8d0cce,HOKUM,21cineplex,,26HOKM,Horror,107 menit,13+,2D,2026-05-27,291456c3-7212-48c9-991d-1eba79d00373,2026-05-27T17:32:54.541213
af912cdb-0f96-4e48-b421-480d8d8d0cce,PASSENGER,21cineplex,,26PASR,Horror,94 menit,D17+,2D,2026-05-27,76ea7bfc-c220-4309-a780-b6dc8117c09e,2026-05-27T17:32:54.541344
c6dd20e1-9464-4fb1-a24d-c99a3b213100,PASSENGER,21cineplex,,26PASR,Horror,94 menit,D17+,2D,2026-05-27,370d64c1-71be-4b91-8807-6717afbc9f80,2026-05-27T17:32:56.297127
c6dd20e1-9464-4fb1-a24d-c99a3b213100,GOHAN,21cineplex,,26GOHN,Drama,140 menit,SU,2D,2026-05-27,6eea6846-1fe4-49dc-98f6-219fe4afaf05,2026-05-27T17:32:56.297389
c6dd20e1-9464-4fb1-a24d-c99a3b213100,SEKAWAN LIMO 2: GUNUNG KLAWIH,21cineplex,,16SK2G,"Comedy, Horror",122 menit,13+,2D,2026-05-27,7ee7bb98-a9a5-42f9-8b29-0391b3942761,2026-05-27T17:32:56.298038
c6dd20e1-9464-4fb1-a24d-c99a3b213100,HOKUM,21cineplex,,26HOKM,Horror,107 menit,13+,2D,2026-05-27,8f5db4aa-a3e0-411c-800e-de3b3498c121,2026-05-27T17:32:56.298209
c6dd20e1-9464-4fb1-a24d-c99a3b213100,SUAMIKU LUKAKU,21cineplex,,16SLUU,Drama,92 menit,D17+,2D,2026-05-27,9922c221-a5cb-4e75-b884-0e4081e70dd8,2026-05-27T17:32:56.298376
c6dd20e1-9464-4fb1-a24d-c99a3b213100,MICHAEL,21cineplex,,26MICL,Biography,127 menit,SU,2D,2026-05-27,95f26a2c-0863-44e7-a995-c7cfadda96fb,2026-05-27T17:32:56.298613
c6dd20e1-9464-4fb1-a24d-c99a3b213100,COLONY,21cineplex,,26COLY,"Horror, Thriller",122 menit,13+,2D,2026-06-03,578b1692-48ff-4569-a981-cd6253700e89,2026-05-27T17:32:56.298750
633bfd96-dc67-470c-a678-b0c3ff169ed3,SUAMIKU LUKAKU,21cineplex,,16SLUU,Drama,92 menit,D17+,2D,2026-05-27,66a0e643-c88b-4129-88e4-a027bb57c2a4,2026-05-27T17:33:00.586071
633bfd96-dc67-470c-a678-b0c3ff169ed3,STAR WARS: THE MANDALORIAN AND GROGU,21cineplex,,26SWMG,"Fantasy, Sci-Fi",132 menit,13+,2D,2026-05-27,e2e1c874-04f4-42cb-9545-02d89029aa28,2026-05-27T17:33:00.586455
633bfd96-dc67-470c-a678-b0c3ff169ed3,BADUT GENDONG,21cineplex,,16BGEG,"Action, Horror",101 menit,D17+,2D,2026-05-27,0df96421-5f02-43e3-a289-f1e1892e9cd8,2026-05-27T17:33:00.586593
633bfd96-dc67-470c-a678-b0c3ff169ed3,TUMBAL PROYEK,21cineplex,,16TPRK,Horror,106 menit,D17+,2D,2026-05-27,a58b782b-8e74-43ba-ac78-58689e7b2291,2026-05-27T17:33:00.586724
633bfd96-dc67-470c-a678-b0c3ff169ed3,SEKAWAN LIMO 2: GUNUNG KLAWIH,21cineplex,,16SK2G,"Comedy, Horror",122 menit,13+,2D,2026-05-27,6ff8c90d-77bd-43c5-94fd-cd983aa19393,2026-05-27T17:33:00.586883
633bfd96-dc67-470c-a678-b0c3ff169ed3,CHILDREN OF HEAVEN,21cineplex,,16COHN,"Drama, Family",97 menit,SU,2D,2026-05-27,3604150a-74cb-40e9-a48c-c5ade57adef2,2026-05-27T17:33:00.587088
633bfd96-dc67-470c-a678-b0c3ff169ed3,HOKUM,21cineplex,,26HOKM,Horror,107 menit,13+,2D,2026-05-27,aa78f9f0-9100-4ccc-a219-48704414ea75,2026-05-27T17:33:00.587305
633bfd96-dc67-470c-a678-b0c3ff169ed3,PASSENGER,21cineplex,,26PASR,Horror,94 menit,D17+,2D,2026-05-27,02d715e9-adcb-4660-a425-4b495644e0ab,2026-05-27T17:33:00.587503
633bfd96-dc67-470c-a678-b0c3ff169ed3,GOHAN,21cineplex,,26GOHN,Drama,140 menit,SU,2D,2026-05-27,89711140-90e0-48fa-9021-d992cd0d5cba,2026-05-27T17:33:00.587723
633bfd96-dc67-470c-a678-b0c3ff169ed3,COLONY,21cineplex,,26COLY,"Horror, Thriller",122 menit,13+,2D,2026-06-03,a6b3fc10-d763-46c6-ba7f-d21f812b2350,2026-05-27T17:33:00.587925
c041dbbd-f63b-471d-a552-a5e51eec34cb,SEKAWAN LIMO 2: GUNUNG KLAWIH,21cineplex,,16SK2G,"Comedy, Horror",122 menit,13+,2D,2026-05-27,e97f4d29-6da0-4e44-a726-10b0ec504185,2026-05-27T17:33:02.054132
c041dbbd-f63b-471d-a552-a5e51eec34cb,GOHAN,21cineplex,,26GOHN,Drama,140 menit,SU,2D,2026-05-27,4e74e5f0-7583-4207-a7c6-71443a724d98,2026-05-27T17:33:02.054319
c041dbbd-f63b-471d-a552-a5e51eec34cb,PASSENGER,21cineplex,,26PASR,Horror,94 menit,D17+,2D,2026-05-27,0a874760-7058-4020-afcb-f1a0dab57870,2026-05-27T17:33:02.054415
c041dbbd-f63b-471d-a552-a5e51eec34cb,SUAMIKU LUKAKU,21cineplex,,16SLUU,Drama,92 menit,D17+,2D,2026-05-27,f4118cbe-17b1-43ac-b29b-b1dd538b1676,2026-05-27T17:33:02.054554
c041dbbd-f63b-471d-a552-a5e51eec34cb,CHILDREN OF HEAVEN,21cineplex,,16COHN,"Drama, Family",97 menit,SU,2D,2026-05-27,6ca3435b-f89a-4707-88f4-1f7a392be81f,2026-05-27T17:33:02.054720
ba031eb9-e776-434f-a99c-b860d587915f,SUAMIKU LUKAKU,21cineplex,,16SLUU,Drama,92 menit,D17+,2D,2026-05-27,96ed3f8a-3a9d-455a-aca8-ba5a0c8d64ab,2026-05-27T17:33:03.576606
ba031eb9-e776-434f-a99c-b860d587915f,SEKAWAN LIMO 2: GUNUNG KLAWIH,21cineplex,,16SK2G,"Comedy, Horror",122 menit,13+,2D,2026-05-27,5977d0e6-eb7a-4d82-a093-7a6b108ce9d9,2026-05-27T17:33:03.577018
ba031eb9-e776-434f-a99c-b860d587915f,PASSENGER,21cineplex,,26PASR,Horror,94 menit,D17+,2D,2026-05-27,7b59cef9-2c53-45cf-b921-f3cbfd0f9231,2026-05-27T17:33:03.577250
ba031eb9-e776-434f-a99c-b860d587915f,TUMBAL PROYEK,21cineplex,,16TPRK,Horror,106 menit,D17+,2D,2026-05-27,e24f11da-c24a-46a8-917e-b4ba8f83db6d,2026-05-27T17:33:03.577552
ba031eb9-e776-434f-a99c-b860d587915f,CHILDREN OF HEAVEN,21cineplex,,16COHN,"Drama, Family",97 menit,SU,2D,2026-05-27,1b68dfe3-424d-4485-83cc-b5312342571d,2026-05-27T17:33:03.577737
ba031eb9-e776-434f-a99c-b860d587915f,GUDANG MERICA,21cineplex,,16GMEA,"Comedy, Horror",98 menit,D17+,2D,2026-05-27,1ab1cac4-0d52-45d2-84a3-8fc839692ed0,2026-05-27T17:33:03.578011
ba031eb9-e776-434f-a99c-b860d587915f,COLONY,21cineplex,,26COLY,"Horror, Thriller",122 menit,13+,2D,2026-06-03,ecfe4d5a-6653-448b-a49b-1d2501f32b2f,2026-05-27T17:33:03.578227
0f0eed2d-f5cd-4721-88b1-66873a6ba512,CHILDREN OF HEAVEN,21cineplex,,16COHN,"Drama, Family",97 menit,SU,2D,2026-05-27,d28afb43-ab3f-4b0c-96bc-2048842e8bef,2026-05-27T17:33:05.276402
0f0eed2d-f5cd-4721-88b1-66873a6ba512,SEMUA AKAN BAIK-BAIK SAJA,21cineplex,,16SABB,Drama,113 menit,13+,2D,2026-05-27,4b30ef23-e1b8-4b71-a7dc-11b84c794fb2,2026-05-27T17:33:05.276669
0f0eed2d-f5cd-4721-88b1-66873a6ba512,SEKAWAN LIMO 2: GUNUNG KLAWIH,21cineplex,,16SK2G,"Comedy, Horror",122 menit,13+,2D,2026-05-27,1b29afe4-d2d8-40d1-b5fc-99a7d223008c,2026-05-27T17:33:05.276845
0f0eed2d-f5cd-4721-88b1-66873a6ba512,SUAMIKU LUKAKU,21cineplex,,16SLUU,Drama,92 menit,D17+,2D,2026-05-27,9aa4fd3c-1cd4-45ba-914e-15f6c457876e,2026-05-27T17:33:05.277037
0f0eed2d-f5cd-4721-88b1-66873a6ba512,GUDANG MERICA,21cineplex,,16GMEA,"Comedy, Horror",98 menit,D17+,2D,2026-05-27,ae01b351-980f-425a-84a6-31ecb7332c4c,2026-05-27T17:33:05.277229
3d03f6c1-7361-4ff1-b314-75ffdb3656c4,TUMBAL PROYEK,21cineplex,,16TPRK,Horror,106 menit,D17+,2D,2026-05-27,ef91dd4b-0305-4ac5-b669-b0592588d8a3,2026-05-27T17:33:06.574339
3d03f6c1-7361-4ff1-b314-75ffdb3656c4,SUAMIKU LUKAKU,21cineplex,,16SLUU,Drama,92 menit,D17+,2D,2026-05-27,e9ecfb1b-3d17-4b5d-bb33-c3e7c674ffd6,2026-05-27T17:33:06.574540
3d03f6c1-7361-4ff1-b314-75ffdb3656c4,SEKAWAN LIMO 2: GUNUNG KLAWIH,21cineplex,,16SK2G,"Comedy, Horror",122 menit,13+,2D,2026-05-27,328bbfd1-08b4-478a-b803-6bdbfd443926,2026-05-27T17:33:06.575982
3d03f6c1-7361-4ff1-b314-75ffdb3656c4,STAR WARS: THE MANDALORIAN AND GROGU,21cineplex,,26SWMG,"Fantasy, Sci-Fi",132 menit,13+,2D,2026-05-27,f5f0182f-bb39-4f1b-b400-3cb129e2a522,2026-05-27T17:33:06.576174
3d03f6c1-7361-4ff1-b314-75ffdb3656c4,SEMUA AKAN BAIK-BAIK SAJA,21cineplex,,16SABB,Drama,113 menit,13+,2D,2026-05-27,4238708c-2292-4fea-8ede-6c6e03705ae7,2026-05-27T17:33:06.576379
3d03f6c1-7361-4ff1-b314-75ffdb3656c4,PASSENGER,21cineplex,,26PASR,Horror,94 menit,D17+,2D,2026-05-27,4601a272-0940-4513-941b-60e4f912d07e,2026-05-27T17:33:06.577073
3d03f6c1-7361-4ff1-b314-75ffdb3656c4,BADUT GENDONG,21cineplex,,16BGEG,"Action, Horror",101 menit,D17+,2D,2026-05-27,2fcd3442-6194-4c98-8ec1-5d9a3a63887f,2026-05-27T17:33:06.577294
3d03f6c1-7361-4ff1-b314-75ffdb3656c4,CHILDREN OF HEAVEN,21cineplex,,16COHN,"Drama, Family",97 menit,SU,2D,2026-05-27,165e45cc-98e1-49bc-bc7e-f53680e8c903,2026-05-27T17:33:06.577524
3d03f6c1-7361-4ff1-b314-75ffdb3656c4,CHAND MERA DIL,21cineplex,,26CMDL,"Drama, Romance",142 menit,D17+,2D,2026-05-27,b502551f-6892-4384-b735-9b1e757b2e8c,2026-05-27T17:33:06.577724
3d03f6c1-7361-4ff1-b314-75ffdb3656c4,MICHAEL,21cineplex,,26MICL,Biography,127 menit,SU,2D,2026-05-27,ebd1e880-b917-4b72-8dcb-ef0463ed7b9b,2026-05-27T17:33:06.577818
3d03f6c1-7361-4ff1-b314-75ffdb3656c4,HOKUM,21cineplex,,26HOKM,Horror,107 menit,13+,2D,2026-05-27,e04ed271-eaf8-4d6e-b65c-362641880564,2026-05-27T17:33:06.577937
3d03f6c1-7361-4ff1-b314-75ffdb3656c4,GOHAN,21cineplex,,26GOHN,Drama,140 menit,SU,2D,2026-05-27,23b46493-04f5-462d-8d00-03f3bdf2831e,2026-05-27T17:33:06.578170
3d03f6c1-7361-4ff1-b314-75ffdb3656c4,COLONY,21cineplex,,26COLY,"Horror, Thriller",122 menit,13+,2D,2026-06-03,6f6039e4-8698-4337-a228-f23b15a7f4e0,2026-05-27T17:33:06.578301
7cf4eaaf-a41a-4c6c-b96c-0e437baacc20,GOHAN,21cineplex,,26GOHN,Drama,140 menit,SU,2D,2026-05-27,cc29537d-c401-4b8d-ac64-96f5bdd098e4,2026-05-27T17:33:11.299275
7cf4eaaf-a41a-4c6c-b96c-0e437baacc20,STAR WARS: THE MANDALORIAN AND GROGU,21cineplex,,26SWMG,"Fantasy, Sci-Fi",132 menit,13+,2D,2026-05-27,ca6c14e7-af7a-42a5-8cee-6d56cb7a3499,2026-05-27T17:33:11.299519
7cf4eaaf-a41a-4c6c-b96c-0e437baacc20,HOKUM,21cineplex,,26HOKM,Horror,107 menit,13+,2D,2026-05-27,fb7e3d13-1239-4c52-a658-ad47e7bcbf8b,2026-05-27T17:33:11.299659
7cf4eaaf-a41a-4c6c-b96c-0e437baacc20,SEKAWAN LIMO 2: GUNUNG KLAWIH,21cineplex,,16SK2G,"Comedy, Horror",122 menit,13+,2D,2026-05-27,06fe0520-2856-4b79-b041-510b8aa87be3,2026-05-27T17:33:11.299778
7cf4eaaf-a41a-4c6c-b96c-0e437baacc20,MICHAEL,21cineplex,,26MICL,Biography,127 menit,SU,2D,2026-05-27,079e457c-b853-4b0c-a91d-72bcbebe12da,2026-05-27T17:33:11.299959
7cf4eaaf-a41a-4c6c-b96c-0e437baacc20,SUAMIKU LUKAKU,21cineplex,,16SLUU,Drama,92 menit,D17+,2D,2026-05-27,0a71075c-688e-4f70-84cc-44606b80d931,2026-05-27T17:33:11.300097
7cf4eaaf-a41a-4c6c-b96c-0e437baacc20,CHILDREN OF HEAVEN,21cineplex,,16COHN,"Drama, Family",97 menit,SU,2D,2026-05-27,cb306838-23a4-423e-a073-f996d3aea3cb,2026-05-27T17:33:11.300302
7cf4eaaf-a41a-4c6c-b96c-0e437baacc20,PASSENGER,21cineplex,,26PASR,Horror,94 menit,D17+,2D,2026-05-27,43f34763-5152-43a3-bf71-49a015c96dd3,2026-05-27T17:33:11.300485
7cf4eaaf-a41a-4c6c-b96c-0e437baacc20,BADUT GENDONG,21cineplex,,16BGEG,"Action, Horror",101 menit,D17+,2D,2026-05-27,c224c69f-613a-4aba-949a-10aa1a98546b,2026-05-27T17:33:11.300724
7cf4eaaf-a41a-4c6c-b96c-0e437baacc20,COLONY,21cineplex,,26COLY,"Horror, Thriller",122 menit,13+,2D,2026-06-03,c5b2e1c4-99d5-4561-90d7-233b6611d72a,2026-05-27T17:33:11.301000
2e1ca647-8eb3-489a-98de-f47ce89f566f,PASSENGER,21cineplex,,26PASR,Horror,94 menit,D17+,2D,2026-05-27,46549bb3-889a-4279-b372-2bb56ab1b21a,2026-05-27T17:33:14.171017
2e1ca647-8eb3-489a-98de-f47ce89f566f,BADUT GENDONG,21cineplex,,16BGEG,"Action, Horror",101 menit,D17+,2D,2026-05-27,596c1be6-1906-41ed-af7c-b5a83438a5a4,2026-05-27T17:33:14.171317
2e1ca647-8eb3-489a-98de-f47ce89f566f,SEKAWAN LIMO 2: GUNUNG KLAWIH,21cineplex,,16SK2G,"Comedy, Horror",122 menit,13+,2D,2026-05-27,2cc6893d-8ec6-422b-a3bc-5851e3f245f5,2026-05-27T17:33:14.171491
2e1ca647-8eb3-489a-98de-f47ce89f566f,SEMUA AKAN BAIK-BAIK SAJA,21cineplex,,16SABB,Drama,113 menit,13+,2D,2026-05-27,a2d0eb87-4edc-458f-929c-7a77b63b2139,2026-05-27T17:33:14.171626
2e1ca647-8eb3-489a-98de-f47ce89f566f,GOHAN,21cineplex,,26GOHN,Drama,140 menit,SU,2D,2026-05-27,182ec378-d83b-4263-b410-ce9d03f2b102,2026-05-27T17:33:14.171818
2e1ca647-8eb3-489a-98de-f47ce89f566f,CHILDREN OF HEAVEN,21cineplex,,16COHN,"Drama, Family",97 menit,SU,2D,2026-05-27,75ade850-3979-4557-b9ef-e4cb51caa71a,2026-05-27T17:33:14.171916
2e1ca647-8eb3-489a-98de-f47ce89f566f,STAR WARS: THE MANDALORIAN AND GROGU,21cineplex,,26SWMG,"Fantasy, Sci-Fi",132 menit,13+,2D,2026-05-27,6d3f19e5-d068-4577-94eb-b5b3bf7f7445,2026-05-27T17:33:14.172054
2e1ca647-8eb3-489a-98de-f47ce89f566f,TUMBAL PROYEK,21cineplex,,16TPRK,Horror,106 menit,D17+,2D,2026-05-27,ebf097c9-10c0-4cee-a574-d7e1edc9ad9a,2026-05-27T17:33:14.172131
2e1ca647-8eb3-489a-98de-f47ce89f566f,HOKUM,21cineplex,,26HOKM,Horror,107 menit,13+,2D,2026-05-27,d204c640-a082-40e4-94da-df15505bb51d,2026-05-27T17:33:14.172231
2e1ca647-8eb3-489a-98de-f47ce89f566f,COLONY,21cineplex,,26COLY,"Horror, Thriller",122 menit,13+,2D,2026-06-03,9a0e38b3-975e-4f72-a1dc-d27d7437d27f,2026-05-27T17:33:14.172342
f22f8eee-a35f-473e-b3b3-028a909248a3,SUAMIKU LUKAKU,21cineplex,,16SLUU,Drama,92 menit,D17+,2D,2026-05-27,d78d8275-a831-4e31-ae47-2040cd6458d9,2026-05-27T17:33:17.319930
f22f8eee-a35f-473e-b3b3-028a909248a3,SEKAWAN LIMO 2: GUNUNG KLAWIH,21cineplex,,16SK2G,"Comedy, Horror",122 menit,13+,2D,2026-05-27,a4efec4c-3bd0-4e09-b700-ef0ba7349ead,2026-05-27T17:33:17.320361
f22f8eee-a35f-473e-b3b3-028a909248a3,CHILDREN OF HEAVEN,21cineplex,,16COHN,"Drama, Family",97 menit,SU,2D,2026-05-27,c8d2a46f-7ec3-429b-9c07-43ad27364887,2026-05-27T17:33:17.320525
f22f8eee-a35f-473e-b3b3-028a909248a3,SEMUA AKAN BAIK-BAIK SAJA,21cineplex,,16SABB,Drama,113 menit,13+,2D,2026-05-27,27961702-7938-41a5-b3e8-499e81eeccc3,2026-05-27T17:33:17.320964
f22f8eee-a35f-473e-b3b3-028a909248a3,BADUT GENDONG,21cineplex,,16BGEG,"Action, Horror",101 menit,D17+,2D,2026-05-27,4e555bb1-1e39-4cf5-b1db-adc530270595,2026-05-27T17:33:17.321652
f22f8eee-a35f-473e-b3b3-028a909248a3,TUMBAL PROYEK,21cineplex,,16TPRK,Horror,106 menit,D17+,2D,2026-05-27,5b4b2446-bb9f-41de-9f58-6aaf1b2d091a,2026-05-27T17:33:17.321919
4029e5bf-4be3-400e-a1f8-28b6282ef9fd,SUAMIKU LUKAKU,21cineplex,,16SLUU,Drama,92 menit,D17+,2D,2026-05-27,644801cb-6f37-4bd5-9409-f101ee8e0777,2026-05-27T17:33:18.570747
4029e5bf-4be3-400e-a1f8-28b6282ef9fd,HOKUM,21cineplex,,26HOKM,Horror,107 menit,13+,2D,2026-05-27,3611d0bd-ca14-4b10-b308-ec1563543247,2026-05-27T17:33:18.571784
4029e5bf-4be3-400e-a1f8-28b6282ef9fd,TUMBAL PROYEK,21cineplex,,16TPRK,Horror,106 menit,D17+,2D,2026-05-27,daca8ad2-962e-4a40-86c0-38725878c432,2026-05-27T17:33:18.572264
4029e5bf-4be3-400e-a1f8-28b6282ef9fd,CHILDREN OF HEAVEN,21cineplex,,16COHN,"Drama, Family",97 menit,SU,2D,2026-05-27,c2983786-2748-44b6-b303-41925ffea505,2026-05-27T17:33:18.572431
4029e5bf-4be3-400e-a1f8-28b6282ef9fd,SEMUA AKAN BAIK-BAIK SAJA,21cineplex,,16SABB,Drama,113 menit,13+,2D,2026-05-27,87dc94db-827f-4256-adc2-d9ddc08935d1,2026-05-27T17:33:18.572658
4029e5bf-4be3-400e-a1f8-28b6282ef9fd,GOHAN,21cineplex,,26GOHN,Drama,140 menit,SU,2D,2026-05-27,aaf7ad52-ae29-431a-8e72-2b1552edbb44,2026-05-27T17:33:18.573235
4029e5bf-4be3-400e-a1f8-28b6282ef9fd,SEKAWAN LIMO 2: GUNUNG KLAWIH,21cineplex,,16SK2G,"Comedy, Horror",122 menit,13+,2D,2026-05-27,b39c5af2-db9b-448a-bec9-fe4a4d952110,2026-05-27T17:33:18.573538
4029e5bf-4be3-400e-a1f8-28b6282ef9fd,STAR WARS: THE MANDALORIAN AND GROGU,21cineplex,,26SWMG,"Fantasy, Sci-Fi",132 menit,13+,2D,2026-05-27,8494c276-4d27-4e71-9e70-8f51c3d56bfc,2026-05-27T17:33:18.574747
eb544660-eb3b-4df0-b12c-a4dc9e7f15a2,HOKUM,21cineplex,,26HOKM,Horror,107 menit,13+,2D,2026-05-27,e97d9466-f7f7-4240-acd9-677c2c67603d,2026-05-27T17:33:20.073743
eb544660-eb3b-4df0-b12c-a4dc9e7f15a2,SEKAWAN LIMO 2: GUNUNG KLAWIH,21cineplex,,16SK2G,"Comedy, Horror",122 menit,13+,2D,2026-05-27,4b58bc03-dc9a-48b1-bec7-ab3cd35809b3,2026-05-27T17:33:20.074000
eb544660-eb3b-4df0-b12c-a4dc9e7f15a2,PASSENGER,21cineplex,,26PASR,Horror,94 menit,D17+,2D,2026-05-27,bb62732e-10ec-4fd9-b43a-d8cc38a4c8a1,2026-05-27T17:33:20.074197
eb544660-eb3b-4df0-b12c-a4dc9e7f15a2,SUAMIKU LUKAKU,21cineplex,,16SLUU,Drama,92 menit,D17+,2D,2026-05-27,94fc58eb-82d4-4c9a-a453-1c1283b785c6,2026-05-27T17:33:20.074386
eb544660-eb3b-4df0-b12c-a4dc9e7f15a2,STAR WARS: THE MANDALORIAN AND GROGU,21cineplex,,26SWMG,"Fantasy, Sci-Fi",132 menit,13+,2D,2026-05-27,74c17bee-8ae2-4108-8660-a132f86dc0d8,2026-05-27T17:33:20.074635
eb544660-eb3b-4df0-b12c-a4dc9e7f15a2,GOHAN,21cineplex,,26GOHN,Drama,140 menit,SU,2D,2026-05-27,bb64038b-87a3-4f46-b7e0-0dae7b29a241,2026-05-27T17:33:20.074805
eb544660-eb3b-4df0-b12c-a4dc9e7f15a2,SEMUA AKAN BAIK-BAIK SAJA,21cineplex,,16SABB,Drama,113 menit,13+,2D,2026-05-27,9b62f874-f3f4-431b-8465-53cd8f90ab01,2026-05-27T17:33:20.074997
eb544660-eb3b-4df0-b12c-a4dc9e7f15a2,MICHAEL,21cineplex,,26MICL,Biography,127 menit,SU,2D,2026-05-27,b8973681-445f-4a06-ac6d-95a7f0e3e10a,2026-05-27T17:33:20.076485
eb544660-eb3b-4df0-b12c-a4dc9e7f15a2,CHILDREN OF HEAVEN,21cineplex,,16COHN,"Drama, Family",97 menit,SU,2D,2026-05-27,f127c182-b334-41d5-bc04-e084932533a0,2026-05-27T17:33:20.076611
eb544660-eb3b-4df0-b12c-a4dc9e7f15a2,COLONY,21cineplex,,26COLY,"Horror, Thriller",122 menit,13+,2D,2026-06-03,048747ab-07db-4f02-91cd-8ccf4084f6e2,2026-05-27T17:33:20.076827
835089b6-9d57-4ca4-a4e6-e276f9366cee,BADUT GENDONG,21cineplex,,16BGEG,"Action, Horror",101 menit,D17+,2D,2026-05-27,95c915bf-ce28-4030-8c33-5fbd6dd8c6aa,2026-05-27T17:33:23.336185
835089b6-9d57-4ca4-a4e6-e276f9366cee,CHILDREN OF HEAVEN,21cineplex,,16COHN,"Drama, Family",97 menit,SU,2D,2026-05-27,2d798e89-6913-4ebb-83e0-258113dfdb7d,2026-05-27T17:33:23.336487
835089b6-9d57-4ca4-a4e6-e276f9366cee,SUAMIKU LUKAKU,21cineplex,,16SLUU,Drama,92 menit,D17+,2D,2026-05-27,f2755a48-69ce-4b01-a157-27b9edd84663,2026-05-27T17:33:23.336674
835089b6-9d57-4ca4-a4e6-e276f9366cee,STAR WARS: THE MANDALORIAN AND GROGU,21cineplex,,26SWMG,"Fantasy, Sci-Fi",132 menit,13+,2D,2026-05-27,46ab4c3f-affd-4c63-b5b3-c369868092d2,2026-05-27T17:33:23.336863
835089b6-9d57-4ca4-a4e6-e276f9366cee,THE DEVIL WEARS PRADA 2,21cineplex,,26DWP2,"Comedy, Drama",119 menit,13+,2D,2026-05-27,0f0b7d71-462b-4376-ba8a-9778a9adab0c,2026-05-27T17:33:23.336971
835089b6-9d57-4ca4-a4e6-e276f9366cee,PASSENGER,21cineplex,,26PASR,Horror,94 menit,D17+,2D,2026-05-27,7e5a5216-eafc-41c0-95fa-018a2be7c2fb,2026-05-27T17:33:23.337103
835089b6-9d57-4ca4-a4e6-e276f9366cee,HOKUM,21cineplex,,26HOKM,Horror,107 menit,13+,2D,2026-05-27,434f9262-66c5-47f5-ba3c-86587ac03a9d,2026-05-27T17:33:23.337294
835089b6-9d57-4ca4-a4e6-e276f9366cee,MICHAEL,21cineplex,,26MICL,Biography,127 menit,SU,2D,2026-05-27,42fc4478-5eda-458e-8dd1-6bcdfa404557,2026-05-27T17:33:23.337414
835089b6-9d57-4ca4-a4e6-e276f9366cee,COLONY,21cineplex,,26COLY,"Horror, Thriller",122 menit,13+,2D,2026-06-03,cf6ec674-fb22-4e23-939f-76fb69bfb385,2026-05-27T17:33:23.337541
0c9a4848-0585-46af-9b23-4d773d767acc,CHILDREN OF HEAVEN,21cineplex,,16COHN,"Drama, Family",97 menit,SU,2D,2026-05-27,5de96642-338c-4273-9bd8-f72b1b91381f,2026-05-27T17:33:26.164123
0c9a4848-0585-46af-9b23-4d773d767acc,SEKAWAN LIMO 2: GUNUNG KLAWIH,21cineplex,,16SK2G,"Comedy, Horror",122 menit,13+,2D,2026-05-27,6c0facd0-6f69-4c79-96bf-264387f02edc,2026-05-27T17:33:26.164216
0c9a4848-0585-46af-9b23-4d773d767acc,GUDANG MERICA,21cineplex,,16GMEA,"Comedy, Horror",98 menit,D17+,2D,2026-05-27,b73bf18a-4b59-40f6-a380-dbc6f61d3add,2026-05-27T17:33:26.164257
0c9a4848-0585-46af-9b23-4d773d767acc,TUMBAL PROYEK,21cineplex,,16TPRK,Horror,106 menit,D17+,2D,2026-05-27,b141869f-b9cd-46ce-b9b7-1d801ced38cd,2026-05-27T17:33:26.164305
0c9a4848-0585-46af-9b23-4d773d767acc,BADUT GENDONG,21cineplex,,16BGEG,"Action, Horror",101 menit,D17+,2D,2026-05-27,994611ec-1474-4818-bc53-90ae8ab3e0c8,2026-05-27T17:33:26.164338
0c9a4848-0585-46af-9b23-4d773d767acc,SUAMIKU LUKAKU,21cineplex,,16SLUU,Drama,92 menit,D17+,2D,2026-05-27,cf3a8ad9-8dae-454a-881b-9719cef36ca1,2026-05-27T17:33:26.164398
919c0738-386e-419e-a10c-58cfcaabfbf3,TUMBAL PROYEK,21cineplex,,16TPRK,Horror,106 menit,D17+,2D,2026-05-27,b0b4822a-adca-4acb-8241-d9f15ffd744e,2026-05-27T17:33:27.615104
919c0738-386e-419e-a10c-58cfcaabfbf3,CHILDREN OF HEAVEN,21cineplex,,16COHN,"Drama, Family",97 menit,SU,2D,2026-05-27,26dcd2c4-b32d-48e8-ad75-0aa533339ae0,2026-05-27T17:33:27.615316
919c0738-386e-419e-a10c-58cfcaabfbf3,GUDANG MERICA,21cineplex,,16GMEA,"Comedy, Horror",98 menit,D17+,2D,2026-05-27,714a233c-221b-480b-b0ec-78ea194bc541,2026-05-27T17:33:27.615559
919c0738-386e-419e-a10c-58cfcaabfbf3,SUAMIKU LUKAKU,21cineplex,,16SLUU,Drama,92 menit,D17+,2D,2026-05-27,52bc090b-0225-4a00-87bd-32dfdaa3bf02,2026-05-27T17:33:27.615817
919c0738-386e-419e-a10c-58cfcaabfbf3,SEKAWAN LIMO 2: GUNUNG KLAWIH,21cineplex,,16SK2G,"Comedy, Horror",122 menit,13+,2D,2026-05-27,f69684ab-9537-4437-a41d-487a0f5852ca,2026-05-27T17:33:27.616029
919c0738-386e-419e-a10c-58cfcaabfbf3,SEMUA AKAN BAIK-BAIK SAJA,21cineplex,,16SABB,Drama,113 menit,13+,2D,2026-05-27,bf7aeaab-45b4-4305-ae40-05430cad888e,2026-05-27T17:33:27.616197
e9f44de7-efba-4b65-97b6-c16d7e447486,STAR WARS: THE MANDALORIAN AND GROGU,21cineplex,,26SWMG,"Fantasy, Sci-Fi",132 menit,13+,2D,2026-05-27,9810c266-8436-450e-81a6-137524109613,2026-05-27T17:33:29.361165
e9f44de7-efba-4b65-97b6-c16d7e447486,PASSENGER,21cineplex,,26PASR,Horror,94 menit,D17+,2D,2026-05-27,39ddff7c-4e92-40f5-9fd3-315decddd6fd,2026-05-27T17:33:29.361231
e9f44de7-efba-4b65-97b6-c16d7e447486,HOKUM,21cineplex,,26HOKM,Horror,107 menit,13+,2D,2026-05-27,d61c6624-6600-4801-888f-cc00367d3e3a,2026-05-27T17:33:29.361294
e9f44de7-efba-4b65-97b6-c16d7e447486,CHILDREN OF HEAVEN,21cineplex,,16COHN,"Drama, Family",97 menit,SU,2D,2026-05-27,47c31d26-0093-4626-bc9a-dbd7ff3ce4da,2026-05-27T17:33:29.361333
e9f44de7-efba-4b65-97b6-c16d7e447486,BADUT GENDONG,21cineplex,,16BGEG,"Action, Horror",101 menit,D17+,2D,2026-05-27,a8111b6a-854a-4c6c-b88e-fa20ef9dbf84,2026-05-27T17:33:29.361399
e9f44de7-efba-4b65-97b6-c16d7e447486,COLONY,21cineplex,,26COLY,"Horror, Thriller",122 menit,13+,2D,2026-06-03,d0c815cb-e061-4205-b140-517720713696,2026-05-27T17:33:29.361483
eb836c4a-5de3-4de3-bd4a-028f3b4e349d,GOHAN,21cineplex,,26GOHN,Drama,140 menit,SU,2D,2026-05-27,b847ee85-654b-4527-abf8-80c847f062d8,2026-05-27T17:33:32.324037
eb836c4a-5de3-4de3-bd4a-028f3b4e349d,STAR WARS: THE MANDALORIAN AND GROGU,21cineplex,,26SWMG,"Fantasy, Sci-Fi",132 menit,13+,2D,2026-05-27,3da80281-a043-4493-b416-57b5f8616427,2026-05-27T17:33:32.324316
eb836c4a-5de3-4de3-bd4a-028f3b4e349d,SUAMIKU LUKAKU,21cineplex,,16SLUU,Drama,92 menit,D17+,2D,2026-05-27,5d3b1b51-314c-4511-b04c-67d443954f41,2026-05-27T17:33:32.324421
eb836c4a-5de3-4de3-bd4a-028f3b4e349d,PASSENGER,21cineplex,,26PASR,Horror,94 menit,D17+,2D,2026-05-27,83115b9c-edad-4e25-920d-a13b900644d5,2026-05-27T17:33:32.324614
eb836c4a-5de3-4de3-bd4a-028f3b4e349d,BADUT GENDONG,21cineplex,,16BGEG,"Action, Horror",101 menit,D17+,2D,2026-05-27,50ad0dfc-f294-4de1-ade9-41b2e5ed227c,2026-05-27T17:33:32.324789
eb836c4a-5de3-4de3-bd4a-028f3b4e349d,SEKAWAN LIMO 2: GUNUNG KLAWIH,21cineplex,,16SK2G,"Comedy, Horror",122 menit,13+,2D,2026-05-27,eb399308-1cc8-4cff-b6bd-a0935540a089,2026-05-27T17:33:32.324958
eb836c4a-5de3-4de3-bd4a-028f3b4e349d,COLONY,21cineplex,,26COLY,"Horror, Thriller",122 menit,13+,2D,2026-06-03,59fec80a-ecba-44a7-bd0e-9eba4570a170,2026-05-27T17:33:32.325144
62af358e-decb-4a5d-921e-0c16bcc0dfbf,TUMBAL PROYEK,21cineplex,,16TPRK,Horror,106 menit,D17+,2D,2026-05-27,a530e64e-6b8f-488b-8be0-4356b3098669,2026-05-27T17:33:35.293706
62af358e-decb-4a5d-921e-0c16bcc0dfbf,GUDANG MERICA,21cineplex,,16GMEA,"Comedy, Horror",98 menit,D17+,2D,2026-05-27,f932be2d-4509-435e-b917-ac0b87650646,2026-05-27T17:33:35.293766
62af358e-decb-4a5d-921e-0c16bcc0dfbf,BADUT GENDONG,21cineplex,,16BGEG,"Action, Horror",101 menit,D17+,2D,2026-05-27,5d522852-6596-4841-8b78-7f790ae5d82c,2026-05-27T17:33:35.293843
62af358e-decb-4a5d-921e-0c16bcc0dfbf,SUAMIKU LUKAKU,21cineplex,,16SLUU,Drama,92 menit,D17+,2D,2026-05-27,a521e231-4a18-45a4-b801-df1cedd0df3a,2026-05-27T17:33:35.293915
62af358e-decb-4a5d-921e-0c16bcc0dfbf,SEKAWAN LIMO 2: GUNUNG KLAWIH,21cineplex,,16SK2G,"Comedy, Horror",122 menit,13+,2D,2026-05-27,b042d65a-66c3-4779-ae4b-3190c19e7755,2026-05-27T17:33:35.293986
f7d9d3f1-4c54-4918-983e-66b6b141ed98,HOKUM,21cineplex,,26HOKM,Horror,107 menit,13+,2D,2026-05-27,83efcade-4cea-46dd-95fd-6dc173f15c5e,2026-05-27T17:33:36.616706
f7d9d3f1-4c54-4918-983e-66b6b141ed98,MICHAEL,21cineplex,,26MICL,Biography,127 menit,SU,2D,2026-05-27,7c9d39df-fc9f-4abe-8112-3b65b5a3725a,2026-05-27T17:33:36.616885
f7d9d3f1-4c54-4918-983e-66b6b141ed98,CHILDREN OF HEAVEN,21cineplex,,16COHN,"Drama, Family",97 menit,SU,2D,2026-05-27,734874eb-97fe-4bd6-9aaa-4c9f1ea67652,2026-05-27T17:33:36.616985
f7d9d3f1-4c54-4918-983e-66b6b141ed98,STAR WARS: THE MANDALORIAN AND GROGU,21cineplex,,26SWMG,"Fantasy, Sci-Fi",132 menit,13+,2D,2026-05-27,0a87b164-b9ff-483f-808b-e9549e2e6b04,2026-05-27T17:33:36.617170
f7d9d3f1-4c54-4918-983e-66b6b141ed98,THE DEVIL WEARS PRADA 2,21cineplex,,26DWP2,"Comedy, Drama",119 menit,13+,2D,2026-05-27,8d039257-20e2-4a1d-8c55-18dde6fd6ba3,2026-05-27T17:33:36.617244
f7d9d3f1-4c54-4918-983e-66b6b141ed98,PASSENGER,21cineplex,,26PASR,Horror,94 menit,D17+,2D,2026-05-27,b30734d8-bcea-49f4-9949-5802e5583709,2026-05-27T17:33:36.617403
f7d9d3f1-4c54-4918-983e-66b6b141ed98,COLONY,21cineplex,,26COLY,"Horror, Thriller",122 menit,13+,2D,2026-06-03,f795c95d-9633-4eb0-9f15-339855dfe2d7,2026-05-27T17:33:36.617591
b6e3ef56-ba78-4ac1-b9ee-48e9f5c845cf,SEMUA AKAN BAIK-BAIK SAJA,21cineplex,,16SABB,Drama,113 menit,13+,2D,2026-05-27,b78c5c54-8a5d-4790-a1b5-02397f871795,2026-05-27T17:33:39.607700
b6e3ef56-ba78-4ac1-b9ee-48e9f5c845cf,STAR WARS: THE MANDALORIAN AND GROGU,21cineplex,,26SWMG,"Fantasy, Sci-Fi",132 menit,13+,2D,2026-05-27,eb944c66-964d-4063-bc9a-42fdf4b9ae75,2026-05-27T17:33:39.607842
b6e3ef56-ba78-4ac1-b9ee-48e9f5c845cf,PROJECT HAIL MARY,21cineplex,,26PHMY,Sci-Fi,157 menit,13+,2D,2026-05-27,e8b211d7-9a30-4c6b-9601-e32ba453232f,2026-05-27T17:33:39.607898
b6e3ef56-ba78-4ac1-b9ee-48e9f5c845cf,CHILDREN OF HEAVEN,21cineplex,,16COHN,"Drama, Family",97 menit,SU,2D,2026-05-27,6880b234-7393-4364-9c75-72044bfa7317,2026-05-27T17:33:39.607944
b6e3ef56-ba78-4ac1-b9ee-48e9f5c845cf,SEKAWAN LIMO 2: GUNUNG KLAWIH,21cineplex,,16SK2G,"Comedy, Horror",122 menit,13+,2D,2026-05-27,f5047174-5ef8-4300-a3b8-f9c6e0c2d466,2026-05-27T17:33:39.607996
b6e3ef56-ba78-4ac1-b9ee-48e9f5c845cf,THE DEVIL WEARS PRADA 2,21cineplex,,26DWP2,"Comedy, Drama",119 menit,13+,2D,2026-05-27,91ec0500-ff9a-4ccd-af64-e2c4d2224d99,2026-05-27T17:33:39.608056
b6e3ef56-ba78-4ac1-b9ee-48e9f5c845cf,BADUT GENDONG,21cineplex,,16BGEG,"Action, Horror",101 menit,D17+,2D,2026-05-27,9d841249-2265-40ae-b779-175c4b3d81f2,2026-05-27T17:33:39.608092
b6e3ef56-ba78-4ac1-b9ee-48e9f5c845cf,MICHAEL,21cineplex,,26MICL,Biography,127 menit,SU,2D,2026-05-27,d8fef8f0-10ff-4095-9e10-2d1743be9617,2026-05-27T17:33:39.608158
b6e3ef56-ba78-4ac1-b9ee-48e9f5c845cf,PASSENGER,21cineplex,,26PASR,Horror,94 menit,D17+,2D,2026-05-27,f818dd09-3fab-4150-a80c-e26c3b984fb1,2026-05-27T17:33:39.608190
b6e3ef56-ba78-4ac1-b9ee-48e9f5c845cf,CHAND MERA DIL,21cineplex,,26CMDL,"Drama, Romance",142 menit,D17+,2D,2026-05-27,335758d8-1eec-4bd5-9a6d-ff047eddbaae,2026-05-27T17:33:39.608250
b6e3ef56-ba78-4ac1-b9ee-48e9f5c845cf,HOKUM,21cineplex,,26HOKM,Horror,107 menit,13+,2D,2026-05-27,595db218-203b-4ae4-9fe8-df4d9a6d92bf,2026-05-27T17:33:39.608287
b6e3ef56-ba78-4ac1-b9ee-48e9f5c845cf,SUAMIKU LUKAKU,21cineplex,,16SLUU,Drama,92 menit,D17+,2D,2026-05-27,ffaae0cc-907a-4375-a611-670aa754bdef,2026-05-27T17:33:39.608323
b6e3ef56-ba78-4ac1-b9ee-48e9f5c845cf,COLONY,21cineplex,,26COLY,"Horror, Thriller",122 menit,13+,2D,2026-06-03,f2fbac88-e831-4cf4-b3ad-a7cd13941de6,2026-05-27T17:33:39.608408
54a2e92e-82ae-4daf-ba26-ab458d776a20,MICHAEL,21cineplex,,26MICL,Biography,127 menit,SU,2D,2026-05-27,ba767a41-18d7-4c69-899e-8f661b073034,2026-05-27T17:33:42.593876
54a2e92e-82ae-4daf-ba26-ab458d776a20,STAR WARS: THE MANDALORIAN AND GROGU,21cineplex,,26SWMG,"Fantasy, Sci-Fi",132 menit,13+,2D,2026-05-27,bf1bcddf-6550-4ff2-af45-e412806bbdc7,2026-05-27T17:33:42.594020
54a2e92e-82ae-4daf-ba26-ab458d776a20,CHILDREN OF HEAVEN,21cineplex,,16COHN,"Drama, Family",97 menit,SU,2D,2026-05-27,29948438-8980-48b9-8f7f-cbabe042c0a2,2026-05-27T17:33:42.594100
54a2e92e-82ae-4daf-ba26-ab458d776a20,PASSENGER,21cineplex,,26PASR,Horror,94 menit,D17+,2D,2026-05-27,22cbb43b-f650-46ac-aeed-50bd0a1e40e5,2026-05-27T17:33:42.594220
54a2e92e-82ae-4daf-ba26-ab458d776a20,COLONY,21cineplex,,26COLY,"Horror, Thriller",122 menit,13+,2D,2026-06-03,014e3c89-48a0-46ef-acec-ceb5efbb3b67,2026-05-27T17:33:42.594348
5bf1560e-e9f4-490b-89c0-62955b9afee0,GOHAN,21cineplex,,26GOHN,Drama,140 menit,SU,2D,2026-05-27,2fdde6f3-5d14-4d83-a25d-ba4b16547d01,2026-05-27T17:33:45.609854
5bf1560e-e9f4-490b-89c0-62955b9afee0,STAR WARS: THE MANDALORIAN AND GROGU,21cineplex,,26SWMG,"Fantasy, Sci-Fi",132 menit,13+,2D,2026-05-27,514050f8-efef-4605-8202-5b41b068215b,2026-05-27T17:33:45.609934
5bf1560e-e9f4-490b-89c0-62955b9afee0,CHILDREN OF HEAVEN,21cineplex,,16COHN,"Drama, Family",97 menit,SU,2D,2026-05-27,0a03eff8-e05a-499d-beba-a1cd8e1a6840,2026-05-27T17:33:45.609984
5bf1560e-e9f4-490b-89c0-62955b9afee0,TUMBAL PROYEK,21cineplex,,16TPRK,Horror,106 menit,D17+,2D,2026-05-27,93ec68ec-af97-43a9-b836-54ac8964ae99,2026-05-27T17:33:45.610077
5bf1560e-e9f4-490b-89c0-62955b9afee0,MICHAEL,21cineplex,,26MICL,Biography,127 menit,SU,2D,2026-05-27,53e1d15d-8a20-4eab-9633-02a46beb0af2,2026-05-27T17:33:45.610153
5bf1560e-e9f4-490b-89c0-62955b9afee0,BADUT GENDONG,21cineplex,,16BGEG,"Action, Horror",101 menit,D17+,2D,2026-05-27,5cd97338-0c4f-4575-972c-1449bf28339f,2026-05-27T17:33:45.610212
5bf1560e-e9f4-490b-89c0-62955b9afee0,HOKUM,21cineplex,,26HOKM,Horror,107 menit,13+,2D,2026-05-27,9326284f-9008-47a8-803a-dc12b3f6ed03,2026-05-27T17:33:45.610304
5bf1560e-e9f4-490b-89c0-62955b9afee0,SEKAWAN LIMO 2: GUNUNG KLAWIH,21cineplex,,16SK2G,"Comedy, Horror",122 menit,13+,2D,2026-05-27,b6d8b896-90dc-4024-bb49-0f8e3671a0fb,2026-05-27T17:33:45.610350
5bf1560e-e9f4-490b-89c0-62955b9afee0,PASSENGER,21cineplex,,26PASR,Horror,94 menit,D17+,2D,2026-05-27,868a9e38-959a-4cbf-a80b-a81806db02d8,2026-05-27T17:33:45.610412
5bf1560e-e9f4-490b-89c0-62955b9afee0,NOBODY LOVES KAY,21cineplex,,16NLKY,Drama,117 menit,D17+,2D,2026-05-31,9fc4e588-83be-41f5-9ce7-4adc0308cf0c,2026-05-27T17:33:45.610493
5bf1560e-e9f4-490b-89c0-62955b9afee0,COLONY,21cineplex,,26COLY,"Horror, Thriller",122 menit,13+,2D,2026-06-03,913e3583-ab66-4dfa-888f-f947d14a1739,2026-05-27T17:33:45.610548
255fb85a-d8fc-4d73-a35d-59b211c6c5a3,CHILDREN OF HEAVEN,21cineplex,,16COHN,"Drama, Family",97 menit,SU,2D,2026-05-27,63e327b2-4d1a-4504-bc67-1ae0f11c4456,2026-05-27T17:33:48.710014
255fb85a-d8fc-4d73-a35d-59b211c6c5a3,SUAMIKU LUKAKU,21cineplex,,16SLUU,Drama,92 menit,D17+,2D,2026-05-27,3e98a2ef-f12b-4de4-9814-7bbd1639801e,2026-05-27T17:33:48.710157
255fb85a-d8fc-4d73-a35d-59b211c6c5a3,TUMBAL PROYEK,21cineplex,,16TPRK,Horror,106 menit,D17+,2D,2026-05-27,43451d1b-a8c4-410b-ae46-52a7a8a2625f,2026-05-27T17:33:48.710234
255fb85a-d8fc-4d73-a35d-59b211c6c5a3,SEKAWAN LIMO 2: GUNUNG KLAWIH,21cineplex,,16SK2G,"Comedy, Horror",122 menit,13+,2D,2026-05-27,9817b795-ba09-41fa-9c19-86b477aead6a,2026-05-27T17:33:48.710298
255fb85a-d8fc-4d73-a35d-59b211c6c5a3,BADUT GENDONG,21cineplex,,16BGEG,"Action, Horror",101 menit,D17+,2D,2026-05-27,3d4b6b8f-8952-43cf-a3cd-1bb612f1315f,2026-05-27T17:33:48.710367
3fd7f9a0-256d-4886-b1b0-83720027920d,GOHAN,21cineplex,,26GOHN,Drama,140 menit,SU,2D,2026-05-27,59d0f798-2bff-45b8-93dd-d9007d32a260,2026-05-27T17:33:50.382547
3fd7f9a0-256d-4886-b1b0-83720027920d,SALMOKJI: WHISPERING WATER,21cineplex,,26SWWR,Horror,95 menit,D17+,2D,2026-05-27,4416a19a-9812-4ab0-81d7-5c84cbd025e1,2026-05-27T17:33:50.382672
3fd7f9a0-256d-4886-b1b0-83720027920d,HOKUM,21cineplex,,26HOKM,Horror,107 menit,13+,2D,2026-05-27,f7c7c27e-29c6-4446-848f-76f528b2d778,2026-05-27T17:33:50.382743
3fd7f9a0-256d-4886-b1b0-83720027920d,CHILDREN OF HEAVEN,21cineplex,,16COHN,"Drama, Family",97 menit,SU,2D,2026-05-27,a99cdf21-d57a-451d-b9d7-66e210164278,2026-05-27T17:33:50.382803
3fd7f9a0-256d-4886-b1b0-83720027920d,SUAMIKU LUKAKU,21cineplex,,16SLUU,Drama,92 menit,D17+,2D,2026-05-27,0da9c1b0-1e37-4feb-b9bd-da8a9e48d095,2026-05-27T17:33:50.382883
3fd7f9a0-256d-4886-b1b0-83720027920d,IN THE GREY,21cineplex,,26ITGY,"Action, Thriller",97 menit,13+,2D,2026-05-27,41e8a0fb-93df-407c-9d0a-920f6ef0e85e,2026-05-27T17:33:50.382992
3fd7f9a0-256d-4886-b1b0-83720027920d,PASSENGER,21cineplex,,26PASR,Horror,94 menit,D17+,2D,2026-05-27,86e17ece-cc39-44fb-9e8e-099371209d7c,2026-05-27T17:33:50.383038
3fd7f9a0-256d-4886-b1b0-83720027920d,STAR WARS: THE MANDALORIAN AND GROGU,21cineplex,,26SWMG,"Fantasy, Sci-Fi",132 menit,13+,2D,2026-05-27,a6057bb4-cdc3-41ae-8643-82fe3fc3366a,2026-05-27T17:33:50.383132
3fd7f9a0-256d-4886-b1b0-83720027920d,NOBODY LOVES KAY,21cineplex,,16NLKY,Drama,117 menit,D17+,2D,2026-05-28,6756e2bc-0921-4525-b8de-fa2512b8984b,2026-05-27T17:33:50.383203
3fd7f9a0-256d-4886-b1b0-83720027920d,COLONY,21cineplex,,26COLY,"Horror, Thriller",122 menit,13+,2D,2026-06-03,a220d168-39f0-41c8-9025-7da14303b6ed,2026-05-27T17:33:50.383262
663bf279-26e6-4937-9fe8-3ad428847384,CHILDREN OF HEAVEN,21cineplex,,16COHN,"Drama, Family",97 menit,SU,2D,2026-05-27,95ef22e2-81ff-4e12-bbcf-887820f2a23b,2026-05-27T17:33:53.364641
663bf279-26e6-4937-9fe8-3ad428847384,SEKAWAN LIMO 2: GUNUNG KLAWIH,21cineplex,,16SK2G,"Comedy, Horror",122 menit,13+,2D,2026-05-27,d80b86e5-f4b5-40ac-acfd-7e0690bf3fe3,2026-05-27T17:33:53.364845
663bf279-26e6-4937-9fe8-3ad428847384,GUDANG MERICA,21cineplex,,16GMEA,"Comedy, Horror",98 menit,D17+,2D,2026-05-27,fb8b21d2-1597-49de-9f99-b724faf17af9,2026-05-27T17:33:53.364893
663bf279-26e6-4937-9fe8-3ad428847384,GOHAN,21cineplex,,26GOHN,Drama,140 menit,SU,2D,2026-05-27,37fa5064-1302-40aa-8c8e-efd582483ece,2026-05-27T17:33:53.364976
663bf279-26e6-4937-9fe8-3ad428847384,TUMBAL PROYEK,21cineplex,,16TPRK,Horror,106 menit,D17+,2D,2026-05-27,aa718d1e-1fba-4b4a-9b56-ad631d031dd1,2026-05-27T17:33:53.365029
663bf279-26e6-4937-9fe8-3ad428847384,STAR WARS: THE MANDALORIAN AND GROGU,21cineplex,,26SWMG,"Fantasy, Sci-Fi",132 menit,13+,2D,2026-05-27,88bbca26-d6cd-4dda-9507-c6a2085d5632,2026-05-27T17:33:53.365076
663bf279-26e6-4937-9fe8-3ad428847384,BADUT GENDONG,21cineplex,,16BGEG,"Action, Horror",101 menit,D17+,2D,2026-05-27,aba070c4-d088-4609-b865-0eee6af26bcd,2026-05-27T17:33:53.365114
0a7980ed-97a2-43fd-b137-be0d49ea5784,THE SHEEP DETECTIVES,21cineplex,,26SDES,"Comedy, Mystery",109 menit,SU,2D,2026-05-27,c5b337f6-9ce3-4465-9f0b-226cf2103fa5,2026-05-27T17:33:54.650014
0a7980ed-97a2-43fd-b137-be0d49ea5784,GOHAN,21cineplex,,26GOHN,Drama,140 menit,SU,2D,2026-05-27,51b816d2-3b1a-4816-a83b-1ef79d5aadff,2026-05-27T17:33:54.650117
0a7980ed-97a2-43fd-b137-be0d49ea5784,STAR WARS: THE MANDALORIAN AND GROGU,21cineplex,,26SWMG,"Fantasy, Sci-Fi",132 menit,13+,2D,2026-05-27,f1644607-8587-43d6-9811-83b8e98cb82e,2026-05-27T17:33:54.650186
0a7980ed-97a2-43fd-b137-be0d49ea5784,PASSENGER,21cineplex,,26PASR,Horror,94 menit,D17+,2D,2026-05-27,7dd45b78-bb1f-42fe-be14-bd7f7f7d39d2,2026-05-27T17:33:54.650245
0a7980ed-97a2-43fd-b137-be0d49ea5784,HOKUM,21cineplex,,26HOKM,Horror,107 menit,13+,2D,2026-05-27,473eef86-af91-4f5e-b487-ae3e6bf9cce7,2026-05-27T17:33:54.650316
0a7980ed-97a2-43fd-b137-be0d49ea5784,COLONY,21cineplex,,26COLY,"Horror, Thriller",122 menit,13+,2D,2026-06-03,5f216565-58f4-4143-b2b0-9d55deb2d72d,2026-05-27T17:33:54.650364
bfc1d4f5-00c9-4f79-b0f3-3b82969dcb87,SEKAWAN LIMO 2: GUNUNG KLAWIH,21cineplex,,16SK2G,"Comedy, Horror",122 menit,13+,2D,2026-05-27,fb58ba0f-69e8-43e8-baf6-6c2db23e6f84,2026-05-27T17:34:04.070274
bfc1d4f5-00c9-4f79-b0f3-3b82969dcb87,CHILDREN OF HEAVEN,21cineplex,,16COHN,"Drama, Family",97 menit,SU,2D,2026-05-27,e5844273-39a3-4c2c-be41-b258498efdb3,2026-05-27T17:34:04.070860
bfc1d4f5-00c9-4f79-b0f3-3b82969dcb87,HOKUM,21cineplex,,26HOKM,Horror,107 menit,13+,2D,2026-05-27,5783d7b1-d0dd-4b13-b484-4a8622972404,2026-05-27T17:34:04.071030
bfc1d4f5-00c9-4f79-b0f3-3b82969dcb87,STAR WARS: THE MANDALORIAN AND GROGU,21cineplex,,26SWMG,"Fantasy, Sci-Fi",132 menit,13+,2D,2026-05-27,4fc2b6d9-07f4-4ab1-9eb0-3b1c366a5f43,2026-05-27T17:34:04.074705
bfc1d4f5-00c9-4f79-b0f3-3b82969dcb87,TUMBAL PROYEK,21cineplex,,16TPRK,Horror,106 menit,D17+,2D,2026-05-27,c4dd4772-7b5a-4365-b484-2db7087a2037,2026-05-27T17:34:04.074816
bfc1d4f5-00c9-4f79-b0f3-3b82969dcb87,SUAMIKU LUKAKU,21cineplex,,16SLUU,Drama,92 menit,D17+,2D,2026-05-27,8b753c00-1934-441b-acaa-84eb1ecfc231,2026-05-27T17:34:04.074999
bfc1d4f5-00c9-4f79-b0f3-3b82969dcb87,PASSENGER,21cineplex,,26PASR,Horror,94 menit,D17+,2D,2026-05-27,837e3a2c-8d55-4f87-a99b-32decc123a03,2026-05-27T17:34:04.075234
bfc1d4f5-00c9-4f79-b0f3-3b82969dcb87,BADUT GENDONG,21cineplex,,16BGEG,"Action, Horror",101 menit,D17+,2D,2026-05-27,ad0dd294-095b-4e25-83be-a879bd545070,2026-05-27T17:34:04.075442
bfc1d4f5-00c9-4f79-b0f3-3b82969dcb87,SEMUA AKAN BAIK-BAIK SAJA,21cineplex,,16SABB,Drama,113 menit,13+,2D,2026-05-27,d409e730-98b8-44a9-a6a7-6cdcce490f69,2026-05-27T17:34:04.075657
bfc1d4f5-00c9-4f79-b0f3-3b82969dcb87,THE SHEEP DETECTIVES,21cineplex,,26SDES,"Comedy, Mystery",109 menit,SU,2D,2026-05-27,d9136697-790f-49f3-9263-5cbb9fdd59fd,2026-05-27T17:34:04.075829
bfc1d4f5-00c9-4f79-b0f3-3b82969dcb87,COLONY,21cineplex,,26COLY,"Horror, Thriller",122 menit,13+,2D,2026-06-03,ffc98b52-9afc-41f5-8df0-2ecea751936d,2026-05-27T17:34:04.076000
e7a69e83-39bb-4e72-829c-800696aaa9df,SEKAWAN LIMO 2: GUNUNG KLAWIH,21cineplex,,16SK2G,"Comedy, Horror",122 menit,13+,2D,2026-05-27,0d7c430a-606e-4415-8c6b-56ec67fcb4b0,2026-05-27T17:34:05.163176
e7a69e83-39bb-4e72-829c-800696aaa9df,HOKUM,21cineplex,,26HOKM,Horror,107 menit,13+,2D,2026-05-27,6310d168-2171-40cb-997a-fb0669e3696b,2026-05-27T17:34:05.163466
e7a69e83-39bb-4e72-829c-800696aaa9df,GOHAN,21cineplex,,26GOHN,Drama,140 menit,SU,2D,2026-05-27,6fdec0e1-660b-45d4-a6ae-6426963ec05b,2026-05-27T17:34:05.163532
e7a69e83-39bb-4e72-829c-800696aaa9df,PASSENGER,21cineplex,,26PASR,Horror,94 menit,D17+,2D,2026-05-27,80c3a359-f727-4768-8c8c-7a2709b099a5,2026-05-27T17:34:05.163602
e7a69e83-39bb-4e72-829c-800696aaa9df,GHOST IN THE CELL,21cineplex,,16GITC,"Comedy, Horror",106 menit,D17+,2D,2026-05-27,6dff469f-1876-4ade-9eed-0cd697a48602,2026-05-27T17:34:05.163748
e7a69e83-39bb-4e72-829c-800696aaa9df,SUAMIKU LUKAKU,21cineplex,,16SLUU,Drama,92 menit,D17+,2D,2026-05-27,a017fba0-b094-413a-9d0b-6aabbc57b066,2026-05-27T17:34:05.163821
e7a69e83-39bb-4e72-829c-800696aaa9df,SEMUA AKAN BAIK-BAIK SAJA,21cineplex,,16SABB,Drama,113 menit,13+,2D,2026-05-27,b73fc80d-8db9-49c0-8fd4-b54457a35267,2026-05-27T17:34:05.163980
e7a69e83-39bb-4e72-829c-800696aaa9df,BADUT GENDONG,21cineplex,,16BGEG,"Action, Horror",101 menit,D17+,2D,2026-05-27,03a72067-bba2-40f1-a8ad-d2e2ba221755,2026-05-27T17:34:05.164110
e7a69e83-39bb-4e72-829c-800696aaa9df,COLONY,21cineplex,,26COLY,"Horror, Thriller",122 menit,13+,2D,2026-06-03,08fe0d7d-3f96-4172-a16d-d4d8bcd3c3e3,2026-05-27T17:34:05.164276
027cac88-cd7a-4b63-a285-19bd7ac79e0d,TUMBAL PROYEK,21cineplex,,16TPRK,Horror,106 menit,D17+,2D,2026-05-27,1b84b0c8-3ff6-4dfd-8725-18f3ff5b9146,2026-05-27T17:34:06.646222
027cac88-cd7a-4b63-a285-19bd7ac79e0d,SUAMIKU LUKAKU,21cineplex,,16SLUU,Drama,92 menit,D17+,2D,2026-05-27,160eafb9-bccc-4ad5-ace3-e885c0c8c189,2026-05-27T17:34:06.646517
027cac88-cd7a-4b63-a285-19bd7ac79e0d,CHILDREN OF HEAVEN,21cineplex,,16COHN,"Drama, Family",97 menit,SU,2D,2026-05-27,d884792f-6a09-4eb9-b405-571b48b3f15a,2026-05-27T17:34:06.646767
027cac88-cd7a-4b63-a285-19bd7ac79e0d,PASSENGER,21cineplex,,26PASR,Horror,94 menit,D17+,2D,2026-05-27,5663ad5a-f577-422b-9aca-fcdf319828d4,2026-05-27T17:34:06.646984
027cac88-cd7a-4b63-a285-19bd7ac79e0d,SEMUA AKAN BAIK-BAIK SAJA,21cineplex,,16SABB,Drama,113 menit,13+,2D,2026-05-27,7e614a59-0a51-4154-a622-7d33b9d4e320,2026-05-27T17:34:06.647145
027cac88-cd7a-4b63-a285-19bd7ac79e0d,HOKUM,21cineplex,,26HOKM,Horror,107 menit,13+,2D,2026-05-27,340c59b9-5858-46b7-b807-0ec73f36bc85,2026-05-27T17:34:06.647389
027cac88-cd7a-4b63-a285-19bd7ac79e0d,BADUT GENDONG,21cineplex,,16BGEG,"Action, Horror",101 menit,D17+,2D,2026-05-27,c779a3f9-b1a6-47d9-ada8-edf68167b2df,2026-05-27T17:34:06.647544
027cac88-cd7a-4b63-a285-19bd7ac79e0d,GOHAN,21cineplex,,26GOHN,Drama,140 menit,SU,2D,2026-05-27,57c3b428-1267-48bf-b54f-cd4f4b63ef00,2026-05-27T17:34:06.647731
027cac88-cd7a-4b63-a285-19bd7ac79e0d,COLONY,21cineplex,,26COLY,"Horror, Thriller",122 menit,13+,2D,2026-06-03,9f25f452-9cc0-492f-8dd0-3190867a7535,2026-05-27T17:34:06.647831
3873fd9e-7b29-4d78-9f63-1c1f40bcc2cb,BADUT GENDONG,21cineplex,,16BGEG,"Action, Horror",101 menit,D17+,2D,2026-05-27,161e8e7f-d71a-4cdb-994a-2c2346898f43,2026-05-27T17:34:11.176596
3873fd9e-7b29-4d78-9f63-1c1f40bcc2cb,CHILDREN OF HEAVEN,21cineplex,,16COHN,"Drama, Family",97 menit,SU,2D,2026-05-27,648d61af-3e48-4dc7-86ce-c12abaf27d09,2026-05-27T17:34:11.176812
3873fd9e-7b29-4d78-9f63-1c1f40bcc2cb,TUMBAL PROYEK,21cineplex,,16TPRK,Horror,106 menit,D17+,2D,2026-05-27,6c2403f2-b53d-4508-bc37-89f0021c05f3,2026-05-27T17:34:11.176976
3873fd9e-7b29-4d78-9f63-1c1f40bcc2cb,PASSENGER,21cineplex,,26PASR,Horror,94 menit,D17+,2D,2026-05-27,15659936-7ec5-47cb-9f75-9272c978b1bf,2026-05-27T17:34:11.177103
3873fd9e-7b29-4d78-9f63-1c1f40bcc2cb,SEKAWAN LIMO 2: GUNUNG KLAWIH,21cineplex,,16SK2G,"Comedy, Horror",122 menit,13+,2D,2026-05-27,1aac0667-413d-4cf5-a1be-1601cc4630d4,2026-05-27T17:34:11.177245
3873fd9e-7b29-4d78-9f63-1c1f40bcc2cb,MORTAL KOMBAT II,21cineplex,,25MKT2,"Action, Adventure",116 menit,D17+,2D,2026-05-27,7a8ccd4e-5f14-48aa-b96c-e4bfe6408381,2026-05-27T17:34:11.177684
3873fd9e-7b29-4d78-9f63-1c1f40bcc2cb,GUDANG MERICA,21cineplex,,16GMEA,"Comedy, Horror",98 menit,D17+,2D,2026-05-27,285cd76b-6aad-444f-979e-b96e3020cb0f,2026-05-27T17:34:11.177753
3873fd9e-7b29-4d78-9f63-1c1f40bcc2cb,SUAMIKU LUKAKU,21cineplex,,16SLUU,Drama,92 menit,D17+,2D,2026-05-27,f7310ccb-3996-4684-ab61-edca16923c2f,2026-05-27T17:34:11.177881
3873fd9e-7b29-4d78-9f63-1c1f40bcc2cb,GOHAN,21cineplex,,26GOHN,Drama,140 menit,SU,2D,2026-05-27,c77dc0ea-2b8a-4c41-bd48-2df75a68f56d,2026-05-27T17:34:11.178007
3873fd9e-7b29-4d78-9f63-1c1f40bcc2cb,SEMUA AKAN BAIK-BAIK SAJA,21cineplex,,16SABB,Drama,113 menit,13+,2D,2026-05-27,c35579a9-21c8-48df-a062-25c9eaae6aaf,2026-05-27T17:34:11.178066
1c8f55f8-b3f3-442f-89ba-7276fa57808b,BADUT GENDONG,21cineplex,,16BGEG,"Action, Horror",101 menit,D17+,2D,2026-05-27,98998edc-d8cc-487c-9312-3f95067c5ff5,2026-05-27T17:34:12.692654
1c8f55f8-b3f3-442f-89ba-7276fa57808b,SUAMIKU LUKAKU,21cineplex,,16SLUU,Drama,92 menit,D17+,2D,2026-05-27,f2d468d1-d60a-4b9c-a56e-0aeb7fe92ec9,2026-05-27T17:34:12.692938
1c8f55f8-b3f3-442f-89ba-7276fa57808b,SEKAWAN LIMO 2: GUNUNG KLAWIH,21cineplex,,16SK2G,"Comedy, Horror",122 menit,13+,2D,2026-05-27,46b44dbc-8d5d-437f-bd78-8fd47c199cb5,2026-05-27T17:34:12.693131
1c8f55f8-b3f3-442f-89ba-7276fa57808b,CHILDREN OF HEAVEN,21cineplex,,16COHN,"Drama, Family",97 menit,SU,2D,2026-05-27,39ec27b7-c22a-49f1-8a5a-8705436c56c7,2026-05-27T17:34:12.693198
e9c7b108-6748-49c8-b334-0941e4d15356,GOHAN,21cineplex,,26GOHN,Drama,140 menit,SU,2D,2026-05-27,503ed06a-e508-4e83-a485-0b0e7d339f51,2026-05-27T17:34:14.443176
e9c7b108-6748-49c8-b334-0941e4d15356,MICHAEL,21cineplex,,26MICL,Biography,127 menit,SU,2D,2026-05-27,44fc86f4-891f-4794-a3de-60f8c50defc1,2026-05-27T17:34:14.443252
e9c7b108-6748-49c8-b334-0941e4d15356,SUAMIKU LUKAKU,21cineplex,,16SLUU,Drama,92 menit,D17+,2D,2026-05-27,9003ffec-2d08-4b37-9475-bf0643ac5269,2026-05-27T17:34:14.443297
e9c7b108-6748-49c8-b334-0941e4d15356,CHILDREN OF HEAVEN,21cineplex,,16COHN,"Drama, Family",97 menit,SU,2D,2026-05-27,0bb1ffa3-277c-48bd-8539-5c988aba1712,2026-05-27T17:34:14.443356
4fdca672-bc34-4408-b4d3-1fdcf65ba68f,HOKUM,21cineplex,,26HOKM,Horror,107 menit,13+,2D,2026-05-27,c2ed137f-1a88-4b91-bb48-774d3a3f342d,2026-05-27T17:34:18.750713
4fdca672-bc34-4408-b4d3-1fdcf65ba68f,GOHAN,21cineplex,,26GOHN,Drama,140 menit,SU,2D,2026-05-27,1dc3e731-6d33-4139-be7d-0aaf557f3dec,2026-05-27T17:34:18.750953
4fdca672-bc34-4408-b4d3-1fdcf65ba68f,SUAMIKU LUKAKU,21cineplex,,16SLUU,Drama,92 menit,D17+,2D,2026-05-27,672506dd-6492-45e9-ba24-74fdc6471fb6,2026-05-27T17:34:18.751030
4fdca672-bc34-4408-b4d3-1fdcf65ba68f,CHILDREN OF HEAVEN,21cineplex,,16COHN,"Drama, Family",97 menit,SU,2D,2026-05-27,4b3d8b49-8f3f-4964-ad68-6f2728aeebe6,2026-05-27T17:34:18.751175
4fdca672-bc34-4408-b4d3-1fdcf65ba68f,SEKAWAN LIMO 2: GUNUNG KLAWIH,21cineplex,,16SK2G,"Comedy, Horror",122 menit,13+,2D,2026-05-27,8fa95629-1686-4c71-b6ea-c8a3e455bdef,2026-05-27T17:34:18.751271
4fdca672-bc34-4408-b4d3-1fdcf65ba68f,SEMUA AKAN BAIK-BAIK SAJA,21cineplex,,16SABB,Drama,113 menit,13+,2D,2026-05-27,2fa0b338-5c29-426a-a8a3-b1d9a76b51a3,2026-05-27T17:34:18.751345
4fdca672-bc34-4408-b4d3-1fdcf65ba68f,TUMBAL PROYEK,21cineplex,,16TPRK,Horror,106 menit,D17+,2D,2026-05-27,28fed284-d688-4699-93f1-4071a40017d5,2026-05-27T17:34:18.751433
4fdca672-bc34-4408-b4d3-1fdcf65ba68f,PASSENGER,21cineplex,,26PASR,Horror,94 menit,D17+,2D,2026-05-27,afe81372-ea8a-461e-b538-fb854748b0b9,2026-05-27T17:34:18.751488
4fdca672-bc34-4408-b4d3-1fdcf65ba68f,COLONY,21cineplex,,26COLY,"Horror, Thriller",122 menit,13+,2D,2026-06-03,72845eae-6efe-4917-ac58-fd5b26025661,2026-05-27T17:34:18.751583
fe059608-2fb1-467e-b960-8ed431f93012,SEKAWAN LIMO 2: GUNUNG KLAWIH,21cineplex,,16SK2G,"Comedy, Horror",122 menit,13+,2D,2026-05-27,1e1a6823-32c8-457a-9fac-61e2e59dfc3b,2026-05-27T17:34:20.244143
fe059608-2fb1-467e-b960-8ed431f93012,SUAMIKU LUKAKU,21cineplex,,16SLUU,Drama,92 menit,D17+,2D,2026-05-27,41a6a025-fed0-4cba-97b3-36e7b9a6f5fd,2026-05-27T17:34:20.244242
fe059608-2fb1-467e-b960-8ed431f93012,CHILDREN OF HEAVEN,21cineplex,,16COHN,"Drama, Family",97 menit,SU,2D,2026-05-27,bbe2341b-f575-40af-a57b-b63ceccad21c,2026-05-27T17:34:20.244323
fe059608-2fb1-467e-b960-8ed431f93012,BADUT GENDONG,21cineplex,,16BGEG,"Action, Horror",101 menit,D17+,2D,2026-05-27,ecffba59-5be7-45ac-af38-89121b5681f8,2026-05-27T17:34:20.244384
29be5351-65ab-4911-815d-633b5d0a975b,CHILDREN OF HEAVEN,21cineplex,,16COHN,"Drama, Family",97 menit,SU,2D,2026-05-27,7da85336-5c8d-4461-899b-fe29adea763c,2026-05-27T17:34:21.705722
29be5351-65ab-4911-815d-633b5d0a975b,TUMBAL PROYEK,21cineplex,,16TPRK,Horror,106 menit,D17+,2D,2026-05-27,7744e3e2-5ea2-4a66-a6fb-db2955358a88,2026-05-27T17:34:21.705823
29be5351-65ab-4911-815d-633b5d0a975b,SEKAWAN LIMO 2: GUNUNG KLAWIH,21cineplex,,16SK2G,"Comedy, Horror",122 menit,13+,2D,2026-05-27,2d1268a5-d355-4fa0-8c35-0029cfb4bb40,2026-05-27T17:34:21.705896
29be5351-65ab-4911-815d-633b5d0a975b,BADUT GENDONG,21cineplex,,16BGEG,"Action, Horror",101 menit,D17+,2D,2026-05-27,4cc9bae3-45e4-4283-9ec4-366df507aff4,2026-05-27T17:34:21.705959
29be5351-65ab-4911-815d-633b5d0a975b,PASSENGER,21cineplex,,26PASR,Horror,94 menit,D17+,2D,2026-05-27,08f80ba3-f4cd-4807-b007-c92f02c39734,2026-05-27T17:34:21.706034
1c1bb9a1-917d-4e5a-ae93-a467abf65d28,HOKUM,21cineplex,,26HOKM,Horror,107 menit,13+,2D,2026-05-27,fd06e5b2-0285-4cef-871f-33006286fcec,2026-05-27T17:34:23.451375
1c1bb9a1-917d-4e5a-ae93-a467abf65d28,TUMBAL PROYEK,21cineplex,,16TPRK,Horror,106 menit,D17+,2D,2026-05-27,804d69bc-d33d-4017-9855-ded71f344fb9,2026-05-27T17:34:23.451453
1c1bb9a1-917d-4e5a-ae93-a467abf65d28,SUAMIKU LUKAKU,21cineplex,,16SLUU,Drama,92 menit,D17+,2D,2026-05-27,e848ffe9-93b0-4737-81d5-ee3ca59042d2,2026-05-27T17:34:23.451497
1c1bb9a1-917d-4e5a-ae93-a467abf65d28,SEKAWAN LIMO 2: GUNUNG KLAWIH,21cineplex,,16SK2G,"Comedy, Horror",122 menit,13+,2D,2026-05-27,3234c1d5-6a8c-4a0a-bcb8-72c554ac5029,2026-05-27T17:34:23.451562
1c1bb9a1-917d-4e5a-ae93-a467abf65d28,STAR WARS: THE MANDALORIAN AND GROGU,21cineplex,,26SWMG,"Fantasy, Sci-Fi",132 menit,13+,2D,2026-05-27,034a1415-e230-4241-b7f2-72fdd843e8b8,2026-05-27T17:34:23.451614
1c1bb9a1-917d-4e5a-ae93-a467abf65d28,CHILDREN OF HEAVEN,21cineplex,,16COHN,"Drama, Family",97 menit,SU,2D,2026-05-27,05fb0ba8-643d-467e-a897-1e1892dd5f53,2026-05-27T17:34:23.451640
1c1bb9a1-917d-4e5a-ae93-a467abf65d28,PASSENGER,21cineplex,,26PASR,Horror,94 menit,D17+,2D,2026-05-27,1432d394-ff61-4fd1-99e2-587d211fce8e,2026-05-27T17:34:23.451699
1c1bb9a1-917d-4e5a-ae93-a467abf65d28,SEMUA AKAN BAIK-BAIK SAJA,21cineplex,,16SABB,Drama,113 menit,13+,2D,2026-05-27,afb664b3-56a0-4d6e-812c-9a30d414f612,2026-05-27T17:34:23.451773
1c1bb9a1-917d-4e5a-ae93-a467abf65d28,COLONY,21cineplex,,26COLY,"Horror, Thriller",122 menit,13+,2D,2026-06-03,94605983-2b29-4e19-819e-954667520f61,2026-05-27T17:34:23.451832
cf3a9081-1ca7-4418-9e1b-8f79c7f0ed1b,BADUT GENDONG,21cineplex,,16BGEG,"Action, Horror",101 menit,D17+,2D,2026-05-27,391abd34-915f-4ffa-8551-af5ba9dc38b1,2026-05-27T17:34:24.682080
cf3a9081-1ca7-4418-9e1b-8f79c7f0ed1b,TUMBAL PROYEK,21cineplex,,16TPRK,Horror,106 menit,D17+,2D,2026-05-27,ed68feef-d46c-45f6-8e72-2fb22106a2c9,2026-05-27T17:34:24.682209
cf3a9081-1ca7-4418-9e1b-8f79c7f0ed1b,CHILDREN OF HEAVEN,21cineplex,,16COHN,"Drama, Family",97 menit,SU,2D,2026-05-27,113ba97e-6c5a-4960-9c29-a23a0068d6f6,2026-05-27T17:34:24.682258
cf3a9081-1ca7-4418-9e1b-8f79c7f0ed1b,SEMUA AKAN BAIK-BAIK SAJA,21cineplex,,16SABB,Drama,113 menit,13+,2D,2026-05-27,5f1659a8-c55f-4c52-8609-3188e89f2aa6,2026-05-27T17:34:24.682328
cf3a9081-1ca7-4418-9e1b-8f79c7f0ed1b,HOKUM,21cineplex,,26HOKM,Horror,107 menit,13+,2D,2026-05-27,779f4ec4-f101-4f1a-b168-88f8c9b09ca9,2026-05-27T17:34:24.682385
cf3a9081-1ca7-4418-9e1b-8f79c7f0ed1b,SUAMIKU LUKAKU,21cineplex,,16SLUU,Drama,92 menit,D17+,2D,2026-05-27,7bec8125-c7ed-4927-a6ee-e23443e1ab05,2026-05-27T17:34:24.682418
1e92046d-9e82-4482-9f02-a66a2621dff1,SEKAWAN LIMO 2: GUNUNG KLAWIH,21cineplex,,16SK2G,"Comedy, Horror",122 menit,13+,2D,2026-05-27,264f5e1a-7429-4032-87b7-1b11c0b0ceb2,2026-05-27T17:34:26.195967
1e92046d-9e82-4482-9f02-a66a2621dff1,SEMUA AKAN BAIK-BAIK SAJA,21cineplex,,16SABB,Drama,113 menit,13+,2D,2026-05-27,db6ba620-a86b-46fa-b335-57703bdd2f9e,2026-05-27T17:34:26.196262
1e92046d-9e82-4482-9f02-a66a2621dff1,STAR WARS: THE MANDALORIAN AND GROGU,21cineplex,,26SWMG,"Fantasy, Sci-Fi",132 menit,13+,2D,2026-05-27,eb1cbbf4-3f45-44e9-91e7-b653ee7af94e,2026-05-27T17:34:26.196540
1e92046d-9e82-4482-9f02-a66a2621dff1,HOKUM,21cineplex,,26HOKM,Horror,107 menit,13+,2D,2026-05-27,238d7a08-11b6-4813-8e93-a4f13a4e9f26,2026-05-27T17:34:26.196668
1e92046d-9e82-4482-9f02-a66a2621dff1,CHILDREN OF HEAVEN,21cineplex,,16COHN,"Drama, Family",97 menit,SU,2D,2026-05-27,6c7fe5b6-6724-413a-93e0-26ff63a4c00e,2026-05-27T17:34:26.196826
1e92046d-9e82-4482-9f02-a66a2621dff1,TUMBAL PROYEK,21cineplex,,16TPRK,Horror,106 menit,D17+,2D,2026-05-27,182aba36-bb50-4f70-b3df-7e489a7ec042,2026-05-27T17:34:26.197056
a1014e3b-ac0e-4ffc-be0a-26e18897bbd6,SEMUA AKAN BAIK-BAIK SAJA,21cineplex,,16SABB,Drama,113 menit,13+,2D,2026-05-27,4fd14f8d-dc08-4038-beae-528dd6a52215,2026-05-27T17:34:27.734059
a1014e3b-ac0e-4ffc-be0a-26e18897bbd6,GUDANG MERICA,21cineplex,,16GMEA,"Comedy, Horror",98 menit,D17+,2D,2026-05-27,98acd1d5-2b4c-4789-b58a-06a012111fb3,2026-05-27T17:34:27.734180
a1014e3b-ac0e-4ffc-be0a-26e18897bbd6,CHILDREN OF HEAVEN,21cineplex,,16COHN,"Drama, Family",97 menit,SU,2D,2026-05-27,34fe794d-8e2d-4ea7-a4a9-17125fac1dda,2026-05-27T17:34:27.734258
a1014e3b-ac0e-4ffc-be0a-26e18897bbd6,SUAMIKU LUKAKU,21cineplex,,16SLUU,Drama,92 menit,D17+,2D,2026-05-27,7c8d13e3-60f1-41e1-8d86-d07ea8b1eba3,2026-05-27T17:34:27.734334
a1014e3b-ac0e-4ffc-be0a-26e18897bbd6,BADUT GENDONG,21cineplex,,16BGEG,"Action, Horror",101 menit,D17+,2D,2026-05-27,3e626490-0182-437e-bd81-33191170e306,2026-05-27T17:34:27.734401
a1014e3b-ac0e-4ffc-be0a-26e18897bbd6,SEKAWAN LIMO 2: GUNUNG KLAWIH,21cineplex,,16SK2G,"Comedy, Horror",122 menit,13+,2D,2026-05-27,dd1467c4-2117-44a6-9a7b-f37eea3bb459,2026-05-27T17:34:27.734484
a1014e3b-ac0e-4ffc-be0a-26e18897bbd6,STAR WARS: THE MANDALORIAN AND GROGU,21cineplex,,26SWMG,"Fantasy, Sci-Fi",132 menit,13+,2D,2026-05-27,a7028140-2efd-4df7-b322-7bcaaaba290c,2026-05-27T17:34:27.734551
a1014e3b-ac0e-4ffc-be0a-26e18897bbd6,TUMBAL PROYEK,21cineplex,,16TPRK,Horror,106 menit,D17+,2D,2026-05-27,5a867276-b302-4a41-b810-e42f0aca84ab,2026-05-27T17:34:27.734584
a1014e3b-ac0e-4ffc-be0a-26e18897bbd6,COLONY,21cineplex,,26COLY,"Horror, Thriller",122 menit,13+,2D,2026-06-03,0edff6ca-99eb-41d3-83f6-58517d44e8e3,2026-05-27T17:34:27.734656
45932cf8-c768-476b-9943-d60840279d71,SUAMIKU LUKAKU,21cineplex,,16SLUU,Drama,92 menit,D17+,2D,2026-05-27,b92fe1ed-db4e-439d-83ce-548849e5badc,2026-05-27T17:34:29.571976
45932cf8-c768-476b-9943-d60840279d71,CHILDREN OF HEAVEN,21cineplex,,16COHN,"Drama, Family",97 menit,SU,2D,2026-05-27,336466f3-a2b3-4337-865c-494ccf914c9e,2026-05-27T17:34:29.572328
45932cf8-c768-476b-9943-d60840279d71,SEKAWAN LIMO 2: GUNUNG KLAWIH,21cineplex,,16SK2G,"Comedy, Horror",122 menit,13+,2D,2026-05-27,5df07987-360a-40bd-9c8c-2fe7037069a1,2026-05-27T17:34:29.572548
45932cf8-c768-476b-9943-d60840279d71,TUMBAL PROYEK,21cineplex,,16TPRK,Horror,106 menit,D17+,2D,2026-05-27,39f2d572-c34a-468b-a863-89430bbcb3cd,2026-05-27T17:34:29.572777
45932cf8-c768-476b-9943-d60840279d71,YANG LAIN BOLEH HILANG ASAL KAU JANGAN,21cineplex,,16YLBH,Drama,113 menit,13+,2D,2026-05-27,7fa98907-7880-4aa3-832d-0038fb3df8c3,2026-05-27T17:34:29.572977
45932cf8-c768-476b-9943-d60840279d71,HOKUM,21cineplex,,26HOKM,Horror,107 menit,13+,2D,2026-05-27,8c50a948-39f7-4ae5-9acc-72cfdb57627e,2026-05-27T17:34:29.573113
45932cf8-c768-476b-9943-d60840279d71,GUDANG MERICA,21cineplex,,16GMEA,"Comedy, Horror",98 menit,D17+,2D,2026-05-27,acef41b2-b976-421d-ad95-70b2dfcbbd60,2026-05-27T17:34:29.573198
45932cf8-c768-476b-9943-d60840279d71,SEMUA AKAN BAIK-BAIK SAJA,21cineplex,,16SABB,Drama,113 menit,13+,2D,2026-05-27,7a78ee79-1204-4d53-ae9d-a099a1ca091a,2026-05-27T17:34:29.573387
45932cf8-c768-476b-9943-d60840279d71,BADUT GENDONG,21cineplex,,16BGEG,"Action, Horror",101 menit,D17+,2D,2026-05-27,a173a345-79ab-4253-b6ad-e6a5962611e9,2026-05-27T17:34:29.573522
45932cf8-c768-476b-9943-d60840279d71,COLONY,21cineplex,,26COLY,"Horror, Thriller",122 menit,13+,2D,2026-06-03,95b1f8a4-747d-40ef-911a-9b495c0af7f9,2026-05-27T17:34:29.573702
cca525cc-47e3-4966-b7f8-1c583fe29e85,SEKAWAN LIMO 2: GUNUNG KLAWIH,21cineplex,,16SK2G,"Comedy, Horror",122 menit,13+,2D,2026-05-27,a0cdbe0c-703d-42ce-bf8b-fa7b8f88acd6,2026-05-27T17:34:32.409136
cca525cc-47e3-4966-b7f8-1c583fe29e85,SUAMIKU LUKAKU,21cineplex,,16SLUU,Drama,92 menit,D17+,2D,2026-05-27,6c252a27-2b7c-4ea8-8086-0f0171478270,2026-05-27T17:34:32.409371
cca525cc-47e3-4966-b7f8-1c583fe29e85,BADUT GENDONG,21cineplex,,16BGEG,"Action, Horror",101 menit,D17+,2D,2026-05-27,1caafa29-1afe-47ce-9adc-84150524a91c,2026-05-27T17:34:32.409568
cca525cc-47e3-4966-b7f8-1c583fe29e85,CHILDREN OF HEAVEN,21cineplex,,16COHN,"Drama, Family",97 menit,SU,2D,2026-05-27,6d705769-a52d-49b6-94d4-3377d60c7710,2026-05-27T17:34:32.409712
cca525cc-47e3-4966-b7f8-1c583fe29e85,TUMBAL PROYEK,21cineplex,,16TPRK,Horror,106 menit,D17+,2D,2026-05-27,a5e233e0-78d7-430d-8c1f-8b0112e8a6c4,2026-05-27T17:34:32.409902
9b0825f6-048c-4609-8821-e9894691a614,SEKAWAN LIMO 2: GUNUNG KLAWIH,21cineplex,,16SK2G,"Comedy, Horror",122 menit,13+,2D,2026-05-27,129d395d-a429-493f-bd5e-89df401869c4,2026-05-27T17:34:33.763334
9b0825f6-048c-4609-8821-e9894691a614,SEMUA AKAN BAIK-BAIK SAJA,21cineplex,,16SABB,Drama,113 menit,13+,2D,2026-05-27,eaf97f57-5ef9-485c-b949-12f191e8ffb7,2026-05-27T17:34:33.763542
9b0825f6-048c-4609-8821-e9894691a614,SUAMIKU LUKAKU,21cineplex,,16SLUU,Drama,92 menit,D17+,2D,2026-05-27,6c286f71-e738-4a75-b2a7-d167e55e69f4,2026-05-27T17:34:33.763744
9b0825f6-048c-4609-8821-e9894691a614,CHILDREN OF HEAVEN,21cineplex,,16COHN,"Drama, Family",97 menit,SU,2D,2026-05-27,4de8a821-e79a-447a-85a1-6cd2eed58698,2026-05-27T17:34:33.763950
9b0825f6-048c-4609-8821-e9894691a614,TUMBAL PROYEK,21cineplex,,16TPRK,Horror,106 menit,D17+,2D,2026-05-27,a5f2971b-f252-4992-a6aa-07f98c33e14e,2026-05-27T17:34:33.764200
332d6b14-1e0b-4943-9102-416090a96f75,SUAMIKU LUKAKU,21cineplex,,16SLUU,Drama,92 menit,D17+,2D,2026-05-27,9a9d8481-7c9f-4848-8a33-0e772959e0f2,2026-05-27T17:34:35.442956
332d6b14-1e0b-4943-9102-416090a96f75,HOKUM,21cineplex,,26HOKM,Horror,107 menit,13+,2D,2026-05-27,a86dafd4-b2f9-41df-8b31-b0fc1441e8a7,2026-05-27T17:34:35.443270
332d6b14-1e0b-4943-9102-416090a96f75,PASSENGER,21cineplex,,26PASR,Horror,94 menit,D17+,2D,2026-05-27,d0383724-3ea6-41aa-b980-0dd37dc1309d,2026-05-27T17:34:35.443384
332d6b14-1e0b-4943-9102-416090a96f75,GOHAN,21cineplex,,26GOHN,Drama,140 menit,SU,2D,2026-05-27,75c9f53a-7242-4157-9192-8535e09bd83c,2026-05-27T17:34:35.443538
332d6b14-1e0b-4943-9102-416090a96f75,SEKAWAN LIMO 2: GUNUNG KLAWIH,21cineplex,,16SK2G,"Comedy, Horror",122 menit,13+,2D,2026-05-27,073db656-9205-44bf-a20d-6c0269f8ca13,2026-05-27T17:34:35.443633
332d6b14-1e0b-4943-9102-416090a96f75,CHILDREN OF HEAVEN,21cineplex,,16COHN,"Drama, Family",97 menit,SU,2D,2026-05-27,a74af8eb-d50b-4471-b055-e74081ed2c71,2026-05-27T17:34:35.443774
332d6b14-1e0b-4943-9102-416090a96f75,BADUT GENDONG,21cineplex,,16BGEG,"Action, Horror",101 menit,D17+,2D,2026-05-27,8aaf1421-ae61-4dec-9227-53e0069dac32,2026-05-27T17:34:35.443915
332d6b14-1e0b-4943-9102-416090a96f75,COLONY,21cineplex,,26COLY,"Horror, Thriller",122 menit,13+,2D,2026-06-03,efdfc8d8-51cd-4147-9a0d-0c02a5adbcfa,2026-05-27T17:34:35.444073
c9600db3-067d-4eb2-b24c-ce8ca6bb0f18,TUMBAL PROYEK,21cineplex,,16TPRK,Horror,106 menit,D17+,2D,2026-05-27,0244c6a6-5e6a-41eb-bb08-0f8fffa34042,2026-05-27T17:34:43.088203
c9600db3-067d-4eb2-b24c-ce8ca6bb0f18,BADUT GENDONG,21cineplex,,16BGEG,"Action, Horror",101 menit,D17+,2D,2026-05-27,b2a465b9-d6f5-48b2-841f-5b29dbc66e59,2026-05-27T17:34:43.088479
c9600db3-067d-4eb2-b24c-ce8ca6bb0f18,CHILDREN OF HEAVEN,21cineplex,,16COHN,"Drama, Family",97 menit,SU,2D,2026-05-27,b6a52514-0f9f-4c36-ab71-9584b3f4e60f,2026-05-27T17:34:43.088684
e1156b43-4984-485f-adfb-956bccb3185c,CHILDREN OF HEAVEN,21cineplex,,16COHN,"Drama, Family",97 menit,SU,2D,2026-05-27,34a67196-b315-46f0-9368-6a8ea176a881,2026-05-27T17:34:43.089203
e1156b43-4984-485f-adfb-956bccb3185c,BADUT GENDONG,21cineplex,,16BGEG,"Action, Horror",101 menit,D17+,2D,2026-05-27,c566ded8-4012-4755-800f-5eeb38f6a9c7,2026-05-27T17:34:43.089424
e1156b43-4984-485f-adfb-956bccb3185c,SUAMIKU LUKAKU,21cineplex,,16SLUU,Drama,92 menit,D17+,2D,2026-05-27,ba215076-6cc7-4636-b2c3-e075dbe05955,2026-05-27T17:34:43.089606
e1156b43-4984-485f-adfb-956bccb3185c,GUDANG MERICA,21cineplex,,16GMEA,"Comedy, Horror",98 menit,D17+,2D,2026-05-27,254c9f3d-1db8-496d-aad0-1ec135a4e352,2026-05-27T17:34:43.089726
e1156b43-4984-485f-adfb-956bccb3185c,SEKAWAN LIMO 2: GUNUNG KLAWIH,21cineplex,,16SK2G,"Comedy, Horror",122 menit,13+,2D,2026-05-27,4afc7253-e309-4516-addc-24be1c1a5efe,2026-05-27T17:34:43.089929
a4225112-cdf0-4485-9b5d-e0a6504616d7,STAR WARS: THE MANDALORIAN AND GROGU,21cineplex,,26SWMG,"Fantasy, Sci-Fi",132 menit,13+,2D,2026-05-27,a9006a35-7cfd-4cc1-a1df-82f995bc9aaf,2026-05-27T17:34:43.090383
a4225112-cdf0-4485-9b5d-e0a6504616d7,GUDANG MERICA,21cineplex,,16GMEA,"Comedy, Horror",98 menit,D17+,2D,2026-05-27,89925c7b-2c84-4d14-87b0-882cfea37a6f,2026-05-27T17:34:43.090575
a4225112-cdf0-4485-9b5d-e0a6504616d7,SEKAWAN LIMO 2: GUNUNG KLAWIH,21cineplex,,16SK2G,"Comedy, Horror",122 menit,13+,2D,2026-05-27,05d2a24a-e601-4260-9dcd-a545c59b58a7,2026-05-27T17:34:43.090800
a4225112-cdf0-4485-9b5d-e0a6504616d7,BADUT GENDONG,21cineplex,,16BGEG,"Action, Horror",101 menit,D17+,2D,2026-05-27,7dc9062a-916a-445f-8e19-aaf551879064,2026-05-27T17:34:43.091041
a4225112-cdf0-4485-9b5d-e0a6504616d7,TUMBAL PROYEK,21cineplex,,16TPRK,Horror,106 menit,D17+,2D,2026-05-27,07886fec-de45-4b1c-afc5-2ef301465205,2026-05-27T17:34:43.091219
a4225112-cdf0-4485-9b5d-e0a6504616d7,CHILDREN OF HEAVEN,21cineplex,,16COHN,"Drama, Family",97 menit,SU,2D,2026-05-27,42a6c6f3-ac00-4f60-9467-fe555941b76a,2026-05-27T17:34:43.091402
a4225112-cdf0-4485-9b5d-e0a6504616d7,SUAMIKU LUKAKU,21cineplex,,16SLUU,Drama,92 menit,D17+,2D,2026-05-27,8bad5d18-50b0-4690-bdfb-12c81571e69e,2026-05-27T17:34:43.091557
a4225112-cdf0-4485-9b5d-e0a6504616d7,SEMUA AKAN BAIK-BAIK SAJA,21cineplex,,16SABB,Drama,113 menit,13+,2D,2026-05-27,3de655dd-7c07-4512-af76-b337d2f67308,2026-05-27T17:34:43.091745
e5909b7f-cf87-426c-86eb-5ddb347b01b1,SEKAWAN LIMO 2: GUNUNG KLAWIH,21cineplex,,16SK2G,"Comedy, Horror",122 menit,13+,2D,2026-05-27,a66def55-5c6e-4d72-a168-785a2d51a714,2026-05-27T17:34:43.092269
e5909b7f-cf87-426c-86eb-5ddb347b01b1,SEMUA AKAN BAIK-BAIK SAJA,21cineplex,,16SABB,Drama,113 menit,13+,2D,2026-05-27,4183854d-ee1e-4abc-8d4d-62f1c4dec53a,2026-05-27T17:34:43.092682
e5909b7f-cf87-426c-86eb-5ddb347b01b1,TUMBAL PROYEK,21cineplex,,16TPRK,Horror,106 menit,D17+,2D,2026-05-27,52c59c4f-fb04-43f8-adb1-ae69ecc571f4,2026-05-27T17:34:43.092820
e5909b7f-cf87-426c-86eb-5ddb347b01b1,SUAMIKU LUKAKU,21cineplex,,16SLUU,Drama,92 menit,D17+,2D,2026-05-27,08c0261b-6ee9-4c1f-bd7b-4ce6f51b4864,2026-05-27T17:34:43.092976
e5909b7f-cf87-426c-86eb-5ddb347b01b1,CHILDREN OF HEAVEN,21cineplex,,16COHN,"Drama, Family",97 menit,SU,2D,2026-05-27,db869bde-459c-4006-81a2-2bd3f2f8efd0,2026-05-27T17:34:43.093105
a139980d-322f-44e8-87c5-9925c6306001,CHILDREN OF HEAVEN,21cineplex,,16COHN,"Drama, Family",97 menit,SU,2D,2026-05-27,ab2a030e-f6a7-4ddf-93f2-f2058e11a685,2026-05-27T17:34:44.248056
a139980d-322f-44e8-87c5-9925c6306001,SEKAWAN LIMO 2: GUNUNG KLAWIH,21cineplex,,16SK2G,"Comedy, Horror",122 menit,13+,2D,2026-05-27,9ab0cee5-6ad7-4523-9283-2d1578130e69,2026-05-27T17:34:44.248294
a139980d-322f-44e8-87c5-9925c6306001,SUAMIKU LUKAKU,21cineplex,,16SLUU,Drama,92 menit,D17+,2D,2026-05-27,8d7f0170-0a9e-4430-95fd-5936307b9b7b,2026-05-27T17:34:44.248460
a139980d-322f-44e8-87c5-9925c6306001,BADUT GENDONG,21cineplex,,16BGEG,"Action, Horror",101 menit,D17+,2D,2026-05-27,3d2295cc-39eb-422e-9f3e-3d2d7519b6f0,2026-05-27T17:34:44.248565
a139980d-322f-44e8-87c5-9925c6306001,PASSENGER,21cineplex,,26PASR,Horror,94 menit,D17+,2D,2026-05-27,b155c106-6096-4762-8b72-a250c84f93e4,2026-05-27T17:34:44.248722
a139980d-322f-44e8-87c5-9925c6306001,COLONY,21cineplex,,26COLY,"Horror, Thriller",122 menit,13+,2D,2026-06-03,a180ba18-114e-4c9e-8b00-348504b81d3d,2026-05-27T17:34:44.248799
38659610-422d-4f89-9ad7-5beba2701e9a,SUAMIKU LUKAKU,21cineplex,,16SLUU,Drama,92 menit,D17+,2D,2026-05-27,f998e260-db17-44c1-b9d4-75a7783e2cf4,2026-05-27T17:34:47.488938
38659610-422d-4f89-9ad7-5beba2701e9a,BADUT GENDONG,21cineplex,,16BGEG,"Action, Horror",101 menit,D17+,2D,2026-05-27,cf0bfb1d-b047-458d-addc-9d270c34759c,2026-05-27T17:34:47.489267
38659610-422d-4f89-9ad7-5beba2701e9a,CHILDREN OF HEAVEN,21cineplex,,16COHN,"Drama, Family",97 menit,SU,2D,2026-05-27,4838b657-5da1-430f-bf16-02b99167d9be,2026-05-27T17:34:47.489551
38659610-422d-4f89-9ad7-5beba2701e9a,SEKAWAN LIMO 2: GUNUNG KLAWIH,21cineplex,,16SK2G,"Comedy, Horror",122 menit,13+,2D,2026-05-27,5b26938c-375f-4378-8e1b-c5a879fcfb2d,2026-05-27T17:34:47.489794
38659610-422d-4f89-9ad7-5beba2701e9a,TUMBAL PROYEK,21cineplex,,16TPRK,Horror,106 menit,D17+,2D,2026-05-27,256ed10c-4107-4b86-9ca8-2754b9dfcbbf,2026-05-27T17:34:47.489937
20de7c95-8ceb-465c-a7a4-916a98fda8a9,GOHAN,21cineplex,,26GOHN,Drama,140 menit,SU,2D,2026-05-27,aff661d3-34d0-4c08-87d0-412e3a2a6822,2026-05-27T17:34:48.709799
20de7c95-8ceb-465c-a7a4-916a98fda8a9,CHILDREN OF HEAVEN,21cineplex,,16COHN,"Drama, Family",97 menit,SU,2D,2026-05-27,2c8609c3-d58b-48d5-9422-73070ad4eb93,2026-05-27T17:34:48.710057
20de7c95-8ceb-465c-a7a4-916a98fda8a9,SUAMIKU LUKAKU,21cineplex,,16SLUU,Drama,92 menit,D17+,2D,2026-05-27,47765a87-def4-4597-a4ac-404751695dd3,2026-05-27T17:34:48.710446
20de7c95-8ceb-465c-a7a4-916a98fda8a9,BADUT GENDONG,21cineplex,,16BGEG,"Action, Horror",101 menit,D17+,2D,2026-05-27,0c1afbe7-7fae-4038-94a5-e693742fef70,2026-05-27T17:34:48.710837
20de7c95-8ceb-465c-a7a4-916a98fda8a9,SEKAWAN LIMO 2: GUNUNG KLAWIH,21cineplex,,16SK2G,"Comedy, Horror",122 menit,13+,2D,2026-05-27,c16ed965-96d2-434f-bfac-a7e38b47866c,2026-05-27T17:34:48.711114
d012a7ea-f5b0-4603-b4ee-aec2ecb0883f,SEKAWAN LIMO 2: GUNUNG KLAWIH,21cineplex,,16SK2G,"Comedy, Horror",122 menit,13+,2D,2026-05-27,28bf12f0-b7d7-4d5f-88f1-c069ca5cfb3a,2026-05-27T17:34:50.434013
d012a7ea-f5b0-4603-b4ee-aec2ecb0883f,SUAMIKU LUKAKU,21cineplex,,16SLUU,Drama,92 menit,D17+,2D,2026-05-27,e8d3bf4c-d5fa-4670-9e0a-2e9f1886ecc6,2026-05-27T17:34:50.434229
d012a7ea-f5b0-4603-b4ee-aec2ecb0883f,CHILDREN OF HEAVEN,21cineplex,,16COHN,"Drama, Family",97 menit,SU,2D,2026-05-27,b228aef9-6041-41e4-9411-83e20fe26af8,2026-05-27T17:34:50.434408
d012a7ea-f5b0-4603-b4ee-aec2ecb0883f,SEMUA AKAN BAIK-BAIK SAJA,21cineplex,,16SABB,Drama,113 menit,13+,2D,2026-05-27,76251e40-f5dd-49c7-b7e8-771b874b1275,2026-05-27T17:34:50.434562
047157c8-e68b-4ddc-82e7-e94d3d7c35f6,SUAMIKU LUKAKU,21cineplex,,16SLUU,Drama,92 menit,D17+,2D,2026-05-27,f01f19a4-520e-4acb-87d0-ebccd6fd54a9,2026-05-27T17:34:51.717317
047157c8-e68b-4ddc-82e7-e94d3d7c35f6,CHILDREN OF HEAVEN,21cineplex,,16COHN,"Drama, Family",97 menit,SU,2D,2026-05-27,c73b9f20-77f2-4324-b68b-e81cc3ffec01,2026-05-27T17:34:51.717713
047157c8-e68b-4ddc-82e7-e94d3d7c35f6,PASSENGER,21cineplex,,26PASR,Horror,94 menit,D17+,2D,2026-05-27,3d1e13fe-0be8-42b7-bac9-b1266340d1d3,2026-05-27T17:34:51.717992
047157c8-e68b-4ddc-82e7-e94d3d7c35f6,SEKAWAN LIMO 2: GUNUNG KLAWIH,21cineplex,,16SK2G,"Comedy, Horror",122 menit,13+,2D,2026-05-27,cb7e36c7-b9fc-46b5-a9dc-a89cbb0853af,2026-05-27T17:34:51.718274
047157c8-e68b-4ddc-82e7-e94d3d7c35f6,BADUT GENDONG,21cineplex,,16BGEG,"Action, Horror",101 menit,D17+,2D,2026-05-27,36b35ae3-e40d-490b-8680-f78a97c23099,2026-05-27T17:34:51.718473
14a9aa91-e4a6-496a-b8b0-6685f9227725,SUAMIKU LUKAKU,21cineplex,,16SLUU,Drama,92 menit,D17+,2D,2026-05-27,20e1110b-4a99-4b5a-b2c1-a150549e7883,2026-05-27T17:34:54.738287
14a9aa91-e4a6-496a-b8b0-6685f9227725,SEKAWAN LIMO 2: GUNUNG KLAWIH,21cineplex,,16SK2G,"Comedy, Horror",122 menit,13+,2D,2026-05-27,a9efe3b4-798d-4bd9-9d05-3af5df6263df,2026-05-27T17:34:54.738515
14a9aa91-e4a6-496a-b8b0-6685f9227725,BADUT GENDONG,21cineplex,,16BGEG,"Action, Horror",101 menit,D17+,2D,2026-05-27,cf5953a0-89b7-4f2f-8b8b-36b185eecc5d,2026-05-27T17:34:54.738636
14a9aa91-e4a6-496a-b8b0-6685f9227725,CHILDREN OF HEAVEN,21cineplex,,16COHN,"Drama, Family",97 menit,SU,2D,2026-05-27,5b748960-a38f-4c95-9f95-9c71c306da44,2026-05-27T17:34:54.738747
3f4461e8-b5b9-4532-82a8-c6388a9a88f4,SUAMIKU LUKAKU,21cineplex,,16SLUU,Drama,92 menit,D17+,2D,2026-05-27,89847b07-4c17-4746-8eb3-845133e91b9a,2026-05-27T17:34:56.460788
3f4461e8-b5b9-4532-82a8-c6388a9a88f4,SEKAWAN LIMO 2: GUNUNG KLAWIH,21cineplex,,16SK2G,"Comedy, Horror",122 menit,13+,2D,2026-05-27,76594fa4-6353-4148-b79e-4fe9eabb0221,2026-05-27T17:34:56.461034
3f4461e8-b5b9-4532-82a8-c6388a9a88f4,BADUT GENDONG,21cineplex,,16BGEG,"Action, Horror",101 menit,D17+,2D,2026-05-27,756bc0bb-2d40-4e62-a6dc-fb6e9fd912ea,2026-05-27T17:34:56.461197
3f4461e8-b5b9-4532-82a8-c6388a9a88f4,SEMUA AKAN BAIK-BAIK SAJA,21cineplex,,16SABB,Drama,113 menit,13+,2D,2026-05-27,451c458b-715e-413e-8e66-08d399d125ae,2026-05-27T17:34:56.461405
3f4461e8-b5b9-4532-82a8-c6388a9a88f4,CHILDREN OF HEAVEN,21cineplex,,16COHN,"Drama, Family",97 menit,SU,2D,2026-05-27,3d42c2dd-736a-46b7-915f-dd22f5e09870,2026-05-27T17:34:56.461539
3f4461e8-b5b9-4532-82a8-c6388a9a88f4,GOHAN,21cineplex,,26GOHN,Drama,140 menit,SU,2D,2026-05-27,0ebe3656-f431-46ff-aeb3-41796a6ab01b,2026-05-27T17:34:56.461672
3f4461e8-b5b9-4532-82a8-c6388a9a88f4,GUDANG MERICA,21cineplex,,16GMEA,"Comedy, Horror",98 menit,D17+,2D,2026-05-27,8c2bcb0d-e39d-4cd1-b165-9a6aa0cb7a52,2026-05-27T17:34:56.461744
3f4461e8-b5b9-4532-82a8-c6388a9a88f4,TUMBAL PROYEK,21cineplex,,16TPRK,Horror,106 menit,D17+,2D,2026-05-27,58a0b47c-f687-4319-b7ae-e690b47612bb,2026-05-27T17:34:56.461833
6c0d4e82-b4d9-407e-b193-479c5eaf8df2,CHILDREN OF HEAVEN,21cineplex,,16COHN,"Drama, Family",97 menit,SU,2D,2026-05-27,ade5af71-5851-4dd8-a080-8ac16c6e77df,2026-05-27T17:34:57.707120
6c0d4e82-b4d9-407e-b193-479c5eaf8df2,TUMBAL PROYEK,21cineplex,,16TPRK,Horror,106 menit,D17+,2D,2026-05-27,83832597-0710-4cf4-9c18-19d1a6223098,2026-05-27T17:34:57.707279
6c0d4e82-b4d9-407e-b193-479c5eaf8df2,GUDANG MERICA,21cineplex,,16GMEA,"Comedy, Horror",98 menit,D17+,2D,2026-05-27,b91e7067-67f0-4b82-91cf-f2cf0a699349,2026-05-27T17:34:57.707352
6c0d4e82-b4d9-407e-b193-479c5eaf8df2,BADUT GENDONG,21cineplex,,16BGEG,"Action, Horror",101 menit,D17+,2D,2026-05-27,dd42938d-418d-4b6f-82fc-b608e3411248,2026-05-27T17:34:57.707432
6c0d4e82-b4d9-407e-b193-479c5eaf8df2,SUAMIKU LUKAKU,21cineplex,,16SLUU,Drama,92 menit,D17+,2D,2026-05-27,4607cac2-2c44-4c5e-b6a9-822939064a2a,2026-05-27T17:34:57.707497
6c0d4e82-b4d9-407e-b193-479c5eaf8df2,SEKAWAN LIMO 2: GUNUNG KLAWIH,21cineplex,,16SK2G,"Comedy, Horror",122 menit,13+,2D,2026-05-27,d0a7e5c0-6172-49d2-a851-9612edb3d502,2026-05-27T17:34:57.707587
19bef3e0-8f50-4c16-99bf-d9d6da6b6a82,PASSENGER,21cineplex,,26PASR,Horror,94 menit,D17+,2D,2026-05-27,93d2db62-9e3a-4037-b07b-a7b283cf78eb,2026-05-27T17:34:59.233123
19bef3e0-8f50-4c16-99bf-d9d6da6b6a82,TUMBAL PROYEK,21cineplex,,16TPRK,Horror,106 menit,D17+,2D,2026-05-27,59d4e7e7-a85e-40f6-a49b-3a7306699ac7,2026-05-27T17:34:59.233448
19bef3e0-8f50-4c16-99bf-d9d6da6b6a82,HOKUM,21cineplex,,26HOKM,Horror,107 menit,13+,2D,2026-05-27,3f40a856-91e1-45bf-91c2-1b813d440946,2026-05-27T17:34:59.233654
19bef3e0-8f50-4c16-99bf-d9d6da6b6a82,CHILDREN OF HEAVEN,21cineplex,,16COHN,"Drama, Family",97 menit,SU,2D,2026-05-27,c38a2b8c-69f3-4c49-9310-32e1e5e0578e,2026-05-27T17:34:59.233796
19bef3e0-8f50-4c16-99bf-d9d6da6b6a82,BADUT GENDONG,21cineplex,,16BGEG,"Action, Horror",101 menit,D17+,2D,2026-05-27,a4c4bc83-6500-4d6b-82e6-cda38e4ded5b,2026-05-27T17:34:59.234041
19bef3e0-8f50-4c16-99bf-d9d6da6b6a82,STAR WARS: THE MANDALORIAN AND GROGU,21cineplex,,26SWMG,"Fantasy, Sci-Fi",132 menit,13+,2D,2026-05-27,b98a0bc6-70d4-45cc-89fb-80295c255809,2026-05-27T17:34:59.234309
19bef3e0-8f50-4c16-99bf-d9d6da6b6a82,SEMUA AKAN BAIK-BAIK SAJA,21cineplex,,16SABB,Drama,113 menit,13+,2D,2026-05-27,261c3a3f-623f-443c-bdb6-e7ac2f2b48e5,2026-05-27T17:34:59.234428
19bef3e0-8f50-4c16-99bf-d9d6da6b6a82,COLONY,21cineplex,,26COLY,"Horror, Thriller",122 menit,13+,2D,2026-06-03,5cca56f0-ba4a-4081-94c8-8fd0e21ee0fc,2026-05-27T17:34:59.234646
c267922a-cd6b-432f-9d45-a012b9c1935f,GOHAN,21cineplex,,26GOHN,Drama,140 menit,SU,2D,2026-05-27,be6b70b0-bbeb-477c-bcfb-0fb01c3d87fa,2026-05-27T17:35:00.714079
c267922a-cd6b-432f-9d45-a012b9c1935f,HOKUM,21cineplex,,26HOKM,Horror,107 menit,13+,2D,2026-05-27,3c73a98a-a635-4f49-9dc4-5f64ac744e04,2026-05-27T17:35:00.714210
c267922a-cd6b-432f-9d45-a012b9c1935f,GUDANG MERICA,21cineplex,,16GMEA,"Comedy, Horror",98 menit,D17+,2D,2026-05-27,6dac2351-23f1-44e6-ae78-4e2ad84da3a2,2026-05-27T17:35:00.714259
c267922a-cd6b-432f-9d45-a012b9c1935f,SUAMIKU LUKAKU,21cineplex,,16SLUU,Drama,92 menit,D17+,2D,2026-05-27,f75c6379-0c90-42bc-ab53-ab3e0ae35dce,2026-05-27T17:35:00.714318
c267922a-cd6b-432f-9d45-a012b9c1935f,PASSENGER,21cineplex,,26PASR,Horror,94 menit,D17+,2D,2026-05-27,6fb3a7ef-0b0a-42fe-9933-2dc2570b4133,2026-05-27T17:35:00.714429
c267922a-cd6b-432f-9d45-a012b9c1935f,CHILDREN OF HEAVEN,21cineplex,,16COHN,"Drama, Family",97 menit,SU,2D,2026-05-27,26c2a1ac-4ba7-4464-a30a-b3dd05db4871,2026-05-27T17:35:00.714580
e697140c-bf98-4f6c-b51a-32fb5db4f2bb,STAR WARS: THE MANDALORIAN AND GROGU,21cineplex,,26SWMG,"Fantasy, Sci-Fi",132 menit,13+,2D,2026-05-27,ed5556d2-b5a6-4239-9eb9-1c02bc138cb8,2026-05-27T17:35:05.468352
e697140c-bf98-4f6c-b51a-32fb5db4f2bb,GOHAN,21cineplex,,26GOHN,Drama,140 menit,SU,2D,2026-05-27,09bc3899-c55c-4a0f-857b-ab047ecb20a0,2026-05-27T17:35:05.469921
e697140c-bf98-4f6c-b51a-32fb5db4f2bb,HOKUM,21cineplex,,26HOKM,Horror,107 menit,13+,2D,2026-05-27,9be0ca66-776f-49bc-a352-14731a005247,2026-05-27T17:35:05.470126
e697140c-bf98-4f6c-b51a-32fb5db4f2bb,MICHAEL,21cineplex,,26MICL,Biography,127 menit,SU,2D,2026-05-27,a4c72e5e-33d2-4373-af6c-ed4d49205347,2026-05-27T17:35:05.470203
e697140c-bf98-4f6c-b51a-32fb5db4f2bb,CHILDREN OF HEAVEN,21cineplex,,16COHN,"Drama, Family",97 menit,SU,2D,2026-05-27,793048d5-e6d1-4ae0-a399-6d246bbace89,2026-05-27T17:35:05.470282
e697140c-bf98-4f6c-b51a-32fb5db4f2bb,SEKAWAN LIMO 2: GUNUNG KLAWIH,21cineplex,,16SK2G,"Comedy, Horror",122 menit,13+,2D,2026-05-27,d1bc9fc5-6082-405c-99f2-227fee6890f1,2026-05-27T17:35:05.470389
e697140c-bf98-4f6c-b51a-32fb5db4f2bb,PASSENGER,21cineplex,,26PASR,Horror,94 menit,D17+,2D,2026-05-27,a28d9b32-d242-4739-bf60-1f70e4e6513b,2026-05-27T17:35:05.470454
e697140c-bf98-4f6c-b51a-32fb5db4f2bb,COLONY,21cineplex,,26COLY,"Horror, Thriller",122 menit,13+,2D,2026-06-03,3615d609-fb89-4ab9-9840-e5ebc612d85f,2026-05-27T17:35:05.470526
60b4e8ea-9359-4740-ac31-9b5f6e9f2bc6,CHILDREN OF HEAVEN,21cineplex,,16COHN,"Drama, Family",97 menit,SU,2D,2026-05-27,d3417960-2e71-4409-a428-af83251b6aac,2026-05-27T17:35:08.494030
60b4e8ea-9359-4740-ac31-9b5f6e9f2bc6,SEKAWAN LIMO 2: GUNUNG KLAWIH,21cineplex,,16SK2G,"Comedy, Horror",122 menit,13+,2D,2026-05-27,1a301fc9-4a49-4f04-9b3f-831378c444f9,2026-05-27T17:35:08.494352
60b4e8ea-9359-4740-ac31-9b5f6e9f2bc6,TUMBAL PROYEK,21cineplex,,16TPRK,Horror,106 menit,D17+,2D,2026-05-27,682b8c1c-1d81-403d-87dd-c867c39e4a32,2026-05-27T17:35:08.494520
60b4e8ea-9359-4740-ac31-9b5f6e9f2bc6,SUAMIKU LUKAKU,21cineplex,,16SLUU,Drama,92 menit,D17+,2D,2026-05-27,cca34230-a2c1-4b31-a42b-6385aded763e,2026-05-27T17:35:08.494697
60b4e8ea-9359-4740-ac31-9b5f6e9f2bc6,SEMUA AKAN BAIK-BAIK SAJA,21cineplex,,16SABB,Drama,113 menit,13+,2D,2026-05-27,09a98f13-abbb-488a-8a20-c07653be8e8f,2026-05-27T17:35:08.494838
60b4e8ea-9359-4740-ac31-9b5f6e9f2bc6,STAR WARS: THE MANDALORIAN AND GROGU,21cineplex,,26SWMG,"Fantasy, Sci-Fi",132 menit,13+,2D,2026-05-27,c587b746-c09a-4a9a-8fb1-9ea0f7dd0da6,2026-05-27T17:35:08.495055
60b4e8ea-9359-4740-ac31-9b5f6e9f2bc6,COLONY,21cineplex,,26COLY,"Horror, Thriller",122 menit,13+,2D,2026-06-03,df35c146-e70b-42aa-85f1-5efa5a8e4046,2026-05-27T17:35:08.495164
e2e5d5a7-da45-4644-8129-a27c32f5e187,CHILDREN OF HEAVEN,21cineplex,,16COHN,"Drama, Family",97 menit,SU,2D,2026-05-27,1ebc81db-0dc3-4d8a-8935-88cc90e582a9,2026-05-27T17:35:09.737460
e2e5d5a7-da45-4644-8129-a27c32f5e187,GUDANG MERICA,21cineplex,,16GMEA,"Comedy, Horror",98 menit,D17+,2D,2026-05-27,70551e91-9bcf-40b5-b8f2-72406d780e66,2026-05-27T17:35:09.737843
e2e5d5a7-da45-4644-8129-a27c32f5e187,TUMBAL PROYEK,21cineplex,,16TPRK,Horror,106 menit,D17+,2D,2026-05-27,7ee744b1-d456-4fcc-8fbd-c7bff11c6139,2026-05-27T17:35:09.738095
e2e5d5a7-da45-4644-8129-a27c32f5e187,BADUT GENDONG,21cineplex,,16BGEG,"Action, Horror",101 menit,D17+,2D,2026-05-27,661166dc-1cf0-458d-b315-0b67ef1eb4c7,2026-05-27T17:35:09.738293
e2e5d5a7-da45-4644-8129-a27c32f5e187,SUAMIKU LUKAKU,21cineplex,,16SLUU,Drama,92 menit,D17+,2D,2026-05-27,de8abfa8-09f5-4c65-94ea-82d535c8e4f7,2026-05-27T17:35:09.738558
e2e5d5a7-da45-4644-8129-a27c32f5e187,YANG LAIN BOLEH HILANG ASAL KAU JANGAN,21cineplex,,16YLBH,Drama,113 menit,13+,2D,2026-05-27,126409d0-9130-41f4-b72f-ea1f80586fcf,2026-05-27T17:35:09.738849
e2e5d5a7-da45-4644-8129-a27c32f5e187,SEMUA AKAN BAIK-BAIK SAJA,21cineplex,,16SABB,Drama,113 menit,13+,2D,2026-05-27,f890d10a-dc07-41d3-92e4-49296fa6c32d,2026-05-27T17:35:09.739026
59a16517-ce00-4df4-99d9-0167c0d073d7,GHOST IN THE CELL,21cineplex,,16GITC,"Comedy, Horror",106 menit,D17+,2D,2026-05-27,a83650de-cc48-473c-a717-c7b62d0477dd,2026-05-27T17:35:11.513451
59a16517-ce00-4df4-99d9-0167c0d073d7,CHILDREN OF HEAVEN,21cineplex,,16COHN,"Drama, Family",97 menit,SU,2D,2026-05-27,45652f61-a75d-4155-a1ce-5357995602ae,2026-05-27T17:35:11.513726
59a16517-ce00-4df4-99d9-0167c0d073d7,SEKAWAN LIMO 2: GUNUNG KLAWIH,21cineplex,,16SK2G,"Comedy, Horror",122 menit,13+,2D,2026-05-27,96ba3e7c-4ebe-4052-8a73-15b22bdd108a,2026-05-27T17:35:11.513927
59a16517-ce00-4df4-99d9-0167c0d073d7,HOKUM,21cineplex,,26HOKM,Horror,107 menit,13+,2D,2026-05-27,677f3794-b41d-44db-9d58-a26f9515879d,2026-05-27T17:35:11.514037
59a16517-ce00-4df4-99d9-0167c0d073d7,GOHAN,21cineplex,,26GOHN,Drama,140 menit,SU,2D,2026-05-27,d0818c18-e984-4d0f-84d5-3047ea28b217,2026-05-27T17:35:11.514196
59a16517-ce00-4df4-99d9-0167c0d073d7,PASSENGER,21cineplex,,26PASR,Horror,94 menit,D17+,2D,2026-05-27,9e79ebcc-1194-4f56-b410-69fac2c801c9,2026-05-27T17:35:11.514325
59a16517-ce00-4df4-99d9-0167c0d073d7,SUAMIKU LUKAKU,21cineplex,,16SLUU,Drama,92 menit,D17+,2D,2026-05-27,66e2a797-a51c-4c80-8945-35ad0d730a7c,2026-05-27T17:35:11.514492
59a16517-ce00-4df4-99d9-0167c0d073d7,BADUT GENDONG,21cineplex,,16BGEG,"Action, Horror",101 menit,D17+,2D,2026-05-27,928b2784-83e5-47a5-bfdf-b1b73a56f3cd,2026-05-27T17:35:11.514625
59a16517-ce00-4df4-99d9-0167c0d073d7,COLONY,21cineplex,,26COLY,"Horror, Thriller",122 menit,13+,2D,2026-06-03,283613e5-ece3-4cfe-a1fc-c183ea6800f5,2026-05-27T17:35:11.514805
1a7f1096-f444-4b8f-987a-474b140392dc,YANG LAIN BOLEH HILANG ASAL KAU JANGAN,21cineplex,,16YLBH,Drama,113 menit,13+,2D,2026-05-27,8b32c70a-d44e-43ed-a849-20ff58a47e7e,2026-05-27T17:35:15.864285
1a7f1096-f444-4b8f-987a-474b140392dc,SEKAWAN LIMO 2: GUNUNG KLAWIH,21cineplex,,16SK2G,"Comedy, Horror",122 menit,13+,2D,2026-05-27,58f869f1-827a-4ace-a264-8a15142b861f,2026-05-27T17:35:15.864504
1a7f1096-f444-4b8f-987a-474b140392dc,GUDANG MERICA,21cineplex,,16GMEA,"Comedy, Horror",98 menit,D17+,2D,2026-05-27,c0873856-d94f-4720-b283-c9e4b93e7ff5,2026-05-27T17:35:15.864653
1a7f1096-f444-4b8f-987a-474b140392dc,STAR WARS: THE MANDALORIAN AND GROGU,21cineplex,,26SWMG,"Fantasy, Sci-Fi",132 menit,13+,2D,2026-05-27,ab366748-5c80-45df-9ff9-e26080a7d8dd,2026-05-27T17:35:15.864806
1a7f1096-f444-4b8f-987a-474b140392dc,SEMUA AKAN BAIK-BAIK SAJA,21cineplex,,16SABB,Drama,113 menit,13+,2D,2026-05-27,4c0231ed-e9ee-451e-b4c7-30e20e9f0fb4,2026-05-27T17:35:15.864943
1a7f1096-f444-4b8f-987a-474b140392dc,TUMBAL PROYEK,21cineplex,,16TPRK,Horror,106 menit,D17+,2D,2026-05-27,d1cd07f6-d9c2-45dc-8148-7d5bc9cb99f1,2026-05-27T17:35:15.865082
1a7f1096-f444-4b8f-987a-474b140392dc,CHILDREN OF HEAVEN,21cineplex,,16COHN,"Drama, Family",97 menit,SU,2D,2026-05-27,0e585954-ddf1-47f7-b9ed-4d4b26d6c8a9,2026-05-27T17:35:15.865232
1a7f1096-f444-4b8f-987a-474b140392dc,SUAMIKU LUKAKU,21cineplex,,16SLUU,Drama,92 menit,D17+,2D,2026-05-27,f54b2f57-e785-4268-932b-61bdaf22524e,2026-05-27T17:35:15.865378
1a7f1096-f444-4b8f-987a-474b140392dc,PASSENGER,21cineplex,,26PASR,Horror,94 menit,D17+,2D,2026-05-27,4024cb7c-d309-4f81-8756-df8db7098f77,2026-05-27T17:35:15.865525
1a7f1096-f444-4b8f-987a-474b140392dc,THE SHEEP DETECTIVES,21cineplex,,26SDES,"Comedy, Mystery",109 menit,SU,2D,2026-05-27,5e68a557-a016-4575-af8b-679706881b09,2026-05-27T17:35:15.865656
1a7f1096-f444-4b8f-987a-474b140392dc,GOHAN,21cineplex,,26GOHN,Drama,140 menit,SU,2D,2026-05-27,7dbb5d64-e1db-481c-82f5-784469e4084d,2026-05-27T17:35:15.865738
1a7f1096-f444-4b8f-987a-474b140392dc,BADUT GENDONG,21cineplex,,16BGEG,"Action, Horror",101 menit,D17+,2D,2026-05-27,f15b0736-eaa0-4ae6-838e-ab1135c0611a,2026-05-27T17:35:15.865813
1a7f1096-f444-4b8f-987a-474b140392dc,COLONY,21cineplex,,26COLY,"Horror, Thriller",122 menit,13+,2D,2026-06-03,719919d6-9d4c-498d-8cf9-2799c748ae48,2026-05-27T17:35:15.865951
301b1b60-51a4-4e27-bf4f-8a10597812a1,TUMBAL PROYEK,21cineplex,,16TPRK,Horror,106 menit,D17+,2D,2026-05-27,d58339e2-76d7-4e32-a97f-78e2a7a83548,2026-05-27T17:35:17.260522
301b1b60-51a4-4e27-bf4f-8a10597812a1,SUAMIKU LUKAKU,21cineplex,,16SLUU,Drama,92 menit,D17+,2D,2026-05-27,cbb95760-8486-4fc9-96e8-b3c0dd4a1914,2026-05-27T17:35:17.260776
301b1b60-51a4-4e27-bf4f-8a10597812a1,GUDANG MERICA,21cineplex,,16GMEA,"Comedy, Horror",98 menit,D17+,2D,2026-05-27,1fdde985-4c00-47e5-af16-998bd91356cf,2026-05-27T17:35:17.261011
301b1b60-51a4-4e27-bf4f-8a10597812a1,BADUT GENDONG,21cineplex,,16BGEG,"Action, Horror",101 menit,D17+,2D,2026-05-27,33fed1f4-c4db-49a9-80d3-a73b0cc01ffd,2026-05-27T17:35:17.261205
301b1b60-51a4-4e27-bf4f-8a10597812a1,CHILDREN OF HEAVEN,21cineplex,,16COHN,"Drama, Family",97 menit,SU,2D,2026-05-27,729a05bf-ce7a-4566-95bd-64e82a52fa30,2026-05-27T17:35:17.261390
301b1b60-51a4-4e27-bf4f-8a10597812a1,SEKAWAN LIMO 2: GUNUNG KLAWIH,21cineplex,,16SK2G,"Comedy, Horror",122 menit,13+,2D,2026-05-27,bdda76df-72a4-439e-b65f-c24bffc6f3cb,2026-05-27T17:35:17.261611
301b1b60-51a4-4e27-bf4f-8a10597812a1,SEMUA AKAN BAIK-BAIK SAJA,21cineplex,,16SABB,Drama,113 menit,13+,2D,2026-05-27,2f70df81-ef7c-445e-8130-439a2cb9a72d,2026-05-27T17:35:17.261880
301b1b60-51a4-4e27-bf4f-8a10597812a1,COLONY,21cineplex,,26COLY,"Horror, Thriller",122 menit,13+,2D,2026-06-03,0dde6514-3a8d-4bc0-bc6d-f437d97375f7,2026-05-27T17:35:17.262122
b47b4aad-7d6b-4571-a8e3-43cf0d47c64e,GUDANG MERICA,21cineplex,,16GMEA,"Comedy, Horror",98 menit,D17+,2D,2026-05-27,7cc8d03d-97e1-4c10-8e08-8cbc6f7c5c7a,2026-05-27T17:35:18.850794
b47b4aad-7d6b-4571-a8e3-43cf0d47c64e,SEKAWAN LIMO 2: GUNUNG KLAWIH,21cineplex,,16SK2G,"Comedy, Horror",122 menit,13+,2D,2026-05-27,e6036042-1e55-4222-bcc1-fd7e8b64d5df,2026-05-27T17:35:18.851182
b47b4aad-7d6b-4571-a8e3-43cf0d47c64e,CHILDREN OF HEAVEN,21cineplex,,16COHN,"Drama, Family",97 menit,SU,2D,2026-05-27,6c66d9e4-d8e8-4775-a1c2-07de12aa26cd,2026-05-27T17:35:18.851395
b47b4aad-7d6b-4571-a8e3-43cf0d47c64e,SUAMIKU LUKAKU,21cineplex,,16SLUU,Drama,92 menit,D17+,2D,2026-05-27,d8f5dcf0-3e9b-4692-b6cb-65642faa5278,2026-05-27T17:35:18.851549
b47b4aad-7d6b-4571-a8e3-43cf0d47c64e,BADUT GENDONG,21cineplex,,16BGEG,"Action, Horror",101 menit,D17+,2D,2026-05-27,864883b3-2076-4c95-9a89-8ffed5083624,2026-05-27T17:35:18.851749
45f0c2d9-488f-4f6b-b2fa-a53cb376b89f,CHILDREN OF HEAVEN,21cineplex,,16COHN,"Drama, Family",97 menit,SU,2D,2026-05-27,f0e9b856-2f59-44cc-9798-9656ba61d8bb,2026-05-27T17:35:20.451379
45f0c2d9-488f-4f6b-b2fa-a53cb376b89f,SUAMIKU LUKAKU,21cineplex,,16SLUU,Drama,92 menit,D17+,2D,2026-05-27,18782245-7af0-4a7f-98cf-f0552c4be778,2026-05-27T17:35:20.451575
45f0c2d9-488f-4f6b-b2fa-a53cb376b89f,BADUT GENDONG,21cineplex,,16BGEG,"Action, Horror",101 menit,D17+,2D,2026-05-27,81259149-cb9d-44c4-8bdd-0120a94da37c,2026-05-27T17:35:20.451679
45f0c2d9-488f-4f6b-b2fa-a53cb376b89f,PASSENGER,21cineplex,,26PASR,Horror,94 menit,D17+,2D,2026-05-27,a939bbb0-1a6a-4af5-9fa0-278bc7e76817,2026-05-27T17:35:20.451817
45f0c2d9-488f-4f6b-b2fa-a53cb376b89f,SEKAWAN LIMO 2: GUNUNG KLAWIH,21cineplex,,16SK2G,"Comedy, Horror",122 menit,13+,2D,2026-05-27,a31a2b62-15eb-4364-b1dd-60258eeb866f,2026-05-27T17:35:20.451946
45f0c2d9-488f-4f6b-b2fa-a53cb376b89f,COLONY,21cineplex,,26COLY,"Horror, Thriller",122 menit,13+,2D,2026-06-03,b67a6eaf-8ef0-49c1-ae54-21b9d3ff25c0,2026-05-27T17:35:20.452056
8248d254-be65-40ab-9fac-b72187eac171,SEMUA AKAN BAIK-BAIK SAJA,21cineplex,,16SABB,Drama,113 menit,13+,2D,2026-05-27,f82c3a3a-a65a-4d80-ac17-04d05c8f000a,2026-05-27T17:35:23.491703
8248d254-be65-40ab-9fac-b72187eac171,CHILDREN OF HEAVEN,21cineplex,,16COHN,"Drama, Family",97 menit,SU,2D,2026-05-27,12bd55f3-c2a5-45ba-9350-16cf0422fa30,2026-05-27T17:35:23.492001
8248d254-be65-40ab-9fac-b72187eac171,HOKUM,21cineplex,,26HOKM,Horror,107 menit,13+,2D,2026-05-27,e51a8ce6-bfb2-49ee-a9ef-d739e5a1c928,2026-05-27T17:35:23.492226
8248d254-be65-40ab-9fac-b72187eac171,SEKAWAN LIMO 2: GUNUNG KLAWIH,21cineplex,,16SK2G,"Comedy, Horror",122 menit,13+,2D,2026-05-27,c4408e12-da51-4275-a6fc-c22ceb5fc0ac,2026-05-27T17:35:23.492317
8248d254-be65-40ab-9fac-b72187eac171,STAR WARS: THE MANDALORIAN AND GROGU,21cineplex,,26SWMG,"Fantasy, Sci-Fi",132 menit,13+,2D,2026-05-27,c7db3b3a-30c6-4832-8c24-51ff3049d118,2026-05-27T17:35:23.492538
8248d254-be65-40ab-9fac-b72187eac171,TUMBAL PROYEK,21cineplex,,16TPRK,Horror,106 menit,D17+,2D,2026-05-27,bafa16f5-2059-4464-bd69-793d67ba6f22,2026-05-27T17:35:23.492628
8248d254-be65-40ab-9fac-b72187eac171,BADUT GENDONG,21cineplex,,16BGEG,"Action, Horror",101 menit,D17+,2D,2026-05-27,e1e617a8-508c-4802-960b-b1cfa61417db,2026-05-27T17:35:23.492721
8248d254-be65-40ab-9fac-b72187eac171,PASSENGER,21cineplex,,26PASR,Horror,94 menit,D17+,2D,2026-05-27,54b6ad5b-47dd-4dfe-9291-2fa22d17c8e1,2026-05-27T17:35:23.492922
8248d254-be65-40ab-9fac-b72187eac171,SUAMIKU LUKAKU,21cineplex,,16SLUU,Drama,92 menit,D17+,2D,2026-05-27,d10065dc-dd67-4d99-b812-323e8d6b841d,2026-05-27T17:35:23.493109
7ac9ec9a-8a57-4cb4-ad92-e4474e3891b3,GUDANG MERICA,21cineplex,,16GMEA,"Comedy, Horror",98 menit,D17+,2D,2026-05-27,1eb59fdb-e793-4f0a-a15e-722c78a81310,2026-05-27T17:35:26.451926
7ac9ec9a-8a57-4cb4-ad92-e4474e3891b3,CHILDREN OF HEAVEN,21cineplex,,16COHN,"Drama, Family",97 menit,SU,2D,2026-05-27,919748d0-e1aa-460f-b186-3d6d93ce4227,2026-05-27T17:35:26.452064
7ac9ec9a-8a57-4cb4-ad92-e4474e3891b3,SUAMIKU LUKAKU,21cineplex,,16SLUU,Drama,92 menit,D17+,2D,2026-05-27,8b1beee0-2cef-4ce1-8791-ed0716c18972,2026-05-27T17:35:26.452154
7ac9ec9a-8a57-4cb4-ad92-e4474e3891b3,SEKAWAN LIMO 2: GUNUNG KLAWIH,21cineplex,,16SK2G,"Comedy, Horror",122 menit,13+,2D,2026-05-27,d5e50570-73ce-4341-ad39-b5f7a760e63a,2026-05-27T17:35:26.452249
7ac9ec9a-8a57-4cb4-ad92-e4474e3891b3,BADUT GENDONG,21cineplex,,16BGEG,"Action, Horror",101 menit,D17+,2D,2026-05-27,c075dd38-fc41-4ff8-9654-a9351349a1db,2026-05-27T17:35:26.452336
7ac9ec9a-8a57-4cb4-ad92-e4474e3891b3,TUMBAL PROYEK,21cineplex,,16TPRK,Horror,106 menit,D17+,2D,2026-05-27,32b0d882-2120-40eb-bbc6-760d4bc977c3,2026-05-27T17:35:26.452528
d24e1a45-f91f-4f7b-9a39-397b49809845,TUMBAL PROYEK,21cineplex,,16TPRK,Horror,106 menit,D17+,2D,2026-05-27,0dce9513-27b9-4203-a18c-76f4e4c9f939,2026-05-27T17:35:27.725344
d24e1a45-f91f-4f7b-9a39-397b49809845,CHILDREN OF HEAVEN,21cineplex,,16COHN,"Drama, Family",97 menit,SU,2D,2026-05-27,09195ed2-44de-4512-acd0-77e1bd828ba2,2026-05-27T17:35:27.725461
d24e1a45-f91f-4f7b-9a39-397b49809845,SEMUA AKAN BAIK-BAIK SAJA,21cineplex,,16SABB,Drama,113 menit,13+,2D,2026-05-27,1252b5b1-dd76-4a1a-83f8-d9ccab464738,2026-05-27T17:35:27.725590
d24e1a45-f91f-4f7b-9a39-397b49809845,BADUT GENDONG,21cineplex,,16BGEG,"Action, Horror",101 menit,D17+,2D,2026-05-27,d873920f-d7e2-403f-aed5-6dd15f31f18b,2026-05-27T17:35:27.725727
d24e1a45-f91f-4f7b-9a39-397b49809845,GUDANG MERICA,21cineplex,,16GMEA,"Comedy, Horror",98 menit,D17+,2D,2026-05-27,766e4754-9547-40bc-b09f-9396303acc54,2026-05-27T17:35:27.725835
a6713c1f-1866-41df-8024-94c122e94f17,SUAMIKU LUKAKU,21cineplex,,16SLUU,Drama,92 menit,D17+,2D,2026-05-27,a1156358-439a-447a-9355-5d86540c0031,2026-05-27T17:35:29.339265
a6713c1f-1866-41df-8024-94c122e94f17,BADUT GENDONG,21cineplex,,16BGEG,"Action, Horror",101 menit,D17+,2D,2026-05-27,c762e14e-5fe7-4f00-8e86-a0842ec29822,2026-05-27T17:35:29.339601
a6713c1f-1866-41df-8024-94c122e94f17,GUDANG MERICA,21cineplex,,16GMEA,"Comedy, Horror",98 menit,D17+,2D,2026-05-27,7420bd95-54df-463d-908c-907b9152aa2d,2026-05-27T17:35:29.339776
a6713c1f-1866-41df-8024-94c122e94f17,CHILDREN OF HEAVEN,21cineplex,,16COHN,"Drama, Family",97 menit,SU,2D,2026-05-27,599756c5-ed64-4799-aa84-a7372bf9956f,2026-05-27T17:35:29.340249
a6713c1f-1866-41df-8024-94c122e94f17,SEKAWAN LIMO 2: GUNUNG KLAWIH,21cineplex,,16SK2G,"Comedy, Horror",122 menit,13+,2D,2026-05-27,8e2a9055-ff4a-4e04-bab6-24e5882c496b,2026-05-27T17:35:29.340493
b8df41b0-12ef-4efa-83fe-96b399b96bdd,SUAMIKU LUKAKU,21cineplex,,16SLUU,Drama,92 menit,D17+,2D,2026-05-27,f653acdc-1e5c-467e-935b-79ff5c566e0f,2026-05-27T17:35:30.746241
b8df41b0-12ef-4efa-83fe-96b399b96bdd,CHILDREN OF HEAVEN,21cineplex,,16COHN,"Drama, Family",97 menit,SU,2D,2026-05-27,3a723f54-42d2-4ae4-b9a9-33059ad75122,2026-05-27T17:35:30.746567
b8df41b0-12ef-4efa-83fe-96b399b96bdd,BADUT GENDONG,21cineplex,,16BGEG,"Action, Horror",101 menit,D17+,2D,2026-05-27,4d2edffd-6ca3-4110-b020-a38b4184287a,2026-05-27T17:35:30.746788
b8df41b0-12ef-4efa-83fe-96b399b96bdd,SEKAWAN LIMO 2: GUNUNG KLAWIH,21cineplex,,16SK2G,"Comedy, Horror",122 menit,13+,2D,2026-05-27,1e00578a-9037-40cb-aa99-d222b249db41,2026-05-27T17:35:30.746988
523b87a9-8b83-43de-b381-890e2415b7d8,SEKAWAN LIMO 2: GUNUNG KLAWIH,21cineplex,,16SK2G,"Comedy, Horror",122 menit,13+,2D,2026-05-27,54407002-2320-4474-9040-4c8fbd47dd68,2026-05-27T17:35:32.513722
523b87a9-8b83-43de-b381-890e2415b7d8,CHILDREN OF HEAVEN,21cineplex,,16COHN,"Drama, Family",97 menit,SU,2D,2026-05-27,b7a0727e-67da-4ce1-928e-63f63c034a94,2026-05-27T17:35:32.513916
523b87a9-8b83-43de-b381-890e2415b7d8,GOHAN,21cineplex,,26GOHN,Drama,140 menit,SU,2D,2026-05-27,0fe77446-8155-4f73-b7c1-d435fd5cfed9,2026-05-27T17:35:32.514247
523b87a9-8b83-43de-b381-890e2415b7d8,STAR WARS: THE MANDALORIAN AND GROGU,21cineplex,,26SWMG,"Fantasy, Sci-Fi",132 menit,13+,2D,2026-05-27,54518ced-8d49-453c-808e-52c557a4b91b,2026-05-27T17:35:32.514545
523b87a9-8b83-43de-b381-890e2415b7d8,SUAMIKU LUKAKU,21cineplex,,16SLUU,Drama,92 menit,D17+,2D,2026-05-27,0748cc85-ff3d-4fcc-957b-8028c34e466b,2026-05-27T17:35:32.514664
a294027f-ea96-49c3-83e3-3725aa606d12,CHILDREN OF HEAVEN,21cineplex,,16COHN,"Drama, Family",97 menit,SU,2D,2026-05-27,3162b0e0-4703-4d44-a703-8a11976f325a,2026-05-27T17:35:33.735281
a294027f-ea96-49c3-83e3-3725aa606d12,YANG LAIN BOLEH HILANG ASAL KAU JANGAN,21cineplex,,16YLBH,Drama,113 menit,13+,2D,2026-05-27,5638d646-10ce-485e-b3b4-8c0f49399568,2026-05-27T17:35:33.735826
a294027f-ea96-49c3-83e3-3725aa606d12,TUMBAL PROYEK,21cineplex,,16TPRK,Horror,106 menit,D17+,2D,2026-05-27,080b6847-514f-41d4-8b10-a1b4560d1900,2026-05-27T17:35:33.736071
a294027f-ea96-49c3-83e3-3725aa606d12,SEKAWAN LIMO 2: GUNUNG KLAWIH,21cineplex,,16SK2G,"Comedy, Horror",122 menit,13+,2D,2026-05-27,fb214278-288f-42c1-9531-70c570edb86c,2026-05-27T17:35:33.736236
a294027f-ea96-49c3-83e3-3725aa606d12,SUAMIKU LUKAKU,21cineplex,,16SLUU,Drama,92 menit,D17+,2D,2026-05-27,9b05c068-587e-4679-a812-3e8c8f6ecc74,2026-05-27T17:35:33.736466
6eb7858d-9109-45f7-9805-3a7ed53801da,SEKAWAN LIMO 2: GUNUNG KLAWIH,21cineplex,,16SK2G,"Comedy, Horror",122 menit,13+,2D,2026-05-27,90c14c12-adbf-480c-afb8-81cfa878ed14,2026-05-27T17:35:35.447833
6eb7858d-9109-45f7-9805-3a7ed53801da,CHILDREN OF HEAVEN,21cineplex,,16COHN,"Drama, Family",97 menit,SU,2D,2026-05-27,5d1aa6f4-9e7c-4cae-a92c-c15c60bf9f24,2026-05-27T17:35:35.447967
6eb7858d-9109-45f7-9805-3a7ed53801da,TUMBAL PROYEK,21cineplex,,16TPRK,Horror,106 menit,D17+,2D,2026-05-27,e75a5731-ce01-4668-9090-9f1e9c3b9d74,2026-05-27T17:35:35.448066
6eb7858d-9109-45f7-9805-3a7ed53801da,BADUT GENDONG,21cineplex,,16BGEG,"Action, Horror",101 menit,D17+,2D,2026-05-27,765b3353-0ead-4c18-b7eb-bfc66d7a2cc5,2026-05-27T17:35:35.448137
6eb7858d-9109-45f7-9805-3a7ed53801da,SUAMIKU LUKAKU,21cineplex,,16SLUU,Drama,92 menit,D17+,2D,2026-05-27,9fb81eae-26d7-4a9e-a2bd-758df371c9b3,2026-05-27T17:35:35.448194
833ef442-42c3-4acc-abe4-601cceef4411,TUMBAL PROYEK,21cineplex,,16TPRK,Horror,106 menit,D17+,2D,2026-05-27,36b5f7e4-75e4-40c6-8142-cae432e51e3d,2026-05-27T17:35:36.799820
833ef442-42c3-4acc-abe4-601cceef4411,HOKUM,21cineplex,,26HOKM,Horror,107 menit,13+,2D,2026-05-27,b1b457f8-ce3e-4325-aae6-ce69c18b8dc0,2026-05-27T17:35:36.799932
833ef442-42c3-4acc-abe4-601cceef4411,CHILDREN OF HEAVEN,21cineplex,,16COHN,"Drama, Family",97 menit,SU,2D,2026-05-27,939b70b2-0274-440d-a713-965c520d6285,2026-05-27T17:35:36.799975
833ef442-42c3-4acc-abe4-601cceef4411,SUAMIKU LUKAKU,21cineplex,,16SLUU,Drama,92 menit,D17+,2D,2026-05-27,9090eab6-6035-4793-9353-3138c79cc885,2026-05-27T17:35:36.800066
833ef442-42c3-4acc-abe4-601cceef4411,SEMUA AKAN BAIK-BAIK SAJA,21cineplex,,16SABB,Drama,113 menit,13+,2D,2026-05-27,182b6052-0923-4510-81d8-786ebbe8a712,2026-05-27T17:35:36.800135
833ef442-42c3-4acc-abe4-601cceef4411,SEKAWAN LIMO 2: GUNUNG KLAWIH,21cineplex,,16SK2G,"Comedy, Horror",122 menit,13+,2D,2026-05-27,070f5df1-0789-47fc-b2cf-95e347f67457,2026-05-27T17:35:36.800202
833ef442-42c3-4acc-abe4-601cceef4411,PASSENGER,21cineplex,,26PASR,Horror,94 menit,D17+,2D,2026-05-27,5a8ad72c-5116-4c0d-89c3-019ac8ec2bf2,2026-05-27T17:35:36.800253
833ef442-42c3-4acc-abe4-601cceef4411,NOBODY LOVES KAY,21cineplex,,16NLKY,Drama,117 menit,D17+,2D,2026-05-31,832f2c2e-641f-45ba-b333-ca86e60c3971,2026-05-27T17:35:36.800313
833ef442-42c3-4acc-abe4-601cceef4411,COLONY,21cineplex,,26COLY,"Horror, Thriller",122 menit,13+,2D,2026-06-03,bdea4f26-6380-4b02-aaf1-c19033a1ca77,2026-05-27T17:35:36.800388
100afb58-05d7-4679-a57e-045d569dbfeb,SUAMIKU LUKAKU,21cineplex,,16SLUU,Drama,92 menit,D17+,2D,2026-05-27,d0155007-f873-4558-a6c6-36b8ab931393,2026-05-27T17:35:41.254547
100afb58-05d7-4679-a57e-045d569dbfeb,PASSENGER,21cineplex,,26PASR,Horror,94 menit,D17+,2D,2026-05-27,54a57933-95bb-4426-85c8-ff5e5ca6b70a,2026-05-27T17:35:41.254647
100afb58-05d7-4679-a57e-045d569dbfeb,HOKUM,21cineplex,,26HOKM,Horror,107 menit,13+,2D,2026-05-27,aa7a9b83-1ab1-4ae2-a04a-142212f3eed4,2026-05-27T17:35:41.254741
100afb58-05d7-4679-a57e-045d569dbfeb,STAR WARS: THE MANDALORIAN AND GROGU,21cineplex,,26SWMG,"Fantasy, Sci-Fi",132 menit,13+,2D,2026-05-27,09cd7ff9-0360-4c01-b076-0a02ecc0f403,2026-05-27T17:35:41.254801
100afb58-05d7-4679-a57e-045d569dbfeb,CHILDREN OF HEAVEN,21cineplex,,16COHN,"Drama, Family",97 menit,SU,2D,2026-05-27,31d586b2-8783-4724-96aa-f09a180f0fde,2026-05-27T17:35:41.254873
100afb58-05d7-4679-a57e-045d569dbfeb,GOHAN,21cineplex,,26GOHN,Drama,140 menit,SU,2D,2026-05-27,d1a37945-dba3-4862-abab-fe3746bc1e37,2026-05-27T17:35:41.254948
100afb58-05d7-4679-a57e-045d569dbfeb,BADUT GENDONG,21cineplex,,16BGEG,"Action, Horror",101 menit,D17+,2D,2026-05-27,d6fde9e5-e263-494d-974b-7bba7c033582,2026-05-27T17:35:41.255018
100afb58-05d7-4679-a57e-045d569dbfeb,COLONY,21cineplex,,26COLY,"Horror, Thriller",122 menit,13+,2D,2026-06-03,caff86e8-d026-452f-841e-edffd1df9572,2026-05-27T17:35:41.255109
ec4bf165-69e6-40ae-b6c2-3eae233dcc29,SALMOKJI: WHISPERING WATER,21cineplex,,26SWWR,Horror,95 menit,D17+,2D,2026-05-27,e777200c-9ac9-43e2-90b3-6007765b236f,2026-05-27T17:35:45.791323
ec4bf165-69e6-40ae-b6c2-3eae233dcc29,GOHAN,21cineplex,,26GOHN,Drama,140 menit,SU,2D,2026-05-27,b2ab22fa-1935-4d54-94c2-2f2f6f440dd7,2026-05-27T17:35:45.791613
ec4bf165-69e6-40ae-b6c2-3eae233dcc29,CHILDREN OF HEAVEN,21cineplex,,16COHN,"Drama, Family",97 menit,SU,2D,2026-05-27,267e599b-3f46-44d3-8221-cb105a14665d,2026-05-27T17:35:45.791741
ec4bf165-69e6-40ae-b6c2-3eae233dcc29,SEKAWAN LIMO 2: GUNUNG KLAWIH,21cineplex,,16SK2G,"Comedy, Horror",122 menit,13+,2D,2026-05-27,6b22dd12-8f29-4963-9dec-295f1d1eb786,2026-05-27T17:35:45.791873
ec4bf165-69e6-40ae-b6c2-3eae233dcc29,PASSENGER,21cineplex,,26PASR,Horror,94 menit,D17+,2D,2026-05-27,516c6cb5-361f-4a7e-94cc-f31c925b84bf,2026-05-27T17:35:45.791974
ec4bf165-69e6-40ae-b6c2-3eae233dcc29,HOKUM,21cineplex,,26HOKM,Horror,107 menit,13+,2D,2026-05-27,8a55e580-e739-468a-b1b2-5976d371a59f,2026-05-27T17:35:45.792293
ec4bf165-69e6-40ae-b6c2-3eae233dcc29,SUAMIKU LUKAKU,21cineplex,,16SLUU,Drama,92 menit,D17+,2D,2026-05-27,295b0125-15e7-431a-abe7-65673416389c,2026-05-27T17:35:45.792396
ec4bf165-69e6-40ae-b6c2-3eae233dcc29,STAR WARS: THE MANDALORIAN AND GROGU,21cineplex,,26SWMG,"Fantasy, Sci-Fi",132 menit,13+,2D,2026-05-27,ec468cee-bd96-43dd-9971-0bfbfb6d425c,2026-05-27T17:35:45.792543
ec4bf165-69e6-40ae-b6c2-3eae233dcc29,BADUT GENDONG,21cineplex,,16BGEG,"Action, Horror",101 menit,D17+,2D,2026-05-27,80e902bf-9f8c-44bf-9b38-023687963c4e,2026-05-27T17:35:45.792642
ec4bf165-69e6-40ae-b6c2-3eae233dcc29,SEMUA AKAN BAIK-BAIK SAJA,21cineplex,,16SABB,Drama,113 menit,13+,2D,2026-05-27,182c70d3-2743-4b6c-bf78-50390cfde301,2026-05-27T17:35:45.792731
ec4bf165-69e6-40ae-b6c2-3eae233dcc29,COLONY,21cineplex,,26COLY,"Horror, Thriller",122 menit,13+,2D,2026-06-03,351dd324-e787-46c7-a215-5e062bd7f7e4,2026-05-27T17:35:45.793004
0b453606-d26a-4399-b64b-16d785d52fd6,TUMBAL PROYEK,21cineplex,,16TPRK,Horror,106 menit,D17+,2D,2026-05-27,f98bec78-4d9f-4b2a-a8b5-86ae4d061411,2026-05-27T17:35:48.758690
0b453606-d26a-4399-b64b-16d785d52fd6,PASSENGER,21cineplex,,26PASR,Horror,94 menit,D17+,2D,2026-05-27,6ea7583e-84dc-426c-af8c-a0849b0b3921,2026-05-27T17:35:48.758822
0b453606-d26a-4399-b64b-16d785d52fd6,CHILDREN OF HEAVEN,21cineplex,,16COHN,"Drama, Family",97 menit,SU,2D,2026-05-27,9a1ce745-0f1b-4b77-aabe-64428d5efb6c,2026-05-27T17:35:48.758913
0b453606-d26a-4399-b64b-16d785d52fd6,SEMUA AKAN BAIK-BAIK SAJA,21cineplex,,16SABB,Drama,113 menit,13+,2D,2026-05-27,f8373360-3f59-407d-baa6-310acde67ee7,2026-05-27T17:35:48.758986
0b453606-d26a-4399-b64b-16d785d52fd6,BADUT GENDONG,21cineplex,,16BGEG,"Action, Horror",101 menit,D17+,2D,2026-05-27,e0143f55-87d2-4ae5-b385-9e2bb1ee7010,2026-05-27T17:35:48.759056
0b453606-d26a-4399-b64b-16d785d52fd6,SUAMIKU LUKAKU,21cineplex,,16SLUU,Drama,92 menit,D17+,2D,2026-05-27,df4ddf52-59ce-472b-a733-fb11f5ae3162,2026-05-27T17:35:48.759140
0b453606-d26a-4399-b64b-16d785d52fd6,GUDANG MERICA,21cineplex,,16GMEA,"Comedy, Horror",98 menit,D17+,2D,2026-05-27,21c07da4-397f-4e17-b43b-da0844cc52fc,2026-05-27T17:35:48.759212
726d49a0-fd58-43af-905f-5e50c470ea95,CHILDREN OF HEAVEN,21cineplex,,16COHN,"Drama, Family",97 menit,SU,2D,2026-05-27,ad87dd07-e338-4d06-b059-8475f665c9a1,2026-05-27T17:35:50.550923
726d49a0-fd58-43af-905f-5e50c470ea95,GOHAN,21cineplex,,26GOHN,Drama,140 menit,SU,2D,2026-05-27,987847f5-2f36-4fd6-8ea0-e6a02319ba4a,2026-05-27T17:35:50.551104
726d49a0-fd58-43af-905f-5e50c470ea95,PASSENGER,21cineplex,,26PASR,Horror,94 menit,D17+,2D,2026-05-27,508accc8-8d27-49b3-a719-b5aef042243d,2026-05-27T17:35:50.551233
726d49a0-fd58-43af-905f-5e50c470ea95,SUAMIKU LUKAKU,21cineplex,,16SLUU,Drama,92 menit,D17+,2D,2026-05-27,9b5355f4-a171-4d2a-92a3-e83d9756a4b4,2026-05-27T17:35:50.551350
a0436150-eaeb-458d-9918-808b239e54bc,SEMUA AKAN BAIK-BAIK SAJA,21cineplex,,16SABB,Drama,113 menit,13+,2D,2026-05-27,73e462d3-33e2-4630-b13a-c74fa76ae058,2026-05-27T17:35:54.793960
a0436150-eaeb-458d-9918-808b239e54bc,STAR WARS: THE MANDALORIAN AND GROGU,21cineplex,,26SWMG,"Fantasy, Sci-Fi",132 menit,13+,2D,2026-05-27,7fa5fcb5-2e8f-475d-99d7-377d92f5470a,2026-05-27T17:35:54.794305
a0436150-eaeb-458d-9918-808b239e54bc,TUMBAL PROYEK,21cineplex,,16TPRK,Horror,106 menit,D17+,2D,2026-05-27,7a3439c3-0b85-4a4e-ae9f-ebf93b9a2b03,2026-05-27T17:35:54.794388
a0436150-eaeb-458d-9918-808b239e54bc,BADUT GENDONG,21cineplex,,16BGEG,"Action, Horror",101 menit,D17+,2D,2026-05-27,9aa39047-a613-478f-9454-df9ecb3fb7bc,2026-05-27T17:35:54.794553
a0436150-eaeb-458d-9918-808b239e54bc,SEKAWAN LIMO 2: GUNUNG KLAWIH,21cineplex,,16SK2G,"Comedy, Horror",122 menit,13+,2D,2026-05-27,ddd750d6-9a34-4a85-86c5-5b56e3588aab,2026-05-27T17:35:54.794725
a0436150-eaeb-458d-9918-808b239e54bc,CHILDREN OF HEAVEN,21cineplex,,16COHN,"Drama, Family",97 menit,SU,2D,2026-05-27,fc104015-e632-4748-b66c-e3e577a6da38,2026-05-27T17:35:54.794832
a0436150-eaeb-458d-9918-808b239e54bc,SUAMIKU LUKAKU,21cineplex,,16SLUU,Drama,92 menit,D17+,2D,2026-05-27,fa1713e5-e3f9-4c32-a9af-8f4d8f17f9fe,2026-05-27T17:35:54.794996
f05ee07b-5e90-4b2c-8252-1924bcd72d8d,SEMUA AKAN BAIK-BAIK SAJA,21cineplex,,16SABB,Drama,113 menit,13+,2D,2026-05-27,d200df29-2326-47bd-a28f-4a49f24b7aa5,2026-05-27T17:35:56.479458
f05ee07b-5e90-4b2c-8252-1924bcd72d8d,SUAMIKU LUKAKU,21cineplex,,16SLUU,Drama,92 menit,D17+,2D,2026-05-27,c184c32a-9f2f-46ec-90cf-f7dff316fde5,2026-05-27T17:35:56.479584
f05ee07b-5e90-4b2c-8252-1924bcd72d8d,HOKUM,21cineplex,,26HOKM,Horror,107 menit,13+,2D,2026-05-27,1c20c25c-5621-432b-8be1-9a4ffa3450cd,2026-05-27T17:35:56.479683
f05ee07b-5e90-4b2c-8252-1924bcd72d8d,YANG LAIN BOLEH HILANG ASAL KAU JANGAN,21cineplex,,16YLBH,Drama,113 menit,13+,2D,2026-05-27,c856aa0a-0d25-41dd-99f4-6be27e0501b3,2026-05-27T17:35:56.479713
f05ee07b-5e90-4b2c-8252-1924bcd72d8d,CHILDREN OF HEAVEN,21cineplex,,16COHN,"Drama, Family",97 menit,SU,2D,2026-05-27,bb6d6fc6-7630-47a5-ad0b-de0148002e30,2026-05-27T17:35:56.479769
f05ee07b-5e90-4b2c-8252-1924bcd72d8d,SEKAWAN LIMO 2: GUNUNG KLAWIH,21cineplex,,16SK2G,"Comedy, Horror",122 menit,13+,2D,2026-05-27,89ba2e75-0a91-4df3-9f32-a376c350798b,2026-05-27T17:35:56.479832
f05ee07b-5e90-4b2c-8252-1924bcd72d8d,BADUT GENDONG,21cineplex,,16BGEG,"Action, Horror",101 menit,D17+,2D,2026-05-27,c66f312b-c52a-4c0e-aa87-197c1f5e8b41,2026-05-27T17:35:56.479887
daa274db-d113-49a9-8ed1-13ecfd691182,BADUT GENDONG,21cineplex,,16BGEG,"Action, Horror",101 menit,D17+,2D,2026-05-27,44cf56d5-e81a-4a10-a04c-78a001f6fca2,2026-05-27T17:35:57.754693
daa274db-d113-49a9-8ed1-13ecfd691182,SEKAWAN LIMO 2: GUNUNG KLAWIH,21cineplex,,16SK2G,"Comedy, Horror",122 menit,13+,2D,2026-05-27,9fc15759-c9de-427e-9c5d-d7d906908589,2026-05-27T17:35:57.755022
daa274db-d113-49a9-8ed1-13ecfd691182,SUAMIKU LUKAKU,21cineplex,,16SLUU,Drama,92 menit,D17+,2D,2026-05-27,47e8e120-865c-4e00-ad7b-35694eb9f6f5,2026-05-27T17:35:57.755213
daa274db-d113-49a9-8ed1-13ecfd691182,CHILDREN OF HEAVEN,21cineplex,,16COHN,"Drama, Family",97 menit,SU,2D,2026-05-27,673a0fd9-bc91-4368-8daa-40210db2957b,2026-05-27T17:35:57.755439
d9aa4472-bef9-4468-8cb1-ad778b75f68f,SEKAWAN LIMO 2: GUNUNG KLAWIH,21cineplex,,16SK2G,"Comedy, Horror",122 menit,13+,2D,2026-05-27,50f2e354-72d6-42b8-88c8-0288ac9918d0,2026-05-27T17:35:59.293451
d9aa4472-bef9-4468-8cb1-ad778b75f68f,CHILDREN OF HEAVEN,21cineplex,,16COHN,"Drama, Family",97 menit,SU,2D,2026-05-27,94aa7e0e-4f12-480d-a72e-e039a78f9cf0,2026-05-27T17:35:59.293607
d9aa4472-bef9-4468-8cb1-ad778b75f68f,SUAMIKU LUKAKU,21cineplex,,16SLUU,Drama,92 menit,D17+,2D,2026-05-27,41f57f84-0206-47e1-b209-1a0191775793,2026-05-27T17:35:59.293707
d9aa4472-bef9-4468-8cb1-ad778b75f68f,BADUT GENDONG,21cineplex,,16BGEG,"Action, Horror",101 menit,D17+,2D,2026-05-27,5464b525-0a68-4a01-852c-066993ccc19f,2026-05-27T17:35:59.293802
d9aa4472-bef9-4468-8cb1-ad778b75f68f,PASSENGER,21cineplex,,26PASR,Horror,94 menit,D17+,2D,2026-05-27,0e3d3ee1-8563-456f-8754-44056d97abf2,2026-05-27T17:35:59.293893
d9aa4472-bef9-4468-8cb1-ad778b75f68f,TUMBAL PROYEK,21cineplex,,16TPRK,Horror,106 menit,D17+,2D,2026-05-27,43c101c5-cb48-4c4e-8452-fdfd4a7a6f84,2026-05-27T17:35:59.293982
d9aa4472-bef9-4468-8cb1-ad778b75f68f,SEMUA AKAN BAIK-BAIK SAJA,21cineplex,,16SABB,Drama,113 menit,13+,2D,2026-05-27,044bb689-c7bb-43ca-8fef-326b3fdffb2b,2026-05-27T17:35:59.294042
d9aa4472-bef9-4468-8cb1-ad778b75f68f,HOKUM,21cineplex,,26HOKM,Horror,107 menit,13+,2D,2026-05-27,0adde043-1fee-4984-94cc-1b83ddc99399,2026-05-27T17:35:59.294114
d9aa4472-bef9-4468-8cb1-ad778b75f68f,COLONY,21cineplex,,26COLY,"Horror, Thriller",122 menit,13+,2D,2026-06-03,0a5b57c6-9be3-4ce9-953a-c154c84a3598,2026-05-27T17:35:59.294155
8af4e664-b6f0-4f16-b653-9e9846f27b29,GOHAN,cgv,,26022500,Drama,140 min,SU,2D,2026-05-28,bb80ab78-574f-473c-82ec-d36a4288f47d,2026-05-27T17:31:52.236347
8af4e664-b6f0-4f16-b653-9e9846f27b29,STAR WARS: THE MANDALORIAN AND GROGU,cgv,,26021200,Scifi,132 min,13+,2D,2026-05-28,e320c2ef-55a3-4d88-9c83-522faa2fea52,2026-05-27T17:31:52.237914
8af4e664-b6f0-4f16-b653-9e9846f27b29,STAR WARS: THE MANDALORIAN AND GROGU,cgv,,26021200,Scifi,132 min,13+,4DX 2D,2026-05-28,ddb7c6dd-dea4-4825-83ba-37bf169e49ed,2026-05-27T17:31:52.237972
8af4e664-b6f0-4f16-b653-9e9846f27b29,STAR WARS: THE MANDALORIAN AND GROGU,cgv,,26021200,Scifi,132 min,13+,SCREENX 2D,2026-05-28,128ac22f-2d95-445c-b8d4-c27f07b56a0f,2026-05-27T17:31:52.238028
8af4e664-b6f0-4f16-b653-9e9846f27b29,PASSENGER,cgv,,26023100,Horror,94 min,17+,2D,2026-05-28,a228c686-2017-447d-a61d-90aa31bcf821,2026-05-27T17:31:52.239076
8af4e664-b6f0-4f16-b653-9e9846f27b29,SEKAWAN LIMO 2: GUNUNG KLAWIH,cgv,,26023300,Comedy,122 min,13+,2D,2026-05-28,888c95c4-1a18-425e-8e50-31faa2778448,2026-05-27T17:31:52.239970
8af4e664-b6f0-4f16-b653-9e9846f27b29,CHILDREN OF HEAVEN,cgv,,26012100,Drama,97 min,SU,2D,2026-05-28,20f6ee2f-fadc-4bf3-8619-ba763fc74f88,2026-05-27T17:31:52.241479
8af4e664-b6f0-4f16-b653-9e9846f27b29,HOKUM,cgv,,26024600,Horror,107 min,13+,2D,2026-05-28,8bba4f32-8ce9-4678-bd8e-a2a7d09faa2d,2026-05-27T17:31:52.241998
8af4e664-b6f0-4f16-b653-9e9846f27b29,YANG LAIN BOLEH HILANG ASAL KAU JANGAN,cgv,,26018300,Drama,113 min,13+,2D,2026-05-28,f1326414-a21f-4a3c-90f2-983b4a618551,2026-05-27T17:31:52.242297
8af4e664-b6f0-4f16-b653-9e9846f27b29,TUMBAL PROYEK,cgv,,26014300,Horror,106 min,17+,2D,2026-05-28,ea5c61d7-41bb-46d5-92da-57b99eb639c1,2026-05-27T17:31:52.242534
8af4e664-b6f0-4f16-b653-9e9846f27b29,GUDANG MERICA,cgv,,26019400,Comedy,98 min,17+,2D,2026-05-28,6215d0d1-875c-462b-9017-a71ad6544d11,2026-05-27T17:31:52.242797
8af4e664-b6f0-4f16-b653-9e9846f27b29,THE SHEEP DETECTIVES,cgv,,26019500,Comedy,109 min,SU,2D,2026-05-28,c87053df-a67d-4731-a493-126413ca7e7e,2026-05-27T17:31:52.243027
fd5c8e3a-ee95-440c-a522-48a3426bcc3e,CHILDREN OF HEAVEN,cgv,,26012100,Drama,97 min,SU,2D,2026-05-28,030694b6-7a9d-43ca-8a04-c0dbc59b7716,2026-05-27T17:31:52.973481
fd5c8e3a-ee95-440c-a522-48a3426bcc3e,THE DEVIL WEARS PRADA 2,cgv,,26019800,Drama,119 min,13+,2D,2026-05-28,9a49d73e-3928-4e61-a6ba-e5ba6ec4389d,2026-05-27T17:31:52.973922
fd5c8e3a-ee95-440c-a522-48a3426bcc3e,STAR WARS: THE MANDALORIAN AND GROGU,cgv,,26021200,Scifi,132 min,13+,2D,2026-05-28,14d860ff-04ab-46ca-b19f-8ea1baa78abb,2026-05-27T17:31:52.974663
fd5c8e3a-ee95-440c-a522-48a3426bcc3e,PASSENGER,cgv,,26023100,Horror,94 min,17+,2D,2026-05-28,1ea9bb51-9b40-4b0d-8170-1e8eb99e9a49,2026-05-27T17:31:52.975302
fd5c8e3a-ee95-440c-a522-48a3426bcc3e,SEKAWAN LIMO 2: GUNUNG KLAWIH,cgv,,26023300,Comedy,122 min,13+,2D,2026-05-28,60a1b0a5-3e15-4880-a259-605b647e9e98,2026-05-27T17:31:52.975626
fd5c8e3a-ee95-440c-a522-48a3426bcc3e,THE KING'S WARDEN,cgv,,26015000,Drama,117 min,13+,2D,2026-05-28,0f39b076-01eb-45ba-88cf-59d6d3f6169c,2026-05-27T17:31:52.975952
6d59c2a6-890d-4ae8-aa1c-9121b9689139,CHILDREN OF HEAVEN,cgv,,26012100,Drama,97 min,SU,2D,2026-05-28,e27ec4ad-9283-41cb-a29f-8f50fd8cab40,2026-05-27T17:31:52.881050
6d59c2a6-890d-4ae8-aa1c-9121b9689139,SEKAWAN LIMO 2: GUNUNG KLAWIH,cgv,,26023300,Comedy,122 min,13+,2D,2026-05-28,ef69a9d0-da29-46b0-a4d3-9a8251acd090,2026-05-27T17:31:52.881451
6d59c2a6-890d-4ae8-aa1c-9121b9689139,STAR WARS: THE MANDALORIAN AND GROGU,cgv,,26021200,Scifi,132 min,13+,2D,2026-05-28,bcbe0868-90ff-4d9a-b49a-26e470efc056,2026-05-27T17:31:52.882409
6d59c2a6-890d-4ae8-aa1c-9121b9689139,STAR WARS: THE MANDALORIAN AND GROGU,cgv,,26021200,Scifi,132 min,13+,SCREENX 2D,2026-05-28,a640bb9a-71b4-4774-b4af-917f848e5249,2026-05-27T17:31:52.882443
6d59c2a6-890d-4ae8-aa1c-9121b9689139,STAR WARS: THE MANDALORIAN AND GROGU,cgv,,26021200,Scifi,132 min,13+,4DX 2D,2026-05-28,fc42e327-7b42-4317-8420-748afefd63e1,2026-05-27T17:31:52.882501
6d59c2a6-890d-4ae8-aa1c-9121b9689139,GHOST IN THE CELL,cgv,,26011800,Comedy,106 min,17+,2D,2026-05-28,73355efa-a861-456e-9a5b-83ad9dd7c3d3,2026-05-27T17:31:52.882823
6d59c2a6-890d-4ae8-aa1c-9121b9689139,TUMBAL PROYEK,cgv,,26014300,Horror,106 min,17+,2D,2026-05-28,5dfdee81-a617-49d2-ae6b-f866bc5c7664,2026-05-27T17:31:52.883106
6d59c2a6-890d-4ae8-aa1c-9121b9689139,PASSENGER,cgv,,26023100,Horror,94 min,17+,2D,2026-05-28,6f22594c-6c63-4e80-89dd-f75fe21bf83e,2026-05-27T17:31:52.883694
6d59c2a6-890d-4ae8-aa1c-9121b9689139,GOHAN,cgv,,26022500,Drama,140 min,SU,2D,2026-05-28,90735787-18ce-472b-9394-3645e2662651,2026-05-27T17:31:52.883984
6d59c2a6-890d-4ae8-aa1c-9121b9689139,MORTAL KOMBAT II,cgv,,26018200,Action,116 min,17+,2D,2026-05-28,3274d453-425a-4530-abe8-8c1d25d330eb,2026-05-27T17:31:52.884349
6d59c2a6-890d-4ae8-aa1c-9121b9689139,HOKUM,cgv,,26024600,Horror,107 min,13+,2D,2026-05-28,86d1f926-5ce0-4795-8b9e-cfed106590aa,2026-05-27T17:31:52.884749
4080d63f-ec1e-4a4c-ba62-40e085313399,SEKAWAN LIMO 2: GUNUNG KLAWIH,cgv,,26023300,Comedy,122 min,13+,2D,2026-05-28,ba5c4847-7417-453a-acc4-ee409917707c,2026-05-27T17:31:53.008963
4080d63f-ec1e-4a4c-ba62-40e085313399,BADUT GENDONG,cgv,,26016800,Horror,101 min,17+,2D,2026-05-28,c02efc20-1848-4c11-a562-4aa8629b1e25,2026-05-27T17:31:53.009271
4080d63f-ec1e-4a4c-ba62-40e085313399,SUAMIKU LUKAKU,cgv,,26025400,Drama,92 min,17+,2D,2026-05-28,9a2aa176-4ffd-4a0d-9a1b-d119243125f1,2026-05-27T17:31:53.009531
4080d63f-ec1e-4a4c-ba62-40e085313399,CHILDREN OF HEAVEN,cgv,,26012100,Drama,97 min,SU,2D,2026-05-28,a0ac727b-baa7-4b8d-8ab0-d389d935388d,2026-05-27T17:31:53.009836
4080d63f-ec1e-4a4c-ba62-40e085313399,TUMBAL PROYEK,cgv,,26014300,Horror,106 min,17+,2D,2026-05-28,3427659c-5b59-450c-9a2e-4b1ecac8e2d5,2026-05-27T17:31:53.010072
4080d63f-ec1e-4a4c-ba62-40e085313399,GUDANG MERICA,cgv,,26019400,Comedy,98 min,17+,2D,2026-05-28,153192ed-6880-4a59-9fbd-0a896d619e50,2026-05-27T17:31:53.010274
4080d63f-ec1e-4a4c-ba62-40e085313399,SEMUA AKAN BAIK BAIK SAJA,cgv,,26018100,Drama,113 min,13+,2D,2026-05-28,286466cd-47fa-454d-a649-19875ce81767,2026-05-27T17:31:53.010476
25e44aab-0acd-4570-9716-61a66a217ffb,CHILDREN OF HEAVEN,cgv,,26012100,Drama,97 min,SU,2D,2026-05-28,635d7c68-0ff9-47e2-94f9-2f6ae64adf75,2026-05-27T17:31:53.071413
25e44aab-0acd-4570-9716-61a66a217ffb,SEKAWAN LIMO 2: GUNUNG KLAWIH,cgv,,26023300,Comedy,122 min,13+,2D,2026-05-28,d7907c3d-a115-4897-aa0d-f90abefc5370,2026-05-27T17:31:53.071828
25e44aab-0acd-4570-9716-61a66a217ffb,TUMBAL PROYEK,cgv,,26014300,Horror,106 min,17+,2D,2026-05-28,43dd5b2a-2fa6-4d1f-80d0-d75c5f661d55,2026-05-27T17:31:53.072159
25e44aab-0acd-4570-9716-61a66a217ffb,SEMUA AKAN BAIK BAIK SAJA,cgv,,26018100,Drama,113 min,13+,2D,2026-05-28,e1d7c17d-b08a-412d-a4f8-e9a9abc63a21,2026-05-27T17:31:53.072411
25e44aab-0acd-4570-9716-61a66a217ffb,STAR WARS: THE MANDALORIAN AND GROGU,cgv,,26021200,Scifi,132 min,13+,2D,2026-05-28,bf7a3f99-2738-45a7-b8e9-cc93d1f5663d,2026-05-27T17:31:53.072616
25e44aab-0acd-4570-9716-61a66a217ffb,PASSENGER,cgv,,26023100,Horror,94 min,17+,2D,2026-05-28,e8579e02-54f0-436d-a9b6-e39a938ebb34,2026-05-27T17:31:53.072820
5f9f03b3-d872-4f9c-be71-34dab777328e,SEKAWAN LIMO 2: GUNUNG KLAWIH,cgv,,26023300,Comedy,122 min,13+,2D,2026-05-28,13bdcead-4d16-465d-8f1e-6c808fa00da7,2026-05-27T17:31:59.689682
5f9f03b3-d872-4f9c-be71-34dab777328e,BADUT GENDONG,cgv,,26016800,Horror,101 min,17+,2D,2026-05-28,ae3f1d32-a3c6-48e2-af54-05be1f202bcb,2026-05-27T17:31:59.690182
5f9f03b3-d872-4f9c-be71-34dab777328e,STAR WARS: THE MANDALORIAN AND GROGU,cgv,,26021200,Scifi,132 min,13+,2D,2026-05-28,06f1d0dd-c1d5-4b16-bbcc-dab20e2064c8,2026-05-27T17:31:59.690603
5f9f03b3-d872-4f9c-be71-34dab777328e,CHILDREN OF HEAVEN,cgv,,26012100,Drama,97 min,SU,2D,2026-05-28,f86d0c93-1321-4b25-8aa1-f353ef8ab92b,2026-05-27T17:31:59.691049
5f9f03b3-d872-4f9c-be71-34dab777328e,TUMBAL PROYEK,cgv,,26014300,Horror,106 min,17+,2D,2026-05-28,32525ad2-5302-4180-9ed6-4e22287c01ff,2026-05-27T17:31:59.691367
5f9f03b3-d872-4f9c-be71-34dab777328e,PASSENGER,cgv,,26023100,Horror,94 min,17+,2D,2026-05-28,b18ffd74-665c-4b53-ab5c-2d519c12a8a0,2026-05-27T17:31:59.691642
5f9f03b3-d872-4f9c-be71-34dab777328e,GUDANG MERICA,cgv,,26019400,Comedy,98 min,17+,2D,2026-05-28,8a7b0682-3653-4f39-88d5-2e29f448233d,2026-05-27T17:31:59.691920
19bc1777-8a7a-4726-a538-6267f3af80cd,CHILDREN OF HEAVEN,cgv,,26012100,Drama,97 min,SU,2D,2026-05-28,209948de-cec9-4894-a837-e38eca759a66,2026-05-27T17:32:00.321978
19bc1777-8a7a-4726-a538-6267f3af80cd,SEKAWAN LIMO 2: GUNUNG KLAWIH,cgv,,26023300,Comedy,122 min,13+,2D,2026-05-28,51cd396b-e2a7-429a-882b-50d4393bdeb6,2026-05-27T17:32:00.322546
19bc1777-8a7a-4726-a538-6267f3af80cd,PASSENGER,cgv,,26023100,Horror,94 min,17+,2D,2026-05-28,6d0a4f46-e3c4-4a31-90ec-93ff2e6629aa,2026-05-27T17:32:00.322825
19bc1777-8a7a-4726-a538-6267f3af80cd,GUDANG MERICA,cgv,,26019400,Comedy,98 min,17+,2D,2026-05-28,dafe886d-271b-4e56-bf8f-d56e18f75fba,2026-05-27T17:32:00.323064
19bc1777-8a7a-4726-a538-6267f3af80cd,BADUT GENDONG,cgv,,26016800,Horror,101 min,17+,2D,2026-05-28,b0dc4eec-c447-4355-b48a-40012ce361d3,2026-05-27T17:32:00.323360
19bc1777-8a7a-4726-a538-6267f3af80cd,SEMUA AKAN BAIK BAIK SAJA,cgv,,26018100,Drama,113 min,13+,2D,2026-05-28,ca0d9842-ed6e-439f-85ab-a1d2b6ca6ef2,2026-05-27T17:32:00.323580
19bc1777-8a7a-4726-a538-6267f3af80cd,MORTAL KOMBAT II,cgv,,26018200,Action,116 min,17+,2D,2026-05-28,19d6a257-7051-423c-87e3-2c462cf6ada2,2026-05-27T17:32:00.323793
e149c879-74b5-4b69-98ac-8674d78b4c48,CHILDREN OF HEAVEN,cgv,,26012100,Drama,97 min,SU,2D,2026-05-28,6ec82056-ce5a-4139-bc31-88c313bfe643,2026-05-27T17:32:00.391161
e149c879-74b5-4b69-98ac-8674d78b4c48,TUMBAL PROYEK,cgv,,26014300,Horror,106 min,17+,2D,2026-05-28,a083fcee-8e20-4d77-a524-e43bb17fa936,2026-05-27T17:32:00.391531
e149c879-74b5-4b69-98ac-8674d78b4c48,SEKAWAN LIMO 2: GUNUNG KLAWIH,cgv,,26023300,Comedy,122 min,13+,2D,2026-05-28,4630a348-37c6-4b2d-8efd-5df614ea8d7b,2026-05-27T17:32:00.392073
e149c879-74b5-4b69-98ac-8674d78b4c48,BADUT GENDONG,cgv,,26016800,Horror,101 min,17+,2D,2026-05-28,59af78b4-5094-4d48-94ab-ca5d42be7152,2026-05-27T17:32:00.392418
e149c879-74b5-4b69-98ac-8674d78b4c48,PASSENGER,cgv,,26023100,Horror,94 min,17+,2D,2026-05-28,fc4644d2-b5d5-4252-86f6-7882d0dc8201,2026-05-27T17:32:00.392941
e149c879-74b5-4b69-98ac-8674d78b4c48,SUAMIKU LUKAKU,cgv,,26025400,Drama,92 min,17+,2D,2026-05-28,43d29e79-e500-4309-be41-23ae05f583ba,2026-05-27T17:32:00.393247
e149c879-74b5-4b69-98ac-8674d78b4c48,STAR WARS: THE MANDALORIAN AND GROGU,cgv,,26021200,Scifi,132 min,13+,SCREENX 2D,2026-05-28,80052a7b-c372-4529-ba0f-ac9b7289c430,2026-05-27T17:32:00.393850
e149c879-74b5-4b69-98ac-8674d78b4c48,STAR WARS: THE MANDALORIAN AND GROGU,cgv,,26021200,Scifi,132 min,13+,2D,2026-05-28,adecfa39-0792-4c3e-9eb2-6be9a27174dc,2026-05-27T17:32:00.393871
e149c879-74b5-4b69-98ac-8674d78b4c48,GUDANG MERICA,cgv,,26019400,Comedy,98 min,17+,2D,2026-05-28,efeb00e9-7dc4-4073-a514-e10110df6710,2026-05-27T17:32:00.394161
e149c879-74b5-4b69-98ac-8674d78b4c48,STAR WARS: THE MANDALORIAN AND GROGU (3D),cgv,,26025200,Scifi,132 min,13+,SCREENX 3D,2026-05-28,a382feec-7a3a-4598-b566-ad141bda2c56,2026-05-27T17:32:00.394404
614599b9-a778-47a7-8472-d2c68f3b92c9,STAR WARS: THE MANDALORIAN AND GROGU,cgv,,26021200,Scifi,132 min,13+,2D,2026-05-28,ff07e8f6-f203-4e9a-bc83-32b28e625d04,2026-05-27T17:32:00.685018
614599b9-a778-47a7-8472-d2c68f3b92c9,CHILDREN OF HEAVEN,cgv,,26012100,Drama,97 min,SU,2D,2026-05-28,4b272a0b-a1f8-44b6-ab4c-cf5b75e40346,2026-05-27T17:32:00.685398
614599b9-a778-47a7-8472-d2c68f3b92c9,MORTAL KOMBAT II,cgv,,26018200,Action,116 min,17+,2D,2026-05-28,0bf98d0b-ce40-442a-bf8e-78f32f427cb5,2026-05-27T17:32:00.685689
614599b9-a778-47a7-8472-d2c68f3b92c9,THE SHEEP DETECTIVES,cgv,,26019500,Comedy,109 min,SU,2D,2026-05-28,8e90b307-e19d-4056-897b-5695a77a65f4,2026-05-27T17:32:00.685941
614599b9-a778-47a7-8472-d2c68f3b92c9,SEKAWAN LIMO 2: GUNUNG KLAWIH,cgv,,26023300,Comedy,122 min,13+,2D,2026-05-28,906bde10-2fde-4ce8-9ed1-5561342566f8,2026-05-27T17:32:00.686217
614599b9-a778-47a7-8472-d2c68f3b92c9,PASSENGER,cgv,,26023100,Horror,94 min,17+,2D,2026-05-28,f0e6e31d-5750-43db-92f8-d3c8b29e6940,2026-05-27T17:32:00.686467
614599b9-a778-47a7-8472-d2c68f3b92c9,GOHAN,cgv,,26022500,Drama,140 min,SU,2D,2026-05-28,0df8ce69-a351-469a-81ad-3fbcc7247c4d,2026-05-27T17:32:00.686717
0592b744-9836-4081-ab2f-2c617db31fa5,STAR WARS: THE MANDALORIAN AND GROGU,cgv,,26021200,Scifi,132 min,13+,2D,2026-05-28,821dfb82-2b64-462e-9a7e-f8844fc17c73,2026-05-27T17:32:00.802948
0592b744-9836-4081-ab2f-2c617db31fa5,SEKAWAN LIMO 2: GUNUNG KLAWIH,cgv,,26023300,Comedy,122 min,13+,2D,2026-05-28,e21d736d-4128-4b56-86e9-1182528126c1,2026-05-27T17:32:00.803341
0592b744-9836-4081-ab2f-2c617db31fa5,TIBA TIBA SETAN,cgv,,26007500,Comedy,113 min,13+,2D,2026-05-28,39c8a888-0ad1-4f2c-ac26-704a6bacf93c,2026-05-27T17:32:00.803613
0592b744-9836-4081-ab2f-2c617db31fa5,CHILDREN OF HEAVEN,cgv,,26012100,Drama,97 min,SU,2D,2026-05-28,99aa1406-cd96-4bcd-b657-96ea20a6181d,2026-05-27T17:32:00.804119
0592b744-9836-4081-ab2f-2c617db31fa5,SUAMIKU LUKAKU,cgv,,26025400,Drama,92 min,17+,2D,2026-05-28,87dd431d-d76b-4ac7-94dd-89cdb4c2317a,2026-05-27T17:32:00.804456
0592b744-9836-4081-ab2f-2c617db31fa5,TUMBAL PROYEK,cgv,,26014300,Horror,106 min,17+,2D,2026-05-28,7a08b526-b123-4dcc-a064-cc6ce720b3ba,2026-05-27T17:32:00.804716
dc212f3f-7a97-4a1a-9757-057b74919036,SEKAWAN LIMO 2: GUNUNG KLAWIH,cgv,,26023300,Comedy,122 min,13+,2D,2026-05-28,4851c340-024d-4448-baf6-35d7b2437a7e,2026-05-27T17:32:01.499169
dc212f3f-7a97-4a1a-9757-057b74919036,BADUT GENDONG,cgv,,26016800,Horror,101 min,17+,2D,2026-05-28,04e1ed78-25f9-4a34-8270-9be665bbea83,2026-05-27T17:32:01.500654
dc212f3f-7a97-4a1a-9757-057b74919036,SEMUA AKAN BAIK BAIK SAJA,cgv,,26018100,Drama,113 min,13+,2D,2026-05-28,28f45aee-4867-4959-88ed-575e06ba3ceb,2026-05-27T17:32:01.501854
dc212f3f-7a97-4a1a-9757-057b74919036,CHILDREN OF HEAVEN,cgv,,26012100,Drama,97 min,SU,2D,2026-05-28,492501e1-4423-4ae8-bebb-e35f67c633d7,2026-05-27T17:32:01.503452
dc212f3f-7a97-4a1a-9757-057b74919036,GUDANG MERICA,cgv,,26019400,Comedy,98 min,17+,2D,2026-05-28,2531998d-7aed-4592-bedb-e6d68953054a,2026-05-27T17:32:01.504526
dc212f3f-7a97-4a1a-9757-057b74919036,TUMBAL PROYEK,cgv,,26014300,Horror,106 min,17+,2D,2026-05-28,545b790b-7a76-4635-95f0-12132386b20a,2026-05-27T17:32:01.505708
c7040b1f-a396-4e78-b166-38482b9e2b45,STAR WARS: THE MANDALORIAN AND GROGU,cgv,,26021200,Scifi,132 min,13+,2D,2026-05-28,28aefb4d-5846-4785-8615-0a9edc95bb70,2026-05-27T17:32:02.054102
c7040b1f-a396-4e78-b166-38482b9e2b45,THE SHEEP DETECTIVES,cgv,,26019500,Comedy,109 min,SU,2D,2026-05-28,715a3b02-cabb-445a-8801-94b6fa795de9,2026-05-27T17:32:02.054559
c7040b1f-a396-4e78-b166-38482b9e2b45,SEKAWAN LIMO 2: GUNUNG KLAWIH,cgv,,26023300,Comedy,122 min,13+,2D,2026-05-28,e012e896-a917-4e53-ac95-068031e94af7,2026-05-27T17:32:02.055043
c7040b1f-a396-4e78-b166-38482b9e2b45,CHILDREN OF HEAVEN,cgv,,26012100,Drama,97 min,SU,2D,2026-05-28,c860adad-5adb-4a4b-87b8-48b8daee4553,2026-05-27T17:32:02.055472
c7040b1f-a396-4e78-b166-38482b9e2b45,HOKUM,cgv,,26024600,Horror,107 min,13+,2D,2026-05-28,74faf4fe-30ed-4cdd-aa42-0f62866fe292,2026-05-27T17:32:02.055844
c7040b1f-a396-4e78-b166-38482b9e2b45,PASSENGER,cgv,,26023100,Horror,94 min,17+,2D,2026-05-28,c46cf958-2e91-4593-b3a0-94e995ae78a4,2026-05-27T17:32:02.056235
c7040b1f-a396-4e78-b166-38482b9e2b45,SEMUA AKAN BAIK BAIK SAJA,cgv,,26018100,Drama,113 min,13+,2D,2026-05-28,08fb8f4e-6fc0-466b-9069-6f22331548e5,2026-05-27T17:32:02.056501
e0335648-a8c3-4a6d-8d8f-987daeca0b6c,CHILDREN OF HEAVEN,cgv,,26012100,Drama,97 min,SU,2D,2026-05-28,fce72c59-dcea-46b4-95fe-56a769c93521,2026-05-27T17:32:02.414188
e0335648-a8c3-4a6d-8d8f-987daeca0b6c,HOKUM,cgv,,26024600,Horror,107 min,13+,2D,2026-05-28,82fe68a6-ba9a-40e3-b71b-1a2de19d6447,2026-05-27T17:32:02.414936
e0335648-a8c3-4a6d-8d8f-987daeca0b6c,STAR WARS: THE MANDALORIAN AND GROGU,cgv,,26021200,Scifi,132 min,13+,2D,2026-05-28,6264264a-b2dc-4b9a-8420-153ba887d0a1,2026-05-27T17:32:02.417446
e0335648-a8c3-4a6d-8d8f-987daeca0b6c,STAR WARS: THE MANDALORIAN AND GROGU,cgv,,26021200,Scifi,132 min,13+,4DX 2D,2026-05-28,f35a0f3c-5656-40a1-b0a3-e0af047db698,2026-05-27T17:32:02.417543
e0335648-a8c3-4a6d-8d8f-987daeca0b6c,SEKAWAN LIMO 2: GUNUNG KLAWIH,cgv,,26023300,Comedy,122 min,13+,2D,2026-05-28,fc9ed2b8-035b-4592-ae47-87c3d6290421,2026-05-27T17:32:02.419494
e0335648-a8c3-4a6d-8d8f-987daeca0b6c,BADUT GENDONG,cgv,,26016800,Horror,101 min,17+,2D,2026-05-28,b3ef265f-e1ab-40e1-867e-e070584168af,2026-05-27T17:32:02.421141
e0335648-a8c3-4a6d-8d8f-987daeca0b6c,SEMUA AKAN BAIK BAIK SAJA,cgv,,26018100,Drama,113 min,13+,2D,2026-05-28,71b5f9cc-fe7e-47f8-ac88-a9c276e2cd66,2026-05-27T17:32:02.421845
e0335648-a8c3-4a6d-8d8f-987daeca0b6c,PASSENGER,cgv,,26023100,Horror,94 min,17+,2D,2026-05-28,24edc533-9e50-4260-a80b-467b0fca4a52,2026-05-27T17:32:02.422548
e0335648-a8c3-4a6d-8d8f-987daeca0b6c,THE DEVIL WEARS PRADA 2,cgv,,26019800,Drama,119 min,13+,2D,2026-05-28,d75c0126-1076-4e7a-8cdd-02deb979df5d,2026-05-27T17:32:02.423167
e0335648-a8c3-4a6d-8d8f-987daeca0b6c,SUAMIKU LUKAKU,cgv,,26025400,Drama,92 min,17+,2D,2026-05-28,7e16929c-5dd7-499c-a218-e3c292c2fb59,2026-05-27T17:32:02.423844
e0335648-a8c3-4a6d-8d8f-987daeca0b6c,GUDANG MERICA,cgv,,26019400,Comedy,98 min,17+,2D,2026-05-28,13f6988a-f2a8-477f-908c-9e691c8896fa,2026-05-27T17:32:02.424237
e0335648-a8c3-4a6d-8d8f-987daeca0b6c,DILAN ITB 1997,cgv,,26016100,Drama,110 min,13+,2D,2026-05-28,0ab4761e-11fc-49c2-943d-40700b53c326,2026-05-27T17:32:02.424632
e0335648-a8c3-4a6d-8d8f-987daeca0b6c,STAR WARS: THE MANDALORIAN AND GROGU (3D),cgv,,26025200,Scifi,132 min,13+,4DX 3D,2026-05-28,e0d7849f-3d8c-4024-bfa3-b6e8de26e3ac,2026-05-27T17:32:02.425027
9b8617c4-3857-4be4-a0fe-aad1e3f24243,SUAMIKU LUKAKU,cgv,,26025400,Drama,92 min,17+,2D,2026-05-28,baa407cc-6eb1-4438-98e1-ce4fe07232bc,2026-05-27T17:32:03.195467
9b8617c4-3857-4be4-a0fe-aad1e3f24243,BADUT GENDONG,cgv,,26016800,Horror,101 min,17+,2D,2026-05-28,8c2e63c7-4dce-4878-b4d0-6cd5fb3332ac,2026-05-27T17:32:03.195860
9b8617c4-3857-4be4-a0fe-aad1e3f24243,TUMBAL PROYEK,cgv,,26014300,Horror,106 min,17+,2D,2026-05-28,36a0e5c3-8127-433a-abae-46af569d7a6b,2026-05-27T17:32:03.196254
9b8617c4-3857-4be4-a0fe-aad1e3f24243,GHOST IN THE CELL,cgv,,26011800,Comedy,106 min,17+,2D,2026-05-28,3ad63902-fc94-4d48-8e74-9859d62b3781,2026-05-27T17:32:03.196571
9b8617c4-3857-4be4-a0fe-aad1e3f24243,SEKAWAN LIMO 2: GUNUNG KLAWIH,cgv,,26023300,Comedy,122 min,13+,2D,2026-05-28,97b7677d-65f3-466d-b8bb-788ca751a419,2026-05-27T17:32:03.196875
9b8617c4-3857-4be4-a0fe-aad1e3f24243,GUDANG MERICA,cgv,,26019400,Comedy,98 min,17+,2D,2026-05-28,9b2a8ff6-cf1e-4283-af9e-8102745d9aef,2026-05-27T17:32:03.197096
9b8617c4-3857-4be4-a0fe-aad1e3f24243,CHILDREN OF HEAVEN,cgv,,26012100,Drama,97 min,SU,2D,2026-05-28,bd55bd76-91d4-42a6-91bb-c9c0cb7a1612,2026-05-27T17:32:03.197338
9b8617c4-3857-4be4-a0fe-aad1e3f24243,DILAN ITB 1997,cgv,,26016100,Drama,110 min,13+,2D,2026-05-28,d60814c6-1f36-4231-ade2-c4070819355b,2026-05-27T17:32:03.197556
9b8617c4-3857-4be4-a0fe-aad1e3f24243,STAR WARS: THE MANDALORIAN AND GROGU,cgv,,26021200,Scifi,132 min,13+,2D,2026-05-28,c6ff20b6-98dd-49bf-943b-03d8ac74b29d,2026-05-27T17:32:03.197770
e55430d3-9667-4abd-a468-63c70e76e6cf,CHILDREN OF HEAVEN,cgv,,26012100,Drama,97 min,SU,2D,2026-05-28,769a74bf-1c87-42e3-8ebb-3d9a48eec538,2026-05-27T17:32:03.769846
e55430d3-9667-4abd-a468-63c70e76e6cf,SALMOKJI: WHISPERING WATER,cgv,,26019100,Horror,95 min,17+,2D,2026-05-28,7e242313-864c-4440-89c4-e9f6e9548873,2026-05-27T17:32:03.770210
e55430d3-9667-4abd-a468-63c70e76e6cf,BADUT GENDONG,cgv,,26016800,Horror,101 min,17+,2D,2026-05-28,406cb331-3641-4746-b737-40ad39814228,2026-05-27T17:32:03.770757
e55430d3-9667-4abd-a468-63c70e76e6cf,GHOST IN THE CELL,cgv,,26011800,Comedy,106 min,17+,2D,2026-05-28,cbd89523-f61c-42e0-b07a-24921619e373,2026-05-27T17:32:03.771325
e55430d3-9667-4abd-a468-63c70e76e6cf,TUMBAL PROYEK,cgv,,26014300,Horror,106 min,17+,2D,2026-05-28,6ca002f2-1281-4d38-ad27-671b1b19a0d7,2026-05-27T17:32:03.771707
e55430d3-9667-4abd-a468-63c70e76e6cf,SEKAWAN LIMO 2: GUNUNG KLAWIH,cgv,,26023300,Comedy,122 min,13+,2D,2026-05-28,fbcb78f6-a8ca-4c0f-934c-deba1a72325e,2026-05-27T17:32:03.772240
e55430d3-9667-4abd-a468-63c70e76e6cf,PASSENGER,cgv,,26023100,Horror,94 min,17+,2D,2026-05-28,c0aab62e-ab13-482a-a8af-a74dc2702270,2026-05-27T17:32:03.772607
e55430d3-9667-4abd-a468-63c70e76e6cf,MORTAL KOMBAT II,cgv,,26018200,Action,116 min,17+,2D,2026-05-28,47a51d71-eeec-4862-a6f2-12aaa9a51f4d,2026-05-27T17:32:03.772915
e55430d3-9667-4abd-a468-63c70e76e6cf,DILAN ITB 1997,cgv,,26016100,Drama,110 min,13+,2D,2026-05-28,b5b57b45-9dfc-4dc1-b4cc-bef6bba02652,2026-05-27T17:32:03.773201
ffc4ddc4-2336-4f84-a27b-a44c11806d27,TUMBAL PROYEK,cgv,,26014300,Horror,106 min,17+,2D,2026-05-28,5c404d70-251f-47b0-9c6d-9326c4565dc6,2026-05-27T17:32:03.881294
ffc4ddc4-2336-4f84-a27b-a44c11806d27,STAR WARS: THE MANDALORIAN AND GROGU,cgv,,26021200,Scifi,132 min,13+,SCREENX 2D,2026-05-28,9792a7f3-6e2e-4e84-9606-31f7ffd28beb,2026-05-27T17:32:03.882091
ffc4ddc4-2336-4f84-a27b-a44c11806d27,STAR WARS: THE MANDALORIAN AND GROGU,cgv,,26021200,Scifi,132 min,13+,2D,2026-05-28,007df0ad-f5fd-419b-8dd6-32c5ba08adde,2026-05-27T17:32:03.882115
ffc4ddc4-2336-4f84-a27b-a44c11806d27,PASSENGER,cgv,,26023100,Horror,94 min,17+,2D,2026-05-28,9312f817-c1a0-459c-b5a9-ad83df336c3c,2026-05-27T17:32:03.882442
ffc4ddc4-2336-4f84-a27b-a44c11806d27,SEKAWAN LIMO 2: GUNUNG KLAWIH,cgv,,26023300,Comedy,122 min,13+,2D,2026-05-28,af484479-7ebc-495f-8f1c-86972ad292a7,2026-05-27T17:32:03.882757
ffc4ddc4-2336-4f84-a27b-a44c11806d27,SEMUA AKAN BAIK BAIK SAJA,cgv,,26018100,Drama,113 min,13+,2D,2026-05-28,73c9601a-e545-4520-beec-84d2663fb3e0,2026-05-27T17:32:03.883018
ffc4ddc4-2336-4f84-a27b-a44c11806d27,HOKUM,cgv,,26024600,Horror,107 min,13+,2D,2026-05-28,075eb612-8d39-4d5e-afdc-8ec8dedfa542,2026-05-27T17:32:03.883484
ffc4ddc4-2336-4f84-a27b-a44c11806d27,CHILDREN OF HEAVEN,cgv,,26012100,Drama,97 min,SU,2D,2026-05-28,1527ede5-9951-43b2-9842-5ad128e2961a,2026-05-27T17:32:03.883820
ffc4ddc4-2336-4f84-a27b-a44c11806d27,MORTAL KOMBAT II,cgv,,26018200,Action,116 min,17+,2D,2026-05-28,8d1f39c7-f4fa-40ae-a391-ca1dcdb4eeb8,2026-05-27T17:32:03.884041
d6281ec3-15f7-46ce-9f16-58d80d0280d9,CHILDREN OF HEAVEN,cgv,,26012100,Drama,97 min,SU,2D,2026-05-28,ca4d17dd-3b71-4d14-9708-cb5902ec85dd,2026-05-27T17:32:04.562380
d6281ec3-15f7-46ce-9f16-58d80d0280d9,SEMUA AKAN BAIK BAIK SAJA,cgv,,26018100,Drama,113 min,13+,2D,2026-05-28,88a2ad00-b1f2-49a8-b2a0-3f564e5278f8,2026-05-27T17:32:04.562741
d6281ec3-15f7-46ce-9f16-58d80d0280d9,STAR WARS: THE MANDALORIAN AND GROGU,cgv,,26021200,Scifi,132 min,13+,2D,2026-05-28,1f9cd1bc-eb25-45e0-8987-6a1131749a20,2026-05-27T17:32:04.563019
d6281ec3-15f7-46ce-9f16-58d80d0280d9,SEKAWAN LIMO 2: GUNUNG KLAWIH,cgv,,26023300,Comedy,122 min,13+,2D,2026-05-28,b22e4f74-4599-4801-bbfd-025c79bcc5d4,2026-05-27T17:32:04.563683
d6281ec3-15f7-46ce-9f16-58d80d0280d9,SUAMIKU LUKAKU,cgv,,26025400,Drama,92 min,17+,2D,2026-05-28,cf10b54c-bdef-4def-a36f-ad8090031d18,2026-05-27T17:32:04.564049
d6281ec3-15f7-46ce-9f16-58d80d0280d9,GUDANG MERICA,cgv,,26019400,Comedy,98 min,17+,2D,2026-05-28,447afc80-8c34-4049-9d20-aeb2e7358a34,2026-05-27T17:32:04.564319
d6281ec3-15f7-46ce-9f16-58d80d0280d9,MORTAL KOMBAT II,cgv,,26018200,Action,116 min,17+,2D,2026-05-28,12fc885b-c2af-432e-aca9-98eb13d007d4,2026-05-27T17:32:04.564584
d6281ec3-15f7-46ce-9f16-58d80d0280d9,TUMBAL PROYEK,cgv,,26014300,Horror,106 min,17+,2D,2026-05-28,68e52e75-e440-48df-bf0e-3f19f6d9d9ed,2026-05-27T17:32:04.564855
4798dd91-cbbf-447f-9b69-a246a0c2ba72,SEKAWAN LIMO 2: GUNUNG KLAWIH,cgv,,26023300,Comedy,122 min,13+,2D,2026-05-28,2e3ed8a6-ba71-4725-bfa4-97d08939fc89,2026-05-27T17:32:06.582512
4798dd91-cbbf-447f-9b69-a246a0c2ba72,CHILDREN OF HEAVEN,cgv,,26012100,Drama,97 min,SU,2D,2026-05-28,ee52a2d8-7552-4321-b43a-55ab2b920d62,2026-05-27T17:32:06.582957
4798dd91-cbbf-447f-9b69-a246a0c2ba72,TUMBAL PROYEK,cgv,,26014300,Horror,106 min,17+,2D,2026-05-28,0b4598cd-5915-45a7-9a6f-57a5da2ca257,2026-05-27T17:32:06.583270
4798dd91-cbbf-447f-9b69-a246a0c2ba72,DILAN ITB 1997,cgv,,26016100,Drama,110 min,13+,2D,2026-05-28,a76a8be9-d98c-46a9-9a9e-442791f4c71e,2026-05-27T17:32:06.583541
4798dd91-cbbf-447f-9b69-a246a0c2ba72,GHOST IN THE CELL,cgv,,26011800,Comedy,106 min,17+,2D,2026-05-28,1604c1f4-a119-4cda-94ef-51c946516d07,2026-05-27T17:32:06.583853
4c8cdbb6-c7e9-4b8f-89c3-0529a48a05ca,SEKAWAN LIMO 2: GUNUNG KLAWIH,cgv,,26023300,Comedy,122 min,13+,2D,2026-05-28,64fe9be3-97b4-410d-b2f9-94e4690a296a,2026-05-27T17:32:06.623298
4c8cdbb6-c7e9-4b8f-89c3-0529a48a05ca,CHILDREN OF HEAVEN,cgv,,26012100,Drama,97 min,SU,2D,2026-05-28,cc1965a2-ab87-4662-bb96-147a830e3b23,2026-05-27T17:32:06.623775
4c8cdbb6-c7e9-4b8f-89c3-0529a48a05ca,STAR WARS: THE MANDALORIAN AND GROGU,cgv,,26021200,Scifi,132 min,13+,2D,2026-05-28,946b7a64-49ae-4363-8bad-e83b67c06783,2026-05-27T17:32:06.624209
4c8cdbb6-c7e9-4b8f-89c3-0529a48a05ca,YANG LAIN BOLEH HILANG ASAL KAU JANGAN,cgv,,26018300,Drama,113 min,13+,2D,2026-05-28,dac6577d-bcbd-4201-ab9b-9debf6483634,2026-05-27T17:32:06.624494
4c8cdbb6-c7e9-4b8f-89c3-0529a48a05ca,TUMBAL PROYEK,cgv,,26014300,Horror,106 min,17+,2D,2026-05-28,673708f8-4ab6-4d8a-a971-71f75b5a0563,2026-05-27T17:32:06.624782
4c8cdbb6-c7e9-4b8f-89c3-0529a48a05ca,PASSENGER,cgv,,26023100,Horror,94 min,17+,2D,2026-05-28,a3e1620b-c8d8-4947-9355-4589a53b40e5,2026-05-27T17:32:06.625137
da47fe73-9cf4-4ff6-a0ff-8d402b196f55,CHILDREN OF HEAVEN,cgv,,26012100,Drama,97 min,SU,2D,2026-05-28,d45f42fb-fc5c-4ad7-b097-68d02ef27f93,2026-05-27T17:32:06.328907
da47fe73-9cf4-4ff6-a0ff-8d402b196f55,SEKAWAN LIMO 2: GUNUNG KLAWIH,cgv,,26023300,Comedy,122 min,13+,2D,2026-05-28,dd705064-49d7-471b-ae3a-51c3d1416ff2,2026-05-27T17:32:06.330994
da47fe73-9cf4-4ff6-a0ff-8d402b196f55,TUMBAL PROYEK,cgv,,26014300,Horror,106 min,17+,2D,2026-05-28,4296c1e3-9967-4215-837f-593c5800ef00,2026-05-27T17:32:06.332048
da47fe73-9cf4-4ff6-a0ff-8d402b196f55,SUAMIKU LUKAKU,cgv,,26025400,Drama,92 min,17+,2D,2026-05-28,660cce09-c152-4a05-a4b3-52aa40e8d451,2026-05-27T17:32:06.332875
da47fe73-9cf4-4ff6-a0ff-8d402b196f55,BADUT GENDONG,cgv,,26016800,Horror,101 min,17+,2D,2026-05-28,b0c28fe0-fd26-4409-aa1f-0c05cab1c505,2026-05-27T17:32:06.333837
da47fe73-9cf4-4ff6-a0ff-8d402b196f55,SEMUA AKAN BAIK BAIK SAJA,cgv,,26018100,Drama,113 min,13+,2D,2026-05-28,bdf2e821-fd67-4682-8c95-1f0cec4187bd,2026-05-27T17:32:06.334404
da47fe73-9cf4-4ff6-a0ff-8d402b196f55,GHOST IN THE CELL,cgv,,26011800,Comedy,106 min,17+,2D,2026-05-28,e0c7d7ca-84ca-4866-a9f6-13d36f4061c7,2026-05-27T17:32:06.335553
da47fe73-9cf4-4ff6-a0ff-8d402b196f55,GUDANG MERICA,cgv,,26019400,Comedy,98 min,17+,2D,2026-05-28,291a975e-4c52-41b3-9d08-de0f13d3abd3,2026-05-27T17:32:06.336507
7ceb2088-34ad-4e80-9f33-aa27b888559e,CHILDREN OF HEAVEN,cgv,,26012100,Drama,97 min,SU,2D,2026-05-28,c32eadc5-7862-4130-97ce-3c7b891322a2,2026-05-27T17:32:06.657289
7ceb2088-34ad-4e80-9f33-aa27b888559e,BADUT GENDONG,cgv,,26016800,Horror,101 min,17+,2D,2026-05-28,e16dda48-0caa-432b-a536-46aceff8a9c7,2026-05-27T17:32:06.657673
7ceb2088-34ad-4e80-9f33-aa27b888559e,SEKAWAN LIMO 2: GUNUNG KLAWIH,cgv,,26023300,Comedy,122 min,13+,2D,2026-05-28,46bc9338-8485-4c1f-9954-9c1d6ca3849c,2026-05-27T17:32:06.657987
7ceb2088-34ad-4e80-9f33-aa27b888559e,SUAMIKU LUKAKU,cgv,,26025400,Drama,92 min,17+,2D,2026-05-28,5f7c35ad-d729-4115-a9d7-32c355869695,2026-05-27T17:32:06.658235
7ceb2088-34ad-4e80-9f33-aa27b888559e,TUMBAL PROYEK,cgv,,26014300,Horror,106 min,17+,2D,2026-05-28,90fa9292-7aea-4ad8-8505-f672a237dd1e,2026-05-27T17:32:06.658487
7deb2532-1d01-4c44-aad4-3c6824bf5b04,TUMBAL PROYEK,cgv,,26014300,Horror,106 min,17+,2D,2026-05-28,20700efb-e6d0-43de-85b7-a405408b225c,2026-05-27T17:32:07.488099
7deb2532-1d01-4c44-aad4-3c6824bf5b04,SEKAWAN LIMO 2: GUNUNG KLAWIH,cgv,,26023300,Comedy,122 min,13+,2D,2026-05-28,ede0b720-6697-45cc-9875-49e760785f82,2026-05-27T17:32:07.488691
7deb2532-1d01-4c44-aad4-3c6824bf5b04,SEMUA AKAN BAIK BAIK SAJA,cgv,,26018100,Drama,113 min,13+,2D,2026-05-28,03b746e7-730b-48de-8316-62727df5a7be,2026-05-27T17:32:07.488976
7deb2532-1d01-4c44-aad4-3c6824bf5b04,CHILDREN OF HEAVEN,cgv,,26012100,Drama,97 min,SU,2D,2026-05-28,8abe6beb-bf4c-44cb-9b17-bd36e34a4687,2026-05-27T17:32:07.489298
7deb2532-1d01-4c44-aad4-3c6824bf5b04,BADUT GENDONG,cgv,,26016800,Horror,101 min,17+,2D,2026-05-28,50ed3bd4-0515-4957-8ed3-fcaa71097af3,2026-05-27T17:32:07.489551
7deb2532-1d01-4c44-aad4-3c6824bf5b04,SUAMIKU LUKAKU,cgv,,26025400,Drama,92 min,17+,2D,2026-05-28,928d3908-d3d6-4b3a-b4e9-1f7076f22d4d,2026-05-27T17:32:07.489822
7deb2532-1d01-4c44-aad4-3c6824bf5b04,PASSENGER,cgv,,26023100,Horror,94 min,17+,2D,2026-05-28,14d043f8-7692-4063-8997-eca4f36085c5,2026-05-27T17:32:07.490085
7deb2532-1d01-4c44-aad4-3c6824bf5b04,GHOST IN THE CELL,cgv,,26011800,Comedy,106 min,17+,2D,2026-05-28,3cf8cf32-33ca-4802-8289-d4335284f2e6,2026-05-27T17:32:07.490299
7deb2532-1d01-4c44-aad4-3c6824bf5b04,GUDANG MERICA,cgv,,26019400,Comedy,98 min,17+,2D,2026-05-28,0438f4e8-aef0-4f7d-bebf-1a793111f45a,2026-05-27T17:32:07.490512
1fd8be41-03d0-4874-8638-8bc06c5fe4a2,SEKAWAN LIMO 2: GUNUNG KLAWIH,cgv,,26023300,Comedy,122 min,13+,2D,2026-05-28,4e2bd275-5221-4858-a10d-10e259d17293,2026-05-27T17:32:08.148156
1fd8be41-03d0-4874-8638-8bc06c5fe4a2,TUMBAL PROYEK,cgv,,26014300,Horror,106 min,17+,2D,2026-05-28,52f888a6-6210-4195-bc91-633e6e165c17,2026-05-27T17:32:08.148507
1fd8be41-03d0-4874-8638-8bc06c5fe4a2,SEMUA AKAN BAIK BAIK SAJA,cgv,,26018100,Drama,113 min,13+,2D,2026-05-28,dcbe3fa2-cbfc-4ef0-9b25-2d002547a8dd,2026-05-27T17:32:08.148757
1fd8be41-03d0-4874-8638-8bc06c5fe4a2,CHILDREN OF HEAVEN,cgv,,26012100,Drama,97 min,SU,2D,2026-05-28,db8936b3-c493-4e38-b86d-2b0b69f471f3,2026-05-27T17:32:08.149079
1fd8be41-03d0-4874-8638-8bc06c5fe4a2,GUDANG MERICA,cgv,,26019400,Comedy,98 min,17+,2D,2026-05-28,0d70ea85-a928-42f1-8d7f-1fae78a13965,2026-05-27T17:32:08.149326
1fd8be41-03d0-4874-8638-8bc06c5fe4a2,STAR WARS: THE MANDALORIAN AND GROGU,cgv,,26021200,Scifi,132 min,13+,2D,2026-05-28,b0051542-5dc0-4b26-8692-7503de9649cc,2026-05-27T17:32:08.149539
b14986f9-1a37-49c1-92a5-4669d4d14b22,SEKAWAN LIMO 2: GUNUNG KLAWIH,cgv,,26023300,Comedy,122 min,13+,2D,2026-05-28,e01b1d8b-2079-41d7-aa5c-f3c81800de18,2026-05-27T17:32:08.425986
b14986f9-1a37-49c1-92a5-4669d4d14b22,BADUT GENDONG,cgv,,26016800,Horror,101 min,17+,2D,2026-05-28,11648d57-a305-4fd4-af0a-f53d3a6c8764,2026-05-27T17:32:08.426329
b14986f9-1a37-49c1-92a5-4669d4d14b22,CHILDREN OF HEAVEN,cgv,,26012100,Drama,97 min,SU,2D,2026-05-28,857901e2-6bc4-4628-a5f7-d3929b445367,2026-05-27T17:32:08.426707
b14986f9-1a37-49c1-92a5-4669d4d14b22,STAR WARS: THE MANDALORIAN AND GROGU,cgv,,26021200,Scifi,132 min,13+,2D,2026-05-28,8cdc72ad-4415-4bf8-b395-70b9b9175e3b,2026-05-27T17:32:08.426939
b14986f9-1a37-49c1-92a5-4669d4d14b22,PASSENGER,cgv,,26023100,Horror,94 min,17+,2D,2026-05-28,3ccf3c79-2f02-4f29-bfa0-64bb8465c402,2026-05-27T17:32:08.427175
b14986f9-1a37-49c1-92a5-4669d4d14b22,GUDANG MERICA,cgv,,26019400,Comedy,98 min,17+,2D,2026-05-28,eb1b67aa-dcdc-415f-897b-596b81475a3e,2026-05-27T17:32:08.427383
b14986f9-1a37-49c1-92a5-4669d4d14b22,SUAMIKU LUKAKU,cgv,,26025400,Drama,92 min,17+,2D,2026-05-28,48a44613-95d7-4b4d-9bec-069345608842,2026-05-27T17:32:08.427611
540716d3-b809-4759-ab6a-391460a3cc08,SEKAWAN LIMO 2: GUNUNG KLAWIH,cgv,,26023300,Comedy,122 min,13+,2D,2026-05-28,5f0345ea-fc45-49c6-91d8-192a6bc34382,2026-05-27T17:32:08.388169
540716d3-b809-4759-ab6a-391460a3cc08,TUMBAL PROYEK,cgv,,26014300,Horror,106 min,17+,2D,2026-05-28,83c060f0-4728-48e4-928f-cea33f9ed4ed,2026-05-27T17:32:08.388562
540716d3-b809-4759-ab6a-391460a3cc08,CHILDREN OF HEAVEN,cgv,,26012100,Drama,97 min,SU,2D,2026-05-28,cb660749-f925-4d2b-b90e-1cbc85cb2dc3,2026-05-27T17:32:08.389127
540716d3-b809-4759-ab6a-391460a3cc08,SEMUA AKAN BAIK BAIK SAJA,cgv,,26018100,Drama,113 min,13+,2D,2026-05-28,16198674-11a7-4c1c-bd8e-fa0d94582d74,2026-05-27T17:32:08.389426
540716d3-b809-4759-ab6a-391460a3cc08,STAR WARS: THE MANDALORIAN AND GROGU,cgv,,26021200,Scifi,132 min,13+,2D,2026-05-28,649d326b-37b9-459c-a74b-5a30532d22e8,2026-05-27T17:32:08.389694
823cad3a-6f6a-4a06-94a3-1d4850324788,SEKAWAN LIMO 2: GUNUNG KLAWIH,cgv,,26023300,Comedy,122 min,13+,2D,2026-05-28,b7733444-87f7-4426-9065-a423b9620968,2026-05-27T17:32:08.461344
823cad3a-6f6a-4a06-94a3-1d4850324788,SEMUA AKAN BAIK BAIK SAJA,cgv,,26018100,Drama,113 min,13+,2D,2026-05-28,5a7667da-c893-4911-86fd-5fde4d878c13,2026-05-27T17:32:08.461663
823cad3a-6f6a-4a06-94a3-1d4850324788,SUAMIKU LUKAKU,cgv,,26025400,Drama,92 min,17+,2D,2026-05-28,818d03a6-4051-4f0f-8aeb-2a7fcc5daf56,2026-05-27T17:32:08.461977
823cad3a-6f6a-4a06-94a3-1d4850324788,BADUT GENDONG,cgv,,26016800,Horror,101 min,17+,2D,2026-05-28,c26788bc-6429-499b-98db-95f5a056b2fe,2026-05-27T17:32:08.462285
823cad3a-6f6a-4a06-94a3-1d4850324788,PASSENGER,cgv,,26023100,Horror,94 min,17+,2D,2026-05-28,567f844a-f93e-4fdc-8c3f-4536fcae9778,2026-05-27T17:32:08.462596
823cad3a-6f6a-4a06-94a3-1d4850324788,TUMBAL PROYEK,cgv,,26014300,Horror,106 min,17+,2D,2026-05-28,e51e00ef-11b2-4eec-ba6b-88a240e2d81f,2026-05-27T17:32:08.462986
823cad3a-6f6a-4a06-94a3-1d4850324788,CHILDREN OF HEAVEN,cgv,,26012100,Drama,97 min,SU,2D,2026-05-28,ef2aae95-8cee-4d79-986a-fea5305e3a9e,2026-05-27T17:32:08.463333
823cad3a-6f6a-4a06-94a3-1d4850324788,DILAN ITB 1997,cgv,,26016100,Drama,110 min,13+,2D,2026-05-28,739067e3-22aa-4c12-9d2a-c92bafb7df33,2026-05-27T17:32:08.463539
823cad3a-6f6a-4a06-94a3-1d4850324788,GUDANG MERICA,cgv,,26019400,Comedy,98 min,17+,2D,2026-05-28,33c56e0d-7f4d-4ba2-bff0-367b6b38d3fc,2026-05-27T17:32:08.463769
823cad3a-6f6a-4a06-94a3-1d4850324788,STAR WARS: THE MANDALORIAN AND GROGU,cgv,,26021200,Scifi,132 min,13+,2D,2026-05-28,ef21d78c-942d-4c7f-bc3b-45c80a92eee0,2026-05-27T17:32:08.463974
c09846eb-4256-4105-94c4-d8e97edbed3e,SEKAWAN LIMO 2: GUNUNG KLAWIH,cgv,,26023300,Comedy,122 min,13+,2D,2026-05-28,75d3ef38-0545-4ca8-aaf7-46e91b89cbcb,2026-05-27T17:32:09.370391
c09846eb-4256-4105-94c4-d8e97edbed3e,TUMBAL PROYEK,cgv,,26014300,Horror,106 min,17+,2D,2026-05-28,e99ace64-f1ab-4f91-87b5-84e3fe65a9ce,2026-05-27T17:32:09.370866
c09846eb-4256-4105-94c4-d8e97edbed3e,SUAMIKU LUKAKU,cgv,,26025400,Drama,92 min,17+,2D,2026-05-28,dcb38e46-76e8-4743-803f-2b73957f1821,2026-05-27T17:32:09.371215
c09846eb-4256-4105-94c4-d8e97edbed3e,BADUT GENDONG,cgv,,26016800,Horror,101 min,17+,2D,2026-05-28,b1e559a2-c2ae-4b6a-bf5d-60b293efc1b3,2026-05-27T17:32:09.371589
c09846eb-4256-4105-94c4-d8e97edbed3e,TIBA TIBA SETAN,cgv,,26007500,Comedy,113 min,13+,2D,2026-05-28,010aa825-d5a2-4658-8e4f-1ce6c65a3a2d,2026-05-27T17:32:09.371861
c09846eb-4256-4105-94c4-d8e97edbed3e,SEMUA AKAN BAIK BAIK SAJA,cgv,,26018100,Drama,113 min,13+,2D,2026-05-28,60d61f5e-1a4a-4aa5-bb9c-e509ee97e3de,2026-05-27T17:32:09.372131
c09846eb-4256-4105-94c4-d8e97edbed3e,STAR WARS: THE MANDALORIAN AND GROGU,cgv,,26021200,Scifi,132 min,13+,2D,2026-05-28,440d1e55-5d71-4226-9bf2-ec8e9588a5af,2026-05-27T17:32:09.372397
34163c60-a438-4f36-a1e1-95f424816342,CHILDREN OF HEAVEN,cgv,,26012100,Drama,97 min,SU,2D,2026-05-28,23770dd5-8abc-495b-95c6-183eab6a445a,2026-05-27T17:32:10.032708
34163c60-a438-4f36-a1e1-95f424816342,HOKUM,cgv,,26024600,Horror,107 min,13+,2D,2026-05-28,aa920364-46f9-4325-9751-d3e4afa6da82,2026-05-27T17:32:10.033018
34163c60-a438-4f36-a1e1-95f424816342,SEKAWAN LIMO 2: GUNUNG KLAWIH,cgv,,26023300,Comedy,122 min,13+,2D,2026-05-28,0d834b90-03f9-42a1-b499-510fd6d4152f,2026-05-27T17:32:10.033345
34163c60-a438-4f36-a1e1-95f424816342,SUAMIKU LUKAKU,cgv,,26025400,Drama,92 min,17+,2D,2026-05-28,aefce89f-4e40-4655-a8af-36d0ec2aafcc,2026-05-27T17:32:10.033608
34163c60-a438-4f36-a1e1-95f424816342,STAR WARS: THE MANDALORIAN AND GROGU,cgv,,26021200,Scifi,132 min,13+,2D,2026-05-28,d576fe21-0970-4922-8ca6-6233b7d15d12,2026-05-27T17:32:10.033843
34163c60-a438-4f36-a1e1-95f424816342,TUMBAL PROYEK,cgv,,26014300,Horror,106 min,17+,2D,2026-05-28,bd4cd88c-552f-40c4-9e73-b03f4a058d4d,2026-05-27T17:32:10.034073
34163c60-a438-4f36-a1e1-95f424816342,PASSENGER,cgv,,26023100,Horror,94 min,17+,2D,2026-05-28,79026d92-585e-499f-b00f-d14eae1a3b09,2026-05-27T17:32:10.034300
10fd4381-a640-4cea-bf80-d6c650559225,SEKAWAN LIMO 2: GUNUNG KLAWIH,cgv,,26023300,Comedy,122 min,13+,2D,2026-05-28,8c65a438-8b32-4aac-97a5-080441699d2f,2026-05-27T17:32:10.135121
10fd4381-a640-4cea-bf80-d6c650559225,GUDANG MERICA,cgv,,26019400,Comedy,98 min,17+,2D,2026-05-28,29fa1c7a-e310-4c11-bcb7-5c6ee829245e,2026-05-27T17:32:10.135418
10fd4381-a640-4cea-bf80-d6c650559225,STAR WARS: THE MANDALORIAN AND GROGU,cgv,,26021200,Scifi,132 min,13+,2D,2026-05-28,a6c36b3a-73bb-4081-a8d2-9db8a3c2cf2c,2026-05-27T17:32:10.135730
10fd4381-a640-4cea-bf80-d6c650559225,CHILDREN OF HEAVEN,cgv,,26012100,Drama,97 min,SU,2D,2026-05-28,c4edeaf1-6531-4c11-a878-19a9bf8760dc,2026-05-27T17:32:10.136053
10fd4381-a640-4cea-bf80-d6c650559225,PASSENGER,cgv,,26023100,Horror,94 min,17+,2D,2026-05-28,98bb09ef-3fea-4be9-9fb7-4b20c5d6f3a3,2026-05-27T17:32:10.136463
10fd4381-a640-4cea-bf80-d6c650559225,TUMBAL PROYEK,cgv,,26014300,Horror,106 min,17+,2D,2026-05-28,0e56b93e-9771-477c-9812-201cc8a89423,2026-05-27T17:32:10.136724
10fd4381-a640-4cea-bf80-d6c650559225,SUAMIKU LUKAKU,cgv,,26025400,Drama,92 min,17+,2D,2026-05-28,009a3760-0061-456a-a813-fb848ef1135f,2026-05-27T17:32:10.136956
10fd4381-a640-4cea-bf80-d6c650559225,BADUT GENDONG,cgv,,26016800,Horror,101 min,17+,2D,2026-05-28,dd3cbc99-04e1-492c-9d82-c22419338341,2026-05-27T17:32:10.137252
ba2f0f77-6cee-4fa2-91a5-695c39252745,SEKAWAN LIMO 2: GUNUNG KLAWIH,cgv,,26023300,Comedy,122 min,13+,2D,2026-05-28,e82f1031-f7bf-4f6b-a7f1-e2f5b6ba7e4e,2026-05-27T17:32:10.525788
ba2f0f77-6cee-4fa2-91a5-695c39252745,BADUT GENDONG,cgv,,26016800,Horror,101 min,17+,2D,2026-05-28,8ead3c12-a491-4d3a-98cc-98538598258f,2026-05-27T17:32:10.526311
ba2f0f77-6cee-4fa2-91a5-695c39252745,TUMBAL PROYEK,cgv,,26014300,Horror,106 min,17+,2D,2026-05-28,5156a4cc-0628-48e5-9e16-ca48a7952ac7,2026-05-27T17:32:10.526659
ba2f0f77-6cee-4fa2-91a5-695c39252745,SEMUA AKAN BAIK BAIK SAJA,cgv,,26018100,Drama,113 min,13+,2D,2026-05-28,12496f0d-fc33-4f7d-931e-7d5f00cf51e8,2026-05-27T17:32:10.526966
ba2f0f77-6cee-4fa2-91a5-695c39252745,SUAMIKU LUKAKU,cgv,,26025400,Drama,92 min,17+,2D,2026-05-28,7138e6c9-deb5-4607-ba76-72e16ac3664a,2026-05-27T17:32:10.527371
ba2f0f77-6cee-4fa2-91a5-695c39252745,GUDANG MERICA,cgv,,26019400,Comedy,98 min,17+,2D,2026-05-28,7c53fae6-c251-45c1-8f98-2f4f32b1f5f7,2026-05-27T17:32:10.527725
ba2f0f77-6cee-4fa2-91a5-695c39252745,CHILDREN OF HEAVEN,cgv,,26012100,Drama,97 min,SU,2D,2026-05-28,c1a7e8b8-8516-4323-8168-f74b76211aee,2026-05-27T17:32:10.528133
ba2f0f77-6cee-4fa2-91a5-695c39252745,YANG LAIN BOLEH HILANG ASAL KAU JANGAN,cgv,,26018300,Drama,113 min,13+,2D,2026-05-28,d2701257-7b62-4176-b463-a172e26d8835,2026-05-27T17:32:10.528436
ba2f0f77-6cee-4fa2-91a5-695c39252745,GHOST IN THE CELL,cgv,,26011800,Comedy,106 min,17+,2D,2026-05-28,632f595d-3c38-4cf0-9f15-5d034cd36c16,2026-05-27T17:32:10.528715
ba2f0f77-6cee-4fa2-91a5-695c39252745,HOKUM,cgv,,26024600,Horror,107 min,13+,2D,2026-05-28,b371ca4f-3a1b-4972-9df5-a26a22489ee2,2026-05-27T17:32:10.528969
bb4bc90b-ac5b-428d-8d62-f271235f66c3,SEKAWAN LIMO 2: GUNUNG KLAWIH,cgv,,26023300,Comedy,122 min,13+,2D,2026-05-28,64649d5a-f16d-4db2-8121-620cab917bf2,2026-05-27T17:32:10.215937
bb4bc90b-ac5b-428d-8d62-f271235f66c3,STAR WARS: THE MANDALORIAN AND GROGU,cgv,,26021200,Scifi,132 min,13+,2D,2026-05-28,b965b6b5-bf35-4567-ab48-85c760bd7784,2026-05-27T17:32:10.216637
bb4bc90b-ac5b-428d-8d62-f271235f66c3,STAR WARS: THE MANDALORIAN AND GROGU,cgv,,26021200,Scifi,132 min,13+,4DX 2D,2026-05-28,6c96acb6-578b-4780-a11f-935f9ae2fe86,2026-05-27T17:32:10.216665
bb4bc90b-ac5b-428d-8d62-f271235f66c3,PASSENGER,cgv,,26023100,Horror,94 min,17+,2D,2026-05-28,39584178-c037-4c9e-975f-bd47e09fc33b,2026-05-27T17:32:10.217063
bb4bc90b-ac5b-428d-8d62-f271235f66c3,CHILDREN OF HEAVEN,cgv,,26012100,Drama,97 min,SU,2D,2026-05-28,b047ab94-fa73-496c-b13f-a188cb80e650,2026-05-27T17:32:10.217404
bb4bc90b-ac5b-428d-8d62-f271235f66c3,STAR WARS: THE MANDALORIAN AND GROGU (3D),cgv,,26025200,Scifi,132 min,13+,4DX 3D,2026-05-28,09642810-a6b5-4eda-bb25-88125272d3ab,2026-05-27T17:32:10.217617
bb4bc90b-ac5b-428d-8d62-f271235f66c3,HOKUM,cgv,,26024600,Horror,107 min,13+,2D,2026-05-28,066a263d-1457-43ae-a017-cffe783c4f7c,2026-05-27T17:32:10.217827
bb4bc90b-ac5b-428d-8d62-f271235f66c3,GHOST IN THE CELL,cgv,,26011800,Comedy,106 min,17+,2D,2026-05-28,ebf048e0-7e0d-42aa-be15-07c168791893,2026-05-27T17:32:10.218035
aa38868a-caff-498e-b489-587ebbb5254a,SEKAWAN LIMO 2: GUNUNG KLAWIH,cgv,,26023300,Comedy,122 min,13+,2D,2026-05-28,ce738554-5a32-4c9f-a6a8-e392989162d5,2026-05-27T17:32:11.032463
aa38868a-caff-498e-b489-587ebbb5254a,CHILDREN OF HEAVEN,cgv,,26012100,Drama,97 min,SU,2D,2026-05-28,e15d85b3-5cd5-47a8-98a8-cac04a27bf96,2026-05-27T17:32:11.032898
aa38868a-caff-498e-b489-587ebbb5254a,"AYAH, INI ARAHNYA KEMANA, YA?",cgv,,26011000,Drama,103 min,13+,2D,2026-05-28,7900da04-d036-442c-8dff-1fb164af0052,2026-05-27T17:32:11.033162
aa38868a-caff-498e-b489-587ebbb5254a,SEMUA AKAN BAIK BAIK SAJA,cgv,,26018100,Drama,113 min,13+,2D,2026-05-28,c8607e92-23a4-49af-bb49-4671afd607d9,2026-05-27T17:32:11.033744
aa38868a-caff-498e-b489-587ebbb5254a,TUMBAL PROYEK,cgv,,26014300,Horror,106 min,17+,2D,2026-05-28,c8363a33-c33f-491b-8fed-f0bbc7c8eaf6,2026-05-27T17:32:11.034991
9553da38-add3-4798-8ea6-bbeb9c9b223b,TUMBAL PROYEK,cgv,,26014300,Horror,106 min,17+,2D,2026-05-28,9c192cc2-c152-4f71-9a91-615c82485617,2026-05-27T17:32:12.009898
9553da38-add3-4798-8ea6-bbeb9c9b223b,SEKAWAN LIMO 2: GUNUNG KLAWIH,cgv,,26023300,Comedy,122 min,13+,2D,2026-05-28,61151d81-66fd-426e-afe5-64f0d1f4c947,2026-05-27T17:32:12.010357
9553da38-add3-4798-8ea6-bbeb9c9b223b,SUAMIKU LUKAKU,cgv,,26025400,Drama,92 min,17+,2D,2026-05-28,66005fdd-f2bb-4084-90d5-2f8c2b44cf23,2026-05-27T17:32:12.010698
9553da38-add3-4798-8ea6-bbeb9c9b223b,BADUT GENDONG,cgv,,26016800,Horror,101 min,17+,2D,2026-05-28,47aec4b0-9515-46ca-bbce-f3e1b1e00bed,2026-05-27T17:32:12.011002
9553da38-add3-4798-8ea6-bbeb9c9b223b,DILAN ITB 1997,cgv,,26016100,Drama,110 min,13+,2D,2026-05-28,ce4cb7e3-30af-46c3-8cb5-1144708df89a,2026-05-27T17:32:12.011235
9553da38-add3-4798-8ea6-bbeb9c9b223b,CHILDREN OF HEAVEN,cgv,,26012100,Drama,97 min,SU,2D,2026-05-28,0419547f-d1ca-41e9-9001-012469cbd26c,2026-05-27T17:32:12.011514
9553da38-add3-4798-8ea6-bbeb9c9b223b,GUDANG MERICA,cgv,,26019400,Comedy,98 min,17+,2D,2026-05-28,0312ef8f-b49f-4100-9203-712ea490bf6f,2026-05-27T17:32:12.011715
9553da38-add3-4798-8ea6-bbeb9c9b223b,STAR WARS: THE MANDALORIAN AND GROGU,cgv,,26021200,Scifi,132 min,13+,2D,2026-05-28,b6dc6dc3-f3f4-4abc-b1e4-fc5043ea0141,2026-05-27T17:32:12.011943
9553da38-add3-4798-8ea6-bbeb9c9b223b,YANG LAIN BOLEH HILANG ASAL KAU JANGAN,cgv,,26018300,Drama,113 min,13+,2D,2026-05-28,e8564adf-920a-47b2-9276-541e463acbfb,2026-05-27T17:32:12.012149
adc1dad1-f040-4b3a-9f77-3f499c7ba329,SEKAWAN LIMO 2: GUNUNG KLAWIH,cgv,,26023300,Comedy,122 min,13+,2D,2026-05-28,5f444c08-f27f-4e81-bd90-d2504557bd25,2026-05-27T17:32:12.074223
adc1dad1-f040-4b3a-9f77-3f499c7ba329,BADUT GENDONG,cgv,,26016800,Horror,101 min,17+,2D,2026-05-28,aa8450b4-1453-4b71-bf97-706c5602d362,2026-05-27T17:32:12.074591
adc1dad1-f040-4b3a-9f77-3f499c7ba329,TUMBAL PROYEK,cgv,,26014300,Horror,106 min,17+,2D,2026-05-28,2c4fe8cd-719a-434e-a050-9b28da3ef656,2026-05-27T17:32:12.074938
adc1dad1-f040-4b3a-9f77-3f499c7ba329,CHILDREN OF HEAVEN,cgv,,26012100,Drama,97 min,SU,2D,2026-05-28,94dbdc63-ddfc-41b9-88f7-f1e92b8f88b7,2026-05-27T17:32:12.075247
adc1dad1-f040-4b3a-9f77-3f499c7ba329,SEMUA AKAN BAIK BAIK SAJA,cgv,,26018100,Drama,113 min,13+,2D,2026-05-28,0c53baea-706c-4b8c-8927-5e7a5702b720,2026-05-27T17:32:12.075459
adc1dad1-f040-4b3a-9f77-3f499c7ba329,YANG LAIN BOLEH HILANG ASAL KAU JANGAN,cgv,,26018300,Drama,113 min,13+,2D,2026-05-28,b3fc651c-862a-4f7e-9f61-3d998b440169,2026-05-27T17:32:12.075701
adc1dad1-f040-4b3a-9f77-3f499c7ba329,PASSENGER,cgv,,26023100,Horror,94 min,17+,2D,2026-05-28,2850a2dc-ac76-4b8b-a005-7c16177a0783,2026-05-27T17:32:12.075918
9c9acf7e-1181-4323-8dd4-49a62be11292,SEKAWAN LIMO 2: GUNUNG KLAWIH,cgv,,26023300,Comedy,122 min,13+,2D,2026-05-28,e5f5140b-3735-4870-8c2a-af42175127cf,2026-05-27T17:32:12.326705
9c9acf7e-1181-4323-8dd4-49a62be11292,STAR WARS: THE MANDALORIAN AND GROGU,cgv,,26021200,Scifi,132 min,13+,2D,2026-05-28,697734d3-cb7c-440f-b44f-608b0fa820c4,2026-05-27T17:32:12.327179
9c9acf7e-1181-4323-8dd4-49a62be11292,STAR WARS: THE MANDALORIAN AND GROGU,cgv,,26021200,Scifi,132 min,13+,4DX 2D,2026-05-28,5390cf74-4a51-4f66-af63-d3a2906d2fe8,2026-05-27T17:32:12.327206
9c9acf7e-1181-4323-8dd4-49a62be11292,CHILDREN OF HEAVEN,cgv,,26012100,Drama,97 min,SU,2D,2026-05-28,e79ccbba-40de-4a4c-8c17-47b68c52b585,2026-05-27T17:32:12.327504
9c9acf7e-1181-4323-8dd4-49a62be11292,PASSENGER,cgv,,26023100,Horror,94 min,17+,2D,2026-05-28,28c107f7-5281-447a-9534-92b623e630e8,2026-05-27T17:32:12.327719
9b0f06a8-d505-4603-a7cf-5cfc27bd0ea5,SEKAWAN LIMO 2: GUNUNG KLAWIH,cgv,,26023300,Comedy,122 min,13+,2D,2026-05-28,5bd0687a-373a-4363-8a1f-9f858a00e508,2026-05-27T17:32:12.396524
9b0f06a8-d505-4603-a7cf-5cfc27bd0ea5,NA WILLA,cgv,,26003200,Family,118 min,SU,2D,2026-05-28,7f3e6f9d-2a06-4ecf-84d3-75966213435e,2026-05-27T17:32:12.396865
9b0f06a8-d505-4603-a7cf-5cfc27bd0ea5,TUMBAL PROYEK,cgv,,26014300,Horror,106 min,17+,2D,2026-05-28,3e01b573-c793-48ed-9f3d-acc0ceef0470,2026-05-27T17:32:12.397178
9b0f06a8-d505-4603-a7cf-5cfc27bd0ea5,BADUT GENDONG,cgv,,26016800,Horror,101 min,17+,2D,2026-05-28,cd3cb60f-91bd-491b-95d8-c2d93864b898,2026-05-27T17:32:12.397437
9b0f06a8-d505-4603-a7cf-5cfc27bd0ea5,CHILDREN OF HEAVEN,cgv,,26012100,Drama,97 min,SU,2D,2026-05-28,505b1e02-02e2-4df2-ab42-894067eadc74,2026-05-27T17:32:12.397725
9b0f06a8-d505-4603-a7cf-5cfc27bd0ea5,STAR WARS: THE MANDALORIAN AND GROGU,cgv,,26021200,Scifi,132 min,13+,2D,2026-05-28,abcc6dda-ee91-4847-81ff-0030e96d5a12,2026-05-27T17:32:12.397928
9b0f06a8-d505-4603-a7cf-5cfc27bd0ea5,SUAMIKU LUKAKU,cgv,,26025400,Drama,92 min,17+,2D,2026-05-28,d3d462f6-837e-4d4e-96d6-2fc84ef4794d,2026-05-27T17:32:12.398160
9b0f06a8-d505-4603-a7cf-5cfc27bd0ea5,GUDANG MERICA,cgv,,26019400,Comedy,98 min,17+,2D,2026-05-28,1c403df8-bf83-4771-8311-60dc95fb2a53,2026-05-27T17:32:12.398373
ecec269a-012d-4c4b-bc2f-3e07190c9889,SEKAWAN LIMO 2: GUNUNG KLAWIH,cgv,,26023300,Comedy,122 min,13+,2D,2026-05-28,583456ab-7b88-4b6d-95ff-0b7bc4134c8d,2026-05-27T17:32:13.853435
ecec269a-012d-4c4b-bc2f-3e07190c9889,TUMBAL PROYEK,cgv,,26014300,Horror,106 min,17+,2D,2026-05-28,87bb17e3-6679-4227-9f0c-08fa3b34f231,2026-05-27T17:32:13.853793
ecec269a-012d-4c4b-bc2f-3e07190c9889,CHILDREN OF HEAVEN,cgv,,26012100,Drama,97 min,SU,2D,2026-05-28,4bace40f-aed7-404e-907c-c95c129be013,2026-05-27T17:32:13.854108
ecec269a-012d-4c4b-bc2f-3e07190c9889,GUDANG MERICA,cgv,,26019400,Comedy,98 min,17+,2D,2026-05-28,19d1345a-9abd-49f4-8268-c6ccec39d3cc,2026-05-27T17:32:13.854317
ecec269a-012d-4c4b-bc2f-3e07190c9889,"AYAH, INI ARAHNYA KEMANA, YA?",cgv,,26011000,Drama,103 min,13+,2D,2026-05-28,bffef1cc-3da8-465e-a162-be534c3b76ce,2026-05-27T17:32:13.854531
10aecb91-a3d5-4ee0-990e-007d14c8746a,GUDANG MERICA,cgv,,26019400,Comedy,98 min,17+,2D,2026-05-28,3ec425e3-bcf9-4e9f-bc3d-431023966dea,2026-05-27T17:32:13.805407
10aecb91-a3d5-4ee0-990e-007d14c8746a,YANG LAIN BOLEH HILANG ASAL KAU JANGAN,cgv,,26018300,Drama,113 min,13+,2D,2026-05-28,ef481b24-0a07-44b8-87b3-ab371e379085,2026-05-27T17:32:13.806096
10aecb91-a3d5-4ee0-990e-007d14c8746a,SEKAWAN LIMO 2: GUNUNG KLAWIH,cgv,,26023300,Comedy,122 min,13+,2D,2026-05-28,ed89afd9-28c9-4004-a779-ada56c6233d4,2026-05-27T17:32:13.806803
10aecb91-a3d5-4ee0-990e-007d14c8746a,TUMBAL PROYEK,cgv,,26014300,Horror,106 min,17+,2D,2026-05-28,44d75391-7fea-4fd2-b91b-b72361a60f0c,2026-05-27T17:32:13.807278
10aecb91-a3d5-4ee0-990e-007d14c8746a,SEMUA AKAN BAIK BAIK SAJA,cgv,,26018100,Drama,113 min,13+,2D,2026-05-28,bba244ce-4841-4db4-8dbe-f1f006567f23,2026-05-27T17:32:13.807603
10aecb91-a3d5-4ee0-990e-007d14c8746a,BADUT GENDONG,cgv,,26016800,Horror,101 min,17+,2D,2026-05-28,d36e379d-1035-44bf-b519-97ceb120671c,2026-05-27T17:32:13.808033
10aecb91-a3d5-4ee0-990e-007d14c8746a,CHILDREN OF HEAVEN,cgv,,26012100,Drama,97 min,SU,2D,2026-05-28,7182c977-e80f-4472-80ea-b2d6043addda,2026-05-27T17:32:13.808464
10aecb91-a3d5-4ee0-990e-007d14c8746a,PASSENGER,cgv,,26023100,Horror,94 min,17+,2D,2026-05-28,7118fcff-a062-441b-aa2b-5f62715ce663,2026-05-27T17:32:13.808785
10aecb91-a3d5-4ee0-990e-007d14c8746a,SUAMIKU LUKAKU,cgv,,26025400,Drama,92 min,17+,2D,2026-05-28,f1dcc7c0-c6a6-4d52-a45c-9121ab4d8052,2026-05-27T17:32:13.809217
5f0f8b02-8e46-467c-8d40-7418f5ccbf7b,TUMBAL PROYEK,cgv,,26014300,Horror,106 min,17+,2D,2026-05-28,ed71e52c-643d-4ebe-8958-766452fcc2bb,2026-05-27T17:32:14.406315
5f0f8b02-8e46-467c-8d40-7418f5ccbf7b,CHILDREN OF HEAVEN,cgv,,26012100,Drama,97 min,SU,2D,2026-05-28,f371f7ae-49e2-4d8d-89e8-679af1c38b23,2026-05-27T17:32:14.406848
5f0f8b02-8e46-467c-8d40-7418f5ccbf7b,SEKAWAN LIMO 2: GUNUNG KLAWIH,cgv,,26023300,Comedy,122 min,13+,2D,2026-05-28,f8159a10-24dd-4fa8-b1e4-b858d85c6d99,2026-05-27T17:32:14.407416
5f0f8b02-8e46-467c-8d40-7418f5ccbf7b,BADUT GENDONG,cgv,,26016800,Horror,101 min,17+,2D,2026-05-28,13b41ca0-a641-4eba-b632-94c35dd306ef,2026-05-27T17:32:14.407754
a24939ab-ad6d-4f73-b0f4-26bc769471d6,SEKAWAN LIMO 2: GUNUNG KLAWIH,cgv,,26023300,Comedy,122 min,13+,2D,2026-05-28,473428f0-b8ca-4015-8d57-f6e4fc9da34f,2026-05-27T17:32:14.848083
a24939ab-ad6d-4f73-b0f4-26bc769471d6,CHILDREN OF HEAVEN,cgv,,26012100,Drama,97 min,SU,2D,2026-05-28,81d190ca-f95f-4f96-83c2-9fbd34dbbbcc,2026-05-27T17:32:14.848439
a24939ab-ad6d-4f73-b0f4-26bc769471d6,TUMBAL PROYEK,cgv,,26014300,Horror,106 min,17+,2D,2026-05-28,ffcfb40a-13ab-4bf5-b259-5c7831e184e3,2026-05-27T17:32:14.848771
a24939ab-ad6d-4f73-b0f4-26bc769471d6,SUAMIKU LUKAKU,cgv,,26025400,Drama,92 min,17+,2D,2026-05-28,2418ee83-e0c7-4a4c-a95d-ca385ffdd85d,2026-05-27T17:32:14.849063
e5d257a4-1bd8-416b-931b-958c719e8ae8,SEKAWAN LIMO 2: GUNUNG KLAWIH,cgv,,26023300,Comedy,122 min,13+,2D,2026-05-28,4310adbf-81ad-4c5f-97ad-8058da28e344,2026-05-27T17:32:15.713901
e5d257a4-1bd8-416b-931b-958c719e8ae8,CHILDREN OF HEAVEN,cgv,,26012100,Drama,97 min,SU,2D,2026-05-28,e285981e-76be-4258-ba67-21e330b85168,2026-05-27T17:32:15.714500
e5d257a4-1bd8-416b-931b-958c719e8ae8,SEMUA AKAN BAIK BAIK SAJA,cgv,,26018100,Drama,113 min,13+,2D,2026-05-28,5afc31e9-5e29-4f0c-b533-b21565dc25a9,2026-05-27T17:32:15.714788
e5d257a4-1bd8-416b-931b-958c719e8ae8,TUMBAL PROYEK,cgv,,26014300,Horror,106 min,17+,2D,2026-05-28,d7512008-20c4-4f15-80e6-183a367ba7db,2026-05-27T17:32:15.715098
e5d257a4-1bd8-416b-931b-958c719e8ae8,BADUT GENDONG,cgv,,26016800,Horror,101 min,17+,2D,2026-05-28,d1b2f0d2-9464-43d8-abb6-f870575f4670,2026-05-27T17:32:15.715417
e5d257a4-1bd8-416b-931b-958c719e8ae8,GUDANG MERICA,cgv,,26019400,Comedy,98 min,17+,2D,2026-05-28,be52f0f0-e3f6-4932-ae3a-c59c9cc9de42,2026-05-27T17:32:15.715695
67215f43-78ff-4541-bf8d-5fd4e02745ba,CHILDREN OF HEAVEN,cgv,,26012100,Drama,97 min,SU,2D,2026-05-28,0f1e51de-0b73-4eae-b3fb-faf67cb33b42,2026-05-27T17:32:15.907948
67215f43-78ff-4541-bf8d-5fd4e02745ba,SUAMIKU LUKAKU,cgv,,26025400,Drama,92 min,17+,2D,2026-05-28,b4ffa51b-20d5-40f0-9ccf-1480df42b6d9,2026-05-27T17:32:15.908282
67215f43-78ff-4541-bf8d-5fd4e02745ba,TUMBAL PROYEK,cgv,,26014300,Horror,106 min,17+,2D,2026-05-28,d4ca0f15-5857-41e7-9bfc-94b3597474eb,2026-05-27T17:32:15.908630
67215f43-78ff-4541-bf8d-5fd4e02745ba,SEKAWAN LIMO 2: GUNUNG KLAWIH,cgv,,26023300,Comedy,122 min,13+,2D,2026-05-28,30359f91-793d-4b30-97f1-958f17c18919,2026-05-27T17:32:15.908960
67215f43-78ff-4541-bf8d-5fd4e02745ba,TIBA TIBA SETAN,cgv,,26007500,Comedy,113 min,13+,2D,2026-05-28,e5a1ed00-5f14-420d-a183-0c58f6234636,2026-05-27T17:32:15.909368
67215f43-78ff-4541-bf8d-5fd4e02745ba,STAR WARS: THE MANDALORIAN AND GROGU,cgv,,26021200,Scifi,132 min,13+,2D,2026-05-28,f26e4fb8-fd17-40fa-8f03-2a6957c4b524,2026-05-27T17:32:15.909751
67215f43-78ff-4541-bf8d-5fd4e02745ba,PASSENGER,cgv,,26023100,Horror,94 min,17+,2D,2026-05-28,f78a83cd-b80b-4de0-a260-7104a70f21f5,2026-05-27T17:32:15.910104
67215f43-78ff-4541-bf8d-5fd4e02745ba,GUDANG MERICA,cgv,,26019400,Comedy,98 min,17+,2D,2026-05-28,71bb5d7c-d40e-4bf4-84fe-df3544b44043,2026-05-27T17:32:15.910324
67215f43-78ff-4541-bf8d-5fd4e02745ba,BADUT GENDONG,cgv,,26016800,Horror,101 min,17+,2D,2026-05-28,c5f796b1-2d00-429c-b2ea-b261fbba39a4,2026-05-27T17:32:15.910600
9d7ad2c5-7f43-42b1-b798-8173d16ce908,SEKAWAN LIMO 2: GUNUNG KLAWIH,cgv,,26023300,Comedy,122 min,13+,2D,2026-05-28,363a851e-88ea-4bd0-8ecf-286565821bb0,2026-05-27T17:32:16.101268
9d7ad2c5-7f43-42b1-b798-8173d16ce908,TUMBAL PROYEK,cgv,,26014300,Horror,106 min,17+,2D,2026-05-28,5b401f58-c7ca-440c-9acc-492ab60244ff,2026-05-27T17:32:16.101743
9d7ad2c5-7f43-42b1-b798-8173d16ce908,CHILDREN OF HEAVEN,cgv,,26012100,Drama,97 min,SU,2D,2026-05-28,a4d92eda-5f9a-4155-a008-96f48b3c891e,2026-05-27T17:32:16.102293
9d7ad2c5-7f43-42b1-b798-8173d16ce908,STAR WARS: THE MANDALORIAN AND GROGU,cgv,,26021200,Scifi,132 min,13+,2D,2026-05-28,3e7fa3ea-84ac-47ee-ac10-0323d12aec89,2026-05-27T17:32:16.102677
9d7ad2c5-7f43-42b1-b798-8173d16ce908,SEMUA AKAN BAIK BAIK SAJA,cgv,,26018100,Drama,113 min,13+,2D,2026-05-28,d4be34be-94d8-4335-a758-9221320880a7,2026-05-27T17:32:16.102931
9d7ad2c5-7f43-42b1-b798-8173d16ce908,BADUT GENDONG,cgv,,26016800,Horror,101 min,17+,2D,2026-05-28,7994c34c-bc70-4794-ac39-fb57a975a8df,2026-05-27T17:32:16.103222
5f4d1ed2-ccef-46b3-abbf-24684c68e3a9,TUMBAL PROYEK,cgv,,26014300,Horror,106 min,17+,2D,2026-05-28,83dab7fd-1d7f-436b-9a74-c99a8f77455e,2026-05-27T17:32:16.519052
5f4d1ed2-ccef-46b3-abbf-24684c68e3a9,CHILDREN OF HEAVEN,cgv,,26012100,Drama,97 min,SU,2D,2026-05-28,b65d0c43-653f-48d8-b1be-5904fb96feef,2026-05-27T17:32:16.520081
5f4d1ed2-ccef-46b3-abbf-24684c68e3a9,SEKAWAN LIMO 2: GUNUNG KLAWIH,cgv,,26023300,Comedy,122 min,13+,2D,2026-05-28,12a4c435-5836-4368-84d7-fa7e687c44e1,2026-05-27T17:32:16.521119
5f4d1ed2-ccef-46b3-abbf-24684c68e3a9,STAR WARS: THE MANDALORIAN AND GROGU,cgv,,26021200,Scifi,132 min,13+,2D,2026-05-28,64eb9cde-9374-4297-888e-056578622c89,2026-05-27T17:32:16.522180
5f4d1ed2-ccef-46b3-abbf-24684c68e3a9,PASSENGER,cgv,,26023100,Horror,94 min,17+,2D,2026-05-28,2636e172-0e57-4e7b-a653-a75bf2660687,2026-05-27T17:32:16.523441
5f4d1ed2-ccef-46b3-abbf-24684c68e3a9,SEMUA AKAN BAIK BAIK SAJA,cgv,,26018100,Drama,113 min,13+,2D,2026-05-28,3039d532-8eac-4e6b-b7bb-ee65f453de82,2026-05-27T17:32:16.523964
5f4d1ed2-ccef-46b3-abbf-24684c68e3a9,MORTAL KOMBAT II,cgv,,26018200,Action,116 min,17+,2D,2026-05-28,ddf30b4a-72ee-4977-9af8-4d727a32b266,2026-05-27T17:32:16.524816
5f4d1ed2-ccef-46b3-abbf-24684c68e3a9,GHOST IN THE CELL,cgv,,26011800,Comedy,106 min,17+,2D,2026-05-28,e01ff09a-2558-4fa7-b606-256a4673d287,2026-05-27T17:32:16.525190
3fa396a6-ab0c-4c34-9b49-ea82046df5f0,CHILDREN OF HEAVEN,cgv,,26012100,Drama,97 min,SU,2D,2026-05-28,f5181324-8615-47e5-baed-cecbca089255,2026-05-27T17:32:16.587756
3fa396a6-ab0c-4c34-9b49-ea82046df5f0,TUMBAL PROYEK,cgv,,26014300,Horror,106 min,17+,2D,2026-05-28,613c37ec-c492-4b7e-823c-ebc31a521816,2026-05-27T17:32:16.588076
3fa396a6-ab0c-4c34-9b49-ea82046df5f0,SEKAWAN LIMO 2: GUNUNG KLAWIH,cgv,,26023300,Comedy,122 min,13+,2D,2026-05-28,6769c163-099f-49d4-bb7f-c3581b427e15,2026-05-27T17:32:16.588740
3fa396a6-ab0c-4c34-9b49-ea82046df5f0,SUAMIKU LUKAKU,cgv,,26025400,Drama,92 min,17+,2D,2026-05-28,26cdf09b-c2fd-456d-9ae9-76adf52d5116,2026-05-27T17:32:16.589156
3fa396a6-ab0c-4c34-9b49-ea82046df5f0,BADUT GENDONG,cgv,,26016800,Horror,101 min,17+,2D,2026-05-28,56d1a166-8bc6-4fe7-bb1f-d69ce788cbf7,2026-05-27T17:32:16.589471
3fa396a6-ab0c-4c34-9b49-ea82046df5f0,GUDANG MERICA,cgv,,26019400,Comedy,98 min,17+,2D,2026-05-28,fbc8b3fe-8f3d-4fd7-9400-c7853d92d7a9,2026-05-27T17:32:16.589745
dbcd2a89-aa05-44fe-af67-1af5aea84760,CHILDREN OF HEAVEN,cgv,,26012100,Drama,97 min,SU,2D,2026-05-28,dcc9ef6a-5f52-4d15-a48d-9795083d0dbc,2026-05-27T17:32:17.757513
dbcd2a89-aa05-44fe-af67-1af5aea84760,SEKAWAN LIMO 2: GUNUNG KLAWIH,cgv,,26023300,Comedy,122 min,13+,2D,2026-05-28,2a30f6fd-8aa6-47cd-991b-cf4367ab1f16,2026-05-27T17:32:17.758291
dbcd2a89-aa05-44fe-af67-1af5aea84760,SUAMIKU LUKAKU,cgv,,26025400,Drama,92 min,17+,2D,2026-05-28,9e734f9a-af25-400b-b23a-56f8d8a687a2,2026-05-27T17:32:17.758701
dbcd2a89-aa05-44fe-af67-1af5aea84760,SEMUA AKAN BAIK BAIK SAJA,cgv,,26018100,Drama,113 min,13+,2D,2026-05-28,3516a1db-ae97-4dc8-b28b-50202e09c318,2026-05-27T17:32:17.758981
dbcd2a89-aa05-44fe-af67-1af5aea84760,BADUT GENDONG,cgv,,26016800,Horror,101 min,17+,2D,2026-05-28,ed3c3590-1b5f-4649-8136-f6b43b55e1cd,2026-05-27T17:32:17.759313
dbcd2a89-aa05-44fe-af67-1af5aea84760,STAR WARS: THE MANDALORIAN AND GROGU,cgv,,26021200,Scifi,132 min,13+,2D,2026-05-28,55725c38-9e3a-46e8-89da-a583353a2bf3,2026-05-27T17:32:17.759531
dbcd2a89-aa05-44fe-af67-1af5aea84760,GUDANG MERICA,cgv,,26019400,Comedy,98 min,17+,2D,2026-05-28,c863e7a9-8ed3-4eb2-8b0f-e8f4630a7ea6,2026-05-27T17:32:17.759751
ffc4e65f-bd9e-4e51-a72d-e3f27d2bbeab,SEKAWAN LIMO 2: GUNUNG KLAWIH,cgv,,26023300,Comedy,122 min,13+,2D,2026-05-28,bdf4d377-81ed-4043-9eb5-d2e53d5b77f9,2026-05-27T17:32:17.708808
ffc4e65f-bd9e-4e51-a72d-e3f27d2bbeab,SUAMIKU LUKAKU,cgv,,26025400,Drama,92 min,17+,2D,2026-05-28,243e08e8-6235-4f7e-90d6-3ee87d05fa68,2026-05-27T17:32:17.709331
ffc4e65f-bd9e-4e51-a72d-e3f27d2bbeab,BADUT GENDONG,cgv,,26016800,Horror,101 min,17+,2D,2026-05-28,e53e4a5a-4925-4ab9-b3a9-8bd15c5faa50,2026-05-27T17:32:17.709711
ffc4e65f-bd9e-4e51-a72d-e3f27d2bbeab,CHILDREN OF HEAVEN,cgv,,26012100,Drama,97 min,SU,2D,2026-05-28,ba44f7e8-c7bd-41c1-8c4a-b99b61762f86,2026-05-27T17:32:17.710075
ffc4e65f-bd9e-4e51-a72d-e3f27d2bbeab,STAR WARS: THE MANDALORIAN AND GROGU,cgv,,26021200,Scifi,132 min,13+,2D,2026-05-28,6e8613de-f8cd-4fba-9804-9f8e66458577,2026-05-27T17:32:17.710434
ffc4e65f-bd9e-4e51-a72d-e3f27d2bbeab,SEMUA AKAN BAIK BAIK SAJA,cgv,,26018100,Drama,113 min,13+,2D,2026-05-28,2586657e-899b-4c7e-a2bf-20926cec7e16,2026-05-27T17:32:17.710719
ffc4e65f-bd9e-4e51-a72d-e3f27d2bbeab,PASSENGER,cgv,,26023100,Horror,94 min,17+,2D,2026-05-28,bbd9f924-19eb-4160-b807-9982f1c23bc8,2026-05-27T17:32:17.710955
ffc4e65f-bd9e-4e51-a72d-e3f27d2bbeab,GUDANG MERICA,cgv,,26019400,Comedy,98 min,17+,2D,2026-05-28,9fe1c5d6-ca5d-4177-867b-304420a654ef,2026-05-27T17:32:17.711188
ffc4e65f-bd9e-4e51-a72d-e3f27d2bbeab,GHOST IN THE CELL,cgv,,26011800,Comedy,106 min,17+,2D,2026-05-28,c9393872-f66a-4222-a822-e3d5cd145496,2026-05-27T17:32:17.711418
35dfeb74-d7d8-4cf7-a98d-d8f1c0436c9d,CHILDREN OF HEAVEN,cgv,,26012100,Drama,97 min,SU,2D,2026-05-28,a9527341-a139-4cbd-bf86-54e3acf767e8,2026-05-27T17:32:18.148855
35dfeb74-d7d8-4cf7-a98d-d8f1c0436c9d,STAR WARS: THE MANDALORIAN AND GROGU,cgv,,26021200,Scifi,132 min,13+,2D,2026-05-28,386ea51a-e6f3-42de-860a-2d4ad089d3c6,2026-05-27T17:32:18.149215
35dfeb74-d7d8-4cf7-a98d-d8f1c0436c9d,BADUT GENDONG,cgv,,26016800,Horror,101 min,17+,2D,2026-05-28,8c1fc71b-1ea9-4576-856e-0eb418468c07,2026-05-27T17:32:18.149589
35dfeb74-d7d8-4cf7-a98d-d8f1c0436c9d,SEKAWAN LIMO 2: GUNUNG KLAWIH,cgv,,26023300,Comedy,122 min,13+,2D,2026-05-28,6f3d2a70-54bd-4544-b532-5326acf7c792,2026-05-27T17:32:18.150292
35dfeb74-d7d8-4cf7-a98d-d8f1c0436c9d,SEMUA AKAN BAIK BAIK SAJA,cgv,,26018100,Drama,113 min,13+,2D,2026-05-28,9ac7494d-2434-4133-800f-5c72063e111d,2026-05-27T17:32:18.150648
35dfeb74-d7d8-4cf7-a98d-d8f1c0436c9d,DILAN ITB 1997,cgv,,26016100,Drama,110 min,13+,2D,2026-05-28,9d6a5d14-ad65-46fc-8782-2adc2551acc8,2026-05-27T17:32:18.150925
d0e3010e-98b4-4d94-8def-4086def8c16d,SEKAWAN LIMO 2: GUNUNG KLAWIH,cgv,,26023300,Comedy,122 min,13+,2D,2026-05-28,332bd273-6cf8-4c95-b575-e05b54b33f14,2026-05-27T17:32:18.218124
d0e3010e-98b4-4d94-8def-4086def8c16d,TUMBAL PROYEK,cgv,,26014300,Horror,106 min,17+,2D,2026-05-28,b34f2e9b-1b0b-4cca-89a5-698a124b2eae,2026-05-27T17:32:18.218682
d0e3010e-98b4-4d94-8def-4086def8c16d,BADUT GENDONG,cgv,,26016800,Horror,101 min,17+,2D,2026-05-28,fb69b633-5fb2-491e-a8ef-2662a98b1fa0,2026-05-27T17:32:18.219006
d0e3010e-98b4-4d94-8def-4086def8c16d,SUAMIKU LUKAKU,cgv,,26025400,Drama,92 min,17+,2D,2026-05-28,0b0b71cd-401f-4fab-ac02-b26a546ac09f,2026-05-27T17:32:18.219280
d0e3010e-98b4-4d94-8def-4086def8c16d,CHILDREN OF HEAVEN,cgv,,26012100,Drama,97 min,SU,2D,2026-05-28,28ad0281-f3ce-4f16-b743-1ec957100e9c,2026-05-27T17:32:18.219604
d0e3010e-98b4-4d94-8def-4086def8c16d,GUDANG MERICA,cgv,,26019400,Comedy,98 min,17+,2D,2026-05-28,20533b90-f23b-4dbb-9391-26599bd30e17,2026-05-27T17:32:18.219824
0f4bab30-93c6-4ac7-ac76-9caadbb229ca,SEKAWAN LIMO 2: GUNUNG KLAWIH,cgv,,26023300,Comedy,122 min,13+,2D,2026-05-28,06007db8-d2aa-44f8-bb02-0aa078be3ece,2026-05-27T17:32:18.717938
0f4bab30-93c6-4ac7-ac76-9caadbb229ca,GUDANG MERICA,cgv,,26019400,Comedy,98 min,17+,2D,2026-05-28,747937bb-6a1c-4f9b-af66-28385670940d,2026-05-27T17:32:18.718539
0f4bab30-93c6-4ac7-ac76-9caadbb229ca,TUMBAL PROYEK,cgv,,26014300,Horror,106 min,17+,2D,2026-05-28,4de46a91-8614-458f-906c-c14111225f1b,2026-05-27T17:32:18.719021
0f4bab30-93c6-4ac7-ac76-9caadbb229ca,TIBA TIBA SETAN,cgv,,26007500,Comedy,113 min,13+,2D,2026-05-28,b15c173f-012e-42dc-8bfa-e0dffd68776d,2026-05-27T17:32:18.719328
0f4bab30-93c6-4ac7-ac76-9caadbb229ca,CHILDREN OF HEAVEN,cgv,,26012100,Drama,97 min,SU,2D,2026-05-28,d835cf54-e4b8-4172-abac-31cd3d6442ba,2026-05-27T17:32:18.719731
0f4bab30-93c6-4ac7-ac76-9caadbb229ca,GHOST IN THE CELL,cgv,,26011800,Comedy,106 min,17+,2D,2026-05-28,6faaea13-791d-49cd-a9bd-94f5f462b5a0,2026-05-27T17:32:18.720002
0f4bab30-93c6-4ac7-ac76-9caadbb229ca,SUAMIKU LUKAKU,cgv,,26025400,Drama,92 min,17+,2D,2026-05-28,81d5bbfb-2fdf-48a9-ad62-d1fb3973ccc3,2026-05-27T17:32:18.720335
0f4bab30-93c6-4ac7-ac76-9caadbb229ca,BADUT GENDONG,cgv,,26016800,Horror,101 min,17+,2D,2026-05-28,89aa0486-e392-4707-9b85-4eb21235d1e7,2026-05-27T17:32:18.720673
f5caa35f-6e55-4155-a2bd-764a704b4a52,MORTAL KOMBAT II,cgv,,26018200,Action,116 min,17+,2D,2026-05-28,aafdcd29-b8aa-44e2-bad1-720add2d7ae0,2026-05-27T17:32:19.384272
f5caa35f-6e55-4155-a2bd-764a704b4a52,CHILDREN OF HEAVEN,cgv,,26012100,Drama,97 min,SU,2D,2026-05-28,93b6eb3e-72b2-4315-a713-99c2fddd671b,2026-05-27T17:32:19.384676
f5caa35f-6e55-4155-a2bd-764a704b4a52,SEKAWAN LIMO 2: GUNUNG KLAWIH,cgv,,26023300,Comedy,122 min,13+,2D,2026-05-28,8231e027-ba6a-41ac-9897-fa6d364da525,2026-05-27T17:32:19.385155
f5caa35f-6e55-4155-a2bd-764a704b4a52,SEMUA AKAN BAIK BAIK SAJA,cgv,,26018100,Drama,113 min,13+,2D,2026-05-28,d96ffc8b-ed42-4215-84b2-96a437d2d253,2026-05-27T17:32:19.385470
f5caa35f-6e55-4155-a2bd-764a704b4a52,GUDANG MERICA,cgv,,26019400,Comedy,98 min,17+,2D,2026-05-28,5b6e1790-b67f-4105-8b81-b97f410c38ba,2026-05-27T17:32:19.385700
f5caa35f-6e55-4155-a2bd-764a704b4a52,STAR WARS: THE MANDALORIAN AND GROGU,cgv,,26021200,Scifi,132 min,13+,2D,2026-05-28,b1957333-42dc-4f1c-ad7d-d74913a5af4e,2026-05-27T17:32:19.385932
f5caa35f-6e55-4155-a2bd-764a704b4a52,TUMBAL PROYEK,cgv,,26014300,Horror,106 min,17+,2D,2026-05-28,7c653ba7-f489-40f6-a640-79735348b4e4,2026-05-27T17:32:19.386262
e9e2a038-8e16-4f4e-b131-2b5f8366dd24,CHILDREN OF HEAVEN,cgv,,26012100,Drama,97 min,SU,2D,2026-05-28,55acc9cc-dcc0-4a9c-b4a2-5f86d2d41e7c,2026-05-27T17:32:19.498488
e9e2a038-8e16-4f4e-b131-2b5f8366dd24,SEKAWAN LIMO 2: GUNUNG KLAWIH,cgv,,26023300,Comedy,122 min,13+,2D,2026-05-28,1c7be2f7-7c44-4690-b793-a8227e766451,2026-05-27T17:32:19.498861
e9e2a038-8e16-4f4e-b131-2b5f8366dd24,GUDANG MERICA,cgv,,26019400,Comedy,98 min,17+,2D,2026-05-28,30380fcd-cf70-4ee2-9d09-53ae696d1f55,2026-05-27T17:32:19.499074
e9e2a038-8e16-4f4e-b131-2b5f8366dd24,SEMUA AKAN BAIK BAIK SAJA,cgv,,26018100,Drama,113 min,13+,2D,2026-05-28,217701a5-155e-4451-98f0-17c6a79566f4,2026-05-27T17:32:19.499279
e9e2a038-8e16-4f4e-b131-2b5f8366dd24,TUMBAL PROYEK,cgv,,26014300,Horror,106 min,17+,2D,2026-05-28,035f9537-a330-4766-b932-fd7c6d26ccdc,2026-05-27T17:32:19.499534
9defe5d9-abc5-46e9-8c48-ce74fa157195,SEKAWAN LIMO 2: GUNUNG KLAWIH,cgv,,26023300,Comedy,122 min,13+,2D,2026-05-28,543fabc7-8eca-4672-9d65-3cda17b35993,2026-05-27T17:32:20.029928
9defe5d9-abc5-46e9-8c48-ce74fa157195,TUMBAL PROYEK,cgv,,26014300,Horror,106 min,17+,2D,2026-05-28,32eef32f-c616-4de5-bb37-a72d4b434d2d,2026-05-27T17:32:20.030291
9defe5d9-abc5-46e9-8c48-ce74fa157195,BADUT GENDONG,cgv,,26016800,Horror,101 min,17+,2D,2026-05-28,9c65d7fb-4349-4a28-9662-310efa494180,2026-05-27T17:32:20.030700
9defe5d9-abc5-46e9-8c48-ce74fa157195,CHILDREN OF HEAVEN,cgv,,26012100,Drama,97 min,SU,2D,2026-05-28,f7294cd7-0b53-4d70-922d-75b462be9ed6,2026-05-27T17:32:20.031105
9defe5d9-abc5-46e9-8c48-ce74fa157195,GUDANG MERICA,cgv,,26019400,Comedy,98 min,17+,2D,2026-05-28,ee010f14-2acc-4ea7-ab34-3ea7dda975ca,2026-05-27T17:32:20.031382
9defe5d9-abc5-46e9-8c48-ce74fa157195,PASSENGER,cgv,,26023100,Horror,94 min,17+,2D,2026-05-28,9baf0a59-2958-43b3-9b03-ab6c60ec9b92,2026-05-27T17:32:20.031685
9defe5d9-abc5-46e9-8c48-ce74fa157195,"AYAH, INI ARAHNYA KEMANA, YA?",cgv,,26011000,Drama,103 min,13+,2D,2026-05-28,b13c7c8d-38f2-4335-bdb9-fb8f8564c7b0,2026-05-27T17:32:20.031958
9defe5d9-abc5-46e9-8c48-ce74fa157195,SUAMIKU LUKAKU,cgv,,26025400,Drama,92 min,17+,2D,2026-05-28,c99ab701-8fc8-46f8-b024-cad9c81c57fd,2026-05-27T17:32:20.032290
71482266-e6fa-4db9-aa46-aeeba83e3c3e,CHILDREN OF HEAVEN,cgv,,26012100,Drama,97 min,SU,2D,2026-05-28,ddaf8ecf-3b3f-476d-8ff7-f9182417191a,2026-05-27T17:32:20.218855
71482266-e6fa-4db9-aa46-aeeba83e3c3e,SEKAWAN LIMO 2: GUNUNG KLAWIH,cgv,,26023300,Comedy,122 min,13+,2D,2026-05-28,8d980489-2393-4253-b773-82c96cebdc6f,2026-05-27T17:32:20.219815
71482266-e6fa-4db9-aa46-aeeba83e3c3e,BADUT GENDONG,cgv,,26016800,Horror,101 min,17+,2D,2026-05-28,76d8c8f1-3b79-44e8-9fdd-bcba68bf0707,2026-05-27T17:32:20.220331
baccb006-e370-4952-b300-2618bba06215,SEKAWAN LIMO 2: GUNUNG KLAWIH,cgv,,26023300,Comedy,122 min,13+,2D,2026-05-28,9611d0d0-dbef-4af7-9c2a-b86f90d7602b,2026-05-27T17:32:20.688035
baccb006-e370-4952-b300-2618bba06215,CHILDREN OF HEAVEN,cgv,,26012100,Drama,97 min,SU,2D,2026-05-28,8b7baf56-b667-4856-a159-90b13df1ca41,2026-05-27T17:32:20.688583
baccb006-e370-4952-b300-2618bba06215,SEMUA AKAN BAIK BAIK SAJA,cgv,,26018100,Drama,113 min,13+,2D,2026-05-28,7d49bb28-dc19-4116-8338-c070321f1421,2026-05-27T17:32:20.688916
baccb006-e370-4952-b300-2618bba06215,TUMBAL PROYEK,cgv,,26014300,Horror,106 min,17+,2D,2026-05-28,ec555e94-ff68-4aed-aa76-ad6b0df077da,2026-05-27T17:32:20.689235
baccb006-e370-4952-b300-2618bba06215,SUAMIKU LUKAKU,cgv,,26025400,Drama,92 min,17+,2D,2026-05-28,5a5c59e9-6231-4804-bafc-b0797376abe7,2026-05-27T17:32:20.689552
baccb006-e370-4952-b300-2618bba06215,TIBA TIBA SETAN,cgv,,26007500,Comedy,113 min,13+,2D,2026-05-28,e9cda2d8-0b79-471f-8d02-7ece985452df,2026-05-27T17:32:20.689828
baccb006-e370-4952-b300-2618bba06215,BADUT GENDONG,cgv,,26016800,Horror,101 min,17+,2D,2026-05-28,6f9483fe-96b1-4f93-9510-0ff619d376a0,2026-05-27T17:32:20.690131
a602b378-dfe8-47be-951a-bb54ba1f663d,CHILDREN OF HEAVEN,cgv,,26012100,Drama,97 min,SU,2D,2026-05-28,9642529c-8da5-462a-adad-9b04022da4eb,2026-05-27T17:32:21.106230
a602b378-dfe8-47be-951a-bb54ba1f663d,TUMBAL PROYEK,cgv,,26014300,Horror,106 min,17+,2D,2026-05-28,fbf08922-344b-4968-9440-7fc0e2676c09,2026-05-27T17:32:21.106674
a602b378-dfe8-47be-951a-bb54ba1f663d,SEKAWAN LIMO 2: GUNUNG KLAWIH,cgv,,26023300,Comedy,122 min,13+,2D,2026-05-28,bd505816-e377-42f5-bf86-e5bf042133f8,2026-05-27T17:32:21.107290
a602b378-dfe8-47be-951a-bb54ba1f663d,PASSENGER,cgv,,26023100,Horror,94 min,17+,2D,2026-05-28,99b1d35b-6c8c-43c3-a115-7fa44f193ab2,2026-05-27T17:32:21.107610
a602b378-dfe8-47be-951a-bb54ba1f663d,STAR WARS: THE MANDALORIAN AND GROGU,cgv,,26021200,Scifi,132 min,13+,2D,2026-05-28,3435765e-e045-4d6b-8730-33b0f2495a00,2026-05-27T17:32:21.107911
831b7cec-e0fa-4484-8f8d-9ffe54c0e97b,SEKAWAN LIMO 2: GUNUNG KLAWIH,cgv,,26023300,Comedy,122 min,13+,2D,2026-05-28,5a548652-7384-4d2b-8313-35de7dc9e9dc,2026-05-27T17:32:21.307057
831b7cec-e0fa-4484-8f8d-9ffe54c0e97b,BADUT GENDONG,cgv,,26016800,Horror,101 min,17+,2D,2026-05-28,9fbd0626-878e-467a-9c91-a7f3b48bf179,2026-05-27T17:32:21.307638
831b7cec-e0fa-4484-8f8d-9ffe54c0e97b,CHILDREN OF HEAVEN,cgv,,26012100,Drama,97 min,SU,2D,2026-05-28,31c7e9ee-b6b4-4895-a6dc-1ebad123a9ec,2026-05-27T17:32:21.308068
831b7cec-e0fa-4484-8f8d-9ffe54c0e97b,GUDANG MERICA,cgv,,26019400,Comedy,98 min,17+,2D,2026-05-28,b1e352d7-f6ce-40d3-be36-4f928c35f9b1,2026-05-27T17:32:21.308324
831b7cec-e0fa-4484-8f8d-9ffe54c0e97b,TUMBAL PROYEK,cgv,,26014300,Horror,106 min,17+,2D,2026-05-28,5c0ce63c-8e55-42f2-8739-a8dea6a8f47f,2026-05-27T17:32:21.308601
831b7cec-e0fa-4484-8f8d-9ffe54c0e97b,SEMUA AKAN BAIK BAIK SAJA,cgv,,26018100,Drama,113 min,13+,2D,2026-05-28,3730840e-fd7a-46d1-9155-81f3b68b1da5,2026-05-27T17:32:21.308856
dc75dae4-48aa-4152-ad74-6beb504b29c4,SEKAWAN LIMO 2: GUNUNG KLAWIH,cgv,,26023300,Comedy,122 min,13+,2D,2026-05-28,3dd52ebf-02f1-487c-8887-119872be7006,2026-05-27T17:32:21.928660
dc75dae4-48aa-4152-ad74-6beb504b29c4,SUAMIKU LUKAKU,cgv,,26025400,Drama,92 min,17+,2D,2026-05-28,72819fbe-e06c-4cd8-aab9-51166e81ab21,2026-05-27T17:32:21.929192
dc75dae4-48aa-4152-ad74-6beb504b29c4,CHILDREN OF HEAVEN,cgv,,26012100,Drama,97 min,SU,2D,2026-05-28,14b3eba7-ade4-470c-bcd2-ca2f9b734aeb,2026-05-27T17:32:21.930164
dc75dae4-48aa-4152-ad74-6beb504b29c4,TUMBAL PROYEK,cgv,,26014300,Horror,106 min,17+,2D,2026-05-28,82640b86-7647-4fd4-9c2a-850952884986,2026-05-27T17:32:21.930939
dc75dae4-48aa-4152-ad74-6beb504b29c4,BADUT GENDONG,cgv,,26016800,Horror,101 min,17+,2D,2026-05-28,9d944000-8213-4e18-b8c2-0d8eef36b544,2026-05-27T17:32:21.931838
dc75dae4-48aa-4152-ad74-6beb504b29c4,PASSENGER,cgv,,26023100,Horror,94 min,17+,2D,2026-05-28,08beaf15-fe29-4629-b22b-7253dbf8daf7,2026-05-27T17:32:21.932421
81c98b02-7baa-4ce8-b0fc-daf23417f0c7,SEKAWAN LIMO 2: GUNUNG KLAWIH,cgv,,26023300,Comedy,122 min,13+,2D,2026-05-28,824dd499-75c7-4952-b951-06a0c74d905d,2026-05-27T17:32:22.211368
81c98b02-7baa-4ce8-b0fc-daf23417f0c7,TUMBAL PROYEK,cgv,,26014300,Horror,106 min,17+,2D,2026-05-28,5fc1cac5-8436-4288-ac1c-34bb15f765e1,2026-05-27T17:32:22.211897
81c98b02-7baa-4ce8-b0fc-daf23417f0c7,SEMUA AKAN BAIK BAIK SAJA,cgv,,26018100,Drama,113 min,13+,2D,2026-05-28,b0803872-9242-4dd7-a158-68e7198e197a,2026-05-27T17:32:22.212201
81c98b02-7baa-4ce8-b0fc-daf23417f0c7,CHILDREN OF HEAVEN,cgv,,26012100,Drama,97 min,SU,2D,2026-05-28,46233485-c6a8-4ba7-b1bf-c93ec6ccff9c,2026-05-27T17:32:22.212576
81c98b02-7baa-4ce8-b0fc-daf23417f0c7,GUDANG MERICA,cgv,,26019400,Comedy,98 min,17+,2D,2026-05-28,3a3ace5a-b413-49f9-b400-b072b8efa26d,2026-05-27T17:32:22.213021
11474aa2-d7dd-41b6-bbe5-11af8a9be245,SEKAWAN LIMO 2: GUNUNG KLAWIH,cgv,,26023300,Comedy,122 min,13+,2D,2026-05-28,044bc236-53bf-491b-85a6-8bb0c6ddaabd,2026-05-27T17:32:22.429710
11474aa2-d7dd-41b6-bbe5-11af8a9be245,CHILDREN OF HEAVEN,cgv,,26012100,Drama,97 min,SU,2D,2026-05-28,c5d2cf7f-541b-49ad-986f-79efe5dfa77c,2026-05-27T17:32:22.430296
11474aa2-d7dd-41b6-bbe5-11af8a9be245,BADUT GENDONG,cgv,,26016800,Horror,101 min,17+,2D,2026-05-28,bb1ccb01-5e24-4242-9258-9de8ea4b66a8,2026-05-27T17:32:22.430735
11474aa2-d7dd-41b6-bbe5-11af8a9be245,TUMBAL PROYEK,cgv,,26014300,Horror,106 min,17+,2D,2026-05-28,78117d60-6d01-4dfe-bce9-ad50aeae514f,2026-05-27T17:32:22.431148
11474aa2-d7dd-41b6-bbe5-11af8a9be245,GUDANG MERICA,cgv,,26019400,Comedy,98 min,17+,2D,2026-05-28,1a5d5b38-6655-4022-9958-823a2e73c660,2026-05-27T17:32:22.431414
83a652a5-1ffe-4bed-b344-f3d3a703bda0,SEKAWAN LIMO 2: GUNUNG KLAWIH,cgv,,26023300,Comedy,122 min,13+,2D,2026-05-28,ad9d0303-d5c7-47cf-81fb-e717e25d2dc8,2026-05-27T17:32:22.859702
83a652a5-1ffe-4bed-b344-f3d3a703bda0,STAR WARS: THE MANDALORIAN AND GROGU,cgv,,26021200,Scifi,132 min,13+,2D,2026-05-28,3a3e4218-5647-4263-acfa-3bf79b6ec90e,2026-05-27T17:32:22.860261
83a652a5-1ffe-4bed-b344-f3d3a703bda0,MORTAL KOMBAT II,cgv,,26018200,Action,116 min,17+,2D,2026-05-28,d67c8ceb-5fed-4c8a-bdfa-3a90df88f67d,2026-05-27T17:32:22.860885
83a652a5-1ffe-4bed-b344-f3d3a703bda0,PASSENGER,cgv,,26023100,Horror,94 min,17+,2D,2026-05-28,a351e270-2b15-4bb3-bcf6-17c1af36e339,2026-05-27T17:32:22.861542
83a652a5-1ffe-4bed-b344-f3d3a703bda0,CHILDREN OF HEAVEN,cgv,,26012100,Drama,97 min,SU,2D,2026-05-28,732737cf-4469-47e3-a9dc-b8bc3b9e5c7d,2026-05-27T17:32:22.861919
83a652a5-1ffe-4bed-b344-f3d3a703bda0,TUMBAL PROYEK,cgv,,26014300,Horror,106 min,17+,2D,2026-05-28,2a11fd22-5fd4-478e-a714-e1da2c8f4819,2026-05-27T17:32:22.862198
b7b82a08-4dbe-44ec-bb11-e12892bd2a1e,CHILDREN OF HEAVEN,cgv,,26012100,Drama,97 min,SU,2D,2026-05-28,834ed2e2-f54a-4cb8-a04c-1c9ac88683f8,2026-05-27T17:32:23.246654
b7b82a08-4dbe-44ec-bb11-e12892bd2a1e,TUMBAL PROYEK,cgv,,26014300,Horror,106 min,17+,2D,2026-05-28,9da465fc-6faf-419a-87c1-bdcab97981f5,2026-05-27T17:32:23.247331
b7b82a08-4dbe-44ec-bb11-e12892bd2a1e,SEKAWAN LIMO 2: GUNUNG KLAWIH,cgv,,26023300,Comedy,122 min,13+,2D,2026-05-28,56dde472-10b5-4485-bb05-ad012c6710c6,2026-05-27T17:32:23.248198
b7b82a08-4dbe-44ec-bb11-e12892bd2a1e,BADUT GENDONG,cgv,,26016800,Horror,101 min,17+,2D,2026-05-28,c2ef0898-bbe4-43b9-9caf-99075d77a405,2026-05-27T17:32:23.248599
b7b82a08-4dbe-44ec-bb11-e12892bd2a1e,STAR WARS: THE MANDALORIAN AND GROGU,cgv,,26021200,Scifi,132 min,13+,2D,2026-05-28,2ff811d8-dbf8-4d9a-b885-fb33ea326718,2026-05-27T17:32:23.249356
b7b82a08-4dbe-44ec-bb11-e12892bd2a1e,SEMUA AKAN BAIK BAIK SAJA,cgv,,26018100,Drama,113 min,13+,2D,2026-05-28,5fdd6ee0-ee29-42db-a250-610ce8e43065,2026-05-27T17:32:23.250356
28746a19-338a-411e-99bc-642ab82d0da6,CHILDREN OF HEAVEN,cgv,,26012100,Drama,97 min,SU,2D,2026-05-28,75d040a6-e68c-419c-9f34-058edf1cc321,2026-05-27T17:32:23.614951
28746a19-338a-411e-99bc-642ab82d0da6,BADUT GENDONG,cgv,,26016800,Horror,101 min,17+,2D,2026-05-28,32b1c134-29f5-4f01-a3cc-674ef5d439dd,2026-05-27T17:32:23.615469
28746a19-338a-411e-99bc-642ab82d0da6,SEKAWAN LIMO 2: GUNUNG KLAWIH,cgv,,26023300,Comedy,122 min,13+,2D,2026-05-28,ebef82af-b080-41e0-be83-263bd4c6b84a,2026-05-27T17:32:23.615923
28746a19-338a-411e-99bc-642ab82d0da6,SUAMIKU LUKAKU,cgv,,26025400,Drama,92 min,17+,2D,2026-05-28,72608eb7-73a8-4b3b-bd3d-7a1df5cb4b80,2026-05-27T17:32:23.616349
28746a19-338a-411e-99bc-642ab82d0da6,TUMBAL PROYEK,cgv,,26014300,Horror,106 min,17+,2D,2026-05-28,2fbe8243-e0d0-4215-8dba-eedd55b75e42,2026-05-27T17:32:23.616816
28746a19-338a-411e-99bc-642ab82d0da6,"AYAH, INI ARAHNYA KEMANA, YA?",cgv,,26011000,Drama,103 min,13+,2D,2026-05-28,d3169236-ba7f-4f4d-8173-4423febaf198,2026-05-27T17:32:23.617173
28746a19-338a-411e-99bc-642ab82d0da6,GHOST IN THE CELL,cgv,,26011800,Comedy,106 min,17+,2D,2026-05-28,7903db3c-80c7-43cd-8bb3-e257ae4bbaaf,2026-05-27T17:32:23.617517
28746a19-338a-411e-99bc-642ab82d0da6,SEMUA AKAN BAIK BAIK SAJA,cgv,,26018100,Drama,113 min,13+,2D,2026-05-28,968a0e11-ef04-4d79-93b8-7d9408e95e21,2026-05-27T17:32:23.617971
d01317aa-4a41-4ba8-a67d-38922cafd41d,SEKAWAN LIMO 2: GUNUNG KLAWIH,cgv,,26023300,Comedy,122 min,13+,2D,2026-05-28,87a9bb4f-e744-46bf-857e-886b73a436e3,2026-05-27T17:32:23.983598
d01317aa-4a41-4ba8-a67d-38922cafd41d,CHILDREN OF HEAVEN,cgv,,26012100,Drama,97 min,SU,2D,2026-05-28,e5c9a3f1-3bec-4bf7-a257-616c7fa8c264,2026-05-27T17:32:23.984098
d01317aa-4a41-4ba8-a67d-38922cafd41d,SEMUA AKAN BAIK BAIK SAJA,cgv,,26018100,Drama,113 min,13+,2D,2026-05-28,0620df6e-f5cf-4ab6-8688-31264ea9225f,2026-05-27T17:32:23.984327
d01317aa-4a41-4ba8-a67d-38922cafd41d,TUMBAL PROYEK,cgv,,26014300,Horror,106 min,17+,2D,2026-05-28,64710e1c-2620-406a-8544-9e7e041618e1,2026-05-27T17:32:23.984631
d01317aa-4a41-4ba8-a67d-38922cafd41d,STAR WARS: THE MANDALORIAN AND GROGU,cgv,,26021200,Scifi,132 min,13+,2D,2026-05-28,d3cf8427-eaf6-4876-8306-ca61b47c6396,2026-05-27T17:32:23.984855
74a3181e-c859-4546-9926-758e77f526cc,SEKAWAN LIMO 2: GUNUNG KLAWIH,cgv,,26023300,Comedy,122 min,13+,2D,2026-05-28,6d919b16-c9c6-4e0e-9031-55938f5c21c1,2026-05-27T17:32:24.332825
74a3181e-c859-4546-9926-758e77f526cc,CHILDREN OF HEAVEN,cgv,,26012100,Drama,97 min,SU,2D,2026-05-28,c1af3db4-51b0-4605-988e-aec8f23c1320,2026-05-27T17:32:24.333754
74a3181e-c859-4546-9926-758e77f526cc,GUDANG MERICA,cgv,,26019400,Comedy,98 min,17+,2D,2026-05-28,4f90eae0-a73f-48d4-824c-a385c27cddc5,2026-05-27T17:32:24.334115
74a3181e-c859-4546-9926-758e77f526cc,TUMBAL PROYEK,cgv,,26014300,Horror,106 min,17+,2D,2026-05-28,7640178f-8a78-4264-bb5b-4b6c5d395a2d,2026-05-27T17:32:24.334454
f48261fd-93f6-4bba-bfcc-a889117980e8,CHILDREN OF HEAVEN,cgv,,26012100,Drama,97 min,SU,2D,2026-05-28,aba3bd08-48d0-4880-8614-15c0099a16d1,2026-05-27T17:32:24.565443
f48261fd-93f6-4bba-bfcc-a889117980e8,GUDANG MERICA,cgv,,26019400,Comedy,98 min,17+,2D,2026-05-28,ab266859-2e6e-44bb-9ef7-7c7f01bcb6b1,2026-05-27T17:32:24.565807
f48261fd-93f6-4bba-bfcc-a889117980e8,SEKAWAN LIMO 2: GUNUNG KLAWIH,cgv,,26023300,Comedy,122 min,13+,2D,2026-05-28,18683d22-44b5-4d09-b709-913062570d40,2026-05-27T17:32:24.566426
f48261fd-93f6-4bba-bfcc-a889117980e8,SEMUA AKAN BAIK BAIK SAJA,cgv,,26018100,Drama,113 min,13+,2D,2026-05-28,4052ffe8-3a57-4388-a174-4f2bd90a0f99,2026-05-27T17:32:24.566806
f48261fd-93f6-4bba-bfcc-a889117980e8,BADUT GENDONG,cgv,,26016800,Horror,101 min,17+,2D,2026-05-28,be4f2c10-a3fb-4582-b9cd-8bde3f318e30,2026-05-27T17:32:24.567097
f48261fd-93f6-4bba-bfcc-a889117980e8,TUMBAL PROYEK,cgv,,26014300,Horror,106 min,17+,2D,2026-05-28,92b8eae4-7cbb-406d-8079-3f94f61b0e5d,2026-05-27T17:32:24.567316
f48261fd-93f6-4bba-bfcc-a889117980e8,SUAMIKU LUKAKU,cgv,,26025400,Drama,92 min,17+,2D,2026-05-28,33800be8-78ae-4070-b555-d3721bfa8a0e,2026-05-27T17:32:24.567589
f48261fd-93f6-4bba-bfcc-a889117980e8,PASSENGER,cgv,,26023100,Horror,94 min,17+,2D,2026-05-28,894fd524-fe9c-447b-b65c-ca7edcd7aa06,2026-05-27T17:32:24.567837
0357c5eb-889e-4a53-a6ca-231c324aa498,SEKAWAN LIMO 2: GUNUNG KLAWIH,cgv,,26023300,Comedy,122 min,13+,2D,2026-05-28,8cc93db5-7576-4ca6-8f35-74a96c15b2d1,2026-05-27T17:32:24.927648
0357c5eb-889e-4a53-a6ca-231c324aa498,TUMBAL PROYEK,cgv,,26014300,Horror,106 min,17+,2D,2026-05-28,59caa230-8b1f-4178-9613-33db8a3a2721,2026-05-27T17:32:24.927998
0357c5eb-889e-4a53-a6ca-231c324aa498,CHILDREN OF HEAVEN,cgv,,26012100,Drama,97 min,SU,2D,2026-05-28,b4d26eb5-1821-4d4f-95a2-8a865c503855,2026-05-27T17:32:24.928343
0357c5eb-889e-4a53-a6ca-231c324aa498,GUDANG MERICA,cgv,,26019400,Comedy,98 min,17+,2D,2026-05-28,1936d988-c64f-4d43-b2a6-ea140d33f69c,2026-05-27T17:32:24.928584
8adebf7a-cfbd-4a16-a6ae-3dd63e27fdec,SEKAWAN LIMO 2: GUNUNG KLAWIH,cgv,,26023300,Comedy,122 min,13+,2D,2026-05-28,7d3229de-e4a8-4401-becd-b17217e35bc6,2026-05-27T17:32:25.298659
8adebf7a-cfbd-4a16-a6ae-3dd63e27fdec,TUMBAL PROYEK,cgv,,26014300,Horror,106 min,17+,2D,2026-05-28,1dfa21ba-223f-43cf-89d3-581d76ee2a63,2026-05-27T17:32:25.299157
8adebf7a-cfbd-4a16-a6ae-3dd63e27fdec,CHILDREN OF HEAVEN,cgv,,26012100,Drama,97 min,SU,2D,2026-05-28,c1d52764-b570-4ecb-99e3-9b74c0dc7588,2026-05-27T17:32:25.299901
8adebf7a-cfbd-4a16-a6ae-3dd63e27fdec,STAR WARS: THE MANDALORIAN AND GROGU,cgv,,26021200,Scifi,132 min,13+,2D,2026-05-28,1d513133-276b-4417-9181-6baf14830051,2026-05-27T17:32:25.300341
8adebf7a-cfbd-4a16-a6ae-3dd63e27fdec,SEMUA AKAN BAIK BAIK SAJA,cgv,,26018100,Drama,113 min,13+,2D,2026-05-28,b523bac1-6522-4dc6-a32e-44f469b7254a,2026-05-27T17:32:25.300754
8adebf7a-cfbd-4a16-a6ae-3dd63e27fdec,BADUT GENDONG,cgv,,26016800,Horror,101 min,17+,2D,2026-05-28,91f3209e-ba86-4f6b-b37c-17ddd23202cc,2026-05-27T17:32:25.301137
4009edd7-1ee4-4925-8f41-851cc86eb774,SEKAWAN LIMO 2: GUNUNG KLAWIH,cgv,,26023300,Comedy,122 min,13+,2D,2026-05-28,f01dc9ad-220d-4951-a88e-362672083b63,2026-05-27T17:32:25.964932
4009edd7-1ee4-4925-8f41-851cc86eb774,CHILDREN OF HEAVEN,cgv,,26012100,Drama,97 min,SU,2D,2026-05-28,52058376-431b-436b-aedb-93064e47ce6d,2026-05-27T17:32:25.965609
a0dc64ec-3b5e-4b0d-9b45-4edc8c32e3f3,BADUT GENDONG,cgv,,26016800,Horror,101 min,17+,2D,2026-05-28,a2b06db6-2492-47b8-9441-985935bab76d,2026-05-27T17:32:26.068639
a0dc64ec-3b5e-4b0d-9b45-4edc8c32e3f3,SEKAWAN LIMO 2: GUNUNG KLAWIH,cgv,,26023300,Comedy,122 min,13+,2D,2026-05-28,adc0c325-31db-41e9-bafb-a6660e5e7757,2026-05-27T17:32:26.069628
a0dc64ec-3b5e-4b0d-9b45-4edc8c32e3f3,CHILDREN OF HEAVEN,cgv,,26012100,Drama,97 min,SU,2D,2026-05-28,7f5a45ef-878d-446c-89b3-a7c910aa1016,2026-05-27T17:32:26.070191
a0dc64ec-3b5e-4b0d-9b45-4edc8c32e3f3,TUMBAL PROYEK,cgv,,26014300,Horror,106 min,17+,2D,2026-05-28,82dd7044-3722-4d3c-bfa5-78d11b2469d4,2026-05-27T17:32:26.070495
a0dc64ec-3b5e-4b0d-9b45-4edc8c32e3f3,GUDANG MERICA,cgv,,26019400,Comedy,98 min,17+,2D,2026-05-28,30ec9fc0-d40f-46bc-afb3-4a242a89dacc,2026-05-27T17:32:26.070730
359be5d9-f39e-4414-81fb-98991f32caed,CHILDREN OF HEAVEN,cgv,,26012100,Drama,97 min,SU,2D,2026-05-28,67c4a583-824a-4fa7-b127-b8e42dcb3caf,2026-05-27T17:32:26.441741
359be5d9-f39e-4414-81fb-98991f32caed,SEKAWAN LIMO 2: GUNUNG KLAWIH,cgv,,26023300,Comedy,122 min,13+,2D,2026-05-28,7b7e3fa4-2f29-44ed-92fd-b37a7eee6032,2026-05-27T17:32:26.442279
359be5d9-f39e-4414-81fb-98991f32caed,STAR WARS: THE MANDALORIAN AND GROGU,cgv,,26021200,Scifi,132 min,13+,2D,2026-05-28,f4ae3bef-9c9a-41cd-aa16-ea4eb9d81643,2026-05-27T17:32:26.442612
359be5d9-f39e-4414-81fb-98991f32caed,TUMBAL PROYEK,cgv,,26014300,Horror,106 min,17+,2D,2026-05-28,d0a4484a-d4fe-4854-87ca-49c03b2503b2,2026-05-27T17:32:26.443150
359be5d9-f39e-4414-81fb-98991f32caed,SEMUA AKAN BAIK BAIK SAJA,cgv,,26018100,Drama,113 min,13+,2D,2026-05-28,f18f0aae-f80e-4465-a9f5-6d2f9efca7fa,2026-05-27T17:32:26.443602
359be5d9-f39e-4414-81fb-98991f32caed,BADUT GENDONG,cgv,,26016800,Horror,101 min,17+,2D,2026-05-28,3fe46b8b-2ba5-485f-a805-a9f8d6ca9b76,2026-05-27T17:32:26.444134
fdedebae-980c-492d-8823-b085f9228f42,SEKAWAN LIMO 2: GUNUNG KLAWIH,cgv,,26023300,Comedy,122 min,13+,2D,2026-05-28,94e85660-0ae2-450a-8a1b-87995fbf4c21,2026-05-27T17:32:26.765183
fdedebae-980c-492d-8823-b085f9228f42,CHILDREN OF HEAVEN,cgv,,26012100,Drama,97 min,SU,2D,2026-05-28,5d51bcac-8313-4e0a-ae5d-371c32489f77,2026-05-27T17:32:26.765508
fdedebae-980c-492d-8823-b085f9228f42,SEMUA AKAN BAIK BAIK SAJA,cgv,,26018100,Drama,113 min,13+,2D,2026-05-28,59e9af30-95fd-4be9-a944-0db298a56c4c,2026-05-27T17:32:26.765756
fdedebae-980c-492d-8823-b085f9228f42,TUMBAL PROYEK,cgv,,26014300,Horror,106 min,17+,2D,2026-05-28,24ccbfd5-4bec-4d8f-b4fd-dcb030fe9524,2026-05-27T17:32:26.766146
fdedebae-980c-492d-8823-b085f9228f42,GUDANG MERICA,cgv,,26019400,Comedy,98 min,17+,2D,2026-05-28,77d9a94b-2457-41d7-b333-440dd4ab89dd,2026-05-27T17:32:26.766375
36c0a02d-88e7-4467-ab42-45fee1238b3c,SEKAWAN LIMO 2: GUNUNG KLAWIH,cinepolis,,7a5e33ac-ba36-4c3f-bd38-0f7f00a79a1d,COMEDY,2h 2m,13+,2D,2026-05-28,e3ab55b4-f5d5-4414-b11a-3bd6ad8a22a3,2026-05-27T17:33:29.337702
36c0a02d-88e7-4467-ab42-45fee1238b3c,CHILDREN OF HEAVEN,cinepolis,,0ae5ff7b-e255-45b6-a488-c0feb89dc653,DRAMA,1h 37m,SU,2D,2026-05-28,3ea4dbe2-b886-4d69-91e5-716f399fe68b,2026-05-27T17:33:30.897555
36c0a02d-88e7-4467-ab42-45fee1238b3c,BADUT GENDONG,cinepolis,,3c747edf-0b24-47d3-a687-cce565db1452,HORROR,1h 41m,D17+,2D,2026-05-28,c84bc3ce-c5a7-4ecd-9584-fdbab395dbfb,2026-05-27T17:33:31.749242
36c0a02d-88e7-4467-ab42-45fee1238b3c,TUMBAL PROYEK,cinepolis,,0b14c075-63cc-4a3b-b0a7-a3578ae1590b,HORROR,1h 46m,D17+,2D,2026-05-28,62126aa2-e5a4-4278-a80e-55091ae1e1fb,2026-05-27T17:33:33.324859
36c0a02d-88e7-4467-ab42-45fee1238b3c,PASSENGER,cinepolis,,f99ed192-5c3c-4e8c-b507-05e2d244ecfd,HORROR,1h 34m,D17+,2D,2026-05-28,5caf7119-f556-4a00-a622-a5a0149af145,2026-05-27T17:33:35.348508
b06f23b2-fdee-4b70-ac5e-a8513a4dee94,SEKAWAN LIMO 2: GUNUNG KLAWIH,cinepolis,,7a5e33ac-ba36-4c3f-bd38-0f7f00a79a1d,COMEDY,2h 2m,13+,2D,2026-05-28,670b16ea-d616-448c-bbf8-d3efcfe9e868,2026-05-27T17:33:34.004947
b06f23b2-fdee-4b70-ac5e-a8513a4dee94,CHILDREN OF HEAVEN,cinepolis,,0ae5ff7b-e255-45b6-a488-c0feb89dc653,DRAMA,1h 37m,SU,2D,2026-05-28,b22d540d-f259-46d2-a915-5454a843b845,2026-05-27T17:33:34.005829
b06f23b2-fdee-4b70-ac5e-a8513a4dee94,BADUT GENDONG,cinepolis,,3c747edf-0b24-47d3-a687-cce565db1452,HORROR,1h 41m,D17+,2D,2026-05-28,10206460-8d2a-4f29-ae51-058b99226265,2026-05-27T17:33:34.007088
b06f23b2-fdee-4b70-ac5e-a8513a4dee94,TUMBAL PROYEK,cinepolis,,0b14c075-63cc-4a3b-b0a7-a3578ae1590b,HORROR,1h 46m,D17+,2D,2026-05-28,d9e04354-8d9f-4dfb-a488-a44e2eebb057,2026-05-27T17:33:34.008056
b06f23b2-fdee-4b70-ac5e-a8513a4dee94,SEMUA AKAN BAIK-BAIK SAJA,cinepolis,,cae94e25-4386-417b-8bdf-0dea2d0b0c71,DRAMA,1h 53m,13+,2D,2026-05-28,1672846c-e5ab-40f9-9b0e-a13af21cc73a,2026-05-27T17:33:36.770438
b06f23b2-fdee-4b70-ac5e-a8513a4dee94,GUDANG MERICA,cinepolis,,0e87a4c9-10fb-496b-b0a4-4d60d71c222d,COMEDY,1h 38m,D17+,2D,2026-05-28,0ef04a48-f3e4-4035-ad50-020097d8a4d4,2026-05-27T17:33:37.777834
b06f23b2-fdee-4b70-ac5e-a8513a4dee94,STAR WARS: THE MANDALORIAN AND GROGU,cinepolis,,488b0e44-9328-4660-827f-bf3341602b6d,FANTASY,2h 12m,13+,2D,2026-05-28,1c506be4-5c91-45fe-8b04-e496b70e6852,2026-05-27T17:33:39.954518
b06f23b2-fdee-4b70-ac5e-a8513a4dee94,YANG LAIN BOLEH HILANG ASAL KAU JANGAN,cinepolis,,ff59e4ab-92e1-4aa6-bfd8-ab6521930738,DRAMA,1h 53m,13+,2D,2026-05-28,c93826ef-3145-4589-ad9f-3199e33724a7,2026-05-27T17:33:41.906949
5b3d0557-8416-4209-b27a-d82a890bce35,SEKAWAN LIMO 2: GUNUNG KLAWIH,cinepolis,,7a5e33ac-ba36-4c3f-bd38-0f7f00a79a1d,COMEDY,2h 2m,13+,2D,2026-05-28,08bee5b8-d463-41d9-9e5d-91d458c6d186,2026-05-27T17:33:40.156223
5b3d0557-8416-4209-b27a-d82a890bce35,CHILDREN OF HEAVEN,cinepolis,,0ae5ff7b-e255-45b6-a488-c0feb89dc653,DRAMA,1h 37m,SU,2D,2026-05-28,2b7e785f-9505-4598-a0de-4a6e62343b77,2026-05-27T17:33:40.157476
5b3d0557-8416-4209-b27a-d82a890bce35,TUMBAL PROYEK,cinepolis,,0b14c075-63cc-4a3b-b0a7-a3578ae1590b,HORROR,1h 46m,D17+,2D,2026-05-28,fbc95444-3f8c-4af8-99ac-05c7865c4b2f,2026-05-27T17:33:40.158479
5b3d0557-8416-4209-b27a-d82a890bce35,PASSENGER,cinepolis,,f99ed192-5c3c-4e8c-b507-05e2d244ecfd,HORROR,1h 34m,D17+,2D,2026-05-28,5183a79e-d492-4cac-ad25-21a33b2b6dfe,2026-05-27T17:33:40.160179
5b3d0557-8416-4209-b27a-d82a890bce35,SEMUA AKAN BAIK-BAIK SAJA,cinepolis,,cae94e25-4386-417b-8bdf-0dea2d0b0c71,DRAMA,1h 53m,13+,2D,2026-05-28,8353277b-cd2d-4f0f-b857-efb01f142f6a,2026-05-27T17:33:40.161626
5b3d0557-8416-4209-b27a-d82a890bce35,GUDANG MERICA,cinepolis,,0e87a4c9-10fb-496b-b0a4-4d60d71c222d,COMEDY,1h 38m,D17+,2D,2026-05-28,20f0eb11-be76-4d5e-b2e8-8eba67bae78c,2026-05-27T17:33:40.162692
5b3d0557-8416-4209-b27a-d82a890bce35,STAR WARS: THE MANDALORIAN AND GROGU,cinepolis,,488b0e44-9328-4660-827f-bf3341602b6d,FANTASY,2h 12m,13+,2D,2026-05-28,d6b0c871-4841-4562-b7f0-a7cdbd3fe359,2026-05-27T17:33:40.164533
5b3d0557-8416-4209-b27a-d82a890bce35,GHOST IN THE CELL,cinepolis,,1859bb5f-f638-4a41-854c-a114f6f8a608,HORROR,1h 46m,D17+,2D,2026-05-28,16987a7e-babe-4f8c-802c-2480658784b4,2026-05-27T17:33:42.388284
50d76941-a11f-44b6-8ac9-ef51a380dea2,SEKAWAN LIMO 2: GUNUNG KLAWIH,cinepolis,,7a5e33ac-ba36-4c3f-bd38-0f7f00a79a1d,COMEDY,2h 2m,13+,2D,2026-05-28,058e054b-ce1e-4aad-8ada-4e4aaff7a110,2026-05-27T17:33:45.509185
50d76941-a11f-44b6-8ac9-ef51a380dea2,CHILDREN OF HEAVEN,cinepolis,,0ae5ff7b-e255-45b6-a488-c0feb89dc653,DRAMA,1h 37m,SU,2D,2026-05-28,ca86751d-b32c-4372-af4e-d51ea058f92a,2026-05-27T17:33:45.510310
50d76941-a11f-44b6-8ac9-ef51a380dea2,BADUT GENDONG,cinepolis,,3c747edf-0b24-47d3-a687-cce565db1452,HORROR,1h 41m,D17+,2D,2026-05-28,1b3569b1-a971-495a-be75-7ae560c56550,2026-05-27T17:33:45.511362
50d76941-a11f-44b6-8ac9-ef51a380dea2,TUMBAL PROYEK,cinepolis,,0b14c075-63cc-4a3b-b0a7-a3578ae1590b,HORROR,1h 46m,D17+,2D,2026-05-28,69d383de-930d-4ca7-9738-6e10ae93daae,2026-05-27T17:33:45.512393
891d6596-fe72-4436-aa71-e1b1c2b23efe,SEKAWAN LIMO 2: GUNUNG KLAWIH,cinepolis,,7a5e33ac-ba36-4c3f-bd38-0f7f00a79a1d,COMEDY,2h 2m,13+,2D,2026-05-28,72c07790-54a6-4eb0-9058-ca2b889d9798,2026-05-27T17:33:51.707962
891d6596-fe72-4436-aa71-e1b1c2b23efe,CHILDREN OF HEAVEN,cinepolis,,0ae5ff7b-e255-45b6-a488-c0feb89dc653,DRAMA,1h 37m,SU,2D,2026-05-28,ef2bd346-889b-4b38-bc32-47dee4bbc354,2026-05-27T17:33:51.709361
891d6596-fe72-4436-aa71-e1b1c2b23efe,BADUT GENDONG,cinepolis,,3c747edf-0b24-47d3-a687-cce565db1452,HORROR,1h 41m,D17+,2D,2026-05-28,3375447b-3700-42eb-9b1f-f241ba01e55b,2026-05-27T17:33:51.711828
891d6596-fe72-4436-aa71-e1b1c2b23efe,TUMBAL PROYEK,cinepolis,,0b14c075-63cc-4a3b-b0a7-a3578ae1590b,HORROR,1h 46m,D17+,2D,2026-05-28,ef5cb09e-3117-4a30-9492-313c9b47af39,2026-05-27T17:33:51.713295
891d6596-fe72-4436-aa71-e1b1c2b23efe,SEMUA AKAN BAIK-BAIK SAJA,cinepolis,,cae94e25-4386-417b-8bdf-0dea2d0b0c71,DRAMA,1h 53m,13+,2D,2026-05-28,ee4398b4-5527-4031-9d13-416df817ad3b,2026-05-27T17:33:51.714379
891d6596-fe72-4436-aa71-e1b1c2b23efe,GUDANG MERICA,cinepolis,,0e87a4c9-10fb-496b-b0a4-4d60d71c222d,COMEDY,1h 38m,D17+,2D,2026-05-28,77f96273-1cb4-4db9-878e-c2b2df75aa66,2026-05-27T17:33:51.715479
9e52b85d-3b4c-4617-bfe8-23bb3be542b5,SEKAWAN LIMO 2: GUNUNG KLAWIH,cinepolis,,7a5e33ac-ba36-4c3f-bd38-0f7f00a79a1d,COMEDY,2h 2m,13+,2D,2026-05-28,01830d40-71f2-4d8d-a6a9-d3cb28a971a4,2026-05-27T17:33:57.118685
9e52b85d-3b4c-4617-bfe8-23bb3be542b5,CHILDREN OF HEAVEN,cinepolis,,0ae5ff7b-e255-45b6-a488-c0feb89dc653,DRAMA,1h 37m,SU,2D,2026-05-28,13d85c26-702b-4299-8c67-a75c42e7cb95,2026-05-27T17:33:57.119776
9e52b85d-3b4c-4617-bfe8-23bb3be542b5,BADUT GENDONG,cinepolis,,3c747edf-0b24-47d3-a687-cce565db1452,HORROR,1h 41m,D17+,2D,2026-05-28,a2ab8864-a66b-4e75-a25a-3f23b2fdaccd,2026-05-27T17:33:57.120516
9e52b85d-3b4c-4617-bfe8-23bb3be542b5,TUMBAL PROYEK,cinepolis,,0b14c075-63cc-4a3b-b0a7-a3578ae1590b,HORROR,1h 46m,D17+,2D,2026-05-28,2e54476a-1766-4457-a882-c51287412390,2026-05-27T17:33:57.121237
9e52b85d-3b4c-4617-bfe8-23bb3be542b5,PASSENGER,cinepolis,,f99ed192-5c3c-4e8c-b507-05e2d244ecfd,HORROR,1h 34m,D17+,2D,2026-05-28,89f78c0d-2580-4bad-bfba-628e9897bb8f,2026-05-27T17:33:57.122028
9e52b85d-3b4c-4617-bfe8-23bb3be542b5,SEMUA AKAN BAIK-BAIK SAJA,cinepolis,,cae94e25-4386-417b-8bdf-0dea2d0b0c71,DRAMA,1h 53m,13+,2D,2026-05-28,077f2b98-3f69-4e52-8b7f-e0691035f3f1,2026-05-27T17:33:57.125958
9e52b85d-3b4c-4617-bfe8-23bb3be542b5,GUDANG MERICA,cinepolis,,0e87a4c9-10fb-496b-b0a4-4d60d71c222d,COMEDY,1h 38m,D17+,2D,2026-05-28,d67eba24-05c8-4b8a-832f-411998647f81,2026-05-27T17:33:57.128487
5ed8b442-1e29-4d1c-b463-c6e882cd12c2,SEKAWAN LIMO 2: GUNUNG KLAWIH,cinepolis,,7a5e33ac-ba36-4c3f-bd38-0f7f00a79a1d,COMEDY,2h 2m,13+,2D,2026-05-28,a8bc4cf1-0fea-441b-890e-6644e7000312,2026-05-27T17:34:02.584366
5ed8b442-1e29-4d1c-b463-c6e882cd12c2,CHILDREN OF HEAVEN,cinepolis,,0ae5ff7b-e255-45b6-a488-c0feb89dc653,DRAMA,1h 37m,SU,2D,2026-05-28,d461fec1-9048-4c72-b2e9-0b089a7a0cdf,2026-05-27T17:34:02.585715
5ed8b442-1e29-4d1c-b463-c6e882cd12c2,TUMBAL PROYEK,cinepolis,,0b14c075-63cc-4a3b-b0a7-a3578ae1590b,HORROR,1h 46m,D17+,2D,2026-05-28,4b46a501-b256-4ce2-a0a9-bb428238f3cf,2026-05-27T17:34:02.586653
5ed8b442-1e29-4d1c-b463-c6e882cd12c2,SEMUA AKAN BAIK-BAIK SAJA,cinepolis,,cae94e25-4386-417b-8bdf-0dea2d0b0c71,DRAMA,1h 53m,13+,2D,2026-05-28,3dfed40f-4e5d-47f8-9677-b8bbcc9bfeec,2026-05-27T17:34:02.587961
5ed8b442-1e29-4d1c-b463-c6e882cd12c2,GUDANG MERICA,cinepolis,,0e87a4c9-10fb-496b-b0a4-4d60d71c222d,COMEDY,1h 38m,D17+,2D,2026-05-28,f96b1582-3f31-433a-82df-2e2eaab05e27,2026-05-27T17:34:02.589068
43e9d900-8b52-4032-b82e-45ed9d140d35,SEKAWAN LIMO 2: GUNUNG KLAWIH,cinepolis,,7a5e33ac-ba36-4c3f-bd38-0f7f00a79a1d,COMEDY,2h 2m,13+,2D,2026-05-28,137d29f2-ac5e-47db-8777-569329a9b511,2026-05-27T17:34:08.611013
43e9d900-8b52-4032-b82e-45ed9d140d35,CHILDREN OF HEAVEN,cinepolis,,0ae5ff7b-e255-45b6-a488-c0feb89dc653,DRAMA,1h 37m,SU,2D,2026-05-28,ff575618-0062-4cd3-a218-f2204b033385,2026-05-27T17:34:08.611916
43e9d900-8b52-4032-b82e-45ed9d140d35,BADUT GENDONG,cinepolis,,3c747edf-0b24-47d3-a687-cce565db1452,HORROR,1h 41m,D17+,2D,2026-05-28,4f5ea4a7-f616-4da4-893c-f52f33253be7,2026-05-27T17:34:08.614259
43e9d900-8b52-4032-b82e-45ed9d140d35,TUMBAL PROYEK,cinepolis,,0b14c075-63cc-4a3b-b0a7-a3578ae1590b,HORROR,1h 46m,D17+,2D,2026-05-28,565fb898-2fa9-4458-80e7-0b953de5e678,2026-05-27T17:34:08.614968
43e9d900-8b52-4032-b82e-45ed9d140d35,PASSENGER,cinepolis,,f99ed192-5c3c-4e8c-b507-05e2d244ecfd,HORROR,1h 34m,D17+,2D,2026-05-28,523a3eb7-7a12-4240-b30e-62b29167c680,2026-05-27T17:34:08.615645
53c1197c-0012-4c8f-8579-de558b4c40b9,SEKAWAN LIMO 2: GUNUNG KLAWIH,cinepolis,,7a5e33ac-ba36-4c3f-bd38-0f7f00a79a1d,COMEDY,2h 2m,13+,2D,2026-05-28,22b9891e-372c-4d66-bc8f-ad74351d466f,2026-05-27T17:34:13.916942
53c1197c-0012-4c8f-8579-de558b4c40b9,CHILDREN OF HEAVEN,cinepolis,,0ae5ff7b-e255-45b6-a488-c0feb89dc653,DRAMA,1h 37m,SU,2D,2026-05-28,f7c61192-944a-4978-ac4e-d95f327e1ab2,2026-05-27T17:34:13.918712
53c1197c-0012-4c8f-8579-de558b4c40b9,BADUT GENDONG,cinepolis,,3c747edf-0b24-47d3-a687-cce565db1452,HORROR,1h 41m,D17+,2D,2026-05-28,5043da19-3f23-447c-984a-faca2d835e9d,2026-05-27T17:34:13.919471
53c1197c-0012-4c8f-8579-de558b4c40b9,TUMBAL PROYEK,cinepolis,,0b14c075-63cc-4a3b-b0a7-a3578ae1590b,HORROR,1h 46m,D17+,2D,2026-05-28,c8dc2005-6b14-4d70-a68f-289dfc99ffba,2026-05-27T17:34:13.920150
53c1197c-0012-4c8f-8579-de558b4c40b9,PASSENGER,cinepolis,,f99ed192-5c3c-4e8c-b507-05e2d244ecfd,HORROR,1h 34m,D17+,2D,2026-05-28,1fb051e7-7a6a-4798-b15f-119b22a226ad,2026-05-27T17:34:13.921635
53c1197c-0012-4c8f-8579-de558b4c40b9,SEMUA AKAN BAIK-BAIK SAJA,cinepolis,,cae94e25-4386-417b-8bdf-0dea2d0b0c71,DRAMA,1h 53m,13+,2D,2026-05-28,17129afd-73ca-4c6f-8e6a-aa5146a2e83d,2026-05-27T17:34:13.922745
53c1197c-0012-4c8f-8579-de558b4c40b9,GUDANG MERICA,cinepolis,,0e87a4c9-10fb-496b-b0a4-4d60d71c222d,COMEDY,1h 38m,D17+,2D,2026-05-28,5c97d554-fb18-4d60-b341-59e81ea63dff,2026-05-27T17:34:13.923533
53c1197c-0012-4c8f-8579-de558b4c40b9,STAR WARS: THE MANDALORIAN AND GROGU,cinepolis,,488b0e44-9328-4660-827f-bf3341602b6d,FANTASY,2h 12m,13+,2D,2026-05-28,176f9344-0e27-4968-bd9c-4da4e3070e03,2026-05-27T17:34:13.924229
53c1197c-0012-4c8f-8579-de558b4c40b9,SUAMIKU LUKAKU,cinepolis,,f3e0cc94-be0d-4b52-8559-e87edeb75793,DRAMA,1h 32m,D17+,2D,2026-05-28,c074ba1d-2eae-4d71-b039-45055f78c7d9,2026-05-27T17:34:14.326191
53c1197c-0012-4c8f-8579-de558b4c40b9,GHOST IN THE CELL,cinepolis,,1859bb5f-f638-4a41-854c-a114f6f8a608,HORROR,1h 46m,D17+,2D,2026-05-28,78f5b12d-bb9a-467c-aa0a-633a8f0b3f8b,2026-05-27T17:34:14.328077
b3307e7d-3f97-4205-ae4d-ecacb3a84970,SEKAWAN LIMO 2: GUNUNG KLAWIH,cinepolis,,7a5e33ac-ba36-4c3f-bd38-0f7f00a79a1d,COMEDY,2h 2m,13+,2D,2026-05-28,6b2fb8d5-f0de-434a-a970-b5985d34cdc8,2026-05-27T17:34:20.032212
b3307e7d-3f97-4205-ae4d-ecacb3a84970,CHILDREN OF HEAVEN,cinepolis,,0ae5ff7b-e255-45b6-a488-c0feb89dc653,DRAMA,1h 37m,SU,2D,2026-05-28,c306e3e7-9223-4066-85dc-3d46450c56c9,2026-05-27T17:34:20.033329
b3307e7d-3f97-4205-ae4d-ecacb3a84970,TUMBAL PROYEK,cinepolis,,0b14c075-63cc-4a3b-b0a7-a3578ae1590b,HORROR,1h 46m,D17+,2D,2026-05-28,167a46f1-1085-4863-87a3-366f538e2670,2026-05-27T17:34:20.034579
b3307e7d-3f97-4205-ae4d-ecacb3a84970,SEMUA AKAN BAIK-BAIK SAJA,cinepolis,,cae94e25-4386-417b-8bdf-0dea2d0b0c71,DRAMA,1h 53m,13+,2D,2026-05-28,21d98201-f6d0-4455-bcc9-d64da31f1df8,2026-05-27T17:34:20.035470
b3307e7d-3f97-4205-ae4d-ecacb3a84970,SUAMIKU LUKAKU,cinepolis,,f3e0cc94-be0d-4b52-8559-e87edeb75793,DRAMA,1h 32m,D17+,2D,2026-05-28,ad30fca8-fd3e-4bc5-9fbe-4133bb34e9e5,2026-05-27T17:34:20.036526
bfbc1c34-e65c-48ce-b979-b861ae0466fe,SEKAWAN LIMO 2: GUNUNG KLAWIH,cinepolis,,7a5e33ac-ba36-4c3f-bd38-0f7f00a79a1d,COMEDY,2h 2m,13+,2D,2026-05-28,bd9e1762-8eaa-4392-8638-a4deb116532d,2026-05-27T17:34:25.388941
bfbc1c34-e65c-48ce-b979-b861ae0466fe,CHILDREN OF HEAVEN,cinepolis,,0ae5ff7b-e255-45b6-a488-c0feb89dc653,DRAMA,1h 37m,SU,2D,2026-05-28,a8d99db8-cdbf-42c9-9106-c1f8f08df45c,2026-05-27T17:34:25.390313
bfbc1c34-e65c-48ce-b979-b861ae0466fe,TUMBAL PROYEK,cinepolis,,0b14c075-63cc-4a3b-b0a7-a3578ae1590b,HORROR,1h 46m,D17+,2D,2026-05-28,8d8e3fa0-3f2f-465c-aa05-f9e260f35b56,2026-05-27T17:34:25.392483
bfbc1c34-e65c-48ce-b979-b861ae0466fe,PASSENGER,cinepolis,,f99ed192-5c3c-4e8c-b507-05e2d244ecfd,HORROR,1h 34m,D17+,2D,2026-05-28,c86c4f44-c668-4219-ba96-6b8c3cd710fa,2026-05-27T17:34:25.393518
bfbc1c34-e65c-48ce-b979-b861ae0466fe,SEMUA AKAN BAIK-BAIK SAJA,cinepolis,,cae94e25-4386-417b-8bdf-0dea2d0b0c71,DRAMA,1h 53m,13+,2D,2026-05-28,dadc8741-2e50-48d9-93bc-188925075186,2026-05-27T17:34:25.395148
bfbc1c34-e65c-48ce-b979-b861ae0466fe,STAR WARS: THE MANDALORIAN AND GROGU,cinepolis,,488b0e44-9328-4660-827f-bf3341602b6d,FANTASY,2h 12m,13+,2D,2026-05-28,247124ab-bf73-441c-8dc3-c6917c7a04f1,2026-05-27T17:34:25.400933
bfbc1c34-e65c-48ce-b979-b861ae0466fe,HOKUM,cinepolis,,6eb5558d-edd2-45f7-a295-6a10c7c57aaf,HORROR,1h 47m,13+,2D,2026-05-28,a3c3be51-fbe0-4f5c-9e94-abd39ec19614,2026-05-27T17:34:26.433563
ddb49f4d-fce2-42ff-9e7d-aa789004b841,SEKAWAN LIMO 2: GUNUNG KLAWIH,cinepolis,,7a5e33ac-ba36-4c3f-bd38-0f7f00a79a1d,COMEDY,2h 2m,13+,2D,2026-05-28,c44800e8-d544-4578-b651-272d4775009a,2026-05-27T17:34:31.567493
ddb49f4d-fce2-42ff-9e7d-aa789004b841,CHILDREN OF HEAVEN,cinepolis,,0ae5ff7b-e255-45b6-a488-c0feb89dc653,DRAMA,1h 37m,SU,2D,2026-05-28,44feb47c-ef9b-480c-9359-0bd3a14adb06,2026-05-27T17:34:31.568713
ddb49f4d-fce2-42ff-9e7d-aa789004b841,TUMBAL PROYEK,cinepolis,,0b14c075-63cc-4a3b-b0a7-a3578ae1590b,HORROR,1h 46m,D17+,2D,2026-05-28,c2b3af32-b443-4baa-9aa6-3930846a8ca9,2026-05-27T17:34:31.569580
ddb49f4d-fce2-42ff-9e7d-aa789004b841,PASSENGER,cinepolis,,f99ed192-5c3c-4e8c-b507-05e2d244ecfd,HORROR,1h 34m,D17+,2D,2026-05-28,f1231b98-9b01-48f2-ba11-c3f178529e1e,2026-05-27T17:34:31.571820
ddb49f4d-fce2-42ff-9e7d-aa789004b841,SEMUA AKAN BAIK-BAIK SAJA,cinepolis,,cae94e25-4386-417b-8bdf-0dea2d0b0c71,DRAMA,1h 53m,13+,2D,2026-05-28,2f078967-49b9-4266-a38c-3b7a87282885,2026-05-27T17:34:31.572698
ddb49f4d-fce2-42ff-9e7d-aa789004b841,GUDANG MERICA,cinepolis,,0e87a4c9-10fb-496b-b0a4-4d60d71c222d,COMEDY,1h 38m,D17+,2D,2026-05-28,5d1b652e-8f03-4603-8873-4dfc42cd2b86,2026-05-27T17:34:31.573789
ddb49f4d-fce2-42ff-9e7d-aa789004b841,STAR WARS: THE MANDALORIAN AND GROGU,cinepolis,,488b0e44-9328-4660-827f-bf3341602b6d,FANTASY,2h 12m,13+,2D,2026-05-28,d6b2d8d3-1bea-4b31-b1dd-de3e85289065,2026-05-27T17:34:31.575080
9bed380d-1a02-41a7-b587-cdc60a3febc4,SEKAWAN LIMO 2: GUNUNG KLAWIH,cinepolis,,7a5e33ac-ba36-4c3f-bd38-0f7f00a79a1d,COMEDY,2h 2m,13+,2D,2026-05-28,116ca3f6-59c8-44d4-a93d-76209deccb5c,2026-05-27T17:34:37.642422
9bed380d-1a02-41a7-b587-cdc60a3febc4,CHILDREN OF HEAVEN,cinepolis,,0ae5ff7b-e255-45b6-a488-c0feb89dc653,DRAMA,1h 37m,SU,2D,2026-05-28,e3cd24b4-161d-4cfa-a357-8b27a683dbab,2026-05-27T17:34:37.643443
9bed380d-1a02-41a7-b587-cdc60a3febc4,BADUT GENDONG,cinepolis,,3c747edf-0b24-47d3-a687-cce565db1452,HORROR,1h 41m,D17+,2D,2026-05-28,ca1a9c09-ede4-4e21-8eda-469e52f14805,2026-05-27T17:34:37.645055
9bed380d-1a02-41a7-b587-cdc60a3febc4,TUMBAL PROYEK,cinepolis,,0b14c075-63cc-4a3b-b0a7-a3578ae1590b,HORROR,1h 46m,D17+,2D,2026-05-28,d92e33d1-526b-4b3e-b4ca-0ee854770360,2026-05-27T17:34:37.646318
9bed380d-1a02-41a7-b587-cdc60a3febc4,PASSENGER,cinepolis,,f99ed192-5c3c-4e8c-b507-05e2d244ecfd,HORROR,1h 34m,D17+,2D,2026-05-28,75bf9894-ac12-4de8-84f5-5ce0962e6c70,2026-05-27T17:34:37.647696
9bed380d-1a02-41a7-b587-cdc60a3febc4,SEMUA AKAN BAIK-BAIK SAJA,cinepolis,,cae94e25-4386-417b-8bdf-0dea2d0b0c71,DRAMA,1h 53m,13+,2D,2026-05-28,9d81a093-190c-4b15-98c3-c8619f407b9e,2026-05-27T17:34:37.648565
2d7bc0f4-733b-4625-b1f2-9b084c8372ae,SEKAWAN LIMO 2: GUNUNG KLAWIH,cinepolis,,7a5e33ac-ba36-4c3f-bd38-0f7f00a79a1d,COMEDY,2h 2m,13+,2D,2026-05-28,ae99a215-19ac-4aac-b5a2-518d4d92cc1a,2026-05-27T17:34:43.707210
2d7bc0f4-733b-4625-b1f2-9b084c8372ae,CHILDREN OF HEAVEN,cinepolis,,0ae5ff7b-e255-45b6-a488-c0feb89dc653,DRAMA,1h 37m,SU,2D,2026-05-28,f08a0ad1-fc61-4d20-af36-cceefce7823e,2026-05-27T17:34:43.708594
2d7bc0f4-733b-4625-b1f2-9b084c8372ae,TUMBAL PROYEK,cinepolis,,0b14c075-63cc-4a3b-b0a7-a3578ae1590b,HORROR,1h 46m,D17+,2D,2026-05-28,2820705e-dee7-4236-a453-824a97cfbfaa,2026-05-27T17:34:43.709728
2d7bc0f4-733b-4625-b1f2-9b084c8372ae,PASSENGER,cinepolis,,f99ed192-5c3c-4e8c-b507-05e2d244ecfd,HORROR,1h 34m,D17+,2D,2026-05-28,8de357f8-e096-43a1-89e1-6e28793526bd,2026-05-27T17:34:43.710620
2d7bc0f4-733b-4625-b1f2-9b084c8372ae,SEMUA AKAN BAIK-BAIK SAJA,cinepolis,,cae94e25-4386-417b-8bdf-0dea2d0b0c71,DRAMA,1h 53m,13+,2D,2026-05-28,71320d72-cfae-4aa0-b7e1-1af61bec695a,2026-05-27T17:34:43.711566
2d7bc0f4-733b-4625-b1f2-9b084c8372ae,GUDANG MERICA,cinepolis,,0e87a4c9-10fb-496b-b0a4-4d60d71c222d,COMEDY,1h 38m,D17+,2D,2026-05-28,4b5ab2ac-0e59-4268-910d-a001cd197045,2026-05-27T17:34:43.712439
2d7bc0f4-733b-4625-b1f2-9b084c8372ae,STAR WARS: THE MANDALORIAN AND GROGU,cinepolis,,488b0e44-9328-4660-827f-bf3341602b6d,FANTASY,2h 12m,13+,2D,2026-05-28,f47cb9ec-f76d-4ba6-aaf4-7ff5ba465483,2026-05-27T17:34:43.713280
2d7bc0f4-733b-4625-b1f2-9b084c8372ae,"AYAH, INI ARAHNYA KEMANA, YA?",cinepolis,,47fccbc0-f843-4918-ad66-28fcef4aa048,DRAMA,1h 43m,13+,2D,2026-05-28,ed1003ca-752d-4834-93ea-d25be92f6ddd,2026-05-27T17:34:44.608917
2d7bc0f4-733b-4625-b1f2-9b084c8372ae,THE KING`S WARDEN,cinepolis,,65881b59-8a2d-43fe-b61c-5d8b58e2b312,DRAMA,1h 57m,13+,2D,2026-05-28,969d6c31-8d27-4919-868b-59045598df17,2026-05-27T17:34:45.960641
0c3cfa9b-9de0-405d-b8ae-9f9d43c61191,SEKAWAN LIMO 2: GUNUNG KLAWIH,cinepolis,,7a5e33ac-ba36-4c3f-bd38-0f7f00a79a1d,COMEDY,2h 2m,13+,2D,2026-05-28,ca0c241e-ac6b-4b6f-945a-e0ca0d8d0807,2026-05-27T17:34:48.982308
0c3cfa9b-9de0-405d-b8ae-9f9d43c61191,CHILDREN OF HEAVEN,cinepolis,,0ae5ff7b-e255-45b6-a488-c0feb89dc653,DRAMA,1h 37m,SU,2D,2026-05-28,03b0f0f1-8b96-439a-80ae-abf5adce9d08,2026-05-27T17:34:48.983851
0c3cfa9b-9de0-405d-b8ae-9f9d43c61191,BADUT GENDONG,cinepolis,,3c747edf-0b24-47d3-a687-cce565db1452,HORROR,1h 41m,D17+,2D,2026-05-28,db05406a-dde4-4cb7-bbc0-ef12d1a56053,2026-05-27T17:34:48.986141
0c3cfa9b-9de0-405d-b8ae-9f9d43c61191,TUMBAL PROYEK,cinepolis,,0b14c075-63cc-4a3b-b0a7-a3578ae1590b,HORROR,1h 46m,D17+,2D,2026-05-28,a76d8ae8-21f3-439b-94ef-80b4d8834b70,2026-05-27T17:34:48.987279
9931cafc-d6e5-4a97-b26f-9e1aa60f5467,SEKAWAN LIMO 2: GUNUNG KLAWIH,cinepolis,,7a5e33ac-ba36-4c3f-bd38-0f7f00a79a1d,COMEDY,2h 2m,13+,2D,2026-05-28,5f24526a-1f52-4ff1-bb8b-e024425a3fd7,2026-05-27T17:34:55.069303
9931cafc-d6e5-4a97-b26f-9e1aa60f5467,CHILDREN OF HEAVEN,cinepolis,,0ae5ff7b-e255-45b6-a488-c0feb89dc653,DRAMA,1h 37m,SU,2D,2026-05-28,b721ba54-cc4a-4fd1-90a3-0f22bf99c55d,2026-05-27T17:34:55.070720
9931cafc-d6e5-4a97-b26f-9e1aa60f5467,TUMBAL PROYEK,cinepolis,,0b14c075-63cc-4a3b-b0a7-a3578ae1590b,HORROR,1h 46m,D17+,2D,2026-05-28,f881e908-2826-466a-9131-cf7177e68826,2026-05-27T17:34:55.071739
9931cafc-d6e5-4a97-b26f-9e1aa60f5467,SEMUA AKAN BAIK-BAIK SAJA,cinepolis,,cae94e25-4386-417b-8bdf-0dea2d0b0c71,DRAMA,1h 53m,13+,2D,2026-05-28,6f5d0f45-f7e0-4738-947d-1617baecdc62,2026-05-27T17:34:55.073900
e3d491d3-1dd8-4aff-8a42-166ca72151b2,SEKAWAN LIMO 2: GUNUNG KLAWIH,cinepolis,,7a5e33ac-ba36-4c3f-bd38-0f7f00a79a1d,COMEDY,2h 2m,13+,2D,2026-05-28,0cd2c062-f1a4-4ee7-a0e4-7a53f0923c6d,2026-05-27T17:35:01.136646
e3d491d3-1dd8-4aff-8a42-166ca72151b2,CHILDREN OF HEAVEN,cinepolis,,0ae5ff7b-e255-45b6-a488-c0feb89dc653,DRAMA,1h 37m,SU,2D,2026-05-28,5354e4b6-25ca-45c4-ad4c-288fdc7b059f,2026-05-27T17:35:01.137358
e3d491d3-1dd8-4aff-8a42-166ca72151b2,BADUT GENDONG,cinepolis,,3c747edf-0b24-47d3-a687-cce565db1452,HORROR,1h 41m,D17+,2D,2026-05-28,90413fa5-efc3-40dc-a74d-f823c96b1810,2026-05-27T17:35:01.138255
e3d491d3-1dd8-4aff-8a42-166ca72151b2,TUMBAL PROYEK,cinepolis,,0b14c075-63cc-4a3b-b0a7-a3578ae1590b,HORROR,1h 46m,D17+,2D,2026-05-28,449f38a5-94b8-4a04-bf3e-dff657cbd3cd,2026-05-27T17:35:01.138866
e3d491d3-1dd8-4aff-8a42-166ca72151b2,PASSENGER,cinepolis,,f99ed192-5c3c-4e8c-b507-05e2d244ecfd,HORROR,1h 34m,D17+,2D,2026-05-28,bd731967-f0ff-4477-93c4-ec2920934d47,2026-05-27T17:35:01.139688
e3d491d3-1dd8-4aff-8a42-166ca72151b2,STAR WARS: THE MANDALORIAN AND GROGU,cinepolis,,488b0e44-9328-4660-827f-bf3341602b6d,FANTASY,2h 12m,13+,2D,2026-05-28,a2d04a1a-5a39-4e70-91e9-155d77d6acc4,2026-05-27T17:35:01.140520
e3d491d3-1dd8-4aff-8a42-166ca72151b2,GOHAN,cinepolis,,15718ddd-e8db-449b-9313-73b98733d485,DRAMA,2h 20m,SU,2D,2026-05-28,58102094-06c3-4380-a917-19fe16dddacf,2026-05-27T17:35:02.381635
e3d491d3-1dd8-4aff-8a42-166ca72151b2,HOKUM,cinepolis,,6eb5558d-edd2-45f7-a295-6a10c7c57aaf,HORROR,1h 47m,13+,2D,2026-05-28,21826e32-e119-4c37-b366-6efa81caddb3,2026-05-27T17:35:02.382316
e3d491d3-1dd8-4aff-8a42-166ca72151b2,PEGASUS 3,cinepolis,,8f125633-ac6b-459d-afbc-d1a0e529da32,ACTION,2h 6m,13+,2D,2026-05-28,b7d0728c-fffc-4b71-b3e1-9c1f9a690148,2026-05-27T17:35:03.360620
7288419f-c240-43f4-934c-46e650fd648f,SEKAWAN LIMO 2: GUNUNG KLAWIH,cinepolis,,7a5e33ac-ba36-4c3f-bd38-0f7f00a79a1d,COMEDY,2h 2m,13+,2D,2026-05-28,8c570946-2937-4944-926f-864dab306d01,2026-05-27T17:35:06.555467
7288419f-c240-43f4-934c-46e650fd648f,CHILDREN OF HEAVEN,cinepolis,,0ae5ff7b-e255-45b6-a488-c0feb89dc653,DRAMA,1h 37m,SU,2D,2026-05-28,1185fbb1-6ab4-49c6-bccd-3abbcfdb6919,2026-05-27T17:35:06.556580
7288419f-c240-43f4-934c-46e650fd648f,PASSENGER,cinepolis,,f99ed192-5c3c-4e8c-b507-05e2d244ecfd,HORROR,1h 34m,D17+,2D,2026-05-28,dafee53b-b3c3-4047-876b-e14a4284dfed,2026-05-27T17:35:06.557856
7288419f-c240-43f4-934c-46e650fd648f,STAR WARS: THE MANDALORIAN AND GROGU,cinepolis,,488b0e44-9328-4660-827f-bf3341602b6d,FANTASY,2h 12m,13+,2D,2026-05-28,504f5440-fa66-4d7d-b965-75f5053c4a6f,2026-05-27T17:35:06.559060
7288419f-c240-43f4-934c-46e650fd648f,GOHAN,cinepolis,,15718ddd-e8db-449b-9313-73b98733d485,DRAMA,2h 20m,SU,2D,2026-05-28,16a02634-0d22-4dee-be8a-770283f199ca,2026-05-27T17:35:06.560266
7288419f-c240-43f4-934c-46e650fd648f,GHOST IN THE CELL,cinepolis,,1859bb5f-f638-4a41-854c-a114f6f8a608,HORROR,1h 46m,D17+,2D,2026-05-28,d4a5d4f7-ef5a-4954-a80c-189f77fe1239,2026-05-27T17:35:06.561880
7288419f-c240-43f4-934c-46e650fd648f,HOKUM,cinepolis,,6eb5558d-edd2-45f7-a295-6a10c7c57aaf,HORROR,1h 47m,13+,2D,2026-05-28,3f8f3f51-90f4-4304-aa9d-2b7749d3e06b,2026-05-27T17:35:06.562796
65f76bd4-fe73-4e3f-974f-2e4a03dc3dca,SEKAWAN LIMO 2: GUNUNG KLAWIH,cinepolis,,7a5e33ac-ba36-4c3f-bd38-0f7f00a79a1d,COMEDY,2h 2m,13+,2D,2026-05-28,c8e09792-1758-4d2c-aef8-a6626aa0422b,2026-05-27T17:35:11.817647
65f76bd4-fe73-4e3f-974f-2e4a03dc3dca,CHILDREN OF HEAVEN,cinepolis,,0ae5ff7b-e255-45b6-a488-c0feb89dc653,DRAMA,1h 37m,SU,2D,2026-05-28,69d61169-fc20-4f1e-890d-491c93f7959e,2026-05-27T17:35:11.818960
65f76bd4-fe73-4e3f-974f-2e4a03dc3dca,TUMBAL PROYEK,cinepolis,,0b14c075-63cc-4a3b-b0a7-a3578ae1590b,HORROR,1h 46m,D17+,2D,2026-05-28,9e215bde-7a71-4c44-9eb3-88c698f50eaf,2026-05-27T17:35:11.819990
65f76bd4-fe73-4e3f-974f-2e4a03dc3dca,SUAMIKU LUKAKU,cinepolis,,f3e0cc94-be0d-4b52-8559-e87edeb75793,DRAMA,1h 32m,D17+,2D,2026-05-28,f9d1cdd6-c6a6-482e-ae8e-fc93f4796448,2026-05-27T17:35:11.821225
71d043b7-21f4-4a43-bb7a-93b702a9e551,SEKAWAN LIMO 2: GUNUNG KLAWIH,cinepolis,,7a5e33ac-ba36-4c3f-bd38-0f7f00a79a1d,COMEDY,2h 2m,13+,2D,2026-05-28,be3aa8e6-c1b0-42f9-b181-97581ce8f174,2026-05-27T17:35:17.932130
71d043b7-21f4-4a43-bb7a-93b702a9e551,CHILDREN OF HEAVEN,cinepolis,,0ae5ff7b-e255-45b6-a488-c0feb89dc653,DRAMA,1h 37m,SU,2D,2026-05-28,37f47022-e119-4dde-b6b5-b01fb66584a6,2026-05-27T17:35:17.932898
71d043b7-21f4-4a43-bb7a-93b702a9e551,BADUT GENDONG,cinepolis,,3c747edf-0b24-47d3-a687-cce565db1452,HORROR,1h 41m,D17+,2D,2026-05-28,07253d7e-0222-453b-969f-f9590b7e9a4d,2026-05-27T17:35:17.933576
71d043b7-21f4-4a43-bb7a-93b702a9e551,TUMBAL PROYEK,cinepolis,,0b14c075-63cc-4a3b-b0a7-a3578ae1590b,HORROR,1h 46m,D17+,2D,2026-05-28,55197f77-c688-4c45-8d9d-2bf418de7af5,2026-05-27T17:35:17.935096
71d043b7-21f4-4a43-bb7a-93b702a9e551,SEMUA AKAN BAIK-BAIK SAJA,cinepolis,,cae94e25-4386-417b-8bdf-0dea2d0b0c71,DRAMA,1h 53m,13+,2D,2026-05-28,860da189-c925-4237-8ee4-ce7bbb2319f8,2026-05-27T17:35:17.938063
947d8350-783b-40a0-9a02-e5ab7ace31f9,SEKAWAN LIMO 2: GUNUNG KLAWIH,cinepolis,,7a5e33ac-ba36-4c3f-bd38-0f7f00a79a1d,COMEDY,2h 2m,13+,2D,2026-05-28,65d854a4-2cce-45e5-a83c-420bec1db992,2026-05-27T17:35:24.064594
947d8350-783b-40a0-9a02-e5ab7ace31f9,CHILDREN OF HEAVEN,cinepolis,,0ae5ff7b-e255-45b6-a488-c0feb89dc653,DRAMA,1h 37m,SU,2D,2026-05-28,6ccab4ce-5ddc-4b93-933a-c420b20799fd,2026-05-27T17:35:24.065849
947d8350-783b-40a0-9a02-e5ab7ace31f9,TUMBAL PROYEK,cinepolis,,0b14c075-63cc-4a3b-b0a7-a3578ae1590b,HORROR,1h 46m,D17+,2D,2026-05-28,dea5234f-e5f8-4711-898a-8e32fc2bf590,2026-05-27T17:35:24.066586
947d8350-783b-40a0-9a02-e5ab7ace31f9,PASSENGER,cinepolis,,f99ed192-5c3c-4e8c-b507-05e2d244ecfd,HORROR,1h 34m,D17+,2D,2026-05-28,911f5ab7-ec74-4c67-91f6-6d5b985177d3,2026-05-27T17:35:24.067556
947d8350-783b-40a0-9a02-e5ab7ace31f9,SEMUA AKAN BAIK-BAIK SAJA,cinepolis,,cae94e25-4386-417b-8bdf-0dea2d0b0c71,DRAMA,1h 53m,13+,2D,2026-05-28,fc932e06-3f10-45fb-8760-0e80cbe3d152,2026-05-27T17:35:24.068896
947d8350-783b-40a0-9a02-e5ab7ace31f9,GUDANG MERICA,cinepolis,,0e87a4c9-10fb-496b-b0a4-4d60d71c222d,COMEDY,1h 38m,D17+,2D,2026-05-28,eca01b90-643a-4526-bcbf-978944f5d999,2026-05-27T17:35:24.069757
947d8350-783b-40a0-9a02-e5ab7ace31f9,STAR WARS: THE MANDALORIAN AND GROGU,cinepolis,,488b0e44-9328-4660-827f-bf3341602b6d,FANTASY,2h 12m,13+,2D,2026-05-28,0bf99d10-02c1-4428-8952-2c05e0ffd796,2026-05-27T17:35:24.070380
947d8350-783b-40a0-9a02-e5ab7ace31f9,GOHAN,cinepolis,,15718ddd-e8db-449b-9313-73b98733d485,DRAMA,2h 20m,SU,2D,2026-05-28,dd9a5d8d-5dbb-4d69-b9cf-6309eb94ad29,2026-05-27T17:35:24.071245
947d8350-783b-40a0-9a02-e5ab7ace31f9,MORTAL KOMBAT II,cinepolis,,420e1f44-2534-4ed9-9d6f-84cf6406d5a8,ACTION,1h 56m,D17+,2D,2026-05-28,96d2aba6-d4c7-4e14-86e1-c887e26b8f33,2026-05-27T17:35:24.568668
947d8350-783b-40a0-9a02-e5ab7ace31f9,THE KING`S WARDEN,cinepolis,,65881b59-8a2d-43fe-b61c-5d8b58e2b312,DRAMA,1h 57m,13+,2D,2026-05-28,9dd02d21-aef4-423c-900e-6906b6c3b484,2026-05-27T17:35:24.569406
947d8350-783b-40a0-9a02-e5ab7ace31f9,THE DEVIL WEARS PRADA 2,cinepolis,,97d5d4ac-9e2f-476f-a0ee-729bdefb04b1,COMEDY,1h 59m,13+,2D,2026-05-28,50316ac4-4528-400d-9335-e5265517862a,2026-05-27T17:35:26.287809
a5030add-09b9-49af-9f18-4e0b992cb570,SEKAWAN LIMO 2: GUNUNG KLAWIH,cinepolis,,7a5e33ac-ba36-4c3f-bd38-0f7f00a79a1d,COMEDY,2h 2m,13+,2D,2026-05-28,3c521fe2-61f1-45da-ab9a-3da6b5335243,2026-05-27T17:35:29.325916
a5030add-09b9-49af-9f18-4e0b992cb570,CHILDREN OF HEAVEN,cinepolis,,0ae5ff7b-e255-45b6-a488-c0feb89dc653,DRAMA,1h 37m,SU,2D,2026-05-28,fd5f3e05-9ce6-4613-a579-8fed04a1a3ea,2026-05-27T17:35:29.328011
a5030add-09b9-49af-9f18-4e0b992cb570,BADUT GENDONG,cinepolis,,3c747edf-0b24-47d3-a687-cce565db1452,HORROR,1h 41m,D17+,2D,2026-05-28,5d565ec7-c805-4361-b08e-356968e6d424,2026-05-27T17:35:29.330027
a5030add-09b9-49af-9f18-4e0b992cb570,TUMBAL PROYEK,cinepolis,,0b14c075-63cc-4a3b-b0a7-a3578ae1590b,HORROR,1h 46m,D17+,2D,2026-05-28,f19d09fc-6a91-420d-a3e0-77535fcc3a6f,2026-05-27T17:35:29.331423
a5030add-09b9-49af-9f18-4e0b992cb570,PASSENGER,cinepolis,,f99ed192-5c3c-4e8c-b507-05e2d244ecfd,HORROR,1h 34m,D17+,2D,2026-05-28,f6c2ba89-a7f6-4046-b252-221b7c8570fd,2026-05-27T17:35:29.332448
a5030add-09b9-49af-9f18-4e0b992cb570,SEMUA AKAN BAIK-BAIK SAJA,cinepolis,,cae94e25-4386-417b-8bdf-0dea2d0b0c71,DRAMA,1h 53m,13+,2D,2026-05-28,092b8423-a645-434b-95e2-8657354c5817,2026-05-27T17:35:29.333521
a5030add-09b9-49af-9f18-4e0b992cb570,GUDANG MERICA,cinepolis,,0e87a4c9-10fb-496b-b0a4-4d60d71c222d,COMEDY,1h 38m,D17+,2D,2026-05-28,47550c70-4bce-413b-a1dc-a53a62c139ac,2026-05-27T17:35:29.334532
34202675-0519-4390-8dfc-078d2d373932,SEKAWAN LIMO 2: GUNUNG KLAWIH,cinepolis,,7a5e33ac-ba36-4c3f-bd38-0f7f00a79a1d,COMEDY,2h 2m,13+,2D,2026-05-28,2af3071f-3bb0-470d-9b2a-c1d6a2ac8a6b,2026-05-27T17:35:34.637134
34202675-0519-4390-8dfc-078d2d373932,CHILDREN OF HEAVEN,cinepolis,,0ae5ff7b-e255-45b6-a488-c0feb89dc653,DRAMA,1h 37m,SU,2D,2026-05-28,34d86ce4-b053-4c8f-a795-ddd6b01ea11a,2026-05-27T17:35:34.638415
34202675-0519-4390-8dfc-078d2d373932,BADUT GENDONG,cinepolis,,3c747edf-0b24-47d3-a687-cce565db1452,HORROR,1h 41m,D17+,2D,2026-05-28,c5022323-087f-4e32-a751-01da6e2bb464,2026-05-27T17:35:34.639486
34202675-0519-4390-8dfc-078d2d373932,TUMBAL PROYEK,cinepolis,,0b14c075-63cc-4a3b-b0a7-a3578ae1590b,HORROR,1h 46m,D17+,2D,2026-05-28,5db22ce1-5a13-4aa6-81cf-0353568a1e23,2026-05-27T17:35:34.640521
34202675-0519-4390-8dfc-078d2d373932,PASSENGER,cinepolis,,f99ed192-5c3c-4e8c-b507-05e2d244ecfd,HORROR,1h 34m,D17+,2D,2026-05-28,02042ba8-4955-4720-a263-e7dd6f4a8b98,2026-05-27T17:35:34.641515
34202675-0519-4390-8dfc-078d2d373932,SEMUA AKAN BAIK-BAIK SAJA,cinepolis,,cae94e25-4386-417b-8bdf-0dea2d0b0c71,DRAMA,1h 53m,13+,2D,2026-05-28,f397b5dc-e4f7-4f71-90fd-369295a810b8,2026-05-27T17:35:34.642696
34202675-0519-4390-8dfc-078d2d373932,GUDANG MERICA,cinepolis,,0e87a4c9-10fb-496b-b0a4-4d60d71c222d,COMEDY,1h 38m,D17+,2D,2026-05-28,9f77a24f-0202-4c18-a9ef-3fbf68c5d103,2026-05-27T17:35:34.643695
34202675-0519-4390-8dfc-078d2d373932,SUAMIKU LUKAKU,cinepolis,,f3e0cc94-be0d-4b52-8559-e87edeb75793,DRAMA,1h 32m,D17+,2D,2026-05-28,47759467-b48b-4efd-8771-889318fb5498,2026-05-27T17:35:34.644873
c644b63e-7b65-47ad-bc77-61b8f430c96d,SEKAWAN LIMO 2: GUNUNG KLAWIH,cinepolis,,7a5e33ac-ba36-4c3f-bd38-0f7f00a79a1d,COMEDY,2h 2m,13+,2D,2026-05-28,49c26dfc-265a-4d77-8394-d9f6e4cadd23,2026-05-27T17:35:39.898350
c644b63e-7b65-47ad-bc77-61b8f430c96d,CHILDREN OF HEAVEN,cinepolis,,0ae5ff7b-e255-45b6-a488-c0feb89dc653,DRAMA,1h 37m,SU,2D,2026-05-28,e2696353-ef7a-43ee-8e9d-4e45a24472cd,2026-05-27T17:35:39.901191
c644b63e-7b65-47ad-bc77-61b8f430c96d,BADUT GENDONG,cinepolis,,3c747edf-0b24-47d3-a687-cce565db1452,HORROR,1h 41m,D17+,2D,2026-05-28,9f8920a8-057f-43d8-a0f8-c7ddedeaf192,2026-05-27T17:35:39.902527
c644b63e-7b65-47ad-bc77-61b8f430c96d,TUMBAL PROYEK,cinepolis,,0b14c075-63cc-4a3b-b0a7-a3578ae1590b,HORROR,1h 46m,D17+,2D,2026-05-28,82137587-19ae-4678-a58d-592b56f390fd,2026-05-27T17:35:39.903566
c644b63e-7b65-47ad-bc77-61b8f430c96d,PASSENGER,cinepolis,,f99ed192-5c3c-4e8c-b507-05e2d244ecfd,HORROR,1h 34m,D17+,2D,2026-05-28,aef0bc94-06c1-4a81-b010-e6c324cccbe5,2026-05-27T17:35:39.904840
c644b63e-7b65-47ad-bc77-61b8f430c96d,GUDANG MERICA,cinepolis,,0e87a4c9-10fb-496b-b0a4-4d60d71c222d,COMEDY,1h 38m,D17+,2D,2026-05-28,fc6c3e6d-ad98-4337-9de1-e25123788623,2026-05-27T17:35:39.905848
4dbdd27e-2dae-422d-8d4c-6c692cb44a91,SEKAWAN LIMO 2: GUNUNG KLAWIH,cinepolis,,7a5e33ac-ba36-4c3f-bd38-0f7f00a79a1d,COMEDY,2h 2m,13+,2D,2026-05-28,e3424767-e8d0-4797-9476-ea378c05c7d5,2026-05-27T17:35:46.028574
4dbdd27e-2dae-422d-8d4c-6c692cb44a91,CHILDREN OF HEAVEN,cinepolis,,0ae5ff7b-e255-45b6-a488-c0feb89dc653,DRAMA,1h 37m,SU,2D,2026-05-28,b610bafe-05f7-42d7-8bf3-ceb613d82e1b,2026-05-27T17:35:46.029294
4dbdd27e-2dae-422d-8d4c-6c692cb44a91,BADUT GENDONG,cinepolis,,3c747edf-0b24-47d3-a687-cce565db1452,HORROR,1h 41m,D17+,2D,2026-05-28,3b576ccd-0722-4c83-a319-71e67671ca0f,2026-05-27T17:35:46.030066
4dbdd27e-2dae-422d-8d4c-6c692cb44a91,TUMBAL PROYEK,cinepolis,,0b14c075-63cc-4a3b-b0a7-a3578ae1590b,HORROR,1h 46m,D17+,2D,2026-05-28,2ecc9450-9b37-4a67-84e2-0c5f1cf8d55d,2026-05-27T17:35:46.030989
4dbdd27e-2dae-422d-8d4c-6c692cb44a91,SEMUA AKAN BAIK-BAIK SAJA,cinepolis,,cae94e25-4386-417b-8bdf-0dea2d0b0c71,DRAMA,1h 53m,13+,2D,2026-05-28,8c3c71bb-b2cc-4197-8531-59f2254581ab,2026-05-27T17:35:46.032125
4dbdd27e-2dae-422d-8d4c-6c692cb44a91,STAR WARS: THE MANDALORIAN AND GROGU,cinepolis,,488b0e44-9328-4660-827f-bf3341602b6d,FANTASY,2h 12m,13+,2D,2026-05-28,7b4bd4ea-0e38-4b79-ad4a-5a02c512d1a1,2026-05-27T17:35:46.033052
4dbdd27e-2dae-422d-8d4c-6c692cb44a91,SUAMIKU LUKAKU,cinepolis,,f3e0cc94-be0d-4b52-8559-e87edeb75793,DRAMA,1h 32m,D17+,2D,2026-05-28,37df9567-9341-4d6e-86f7-ad15b9ca2f44,2026-05-27T17:35:46.033680
4dbdd27e-2dae-422d-8d4c-6c692cb44a91,GHOST IN THE CELL,cinepolis,,1859bb5f-f638-4a41-854c-a114f6f8a608,HORROR,1h 46m,D17+,2D,2026-05-28,1ecb878c-feb3-4ab2-9463-fce289692c88,2026-05-27T17:35:46.034696
c5175d65-1d7f-4f1c-a2ae-8e7caba4a142,SEKAWAN LIMO 2: GUNUNG KLAWIH,cinepolis,,7a5e33ac-ba36-4c3f-bd38-0f7f00a79a1d,COMEDY,2h 2m,13+,2D,2026-05-28,a821e3ef-3f7f-45c7-b2c4-e0b373649321,2026-05-27T17:35:52.085053
c5175d65-1d7f-4f1c-a2ae-8e7caba4a142,CHILDREN OF HEAVEN,cinepolis,,0ae5ff7b-e255-45b6-a488-c0feb89dc653,DRAMA,1h 37m,SU,2D,2026-05-28,7d0ff699-409b-4871-9ab9-53db56d5ca09,2026-05-27T17:35:52.086162
c5175d65-1d7f-4f1c-a2ae-8e7caba4a142,BADUT GENDONG,cinepolis,,3c747edf-0b24-47d3-a687-cce565db1452,HORROR,1h 41m,D17+,2D,2026-05-28,14c71748-b9ad-4245-abbf-781b6f27d2eb,2026-05-27T17:35:52.087880
c5175d65-1d7f-4f1c-a2ae-8e7caba4a142,TUMBAL PROYEK,cinepolis,,0b14c075-63cc-4a3b-b0a7-a3578ae1590b,HORROR,1h 46m,D17+,2D,2026-05-28,d784e0f7-b4c9-4b48-8ed6-54e10d66306c,2026-05-27T17:35:52.089340
c5175d65-1d7f-4f1c-a2ae-8e7caba4a142,GUDANG MERICA,cinepolis,,0e87a4c9-10fb-496b-b0a4-4d60d71c222d,COMEDY,1h 38m,D17+,2D,2026-05-28,788b21a1-f7a5-4177-b52f-f138c5558b29,2026-05-27T17:35:52.090284
e49025de-d0ed-420f-98ac-2f1e7de731eb,SEKAWAN LIMO 2: GUNUNG KLAWIH,cinepolis,,7a5e33ac-ba36-4c3f-bd38-0f7f00a79a1d,COMEDY,2h 2m,13+,2D,2026-05-28,ba7478de-db82-4d8c-879a-7be64c26263b,2026-05-27T17:35:57.386685
e49025de-d0ed-420f-98ac-2f1e7de731eb,CHILDREN OF HEAVEN,cinepolis,,0ae5ff7b-e255-45b6-a488-c0feb89dc653,DRAMA,1h 37m,SU,2D,2026-05-28,6098cdb8-565b-4b66-af94-955cd067fb85,2026-05-27T17:35:57.387552
e49025de-d0ed-420f-98ac-2f1e7de731eb,BADUT GENDONG,cinepolis,,3c747edf-0b24-47d3-a687-cce565db1452,HORROR,1h 41m,D17+,2D,2026-05-28,3a718069-8c25-48fe-a931-5ae86dd4bfe1,2026-05-27T17:35:57.388343
e49025de-d0ed-420f-98ac-2f1e7de731eb,TUMBAL PROYEK,cinepolis,,0b14c075-63cc-4a3b-b0a7-a3578ae1590b,HORROR,1h 46m,D17+,2D,2026-05-28,ac965640-a1df-4572-8561-e146544cbc57,2026-05-27T17:35:57.389075
e49025de-d0ed-420f-98ac-2f1e7de731eb,PASSENGER,cinepolis,,f99ed192-5c3c-4e8c-b507-05e2d244ecfd,HORROR,1h 34m,D17+,2D,2026-05-28,001acbd9-3e1a-4f60-8242-191d15ff63cf,2026-05-27T17:35:57.389814
e49025de-d0ed-420f-98ac-2f1e7de731eb,SEMUA AKAN BAIK-BAIK SAJA,cinepolis,,cae94e25-4386-417b-8bdf-0dea2d0b0c71,DRAMA,1h 53m,13+,2D,2026-05-28,4741ac62-94de-4461-acdb-b6c36ef4c58d,2026-05-27T17:35:57.390631
e49025de-d0ed-420f-98ac-2f1e7de731eb,STAR WARS: THE MANDALORIAN AND GROGU,cinepolis,,488b0e44-9328-4660-827f-bf3341602b6d,FANTASY,2h 12m,13+,2D,2026-05-28,6e692882-da79-43ec-a39a-f05af9f4554f,2026-05-27T17:35:57.391319
e49025de-d0ed-420f-98ac-2f1e7de731eb,SUAMIKU LUKAKU,cinepolis,,f3e0cc94-be0d-4b52-8559-e87edeb75793,DRAMA,1h 32m,D17+,2D,2026-05-28,6044821b-8c68-4fee-b90b-3fe3aab302b9,2026-05-27T17:35:57.392039
e49025de-d0ed-420f-98ac-2f1e7de731eb,YANG LAIN BOLEH HILANG ASAL KAU JANGAN,cinepolis,,ff59e4ab-92e1-4aa6-bfd8-ab6521930738,DRAMA,1h 53m,13+,2D,2026-05-28,99349d40-9d0e-406c-a683-c74bfc838c89,2026-05-27T17:35:57.392750
b980e140-3ec9-4c7c-ae9d-49fcd8bb2c4e,SEKAWAN LIMO 2: GUNUNG KLAWIH,cinepolis,,7a5e33ac-ba36-4c3f-bd38-0f7f00a79a1d,COMEDY,2h 2m,13+,2D,2026-05-28,9e812371-dfc3-43c9-9b6f-c2195c9a1e8a,2026-05-27T17:36:03.421554
b980e140-3ec9-4c7c-ae9d-49fcd8bb2c4e,CHILDREN OF HEAVEN,cinepolis,,0ae5ff7b-e255-45b6-a488-c0feb89dc653,DRAMA,1h 37m,SU,2D,2026-05-28,6547b6ad-a895-4569-ac25-11e43f21583c,2026-05-27T17:36:03.423087
b980e140-3ec9-4c7c-ae9d-49fcd8bb2c4e,BADUT GENDONG,cinepolis,,3c747edf-0b24-47d3-a687-cce565db1452,HORROR,1h 41m,D17+,2D,2026-05-28,0ee04e91-9a34-4977-a739-edc25edf73f6,2026-05-27T17:36:03.423965
b980e140-3ec9-4c7c-ae9d-49fcd8bb2c4e,TUMBAL PROYEK,cinepolis,,0b14c075-63cc-4a3b-b0a7-a3578ae1590b,HORROR,1h 46m,D17+,2D,2026-05-28,b67b0b6c-951d-43d4-8bb8-ebe7d6fd3219,2026-05-27T17:36:03.424830
b980e140-3ec9-4c7c-ae9d-49fcd8bb2c4e,SEMUA AKAN BAIK-BAIK SAJA,cinepolis,,cae94e25-4386-417b-8bdf-0dea2d0b0c71,DRAMA,1h 53m,13+,2D,2026-05-28,965e954d-df2c-4528-92c8-397d17b63b60,2026-05-27T17:36:03.425702
b980e140-3ec9-4c7c-ae9d-49fcd8bb2c4e,"AYAH, INI ARAHNYA KEMANA, YA?",cinepolis,,47fccbc0-f843-4918-ad66-28fcef4aa048,DRAMA,1h 43m,13+,2D,2026-05-28,26437bf7-4eb2-44d7-9aa2-526aeb29a1e1,2026-05-27T17:36:03.426523
dcc8acc0-9c3d-42a0-8410-3edf7a30ebbd,SEKAWAN LIMO 2: GUNUNG KLAWIH,cinepolis,,7a5e33ac-ba36-4c3f-bd38-0f7f00a79a1d,COMEDY,2h 2m,13+,2D,2026-05-28,2e18b2a4-2001-42e3-a268-b38f544e2835,2026-05-27T17:36:08.709151
dcc8acc0-9c3d-42a0-8410-3edf7a30ebbd,CHILDREN OF HEAVEN,cinepolis,,0ae5ff7b-e255-45b6-a488-c0feb89dc653,DRAMA,1h 37m,SU,2D,2026-05-28,7d326894-1e6b-4c2b-a0fa-59d718a628da,2026-05-27T17:36:08.710177
dcc8acc0-9c3d-42a0-8410-3edf7a30ebbd,BADUT GENDONG,cinepolis,,3c747edf-0b24-47d3-a687-cce565db1452,HORROR,1h 41m,D17+,2D,2026-05-28,64aa1c79-d101-4b6e-bd31-c1be9801a183,2026-05-27T17:36:08.711136
dcc8acc0-9c3d-42a0-8410-3edf7a30ebbd,TUMBAL PROYEK,cinepolis,,0b14c075-63cc-4a3b-b0a7-a3578ae1590b,HORROR,1h 46m,D17+,2D,2026-05-28,a2460586-bae3-40c6-a1d4-a9b215e5456c,2026-05-27T17:36:08.712058
dcc8acc0-9c3d-42a0-8410-3edf7a30ebbd,PASSENGER,cinepolis,,f99ed192-5c3c-4e8c-b507-05e2d244ecfd,HORROR,1h 34m,D17+,2D,2026-05-28,06dc8875-f24b-4b8b-8144-c08df74053e6,2026-05-27T17:36:08.713320
dcc8acc0-9c3d-42a0-8410-3edf7a30ebbd,SEMUA AKAN BAIK-BAIK SAJA,cinepolis,,cae94e25-4386-417b-8bdf-0dea2d0b0c71,DRAMA,1h 53m,13+,2D,2026-05-28,957ede71-321d-4396-9c5a-b31bef63e391,2026-05-27T17:36:08.714209
dcc8acc0-9c3d-42a0-8410-3edf7a30ebbd,STAR WARS: THE MANDALORIAN AND GROGU,cinepolis,,488b0e44-9328-4660-827f-bf3341602b6d,FANTASY,2h 12m,13+,2D,2026-05-28,4eb880c9-de84-4bdc-b5da-b0b782ce5e49,2026-05-27T17:36:08.715135
dcc8acc0-9c3d-42a0-8410-3edf7a30ebbd,GOHAN,cinepolis,,15718ddd-e8db-449b-9313-73b98733d485,DRAMA,2h 20m,SU,2D,2026-05-28,95562b19-02d4-4f98-91a3-63b6148909c2,2026-05-27T17:36:08.716209
dcc8acc0-9c3d-42a0-8410-3edf7a30ebbd,MORTAL KOMBAT II,cinepolis,,420e1f44-2534-4ed9-9d6f-84cf6406d5a8,ACTION,1h 56m,D17+,2D,2026-05-28,51ef47b3-cad4-4eec-9320-913c80abe9dd,2026-05-27T17:36:08.717145
dcc8acc0-9c3d-42a0-8410-3edf7a30ebbd,THE SHEEP DETECTIVES,cinepolis,,71865891-a162-4fb5-bcc1-eda6d7edf3e9,COMEDY,1h 49m,SU,2D,2026-05-28,bc4d534d-0dcb-4bdb-b875-661af0631fdb,2026-05-27T17:36:09.685922
440ade26-322b-48fc-af37-5b4c934a43e2,SEKAWAN LIMO 2: GUNUNG KLAWIH,cinepolis,,7a5e33ac-ba36-4c3f-bd38-0f7f00a79a1d,COMEDY,2h 2m,13+,2D,2026-05-28,d65a169b-9785-4d1f-9d26-35073f3ffe28,2026-05-27T17:36:13.994902
440ade26-322b-48fc-af37-5b4c934a43e2,CHILDREN OF HEAVEN,cinepolis,,0ae5ff7b-e255-45b6-a488-c0feb89dc653,DRAMA,1h 37m,SU,2D,2026-05-28,ae86953d-b4d8-4e1a-97f1-198cb8b5bf55,2026-05-27T17:36:13.995946
440ade26-322b-48fc-af37-5b4c934a43e2,TUMBAL PROYEK,cinepolis,,0b14c075-63cc-4a3b-b0a7-a3578ae1590b,HORROR,1h 46m,D17+,2D,2026-05-28,7eb0ed11-2a21-42b7-b295-49926e1c916b,2026-05-27T17:36:13.997750
440ade26-322b-48fc-af37-5b4c934a43e2,PASSENGER,cinepolis,,f99ed192-5c3c-4e8c-b507-05e2d244ecfd,HORROR,1h 34m,D17+,2D,2026-05-28,f1a2f1b1-cd3b-4f0c-a4dd-7216b52d9305,2026-05-27T17:36:13.998691
440ade26-322b-48fc-af37-5b4c934a43e2,SEMUA AKAN BAIK-BAIK SAJA,cinepolis,,cae94e25-4386-417b-8bdf-0dea2d0b0c71,DRAMA,1h 53m,13+,2D,2026-05-28,8a92d3ad-0dca-44e7-9431-e980bb320057,2026-05-27T17:36:14.000231
440ade26-322b-48fc-af37-5b4c934a43e2,STAR WARS: THE MANDALORIAN AND GROGU,cinepolis,,488b0e44-9328-4660-827f-bf3341602b6d,FANTASY,2h 12m,13+,2D,2026-05-28,119c35ad-dcd7-4206-ab45-26e32fc60a4f,2026-05-27T17:36:14.001732
440ade26-322b-48fc-af37-5b4c934a43e2,MORTAL KOMBAT II,cinepolis,,420e1f44-2534-4ed9-9d6f-84cf6406d5a8,ACTION,1h 56m,D17+,2D,2026-05-28,484c816b-5536-4c3a-a5ce-8daa808b1a87,2026-05-27T17:36:14.003132
440ade26-322b-48fc-af37-5b4c934a43e2,SUNSHINE WOMEN`S CHOIR,cinepolis,,33062671-0ce9-4273-90a4-86ac43173ab4,COMEDY,2h 14m,13+,2D,2026-05-28,9f3e9e95-c955-4a96-a869-613810fa7c20,2026-05-27T17:36:14.103959
440ade26-322b-48fc-af37-5b4c934a43e2,PEGASUS 3,cinepolis,,8f125633-ac6b-459d-afbc-d1a0e529da32,ACTION,2h 6m,13+,2D,2026-05-28,8afdd47b-234d-4183-aa85-db3fa26d17a4,2026-05-27T17:36:14.104694
b460ade7-5350-447e-af98-87d14347f820,SEKAWAN LIMO 2: GUNUNG KLAWIH,cinepolis,,7a5e33ac-ba36-4c3f-bd38-0f7f00a79a1d,COMEDY,2h 2m,13+,2D,2026-05-28,cb1162fa-b3bd-4198-9662-8dba573e5d3a,2026-05-27T17:36:19.262833
b460ade7-5350-447e-af98-87d14347f820,CHILDREN OF HEAVEN,cinepolis,,0ae5ff7b-e255-45b6-a488-c0feb89dc653,DRAMA,1h 37m,SU,2D,2026-05-28,158a5c2f-34fb-4d84-acda-ec11091ce9bd,2026-05-27T17:36:19.263819
b460ade7-5350-447e-af98-87d14347f820,TUMBAL PROYEK,cinepolis,,0b14c075-63cc-4a3b-b0a7-a3578ae1590b,HORROR,1h 46m,D17+,2D,2026-05-28,36d75b86-98fd-437e-ad18-52bf71b4541a,2026-05-27T17:36:19.264628
b460ade7-5350-447e-af98-87d14347f820,"AYAH, INI ARAHNYA KEMANA, YA?",cinepolis,,47fccbc0-f843-4918-ad66-28fcef4aa048,DRAMA,1h 43m,13+,2D,2026-05-28,fac41b5d-16aa-43c1-ad51-889a13fa30cf,2026-05-27T17:36:19.265598
3d8d21b0-f693-42f1-a403-00fbe1f75f08,SEKAWAN LIMO 2: GUNUNG KLAWIH,cinepolis,,7a5e33ac-ba36-4c3f-bd38-0f7f00a79a1d,COMEDY,2h 2m,13+,2D,2026-05-28,e52b3ded-6cc1-4b94-8936-8c3c28dcfc7f,2026-05-27T17:36:24.492727
3d8d21b0-f693-42f1-a403-00fbe1f75f08,CHILDREN OF HEAVEN,cinepolis,,0ae5ff7b-e255-45b6-a488-c0feb89dc653,DRAMA,1h 37m,SU,2D,2026-05-28,5a31ae68-6628-4648-a908-58cb468cbe36,2026-05-27T17:36:24.494394
3d8d21b0-f693-42f1-a403-00fbe1f75f08,TUMBAL PROYEK,cinepolis,,0b14c075-63cc-4a3b-b0a7-a3578ae1590b,HORROR,1h 46m,D17+,2D,2026-05-28,a79fe02f-45ee-42af-9082-d468816d9ea9,2026-05-27T17:36:24.495631
3d8d21b0-f693-42f1-a403-00fbe1f75f08,SEMUA AKAN BAIK-BAIK SAJA,cinepolis,,cae94e25-4386-417b-8bdf-0dea2d0b0c71,DRAMA,1h 53m,13+,2D,2026-05-28,8ce06ab2-f144-46fc-aebe-68acbb5ead04,2026-05-27T17:36:24.496562
3d8d21b0-f693-42f1-a403-00fbe1f75f08,GUDANG MERICA,cinepolis,,0e87a4c9-10fb-496b-b0a4-4d60d71c222d,COMEDY,1h 38m,D17+,2D,2026-05-28,2d034426-58c4-4c36-ab66-5f286eef3924,2026-05-27T17:36:24.497477
3d8d21b0-f693-42f1-a403-00fbe1f75f08,STAR WARS: THE MANDALORIAN AND GROGU,cinepolis,,488b0e44-9328-4660-827f-bf3341602b6d,FANTASY,2h 12m,13+,2D,2026-05-28,944c2cbf-12eb-46a9-b0da-449bffa7eb9a,2026-05-27T17:36:24.498160
3d8d21b0-f693-42f1-a403-00fbe1f75f08,SUAMIKU LUKAKU,cinepolis,,f3e0cc94-be0d-4b52-8559-e87edeb75793,DRAMA,1h 32m,D17+,2D,2026-05-28,beb57ca0-4295-4687-89ca-9f21321b82aa,2026-05-27T17:36:24.498827
3d8d21b0-f693-42f1-a403-00fbe1f75f08,MORTAL KOMBAT II,cinepolis,,420e1f44-2534-4ed9-9d6f-84cf6406d5a8,ACTION,1h 56m,D17+,2D,2026-05-28,5f0a711d-ca95-4a48-b4ac-7a288372667e,2026-05-27T17:36:24.499490
3d8d21b0-f693-42f1-a403-00fbe1f75f08,YANG LAIN BOLEH HILANG ASAL KAU JANGAN,cinepolis,,ff59e4ab-92e1-4aa6-bfd8-ab6521930738,DRAMA,1h 53m,13+,2D,2026-05-28,e7f81dfd-54e3-417c-bb23-7d1903f0bbb5,2026-05-27T17:36:24.500101
3d8d21b0-f693-42f1-a403-00fbe1f75f08,THE KING`S WARDEN,cinepolis,,65881b59-8a2d-43fe-b61c-5d8b58e2b312,DRAMA,1h 57m,13+,2D,2026-05-28,8b4f5544-ec3a-4c67-80c7-755c3fbb43c2,2026-05-27T17:36:24.500720
2a6ca7d3-fb46-4989-ad2f-d1d2c9085da3,SEKAWAN LIMO 2: GUNUNG KLAWIH,cinepolis,,7a5e33ac-ba36-4c3f-bd38-0f7f00a79a1d,COMEDY,2h 2m,13+,3D,2026-05-28,29994225-0c07-41e3-8af8-3644a5b9a775,2026-05-27T17:36:29.730617
2a6ca7d3-fb46-4989-ad2f-d1d2c9085da3,SEKAWAN LIMO 2: GUNUNG KLAWIH,cinepolis,,7a5e33ac-ba36-4c3f-bd38-0f7f00a79a1d,COMEDY,2h 2m,13+,2D,2026-05-28,f9a4e080-ce9a-479d-b8e1-cc7cb35b1251,2026-05-27T17:36:29.730688
2a6ca7d3-fb46-4989-ad2f-d1d2c9085da3,CHILDREN OF HEAVEN,cinepolis,,0ae5ff7b-e255-45b6-a488-c0feb89dc653,DRAMA,1h 37m,SU,2D,2026-05-28,ef69263b-8a14-4844-89a5-a4c50c85d31a,2026-05-27T17:36:29.731562
2a6ca7d3-fb46-4989-ad2f-d1d2c9085da3,BADUT GENDONG,cinepolis,,3c747edf-0b24-47d3-a687-cce565db1452,HORROR,1h 41m,D17+,2D,2026-05-28,8d94ce9e-e2dc-4e72-abde-016c37478ab0,2026-05-27T17:36:29.732271
2a6ca7d3-fb46-4989-ad2f-d1d2c9085da3,TUMBAL PROYEK,cinepolis,,0b14c075-63cc-4a3b-b0a7-a3578ae1590b,HORROR,1h 46m,D17+,2D,2026-05-28,10f51cb3-9c47-4b1b-9a96-bd5721a65c07,2026-05-27T17:36:29.732945
2a6ca7d3-fb46-4989-ad2f-d1d2c9085da3,PASSENGER,cinepolis,,f99ed192-5c3c-4e8c-b507-05e2d244ecfd,HORROR,1h 34m,D17+,2D,2026-05-28,a8939e1e-c45c-40a6-b9b7-3a2ba2f1ca15,2026-05-27T17:36:29.733607
2a6ca7d3-fb46-4989-ad2f-d1d2c9085da3,SEMUA AKAN BAIK-BAIK SAJA,cinepolis,,cae94e25-4386-417b-8bdf-0dea2d0b0c71,DRAMA,1h 53m,13+,2D,2026-05-28,937fb6db-2f10-480c-a7db-c60ff9821d1a,2026-05-27T17:36:29.734288
2a6ca7d3-fb46-4989-ad2f-d1d2c9085da3,GUDANG MERICA,cinepolis,,0e87a4c9-10fb-496b-b0a4-4d60d71c222d,COMEDY,1h 38m,D17+,2D,2026-05-28,64cc2a92-022d-45a2-a180-533cc3ca5e32,2026-05-27T17:36:29.734979
2a6ca7d3-fb46-4989-ad2f-d1d2c9085da3,STAR WARS: THE MANDALORIAN AND GROGU,cinepolis,,488b0e44-9328-4660-827f-bf3341602b6d,FANTASY,2h 12m,13+,2D,2026-05-28,9e4ee403-84fe-403f-ae68-ddeb58540cf5,2026-05-27T17:36:29.735624
2a6ca7d3-fb46-4989-ad2f-d1d2c9085da3,MORTAL KOMBAT II,cinepolis,,420e1f44-2534-4ed9-9d6f-84cf6406d5a8,ACTION,1h 56m,D17+,2D,2026-05-28,5edb8ea9-a2e6-4fd3-87dd-231284bfd57f,2026-05-27T17:36:29.736282
2a6ca7d3-fb46-4989-ad2f-d1d2c9085da3,GHOST IN THE CELL,cinepolis,,1859bb5f-f638-4a41-854c-a114f6f8a608,HORROR,1h 46m,D17+,2D,2026-05-28,583f1da4-3f83-43da-874f-6def9fbcce0f,2026-05-27T17:36:29.736936
2a6ca7d3-fb46-4989-ad2f-d1d2c9085da3,HOKUM,cinepolis,,6eb5558d-edd2-45f7-a295-6a10c7c57aaf,HORROR,1h 47m,13+,2D,2026-05-28,fe1a9b5d-b996-4b78-bae3-8aab9a1e692e,2026-05-27T17:36:29.737744
2a6ca7d3-fb46-4989-ad2f-d1d2c9085da3,KELUARGA SUAMI ADALAH HAMA,cinepolis,,6a227c4d-1483-455f-842b-37ab7ddccdc2,DRAMA,1h 57m,13+,2D,2026-05-28,e7ab8535-4e44-4c09-848e-9749f1913589,2026-05-27T17:36:30.231468
8f816799-041b-4fb2-b24c-be3067295df7,SEKAWAN LIMO 2: GUNUNG KLAWIH,cinepolis,,7a5e33ac-ba36-4c3f-bd38-0f7f00a79a1d,COMEDY,2h 2m,13+,2D,2026-05-28,e7c55c07-2656-45b1-bafb-2f32899811ad,2026-05-27T17:36:34.963534
8f816799-041b-4fb2-b24c-be3067295df7,CHILDREN OF HEAVEN,cinepolis,,0ae5ff7b-e255-45b6-a488-c0feb89dc653,DRAMA,1h 37m,SU,2D,2026-05-28,05a4a287-bdbf-42a2-94dd-b126d178be34,2026-05-27T17:36:34.967070
8f816799-041b-4fb2-b24c-be3067295df7,TUMBAL PROYEK,cinepolis,,0b14c075-63cc-4a3b-b0a7-a3578ae1590b,HORROR,1h 46m,D17+,2D,2026-05-28,b4f13193-87c8-424c-b332-3ce70ad74ccc,2026-05-27T17:36:34.968765
8f816799-041b-4fb2-b24c-be3067295df7,PASSENGER,cinepolis,,f99ed192-5c3c-4e8c-b507-05e2d244ecfd,HORROR,1h 34m,D17+,2D,2026-05-28,af2eae25-8a57-4e74-bafd-cdd0ed0f6c22,2026-05-27T17:36:34.970401
8f816799-041b-4fb2-b24c-be3067295df7,SEMUA AKAN BAIK-BAIK SAJA,cinepolis,,cae94e25-4386-417b-8bdf-0dea2d0b0c71,DRAMA,1h 53m,13+,2D,2026-05-28,bcf6ab12-0c1b-45ea-9437-10d4a0030432,2026-05-27T17:36:34.971401
8f816799-041b-4fb2-b24c-be3067295df7,GUDANG MERICA,cinepolis,,0e87a4c9-10fb-496b-b0a4-4d60d71c222d,COMEDY,1h 38m,D17+,2D,2026-05-28,3f5e621b-f5e6-48d8-9cf0-5a50a36e90e1,2026-05-27T17:36:34.973249
8f816799-041b-4fb2-b24c-be3067295df7,STAR WARS: THE MANDALORIAN AND GROGU,cinepolis,,488b0e44-9328-4660-827f-bf3341602b6d,FANTASY,2h 12m,13+,2D,2026-05-28,e5b33126-ad10-4c3d-a686-5bf6e0a85a76,2026-05-27T17:36:34.974808
8f816799-041b-4fb2-b24c-be3067295df7,THE SUPER MARIO GALAXY MOVIE,cinepolis,,4d0f64f0-c009-46e2-bac7-7bb5c43057f8,ANIMATION,1h 38m,SU,2D,2026-05-28,3237088f-dc39-46a4-bb9b-9ec3a2ce733a,2026-05-27T17:36:35.075146
8f816799-041b-4fb2-b24c-be3067295df7,THE SHEEP DETECTIVES,cinepolis,,71865891-a162-4fb5-bcc1-eda6d7edf3e9,COMEDY,1h 49m,SU,2D,2026-05-28,f8af3ce1-9368-4c2f-ac15-cc108f7c36bc,2026-05-27T17:36:35.075866
8f816799-041b-4fb2-b24c-be3067295df7,YANG LAIN BOLEH HILANG ASAL KAU JANGAN,cinepolis,,ff59e4ab-92e1-4aa6-bfd8-ab6521930738,DRAMA,1h 53m,13+,2D,2026-05-28,073ca3b5-5761-4c86-8cb2-7b5eb097486a,2026-05-27T17:36:35.076546
654f1f29-c93d-4af3-bfc2-f16953884d17,SEKAWAN LIMO 2: GUNUNG KLAWIH,cinepolis,,7a5e33ac-ba36-4c3f-bd38-0f7f00a79a1d,COMEDY,2h 2m,13+,2D,2026-05-28,4823d601-c7e4-43d5-921e-ee2bf4e16b1d,2026-05-27T17:36:41.058457
654f1f29-c93d-4af3-bfc2-f16953884d17,CHILDREN OF HEAVEN,cinepolis,,0ae5ff7b-e255-45b6-a488-c0feb89dc653,DRAMA,1h 37m,SU,2D,2026-05-28,e421f172-dce2-48c0-92c4-f8bde7c81640,2026-05-27T17:36:41.059124
654f1f29-c93d-4af3-bfc2-f16953884d17,BADUT GENDONG,cinepolis,,3c747edf-0b24-47d3-a687-cce565db1452,HORROR,1h 41m,D17+,2D,2026-05-28,797b98fc-a91e-4ea8-9bda-2a6f6f457804,2026-05-27T17:36:41.059736
654f1f29-c93d-4af3-bfc2-f16953884d17,TUMBAL PROYEK,cinepolis,,0b14c075-63cc-4a3b-b0a7-a3578ae1590b,HORROR,1h 46m,D17+,2D,2026-05-28,484a4b6e-007e-466a-ac93-070279f9c5ae,2026-05-27T17:36:41.060330
654f1f29-c93d-4af3-bfc2-f16953884d17,PASSENGER,cinepolis,,f99ed192-5c3c-4e8c-b507-05e2d244ecfd,HORROR,1h 34m,D17+,2D,2026-05-28,cbcd4777-14b7-4abf-a7ce-045df2aa14b3,2026-05-27T17:36:41.060887
654f1f29-c93d-4af3-bfc2-f16953884d17,GUDANG MERICA,cinepolis,,0e87a4c9-10fb-496b-b0a4-4d60d71c222d,COMEDY,1h 38m,D17+,2D,2026-05-28,2e19ab33-5672-4141-86f7-a0f46c0f9342,2026-05-27T17:36:41.061424
206b115a-5a8c-40b6-8cad-e24284616b9b,SEKAWAN LIMO 2: GUNUNG KLAWIH,cinepolis,,7a5e33ac-ba36-4c3f-bd38-0f7f00a79a1d,COMEDY,2h 2m,13+,2D,2026-05-28,847fc8ad-9acf-47e0-aaa8-ed36af792dc7,2026-05-27T17:36:47.104107
206b115a-5a8c-40b6-8cad-e24284616b9b,CHILDREN OF HEAVEN,cinepolis,,0ae5ff7b-e255-45b6-a488-c0feb89dc653,DRAMA,1h 37m,SU,2D,2026-05-28,ad7377ac-34d6-43df-9137-7570870681b8,2026-05-27T17:36:47.105967
206b115a-5a8c-40b6-8cad-e24284616b9b,BADUT GENDONG,cinepolis,,3c747edf-0b24-47d3-a687-cce565db1452,HORROR,1h 41m,D17+,2D,2026-05-28,dc2b98eb-7975-4e1c-8f4d-eca18a745469,2026-05-27T17:36:47.107890
206b115a-5a8c-40b6-8cad-e24284616b9b,TUMBAL PROYEK,cinepolis,,0b14c075-63cc-4a3b-b0a7-a3578ae1590b,HORROR,1h 46m,D17+,2D,2026-05-28,3066cf36-505d-4476-8ec5-958043632fd6,2026-05-27T17:36:47.108907
206b115a-5a8c-40b6-8cad-e24284616b9b,PASSENGER,cinepolis,,f99ed192-5c3c-4e8c-b507-05e2d244ecfd,HORROR,1h 34m,D17+,2D,2026-05-28,19f8d187-4883-46e0-b3e0-3ec6e83e8ba4,2026-05-27T17:36:47.110717
206b115a-5a8c-40b6-8cad-e24284616b9b,GUDANG MERICA,cinepolis,,0e87a4c9-10fb-496b-b0a4-4d60d71c222d,COMEDY,1h 38m,D17+,2D,2026-05-28,15150101-aafd-4080-9fc8-c517c33ddb2d,2026-05-27T17:36:47.111367
7a687473-5745-4961-b4d7-511c59e160ec,SEKAWAN LIMO 2: GUNUNG KLAWIH,cinepolis,,7a5e33ac-ba36-4c3f-bd38-0f7f00a79a1d,COMEDY,2h 2m,13+,2D,2026-05-28,4a714e18-0ee6-49e5-bac1-5aaa9a4d37a7,2026-05-27T17:36:53.117454
7a687473-5745-4961-b4d7-511c59e160ec,CHILDREN OF HEAVEN,cinepolis,,0ae5ff7b-e255-45b6-a488-c0feb89dc653,DRAMA,1h 37m,SU,2D,2026-05-28,e09bca13-c5d0-455e-8414-25efbd1d4f1c,2026-05-27T17:36:53.118999
7a687473-5745-4961-b4d7-511c59e160ec,BADUT GENDONG,cinepolis,,3c747edf-0b24-47d3-a687-cce565db1452,HORROR,1h 41m,D17+,2D,2026-05-28,8c26f843-592e-4f97-a189-4c735ff1103e,2026-05-27T17:36:53.120438
7a687473-5745-4961-b4d7-511c59e160ec,TUMBAL PROYEK,cinepolis,,0b14c075-63cc-4a3b-b0a7-a3578ae1590b,HORROR,1h 46m,D17+,2D,2026-05-28,2d5a1278-78ff-4acf-93d6-81139be987fd,2026-05-27T17:36:53.121634
7a687473-5745-4961-b4d7-511c59e160ec,PASSENGER,cinepolis,,f99ed192-5c3c-4e8c-b507-05e2d244ecfd,HORROR,1h 34m,D17+,2D,2026-05-28,83d68e92-8068-401f-803e-af5e2ed334c8,2026-05-27T17:36:53.122657
7a687473-5745-4961-b4d7-511c59e160ec,SEMUA AKAN BAIK-BAIK SAJA,cinepolis,,cae94e25-4386-417b-8bdf-0dea2d0b0c71,DRAMA,1h 53m,13+,2D,2026-05-28,b7e29486-4d55-45e4-be2d-2500e8734193,2026-05-27T17:36:53.123725
125aa81b-f4bb-4480-9982-6eba5a050b53,SEKAWAN LIMO 2: GUNUNG KLAWIH,cinepolis,,7a5e33ac-ba36-4c3f-bd38-0f7f00a79a1d,COMEDY,2h 2m,13+,2D,2026-05-28,fd47cc1e-6956-4f36-8583-807bcdc15352,2026-05-27T17:36:58.440283
125aa81b-f4bb-4480-9982-6eba5a050b53,CHILDREN OF HEAVEN,cinepolis,,0ae5ff7b-e255-45b6-a488-c0feb89dc653,DRAMA,1h 37m,SU,2D,2026-05-28,a7d041d7-29cb-4f81-bf87-7af0f22a35f1,2026-05-27T17:36:58.441048
125aa81b-f4bb-4480-9982-6eba5a050b53,BADUT GENDONG,cinepolis,,3c747edf-0b24-47d3-a687-cce565db1452,HORROR,1h 41m,D17+,2D,2026-05-28,d271a32a-3360-4abb-85ba-1e308a3043e4,2026-05-27T17:36:58.441671
125aa81b-f4bb-4480-9982-6eba5a050b53,TUMBAL PROYEK,cinepolis,,0b14c075-63cc-4a3b-b0a7-a3578ae1590b,HORROR,1h 46m,D17+,2D,2026-05-28,93123507-65e1-44bd-91f8-4d0cd5ad051a,2026-05-27T17:36:58.442240
125aa81b-f4bb-4480-9982-6eba5a050b53,PASSENGER,cinepolis,,f99ed192-5c3c-4e8c-b507-05e2d244ecfd,HORROR,1h 34m,D17+,2D,2026-05-28,d4dbacb0-aac4-4831-8e6e-fe2ed3399d76,2026-05-27T17:36:58.442787
125aa81b-f4bb-4480-9982-6eba5a050b53,SEMUA AKAN BAIK-BAIK SAJA,cinepolis,,cae94e25-4386-417b-8bdf-0dea2d0b0c71,DRAMA,1h 53m,13+,2D,2026-05-28,fd1ec087-f339-42fb-a161-d033c67227ee,2026-05-27T17:36:58.443354
125aa81b-f4bb-4480-9982-6eba5a050b53,GUDANG MERICA,cinepolis,,0e87a4c9-10fb-496b-b0a4-4d60d71c222d,COMEDY,1h 38m,D17+,2D,2026-05-28,ece42fe2-a460-43aa-a52b-44401fca5e11,2026-05-27T17:36:58.443916
125aa81b-f4bb-4480-9982-6eba5a050b53,STAR WARS: THE MANDALORIAN AND GROGU,cinepolis,,488b0e44-9328-4660-827f-bf3341602b6d,FANTASY,2h 12m,13+,2D,2026-05-28,cd055754-1aab-44ee-9a87-97fa1281da63,2026-05-27T17:36:58.444699
125aa81b-f4bb-4480-9982-6eba5a050b53,GHOST IN THE CELL,cinepolis,,1859bb5f-f638-4a41-854c-a114f6f8a608,HORROR,1h 46m,D17+,2D,2026-05-28,4d51904a-a54b-44a1-8099-c949566d2265,2026-05-27T17:36:58.445250
6f5852e3-7883-4ea9-bd96-6c58bede1a73,SEKAWAN LIMO 2: GUNUNG KLAWIH,cinepolis,,7a5e33ac-ba36-4c3f-bd38-0f7f00a79a1d,COMEDY,2h 2m,13+,2D,2026-05-28,daafd27d-d33d-4985-a145-81fb4b9937a4,2026-05-27T17:37:04.424590
6f5852e3-7883-4ea9-bd96-6c58bede1a73,CHILDREN OF HEAVEN,cinepolis,,0ae5ff7b-e255-45b6-a488-c0feb89dc653,DRAMA,1h 37m,SU,2D,2026-05-28,a5ea2b2c-c3b3-45ed-a4ac-45847c36d644,2026-05-27T17:37:04.425962
6f5852e3-7883-4ea9-bd96-6c58bede1a73,BADUT GENDONG,cinepolis,,3c747edf-0b24-47d3-a687-cce565db1452,HORROR,1h 41m,D17+,2D,2026-05-28,0f2b5b2d-0280-4f57-a502-a9ecd9be5a4a,2026-05-27T17:37:04.427223
6f5852e3-7883-4ea9-bd96-6c58bede1a73,TUMBAL PROYEK,cinepolis,,0b14c075-63cc-4a3b-b0a7-a3578ae1590b,HORROR,1h 46m,D17+,2D,2026-05-28,ee46a688-f68c-42dc-819a-8a1789d4c557,2026-05-27T17:37:04.428669
6f5852e3-7883-4ea9-bd96-6c58bede1a73,PASSENGER,cinepolis,,f99ed192-5c3c-4e8c-b507-05e2d244ecfd,HORROR,1h 34m,D17+,2D,2026-05-28,4136a821-238c-49d0-8fc9-5101b99f31d8,2026-05-27T17:37:04.429927
6f5852e3-7883-4ea9-bd96-6c58bede1a73,SEMUA AKAN BAIK-BAIK SAJA,cinepolis,,cae94e25-4386-417b-8bdf-0dea2d0b0c71,DRAMA,1h 53m,13+,2D,2026-05-28,bcfbca72-6c61-425d-b08a-609783b1f5f2,2026-05-27T17:37:04.431142
d150d312-aff1-4626-9627-b54373a32931,SEKAWAN LIMO 2: GUNUNG KLAWIH,cinepolis,,7a5e33ac-ba36-4c3f-bd38-0f7f00a79a1d,COMEDY,2h 2m,13+,2D,2026-05-28,06c9ea6e-6254-4961-a500-caafd2f1acd6,2026-05-27T17:37:09.694182
d150d312-aff1-4626-9627-b54373a32931,CHILDREN OF HEAVEN,cinepolis,,0ae5ff7b-e255-45b6-a488-c0feb89dc653,DRAMA,1h 37m,SU,2D,2026-05-28,e01255a6-e919-4d26-8f3c-d4e67f3ac4db,2026-05-27T17:37:09.695090
d150d312-aff1-4626-9627-b54373a32931,BADUT GENDONG,cinepolis,,3c747edf-0b24-47d3-a687-cce565db1452,HORROR,1h 41m,D17+,2D,2026-05-28,2a319865-7560-43e1-b2db-dabc063a352d,2026-05-27T17:37:09.696784
d150d312-aff1-4626-9627-b54373a32931,TUMBAL PROYEK,cinepolis,,0b14c075-63cc-4a3b-b0a7-a3578ae1590b,HORROR,1h 46m,D17+,2D,2026-05-28,72120501-dd0d-4bb6-8591-74952e3a90bf,2026-05-27T17:37:09.697470
d150d312-aff1-4626-9627-b54373a32931,PASSENGER,cinepolis,,f99ed192-5c3c-4e8c-b507-05e2d244ecfd,HORROR,1h 34m,D17+,2D,2026-05-28,7625aebc-93aa-41db-b059-6d5404d94b75,2026-05-27T17:37:09.698053
d150d312-aff1-4626-9627-b54373a32931,SEMUA AKAN BAIK-BAIK SAJA,cinepolis,,cae94e25-4386-417b-8bdf-0dea2d0b0c71,DRAMA,1h 53m,13+,2D,2026-05-28,4ba3d987-22da-40be-b41d-f916a81e6f3c,2026-05-27T17:37:09.698652
d150d312-aff1-4626-9627-b54373a32931,GUDANG MERICA,cinepolis,,0e87a4c9-10fb-496b-b0a4-4d60d71c222d,COMEDY,1h 38m,D17+,2D,2026-05-28,08306b74-1b9a-4394-ae40-e6da780a577c,2026-05-27T17:37:09.699228
d150d312-aff1-4626-9627-b54373a32931,SUAMIKU LUKAKU,cinepolis,,f3e0cc94-be0d-4b52-8559-e87edeb75793,DRAMA,1h 32m,D17+,2D,2026-05-28,1f208375-0c66-435b-ad63-e42608da269a,2026-05-27T17:37:09.699796
d150d312-aff1-4626-9627-b54373a32931,"AYAH, INI ARAHNYA KEMANA, YA?",cinepolis,,47fccbc0-f843-4918-ad66-28fcef4aa048,DRAMA,1h 43m,13+,2D,2026-05-28,afa64fb5-1978-4168-8e15-54ffc94e3e8e,2026-05-27T17:37:09.700375
f52e4d8f-92a6-467e-965c-dae00503471b,SEKAWAN LIMO 2: GUNUNG KLAWIH,cinepolis,,7a5e33ac-ba36-4c3f-bd38-0f7f00a79a1d,COMEDY,2h 2m,13+,2D,2026-05-28,a5d066f8-bbc0-495b-adc9-2ccd3dde61f4,2026-05-27T17:37:14.984393
f52e4d8f-92a6-467e-965c-dae00503471b,CHILDREN OF HEAVEN,cinepolis,,0ae5ff7b-e255-45b6-a488-c0feb89dc653,DRAMA,1h 37m,SU,2D,2026-05-28,2e4d067e-d3d9-49cd-80bb-373ed8245d2e,2026-05-27T17:37:14.986156
f52e4d8f-92a6-467e-965c-dae00503471b,BADUT GENDONG,cinepolis,,3c747edf-0b24-47d3-a687-cce565db1452,HORROR,1h 41m,D17+,2D,2026-05-28,fd703f86-c423-49db-8cec-5ed4c24445ce,2026-05-27T17:37:14.987240
f52e4d8f-92a6-467e-965c-dae00503471b,TUMBAL PROYEK,cinepolis,,0b14c075-63cc-4a3b-b0a7-a3578ae1590b,HORROR,1h 46m,D17+,2D,2026-05-28,8451cfe4-810d-4ff7-b627-cc361e4f1110,2026-05-27T17:37:14.988246
f52e4d8f-92a6-467e-965c-dae00503471b,PASSENGER,cinepolis,,f99ed192-5c3c-4e8c-b507-05e2d244ecfd,HORROR,1h 34m,D17+,2D,2026-05-28,76a8e780-f42c-46e9-ac97-18a1bc2a5bfd,2026-05-27T17:37:14.989701
f52e4d8f-92a6-467e-965c-dae00503471b,SEMUA AKAN BAIK-BAIK SAJA,cinepolis,,cae94e25-4386-417b-8bdf-0dea2d0b0c71,DRAMA,1h 53m,13+,2D,2026-05-28,2ca65c2a-faa1-4421-a5cf-0ffa34820ae7,2026-05-27T17:37:14.990884
f52e4d8f-92a6-467e-965c-dae00503471b,STAR WARS: THE MANDALORIAN AND GROGU,cinepolis,,488b0e44-9328-4660-827f-bf3341602b6d,FANTASY,2h 12m,13+,2D,2026-05-28,93a7e5be-7eb1-4104-b815-45f6a63337de,2026-05-27T17:37:14.992251
f52e4d8f-92a6-467e-965c-dae00503471b,GOHAN,cinepolis,,15718ddd-e8db-449b-9313-73b98733d485,DRAMA,2h 20m,SU,2D,2026-05-28,7739a389-8113-40e3-acea-8104d424476f,2026-05-27T17:37:14.993323
f52e4d8f-92a6-467e-965c-dae00503471b,MORTAL KOMBAT II,cinepolis,,420e1f44-2534-4ed9-9d6f-84cf6406d5a8,ACTION,1h 56m,D17+,2D,2026-05-28,80073ffd-0995-40dc-a4f9-2f79fae6ae4f,2026-05-27T17:37:14.994571
f52e4d8f-92a6-467e-965c-dae00503471b,HOKUM,cinepolis,,6eb5558d-edd2-45f7-a295-6a10c7c57aaf,HORROR,1h 47m,13+,2D,2026-05-28,8c05a964-78ea-4305-ab43-512be7c03880,2026-05-27T17:37:14.995433
403533cf-4ab9-4fc0-8f81-fad5c2decf72,SEKAWAN LIMO 2: GUNUNG KLAWIH,cinepolis,,7a5e33ac-ba36-4c3f-bd38-0f7f00a79a1d,COMEDY,2h 2m,13+,2D,2026-05-28,f96738cb-a919-4c71-920f-043048a56726,2026-05-27T17:37:20.255866
403533cf-4ab9-4fc0-8f81-fad5c2decf72,CHILDREN OF HEAVEN,cinepolis,,0ae5ff7b-e255-45b6-a488-c0feb89dc653,DRAMA,1h 37m,SU,2D,2026-05-28,eb6cf6d9-a025-4a66-a4f3-8e66879940cd,2026-05-27T17:37:20.257587
403533cf-4ab9-4fc0-8f81-fad5c2decf72,BADUT GENDONG,cinepolis,,3c747edf-0b24-47d3-a687-cce565db1452,HORROR,1h 41m,D17+,2D,2026-05-28,8a1df406-0112-41be-8afe-eb06dbb6b5f7,2026-05-27T17:37:20.258830
403533cf-4ab9-4fc0-8f81-fad5c2decf72,TUMBAL PROYEK,cinepolis,,0b14c075-63cc-4a3b-b0a7-a3578ae1590b,HORROR,1h 46m,D17+,2D,2026-05-28,57f3ae11-7e8f-47a7-b221-d97214480fa9,2026-05-27T17:37:20.260598
403533cf-4ab9-4fc0-8f81-fad5c2decf72,SEMUA AKAN BAIK-BAIK SAJA,cinepolis,,cae94e25-4386-417b-8bdf-0dea2d0b0c71,DRAMA,1h 53m,13+,2D,2026-05-28,0bb34ba2-f374-4b2a-9da6-003695de1c1b,2026-05-27T17:37:20.261471
403533cf-4ab9-4fc0-8f81-fad5c2decf72,GUDANG MERICA,cinepolis,,0e87a4c9-10fb-496b-b0a4-4d60d71c222d,COMEDY,1h 38m,D17+,2D,2026-05-28,8675a49f-ada3-429a-acb7-a8133d3e2d9c,2026-05-27T17:37:20.262996
cae1f5cf-9479-4888-b352-51a85593ad84,SEKAWAN LIMO 2: GUNUNG KLAWIH,cinepolis,,7a5e33ac-ba36-4c3f-bd38-0f7f00a79a1d,COMEDY,2h 2m,13+,2D,2026-05-28,730126bf-1ab3-4f0e-b71e-e4f68b332074,2026-05-27T17:37:26.277509
cae1f5cf-9479-4888-b352-51a85593ad84,CHILDREN OF HEAVEN,cinepolis,,0ae5ff7b-e255-45b6-a488-c0feb89dc653,DRAMA,1h 37m,SU,2D,2026-05-28,bedec4c4-4b11-4fde-aec4-b7a148da6c5d,2026-05-27T17:37:26.278576
cae1f5cf-9479-4888-b352-51a85593ad84,BADUT GENDONG,cinepolis,,3c747edf-0b24-47d3-a687-cce565db1452,HORROR,1h 41m,D17+,2D,2026-05-28,883ff486-1bab-47a1-b3cd-e0021db52af5,2026-05-27T17:37:26.280733
cae1f5cf-9479-4888-b352-51a85593ad84,TUMBAL PROYEK,cinepolis,,0b14c075-63cc-4a3b-b0a7-a3578ae1590b,HORROR,1h 46m,D17+,2D,2026-05-28,a0169d94-22c6-4f1c-8412-bbfb710c6d92,2026-05-27T17:37:26.282390
cae1f5cf-9479-4888-b352-51a85593ad84,SEMUA AKAN BAIK-BAIK SAJA,cinepolis,,cae94e25-4386-417b-8bdf-0dea2d0b0c71,DRAMA,1h 53m,13+,2D,2026-05-28,051522e4-016a-4dd3-86dc-420fd31e1081,2026-05-27T17:37:26.283711
cae1f5cf-9479-4888-b352-51a85593ad84,STAR WARS: THE MANDALORIAN AND GROGU,cinepolis,,488b0e44-9328-4660-827f-bf3341602b6d,FANTASY,2h 12m,13+,2D,2026-05-28,941e26d8-fc72-40f6-8611-98f942af3270,2026-05-27T17:37:26.284716
cae1f5cf-9479-4888-b352-51a85593ad84,SUAMIKU LUKAKU,cinepolis,,f3e0cc94-be0d-4b52-8559-e87edeb75793,DRAMA,1h 32m,D17+,2D,2026-05-28,5cafa3ce-a22f-497c-a41b-f33b159e30ab,2026-05-27T17:37:26.285534
92e74021-61e6-4293-aa4d-170a73de7b4b,SEKAWAN LIMO 2: GUNUNG KLAWIH,cinepolis,,7a5e33ac-ba36-4c3f-bd38-0f7f00a79a1d,COMEDY,2h 2m,13+,2D,2026-05-28,ab171f94-4d1d-4b32-bc13-4c3f7c8fd616,2026-05-27T17:37:32.291245
92e74021-61e6-4293-aa4d-170a73de7b4b,CHILDREN OF HEAVEN,cinepolis,,0ae5ff7b-e255-45b6-a488-c0feb89dc653,DRAMA,1h 37m,SU,2D,2026-05-28,6df08e88-8855-495a-adf0-8dcd95cc3c50,2026-05-27T17:37:32.292190
92e74021-61e6-4293-aa4d-170a73de7b4b,TUMBAL PROYEK,cinepolis,,0b14c075-63cc-4a3b-b0a7-a3578ae1590b,HORROR,1h 46m,D17+,2D,2026-05-28,1cfd0442-f368-4a13-b919-345eca5ad0c2,2026-05-27T17:37:32.293167
92e74021-61e6-4293-aa4d-170a73de7b4b,PASSENGER,cinepolis,,f99ed192-5c3c-4e8c-b507-05e2d244ecfd,HORROR,1h 34m,D17+,2D,2026-05-28,7950b40f-0239-4e2c-a465-ed151166b6a0,2026-05-27T17:37:32.294344
92e74021-61e6-4293-aa4d-170a73de7b4b,SEMUA AKAN BAIK-BAIK SAJA,cinepolis,,cae94e25-4386-417b-8bdf-0dea2d0b0c71,DRAMA,1h 53m,13+,2D,2026-05-28,4ca2c7dd-a774-4fbe-86de-681dd818a0d9,2026-05-27T17:37:32.295187
92e74021-61e6-4293-aa4d-170a73de7b4b,GUDANG MERICA,cinepolis,,0e87a4c9-10fb-496b-b0a4-4d60d71c222d,COMEDY,1h 38m,D17+,2D,2026-05-28,ef96a6de-e21e-4c9a-9f3e-1620a0a843c1,2026-05-27T17:37:32.296119
92e74021-61e6-4293-aa4d-170a73de7b4b,STAR WARS: THE MANDALORIAN AND GROGU,cinepolis,,488b0e44-9328-4660-827f-bf3341602b6d,FANTASY,2h 12m,13+,2D,2026-05-28,27e31e8b-9c66-43b4-86b7-a61e52e2f185,2026-05-27T17:37:32.297021
92e74021-61e6-4293-aa4d-170a73de7b4b,GOHAN,cinepolis,,15718ddd-e8db-449b-9313-73b98733d485,DRAMA,2h 20m,SU,2D,2026-05-28,1adb4db0-ab49-4eaa-b3d0-f65aa1498b8d,2026-05-27T17:37:32.298426
92e74021-61e6-4293-aa4d-170a73de7b4b,HOKUM,cinepolis,,6eb5558d-edd2-45f7-a295-6a10c7c57aaf,HORROR,1h 47m,13+,2D,2026-05-28,384344e4-0d78-4636-8bd5-6b42d9bb7069,2026-05-27T17:37:32.300068
92e74021-61e6-4293-aa4d-170a73de7b4b,THE SUPER MARIO GALAXY MOVIE,cinepolis,,4d0f64f0-c009-46e2-bac7-7bb5c43057f8,ANIMATION,1h 38m,SU,2D,2026-05-28,172030c4-387e-4df3-883b-67bd18545738,2026-05-27T17:37:32.300925
92e74021-61e6-4293-aa4d-170a73de7b4b,THE SHEEP DETECTIVES,cinepolis,,71865891-a162-4fb5-bcc1-eda6d7edf3e9,COMEDY,1h 49m,SU,2D,2026-05-28,8b0296d1-4ec6-4f1c-988e-8a5010392fd1,2026-05-27T17:37:32.302826
92e74021-61e6-4293-aa4d-170a73de7b4b,THE KING`S WARDEN,cinepolis,,65881b59-8a2d-43fe-b61c-5d8b58e2b312,DRAMA,1h 57m,13+,2D,2026-05-28,70781107-7c3b-42cf-bfda-e6f951d36594,2026-05-27T17:37:32.303618
fe5894bf-c618-4346-a155-57883a164411,SEKAWAN LIMO 2: GUNUNG KLAWIH,cinepolis,,7a5e33ac-ba36-4c3f-bd38-0f7f00a79a1d,COMEDY,2h 2m,13+,2D,2026-05-28,c6774d82-6777-4d93-bd01-c7300aea4383,2026-05-27T17:37:37.560942
fe5894bf-c618-4346-a155-57883a164411,CHILDREN OF HEAVEN,cinepolis,,0ae5ff7b-e255-45b6-a488-c0feb89dc653,DRAMA,1h 37m,SU,2D,2026-05-28,01cdb5fb-4a70-4ac0-80bc-c82293d3729c,2026-05-27T17:37:37.565171
fe5894bf-c618-4346-a155-57883a164411,BADUT GENDONG,cinepolis,,3c747edf-0b24-47d3-a687-cce565db1452,HORROR,1h 41m,D17+,2D,2026-05-28,8c3f5624-9a4c-435b-b1f7-673805d36cf3,2026-05-27T17:37:37.567363
fe5894bf-c618-4346-a155-57883a164411,TUMBAL PROYEK,cinepolis,,0b14c075-63cc-4a3b-b0a7-a3578ae1590b,HORROR,1h 46m,D17+,2D,2026-05-28,259a296f-b1dd-4217-8610-7d48bb544927,2026-05-27T17:37:37.568599
fe5894bf-c618-4346-a155-57883a164411,PASSENGER,cinepolis,,f99ed192-5c3c-4e8c-b507-05e2d244ecfd,HORROR,1h 34m,D17+,2D,2026-05-28,0bbeac61-1916-427f-af0a-cb927562a3e2,2026-05-27T17:37:37.569560
3abccc3e-885f-4b86-8f1b-e35722902b14,SEKAWAN LIMO 2: GUNUNG KLAWIH,cinepolis,,7a5e33ac-ba36-4c3f-bd38-0f7f00a79a1d,COMEDY,2h 2m,13+,2D,2026-05-28,971804ad-6579-4ce7-b18c-5d93a183df97,2026-05-27T17:37:42.897429
3abccc3e-885f-4b86-8f1b-e35722902b14,CHILDREN OF HEAVEN,cinepolis,,0ae5ff7b-e255-45b6-a488-c0feb89dc653,DRAMA,1h 37m,SU,2D,2026-05-28,c97a3093-1ab2-4e5e-abe5-f142d354b622,2026-05-27T17:37:42.898504
3abccc3e-885f-4b86-8f1b-e35722902b14,BADUT GENDONG,cinepolis,,3c747edf-0b24-47d3-a687-cce565db1452,HORROR,1h 41m,D17+,2D,2026-05-28,f29d5ace-ec9f-477a-b51b-0910a14108d0,2026-05-27T17:37:42.899796
3abccc3e-885f-4b86-8f1b-e35722902b14,TUMBAL PROYEK,cinepolis,,0b14c075-63cc-4a3b-b0a7-a3578ae1590b,HORROR,1h 46m,D17+,2D,2026-05-28,e7c13ecf-22bf-4920-8ef5-8272fb7efaaa,2026-05-27T17:37:42.900870
3abccc3e-885f-4b86-8f1b-e35722902b14,PASSENGER,cinepolis,,f99ed192-5c3c-4e8c-b507-05e2d244ecfd,HORROR,1h 34m,D17+,2D,2026-05-28,a0ca45aa-1d68-4257-90fa-a2858bb9f058,2026-05-27T17:37:42.903982
3abccc3e-885f-4b86-8f1b-e35722902b14,SEMUA AKAN BAIK-BAIK SAJA,cinepolis,,cae94e25-4386-417b-8bdf-0dea2d0b0c71,DRAMA,1h 53m,13+,2D,2026-05-28,215fbdbb-b786-42b9-a204-fa49ffd3078e,2026-05-27T17:37:42.905156
3abccc3e-885f-4b86-8f1b-e35722902b14,GUDANG MERICA,cinepolis,,0e87a4c9-10fb-496b-b0a4-4d60d71c222d,COMEDY,1h 38m,D17+,2D,2026-05-28,a1d30356-d6f2-48c5-82d2-4556da0c30df,2026-05-27T17:37:42.905969
3abccc3e-885f-4b86-8f1b-e35722902b14,STAR WARS: THE MANDALORIAN AND GROGU,cinepolis,,488b0e44-9328-4660-827f-bf3341602b6d,FANTASY,2h 12m,13+,2D,2026-05-28,43448fad-6c7c-4333-8097-e7a6c179c828,2026-05-27T17:37:42.906972
3abccc3e-885f-4b86-8f1b-e35722902b14,"AYAH, INI ARAHNYA KEMANA, YA?",cinepolis,,47fccbc0-f843-4918-ad66-28fcef4aa048,DRAMA,1h 43m,13+,2D,2026-05-28,5a749f5e-fa3a-4b55-ad71-06efbd21467d,2026-05-27T17:37:42.907945
3abccc3e-885f-4b86-8f1b-e35722902b14,YANG LAIN BOLEH HILANG ASAL KAU JANGAN,cinepolis,,ff59e4ab-92e1-4aa6-bfd8-ab6521930738,DRAMA,1h 53m,13+,2D,2026-05-28,f319f0d5-d73c-433a-ad69-d759afd2cd3a,2026-05-27T17:37:42.908588
5c17a28f-4e38-438f-af9a-c6199d782de9,SEKAWAN LIMO 2: GUNUNG KLAWIH,cinepolis,,7a5e33ac-ba36-4c3f-bd38-0f7f00a79a1d,COMEDY,2h 2m,13+,2D,2026-05-28,12f42e51-f7f8-47d3-9885-57bcbd67b4e4,2026-05-27T17:37:48.958950
5c17a28f-4e38-438f-af9a-c6199d782de9,CHILDREN OF HEAVEN,cinepolis,,0ae5ff7b-e255-45b6-a488-c0feb89dc653,DRAMA,1h 37m,SU,2D,2026-05-28,df9fe5ad-7112-44e5-9250-8a92c577a548,2026-05-27T17:37:48.960384
5c17a28f-4e38-438f-af9a-c6199d782de9,BADUT GENDONG,cinepolis,,3c747edf-0b24-47d3-a687-cce565db1452,HORROR,1h 41m,D17+,2D,2026-05-28,f4a21577-4e56-4123-b328-f956a18de99b,2026-05-27T17:37:48.961134
5c17a28f-4e38-438f-af9a-c6199d782de9,TUMBAL PROYEK,cinepolis,,0b14c075-63cc-4a3b-b0a7-a3578ae1590b,HORROR,1h 46m,D17+,2D,2026-05-28,bce8e226-cc4c-41a2-a2fe-92ba4ae1f48a,2026-05-27T17:37:48.961910
5c17a28f-4e38-438f-af9a-c6199d782de9,PASSENGER,cinepolis,,f99ed192-5c3c-4e8c-b507-05e2d244ecfd,HORROR,1h 34m,D17+,2D,2026-05-28,121f9cef-d6b3-470f-a06a-7658aecdb6b8,2026-05-27T17:37:48.962603
5c17a28f-4e38-438f-af9a-c6199d782de9,SEMUA AKAN BAIK-BAIK SAJA,cinepolis,,cae94e25-4386-417b-8bdf-0dea2d0b0c71,DRAMA,1h 53m,13+,2D,2026-05-28,7f81bad2-ff6f-4841-a2c1-966444613da7,2026-05-27T17:37:48.963297
5c17a28f-4e38-438f-af9a-c6199d782de9,GUDANG MERICA,cinepolis,,0e87a4c9-10fb-496b-b0a4-4d60d71c222d,COMEDY,1h 38m,D17+,2D,2026-05-28,42a23b16-0f62-415b-9d70-6700301fc92a,2026-05-27T17:37:48.964041
5c17a28f-4e38-438f-af9a-c6199d782de9,SUAMIKU LUKAKU,cinepolis,,f3e0cc94-be0d-4b52-8559-e87edeb75793,DRAMA,1h 32m,D17+,2D,2026-05-28,7d410c82-aaa4-40a9-a375-cf40f329aecd,2026-05-27T17:37:48.964724
5c17a28f-4e38-438f-af9a-c6199d782de9,GHOST IN THE CELL,cinepolis,,1859bb5f-f638-4a41-854c-a114f6f8a608,HORROR,1h 46m,D17+,2D,2026-05-28,0c8b6ba3-907e-4574-965c-ea803868379e,2026-05-27T17:37:48.965388
5c17a28f-4e38-438f-af9a-c6199d782de9,"AYAH, INI ARAHNYA KEMANA, YA?",cinepolis,,47fccbc0-f843-4918-ad66-28fcef4aa048,DRAMA,1h 43m,13+,2D,2026-05-28,20696067-4949-45aa-887e-2fcd29d0d2c5,2026-05-27T17:37:48.966046
5c17a28f-4e38-438f-af9a-c6199d782de9,YANG LAIN BOLEH HILANG ASAL KAU JANGAN,cinepolis,,ff59e4ab-92e1-4aa6-bfd8-ab6521930738,DRAMA,1h 53m,13+,2D,2026-05-28,f9a9887e-3ecc-4964-8515-1aaad553557d,2026-05-27T17:37:48.966678
5c17a28f-4e38-438f-af9a-c6199d782de9,TIBA TIBA SETAN,cinepolis,,1d967795-fc67-4246-984c-e494ece3054c,COMEDY,1h 53m,13+,2D,2026-05-28,e16fe007-bc30-4838-9adb-45488d06d2fc,2026-05-27T17:37:50.542020
16e7dfe4-68e2-4958-a2ed-08eb2ad489b6,SEKAWAN LIMO 2: GUNUNG KLAWIH,cinepolis,,7a5e33ac-ba36-4c3f-bd38-0f7f00a79a1d,COMEDY,2h 2m,13+,2D,2026-05-28,64193a27-b0a5-4425-bc1f-c966d37f3340,2026-05-27T17:37:54.238061
16e7dfe4-68e2-4958-a2ed-08eb2ad489b6,CHILDREN OF HEAVEN,cinepolis,,0ae5ff7b-e255-45b6-a488-c0feb89dc653,DRAMA,1h 37m,SU,2D,2026-05-28,97f3c9c1-e045-42d7-8b18-677c2f6965c1,2026-05-27T17:37:54.239707
16e7dfe4-68e2-4958-a2ed-08eb2ad489b6,TUMBAL PROYEK,cinepolis,,0b14c075-63cc-4a3b-b0a7-a3578ae1590b,HORROR,1h 46m,D17+,2D,2026-05-28,7d9aa9b2-a4e5-4a6f-a7f3-8e4709ed0cea,2026-05-27T17:37:54.240668
16e7dfe4-68e2-4958-a2ed-08eb2ad489b6,PASSENGER,cinepolis,,f99ed192-5c3c-4e8c-b507-05e2d244ecfd,HORROR,1h 34m,D17+,2D,2026-05-28,611909e5-4c0b-4508-ae9c-c8fd351cccfa,2026-05-27T17:37:54.241544
16e7dfe4-68e2-4958-a2ed-08eb2ad489b6,SEMUA AKAN BAIK-BAIK SAJA,cinepolis,,cae94e25-4386-417b-8bdf-0dea2d0b0c71,DRAMA,1h 53m,13+,2D,2026-05-28,c45132ed-af97-4a94-ba71-c0f2df30fbf9,2026-05-27T17:37:54.242383
16e7dfe4-68e2-4958-a2ed-08eb2ad489b6,HOKUM,cinepolis,,6eb5558d-edd2-45f7-a295-6a10c7c57aaf,HORROR,1h 47m,13+,2D,2026-05-28,79bb203f-5e03-478e-953f-54a214b5ac40,2026-05-27T17:37:54.243504
e5334d27-206a-40c3-bd25-23073182b611,SEKAWAN LIMO 2: GUNUNG KLAWIH,cinepolis,,7a5e33ac-ba36-4c3f-bd38-0f7f00a79a1d,COMEDY,2h 2m,13+,2D,2026-05-28,3cd1d44d-2506-4ef6-befa-8c2248002fcd,2026-05-27T17:38:00.280778
e5334d27-206a-40c3-bd25-23073182b611,CHILDREN OF HEAVEN,cinepolis,,0ae5ff7b-e255-45b6-a488-c0feb89dc653,DRAMA,1h 37m,SU,2D,2026-05-28,50d02545-de22-48ca-b2c0-0ecda1cc748d,2026-05-27T17:38:00.281499
e5334d27-206a-40c3-bd25-23073182b611,BADUT GENDONG,cinepolis,,3c747edf-0b24-47d3-a687-cce565db1452,HORROR,1h 41m,D17+,2D,2026-05-28,fc4b5116-b2ce-4d01-9557-920f01d355d9,2026-05-27T17:38:00.282189
e5334d27-206a-40c3-bd25-23073182b611,TUMBAL PROYEK,cinepolis,,0b14c075-63cc-4a3b-b0a7-a3578ae1590b,HORROR,1h 46m,D17+,2D,2026-05-28,675cfca7-b5b4-48c7-9a13-57f6dafceac1,2026-05-27T17:38:00.282809
e5334d27-206a-40c3-bd25-23073182b611,PASSENGER,cinepolis,,f99ed192-5c3c-4e8c-b507-05e2d244ecfd,HORROR,1h 34m,D17+,2D,2026-05-28,5c165732-59a9-46bb-91c2-678efd220703,2026-05-27T17:38:00.283792
e5334d27-206a-40c3-bd25-23073182b611,SEMUA AKAN BAIK-BAIK SAJA,cinepolis,,cae94e25-4386-417b-8bdf-0dea2d0b0c71,DRAMA,1h 53m,13+,2D,2026-05-28,afd6e4cf-5e40-4ab5-9ec1-a7ac836d4157,2026-05-27T17:38:00.284443
e5334d27-206a-40c3-bd25-23073182b611,STAR WARS: THE MANDALORIAN AND GROGU,cinepolis,,488b0e44-9328-4660-827f-bf3341602b6d,FANTASY,2h 12m,13+,2D,2026-05-28,56b75f08-ff90-4854-bdcb-0e7aa570c11c,2026-05-27T17:38:00.285179
e5334d27-206a-40c3-bd25-23073182b611,SUNSHINE WOMEN`S CHOIR,cinepolis,,33062671-0ce9-4273-90a4-86ac43173ab4,COMEDY,2h 14m,13+,2D,2026-05-28,88b75b7b-d50d-441d-bf91-6a6742cc7ed1,2026-05-27T17:38:00.285792
e5334d27-206a-40c3-bd25-23073182b611,PEGASUS 3,cinepolis,,8f125633-ac6b-459d-afbc-d1a0e529da32,ACTION,2h 6m,13+,2D,2026-05-28,9face2c4-104a-4c4c-b9dd-10cb3340bcef,2026-05-27T17:38:00.286608
c0ca8d26-5f5f-449d-9470-da188dd825fb,SEKAWAN LIMO 2: GUNUNG KLAWIH,cinepolis,,7a5e33ac-ba36-4c3f-bd38-0f7f00a79a1d,COMEDY,2h 2m,13+,2D,2026-05-28,ccd7d3f9-ecf0-4537-bd6a-82c226c21507,2026-05-27T17:38:05.599542
c0ca8d26-5f5f-449d-9470-da188dd825fb,CHILDREN OF HEAVEN,cinepolis,,0ae5ff7b-e255-45b6-a488-c0feb89dc653,DRAMA,1h 37m,SU,2D,2026-05-28,6273a41d-d537-4ac4-8a65-8ce74dcd1354,2026-05-27T17:38:05.601891
c0ca8d26-5f5f-449d-9470-da188dd825fb,TUMBAL PROYEK,cinepolis,,0b14c075-63cc-4a3b-b0a7-a3578ae1590b,HORROR,1h 46m,D17+,2D,2026-05-28,65b8419b-b3f3-4dcf-beac-8278723059c3,2026-05-27T17:38:05.603466
c0ca8d26-5f5f-449d-9470-da188dd825fb,SEMUA AKAN BAIK-BAIK SAJA,cinepolis,,cae94e25-4386-417b-8bdf-0dea2d0b0c71,DRAMA,1h 53m,13+,2D,2026-05-28,8d216604-eefc-4559-8cdf-b2578a5d2bd5,2026-05-27T17:38:05.604641
c0ca8d26-5f5f-449d-9470-da188dd825fb,GUDANG MERICA,cinepolis,,0e87a4c9-10fb-496b-b0a4-4d60d71c222d,COMEDY,1h 38m,D17+,2D,2026-05-28,6669b95b-698a-4a30-903e-852e36c5d59a,2026-05-27T17:38:05.605584
c0ca8d26-5f5f-449d-9470-da188dd825fb,STAR WARS: THE MANDALORIAN AND GROGU,cinepolis,,488b0e44-9328-4660-827f-bf3341602b6d,FANTASY,2h 12m,13+,2D,2026-05-28,a14529a4-b03f-4da4-bb34-99e31c720b32,2026-05-27T17:38:05.606471
c0ca8d26-5f5f-449d-9470-da188dd825fb,MORTAL KOMBAT II,cinepolis,,420e1f44-2534-4ed9-9d6f-84cf6406d5a8,ACTION,1h 56m,D17+,2D,2026-05-28,239d0052-2c35-4581-91f4-e12d06db6586,2026-05-27T17:38:05.607336
c0ca8d26-5f5f-449d-9470-da188dd825fb,GHOST IN THE CELL,cinepolis,,1859bb5f-f638-4a41-854c-a114f6f8a608,HORROR,1h 46m,D17+,2D,2026-05-28,a2836292-821e-4ec7-8b1d-0afb0bc9028b,2026-05-27T17:38:05.608496
c0ca8d26-5f5f-449d-9470-da188dd825fb,KELUARGA SUAMI ADALAH HAMA,cinepolis,,6a227c4d-1483-455f-842b-37ab7ddccdc2,DRAMA,1h 57m,13+,2D,2026-05-28,5727f858-cff9-49e6-a7cf-2c3ae30381dd,2026-05-27T17:38:05.609395
bb14e7b0-fd93-4eeb-aa36-d9004fdedf74,SEKAWAN LIMO 2: GUNUNG KLAWIH,cinepolis,,7a5e33ac-ba36-4c3f-bd38-0f7f00a79a1d,COMEDY,2h 2m,13+,2D,2026-05-28,5cd3657a-fc2d-4f6e-bd29-e840976f1c8a,2026-05-27T17:38:11.838710
bb14e7b0-fd93-4eeb-aa36-d9004fdedf74,CHILDREN OF HEAVEN,cinepolis,,0ae5ff7b-e255-45b6-a488-c0feb89dc653,DRAMA,1h 37m,SU,2D,2026-05-28,069c5a3e-e3f5-4765-b656-16c350127d8d,2026-05-27T17:38:11.842532
bb14e7b0-fd93-4eeb-aa36-d9004fdedf74,TUMBAL PROYEK,cinepolis,,0b14c075-63cc-4a3b-b0a7-a3578ae1590b,HORROR,1h 46m,D17+,2D,2026-05-28,a7559164-9945-430d-8c29-bf1ceed664d8,2026-05-27T17:38:11.843645
bb14e7b0-fd93-4eeb-aa36-d9004fdedf74,GUDANG MERICA,cinepolis,,0e87a4c9-10fb-496b-b0a4-4d60d71c222d,COMEDY,1h 38m,D17+,2D,2026-05-28,bb8d9fda-aa17-403e-87ba-de22ea599b5e,2026-05-27T17:38:11.844545
9b310d77-b330-47c5-a70f-3a0f15ebc6ac,SEKAWAN LIMO 2: GUNUNG KLAWIH,cinepolis,,7a5e33ac-ba36-4c3f-bd38-0f7f00a79a1d,COMEDY,2h 2m,13+,2D,2026-05-28,3a2d9381-e182-444c-b8dd-aa4f2e8fe6e0,2026-05-27T17:38:17.144742
9b310d77-b330-47c5-a70f-3a0f15ebc6ac,CHILDREN OF HEAVEN,cinepolis,,0ae5ff7b-e255-45b6-a488-c0feb89dc653,DRAMA,1h 37m,SU,2D,2026-05-28,3163a44f-4975-4793-a188-37a8ec1b3716,2026-05-27T17:38:17.146890
9b310d77-b330-47c5-a70f-3a0f15ebc6ac,BADUT GENDONG,cinepolis,,3c747edf-0b24-47d3-a687-cce565db1452,HORROR,1h 41m,D17+,2D,2026-05-28,7d508f1c-b0b6-4df7-a825-b9fe36b504f5,2026-05-27T17:38:17.147812
9b310d77-b330-47c5-a70f-3a0f15ebc6ac,TUMBAL PROYEK,cinepolis,,0b14c075-63cc-4a3b-b0a7-a3578ae1590b,HORROR,1h 46m,D17+,2D,2026-05-28,a4391664-7aca-4ad1-8ebe-ac31f522a894,2026-05-27T17:38:17.148952
9b310d77-b330-47c5-a70f-3a0f15ebc6ac,PASSENGER,cinepolis,,f99ed192-5c3c-4e8c-b507-05e2d244ecfd,HORROR,1h 34m,D17+,2D,2026-05-28,22512b3e-71c6-4de7-84c9-d2fdf4bf0e13,2026-05-27T17:38:17.149863
9b310d77-b330-47c5-a70f-3a0f15ebc6ac,SEMUA AKAN BAIK-BAIK SAJA,cinepolis,,cae94e25-4386-417b-8bdf-0dea2d0b0c71,DRAMA,1h 53m,13+,2D,2026-05-28,29803971-8f29-4368-af02-ffa9a9baa998,2026-05-27T17:38:17.150785
f0c5da35-7691-4167-80e5-6df24087959c,SEKAWAN LIMO 2: GUNUNG KLAWIH,cinepolis,,7a5e33ac-ba36-4c3f-bd38-0f7f00a79a1d,COMEDY,2h 2m,13+,2D,2026-05-28,2da37d77-3329-407b-9fa2-56c1e39c39f3,2026-05-27T17:38:22.421093
f0c5da35-7691-4167-80e5-6df24087959c,CHILDREN OF HEAVEN,cinepolis,,0ae5ff7b-e255-45b6-a488-c0feb89dc653,DRAMA,1h 37m,SU,2D,2026-05-28,3842fb1d-3a73-4dbe-8b43-a5ed0a35bc08,2026-05-27T17:38:22.422637
f0c5da35-7691-4167-80e5-6df24087959c,BADUT GENDONG,cinepolis,,3c747edf-0b24-47d3-a687-cce565db1452,HORROR,1h 41m,D17+,2D,2026-05-28,ed84e6ae-e6a3-4c5a-b63f-a387f0239da9,2026-05-27T17:38:22.423508
f0c5da35-7691-4167-80e5-6df24087959c,PASSENGER,cinepolis,,f99ed192-5c3c-4e8c-b507-05e2d244ecfd,HORROR,1h 34m,D17+,2D,2026-05-28,d44cf190-1693-41b4-8d17-f3a569f1ebb7,2026-05-27T17:38:22.424633
f0c5da35-7691-4167-80e5-6df24087959c,SEMUA AKAN BAIK-BAIK SAJA,cinepolis,,cae94e25-4386-417b-8bdf-0dea2d0b0c71,DRAMA,1h 53m,13+,2D,2026-05-28,dd7b917a-591c-4c95-a2f6-f5f6e4e64301,2026-05-27T17:38:22.425403
f0c5da35-7691-4167-80e5-6df24087959c,GUDANG MERICA,cinepolis,,0e87a4c9-10fb-496b-b0a4-4d60d71c222d,COMEDY,1h 38m,D17+,2D,2026-05-28,2a5280ed-df01-4c4f-bb2a-0e9abf401bc9,2026-05-27T17:38:22.426406
f0c5da35-7691-4167-80e5-6df24087959c,STAR WARS: THE MANDALORIAN AND GROGU,cinepolis,,488b0e44-9328-4660-827f-bf3341602b6d,FANTASY,2h 12m,13+,2D,2026-05-28,fadcc9ff-ca1b-4711-81b8-833021e864de,2026-05-27T17:38:22.427392
f0c5da35-7691-4167-80e5-6df24087959c,GOHAN,cinepolis,,15718ddd-e8db-449b-9313-73b98733d485,DRAMA,2h 20m,SU,2D,2026-05-28,4c392849-ffbb-43a5-a154-53404d950287,2026-05-27T17:38:22.428409
f0c5da35-7691-4167-80e5-6df24087959c,HOKUM,cinepolis,,6eb5558d-edd2-45f7-a295-6a10c7c57aaf,HORROR,1h 47m,13+,2D,2026-05-28,4e3af08c-3a18-4d43-a232-873dd19f7125,2026-05-27T17:38:22.429410
f0c5da35-7691-4167-80e5-6df24087959c,THE SUPER MARIO GALAXY MOVIE,cinepolis,,4d0f64f0-c009-46e2-bac7-7bb5c43057f8,ANIMATION,1h 38m,SU,2D,2026-05-28,84991c09-637f-40a7-b3e3-f9cf68aa75ce,2026-05-27T17:38:22.430116
f0c5da35-7691-4167-80e5-6df24087959c,THE KING`S WARDEN,cinepolis,,65881b59-8a2d-43fe-b61c-5d8b58e2b312,DRAMA,1h 57m,13+,2D,2026-05-28,694cf11b-88ee-4884-9092-e7c1bd3a074c,2026-05-27T17:38:22.430813
f0c5da35-7691-4167-80e5-6df24087959c,THE DEVIL WEARS PRADA 2,cinepolis,,97d5d4ac-9e2f-476f-a0ee-729bdefb04b1,COMEDY,1h 59m,13+,2D,2026-05-28,9c9ec62a-9d84-40b9-9fcf-3c636dd7b9c6,2026-05-27T17:38:22.431832
3c2fce7d-0b88-49b0-8e68-989789c14841,SEKAWAN LIMO 2: GUNUNG KLAWIH,cinepolis,,7a5e33ac-ba36-4c3f-bd38-0f7f00a79a1d,COMEDY,2h 2m,13+,2D,2026-05-28,6f1cc524-14bc-408d-8aa1-ddc078cbe84a,2026-05-27T17:38:27.694757
3c2fce7d-0b88-49b0-8e68-989789c14841,CHILDREN OF HEAVEN,cinepolis,,0ae5ff7b-e255-45b6-a488-c0feb89dc653,DRAMA,1h 37m,SU,2D,2026-05-28,8b34e800-883d-4929-be49-2453d72ae387,2026-05-27T17:38:27.696312
3c2fce7d-0b88-49b0-8e68-989789c14841,BADUT GENDONG,cinepolis,,3c747edf-0b24-47d3-a687-cce565db1452,HORROR,1h 41m,D17+,2D,2026-05-28,82df5e44-8529-42b2-a0b0-6c538676ccff,2026-05-27T17:38:27.700331
3c2fce7d-0b88-49b0-8e68-989789c14841,TUMBAL PROYEK,cinepolis,,0b14c075-63cc-4a3b-b0a7-a3578ae1590b,HORROR,1h 46m,D17+,2D,2026-05-28,f0025734-0598-4acc-bd92-7b5b20814918,2026-05-27T17:38:27.701801
3c2fce7d-0b88-49b0-8e68-989789c14841,PASSENGER,cinepolis,,f99ed192-5c3c-4e8c-b507-05e2d244ecfd,HORROR,1h 34m,D17+,2D,2026-05-28,b4571673-0f95-4a38-affe-20242e10f8cc,2026-05-27T17:38:27.702643
3c2fce7d-0b88-49b0-8e68-989789c14841,GUDANG MERICA,cinepolis,,0e87a4c9-10fb-496b-b0a4-4d60d71c222d,COMEDY,1h 38m,D17+,2D,2026-05-28,0dbd44b1-3f1b-43aa-a28a-2e869e216c76,2026-05-27T17:38:27.703441
3c2fce7d-0b88-49b0-8e68-989789c14841,SUAMIKU LUKAKU,cinepolis,,f3e0cc94-be0d-4b52-8559-e87edeb75793,DRAMA,1h 32m,D17+,2D,2026-05-28,89140624-c23b-42a4-9f3b-e2691f4eca95,2026-05-27T17:38:27.704092
fab95364-e275-4327-9eff-79d218cd1b97,SEKAWAN LIMO 2: GUNUNG KLAWIH,cinepolis,,7a5e33ac-ba36-4c3f-bd38-0f7f00a79a1d,COMEDY,2h 2m,13+,2D,2026-05-28,4ca9fa54-2d96-4137-8369-f00f2d82a0c6,2026-05-27T17:38:32.989351
fab95364-e275-4327-9eff-79d218cd1b97,CHILDREN OF HEAVEN,cinepolis,,0ae5ff7b-e255-45b6-a488-c0feb89dc653,DRAMA,1h 37m,SU,2D,2026-05-28,16f0cdaf-e383-461c-9cd9-462a64af36de,2026-05-27T17:38:32.990493
fab95364-e275-4327-9eff-79d218cd1b97,TUMBAL PROYEK,cinepolis,,0b14c075-63cc-4a3b-b0a7-a3578ae1590b,HORROR,1h 46m,D17+,2D,2026-05-28,a17db83d-4047-4043-84fb-6a67259a16c0,2026-05-27T17:38:32.991867
fab95364-e275-4327-9eff-79d218cd1b97,PASSENGER,cinepolis,,f99ed192-5c3c-4e8c-b507-05e2d244ecfd,HORROR,1h 34m,D17+,2D,2026-05-28,37d9a521-62e3-4f6c-881e-bb06f9fde631,2026-05-27T17:38:32.992655
fab95364-e275-4327-9eff-79d218cd1b97,GUDANG MERICA,cinepolis,,0e87a4c9-10fb-496b-b0a4-4d60d71c222d,COMEDY,1h 38m,D17+,2D,2026-05-28,60f23411-adf6-4a25-beac-119f6a40f23c,2026-05-27T17:38:32.993630
fab95364-e275-4327-9eff-79d218cd1b97,STAR WARS: THE MANDALORIAN AND GROGU,cinepolis,,488b0e44-9328-4660-827f-bf3341602b6d,FANTASY,2h 12m,13+,2D,2026-05-28,31b45e08-988d-421a-ba49-196a8a29495e,2026-05-27T17:38:32.994677
fab95364-e275-4327-9eff-79d218cd1b97,THE SHEEP DETECTIVES,cinepolis,,71865891-a162-4fb5-bcc1-eda6d7edf3e9,COMEDY,1h 49m,SU,2D,2026-05-28,35cfa728-afe9-4aeb-b844-6a1c358b158e,2026-05-27T17:38:32.997282
980a51ea-4f90-40d6-a2f0-89c1de6e0b8d,SEKAWAN LIMO 2: GUNUNG KLAWIH,cinepolis,,7a5e33ac-ba36-4c3f-bd38-0f7f00a79a1d,COMEDY,2h 2m,13+,2D,2026-05-28,111a59d3-eeee-4f77-93ac-37b64852d474,2026-05-27T17:38:39.072977
980a51ea-4f90-40d6-a2f0-89c1de6e0b8d,CHILDREN OF HEAVEN,cinepolis,,0ae5ff7b-e255-45b6-a488-c0feb89dc653,DRAMA,1h 37m,SU,2D,2026-05-28,637be4f0-7eab-4a48-bde5-dfe30e6ec63e,2026-05-27T17:38:39.073815
980a51ea-4f90-40d6-a2f0-89c1de6e0b8d,TUMBAL PROYEK,cinepolis,,0b14c075-63cc-4a3b-b0a7-a3578ae1590b,HORROR,1h 46m,D17+,2D,2026-05-28,72e0a4ce-dcd9-42dd-99db-7d03cd86ce7c,2026-05-27T17:38:39.074579
980a51ea-4f90-40d6-a2f0-89c1de6e0b8d,PASSENGER,cinepolis,,f99ed192-5c3c-4e8c-b507-05e2d244ecfd,HORROR,1h 34m,D17+,2D,2026-05-28,4ff27e60-872d-4520-b38f-7c59ef4d44ed,2026-05-27T17:38:39.075729
980a51ea-4f90-40d6-a2f0-89c1de6e0b8d,SEMUA AKAN BAIK-BAIK SAJA,cinepolis,,cae94e25-4386-417b-8bdf-0dea2d0b0c71,DRAMA,1h 53m,13+,2D,2026-05-28,23e9bc65-acfd-400c-b776-cf62679b3f9c,2026-05-27T17:38:39.076533
980a51ea-4f90-40d6-a2f0-89c1de6e0b8d,STAR WARS: THE MANDALORIAN AND GROGU,cinepolis,,488b0e44-9328-4660-827f-bf3341602b6d,FANTASY,2h 12m,13+,2D,2026-05-28,c5ebc759-fae7-4312-8d62-5e91ae50878b,2026-05-27T17:38:39.077655
980a51ea-4f90-40d6-a2f0-89c1de6e0b8d,GOHAN,cinepolis,,15718ddd-e8db-449b-9313-73b98733d485,DRAMA,2h 20m,SU,2D,2026-05-28,498833f7-d8b0-4a8f-af1f-05f70980ac1e,2026-05-27T17:38:39.078459
980a51ea-4f90-40d6-a2f0-89c1de6e0b8d,GHOST IN THE CELL,cinepolis,,1859bb5f-f638-4a41-854c-a114f6f8a608,HORROR,1h 46m,D17+,2D,2026-05-28,6e2d5cb1-79dd-446b-a54c-9e2f8fbed099,2026-05-27T17:38:39.079911
980a51ea-4f90-40d6-a2f0-89c1de6e0b8d,THE SUPER MARIO GALAXY MOVIE,cinepolis,,4d0f64f0-c009-46e2-bac7-7bb5c43057f8,ANIMATION,1h 38m,SU,2D,2026-05-28,d635ebbe-148f-40b6-946d-5f315ff6cdd1,2026-05-27T17:38:39.080717
980a51ea-4f90-40d6-a2f0-89c1de6e0b8d,THE SHEEP DETECTIVES,cinepolis,,71865891-a162-4fb5-bcc1-eda6d7edf3e9,COMEDY,1h 49m,SU,2D,2026-05-28,3b267ac0-972f-4f82-92ba-a56fb3665ea4,2026-05-27T17:38:39.081473
980a51ea-4f90-40d6-a2f0-89c1de6e0b8d,SALMOKJI: WHISPERING WATER,cinepolis,,a71f8c7d-5bdf-4b91-b207-9acbafa2417a,HORROR,1h 35m,D17+,2D,2026-05-28,8488ffd9-e094-47a9-86ce-5953e3c48025,2026-05-27T17:38:39.663214
d0f53b3d-9ff0-432e-ad30-436100f3ab27,SEKAWAN LIMO 2: GUNUNG KLAWIH,cinepolis,,7a5e33ac-ba36-4c3f-bd38-0f7f00a79a1d,COMEDY,2h 2m,13+,2D,2026-05-28,9ffd5aa4-cc6e-4aee-92c2-ac59957d6c89,2026-05-27T17:38:44.383926
d0f53b3d-9ff0-432e-ad30-436100f3ab27,CHILDREN OF HEAVEN,cinepolis,,0ae5ff7b-e255-45b6-a488-c0feb89dc653,DRAMA,1h 37m,SU,2D,2026-05-28,a3cd8a7a-96ac-4ab0-8764-518f391b0d01,2026-05-27T17:38:44.385839
d0f53b3d-9ff0-432e-ad30-436100f3ab27,BADUT GENDONG,cinepolis,,3c747edf-0b24-47d3-a687-cce565db1452,HORROR,1h 41m,D17+,2D,2026-05-28,fc63a3b6-2420-4a6e-bd76-c9c8d7d78dd6,2026-05-27T17:38:44.387225
d0f53b3d-9ff0-432e-ad30-436100f3ab27,TUMBAL PROYEK,cinepolis,,0b14c075-63cc-4a3b-b0a7-a3578ae1590b,HORROR,1h 46m,D17+,2D,2026-05-28,fbdfcfe2-5f67-48e1-92ca-311852b001cb,2026-05-27T17:38:44.388836
d0f53b3d-9ff0-432e-ad30-436100f3ab27,GUDANG MERICA,cinepolis,,0e87a4c9-10fb-496b-b0a4-4d60d71c222d,COMEDY,1h 38m,D17+,2D,2026-05-28,ee7ac420-671a-4a04-9c90-eaa4440d7a2d,2026-05-27T17:38:44.389874
fcacc908-6800-4162-b4ea-6b7dcd1b65d2,SEKAWAN LIMO 2: GUNUNG KLAWIH,cinepolis,,7a5e33ac-ba36-4c3f-bd38-0f7f00a79a1d,COMEDY,2h 2m,13+,2D,2026-05-28,5b6535e9-3635-486e-abf3-fac2edbfc5b5,2026-05-27T17:38:49.679169
fcacc908-6800-4162-b4ea-6b7dcd1b65d2,CHILDREN OF HEAVEN,cinepolis,,0ae5ff7b-e255-45b6-a488-c0feb89dc653,DRAMA,1h 37m,SU,2D,2026-05-28,7bea5811-f256-4907-98bb-ab673079c868,2026-05-27T17:38:49.680373
fcacc908-6800-4162-b4ea-6b7dcd1b65d2,TUMBAL PROYEK,cinepolis,,0b14c075-63cc-4a3b-b0a7-a3578ae1590b,HORROR,1h 46m,D17+,2D,2026-05-28,0719cc34-e184-4e62-88ba-ccea573559e7,2026-05-27T17:38:49.681106
fcacc908-6800-4162-b4ea-6b7dcd1b65d2,PASSENGER,cinepolis,,f99ed192-5c3c-4e8c-b507-05e2d244ecfd,HORROR,1h 34m,D17+,2D,2026-05-28,619673cc-ded6-45cb-a3d0-3a590b33abee,2026-05-27T17:38:49.681767
fcacc908-6800-4162-b4ea-6b7dcd1b65d2,SEMUA AKAN BAIK-BAIK SAJA,cinepolis,,cae94e25-4386-417b-8bdf-0dea2d0b0c71,DRAMA,1h 53m,13+,2D,2026-05-28,e8c4134a-626c-48c4-be02-3def96ab0168,2026-05-27T17:38:49.682422
fcacc908-6800-4162-b4ea-6b7dcd1b65d2,STAR WARS: THE MANDALORIAN AND GROGU,cinepolis,,488b0e44-9328-4660-827f-bf3341602b6d,FANTASY,2h 12m,13+,2D,2026-05-28,5089daa4-d0f3-4639-a03e-75f3602941f1,2026-05-27T17:38:49.683089
fcacc908-6800-4162-b4ea-6b7dcd1b65d2,SUAMIKU LUKAKU,cinepolis,,f3e0cc94-be0d-4b52-8559-e87edeb75793,DRAMA,1h 32m,D17+,2D,2026-05-28,c1d4862e-ee8e-482d-bcbd-424ccd3d74d8,2026-05-27T17:38:49.683730
fcacc908-6800-4162-b4ea-6b7dcd1b65d2,MORTAL KOMBAT II,cinepolis,,420e1f44-2534-4ed9-9d6f-84cf6406d5a8,ACTION,1h 56m,D17+,2D,2026-05-28,95034478-e102-4ea1-a5f6-8d5ea1c5f34f,2026-05-27T17:38:49.684381
fcacc908-6800-4162-b4ea-6b7dcd1b65d2,"AYAH, INI ARAHNYA KEMANA, YA?",cinepolis,,47fccbc0-f843-4918-ad66-28fcef4aa048,DRAMA,1h 43m,13+,2D,2026-05-28,40b04e2c-7dd7-47a1-bf26-c2aa976b78f0,2026-05-27T17:38:49.685027
fcacc908-6800-4162-b4ea-6b7dcd1b65d2,HOKUM,cinepolis,,6eb5558d-edd2-45f7-a295-6a10c7c57aaf,HORROR,1h 47m,13+,2D,2026-05-28,e2706879-ee6e-4b15-918d-218a44d2897c,2026-05-27T17:38:49.685671
